ticker,seg,base,std,r_ovs,r_mid,r_cross,r_green3,r_panic3,r_gapsoft,r_z11,wtop
A,🏦majority,0.168,5.784,-0.168,0.366,0.616,-0.252,-0.017,0.39,-1.081,-4.143
AA,⚡panic,0.766,11.097,1.762,0.253,-0.951,-0.742,2.03,-2.109,0.509,-2.676
AAL,🎰lottery,0.192,9.271,-1.414,-0.3,0.701,0.236,-1.113,-0.278,0.094,-7.717
AAOI,🏦majority,1.278,24.365,4.978,-2.105,2.294,5.451,0.477,5.52,7.586,-12.344
AAON,🏦majority,0.738,9.57,-0.607,0.112,2.538,-0.847,-0.794,0.826,-0.397,-0.423
AAP,⚡panic,-0.032,10.355,1.513,0.189,-0.725,-0.328,2.047,0.103,0.518,-2.431
AAPL,🏦majority,1.004,5.29,1.45,-1.028,-0.127,-0.547,-0.071,-1.362,-0.833,-2.282
AAT,🏦majority,-0.125,5.973,-0.137,-0.087,-0.14,-1.337,0.395,-0.998,-0.075,-10.472
AB,🏦majority,-0.21,5.277,1.006,0.403,1.033,-0.66,0.266,-0.416,0.206,-1.82
ABBV,🏦majority,0.919,4.822,-0.063,-0.135,-0.188,0.164,0.847,0.801,1.995,-0.644
ABCB,🏦majority,0.783,6.382,-0.733,0.138,0.17,-0.195,-0.91,0.354,-0.213,-8.684
ABCL,🎰lottery,-1.781,13.242,0.234,0.98,2.228,0.6,0.643,-2.033,4.348,-12.12
ABG,🏦majority,0.092,7.34,1.036,0.461,0.602,0.798,0.588,-0.395,0.399,-6.553
ABM,🏦majority,0.791,5.788,0.721,0.495,0.438,-0.241,0.841,-1.827,0.518,-3.467
ABNB,🏦majority,0.311,8.159,1.139,0.039,0.002,0.082,-0.812,-0.849,1.608,-8.277
ABR,⚡panic,-0.33,7.307,0.565,0.132,-1.118,-1.123,0.98,-0.49,-0.334,-5.801
ABT,🏦majority,0.245,4.345,0.267,-0.556,0.148,0.032,-1.283,0.098,1.422,-3.935
ACA,🏦majority,0.462,6.693,0.653,0.8,0.823,-0.805,0.027,-0.937,2.868,-2.379
ACAD,🎰lottery,-0.121,10.034,-0.433,0.254,-0.066,-0.15,-0.022,-2.677,-0.75,-8.677
ACB,🏦majority,-3.743,16.025,2.416,0.506,0.382,0.517,0.433,2.902,-2.779,
ACDC,⚡panic,-2.29,13.898,6.411,0.511,-2.233,-1.636,6.406,5.583,-2.716,
ACGL,🏦majority,0.889,4.424,1.058,-0.026,-0.147,-0.066,-0.664,0.612,-0.096,0.151
ACHC,🏦majority,-0.493,9.833,-0.178,0.972,0.348,-0.484,1.669,-0.888,-0.562,-5.429
ACI,🏦majority,-0.288,6.348,0.238,0.251,0.455,0.192,0.623,0.518,0.389,-3.898
ACIW,🏦majority,0.28,6.631,0.37,0.388,-0.543,-0.538,0.651,1.102,1.503,-2.163
ACLS,🏦majority,0.731,11.206,0.716,-1.378,-1.068,1.493,0.222,2.49,-0.251,-1.613
ACM,🏦majority,0.331,4.967,0.427,-0.403,-0.541,-0.407,-0.233,0.049,0.561,-8.291
ACMR,🏦majority,1.676,16.15,2.195,0.271,-1.197,1.042,2.033,1.162,-2.213,-3.734
ACN,🏦majority,-0.305,6.309,-0.612,-0.054,0.548,0.496,-0.184,0.031,0.236,-4.553
ACT,🏦majority,0.738,5.368,1.707,0.959,1.12,-0.596,0.347,0.427,-0.078,-4.37
ACVA,⚡panic,-0.255,11.387,0.687,0.255,-1.284,-0.053,1.071,-3.789,0.255,-9.347
ADBE,🏦majority,-0.122,7.457,0.842,-0.812,-0.356,0.528,-0.153,2.857,0.319,-3.898
ADC,🏦majority,0.007,3.419,-0.138,-0.074,0.036,-0.217,-0.303,0.398,0.503,-1.557
ADEA,🎰lottery,2.299,11.227,0.814,0.768,3.938,-1.025,2.247,1.736,-1.603,-12.346
ADI,⚡panic,0.509,5.962,1.914,0.155,-1.478,-0.527,2.407,0.33,-0.563,-1.781
ADM,🏦majority,0.339,5.392,0.323,-0.147,0.179,0.106,-0.899,-0.212,2.567,-5.479
ADMA,🏦majority,0.937,13.256,1.181,-1.9,0.01,0.695,-0.539,3.033,-1.8,
ADNT,⚡panic,-0.47,8.998,2.328,0.008,-1.714,-0.698,2.54,-1.396,0.606,-5.593
ADP,🏦majority,0.339,4.505,0.187,-0.477,-0.433,-0.119,-0.457,-1.115,-0.738,-3.719
ADPT,🏦majority,0.0,13.843,1.037,0.154,-1.939,-0.204,0.065,1.256,0.243,-8.449
ADSK,🏦majority,-0.008,6.737,1.568,-0.13,-0.054,0.406,0.44,-0.257,-1.031,-5.592
ADT,🏦majority,0.0,6.046,0.943,0.952,-0.316,-0.746,1.116,-0.768,0.995,-1.811
ADTN,🎰lottery,-0.548,11.67,-1.428,0.271,2.099,1.835,-3.63,-0.821,-2.285,-11.168
ADUS,🏦majority,0.247,6.99,1.059,0.511,-0.105,0.49,1.052,-0.623,2.217,-5.751
AEE,🏦majority,0.468,3.658,0.459,0.25,-0.211,-0.245,0.35,0.079,0.106,-3.529
AEG,🏦majority,0.997,4.811,1.245,0.707,0.565,-1.161,1.504,0.539,0.651,
AEHR,🏦majority,1.094,21.196,2.326,-1.735,5.754,2.921,2.575,-0.907,-0.82,-7.007
AEIS,🏦majority,0.964,8.123,-0.82,1.138,-0.508,-0.9,-0.06,1.435,0.699,-6.362
AEM,🏦majority,0.897,7.327,0.85,-0.363,1.101,0.586,-1.344,-1.375,0.297,-3.873
AEO,🏦majority,-0.773,10.191,1.247,-1.307,1.114,0.547,-0.45,2.902,1.027,-7.362
AEP,🏦majority,0.449,3.995,0.381,-0.125,0.142,0.252,0.232,-0.674,0.507,-3.172
AER,⚡panic,1.193,6.079,3.622,0.362,0.238,-0.359,2.322,0.58,-0.339,-3.262
AES,🏦majority,-0.45,7.69,-0.713,-0.003,-0.05,-0.229,0.405,0.272,0.61,-5.052
AESI,🏦majority,0.151,10.644,1.019,-0.091,-0.101,-1.528,-0.06,1.188,1.935,-6.449
AEVA,🎰lottery,-2.191,23.064,-1.923,-1.314,2.191,-0.472,-7.227,-2.661,-6.661,
AFG,🏦majority,0.307,3.903,2.173,0.301,-0.287,-0.705,2.12,-0.093,-1.666,-0.809
AFL,🏦majority,0.845,4.01,1.68,0.864,0.341,-0.446,1.571,-0.168,1.639,-4.417
AFRM,🎰lottery,-0.007,18.602,-0.793,-1.582,-2.776,-1.103,-3.868,-4.284,-0.471,-11.948
AG,🏦majority,-0.743,12.292,-0.438,0.306,0.307,1.91,-0.3,1.414,-0.473,-8.537
AGCO,⚡panic,-0.061,6.632,2.241,0.689,-1.114,-1.267,2.647,-1.299,0.701,-4.239
AGI,🏦majority,1.405,7.837,0.909,0.163,0.694,0.295,-0.004,-0.652,0.23,-5.356
AGIO,🎰lottery,0.0,11.473,-0.673,1.441,0.536,-0.61,0.132,-2.606,2.463,-6.047
AGL,🎰lottery,-1.672,18.873,-0.825,0.59,0.403,-0.782,-0.588,3.576,-3.591,-11.38
AGM,🏦majority,1.227,8.114,-0.768,0.396,-0.876,-0.252,-1.932,0.522,2.804,-0.155
AGNC,🏦majority,0.107,5.423,-0.888,0.086,-0.005,-0.238,0.339,0.361,0.691,-3.835
AGO,🏦majority,0.662,5.09,0.581,-0.117,-0.298,-0.029,0.572,0.466,-1.028,-4.859
AGRO,🏦majority,-0.238,9.559,1.91,0.42,-0.021,-0.016,-0.439,-0.259,-0.173,-10.912
AGX,🏦majority,4.827,11.585,0.474,0.276,-1.149,-0.944,0.56,-1.92,-4.349,-1.181
AGYS,⚡panic,0.07,10.062,1.707,-0.396,-0.461,-0.697,1.813,-3.669,1.892,-5.897
AHCO,🎰lottery,-0.289,10.956,-1.282,1.781,-1.461,-0.735,-0.908,-0.251,-2.427,-9.165
AHR,🏦majority,2.12,5.719,1.131,1.281,-0.615,-0.131,0.29,-0.32,-0.649,
AI,🎰lottery,-1.964,14.32,0.936,0.274,-0.251,-0.816,-0.625,1.134,-5.575,-10.094
AIG,🏦majority,0.813,4.832,0.693,0.351,0.231,-0.23,0.709,-0.951,0.217,-1.671
AIN,🏦majority,0.449,6.335,1.397,0.166,0.137,-0.871,0.992,-1.322,-0.245,-3.463
AIR,🏦majority,1.655,7.162,-0.164,0.383,1.311,0.356,0.006,0.696,-1.294,-1.385
AIT,🏦majority,0.989,5.273,1.006,0.571,-0.635,-0.258,2.666,-0.031,-0.134,-2.313
AIV,🏦majority,0.13,6.446,-1.165,1.048,-0.251,-0.389,0.374,2.477,0.887,-4.084
AIZ,🏦majority,0.65,4.637,1.073,0.255,0.408,-0.704,0.599,-0.934,-0.341,-3.295
AJG,🏦majority,1.094,4.65,0.349,0.499,0.359,-0.617,0.428,0.598,0.78,-1.029
AKAM,🏦majority,0.364,7.615,1.539,-0.377,0.261,-0.595,0.511,-0.095,0.457,-5.182
AKR,🏦majority,0.333,5.123,1.213,0.066,-0.796,-0.236,0.325,-0.908,0.47,-1.15
ALB,🏦majority,-0.011,10.456,-0.48,-0.435,0.158,-0.797,-0.48,-0.409,1.736,-4.573
ALC,🏦majority,0.246,5.312,0.194,0.353,0.473,-0.453,0.337,1.283,0.201,-8.566
ALG,🏦majority,0.233,7.011,-0.153,0.831,0.095,-1.286,-0.029,-0.12,-0.584,-4.495
ALGM,🎰lottery,0.633,11.143,-1.268,1.515,0.638,1.08,-0.958,2.12,-3.412,-3.688
ALGN,🎰lottery,-0.312,9.575,-0.793,-0.012,0.768,0.394,-1.587,-1.224,-0.489,-8.953
ALGT,🏦majority,-0.061,10.757,-1.564,-0.396,-1.513,-0.169,0.13,0.193,-0.025,-9.512
ALHC,🎰lottery,-0.058,14.759,-0.212,-0.972,-0.384,-1.185,0.872,-1.989,4.333,-15.394
ALIT,🎰lottery,-0.893,11.466,0.893,0.143,-0.055,-0.389,0.308,-0.543,-2.966,-15.846
ALK,🎰lottery,0.516,8.748,-3.172,0.359,0.279,1.192,-3.004,0.582,0.448,-6.85
ALKS,🏦majority,0.288,7.29,0.931,0.45,0.329,-0.319,0.679,-0.746,-2.539,-3.76
ALKT,🏦majority,0.241,10.975,1.384,-0.352,-1.118,-0.3,-1.939,2.961,-0.208,-11.636
ALL,🏦majority,0.728,4.828,0.599,0.644,0.44,0.181,0.636,0.127,0.332,-0.655
ALLE,🏦majority,-0.025,4.977,0.15,-0.109,-0.304,-0.697,-0.531,-1.283,0.338,-2.464
ALLY,⚡panic,0.23,7.172,3.227,0.041,-0.165,-0.472,1.167,0.585,-1.318,-6.181
ALNY,🏦majority,-0.059,10.33,-0.432,0.536,0.794,-0.707,2.093,0.413,0.548,-7.354
ALRM,🏦majority,-0.525,6.02,1.673,-0.653,0.149,0.316,1.43,0.389,-1.122,-6.204
ALSN,🏦majority,0.725,5.853,0.785,-0.527,-0.809,-0.394,0.435,-0.717,1.089,-2.538
ALT,🏦majority,-1.781,19.394,3.37,-2.778,-2.181,1.561,1.001,-2.303,-3.035,-27.818
ALV,🏦majority,0.454,5.975,0.851,0.526,0.256,-0.631,1.718,-1.054,0.873,-1.604
AM,🏦majority,0.848,4.908,1.252,0.223,0.81,-0.69,0.269,-0.174,-0.371,-1.194
AMAT,🏦majority,1.415,8.558,1.107,0.174,1.031,-0.347,-1.087,0.417,-0.524,-5.577
AMBA,🏦majority,0.408,12.557,0.139,-2.459,1.008,-0.538,-0.781,1.849,3.021,-7.164
AMC,⚡panic,-4.264,21.588,3.75,-0.158,2.913,-2.362,1.932,-1.902,3.668,-14.692
AMCR,🏦majority,-0.182,4.413,0.762,-0.257,-0.061,-1.092,0.86,0.189,0.693,-2.374
AMCX,🎰lottery,-1.567,13.307,0.09,0.42,0.02,-0.411,0.744,-0.574,1.755,-11.702
AMD,🏦majority,0.712,11.439,-0.015,-1.244,0.725,2.142,-0.819,0.75,-2.534,-7.138
AME,🏦majority,0.418,4.125,1.014,-0.103,-0.406,0.047,-0.16,0.624,0.347,-3.518
AMG,🏦majority,0.815,6.029,-0.043,0.115,-0.246,-0.952,0.077,-1.416,-0.052,-5.413
AMGN,🏦majority,0.283,4.662,-0.641,-0.359,0.782,0.56,-0.165,-0.71,-0.292,-4.907
AMH,🏦majority,0.174,4.11,1.42,-0.141,-0.284,-0.414,1.529,0.031,-0.064,-3.581
AMKR,⚡panic,0.607,11.213,1.192,0.16,-1.608,-1.359,1.673,-1.05,0.463,-9.88
AMLX,🏦majority,0.139,16.835,2.622,-0.104,0.001,0.012,-0.642,-1.886,-2.735,-9.102
AMN,⚡panic,-0.092,10.184,2.394,-0.594,-0.886,-0.419,0.96,-0.302,0.795,-2.055
AMP,🏦majority,0.757,5.39,0.693,-0.282,-0.211,-0.485,-0.145,-0.063,-0.48,-5.986
AMPH,🏦majority,0.619,9.632,-1.3,-0.228,0.788,1.834,-0.875,1.292,1.57,-2.44
AMPL,🎰lottery,-1.377,13.542,-1.963,0.944,1.593,-0.785,-1.564,7.616,-2.072,-15.838
AMR,🎰lottery,1.427,12.294,-2.381,-0.578,1.0,0.547,-2.456,-4.539,1.09,-11.247
AMRC,🎰lottery,-0.364,14.924,0.282,-0.644,1.107,0.496,-1.465,0.681,-3.212,-9.453
AMRX,🏦majority,2.18,7.567,1.066,2.257,0.81,-0.516,0.247,-1.067,0.537,
AMSC,🏦majority,2.842,19.082,-1.963,-0.768,-2.443,0.977,0.564,-3.474,-3.25,
AMT,🏦majority,0.053,5.38,0.721,-0.144,0.33,-0.582,-0.441,-0.226,1.202,-1.765
AMWD,🏦majority,-0.449,9.271,0.837,1.453,1.497,0.747,2.252,-0.442,2.147,
AMZN,🏦majority,0.67,6.96,0.117,0.276,0.503,-0.352,1.103,-0.057,1.871,-3.268
AN,🏦majority,0.535,6.484,1.929,0.503,-0.472,0.462,0.65,1.909,0.797,-8.51
ANAB,⚡panic,0.982,14.478,3.023,1.984,1.074,-0.935,3.447,-2.066,-2.485,-12.408
ANDE,🏦majority,1.38,7.908,2.753,-0.053,-0.37,0.056,0.994,-0.649,-1.97,-2.498
ANET,🏦majority,1.903,9.241,-0.419,1.099,-0.519,0.109,1.81,2.606,-2.14,-1.665
ANF,🎰lottery,1.269,12.108,-3.812,-0.44,0.484,0.44,-3.637,0.888,2.408,-3.057
ANGI,🎰lottery,-3.389,15.985,1.146,0.285,1.249,-0.774,-1.318,6.384,4.072,-23.081
ANGO,⚡panic,0.286,14.197,2.716,-0.74,3.152,-0.878,2.526,-6.79,-9.05,
ANIP,⚡panic,0.646,10.044,2.849,-0.433,-0.353,-0.056,2.778,-1.895,-0.057,-0.815
AON,🏦majority,0.833,4.429,0.663,-0.061,-0.052,-0.27,0.177,-0.306,0.151,-3.596
AORT,🎰lottery,0.945,13.113,-2.563,0.478,2.119,-0.39,0.784,-0.434,-2.031,
AOS,🏦majority,-0.151,5.283,-0.518,0.77,0.186,-0.248,-0.381,2.328,0.045,-4.255
AOSL,🎰lottery,0.898,15.474,-0.986,-0.018,-0.375,0.678,0.29,-1.391,1.332,-16.759
APA,⚡panic,0.475,9.253,1.613,-0.352,-1.308,-1.028,0.685,0.077,-0.236,-2.856
APAM,🏦majority,-0.326,6.461,-0.143,0.568,0.542,-0.819,1.717,0.485,0.673,-6.96
APD,🏦majority,0.002,5.239,0.198,-0.183,0.48,-0.393,-0.317,-1.464,0.768,-4.903
APG,🏦majority,0.969,6.351,0.502,-0.24,-0.297,0.802,-0.4,1.457,-0.103,-2.876
APGE,⚡panic,1.542,16.032,4.092,0.507,0.354,-0.485,0.222,1.102,2.631,
APH,🏦majority,1.38,5.909,0.607,-0.475,0.008,0.213,0.834,0.475,0.235,-0.602
APLD,🏦majority,1.909,21.104,1.1,0.0,-3.139,0.071,-3.825,4.416,-2.903,-28.59
APLE,🏦majority,0.183,4.877,1.336,0.347,-0.057,0.667,-0.115,-1.876,-1.021,-2.145
APO,🏦majority,1.09,7.176,0.498,0.086,0.126,-0.258,0.001,0.539,-0.032,-3.786
APOG,🏦majority,0.22,7.804,-1.044,0.743,0.173,-0.356,-0.349,-0.789,1.213,-4.789
APP,🏦majority,2.497,15.351,-2.642,-1.546,-1.557,0.219,1.865,3.632,-2.835,-16.137
APPF,🏦majority,0.545,8.028,2.249,0.553,-0.275,0.154,1.462,2.466,-2.197,-3.036
APPN,⚡panic,-1.687,10.585,1.962,0.894,-1.979,-1.113,1.677,1.316,3.706,-10.698
APPS,🏦majority,-2.254,16.567,-0.13,-3.441,2.264,-0.131,1.16,-2.595,1.077,-6.123
APTV,⚡panic,-0.656,8.245,1.488,-0.13,-0.826,-0.673,0.215,0.198,-0.696,-9.526
AQN,🏦majority,0.0,5.93,0.191,0.0,0.0,0.262,0.191,0.0,-0.315,-3.978
AR,🏦majority,0.511,9.779,0.797,-0.557,-0.131,0.753,-0.307,-0.525,-1.46,-7.187
ARCB,⚡panic,0.459,9.832,1.516,0.168,-0.393,-1.104,1.725,0.378,1.265,-4.387
ARCC,🏦majority,0.366,3.624,1.304,0.179,-0.146,-0.366,0.462,-0.467,-0.011,-4.184
ARCO,🏦majority,0.21,6.683,1.296,-0.21,0.061,-0.21,0.722,-1.342,0.426,-3.713
ARCT,🎰lottery,-1.132,18.27,2.229,0.84,1.745,-1.003,-1.473,0.596,-2.173,-13.019
ARE,🏦majority,-0.699,6.726,0.538,-1.043,-0.712,-0.621,-0.47,-0.017,-1.52,-7.497
ARES,🏦majority,1.26,7.377,-0.923,0.766,0.704,-0.414,-0.204,-0.617,-0.278,-4.517
ARHS,🏦majority,0.32,14.036,0.692,-0.904,0.027,-0.853,1.412,0.224,-1.113,-23.569
ARI,🏦majority,-0.13,6.649,1.033,0.271,-0.388,-0.216,1.092,-1.758,0.13,-3.786
ARIS,⚡panic,-0.863,15.958,8.879,-0.211,-0.637,-0.292,2.099,1.883,-2.225,
ARLO,⚡panic,0.073,11.629,4.578,-0.297,1.348,-0.102,3.348,0.574,-0.132,-4.515
ARLP,🏦majority,1.075,6.87,1.502,-0.243,0.76,0.465,0.915,-0.554,0.056,-3.328
ARMK,🏦majority,0.744,6.137,0.376,0.621,0.149,-0.628,0.134,-0.524,-0.447,-4.398
AROC,🏦majority,1.115,7.09,1.386,0.552,0.315,0.003,2.404,2.01,0.313,-1.947
ARQT,⚡panic,0.558,14.383,4.502,0.217,0.397,-0.254,3.611,-1.565,-7.154,-19.159
ARR,🏦majority,-0.182,6.339,0.653,0.182,0.13,-0.611,1.255,-1.327,-0.765,-1.716
ARRY,⚡panic,-1.496,16.125,2.025,0.097,0.429,-1.971,1.364,-3.015,0.246,-5.8
ARVN,🎰lottery,-1.529,14.037,0.069,0.32,1.288,0.448,0.722,2.858,-1.265,-13.765
ARW,🏦majority,0.644,6.217,1.231,-0.631,0.742,-0.706,0.193,1.086,2.184,-6.633
ARWR,⚡panic,-0.193,12.627,1.291,-0.199,-1.158,-0.385,2.817,0.844,3.517,-7.112
AS,🏦majority,0.833,10.05,-2.12,-0.536,-1.416,-0.569,0.113,-0.708,-0.673,
ASAN,🏦majority,-1.089,15.318,1.371,0.078,0.098,0.252,-1.054,3.353,-4.665,-18.708
ASB,🏦majority,0.415,6.162,0.886,0.534,-0.196,-0.677,0.711,0.02,-0.387,-2.086
ASC,🏦majority,0.947,9.402,-1.379,1.151,-0.23,-0.243,-0.692,2.46,-1.347,-0.334
ASH,🏦majority,0.0,5.734,0.901,-0.421,-0.064,-1.289,0.161,1.0,0.553,-3.279
ASIX,🎰lottery,-0.676,10.704,-0.796,0.289,2.126,-1.128,-1.52,1.351,-3.216,-3.567
ASND,⚡panic,0.051,9.161,8.53,1.27,0.664,-0.769,6.788,-0.357,-2.596,-4.74
ASO,🏦majority,0.23,8.325,1.264,-0.667,0.248,-0.664,1.236,-1.268,-0.569,-2.661
ASPN,🎰lottery,-1.556,17.159,-1.466,-0.583,5.147,1.147,-2.317,-0.691,-4.044,-12.623
ASTE,🎰lottery,0.733,12.212,0.586,0.766,2.753,-0.654,-0.077,2.131,3.444,-9.944
ASTL,🏦majority,-0.967,10.108,0.13,-0.302,-0.402,1.465,1.509,-1.589,0.005,
ASTS,🏦majority,-0.091,21.298,1.608,-2.201,-1.599,0.344,0.231,5.586,2.125,-13.267
ATEC,🏦majority,0.0,12.732,0.544,-1.233,0.066,0.502,1.181,2.196,3.794,-11.584
ATEN,🏦majority,1.083,7.479,-0.641,-0.07,0.376,-0.623,-0.332,-0.854,3.382,-4.699
ATEX,🎰lottery,0.061,12.486,0.621,-1.38,0.651,0.114,-2.164,-4.292,-2.119,
ATI,🏦majority,1.421,9.058,0.754,-0.563,0.754,1.068,0.922,-0.436,-1.356,-3.207
ATKR,⚡panic,0.407,9.261,2.771,0.106,-0.723,-1.577,1.191,-2.329,-1.644,-3.53
ATMU,🏦majority,1.0,6.729,-0.069,-1.203,1.784,0.76,-0.645,-0.186,0.791,
ATO,🏦majority,0.635,3.49,0.659,0.277,0.43,-0.459,0.683,0.27,0.522,-1.031
ATR,🏦majority,0.317,4.308,0.537,0.051,-0.265,-0.321,0.036,0.556,1.215,-2.424
ATRC,🏦majority,-0.684,9.12,-0.251,0.012,-0.018,-1.192,1.151,0.349,2.144,-1.288
AU,🏦majority,0.685,10.419,1.944,0.482,1.124,1.231,1.147,-1.927,0.452,-3.892
AUB,🏦majority,0.209,6.613,1.059,0.303,-0.928,-0.299,1.064,-0.754,-0.702,-3.576
AUPH,🏦majority,0.626,13.073,1.374,0.207,0.633,0.562,1.615,-0.766,1.365,-3.412
AVA,🏦majority,0.08,3.986,0.259,0.458,-0.129,-0.329,0.368,-0.08,-1.38,-4.564
AVAV,🏦majority,0.571,11.936,0.025,-0.2,-0.374,0.49,0.919,3.292,-2.266,-2.376
AVB,🏦majority,0.288,4.012,1.613,-0.193,-0.468,-0.819,1.45,-0.555,0.597,-1.747
AVGO,🏦majority,1.639,8.408,1.487,0.645,0.715,0.099,0.228,-1.271,-2.432,-1.081
AVNS,🎰lottery,-0.4,9.884,-0.219,-0.214,0.4,-0.051,0.269,-3.157,0.46,-7.471
AVNT,🎰lottery,0.258,7.174,0.234,0.01,1.365,0.379,-1.541,-2.969,-0.984,-7.991
AVPT,🏦majority,0.496,9.399,0.453,-0.122,0.297,0.046,0.484,-0.125,-0.967,-6.707
AVT,🏦majority,0.614,5.876,1.811,0.157,-0.442,0.26,2.09,-0.561,0.427,-1.986
AVTR,🏦majority,-0.294,7.639,-1.563,0.681,-0.293,-1.054,0.122,-3.318,3.272,-4.636
AVXL,🎰lottery,-2.393,14.552,-0.382,-0.471,0.921,0.087,2.393,-1.496,-3.712,-8.394
AVY,🏦majority,-0.158,4.45,1.281,0.199,-0.137,-0.252,0.674,-0.163,0.159,-2.62
AWI,🏦majority,0.315,5.622,-0.392,-0.006,-0.943,0.045,-0.342,-0.479,1.175,-3.54
AWK,🏦majority,0.0,4.471,-0.285,0.487,-0.776,-0.861,-0.31,-0.696,-0.969,-6.669
AWR,🏦majority,0.021,4.066,0.614,0.312,-0.328,-0.306,0.833,-0.871,-1.096,-2.959
AX,🏦majority,0.901,8.355,1.118,-0.499,0.514,-0.507,0.283,-2.596,1.109,-2.354
AXON,⚡panic,1.006,10.337,1.88,1.096,-0.955,-1.426,0.555,-0.872,0.825,-10.294
AXP,🏦majority,0.641,5.738,0.351,0.0,0.354,-0.655,0.524,0.101,0.919,-3.274
AXS,🏦majority,0.698,4.433,1.434,0.737,-0.083,-0.746,0.849,0.776,-0.225,-6.424
AXSM,🏦majority,1.128,13.882,-0.91,0.499,0.893,1.06,-0.187,0.932,-5.738,-0.32
AXTA,🏦majority,0.386,5.931,-0.305,0.891,0.168,-1.077,-0.037,-0.81,0.269,-1.823
AYI,🏦majority,1.021,6.392,-0.278,0.494,0.223,-0.412,-0.178,-0.548,1.755,-6.447
AZN,🏦majority,0.629,7.273,0.263,0.521,-0.285,0.004,-0.045,0.347,0.642,-2.432
AZO,🏦majority,0.693,4.794,1.542,0.456,0.423,-0.107,1.311,-0.328,-0.751,-1.921
AZTA,🎰lottery,-0.784,10.213,-1.556,1.42,-0.211,-0.672,-0.065,-1.516,-2.199,-4.612
AZZ,🏦majority,0.921,7.054,0.798,0.036,-0.986,-1.247,0.131,-0.061,1.766,-7.579
B,🏦majority,0.549,9.885,0.241,0.692,-0.018,0.574,-0.11,4.239,0.324,-2.771
BA,🏦majority,0.038,7.442,0.477,-0.517,-0.806,0.819,0.656,-0.199,1.547,-7.542
BAC,🏦majority,0.864,5.797,-0.633,0.588,0.418,-0.147,0.342,2.399,-0.588,-0.729
BAH,🏦majority,0.315,6.307,0.025,0.102,-0.254,-0.465,-0.629,0.548,-1.122,-5.909
BALL,🏦majority,0.375,5.928,0.658,-1.204,-0.466,-0.265,-0.623,-0.049,-1.081,-9.325
BAM,🏦majority,0.358,6.76,1.077,-0.098,0.35,-0.272,-0.016,0.543,0.169,-5.259
BANC,🏦majority,0.678,6.878,1.414,1.016,-0.837,-0.226,0.943,-1.402,0.837,-2.484
BAND,🏦majority,-1.475,19.307,3.102,-1.597,-0.119,-0.29,-0.415,5.558,-8.749,-8.116
BANF,🏦majority,0.381,6.407,-0.223,0.258,0.513,0.181,0.327,-0.147,0.902,-3.44
BANR,🏦majority,0.464,6.059,1.226,-0.07,-0.092,0.053,1.065,0.667,-0.592,
BAP,🏦majority,0.961,6.169,0.225,-0.641,-0.224,-0.101,0.85,0.114,1.65,-2.239
BATRK,🏦majority,0.184,5.049,0.727,0.598,0.758,-0.05,0.564,-0.346,0.441,
BAX,🏦majority,-0.407,6.43,0.407,0.037,-1.133,-0.449,1.318,-1.094,-2.094,-1.849
BBDC,🏦majority,0.0,5.133,0.389,0.813,0.0,-0.887,0.267,-0.886,-1.089,
BBIO,🎰lottery,0.341,14.177,-2.332,0.428,-1.829,-1.653,-2.63,0.297,-3.737,-16.794
BBW,🎰lottery,0.254,11.183,-1.993,0.627,-0.49,-1.362,-2.044,2.343,-2.337,-9.876
BBWI,⚡panic,-0.914,9.883,0.016,0.494,-0.49,-0.352,0.923,-2.022,2.338,-8.643
BBY,🏦majority,-0.217,7.066,0.283,-0.395,0.195,-0.47,0.534,-0.327,0.972,-2.672
BC,🏦majority,0.03,6.884,0.905,0.247,0.409,-0.607,0.166,0.846,-0.277,-3.207
BCC,🏦majority,0.437,7.675,-0.567,0.597,0.249,-0.024,0.155,0.583,0.175,-5.573
BCE,🏦majority,-0.241,4.054,-0.184,-0.186,0.492,-0.011,0.197,-1.872,0.43,-2.244
BCO,🏦majority,0.447,6.128,1.289,0.193,-0.32,0.134,0.223,-0.604,-2.206,-3.47
BCPC,🏦majority,0.088,4.882,0.803,0.071,0.114,-0.324,1.338,-1.014,-1.54,-3.632
BCRX,⚡panic,-0.858,10.343,1.566,0.698,-0.837,-1.325,1.433,-2.738,3.082,-3.083
BDC,🏦majority,1.153,7.298,0.972,0.27,0.219,-0.171,0.822,-0.938,-0.009,-5.159
BDX,🏦majority,0.04,4.261,0.741,0.186,-0.481,-1.101,1.186,-0.49,0.978,-1.028
BE,🏦majority,0.221,18.194,1.338,-0.578,-0.278,3.073,3.324,2.279,-1.239,-4.658
BEAM,⚡panic,-1.588,13.372,1.182,-0.151,-0.233,-2.318,0.308,0.137,0.536,-10.719
BELFB,⚡panic,4.141,12.917,2.637,0.377,-0.142,1.065,7.907,-1.785,-2.562,0.916
BEN,🏦majority,-0.301,6.157,-0.438,-0.296,-0.346,0.007,1.037,0.03,-0.136,-0.723
BEP,🏦majority,0.11,6.322,0.352,0.062,-0.017,-0.551,0.889,0.4,-0.087,-2.698
BEPC,🏦majority,0.149,6.931,0.399,0.099,0.236,0.334,-0.066,-0.254,0.535,-1.617
BFAM,🎰lottery,-0.199,7.679,-1.934,0.095,0.697,0.606,-0.861,-1.107,2.226,-10.303
BFH,🎰lottery,0.659,9.125,0.251,0.012,0.619,-1.384,-2.295,-1.696,0.967,-6.45
BG,🏦majority,0.686,5.768,-0.253,0.446,-1.05,0.044,-0.132,-1.247,0.86,-2.328
BGC,⚡panic,0.626,6.745,4.554,1.389,-0.068,0.287,2.212,-0.626,1.016,-0.983
BGS,🎰lottery,-1.234,8.979,1.234,0.592,0.57,0.056,0.004,-3.398,2.117,-9.039
BHC,⚡panic,-0.915,12.381,1.13,0.635,-1.046,-0.424,0.407,-0.898,0.28,-18.539
BHE,🏦majority,0.837,8.269,1.421,2.066,-0.147,-0.225,1.993,1.349,-1.561,0.949
BHF,🏦majority,0.384,7.965,1.951,-0.322,-0.16,-0.024,0.055,0.074,-0.307,-7.085
BHVN,🏦majority,0.535,15.647,4.236,-1.452,0.6,0.182,1.878,-1.207,-0.072,-2.692
BIIB,🏦majority,-0.598,5.906,0.653,-0.335,-0.564,-0.323,0.356,0.231,-0.534,-4.612
BILL,🏦majority,-0.541,13.542,1.423,0.135,-1.46,0.246,-0.358,0.466,-0.181,-3.784
BIO,⚡panic,-0.028,7.002,1.002,0.401,-0.515,-1.351,0.66,-0.873,-1.224,-8.596
BIP,🏦majority,0.268,5.501,1.356,0.098,0.435,-0.049,-0.268,0.495,-0.58,-1.451
BIPC,🏦majority,0.341,6.048,-0.184,0.345,0.636,-0.2,-1.498,0.514,0.812,-6.646
BIRK,🏦majority,0.353,8.458,0.353,-0.46,0.634,-0.062,-0.353,1.826,0.208,
BJ,🏦majority,0.727,5.171,1.301,0.495,-0.634,-0.794,0.654,-0.047,-0.727,-2.742
BJRI,🏦majority,0.966,8.809,-1.211,0.69,-1.259,-1.135,-0.672,-1.237,2.448,-9.765
BKD,🏦majority,0.944,8.214,1.158,-0.742,-1.299,-0.015,-0.944,-4.869,-0.944,-4.505
BKE,🏦majority,0.377,6.763,-0.529,-0.485,-0.06,-0.161,-0.342,-0.495,-1.152,-5.61
BKH,🏦majority,0.373,4.087,0.549,0.325,0.358,-0.526,0.809,0.744,0.706,-5.353
BKKT,🎰lottery,-8.041,28.783,-4.363,-1.939,9.063,0.516,2.326,-5.142,-7.295,-35.693
BKNG,🏦majority,0.953,6.451,0.291,0.121,0.588,-0.296,0.133,-0.453,0.962,-0.802
BKR,🏦majority,0.816,6.91,0.725,0.05,0.587,0.012,1.357,0.185,-0.956,-6.071
BKU,🏦majority,0.376,7.836,0.592,0.845,-0.447,0.146,0.542,-0.423,-0.741,-6.624
BL,⚡panic,-0.608,8.174,2.305,0.103,0.439,-0.53,1.225,-2.469,1.673,-6.939
BLBD,⚡panic,1.202,13.192,2.904,-0.132,-0.853,-1.055,2.071,-1.142,1.854,0.582
BLCO,⚡panic,-0.342,7.613,0.934,0.744,-0.551,-0.771,2.289,-0.224,0.155,
BLD,⚡panic,0.8,8.513,1.601,0.44,-1.009,0.224,1.476,-0.885,-0.422,-8.287
BLDR,🎰lottery,1.294,8.952,-0.252,-0.441,-0.177,-0.67,-2.681,-1.829,-1.418,-9.657
BLFS,⚡panic,0.062,12.642,3.085,0.342,-1.919,-2.591,0.762,3.245,0.4,-10.628
BLK,🏦majority,0.197,5.5,-0.499,0.017,0.974,0.295,-1.948,-0.689,0.861,-5.11
BLKB,🏦majority,-0.544,7.221,-0.585,0.307,0.107,-0.593,0.047,-1.696,-1.387,-6.648
BLMN,⚡panic,-0.71,9.515,2.04,0.257,-1.644,-0.843,1.275,-1.703,-2.298,-3.978
BMBL,⚡panic,-2.144,11.979,1.916,0.048,-1.451,-1.067,2.109,-2.675,0.156,-15.995
BMI,🏦majority,0.369,6.69,-0.059,0.358,0.013,-0.3,1.813,-0.982,1.747,-4.024
BMO,🏦majority,0.914,4.51,0.206,-0.404,0.705,-0.121,-0.533,0.845,-0.682,-2.578
BMRN,🏦majority,-0.301,6.034,1.192,0.204,-0.383,-0.616,0.128,-0.798,0.596,-4.913
BMY,🏦majority,-0.086,4.729,-0.335,0.048,0.119,0.086,-0.816,1.449,0.888,-4.367
BN,🏦majority,0.822,5.877,1.061,0.563,0.908,-0.696,0.82,0.75,-1.433,-3.141
BNL,🏦majority,0.14,4.439,1.083,-0.079,-0.14,-0.14,0.615,0.297,-0.941,-3.965
BNS,🏦majority,0.783,4.144,-1.061,-0.633,0.285,0.392,-1.804,0.565,0.485,-2.759
BOH,🏦majority,-0.179,6.808,1.844,-0.165,0.135,-0.288,0.41,0.343,0.032,-3.843
BOKF,🏦majority,0.408,5.638,0.343,0.262,-0.81,0.121,0.601,1.593,-0.659,-3.678
BOOT,⚡panic,0.288,9.69,2.075,-0.331,-1.763,0.274,3.357,-0.476,1.772,-3.019
BOX,⚡panic,0.202,6.473,0.841,0.5,-0.278,-1.087,1.751,0.024,-1.475,-8.149
BPOP,🏦majority,1.203,5.858,1.497,0.931,-0.234,-0.751,0.69,0.248,0.814,-3.794
BR,🏦majority,0.186,4.601,-0.415,0.043,-0.252,0.164,-0.278,0.561,-0.358,-4.639
BRBR,🏦majority,0.464,9.45,0.725,-0.763,0.052,-0.1,-1.618,0.626,-1.786,-3.857
BRC,⚡panic,0.272,4.816,2.388,0.336,0.058,-0.444,1.89,-0.066,-0.19,-4.951
BRKR,🏦majority,-0.014,7.918,-0.825,-0.089,0.335,-0.825,0.223,-1.471,0.276,-5.303
BRO,🏦majority,0.879,4.964,-0.235,0.05,-0.216,0.222,-0.462,0.562,0.525,-3.397
BROS,🎰lottery,-0.085,13.007,3.331,-0.112,2.122,-0.495,-0.668,-1.401,-1.02,-15.411
BRSP,⚡panic,-1.273,8.285,1.641,0.38,-0.033,-1.308,2.594,-1.739,-1.391,
BRX,🏦majority,0.465,4.43,1.005,0.736,-0.509,-0.56,0.489,-0.347,0.544,-1.964
BRZE,🎰lottery,-0.012,12.511,-1.41,2.043,0.464,-0.018,0.419,0.072,-4.271,-3.752
BSM,🏦majority,0.313,5.462,1.462,0.495,-0.503,-0.673,1.25,0.524,-0.111,
BSX,🏦majority,0.651,4.78,0.77,0.151,-0.088,-0.58,0.424,1.432,0.34,-4.149
BSY,⚡panic,-0.103,6.93,1.854,0.203,-1.011,0.025,1.712,-1.027,1.541,-3.56
BTDR,🏦majority,0.874,22.353,1.551,-3.895,-1.523,-4.578,0.147,11.958,5.249,
BTSG,🏦majority,2.932,9.541,-4.496,1.763,0.826,0.11,-0.254,2.754,2.947,0.066
BTU,🏦majority,0.117,12.722,0.441,0.956,2.075,-0.451,1.36,1.706,-1.729,-3.548
BUR,⚡panic,-0.797,10.856,2.249,0.573,-1.181,-1.782,2.282,1.909,0.337,-1.344
BURL,🎰lottery,0.266,8.648,-1.114,0.342,0.449,-0.98,-1.898,1.689,-0.732,-6.112
BUSE,🏦majority,0.788,7.07,1.088,-0.392,1.894,0.237,-0.573,1.573,-0.944,
BV,🏦majority,0.15,9.63,-0.429,-0.114,-1.088,-1.001,1.342,-0.414,-5.394,
BWA,🏦majority,0.422,6.636,1.413,0.24,-0.733,-0.218,0.331,-0.841,0.357,-5.351
BWXT,🏦majority,0.768,6.459,0.911,-0.178,1.237,0.262,-0.192,-0.057,-1.923,-2.521
BX,🏦majority,0.405,7.79,-0.001,-0.46,1.958,-0.804,-0.317,0.379,1.231,-4.466
BXC,🎰lottery,0.791,12.603,0.202,-0.181,1.287,-0.536,-0.403,-1.296,-1.494,-9.688
BXMT,🏦majority,0.0,5.16,0.875,0.282,-0.054,-0.518,0.869,-0.533,-0.11,-2.117
BXP,🏦majority,-0.342,6.105,0.718,-0.421,-1.261,0.063,1.197,-1.645,0.17,-8.79
BXSL,🏦majority,0.154,3.738,-0.032,0.015,-0.069,-0.332,0.356,0.582,0.68,-3.391
BYD,🏦majority,0.697,5.575,1.383,-0.309,0.481,-0.096,1.34,-0.681,-1.229,0.15
BYND,⚡panic,-4.245,14.558,0.211,0.324,-1.977,-2.31,2.247,-3.109,-3.188,-14.457
BZH,🏦majority,0.327,11.029,0.595,1.485,0.035,0.769,1.571,-0.664,-1.852,-3.345
C,🏦majority,0.692,6.073,0.023,0.173,0.853,-0.151,-0.063,1.616,2.152,-4.319
CABO,🎰lottery,-2.264,10.417,0.007,0.166,1.163,0.108,1.031,-3.462,1.633,-5.462
CACC,⚡panic,0.453,7.555,0.904,0.776,-1.139,-1.628,1.097,-0.011,-0.295,-13.139
CACI,🏦majority,0.758,5.815,0.46,-0.305,-0.631,0.128,-0.63,-0.022,1.149,-7.434
CAE,⚡panic,0.076,7.15,1.226,0.692,0.128,-0.467,1.724,-0.547,-2.45,-8.873
CAG,🏦majority,-0.478,4.327,0.13,-0.261,0.585,-0.404,-0.368,0.526,-0.411,-4.438
CAH,🏦majority,0.897,5.306,0.151,0.261,0.317,0.024,1.035,0.074,-0.332,-4.112
CAKE,🏦majority,0.85,7.442,-0.085,0.412,-0.106,-1.334,-1.576,-0.845,2.621,-7.406
CAL,⚡panic,-0.467,10.018,0.341,1.008,0.566,-0.707,2.186,0.114,1.796,-8.075
CALM,🏦majority,0.818,6.121,-0.832,1.199,0.265,-0.608,0.054,-1.109,-1.053,-1.05
CALX,🎰lottery,0.213,9.943,1.094,-0.318,0.104,-0.585,-0.98,1.398,0.521,-12.268
CAMT,🏦majority,1.874,11.547,3.628,-0.974,0.17,0.004,1.135,3.578,0.989,-9.929
CAR,🏦majority,-0.474,16.538,1.779,-1.813,-1.556,2.318,-0.446,-1.735,-3.902,-11.458
CARG,🏦majority,0.826,9.202,-0.308,0.543,-0.314,-0.491,0.76,-1.785,1.293,-6.826
CARR,🏦majority,0.185,6.38,1.134,0.568,-0.816,-0.306,0.655,0.288,-0.379,-5.474
CARS,🏦majority,0.077,9.948,-1.016,0.364,-0.702,1.025,-1.651,2.672,-2.706,-5.345
CART,🏦majority,1.521,8.008,-0.772,0.17,-0.399,-2.058,1.173,-0.729,-1.003,
CASH,🏦majority,0.61,6.979,0.847,-0.263,0.157,0.279,0.175,0.089,0.101,
CASY,🏦majority,1.114,4.984,1.338,0.204,-0.467,0.212,1.208,-0.13,-0.238,-5.271
CAT,🏦majority,1.208,6.502,-1.345,-0.26,0.545,0.14,-1.348,-0.369,1.44,-6.796
CATY,🏦majority,0.659,5.76,0.023,0.165,0.63,-0.986,0.055,1.282,0.442,-2.987
CAVA,🎰lottery,1.788,11.987,-4.014,0.217,0.161,1.024,-6.873,0.984,-1.165,-5.722
CB,🏦majority,0.634,3.602,1.273,0.323,-0.234,-0.06,1.497,1.234,-0.19,-4.077
CBOE,🏦majority,0.709,4.657,0.557,0.489,0.074,-0.128,1.076,0.84,-1.334,-6.593
CBRE,🏦majority,0.928,5.95,-0.197,0.451,-0.238,-0.48,-0.235,-0.317,0.343,-2.903
CBRL,🎰lottery,-0.878,9.566,-1.384,0.47,1.795,-0.143,-0.685,-2.289,-1.444,-6.94
CBSH,🏦majority,0.201,4.646,1.11,0.035,-0.859,-0.553,0.358,-1.509,1.314,-10.392
CBT,🏦majority,0.279,6.172,0.589,0.087,-0.903,-0.911,-0.135,-2.413,0.453,-4.161
CBU,🏦majority,-0.07,6.087,0.972,-0.179,-0.211,0.786,-0.371,-0.217,-0.324,-4.437
CBZ,⚡panic,1.107,7.983,2.103,0.328,-0.116,-0.135,1.033,-1.609,1.681,-8.898
CC,⚡panic,0.046,10.809,0.922,-0.046,-0.384,-1.44,0.22,-0.396,0.972,-8.621
CCEP,🏦majority,0.609,4.386,1.132,0.289,-0.832,-0.353,0.257,-1.0,-0.865,-3.085
CCI,🏦majority,-0.539,5.286,-0.132,-0.156,0.819,-0.133,-0.451,1.029,-0.24,-6.004
CCJ,🏦majority,1.668,9.63,0.792,-0.133,0.257,-1.128,-0.626,0.359,0.442,-6.943
CCK,🏦majority,0.356,5.623,1.194,-0.307,-0.356,-0.755,0.413,0.127,0.862,-2.855
CCL,🏦majority,0.548,11.1,-0.445,-0.665,-0.249,0.523,0.203,0.921,0.002,-1.847
CCOI,🎰lottery,-0.29,10.005,0.019,0.125,0.663,0.343,0.746,-0.622,1.388,-15.658
CCRN,⚡panic,-0.377,12.556,1.175,-0.263,-2.968,-0.64,-0.132,0.653,-0.111,-7.567
CCS,⚡panic,-0.169,7.713,0.746,0.278,-0.155,-0.73,1.981,-1.846,1.266,-5.68
CDE,⚡panic,1.175,13.117,2.777,1.21,-0.049,3.733,2.754,-3.896,0.557,-2.989
CDNA,⚡panic,-0.57,15.577,1.024,-0.803,-0.961,-0.647,1.327,-1.801,2.101,-1.818
CDNS,⚡panic,0.996,6.781,2.547,0.442,0.113,0.028,4.34,0.027,-0.476,-6.63
CDP,🏦majority,0.657,3.873,1.6,-0.972,-0.3,-0.523,1.088,-0.445,-0.251,
CDRE,⚡panic,1.306,11.362,2.241,0.819,-0.599,-0.413,3.042,-0.118,0.523,
CDW,🏦majority,0.044,6.348,1.005,-0.177,-0.197,-0.275,0.533,0.444,0.247,-2.451
CE,🎰lottery,0.019,8.843,-0.841,0.382,0.02,-0.468,-2.094,0.214,-1.8,-4.631
CECO,🏦majority,2.947,11.925,-1.095,2.053,1.433,-1.037,3.345,1.594,-1.147,-2.353
CEG,⚡panic,0.971,10.188,3.064,-0.053,0.915,-0.622,2.993,0.993,0.818,-6.191
CELH,🏦majority,0.153,13.418,0.756,-0.389,-0.721,0.687,3.204,0.528,-1.926,-11.033
CENTA,🏦majority,0.029,6.314,0.424,0.772,-0.183,-1.226,1.579,1.508,0.229,-4.929
CENX,🎰lottery,1.72,14.378,0.098,0.469,-0.135,0.414,-1.266,-0.423,-0.673,-7.668
CERT,⚡panic,-0.539,11.739,1.233,1.26,-1.364,-0.766,0.846,-0.966,-0.553,-9.449
CF,🏦majority,0.342,7.255,0.622,-0.266,-0.069,-0.57,0.341,0.484,-1.459,-4.034
CFFN,🏦majority,-0.312,7.322,0.0,-0.243,1.448,0.666,-0.423,-0.42,-1.045,
CFG,🏦majority,0.844,6.748,0.495,-0.096,0.477,-0.768,0.407,0.163,0.662,-8.003
CFLT,⚡panic,0.294,14.54,3.375,-0.25,0.672,-2.077,3.031,-1.364,-2.238,-15.652
CFR,🏦majority,0.454,5.554,0.186,0.22,-0.492,-0.597,0.635,-1.164,-0.179,-3.673
CG,🏦majority,0.224,7.826,0.447,-0.965,-0.928,-0.758,-1.476,-0.55,-1.939,-6.607
CGBD,🏦majority,-0.072,5.626,0.072,0.235,-0.426,-0.607,-1.014,0.414,0.072,
CGC,🎰lottery,-7.594,19.037,1.414,-0.854,-1.24,1.065,0.548,-13.036,-0.644,-20.009
CGNX,🎰lottery,0.339,8.682,-0.773,0.278,0.38,-1.618,-0.876,0.326,-0.341,-8.32
CGON,⚡panic,1.057,12.527,8.224,0.562,-0.839,-1.165,5.122,-1.964,0.641,
CHCO,🏦majority,0.4,5.521,1.579,0.2,0.098,0.018,0.823,-2.901,0.22,
CHD,🏦majority,0.17,3.78,0.898,-0.17,-0.906,-0.115,0.685,0.317,-0.704,-2.035
CHDN,🏦majority,-0.152,5.898,0.73,-0.409,-0.691,0.007,0.452,0.306,0.939,-5.478
CHE,🏦majority,0.072,4.772,0.714,0.29,-0.428,-0.12,1.16,0.315,0.1,-2.201
CHEF,🏦majority,1.352,8.454,-0.377,1.303,-0.57,-0.161,1.122,-4.726,1.454,-4.172
CHH,🏦majority,0.017,5.307,1.0,-0.0,-0.44,-0.516,1.565,-1.448,0.306,-3.187
CHKP,🏦majority,0.538,5.154,0.382,0.246,-0.184,-0.378,0.782,0.472,0.438,-3.611
CHPT,⚡panic,-3.88,15.1,3.058,0.336,-3.12,-0.926,0.698,0.685,0.121,-9.02
CHRD,🏦majority,0.417,6.86,1.029,0.323,-0.171,-0.417,0.204,-1.041,1.365,-7.667
CHRW,🏦majority,0.176,6.009,0.148,0.217,0.191,0.075,1.099,-0.786,3.11,-2.843
CHTR,🏦majority,-0.706,8.119,-0.061,0.709,-1.093,-0.086,0.367,-0.261,-0.301,-6.96
CHWY,🎰lottery,-1.709,11.762,-1.208,0.167,-0.68,1.126,-1.441,-3.742,-1.099,-15.207
CI,🏦majority,0.53,4.971,0.869,0.556,-0.351,-0.405,1.804,-0.732,-0.826,-3.765
CIEN,🏦majority,1.13,9.824,-0.992,0.271,0.016,1.27,-0.809,1.753,-0.105,-5.484
CIGI,🏦majority,0.504,7.025,0.406,0.02,-0.446,-0.622,1.081,-0.62,0.029,-3.192
CIM,🏦majority,-0.466,7.047,0.574,0.255,0.236,-0.463,-0.2,0.929,0.302,-4.043
CINF,🏦majority,0.563,4.595,1.39,0.391,-0.089,-0.412,0.923,-0.2,-1.493,-2.307
CL,🏦majority,0.104,3.527,0.157,-0.862,0.413,-0.33,-0.02,0.471,-1.029,-1.576
CLB,🏦majority,-0.968,11.125,1.278,0.686,-1.19,1.639,2.288,0.84,-0.438,-14.784
CLBT,🏦majority,0.526,11.014,-1.817,1.22,1.231,-0.526,1.9,-0.268,1.036,
CLDX,🏦majority,-0.333,10.914,0.843,-1.551,-0.331,-0.77,1.194,4.357,-3.408,-7.001
CLF,🏦majority,0.447,11.992,1.196,-0.979,1.006,2.69,-0.377,-0.68,0.063,-3.454
CLFD,🏦majority,-0.235,15.28,-1.935,-1.625,3.185,1.868,-0.589,5.676,2.502,-20.309
CLH,🏦majority,1.242,5.285,0.909,0.795,0.719,-0.167,0.978,0.202,0.017,-1.356
CLMT,⚡panic,2.591,16.323,7.113,2.495,-0.021,-1.721,9.382,4.675,2.622,-3.405
CLS,🏦majority,3.604,11.75,0.971,-1.585,1.282,1.129,-2.052,0.104,-1.669,-9.227
CLSK,🏦majority,-0.751,20.704,-1.058,0.897,-1.392,-0.092,1.714,4.189,-3.019,-14.93
CLVT,🏦majority,-1.386,9.244,0.767,-0.28,-1.395,1.233,-1.162,-0.647,0.166,-10.011
CLX,🏦majority,-0.483,5.163,1.236,-0.414,-0.601,0.049,-0.594,0.609,1.886,-5.216
CM,🏦majority,1.001,4.589,-1.001,-0.307,0.275,0.299,0.385,0.58,0.3,-1.268
CMC,🏦majority,1.426,6.805,-0.473,0.458,0.505,-0.793,-3.144,1.154,-0.834,-3.377
CMCO,⚡panic,-0.508,12.727,-0.802,1.457,-2.338,-2.194,1.199,-4.085,8.182,
CMCSA,🏦majority,-0.26,4.744,0.611,-0.238,0.033,-0.485,-0.653,1.106,0.643,-5.516
CME,🏦majority,0.204,4.029,0.47,-0.015,0.326,-0.448,0.734,-0.972,-0.03,-2.507
CMG,🏦majority,0.653,6.895,0.751,-0.733,-1.061,-0.514,0.295,-0.413,0.024,-5.315
CMI,🏦majority,0.876,5.144,-0.15,-0.407,0.249,-0.141,1.153,0.493,-0.627,-7.539
CMP,🏦majority,-0.353,11.314,-0.436,0.735,0.051,-1.086,-0.25,1.18,-1.003,-5.271
CMPR,🎰lottery,0.27,11.402,-0.86,-0.476,0.919,0.219,-0.365,1.259,3.987,-5.812
CMRE,🏦majority,0.265,8.329,-0.683,-1.121,0.377,0.323,-0.559,0.952,-0.786,-5.971
CMS,🏦majority,0.484,3.556,0.001,0.197,-0.158,-0.267,0.206,-0.422,0.024,-1.159
CNA,🏦majority,0.155,4.179,2.116,0.673,-0.029,-0.25,1.935,1.22,-0.557,1.98
CNC,🏦majority,0.114,8.189,-0.354,-0.045,0.937,-0.103,-0.739,-1.336,-0.61,-3.834
CNI,🏦majority,-0.031,4.161,0.413,0.538,-0.52,-0.651,1.164,-0.272,1.031,-4.745
CNK,🎰lottery,1.11,9.752,-1.412,0.389,0.259,0.804,-1.426,-2.833,-1.996,-6.183
CNM,⚡panic,1.032,7.641,2.817,0.495,-0.191,-0.752,1.304,-0.689,-0.575,-4.483
CNMD,⚡panic,-0.516,7.968,0.642,0.301,-0.779,-1.018,0.662,-1.872,1.233,-5.642
CNNE,🏦majority,-0.153,6.894,1.942,-0.546,0.162,0.023,0.261,-0.957,3.709,-8.023
CNO,🏦majority,0.85,5.089,1.902,0.853,-0.766,-0.124,1.814,-0.284,-0.415,-5.631
CNP,🏦majority,0.63,3.818,0.876,0.49,-0.268,-0.497,0.042,-0.012,0.023,-2.421
CNQ,⚡panic,0.704,6.746,3.272,-0.806,-0.891,0.296,1.456,-0.736,-1.056,-2.697
CNR,⚡panic,0.164,12.278,1.822,0.484,0.128,-0.444,2.464,-0.327,0.246,
CNS,🏦majority,0.04,6.316,1.081,-0.398,-0.82,-0.499,-0.053,-0.253,0.546,-5.004
CNX,🏦majority,0.935,6.854,-1.795,0.078,1.292,0.216,-0.271,-0.052,1.077,-7.704
CNXC,🎰lottery,-1.082,8.723,-1.556,0.483,0.721,-0.688,-2.456,0.504,-4.064,-9.23
COCO,⚡panic,2.044,12.658,5.104,0.438,0.461,-0.903,3.329,-2.445,2.888,-26.195
CODI,🎰lottery,-0.426,13.123,0.616,0.129,0.761,-2.57,1.933,-0.529,3.048,-40.552
COF,🏦majority,0.279,6.776,1.8,-0.372,0.469,0.201,1.069,-0.315,0.799,-6.112
COGT,🏦majority,0.767,15.083,-1.047,-0.839,-0.544,-0.163,1.599,2.212,0.031,-14.228
COHR,⚡panic,1.044,12.806,0.629,-0.05,-0.508,-0.552,2.385,-0.967,-0.695,-31.327
COHU,⚡panic,0.406,9.149,1.25,1.084,0.299,-1.095,0.875,-0.113,1.38,-6.504
COIN,🏦majority,-0.793,17.314,2.284,-0.748,-2.185,0.559,0.371,-2.893,-1.117,-9.855
COKE,🏦majority,1.095,7.813,1.76,-0.13,0.029,0.367,1.842,-1.057,0.157,-7.495
COLB,🏦majority,0.04,7.162,0.144,0.476,-0.392,-0.125,0.493,0.056,-0.705,-1.765
COLD,🏦majority,-0.935,6.599,-0.189,-0.549,-0.801,0.486,-0.471,0.588,0.727,-5.561
COLL,⚡panic,0.39,8.703,1.38,-0.266,-0.604,-0.394,0.876,-1.347,-1.158,-6.217
COLM,⚡panic,-0.615,5.534,1.484,0.679,-0.083,-0.908,1.669,-0.287,0.462,-3.935
COMP,🎰lottery,-0.318,13.026,-1.58,-1.026,0.954,0.231,-1.16,0.391,4.456,-18.412
COO,🏦majority,0.077,5.694,0.469,-0.038,-0.803,-0.097,0.169,-0.666,-0.62,-6.609
COP,🏦majority,0.664,6.458,1.558,0.334,-0.324,0.023,-0.317,1.508,0.919,-4.714
COR,🏦majority,1.269,4.502,-0.219,-0.01,0.313,-0.513,-0.121,-1.618,-0.063,-3.699
CORT,🏦majority,1.964,11.768,1.166,-1.316,0.477,0.842,-0.88,-0.05,-1.058,-12.632
CORZ,🏦majority,3.157,16.033,7.529,-2.875,-1.39,-2.067,-0.887,3.036,-1.478,
COST,🏦majority,1.044,4.574,-0.094,-0.581,-0.313,0.166,-0.187,0.887,-0.95,-1.975
COTY,🏦majority,-0.708,8.003,1.119,-0.521,-0.846,1.803,0.343,1.119,-0.692,-4.333
COUR,🎰lottery,-1.375,10.29,-1.505,0.323,-1.939,-0.908,-1.413,-1.006,-0.183,-7.985
CP,🏦majority,-0.065,4.494,0.491,0.192,-0.329,-0.476,0.35,-0.806,1.238,-3.526
CPA,🏦majority,0.841,6.67,0.435,1.082,0.017,-0.787,-0.517,-0.592,1.763,-3.773
CPB,🏦majority,-0.286,4.359,-0.012,-0.178,0.131,-0.109,0.294,-0.67,1.58,-4.236
CPK,🏦majority,0.226,4.656,0.314,0.945,0.564,-0.595,-0.102,-1.292,-1.531,
CPNG,🏦majority,-0.341,9.545,0.809,-0.859,-0.215,0.02,-0.06,1.17,2.517,-7.097
CPRI,🏦majority,-0.645,11.179,1.249,-0.191,-0.59,-0.408,0.132,0.105,0.219,-1.463
CPRT,🏦majority,0.064,5.216,0.161,-0.002,0.337,0.207,0.422,0.711,0.392,-3.228
CPRX,🏦majority,0.942,9.564,1.209,0.787,0.928,-0.001,2.332,-0.355,-1.112,-3.086
CPT,🏦majority,0.281,4.23,0.395,0.025,-0.391,0.062,-0.141,-0.833,0.574,-1.513
CQP,⚡panic,0.438,6.184,2.306,0.554,-0.687,-1.969,1.375,0.045,1.137,-3.164
CR,🏦majority,0.927,6.496,-0.237,0.79,-0.153,-0.808,0.407,1.178,0.87,-1.321
CRAI,🏦majority,0.527,10.361,2.592,1.683,-0.832,-0.407,-1.748,3.018,-2.051,
CRBG,🏦majority,0.891,6.399,0.014,0.956,-0.159,-0.162,0.802,-0.873,1.09,-2.344
CRC,🏦majority,0.904,7.605,0.618,0.24,-0.792,-0.69,-0.861,0.281,0.553,-6.613
CRDO,🏦majority,2.641,17.699,-0.151,-1.564,-2.641,-0.31,0.504,-4.157,1.384,-11.303
CRGY,⚡panic,0.0,10.451,4.815,0.482,-0.26,-0.424,2.849,2.074,-0.803,-10.646
CRH,🏦majority,0.915,5.919,0.262,0.261,-0.063,-0.166,0.158,1.167,0.708,-2.42
CRI,⚡panic,-0.525,6.846,0.818,0.212,-1.302,-0.893,1.109,-1.437,-0.827,-1.938
CRK,🎰lottery,0.361,12.966,-1.243,-0.134,-0.418,0.731,-2.677,-0.071,-0.849,-0.51
CRL,🏦majority,0.193,8.576,1.375,-0.535,0.011,-0.812,0.352,-0.056,-2.912,-4.328
CRM,🏦majority,0.144,7.006,-0.496,0.113,0.065,-0.706,0.778,-2.023,-0.446,-9.545
CRNC,🎰lottery,-2.866,15.587,-2.089,1.092,-0.629,-0.382,1.611,-2.235,2.723,-8.783
CRNX,⚡panic,0.125,13.383,1.464,1.918,0.024,-1.174,2.726,-0.975,1.083,-5.646
CROX,🏦majority,0.385,10.588,1.422,0.061,0.411,0.698,1.789,0.666,-1.701,-5.554
CRS,🏦majority,1.993,9.182,0.878,0.351,-1.408,0.453,0.293,-1.895,-1.829,-6.415
CRSP,⚡panic,-1.797,11.46,0.606,0.571,-1.148,-1.446,1.006,2.108,-0.009,-8.919
CRSR,🏦majority,-1.619,12.275,0.724,-0.986,1.082,2.846,-0.014,1.128,-4.769,-13.118
CRUS,🏦majority,0.351,7.156,0.171,0.546,0.268,-0.234,-0.026,1.189,-2.073,-6.421
CRVL,🏦majority,0.702,7.551,0.469,-0.203,0.162,-0.279,-1.346,-0.332,1.274,-3.423
CRWD,🏦majority,1.07,11.491,1.152,-0.211,0.109,-0.051,-0.055,0.807,-0.73,-4.993
CSCO,🏦majority,0.634,4.83,-0.634,-0.174,0.062,-0.173,0.102,0.205,1.26,-3.666
CSGP,🏦majority,-0.639,6.681,0.232,0.507,-1.096,-0.883,0.748,-1.117,-0.121,-3.863
CSIQ,⚡panic,-1.917,13.459,3.453,0.258,-1.139,-1.003,2.761,-1.102,-1.658,-8.525
CSL,🏦majority,1.276,6.44,1.411,0.16,-1.437,0.467,0.974,0.936,-1.406,-1.251
CSQ,🏦majority,0.737,6.051,2.525,-0.675,-0.282,0.308,0.03,-1.699,0.334,
CSR,🏦majority,0.022,6.9,-0.274,-0.784,1.135,0.182,-0.419,0.602,0.455,
CSTL,🏦majority,0.101,15.41,0.137,0.058,-1.93,0.153,1.086,3.592,5.485,-24.134
CSTM,🏦majority,0.668,8.625,1.189,0.098,-0.153,-0.01,1.006,-0.384,-2.217,-7.198
CSWC,🏦majority,0.398,4.913,1.352,-0.123,-0.398,-0.008,0.114,-0.233,0.753,-0.104
CSX,🏦majority,0.643,4.475,-0.773,-0.131,-0.052,-0.26,-1.291,-0.048,0.186,-6.211
CTAS,🏦majority,0.792,4.457,-0.129,0.553,0.042,-0.029,0.874,-0.102,0.631,-2.302
CTKB,🎰lottery,-1.955,13.915,0.819,-1.871,2.438,-1.776,-0.592,-0.173,3.092,
CTRE,🏦majority,0.688,4.671,-0.237,0.244,0.27,0.134,0.247,-0.034,-1.143,-2.055
CTS,🏦majority,1.001,7.372,1.944,0.531,-0.038,-0.59,1.721,1.791,2.853,-5.092
CTSH,🏦majority,-0.161,5.994,-0.258,0.01,0.761,-0.166,-0.277,-0.433,1.037,-2.364
CTVA,🏦majority,0.745,5.201,1.35,0.101,0.439,-0.109,1.294,0.548,0.668,-0.965
CUBE,🏦majority,0.026,5.143,-0.442,0.372,0.43,-0.083,0.873,0.156,0.281,-3.217
CUBI,🏦majority,0.301,10.269,-0.444,0.191,-0.644,-1.1,-1.846,0.383,-1.795,-4.101
CUZ,🏦majority,-0.048,5.407,0.305,-0.301,-0.438,0.198,0.902,-0.713,1.058,-5.089
CVBF,🏦majority,0.071,6.656,0.155,0.228,0.583,0.465,0.623,-0.129,0.465,-0.863
CVCO,⚡panic,1.041,8.237,1.523,0.423,-1.61,-0.747,3.261,-0.773,-0.941,-5.633
CVE,🏦majority,1.198,7.834,1.899,-0.508,-0.951,-0.062,0.345,0.667,0.53,-3.297
CVGW,🎰lottery,-1.087,11.071,-1.091,-0.963,0.786,0.907,-1.767,-0.035,0.689,
CVI,⚡panic,0.13,11.119,1.038,-0.295,-0.227,-1.073,0.545,-0.83,-3.106,-4.122
CVLT,🏦majority,0.631,7.856,0.177,-0.557,0.393,0.617,0.256,-1.451,-1.046,-4.42
CVNA,🏦majority,0.387,18.185,0.132,-2.561,2.407,2.441,-0.171,3.869,1.458,-14.536
CVS,🏦majority,0.718,6.14,-0.162,0.678,0.34,-0.342,-0.251,-0.812,-1.165,-0.535
CVX,🏦majority,0.75,5.261,0.531,0.32,-0.299,-0.713,-0.326,0.982,0.711,-7.503
CW,🏦majority,1.442,4.9,1.899,0.41,-0.599,-0.706,1.757,-0.485,-0.48,-3.872
CWAN,🏦majority,0.125,7.902,0.675,0.303,0.6,-0.289,0.281,-0.125,0.558,-3.59
CWEN,🏦majority,0.204,6.081,0.122,-0.399,0.547,-0.118,0.306,0.725,-0.511,-2.936
CWH,⚡panic,-1.053,10.713,0.271,-0.136,-0.52,-0.051,1.412,-3.216,0.242,-6.876
CWK,🏦majority,0.0,8.758,-0.259,0.566,-0.237,-0.383,-0.651,1.585,0.054,-6.219
CWST,🏦majority,0.708,5.243,0.463,0.012,-0.793,-0.323,0.198,-0.357,1.108,-3.3
CWT,🏦majority,0.021,4.464,-0.085,0.025,-0.481,-1.071,0.611,0.393,0.028,-3.275
CXM,⚡panic,-0.256,9.401,2.469,0.013,0.256,-1.893,1.789,-3.6,1.274,-13.363
CXT,🏦majority,0.322,6.921,-0.018,0.638,0.228,-0.174,1.068,0.075,-0.544,-3.882
CXW,⚡panic,0.844,9.582,1.943,0.096,-0.897,-0.601,1.386,-0.389,-0.748,-3.971
CYRX,🏦majority,-0.487,14.497,0.259,-0.701,-0.679,0.379,-0.292,-1.564,-6.524,-5.987
CYTK,⚡panic,0.174,11.958,6.487,0.826,0.071,-2.383,5.895,0.257,-2.197,-3.825
CZR,🏦majority,-0.375,9.39,0.887,-0.823,-1.622,0.115,0.453,-2.059,1.12,-4.057
D,🏦majority,0.267,4.348,0.489,0.249,0.234,-0.483,1.253,-0.6,-1.444,-3.216
DAC,🏦majority,0.63,6.778,0.115,0.18,-0.267,0.109,-0.577,-0.188,0.051,-4.509
DAL,🏦majority,1.085,8.08,-0.303,-1.019,0.741,0.074,-0.721,0.323,-0.583,-4.308
DAN,🏦majority,0.394,10.447,1.517,-1.786,-0.815,0.433,-0.336,-1.163,-3.807,-7.518
DAR,🏦majority,0.638,7.997,-1.668,0.168,0.525,-0.248,-0.806,-0.543,0.267,-2.202
DASH,🏦majority,1.098,10.056,-1.438,-1.516,-1.151,0.228,-0.579,0.673,1.986,-12.788
DAVE,⚡panic,3.611,24.323,4.559,0.499,3.965,0.502,3.588,-2.194,2.274,-9.561
DB,🏦majority,1.222,7.844,1.913,0.369,0.159,0.855,1.763,1.913,-1.5,1.401
DBD,⚡panic,1.659,12.423,4.747,-0.855,1.365,-0.42,2.511,0.291,-0.57,-8.652
DBI,⚡panic,-1.021,13.277,2.481,1.593,-1.42,-1.667,1.7,0.492,0.797,-13.677
DBRG,🎰lottery,0.065,10.192,-1.681,0.346,0.382,-0.259,-0.307,1.026,0.473,-5.782
DBX,🏦majority,0.765,6.229,0.421,0.901,-0.416,-0.151,0.963,0.037,0.296,-6.742
DCI,🏦majority,0.53,4.282,-0.255,0.386,-0.464,-0.336,1.171,-0.639,0.051,-4.13
DCOM,🏦majority,0.949,9.832,-1.148,0.645,1.313,-0.991,-0.543,3.506,-0.064,
DD,🏦majority,0.497,5.95,-0.329,0.784,0.122,-0.365,-0.731,0.001,0.853,-5.43
DDD,🎰lottery,-3.274,11.897,-1.702,1.059,0.049,-0.332,-3.553,-4.798,2.333,-7.746
DDOG,🏦majority,0.778,11.418,1.338,-0.705,-0.308,-0.144,-0.821,-1.96,-0.336,-11.408
DDS,🏦majority,0.942,9.747,-0.679,0.857,0.018,-1.25,-0.82,0.44,-0.29,-3.104
DE,⚡panic,-0.006,5.54,2.576,0.093,-0.918,-0.21,1.597,-0.9,0.583,-3.755
DEA,🏦majority,-0.335,4.92,-0.617,0.114,0.377,0.072,0.548,-0.469,-0.325,-4.516
DECK,🏦majority,0.958,8.27,-2.11,0.119,0.638,0.035,-0.589,1.218,0.075,-2.403
DEI,🏦majority,-0.545,6.6,0.858,0.211,-0.306,-0.102,0.395,-1.509,-1.329,-4.13
DELL,🏦majority,1.891,10.387,-0.092,0.792,0.519,-0.604,0.132,-0.917,-1.174,-1.56
DFH,🏦majority,-1.141,13.241,-0.219,0.464,0.137,1.559,-0.983,1.912,-0.743,-8.325
DFIN,⚡panic,0.923,9.106,1.354,0.404,-0.512,0.215,1.599,-2.101,0.083,-6.477
DG,🏦majority,0.079,7.294,0.437,-0.558,0.182,-0.153,-0.108,-0.404,0.856,-3.953
DGII,🏦majority,1.704,9.368,-0.554,-0.041,-0.124,-0.614,0.881,0.706,-0.79,-5.737
DGX,🏦majority,0.437,4.243,-0.461,0.013,0.648,-0.3,-1.114,0.208,1.599,-3.469
DHI,🏦majority,0.378,6.724,0.116,-0.769,-1.722,-1.206,0.791,-0.462,1.684,-4.221
DHR,🏦majority,-0.116,5.289,-0.115,0.626,-0.141,-0.288,1.907,0.434,1.711,-3.026
DHT,🏦majority,0.701,7.632,1.072,-0.519,-0.006,-0.161,0.688,1.85,-4.564,-4.082
DIN,⚡panic,-0.673,7.921,2.107,0.089,-0.855,-1.658,1.029,0.135,0.465,-5.938
DINO,🏦majority,0.971,8.173,2.069,-0.511,-0.809,0.157,0.718,-0.631,-0.309,-1.866
DIOD,🏦majority,0.0,9.369,0.226,0.926,-1.442,0.831,0.063,0.357,0.788,-6.596
DIS,🏦majority,-0.774,6.148,1.143,-0.263,-0.808,0.403,0.968,0.6,-0.537,-2.583
DK,🏦majority,1.011,11.044,0.784,-0.261,1.332,0.437,-0.214,1.143,-1.334,-6.918
DKNG,🏦majority,-0.302,11.645,1.935,-1.046,1.579,0.2,-0.375,-1.149,-2.632,-9.139
DKS,⚡panic,0.624,7.881,1.775,0.682,-0.817,-0.533,2.132,0.782,-0.412,-7.138
DLB,🏦majority,-0.532,4.547,1.588,0.13,-0.378,0.003,1.134,1.122,-0.414,-2.295
DLO,⚡panic,-0.714,13.607,3.469,0.345,0.282,-1.48,5.969,0.335,-0.046,-19.116
DLR,🏦majority,0.554,5.479,-0.346,-0.214,-0.256,0.271,-0.475,-0.227,-0.326,-4.376
DLTR,🏦majority,0.841,8.003,-0.903,-1.362,0.904,-0.27,-1.429,-0.121,0.06,-3.461
DLX,🎰lottery,-0.241,9.345,-1.363,0.03,1.995,0.648,-1.768,1.055,2.698,-2.481
DNA,⚡panic,-3.529,18.654,4.363,2.214,-0.28,-0.742,1.201,-0.28,1.643,-22.258
DNLI,⚡panic,-0.857,10.99,0.442,1.115,-0.356,-2.551,-0.598,-2.335,1.542,-14.227
DNOW,⚡panic,0.535,9.401,2.395,1.254,0.303,-0.089,4.513,1.296,-2.209,-2.734
DNUT,⚡panic,-0.654,8.926,2.201,-0.614,-0.657,-0.583,0.981,-1.572,-0.384,-7.938
DOC,🏦majority,-0.205,6.59,0.131,0.32,0.136,-0.068,0.742,-0.434,0.444,-2.733
DOCN,🎰lottery,0.611,14.049,-1.69,0.601,0.096,-1.162,-0.902,3.593,-0.751,-6.65
DOCS,🏦majority,-0.575,12.551,1.641,-0.909,0.307,-0.187,-0.964,1.264,-0.207,-7.056
DOCU,⚡panic,-0.312,10.787,1.53,0.15,0.542,-0.965,0.767,-0.475,-0.214,-9.311
DOLE,🏦majority,-0.224,6.314,0.662,-0.291,-0.426,-0.194,0.088,0.036,-0.211,-6.864
DOMO,⚡panic,-1.988,15.338,1.585,-0.377,1.076,-1.231,1.759,-1.097,-5.742,
DORM,🏦majority,0.054,6.703,-0.272,0.093,0.225,-0.101,-0.102,0.245,1.925,-7.197
DOV,🏦majority,0.366,4.753,0.043,-0.447,0.904,-0.627,-0.951,-1.072,-0.062,-2.358
DOW,🏦majority,-0.392,6.673,-0.285,0.578,0.45,-0.039,-0.232,0.041,-0.337,-3.503
DOX,🏦majority,0.105,3.925,-0.517,-0.507,0.245,0.173,-0.896,0.558,1.166,-2.558
DPZ,🏦majority,-0.05,5.711,0.443,-0.251,0.856,0.114,0.869,0.052,0.492,-5.358
DRH,🏦majority,0.217,6.039,1.365,0.705,-0.217,0.518,1.02,2.043,0.11,-2.744
DRI,🏦majority,0.446,4.627,-0.011,0.761,-0.043,-0.485,0.109,-0.632,-0.265,-3.764
DRS,🏦majority,1.4,7.146,0.188,0.98,-0.379,-0.277,0.783,-0.631,1.266,-1.245
DRVN,🏦majority,0.509,8.254,-0.865,1.236,0.628,-1.066,0.82,-1.252,-1.94,-6.103
DSGX,🏦majority,0.697,5.782,1.644,0.878,-0.114,0.153,1.23,-0.874,0.604,-6.245
DT,🏦majority,0.044,7.465,0.736,0.127,0.172,-0.426,1.324,-2.611,1.346,-3.442
DTE,🏦majority,0.469,3.693,-0.01,0.359,-0.113,-0.372,-0.185,0.137,-0.362,-2.531
DTM,🏦majority,1.168,4.762,1.488,0.25,0.082,0.26,0.551,0.158,-1.566,-1.671
DUK,🏦majority,0.409,3.486,0.392,-0.164,-0.509,-0.058,-0.058,-0.08,-0.561,-3.398
DUOL,🎰lottery,-0.132,13.202,-1.136,-0.523,0.586,-0.699,-2.036,2.22,-3.981,-11.738
DV,🏦majority,0.058,9.829,-0.893,0.823,0.641,-1.024,-0.058,1.479,1.409,-4.529
DVA,🏦majority,0.505,7.611,0.79,0.377,-0.092,0.012,1.118,-0.981,0.334,-0.412
DVN,🏦majority,0.201,8.059,1.327,-0.084,-0.342,-0.624,1.633,1.317,1.69,-4.482
DX,🏦majority,0.172,4.701,0.287,0.246,-0.172,-0.054,0.77,-0.669,-0.172,-3.615
DXC,⚡panic,-0.832,8.268,3.797,0.167,-0.949,-0.341,2.758,-0.428,-0.401,-1.604
DXCM,🏦majority,0.476,9.003,-0.521,0.095,0.569,-1.319,-1.277,0.206,1.081,-3.578
DY,🏦majority,1.447,8.339,-0.948,0.754,-0.141,0.06,-0.843,-0.49,1.616,-3.029
DYN,🏦majority,0.828,18.008,0.77,-2.618,-1.289,-0.115,1.721,0.771,1.017,
EA,🏦majority,0.374,4.833,-0.162,0.308,0.143,0.108,0.126,-0.33,0.171,-2.414
EAT,🏦majority,1.337,9.872,-0.772,-0.362,-2.008,-0.097,-0.775,-5.993,2.132,-8.634
EBAY,🏦majority,0.674,5.94,0.254,-0.09,-0.02,-0.559,-0.738,-0.168,0.951,-2.189
EBC,🏦majority,0.317,6.04,1.45,0.439,-0.221,-0.652,1.23,0.909,-0.592,-2.027
EBS,🏦majority,-1.548,15.76,-0.129,-0.495,-0.106,0.449,1.786,-2.116,-3.858,-8.428
ECL,🏦majority,0.714,4.49,-0.046,0.5,-0.004,-0.058,0.193,-0.986,-0.483,-4.379
ECPG,🏦majority,1.175,7.878,0.391,-0.153,0.649,-0.363,0.47,0.683,-1.2,0.379
ECVT,🏦majority,0.709,8.482,0.954,-0.818,-1.109,0.109,-0.14,-4.049,-3.225,-9.555
ED,🏦majority,0.649,3.759,-0.156,-0.037,0.214,-0.21,0.741,-0.461,-0.735,-1.752
EDIT,🎰lottery,-3.256,14.758,-1.065,-0.449,0.093,0.655,-1.812,0.817,-0.064,-10.601
EE,🏦majority,0.579,9.166,0.717,-0.542,-1.29,0.351,-0.195,-0.133,0.367,
EEFT,🏦majority,-0.248,6.829,0.597,0.329,-0.521,-0.847,-0.313,-1.514,0.368,-12.959
EFC,🏦majority,0.146,4.452,1.185,0.22,-0.092,0.023,0.903,0.495,0.418,-3.981
EFSC,🏦majority,0.487,6.748,0.728,-0.135,0.317,0.784,-0.366,0.515,0.586,
EFX,🏦majority,-0.032,6.509,0.474,0.122,-0.554,-0.508,-0.403,-1.312,-0.259,-3.732
EG,🏦majority,0.322,4.218,2.515,0.404,0.122,-0.233,1.186,-1.658,0.47,
EGBN,🎰lottery,-1.352,10.509,-1.574,-0.052,0.847,0.355,-1.819,-1.581,-0.953,-5.174
EGO,🏦majority,1.29,9.121,0.03,0.822,0.293,0.247,0.103,-0.403,-2.823,-4.262
EGP,🏦majority,0.526,4.492,0.322,-0.147,-0.245,-0.246,-0.388,-0.702,-0.23,-5.149
EHC,🏦majority,0.691,5.345,-0.687,0.243,-0.375,-0.172,-0.905,0.391,-0.244,-2.759
EIG,⚡panic,0.508,5.364,2.493,-0.114,-1.074,-1.7,2.061,-0.102,1.885,
EIX,🏦majority,0.732,5.234,-0.569,0.331,-0.176,-0.619,-1.98,0.586,-0.446,-1.141
EL,🎰lottery,-0.459,8.27,-1.286,-1.016,0.219,-1.011,-0.249,0.28,0.413,-10.086
ELAN,🏦majority,-0.149,9.15,-1.283,-0.127,-1.284,-0.305,-1.609,-0.117,-0.37,-5.387
ELF,🎰lottery,0.956,11.857,-1.545,-0.435,0.233,-0.142,-3.462,1.173,-1.162,-9.67
ELME,🏦majority,0.473,4.501,1.321,-0.556,-0.073,-0.34,-0.051,-1.083,1.257,
ELS,🏦majority,-0.098,3.738,1.012,0.209,-0.871,-0.604,0.387,-0.401,0.22,-4.398
ELV,🏦majority,0.015,5.531,0.435,0.241,0.225,-0.127,-0.006,0.775,0.724,-5.245
EMBC,⚡panic,-2.084,11.366,0.504,-0.659,-1.838,-0.345,2.761,0.849,1.699,-6.769
EME,🏦majority,1.354,6.389,1.16,-0.564,-0.884,0.534,0.679,-0.262,0.631,-8.363
EMN,🏦majority,-0.334,5.874,0.261,0.188,-0.471,-0.981,-0.374,-0.623,1.201,-5.444
EMR,🏦majority,0.343,5.36,0.893,-0.186,-0.389,-0.559,0.363,-1.13,-0.053,-4.512
ENB,🏦majority,0.495,3.744,0.64,-0.148,0.114,-0.345,0.623,-0.258,-0.468,-5.503
ENOV,🏦majority,-0.678,7.876,0.212,-0.197,0.063,-1.057,1.297,1.738,1.058,-3.114
ENPH,⚡panic,-1.174,14.158,0.118,0.882,-1.707,-1.739,1.533,0.486,-5.154,-10.177
ENR,🏦majority,-0.351,7.068,0.623,0.002,0.619,-0.706,1.206,-2.049,1.927,-6.795
ENS,🏦majority,0.553,6.586,-0.119,-0.128,-0.727,-0.118,-0.906,1.153,-1.029,-1.582
ENSG,🏦majority,0.376,5.11,-0.032,-0.662,-0.042,0.331,-0.061,0.794,-0.345,-4.02
ENTG,⚡panic,0.126,9.783,5.03,0.465,-1.995,-0.298,3.829,-0.984,-0.741,-5.179
ENVA,🏦majority,1.3,9.011,1.581,0.858,0.869,0.293,1.641,-1.15,1.25,-5.042
ENVX,🏦majority,-1.905,18.537,0.039,-3.024,0.731,-0.73,-4.624,11.305,-1.579,-12.306
EOG,🏦majority,0.538,6.399,0.842,0.015,-0.743,-0.053,-0.768,1.894,1.462,-6.171
EOLS,🏦majority,-0.623,14.843,1.318,-0.554,-1.038,2.473,1.404,-0.796,0.444,-3.731
EPAC,🏦majority,0.206,6.674,1.432,0.001,0.216,0.934,3.027,-0.63,-0.764,-6.418
EPAM,🏦majority,-0.31,11.217,-0.905,-0.574,-0.184,0.303,1.201,-2.223,2.289,-5.122
EPC,🏦majority,0.078,7.027,0.509,0.037,0.199,0.357,0.212,0.181,0.061,-6.906
EPD,🏦majority,0.425,3.781,1.498,0.57,-0.287,-0.528,0.834,-0.473,-0.12,-0.7
EPR,🏦majority,0.458,5.257,-0.745,-0.185,0.858,0.174,-0.987,0.605,-0.755,-2.081
EPRT,🏦majority,0.291,4.445,0.556,-0.067,0.023,0.229,0.571,0.94,-1.164,-4.04
EQH,🏦majority,0.848,5.882,2.019,0.427,-0.341,-0.7,0.885,-1.77,-0.205,-2.797
EQIX,🏦majority,0.403,5.21,-1.406,0.558,0.15,-0.278,1.129,1.354,1.225,-4.738
EQR,🏦majority,0.346,4.113,1.723,-0.077,-0.005,-0.559,1.26,0.019,0.39,-2.051
EQT,🏦majority,0.344,8.438,0.692,0.384,0.045,0.353,-0.032,-0.196,-0.461,-4.469
EQX,⚡panic,0.942,10.563,1.455,2.56,-0.015,-1.107,2.602,-2.221,-1.528,-6.102
ERIE,🏦majority,0.175,6.444,0.283,-0.422,-0.389,0.111,-0.974,-0.42,-0.379,-4.385
ERII,⚡panic,0.195,9.556,0.359,0.369,1.39,-0.992,2.979,-3.033,0.131,-16.344
ERO,🎰lottery,1.904,12.699,-1.828,-0.027,2.867,2.448,0.148,3.338,-4.045,-12.569
ES,🏦majority,0.331,4.655,0.894,-0.012,-0.741,-0.221,0.024,0.251,0.244,-3.621
ESAB,🏦majority,0.885,7.003,-0.037,1.173,0.063,0.017,-0.314,-0.149,0.413,-0.595
ESE,🏦majority,0.873,6.974,-0.06,1.05,-0.438,-0.625,0.051,0.339,-2.077,-5.375
ESI,🏦majority,0.594,6.634,0.637,0.681,0.219,-0.558,-0.031,1.215,-0.092,-3.495
ESLT,⚡panic,2.194,8.289,0.945,0.461,-0.436,0.33,4.129,-0.494,1.058,-3.398
ESNT,🏦majority,0.685,4.743,0.321,0.725,0.653,-0.87,0.564,-0.794,0.738,-5.008
ESRT,🏦majority,-0.567,6.397,0.272,0.242,-1.02,0.163,0.438,-1.229,-2.054,-3.943
ESS,🏦majority,0.299,4.352,0.578,0.262,-0.099,-0.341,0.434,-0.058,1.372,-2.394
ESTA,🎰lottery,1.0,12.082,-0.398,1.69,0.787,-1.497,-1.359,-2.074,-0.197,-12.339
ESTC,⚡panic,-0.022,11.355,2.657,-0.176,0.022,-0.232,1.73,1.925,-3.417,-1.774
ET,🏦majority,0.551,4.666,0.997,0.718,-0.761,-0.581,1.988,-0.834,0.618,-0.5
ETD,⚡panic,0.037,6.453,1.951,0.427,-0.537,-0.552,1.135,-1.047,-0.139,-7.925
ETN,🏦majority,1.294,5.457,0.459,-0.606,-0.687,0.34,-2.044,-0.569,-0.831,-3.757
ETR,🏦majority,0.725,4.058,0.662,0.191,-0.387,-0.094,-0.102,-0.117,-1.558,-2.989
ETSY,⚡panic,-0.569,10.351,1.157,-0.024,-0.495,-0.756,1.58,1.067,-0.853,-7.29
EVER,⚡panic,0.373,15.883,2.811,0.897,-1.217,-2.0,2.469,-3.712,2.937,
EVH,🏦majority,-0.64,10.949,1.379,-0.8,-0.039,-0.082,-0.072,4.816,-0.807,-1.585
EVR,🏦majority,0.837,7.285,0.468,-0.23,0.318,-0.325,-1.03,-1.077,-1.272,-5.722
EVRG,🏦majority,0.595,3.737,0.209,0.073,0.056,0.091,-0.519,-0.765,-0.724,-1.495
EVTC,⚡panic,-0.266,5.843,1.206,0.266,-0.203,-1.233,1.804,-1.056,-0.368,-6.344
EW,⚡panic,0.613,6.226,2.162,0.58,-1.125,-1.482,2.165,0.728,0.127,-3.541
EWBC,🏦majority,0.963,6.892,1.421,-0.006,-0.038,-0.196,0.777,0.489,0.191,-2.669
EWTX,⚡panic,0.435,17.661,11.217,1.319,-1.038,-0.774,5.316,1.191,-0.144,
EXC,🏦majority,0.539,4.55,0.206,0.056,-0.087,-0.352,-0.1,1.124,-0.182,-5.131
EXEL,🏦majority,1.107,6.418,-2.242,0.54,-0.037,-1.153,-0.69,0.066,0.211,-1.896
EXLS,🏦majority,0.524,6.307,1.283,0.527,-0.65,0.461,0.143,-0.16,-0.834,-3.926
EXP,🏦majority,1.039,6.557,-1.449,0.474,1.047,-0.839,0.383,-0.341,-1.557,-7.74
EXPD,🏦majority,0.568,4.741,-0.11,0.62,0.204,-0.796,-0.28,0.295,0.323,-4.875
EXPE,⚡panic,0.734,8.993,0.998,0.383,-1.306,-1.119,0.645,-1.395,0.54,-11.621
EXPO,🏦majority,-0.074,5.971,1.317,0.139,-0.708,-0.146,0.684,0.089,1.416,-6.122
EXR,🏦majority,0.163,5.823,0.188,-0.062,0.253,-0.073,-0.237,-0.405,-0.143,-3.325
EXTR,🏦majority,0.672,9.865,-0.112,-0.471,-0.983,1.23,-0.946,2.05,1.061,-3.04
EYE,🎰lottery,0.174,10.757,-3.319,0.239,0.098,-0.617,-2.853,2.043,-0.628,-6.661
EYPT,🏦majority,-1.562,18.552,-2.583,-2.888,0.478,2.893,-2.199,2.912,-0.292,-19.496
EZPW,🏦majority,2.289,8.328,0.28,0.396,1.234,0.776,1.057,1.45,1.492,
F,🏦majority,0.227,8.211,-0.011,0.568,0.317,-1.118,0.864,-2.534,0.315,-3.843
FA,⚡panic,0.254,9.639,1.692,-0.694,-0.186,-0.32,-0.146,-3.43,-1.691,-9.891
FAF,🏦majority,0.572,5.264,0.381,-0.424,-0.294,-0.225,0.036,-0.332,2.506,-3.467
FANG,🏦majority,0.552,7.329,2.345,0.071,-0.194,-0.577,0.247,-0.245,-0.531,-5.691
FAST,🏦majority,0.535,4.526,-1.374,0.475,-0.047,0.007,-0.365,0.822,0.375,-3.093
FBIN,🏦majority,0.216,7.239,-0.629,-1.421,-0.393,-0.371,0.57,-1.091,0.444,-10.812
FBK,🏦majority,0.873,7.917,0.227,0.771,0.933,-0.58,-0.406,1.212,0.008,
FBNC,🏦majority,0.644,7.628,-0.713,-0.468,0.327,-0.843,-1.947,1.505,-2.074,
FBP,🏦majority,0.805,6.1,1.018,0.513,0.231,0.535,-0.251,-1.465,0.536,-5.373
FBRT,⚡panic,-1.005,6.835,2.072,-0.577,-0.273,-0.917,1.597,-0.051,-0.197,
FCEL,🏦majority,-3.762,18.974,0.804,0.833,-1.505,1.306,0.711,-2.638,-2.468,-10.507
FCF,🏦majority,0.112,6.01,-0.335,0.08,0.473,-0.565,-0.078,0.043,-1.521,-3.855
FCFS,🏦majority,1.044,5.398,0.448,0.15,-0.086,0.059,-0.112,1.023,-2.132,-0.776
FCN,🏦majority,0.442,5.271,2.247,0.4,0.081,-0.89,1.575,0.243,-0.361,-1.859
FCNCA,⚡panic,0.561,8.308,2.11,0.084,-0.201,-1.661,0.711,0.192,-0.763,-1.533
FCPT,🏦majority,-0.12,3.927,0.827,-0.063,0.12,-0.132,1.43,-0.667,0.229,-2.497
FCX,⚡panic,0.732,8.747,2.598,0.068,-0.228,-0.034,1.895,0.65,1.361,-5.119
FDMT,🏦majority,-2.415,19.314,-1.075,0.626,-0.356,1.497,0.65,2.302,-2.833,
FDP,🎰lottery,-0.27,7.072,-0.298,0.204,-0.902,-0.865,0.766,-1.789,0.067,-22.845
FDS,🏦majority,0.675,5.972,-0.271,0.465,0.074,-0.657,0.145,-1.391,1.097,-5.785
FDX,🏦majority,0.241,6.253,-0.255,-0.408,0.889,-0.015,-0.472,-2.846,0.424,-5.931
FE,🏦majority,0.417,3.72,0.094,0.232,0.185,-0.481,0.016,0.735,0.108,-3.177
FELE,🏦majority,0.323,4.712,0.765,0.234,0.708,-0.292,0.613,-1.131,-0.348,-4.281
FERG,🏦majority,0.873,6.04,0.228,0.308,-0.072,0.104,-0.404,-1.38,-1.097,-1.631
FFBC,🏦majority,0.109,6.363,0.965,-0.072,0.68,-0.088,0.421,0.06,0.358,
FFIN,🏦majority,-0.118,5.922,0.488,-0.189,0.176,0.083,0.352,0.699,0.752,-3.151
FFIV,🏦majority,0.957,5.577,-0.276,0.455,0.21,-0.541,0.865,-0.066,0.505,-3.683
FHB,🏦majority,0.042,5.857,1.314,0.257,-0.449,-0.646,1.346,-0.07,0.323,-5.476
FHI,🏦majority,0.753,4.853,1.232,0.168,0.287,-0.479,-0.326,-0.517,2.113,-3.853
FHN,🏦majority,0.781,7.647,1.232,0.856,-0.001,-0.29,0.432,-0.066,0.148,-4.851
FIBK,🏦majority,0.103,6.357,0.487,-0.179,0.458,-0.968,0.381,-0.591,-0.202,-4.974
FICO,🎰lottery,0.853,8.023,-2.06,0.954,0.989,1.072,-2.349,-0.544,-2.663,-6.364
FIGS,🎰lottery,-1.233,13.498,-0.626,-0.48,1.368,-2.071,1.257,-4.31,8.197,-15.037
FIS,🏦majority,-0.486,6.389,-0.288,-0.033,0.84,-0.808,-0.081,1.127,1.302,-8.579
FISV,⚡panic,0.082,7.834,1.616,0.616,-0.765,-1.592,2.116,1.043,-0.018,-6.992
FITB,🏦majority,0.794,6.336,0.199,0.646,0.025,-0.261,0.122,1.555,-1.19,-6.627
FIVE,🎰lottery,0.644,9.545,-2.369,-0.27,-0.547,0.067,-0.99,1.034,-0.674,-9.449
FIVN,🏦majority,-1.266,11.122,1.087,-0.655,-0.134,1.485,1.393,-0.603,1.151,-5.945
FIX,🏦majority,2.223,8.511,2.075,0.12,0.298,0.056,2.058,0.065,1.152,-9.217
FIZZ,🏦majority,0.024,6.361,-0.345,-0.323,1.064,0.269,0.578,-0.241,-1.194,
FLEX,⚡panic,1.303,9.256,3.705,0.328,-0.425,0.935,2.34,1.482,-0.778,-1.422
FLGT,⚡panic,-1.432,10.785,-0.975,0.669,0.069,-1.653,4.214,3.925,5.737,-6.298
FLNC,🎰lottery,-1.495,19.425,-3.086,1.225,-1.392,-0.389,-0.64,5.119,-2.678,-10.009
FLNG,⚡panic,0.085,7.285,3.264,0.585,-0.489,-0.426,2.376,0.945,0.372,-6.272
FLO,🏦majority,-0.572,4.642,-0.53,-0.093,0.246,0.265,-0.462,0.335,-0.585,-3.736
FLR,🏦majority,1.828,8.255,0.589,1.008,0.668,-1.274,1.622,1.413,-0.351,-2.162
FLS,🏦majority,0.958,7.402,0.077,0.57,0.917,-0.023,-0.115,-0.806,1.439,-4.846
FLUT,🎰lottery,-0.054,7.778,-0.901,-0.994,1.413,0.252,-0.542,-1.32,-0.28,
FLYW,🏦majority,-0.044,10.959,0.942,-0.496,-0.033,-0.861,0.081,1.915,1.629,-1.891
FMC,🎰lottery,-0.281,9.216,0.152,0.259,0.685,-0.38,0.152,-1.896,-1.603,-7.18
FN,🏦majority,0.971,10.082,0.639,0.585,1.259,0.137,-0.169,2.799,-0.559,-3.555
FNB,🏦majority,0.52,5.621,1.213,0.12,-0.78,-0.599,0.125,-0.758,-0.557,-2.884
FND,🎰lottery,-0.587,8.507,-0.057,0.556,0.168,-1.48,0.464,-1.268,-1.716,-11.312
FNF,🏦majority,0.803,5.309,-0.538,0.583,1.088,-0.536,0.104,0.924,1.381,-5.105
FNKO,⚡panic,-0.213,14.848,-1.62,3.327,-1.753,-1.367,0.328,-1.513,-5.944,
FNV,🏦majority,0.391,5.947,1.298,-0.547,-0.185,0.916,-0.098,0.53,-0.758,-2.647
FORM,⚡panic,0.993,10.744,1.349,1.188,0.145,-1.278,2.074,0.0,-1.666,-6.958
FOUR,⚡panic,-0.42,10.753,3.221,-1.128,-0.074,0.152,2.782,-1.639,-1.527,-4.706
FOX,🏦majority,0.829,5.426,0.54,0.296,-0.41,-0.736,0.483,-0.209,0.716,-1.426
FOXA,🏦majority,0.803,5.568,1.045,0.341,-0.468,-0.919,0.449,-0.957,1.748,-2.674
FOXF,🏦majority,-1.59,9.678,1.944,-0.667,-0.964,0.142,0.368,-0.755,-2.415,-5.263
FPI,🏦majority,-0.185,7.217,0.943,-0.824,-2.528,-0.028,0.719,0.698,0.708,
FR,🏦majority,0.406,4.572,0.319,-0.105,0.002,-0.937,-0.036,0.081,-0.106,-3.254
FRHC,🏦majority,0.826,8.149,1.032,-1.486,-0.985,0.866,0.227,0.021,1.356,-5.405
FRME,🏦majority,-0.258,6.581,0.911,0.56,0.032,-0.661,0.773,-1.206,-0.479,
FRO,🏦majority,1.488,9.68,1.789,-0.027,0.096,0.265,0.023,-2.143,1.287,-3.927
FROG,⚡panic,0.484,10.822,1.184,0.268,-0.744,-0.704,0.13,-2.516,2.337,-8.415
FRPT,🎰lottery,-0.111,10.613,-1.692,-0.311,2.427,0.561,-0.838,-1.935,-0.292,-6.963
FRSH,⚡panic,-0.883,10.481,1.067,0.002,-1.044,-1.663,1.375,0.822,0.184,-14.604
FRT,🏦majority,0.187,4.308,0.959,0.129,-0.414,-0.213,0.503,-0.248,0.716,-1.599
FSK,🏦majority,0.313,4.948,0.156,0.521,-0.017,-0.313,-0.774,0.541,1.238,-2.707
FSLR,⚡panic,-0.185,11.022,1.06,-0.919,0.34,-1.266,2.76,-0.698,1.927,-5.765
FSLY,🎰lottery,-0.473,16.137,-0.91,1.357,-0.882,-0.295,0.602,-0.808,-1.731,-13.541
FSS,🏦majority,0.646,6.099,0.775,0.02,0.235,0.032,0.45,-0.075,-1.468,-2.901
FSV,🏦majority,0.135,4.915,-0.942,-0.035,0.562,-0.026,0.424,-0.151,-0.839,-3.816
FTAI,🏦majority,2.142,11.006,0.203,2.344,1.946,-0.193,-0.048,-0.343,-2.252,-7.305
FTDR,🏦majority,0.587,8.526,0.428,-0.357,-0.4,-0.19,0.47,-1.516,-0.325,-12.385
FTI,🏦majority,2.22,8.246,2.475,0.389,0.581,0.328,1.036,-0.714,-1.305,-1.651
FTNT,⚡panic,0.865,8.356,3.132,0.0,-1.018,-0.749,2.512,-0.762,0.836,-6.242
FTRE,🎰lottery,-0.48,14.431,-1.026,-0.503,2.415,-2.574,0.413,-2.128,11.206,-4.065
FTS,🏦majority,0.473,3.208,1.069,0.162,-0.034,-0.632,0.588,-0.514,-1.246,-2.104
FTV,🏦majority,0.281,4.69,0.533,0.127,-0.022,-0.306,0.524,0.637,0.603,-1.852
FUBO,🎰lottery,-3.977,18.117,0.34,0.621,-0.383,0.235,0.359,0.21,5.692,-15.816
FUL,🏦majority,-0.25,5.591,1.588,0.25,-0.318,-1.079,0.996,-0.366,0.853,-3.765
FULT,🏦majority,0.291,6.389,1.304,-0.16,-0.735,0.665,0.911,0.823,-0.739,-4.226
FUN,⚡panic,0.018,8.736,2.19,0.513,-0.135,-0.508,1.681,-0.469,-2.164,-7.113
FVRR,⚡panic,-1.93,11.502,2.018,0.227,-1.693,-0.573,-0.166,0.483,0.508,-8.154
FWONA,⚡panic,0.639,5.857,3.209,0.975,0.774,-0.354,3.163,-1.614,-1.71,-4.28
FWONK,⚡panic,0.631,5.096,3.312,0.623,-0.349,-0.822,2.421,0.122,-1.365,-3.21
FWRD,🎰lottery,-0.266,14.201,-0.975,-0.135,-0.198,0.712,-0.515,0.947,1.037,-10.201
FWRG,⚡panic,-0.925,9.783,2.549,0.191,-0.7,-1.188,1.944,0.741,-3.448,-1.846
G,🏦majority,-0.406,5.713,0.985,-0.366,0.293,-0.18,0.275,0.0,0.556,-4.429
GATX,🏦majority,0.673,4.98,-0.281,-0.033,0.482,-0.013,-0.255,-0.248,-0.269,-4.779
GBCI,🏦majority,0.164,6.702,-0.279,0.747,-0.007,-0.532,-0.565,-1.737,-1.668,-3.353
GBDC,🏦majority,0.203,3.28,0.745,0.257,-0.011,-0.066,0.292,-0.769,0.066,-1.687
GBX,🏦majority,0.292,8.901,0.424,0.064,-0.121,1.009,0.471,-0.63,-2.171,-3.788
GCO,🎰lottery,0.146,13.931,0.531,1.646,1.797,0.667,0.734,0.02,-5.644,
GCT,🎰lottery,1.633,18.467,-2.721,-0.655,-1.311,-3.108,-2.02,-4.901,1.526,-5.938
GD,🏦majority,0.607,3.576,0.611,0.271,-0.223,-0.913,-0.176,-0.864,-0.643,-2.286
GDDY,🏦majority,0.319,6.457,-0.491,0.234,0.574,0.25,0.541,-0.413,0.993,-4.806
GDOT,⚡panic,-0.646,10.815,1.655,0.185,-0.686,-0.588,1.491,-0.771,-3.781,-14.296
GDRX,🎰lottery,-1.206,13.735,1.032,0.033,0.854,0.044,-1.734,-2.965,-3.306,-15.237
GDYN,🎰lottery,0.248,13.349,-3.149,-1.144,3.454,0.927,-4.838,0.978,-2.417,-8.05
GE,🏦majority,1.579,6.196,-0.47,0.317,-0.923,-0.121,0.531,0.099,-1.814,-6.755
GEF,🏦majority,0.204,5.657,0.718,0.127,0.471,0.617,0.618,-1.846,0.425,-3.513
GEHC,🏦majority,0.267,6.072,0.344,0.33,-0.009,-1.556,0.142,-2.004,-0.345,-2.749
GEL,🏦majority,0.661,10.133,1.695,0.224,0.479,-0.42,1.09,1.158,-3.688,
GEN,🏦majority,0.182,6.651,-1.03,1.025,0.868,0.199,-1.299,-0.184,3.452,-3.524
GENI,🎰lottery,0.0,11.837,-1.758,0.501,1.311,-0.618,-0.468,0.059,-1.085,-11.867
GEO,🎰lottery,1.139,10.607,-1.005,-0.219,1.61,-0.311,-2.1,-0.406,-2.465,-3.923
GFF,🏦majority,1.181,8.432,0.661,0.155,-1.219,-0.698,0.016,0.234,-1.249,-3.92
GFL,🏦majority,0.349,5.608,-0.034,-0.234,-0.529,0.284,-0.012,0.578,-0.349,-3.231
GFS,🏦majority,0.145,10.289,1.636,0.511,-0.54,0.438,0.331,-0.648,1.084,-1.049
GGG,🏦majority,0.007,4.277,0.261,0.25,-0.414,-0.333,1.461,0.168,-0.722,-1.325
GH,🏦majority,0.374,14.353,2.99,-2.246,-2.31,1.007,2.268,-3.428,2.824,-10.42
GHC,⚡panic,0.767,5.759,2.233,0.407,-0.804,-1.303,0.425,-1.97,0.529,
GIB,🏦majority,0.067,4.116,-0.331,-0.055,0.04,-0.211,-0.445,0.291,-0.608,-4.247
GIII,⚡panic,0.93,9.128,1.837,1.38,0.723,-0.44,2.278,-1.948,-0.692,-7.628
GIL,🏦majority,0.537,6.077,0.084,0.028,0.807,0.089,0.16,-1.24,-0.377,-3.897
GILD,🏦majority,0.422,4.724,-0.466,0.554,-0.168,-0.169,0.044,-0.014,-1.199,-3.64
GIS,🏦majority,-0.368,4.027,-0.458,-0.121,-0.012,-0.192,-0.437,-1.138,-1.128,-3.72
GKOS,🏦majority,1.307,9.679,-0.96,0.818,0.82,-1.153,-0.431,0.512,0.415,-3.275
GL,🏦majority,0.697,6.169,2.509,0.652,-0.303,-0.347,1.373,-0.102,0.359,-3.288
GLBE,⚡panic,0.539,11.437,1.749,1.328,-1.399,-0.211,1.604,-1.832,-0.31,-7.837
GLNG,🏦majority,0.237,7.756,2.048,-0.533,0.238,-0.0,0.847,1.689,-1.976,-4.035
GLOB,⚡panic,-1.041,10.005,1.377,0.203,-0.394,-0.873,1.229,0.081,2.753,-6.791
GLPI,🏦majority,0.105,3.62,1.339,0.295,0.323,-0.562,0.591,0.332,-0.072,-3.102
GLW,🏦majority,0.907,7.727,-0.076,-0.169,-0.477,0.488,-0.08,1.433,0.941,-7.33
GM,🏦majority,0.233,7.196,0.5,0.339,-1.144,-0.824,0.527,-1.578,1.18,-7.148
GME,⚡panic,-1.621,14.826,1.846,0.121,-0.978,-0.992,1.133,-3.613,-3.942,-8.665
GMED,🏦majority,0.06,7.474,0.632,0.24,-0.152,-0.347,-0.264,-0.675,2.297,-5.416
GNK,🏦majority,0.699,7.877,-1.058,0.222,0.457,0.107,0.667,-0.934,2.019,-1.864
GNL,🏦majority,-0.538,5.87,-0.335,-0.125,-0.189,0.267,-0.215,-0.51,0.204,-6.03
GNRC,🎰lottery,-0.33,10.795,-0.492,-0.708,1.417,0.547,-1.443,-0.479,0.277,-4.331
GNTX,🏦majority,-0.053,4.969,-0.156,0.1,-0.077,0.227,0.249,-0.273,-0.403,-3.067
GNW,🏦majority,1.033,5.965,2.104,0.744,0.83,0.38,0.529,-0.442,-0.202,-3.252
GO,🏦majority,-0.486,9.18,-0.425,-1.377,0.61,0.127,-0.84,-0.34,0.516,-4.937
GOGO,🏦majority,-1.182,12.45,-1.055,0.399,-0.202,1.61,-0.342,3.707,-3.32,-6.45
GOLD,🏦majority,0.122,9.56,0.476,0.329,1.573,-0.459,-0.122,-0.463,1.566,-1.728
GOLF,⚡panic,0.433,5.884,2.323,0.093,-1.123,-1.156,2.259,-0.785,-0.247,-4.217
GOOD,🏦majority,-0.87,6.947,-0.275,-0.534,1.214,-0.442,-0.192,0.64,0.743,
GOOG,🏦majority,0.903,5.915,-0.47,-0.052,1.079,-0.298,-0.264,1.29,-0.105,-3.376
GOOGL,🏦majority,0.914,5.946,-0.473,-0.048,1.059,-0.585,0.24,0.011,-0.298,-7.467
GOOS,🏦majority,-1.548,10.123,1.507,-0.114,1.054,0.084,0.319,1.09,1.548,-8.496
GPC,🏦majority,0.289,5.211,1.005,-0.34,0.526,-0.198,-0.046,0.083,-0.137,-2.913
GPI,🏦majority,0.515,6.453,0.737,-0.026,-0.719,-0.032,0.853,2.394,0.724,-3.087
GPK,🏦majority,0.069,5.421,0.494,0.566,-0.147,-0.286,-0.239,-0.734,-1.499,-6.646
GPN,🏦majority,-0.4,6.859,-0.101,0.275,-0.701,0.2,0.04,-0.323,1.183,-2.575
GPOR,🏦majority,1.069,7.98,0.799,1.259,0.991,-0.195,0.238,-2.615,-0.93,-5.955
GPRE,🏦majority,-0.971,10.125,1.221,-0.255,-1.038,0.971,0.241,1.844,-3.12,-5.832
GPRK,⚡panic,0.956,12.642,3.653,1.602,1.513,-0.803,1.532,0.814,0.898,-8.145
GRBK,🏦majority,0.877,8.841,-0.492,0.625,1.315,-1.268,-0.768,-0.717,-0.758,-6.407
GRMN,🏦majority,0.297,6.301,1.024,0.393,0.323,-0.441,0.551,-1.087,-2.122,-2.183
GRPN,⚡panic,-0.767,17.434,2.468,-0.222,0.283,-3.291,-1.149,0.722,2.266,-6.237
GS,🏦majority,0.975,5.71,0.765,0.273,0.138,-0.042,-0.139,-0.01,0.512,-3.503
GSAT,⚡panic,0.0,14.662,3.585,-0.466,1.097,-1.842,3.008,-0.994,-3.03,-16.058
GSBD,🏦majority,-0.148,4.114,0.811,0.474,0.023,0.301,0.594,0.096,-0.668,-5.038
GSHD,🏦majority,0.24,11.32,-0.311,-0.837,0.045,-0.007,-0.035,-0.788,-0.378,-5.312
GSL,🏦majority,1.102,7.275,0.402,-0.481,-0.136,0.181,-1.524,-1.482,-2.675,-3.874
GT,⚡panic,0.268,9.752,1.526,0.883,-1.749,-0.762,1.614,-1.971,-2.414,-3.591
GTES,🏦majority,0.674,6.898,0.685,0.114,-0.479,-0.955,1.372,-0.443,0.232,-4.473
GTLB,🏦majority,-0.703,13.69,2.821,-1.122,0.006,-0.792,3.075,4.527,-0.503,-10.894
GTLS,⚡panic,0.209,10.694,2.023,-0.055,-0.186,-0.079,3.377,-0.106,-0.096,-5.388
GTN,🎰lottery,-0.724,9.951,0.67,-0.421,-0.38,-0.325,-2.683,-1.824,-4.352,-8.953
GTX,⚡panic,1.102,9.101,2.092,-0.56,-0.09,-1.216,1.682,1.598,-1.653,-4.677
GTY,🏦majority,-0.198,4.446,-0.019,0.473,0.02,0.024,0.722,0.152,-0.282,-4.121
GVA,🏦majority,0.979,6.778,0.387,-0.791,-0.055,0.769,0.111,-0.111,-0.032,-8.682
GWRE,🏦majority,0.623,8.234,-0.172,0.255,0.825,0.402,1.77,0.677,-1.497,-13.546
GWW,🏦majority,0.533,5.039,-0.333,-0.309,-0.187,0.356,0.098,0.002,0.173,-2.211
GXO,🏦majority,0.157,8.275,0.349,-0.613,-0.215,-0.157,0.105,1.672,-0.667,-4.706
H,🏦majority,0.945,6.63,1.497,0.926,-0.043,-0.064,0.688,-1.98,-1.947,-1.303
HAE,🏦majority,-0.031,8.731,0.576,0.805,1.382,0.527,1.556,0.586,1.459,-2.115
HAL,🏦majority,0.505,8.036,1.199,0.264,-0.505,-0.034,0.207,0.206,-0.615,-8.721
HALO,🏦majority,0.813,7.982,1.129,-1.337,-0.154,-0.242,0.556,0.156,2.176,-5.045
HAS,🏦majority,0.173,6.233,-0.331,-0.026,0.43,-0.097,-0.435,-0.982,0.248,-6.797
HASI,⚡panic,0.331,9.718,2.279,0.944,0.369,-0.256,2.369,-1.048,0.214,-5.637
HAYW,🏦majority,-0.252,7.388,1.763,-0.342,0.317,-0.171,0.184,0.093,-2.834,-4.681
HBAN,🏦majority,0.705,6.326,0.633,0.493,0.003,0.209,0.712,-0.347,0.45,-1.917
HBM,⚡panic,1.672,10.317,2.866,0.059,-1.813,0.629,2.676,-2.992,-1.486,-8.499
HCA,🏦majority,0.888,5.873,-1.158,-0.276,0.972,0.605,-0.932,0.6,1.18,-3.842
HCC,⚡panic,0.885,9.327,3.109,0.525,0.639,-0.925,1.119,1.427,-2.632,-10.801
HCI,🎰lottery,0.844,9.574,-4.386,1.157,-0.278,0.432,-2.134,1.593,-0.161,-4.27
HCSG,🏦majority,-0.057,8.685,-0.463,0.769,-0.327,-0.476,1.053,-1.184,0.46,-5.226
HD,🏦majority,0.396,4.689,-0.246,0.1,0.145,0.561,-0.691,-0.383,1.092,-3.076
HE,🏦majority,-0.136,9.861,1.299,0.112,-0.253,0.183,0.019,-1.627,-0.883,-2.874
HEI,🏦majority,0.808,5.154,1.297,-0.165,-0.522,-0.476,0.824,-0.086,0.555,-3.343
HELE,🎰lottery,-1.108,10.085,0.086,-0.293,0.258,-1.058,0.354,0.105,1.983,-9.176
HESM,🏦majority,0.611,5.095,1.378,0.723,0.296,-0.062,1.211,-1.247,-0.357,-2.898
HGV,🏦majority,-0.022,7.288,1.634,0.501,0.847,-0.245,1.081,0.767,-1.518,-4.291
HHH,🏦majority,0.079,5.551,-0.848,1.243,-0.859,-0.269,2.016,-1.317,-1.342,
HIG,🏦majority,0.934,3.938,1.064,0.625,-0.41,-0.379,0.518,0.035,0.587,-4.293
HII,🏦majority,0.273,5.947,0.595,-0.654,0.407,0.034,0.745,0.119,0.578,-4.085
HIMS,🏦majority,0.0,17.605,-0.513,-1.45,1.263,1.507,-3.161,2.329,0.299,-6.159
HIW,🏦majority,-0.201,5.903,-0.21,-0.674,0.796,0.043,-0.131,0.656,0.418,-6.003
HL,🎰lottery,0.378,11.646,0.036,0.495,2.575,2.13,0.337,0.68,-0.876,-4.015
HLF,🏦majority,-1.4,12.169,0.396,-0.882,1.323,1.081,0.501,-0.614,0.645,-2.864
HLI,🏦majority,0.725,5.556,0.879,0.037,0.28,-0.745,0.313,-0.368,-0.501,-10.463
HLIO,🏦majority,0.0,9.263,-2.177,0.604,0.577,0.746,0.421,0.8,2.019,-1.212
HLIT,⚡panic,0.529,9.478,2.078,0.253,0.256,-1.926,-0.912,-1.373,-1.13,-6.778
HLMN,🏦majority,-0.476,7.757,0.227,0.068,0.388,-1.418,-0.352,-0.458,2.907,-6.309
HLNE,🏦majority,0.236,7.474,0.058,-1.554,-0.476,0.55,-0.439,2.236,0.217,-3.979
HLT,🏦majority,1.025,5.159,0.891,1.073,-0.317,-0.42,0.095,-0.155,0.718,-2.563
HLX,🏦majority,0.499,8.827,2.22,1.148,1.197,1.136,0.814,-1.207,-2.345,-1.204
HMN,⚡panic,0.386,4.722,2.882,0.469,-0.194,-1.031,0.927,0.112,1.139,
HNI,🏦majority,0.696,6.747,-0.588,0.845,-0.12,-1.704,0.341,1.42,-1.655,-5.222
HOG,⚡panic,-0.651,7.36,0.478,0.338,-1.798,-2.113,1.3,-1.219,0.24,-5.325
HOMB,🏦majority,0.324,5.023,1.441,-0.008,-0.404,-0.467,0.794,2.093,-0.825,-5.408
HON,🏦majority,0.14,6.177,0.633,0.088,-0.43,-0.587,0.985,-0.931,0.188,-3.247
HOOD,🏦majority,0.975,13.499,-0.136,-2.559,-3.062,-0.756,-1.32,-3.612,-3.155,-8.516
HOPE,🏦majority,-0.143,6.436,0.969,0.143,-0.595,-0.583,0.241,3.082,-0.481,-9.512
HOV,⚡panic,-0.623,14.604,1.282,1.468,0.393,-1.463,1.593,-2.377,-4.158,-18.267
HP,⚡panic,0.437,9.212,0.541,-0.316,-0.54,-1.208,0.228,-0.462,-0.285,-11.574
HPE,🏦majority,1.056,8.425,1.747,0.327,0.156,0.414,-0.501,2.548,-0.437,-4.248
HPK,⚡panic,-1.898,15.082,2.778,1.262,-0.868,-0.856,6.195,1.898,0.175,
HPP,🏦majority,-1.956,12.36,0.877,-1.053,-1.273,-0.002,2.22,1.178,0.049,-2.082
HPQ,🏦majority,0.074,6.892,-0.484,1.185,-0.041,-0.616,0.388,0.109,-0.137,-3.488
HQY,🏦majority,1.105,7.361,0.563,-0.392,0.21,-0.649,-0.254,-0.376,-2.208,-3.623
HR,🏦majority,0.0,4.889,0.754,0.322,-0.523,-0.117,1.207,-0.71,1.078,-6.035
HRB,🏦majority,0.125,6.651,0.072,0.145,-0.125,-0.17,0.167,-0.086,-1.596,-4.031
HRI,🎰lottery,0.634,10.592,0.026,0.974,0.226,-0.021,-1.271,-0.896,-2.157,-7.718
HRL,🏦majority,-0.242,4.757,0.406,-0.032,-0.362,-0.322,0.617,-1.057,1.122,-2.632
HRMY,🏦majority,0.838,9.689,-0.107,0.012,0.106,1.484,-0.306,-0.248,-0.396,-6.555
HROW,🎰lottery,2.19,15.88,0.814,-2.101,5.431,-3.249,-1.447,-0.893,1.72,-4.545
HSIC,🏦majority,0.058,4.813,0.859,-0.051,0.209,-0.568,0.861,-0.063,-0.833,-4.588
HST,🏦majority,0.334,5.629,0.603,0.465,-0.433,-0.52,0.22,-0.289,-0.949,-3.237
HSY,🏦majority,-0.192,4.552,-1.215,0.061,0.585,0.164,-0.99,-0.32,1.608,-5.366
HTGC,🏦majority,0.461,5.431,-0.522,0.273,-0.461,-0.043,-0.858,-0.405,-0.2,-4.633
HTH,🏦majority,0.0,5.406,0.951,0.198,-0.279,-0.33,0.928,-0.45,1.037,-3.166
HTZ,🎰lottery,-1.36,12.468,1.622,0.868,-0.275,1.078,-1.891,-0.847,2.495,-5.867
HUBB,🏦majority,1.242,5.314,-0.68,-0.094,0.012,0.091,-0.595,1.558,0.153,-2.216
HUBG,🏦majority,0.489,6.842,0.841,0.641,-0.604,-0.261,0.957,0.586,-1.959,-7.042
HUBS,🎰lottery,0.294,10.197,0.358,-0.546,1.274,-0.996,0.778,-2.989,-0.17,-14.767
HUM,🏦majority,0.353,7.949,0.348,-0.121,0.928,-0.038,-0.75,-0.203,0.22,-4.812
HUN,🏦majority,-0.478,7.462,1.179,0.048,-0.105,-0.535,0.402,-0.093,-0.336,-7.208
HURN,🏦majority,1.012,7.416,1.643,0.376,0.361,-0.08,-0.149,-1.321,-1.148,-4.484
HUT,🎰lottery,1.639,21.353,-6.262,-0.439,4.38,0.278,-5.645,-4.031,-4.332,-14.709
HWC,🏦majority,0.747,6.489,0.453,0.738,-0.611,-0.526,0.569,-0.255,-0.514,-5.372
HWKN,🏦majority,2.309,8.481,2.919,0.142,0.06,-0.4,0.308,-0.055,2.346,
HWM,🏦majority,1.441,6.167,0.472,0.633,1.174,-0.082,0.302,-0.118,0.256,-5.601
HXL,🏦majority,0.784,6.073,1.274,0.558,1.385,-0.816,0.426,-1.289,-0.959,-4.274
HZO,⚡panic,0.0,9.298,0.759,1.091,-0.252,-0.153,1.758,-1.316,1.752,-10.661
IAC,🏦majority,-0.59,7.602,0.634,0.184,0.284,-0.252,0.689,-1.774,-0.761,-4.599
IART,🏦majority,-0.483,9.29,-0.184,0.298,0.898,-1.607,0.973,0.096,-0.225,-6.246
IBKR,🏦majority,1.604,6.796,0.728,-0.29,0.542,0.524,0.14,-0.007,-0.598,-2.133
IBM,🏦majority,0.423,6.101,0.175,-0.15,0.65,0.289,-0.719,0.965,-1.072,-3.034
IBOC,🏦majority,0.479,5.431,0.961,0.619,0.227,-0.445,0.192,-0.429,-0.275,-5.578
IBP,🏦majority,0.667,9.117,0.821,-0.941,0.486,-0.222,0.492,-0.344,-0.347,-10.004
ICE,🏦majority,0.479,4.689,-0.76,-0.145,0.547,0.144,-0.783,0.419,0.194,-3.488
ICFI,⚡panic,0.182,6.689,0.989,0.206,-0.02,-1.211,1.442,-3.081,-0.943,-4.433
ICHR,🏦majority,-0.015,14.901,2.98,-0.446,-0.738,0.147,-2.448,3.085,0.76,-10.431
ICL,🏦majority,-0.783,8.287,0.783,0.455,0.57,-0.112,-1.009,-1.565,-0.955,
ICLR,⚡panic,0.457,8.815,0.971,-0.441,-0.481,-0.297,1.561,0.633,-0.914,-13.095
ICUI,🏦majority,0.14,7.365,0.068,-0.08,-1.297,-0.807,0.618,-0.37,1.433,-5.275
IDA,🏦majority,0.336,3.457,0.636,0.012,-0.197,-0.567,0.452,-0.445,-0.162,-2.084
IDCC,🏦majority,0.406,7.635,0.112,-0.214,-0.849,-0.435,0.964,0.703,-0.061,-7.403
IDT,🏦majority,1.96,11.714,1.475,0.0,0.526,-0.933,-1.763,0.844,-0.589,
IDXX,🏦majority,-0.248,6.61,0.581,0.411,-0.833,0.495,1.601,0.535,-1.146,-4.62
IDYA,🏦majority,0.319,11.229,1.383,-1.008,-1.402,-0.252,-1.048,-0.446,-1.211,-1.999
IE,🎰lottery,-0.518,15.299,-2.773,-2.272,0.096,-3.03,-2.675,1.903,7.449,
IEP,🎰lottery,-0.528,8.929,-0.337,-0.145,0.193,0.728,0.034,0.04,-1.503,-10.588
IESC,🏦majority,4.627,14.474,3.073,3.434,1.43,1.267,-1.308,0.172,-1.762,-4.062
IEX,🏦majority,0.134,4.502,-0.042,-0.152,-0.394,-0.303,-0.339,-0.624,0.191,-2.109
IFF,🏦majority,0.0,6.147,1.233,0.543,-0.722,-0.295,0.834,-1.392,0.059,-2.826
IIIV,🏦majority,0.266,10.297,1.115,-0.09,1.182,-0.255,2.561,3.89,-0.819,
IIPR,🏦majority,-0.019,8.2,0.553,-0.472,-0.313,-0.049,0.13,-1.543,-0.329,-6.237
ILMN,🏦majority,0.226,8.552,-0.219,-0.612,-0.78,-0.549,-1.509,-0.191,-0.907,-4.158
IMAX,🏦majority,0.325,8.041,1.34,-0.165,-0.149,0.745,1.527,-0.241,-1.204,-4.087
IMKTA,🏦majority,0.404,5.7,0.044,0.301,-0.45,-0.582,0.079,-0.753,-3.672,-5.598
IMNM,⚡panic,-0.605,18.113,3.185,-0.362,-1.397,-0.323,3.691,-1.607,-3.25,
IMO,🏦majority,1.753,6.701,0.662,0.398,0.325,-0.151,-0.06,0.638,-0.116,-3.55
IMVT,⚡panic,0.287,12.564,1.311,0.3,-0.135,-1.254,-0.052,-1.719,-2.582,-2.219
IMXI,🎰lottery,0.19,10.345,-0.858,1.037,0.491,-0.445,-2.241,-3.217,-2.527,
INBX,🏦majority,-0.896,21.049,-0.155,-0.968,-0.148,0.692,-1.368,1.042,0.583,
INCY,🏦majority,0.048,5.851,-0.547,-0.155,-0.227,0.041,-0.014,2.903,2.255,-3.52
INDB,🏦majority,-0.111,6.65,-0.427,-0.063,0.298,0.005,0.5,-0.302,-2.103,-3.701
INDI,🏦majority,-0.657,12.605,2.585,-1.384,-1.444,-0.387,-0.126,-1.29,-4.559,-9.763
INGR,🏦majority,0.217,3.948,0.436,-0.278,0.086,0.068,0.682,-0.176,0.419,-1.869
INMD,🏦majority,-0.588,9.971,-0.013,0.406,-0.186,-0.715,0.538,0.942,0.734,-3.724
INN,⚡panic,-0.191,7.719,1.55,0.419,-1.049,-0.782,0.075,-1.029,-0.642,
INOD,🏦majority,0.398,21.812,2.343,-1.582,-0.06,3.009,-1.384,6.416,-1.833,-11.121
INSM,⚡panic,0.053,10.805,0.755,0.656,-0.545,-0.402,2.402,0.618,3.588,-5.734
INSP,⚡panic,-0.049,12.292,0.578,-0.417,-0.767,-0.806,2.033,-0.71,2.319,-2.007
INSW,🏦majority,1.595,8.141,-0.299,-1.019,0.484,0.193,0.617,1.23,1.936,-6.534
INTA,🎰lottery,-0.128,12.544,0.068,1.132,-0.581,-0.736,-2.637,-1.561,1.011,-10.796
INTC,⚡panic,-0.125,11.696,0.74,0.856,0.443,-1.082,0.092,-1.466,-0.564,-4.588
INTU,🏦majority,0.113,7.235,0.28,0.605,-0.737,-0.626,-0.115,-0.892,-0.201,-9.53
INVA,🏦majority,-0.25,6.18,0.024,-0.513,-0.367,0.942,-0.415,-1.803,0.045,-4.274
INVH,🏦majority,0.093,4.175,2.396,-0.441,-0.861,-0.068,1.514,-0.356,-1.717,-4.953
IONQ,🏦majority,-0.115,21.338,3.338,-2.079,-4.008,0.332,0.537,0.484,-0.356,-14.046
IONS,🏦majority,0.381,8.192,1.222,0.155,-0.1,0.307,1.24,-0.202,-2.081,-9.327
IOSP,🏦majority,-0.013,5.553,0.799,0.093,0.607,-0.245,0.197,-1.076,-0.342,-4.213
IOT,⚡panic,0.301,13.303,3.353,0.561,1.23,-0.843,3.196,-1.756,-0.343,-10.603
IOVA,⚡panic,-2.038,15.9,3.81,-1.612,-3.845,-1.159,4.224,0.609,-3.618,-11.067
IP,🏦majority,-0.155,6.703,0.339,0.652,0.51,0.045,0.981,-1.128,0.261,-4.141
IPAR,🏦majority,0.381,6.994,1.015,-0.655,-0.745,0.243,-0.009,-0.215,0.62,-8.43
IPGP,⚡panic,-0.172,8.74,1.188,0.395,-0.791,-0.922,0.799,-0.388,0.283,-6.438
IPI,🎰lottery,-0.09,15.203,0.464,-2.067,2.116,0.447,-2.959,-4.98,2.115,-30.311
IQV,🏦majority,-0.008,6.826,0.458,-0.225,-0.62,-0.392,0.203,-1.218,0.727,-5.381
IR,🏦majority,0.651,5.791,0.831,0.156,-0.017,-0.43,0.465,1.24,0.48,-3.766
IRDM,🏦majority,-0.197,8.865,-0.254,0.097,0.098,0.278,0.404,-0.696,-0.562,-2.666
IREN,🎰lottery,1.718,23.065,-6.142,-0.232,-0.307,-2.593,-4.908,9.816,-9.85,
IRM,🏦majority,1.077,6.249,0.31,0.539,-0.514,0.188,2.042,-1.059,0.03,-5.825
IRON,🏦majority,1.325,12.872,-2.665,-0.927,-1.436,-0.987,1.003,-1.31,0.899,-4.69
IRT,🏦majority,0.317,5.179,-0.636,-0.012,0.17,-0.048,-0.936,-0.147,1.158,-4.143
IRTC,🏦majority,0.514,11.578,-0.828,0.079,-0.499,-0.82,0.363,0.139,0.472,-4.551
IRWD,🏦majority,-0.353,8.109,0.65,-0.582,-0.546,-0.168,1.309,0.37,1.331,-2.841
ISRG,🏦majority,0.444,6.566,0.211,-1.412,-0.59,-0.381,0.778,-2.319,0.169,-6.989
IT,🏦majority,0.318,7.345,-0.049,0.155,-0.139,-0.093,0.037,0.868,1.566,-11.07
ITGR,🏦majority,0.301,6.49,0.025,0.601,0.187,-0.117,0.481,-1.365,-0.635,-10.151
ITRI,🏦majority,-0.196,7.664,0.446,0.44,0.265,0.727,0.296,0.584,-0.652,-0.677
ITT,🏦majority,0.675,5.543,1.058,-0.387,-0.081,-0.303,0.985,0.163,-1.79,-0.823
ITW,🏦majority,0.138,4.135,-0.306,0.327,0.084,0.133,0.12,-0.387,0.548,-2.038
IVR,🏦majority,-0.315,7.938,-0.409,0.202,0.544,-0.817,0.593,-0.597,-0.328,-5.854
IVT,🏦majority,0.627,4.815,2.194,0.497,-0.279,-0.627,0.894,-0.304,0.343,-5.747
IVZ,🏦majority,0.375,7.265,0.089,0.012,0.743,0.327,-1.55,-1.691,-0.423,-5.53
J,🏦majority,0.289,4.442,1.39,-0.002,-0.328,-0.45,1.41,0.098,-0.661,-3.767
JACK,🎰lottery,-0.862,9.863,-1.581,0.536,0.157,0.403,-1.772,4.243,-0.454,-9.765
JANX,⚡panic,-0.507,16.307,0.019,1.352,0.939,0.297,3.318,-2.798,-5.474,
JAZZ,🏦majority,0.286,6.356,0.746,0.465,0.219,-1.254,0.582,-1.355,2.544,-4.267
JBGS,🏦majority,-0.577,6.036,0.675,0.479,-0.845,-0.021,1.512,0.435,-0.714,-4.056
JBHT,🏦majority,0.565,6.0,0.37,0.175,-0.256,-1.15,0.224,-1.714,0.585,-2.628
JBI,⚡panic,0.0,9.591,2.96,0.4,-1.043,-0.559,1.959,-1.575,0.2,-5.493
JBL,🏦majority,1.494,7.478,2.367,1.206,0.653,0.395,-0.113,-0.085,0.27,-4.476
JBLU,⚡panic,-0.231,9.927,1.091,0.367,-1.11,0.231,0.849,-1.183,-0.055,-7.155
JCI,🏦majority,0.672,5.836,-0.904,0.181,0.401,0.541,0.246,1.531,-0.519,-1.958
JEF,🏦majority,1.63,7.561,-0.157,-0.054,0.142,-0.831,-0.094,-0.648,-1.194,-2.728
JELD,⚡panic,-0.863,11.262,1.626,-0.033,-1.841,-0.231,-0.447,-2.008,-0.443,-11.43
JHG,🏦majority,0.551,5.919,-0.234,0.465,0.481,-0.343,-0.237,0.005,0.369,-6.944
JJSF,🏦majority,-0.648,5.607,-0.049,0.306,0.483,0.43,-0.08,-1.166,2.162,-2.306
JKHY,🏦majority,0.008,4.66,0.761,-0.282,-0.335,0.009,0.434,-0.561,-0.071,-3.842
JLL,🏦majority,0.82,6.759,1.701,-0.061,0.017,0.025,0.52,0.353,-1.428,-7.783
JNJ,🏦majority,0.145,3.397,-0.065,-0.116,-0.281,0.01,0.106,0.735,-0.268,-1.933
JOBY,⚡panic,-1.003,14.789,1.003,0.015,-2.151,-3.461,1.003,2.156,0.589,-6.096
JOE,🏦majority,0.128,6.742,-0.801,0.434,0.439,0.251,0.403,2.644,0.758,-5.187
JPM,🏦majority,0.9,4.885,0.09,0.448,0.657,0.053,-0.415,0.001,1.207,-3.083
JXN,🏦majority,1.43,8.477,0.362,0.382,0.285,-0.885,0.057,-0.105,1.341,-4.012
KAI,🏦majority,0.507,6.457,1.134,0.213,-0.482,-0.936,-0.369,-1.835,-0.167,-7.278
KALU,⚡panic,0.933,9.596,1.455,0.017,0.378,-1.515,0.254,-0.967,1.512,-8.744
KBH,⚡panic,0.538,6.928,2.518,-0.075,-0.423,-0.742,2.176,-0.025,2.549,-7.953
KBR,🏦majority,0.099,5.567,1.844,0.253,0.387,-0.026,1.273,-0.227,-0.449,-9.669
KD,⚡panic,0.153,10.915,2.404,-0.474,-0.85,-0.724,0.137,0.976,-0.814,-7.586
KDP,🏦majority,0.116,4.118,-0.496,0.14,-0.081,-0.145,0.272,-0.148,0.447,-1.783
KEX,🏦majority,0.836,5.994,0.038,-0.005,0.042,0.34,0.038,-0.098,-0.968,-1.858
KEY,🏦majority,0.705,7.332,0.669,0.061,0.344,-0.705,-0.084,-0.705,0.812,-6.448
KEYS,🏦majority,0.881,6.828,-0.778,0.569,0.563,-0.058,-0.223,0.417,0.425,-1.915
KFRC,🏦majority,-0.181,8.706,-0.109,0.436,0.31,0.501,0.643,-1.068,-1.436,-1.293
KFY,🏦majority,0.468,5.451,0.455,0.692,-0.649,-0.26,0.059,0.474,-0.502,-3.777
KGC,🏦majority,1.684,8.063,-0.056,0.768,-0.066,0.24,0.14,2.495,0.047,-7.223
KGS,🏦majority,2.226,7.492,-0.658,0.235,-1.312,0.102,-2.32,-0.736,1.885,2.626
KHC,🏦majority,-0.545,4.299,-0.169,0.016,0.217,0.301,0.412,0.394,3.485,-4.547
KIM,🏦majority,0.347,4.652,0.354,-0.135,0.068,-0.07,-0.369,-0.019,0.018,-1.516
KKR,🏦majority,0.518,7.476,-0.018,0.359,-0.31,-0.58,-0.316,1.789,-1.758,-9.901
KLAC,🏦majority,1.457,8.219,2.24,0.803,0.094,0.197,0.702,-2.071,-1.196,0.292
KLIC,⚡panic,0.219,8.983,1.473,-0.475,-0.673,-1.223,1.524,1.023,0.436,-4.988
KMB,🏦majority,-0.189,3.959,0.073,-0.154,0.052,0.585,-0.436,0.174,0.032,-2.016
KMI,🏦majority,0.513,4.427,1.155,0.083,0.663,-0.358,0.132,-0.672,-0.213,-2.273
KMPR,🏦majority,-0.205,7.045,-0.059,0.137,0.309,0.027,-0.863,0.186,-0.451,-2.147
KMT,🏦majority,-0.131,6.634,0.15,0.364,-0.032,-0.661,0.044,1.333,-0.92,-7.556
KMX,🏦majority,-0.206,8.373,0.12,0.39,-0.054,0.105,-0.455,-0.343,-1.083,-4.005
KN,🏦majority,0.631,6.626,-0.563,0.335,0.726,-0.899,-0.901,1.254,-0.936,-3.837
KNF,🏦majority,1.174,7.881,0.206,0.367,-0.534,-0.149,-0.768,1.849,-0.928,-5.952
KNSA,🏦majority,0.732,10.857,1.271,0.213,0.643,0.311,-0.068,0.106,0.914,-10.64
KNSL,🏦majority,0.884,7.488,1.393,0.4,-0.076,-0.147,1.504,-0.158,1.089,-1.829
KNTK,⚡panic,0.672,6.465,1.513,-0.125,-0.154,-1.265,1.971,-1.116,-1.369,-8.153
KNX,🏦majority,0.455,6.103,-0.932,0.663,-0.3,-0.019,0.046,-0.846,0.084,-2.631
KO,🏦majority,0.299,3.171,0.13,0.024,-0.315,0.216,0.337,-0.399,0.085,-1.923
KOD,🎰lottery,-0.335,21.745,-7.041,0.961,7.753,-1.968,-7.424,1.599,-4.145,
KODK,⚡panic,-0.612,12.684,3.026,-0.866,-2.561,0.607,4.911,-2.492,-3.202,
KOS,🏦majority,0.503,9.673,3.989,-0.744,1.251,0.996,1.189,0.811,-1.681,-7.888
KR,🏦majority,0.268,5.056,0.89,-0.293,-0.173,-0.307,1.432,-1.232,-0.816,-3.219
KRC,🏦majority,-0.431,6.678,0.523,-0.119,-0.628,-0.119,0.045,-1.08,-0.574,-6.036
KREF,🏦majority,-0.486,6.858,0.857,0.279,-0.2,0.134,0.534,-1.703,-1.4,
KRG,🏦majority,0.375,4.781,1.558,0.152,-0.375,-0.541,0.727,0.54,1.0,-2.953
KRNT,🏦majority,-1.741,13.293,1.02,-1.985,-2.354,-0.362,-0.074,-4.13,-0.747,-10.636
KROS,🎰lottery,0.102,14.958,-2.826,1.367,1.767,0.07,-0.655,0.012,-0.39,-5.042
KRP,⚡panic,0.348,5.918,2.156,0.115,-0.254,-0.826,0.951,-0.026,0.342,-14.293
KRUS,🏦majority,-0.279,15.29,0.315,-0.683,0.081,-0.488,0.325,2.721,2.155,-11.768
KRYS,🏦majority,0.755,10.688,0.522,0.502,0.346,0.115,0.268,-1.42,-0.534,-3.548
KSS,⚡panic,-0.812,11.924,0.727,0.326,-0.946,-0.833,0.356,-2.132,1.813,-7.399
KTB,🏦majority,0.433,8.075,0.929,-0.512,-1.218,0.577,-0.222,-0.729,-1.007,-7.019
KTOS,🏦majority,0.349,10.672,0.277,-0.042,-0.848,0.417,0.535,0.257,-3.332,-5.116
KURA,⚡panic,-0.611,12.517,1.381,-0.816,-0.196,-1.055,1.297,-3.447,-4.268,-8.502
KVUE,🏦majority,-0.448,5.14,-0.389,-0.891,0.626,0.065,-0.729,-1.451,-1.73,-5.174
KVYO,🎰lottery,0.0,11.356,-2.271,0.896,0.384,0.213,-2.49,-2.127,-0.232,-14.009
KW,🏦majority,0.0,6.711,-0.708,0.184,0.092,-1.674,0.457,-1.695,0.915,-4.017
KWR,🏦majority,-0.746,8.09,0.239,0.603,0.11,-0.922,-0.143,0.278,-1.231,-7.052
KYMR,🏦majority,-1.061,15.76,2.178,-0.833,-0.663,1.356,3.558,4.207,-1.391,-5.629
L,🏦majority,0.851,3.366,1.908,0.962,0.49,-0.28,1.531,-0.026,-0.851,-2.683
LAC,🏦majority,-1.311,14.383,4.396,-1.129,-0.56,0.385,0.923,-1.766,-2.094,-7.364
LAD,🏦majority,-0.201,7.456,0.268,0.492,-1.048,0.049,0.531,-0.952,-0.949,-6.25
LADR,🏦majority,0.287,4.952,0.073,0.18,0.413,-0.472,1.316,-1.816,-0.526,
LAMR,🏦majority,0.691,4.887,-0.141,0.367,0.678,-0.546,0.324,-1.663,-0.118,-3.355
LAND,🏦majority,-1.029,9.024,0.301,-1.253,-2.054,0.619,-0.253,1.598,0.759,
LAUR,🏦majority,0.984,6.811,0.693,0.975,0.496,-0.984,0.855,-1.141,-0.569,-3.734
LAZ,🏦majority,0.012,7.301,-0.117,0.659,1.32,-0.636,-0.624,0.993,-1.195,-5.116
LBRDA,🏦majority,-0.922,9.078,0.757,0.263,-0.928,-0.204,-1.097,-0.64,1.191,-6.865
LBRDK,🏦majority,-0.651,8.595,0.11,0.593,-0.735,0.082,-0.776,1.77,1.795,-10.083
LBRT,🏦majority,0.747,11.036,-0.287,1.654,-0.839,0.066,0.764,0.685,-0.89,-6.36
LBTYA,🏦majority,-0.269,6.35,1.098,0.183,-0.19,-0.413,0.435,-1.539,2.246,-7.504
LBTYK,🏦majority,-0.394,6.304,1.123,0.111,-0.128,-0.496,0.334,0.825,1.754,-3.7
LC,🎰lottery,0.061,12.754,-0.719,-0.372,0.551,-0.166,-0.451,1.528,-0.509,-9.362
LCID,🎰lottery,-3.653,15.675,0.31,0.808,-0.358,-1.489,-0.404,3.292,-5.645,-10.08
LCII,🏦majority,0.018,7.027,-0.129,0.489,-0.771,-1.129,0.065,-0.335,-0.623,-3.017
LDOS,🏦majority,0.705,5.713,0.286,-0.396,0.277,-0.079,-1.064,-0.479,-0.586,-2.526
LEA,🏦majority,0.0,6.122,1.563,0.025,-0.377,-0.479,1.308,0.857,-1.398,-5.449
LECO,🏦majority,0.679,5.377,-0.3,-0.162,0.376,0.372,-0.328,0.482,-0.195,-2.04
LEG,⚡panic,-0.951,8.18,1.275,-0.012,-0.262,-0.54,1.302,-0.265,-2.533,-2.901
LEN,🏦majority,0.201,6.468,0.926,-0.611,-0.86,-0.288,1.529,0.352,2.621,-7.27
LESL,🎰lottery,-2.958,12.623,-0.03,1.693,0.692,-1.98,-0.648,-1.535,2.344,-26.664
LEU,🏦majority,0.327,17.679,3.119,-2.507,-0.534,0.222,3.506,0.038,-1.155,-14.659
LEVI,🏦majority,-0.226,7.177,-0.995,-0.064,1.467,0.341,0.882,-1.094,0.859,-3.462
LFST,🎰lottery,0.697,13.045,-1.319,0.5,-1.275,-0.322,-0.864,-1.349,0.386,-14.745
LFUS,🏦majority,0.561,6.951,0.747,-0.03,0.198,-0.699,1.001,1.546,0.307,-1.939
LGIH,🏦majority,-0.941,9.31,-0.145,0.304,-0.428,-0.232,-0.404,-1.146,1.488,-4.929
LGND,🏦majority,0.984,8.947,2.477,-0.576,0.521,-0.014,1.028,-0.86,-1.261,-5.499
LH,🏦majority,0.291,4.366,0.41,-0.089,-0.83,-0.65,-0.499,0.166,0.479,-4.203
LHX,🏦majority,0.342,4.746,0.766,-0.096,0.549,-0.49,0.538,-0.755,1.013,-2.342
LII,🏦majority,0.275,6.003,1.04,0.245,-0.109,-0.35,1.212,2.544,0.674,-7.365
LILAK,🏦majority,0.0,8.278,1.868,-0.608,-0.308,0.526,-0.124,0.364,-2.751,-5.343
LIN,🏦majority,0.57,3.828,-0.198,0.337,-0.041,-0.791,-1.013,0.026,-0.858,-3.031
LITE,🏦majority,0.955,11.809,-0.003,-0.301,-0.573,0.984,1.634,2.346,0.658,-9.176
LIVN,🏦majority,0.144,7.462,1.205,0.449,-0.467,-0.587,1.156,-1.401,0.123,-1.889
LKFN,🏦majority,-0.232,6.787,2.178,0.31,-0.192,0.375,1.949,-0.12,-0.539,-3.049
LKQ,🏦majority,0.01,5.353,1.196,0.71,0.393,-0.663,1.319,-0.04,-0.158,-1.458
LLY,🏦majority,1.135,6.655,2.596,-0.63,-1.04,0.179,0.271,1.364,-0.707,-3.336
LLYVK,🏦majority,1.727,6.631,2.507,0.866,0.221,0.609,1.628,-1.026,-3.646,
LMAT,🏦majority,0.658,7.586,1.014,0.016,-0.13,-0.846,0.267,1.424,1.48,
LMB,🎰lottery,2.891,12.464,-0.945,0.616,-0.327,-0.251,-4.194,-0.917,-3.418,-11.3
LMND,⚡panic,-1.595,16.53,1.951,0.844,-0.661,-0.68,3.696,0.605,-1.188,-10.797
LMT,🏦majority,0.458,4.977,0.018,-0.031,-0.166,0.042,0.38,0.437,0.271,-2.918
LNC,🏦majority,0.687,8.137,0.514,1.051,0.269,-0.705,1.313,-0.207,-2.289,-7.51
LNG,🏦majority,0.574,5.546,1.236,0.539,-0.263,-0.509,0.434,-1.039,0.234,-6.443
LNN,⚡panic,-0.253,6.071,1.373,0.446,-0.751,-0.751,1.013,1.449,-1.773,-9.238
LNT,🏦majority,0.425,3.721,0.146,0.241,-0.473,-0.287,0.146,-0.968,-0.878,-2.537
LNTH,🏦majority,1.518,11.719,0.899,0.299,0.472,0.993,2.958,-0.861,-2.098,-2.572
LOB,🏦majority,-0.485,10.537,1.406,-1.751,-0.872,-0.385,0.019,-0.011,-1.465,-7.325
LOGI,🏦majority,0.232,6.882,-0.632,-1.009,-0.526,0.322,-0.424,0.968,-0.662,-7.333
LOPE,🏦majority,0.311,6.115,0.498,-0.257,0.319,-0.125,0.472,-0.196,-2.127,-2.703
LOVE,🏦majority,-1.146,14.11,1.758,-2.283,-1.228,-0.089,-2.317,3.295,-5.157,-7.594
LOW,🏦majority,0.317,5.002,-0.212,0.028,-0.548,-0.224,-0.126,1.33,-0.371,-2.635
LPG,🏦majority,1.412,8.797,-0.443,-0.518,1.561,0.209,-0.174,-0.211,-0.088,-7.261
LPLA,🏦majority,1.234,7.233,1.97,-0.1,-0.49,-0.265,0.671,-0.814,-0.607,-5.504
LPX,🏦majority,0.769,7.708,0.305,0.682,0.672,-0.734,1.311,-0.097,2.365,-6.161
LQDA,🏦majority,3.045,15.371,2.334,-1.333,-0.005,1.088,-3.453,-2.433,-2.871,-6.201
LRCX,🏦majority,1.717,8.971,1.499,-0.277,-0.233,-0.245,-0.139,1.679,-2.788,-6.824
LRN,⚡panic,1.365,10.207,1.711,0.747,-0.829,-0.759,3.898,0.823,0.183,-3.956
LSCC,🏦majority,1.221,10.265,0.146,1.29,0.097,-0.366,0.696,-0.625,1.51,-5.51
LSPD,⚡panic,-1.362,11.779,2.58,-0.25,0.092,-1.341,1.599,1.548,-1.461,-7.413
LSTR,🏦majority,0.012,5.006,0.915,0.508,-0.72,-0.477,1.056,-0.251,0.006,-5.947
LTC,🏦majority,0.204,4.03,0.871,0.115,0.185,-0.173,0.916,-1.094,0.147,-3.079
LTH,⚡panic,0.595,9.952,2.63,-0.543,-0.879,-0.963,0.522,-0.524,-0.005,-6.22
LULU,🏦majority,-0.13,8.596,0.568,-0.459,-0.748,-0.564,0.858,-0.668,1.752,-4.318
LUMN,🎰lottery,-0.65,13.001,-1.273,0.488,1.004,-2.032,-2.494,-1.927,1.54,-10.042
LUNR,🎰lottery,1.585,23.135,-3.901,0.005,3.494,-3.373,0.067,-3.485,-10.104,
LUV,🏦majority,0.0,8.095,0.22,0.0,0.341,0.11,1.551,-1.608,1.15,-0.913
LVS,🏦majority,-0.255,7.724,0.19,-0.3,-0.292,0.224,0.02,-0.559,1.487,-3.475
LW,🏦majority,0.653,7.552,0.486,-0.943,-0.293,-0.053,-0.281,-0.725,1.054,-3.09
LXP,🏦majority,0.475,5.058,-0.757,-0.277,-0.201,-0.178,0.604,1.731,1.171,-2.842
LXU,🏦majority,-0.391,14.852,-1.131,-1.094,2.365,4.307,-1.592,-1.13,9.127,
LYB,🏦majority,-0.301,6.375,-0.883,0.733,-0.231,0.569,-1.306,-0.25,-0.12,-5.559
LYFT,⚡panic,-1.667,13.299,1.673,0.041,0.346,-1.083,0.877,-1.976,0.808,-6.851
LYV,🏦majority,0.946,6.604,1.564,-0.553,0.427,-0.036,-0.22,1.284,2.966,-5.992
LZ,⚡panic,-0.791,11.184,1.643,0.606,-1.152,0.342,2.492,0.985,-1.601,-1.42
LZB,⚡panic,-0.209,6.463,1.543,0.029,-1.635,-0.899,2.005,-0.804,0.997,-4.535
M,⚡panic,0.312,9.893,1.638,0.571,-0.257,-1.779,-0.613,-1.184,1.214,-5.556
MA,🏦majority,0.498,4.355,0.78,-0.163,-0.474,-0.807,0.86,0.23,0.549,-2.941
MAA,🏦majority,0.06,4.145,1.073,-0.133,-0.067,-0.273,0.102,0.771,1.619,-2.001
MAC,🏦majority,0.554,8.097,1.102,-0.169,0.159,0.133,0.024,-4.143,-0.908,-8.11
MAIN,🏦majority,0.607,4.152,1.002,-0.235,-0.377,0.011,1.277,-1.119,-0.538,-1.819
MAN,⚡panic,-0.413,7.68,2.08,-0.417,-0.706,0.334,1.951,-0.485,-1.564,-3.084
MANH,🏦majority,0.223,7.67,0.722,0.177,0.099,-0.272,2.162,0.814,1.587,-4.203
MANU,🎰lottery,-0.243,10.279,-0.8,0.579,0.333,0.243,-0.902,2.058,1.347,-10.104
MAR,🏦majority,1.012,5.574,0.401,0.597,-0.483,-0.214,0.217,-1.245,-0.281,-2.766
MARA,🎰lottery,-0.199,20.322,-3.656,0.953,0.506,-0.468,-1.087,4.043,-5.393,-14.401
MAS,🏦majority,0.065,5.852,-0.1,-0.879,1.32,-0.065,-0.385,1.14,0.192,-2.774
MASI,🏦majority,0.034,8.368,0.264,0.108,-0.2,-0.098,1.096,-2.542,-1.755,-2.939
MAT,🏦majority,-0.304,7.019,1.112,1.08,0.103,-0.337,1.84,2.016,-0.899,-2.956
MATV,🏦majority,-1.598,14.096,2.608,-1.511,-1.415,-1.382,0.848,-0.781,-2.345,-25.1
MATX,🏦majority,1.165,7.654,-0.732,0.561,0.213,-1.442,-0.88,-0.616,-2.338,-8.504
MAX,🏦majority,-1.133,19.656,3.28,-0.24,0.708,0.755,1.405,-1.355,2.652,
MBC,🏦majority,0.554,9.512,0.821,-1.018,-1.534,0.643,0.459,-3.12,-0.056,-3.261
MBLY,⚡panic,-0.505,11.52,1.398,-0.21,0.179,-1.901,2.168,-3.271,0.441,-9.389
MBUU,🎰lottery,-0.659,8.214,0.287,0.318,0.943,-2.025,-0.185,-1.142,-1.675,-9.092
MC,🎰lottery,0.507,7.593,-0.474,0.327,0.37,-0.076,-1.066,0.003,-3.105,-9.566
MCB,⚡panic,1.314,14.034,2.397,-0.757,0.953,-0.546,2.072,1.881,2.622,
MCD,🏦majority,0.251,3.349,0.437,-0.17,-0.257,-0.612,0.045,-0.611,-0.07,-1.443
MCHP,⚡panic,0.049,8.695,1.355,-0.424,-1.05,-0.781,1.096,0.499,0.814,-10.154
MCK,🏦majority,1.207,4.655,-0.222,0.226,0.508,0.005,-0.154,0.16,-0.14,-2.098
MCO,🏦majority,0.648,5.146,0.878,0.246,0.059,0.025,0.966,0.055,-0.056,-9.234
MCRI,🎰lottery,1.259,7.954,-0.941,1.031,0.547,0.792,-2.281,-2.201,-1.371,-15.84
MCY,🏦majority,0.536,7.239,-1.308,0.067,0.971,-1.367,-1.156,1.313,1.608,-5.19
MD,⚡panic,-0.371,8.707,1.344,0.503,-0.7,-0.849,1.401,-0.269,-0.404,-9.47
MDB,🎰lottery,0.863,13.56,0.162,1.578,1.586,-0.521,0.813,-0.246,-5.625,-15.671
MDGL,⚡panic,-0.693,12.851,0.687,0.091,-1.201,0.301,0.897,-2.809,1.405,-3.013
MDLZ,🏦majority,0.023,3.842,0.133,-0.311,-0.472,0.47,0.128,-0.116,-0.023,-1.896
MDT,🏦majority,-0.205,4.242,0.48,-0.244,0.285,-0.078,0.401,-0.877,0.661,-2.633
MDU,🏦majority,0.407,4.347,0.311,-0.185,0.175,-0.17,0.505,-0.098,0.364,-2.847
MEDP,⚡panic,1.23,8.942,1.311,0.669,-0.854,-1.491,1.082,-1.18,0.902,-4.164
MEI,⚡panic,-0.759,16.427,2.274,0.484,-0.197,0.4,3.082,1.038,-1.417,
MELI,⚡panic,0.135,9.499,2.171,1.151,-1.137,-0.673,0.364,-0.311,-1.21,-5.31
MEOH,🏦majority,0.594,8.269,-0.286,0.708,-0.713,-0.27,0.404,-0.228,-0.286,-8.035
MET,🏦majority,0.856,5.022,1.582,0.118,0.448,-0.621,0.962,-1.323,1.122,-0.953
META,🏦majority,1.479,9.812,0.52,0.04,0.396,-0.365,-1.589,0.439,-0.896,-7.373
METC,⚡panic,-0.65,17.137,4.356,-0.494,-3.524,-1.622,4.111,-2.195,0.901,-12.518
MFA,🏦majority,-0.105,6.298,1.102,0.105,-0.137,-0.775,0.751,-2.114,0.565,-6.113
MFC,🏦majority,1.07,4.598,0.829,0.067,0.092,0.187,0.904,0.39,0.545,-1.394
MGA,🏦majority,-0.107,6.75,1.269,-0.178,0.537,-1.081,1.142,-0.887,-1.107,-4.136
MGEE,🏦majority,-0.156,5.112,0.938,0.522,0.184,0.289,1.406,0.306,-0.864,
MGM,🏦majority,0.544,7.356,1.379,0.14,0.613,-0.09,0.371,-1.608,-1.611,-4.333
MGNI,⚡panic,-0.075,13.981,1.222,-0.827,0.15,-0.54,3.066,-1.056,0.101,-13.84
MGPI,🏦majority,-0.531,7.64,0.082,-0.503,0.259,0.673,-1.201,2.267,-1.958,-6.344
MGRC,🏦majority,0.314,5.328,0.755,0.454,0.458,-0.2,-0.112,0.553,-0.776,-4.217
MGY,⚡panic,0.563,7.185,2.289,0.397,-0.393,-1.483,2.303,-0.214,0.053,-4.243
MHK,🎰lottery,-0.576,7.306,-0.686,0.663,0.117,-1.119,-0.464,-2.346,-1.273,-9.864
MHO,🏦majority,0.886,7.473,0.526,0.048,-1.202,-0.328,-0.76,-3.916,-0.102,-4.942
MIDD,🏦majority,0.066,6.783,0.796,0.208,0.553,0.461,0.673,-1.569,0.081,-2.46
MIR,⚡panic,0.713,9.023,4.278,0.142,-1.086,1.016,3.527,-2.42,-3.951,-7.955
MIRM,⚡panic,1.156,10.407,4.587,0.181,-0.215,0.424,0.417,0.569,-1.711,-3.084
MITK,🎰lottery,-0.45,11.707,1.754,0.525,1.841,0.041,-0.172,-3.424,1.546,-5.142
MKC,🏦majority,-0.13,5.181,-0.243,-0.08,-0.151,-0.293,-0.057,0.456,-0.514,-3.285
MKL,🏦majority,0.457,4.158,1.744,0.349,-0.509,-0.226,1.057,0.074,-1.255,-2.607
MKSI,🎰lottery,0.581,9.56,-0.595,-0.389,0.211,-0.13,-1.612,0.395,-0.832,-7.558
MKTX,🎰lottery,-1.127,7.149,-0.612,-0.088,0.584,-0.072,0.154,0.893,1.087,-8.64
MLAB,🎰lottery,-1.695,11.339,-0.627,-0.347,0.701,-1.31,0.596,3.244,-2.485,-7.58
MLI,🏦majority,1.662,6.459,1.162,0.026,0.193,-0.198,-0.152,-0.912,-0.751,-4.834
MLKN,🎰lottery,-0.233,9.447,-0.905,-0.158,0.03,-0.927,-0.526,0.342,0.999,-7.591
MLM,🏦majority,0.6,5.05,-1.279,0.462,-0.675,0.064,-0.971,1.157,-1.272,-2.987
MLTX,⚡panic,0.521,15.807,6.104,2.418,-0.093,1.146,4.644,-2.762,3.508,-3.454
MMI,🏦majority,-0.786,8.456,1.523,0.405,-0.063,-0.328,-0.422,-0.624,4.311,
MMM,🏦majority,0.05,5.464,-1.472,0.586,0.053,-0.454,-0.884,-0.427,2.036,-3.952
MMS,🏦majority,-0.253,5.585,1.608,0.277,0.517,-0.594,1.272,-0.601,-1.256,-3.528
MMSI,🏦majority,0.416,5.556,-0.781,0.093,-0.486,-0.195,-0.068,-0.637,-0.254,-1.866
MMYT,⚡panic,0.332,9.328,0.335,-0.646,-0.443,-0.244,3.561,1.664,1.381,-2.704
MNDY,⚡panic,0.042,13.991,4.057,-0.397,-0.686,-0.748,0.729,1.621,-0.166,-6.437
MNRO,🏦majority,-1.022,7.874,0.114,-0.172,0.514,-0.695,0.323,-0.725,0.909,-3.742
MNST,🏦majority,0.655,4.476,-0.298,0.107,0.195,-0.16,-0.724,-0.218,-1.009,-1.687
MO,🏦majority,0.534,4.179,0.674,0.031,-0.053,0.081,0.347,-1.689,0.975,-2.341
MOD,🎰lottery,2.094,13.306,0.555,0.331,1.0,0.362,1.467,-1.072,1.524,-14.518
MOH,🏦majority,0.564,8.223,-0.268,0.305,0.981,-1.038,-0.598,0.885,0.215,-7.643
MORN,🏦majority,-0.07,6.482,0.694,0.659,-0.148,-0.7,0.286,0.192,1.45,-4.877
MOS,🏦majority,-0.076,7.942,1.103,-0.074,-0.423,-0.042,0.51,-0.075,2.383,-13.706
MP,🏦majority,-0.095,13.715,3.162,-0.097,-0.238,1.084,1.466,-0.99,-3.641,-7.178
MPC,🏦majority,1.485,6.921,1.797,-0.236,-1.275,0.219,1.625,-0.221,0.461,-2.258
MPLX,🏦majority,0.607,3.665,2.013,0.532,0.064,-0.301,1.3,-0.142,-0.01,-0.875
MPWR,🏦majority,1.35,9.748,2.206,-0.417,0.247,0.385,0.628,-2.057,-1.359,-8.89
MQ,⚡panic,-0.916,10.937,0.916,0.916,-0.894,-1.351,1.032,2.992,-0.792,-5.978
MRCY,🏦majority,0.055,9.017,0.611,0.868,-0.053,-0.055,1.558,0.79,1.812,-5.955
MRK,🏦majority,0.312,4.834,1.28,-0.215,-0.849,0.126,0.646,0.97,-0.378,-2.024
MRNA,🏦majority,-1.034,13.886,0.83,0.128,-2.806,-0.166,-1.602,0.62,1.255,-8.826
MRTN,⚡panic,-0.321,6.853,2.334,-0.481,-0.434,-0.188,1.602,0.568,-0.785,-4.119
MRVI,⚡panic,-1.832,13.389,1.832,1.352,-0.721,-0.192,1.978,-0.534,0.9,-7.243
MRVL,🏦majority,0.871,11.887,1.426,-0.266,-0.154,-0.001,0.295,-2.232,0.107,-1.778
MS,🏦majority,0.988,5.774,0.567,-0.384,0.723,-0.278,-0.328,0.504,-0.25,-1.692
MSA,🏦majority,0.038,4.68,0.691,0.076,-0.371,-0.194,0.963,0.266,0.167,-1.886
MSCI,⚡panic,0.043,5.703,3.454,0.313,-1.052,-0.851,2.88,-0.278,1.105,-0.764
MSEX,🏦majority,-0.382,7.292,0.129,0.599,0.679,0.619,-0.301,-0.035,-3.742,-4.591
MSFT,🏦majority,0.498,5.139,-0.046,-0.018,-0.679,-0.099,0.175,0.153,1.055,-4.048
MSGE,🏦majority,1.116,8.721,-0.57,1.311,-0.181,-0.218,0.566,-0.925,1.302,-5.789
MSGS,🏦majority,0.457,5.077,0.125,0.584,0.542,0.111,0.327,-0.736,0.484,-4.589
MSI,🏦majority,0.853,4.406,-0.782,-0.01,0.157,-0.067,0.163,-0.745,0.386,-1.026
MSM,🏦majority,0.129,4.48,0.846,0.175,0.112,-0.248,1.659,-0.926,-0.73,-1.966
MSTR,🏦majority,-0.226,18.275,0.969,-1.878,-0.112,1.996,-2.93,-0.899,-0.936,-9.439
MT,🏦majority,0.809,7.926,0.869,-0.384,1.11,-2.007,-0.107,1.406,-0.107,-7.311
MTB,🏦majority,1.131,5.926,-0.264,0.761,-0.622,0.478,0.332,0.677,-1.948,-4.651
MTCH,🏦majority,-1.02,8.01,1.213,0.397,-0.799,-0.792,-0.37,2.286,0.866,-5.486
MTD,🏦majority,0.281,6.078,1.108,-0.357,0.664,-1.178,0.086,0.121,1.912,-5.958
MTDR,🏦majority,0.684,9.305,0.558,-1.081,0.564,1.017,-0.012,0.375,0.284,-6.398
MTG,🏦majority,1.015,4.861,0.819,-0.015,0.519,-1.09,0.378,-1.247,-0.307,-2.907
MTH,🏦majority,0.159,7.688,-0.398,0.13,-1.098,1.498,0.323,-0.38,-0.001,-3.554
MTN,🏦majority,-0.572,5.656,2.34,0.252,0.065,-0.262,1.192,-0.134,-0.915,-3.599
MTRN,🏦majority,0.818,8.31,0.997,0.251,0.337,-0.651,-0.192,-1.739,0.811,-5.511
MTSI,🏦majority,1.685,8.587,-0.6,0.947,-0.295,-0.041,0.024,-0.156,-4.292,-5.021
MTX,🏦majority,0.204,5.8,0.656,0.181,-0.051,-1.645,0.601,0.235,1.972,-3.57
MTZ,🏦majority,1.483,8.948,1.018,-0.292,-0.045,1.025,-1.809,0.292,-0.346,-2.173
MU,🏦majority,1.499,11.582,2.727,0.753,-0.434,1.207,0.0,0.432,1.305,-6.143
MUR,🏦majority,0.625,8.872,1.626,0.004,-1.189,-0.782,0.184,0.479,0.183,-6.409
MUSA,🏦majority,1.085,5.724,0.7,0.166,-0.377,-0.145,0.211,0.415,2.251,-1.506
MUX,⚡panic,0.562,13.551,3.645,-0.621,-1.203,-0.428,0.926,-1.542,0.884,
MWA,🏦majority,0.382,5.85,0.534,0.861,0.289,-0.296,0.92,-0.424,-0.653,-2.127
MXL,🏦majority,0.683,14.629,1.475,-0.21,0.239,-0.273,-1.376,3.536,-0.109,-13.261
MYGN,🏦majority,-1.392,11.022,0.45,-1.312,-1.999,1.114,-0.181,1.247,2.741,-2.857
MYRG,🏦majority,1.366,8.979,1.608,-0.846,1.236,-0.131,1.242,-0.556,-1.937,-5.67
NABL,🏦majority,-0.968,8.06,1.821,0.136,-0.461,1.185,0.18,0.494,-0.74,
NATL,⚡panic,0.2,8.223,3.766,0.497,-0.848,-0.351,1.021,-1.053,-2.053,-8.446
NAVI,🏦majority,-0.067,6.673,1.583,-0.024,-0.065,-0.319,1.52,-2.065,-0.05,-4.398
NBHC,🏦majority,0.0,6.839,2.53,-0.235,1.789,-1.15,1.035,-0.781,-3.04,
NBIX,🏦majority,0.971,6.284,-1.541,0.648,0.135,-0.688,0.023,-0.077,-0.892,
NBR,🎰lottery,0.267,13.413,0.824,0.177,2.106,-2.293,-0.646,0.545,0.878,-12.005
NBTB,🏦majority,0.438,6.879,1.051,-0.567,0.408,-0.083,0.47,-1.88,0.474,
NCLH,🎰lottery,0.362,10.989,0.251,0.138,-0.363,-0.669,0.614,-1.306,-0.436,-15.111
NCNO,⚡panic,-0.834,9.626,1.775,0.711,-0.746,-0.387,1.782,-3.969,0.289,-8.728
NDAQ,🏦majority,0.894,4.886,-0.001,-0.305,-0.007,0.148,-0.505,0.012,0.329,-3.277
NDSN,🏦majority,0.579,4.606,0.251,0.647,0.171,-0.624,0.165,-0.565,0.615,-1.538
NE,🏦majority,0.447,8.836,0.57,0.401,-0.66,0.615,0.891,-0.929,0.953,-4.489
NEE,🏦majority,0.543,5.411,-0.354,-0.015,-0.318,0.176,-1.238,-0.332,1.715,-0.235
NEM,🎰lottery,0.67,7.387,-1.553,-0.55,2.175,-0.563,-1.381,1.077,1.162,-5.222
NEO,🏦majority,-1.032,13.113,0.114,-0.778,-0.613,-0.642,-0.733,-0.32,-4.364,-9.746
NEOG,🏦majority,-1.175,9.977,-0.851,-0.452,-0.712,0.767,0.093,1.763,-1.832,-4.026
NET,🏦majority,1.088,13.782,2.939,-0.035,-0.418,1.548,2.495,-1.598,-0.53,-21.155
NEU,🏦majority,1.051,5.112,2.555,0.075,-1.282,-0.276,0.57,0.775,-1.969,-3.325
NEXT,🏦majority,0.87,14.241,1.769,0.279,-0.352,0.646,-0.225,2.181,0.783,-7.33
NFE,🎰lottery,-2.388,13.233,-0.84,0.011,2.173,-0.848,0.525,-3.226,-3.308,-14.957
NFG,🏦majority,0.562,3.988,-0.366,0.05,0.097,-0.22,-0.354,-0.894,-1.373,-2.897
NFLX,🎰lottery,0.471,9.009,-2.651,0.207,1.867,-0.582,0.003,-0.05,3.584,-5.898
NG,⚡panic,0.3,10.914,1.13,-1.443,-2.135,-0.814,2.417,-0.544,0.001,
NGVT,🏦majority,0.141,9.221,0.1,-0.008,0.354,-0.718,0.368,0.019,0.246,-4.613
NHI,🏦majority,0.456,4.646,-0.185,-0.38,0.508,0.259,0.565,0.419,0.002,-3.935
NI,🏦majority,0.744,3.626,0.91,0.898,-0.128,-0.499,0.621,-0.062,0.245,-2.66
NJR,🏦majority,0.403,3.85,0.823,0.23,0.37,-0.381,0.327,-1.126,-1.092,-2.465
NKE,🏦majority,-0.708,6.774,-0.148,0.424,0.152,-0.057,0.908,-0.645,-1.338,-1.697
NKTR,🏦majority,-2.467,22.596,-0.579,-1.593,3.114,1.954,1.826,4.514,2.768,
NLY,🏦majority,0.297,5.41,0.321,0.176,0.053,-0.146,0.291,-0.347,0.313,-7.533
NMFC,🏦majority,-0.524,4.573,1.997,-0.1,-0.174,-0.096,1.816,0.9,-0.656,-5.975
NMIH,🏦majority,0.795,5.827,0.428,0.208,0.567,-0.002,-1.066,-1.119,-1.482,-3.878
NMM,🏦majority,1.513,10.563,2.083,-0.591,0.332,0.522,-1.13,-0.927,-2.722,-15.05
NMRK,🏦majority,0.632,8.77,1.08,-0.217,-0.235,-0.748,0.564,-1.638,-0.75,-6.309
NNI,🏦majority,0.871,5.565,0.89,0.364,0.934,0.022,1.389,1.742,-0.879,
NNN,🏦majority,0.187,3.818,0.494,0.195,-0.277,-0.28,-0.056,-0.23,0.607,-3.379
NNOX,🎰lottery,-3.431,17.138,0.066,0.452,0.0,0.237,-1.017,-3.774,-0.769,-3.843
NOC,🏦majority,0.464,4.945,-0.125,0.051,0.224,0.548,-0.381,0.208,1.082,-2.975
NOG,🏦majority,0.559,9.477,-0.045,-0.429,-0.16,0.301,-0.187,2.608,-2.304,-4.934
NOMD,🏦majority,-0.3,6.111,-1.173,0.25,-0.281,-0.06,-0.815,0.476,0.3,-4.112
NOV,🏦majority,0.512,7.936,1.04,0.632,-0.309,-0.537,0.44,-0.331,-1.291,-5.094
NOVT,🏦majority,-0.021,7.48,1.122,0.11,-0.151,-0.135,-0.293,0.298,-1.444,-3.0
NOW,⚡panic,0.225,7.964,1.38,0.401,0.766,-0.714,1.987,0.674,-1.704,-9.295
NPO,🏦majority,0.704,7.832,1.175,-0.25,0.306,0.733,0.328,0.402,-1.658,-1.585
NRDS,🏦majority,-0.357,16.376,0.787,-1.186,2.259,1.405,3.02,2.116,2.391,-4.506
NRG,🏦majority,0.736,7.994,1.947,0.15,0.641,0.009,0.591,-1.164,3.304,-6.143
NRIX,🏦majority,-1.025,16.293,0.29,-0.127,-1.554,2.236,2.029,-1.413,-0.527,-12.177
NSA,🏦majority,-0.029,6.097,0.792,-0.458,0.567,-0.223,0.677,-1.837,1.271,-3.522
NSC,🏦majority,0.293,4.713,-0.332,-0.033,-0.0,0.025,-0.906,1.827,-0.051,-2.513
NSIT,🏦majority,0.639,7.356,-0.302,0.251,-0.503,0.765,-1.202,-0.531,-1.05,-6.902
NSP,🏦majority,-0.146,9.065,1.264,-0.285,-0.035,0.57,-0.22,2.743,0.685,-10.215
NSSC,🏦majority,0.721,11.347,0.544,-1.285,-0.952,1.646,0.962,-0.258,-2.44,-6.681
NTAP,🏦majority,0.687,7.207,1.144,-0.061,-0.667,0.387,0.446,0.4,0.538,-4.553
NTB,🏦majority,0.503,6.483,-0.167,0.626,0.433,-0.198,-1.071,1.063,-1.873,
NTCT,🏦majority,0.485,5.916,0.097,0.481,-0.057,-0.342,0.659,0.038,-1.759,-6.843
NTGR,🎰lottery,-0.257,11.233,-0.493,-1.667,0.936,-0.02,-2.047,0.462,1.461,-9.031
NTLA,⚡panic,-1.792,15.018,3.088,0.905,-1.311,-2.932,4.278,-0.767,-1.161,-9.989
NTNX,🏦majority,0.675,9.73,0.795,-0.017,-1.001,0.474,0.436,-1.776,2.201,-4.489
NTR,⚡panic,-0.007,6.221,2.973,-0.18,-0.625,0.374,2.586,-0.504,-0.151,-8.047
NTRA,🏦majority,1.22,10.581,0.78,0.869,-1.737,-0.453,0.15,-1.343,1.458,-1.137
NTRS,🏦majority,0.646,5.624,-0.106,0.22,0.265,-0.169,-0.858,-0.916,-0.875,-3.704
NTST,🏦majority,0.117,4.535,0.831,-0.117,-0.117,-0.117,0.626,1.707,0.896,-3.413
NU,🏦majority,0.863,9.823,0.012,-0.134,0.275,2.137,0.598,-0.349,-2.748,-8.487
NUE,🏦majority,1.204,7.974,0.866,-1.42,0.53,0.289,-0.357,1.11,1.861,-2.042
NUS,🎰lottery,-1.608,9.691,-1.616,0.145,1.36,0.156,-0.779,0.089,-0.761,-13.303
NUVL,⚡panic,0.817,14.7,5.416,0.83,0.418,-1.315,6.857,0.141,-0.444,-5.492
NVAX,⚡panic,-2.607,17.24,1.154,2.104,-0.666,-1.827,3.716,0.763,4.786,-9.829
NVCR,🎰lottery,-2.05,14.76,0.443,-0.846,0.793,-1.8,-1.367,1.457,2.304,-11.366
NVDA,🏦majority,1.834,10.009,0.428,-0.542,-0.644,-0.063,-0.398,0.203,-0.155,-7.542
NVMI,🏦majority,1.251,9.491,-0.8,0.143,0.814,1.086,1.665,2.428,-1.607,-8.069
NVR,🏦majority,0.402,4.871,0.523,-0.051,-1.569,-0.843,0.255,-1.338,-0.078,-3.688
NVST,🏦majority,-0.413,6.716,-0.128,0.265,-0.339,-1.081,1.362,1.079,-1.449,-3.105
NVT,🏦majority,1.554,6.867,1.123,0.227,-0.606,-0.6,-0.894,0.426,-0.61,-7.871
NVTS,🏦majority,-1.486,20.168,0.215,-2.19,0.575,6.676,-0.651,-2.693,-4.373,
NWBI,🏦majority,-0.079,5.046,0.68,0.079,-0.468,-0.0,0.079,-1.233,-0.149,-4.829
NWE,🏦majority,0.193,3.623,0.769,0.461,-0.008,-0.489,0.663,-1.033,-0.937,-3.049
NWL,🎰lottery,-1.081,9.406,-0.495,0.671,-0.605,1.848,0.362,-2.811,-1.209,-7.718
NWN,🏦majority,-0.1,4.241,0.803,0.217,0.006,-0.691,0.465,-0.105,-1.503,-5.5
NWS,🏦majority,0.489,5.229,0.041,0.051,0.666,-0.177,0.216,-0.042,-0.468,-5.126
NWSA,🏦majority,0.306,5.126,-0.306,0.194,0.862,-0.289,-0.245,0.148,-0.142,-5.849
NX,🏦majority,-0.037,11.175,1.019,0.141,0.316,1.09,1.849,2.202,0.657,
NXE,🏦majority,1.192,9.339,1.332,-0.151,-0.945,1.26,1.223,0.537,-0.697,-19.906
NXPI,🏦majority,0.108,7.629,3.146,-0.059,-0.599,0.557,0.7,-0.911,-0.172,-4.124
NXRT,🏦majority,-0.582,8.5,-1.254,0.314,0.038,-1.236,-0.257,2.492,1.208,
NXST,🏦majority,0.406,6.497,1.21,0.247,0.674,-0.475,1.235,0.276,-0.567,-4.896
NXT,⚡panic,1.253,11.34,2.35,0.862,-2.114,0.063,3.129,-0.391,-1.447,
NYT,🏦majority,0.719,5.727,0.209,-0.0,0.367,-0.01,0.453,0.236,1.534,-0.651
O,🏦majority,0.1,3.806,-0.599,0.085,-0.047,0.436,0.749,0.505,0.455,-2.864
OBDC,🏦majority,0.0,3.746,1.306,0.073,-0.519,-0.339,0.47,0.89,-0.846,-1.613
OC,🏦majority,0.977,6.774,0.771,0.723,-0.238,-0.883,0.82,0.041,-1.444,-4.453
OCFC,🏦majority,-0.171,8.667,1.771,0.328,1.689,0.818,0.006,-0.321,1.193,
OCSL,🏦majority,-0.122,4.049,1.635,-0.122,-0.027,-0.321,0.955,0.39,1.032,-3.666
OCUL,🏦majority,-0.838,14.782,0.409,-0.964,1.162,1.415,1.787,2.802,-1.237,-5.691
ODD,⚡panic,-1.532,14.751,0.066,0.552,-0.064,-0.963,1.109,-0.693,1.659,-1.134
ODFL,🏦majority,0.569,6.985,0.71,0.425,-0.738,-0.739,1.056,-2.611,0.514,-4.268
OEC,⚡panic,-0.296,10.742,1.003,0.903,-0.188,-0.317,1.118,-1.584,-0.534,-12.75
OFG,⚡panic,0.866,6.754,2.572,0.873,-0.195,0.396,2.786,0.165,-0.996,-4.89
OGE,🏦majority,0.439,3.667,1.212,0.081,0.121,-0.462,0.918,0.565,0.07,-1.291
OGN,🎰lottery,-0.224,10.651,-3.278,0.224,0.587,0.224,-3.171,0.108,-0.596,-6.768
OGS,🏦majority,0.162,4.371,0.522,0.481,-0.226,-0.549,1.203,-0.15,-1.641,-2.374
OHI,🏦majority,0.241,4.216,1.301,-0.019,-0.48,0.128,1.273,0.874,-0.21,-2.196
OI,🎰lottery,-0.386,8.005,-1.522,0.721,0.171,-2.182,-2.051,-2.362,-0.006,-7.676
OII,🏦majority,1.526,9.966,2.507,0.647,-0.072,0.078,0.472,2.99,-0.052,-6.904
OIS,🎰lottery,0.321,13.279,-1.304,0.952,0.496,-0.31,1.145,-1.924,-1.388,
OKE,🏦majority,0.603,5.532,1.561,0.231,0.112,-0.929,0.785,-0.851,-0.662,-1.865
OKTA,⚡panic,-0.275,11.136,1.462,1.129,-0.508,-0.678,4.331,1.15,-0.122,-4.331
OLED,🏦majority,-0.518,8.109,1.411,0.079,-0.222,1.862,0.073,0.165,-1.434,-7.227
OLLI,⚡panic,-0.035,8.053,4.598,-0.249,-1.903,-0.8,1.814,-0.304,0.392,-7.724
OLMA,🏦majority,-2.816,21.435,1.908,1.228,-1.926,0.43,2.297,9.052,0.266,
OLN,🏦majority,-0.249,8.287,1.002,0.086,-1.083,-0.932,-0.142,0.291,-0.912,-5.193
OMC,🏦majority,0.174,5.263,-0.067,0.724,0.013,0.231,0.884,0.249,-0.069,-4.214
OMCL,🏦majority,-0.497,9.587,0.247,-0.366,-1.549,-0.657,0.194,0.758,-0.315,-8.497
OMF,🏦majority,0.589,7.162,1.938,-0.304,-0.261,-0.313,1.001,0.724,-1.499,-5.545
ON,🏦majority,0.868,10.311,1.587,0.073,-0.629,-0.162,0.192,-1.395,1.693,-5.847
ONB,🏦majority,0.283,5.792,0.283,-0.328,0.133,-0.351,-0.501,0.245,-1.284,-2.602
ONON,⚡panic,-0.191,10.836,1.149,0.124,-1.621,-1.186,1.998,-0.447,5.887,-6.759
ONTO,⚡panic,1.118,10.705,1.236,0.983,0.059,-0.486,1.868,2.235,1.821,-7.46
OPCH,⚡panic,0.268,7.307,1.656,0.326,-0.438,-0.871,1.297,-0.128,0.265,-4.915
OR,🏦majority,0.813,7.297,1.4,0.128,0.702,-0.218,1.127,0.558,0.314,-2.1
ORA,🏦majority,0.533,5.933,-0.399,-0.308,-0.432,-0.949,-0.989,1.565,-2.237,-2.714
ORC,🏦majority,-0.282,6.356,-0.064,0.095,0.282,-0.148,-0.324,-1.195,-0.288,-6.326
ORCL,🎰lottery,0.314,8.577,0.435,-0.751,0.675,0.158,-1.136,0.225,-1.541,-11.495
ORI,🏦majority,0.725,4.273,1.376,0.749,0.163,-0.558,1.376,-0.233,-0.934,-0.485
ORLY,🏦majority,0.795,4.177,1.482,-0.046,-0.467,-1.23,1.792,-0.953,0.5,-3.495
OSCR,🎰lottery,-1.048,15.803,0.095,-1.664,4.048,-0.075,0.036,-3.015,5.681,-9.416
OSIS,⚡panic,0.532,7.098,1.283,1.392,0.491,-0.265,3.461,-0.189,0.19,-6.059
OSK,🏦majority,0.114,6.702,-0.125,-0.038,-0.491,-0.718,-0.464,-2.488,-0.081,-6.439
OSW,🏦majority,1.635,8.171,0.785,0.519,0.454,-1.173,1.617,-0.491,2.778,-4.639
OTEX,🏦majority,0.106,6.056,-0.759,-0.151,0.525,0.065,-1.883,0.15,0.479,-1.18
OTIS,🏦majority,0.139,4.108,0.234,0.304,-0.157,0.06,-0.746,0.213,-0.251,-1.972
OTTR,🏦majority,0.44,5.342,0.329,0.726,0.658,-0.944,1.837,0.662,-0.336,-3.726
OUST,🎰lottery,-3.405,21.363,-2.545,1.06,4.744,1.662,0.114,-2.175,-1.641,-20.194
OUT,🏦majority,0.604,7.643,-0.337,0.366,0.517,0.188,0.228,-0.711,-0.684,-5.068
OVV,🏦majority,0.387,8.913,2.333,-0.302,-0.429,-0.1,-0.006,2.742,-0.387,-3.847
OWL,⚡panic,0.075,8.565,3.214,0.552,-0.81,-0.584,4.224,-0.525,-1.367,-8.423
OXLC,🏦majority,-0.643,6.004,0.891,0.443,-1.046,0.714,0.949,-0.056,-0.623,-6.705
OXM,⚡panic,-0.63,8.522,1.941,1.287,-1.01,-0.855,2.884,-2.02,-0.286,-4.211
OXY,🏦majority,0.261,7.658,1.689,-0.226,0.209,0.165,-0.114,0.81,-0.386,-0.414
OZK,🏦majority,0.46,6.541,-0.003,0.838,0.568,-0.666,0.358,0.537,2.054,-8.608
PAA,🏦majority,0.985,5.427,3.214,0.269,-0.068,-0.368,0.893,-0.341,0.102,-1.873
PAAS,🏦majority,0.502,9.172,1.706,0.295,2.168,0.842,0.523,2.457,-0.344,-4.657
PACB,🏦majority,-3.187,15.898,2.749,-1.981,-1.287,-1.836,3.056,1.022,-0.978,-13.155
PAG,🏦majority,0.892,5.8,0.777,0.264,0.171,0.011,1.055,-1.205,-2.359,-1.749
PAGP,🏦majority,1.014,5.375,3.158,0.126,-0.007,0.028,0.904,0.878,0.993,-0.917
PAGS,🎰lottery,-0.865,12.272,0.391,-0.946,1.801,-0.489,-0.103,-2.967,2.083,-11.759
PANW,⚡panic,1.787,8.199,3.82,-0.967,0.69,0.226,3.08,0.978,1.154,-6.427
PAR,🎰lottery,-0.814,10.375,-1.834,0.46,0.072,0.787,-2.293,-1.351,-2.347,-13.124
PARR,🏦majority,0.57,11.159,-1.777,-0.846,-0.599,1.307,-0.774,0.185,-0.995,-4.871
PATH,🎰lottery,-1.225,11.364,-0.197,0.747,0.758,0.258,1.313,2.14,-1.806,-8.06
PATK,🏦majority,0.593,7.195,-0.458,-0.126,1.852,0.007,-1.597,2.089,-0.56,-5.652
PAX,🏦majority,0.0,7.426,0.876,0.728,-1.273,-0.337,1.616,1.864,0.264,
PAY,🏦majority,-2.464,15.383,1.628,-0.228,0.664,1.669,1.11,-0.217,5.301,
PAYC,🏦majority,-0.469,8.739,-0.23,0.257,-0.189,0.807,0.177,-1.367,-2.557,-4.942
PAYO,🏦majority,-0.394,9.675,0.394,-0.531,-2.366,0.258,0.138,-0.804,0.987,-12.279
PAYX,🏦majority,0.043,4.582,-0.18,0.26,-0.117,-0.149,-0.599,0.278,-1.103,-2.485
PB,🏦majority,0.229,4.743,0.971,-0.396,-0.317,-0.036,0.501,-0.49,-0.654,-4.953
PBA,🏦majority,0.73,4.237,0.725,0.183,-0.498,-0.432,1.101,-1.014,0.547,-2.123
PBF,🎰lottery,0.917,13.298,0.084,-0.563,2.801,0.539,-0.387,0.7,-3.573,-11.056
PBH,🏦majority,0.046,5.033,0.577,-0.588,-0.065,0.181,0.532,-0.218,-0.343,-2.854
PBI,🏦majority,0.857,9.194,2.732,-0.23,-1.221,-0.069,0.164,-0.68,-0.92,-1.613
PCAR,🏦majority,0.43,4.84,0.527,-0.109,-0.826,0.17,-0.491,-0.05,0.292,-3.567
PCG,🏦majority,0.817,5.382,-0.319,0.614,0.006,0.199,-1.231,-1.157,0.16,-1.137
PCOR,⚡panic,0.368,9.12,1.16,0.813,-0.888,-1.905,0.264,-0.697,0.422,-3.942
PCRX,🏦majority,-0.251,8.479,1.457,-0.095,0.685,-0.934,-0.624,0.378,-2.157,-8.188
PCT,🎰lottery,-1.36,17.005,-3.165,-0.661,3.749,1.474,-3.539,1.75,-1.702,-13.818
PCTY,🏦majority,-0.308,8.311,0.535,0.183,0.905,-0.389,-0.352,-0.332,-2.433,-5.851
PCVX,🏦majority,0.624,12.703,2.811,-0.698,0.902,-0.855,-0.183,0.487,0.732,-1.72
PD,⚡panic,-0.861,9.927,1.779,1.551,-0.417,-1.329,2.031,-2.041,-1.588,-6.855
PDFS,🏦majority,1.498,12.739,0.977,-0.181,1.219,-0.456,-0.606,2.303,-3.074,
PDM,🏦majority,-0.489,7.059,0.077,-0.583,-0.744,-0.53,-0.184,1.183,-1.362,-4.178
PDS,⚡panic,1.457,12.96,-1.484,-0.043,-0.598,-1.116,6.004,1.83,0.844,-6.531
PEB,🏦majority,0.144,7.438,1.237,0.638,-0.745,-0.157,0.615,-0.328,-0.912,-5.05
PECO,🏦majority,0.533,4.01,1.23,0.427,0.002,-0.035,0.891,-0.301,-0.812,-1.435
PEG,🏦majority,0.351,3.926,1.368,0.28,-0.436,0.14,0.621,-0.279,-1.044,-1.943
PEGA,🏦majority,-0.401,9.548,0.868,-0.268,0.551,-0.023,-0.074,-0.105,-1.894,-7.713
PEN,🏦majority,-0.053,8.092,0.557,-0.469,1.085,0.435,0.265,-0.838,-0.115,-2.299
PENN,⚡panic,-0.781,9.035,2.452,0.396,-1.541,0.208,2.727,1.542,-0.594,-7.197
PEP,🏦majority,-0.103,3.532,0.285,-0.116,0.179,0.027,0.103,-0.058,-0.299,-3.532
PERI,🎰lottery,-0.349,11.723,1.79,0.807,1.125,1.09,0.613,-2.701,-3.679,-27.332
PFBC,⚡panic,0.707,7.5,2.337,1.227,1.016,-0.496,2.107,-1.488,0.753,
PFE,🏦majority,-0.58,5.023,0.468,-0.116,0.29,-0.115,0.58,-1.363,-0.441,-2.182
PFG,🏦majority,1.151,5.258,0.855,0.628,0.827,-0.518,0.463,-1.191,0.781,-3.214
PFGC,🏦majority,0.73,5.93,0.684,-0.419,-0.877,0.004,-0.383,-1.579,-0.445,-4.437
PFLT,🏦majority,-0.182,5.003,0.182,0.272,0.093,-0.309,0.451,-0.032,-0.052,-1.026
PFS,🏦majority,-0.119,6.664,0.056,-0.415,1.21,-0.015,-0.518,0.77,0.142,-1.254
PFSI,🏦majority,0.283,7.143,0.87,0.074,0.146,-0.056,0.21,-0.324,-1.662,-3.845
PG,🏦majority,0.259,3.314,0.855,-0.241,0.045,-0.271,0.188,0.221,0.595,-4.008
PGNY,🎰lottery,-0.45,10.593,0.45,-0.574,0.298,-1.117,-0.018,0.372,-3.725,-9.511
PGR,🏦majority,0.683,4.284,-0.217,0.214,-0.526,-0.746,0.616,0.074,0.476,-4.03
PGY,🎰lottery,0.951,20.689,-8.451,0.73,0.373,-0.021,-6.261,-2.405,-1.937,-49.818
PH,🏦majority,0.903,5.379,-0.084,-0.099,0.095,-0.028,-0.438,-0.627,-0.031,-5.248
PHAT,🎰lottery,-1.107,19.569,-1.87,1.667,2.484,0.57,-0.015,0.599,2.867,-19.182
PHG,🏦majority,-0.06,7.229,-0.216,0.249,-0.177,-0.184,0.1,-3.462,1.033,-3.193
PHIN,⚡panic,1.651,6.876,2.424,-0.134,-0.848,-0.922,1.994,-0.57,1.853,-7.446
PHM,🏦majority,0.727,6.25,-0.071,-0.074,-0.316,-0.756,-0.093,-1.289,3.139,-4.818
PHR,⚡panic,-0.776,12.023,2.669,0.514,-0.595,-0.39,2.701,2.062,-1.553,-5.762
PI,⚡panic,1.608,14.134,0.525,-0.617,-1.974,-0.252,2.196,-2.246,-3.708,-3.525
PII,🏦majority,-0.26,7.037,-0.091,0.157,-0.056,-0.344,0.233,1.077,-0.885,-8.282
PINS,⚡panic,-0.161,9.822,1.719,0.71,-1.227,-1.004,1.989,-3.338,0.804,-8.321
PIPR,🏦majority,0.999,7.226,1.121,0.148,0.943,0.154,-0.159,0.268,0.1,-3.383
PJT,🏦majority,1.023,5.948,-0.052,0.097,-0.545,-0.441,-0.129,0.72,0.784,-7.412
PK,🏦majority,-0.218,7.002,1.381,0.383,-0.56,-0.6,0.853,-1.274,-0.443,-1.682
PKG,🏦majority,0.607,4.674,0.181,0.307,0.949,-0.258,0.31,0.094,0.936,-2.554
PLAB,⚡panic,0.496,11.972,3.284,-0.097,-0.705,0.089,1.855,-0.125,-0.706,-5.436
PLAY,⚡panic,-0.859,11.471,0.96,-0.892,-1.824,-0.128,1.261,-0.169,3.167,-5.815
PLD,🏦majority,0.635,5.512,-0.218,-0.005,-0.055,-0.47,-0.218,-0.804,0.327,-1.417
PLMR,🏦majority,0.66,8.953,-1.058,-0.139,2.033,0.929,1.031,0.881,1.429,-7.273
PLNT,🏦majority,0.243,7.412,0.079,0.248,-0.046,-0.554,0.244,-0.634,-0.099,-4.233
PLTK,⚡panic,-0.879,8.994,0.446,0.764,-3.219,0.028,1.162,-1.405,-3.462,-11.57
PLTR,🏦majority,1.257,13.434,0.611,-0.905,0.629,-0.684,-2.235,4.521,-1.361,-0.251
PLUS,🏦majority,0.174,8.092,0.439,-0.116,0.261,0.261,-0.695,-0.751,-2.032,-5.857
PLXS,🏦majority,0.991,6.274,-0.382,0.925,0.309,-0.505,0.636,1.309,0.435,-5.349
PM,🏦majority,0.522,4.703,0.931,-0.563,-0.167,-0.016,1.073,0.226,-0.706,-3.588
PMT,🏦majority,-0.078,6.133,0.52,0.005,0.103,-0.927,0.587,-1.286,-0.022,-9.068
PNC,🏦majority,0.486,5.456,0.416,0.159,0.326,-0.444,-0.168,1.597,-0.502,-5.836
PNFP,🏦majority,0.393,7.388,0.423,0.543,0.116,0.864,-0.363,0.048,1.226,-5.182
PNR,🏦majority,0.175,5.439,-0.617,-0.192,-0.663,-0.593,-0.724,0.61,0.531,-9.878
PNW,🏦majority,0.346,3.962,1.326,-0.094,-0.371,0.047,0.787,0.489,0.73,-2.496
PODD,🏦majority,-0.331,8.136,-1.267,-0.326,-1.035,-0.649,-0.76,-2.656,0.637,-5.678
POOL,🏦majority,-1.027,6.344,0.757,0.408,0.199,-1.074,-0.003,0.223,-0.108,-9.801
POR,🏦majority,0.443,3.844,0.58,0.006,-0.662,-0.062,-0.05,-0.144,0.273,-2.998
POST,🏦majority,-0.048,5.221,1.65,0.375,-0.34,0.119,1.115,-0.116,-0.629,-3.02
POWI,🏦majority,-0.308,8.51,1.459,-0.181,-0.707,0.24,0.289,-1.07,-1.494,-5.212
POWL,🏦majority,3.361,15.363,3.326,-1.478,0.328,-1.645,-1.494,0.918,-5.023,-4.505
PPC,🏦majority,0.479,6.487,0.073,-0.579,-0.415,-0.579,-0.156,-1.034,0.955,-4.683
PPG,⚡panic,-0.371,5.296,2.33,-0.333,-0.778,-0.297,1.055,0.278,0.253,-8.859
PPL,🏦majority,0.528,3.821,-0.398,0.11,0.275,-0.273,-0.499,-0.712,0.423,-1.406
PR,⚡panic,0.874,8.285,3.399,-1.022,-0.797,-0.398,1.603,-0.231,-1.021,-6.202
PRA,🏦majority,0.163,10.675,1.444,0.653,0.124,-0.08,1.218,1.15,0.132,
PRAA,🎰lottery,-0.168,12.575,-0.304,0.127,1.954,0.017,0.199,1.161,2.344,
PRAX,⚡panic,2.603,22.241,6.44,-0.345,1.638,1.314,1.333,-6.903,-4.611,
PRCT,⚡panic,-1.169,12.029,3.056,-1.227,-0.103,-1.368,1.209,0.691,-3.031,-3.969
PRDO,🏦majority,0.288,8.299,-1.127,0.118,-0.883,0.124,0.522,-0.614,-0.024,-4.007
PRG,🏦majority,0.803,9.745,-0.112,0.12,-0.931,-1.175,-0.707,0.13,-3.248,-7.478
PRGO,🏦majority,-0.449,7.628,-0.201,0.587,1.132,-0.406,0.485,0.029,0.412,-7.185
PRGS,🏦majority,-0.065,6.456,0.741,0.265,-0.545,-0.113,1.281,-0.713,0.926,-7.376
PRI,🏦majority,1.198,4.861,0.261,0.787,-0.793,-0.193,0.67,-0.226,0.301,-5.287
PRIM,🏦majority,1.707,9.07,0.72,-0.556,-0.026,-0.881,0.263,1.574,-0.854,-10.47
PRK,🏦majority,0.121,7.864,1.899,-0.01,2.212,0.145,1.102,0.445,0.138,-4.57
PRKS,⚡panic,0.455,8.197,3.067,1.221,0.231,-1.844,0.254,-2.57,1.779,
PRLB,⚡panic,-0.147,10.79,-0.427,0.897,-0.748,0.279,1.533,-1.186,2.108,-8.062
PRM,🏦majority,0.713,10.081,-1.115,-0.792,-1.236,0.379,-0.099,1.904,-1.658,-9.631
PRTA,⚡panic,-1.815,12.306,-0.024,0.036,-1.1,-1.703,0.696,2.491,-5.304,-6.826
PRU,🏦majority,0.603,5.01,1.157,0.277,0.544,-0.319,0.734,-1.808,1.078,-5.058
PRVA,🏦majority,-0.214,9.161,1.602,-0.127,-0.986,0.052,1.134,0.413,1.536,-3.734
PSA,🏦majority,0.18,4.881,0.803,0.156,-0.48,-0.357,1.3,-0.4,0.99,-2.055
PSEC,🏦majority,-0.396,4.528,1.508,0.064,-0.837,-0.748,0.093,0.131,-0.549,-4.224
PSFE,⚡panic,-1.78,14.968,4.127,-0.311,-3.994,-0.035,1.281,-1.985,-0.07,-10.667
PSMT,🏦majority,0.576,5.245,0.963,0.047,-0.009,-0.225,-0.131,-2.197,-1.348,-3.047
PSN,🏦majority,0.542,7.058,0.135,0.476,-0.212,-0.207,0.318,0.945,1.136,-3.807
PSNY,🎰lottery,-3.239,18.726,1.701,0.807,1.437,-0.445,0.287,-3.011,2.858,-9.51
PSX,🏦majority,1.087,7.059,1.82,-0.076,0.695,0.458,0.694,-0.449,0.393,-0.087
PTC,🏦majority,-0.135,5.609,0.174,0.32,-0.305,-0.061,0.485,0.415,-0.033,-5.586
PTCT,🏦majority,0.408,11.107,0.053,-0.375,0.214,0.381,1.041,1.37,-1.629,-6.796
PTEN,⚡panic,-0.202,10.458,3.725,-0.507,-1.2,-0.961,3.678,0.084,1.121,-1.843
PTGX,🏦majority,1.617,14.617,-0.807,-1.68,-1.773,0.607,-1.261,0.17,4.672,-7.502
PTLO,🏦majority,-2.13,10.539,-0.405,0.226,-0.098,2.238,0.445,1.348,-3.082,-5.374
PTON,🏦majority,-3.149,16.022,1.766,-0.846,1.039,0.566,1.896,2.054,2.447,-11.426
PUBM,🏦majority,-0.665,13.926,3.915,-1.969,1.858,0.297,1.053,-0.18,1.84,-9.696
PUMP,⚡panic,0.387,11.826,1.86,-0.504,-0.706,-0.503,1.334,0.394,-2.113,-6.919
PVH,🏦majority,-0.42,9.504,0.506,0.859,0.347,-0.392,0.596,0.871,1.876,-9.727
PWP,🏦majority,0.214,11.335,1.778,-0.3,-0.69,3.573,1.463,2.712,0.931,
PWR,🏦majority,1.93,6.51,0.066,-0.049,0.162,-0.142,1.409,0.228,0.409,-2.012
PYPL,🎰lottery,-0.705,8.455,-0.188,0.195,-0.034,0.166,-0.494,-0.862,-0.792,-9.426
PZZA,🎰lottery,-1.103,7.98,0.511,-0.304,-0.54,-0.605,-1.003,0.345,-1.613,-11.381
QCOM,🏦majority,-0.135,8.211,0.221,0.357,-1.351,0.012,1.269,1.185,1.058,-6.979
QDEL,⚡panic,-1.207,10.892,1.56,-0.489,-1.437,-1.944,0.898,-1.399,1.39,-11.154
QGEN,🏦majority,0.177,5.159,-0.177,0.088,0.28,0.12,0.064,0.556,0.019,-2.986
QLYS,🏦majority,0.38,7.9,0.483,-0.115,0.493,-0.765,1.503,-0.136,1.592,-4.115
QNST,⚡panic,0.726,12.41,0.851,3.3,0.706,1.118,3.447,-2.585,0.3,
QRVO,🏦majority,-0.293,7.61,1.035,-0.328,-0.862,-0.577,0.241,-0.124,1.261,-6.437
QS,🏦majority,-1.567,16.918,1.567,-0.849,-1.154,0.482,1.368,-0.623,-0.552,-9.271
QSR,🏦majority,0.486,4.308,0.896,-0.263,-0.001,-0.309,0.348,0.374,-0.167,-1.113
QTRX,⚡panic,-0.695,15.143,1.357,1.608,-0.793,-1.938,0.483,-6.481,5.911,
QTWO,🏦majority,0.39,9.543,0.16,-0.358,-0.911,0.732,-0.736,-0.906,-0.39,-6.644
QURE,🎰lottery,-1.016,19.847,-0.36,1.439,1.189,1.016,-1.399,0.553,1.766,-13.11
R,🏦majority,1.089,6.251,1.736,0.429,0.536,-0.482,1.901,-0.253,1.212,-3.745
RACE,🏦majority,0.65,5.854,1.615,-0.288,0.001,0.641,0.988,-0.845,-1.124,-5.031
RAMP,🏦majority,0.073,8.464,-0.557,0.157,-0.406,-1.039,0.141,-1.496,-0.585,-4.207
RARE,🏦majority,-0.484,10.18,0.738,-0.362,1.313,1.509,0.216,3.668,-5.607,-8.075
RBA,🏦majority,0.582,5.421,0.187,0.551,0.408,0.009,0.182,-1.544,-1.324,-4.376
RBC,🏦majority,1.027,7.074,1.347,0.458,-0.621,-0.324,1.345,-0.953,1.369,-1.771
RBLX,🏦majority,0.706,12.758,0.245,-1.461,-2.267,0.427,-1.184,-0.129,-1.441,-7.429
RC,⚡panic,-0.369,6.44,0.965,0.054,-1.031,-0.247,1.567,-3.503,2.187,-4.895
RCI,🏦majority,-0.13,4.948,-0.413,-0.723,-0.685,0.454,-0.125,0.922,1.416,-2.507
RCKT,🎰lottery,-2.727,13.896,0.693,0.223,1.517,-0.223,-0.771,-0.003,5.968,-17.137
RCL,🏦majority,1.854,9.594,0.166,-1.34,0.122,0.974,0.732,1.068,0.817,-7.176
RCUS,⚡panic,-0.093,11.939,-1.496,0.943,-1.094,-1.996,3.535,-2.345,-4.797,-11.942
RDN,🏦majority,0.596,4.929,1.053,0.228,0.614,-0.79,0.697,-1.224,1.207,-4.898
RDNT,⚡panic,0.771,8.914,2.426,0.563,-0.523,-0.264,2.175,1.17,-0.987,-7.687
REAL,⚡panic,-1.047,16.789,1.754,-0.727,-1.266,-0.067,4.044,-3.499,-7.53,
REG,🏦majority,0.566,3.919,1.235,0.076,-0.476,-0.55,0.742,-0.163,-0.011,-1.624
REGN,🏦majority,0.249,6.031,-0.231,0.495,-0.064,0.085,0.902,0.922,-0.784,-3.326
RELY,🎰lottery,0.393,11.945,-1.95,-0.627,0.834,-1.81,-3.655,-1.125,0.76,-12.38
REPL,🎰lottery,-1.429,17.016,-0.292,-0.605,4.43,-0.816,-1.476,-1.219,3.777,-7.341
RES,⚡panic,0.168,9.865,1.452,0.38,-0.881,-0.057,1.44,0.215,1.592,
REXR,🏦majority,-0.41,5.35,0.341,-0.255,-0.382,-0.269,0.094,0.797,0.953,-5.056
REYN,🏦majority,-0.095,4.084,1.201,-0.07,0.058,-0.686,0.579,-0.544,1.309,-1.946
REZI,🏦majority,0.766,9.309,0.635,0.664,-0.766,-0.28,0.093,-1.895,1.137,-3.378
RF,🏦majority,0.963,6.278,0.133,0.047,0.108,-0.389,-1.531,0.485,-1.39,-5.053
RGA,⚡panic,0.753,5.082,2.843,0.52,-0.039,-0.661,2.573,-0.31,0.931,-5.848
RGEN,⚡panic,-0.624,9.678,1.222,1.085,-2.231,-0.763,3.956,-3.677,2.568,-3.748
RGLD,🏦majority,0.433,6.492,-0.362,-0.83,0.743,0.557,-1.047,0.609,0.658,-5.66
RGNX,🏦majority,-1.387,15.605,1.85,0.755,-1.495,-0.001,0.409,2.75,-1.121,-11.307
RGR,🎰lottery,-0.42,6.505,0.335,0.358,-0.058,-0.801,0.344,0.201,2.171,-18.106
RH,🎰lottery,-0.81,11.328,-1.043,0.631,-0.413,-0.992,-0.266,-1.327,-0.838,-7.642
RHI,🏦majority,-0.418,6.642,-0.141,0.412,-0.512,-0.268,0.079,-0.846,-2.626,-3.202
RHP,🏦majority,0.46,5.764,0.434,0.357,0.264,-0.577,0.328,-1.409,-0.233,-4.776
RILY,🎰lottery,-1.765,16.198,-0.307,0.169,0.821,-0.96,0.397,-1.293,0.055,-14.243
RIOT,🎰lottery,0.259,18.926,-1.23,1.982,-0.113,1.078,0.278,-5.035,-0.855,-8.348
RITM,🏦majority,0.424,5.097,-0.795,0.216,-0.05,-0.165,0.029,-0.562,-1.238,-8.083
RIVN,🎰lottery,-1.121,14.753,-0.479,0.709,-0.863,-1.296,-1.874,3.431,0.851,-12.894
RJF,🏦majority,0.738,5.611,0.826,-0.05,-0.335,0.444,-0.21,-0.426,-0.614,-2.366
RKLB,🏦majority,0.645,18.483,0.44,-1.391,3.151,2.674,-1.578,5.752,3.337,-7.789
RKT,🎰lottery,-0.279,10.726,0.894,-2.385,2.418,-0.879,-1.705,-3.896,-0.009,-9.337
RL,🏦majority,1.112,7.034,1.404,0.747,-0.823,0.04,0.846,0.404,0.294,-4.937
RLAY,🎰lottery,-0.915,14.925,0.306,-1.254,2.301,0.575,1.382,-1.576,-2.642,-11.478
RLI,🏦majority,0.098,4.501,0.571,0.481,0.064,-0.368,-0.712,-0.387,-0.172,-6.484
RLJ,🏦majority,-0.257,6.06,0.56,0.856,-1.035,0.129,1.031,1.747,-0.376,-6.562
RMBS,⚡panic,1.372,10.93,0.561,1.233,0.277,-1.255,1.14,0.905,0.326,-7.466
RMD,🏦majority,0.148,5.658,-0.191,0.294,-1.581,-1.333,-0.033,0.72,1.831,-4.874
RNA,🎰lottery,0.442,17.425,-3.333,-1.178,0.113,-0.373,-2.856,0.921,1.253,-7.874
RNG,⚡panic,-0.853,11.268,1.621,0.579,-1.393,-2.311,3.262,1.639,0.333,-7.722
RNR,🏦majority,0.633,5.18,0.625,0.237,0.515,-0.626,-0.296,-0.264,-0.744,-4.881
RNST,🏦majority,-0.283,6.957,1.654,-0.6,0.53,-0.5,0.794,0.136,0.803,
RNW,⚡panic,-0.578,9.866,3.485,-0.273,0.41,0.394,1.099,-1.219,0.835,
ROAD,🏦majority,1.293,9.576,0.619,0.756,1.19,-0.492,-1.139,-1.87,1.051,-4.584
ROCK,🏦majority,-0.07,7.802,-0.854,0.526,1.227,0.202,-0.705,0.329,1.406,-4.198
ROG,🏦majority,0.06,8.897,0.234,0.153,-0.135,0.026,-0.332,-0.729,0.084,-4.11
ROIV,🏦majority,1.651,10.422,2.525,0.312,-0.01,-0.069,1.328,2.18,0.167,-2.893
ROK,🏦majority,0.724,6.049,-0.291,0.397,-0.514,-0.332,-1.142,-0.864,-0.765,-3.899
ROKU,⚡panic,-0.252,11.828,0.91,-0.119,-2.784,-1.174,0.271,-3.672,1.882,-7.756
ROL,🏦majority,0.434,4.658,1.35,-0.743,-0.164,0.326,0.627,0.274,0.415,-2.963
ROOT,🏦majority,-3.384,20.069,0.337,-0.3,-0.659,2.58,-0.298,3.352,-0.055,-15.297
ROP,🏦majority,0.024,4.162,0.12,0.391,-0.37,-0.106,0.998,-0.646,-0.123,-2.754
ROST,🏦majority,0.7,5.491,-0.451,-0.467,0.556,-0.521,-1.608,0.054,-0.208,-5.381
RPD,🏦majority,-0.918,11.607,1.465,0.021,0.414,0.882,0.422,0.709,-1.131,-10.681
RPM,🏦majority,0.203,5.035,-0.277,-0.111,-0.177,-0.192,-1.125,0.37,0.199,-1.425
RPRX,🏦majority,0.424,4.498,0.487,0.184,-0.865,-0.333,0.286,0.29,-1.218,-5.61
RRC,🏦majority,0.334,8.817,1.027,-0.502,1.067,-0.135,0.628,-0.494,-0.541,-6.802
RRR,⚡panic,0.761,6.939,1.879,-0.584,-0.604,-0.656,1.099,-1.149,-0.379,-7.984
RRX,🏦majority,0.217,8.451,-0.564,0.336,-0.38,0.255,-0.15,-0.145,0.287,-2.587
RS,🏦majority,0.988,5.215,-0.025,-0.175,0.184,-0.341,-0.332,-1.014,-0.038,-3.474
RSG,🏦majority,0.755,3.353,1.333,-0.688,-0.122,-0.188,0.355,0.389,-0.193,-1.34
RSI,🏦majority,1.863,11.997,-0.195,-0.761,-2.179,-0.371,-0.052,1.525,-0.979,-16.88
RTX,🏦majority,0.887,4.497,0.498,-0.141,0.624,-0.897,0.556,0.046,-0.352,-2.424
RUM,⚡panic,-2.592,16.375,1.7,0.264,-0.324,-2.394,1.954,-1.723,-0.813,-12.637
RUN,⚡panic,-0.776,17.316,3.465,0.385,1.006,-0.312,3.423,1.135,0.514,-7.374
RUSHA,🏦majority,0.948,6.051,1.797,-0.055,0.06,0.043,0.862,0.193,-0.468,-2.124
RVLV,🎰lottery,-0.585,11.878,-2.972,0.908,1.126,-0.141,-2.868,-0.731,1.601,-7.565
RVMD,🏦majority,0.724,12.159,0.476,-0.415,0.543,-0.797,-0.678,-0.296,-0.078,-6.397
RVTY,🏦majority,-0.16,6.342,2.37,0.022,1.987,-0.296,1.601,2.444,-1.476,-6.262
RWT,🏦majority,-0.627,7.139,0.485,-0.885,-0.536,0.486,-0.073,-1.928,-0.079,-5.08
RXO,⚡panic,0.645,10.897,4.599,-0.506,-1.163,-1.761,4.747,-4.608,4.561,-12.008
RXRX,🏦majority,-2.962,17.682,3.816,-0.565,0.85,0.998,1.594,-0.163,3.496,-13.073
RXST,🏦majority,-0.602,13.936,0.352,-4.081,1.338,2.809,-0.192,4.91,0.241,-14.14
RY,🏦majority,0.648,3.742,0.099,-0.302,-0.188,-0.22,0.429,0.264,-0.7,-0.46
RYAN,🏦majority,0.825,6.423,-0.066,0.436,0.654,-0.534,0.203,0.043,0.244,-2.549
RYN,🏦majority,-0.239,4.942,0.558,-0.095,-0.184,-0.268,0.752,0.054,0.763,-2.646
RYTM,⚡panic,0.895,14.253,-0.448,1.228,-0.703,-0.906,1.642,0.029,-5.341,-12.388
S,⚡panic,0.209,11.413,1.543,1.276,-1.463,-1.195,2.361,-1.74,0.208,-11.296
SA,🎰lottery,0.715,10.755,2.215,0.388,2.014,0.166,-1.031,2.095,1.211,-16.149
SAFE,🏦majority,-0.994,8.445,-0.386,0.066,-0.852,1.489,1.354,-3.474,-0.038,-0.468
SAH,🏦majority,0.872,7.998,1.078,0.538,-0.192,0.27,0.902,1.605,-4.517,-3.829
SAIA,⚡panic,0.864,9.866,1.086,0.441,-0.81,-1.616,2.608,0.456,1.347,-7.176
SAIC,🏦majority,0.619,5.935,0.228,-0.383,0.195,0.154,0.45,-0.002,0.67,-3.739
SAIL,🏦majority,-0.301,13.783,1.831,-0.948,1.027,0.587,3.992,3.413,-2.769,
SAM,🏦majority,-1.016,7.162,-0.766,0.876,-0.18,0.011,0.239,-0.579,-0.064,-8.448
SANM,⚡panic,1.004,8.302,1.734,0.489,0.212,0.34,2.477,-1.688,-1.655,-8.276
SATS,⚡panic,0.289,13.686,2.545,0.607,0.32,-0.332,0.913,3.112,-2.057,-7.188
SBAC,🏦majority,-0.49,5.807,0.173,-0.054,0.294,0.105,0.847,0.524,1.594,-3.74
SBCF,🏦majority,-0.419,6.508,1.34,0.15,0.981,-0.4,1.922,-0.176,-0.024,-4.333
SBGI,⚡panic,-0.894,10.857,3.492,0.965,-0.394,-1.86,2.281,-5.749,2.363,-9.076
SBH,🏦majority,-0.647,8.908,2.45,-0.421,-1.41,0.288,0.871,2.385,-0.637,-6.767
SBLK,🏦majority,0.968,7.953,-0.149,0.286,0.781,-0.125,0.247,1.286,-0.456,-9.878
SBRA,🏦majority,0.27,4.977,0.401,0.803,-0.236,0.354,-0.049,0.937,0.766,-2.394
SBUX,🏦majority,0.119,5.695,0.255,0.238,0.348,-0.208,-0.022,0.608,0.466,-1.363
SCCO,⚡panic,0.547,7.942,2.344,0.492,-0.198,-0.422,1.535,0.63,-0.699,-6.987
SCHL,🏦majority,0.819,8.906,2.21,-0.09,-0.406,-0.018,1.464,-0.638,-1.168,-2.06
SCHW,🏦majority,0.607,6.56,0.561,0.466,-0.684,-0.874,1.061,-0.499,0.185,-5.218
SCI,🏦majority,0.244,4.763,0.871,0.645,0.411,-1.133,0.649,-0.865,2.485,-3.753
SCL,🏦majority,-0.019,7.114,0.292,-0.171,-0.31,-1.334,1.026,0.26,2.308,-6.681
SCSC,⚡panic,0.897,8.23,1.465,0.444,-1.943,0.37,2.028,1.332,-2.16,
SCVL,🏦majority,-0.68,8.693,0.799,0.353,1.377,-1.262,0.267,0.218,4.406,-7.671
SD,🎰lottery,0.821,12.196,0.193,0.408,0.254,0.199,-0.009,-0.18,-3.24,-9.992
SDGR,🏦majority,-1.394,12.145,1.394,-0.503,-0.603,0.163,-0.842,0.738,-0.881,-8.505
SDRL,🎰lottery,0.952,8.402,-1.786,0.352,0.816,-0.122,-3.515,1.279,-0.982,-3.179
SEB,🏦majority,-0.322,6.384,0.06,-0.202,0.268,1.273,0.165,0.763,-2.44,-5.899
SEDG,🎰lottery,-1.744,16.227,-0.07,1.595,1.167,-0.402,0.927,-1.504,0.673,-2.319
SEIC,🏦majority,0.385,4.542,0.744,-0.137,-0.077,0.084,0.426,0.116,0.896,-1.218
SEM,🏦majority,0.122,7.89,-0.101,0.59,0.03,-0.875,1.051,-0.993,0.151,-0.857
SF,🏦majority,0.657,5.995,0.643,0.445,0.566,-0.52,1.128,0.765,0.524,-1.81
SFBS,🏦majority,0.505,7.602,0.063,0.882,0.613,-0.28,0.503,-0.689,0.108,-1.844
SFL,🏦majority,0.537,6.258,-0.647,0.324,0.927,0.102,-2.012,1.625,-1.226,-6.266
SFM,🏦majority,1.204,7.427,-1.425,-0.233,0.416,-0.512,-1.65,-0.11,3.742,-2.053
SFNC,🏦majority,-0.319,6.228,-0.012,-0.432,0.18,1.146,-0.819,0.966,-2.138,-4.701
SG,🎰lottery,-1.233,15.975,0.0,-1.088,0.877,-0.612,-0.348,1.062,3.354,-11.759
SGML,🎰lottery,-0.761,16.864,-1.874,2.23,-0.059,0.562,0.352,-0.02,4.355,-12.578
SGRY,⚡panic,-0.764,10.228,1.329,0.271,0.08,0.468,1.349,0.119,0.764,-8.743
SHAK,🏦majority,-0.848,10.135,1.334,-0.915,-0.604,-0.079,-0.057,-0.562,1.353,-6.517
SHC,🎰lottery,-0.088,11.127,-0.865,0.164,0.521,-0.784,-0.388,-0.941,-1.551,-4.155
SHLS,🏦majority,-0.381,14.639,1.036,-0.479,1.693,1.258,-2.03,2.223,-1.659,-7.751
SHO,🏦majority,0.184,5.61,0.476,0.782,-0.581,0.476,0.409,-0.087,-0.509,-3.112
SHOO,🏦majority,0.191,7.262,1.994,-0.067,-0.51,0.908,0.802,0.12,-2.295,-4.768
SHOP,🎰lottery,1.015,12.008,0.394,0.724,0.861,-2.03,-1.405,-1.5,1.858,-7.364
SHW,🏦majority,0.327,5.072,-0.889,-0.254,-0.437,0.076,-0.919,0.78,-1.499,-2.669
SIBN,⚡panic,-0.303,13.026,1.55,-0.28,-0.591,-0.23,1.548,0.853,0.909,-10.077
SIG,🏦majority,0.522,9.264,-0.031,0.625,0.672,-0.106,1.944,1.075,-2.086,-4.904
SIGI,🏦majority,0.085,4.629,1.515,0.564,-0.079,-0.016,1.786,-1.053,0.196,-0.362
SII,🏦majority,3.061,10.429,2.279,-0.969,-2.411,1.823,-0.15,1.016,-0.163,-0.264
SIRI,🎰lottery,-0.553,8.279,-1.031,0.866,0.752,-0.838,-0.221,-1.555,1.147,-6.835
SITC,🏦majority,-0.315,8.096,-0.074,0.57,-0.201,-0.423,1.156,-2.094,0.237,-1.49
SITE,🏦majority,-0.172,7.398,-0.352,0.229,0.005,-0.297,-0.291,1.634,0.605,-4.861
SITM,🎰lottery,1.107,15.005,-1.352,1.572,1.428,-0.686,2.466,1.041,-2.084,-14.494
SJM,🏦majority,0.241,4.514,0.456,0.089,-0.5,-0.006,0.427,-0.852,-0.249,-1.12
SKT,🏦majority,0.888,5.501,2.691,0.12,-1.77,0.232,1.014,-0.516,-1.304,-2.007
SKWD,🏦majority,1.137,6.631,0.804,0.081,0.259,0.726,0.923,-1.914,1.296,-3.31
SKY,⚡panic,0.96,8.965,1.305,1.008,-0.741,-1.535,1.379,-0.934,-1.068,-5.117
SKYT,🏦majority,-1.616,22.72,4.884,0.693,-0.669,4.564,4.148,7.021,-7.624,-41.36
SKYW,🏦majority,1.412,8.445,-1.702,0.157,-0.656,0.446,-1.602,-0.711,-0.667,-5.227
SLAB,🏦majority,-0.16,9.694,0.452,0.037,0.195,0.664,0.694,-1.44,0.317,-2.041
SLB,🏦majority,0.28,7.583,1.951,0.918,-0.07,0.572,0.596,0.933,0.566,-3.662
SLF,🏦majority,0.46,3.95,0.915,-0.674,-0.028,-0.364,-0.541,0.765,-0.196,-1.071
SLG,🎰lottery,-0.191,8.541,-1.759,0.077,1.013,1.141,-1.999,-2.221,1.406,-7.2
SLGN,🏦majority,0.193,5.142,0.568,0.427,-0.536,-0.747,0.018,-0.792,0.747,-6.192
SLM,🏦majority,0.213,7.005,1.209,0.171,0.009,-0.562,1.34,-1.093,1.671,-4.809
SLP,🎰lottery,-0.532,13.618,-0.318,0.495,2.027,1.668,-4.325,2.139,-3.634,
SLVM,⚡panic,0.011,8.905,2.365,0.093,-0.34,-0.437,1.82,0.622,-0.74,-1.322
SM,🏦majority,0.602,10.803,1.203,-0.307,-0.851,-0.258,-0.693,-1.319,-0.727,-5.131
SMCI,🏦majority,1.955,19.348,2.367,0.167,-4.673,-0.387,-2.225,4.298,-3.434,-12.719
SMG,🏦majority,-0.501,9.199,1.294,-1.156,-1.661,-0.117,0.382,-0.93,-0.678,-6.553
SMPL,🏦majority,-0.682,6.58,0.999,-0.446,-0.274,-0.339,0.267,0.681,0.183,-4.434
SMR,🏦majority,-1.333,18.198,4.97,-2.417,-3.435,-1.45,0.901,2.156,-5.823,-13.906
SMTC,🎰lottery,1.144,13.306,-3.745,0.648,0.487,-1.339,0.582,-0.736,-0.938,-6.504
SN,🏦majority,2.444,9.018,-0.852,-0.689,-2.625,0.302,0.502,-1.572,-0.022,-13.178
SNA,🏦majority,0.488,4.062,1.447,0.282,-0.539,-0.824,1.343,-1.114,-0.898,-3.853
SNAP,⚡panic,-0.781,13.551,1.593,1.241,-1.53,-1.177,1.235,-6.63,-1.319,-11.947
SNBR,🏦majority,-2.703,19.147,2.393,-0.564,-2.297,1.6,2.5,-1.083,-2.448,-26.667
SNDR,🏦majority,0.501,6.056,0.149,0.318,-0.318,-0.572,-0.183,-1.077,-0.729,-2.244
SNDX,⚡panic,0.349,10.916,0.856,0.084,-0.739,-0.043,1.925,-0.273,-3.499,-7.56
SNEX,🏦majority,2.151,9.008,2.505,0.903,-0.333,-0.374,0.793,-0.333,1.082,-3.525
SNOW,🏦majority,0.423,11.491,0.908,-1.011,1.103,-0.404,1.156,0.907,-2.207,-10.801
SNPS,🏦majority,0.613,7.712,0.709,0.459,-0.289,0.157,0.017,0.245,0.743,-6.415
SNX,🏦majority,0.629,6.335,-0.762,0.577,1.308,0.024,-1.023,1.238,0.552,-3.747
SO,🏦majority,0.668,3.593,-0.147,-0.219,-0.422,-0.422,-0.107,0.201,-0.937,-2.899
SOFI,🏦majority,0.126,12.889,0.76,0.148,-1.134,-0.595,-2.252,-0.852,-1.727,-4.151
SON,🏦majority,-0.075,4.645,1.644,0.379,-0.476,-0.445,1.162,-0.247,-2.168,-3.039
SONO,🎰lottery,-0.73,9.503,-0.507,-0.453,1.813,-0.193,0.16,-2.741,-1.497,-1.346
SPB,🏦majority,0.293,6.906,0.784,0.207,-0.239,-1.128,0.75,-1.283,-0.179,-4.818
SPCE,🏦majority,-6.251,15.405,0.718,-0.114,-2.333,1.017,3.34,2.134,0.706,-12.818
SPG,🏦majority,0.717,5.127,0.294,-0.019,0.231,0.245,-0.55,0.004,-0.044,-2.816
SPGI,🏦majority,0.648,5.019,-0.101,-0.091,-0.569,-0.208,-1.199,0.055,0.03,-4.008
SPHR,🏦majority,2.256,11.343,1.055,-0.734,0.3,-1.215,0.209,-2.684,1.881,-3.119
SPNT,🏦majority,1.284,7.55,0.914,1.062,-0.102,0.238,2.292,-0.907,1.219,
SPOT,🏦majority,1.001,9.138,-1.461,-0.668,0.258,-0.004,-0.946,0.195,0.762,-7.116
SPRY,🎰lottery,-0.335,14.549,-0.761,-0.165,4.54,0.469,-1.087,1.231,-3.455,-42.952
SPSC,⚡panic,0.386,7.951,1.299,0.355,-0.567,-0.405,1.482,-0.272,-0.052,-8.92
SPT,⚡panic,-1.369,12.28,1.215,0.621,0.328,-1.316,1.154,-3.052,0.38,-11.548
SPXC,🏦majority,1.144,6.517,0.184,-0.46,-0.16,-0.254,0.253,1.921,0.251,-3.163
SR,🏦majority,0.226,3.96,0.562,0.148,-0.305,-0.276,0.224,0.075,-1.097,-2.994
SRAD,🎰lottery,0.626,12.757,-1.304,0.83,0.667,-0.444,0.318,0.01,-1.887,
SRE,🏦majority,0.413,4.347,0.186,0.331,-0.269,-0.824,1.015,-0.637,1.906,-4.305
SRPT,⚡panic,0.0,13.094,2.169,0.296,0.049,-0.951,2.048,-3.494,2.949,-6.574
SRRK,🎰lottery,-1.001,18.536,-0.203,1.771,0.335,0.185,1.25,-0.384,-4.429,-12.013
SSB,⚡panic,0.061,5.859,1.391,0.315,-1.233,-0.542,1.782,0.319,-0.065,-7.25
SSD,🏦majority,0.524,6.181,0.401,0.224,-0.435,-0.384,0.339,-1.221,0.803,-3.174
SSNC,🏦majority,0.413,4.838,-0.538,0.199,0.529,-0.451,-0.611,0.4,0.563,-4.18
SSRM,🏦majority,0.535,10.385,0.533,0.6,0.252,0.377,3.113,0.144,0.436,-1.223
SSTK,🎰lottery,-1.915,9.809,-0.87,0.716,0.285,0.196,-0.738,-2.217,-0.883,-7.104
SSYS,🎰lottery,-2.115,11.264,-1.866,1.411,0.518,1.703,1.136,0.586,-0.674,-6.196
ST,🏦majority,-0.1,7.386,1.095,0.417,-0.205,-1.579,-0.524,-0.839,0.613,-3.132
STAA,🏦majority,-2.083,11.937,1.558,-0.666,-0.772,0.334,1.982,-0.209,-2.809,-5.431
STAG,🏦majority,0.229,4.328,1.202,-0.229,0.24,-0.508,0.808,-1.284,-0.797,-1.802
STC,🏦majority,0.75,6.571,1.674,-0.114,0.406,0.49,0.838,1.562,1.266,-8.143
STE,🏦majority,-0.047,4.873,0.768,0.209,0.4,-0.294,1.581,0.646,0.639,-1.132
STEP,🎰lottery,0.634,8.468,-1.236,-0.601,0.374,0.402,-1.934,-0.798,-2.402,-5.16
STLA,🏦majority,-0.479,8.185,0.798,-0.246,0.479,-0.197,-0.329,-0.448,0.651,-2.782
STLD,🏦majority,1.387,7.568,2.11,-0.897,0.538,-0.431,0.473,-0.03,-1.402,-4.576
STM,🏦majority,0.44,9.38,0.887,-0.164,-0.544,1.026,-2.211,-0.75,0.013,-5.86
STN,🏦majority,0.77,5.564,0.621,-0.454,-0.124,0.0,-0.847,-0.462,2.301,-4.732
STNE,🎰lottery,-0.914,12.516,-0.613,0.126,0.988,2.028,-0.344,0.571,-0.075,-9.171
STNG,🎰lottery,1.03,8.791,-2.815,0.059,1.358,1.475,-2.142,-1.327,2.051,-9.176
STOK,🏦majority,0.94,20.744,6.147,-0.266,4.043,-0.657,-2.202,9.819,5.416,
STRA,🏦majority,0.423,6.875,0.284,0.576,0.168,0.099,-0.328,0.554,0.307,-5.743
STRL,🏦majority,2.42,12.462,-0.038,-1.172,0.717,-0.555,1.561,0.674,0.567,-8.755
STT,🏦majority,1.15,6.089,0.952,0.621,0.073,-0.374,-1.23,0.482,-0.358,-4.106
STVN,⚡panic,0.188,10.348,2.661,1.207,-0.953,-0.445,1.904,-3.807,1.973,-8.857
STWD,🏦majority,-0.155,4.461,1.573,0.155,-0.564,-0.488,1.106,-0.274,0.646,-3.207
STX,🏦majority,1.392,9.902,-0.543,-0.018,1.101,0.707,1.29,-0.453,-0.862,-5.526
STZ,🏦majority,-0.302,4.661,-0.252,-0.13,-0.084,-0.351,0.614,-1.22,0.282,-5.219
SU,🏦majority,1.142,6.514,1.827,0.62,-0.204,-0.614,1.065,-0.2,0.411,-8.033
SUI,🏦majority,0.022,4.574,0.943,-0.188,-0.064,-1.189,0.197,-1.037,0.251,-1.824
SUN,🏦majority,0.508,4.781,3.153,0.394,0.016,-0.666,0.926,-0.673,-0.508,-4.195
SUPN,🏦majority,0.732,6.589,-0.573,0.456,0.609,-0.894,0.167,-1.769,-2.115,-2.391
SVC,⚡panic,-1.578,12.089,0.849,0.543,-0.789,-1.482,0.884,-1.564,-1.75,
SVV,🏦majority,1.024,11.918,-1.172,0.176,-0.163,0.217,1.251,-4.108,3.194,
SWBI,🏦majority,0.0,9.255,0.131,0.231,-0.183,-1.068,0.067,2.692,-0.649,-11.119
SWK,🏦majority,-0.72,6.915,0.204,-0.179,-0.103,-0.632,1.011,0.394,-0.102,-4.982
SWKS,🏦majority,-0.738,7.308,1.994,-0.452,-0.512,0.903,0.617,2.352,-0.044,-6.487
SWX,🏦majority,0.404,4.523,1.754,0.111,-0.029,-0.473,1.393,-1.205,0.094,-3.62
SXC,🏦majority,0.111,9.428,0.774,-0.111,0.335,1.205,0.436,0.55,-1.317,
SXI,🏦majority,1.263,7.307,-0.193,1.359,1.353,0.05,-0.325,-2.234,0.05,0.095
SXT,🏦majority,0.422,5.918,-0.111,0.718,-0.156,-0.629,0.161,0.169,0.315,-6.988
SYBT,🏦majority,0.714,8.102,-1.436,-0.339,0.952,-0.532,1.419,2.389,1.987,
SYF,🏦majority,0.718,7.015,0.943,-0.397,-1.572,-0.309,0.255,0.978,2.072,-2.787
SYK,🏦majority,0.423,4.675,1.079,0.324,0.36,-0.592,-0.301,0.869,-0.372,-3.158
SYM,🏦majority,1.685,17.552,2.326,-2.83,1.595,0.708,-1.314,1.036,-2.988,-15.749
SYNA,⚡panic,-0.517,10.51,2.238,0.517,-1.281,0.379,0.373,1.269,-1.541,-9.112
SYRE,⚡panic,2.587,16.288,2.025,1.622,1.453,-3.24,2.025,5.082,2.124,
SYY,🏦majority,0.276,4.293,0.259,0.33,0.226,-0.153,0.168,-0.566,0.21,-2.723
T,🏦majority,-0.018,5.203,-0.265,-0.311,0.516,-0.006,-0.232,1.122,1.351,-0.103
TAC,🏦majority,0.465,8.336,-0.943,-0.427,-0.275,-1.086,0.891,1.304,0.909,
TALO,⚡panic,-0.35,10.962,1.598,0.654,0.788,0.472,2.008,-1.621,-0.992,-6.563
TAP,🏦majority,-0.306,4.782,-0.625,0.892,0.676,0.208,0.423,-0.72,-1.491,-1.359
TARS,⚡panic,2.328,12.738,4.383,-0.985,0.747,1.357,3.109,-2.727,6.716,
TASK,🎰lottery,-1.323,16.699,-0.751,0.745,-0.779,2.562,-3.29,-2.615,-2.618,
TBBK,🏦majority,0.98,9.309,-0.645,0.233,0.531,0.337,0.062,0.806,0.629,-3.621
TBPH,⚡panic,0.864,11.049,1.779,0.896,-0.864,-0.775,2.285,3.156,1.377,
TCBI,🏦majority,0.593,6.326,2.024,0.666,-0.021,-0.856,0.756,-0.129,0.06,-4.723
TD,🏦majority,0.946,4.167,-0.111,-0.066,-0.194,0.115,-0.19,0.275,0.73,-2.503
TDC,⚡panic,0.188,8.195,0.373,0.744,-1.282,-0.69,1.178,-1.652,0.628,-4.278
TDG,🏦majority,0.739,5.274,-0.053,0.77,-0.161,0.894,0.795,0.302,-0.157,-5.897
TDOC,🏦majority,-1.684,11.622,-0.01,-0.777,-0.338,-0.43,0.704,1.526,2.081,-10.611
TDS,⚡panic,0.168,10.195,0.875,0.811,0.018,-1.434,2.403,-1.198,0.142,-2.197
TDW,🏦majority,1.628,10.968,-1.17,1.262,1.458,2.136,-0.831,1.171,-0.41,
TDY,🏦majority,0.386,4.541,0.629,0.003,-0.763,-0.303,-0.098,-0.601,-0.035,-3.376
TEAM,⚡panic,-0.664,12.081,0.316,0.442,-0.896,-1.216,-0.162,-1.149,-0.883,-5.905
TECH,⚡panic,-0.849,7.884,1.432,-0.019,-0.188,-0.259,1.347,1.67,-1.019,-7.089
TECK,⚡panic,0.86,8.387,1.667,0.294,-0.61,-1.674,1.416,-4.137,0.034,-3.745
TEL,🏦majority,0.392,5.545,0.964,0.343,-0.454,-0.932,0.487,0.647,0.216,-4.872
TEN,🎰lottery,-0.052,11.797,-0.371,-0.095,0.751,0.377,-2.227,-0.784,-0.662,-6.936
TENB,⚡panic,-0.034,8.757,1.888,0.128,-0.09,-0.578,1.824,-0.69,2.352,-8.639
TER,🏦majority,1.129,9.691,-0.719,0.308,0.295,-0.994,-0.488,1.704,-1.928,-5.236
TEX,🏦majority,0.793,8.492,0.508,0.3,0.452,-1.101,-0.952,-1.345,0.019,-5.213
TFC,🏦majority,0.415,6.24,0.915,0.372,-0.114,-0.114,0.02,-0.282,-0.307,-4.012
TFII,🏦majority,0.221,7.522,0.969,0.549,-1.042,-0.4,0.483,-0.093,0.373,-7.001
TFIN,🏦majority,0.281,8.752,-0.424,-0.655,0.873,-1.385,2.557,0.87,2.108,-7.044
TFSL,🏦majority,0.0,6.543,-0.766,-0.079,0.526,0.364,-0.833,-1.305,2.186,
TFX,🏦majority,-0.454,6.437,0.732,-0.021,-0.966,-1.528,0.211,-1.572,0.342,-2.525
TGLS,🏦majority,0.852,10.894,3.463,-0.98,0.365,-0.134,0.596,1.015,1.341,-9.988
TGT,🏦majority,-0.188,6.612,0.766,-0.459,-0.169,-0.146,0.794,-0.732,-0.198,-6.428
TGTX,🏦majority,0.264,17.105,2.175,-0.538,-1.58,0.077,-3.355,-2.799,3.612,-12.486
TH,🏦majority,1.449,17.189,3.371,-1.756,2.352,0.649,0.24,4.303,-2.127,
THC,🏦majority,1.295,8.737,0.258,-0.753,0.252,0.657,1.384,2.008,-0.557,-4.698
THG,🏦majority,0.482,4.03,0.595,0.711,1.185,-0.92,-0.098,-0.084,0.509,-0.745
THO,🏦majority,0.145,7.404,0.434,-0.006,-0.484,-0.048,0.974,-0.011,1.154,-3.104
THRM,⚡panic,-0.41,8.206,1.57,0.481,-0.852,-1.076,-0.233,-0.642,1.168,-5.715
THRY,🏦majority,-2.915,11.362,1.179,-0.29,-1.223,2.309,1.291,-0.246,-2.188,
TILE,🎰lottery,1.462,11.512,-2.368,1.373,0.65,0.181,-3.233,0.317,-3.001,-17.11
TITN,⚡panic,-0.615,13.292,1.406,0.903,-1.312,-1.911,3.019,-3.028,1.197,
TJX,🏦majority,1.069,3.987,1.15,0.079,-0.014,-0.362,0.815,-0.28,-0.007,-2.006
TK,🏦majority,1.653,9.421,2.916,-1.941,-2.07,0.016,1.56,2.908,-1.156,
TKO,🏦majority,0.655,6.287,0.142,0.358,3.162,0.407,0.709,-0.833,0.313,-7.672
TKR,🏦majority,0.765,5.975,0.002,-0.15,-0.292,-1.236,-0.744,-0.924,-0.678,-7.541
TLRY,🏦majority,-4.231,16.385,2.703,-0.516,2.048,1.797,1.207,-1.972,-3.008,-11.696
TMCI,🎰lottery,-1.53,16.036,-3.067,-1.788,1.992,0.413,-1.038,-3.84,2.271,
TMDX,🎰lottery,0.792,14.772,-0.268,0.642,0.065,-0.711,-0.241,1.709,2.518,-11.872
TMHC,🏦majority,0.849,6.75,0.439,0.22,0.123,-0.896,0.778,1.047,1.456,-4.921
TMO,🏦majority,0.151,5.25,-0.153,-0.642,0.39,0.211,-0.735,0.544,1.534,-6.976
TMUS,🏦majority,-0.027,4.625,-0.049,0.103,-0.842,0.117,0.78,-0.196,-0.097,-4.749
TNC,🏦majority,0.16,7.021,-0.525,0.381,0.852,0.031,-0.715,3.074,1.892,
TNDM,⚡panic,-0.714,14.08,1.439,-0.176,0.58,-0.125,2.36,-2.867,2.617,-8.486
TNET,🏦majority,0.575,7.943,0.568,-0.377,-0.005,0.179,-1.343,-0.753,-1.086,-6.589
TNK,🏦majority,0.778,9.976,-1.073,0.611,-0.249,0.864,2.019,1.018,2.029,-9.409
TNL,🏦majority,0.754,6.887,0.417,0.669,0.303,-0.015,0.808,-0.928,-1.233,-11.325
TNXP,🎰lottery,-7.098,27.725,2.04,-1.207,2.268,-2.439,0.646,-4.204,0.646,-60.0
TOL,🏦majority,1.18,6.742,-0.367,-0.323,-0.131,-0.398,1.008,-0.269,2.199,-3.878
TOST,⚡panic,0.284,11.309,1.254,0.147,-1.263,-0.843,2.767,-0.325,-3.664,-9.818
TOWN,⚡panic,-0.352,5.949,1.652,0.267,-0.063,-1.085,1.879,-1.062,-0.057,
TPB,🏦majority,0.852,10.358,0.584,-1.434,0.402,0.879,1.374,2.307,0.641,
TPC,🏦majority,2.755,14.66,3.793,0.049,-1.018,1.261,-2.407,1.161,-1.554,
TPG,🏦majority,0.473,8.323,1.186,-0.308,-0.473,-0.113,0.368,-1.073,0.235,-9.554
TPL,🏦majority,0.096,9.682,-0.541,-0.011,-1.094,0.333,0.917,1.734,-3.364,-8.854
TPR,🏦majority,1.007,7.63,-2.011,-0.272,0.467,-0.293,-0.168,1.757,0.757,-5.351
TREE,🎰lottery,-1.948,16.672,0.643,-0.539,0.868,-0.537,-0.758,0.133,-2.845,-17.878
TREX,🏦majority,-0.34,9.269,0.76,-1.823,0.465,0.91,0.291,0.724,2.159,-9.023
TRGP,🏦majority,1.864,6.065,1.242,0.395,-1.531,-0.176,0.012,-0.733,0.845,-1.463
TRI,🏦majority,0.318,5.732,0.727,-0.871,-0.786,0.205,-0.876,0.848,-0.953,-1.276
TRIN,🏦majority,0.187,5.81,-0.292,0.322,-0.739,0.167,0.667,-0.461,0.443,-2.087
TRIP,⚡panic,-0.613,10.639,1.84,0.419,-0.799,0.303,1.907,0.098,-1.096,-6.553
TRMB,🏦majority,0.0,6.474,0.767,-0.267,-0.718,0.028,-0.548,1.626,0.0,-3.555
TRMD,🏦majority,1.281,10.495,-1.384,0.063,-0.462,-0.507,0.851,-3.717,-0.149,-4.692
TRMK,🏦majority,0.207,6.261,1.321,-0.408,0.313,0.228,1.384,-0.303,-1.057,0.0
TRN,🏦majority,0.456,7.111,0.994,0.558,-1.353,-0.143,1.539,0.274,0.562,-5.034
TRNO,🏦majority,0.273,4.866,0.518,0.004,-0.248,-0.639,0.656,-0.367,-0.046,-3.959
TRNS,⚡panic,0.868,12.186,4.445,0.919,-0.13,-1.166,5.314,-5.245,1.459,
TROW,🏦majority,-0.274,5.52,-0.432,-0.12,0.608,-0.335,-0.874,-0.617,-0.727,-2.697
TROX,⚡panic,-0.87,10.019,3.197,-0.711,-0.333,0.734,3.389,-1.18,-3.588,-7.455
TRP,🏦majority,0.416,4.605,-0.218,0.376,-0.397,-0.006,-0.843,-0.18,-0.128,-3.232
TRS,⚡panic,1.368,7.991,3.647,0.33,0.225,-1.914,1.367,0.185,3.397,
TRU,🏦majority,0.183,7.492,-0.42,-0.111,0.016,-0.539,1.055,-0.444,0.986,-1.935
TRUP,⚡panic,-1.088,12.337,2.441,-0.191,-1.228,-0.916,0.066,-0.915,-0.681,-9.284
TRV,🏦majority,0.736,4.033,0.929,0.016,-0.239,-0.412,1.165,0.022,0.639,-0.795
TSCO,🏦majority,0.486,5.286,0.904,0.383,-0.428,-0.167,0.716,-0.939,0.349,-3.056
TSEM,🎰lottery,0.976,9.367,-1.58,-0.508,1.009,-0.65,-0.765,-0.73,-1.572,-7.503
TSLA,⚡panic,0.131,12.492,2.246,-1.363,-0.035,-0.453,1.453,-2.469,-0.073,-8.096
TSLX,🏦majority,0.283,3.891,0.437,0.102,-0.058,0.135,1.061,-0.777,0.033,-4.368
TSN,🏦majority,0.033,4.786,-0.108,0.256,-0.233,-0.933,0.761,0.457,0.792,-5.472
TT,🏦majority,0.651,5.616,-0.392,0.147,0.714,-0.239,0.584,0.022,-0.656,-7.44
TTC,⚡panic,-0.139,5.533,2.32,0.268,-0.411,-0.105,1.362,-1.424,-0.085,-4.024
TTD,⚡panic,0.115,12.641,0.518,-0.011,-0.229,-0.857,1.372,-3.871,0.652,-7.842
TTE,🏦majority,0.518,4.868,1.947,0.019,-0.518,-0.113,-0.036,1.199,-0.11,-2.734
TTEK,🏦majority,0.41,6.313,-1.157,0.328,-0.18,-0.438,1.264,-0.259,2.243,-5.296
TTMI,🏦majority,1.431,10.888,-1.743,1.509,0.987,0.838,0.397,-1.667,-1.045,-4.334
TTWO,🏦majority,0.611,6.179,0.826,0.542,0.186,-0.005,0.414,0.167,-0.747,-1.464
TU,🏦majority,-0.403,3.925,-0.382,-0.244,0.189,0.688,-0.819,1.532,1.655,-4.604
TVTX,🎰lottery,0.883,13.43,-0.479,0.013,1.056,-0.645,-0.854,-0.531,-2.514,-7.504
TW,🏦majority,0.179,5.409,-0.983,0.034,-0.431,-0.259,-0.17,-0.419,1.546,-4.546
TWI,🎰lottery,0.171,13.326,-4.46,1.995,2.729,-0.525,1.156,1.367,-3.61,
TWLO,🏦majority,-0.191,11.322,0.912,-0.687,-1.003,0.046,-0.444,-4.082,-2.165,-4.165
TWO,⚡panic,-0.474,7.299,1.242,0.13,-0.075,-0.519,1.019,-1.735,-1.163,-18.61
TWST,🏦majority,-0.703,14.812,2.124,-1.962,0.044,-1.248,2.124,0.326,3.502,-10.186
TXG,🎰lottery,-0.635,13.461,-0.108,-1.324,1.652,-0.16,-0.931,-0.31,-2.502,-11.615
TXN,🏦majority,0.068,6.201,0.225,-0.134,0.006,-0.203,0.316,0.391,0.819,-2.415
TXRH,🏦majority,0.549,5.2,1.017,-0.021,-0.632,0.293,0.353,0.125,-0.169,-1.149
TXT,🏦majority,0.484,4.827,1.869,0.599,-0.707,-0.797,0.43,0.252,0.155,-8.48
TYL,🏦majority,-0.23,5.856,1.268,-0.183,-0.723,-0.178,1.076,-1.549,-0.137,-3.152
U,🏦majority,-0.567,14.927,0.711,-2.094,0.353,1.409,-0.592,1.36,-0.636,-13.34
UA,🎰lottery,-0.648,9.554,-1.369,-0.562,1.56,0.967,-2.868,-2.321,0.778,-3.947
UAA,🎰lottery,-0.596,10.016,-0.746,-0.724,0.861,1.783,-2.462,-0.509,3.689,-2.838
UAL,🏦majority,1.303,9.74,-0.654,0.888,-0.447,0.21,0.567,-2.446,-1.145,-0.974
UAN,⚡panic,0.515,12.186,2.315,-1.013,0.808,0.33,3.735,-5.624,-2.292,
UBER,🏦majority,-0.185,8.77,1.109,-0.266,-0.949,0.344,0.913,-1.321,-0.076,-3.813
UBS,🏦majority,1.299,6.332,0.036,0.578,-0.496,-0.055,0.446,0.973,0.228,-1.067
UBSI,🏦majority,0.229,5.423,0.947,-0.229,-0.162,-0.06,0.678,0.521,-0.564,-1.564
UCTT,⚡panic,0.55,12.215,1.618,-0.115,-0.457,-1.834,0.29,-1.062,0.83,-5.709
UDR,🏦majority,0.159,4.314,1.214,-0.3,0.093,-0.159,0.535,-0.232,0.85,-3.966
UE,🏦majority,0.373,4.82,1.59,-0.014,-0.426,0.006,1.284,-1.203,-0.561,-2.638
UEC,🏦majority,0.894,12.104,-1.895,-1.226,-1.35,1.572,-4.06,1.683,0.155,
UFPI,🏦majority,0.075,6.394,0.491,0.589,-0.448,-0.299,0.966,0.267,0.618,-4.921
UFPT,🏦majority,0.887,9.372,-0.144,0.219,0.491,-0.884,1.432,-2.676,3.178,-2.945
UGI,🏦majority,-0.161,5.463,-0.885,0.679,-0.086,0.14,-0.884,0.86,0.905,-4.796
UHAL,🏦majority,-0.053,6.543,0.84,-0.201,-1.344,0.407,0.799,0.068,0.782,-5.678
UHS,🏦majority,0.405,6.726,-0.184,-0.578,0.969,0.724,0.065,-0.718,-0.577,-1.994
UI,🎰lottery,0.04,10.577,-1.988,-0.234,-0.277,0.866,-0.592,1.762,0.191,-6.772
ULCC,🎰lottery,-1.098,12.568,-2.813,0.251,0.471,1.591,-1.765,-3.425,-3.67,
ULTA,🏦majority,0.533,6.664,0.129,-0.574,0.204,-0.153,-0.09,-0.311,-0.855,-7.879
UMBF,🏦majority,0.559,6.183,0.123,0.204,0.064,-0.474,0.664,0.142,0.506,-3.851
UMH,🏦majority,-0.051,5.325,0.514,0.218,0.158,0.102,0.514,-1.135,0.773,-5.455
UNF,🏦majority,-0.058,6.104,0.65,-0.21,-0.514,-0.115,0.516,0.962,0.745,
UNFI,🏦majority,1.298,11.071,0.1,0.252,-0.307,0.211,-0.91,-0.709,0.287,-2.279
UNH,🏦majority,0.499,6.743,1.165,0.158,-0.161,-0.286,0.578,-0.31,-0.747,-1.675
UNIT,🎰lottery,-0.666,9.171,-1.103,1.249,1.274,0.302,-0.781,0.581,-3.355,-6.366
UNM,🏦majority,1.237,5.44,0.66,0.411,-0.068,-0.885,0.486,-1.092,0.108,-4.835
UNP,🏦majority,0.135,4.349,0.169,0.117,0.753,-0.26,-0.28,-0.231,0.995,-1.451
UPBD,⚡panic,-0.209,8.676,2.593,0.684,0.292,-2.627,2.578,-1.341,1.576,-8.32
UPS,🏦majority,0.008,5.417,-0.412,0.475,0.423,-0.55,0.369,0.015,1.211,-3.766
UPST,🏦majority,-1.307,20.195,0.923,-0.697,-0.195,0.647,2.135,-2.129,3.889,-9.278
UPWK,⚡panic,-1.736,11.9,3.141,-1.258,-2.099,-1.084,1.493,0.221,-0.206,-6.51
URBN,🏦majority,0.433,8.022,1.614,0.245,0.528,-0.568,1.592,-1.182,1.614,-3.568
URI,🏦majority,1.113,7.809,-0.518,0.781,0.782,-0.876,-0.842,-0.234,-2.255,-6.088
USAC,🏦majority,0.588,6.752,2.079,0.075,0.892,0.459,1.344,-5.895,0.376,
USB,🏦majority,0.165,5.787,-0.065,0.218,-0.021,-0.301,0.379,0.205,-0.178,-11.206
USFD,🏦majority,0.706,5.652,0.118,0.214,-0.147,-0.156,0.117,-0.26,-0.051,-3.363
USPH,🏦majority,0.099,7.487,-1.613,0.494,0.39,-0.358,-1.43,1.3,-2.957,-4.212
UTHR,🏦majority,0.537,6.342,1.046,-0.003,-0.575,-0.175,1.259,-0.037,0.222,-3.181
UTI,⚡panic,1.734,12.268,3.295,0.437,-1.662,0.068,3.875,-1.274,2.559,
UTZ,🏦majority,-0.588,8.04,-0.386,0.74,-0.966,-0.944,1.047,-1.289,-0.313,-4.826
UUUU,🏦majority,0.774,14.352,-0.014,-0.542,-0.053,0.455,0.037,1.757,-0.774,-8.8
UVV,🏦majority,-0.186,5.485,1.441,-0.4,0.028,0.025,1.667,-0.471,1.743,-5.732
UWMC,🎰lottery,-1.173,8.569,-0.345,-1.099,3.652,-0.165,-0.574,1.442,6.474,-9.62
V,🏦majority,0.502,4.105,0.725,0.009,0.048,-0.354,-0.047,0.124,0.034,-6.749
VAC,🏦majority,-0.32,8.441,0.109,0.21,0.488,0.42,0.601,-1.333,1.683,-6.804
VAL,🏦majority,0.731,9.996,-0.502,0.601,-0.191,-0.899,-1.457,0.768,-2.062,-5.832
VC,⚡panic,-0.059,7.18,2.602,-0.462,-1.719,0.277,2.202,1.384,1.078,-6.589
VCEL,⚡panic,0.276,8.581,0.748,0.549,-0.601,-1.05,2.406,-3.54,0.205,-8.091
VCTR,🏦majority,1.109,6.71,1.32,-0.26,0.518,-0.209,-0.464,-0.588,1.559,-6.476
VCYT,🏦majority,-0.371,11.733,0.982,-0.718,0.034,-0.157,0.564,1.872,-2.695,-2.704
VECO,⚡panic,0.429,9.291,1.096,0.47,-1.039,-1.16,-0.275,-0.049,0.505,-10.715
VEEV,🏦majority,-0.174,7.476,-0.145,0.586,0.486,-0.143,-0.021,1.147,-0.383,-5.702
VERA,🏦majority,-0.392,18.641,4.056,-0.77,-1.303,0.498,3.109,3.158,4.93,-6.342
VERX,🏦majority,0.88,10.602,-1.029,0.059,0.768,-1.08,-0.385,0.376,0.391,
VET,🏦majority,0.271,10.069,1.976,-1.312,1.274,0.617,0.718,1.441,0.484,0.256
VFC,🏦majority,-1.073,9.736,-0.626,1.303,0.12,-0.128,1.461,-0.373,1.435,-6.856
VG,🏦majority,0.192,14.545,0.158,-1.744,0.096,0.527,-1.774,3.158,-3.268,
VIAV,🏦majority,0.425,8.755,-0.694,-0.317,0.275,0.478,-1.601,-0.09,1.557,-5.54
VICI,🏦majority,-0.151,3.894,1.247,-0.23,0.045,-0.039,0.682,-0.791,-1.425,-1.377
VICR,🎰lottery,0.776,14.47,-1.332,0.48,1.433,-0.819,-1.776,-2.822,-0.211,-13.897
VIR,🎰lottery,-1.688,13.041,-1.493,-0.22,2.153,-1.308,-0.377,0.502,2.663,-14.001
VIRT,🏦majority,0.732,6.802,-1.321,0.672,1.719,0.023,0.072,0.105,-1.884,-2.302
VITL,🎰lottery,-0.278,14.099,-4.9,-1.527,0.157,2.605,-5.324,-4.819,7.268,
VKTX,🎰lottery,0.621,17.324,-0.685,-0.752,1.166,-3.034,-0.098,1.46,-1.966,-16.755
VLO,🏦majority,1.365,7.339,0.766,-0.006,-0.087,0.271,-0.633,-0.412,0.628,-1.382
VLTO,🏦majority,0.447,4.186,0.021,0.38,-0.985,0.013,0.582,-0.658,0.892,
VLY,🏦majority,0.304,7.058,0.005,0.042,0.263,0.59,0.058,-0.03,-1.604,-4.863
VMC,🏦majority,0.566,5.086,0.408,0.069,-0.358,0.071,0.011,-0.248,-0.386,-4.284
VMI,🏦majority,0.697,6.035,1.125,-0.137,-0.377,-0.135,0.919,-1.628,-1.35,-0.655
VNO,🏦majority,-0.141,7.93,-0.083,-0.665,0.589,0.218,0.115,-0.717,1.807,-6.033
VNOM,🏦majority,0.586,6.65,1.499,0.846,-0.809,-0.067,1.063,-0.243,-0.972,-7.89
VNT,🏦majority,0.466,6.418,-0.382,-0.256,-0.62,0.498,-0.373,-0.35,0.209,-3.335
VOYA,🏦majority,0.575,5.476,1.302,-0.304,0.539,-0.726,0.294,-0.857,0.011,-2.687
VRDN,⚡panic,0.274,14.662,-0.234,-1.187,-1.502,-2.213,0.526,-3.088,4.241,-10.302
VREX,⚡panic,-1.052,10.663,0.429,0.39,-0.453,-1.4,1.397,-2.811,0.982,
VRNS,⚡panic,0.804,10.052,1.507,-0.607,-0.987,-0.268,1.973,0.867,0.545,-4.595
VRRM,🏦majority,0.269,7.356,-0.233,0.558,0.365,0.478,0.415,0.519,-1.054,-4.017
VRSK,🏦majority,0.379,5.1,0.107,-0.701,0.249,0.089,-0.062,-0.253,0.878,-1.151
VRSN,🏦majority,0.322,5.148,-0.679,-0.209,0.588,0.115,-1.29,1.104,0.524,-1.262
VRT,⚡panic,2.722,12.291,1.857,-1.288,-2.312,0.051,2.347,0.175,0.904,-7.144
VRTS,🏦majority,0.025,7.994,0.27,-0.005,0.729,-0.302,1.616,0.514,-0.181,-11.152
VRTX,🏦majority,1.008,5.15,1.172,0.586,-0.038,-0.568,0.738,-0.133,0.247,-1.408
VSAT,🎰lottery,-0.113,13.734,-1.105,-0.053,-0.566,-1.137,-2.336,-1.251,-0.351,-10.822
VSCO,🏦majority,0.0,13.168,-1.363,-2.964,0.419,-1.275,-1.548,3.766,3.364,-4.344
VSEC,⚡panic,2.275,9.98,5.774,1.903,0.637,-0.897,4.327,-2.356,-2.272,
VSH,🏦majority,0.149,10.078,0.369,-0.243,-0.373,1.052,0.763,1.944,-0.557,-4.52
VST,⚡panic,1.537,9.142,1.638,0.208,-1.142,-0.567,0.702,0.009,-0.468,-9.215
VSTS,🏦majority,1.054,11.666,-0.539,-0.654,-0.25,0.986,0.37,-1.054,-2.393,
