ticker,seg1d,base,std,r_ovs,r_mid,r_cross,r_green3,r_panic3,r_gapsoft,r_z11,wtop
A,🏦majority,0.399,5.693,-0.417,0.646,0.405,0.398,0.545,1.242,-0.102,
AA,🎰lottery,0.744,10.906,-1.099,0.073,-0.78,-1.781,1.67,0.087,-1.455,-17.872
AAL,🏦majority,0.05,9.183,-2.057,1.543,0.089,0.198,-1.139,,-0.831,
AAOI,🎲chase,0.771,23.716,9.323,-3.369,10.525,3.477,6.037,-1.649,3.071,
AAON,🎲chase,0.558,9.29,-1.191,0.069,1.584,0.535,-0.058,2.31,1.07,
AAP,⚡panic,0.084,10.251,1.21,0.4,-0.433,-0.496,1.558,-0.739,-4.537,-3.787
AAPL,🏦majority,1.033,5.265,3.011,-1.061,-0.045,-0.379,3.183,-1.16,-2.373,
AAT,🏦majority,-0.1,5.36,-0.612,0.053,-0.056,-0.159,0.577,-0.581,0.701,
AB,🏦majority,-0.124,5.169,1.431,0.914,0.795,-0.218,2.11,1.219,-0.131,-4.904
ABBV,🏦majority,0.964,4.768,0.512,-0.656,0.043,0.196,0.831,-1.187,0.638,-0.5
ABCB,🏦majority,0.579,6.323,1.149,0.213,0.746,-0.704,2.26,-0.07,1.107,
ABG,🏦majority,0.07,7.353,2.483,0.916,1.737,-0.162,1.889,-1.402,-0.487,
ABM,🏦majority,0.701,5.747,2.064,0.557,0.717,-0.163,2.45,-0.55,0.469,
ABNB,⚡panic,0.328,8.029,3.221,0.193,-0.379,-1.147,1.422,0.376,-2.521,
ABR,🏦majority,-0.404,7.233,0.171,0.192,0.269,-0.828,0.872,-0.34,-0.765,
ABT,🏦majority,0.288,4.358,0.664,-0.402,-0.486,0.042,-0.718,1.42,-2.3,
ACA,🏦majority,0.216,6.52,1.827,0.447,0.241,-0.815,0.074,-0.963,1.531,-4.905
ACAD,🏦majority,-0.33,10.0,-0.71,-0.035,0.085,-0.832,0.19,-3.22,0.924,
ACGL,🏦majority,0.852,4.398,2.258,0.127,0.715,-0.13,1.488,-0.852,0.416,
ACHC,🏦majority,-0.542,9.639,0.008,0.882,-0.351,-0.06,0.89,-3.201,0.398,
ACI,🏦majority,-0.339,6.478,0.932,0.034,-0.928,-0.499,0.959,,-1.404,
ACIW,🏦majority,0.197,6.531,-0.796,0.468,-0.723,-0.88,0.907,-1.078,3.151,
ACLS,🎲chase,0.534,11.044,2.301,-1.893,0.113,-0.308,1.527,1.346,0.445,
ACM,🏦majority,0.236,4.92,0.985,-0.619,-0.244,-0.059,-0.251,,-0.066,
ACMR,⚡panic,1.342,15.986,1.197,0.2,-1.85,1.911,2.883,3.667,2.998,
ACN,🎲chase,-0.071,6.206,0.162,-0.756,1.363,0.751,1.185,0.319,-1.074,
ACRE,🏦majority,-0.379,6.855,0.976,-0.05,-0.062,-0.265,0.708,,0.98,
ACT,🏦majority,0.731,4.912,3.37,1.188,0.169,0.075,2.511,1.435,-1.876,-1.889
ACVA,🏦majority,-0.405,11.233,-1.173,0.974,-0.577,-0.167,1.611,0.835,0.747,
ADBE,🎲chase,0.171,7.388,1.589,-0.979,0.49,1.287,0.51,0.531,-1.14,
ADC,🏦majority,0.057,3.401,0.023,-0.001,0.12,-0.137,0.273,-1.084,-0.728,
ADEA,🎲chase,1.641,10.171,-0.641,0.736,3.094,-0.421,-0.653,0.15,-0.328,
ADI,🏦majority,0.466,5.884,2.056,0.037,-0.463,0.24,1.792,1.455,-1.592,
ADM,🏦majority,0.34,5.382,-0.034,0.092,-0.298,-0.553,-0.191,-0.212,0.045,
ADNT,⚡panic,-0.65,8.942,2.468,0.09,-2.538,-0.793,2.917,-0.893,-0.976,-12.581
ADP,🏦majority,0.379,4.369,0.434,-0.415,-0.826,-0.273,-0.087,-0.639,-0.136,
ADPT,⚡panic,-0.231,13.516,0.231,0.302,-2.086,0.517,5.247,,-1.311,
ADSK,🏦majority,0.009,6.626,2.833,0.215,-0.561,0.709,1.394,0.63,-1.014,-4.155
ADT,🏦majority,0.0,5.988,0.687,0.861,-1.091,-0.207,2.276,,-0.484,
ADTN,🎲chase,-0.557,11.093,0.786,-0.655,1.025,0.343,-2.368,0.143,-0.2,
ADUS,🏦majority,0.311,6.57,1.523,0.667,-0.856,-0.665,1.933,2.383,3.51,
AEE,🏦majority,0.421,3.657,1.203,0.439,-0.059,-0.164,0.827,-0.125,0.325,
AEG,🏦majority,1.027,4.672,3.036,1.024,-1.027,-0.727,,,0.455,
AEHR,🎲chase,0.987,20.965,2.983,-1.605,4.603,-1.151,0.427,-0.174,-3.97,
AEIS,🏦majority,1.072,7.997,0.13,0.315,-0.488,-1.353,0.995,-1.249,-1.521,
AEM,🎲chase,0.882,7.278,0.248,-0.996,0.956,0.242,-1.325,,-1.367,
AEO,⚡panic,-0.891,10.101,2.468,-0.453,-0.138,-1.001,0.65,,-1.136,
AEP,🏦majority,0.4,3.952,1.03,0.016,0.622,0.287,0.27,-2.46,0.681,
AER,🏦majority,1.067,6.069,3.642,0.953,0.079,-0.522,,-0.264,0.284,
AES,🏦majority,-0.378,7.551,-0.74,0.34,0.704,0.752,1.491,1.075,1.665,
AESI,⚡panic,-0.117,10.513,2.224,-0.24,-0.836,-0.326,-0.262,-0.919,-0.557,
AFG,🏦majority,0.299,3.906,2.837,0.294,-0.832,-0.73,2.393,1.601,-1.24,
AFL,🏦majority,0.808,3.983,2.124,0.693,-0.017,-0.843,1.048,1.299,0.112,
AFRM,🎲chase,0.0,18.306,-1.574,-2.017,-0.749,-1.038,-1.827,3.421,-0.605,-12.359
AG,🎲chase,-0.964,12.112,0.113,-0.607,0.701,-0.993,-0.543,-0.486,0.369,
AGCO,⚡panic,-0.131,6.549,3.455,0.644,-2.573,-0.909,1.65,-1.812,-0.309,
AGEN,⚡panic,-3.947,18.585,0.015,-0.63,-2.444,3.058,1.436,,,
AGI,🏦majority,1.162,7.767,-0.502,-0.026,-0.037,-0.934,1.22,0.362,-0.399,
AGIO,🏦majority,0.032,11.37,-0.988,1.634,0.153,0.69,-0.722,-4.26,3.297,-6.678
AGL,🎰lottery,-1.847,18.891,1.387,-2.501,1.606,0.495,-2.416,3.475,4.386,-29.776
AGM,🏦majority,0.593,6.535,-0.185,0.823,0.049,-0.557,0.896,-0.802,-0.493,
AGNC,🏦majority,0.062,5.409,-1.154,0.149,0.038,-0.657,-0.591,0.234,-1.021,
AGO,🏦majority,0.623,5.027,0.498,0.413,-0.96,0.152,0.134,-0.562,0.513,
AGRO,🎲chase,0.086,8.975,-0.086,0.172,-0.075,-0.442,-0.426,5.522,2.389,
AGX,🏦majority,3.214,10.411,-2.159,1.895,0.23,-1.369,,-0.936,0.458,
AGYS,⚡panic,0.102,9.551,-0.877,0.223,-0.867,-2.159,4.168,,-0.042,
AHCO,🏦majority,-0.091,10.695,-0.561,1.742,-1.436,0.183,2.588,-0.691,4.678,
AI,⚡panic,-2.135,14.111,3.184,-0.464,1.27,-0.66,2.069,,-0.593,
AIG,🏦majority,0.751,4.835,1.045,0.734,0.636,0.035,0.993,-0.349,2.269,
AIN,🏦majority,0.309,6.089,2.294,0.452,-0.566,-0.35,0.516,-0.28,0.144,
AIR,🏦majority,1.347,7.0,1.805,1.265,0.593,0.417,1.161,-1.024,1.047,
AIT,🏦majority,0.93,5.247,2.923,0.87,-0.113,-0.47,2.33,-1.112,-0.716,
AIV,🏦majority,0.0,6.216,-0.896,0.948,0.0,0.131,1.0,,-0.35,
AIZ,🏦majority,0.616,4.583,2.047,0.14,0.054,-0.952,1.412,-1.088,-0.471,
AJG,🏦majority,0.999,4.627,1.367,0.183,0.021,-0.597,0.626,-1.066,1.628,-4.088
AKAM,🏦majority,0.315,7.617,1.895,-0.385,1.257,-0.135,1.719,-0.048,0.002,
AKR,🏦majority,0.295,5.002,1.289,0.183,-0.842,-0.338,1.032,-1.205,0.724,
ALB,🎲chase,-0.116,10.262,1.232,-2.143,1.288,1.673,-3.393,-0.084,1.343,-10.751
ALC,🏦majority,0.226,5.241,0.886,-0.211,1.072,-1.415,0.061,,0.378,
ALG,🏦majority,-0.218,6.187,0.135,1.028,0.0,0.113,1.179,-1.089,0.38,
ALGM,🏦majority,0.513,10.955,0.941,0.639,-0.948,-0.112,0.941,-1.725,2.265,-8.403
ALGN,🎲chase,-0.317,9.397,-0.54,-0.156,0.331,0.212,-1.399,-0.743,0.518,
ALGT,🎲chase,-0.26,10.63,-2.735,-0.053,-1.757,1.937,-2.276,,-0.161,
ALHC,🎰lottery,-0.605,14.022,4.036,-1.411,0.741,0.008,2.168,4.73,,-17.547
ALIT,🏦majority,-0.132,9.751,-0.525,1.226,-1.557,-1.234,1.729,,0.863,
ALK,🎲chase,0.23,8.647,-2.68,1.162,0.953,1.121,-1.048,2.906,0.609,
ALKS,🏦majority,0.176,7.223,0.021,0.739,0.44,0.651,1.328,2.739,0.612,
ALKT,🏦majority,0.261,10.286,2.485,-0.309,0.277,-0.266,0.703,-1.587,3.713,
ALL,🏦majority,0.764,4.791,1.811,0.687,0.88,0.222,0.04,-1.391,-1.588,-2.991
ALLE,🏦majority,0.03,4.999,0.546,-0.646,-0.927,-1.214,0.0,0.577,0.681,
ALLY,⚡panic,0.142,7.081,4.947,0.214,0.09,-1.188,2.311,0.058,0.129,-0.93
ALNY,🏦majority,0.032,10.278,1.463,-0.113,0.517,-0.008,-0.026,,-0.594,
ALRM,🏦majority,-0.285,5.885,2.123,-0.457,0.669,0.669,1.821,0.028,-1.335,
ALSN,🏦majority,0.706,5.798,1.537,-0.545,0.278,0.269,1.118,-2.484,0.366,
ALT,⚡panic,-2.185,19.483,6.914,-2.517,-1.176,2.392,1.735,,2.8,
ALV,🏦majority,0.202,5.92,1.447,1.277,-0.798,0.149,1.761,-1.24,0.452,
AM,🏦majority,0.725,4.815,3.172,0.564,0.822,-0.258,1.635,-1.401,-0.049,-5.949
AMAT,🏦majority,1.208,8.461,2.099,0.418,1.238,-0.712,-1.291,-5.067,-1.151,-2.127
AMBA,🎰lottery,0.43,12.568,1.284,-2.103,0.342,0.148,0.796,0.0,1.854,-21.508
AMCR,🏦majority,-0.149,4.413,0.79,-0.122,-0.394,-0.965,1.213,,0.371,
AMCX,⚡panic,-0.994,12.058,2.051,-0.493,-2.123,-2.195,-0.175,0.501,2.658,
AMD,🎲chase,0.848,11.32,0.741,-1.557,1.425,1.489,-2.313,1.328,-3.111,
AME,🏦majority,0.428,4.075,1.647,-0.091,-0.441,-0.588,0.918,-0.41,-0.649,
AMG,🎰lottery,0.807,6.055,0.294,-0.562,-0.806,-1.012,0.736,-1.012,0.71,-12.29
AMGN,🏦majority,0.379,4.573,-0.629,0.025,0.444,0.53,-0.625,-2.223,-0.885,
AMH,🏦majority,0.187,4.066,2.036,-0.187,0.005,-0.079,2.304,-0.004,-2.187,-2.873
AMKR,🏦majority,0.498,11.018,1.075,-0.372,0.25,-1.251,-0.041,0.917,-2.266,-2.651
AMLX,⚡panic,0.0,16.74,3.608,-0.541,0.204,-1.141,1.195,3.495,0.279,
AMN,⚡panic,0.102,10.057,2.252,-0.707,0.277,-0.007,2.658,0.14,3.603,
AMP,🏦majority,0.695,5.296,2.933,-0.188,0.199,-0.716,0.659,-0.898,-0.798,-1.845
AMPH,🎰lottery,0.685,9.297,-0.545,-0.41,0.673,-0.807,-0.11,1.246,1.483,-22.113
AMPL,⚡panic,-1.053,12.476,2.224,-0.363,1.477,-0.795,0.197,,4.507,
AMR,🎲chase,1.458,12.096,-3.583,-0.63,0.209,2.911,-0.857,-3.824,-1.836,-4.166
AMRC,🎲chase,-0.421,14.57,2.156,-1.632,1.319,0.497,-2.516,7.431,1.744,
AMSC,🎲chase,1.737,18.291,0.34,-1.48,-1.167,0.775,-9.277,1.479,1.132,
AMSF,🏦majority,-0.684,5.264,1.543,0.446,-0.107,-1.202,1.516,,-2.373,
AMT,🏦majority,0.122,5.322,1.405,-0.745,-0.213,-0.578,0.23,0.884,1.38,
AMWD,🏦majority,-0.287,8.451,-0.536,0.99,0.578,0.066,1.097,0.591,-2.271,
AMZN,🏦majority,0.749,6.891,2.855,-0.091,0.976,-0.402,2.777,0.353,-1.351,
AN,🏦majority,0.634,6.426,1.706,0.78,0.951,0.371,2.503,1.101,-1.058,
ANAB,⚡panic,1.002,13.04,3.344,0.369,0.123,-0.041,2.733,-1.803,4.803,
ANDE,🏦majority,1.113,7.555,2.919,0.449,-0.375,-0.641,2.096,,-0.553,-2.526
ANET,🏦majority,1.813,9.119,1.37,0.787,-0.052,0.923,3.32,-0.661,0.315,-2.851
ANF,🎲chase,1.463,11.891,-2.704,-1.152,0.074,-1.354,-0.95,0.777,-0.133,-7.563
ANGI,⚡panic,-2.873,15.422,1.257,-1.391,-0.481,-4.067,1.013,,,
ANGO,🎲chase,0.15,11.637,1.457,0.239,2.603,0.657,1.465,-1.547,-1.468,
ANIP,🎰lottery,0.543,10.121,3.253,0.563,0.016,-0.775,2.389,0.425,0.471,-12.38
AON,🏦majority,0.724,4.4,1.826,-0.038,-0.433,-0.837,0.678,-0.428,-0.228,-6.127
AORT,🏦majority,1.083,11.374,-0.409,0.802,0.311,-1.359,2.282,,,
AOS,🏦majority,-0.138,5.266,0.0,0.308,0.789,-0.828,-0.187,-1.011,0.247,
AOSL,⚡panic,0.634,14.272,3.391,-0.353,-0.776,0.733,1.25,1.31,3.493,
APA,⚡panic,0.374,9.134,3.621,-0.844,-1.537,-0.266,1.513,-0.549,-1.246,
APAM,🎰lottery,-0.199,6.349,1.068,0.763,0.114,-1.019,0.681,0.326,-0.354,-14.169
APD,🏦majority,-0.003,5.188,0.02,0.204,0.388,0.362,0.778,0.27,-0.177,-5.531
APG,🏦majority,0.93,6.283,1.797,-0.795,0.187,1.118,-0.592,-2.355,-2.991,-0.363
APH,🏦majority,1.466,5.838,0.645,-0.61,0.011,0.014,0.51,1.589,0.11,-5.172
APLE,🏦majority,0.118,4.832,1.37,0.656,-0.45,-0.179,2.798,,0.194,
APO,🏦majority,1.042,7.067,1.374,0.351,-0.342,0.709,-0.586,0.573,-0.742,
APOG,🏦majority,0.117,6.97,-0.738,0.934,1.535,-0.4,-0.595,-0.483,-2.637,
APP,🎲chase,2.256,15.344,-0.353,-2.745,0.307,1.063,2.377,3.114,-0.973,-6.508
APPF,⚡panic,0.63,7.956,2.068,1.042,-1.547,-0.221,3.855,-0.25,1.487,
APPN,⚡panic,-1.425,10.936,2.773,0.427,-0.22,-1.736,0.31,1.821,2.435,
APPS,🎲chase,-2.285,16.478,0.048,-0.924,3.368,1.173,-0.454,,,
APTV,⚡panic,-0.682,8.113,1.878,-0.413,-0.673,0.247,1.502,-1.543,-1.031,
AQN,🏦majority,-0.072,5.87,0.61,-0.028,-0.268,-0.224,0.288,-2.021,0.869,
AR,🎲chase,0.708,9.677,3.942,-0.84,0.972,0.596,-0.219,1.63,-0.618,-10.22
ARCB,🏦majority,0.436,9.938,2.171,0.309,0.822,-0.529,1.014,0.257,-2.682,
ARCC,🏦majority,0.392,3.592,1.779,0.588,-0.128,0.337,1.192,-0.59,0.588,
ARCO,🏦majority,0.0,6.482,2.276,0.0,-0.799,-0.754,2.276,-0.966,1.602,
ARCT,⚡panic,-1.32,17.661,2.596,-0.012,-1.982,-0.904,6.358,3.7,9.583,-11.485
ARE,🏦majority,-0.431,6.724,0.47,-0.153,0.921,-0.539,0.42,2.21,-3.039,
ARES,🏦majority,1.3,7.265,-1.283,1.597,0.866,0.448,-1.315,0.208,-1.105,-0.46
ARHS,⚡panic,0.43,13.791,1.874,-1.457,1.819,0.641,5.561,-0.849,5.067,
ARI,🏦majority,-0.206,6.687,1.806,0.498,-1.161,-0.32,0.458,0.544,0.316,
ARIS,🎲chase,-0.284,14.654,0.244,1.198,1.667,0.401,-0.655,,0.158,
ARLO,⚡panic,0.036,11.118,4.641,0.037,0.539,0.763,3.131,-1.347,-2.843,
ARLP,🏦majority,1.105,6.706,2.179,-0.381,0.298,0.318,-0.538,2.089,-2.282,-1.005
ARMK,🏦majority,0.684,6.07,1.333,-0.005,-0.623,-0.722,0.319,-0.948,0.362,
AROC,🏦majority,0.904,6.963,3.969,0.932,0.371,-0.521,-0.184,2.837,1.691,
ARQT,⚡panic,0.209,14.187,4.809,1.445,0.455,0.0,-0.53,1.359,-5.021,-3.467
ARR,🏦majority,-0.278,6.245,1.31,0.086,-0.594,0.388,0.496,-1.616,-0.386,
ARRY,⚡panic,-1.44,15.919,3.272,0.615,0.325,-1.109,3.171,-1.182,-4.502,
ARVN,⚡panic,-1.099,13.691,0.032,0.399,0.226,0.174,1.439,0.844,0.271,
ARW,🏦majority,0.549,6.169,1.631,-0.175,0.278,0.532,0.28,2.34,-0.171,-3.414
ARWR,⚡panic,-0.211,12.83,4.204,-0.472,-1.98,-1.579,4.093,0.495,0.884,
ASAN,🎲chase,-0.809,15.503,1.574,0.032,-0.035,1.238,-0.475,3.457,0.475,
ASB,🏦majority,0.291,6.117,1.258,1.133,0.456,0.098,2.132,1.19,0.488,
ASC,🎲chase,1.2,9.064,-2.04,1.259,0.14,0.34,-5.152,,0.138,
ASH,🏦majority,-0.062,5.65,0.887,-0.337,-0.007,-0.579,-0.236,0.502,0.221,
ASIX,🏦majority,-0.257,9.045,0.527,0.566,1.285,0.037,0.827,-3.903,-1.271,-5.911
ASND,⚡panic,0.019,9.088,10.889,1.138,0.538,-2.47,5.827,-0.255,,
ASO,🏦majority,0.246,8.257,2.217,-1.417,-1.109,-1.437,0.268,-3.79,3.147,
ASPN,🎲chase,-1.36,17.107,-2.011,-0.057,5.89,0.128,-4.185,0.439,-1.272,-14.465
ASTE,🏦majority,-0.033,9.692,-1.401,2.125,1.37,-0.848,-0.036,-0.637,-2.65,
ASTL,🏦majority,-0.733,9.686,0.217,0.204,-1.851,1.645,0.307,,,
ASTS,⚡panic,0.282,21.01,2.821,-0.129,-4.915,3.255,1.861,-3.378,-10.515,
ATEC,🏦majority,0.188,12.463,0.995,-0.632,0.178,-0.708,0.065,-3.878,-0.114,
ATEN,🏦majority,1.023,7.263,0.383,-0.214,0.198,-0.252,-0.484,-1.087,-0.305,
ATEX,🏦majority,-0.493,11.216,-1.504,0.637,-2.454,0.31,-1.165,-1.504,,
ATI,🎲chase,1.265,8.983,2.24,-0.298,0.05,2.257,0.441,0.381,-2.813,
ATKR,⚡panic,0.329,9.113,1.964,0.539,-1.11,-1.448,3.015,-0.463,-0.556,
ATMU,🏦majority,0.862,6.577,1.21,-0.807,-0.1,0.544,,1.341,-0.774,
ATO,🏦majority,0.601,3.492,1.144,0.252,0.103,-0.286,1.948,-0.212,-1.58,-2.314
ATR,🏦majority,0.16,4.241,-0.076,0.204,-0.332,-0.097,-0.793,-1.155,1.515,-4.613
ATRC,🏦majority,-0.323,8.849,-1.306,-0.16,0.0,-0.719,0.068,1.463,3.026,
AU,🎲chase,0.616,10.358,1.979,-0.271,0.301,0.381,1.182,4.778,0.708,
AUB,🏦majority,0.119,6.424,1.502,0.361,-0.364,-0.024,1.324,0.238,-0.435,
AUPH,⚡panic,0.549,12.872,1.527,-0.187,-0.187,-2.664,4.94,-2.039,1.304,
AVA,🏦majority,0.023,3.96,0.498,0.152,-0.526,-0.134,0.399,-0.913,-1.549,
AVAV,🎰lottery,0.546,11.788,0.226,0.788,-0.845,0.098,0.404,0.485,-0.176,-21.696
AVB,🏦majority,0.339,4.002,1.589,-0.025,-0.317,-0.445,1.377,-1.76,-1.819,-4.052
AVGO,🏦majority,1.558,8.261,4.622,0.573,0.858,0.17,1.159,-1.925,0.227,-6.801
AVNS,🎲chase,-0.501,8.702,-0.546,-0.288,0.607,0.104,-1.06,-1.912,-0.441,
AVNT,🏦majority,0.149,7.065,1.911,0.736,-0.149,0.202,0.967,-1.546,-0.691,
AVPT,🏦majority,0.467,8.876,0.472,-0.567,-0.405,0.157,1.837,,-1.242,
AVT,🏦majority,0.518,5.863,1.703,0.375,0.865,-0.155,2.316,0.706,-0.32,
AVTR,🏦majority,-0.109,7.47,-0.996,-0.169,-0.706,-0.413,-0.372,1.662,2.223,
AVXL,⚡panic,-1.914,15.314,-6.069,0.655,-0.482,-2.315,3.703,,0.176,
AVY,🏦majority,-0.163,4.439,1.748,0.458,-0.647,-0.261,1.357,-0.163,-1.656,
AWI,🏦majority,0.307,5.59,-0.087,-0.44,-0.502,0.755,0.01,2.369,0.704,-7.251
AWK,🏦majority,0.0,4.437,-0.003,0.354,-0.466,-0.226,0.45,-0.359,0.177,-2.666
AWR,🏦majority,0.035,4.029,0.806,0.225,0.092,-0.169,0.249,0.862,-2.184,-8.208
AX,🏦majority,0.836,8.159,0.207,0.508,-0.613,0.284,1.117,0.599,2.314,-9.425
AXON,⚡panic,1.135,10.505,3.072,0.011,-2.693,-1.001,2.595,1.748,0.612,-4.659
AXP,🏦majority,0.646,5.669,0.762,-0.016,1.27,-0.481,0.09,-1.204,0.219,
AXS,🏦majority,0.552,4.47,2.589,1.012,-0.57,-0.273,1.697,0.313,-0.969,
AXSM,⚡panic,1.094,13.737,4.752,0.062,0.962,-0.466,2.391,5.753,-1.854,-5.653
AXTA,🏦majority,0.195,5.91,-0.073,1.116,0.256,-0.074,0.111,,1.542,
AYI,🏦majority,0.92,6.374,0.309,0.557,0.601,-0.767,0.656,1.322,0.386,
AZN,🏦majority,0.676,7.19,0.855,0.349,-0.461,-0.041,0.597,,0.045,
AZO,🏦majority,0.791,4.769,1.863,0.748,-0.269,0.126,1.128,-1.764,1.057,-1.923
AZTA,🏦majority,-0.652,10.13,-2.876,1.305,-1.086,-1.664,-0.608,,2.938,
AZZ,🏦majority,0.92,6.208,0.313,0.621,-0.676,0.13,0.46,,1.986,
B,🏦majority,0.487,9.257,1.055,0.346,0.035,-0.367,-0.569,,0.25,
BA,🏦majority,-0.088,7.322,2.084,-0.481,-0.07,0.933,0.048,-1.649,-0.991,-7.081
BAC,🏦majority,0.781,5.717,-0.091,0.974,0.226,-0.406,0.379,-0.066,-0.555,-2.157
BAH,🏦majority,0.356,6.208,0.388,0.394,0.067,-0.598,0.471,0.455,-1.639,
BALL,🏦majority,0.391,5.924,1.43,-1.37,-0.407,-0.062,0.394,,1.426,
BALY,⚡panic,-0.283,13.473,3.769,-0.538,-2.598,-2.965,4.737,-0.297,1.242,
BAM,🏦majority,0.427,6.637,2.324,0.629,-0.086,-1.233,0.766,-1.84,1.102,-5.663
BANC,🏦majority,0.673,6.551,0.375,1.126,0.183,-1.138,1.281,-1.488,-2.582,
BAND,🎰lottery,-0.807,17.214,0.228,-1.318,3.542,-2.111,-3.203,,10.224,-16.95
BANF,🏦majority,0.238,5.735,-0.105,0.096,1.029,0.133,0.445,-1.127,1.291,
BANR,🏦majority,0.322,5.613,1.109,0.274,0.081,-0.478,1.789,1.185,0.556,
BAP,🏦majority,0.969,6.188,-0.502,0.117,-1.288,0.439,-2.002,-0.37,2.084,-0.114
BATRK,🏦majority,0.091,4.87,-0.504,0.63,1.077,0.241,2.644,-2.4,0.709,
BAX,🏦majority,-0.338,6.346,0.646,-0.654,0.583,-0.521,0.338,-0.236,-2.756,
BBDC,🏦majority,0.112,4.645,0.97,0.676,0.69,0.351,1.446,,-1.307,
BBIO,🏦majority,0.612,13.971,-0.423,0.215,-2.581,0.786,0.522,-2.683,,
BBSI,🏦majority,1.191,6.755,-2.166,1.093,0.284,-0.319,,,0.283,
BBW,🏦majority,0.513,10.289,-1.2,0.462,-1.188,0.675,-1.184,-3.935,0.66,-4.78
BBWI,🎰lottery,-0.855,9.844,1.64,-0.487,-0.176,-1.551,0.451,-3.078,2.119,-16.712
BBY,🏦majority,-0.215,6.92,1.142,-0.374,0.774,0.577,2.112,-1.268,1.747,
BC,🏦majority,0.057,6.791,2.321,0.336,-0.37,-0.501,-0.393,-2.484,-0.221,-5.279
BCC,🏦majority,0.493,7.67,1.812,-0.276,1.076,-0.156,0.423,0.024,1.211,-1.239
BCE,🎰lottery,-0.227,4.017,-0.192,0.183,0.12,-0.265,-0.194,0.418,-1.269,-11.716
BCO,🏦majority,0.477,5.989,2.755,0.176,-0.659,0.748,1.589,-0.066,0.375,-6.723
BCPC,🏦majority,-0.032,4.694,1.316,0.486,1.199,-0.405,1.323,1.563,2.858,-6.331
BCRX,⚡panic,-0.803,10.191,1.378,0.686,-1.879,-0.816,1.28,-0.927,-2.273,
BDC,🏦majority,1.084,7.26,0.268,0.587,0.3,0.231,-1.796,0.09,0.159,
BDX,🏦majority,0.185,4.23,0.566,0.175,-0.446,-1.023,1.026,-1.421,-1.253,
BE,🎰lottery,0.092,17.936,3.645,-1.202,2.207,4.013,4.171,2.548,-4.644,-22.056
BEAM,⚡panic,-1.468,13.596,4.094,0.078,-1.169,0.218,1.566,7.34,-2.477,
BELFB,🏦majority,3.587,12.099,2.782,-0.174,1.225,0.13,,-1.775,0.76,-2.112
BEN,🏦majority,-0.291,6.104,-0.005,-0.161,0.203,-0.691,1.705,-0.11,0.692,
BEP,🏦majority,0.034,6.216,1.212,-0.361,1.018,-0.997,-0.034,1.612,-2.791,
BEPC,🏦majority,0.125,6.838,1.159,0.105,0.298,-0.656,-0.203,1.337,-0.053,-2.598
BFAM,🏦majority,-0.104,7.584,-0.903,0.268,0.007,0.497,-0.736,-1.27,1.778,
BFH,🎰lottery,0.791,9.102,-1.141,0.895,1.789,0.643,-2.007,-4.378,1.809,-13.247
BG,🏦majority,0.608,5.796,-0.338,0.716,-1.164,0.178,-0.178,0.507,2.204,
BGS,⚡panic,-1.235,8.814,0.723,1.128,-0.535,-0.57,2.006,2.132,1.447,
BHC,⚡panic,-1.045,12.324,0.892,0.606,-1.506,0.938,0.082,1.535,-2.161,-2.208
BHE,🏦majority,0.442,7.415,0.466,1.589,0.275,0.531,1.61,-0.277,-1.377,
BHF,🏦majority,0.248,7.838,2.7,1.013,1.541,-0.423,2.565,0.526,2.762,-3.054
BHVN,🎲chase,0.585,15.49,3.789,-2.298,0.693,-0.4,0.247,-0.177,-0.278,
BIIB,🏦majority,-0.583,6.856,0.514,-0.339,0.141,-0.87,0.119,,-1.227,
BILL,⚡panic,-0.25,13.333,3.486,-0.299,-2.451,-1.242,1.565,,-1.871,-1.234
BIO,🏦majority,0.153,6.927,0.43,0.068,-0.535,-0.864,0.822,-3.201,-0.279,-2.12
BIP,🏦majority,0.273,5.415,1.621,0.287,0.374,-1.12,1.927,0.676,1.325,-0.084
BIPC,🏦majority,0.379,5.976,0.0,0.666,1.11,-0.713,0.3,1.231,0.466,
BJ,🏦majority,0.832,5.075,1.332,0.22,-1.223,-0.383,0.175,-0.042,-4.112,
BJRI,🏦majority,0.703,8.649,-0.339,0.741,-1.39,-0.379,-0.563,1.949,6.776,-8.318
BKD,🎲chase,0.843,8.416,2.215,-1.507,1.78,-1.281,-0.381,-0.58,2.529,
BKE,🏦majority,0.473,6.798,-0.559,-0.184,-0.974,-0.473,1.224,1.296,-1.294,
BKH,🏦majority,0.376,4.086,1.164,0.631,0.077,-0.376,1.574,-0.017,-0.305,-5.631
BKKT,🎲chase,-7.193,27.727,2.544,-3.209,10.488,2.671,0.993,,-4.516,
BKNG,🏦majority,0.832,6.397,-0.018,0.281,0.398,-0.376,0.818,-0.504,1.729,
BKR,🏦majority,0.813,6.865,0.886,0.135,-0.234,-0.871,2.804,-0.133,-1.829,
BKU,🏦majority,0.23,7.747,1.329,1.254,0.048,0.067,1.115,-0.23,1.043,
BL,🏦majority,-0.403,8.102,2.265,-0.311,0.954,1.119,2.471,-5.901,-2.835,
BLBD,⚡panic,1.109,13.659,4.778,0.108,-2.929,-1.2,,-1.404,0.829,
BLCO,🏦majority,-0.297,7.261,0.615,0.45,-0.157,-1.358,1.976,,-1.372,
BLD,🏦majority,0.812,8.451,2.05,0.084,-1.499,0.909,1.503,-0.035,1.661,
BLDR,🎲chase,1.201,8.812,0.092,-2.126,-0.802,-0.731,-1.03,2.385,1.089,
BLFS,🎰lottery,0.252,12.073,2.07,-0.012,-2.399,0.366,1.721,-3.837,0.181,-14.77
BLK,🏦majority,0.257,5.407,0.218,-0.114,0.773,-0.753,1.024,-1.471,-0.22,-2.063
BLKB,🏦majority,-0.434,7.002,0.001,-0.252,1.477,-0.887,-0.024,-1.658,0.203,
BLMN,⚡panic,-0.891,9.421,-0.151,1.306,-1.474,-1.393,0.244,-0.546,-1.331,
BMBL,⚡panic,-1.933,12.037,2.512,-0.326,1.472,-0.499,5.772,2.086,,
BMI,🏦majority,0.298,6.589,-1.19,1.057,0.391,-0.791,1.35,2.157,1.782,-1.084
BMO,🏦majority,0.74,4.434,1.189,-0.11,0.447,0.083,1.366,1.792,-1.217,
BMRN,🏦majority,-0.052,5.964,1.832,0.016,-0.453,-0.519,2.354,-1.177,0.609,
BMY,🏦majority,0.02,4.623,-0.378,0.012,-0.347,-0.746,0.3,0.255,-0.684,
BN,🏦majority,0.78,5.831,2.921,1.139,0.785,-0.791,,,2.75,
BNL,🏦majority,0.126,4.49,0.666,0.0,-0.188,0.043,1.306,,-0.677,
BNS,🏦majority,0.66,4.095,-0.438,-0.543,0.144,0.849,0.366,-0.615,2.057,-2.295
BOH,🏦majority,-0.29,6.715,1.057,0.589,-0.357,0.643,0.541,,2.635,
BOKF,🏦majority,0.314,5.538,-0.27,0.732,0.358,0.267,-0.065,-1.207,-0.046,-0.229
BOOT,🏦majority,0.271,9.552,0.967,0.658,-0.448,-0.895,-0.548,4.934,0.932,
BOX,🏦majority,0.283,6.346,1.823,0.893,1.492,-2.135,2.408,-0.932,-0.532,
BPOP,🏦majority,1.132,5.824,2.872,0.915,-0.718,-1.23,2.359,-0.239,1.803,
BR,🏦majority,0.249,4.54,0.413,-0.009,-0.619,-0.207,-0.287,0.517,0.274,-5.196
BRBR,🎲chase,0.577,9.401,0.069,-0.914,0.0,-0.75,-1.128,1.756,-2.432,
BRC,🏦majority,0.195,4.7,2.285,0.297,-0.069,0.385,3.507,-2.93,-1.161,
BRKR,🏦majority,0.24,7.843,-0.446,-0.835,-0.338,-0.515,-0.374,-0.55,-0.996,
BRO,🏦majority,0.862,4.916,0.96,-0.742,-0.927,-0.675,1.048,-1.134,0.552,-0.882
BROS,⚡panic,-0.131,12.885,8.233,-0.019,-0.346,-1.275,0.859,1.388,-1.828,
BRSP,⚡panic,-0.937,7.04,3.0,-0.039,-0.449,0.773,1.859,,-0.867,
BRX,🏦majority,0.47,4.409,1.567,0.998,-0.864,-0.432,1.824,,-0.949,
BRZE,🏦majority,-0.036,12.438,-1.01,1.882,-1.871,0.297,-0.845,,0.163,
BSM,🏦majority,0.472,5.182,2.647,-0.223,0.466,0.594,1.509,1.499,1.156,
BSX,🏦majority,0.601,4.738,-0.178,0.151,-0.37,-0.855,0.243,0.58,0.349,-2.133
BSY,🏦majority,-0.181,6.882,2.217,-0.253,-0.408,0.57,1.817,,0.968,
BTU,🎲chase,0.191,13.049,-1.717,1.461,0.789,1.724,1.523,0.68,-2.925,
BUR,⚡panic,-0.937,11.079,4.249,0.64,0.41,-1.218,-0.265,,-1.422,
BURL,🎲chase,0.38,8.5,-1.013,-0.134,0.529,-0.546,-2.852,1.098,2.023,
BUSE,🏦majority,0.151,6.27,0.9,0.645,2.485,0.455,1.648,,0.611,
BV,🏦majority,0.255,8.936,-0.74,-0.02,-0.013,0.551,-0.696,,1.526,
BWA,🏦majority,0.25,6.539,2.24,0.095,-1.004,-0.542,1.729,,-1.247,
BWXT,🏦majority,0.61,6.358,0.738,-0.244,1.032,0.111,-0.516,-1.172,-0.916,
BX,🏦majority,0.478,7.635,-0.054,0.342,1.029,-0.562,0.418,-2.357,2.785,-7.764
BXC,⚡panic,0.469,11.55,3.435,-0.845,0.572,-1.447,0.574,0.142,-1.849,-8.395
BXMT,🏦majority,-0.158,5.099,1.534,0.475,-0.012,-0.864,1.402,-3.336,0.126,
BXP,🏦majority,-0.396,6.014,0.25,-0.305,-1.109,-0.043,1.676,-1.431,-0.503,
BXSL,🏦majority,0.13,3.74,-0.425,0.06,0.101,-0.13,0.521,-0.544,0.271,
BYD,🏦majority,0.67,5.534,1.697,0.616,0.361,-0.152,2.001,-2.015,-0.467,
BYND,⚡panic,-3.975,14.372,-0.135,0.632,0.9,2.019,4.364,,,
BZH,🏦majority,0.193,10.267,-2.453,0.622,0.191,-1.111,0.207,-4.063,1.41,
C,🏦majority,0.557,6.043,0.775,0.04,0.204,-0.113,1.967,1.738,0.314,-8.459
CABO,🎰lottery,-1.973,10.432,0.06,0.119,-0.839,1.139,-0.651,-2.022,2.539,-15.586
CACC,🏦majority,0.487,7.466,1.899,0.854,0.095,-0.679,1.183,-0.918,0.405,-3.217
CACI,🏦majority,0.682,5.779,0.635,0.251,-0.579,0.62,1.427,1.429,-0.632,-3.138
CAE,🏦majority,0.0,6.977,2.302,1.715,-0.276,-1.452,1.138,-2.913,-2.937,
CAG,🏦majority,-0.448,4.309,0.082,-0.51,0.844,0.678,0.269,-1.172,1.302,
CAH,🏦majority,0.956,5.243,0.67,0.351,0.986,0.269,1.098,-1.939,-0.925,-1.401
CAKE,🏦majority,0.8,7.324,0.09,0.043,-0.027,-0.077,0.341,0.021,0.516,-4.809
CAL,⚡panic,-0.551,9.857,-0.225,1.357,-1.115,-1.023,4.277,-1.974,2.352,
CALM,🎰lottery,0.778,5.992,-0.907,0.41,-0.419,-1.153,0.545,-2.037,2.282,-12.544
CALX,🏦majority,0.231,9.849,1.528,-0.385,-0.837,0.721,-0.243,-0.857,1.64,
CAMT,🏦majority,1.545,11.313,2.654,-0.557,-1.206,-0.827,0.272,-3.076,-1.159,
CAR,🎲chase,-0.505,16.372,4.023,-2.155,-2.49,2.46,-1.377,0.976,-2.39,-9.154
CARG,🏦majority,0.737,9.129,-0.807,0.423,-0.433,-0.216,1.999,-0.479,1.013,
CARR,🏦majority,0.343,6.273,0.527,0.321,-0.841,-0.449,1.464,-0.111,-0.05,
CARS,🎲chase,0.468,8.966,0.198,0.091,0.606,1.502,1.044,0.89,-1.674,
CASH,🏦majority,0.494,6.625,2.164,0.283,0.964,1.07,0.447,2.359,-2.967,
CASY,🏦majority,1.041,4.982,-0.87,1.153,0.125,0.403,1.123,-1.519,-0.231,-1.23
CAT,🏦majority,0.921,6.424,0.384,-0.883,0.267,0.536,-0.452,-2.167,-0.053,-5.154
CATY,🏦majority,0.555,5.638,-0.032,0.362,1.654,-0.207,1.27,-0.961,-2.785,
CAVA,🎲chase,1.469,11.796,-1.706,-1.929,2.563,0.693,-7.751,3.241,-1.522,
CB,🏦majority,0.587,3.615,2.041,0.669,0.051,-0.548,0.446,1.153,1.057,-0.308
CBOE,🏦majority,0.691,4.589,2.066,0.721,-0.204,-0.449,,-0.952,-1.744,
CBRE,🏦majority,0.776,5.854,-0.343,0.463,0.172,-0.273,0.527,-2.363,2.887,
CBRL,🎲chase,-1.04,9.481,-0.607,-0.61,2.068,-0.382,-0.781,-2.21,3.511,
CBSH,🏦majority,0.144,4.572,1.15,0.322,-0.725,-0.129,2.216,-1.246,0.728,
CBT,🏦majority,0.228,6.137,1.913,-0.08,0.762,-0.059,1.532,-0.27,-0.881,
CBU,🏦majority,-0.15,5.869,1.791,-0.097,0.574,-0.289,1.236,,-0.71,
CBZ,🏦majority,1.079,7.283,0.733,0.643,-0.403,-0.525,2.317,-0.786,0.307,
CC,⚡panic,-0.238,10.634,1.996,-0.136,-1.707,0.168,2.947,-4.369,1.624,-8.515
CCEP,🏦majority,0.624,4.328,2.127,0.221,-0.834,-0.196,0.215,-0.012,-0.994,
CCI,🏦majority,-0.417,5.23,0.651,-0.24,0.202,-1.586,-0.574,,-1.551,
CCJ,🏦majority,1.47,9.5,4.813,-0.629,1.298,0.045,-0.582,-1.447,-0.812,-9.724
CCK,🏦majority,0.366,5.56,2.036,-0.212,-0.407,-0.438,0.577,0.947,0.855,
CCL,⚡panic,0.522,11.028,1.064,0.009,-0.017,-1.433,1.993,0.384,1.957,
CCOI,🏦majority,-0.075,9.825,1.815,-0.461,1.298,-0.346,0.803,-1.166,2.284,-9.219
CCRN,⚡panic,-0.382,11.718,-0.502,-0.199,-1.253,-0.183,1.918,-1.612,,-0.828
CCS,⚡panic,-0.263,7.849,2.281,-0.837,-0.687,-1.482,1.133,1.703,-1.407,
CCSI,⚡panic,-0.375,13.519,2.226,-0.023,-0.789,-0.057,2.226,,-7.04,
CDNA,🎰lottery,-0.261,15.19,2.864,-2.229,-1.138,-1.173,1.108,-5.399,3.151,-11.828
CDNS,🏦majority,1.095,6.743,1.907,0.469,-1.238,-1.593,2.467,-0.624,1.297,-9.237
CDRE,🏦majority,1.289,10.034,1.973,0.78,-1.707,0.675,-0.024,0.392,-6.237,
CDW,🏦majority,0.145,6.3,1.168,-0.133,-0.979,0.183,0.144,-2.146,1.917,
CE,🎰lottery,-0.081,8.717,0.268,0.05,0.368,0.404,-0.934,-2.627,0.803,-11.245
CECO,🎲chase,1.996,11.023,-0.589,-0.719,1.892,0.022,,-0.367,-4.354,
CEG,⚡panic,1.006,10.099,2.699,0.114,-0.186,-1.368,6.033,1.269,-1.203,
CELH,🎲chase,0.123,13.337,-0.197,0.005,-0.372,3.119,2.416,3.361,-5.255,
CENTA,🏦majority,-0.091,5.621,0.127,0.857,-0.206,-1.177,2.452,2.766,2.025,
CENX,🏦majority,1.477,14.086,-2.481,1.902,1.186,-1.477,1.142,-8.471,-3.779,
CERT,⚡panic,-0.462,11.465,2.024,-0.024,-0.603,-1.002,-1.414,2.414,-4.592,
CEVA,⚡panic,0.184,11.603,4.562,0.789,-3.051,-2.929,2.151,,-0.206,
CF,🏦majority,0.219,7.17,1.761,-0.206,-0.627,-0.466,1.822,-1.007,0.768,-7.769
CFFN,🎲chase,-0.353,5.808,-0.158,0.017,0.206,0.844,-0.805,2.288,-2.294,
CFG,🏦majority,0.723,6.678,0.402,0.138,1.847,-0.568,1.101,0.2,-2.199,-5.111
CFLT,⚡panic,0.357,14.462,6.551,-0.002,-1.806,-0.162,5.204,1.038,-1.956,
CFR,🏦majority,0.405,5.512,0.185,0.325,0.65,0.004,0.11,-2.484,-1.476,
CG,🎲chase,0.575,7.671,1.529,-2.145,0.991,-0.684,-0.202,0.252,1.792,-4.527
CGBD,🏦majority,-0.07,5.091,1.293,-0.384,-1.1,-0.31,0.185,,3.592,
CGEM,🎲chase,-1.939,16.856,3.151,0.212,3.16,0.33,0.761,-0.221,6.817,
CGNX,🏦majority,0.509,8.582,-1.25,0.23,0.707,-1.782,0.156,-0.555,-0.043,
CHCO,🏦majority,0.371,4.269,1.624,0.559,0.101,-0.371,2.352,0.138,0.428,
CHCT,⚡panic,-0.714,6.782,2.145,-0.819,0.304,-1.176,1.494,,-1.165,
CHD,🏦majority,0.268,3.747,0.445,0.019,-0.609,-0.222,0.839,-1.096,0.114,
CHDN,🏦majority,-0.139,5.843,0.644,-0.248,-0.651,0.41,0.383,-1.194,0.485,
CHE,🏦majority,0.085,4.664,0.405,0.429,-0.185,0.0,0.762,0.757,0.344,
CHEF,🏦majority,1.253,8.306,-0.763,1.516,-1.995,-1.691,0.003,-1.583,0.181,-7.506
CHH,🏦majority,0.049,5.263,0.829,0.39,-1.183,-0.083,2.389,-0.652,1.479,-5.859
CHKP,🏦majority,0.519,5.121,0.327,0.328,-0.045,-0.54,0.86,-0.18,-0.619,
CHPT,⚡panic,-3.699,14.758,5.095,-0.23,-2.86,0.19,4.896,5.625,5.084,
CHRD,🏦majority,0.483,6.78,1.147,0.344,0.508,-0.667,1.603,-3.781,-0.261,
CHRW,🏦majority,0.121,6.073,0.406,0.192,-0.305,-0.531,1.47,0.507,-0.218,
CHTR,🏦majority,-0.642,8.055,1.074,0.095,-1.425,0.79,1.205,0.548,0.047,-10.292
CHWY,🏦majority,-1.486,11.543,-1.057,-0.167,-0.782,-1.973,-1.985,-2.51,3.678,
CI,🏦majority,0.428,4.932,0.879,0.595,0.315,-0.468,0.943,-0.776,0.556,-9.204
CIEN,🎲chase,0.944,9.685,0.078,-0.898,1.45,0.472,0.973,-0.318,-0.926,
CIGI,🏦majority,0.443,6.77,1.227,-0.189,-0.493,0.36,2.344,-1.825,1.884,
CIM,🏦majority,-0.455,6.881,0.264,0.251,0.032,-0.837,-1.158,-0.229,2.162,
CINF,🏦majority,0.497,4.579,2.844,0.416,0.258,-0.571,1.188,-0.572,0.041,
CL,🏦majority,0.101,3.509,0.381,-0.74,0.106,-0.012,-0.049,-0.133,0.441,
CLB,⚡panic,-0.964,10.502,1.55,-0.1,-0.032,-0.103,1.518,-1.292,-0.84,
CLBT,🎲chase,0.5,11.019,-1.253,1.322,0.528,0.856,-2.495,-0.33,-2.831,
CLDX,🎲chase,-0.279,10.951,-0.949,-0.783,1.609,1.343,4.115,5.379,1.545,
CLF,🎲chase,0.595,11.967,2.095,-1.263,1.014,1.67,-0.964,-0.165,-0.084,
CLFD,🎲chase,-0.288,13.798,-2.608,0.542,3.234,1.747,-0.674,0.135,3.451,
CLH,🏦majority,1.199,5.21,0.74,0.327,1.045,-0.187,-0.198,-1.038,-0.467,-7.486
CLS,🎲chase,3.466,11.467,1.225,-1.486,0.614,-0.81,,4.27,1.212,-1.07
CLSK,⚡panic,-0.87,20.415,-0.766,0.7,-3.909,0.599,3.736,4.497,-3.135,
CLVT,⚡panic,-1.399,9.286,1.975,-1.021,-1.24,1.572,1.178,-0.884,0.234,
CLW,🏦majority,-0.287,10.387,-0.537,0.847,-0.646,-2.34,-0.487,-4.036,4.651,
CLX,🏦majority,-0.537,5.1,2.289,-0.628,-0.527,-0.179,-0.65,,1.295,-3.327
CM,🏦majority,0.92,4.533,-0.87,-0.203,0.781,0.09,0.754,0.668,-1.248,
CMC,🏦majority,1.417,6.76,2.133,-0.245,1.016,-0.005,0.36,-0.846,-2.256,
CMCO,🏦majority,-0.305,10.479,-0.221,1.814,-1.141,-0.08,0.813,0.697,-1.365,
CMCSA,🏦majority,-0.321,4.691,0.0,0.347,0.169,-0.41,0.562,0.815,-0.146,
CME,🏦majority,0.15,3.96,0.129,0.462,-0.09,-0.414,0.183,0.67,0.114,
CMG,🏦majority,0.849,6.911,0.936,-1.06,-0.815,1.091,0.936,0.66,1.101,-5.132
CMI,🏦majority,0.732,5.095,0.347,-0.31,0.074,-0.257,2.16,0.482,1.536,
CMP,🎰lottery,-0.396,11.116,-0.963,0.785,0.225,-0.986,-4.433,-3.17,-3.45,-12.311
CMPR,🎲chase,0.433,10.644,-3.311,-0.394,0.556,-0.075,-0.433,4.174,-1.43,2.677
CMRE,🏦majority,0.298,7.667,0.084,-0.748,-0.429,0.338,1.094,1.855,-1.307,
CMS,🏦majority,0.383,3.556,0.722,0.104,-0.059,-0.247,-0.378,-0.334,0.466,
CNA,🏦majority,0.079,3.972,2.861,0.671,-0.283,-0.101,2.898,-0.226,-0.56,
CNC,🏦majority,0.155,8.07,-0.107,0.192,0.273,-0.282,0.193,-0.607,0.64,
CNI,🏦majority,-0.081,4.096,0.572,0.478,-0.491,-0.567,0.593,-0.052,1.459,
CNK,🏦majority,0.811,9.852,-0.053,0.87,0.105,0.517,-1.89,-2.86,2.579,-8.869
CNM,⚡panic,0.983,7.582,3.754,-0.724,-0.76,0.393,2.519,-1.946,-4.784,
CNMD,🏦majority,-0.467,7.619,0.944,-0.567,-0.871,-0.02,1.511,3.057,0.06,
CNNE,🏦majority,-0.309,6.604,2.13,-0.41,-0.264,-0.527,2.118,-1.401,-0.464,
CNO,🏦majority,0.751,5.099,2.127,0.796,-0.709,-1.359,2.54,-1.167,0.28,-0.795
CNOB,🏦majority,-0.123,7.905,-2.206,1.445,1.828,-0.602,1.431,-0.721,1.064,
CNP,🏦majority,0.608,3.807,1.492,0.488,-0.119,-0.111,0.529,-0.248,0.81,
CNQ,⚡panic,0.735,6.623,4.964,-0.076,-1.289,-0.191,1.569,-1.092,-0.568,-2.721
CNS,🏦majority,0.216,5.966,0.078,-0.462,1.097,-0.42,0.8,-0.383,-0.635,-5.85
CNX,🏦majority,0.749,6.806,-0.689,-0.112,0.357,-0.059,-0.724,-0.289,1.156,-7.106
CNXC,🎲chase,-0.609,8.602,-1.488,-0.133,0.147,-1.393,-3.686,-1.978,-4.315,
CNXN,⚡panic,0.183,6.858,4.285,0.292,-0.138,1.097,4.379,,,
COCO,⚡panic,2.174,12.154,5.225,0.972,-1.359,0.874,1.151,0.266,-1.587,
CODI,🏦majority,-0.317,11.458,-0.201,0.201,0.854,-0.625,1.535,,0.448,
COF,🏦majority,0.237,6.646,1.784,-0.515,0.067,-0.595,2.218,,-1.248,
COGT,⚡panic,0.575,14.382,-2.76,-0.325,-0.328,-0.884,3.79,1.59,,
COHR,🏦majority,0.897,12.508,-0.188,-0.61,-0.366,-0.627,-0.189,-3.242,-0.891,
COHU,🏦majority,0.235,8.816,0.842,0.948,-0.208,-0.5,-0.653,-2.605,2.048,
COIN,⚡panic,-0.455,17.013,2.77,0.038,0.009,0.057,0.49,,-3.698,
COKE,🏦majority,1.004,7.481,1.089,0.684,-0.612,-0.169,2.262,-0.334,1.829,-5.382
COLB,🏦majority,-0.077,7.117,1.774,0.557,0.348,0.369,3.219,-0.007,1.274,
COLD,🎲chase,-0.883,6.533,0.11,-0.8,1.65,0.449,-0.569,,-1.969,
COLL,🏦majority,0.211,8.216,2.015,-0.06,0.173,0.633,0.955,-1.941,-0.179,-6.724
COLM,⚡panic,-0.653,5.465,2.677,0.862,-0.757,-1.393,1.75,-1.379,0.975,
COO,🏦majority,0.182,5.65,1.526,-0.809,0.014,-0.097,0.632,,2.511,-3.885
COP,🏦majority,0.672,6.357,2.432,0.11,-0.27,-1.189,0.501,-1.443,0.28,
COR,🏦majority,1.337,4.483,0.994,-0.101,0.122,-0.253,-0.509,0.071,-1.29,
CORT,⚡panic,1.751,11.547,3.795,-0.811,-0.468,-0.077,2.742,-0.089,1.962,-9.819
COST,🏦majority,1.084,4.511,1.722,-0.648,-0.731,0.207,0.306,1.441,-0.75,
COTY,🏦majority,-0.746,7.938,1.623,0.205,-1.897,0.14,-0.168,1.726,0.919,
COUR,🏦majority,-1.506,10.171,-1.883,0.276,-0.312,-1.127,0.014,,-1.252,
CP,🏦majority,-0.165,4.462,-0.319,0.486,-0.003,0.039,0.815,-0.298,-0.434,0.483
CPA,🏦majority,0.795,6.64,1.171,0.553,0.165,-1.153,1.201,-0.326,0.947,
CPB,🏦majority,-0.308,4.321,-0.111,-0.234,0.172,-0.751,0.212,0.633,-0.721,
CPF,🏦majority,0.554,7.182,1.549,0.286,0.527,-1.172,1.101,,-2.465,
CPK,🏦majority,0.276,4.232,0.604,0.709,0.528,-0.667,2.135,-0.38,-0.741,
CPNG,🎲chase,-0.19,9.514,1.249,-0.487,0.308,0.136,0.0,3.034,0.073,
CPRI,⚡panic,-0.799,10.973,1.725,-0.853,0.404,-0.412,2.035,-1.932,0.546,
CPRT,🏦majority,0.15,5.252,-0.33,0.273,-0.16,0.894,0.065,0.986,-1.486,-2.222
CPRX,🏦majority,0.897,9.293,2.192,0.869,1.94,-1.165,1.374,-0.879,-2.698,
CPT,🏦majority,0.297,4.24,0.989,-0.115,-0.038,-0.018,0.539,0.504,0.365,
CQP,⚡panic,0.543,5.88,4.203,0.158,-1.521,-1.466,1.693,0.501,0.372,
CR,🏦majority,0.873,6.436,0.809,0.947,-0.786,-0.671,1.112,0.62,-1.199,
CRAI,🏦majority,1.148,7.917,4.04,-1.063,0.562,0.408,0.023,0.908,1.349,
CRBG,🏦majority,0.962,6.293,1.202,1.069,-0.403,-0.477,,0.605,-0.899,
CRC,🏦majority,0.861,7.6,2.082,-0.003,-0.616,-1.28,1.532,-0.043,-0.811,
CRDO,🎲chase,2.037,17.616,3.171,-1.116,1.268,1.16,3.198,,-3.009,
CRGY,⚡panic,0.1,9.956,5.295,0.85,-0.439,-1.132,3.613,-2.481,-0.58,-3.526
CRH,🏦majority,0.827,5.822,1.448,0.182,-0.482,0.665,2.249,,0.626,
CRI,🏦majority,-0.43,6.73,0.736,-0.141,-0.179,-0.239,2.584,,-0.884,
CRK,🏦majority,0.464,12.826,0.116,0.544,-3.075,1.625,-0.641,-3.019,-0.893,
CRL,🏦majority,0.446,8.442,1.106,-0.71,-2.721,-0.567,0.591,0.067,-0.674,-7.214
CRM,🏦majority,0.291,6.864,0.091,-0.083,0.152,0.101,1.357,0.849,0.859,
CRMT,🏦majority,-1.364,12.43,-0.899,1.741,1.413,0.132,1.211,,8.641,
CRNC,⚡panic,-2.558,15.029,-2.292,1.393,-0.782,-0.31,-0.851,-0.8,2.455,
CRNX,⚡panic,0.205,12.679,1.332,1.758,0.674,-0.749,2.538,2.237,-0.902,
CROX,🏦majority,0.515,10.463,1.936,0.352,1.135,1.335,2.769,-0.81,-3.863,
CRS,🏦majority,1.722,9.11,4.865,1.411,0.387,0.257,-0.265,1.485,-0.172,
CRSP,⚡panic,-1.521,11.518,3.017,0.1,-0.876,-0.662,3.655,1.721,2.342,
CRSR,⚡panic,-1.597,11.278,2.729,-0.656,0.123,0.042,2.901,-2.352,-1.022,
CRUS,🎲chase,0.467,7.021,-0.423,0.147,1.325,0.376,-1.678,-0.329,-1.022,-0.656
CRVL,🎲chase,0.766,6.623,0.926,-0.448,0.585,0.509,-0.554,1.966,-1.673,
CRWD,🎲chase,1.248,11.378,0.111,-0.671,0.236,-1.38,-3.026,2.12,2.552,
CSCO,🏦majority,0.566,4.755,0.467,-0.178,-0.195,-0.281,0.31,-0.991,0.512,
CSGP,🏦majority,-0.65,6.636,0.041,0.536,-1.288,-0.936,0.758,,-1.123,
CSIQ,⚡panic,-1.763,13.231,3.334,0.533,-2.281,-0.915,3.383,0.894,-4.067,
CSL,🏦majority,1.227,6.377,0.917,0.705,-1.494,0.319,-0.12,1.58,-1.916,
CSQ,🏦majority,0.656,5.545,2.48,-0.208,0.289,0.648,-1.058,,-0.435,
CSR,🏦majority,0.186,5.681,-0.168,-0.036,1.044,-0.639,0.201,,-1.052,
CSTL,🎲chase,0.0,14.324,-0.892,-0.41,-0.358,1.077,-1.472,0.896,1.106,
CSTM,🏦majority,0.547,8.484,1.897,-0.044,-0.599,-0.204,-3.494,-0.482,-0.957,
CSV,🏦majority,0.827,9.681,1.194,-1.396,1.017,-0.861,0.543,-1.092,7.003,
CSWC,🏦majority,0.477,4.833,1.731,0.115,0.293,-0.739,0.681,-1.829,1.457,
CSX,🏦majority,0.586,4.427,-0.586,-0.078,0.735,0.126,-0.872,0.47,-0.554,-4.957
CTAS,🏦majority,0.868,4.371,0.459,-0.221,0.537,-0.135,-0.268,-0.322,-0.112,-8.703
CTKB,⚡panic,-2.023,12.947,1.172,-0.075,1.46,3.821,4.798,,,
CTRE,🏦majority,0.674,4.628,-0.909,0.494,0.831,0.034,-2.916,1.59,-1.477,
CTS,🏦majority,0.555,6.447,0.613,1.24,-0.611,0.675,1.368,,0.048,
CTSH,🎰lottery,-0.236,5.834,0.073,-0.152,0.354,0.142,1.075,1.311,0.0,-11.092
CTVA,🏦majority,0.69,5.149,1.752,0.89,-0.602,0.166,2.01,,-0.997,
CUBE,🏦majority,0.093,5.089,0.781,0.163,-0.348,-0.628,-0.438,0.564,0.24,-6.625
CUBI,⚡panic,0.304,10.032,1.773,-0.455,0.075,-0.937,1.238,-0.359,-2.874,-5.381
CUZ,🏦majority,0.0,5.336,0.362,-0.1,-0.803,0.503,0.055,-0.606,0.907,
CVBF,🏦majority,-0.061,6.583,-0.036,0.403,1.007,0.137,2.153,0.844,1.216,-5.033
CVCO,🏦majority,1.059,7.937,1.127,0.665,-2.288,-1.34,1.126,-3.308,-2.057,
CVE,⚡panic,1.08,7.821,4.981,-0.91,-1.564,0.686,1.629,3.309,-2.482,-3.561
CVGW,🏦majority,-0.867,9.039,-1.102,1.237,0.133,0.9,-0.948,0.251,0.1,
CVI,🎰lottery,-0.031,11.069,-0.103,0.866,-1.359,-0.811,-0.615,-2.507,-2.791,-19.457
CVLT,🏦majority,0.553,7.797,0.412,-0.575,-0.618,0.069,1.655,0.996,0.886,-1.422
CVNA,🎲chase,0.698,17.807,-3.603,-1.472,3.413,2.18,1.854,1.352,-3.891,
CVS,🏦majority,0.567,6.068,-0.876,0.756,-0.423,-0.294,-1.938,-0.265,-0.51,-1.555
CVX,🏦majority,0.667,5.171,1.215,0.063,-0.432,-0.67,0.321,0.356,1.333,
CW,🏦majority,1.324,4.854,2.19,0.746,-0.03,-0.908,,0.917,0.134,
CWAN,🏦majority,0.224,7.806,1.556,-0.149,0.29,0.832,1.677,-1.151,0.502,
CWEN,🏦majority,0.209,5.972,0.737,-0.39,0.602,-0.195,1.154,0.703,3.223,-9.541
CWH,🎲chase,-1.051,10.544,-0.126,-0.06,0.32,-0.55,-1.25,-1.03,0.876,
CWK,🏦majority,-0.186,8.585,-1.513,1.583,1.385,-0.244,-0.673,0.52,1.468,
CWST,🏦majority,0.581,5.199,-0.015,-0.16,-0.693,-1.261,-0.658,1.283,-0.658,
CWT,🏦majority,0.029,4.42,0.231,0.148,-1.072,-0.651,0.06,0.54,-1.191,
CXM,⚡panic,0.0,9.239,3.337,1.141,-0.575,-1.388,2.235,-5.144,0.234,
CXT,🏦majority,0.31,6.817,1.263,0.084,-0.526,-0.278,1.467,-0.357,0.171,
CXW,⚡panic,0.705,9.8,3.055,-0.108,-0.545,0.191,3.355,,3.355,
CYRX,🎲chase,-0.34,13.548,-1.264,-0.918,-0.689,-0.923,-0.248,0.833,-6.252,-3.223
CYTK,⚡panic,0.043,11.888,6.858,1.263,-0.621,-3.581,7.735,1.297,0.535,
CZR,⚡panic,-0.5,9.266,1.927,-0.65,-0.858,-0.192,0.893,1.443,2.034,
D,🏦majority,0.198,4.294,0.655,0.369,-0.32,-0.337,1.09,-0.054,-1.842,-1.873
DAC,🏦majority,0.621,6.577,2.551,-0.242,1.152,-0.349,1.665,-0.164,-0.432,
DAL,🏦majority,0.782,7.998,-0.618,0.762,1.398,-0.066,0.216,-0.788,4.507,-6.516
DAN,🏦majority,0.108,10.279,1.721,-0.748,0.131,0.774,1.345,-2.332,-1.461,
DAR,🎲chase,0.647,7.926,-1.168,0.052,1.329,-0.142,-3.143,-3.274,1.776,-10.008
DASH,🎲chase,1.145,10.081,-2.304,-2.128,-0.765,0.372,-2.074,-2.619,-0.429,
DB,⚡panic,1.02,7.81,3.775,0.577,-0.916,0.227,3.775,,0.992,
DBD,⚡panic,1.232,11.242,11.131,-0.068,1.912,-0.299,4.7,-1.566,0.393,
DBI,⚡panic,-1.109,12.979,0.876,1.729,-2.671,-1.52,2.382,,-1.34,
DBRG,🎲chase,0.064,10.091,-0.615,0.054,1.241,-0.128,-0.615,,-0.108,
DBX,🏦majority,0.85,6.119,0.185,0.691,-0.13,-1.607,0.617,-1.664,-0.577,
DCI,🏦majority,0.542,4.236,-0.187,0.105,-0.466,-0.459,-0.048,-0.83,-0.682,
DCOM,🏦majority,0.165,8.272,-1.496,1.306,-0.135,-0.15,-0.89,-1.927,2.181,
DD,🏦majority,0.598,7.862,2.033,0.734,-1.272,-0.29,-0.806,,0.458,
DDOG,🎲chase,0.851,11.268,1.796,-1.127,-2.454,1.525,0.544,0.484,-1.816,
DDS,🏦majority,1.024,9.793,-0.528,0.606,0.117,-1.775,-0.871,-0.326,0.867,
DE,🏦majority,-0.027,5.503,4.038,0.402,-0.928,-0.249,0.352,0.187,-1.662,-9.144
DEA,🏦majority,-0.268,4.852,0.208,0.129,0.23,-0.488,-0.111,,-0.897,
DECK,🎲chase,0.902,8.267,-1.844,0.508,2.818,-0.35,-1.584,,-1.265,-9.732
DEI,🏦majority,-0.588,6.522,0.256,-0.115,0.31,0.096,-0.04,-0.784,0.81,
DELL,🎲chase,1.828,10.261,0.833,-0.052,-0.115,0.485,-3.12,-0.182,-5.38,-2.599
DFH,🎲chase,-1.264,12.886,-0.769,0.324,1.312,0.884,0.117,-3.509,-3.65,
DFIN,🏦majority,0.96,8.524,1.594,0.604,0.474,-1.467,4.032,-2.883,-0.095,
DG,🎲chase,0.214,7.17,0.644,-1.294,0.972,0.016,-0.972,-0.295,-3.331,
DGII,🎲chase,1.766,8.312,-0.709,-0.77,1.616,-1.531,-6.013,0.174,6.154,
DGX,🏦majority,0.475,4.285,-0.53,0.217,1.093,-0.513,-0.636,-1.542,2.415,
DHI,🏦majority,0.276,6.646,0.926,-1.129,-1.248,-1.518,0.87,-0.399,4.152,
DHR,🏦majority,0.0,5.289,0.105,0.504,-0.8,-0.049,2.007,,1.395,
DHT,🏦majority,0.713,7.617,1.62,0.333,0.568,0.594,1.773,0.691,1.399,
DIN,⚡panic,-0.773,7.798,3.137,0.179,-0.715,-2.141,3.583,-2.848,3.032,-3.381
DINO,🎲chase,1.05,7.913,2.528,-1.468,0.95,-0.355,-2.134,0.154,-4.126,
DIOD,⚡panic,-0.178,9.186,3.164,0.869,-0.782,1.729,3.024,-2.885,-0.692,
DIS,🏦majority,-0.664,6.056,1.721,-0.344,-1.742,0.303,0.884,,0.979,
DK,🎲chase,0.849,10.784,2.49,-1.324,0.846,0.768,-1.258,2.081,-4.562,
DKNG,🏦majority,-0.43,11.513,-0.303,-0.457,-0.086,-0.316,1.44,-1.743,2.593,-4.2
DKS,🏦majority,0.494,7.764,1.509,0.895,-1.228,-1.533,1.855,-1.915,-1.433,
DLB,🏦majority,-0.476,4.572,1.682,0.643,-0.438,0.552,2.281,0.476,-0.7,
DLO,⚡panic,-0.634,14.007,3.81,0.418,1.747,-2.216,4.869,-0.48,0.723,
DLR,🏦majority,0.635,5.491,0.046,0.251,-0.839,-0.971,0.461,1.435,-1.05,
DLTR,🎲chase,0.798,7.859,-0.265,-2.451,0.965,-0.268,-1.597,0.478,-2.249,
DLX,🏦majority,-0.179,7.765,-0.519,0.261,1.53,-1.247,-0.216,2.091,0.175,-7.399
DNA,⚡panic,-3.381,18.576,5.787,0.925,-0.424,1.439,5.811,-4.673,-0.573,
DNLI,⚡panic,-0.708,10.941,2.26,0.671,0.197,-2.182,-0.581,-0.93,-2.119,
DNOW,⚡panic,0.467,9.144,2.868,1.906,0.294,0.005,2.906,,-2.04,
DNUT,⚡panic,-0.663,8.948,1.938,-0.584,-0.109,-0.323,1.735,,-2.499,
DOC,🏦majority,-0.161,6.543,-0.19,0.374,-0.755,-0.427,0.957,,-0.983,
DOCN,🎲chase,0.595,13.949,-0.997,-1.062,2.674,-0.385,1.784,-1.897,-0.69,
DOCS,⚡panic,-0.753,12.473,0.024,-0.294,-0.433,-0.76,0.024,-0.275,-0.638,-8.293
DOCU,🎲chase,-0.086,10.782,1.619,-0.29,0.351,-0.192,0.655,2.59,-0.606,
DOLE,🏦majority,-0.249,5.86,0.572,-0.121,0.178,-0.758,-0.216,,-0.166,
DOMO,⚡panic,-2.195,14.885,-2.13,2.746,-1.02,0.018,-0.196,1.979,-3.187,
DORM,🏦majority,0.116,6.391,0.021,0.341,-0.023,-0.775,-0.528,0.002,-0.453,-2.878
DOV,🏦majority,0.335,4.671,0.31,-0.178,1.3,-0.114,1.979,0.027,0.161,
DOW,🏦majority,-0.459,6.607,-0.325,0.319,0.33,1.008,-0.285,-2.499,0.66,
DOX,🏦majority,0.079,3.853,-0.443,-0.353,0.721,0.027,-1.358,,-0.024,
DPZ,🏦majority,0.109,5.616,0.497,-0.626,0.723,0.569,1.504,-0.517,1.744,
DRH,🏦majority,0.107,6.006,0.833,0.903,0.258,0.103,1.167,-1.119,-0.314,
DRI,🏦majority,0.414,4.641,-0.538,1.4,-0.165,-0.472,0.295,-0.242,1.148,
DRS,🏦majority,1.473,7.068,0.637,1.314,0.615,0.367,,-0.711,-0.341,
DRVN,🏦majority,0.406,8.093,-0.958,1.409,0.418,-1.558,2.454,-2.033,0.431,
DSGX,🏦majority,0.834,5.704,1.565,0.78,-0.169,0.04,1.124,-1.529,0.827,
DT,🏦majority,0.132,7.445,0.153,0.124,0.478,0.261,2.224,1.601,2.009,
DTE,🏦majority,0.352,3.853,0.72,0.272,-0.037,-0.241,0.754,-0.367,-0.03,-2.967
DTM,🏦majority,1.114,4.724,3.805,-0.151,0.113,0.162,,0.98,1.611,
DUK,🏦majority,0.355,3.464,0.99,0.105,-0.15,-0.077,1.25,0.474,-0.966,-1.914
DUOL,🎲chase,-0.144,13.072,-1.714,-0.226,1.19,0.292,-0.272,2.783,-0.846,-6.501
DV,🏦majority,-0.121,9.894,0.411,0.764,0.693,-0.913,2.761,-0.655,-0.973,
DVA,🏦majority,0.494,7.473,0.978,0.319,-0.001,-1.062,1.602,-1.389,2.002,-2.786
DVN,🎰lottery,0.14,7.962,1.821,0.346,-1.035,-1.824,0.994,0.893,1.679,-13.209
DX,🏦majority,0.114,4.666,0.349,0.478,-0.273,-0.674,-0.44,0.917,-1.506,
DXC,⚡panic,-0.717,8.207,4.031,0.512,-0.797,-0.221,3.985,-3.585,3.605,
DXCM,🏦majority,0.614,8.862,-0.74,-0.178,1.01,0.008,-0.83,-2.383,1.323,
DXPE,⚡panic,2.87,11.398,5.493,1.38,-2.513,0.323,,2.611,2.087,
DY,🏦majority,1.324,8.226,-0.159,0.692,0.625,0.428,-0.726,-0.95,-0.009,
DYN,🎲chase,0.866,17.149,2.102,-4.917,0.152,-1.515,-0.736,1.438,,
EA,🏦majority,0.37,4.773,-0.189,0.333,0.4,-0.047,-0.141,-1.154,0.794,
EAF,⚡panic,-2.778,17.717,-0.579,2.31,-0.431,0.477,-0.915,,2.608,
EAT,🏦majority,1.53,9.667,-1.011,-0.847,-2.012,0.02,0.782,1.318,-4.664,
EBAY,🎰lottery,0.716,5.913,1.325,-0.059,0.244,-0.526,2.307,0.218,1.038,-17.42
EBC,🏦majority,0.239,5.959,1.261,0.842,-0.382,-1.192,2.042,-0.715,-2.02,-0.058
EBS,🎰lottery,-1.622,15.386,-0.522,-0.316,-1.894,-0.461,-0.004,-4.925,-0.5,-11.072
ECL,🏦majority,0.653,4.465,-0.552,0.806,-0.499,-0.161,0.862,0.087,0.269,
ECPG,🏦majority,0.726,7.356,0.442,0.187,0.628,-1.07,0.647,1.442,0.574,
ECVT,🏦majority,0.598,7.948,0.26,-0.081,0.181,-0.076,-0.303,-1.903,0.188,
ED,🏦majority,0.557,3.748,0.261,0.0,0.265,-0.377,0.229,-0.041,0.279,
EDIT,🎲chase,-2.937,15.099,2.937,-0.993,6.565,4.525,-0.421,,,
EE,🏦majority,0.673,8.61,1.383,-0.29,0.054,-0.255,-1.406,-0.946,0.103,
EEFT,🏦majority,-0.284,6.75,0.747,0.05,-0.958,-1.622,-0.241,-0.796,-0.978,-3.112
EFC,🏦majority,0.079,4.404,1.172,0.194,0.138,0.153,0.563,-0.003,-1.034,
EFSC,🏦majority,-0.018,5.713,1.103,0.143,0.783,0.673,1.751,-0.444,0.322,
EFX,🏦majority,0.036,6.395,0.701,-0.726,-0.832,0.114,-0.284,1.733,0.236,-0.023
EG,🏦majority,0.387,4.207,3.537,0.872,0.499,-0.563,1.212,0.414,3.435,
EGBN,🎲chase,-0.688,8.739,-0.838,-0.032,0.83,0.932,0.061,2.7,1.229,
EGO,🎲chase,1.134,9.047,-2.306,0.554,1.143,-0.162,-1.82,0.835,-1.38,
EGP,🏦majority,0.583,4.453,0.506,-0.033,-0.286,-0.938,0.277,-0.881,-0.043,0.421
EHC,🏦majority,0.667,5.237,-0.811,0.226,-0.14,0.398,-1.324,-1.707,,
EIG,🏦majority,0.14,4.563,2.794,0.352,-0.814,-1.018,0.663,-0.461,0.89,
EIX,🏦majority,0.756,5.178,0.916,0.207,-0.124,-0.377,-1.547,-0.411,-0.832,-1.553
EL,🎲chase,-0.252,8.128,-1.315,-0.69,0.698,-0.952,-1.402,0.739,3.93,
ELAN,🏦majority,0.0,9.006,-1.142,-0.578,-3.609,-0.492,-1.944,1.406,-0.287,-7.688
ELF,🎲chase,0.898,11.664,-2.036,-0.941,-0.455,0.606,-1.097,0.665,-3.015,-1.237
ELME,🏦majority,0.408,4.346,1.679,-0.022,0.045,-0.38,1.822,,,
ELS,🏦majority,-0.083,3.722,1.562,0.208,-0.624,-0.348,1.436,0.399,-0.414,
ELV,🏦majority,0.0,5.549,0.469,0.616,0.288,-0.042,1.966,-0.188,0.861,
EMBC,⚡panic,-2.156,10.932,0.542,0.598,-2.304,-0.194,0.985,,4.452,
EME,🏦majority,1.251,6.311,4.021,-0.558,-1.157,0.933,0.8,2.008,0.362,-6.082
EMN,🏦majority,-0.413,5.806,1.723,0.184,-0.707,0.383,0.489,-1.956,2.638,
EMR,🏦majority,0.352,5.308,2.349,-0.33,-0.275,-0.275,0.088,-1.744,-0.792,
ENB,🏦majority,0.5,3.699,1.478,0.13,0.008,-0.018,1.911,-0.471,-1.61,-2.862
ENOV,🏦majority,-0.642,7.546,-0.338,0.07,-0.735,-0.003,0.11,3.403,-1.718,
ENPH,⚡panic,-1.057,14.068,1.817,0.405,-1.123,0.338,1.403,-3.32,4.103,2.977
ENR,🏦majority,-0.284,7.007,0.524,0.106,-0.077,0.057,1.105,-2.131,0.792,
ENS,🏦majority,0.557,6.441,0.208,-0.041,-0.124,-0.765,-0.346,-1.334,-0.615,
ENSG,🏦majority,0.447,4.973,0.985,-0.541,0.669,0.115,1.171,0.72,-1.333,
ENTA,🎲chase,-1.246,15.739,-2.999,-3.548,4.114,3.31,-3.251,,,
ENTG,⚡panic,0.341,9.598,6.486,0.409,-2.086,-0.39,4.734,-1.206,0.681,
ENVA,🏦majority,1.091,8.698,2.194,0.849,1.332,0.916,0.309,-2.302,0.651,-4.301
ENVX,🎲chase,-2.051,18.402,3.656,-4.025,-1.463,1.297,0.146,5.088,0.566,-9.664
EOG,🏦majority,0.384,6.322,1.435,0.582,-1.139,-2.077,1.005,1.395,-0.662,
EOLS,⚡panic,-0.31,13.47,2.458,-2.001,-3.251,0.709,-1.05,-4.032,1.721,
EPAC,🏦majority,0.0,6.328,1.132,0.577,0.77,1.011,3.314,0.794,-0.508,-6.836
EPAM,🎰lottery,-0.035,11.102,-0.55,0.527,0.353,0.163,-0.096,-4.903,2.094,-13.629
EPC,🏦majority,-0.024,6.944,1.324,-0.226,-1.647,0.05,1.81,-1.625,1.463,
EPD,🏦majority,0.448,3.731,1.897,0.402,-0.529,-0.798,1.162,-0.797,0.391,-4.756
EPR,🎰lottery,0.444,5.204,-0.186,0.035,0.946,0.156,-1.404,,-1.804,-14.681
EPRT,🏦majority,0.277,4.469,1.248,-0.09,0.318,-0.623,0.893,,-0.828,-0.213
EQH,🏦majority,0.795,5.774,2.328,0.569,-0.91,0.117,2.7,-0.271,0.075,-3.613
EQIX,🏦majority,0.481,5.201,0.114,0.355,-0.224,-0.95,0.76,-1.267,-0.439,
EQR,🏦majority,0.333,4.092,1.611,0.044,0.338,-0.414,1.86,,0.089,
EQT,🏦majority,0.367,8.378,2.63,-0.387,0.479,0.292,1.237,0.763,-0.642,
EQX,🏦majority,0.379,10.583,-1.907,2.155,-1.275,2.189,-1.907,,-3.541,
ERIE,🏦majority,0.151,6.46,1.427,-0.929,-0.753,0.286,0.437,0.887,-0.283,
ERII,🏦majority,0.332,8.739,0.513,0.083,-0.784,-0.488,-0.166,-2.097,0.99,
ES,🏦majority,0.434,4.614,0.542,0.255,-0.024,0.208,1.217,,0.344,-2.323
ESAB,🏦majority,0.81,6.919,1.235,0.534,0.04,-0.191,1.246,-1.605,0.278,
ESE,🏦majority,0.82,6.083,-0.241,0.903,-0.075,-1.383,0.029,-0.048,0.376,-3.695
ESI,🏦majority,0.618,6.504,1.359,0.418,0.174,-0.8,-0.362,0.765,-0.66,
ESLT,🏦majority,1.453,6.99,-0.493,-0.253,0.851,-0.461,,,-1.819,
ESNT,🏦majority,0.617,4.71,2.202,0.617,0.306,0.786,0.438,-2.675,-0.976,
ESRT,🏦majority,-0.529,6.292,0.234,0.529,0.184,-0.21,0.431,,0.253,
ESS,🏦majority,0.295,4.355,0.179,0.498,-0.376,-0.597,1.242,-0.892,0.73,-5.152
ESTA,🏦majority,0.996,11.681,-0.497,1.053,0.082,-0.854,0.395,2.324,2.518,
ESTC,⚡panic,0.0,11.233,3.104,-0.25,1.802,-0.863,1.667,3.89,-0.131,
ET,🏦majority,0.501,4.636,1.768,0.59,-0.197,-0.286,0.794,-1.294,-2.499,-9.015
ETD,⚡panic,-0.117,5.96,2.732,0.0,0.043,0.142,3.565,,0.1,
ETN,🏦majority,1.226,5.378,1.444,-0.62,-1.954,0.205,-1.631,0.447,-2.031,
ETR,🏦majority,0.763,4.053,1.558,0.0,-0.387,0.057,1.681,0.147,0.163,
ETSY,🏦majority,-0.228,10.291,0.738,0.032,1.594,-1.333,1.819,-0.535,6.105,-7.287
EVER,⚡panic,0.312,15.107,5.36,-0.964,-0.004,-1.017,2.415,,-1.073,
EVH,🎲chase,-0.276,10.87,0.888,-0.81,-1.216,-0.425,-0.73,5.604,-0.962,
EVR,🏦majority,0.803,7.196,2.028,-0.497,0.159,-0.226,2.028,0.487,-0.345,-10.979
EVRG,🏦majority,0.538,3.721,1.193,0.377,0.21,0.084,0.935,-1.613,-0.419,-3.222
EVTC,🏦majority,-0.194,5.618,1.959,0.194,-0.516,-0.562,1.085,,-2.285,
EW,🏦majority,0.718,6.222,2.707,0.0,-0.274,-0.681,1.1,-4.244,-0.216,
EWBC,🏦majority,0.729,6.798,1.628,0.438,0.981,1.246,1.55,1.015,1.607,-2.982
EWTX,⚡panic,0.437,17.371,0.873,1.14,-3.398,-0.235,,-0.294,-3.07,
EXC,🏦majority,0.508,4.51,0.949,0.221,-0.156,-0.135,1.121,-0.63,-0.108,
EXEL,🏦majority,0.893,6.58,-3.297,1.799,0.452,-0.458,-2.353,-0.454,,-1.493
EXLS,🏦majority,0.733,6.138,2.038,0.138,-0.28,-0.402,1.135,,0.507,
EXP,🏦majority,1.004,6.481,0.249,0.041,0.346,-0.114,-0.815,2.441,-2.072,-5.253
EXPD,🏦majority,0.598,4.697,0.24,0.38,-0.029,-0.796,-0.67,0.739,-1.515,-7.754
EXPE,🏦majority,0.674,8.875,-0.005,0.182,1.237,-1.403,0.555,-1.763,1.515,
EXPO,🏦majority,-0.099,5.854,1.085,-0.178,-0.823,0.749,0.525,-0.519,0.82,
EXR,🏦majority,0.359,5.795,0.433,-0.3,0.088,-0.644,0.322,-1.479,2.297,-0.472
EXTR,🎲chase,0.527,9.686,-0.446,-0.473,-1.084,0.782,-1.063,-0.779,-1.163,-7.353
EYE,🎲chase,0.182,10.573,-3.183,0.994,0.314,0.633,-2.884,0.972,-0.681,-5.734
EYPT,⚡panic,-1.747,18.194,-1.577,-1.271,-4.254,0.0,1.612,3.964,,
EZPW,🏦majority,1.545,7.963,0.234,0.247,0.399,-0.253,0.234,,0.913,
F,🏦majority,0.217,8.096,-0.001,0.857,0.352,-0.466,0.295,,-0.414,
FA,⚡panic,0.146,8.784,1.15,0.09,-0.573,-0.43,2.701,,-3.02,-3.405
FAF,🏦majority,0.542,5.2,0.504,-0.264,0.155,-0.649,1.095,-0.424,-1.93,
FANG,⚡panic,0.624,7.288,5.607,0.283,0.011,-0.246,4.24,-1.549,-0.76,0.384
FAST,🏦majority,0.5,4.513,-1.361,0.132,0.537,0.518,-0.144,0.002,0.279,
FBIN,🎲chase,0.273,7.209,1.703,-3.248,0.835,0.286,2.373,-2.667,0.655,
FBK,🏦majority,0.666,6.444,0.507,0.485,1.329,-0.678,0.595,-3.214,1.779,
FBNC,🏦majority,0.175,6.269,0.344,-0.472,0.228,-0.634,-1.047,,2.582,
FBP,🏦majority,0.747,6.039,1.396,1.125,0.701,-1.15,3.389,0.829,-0.392,
FBRT,🏦majority,-0.46,5.868,1.469,-0.249,1.142,-0.087,1.308,-1.238,-0.619,
FCEL,⚡panic,-3.468,18.774,1.124,1.068,-0.012,-0.141,2.591,7.559,,-9.111
FCF,🏦majority,0.15,5.599,0.285,0.038,0.574,-0.083,-0.09,1.639,-0.378,
FCFS,🏦majority,0.952,5.352,1.92,-0.112,0.251,-0.492,-0.983,-1.371,-0.243,
FCN,🏦majority,0.438,5.202,1.176,0.624,-0.028,-0.754,3.097,0.202,-0.333,-3.483
FCNCA,🏦majority,0.496,8.211,1.993,0.529,-0.225,1.075,0.87,-1.028,-0.204,
FCPT,🏦majority,-0.071,3.838,1.096,0.314,-0.13,-0.726,0.725,-0.374,0.527,
FCX,⚡panic,0.574,8.683,0.9,0.95,-0.589,-1.093,3.335,1.825,-3.325,
FDMT,⚡panic,-1.529,17.741,-0.435,0.333,-1.0,-4.296,0.205,,1.644,
FDP,🏦majority,-0.353,6.092,-1.689,0.77,0.222,-0.342,-0.218,-0.727,-1.156,
FDS,🏦majority,0.68,5.877,0.136,0.427,0.927,-0.951,-0.812,0.814,-0.705,
FDX,🏦majority,0.137,6.162,0.3,-0.071,1.348,0.008,-0.192,0.073,-0.531,
FE,🏦majority,0.385,3.694,0.41,0.29,0.612,-0.036,-0.743,-0.762,-1.403,-2.269
FELE,🏦majority,0.257,4.65,1.773,0.333,0.554,-0.182,1.128,-2.852,0.227,
FERG,🏦majority,0.919,5.881,0.971,-0.472,-0.114,-0.235,1.61,-0.756,0.989,
FFBC,🏦majority,0.0,5.749,1.998,0.283,0.716,-0.019,2.123,-1.459,0.012,
FFIN,🏦majority,-0.062,5.841,0.384,0.035,0.434,-0.112,-0.083,,-0.204,
FFIV,🏦majority,0.977,5.53,0.525,-0.893,0.617,-0.277,0.635,0.995,-0.78,-6.006
FHB,🏦majority,-0.035,5.775,1.337,1.267,-0.524,-0.37,2.979,0.61,-0.524,2.66
FHI,🏦majority,0.76,4.785,2.33,-0.093,0.629,0.016,1.134,-1.29,0.957,-9.84
FHN,🏦majority,0.73,7.543,2.676,1.324,1.356,-0.494,4.842,-0.557,-0.0,
FIBK,🏦majority,-0.076,6.242,1.466,0.0,0.631,0.301,0.977,1.715,1.157,
FICO,🎲chase,0.882,7.93,-1.996,0.408,1.869,0.606,-2.669,-0.698,-0.973,-9.74
FIGS,🎲chase,-1.001,13.692,-0.703,-0.476,2.381,-0.802,0.275,2.08,4.89,
FIS,🏦majority,-0.459,6.29,0.229,-0.133,0.135,-0.578,-0.932,0.02,-0.46,
FITB,🏦majority,0.705,6.272,1.075,0.999,1.245,0.459,0.987,0.145,-1.297,
FIVE,🎲chase,0.748,9.353,-4.951,-1.112,2.4,0.199,-0.568,-1.008,1.524,-10.685
FIVN,⚡panic,-1.072,10.968,1.786,-0.544,-0.44,1.894,1.494,0.181,-1.051,
FIX,🎰lottery,1.957,8.403,2.04,-0.057,-0.181,0.163,2.04,-1.323,-3.147,-13.541
FIZZ,🏦majority,-0.059,5.788,-0.283,0.363,0.886,0.445,-1.184,1.929,0.598,
FLEX,⚡panic,1.118,9.083,5.309,1.012,-0.451,1.081,1.773,0.894,-1.703,-9.037
FLGT,🎲chase,-1.498,9.95,1.021,-0.665,1.958,0.132,0.685,-2.604,,
FLNC,🎲chase,-1.79,19.215,-1.994,0.886,1.657,-1.294,-0.059,3.232,-1.29,
FLNG,⚡panic,0.164,7.197,4.246,0.503,-0.905,-1.349,2.449,-1.42,-0.061,
FLO,🏦majority,-0.575,4.666,0.187,-0.529,0.575,0.269,-0.165,0.792,0.267,
FLR,🏦majority,1.553,8.23,0.772,0.836,1.077,-1.678,1.463,-1.336,-0.693,
FLS,🎰lottery,0.928,7.319,0.879,0.697,1.191,0.405,-0.564,-1.455,0.917,-14.038
FLYW,🎲chase,-0.147,11.022,0.946,-0.218,1.474,0.387,1.764,2.784,-0.559,
FMC,🏦majority,-0.432,9.09,0.208,-0.145,0.01,0.35,0.998,-0.003,0.074,
FN,🏦majority,0.913,9.85,0.23,0.173,1.014,-0.433,1.681,-4.006,2.844,
FNB,🏦majority,0.405,5.584,1.729,0.675,0.584,-0.435,2.188,0.778,1.675,
FND,🏦majority,-0.591,8.407,-0.267,0.964,-0.148,0.88,0.203,1.657,-1.091,-9.347
FNF,🏦majority,0.705,5.234,-0.053,0.584,0.676,-0.039,-0.061,1.851,1.776,-1.78
FNKO,⚡panic,-0.371,13.485,-2.442,2.497,-2.163,-0.009,1.294,,-5.235,
FNV,🏦majority,0.382,5.872,1.484,-0.436,0.494,1.118,1.282,-1.622,-1.16,
FORM,🎲chase,0.972,10.579,0.041,1.422,1.57,-0.744,-3.323,0.508,-3.992,
FOUR,⚡panic,-0.495,10.609,2.966,-1.401,0.123,0.024,2.386,2.664,3.517,
FOX,🏦majority,0.766,5.317,0.695,0.516,-0.428,0.366,0.165,-0.734,1.257,
FOXA,🏦majority,0.787,5.451,1.403,0.38,-0.043,-0.234,0.517,-0.167,2.029,-1.29
FOXF,🎲chase,-1.41,9.537,1.593,-1.106,-0.023,0.187,-2.043,0.024,-1.752,-1.838
FPI,🏦majority,-0.407,6.17,0.31,-0.011,-1.447,1.019,0.613,,-0.442,
FR,🏦majority,0.363,4.536,1.193,0.01,0.431,-0.166,0.2,-1.228,1.13,
FRHC,⚡panic,0.712,7.855,2.845,-1.322,-1.35,0.648,3.386,-0.479,,
FRME,🏦majority,-0.485,5.98,1.529,1.282,-0.229,0.51,0.635,1.512,-0.529,
FRO,🏦majority,1.513,9.569,0.591,0.594,0.932,0.214,0.525,,0.647,
FROG,⚡panic,0.423,10.72,3.723,-0.275,-0.922,-0.051,2.374,-0.372,5.0,
FRPT,🎲chase,-0.107,10.426,-2.213,0.621,2.583,0.338,-3.185,-0.708,-0.325,-7.184
FRSH,⚡panic,-0.861,10.371,1.086,-0.541,-0.886,-1.089,0.528,-0.886,1.665,
FRT,🏦majority,0.181,4.307,1.05,0.253,-0.666,-0.474,1.661,-1.537,0.639,
FSK,🏦majority,0.238,4.886,0.371,0.631,0.678,-0.215,-0.901,-2.003,1.88,
FSLR,🏦majority,-0.054,10.905,-0.81,-0.142,-0.951,-1.586,0.007,1.398,1.367,
FSLY,🎰lottery,-0.13,15.893,-0.537,0.634,-1.782,-2.266,0.639,-3.632,-1.765,-13.84
FSS,🏦majority,0.523,6.021,-1.305,0.9,0.258,0.893,2.767,0.564,-0.077,1.695
FSV,🏦majority,0.22,4.74,-0.75,0.153,-0.297,-0.379,-1.234,0.665,-1.331,
FTAI,🏦majority,2.061,10.802,0.933,0.111,0.063,-1.279,-0.703,1.788,-2.223,
FTDR,🏦majority,0.384,8.424,0.934,0.133,-0.347,0.313,1.066,-2.852,-0.764,
FTI,🏦majority,2.012,8.251,5.17,0.358,0.091,0.33,2.885,3.246,0.506,-0.093
FTNT,⚡panic,1.098,8.259,3.779,-0.195,-1.375,-0.716,2.737,2.172,-1.685,-6.809
FTRE,🎲chase,-0.143,14.216,-3.135,-1.15,1.85,0.616,1.165,,,
FTS,🏦majority,0.382,3.182,0.307,0.585,-0.417,-0.346,2.451,-0.044,0.816,
FTV,🏦majority,0.282,4.633,1.148,0.352,0.438,-0.99,0.611,0.319,1.012,-2.935
FUBO,⚡panic,-3.919,17.912,-0.92,1.086,3.112,-5.158,-0.62,-1.882,5.332,
FUL,🏦majority,-0.297,5.541,0.068,0.793,-0.289,-1.727,2.633,,0.297,
FULT,🏦majority,0.185,6.327,0.153,0.552,2.195,0.839,1.427,-0.35,-0.666,
FUN,⚡panic,-0.069,8.412,3.204,-0.359,0.318,-1.153,1.335,,-2.468,
FVRR,⚡panic,-1.663,11.468,0.487,0.851,-0.651,-2.83,1.921,-4.259,0.757,
FWONA,🏦majority,0.414,5.356,4.05,1.181,0.198,-0.17,2.197,0.33,-2.181,
FWONK,🏦majority,0.659,5.068,3.839,0.777,0.0,-0.24,2.315,0.469,0.477,
FWRD,🎲chase,-0.451,13.871,-1.531,0.237,0.35,0.536,1.283,3.175,3.818,-3.436
FWRG,⚡panic,-0.866,9.633,1.376,0.484,1.081,-1.236,2.319,-2.985,-3.996,
G,🏦majority,-0.288,5.6,0.846,-0.014,0.091,0.028,1.643,2.854,-0.326,
GATX,🏦majority,0.648,4.909,-0.053,0.098,0.349,0.367,0.645,-1.56,1.067,
GBCI,🏦majority,0.083,6.612,0.74,0.223,-0.187,-0.03,-0.557,0.374,-2.177,
GBDC,🏦majority,0.228,3.247,1.323,0.244,-0.228,-0.568,1.095,-0.941,-0.228,
GBX,🏦majority,0.189,8.684,1.463,-0.21,-1.155,2.09,0.565,-1.699,2.639,
GCO,🏦majority,0.319,12.621,1.03,2.032,0.966,-1.968,-0.77,-5.905,-3.659,
GCT,⚡panic,1.674,18.002,-1.184,-0.384,-1.19,-7.413,,2.805,3.743,
GD,🏦majority,0.59,3.537,0.825,-0.075,-0.464,-0.376,1.269,0.268,-0.16,
GDDY,🎰lottery,0.462,6.353,-0.603,-0.006,0.552,-0.084,-1.537,-1.388,2.543,-11.902
GDOT,⚡panic,-0.451,9.645,1.127,0.044,-0.017,-0.629,1.859,-3.305,1.682,
GDRX,⚡panic,-1.708,13.387,-1.973,1.838,0.457,-2.292,2.181,,,-7.102
GDYN,🎲chase,0.515,12.442,-0.937,-2.302,2.745,-0.466,-2.874,-4.65,-0.639,
GE,🏦majority,1.516,6.164,-0.224,0.549,-0.022,-0.084,1.365,0.486,-2.309,
GEF,🏦majority,0.168,5.45,0.66,0.272,0.01,0.026,0.859,-0.255,1.692,-10.219
GEHC,🏦majority,0.187,6.041,0.973,0.788,-0.237,-0.878,-0.707,-1.203,-4.107,
GEL,🏦majority,0.275,9.157,1.558,0.295,-0.163,-0.698,1.936,,1.501,
GEN,🎲chase,0.195,6.576,-0.336,-0.136,1.075,0.125,-1.145,0.574,-2.488,
GENI,🎲chase,0.0,11.7,-3.822,0.917,2.113,1.964,-1.692,,-1.674,
GEO,🎲chase,1.112,10.722,-0.171,-0.236,0.903,0.027,1.148,0.946,1.433,
GFF,🏦majority,1.003,8.19,0.683,0.251,-1.057,-0.387,1.809,-1.406,0.692,-4.401
GFL,🏦majority,0.282,5.545,0.529,-1.078,-0.132,0.069,-0.681,1.372,1.674,
GFS,⚡panic,-0.036,10.113,2.874,0.018,0.76,-1.071,0.258,,0.427,
GGG,🏦majority,0.048,4.291,1.1,-0.143,-0.356,0.279,0.074,-0.588,0.564,-3.455
GH,🎲chase,0.37,14.154,4.445,-2.243,0.798,3.452,2.599,-1.598,3.093,-10.683
GHC,🏦majority,0.587,4.778,1.826,0.821,-0.086,-0.441,1.183,-0.731,-0.262,
GIB,🏦majority,0.089,4.03,0.483,-0.409,0.03,-0.376,0.373,,1.759,
GIII,🏦majority,0.838,9.034,2.268,1.675,0.558,-1.476,1.565,-4.12,-0.255,
GIL,🏦majority,0.465,6.007,0.253,0.127,-0.838,-0.187,0.653,-2.218,0.537,
GILD,🏦majority,0.415,4.663,-0.656,0.552,-0.054,-0.858,-0.498,-1.372,1.024,
GIS,🏦majority,-0.341,3.972,-0.922,-0.144,-0.114,-0.124,-0.469,0.169,-1.219,
GKOS,🏦majority,1.365,9.632,0.651,1.0,-0.242,-0.232,-0.629,1.128,-1.839,
GL,🏦majority,0.615,6.228,0.692,0.695,0.22,-0.091,1.499,-0.111,0.824,-0.784
GLBE,⚡panic,0.629,11.989,1.827,0.738,-3.48,-1.957,2.95,-3.802,-2.797,
GLNG,⚡panic,0.263,7.708,6.592,-0.151,0.151,-0.115,4.151,0.365,1.821,-0.701
GLOB,🎰lottery,-0.857,9.825,1.685,0.69,-0.996,0.247,3.579,1.686,2.016,-12.343
GLPI,🏦majority,0.091,3.617,1.608,0.238,-0.213,-0.445,1.583,-0.595,0.159,
GLW,🏦majority,0.723,7.753,-0.169,-0.445,-0.575,0.66,0.744,-0.554,0.182,0.845
GM,🏦majority,0.243,7.114,0.813,-0.052,2.176,-0.657,-0.047,1.22,-0.16,
GME,⚡panic,-1.99,14.724,5.645,0.461,0.481,-0.269,4.089,0.103,,
GMED,🏦majority,0.176,7.433,0.309,0.031,0.149,-0.159,1.633,-3.115,-0.166,
GNK,🏦majority,0.807,7.835,-0.084,-0.345,0.661,1.483,1.443,0.135,-1.026,
GNL,🏦majority,-0.608,5.793,-0.781,0.176,-0.573,-0.445,-0.866,,-3.024,
GNRC,🎲chase,-0.099,10.721,-2.11,-0.694,1.605,1.254,-2.453,4.58,1.245,-5.05
GNTX,🏦majority,-0.105,4.913,-0.059,0.385,-0.752,0.07,0.165,0.59,0.267,-5.861
GNW,🏦majority,1.048,5.918,2.123,1.584,0.965,-0.291,1.584,,,
GO,🎲chase,-0.471,9.11,-0.127,-0.986,0.654,0.068,-0.654,1.603,1.422,
GOGO,🎲chase,-1.459,12.173,-0.176,0.149,-0.25,1.135,2.02,5.091,1.069,
GOLD,🎲chase,0.097,9.458,0.0,-0.033,-0.287,-0.076,0.089,4.105,-0.559,
GOLF,🏦majority,0.337,5.809,2.679,0.606,-1.406,-0.713,2.461,-0.54,-0.06,
GOOD,🏦majority,-0.285,5.733,0.097,-0.36,1.365,-0.148,0.097,-0.591,0.002,
GOOG,🏦majority,0.961,5.869,1.18,-0.819,0.541,0.2,3.793,2.024,0.565,-6.007
GOOGL,🏦majority,1.026,5.898,0.957,-0.688,-0.086,0.135,2.743,1.662,0.683,
GOOS,⚡panic,-1.171,9.871,2.642,0.467,-0.565,-0.627,1.261,-2.349,1.538,
GPC,🏦majority,0.335,5.214,1.912,0.263,-0.079,-0.396,0.805,-0.376,0.344,
GPI,🏦majority,0.461,6.49,0.163,0.574,0.033,-0.979,1.029,-0.748,0.418,
GPK,🏦majority,0.044,5.384,0.267,0.291,-0.321,-0.636,-0.39,-0.864,-0.116,-9.615
GPN,🏦majority,-0.341,6.676,-0.345,0.548,-1.44,-0.069,-0.108,1.131,0.173,
GPOR,🏦majority,1.062,7.83,1.525,0.318,0.352,-0.757,1.186,-0.241,-0.346,
GPRE,🏦majority,-0.877,9.905,-0.078,0.306,-0.291,0.427,0.961,-1.88,-6.512,-1.877
GRBK,🏦majority,0.626,8.714,0.412,-0.132,-0.116,-0.212,-1.884,-1.184,-2.592,
GRMN,🏦majority,0.389,6.176,0.763,0.556,0.607,-0.089,0.584,-0.099,0.365,-9.684
GRPN,⚡panic,-0.823,17.139,2.435,-0.21,-4.162,-3.617,-3.052,9.544,-5.089,-4.118
GS,🏦majority,0.914,5.694,1.811,0.423,0.747,-0.085,2.182,-0.884,2.16,-4.923
GSAT,⚡panic,-0.062,14.51,2.155,0.0,-1.146,0.062,0.062,,0.062,
GSBD,🏦majority,-0.196,4.02,1.495,-0.022,0.302,0.731,0.645,-2.665,-1.181,
GSHD,🎰lottery,0.487,11.419,0.058,-1.732,-0.137,-1.075,0.075,1.898,1.43,-18.532
GSL,🏦majority,1.24,7.418,0.246,-0.344,-0.654,-0.618,0.212,-1.295,-4.287,
GT,⚡panic,0.0,9.672,2.722,0.77,-1.14,-0.527,3.528,-0.244,-0.703,
GTES,🏦majority,0.64,6.737,1.761,0.183,0.606,0.249,1.0,,-1.758,
GTLB,⚡panic,-0.706,13.596,2.698,-0.42,0.643,-1.188,2.245,1.276,6.471,
GTLS,⚡panic,0.222,10.534,2.348,0.31,0.113,-0.05,2.691,-0.196,-0.086,
GTN,⚡panic,-0.881,9.687,1.699,-1.28,-0.24,-0.811,0.826,,-2.72,
GTX,🏦majority,0.863,8.883,0.263,-0.173,0.122,-1.673,1.601,,-0.247,
GTY,🏦majority,-0.133,4.037,0.034,0.487,-0.37,-0.169,1.24,-1.941,-0.326,-5.917
GVA,🎰lottery,0.825,6.67,1.509,-1.469,0.16,-0.089,-0.543,-1.512,-0.161,-12.021
GWRE,🎲chase,0.807,8.074,-0.208,-0.376,2.575,0.612,1.148,0.311,0.754,-6.624
GWW,🏦majority,0.522,4.965,0.684,-0.518,-0.303,0.283,-0.668,-1.048,0.221,-2.153
GXO,🏦majority,0.19,8.248,1.051,-0.574,-0.872,-1.401,-1.786,3.023,2.896,-5.473
H,🏦majority,0.892,6.544,1.229,1.004,0.231,0.23,1.839,-0.344,-0.504,
HAE,🏦majority,0.191,8.648,0.314,0.855,0.87,0.012,1.689,-0.718,0.924,-5.746
HAFC,🏦majority,0.327,8.808,1.893,0.552,2.017,0.643,1.329,,,
HAIN,⚡panic,-1.231,9.35,0.254,0.488,-0.162,-2.951,0.079,,,
HAL,⚡panic,0.501,7.955,2.491,-0.245,-0.589,-1.485,1.717,1.699,-0.181,
HALO,🎲chase,0.889,7.915,2.683,-1.859,2.176,0.94,0.52,1.226,0.09,-2.76
HAS,🏦majority,0.188,6.233,-0.381,-0.081,0.252,0.264,0.188,-1.193,-0.113,-4.595
HASI,⚡panic,0.461,9.619,4.78,1.836,-0.391,0.098,1.785,0.024,-1.1,
HAYW,⚡panic,-0.396,7.379,2.771,0.195,-0.438,-0.459,2.339,-3.15,-0.599,
HBAN,🏦majority,0.617,6.308,1.971,0.274,1.234,0.715,1.826,-2.562,1.073,
HBM,⚡panic,1.416,10.208,4.799,1.7,-1.48,-0.268,4.548,4.492,-2.878,-7.904
HCA,🏦majority,0.908,5.841,-1.727,0.443,1.513,0.632,-0.425,1.092,1.263,
HCAT,🎲chase,-2.54,12.125,2.737,-3.917,1.889,-0.82,0.494,,,
HCC,🏦majority,0.859,9.224,3.875,0.32,1.979,-0.093,0.64,0.542,-3.798,
HCI,🎲chase,0.742,8.688,-4.558,0.748,0.842,0.567,-2.589,1.302,0.511,-8.588
HCSG,🏦majority,-0.201,8.265,-0.068,0.703,0.451,-0.215,0.919,1.634,2.177,
HD,🏦majority,0.372,4.637,0.43,-0.373,0.225,0.418,-0.225,0.096,1.52,
HE,🏦majority,-0.143,9.685,0.78,0.24,-0.226,0.531,0.783,2.978,-0.112,
HEI,🏦majority,0.652,5.104,2.077,0.688,-0.669,-0.934,2.002,-0.087,1.381,-5.366
HELE,⚡panic,-0.983,9.915,0.262,-0.86,-0.36,-1.653,0.866,-1.144,5.816,
HESM,🏦majority,0.676,5.067,2.316,0.897,-0.188,-0.184,1.294,0.852,0.851,-3.501
HFWA,🏦majority,0.276,7.158,-1.037,1.66,1.237,0.543,-1.486,,0.659,
HGV,🏦majority,-0.16,7.209,1.123,0.16,0.761,0.273,0.733,,-0.273,
HIG,🏦majority,0.827,3.909,2.161,0.891,0.116,-0.286,1.542,1.055,-1.189,-4.002
HII,🏦majority,0.231,5.958,0.567,-0.608,1.397,-1.043,0.688,1.678,1.016,-3.69
HIMS,🎲chase,-0.577,17.418,1.138,-1.179,2.425,0.06,-2.686,-0.936,-4.94,
HIW,🏦majority,-0.115,5.803,0.21,-0.658,0.252,0.371,0.26,-1.478,1.327,
HL,🎲chase,0.141,11.457,0.968,-0.712,4.458,0.048,-0.072,0.752,-1.105,
HLF,🎲chase,-1.458,12.033,0.822,-0.375,1.0,-0.873,-0.58,0.495,-1.601,-7.498
HLI,🏦majority,0.83,5.525,1.244,-0.538,0.368,-0.44,1.368,-2.541,1.491,-7.573
HLIO,🎲chase,-0.14,8.383,-1.565,-0.124,0.993,-0.39,-1.43,-0.12,-0.137,
HLIT,🎲chase,0.568,9.247,-1.119,0.983,0.595,0.206,-2.852,1.38,0.344,
HLMN,🏦majority,-0.454,7.598,1.207,0.114,-0.028,-1.727,0.898,-2.062,1.92,
HLNE,🎲chase,0.283,7.276,0.033,-0.514,-1.609,2.16,-1.079,1.089,-5.068,
HLT,🏦majority,0.922,5.092,1.571,1.627,-1.399,-0.715,1.347,-1.056,-1.308,-5.133
HLX,🏦majority,0.361,8.812,2.519,1.568,-0.695,-1.312,2.004,-5.778,3.365,
HMN,🏦majority,0.358,4.269,3.023,0.592,-0.626,-1.246,1.594,0.782,-0.022,-1.993
HNI,🏦majority,0.631,6.324,0.882,0.233,0.15,-0.679,0.895,,2.447,
HOG,🏦majority,-0.769,7.268,0.597,-0.082,-0.202,1.062,0.674,-0.882,-0.248,
HOMB,🏦majority,0.206,5.024,1.724,0.214,0.772,-0.497,2.698,0.255,0.041,
HON,🏦majority,0.145,4.3,0.662,0.28,-0.945,-0.587,0.636,-0.212,0.802,
HOOD,🎲chase,0.835,13.46,-1.282,-1.546,0.054,2.597,-2.561,3.019,7.426,
HOPE,🏦majority,-0.161,6.163,1.302,0.228,-0.607,-0.063,0.276,1.339,-0.716,
HOV,⚡panic,-0.312,13.761,0.177,0.981,-1.442,-3.839,1.744,-0.117,-3.602,
HP,🏦majority,0.553,9.117,3.159,-1.188,0.244,-1.539,0.674,-3.0,1.156,
HPE,🏦majority,0.823,8.294,2.245,0.082,1.566,-0.967,-0.753,0.372,-0.09,
HPK,⚡panic,-1.221,14.29,3.928,1.47,-0.981,0.413,3.986,-2.958,-2.855,
HPP,⚡panic,-1.832,12.129,-0.679,-0.242,-2.102,-0.427,0.923,2.571,1.378,
HPQ,🏦majority,0.121,6.724,-0.883,1.16,-0.54,-0.455,0.426,-0.104,-0.091,
HQY,🏦majority,1.048,7.251,1.39,-0.236,0.995,1.204,0.54,0.428,-2.345,
HR,🏦majority,0.0,4.831,1.02,0.151,-1.041,-0.846,0.218,-0.465,-0.098,
HRB,🏦majority,0.129,6.529,2.151,-0.238,0.243,-0.299,0.398,-0.523,-0.827,
HRI,🎰lottery,0.598,10.431,-0.513,0.37,0.837,-2.101,-1.483,1.245,-0.316,-11.626
HRL,🏦majority,-0.22,4.699,0.388,-0.198,0.061,-0.077,0.22,1.074,3.399,
HRMY,🏦majority,0.597,9.556,1.055,0.351,1.527,0.164,0.057,-0.835,-0.955,
HROW,🎲chase,1.804,15.688,2.408,-2.71,5.05,-2.493,2.639,2.67,8.933,
HSIC,🏦majority,-0.012,4.751,1.614,-0.172,0.248,-0.602,1.869,-0.548,1.867,
HST,🏦majority,0.284,5.571,1.301,0.643,1.218,-0.14,0.837,0.616,1.55,-3.512
HSY,🏦majority,-0.114,4.48,-1.05,0.0,0.747,0.475,-1.029,2.0,1.291,-4.738
HTGC,🏦majority,0.452,5.352,-0.594,0.145,0.555,0.368,-0.714,-1.475,0.439,-1.998
HTH,🏦majority,0.088,5.103,1.755,0.493,-0.088,-0.644,1.821,0.362,0.445,
HTLD,🏦majority,-0.833,7.201,1.174,-0.034,-0.714,0.756,0.771,,2.054,
HTZ,⚡panic,-1.363,12.409,1.428,0.89,-0.506,0.795,1.21,,0.023,
HUBB,🏦majority,1.143,5.233,0.887,-0.473,0.258,-0.192,-0.021,-0.675,-1.085,-5.398
HUBG,🏦majority,0.403,6.752,1.256,0.658,-0.667,-0.46,1.256,0.608,-1.169,
HUBS,🎰lottery,0.476,10.055,1.441,-1.084,-1.174,0.212,1.555,0.718,1.943,-11.676
HUM,🏦majority,0.51,7.836,-0.701,0.466,-0.527,0.404,1.702,-1.612,0.545,
HUN,🏦majority,-0.446,7.448,1.386,-0.148,0.282,-0.758,-0.002,0.015,-0.25,
HURN,🏦majority,0.832,6.838,2.531,-0.069,0.837,-0.737,1.943,-1.449,-1.033,
HUT,🎲chase,1.754,21.217,-7.183,0.69,2.065,0.593,-7.276,2.588,1.292,
HVT,⚡panic,-1.324,8.56,3.861,-0.272,-1.629,-0.541,3.227,,5.001,
HWC,🏦majority,0.569,6.423,0.719,1.041,1.178,0.291,0.388,-0.788,-3.215,
HWKN,🏦majority,2.148,8.322,4.355,0.024,1.746,-0.854,,-0.115,,
HWM,🏦majority,1.312,6.108,4.232,1.362,0.152,0.143,,0.923,-0.207,
HXL,🏦majority,1.018,5.998,2.334,0.495,0.201,0.481,0.188,0.138,-1.477,
HZO,🏦majority,-0.099,8.956,0.648,1.549,-0.581,-0.603,1.021,-0.535,2.537,
IAC,🏦majority,-0.657,7.575,0.528,0.265,-0.385,-1.666,1.402,,-0.272,
IART,🏦majority,-0.473,9.151,-0.534,0.724,-0.156,-1.901,1.771,-0.019,-0.545,
IBKR,🏦majority,1.439,6.741,1.264,-0.829,0.255,-0.338,2.41,0.585,3.437,-6.442
IBM,🏦majority,0.448,6.374,0.72,-0.127,0.43,0.57,0.172,0.605,-2.527,-7.072
IBOC,🏦majority,0.191,5.254,1.972,0.792,0.621,0.283,0.778,0.389,0.726,
IBP,🏦majority,0.585,8.987,0.771,-0.772,-0.009,-0.125,2.784,2.709,-0.301,
ICE,🏦majority,0.619,4.582,-0.099,-0.185,0.689,0.573,0.302,1.375,2.258,-5.411
ICFI,🏦majority,0.157,6.249,-0.676,0.551,0.237,-0.306,0.045,0.626,-0.628,
ICHR,⚡panic,-0.444,13.619,6.125,-0.32,-1.255,2.076,0.298,0.963,-1.031,
ICL,🏦majority,-0.662,8.087,1.976,0.314,-0.153,-0.242,0.049,,-1.548,-5.572
ICLR,🏦majority,0.211,8.692,1.288,-0.325,0.515,-0.42,1.989,0.357,1.26,
ICUI,🏦majority,0.172,7.206,-0.818,0.253,-1.154,-1.566,-0.138,1.202,0.933,
IDA,🏦majority,0.347,3.452,1.163,0.026,-0.537,-0.482,0.438,0.218,-2.131,
IDCC,🏦majority,0.267,7.61,1.114,-0.7,-0.081,-0.26,0.663,-1.16,2.021,
IDT,🎲chase,1.832,10.091,-1.744,-0.446,0.432,0.351,-3.531,-0.827,,
IDXX,🏦majority,-0.053,6.588,1.279,0.205,-0.417,0.577,0.284,2.069,-1.854,
IDYA,🎲chase,0.34,10.926,1.218,-1.489,0.016,0.892,-1.372,2.94,-1.356,
IE,🎲chase,-0.166,14.125,-0.601,-2.375,1.226,0.122,-2.054,,6.248,
IEP,🎰lottery,-0.375,8.548,0.58,-0.198,0.375,-0.177,0.848,0.278,-2.139,-16.175
IEX,🏦majority,0.06,4.448,-0.353,0.195,0.529,-0.165,-0.507,-0.694,1.342,
IFF,🏦majority,0.029,6.095,0.871,0.823,-0.519,-0.096,-0.51,-1.294,2.795,-6.85
IIIN,⚡panic,0.691,10.225,4.34,1.063,-0.242,0.106,4.34,,,
IIIV,🏦majority,0.217,8.807,1.291,0.388,1.096,-0.802,1.781,,-0.621,
IIPR,🏦majority,0.161,8.09,0.285,-0.325,0.07,0.066,2.824,-2.666,1.907,
ILMN,🎰lottery,0.373,8.474,-2.42,-0.676,-1.788,0.464,-1.956,1.498,0.231,-15.211
IMAX,🏦majority,0.324,8.182,1.653,0.822,0.495,-0.679,1.358,-2.075,3.035,-6.145
IMKTA,🏦majority,0.244,5.183,0.512,-0.051,-0.346,-0.047,0.717,0.593,-0.277,
IMO,🏦majority,1.61,6.646,2.527,0.46,0.45,-0.014,1.213,-1.161,2.776,
IMVT,⚡panic,0.065,12.41,1.764,-0.701,0.081,-1.595,0.248,0.269,2.042,
IMXI,🏦majority,0.19,9.63,-1.414,1.025,0.704,-1.419,1.542,1.848,-1.151,
INBX,🎲chase,-0.747,19.686,0.334,-1.495,-1.121,1.072,0.191,,0.419,
INCY,🏦majority,0.051,5.767,-0.944,-0.092,0.388,0.078,-0.401,0.004,1.757,
INDB,🏦majority,-0.162,6.496,0.052,0.226,0.864,-0.261,0.142,1.664,-1.514,
INDI,⚡panic,-0.311,12.413,4.277,-2.193,-2.643,2.488,4.452,,-0.769,
INGR,🏦majority,0.173,3.928,-0.348,-0.23,0.684,-0.024,0.372,-1.089,-0.763,-3.015
INMD,⚡panic,-0.592,9.832,0.165,-0.043,0.28,-0.975,2.526,2.906,1.996,
INN,⚡panic,-0.319,6.495,3.34,0.163,-0.83,-0.389,2.609,-1.578,-0.282,
INSM,⚡panic,0.1,10.757,4.214,0.274,-2.282,-0.237,3.11,0.698,3.22,
INSP,🎲chase,0.021,12.06,0.386,-0.821,-1.93,-0.145,-3.007,-0.6,-3.156,
INSW,🎲chase,1.579,8.121,-1.968,-0.712,1.306,0.641,-2.133,0.67,-2.125,
INTA,🎲chase,-0.129,12.56,1.148,-0.411,0.974,0.256,0.768,3.069,-2.431,
INTC,🏦majority,-0.298,11.486,-1.106,1.254,0.923,-0.618,0.874,,-3.35,
INTU,🎰lottery,0.349,7.138,2.295,0.506,-1.99,-0.515,0.442,-1.064,-0.381,-20.35
INVA,🏦majority,-0.227,5.956,1.64,-0.524,0.734,0.811,2.813,0.897,-1.708,
INVH,🏦majority,0.175,4.168,2.326,-0.592,-0.605,-0.002,2.128,-0.454,-0.694,-6.155
IONQ,⚡panic,-0.322,21.246,9.663,-2.071,-2.751,0.592,1.276,6.134,-1.026,
IONS,🏦majority,0.537,8.247,1.771,-0.576,0.693,-1.242,0.971,0.938,1.786,
IOSP,🏦majority,-0.115,5.244,0.631,0.353,1.413,-0.718,1.645,-1.993,0.461,-9.559
IOT,⚡panic,0.202,13.175,5.093,-0.517,3.642,0.002,2.619,-1.953,-1.986,
IOVA,⚡panic,-1.853,16.029,3.518,-1.243,-0.698,0.063,2.964,,-3.759,
IP,🏦majority,-0.219,6.688,0.196,0.832,0.369,-0.369,0.711,,1.125,
IPAR,🏦majority,0.457,6.734,0.964,-0.495,-0.954,0.441,1.543,-0.97,4.717,-8.86
IPGP,⚡panic,-0.208,8.587,1.687,0.206,-1.491,-0.452,1.974,-1.626,0.913,
IPI,🎲chase,0.299,13.993,3.731,-1.527,-0.259,-0.848,-0.719,1.811,1.843,
IQV,🏦majority,0.08,6.66,1.713,-0.567,0.0,-0.226,1.328,-0.862,1.842,-5.666
IR,🏦majority,0.634,5.729,0.9,0.713,1.082,0.175,1.598,-0.786,1.842,
IRDM,🏦majority,-0.181,8.85,-0.493,1.138,0.374,0.337,0.596,-2.085,-3.413,
IRM,🏦majority,1.069,6.23,1.03,0.479,0.798,-0.897,1.939,-1.806,-0.682,-6.292
IRON,⚡panic,1.262,12.584,1.365,-1.235,-2.01,0.673,5.765,1.459,,
IRT,🏦majority,0.369,5.153,0.507,-0.605,0.8,-0.783,-0.726,0.107,-0.936,
IRTC,⚡panic,0.344,11.553,0.057,0.456,-1.139,-3.374,-0.07,-1.48,2.677,
IRWD,🏦majority,-0.442,8.023,0.0,0.081,-0.996,0.521,0.493,,,
ISRG,🏦majority,0.598,6.607,1.354,-1.948,-0.097,-0.441,0.703,-1.145,-0.634,
IT,🏦majority,0.436,7.273,0.075,0.1,-0.103,-0.294,2.086,-0.223,0.0,-4.2
ITGR,🏦majority,0.365,6.416,0.624,0.213,0.601,-0.004,0.328,-1.396,-1.906,
ITRI,🏦majority,-0.139,7.641,0.805,-0.025,-0.259,0.082,-0.521,-3.531,-0.346,
ITT,🏦majority,0.679,5.477,1.216,-0.017,0.871,-0.537,0.777,-1.5,0.532,
ITW,🏦majority,0.162,4.085,-0.292,0.43,-0.045,0.083,0.181,-0.616,-0.969,
IVR,🏦majority,-0.368,8.056,0.79,0.046,0.87,-0.86,1.302,-1.366,-0.439,
IVT,🏦majority,0.479,4.447,2.048,0.511,-0.701,-1.195,,0.192,-1.691,
IVZ,🏦majority,0.339,7.153,1.719,0.212,1.19,0.022,1.077,-5.941,1.707,
J,🏦majority,0.271,4.416,1.213,0.083,-0.449,-0.55,1.224,0.416,-1.945,
JACK,🎲chase,-0.829,9.842,-1.399,0.741,-0.119,2.155,-1.018,1.87,-0.577,
JAZZ,🏦majority,0.336,6.257,0.732,0.055,-0.17,-1.025,1.376,-2.623,-0.156,
JBGS,🏦majority,-0.676,5.938,1.917,0.226,-1.165,-0.116,1.104,-2.997,-2.903,
JBHT,🏦majority,0.531,5.903,0.723,0.195,0.597,-0.247,0.772,-1.141,0.334,
JBI,⚡panic,-0.146,9.126,2.801,0.045,-1.077,0.718,0.851,0.096,-0.037,
JBL,🎰lottery,1.438,7.346,4.938,0.62,-0.382,0.117,0.483,-2.758,-1.057,-12.74
JBLU,⚡panic,-0.592,9.832,0.943,0.315,-0.57,-2.314,1.887,,-4.315,
JBSS,🏦majority,-0.018,5.656,1.685,0.188,0.73,-0.811,1.019,0.571,-2.145,
JCI,🏦majority,0.687,5.755,-2.267,1.147,0.611,0.16,-1.176,3.018,-2.154,
JEF,🎰lottery,1.506,7.513,1.265,-0.21,-0.414,0.251,-0.404,-1.591,-3.996,-12.582
JELD,⚡panic,-1.121,10.709,1.276,-0.816,-0.883,0.18,3.399,,-3.131,
JHG,🏦majority,0.577,5.824,-0.287,0.581,0.617,-0.389,1.012,-1.11,-0.513,
JJSF,🏦majority,-0.647,5.378,0.434,0.403,0.496,0.59,-0.202,-1.593,0.066,
JKHY,🏦majority,0.141,4.569,1.608,-0.442,-0.578,-0.105,0.847,1.057,1.023,
JLL,🏦majority,0.685,6.63,0.037,-0.251,-0.547,-0.808,1.813,-1.528,-1.812,
JNJ,🏦majority,0.139,3.406,-0.696,0.174,0.693,0.0,0.324,0.514,-1.125,1.162
JOBY,⚡panic,-1.096,14.643,0.632,-0.339,0.541,-3.572,2.599,,1.899,
JOE,🏦majority,0.177,6.474,-0.618,0.919,-0.23,-0.251,-1.115,-3.911,-0.638,
JPM,🏦majority,0.855,4.868,2.03,0.609,0.989,-0.115,0.694,-0.92,0.267,-0.578
JXN,🏦majority,1.484,8.408,0.057,0.441,0.337,-1.054,1.537,-1.411,0.193,-10.11
KAI,🎰lottery,0.487,6.171,0.794,0.481,-1.2,0.133,-0.59,0.098,-1.017,-13.006
KALU,⚡panic,0.535,8.881,3.379,0.26,-1.849,-0.003,2.232,-0.905,-2.097,
KBH,⚡panic,0.35,6.925,3.417,-0.184,-0.452,-0.483,2.949,-1.529,0.827,
KBR,🏦majority,0.047,5.522,2.072,0.604,0.396,-0.022,2.046,-0.946,-2.69,
KD,⚡panic,0.208,10.849,1.905,-0.603,-0.283,0.696,2.318,1.379,-0.929,
KDP,🏦majority,0.096,4.08,-0.741,0.51,-0.586,0.345,-0.102,0.913,0.243,
KEX,🏦majority,0.774,6.004,0.273,-0.284,0.457,0.441,-0.15,-0.894,0.911,-4.288
KEY,🏦majority,0.56,7.251,1.761,0.216,0.871,-0.124,2.558,0.941,0.656,
KEYS,🏦majority,1.007,6.715,-0.599,0.0,0.704,0.693,-0.815,,0.08,-2.716
KFRC,🏦majority,-0.08,7.639,0.428,0.147,0.363,1.326,0.448,,-0.546,
KFY,🏦majority,0.51,5.427,1.993,0.354,0.932,-0.525,0.999,,0.447,
KGC,🎲chase,1.527,8.119,-1.216,-0.321,2.092,0.297,0.338,-0.668,-1.469,
KGS,🏦majority,1.966,7.314,5.992,-0.395,-0.978,-1.144,,-1.253,6.883,-5.306
KHC,🏦majority,-0.542,4.212,-0.546,-0.124,0.407,0.111,-0.266,1.178,-0.065,-1.022
KIDS,⚡panic,-1.54,10.257,5.966,1.822,-0.792,-0.028,4.165,-3.389,,
KIM,🏦majority,0.317,4.621,0.784,-0.037,0.554,-0.626,1.041,,0.844,-8.835
KKR,🎰lottery,0.597,7.367,-0.108,0.3,1.329,-1.193,0.03,0.982,-0.696,-15.004
KLAC,🏦majority,1.264,9.553,-0.211,0.713,1.057,-0.971,1.293,1.684,0.496,-4.228
KLIC,🎲chase,0.069,8.893,0.899,-0.175,0.768,-0.521,-0.546,1.157,-1.633,
KMB,🏦majority,-0.14,3.963,0.719,-0.535,0.925,-0.058,-0.097,0.457,-0.535,
KMI,🏦majority,0.442,4.378,1.892,0.107,0.7,-0.916,0.0,0.563,0.482,-9.263
KMPR,🏦majority,-0.305,6.953,1.129,0.215,0.387,-0.099,1.129,0.085,-1.159,
KMT,🏦majority,-0.168,6.53,1.59,-0.039,0.899,-0.743,2.337,,-0.484,
KMX,🏦majority,0.037,8.34,-0.611,0.389,0.549,1.146,1.553,1.873,-1.535,-7.677
KN,🏦majority,0.62,6.476,-0.485,-0.228,0.34,0.198,-0.292,-1.051,-1.413,
KNF,🏦majority,0.975,7.79,0.131,1.314,-0.013,0.076,-2.093,,1.229,
KNSA,🏦majority,0.406,10.364,-0.647,0.793,1.469,-0.956,1.411,-1.799,-0.456,
KNSL,🏦majority,0.878,7.442,1.897,0.214,-0.086,-0.494,2.069,0.789,2.863,-9.043
KNTK,🏦majority,0.551,6.337,2.256,-0.206,0.294,0.165,1.648,0.52,-0.173,
KNX,🏦majority,0.412,6.045,-0.311,0.843,-0.175,-0.346,1.059,1.659,-1.606,
KO,🏦majority,0.265,3.16,-0.348,0.006,0.134,-0.197,0.718,-0.3,-0.633,
KOP,🏦majority,0.332,8.535,-0.448,-0.784,1.276,0.678,2.873,,-1.304,
KR,🏦majority,0.234,5.001,1.724,-0.354,0.911,0.062,0.729,-1.225,-1.275,
KRC,🏦majority,-0.484,6.559,0.334,-0.437,-1.324,0.258,0.115,-1.488,1.1,-8.494
KREF,🏦majority,-0.427,6.302,1.521,0.013,-0.878,0.113,0.683,-1.636,-1.899,
KRG,🏦majority,0.406,4.758,1.48,0.23,-0.246,-1.603,1.987,-0.833,0.436,
KRNT,🎲chase,-1.305,12.136,-0.936,-1.261,1.443,0.472,1.305,,1.871,
KROS,🎲chase,-0.574,13.818,-2.895,0.722,0.587,-0.018,-2.564,-0.362,-1.456,
KRP,🏦majority,0.192,5.679,2.36,0.005,-0.312,-0.716,1.426,-0.377,-0.615,
KRUS,🎲chase,-0.417,15.399,1.46,-1.207,2.724,-2.85,-1.133,3.554,9.673,-6.544
KRYS,⚡panic,0.774,10.479,4.054,0.063,-1.538,-0.409,1.723,2.166,0.401,
KSS,🎰lottery,-1.014,11.872,0.937,0.476,0.151,-1.834,2.573,1.545,0.619,-19.639
KTB,⚡panic,0.254,8.0,2.323,-0.13,0.732,-0.179,3.041,2.855,-0.91,
KTOS,🎲chase,0.336,10.526,0.689,-0.336,0.512,1.057,1.659,-0.839,-1.728,
KURA,⚡panic,-0.92,11.857,2.557,-0.754,-1.594,0.92,5.516,1.802,2.842,
KVUE,🎲chase,-0.405,5.113,-0.361,-1.078,1.199,1.239,0.039,,-1.662,
KW,🏦majority,-0.059,6.435,-1.63,1.035,0.059,-1.463,-0.426,-2.498,0.889,
KWR,🏦majority,-0.784,7.81,1.465,0.075,-0.187,-1.546,-0.055,-1.09,-1.441,
KYMR,🎲chase,-0.868,15.479,3.381,-0.86,0.002,2.928,1.7,3.209,-3.827,
L,🏦majority,0.781,3.397,2.752,1.425,0.656,-0.414,,-0.238,-0.393,-3.253
LAC,⚡panic,-1.419,14.19,4.193,-0.289,-0.832,4.502,5.623,2.846,-1.031,
LAD,🏦majority,-0.093,7.215,0.235,0.567,-1.398,-1.571,0.555,-1.089,-3.068,
LADR,🏦majority,0.222,4.581,1.038,0.596,-0.753,-0.948,1.876,-0.49,-2.818,
LAMR,🏦majority,0.53,4.816,1.13,0.386,0.427,0.001,0.896,-2.404,0.308,
LAND,🏦majority,-0.836,7.895,0.371,-0.318,0.078,-1.158,0.268,,,
LAUR,🏦majority,0.909,6.707,0.786,1.668,0.583,-1.07,,,-0.048,
LAZ,🏦majority,0.043,7.179,0.439,0.622,1.375,0.279,0.307,2.245,-1.352,
LBRDA,🎰lottery,-0.612,8.642,0.67,0.126,-1.006,-0.844,0.354,-0.12,-1.861,-10.446
LBRDK,🏦majority,-0.555,8.548,0.45,0.327,-2.013,-0.267,0.558,-3.262,2.105,-3.998
LBRT,🏦majority,0.751,11.065,1.891,0.12,0.625,-0.304,0.568,-2.413,-3.503,
LBTYA,🏦majority,-0.256,6.273,1.88,0.007,-0.296,0.195,1.097,-0.55,0.522,
LBTYK,🏦majority,-0.369,6.233,2.038,0.138,-0.465,-0.578,0.444,1.423,-1.121,
LC,🎲chase,0.14,12.639,-1.045,-0.385,3.527,-2.374,-0.342,0.707,-1.51,
LCID,⚡panic,-3.588,15.542,2.005,0.7,-0.333,-2.153,-0.93,2.879,1.156,-12.157
LCII,🏦majority,0.038,7.016,0.033,0.253,0.276,0.271,0.083,-1.417,-0.072,
LDOS,🏦majority,0.736,5.646,0.301,-0.334,-1.357,-0.004,0.009,-1.008,1.039,
LEA,🏦majority,-0.124,6.13,3.242,0.036,0.532,-0.658,1.798,,-1.184,
LECO,🏦majority,0.669,5.307,0.296,-0.263,-0.136,0.241,-1.151,1.913,1.492,-5.26
LEG,⚡panic,-1.08,8.021,1.634,0.054,0.37,-1.239,1.395,1.461,0.03,
LEN,🏦majority,0.29,6.419,1.499,-0.901,-0.98,-1.342,0.512,0.106,2.462,
LESL,⚡panic,-3.127,12.216,1.351,0.929,-1.432,-1.391,1.01,,-0.827,
LEU,🎰lottery,0.425,17.014,0.055,-1.444,-0.1,1.304,6.369,1.745,-1.085,-12.503
LEVI,🎰lottery,-0.207,7.087,-0.267,-0.33,-0.037,0.165,0.762,1.968,0.487,-11.594
LFST,🎰lottery,0.8,12.509,0.702,-1.157,0.126,2.48,1.558,,1.055,-21.812
LFUS,🏦majority,0.501,6.866,-0.043,0.295,-0.33,0.379,0.95,-0.585,-0.087,1.888
LGIH,⚡panic,-0.922,9.249,0.767,0.176,-2.31,-2.792,-0.715,-3.087,-1.999,
LGND,🎲chase,0.918,8.58,2.939,-0.229,0.293,0.946,-0.991,1.112,-0.46,-2.592
LH,🏦majority,0.35,4.38,0.731,-0.357,-0.374,0.119,0.078,0.412,-0.097,
LHX,🏦majority,0.289,4.675,1.421,-0.5,-0.885,-0.219,0.427,-0.195,0.192,
LII,🏦majority,0.228,5.98,0.745,0.297,1.142,-1.379,3.181,-1.406,1.287,-8.033
LILAK,⚡panic,-0.232,8.116,2.493,0.624,-2.171,-1.021,3.585,-2.163,-2.681,
LIN,🏦majority,0.411,3.818,-0.811,0.684,0.625,-0.102,-0.575,,-0.38,
LITE,🎰lottery,0.868,11.63,0.464,-0.997,-0.809,1.612,0.551,7.332,2.06,-14.423
LIVN,🏦majority,0.134,7.395,1.005,1.444,-1.261,-0.695,2.438,,-2.674,
LKFN,🏦majority,-0.328,6.06,1.175,0.841,0.18,-0.458,1.698,0.665,-0.954,
LKQ,🏦majority,0.069,5.311,1.759,0.305,0.072,-0.377,0.665,0.58,0.243,
LLY,🏦majority,1.136,6.605,3.666,-0.225,-0.734,0.08,2.637,1.105,0.857,-1.014
LLYVK,🏦majority,1.64,6.476,-0.656,1.668,0.764,0.666,,,-7.185,
LMAT,🏦majority,0.547,6.941,0.586,0.695,-1.678,-0.954,0.909,0.047,0.96,
LMB,🎲chase,2.661,11.804,1.868,-2.749,0.634,0.759,,-0.391,-4.398,
LMND,⚡panic,-1.506,16.522,4.072,0.744,-1.645,-0.184,3.962,0.902,0.568,
LMT,🏦majority,0.456,4.993,0.254,-0.072,0.5,0.39,0.322,1.4,0.076,
LNC,🏦majority,0.58,7.986,1.546,1.076,-0.012,-1.155,2.659,-1.116,3.044,
LNG,🏦majority,0.589,5.447,0.309,0.545,-0.684,-0.922,0.34,0.426,-0.276,-9.164
LNN,🏦majority,-0.285,5.679,1.111,1.128,-0.048,-1.371,2.302,,-0.547,
LNT,🏦majority,0.386,3.699,0.368,0.529,-0.451,0.095,0.882,-0.953,-0.094,
LNTH,🏦majority,1.507,11.578,0.154,0.664,0.42,-0.621,0.255,-0.321,,-8.957
LOB,🎲chase,-0.243,9.618,1.069,-1.788,0.882,-0.004,0.398,-0.335,4.502,-10.29
LOGI,🎰lottery,0.31,6.797,-0.737,-0.652,0.516,0.483,0.194,,0.024,-12.45
LOPE,🏦majority,0.345,6.1,0.838,0.404,0.4,-0.262,0.714,-0.74,0.465,-3.551
LOVE,⚡panic,-1.397,13.513,2.795,-0.819,2.595,-2.89,4.137,0.278,-4.525,
LOW,🏦majority,0.304,4.94,1.326,-0.129,-0.458,0.436,1.438,-0.7,1.563,
LPG,🎰lottery,1.224,8.685,-0.171,-0.402,1.061,-0.591,-0.762,-0.746,1.409,-10.709
LPLA,🏦majority,1.184,7.109,2.522,0.138,-1.005,-0.685,3.685,-0.931,1.529,
LPSN,🎲chase,-3.19,19.89,-2.222,-1.946,2.874,-0.056,-1.241,,,
LPX,🏦majority,0.628,7.675,0.369,1.376,0.015,-0.232,2.581,-1.373,2.431,-7.306
LQDA,⚡panic,2.743,14.942,6.301,-0.856,-0.287,-0.471,-0.449,1.041,-5.463,-8.428
LRCX,🏦majority,1.532,8.83,3.327,-0.259,-0.342,0.987,-1.223,,0.597,1.563
LRN,🏦majority,1.452,10.139,3.138,1.169,1.865,-1.085,3.749,1.075,2.492,-5.445
LSCC,🏦majority,1.185,10.093,1.087,1.576,-0.403,0.281,-0.868,-2.185,-1.576,
LSPD,⚡panic,-1.27,11.588,1.417,0.025,-1.667,-0.047,-0.39,-2.398,-0.656,-9.988
LSTR,🏦majority,-0.084,4.976,0.846,0.896,-1.168,0.409,-0.884,0.165,-0.592,
LTC,🏦majority,0.192,3.967,0.289,0.416,-0.151,-0.708,1.149,-1.588,1.002,-2.587
LTH,🏦majority,0.415,9.73,2.318,0.094,-0.011,-0.2,1.751,-0.347,2.497,
LULU,🎲chase,0.128,8.472,0.956,-0.553,0.47,-0.417,-0.136,3.196,1.773,
LUMN,🎲chase,-0.86,12.545,-1.385,0.675,1.133,1.154,-3.708,,,
LUV,🏦majority,-0.192,7.984,0.205,0.35,0.107,0.615,0.52,,0.213,
LVS,🏦majority,-0.425,7.641,-0.711,0.008,-0.268,0.077,1.2,0.623,1.194,
LW,🎲chase,0.668,7.443,0.471,-0.52,0.276,1.351,-0.172,1.381,0.387,
LXP,🏦majority,0.554,5.027,-0.327,-0.314,0.621,-1.164,1.07,1.192,0.511,
LXU,🎲chase,0.593,13.199,-0.318,0.249,0.849,0.467,-1.159,-3.729,-0.926,
LYB,🏦majority,-0.351,6.325,-0.95,0.64,-0.374,0.444,-1.305,-3.277,0.964,
LYFT,⚡panic,-1.6,13.079,1.701,0.831,-1.539,-2.322,1.327,-1.177,0.112,
LYV,🏦majority,0.874,6.571,2.571,-0.105,0.843,1.238,2.285,1.767,0.852,0.781
LZ,🏦majority,-0.621,10.873,-0.569,1.084,-0.442,-0.395,0.113,-1.283,-1.218,
LZB,🏦majority,-0.362,6.429,1.17,0.436,-0.641,-0.686,3.178,-3.092,-0.39,
M,⚡panic,0.438,9.731,1.031,0.907,-0.721,-2.759,2.429,,-0.05,
MA,🏦majority,0.533,4.291,1.115,-0.148,-0.116,-0.842,0.922,1.395,-0.839,-1.211
MAA,🏦majority,0.111,4.173,1.636,-0.126,-0.397,-0.142,0.385,-2.08,0.292,
MAC,🏦majority,0.687,7.984,2.436,-0.505,-0.463,0.049,0.122,,-0.687,
MAIN,🏦majority,0.635,4.075,1.885,-0.444,-0.42,0.103,1.307,0.507,0.935,0.55
MAN,⚡panic,-0.356,7.342,2.411,-0.682,-0.029,0.261,2.814,,-1.102,
MANH,🎰lottery,0.281,7.441,-0.089,0.114,-1.69,-0.665,2.116,0.186,0.305,-24.268
MANU,🏦majority,-0.228,9.402,-0.752,-0.07,1.732,-2.134,0.159,,-1.079,
MAR,🏦majority,0.927,5.505,1.288,1.152,-0.783,0.048,0.773,-0.56,0.302,-7.679
MARA,🎲chase,-0.198,19.973,-3.11,0.514,1.895,-1.609,-3.694,,0.328,
MAS,🎲chase,0.019,5.775,0.514,-0.919,0.787,-0.123,-1.09,0.497,-0.82,
MASI,🏦majority,0.08,8.352,-0.925,-0.021,-0.509,0.213,0.335,1.8,-0.214,-8.165
MAT,🏦majority,-0.38,6.91,2.281,0.801,-0.358,-0.372,0.612,1.783,0.657,
MATV,⚡panic,-1.141,12.176,0.661,-1.071,1.141,-2.931,2.288,,2.463,-2.079
MATW,🏦majority,-0.743,7.943,1.204,0.082,0.18,0.456,1.065,,-0.408,
MATX,🏦majority,1.081,7.548,0.179,-0.36,-0.095,-1.135,-0.388,-1.104,1.095,
MAX,🎲chase,-0.92,18.225,0.202,1.111,2.413,1.9,1.055,,2.193,
MBC,🏦majority,0.6,9.414,1.754,-1.378,-0.957,1.636,1.583,-4.085,0.666,
MBLY,⚡panic,-0.711,11.585,1.375,0.635,1.199,-0.697,5.283,-4.158,-1.75,
MBUU,🏦majority,-0.658,7.766,1.275,0.841,-0.765,-0.276,-0.489,-0.755,-2.378,
MC,🏦majority,0.533,7.473,0.669,0.547,0.857,0.363,-0.501,0.931,-2.026,
MCB,🎲chase,0.57,11.995,2.694,-0.976,3.764,2.03,-0.989,,2.717,
MCD,🏦majority,0.319,3.331,0.504,-0.015,-0.169,-0.282,0.354,0.334,-0.11,-7.939
MCHP,⚡panic,-0.196,8.551,2.816,-0.56,-0.973,0.782,2.036,-0.85,1.366,
MCK,🏦majority,1.126,4.574,-0.274,0.557,-0.282,0.038,-0.919,-0.866,0.551,-6.094
MCO,🏦majority,0.69,5.141,1.795,0.404,-0.303,-0.079,0.776,0.597,0.368,-0.379
MCRI,🏦majority,0.618,6.747,-1.465,-0.007,0.938,-0.051,-1.552,-1.165,0.604,
MCS,🏦majority,0.282,8.94,1.339,-0.799,-0.51,1.471,0.719,,4.69,
MCY,🏦majority,0.531,6.828,0.165,-0.497,0.396,-1.012,0.157,-0.609,2.195,
MD,🏦majority,-0.47,8.191,0.716,0.885,-2.141,-0.643,-0.09,-1.788,-0.632,
MDB,🏦majority,0.894,13.558,-0.239,2.16,2.089,0.541,-0.008,1.114,0.341,
MDGL,⚡panic,-0.612,12.644,0.324,0.185,-2.076,0.522,0.546,-3.27,0.231,
MDLZ,🏦majority,0.059,3.807,-0.322,-0.095,-0.232,0.419,0.286,-0.164,0.538,
MDT,🏦majority,-0.153,4.175,0.508,-0.252,0.368,-0.379,0.397,1.638,0.176,
MDU,🏦majority,0.294,4.344,-0.354,0.19,0.385,-0.251,1.644,1.619,-0.461,
MED,⚡panic,-2.992,8.338,1.269,0.051,-0.974,-1.278,1.154,-2.429,0.415,
MEDP,🎰lottery,1.198,8.835,1.859,0.712,-0.448,-0.885,0.98,-2.662,0.456,-12.932
MEI,⚡panic,-0.414,14.422,2.991,0.241,1.378,-1.134,1.609,,0.823,
MELI,⚡panic,0.367,9.412,3.984,0.993,-0.544,-1.362,2.589,-2.76,0.98,-8.184
MEOH,🏦majority,0.597,8.224,0.174,0.321,-1.136,0.089,1.235,-0.028,0.12,
MET,🏦majority,0.827,4.964,2.87,0.352,-0.663,-0.715,1.66,-0.675,0.746,-5.766
META,🏦majority,1.506,9.807,1.959,-0.26,0.137,-0.783,1.683,-1.857,-2.509,
METC,⚡panic,-0.511,16.404,6.602,-1.162,-4.113,1.228,4.428,-2.195,0.846,
MFA,🏦majority,-0.212,6.199,1.682,0.431,-0.657,-0.904,0.704,,0.262,
MFC,🏦majority,1.018,4.51,2.248,0.161,1.098,-0.274,0.343,0.268,-0.292,
MGA,🏦majority,-0.191,6.671,2.273,-0.14,0.166,-1.739,2.049,-1.879,1.426,
MGEE,🏦majority,-0.013,4.513,1.582,0.272,0.007,-0.111,-0.158,2.036,-0.237,
MGM,🏦majority,0.4,7.285,2.861,0.279,1.618,-0.586,2.121,-1.253,-0.738,
MGNI,⚡panic,0.0,13.825,1.611,-0.877,0.797,0.721,3.695,0.289,-0.186,
MGPI,🎰lottery,-0.401,7.352,-0.669,0.242,-0.416,-0.409,-1.501,0.085,-3.615,-18.276
MGRC,🏦majority,0.258,5.017,0.967,1.039,-0.348,-0.733,0.018,-0.736,-1.845,
MGY,⚡panic,0.558,7.215,5.02,0.714,-1.182,-0.363,3.621,-0.685,-1.468,
MHK,🎰lottery,-0.548,7.305,-0.186,0.135,-0.643,-0.824,-0.174,-6.044,2.165,-14.008
MHO,🏦majority,0.471,7.424,0.627,-0.34,-1.751,-0.414,-0.497,0.049,3.837,
MIDD,🏦majority,0.21,6.701,0.315,0.449,0.421,-0.582,1.26,,1.217,-2.956
MIR,⚡panic,0.577,8.856,5.565,0.369,-3.254,-1.702,3.218,5.192,-3.602,
MIRM,⚡panic,0.845,10.001,7.557,0.724,0.444,-0.499,5.989,2.566,-3.135,
MITK,🏦majority,-0.544,10.285,0.878,0.985,1.39,0.023,1.434,-1.015,-0.983,
MKC,🏦majority,-0.088,5.109,-0.141,-0.002,0.02,-0.28,-0.534,0.487,1.88,-3.323
MKL,🏦majority,0.407,4.138,2.952,0.526,-0.665,-0.375,1.716,0.393,-0.281,-5.462
MKSI,🎲chase,0.362,9.384,-0.174,-1.576,1.408,0.049,-0.921,3.711,0.069,
MKTX,🏦majority,-1.011,7.17,-0.111,-0.747,1.06,-1.246,0.963,0.543,5.321,
MLAB,🎲chase,-0.562,9.3,-0.662,-0.005,2.192,-1.794,-0.338,1.076,-1.943,
MLI,🏦majority,1.562,8.148,2.275,-0.103,-0.32,0.092,-0.559,-1.957,-1.426,
MLKN,🏦majority,-0.382,9.294,-0.324,-0.729,0.12,0.886,1.012,-2.201,4.492,
MLM,🏦majority,0.515,4.975,1.397,-0.052,-0.886,-0.43,-0.801,-0.96,-0.201,
MLTX,⚡panic,0.481,15.375,9.886,1.335,-1.039,-2.606,,-0.937,,
MMI,🏦majority,0.064,6.993,1.797,-0.064,0.419,-0.879,-0.113,-0.752,-3.223,-4.089
MMM,🏦majority,0.107,5.472,-1.225,1.136,-0.513,0.064,-1.028,,-1.384,
MMS,🏦majority,-0.198,5.504,0.846,0.744,-0.106,-0.534,2.771,0.223,-2.477,
MMSI,🏦majority,0.579,5.467,0.166,-0.082,-0.607,-0.453,1.345,-1.53,0.245,
MMYT,🏦majority,0.4,9.243,-0.655,-0.4,-0.259,-1.332,4.016,,4.121,
MNDY,⚡panic,-0.099,13.847,2.426,0.422,0.709,-0.419,5.685,2.367,2.694,
MNRO,🏦majority,-0.976,7.763,-1.666,0.864,0.56,-0.661,1.475,-0.607,-1.694,
MNST,🏦majority,0.539,4.427,-0.394,-0.04,0.203,0.41,-1.216,,-0.648,-2.085
MO,🏦majority,0.496,4.163,0.599,0.56,-0.225,-0.265,1.552,-2.087,1.033,-2.089
MOD,🏦majority,1.779,12.904,-1.513,0.823,1.603,1.225,0.355,-4.734,-1.769,-6.306
MOH,🏦majority,0.489,8.14,0.055,0.509,1.118,-0.462,0.028,2.009,1.229,
MORN,🎰lottery,0.06,6.402,0.781,0.377,-0.321,-0.103,1.868,-0.243,1.564,-16.363
MOS,⚡panic,-0.298,7.889,1.187,0.125,-0.632,0.899,3.238,-0.734,-0.761,-9.202
MOV,🏦majority,0.41,9.199,2.341,0.13,-0.083,0.082,1.81,,3.921,
MP,⚡panic,-0.09,13.563,4.967,-1.372,1.742,-1.217,1.217,0.862,-0.206,
MPC,🏦majority,1.403,6.77,2.468,0.144,-1.463,-0.682,2.139,0.361,-0.32,
MPLX,🏦majority,0.603,3.633,3.237,0.681,-0.167,-0.512,0.744,-1.067,0.165,-5.684
MPWR,🏦majority,1.396,9.619,1.71,-0.065,-0.639,1.043,1.188,0.726,-1.372,
MQ,⚡panic,-1.515,13.016,0.97,0.173,-1.992,-2.036,1.794,,-1.679,
MRCY,🏦majority,0.094,8.971,0.012,2.381,-0.094,0.856,-0.657,2.405,-0.802,-5.453
MRK,🏦majority,0.38,4.778,1.747,-0.198,-1.096,0.593,1.273,0.539,-1.443,-2.546
MRNA,🎰lottery,-0.788,13.873,-0.051,-0.576,-0.761,-1.248,0.091,1.054,-0.375,-20.709
MRTN,🏦majority,-0.414,6.088,2.06,0.163,-0.487,1.057,1.09,2.037,1.145,
MRVI,⚡panic,-1.688,13.227,2.39,1.253,-5.76,3.9,1.687,-0.663,1.657,
MRVL,🎰lottery,0.736,11.677,4.564,-0.687,0.611,1.027,1.273,-0.52,-1.718,-13.943
MS,🏦majority,0.916,5.729,2.036,0.309,1.224,-1.256,0.132,0.352,0.183,
MSA,🏦majority,-0.018,4.606,1.215,-0.077,-0.397,-0.463,1.12,-1.234,-0.069,
MSCI,⚡panic,0.19,5.813,4.577,0.686,-0.234,0.143,2.614,0.39,2.284,
MSEX,🏦majority,-0.418,6.144,-0.573,0.675,1.278,0.046,-0.333,1.592,0.901,
MSFT,🏦majority,0.582,5.072,1.395,-0.468,-0.065,0.071,0.265,1.198,1.3,
MSGE,🏦majority,0.987,8.532,1.981,0.639,-0.445,0.133,1.338,-0.137,-0.173,
MSGS,🏦majority,0.312,4.986,-0.811,0.211,-0.059,0.072,-0.078,-0.385,2.68,
MSI,🏦majority,0.881,4.394,-0.534,-0.019,0.351,-0.307,-0.166,-1.318,0.056,-1.753
MSM,🏦majority,0.131,4.446,1.253,0.562,-0.026,-0.073,0.999,-0.243,0.027,
MSTR,🎲chase,-0.16,18.126,2.779,-0.902,0.738,2.1,-0.095,,-0.963,
MT,🏦majority,0.745,7.874,2.002,0.464,0.513,-0.095,-1.157,,-0.253,
MTB,🏦majority,1.094,5.891,1.588,0.586,-0.627,0.001,0.998,-1.385,-4.301,
MTCH,⚡panic,-0.828,7.962,1.837,-0.355,-0.753,-1.581,1.221,,1.052,-10.659
MTD,🏦majority,0.54,6.03,1.616,-0.377,0.715,-1.21,1.037,0.252,-3.534,
MTDR,⚡panic,0.642,9.212,4.59,-0.706,0.775,-1.02,2.434,2.062,-1.828,-4.371
MTG,🏦majority,0.978,4.817,1.537,0.236,0.998,-0.402,1.177,1.394,-0.711,
MTH,🏦majority,-0.118,7.64,-0.388,0.481,-1.2,0.207,-1.072,0.011,1.272,
MTN,🏦majority,-0.616,5.601,1.947,0.542,-0.822,-0.728,1.52,,2.287,-1.027
MTRN,🏦majority,0.42,7.715,2.129,0.0,-1.795,-0.52,0.393,-0.991,-1.11,-7.885
MTSI,🏦majority,1.69,8.407,-0.009,0.924,0.809,-0.368,0.652,0.947,1.485,-5.474
MTX,🏦majority,0.045,5.64,1.799,0.618,-0.085,-0.393,0.265,-2.005,1.29,
MTZ,🎲chase,1.197,8.849,0.042,0.031,2.825,1.714,-4.847,-0.954,-1.143,
MU,⚡panic,1.163,11.379,3.943,0.816,-1.573,-0.566,0.196,,-0.103,-9.391
MUR,⚡panic,0.554,8.776,3.103,-0.075,-0.811,-0.554,0.358,2.581,-1.21,
MUSA,🏦majority,1.053,5.654,0.154,0.08,0.423,-0.177,0.958,-0.414,2.734,-2.135
MUX,⚡panic,0.269,13.021,8.529,0.011,-4.346,2.589,2.472,,1.78,
MWA,🏦majority,0.439,5.802,0.319,0.629,0.737,-0.935,0.633,-2.513,1.144,
MXL,🎲chase,0.8,14.427,3.053,-0.785,1.075,-0.905,-0.439,1.101,1.049,-7.761
MYGN,🎲chase,-1.18,10.804,-0.608,-1.779,-2.789,2.347,1.18,,,
MYRG,🎲chase,1.116,8.651,1.083,-1.151,1.623,-0.248,1.066,-2.379,-3.341,
NABL,🏦majority,-0.621,7.528,0.761,0.318,-0.267,0.135,0.543,,-1.447,
NAVI,🏦majority,0.0,6.555,1.716,-0.065,-0.787,-0.657,2.319,-0.318,-2.326,
NBHC,🏦majority,0.127,5.765,0.903,0.123,0.518,-0.207,0.441,1.08,0.359,
NBIX,🏦majority,0.932,6.177,-1.789,0.494,0.208,-0.207,-0.215,1.025,-2.43,
NBR,🎲chase,0.228,13.287,2.127,-0.831,0.365,-1.698,-1.276,4.476,0.268,
NBTB,🏦majority,0.398,5.713,1.734,-0.114,0.546,0.484,0.561,0.08,-3.228,
NCLH,⚡panic,0.084,10.9,2.968,-0.181,-1.351,-0.239,0.366,,-0.769,
NCNO,🏦majority,-0.681,9.427,1.065,0.793,0.218,0.94,1.859,-3.734,-0.493,
NDAQ,🏦majority,0.972,4.8,0.674,-0.243,0.191,-0.096,1.026,-0.611,0.745,-8.182
NDSN,🏦majority,0.587,4.543,0.884,0.213,0.225,-0.475,1.537,-0.101,-0.215,
NE,🏦majority,0.482,8.766,1.433,0.578,0.729,-0.62,-0.562,0.028,-1.741,
NEE,🏦majority,0.605,5.309,0.504,-0.195,0.125,0.173,0.617,-0.945,1.209,
NEM,🎲chase,0.557,7.322,-1.057,-1.108,2.239,1.033,0.053,0.894,-0.679,
NEO,🎲chase,-0.859,12.897,-0.776,-1.599,-3.037,1.503,-1.897,-7.283,-1.466,
NEOG,🎲chase,-1.019,9.788,-0.504,-0.677,0.178,1.235,-1.148,3.014,-1.568,
NET,⚡panic,1.287,13.57,1.235,0.689,0.051,1.928,6.149,-0.197,0.509,
NEU,🏦majority,0.855,4.873,1.124,0.041,-0.214,-0.456,1.902,-1.959,0.996,-1.623
NEXT,⚡panic,0.703,14.002,0.841,-0.021,-1.698,-0.222,-0.444,,-4.591,
NFE,⚡panic,-2.745,13.036,0.129,-0.111,-0.228,-0.248,2.003,-2.726,-0.624,-3.626
NFG,🏦majority,0.578,3.945,-0.743,-0.108,-0.53,-0.255,-0.443,-0.567,0.011,
NFLX,🎲chase,0.562,8.945,-2.219,-0.816,0.654,-0.608,-3.388,1.024,-0.729,
NGVT,🏦majority,0.0,8.997,1.083,0.206,-0.928,0.471,-1.488,0.509,-2.353,
NHC,🏦majority,1.493,6.797,-0.405,-0.575,-0.573,0.783,,,-4.761,
NHI,🏦majority,0.396,4.53,0.183,-0.312,0.614,0.486,1.053,-0.589,0.475,
NI,🏦majority,0.683,3.608,2.342,0.653,-0.438,-0.447,0.525,-0.657,0.077,
NJR,🏦majority,0.34,3.863,0.585,0.297,0.426,-0.457,0.945,0.644,0.953,
NKE,🏦majority,-0.65,6.942,0.902,0.305,-1.115,-1.488,1.147,-2.683,-2.347,
NKTR,🎲chase,-2.383,21.605,0.981,-2.194,2.31,1.25,0.454,,,
NLY,🏦majority,0.174,5.348,0.716,0.298,-0.174,-0.174,0.157,-1.677,-0.572,
NMFC,🏦majority,-0.283,4.149,2.039,0.065,0.163,-0.504,1.642,,-1.347,
NMIH,🏦majority,0.673,5.68,1.118,0.531,-0.234,0.182,1.11,-0.082,-0.855,
NMM,🎰lottery,1.445,9.674,0.239,0.617,-1.026,0.066,1.407,-1.163,-3.823,-14.724
NMRK,🏦majority,0.524,8.59,0.844,0.228,-0.712,-1.014,0.315,0.145,0.163,
NNI,🏦majority,0.59,4.339,-0.924,0.504,0.703,-0.388,-1.874,1.308,-0.548,-3.131
NNN,🏦majority,0.166,3.817,0.324,0.142,0.186,0.063,-0.019,-0.796,-0.143,
NNOX,⚡panic,-3.058,15.983,-0.363,0.698,1.344,-2.86,-0.828,,,
NOC,🏦majority,0.405,4.899,-0.437,0.508,0.677,0.267,-0.764,-1.029,-0.764,
NOG,⚡panic,0.408,9.437,3.377,-0.269,-0.889,-0.966,1.293,2.158,-2.469,
NOMD,🏦majority,-0.285,5.908,-0.394,-0.335,0.618,-0.318,-0.015,0.115,1.315,
NOV,⚡panic,0.401,7.922,1.561,0.558,-1.011,-0.93,2.794,3.348,1.048,
NOVT,🏦majority,-0.047,7.37,1.229,0.178,0.205,-1.584,-1.396,-3.218,-1.863,-8.939
NOW,🎰lottery,0.385,8.011,1.345,0.592,-1.166,0.116,1.707,2.009,-0.824,-23.34
NPO,🏦majority,0.684,7.307,3.122,-0.066,-0.336,0.72,0.89,0.871,-0.502,-8.825
NRDS,⚡panic,-0.385,15.157,2.3,0.784,-1.215,0.998,5.749,3.589,,
NRG,🏦majority,0.811,7.952,2.436,0.039,1.621,-0.236,3.365,-0.596,4.632,
NRIX,🎲chase,-1.046,14.917,-0.91,-0.966,4.066,0.216,0.821,,-0.67,
NSA,🏦majority,-0.038,6.052,1.968,-0.693,-0.054,-0.642,1.315,-2.447,0.073,-4.441
NSC,🎲chase,0.27,4.648,0.168,-0.979,0.965,-0.076,-0.939,-0.55,-1.639,
NSIT,🏦majority,0.621,7.266,0.286,0.211,-0.978,0.74,1.238,-1.6,-0.489,-4.03
NSP,🏦majority,0.145,8.77,1.202,-0.423,-0.937,0.03,-0.758,-0.874,-0.08,
NSSC,🎲chase,0.857,10.848,-2.494,-0.906,1.543,-0.215,0.304,-1.399,4.675,-2.99
NTAP,🏦majority,0.689,7.076,2.001,0.129,-0.588,1.129,1.715,2.108,0.689,
NTB,🏦majority,0.419,5.852,-0.011,0.946,0.51,0.782,1.165,0.178,-1.453,
NTCT,🏦majority,0.343,5.819,-0.123,0.692,0.38,-2.03,1.801,-4.414,2.315,
NTGR,🎲chase,-0.469,9.559,0.549,-1.298,0.3,0.05,-2.917,-2.061,-3.477,
NTLA,⚡panic,-1.598,15.769,4.145,0.446,-0.657,-2.206,6.112,-7.295,-4.155,
NTNX,🎰lottery,0.78,9.631,1.339,-0.267,0.598,0.786,0.655,0.542,-0.073,-11.58
NTR,🏦majority,-0.014,6.128,2.49,0.377,-1.565,0.405,2.648,-3.236,-0.459,
NTRA,🏦majority,1.401,10.492,1.002,-0.014,-1.058,-1.196,-3.394,0.074,2.828,
NTRS,🏦majority,0.503,5.585,0.547,0.448,0.766,0.178,1.044,-2.619,-0.69,
NTST,🏦majority,0.173,4.44,1.073,-0.063,0.402,0.398,2.273,-0.13,-2.462,
NU,🎲chase,0.956,9.716,-0.114,1.576,3.237,0.886,-0.735,0.705,-0.934,
NUE,🎲chase,1.146,7.908,1.442,-1.042,1.436,0.635,2.616,3.672,1.414,-3.312
NUS,🎲chase,-1.459,9.127,-1.011,0.434,1.674,0.584,-0.529,-2.454,-2.644,
NUVL,⚡panic,0.786,14.405,3.327,1.503,1.177,-0.84,5.491,2.333,,
NVAX,⚡panic,-2.727,17.206,1.914,1.447,-3.54,-4.082,-1.16,-0.238,3.895,
NVCR,⚡panic,-1.972,14.601,-1.089,2.31,-0.69,0.019,0.113,1.801,-3.282,-8.303
NVDA,🏦majority,2.047,9.912,-1.068,-0.004,-0.885,-1.708,1.911,-2.45,-0.318,-3.511
NVMI,🏦majority,1.103,9.191,0.974,0.175,1.504,1.504,2.658,-1.885,-1.401,0.981
NVR,🏦majority,0.371,4.857,1.117,-0.37,-1.535,-1.526,1.1,-0.064,1.687,
NVST,🏦majority,-0.382,6.61,-0.403,0.382,1.041,-0.136,0.443,-0.847,1.877,-5.328
NVT,🏦majority,1.464,6.763,1.572,0.09,0.333,0.116,0.676,1.086,0.438,
NVTS,🎲chase,-1.599,19.824,1.426,-2.498,0.717,2.163,-3.606,,-8.877,
NWBI,🏦majority,-0.077,4.774,0.471,0.151,-0.14,-0.396,-0.082,1.887,-2.051,
NWE,🏦majority,0.176,3.63,0.766,0.473,-0.391,-0.835,1.768,-1.713,0.478,
NWL,🏦majority,-1.109,9.276,-0.081,0.911,-0.86,-0.798,-0.431,,-0.629,
NWN,🏦majority,-0.126,4.125,0.969,0.159,-0.243,-0.577,0.587,-0.097,-1.004,-5.389
NWS,🏦majority,0.361,5.167,0.837,0.033,0.447,0.137,0.403,-1.22,0.942,
NWSA,🏦majority,0.177,5.053,0.848,0.181,0.732,-0.044,1.104,-0.747,2.104,
NX,🏦majority,-0.058,10.129,1.137,-0.629,1.814,0.004,1.675,-2.959,-1.016,
NXE,🏦majority,1.232,9.27,0.731,0.06,-3.079,-0.56,-0.389,,-6.577,
NXPI,⚡panic,0.049,7.514,2.933,0.403,-0.843,-0.53,2.066,0.267,-2.097,
NXRT,🏦majority,-0.233,6.605,-0.637,-0.479,-0.714,-0.237,-0.619,-1.18,3.385,
NXST,🏦majority,0.468,6.38,3.924,0.558,0.844,-1.218,0.934,-0.842,-0.986,
NXT,🏦majority,1.072,11.305,-0.444,0.908,2.901,-0.862,4.103,0.348,-0.63,
NYT,🏦majority,0.585,5.662,0.377,-0.042,0.495,-0.437,2.077,-1.871,-1.51,
O,🏦majority,0.134,3.78,-0.481,0.154,0.057,-0.271,-0.254,-1.084,-0.102,-2.918
OBDC,🏦majority,0.0,3.709,2.589,0.136,0.0,-0.168,2.374,,0.528,
OC,🏦majority,0.763,6.751,0.943,1.178,-0.43,-0.499,0.862,-0.855,1.127,
OCFC,🏦majority,0.0,6.908,1.308,0.947,2.379,-0.315,1.892,2.494,-0.098,
OCSL,🏦majority,-0.054,3.958,1.422,0.298,-0.36,-0.275,-0.098,1.38,,
OCUL,⚡panic,-1.019,14.133,2.457,-1.4,2.261,0.552,3.057,-8.034,,
ODD,⚡panic,-1.459,14.652,0.924,1.077,-1.804,-1.751,0.424,,-0.685,
ODFL,🏦majority,0.605,6.91,1.668,0.718,-0.295,-0.089,1.905,2.644,-0.443,-2.736
OEC,⚡panic,-0.289,9.706,2.201,0.0,0.509,-0.121,4.038,-5.658,1.103,
OFG,🏦majority,0.679,5.802,4.744,0.772,0.341,0.285,2.526,0.762,-1.107,
OFIX,⚡panic,-1.115,10.925,-0.632,2.331,0.025,-0.163,2.459,1.034,-0.677,
OGE,🏦majority,0.451,3.646,1.455,0.683,-0.161,-0.278,1.756,0.0,-0.244,
OGN,🎲chase,-0.193,10.485,-0.982,0.122,0.309,-0.103,-4.202,1.183,0.563,-11.944
OGS,🏦majority,0.108,4.342,1.403,0.381,0.038,-0.532,1.403,0.286,0.054,-3.234
OHI,🏦majority,0.299,4.159,0.967,-0.072,-0.589,0.003,1.49,0.388,-0.544,
OI,🏦majority,-0.564,7.981,-0.603,0.347,1.054,-2.586,-1.832,-1.462,0.739,
OII,⚡panic,1.424,9.845,5.053,0.372,-1.246,-0.821,2.794,5.997,-0.884,
OIS,🎲chase,-0.133,11.809,-0.076,-0.385,-0.386,1.579,1.054,1.382,2.945,
OKE,🎰lottery,0.613,5.436,1.889,0.373,0.169,-1.431,0.939,-1.206,2.56,-12.789
OKTA,⚡panic,-0.246,11.04,3.351,0.02,-0.078,-1.148,3.496,1.797,0.01,
OLED,🎰lottery,-0.508,7.941,1.471,0.001,-0.649,0.903,1.277,-2.233,0.11,-16.413
OLLI,⚡panic,0.0,7.96,3.998,0.063,-1.197,0.434,2.236,-3.59,,
OLMA,⚡panic,-2.79,20.035,-2.885,1.757,-1.115,-1.309,1.212,,,
OLN,🏦majority,-0.419,8.239,0.787,0.64,0.225,0.187,-0.511,0.905,-3.331,
OM,🎲chase,-2.682,19.187,-1.307,-2.075,5.149,2.828,2.823,,,
OMC,🏦majority,0.13,5.237,0.05,0.333,-0.63,-0.061,1.099,-1.292,0.829,
OMCL,🎲chase,-0.378,9.52,-0.288,-0.476,-0.529,-0.195,-0.663,,-4.65,-8.566
OMF,🏦majority,0.649,7.029,2.441,0.356,-0.259,-1.393,2.441,-0.824,1.042,
ON,⚡panic,0.643,10.136,3.177,-0.048,-0.937,0.032,2.72,0.625,-0.557,
ONB,🏦majority,0.226,5.726,0.391,0.107,0.14,0.084,-0.003,-1.715,-0.764,
ONON,⚡panic,-0.208,10.742,1.938,0.184,0.233,0.604,3.318,0.812,1.166,
ONTO,🏦majority,1.002,10.555,1.747,1.159,2.038,0.53,-0.611,-1.906,-4.06,-7.254
OPCH,⚡panic,0.312,7.234,2.506,0.018,0.173,-0.508,3.832,-1.285,1.081,
OR,🏦majority,0.726,7.135,1.67,-0.653,1.169,-0.047,0.493,-1.284,0.776,
ORA,🏦majority,0.507,5.808,-0.877,0.102,0.238,-0.76,-0.399,0.62,2.575,
ORC,🏦majority,-0.394,6.243,0.031,0.394,-0.049,-0.127,-0.695,-1.99,-0.425,
ORCL,🎲chase,0.237,8.513,0.889,-1.552,0.862,1.27,0.649,1.749,-2.153,-3.025
ORI,🏦majority,0.655,4.257,4.024,0.878,-0.045,-0.333,1.938,0.291,-0.543,-5.542
ORLY,🏦majority,0.892,4.189,0.783,0.478,-0.132,-1.057,0.98,0.342,0.786,-2.323
OSCR,🎲chase,-1.353,15.632,-0.221,-0.509,2.979,1.846,-0.157,7.667,8.914,-10.515
OSIS,🏦majority,0.617,6.694,0.894,1.31,0.481,-1.202,-0.067,-1.627,-1.448,
OSK,🏦majority,0.044,6.639,1.619,-0.436,-0.878,-0.016,1.002,-2.768,-0.759,-0.597
OSPN,🎲chase,0.313,11.118,0.628,-1.732,0.538,0.397,-2.178,,6.299,
OSW,🏦majority,1.125,7.733,1.207,0.763,0.431,-1.402,1.207,-0.113,2.007,
OTEX,🎲chase,0.19,6.001,-0.262,-0.75,0.267,0.2,-0.601,1.753,-2.36,-2.881
OTIS,🏦majority,0.252,4.07,0.525,-0.189,-0.565,-0.253,0.823,-1.258,-1.501,-3.204
OTTR,🏦majority,0.41,5.161,1.68,0.45,0.025,-1.249,1.404,-1.262,0.645,-3.396
OUST,🎰lottery,-3.394,20.79,-0.443,-0.734,2.97,-1.743,0.764,-6.573,3.232,-25.945
OUT,🏦majority,0.556,7.527,-0.221,1.343,1.982,-0.992,1.597,0.247,-2.082,-1.074
OVV,⚡panic,0.5,8.824,3.881,0.248,-1.043,-0.888,0.325,1.851,2.178,
OWL,🎰lottery,0.119,8.585,2.449,0.295,-0.394,-0.511,1.905,0.088,1.23,-19.936
OXLC,🏦majority,-0.568,5.828,1.173,0.372,-1.605,0.568,1.255,-1.821,-0.2,-3.355
OXM,⚡panic,-0.621,8.48,1.866,1.1,-0.809,-2.173,3.692,,-3.218,
OXY,⚡panic,0.264,7.654,3.062,-0.154,-1.061,-1.137,1.925,-0.633,1.961,
OZK,🏦majority,0.402,6.464,-0.049,1.338,1.64,-0.229,0.363,1.475,-1.982,
PAA,🏦majority,0.965,5.405,3.328,0.903,-0.462,-0.646,1.126,0.699,1.017,-3.184
PAAS,🏦majority,0.38,9.023,2.729,-0.123,-1.057,1.448,2.53,-1.916,1.237,
PAG,🏦majority,0.929,5.697,1.707,0.392,0.077,-0.254,0.774,1.974,0.902,
PAGP,🏦majority,1.023,5.354,3.548,0.374,0.162,-0.249,1.436,1.17,0.2,
PAGS,🎲chase,-0.555,12.091,0.432,-0.646,1.838,-0.22,1.148,2.75,0.661,
PANW,🏦majority,1.763,8.101,4.488,-0.342,1.08,-0.514,3.399,0.344,3.196,-1.405
PAR,🎲chase,-0.649,10.239,-2.296,1.005,0.921,-0.009,-2.388,-1.196,0.032,
PARR,🎲chase,0.644,10.56,-1.847,-0.516,0.541,0.216,-2.022,0.258,-0.748,-8.837
PATH,🎲chase,-1.35,11.258,0.247,0.348,1.54,-0.905,0.526,-0.052,-2.86,
PATK,🏦majority,0.519,7.077,0.707,-0.347,0.399,0.354,0.707,1.099,0.73,-3.677
PAX,🏦majority,-0.269,6.984,1.813,0.653,-0.211,0.235,1.529,,-1.329,
PAY,⚡panic,-1.958,14.65,1.186,0.861,-0.799,1.271,2.324,,,
PAYC,🎲chase,-0.288,8.578,0.636,-0.696,1.393,0.925,-1.364,-0.67,-1.363,-3.072
PAYO,🎲chase,-0.373,9.558,-0.637,-0.538,-1.42,-0.06,-1.674,-0.497,1.314,
PAYX,🏦majority,0.272,4.454,-0.185,-0.14,-0.231,-0.518,-0.052,-0.11,-0.966,
PB,🏦majority,0.115,4.685,1.387,0.052,0.624,0.325,0.556,0.582,-0.885,
PBA,🏦majority,0.665,4.204,1.207,0.129,-0.535,0.356,1.085,-1.294,0.194,-0.433
PBF,🎲chase,0.738,12.909,0.122,-0.558,3.133,-1.667,-2.416,-0.539,-2.205,-5.188
PBH,🏦majority,0.081,4.94,0.15,-0.174,0.308,1.187,0.031,0.986,-0.303,-4.792
PBI,🏦majority,0.673,8.884,1.014,0.448,-0.999,-1.229,,,10.321,
PCAR,🏦majority,0.376,4.774,1.859,0.067,-0.821,-0.422,2.205,2.459,2.255,
PCG,🏦majority,0.75,5.318,0.27,0.575,0.324,-0.459,-0.227,-0.302,-1.476,
PCOR,🏦majority,0.552,8.978,1.102,0.317,-1.805,-1.934,1.099,-0.047,3.073,
PCRX,🎲chase,-0.329,8.392,2.196,-0.331,0.151,-0.14,-0.951,1.772,-2.454,
PCT,🎲chase,-1.279,16.863,1.101,-1.399,3.963,1.435,-0.351,-4.718,-0.076,-12.006
PCTY,🏦majority,-0.171,8.132,1.248,0.002,-0.471,-0.189,0.766,-2.369,2.041,
PCVX,⚡panic,0.558,12.193,4.26,-1.034,1.316,-1.034,3.711,1.638,0.08,
PD,⚡panic,-0.766,9.96,1.602,1.181,-1.137,-1.696,3.408,,1.947,
PDFS,🎲chase,0.82,11.455,1.967,-1.211,-0.298,0.371,-1.205,,2.141,
PDM,🏦majority,-0.37,6.617,0.092,-0.981,-0.432,-0.59,0.575,0.007,2.684,
PDS,🎲chase,0.994,11.225,1.9,-1.481,0.724,-0.445,0.981,3.004,-3.55,-8.641
PEB,⚡panic,0.0,7.321,2.358,0.957,-0.546,-1.035,2.516,-0.851,-1.333,
PECO,🏦majority,0.519,3.946,1.518,0.412,-0.344,-0.434,1.066,-1.973,0.405,
PEG,🏦majority,0.324,3.877,1.189,0.219,-0.115,-0.253,0.256,-2.59,0.206,
PEGA,🎲chase,-0.384,9.493,1.888,-0.611,-0.166,0.756,0.632,1.864,-0.191,
PEN,🎲chase,-0.044,7.997,1.265,-0.925,1.049,0.178,0.161,0.641,-1.001,
PENN,⚡panic,-0.995,8.958,2.122,0.205,-0.473,-0.481,2.639,-2.891,,-1.899
PEP,🏦majority,-0.108,3.515,0.718,-0.17,-0.005,0.635,0.151,0.102,-0.92,
PERI,🎰lottery,0.0,11.43,0.588,1.255,1.232,0.11,0.541,0.036,-3.296,-15.493
PFBC,🏦majority,0.434,5.76,-1.167,0.985,-0.277,-0.699,1.135,,1.418,
PFE,🏦majority,-0.404,4.937,1.069,0.096,-0.358,-0.277,0.223,1.419,-1.856,
PFG,🏦majority,1.036,5.198,0.889,1.045,0.181,-1.194,1.971,-1.309,1.314,-2.395
PFGC,🏦majority,0.451,5.892,0.53,-0.201,0.233,0.112,0.615,-0.64,-0.202,
PFLT,🏦majority,0.0,4.877,0.269,0.181,0.309,-0.196,-0.089,-0.209,0.098,
PFS,🏦majority,-0.167,6.226,0.297,-0.006,1.628,0.272,-0.313,0.004,-1.095,
PFSI,🏦majority,0.309,7.014,0.249,0.551,0.056,0.056,0.883,2.579,0.31,
PG,🏦majority,0.252,3.287,1.158,-0.17,0.203,0.315,0.931,-0.037,0.344,-3.687
PGNY,🎲chase,-0.593,10.417,1.691,-1.505,1.638,0.374,1.317,-1.775,-3.615,-8.168
PGR,🏦majority,0.688,4.369,-0.577,0.431,-0.521,-0.191,0.275,-0.724,-2.088,
PGY,🎲chase,0.81,20.203,-5.821,-0.034,-4.842,0.694,-3.445,-5.158,-0.447,
PH,🏦majority,0.917,5.319,3.057,-0.131,0.247,-0.833,1.501,0.539,2.054,
PHAT,🏦majority,-1.76,18.337,-4.807,5.438,2.336,-1.71,-0.05,3.603,,
PHG,🏦majority,-0.288,7.199,-0.536,0.341,-0.439,-0.344,0.085,,1.034,0.579
PHIN,🏦majority,1.495,6.798,1.585,-0.791,0.857,-0.562,,-0.577,-1.271,
PHM,🏦majority,0.673,6.24,2.048,-0.178,-0.579,-0.798,3.15,-1.369,3.167,
PHR,🎰lottery,-0.54,11.85,0.078,0.244,-1.193,-0.008,-4.043,,3.848,-14.982
PI,🎰lottery,1.434,13.97,0.958,-0.401,1.79,-1.716,2.081,-0.598,2.863,-23.308
PII,🏦majority,-0.221,7.001,-1.272,0.399,0.0,0.032,-0.184,-0.393,-1.338,
PINS,⚡panic,0.081,9.76,1.764,-0.504,-1.488,-2.569,-0.077,-2.12,0.83,
PIPR,🏦majority,1.067,7.014,1.578,0.021,1.932,-0.385,2.455,-0.856,2.464,
PJT,🏦majority,0.971,5.834,-0.312,0.107,1.247,0.138,-1.04,-1.92,0.913,-4.441
PK,🏦majority,-0.275,6.926,0.873,0.647,-0.188,-0.717,1.303,-1.135,0.275,
PKG,🏦majority,0.608,4.709,0.39,0.285,1.211,0.034,0.546,-1.227,-1.117,
PLAB,⚡panic,0.268,11.673,1.874,0.015,0.931,-1.02,2.462,-0.662,-0.268,
PLAY,🎰lottery,-0.851,11.32,1.613,-1.45,1.284,-0.26,1.478,-3.293,2.036,-10.075
PLCE,⚡panic,-2.354,16.688,-0.313,0.585,-0.07,-0.676,1.736,6.054,-7.085,
PLD,🏦majority,0.604,5.469,0.561,0.129,0.642,-0.866,-0.451,-0.164,1.333,
PLMR,🏦majority,0.462,8.605,-1.573,0.781,1.387,0.044,0.18,-1.601,1.88,
PLNT,🏦majority,0.248,7.285,-0.152,-0.582,0.054,-1.617,0.507,-1.666,1.355,
PLOW,🎲chase,0.194,8.274,1.012,0.2,1.131,1.25,-0.796,0.933,-1.93,
PLTK,⚡panic,-1.257,8.663,1.85,0.02,-1.594,1.244,2.755,-1.564,2.334,
PLTR,🎲chase,1.048,13.349,-1.048,-0.523,1.654,-0.684,2.766,5.66,-2.255,
PLUS,🏦majority,0.179,6.987,-0.041,0.471,1.309,0.053,-0.783,-1.0,-1.926,
PLXS,🏦majority,0.8,6.089,0.55,0.31,0.338,-0.214,0.371,1.596,0.061,
PM,🏦majority,0.542,4.668,1.692,-0.511,0.287,-0.153,1.662,0.224,0.074,-2.125
PMT,🏦majority,0.0,6.089,0.839,0.213,-0.295,-0.122,-0.074,1.979,0.07,
PNC,🏦majority,0.453,5.381,0.291,0.607,0.332,-0.911,0.892,1.164,0.352,
PNFP,🏦majority,0.279,7.282,-0.069,1.054,0.564,-0.562,1.973,-0.837,-3.01,
PNR,🏦majority,0.172,5.483,-0.996,-0.471,-0.37,-0.011,-1.957,0.377,0.132,
PNW,🏦majority,0.33,3.952,0.92,0.065,-0.518,-0.058,1.762,0.399,0.793,-0.214
PODD,🎲chase,-0.24,8.017,-2.933,-0.136,-0.28,0.514,-0.335,4.13,-0.204,
POOL,🏦majority,-0.898,6.297,1.699,0.082,0.255,0.142,0.15,1.255,1.695,
POR,🏦majority,0.417,3.841,0.445,0.015,-0.901,-0.485,1.724,-1.3,0.094,
POST,🏦majority,-0.082,5.206,1.231,0.806,-1.139,0.21,1.937,-0.331,-2.584,
POWI,🎰lottery,-0.335,8.35,4.159,-0.153,-0.402,1.097,1.514,-1.075,-1.731,-12.411
POWL,🎲chase,2.949,14.842,1.469,-1.476,0.626,2.096,-2.391,2.459,0.631,-2.447
PPC,🏦majority,0.317,6.42,-1.573,0.701,-0.388,0.216,-0.045,0.017,,
PPG,⚡panic,-0.46,5.264,2.899,0.048,-1.369,-0.411,2.83,,-0.105,
PPL,🏦majority,0.396,3.799,0.315,0.334,0.821,-0.47,0.267,0.191,-0.857,
PR,⚡panic,0.877,8.189,7.193,-0.424,0.851,2.541,3.129,1.539,-3.655,
PRA,🏦majority,0.083,8.328,1.622,0.234,0.083,0.324,0.471,,-0.041,
PRAA,🎲chase,-0.157,11.451,-0.252,0.747,-0.035,0.429,-0.854,-0.162,-1.513,
PRAX,⚡panic,1.856,21.57,14.216,-0.786,2.243,0.563,,-5.846,,
PRCT,⚡panic,-1.139,11.84,1.068,-0.941,-0.178,-0.336,0.836,-0.818,2.699,
PRDO,🏦majority,0.222,7.499,1.263,0.446,-1.25,-0.243,1.398,0.672,-0.574,
PRG,🎲chase,0.747,9.545,0.155,-0.122,-0.075,-0.107,-1.958,1.017,-1.898,
PRGO,🏦majority,-0.529,7.509,1.083,0.889,0.386,1.637,1.13,0.966,1.282,-6.137
PRGS,🏦majority,-0.034,6.318,0.67,-0.132,0.757,-0.953,0.475,-0.7,-0.32,
PRI,🏦majority,1.197,4.798,1.593,0.501,-1.445,0.183,,0.057,-0.449,
PRIM,🎰lottery,1.321,8.785,1.12,-0.662,-1.282,-0.037,1.136,-1.22,-0.684,-15.553
PRK,🏦majority,-0.105,5.755,0.658,0.294,1.03,-0.342,-0.17,-0.445,-1.96,
PRLB,🏦majority,-0.039,9.852,2.271,-0.273,1.026,1.851,2.504,0.325,2.894,
PRM,🏦majority,0.577,9.685,-1.477,-1.034,-1.724,-0.599,0.616,-0.243,-3.009,
PRTA,⚡panic,-1.456,12.848,0.3,-0.157,-2.983,-0.378,1.895,1.272,,
PRU,🏦majority,0.562,4.916,3.119,0.286,0.198,-0.812,0.983,-1.038,2.348,-10.105
PRVA,⚡panic,-0.251,9.311,2.058,0.073,-0.421,-0.757,2.428,,1.249,
PSA,🏦majority,0.242,4.856,1.584,0.237,-0.784,-0.779,0.386,0.383,1.607,-6.409
PSEC,🏦majority,-0.396,4.531,1.808,0.025,-0.688,-0.397,1.428,,0.396,
PSFE,⚡panic,-1.121,13.63,3.876,-2.132,-0.223,-1.895,1.952,1.68,-1.723,
PSMT,🏦majority,0.416,4.841,1.244,-0.002,0.836,0.423,-0.022,0.042,-0.742,
PSN,🏦majority,0.483,7.004,0.66,-0.145,0.25,-0.529,0.631,0.808,-0.2,
PSNY,⚡panic,-3.809,18.57,-0.976,1.957,3.14,-6.328,1.256,,,
PSX,🏦majority,1.04,6.94,3.327,0.416,-0.208,0.749,0.515,1.398,0.65,-2.155
PTC,🏦majority,-0.031,5.556,0.649,-0.16,0.48,-0.693,1.805,1.385,0.118,
PTCT,⚡panic,0.508,10.978,1.203,0.51,-1.729,0.379,0.357,4.163,-3.917,
PTEN,⚡panic,-0.222,10.446,4.634,-0.502,-1.922,-1.845,4.465,-0.579,-0.954,
PTGX,🎲chase,1.779,14.346,-3.377,-1.657,-2.736,-0.344,-5.552,-1.217,-3.714,
PTLO,⚡panic,-2.017,10.528,-0.708,0.419,1.163,-0.874,0.894,-1.782,1.817,
PTON,⚡panic,-2.665,15.761,-0.361,-1.05,1.045,-0.713,2.185,,,
PUBM,🎲chase,-0.483,13.04,4.001,-2.161,0.605,-0.329,-1.054,,-2.256,
PUMP,⚡panic,0.19,11.748,3.884,-1.934,0.14,-0.672,2.362,,-1.063,
PVH,🏦majority,-0.374,9.374,0.607,0.963,-0.328,-0.465,1.094,-3.108,3.06,
PWP,🎲chase,0.333,10.548,0.755,0.087,3.146,1.692,1.217,,-0.714,
PWR,🏦majority,1.767,6.454,-0.306,0.277,0.717,-0.208,2.506,0.633,-0.697,-5.832
PYPL,🏦majority,-0.459,8.269,0.783,-0.181,0.364,0.401,0.78,0.077,-0.689,
PZZA,🎲chase,-1.059,7.896,0.959,-0.692,0.848,1.141,-0.394,0.234,0.005,-6.672
QCOM,🏦majority,-0.088,8.066,0.384,-0.443,-0.838,0.333,-0.748,0.842,2.201,
QCRH,🏦majority,0.76,6.809,1.036,0.996,0.698,-0.33,,,0.875,
QDEL,⚡panic,-1.121,10.87,1.209,-0.33,0.045,-1.067,1.587,-3.59,0.656,-1.879
QGEN,🏦majority,0.24,5.089,1.062,-0.284,0.181,-0.07,0.555,,0.699,
QLYS,⚡panic,0.354,7.975,1.537,-0.285,-0.274,-0.128,4.309,0.343,0.093,
QNST,⚡panic,-0.064,11.201,2.911,2.732,-0.325,-0.693,-1.025,,-2.806,
QRVO,⚡panic,-0.098,7.519,1.431,-0.224,-2.924,0.688,1.585,0.449,0.488,-4.702
QS,🎰lottery,-1.913,16.721,2.913,-0.74,0.959,-0.263,2.49,0.031,-4.213,-17.051
QSR,🏦majority,0.348,4.268,1.159,0.242,-0.598,-0.608,0.03,-0.229,1.336,-4.056
QTRX,⚡panic,-0.73,13.981,3.771,1.206,-1.337,-2.158,3.556,-4.038,1.848,
QTWO,🏦majority,0.572,9.389,0.939,-0.755,-1.255,-0.163,0.452,-0.556,-1.691,
QURE,⚡panic,-0.925,19.132,-0.956,1.42,2.154,-6.379,1.65,-2.603,-0.639,
R,🏦majority,1.044,6.176,3.569,0.157,1.526,-0.34,3.127,-1.438,3.028,-3.605
RACE,🏦majority,0.674,5.817,1.674,0.117,0.746,0.402,0.462,0.089,-0.703,
RAMP,🏦majority,-0.026,8.531,0.469,-0.531,1.342,-1.265,1.497,0.835,1.663,-4.397
RARE,🎲chase,-0.638,10.079,1.569,-0.589,1.845,0.485,-3.161,1.862,-4.602,-7.24
RBA,🏦majority,0.469,5.342,0.46,0.521,0.948,-0.124,0.974,-1.86,0.081,
RBC,🏦majority,0.772,6.986,2.709,0.545,0.151,0.356,,-1.98,0.588,
RBLX,🎲chase,0.424,12.679,0.507,-1.522,-0.244,0.519,1.139,-0.704,1.187,
RC,🏦majority,-0.402,6.328,1.933,0.301,-1.54,0.0,0.887,1.539,-0.009,
RCI,🏦majority,-0.067,4.9,-0.104,-0.933,-0.886,1.033,-0.493,0.858,-0.601,-4.387
RCKT,⚡panic,-2.536,13.561,2.436,-0.556,-2.096,-3.42,0.639,,-0.562,
RCL,🎲chase,1.426,9.564,1.03,-0.594,1.187,1.999,1.439,-0.301,1.808,
RCUS,🏦majority,-0.086,11.878,-3.255,2.834,-1.803,-1.98,-5.077,-4.416,3.619,
RDN,🏦majority,0.495,4.888,1.248,0.731,0.087,-0.794,1.902,-1.57,1.187,-4.161
RDNT,⚡panic,0.586,8.527,4.481,-0.699,0.284,0.032,1.729,1.255,-1.058,-5.891
RDWR,⚡panic,0.459,8.663,2.722,1.512,0.29,0.024,3.169,-1.014,-2.444,
REG,🏦majority,0.58,3.901,1.351,0.116,-0.779,-1.104,1.709,-0.352,-0.87,
REGN,🏦majority,0.348,5.975,-0.178,0.482,-1.33,-0.026,-0.777,0.547,-0.163,-0.882
RELY,🎲chase,0.251,11.804,-2.719,-0.128,1.086,1.853,-3.845,2.694,-2.773,
REPL,⚡panic,-1.375,15.621,-1.065,-0.055,0.734,-0.267,2.214,-0.204,2.789,
RES,⚡panic,0.155,9.762,1.482,0.165,-0.032,-3.911,3.247,,1.433,
REX,🏦majority,0.866,8.695,-0.648,2.06,-0.775,-0.124,-1.898,-0.009,-2.407,
REXR,🏦majority,-0.309,5.286,1.541,-0.235,-0.565,0.309,0.915,0.692,0.997,
REYN,🏦majority,-0.184,4.041,1.283,-0.155,-0.183,-0.853,1.068,0.153,0.756,
REZI,🏦majority,0.598,9.2,2.012,1.109,-0.516,-0.374,2.08,-0.091,1.997,
RF,🏦majority,0.848,6.248,0.709,0.656,1.505,-0.111,0.638,1.049,0.113,
RGA,🏦majority,0.631,5.051,4.143,1.441,0.502,-0.215,3.719,-0.79,0.072,-4.866
RGEN,⚡panic,-0.536,9.533,0.617,0.813,-4.309,-0.16,3.724,0.04,2.212,
RGLD,🎲chase,0.399,6.439,0.05,-0.744,1.652,0.519,0.923,4.043,2.178,-4.717
RGNX,⚡panic,-1.057,15.17,2.953,0.482,-1.9,-1.843,2.098,-1.191,-10.262,
RGR,🏦majority,-0.172,5.891,0.696,0.27,0.405,-1.175,0.483,-0.365,0.68,
RH,🎲chase,-0.333,11.104,-2.236,0.796,0.042,0.27,-1.303,0.49,-0.808,
RHI,🏦majority,-0.387,6.471,0.409,-0.188,-0.07,-0.612,-0.572,,-2.987,
RHP,🏦majority,0.515,5.764,0.278,0.424,-0.182,-0.095,-0.22,0.46,-1.13,
RIGL,🎲chase,-1.326,20.323,3.264,0.248,1.956,4.287,-1.053,,,
RILY,⚡panic,-1.827,15.895,2.672,0.072,-2.559,-2.507,2.164,-0.918,2.469,-10.262
RIOT,🎲chase,0.637,18.638,1.065,-0.091,3.271,0.431,-1.553,3.941,4.421,
RITM,🏦majority,0.32,5.044,-1.071,0.567,1.9,0.211,-1.075,-0.44,-3.198,
RIVN,⚡panic,-1.18,14.625,3.686,0.645,1.087,0.559,-0.419,,-5.923,
RJF,🏦majority,0.711,5.509,0.349,-0.026,0.472,-0.237,1.703,-2.536,-2.248,-4.036
RKLB,🎲chase,0.567,18.343,4.12,-3.484,-0.077,2.933,-3.676,,-4.281,
RKT,🏦majority,-0.584,10.551,0.882,-1.085,1.503,-1.371,0.847,-1.468,6.533,
RL,🏦majority,0.98,6.916,2.908,0.651,0.016,-1.455,1.162,-1.46,1.901,
RLAY,⚡panic,-0.836,14.696,2.444,-0.07,1.61,0.541,3.03,8.293,-2.992,
RLI,🏦majority,0.225,4.454,2.215,0.12,0.48,-0.809,-0.707,-0.63,0.407,
RLJ,🏦majority,-0.274,6.0,-0.335,1.028,-0.604,1.063,0.565,1.803,-0.432,
RMBS,🏦majority,1.344,10.812,0.556,1.154,0.79,-0.201,2.6,-2.016,1.119,
RMD,🏦majority,0.299,5.791,-0.39,0.14,-2.172,0.09,-0.197,-1.293,1.085,
RNA,🎲chase,0.285,16.389,-4.032,-0.978,1.29,-1.578,-3.201,4.818,6.374,
RNG,🎰lottery,-0.724,11.233,2.718,-0.823,3.357,-0.394,2.073,-0.083,-6.968,-12.972
RNR,🏦majority,0.629,5.148,1.329,0.528,-0.184,-0.752,-1.221,-1.097,2.601,
RNST,🎲chase,-0.258,6.268,1.486,-0.585,2.03,0.218,0.703,0.651,0.308,-4.486
RNW,⚡panic,-0.501,8.743,3.912,-0.088,0.501,0.15,3.492,1.383,,
ROAD,🏦majority,1.125,8.873,1.171,0.371,0.039,1.263,1.891,-2.72,1.992,
ROCK,🏦majority,-0.142,7.439,-0.07,-0.137,0.585,-0.01,-0.255,0.163,0.921,
ROG,🎲chase,0.096,8.58,-0.006,-0.091,0.795,0.054,0.094,0.711,-0.956,
ROIV,⚡panic,1.503,10.324,3.639,1.135,-0.329,-0.984,3.462,-2.97,0.902,
ROK,🏦majority,0.707,5.985,-0.032,0.091,-1.098,0.834,-0.726,-0.045,-0.453,-6.434
ROKU,🎲chase,-0.157,11.779,0.514,-0.86,-1.691,1.191,-0.077,1.894,4.171,-3.765
ROL,🏦majority,0.532,4.705,1.284,-0.678,0.223,0.002,0.485,0.931,,-6.878
ROOT,⚡panic,-3.379,19.587,0.901,-0.438,-0.081,-0.794,-0.022,-0.261,,
ROP,🏦majority,0.076,4.142,0.15,0.312,-0.614,-0.364,2.101,0.714,-0.543,
ROST,🏦majority,0.669,5.413,-0.533,-0.143,-1.744,-1.429,-1.333,-0.625,-1.196,
RPAY,🎲chase,-1.239,10.465,-0.853,-0.819,-0.304,-0.96,0.316,,1.853,
RPD,🎰lottery,-0.705,11.954,0.552,-0.096,0.497,0.776,-1.225,-2.537,1.898,-10.751
RPM,🏦majority,0.15,5.028,0.148,0.053,0.551,0.24,0.093,2.154,-1.685,
RPRX,🏦majority,0.465,4.501,1.149,-0.428,-0.92,-0.058,-0.682,0.242,-0.071,
RRC,⚡panic,0.431,8.745,2.75,0.105,1.444,0.619,3.774,3.357,0.906,
RRR,🏦majority,0.514,6.836,3.504,-0.245,-0.514,-0.942,0.946,,-0.295,-10.767
RRX,🏦majority,0.362,8.36,-1.013,0.454,1.21,0.277,-0.19,-5.203,-0.397,-8.232
RS,🏦majority,0.925,5.272,1.214,-0.394,0.829,0.912,-0.557,-0.325,-1.028,-0.974
RSG,🏦majority,0.737,3.328,1.542,-0.636,0.02,0.134,1.104,0.398,-0.123,0.21
RSI,🎲chase,2.019,11.893,0.893,-3.035,3.796,-1.542,-1.671,,-4.774,
RTX,🏦majority,0.68,4.457,0.763,-0.12,0.805,-1.246,1.734,0.625,2.865,
RUM,⚡panic,-2.259,15.964,2.061,-0.514,1.515,-2.461,-0.082,,-6.864,
RUN,⚡panic,-0.791,17.092,4.259,0.404,0.116,-2.741,2.282,9.414,-0.623,-5.48
RUSHA,🏦majority,0.922,5.888,2.455,0.209,0.654,-0.284,1.316,-0.112,-0.438,
RVLV,🎰lottery,-0.364,11.823,-2.28,0.289,4.067,-1.666,-1.301,-0.83,4.902,-13.099
RVMD,🎲chase,0.617,11.927,2.09,-1.439,4.331,0.288,-0.755,0.531,-0.015,
RVTY,🏦majority,-0.069,6.29,2.501,0.157,2.402,-0.195,,,0.394,
RWT,🏦majority,-0.58,6.739,2.385,-0.549,1.402,-0.406,1.308,,0.238,
RXO,⚡panic,0.756,10.898,1.979,1.515,-1.284,-1.651,3.645,-5.744,1.11,
RXRX,⚡panic,-2.098,17.57,2.064,-0.203,-3.797,-4.356,2.604,1.442,,
RXST,🎲chase,-0.333,13.346,-0.295,-3.023,2.165,1.597,-0.499,1.6,-2.103,
RY,🏦majority,0.578,3.685,0.614,0.085,0.085,-0.438,0.273,0.745,-1.529,0.652
RYAN,🏦majority,0.81,6.407,0.577,0.131,0.256,-0.74,-0.269,-0.338,-0.717,
RYN,🏦majority,-0.186,4.949,1.068,-0.225,-0.103,-0.236,2.921,0.428,-1.968,
RYTM,⚡panic,0.79,14.022,1.566,1.457,-1.535,0.016,1.77,3.174,-3.261,
S,⚡panic,0.302,11.28,3.543,0.543,-1.114,-1.938,1.448,-4.146,-1.448,
SA,🏦majority,0.341,10.257,1.875,1.371,-0.588,0.507,0.86,-1.128,-3.113,
SAFE,🏦majority,-0.486,7.767,0.361,-0.498,-1.389,0.286,0.298,0.099,1.339,
SAFT,🏦majority,-0.504,5.663,1.908,0.746,0.936,-0.415,2.01,1.322,,
SAH,🏦majority,0.747,7.768,1.216,0.884,0.262,-0.175,2.186,-3.55,-3.273,
SAIA,🏦majority,0.847,9.748,0.722,0.441,-0.967,1.159,1.265,-1.849,-0.163,
SAIC,🏦majority,0.562,5.837,0.632,-0.267,0.034,0.846,-1.054,1.246,0.596,
SAM,🏦majority,-1.056,7.125,-0.906,0.317,-0.588,-0.522,0.867,-0.372,-0.984,
SANM,⚡panic,0.703,8.157,2.813,1.024,-0.039,-0.748,2.849,2.937,-2.165,
SATS,⚡panic,0.087,12.949,2.741,1.292,0.959,-2.988,1.903,-3.874,3.468,
SBAC,🏦majority,-0.403,5.77,1.091,-0.347,-0.558,-0.207,0.793,,0.589,
SBCF,🏦majority,-0.502,6.268,1.453,0.779,0.825,-0.107,2.164,,-0.749,
SBGI,⚡panic,-1.106,10.081,5.619,1.671,-0.439,-2.7,2.069,0.328,3.242,-10.752
SBH,⚡panic,-0.681,8.825,2.335,-0.151,-0.929,-2.502,0.939,-2.65,-4.029,
SBLK,🏦majority,0.959,8.026,0.094,0.621,1.061,1.304,1.773,1.177,-3.263,
SBRA,🏦majority,0.377,4.941,1.22,0.634,0.546,-0.162,0.913,,1.727,
SBSI,⚡panic,-0.713,7.059,2.815,0.57,0.037,-1.39,1.353,,1.021,
SBUX,🏦majority,0.153,5.626,0.824,0.109,-0.912,-0.921,1.11,-0.946,-1.019,
SCCO,🏦majority,0.528,7.886,0.296,0.908,-1.627,-1.026,2.053,-1.497,-0.844,-9.389
SCHL,🏦majority,0.298,7.882,2.929,0.739,0.067,1.112,0.612,1.24,1.116,
SCHW,🏦majority,0.48,6.444,1.547,-0.01,-0.427,-0.497,1.478,-0.322,-0.093,0.137
SCI,🏦majority,0.277,4.718,1.086,0.906,0.473,-0.286,1.565,0.74,4.714,
SCL,🏦majority,-0.355,6.112,-0.215,0.073,-0.54,0.896,-0.178,0.871,1.033,
SCSC,🏦majority,0.891,7.756,-0.715,1.159,0.031,1.762,2.202,-1.785,-2.343,-1.579
SCVL,🏦majority,-0.543,8.302,2.212,0.493,1.767,0.027,-0.601,-2.408,0.436,
SD,⚡panic,0.823,11.049,3.631,-0.268,-1.18,0.662,1.367,-0.104,0.483,
SDGR,🎰lottery,-1.286,11.993,1.953,-0.15,-1.232,-0.473,0.444,-1.714,0.729,-18.1
SDRL,🎲chase,0.973,8.246,-0.374,-0.437,0.731,-0.556,-4.037,,2.41,
SEB,🏦majority,-0.088,6.035,1.085,-0.313,-0.272,0.85,1.706,,-0.526,
SEDG,🎰lottery,-1.322,16.041,-0.484,2.37,0.529,-1.277,-0.47,-0.662,1.911,-16.011
SEIC,🏦majority,0.344,4.434,1.208,0.238,-1.214,-0.155,1.108,-0.609,1.531,-1.798
SEM,🏦majority,0.123,7.798,-0.601,0.054,-0.809,-0.721,0.089,-1.391,0.724,
SF,🏦majority,0.688,5.899,1.332,0.83,0.406,0.03,2.886,0.334,0.862,-0.856
SFBS,🏦majority,0.491,7.353,-0.504,0.643,0.426,-0.302,1.066,-3.476,1.557,-5.775
SFL,🎲chase,0.366,6.203,-2.717,1.007,2.026,2.385,-1.484,-0.366,-2.353,
SFM,🏦majority,1.104,7.481,-0.122,-0.553,0.086,-0.323,-1.504,-1.002,-0.12,
SFNC,🎲chase,-0.289,5.987,0.489,0.052,1.613,0.595,-0.774,1.944,-1.561,
SG,🎲chase,-1.731,15.776,-0.387,-0.354,1.731,1.513,-2.343,-2.911,-2.029,
SGML,🎰lottery,-1.012,16.474,-0.1,1.694,0.167,1.305,0.703,-1.602,4.442,-14.196
SGRY,⚡panic,-0.744,10.132,2.184,0.388,0.85,-2.506,2.701,3.461,1.715,
SHAK,⚡panic,-0.67,9.967,0.935,-0.907,-0.572,-0.311,0.873,1.187,3.164,
SHC,🏦majority,-0.178,10.946,-0.291,0.277,0.457,-0.694,0.717,,-2.584,-2.322
SHLS,⚡panic,0.049,14.622,3.152,-0.035,0.255,-3.596,-1.284,3.257,0.757,
SHO,🏦majority,0.081,5.572,0.54,0.993,-0.383,-0.362,1.016,-0.743,-0.519,
SHOO,🏦majority,0.229,7.17,1.707,-0.258,-0.018,-0.923,1.492,-0.772,-1.038,
SHOP,🏦majority,0.958,11.94,0.581,0.39,1.334,-1.571,1.151,-3.438,-0.23,
SHW,🏦majority,0.254,5.065,-0.276,0.084,-1.179,-0.641,-1.247,0.383,0.05,
SIBN,⚡panic,-0.228,11.78,1.602,-0.457,-1.103,-1.041,1.59,,1.748,
SIG,🏦majority,0.649,9.326,-1.572,0.668,0.0,-0.504,-0.172,-1.932,-0.371,
SIGI,🏦majority,0.139,4.58,2.295,0.626,0.094,-1.085,1.599,-1.245,2.113,-5.992
SII,🏦majority,2.11,9.926,4.274,-2.229,-1.042,0.443,1.583,,,
SIRI,🏦majority,-0.494,8.257,-2.037,0.843,0.98,0.76,-1.119,-1.218,2.02,-1.463
SITC,🏦majority,-0.307,7.932,-0.224,0.539,0.677,-0.643,1.091,-2.621,2.183,
SITE,🏦majority,-0.231,7.258,0.735,-0.031,0.806,0.231,0.121,-0.523,-3.727,
SITM,🎲chase,1.24,14.858,2.142,1.766,2.481,-0.77,-0.911,5.047,1.008,-6.656
SJM,🏦majority,0.182,4.49,0.399,-0.133,-0.655,-0.623,1.286,-0.509,-0.961,
SKT,🏦majority,0.78,5.422,2.472,0.655,-0.867,-1.222,2.716,-1.478,-0.884,
SKWD,🏦majority,1.059,6.622,1.496,0.314,0.569,0.819,,1.926,,
SKY,⚡panic,1.019,8.861,2.473,0.878,-0.208,-0.612,3.677,-2.514,-1.534,
SKYT,⚡panic,-1.302,21.135,3.942,0.052,3.868,0.452,3.64,-4.887,-5.211,
SKYW,🏦majority,1.296,8.359,0.106,-0.425,-0.004,0.194,-0.285,0.138,0.044,
SLAB,🏦majority,-0.152,9.508,1.511,-0.108,-0.319,0.216,-0.116,0.678,-0.117,-8.358
SLB,⚡panic,0.36,7.528,2.767,0.695,-0.781,-1.278,1.842,2.315,-0.411,
SLF,🏦majority,0.459,3.9,0.992,-0.427,0.703,-0.183,1.219,1.586,-0.528,0.666
SLG,🎲chase,-0.261,8.412,-1.075,-0.267,3.107,0.459,-0.78,-1.767,0.918,
SLGN,🏦majority,0.119,5.093,0.604,0.389,-0.666,-0.547,1.216,-0.489,-1.198,-6.135
SLM,🏦majority,0.16,6.913,-0.369,0.576,0.066,-0.624,1.872,-0.114,-0.223,
SLP,🎲chase,-0.306,11.551,-0.66,0.252,3.227,0.054,-2.032,-2.898,-0.456,-10.791
SLVM,⚡panic,-0.105,8.794,3.664,-0.162,-0.093,-0.817,1.799,,0.409,-3.286
SM,⚡panic,0.641,10.719,2.799,-0.232,-1.332,-0.544,1.12,1.517,-0.707,-5.212
SMCI,⚡panic,1.861,19.135,1.828,0.786,-6.663,-1.384,-2.171,2.658,-0.652,
SMG,⚡panic,-0.681,9.075,1.158,-0.537,-0.366,-0.09,1.85,-2.919,-0.929,-5.646
SMP,🏦majority,-0.129,7.177,0.688,-0.071,-0.804,-0.741,-0.595,2.731,-0.184,
SMPL,🏦majority,-0.547,6.57,1.907,-0.226,-0.361,-0.647,1.037,-1.217,0.406,
SMR,⚡panic,-1.435,17.781,4.589,-1.154,-2.087,0.584,4.369,-1.041,-3.288,
SMTC,🎲chase,1.029,13.031,-2.236,0.055,-1.12,-0.28,-0.491,-1.176,-0.605,
SN,🏦majority,2.401,8.931,1.158,0.986,1.226,1.094,1.905,,-0.605,
SNA,🏦majority,0.512,4.16,1.899,0.583,-0.521,-0.567,1.441,-0.158,-0.767,
SNAP,⚡panic,-0.766,13.392,1.62,1.236,-1.251,1.678,0.947,-1.551,-3.263,
SNBR,🎰lottery,-2.523,18.228,1.299,-0.365,-0.553,1.248,0.393,,-8.55,-23.27
SNDR,🏦majority,0.428,6.009,-0.206,0.134,0.703,-0.276,0.181,-0.429,1.722,
SNDX,🎲chase,0.336,10.716,1.619,-0.037,-0.437,1.202,0.274,0.912,-0.629,
SNEX,🏦majority,1.841,8.201,2.213,1.948,0.75,-0.421,2.639,0.576,-0.223,
SNOW,⚡panic,0.554,11.23,1.022,-1.184,-3.361,-0.421,0.537,,1.041,
SNPS,🎲chase,0.828,7.596,2.803,-0.86,1.804,-0.16,-1.844,0.331,-1.221,
SNX,🏦majority,0.445,6.308,0.684,0.655,0.54,0.538,-0.436,-0.905,2.996,
SO,🏦majority,0.631,3.561,0.501,-0.082,-0.076,0.024,-0.039,-0.323,-1.355,
SOFI,⚡panic,-0.112,12.764,0.21,-0.2,-1.7,-1.638,0.258,-1.413,-6.668,-0.308
SONO,🎲chase,-0.669,9.317,-0.174,-0.004,1.862,1.378,-1.384,0.669,0.563,
SPG,🏦majority,0.646,5.086,0.871,-0.351,0.791,-1.02,0.131,1.178,-2.509,
SPGI,🏦majority,0.606,5.021,0.935,-0.265,0.214,-0.036,-0.355,1.661,0.871,-0.165
SPOT,🎲chase,0.964,9.039,-0.906,-1.143,0.414,0.756,-2.135,0.946,1.973,-2.746
SPSC,⚡panic,0.536,7.792,3.106,0.046,-0.892,0.425,3.679,1.695,-0.396,
SPT,🎲chase,-1.16,12.186,-0.843,0.613,0.61,-0.703,0.787,3.235,-1.837,0.865
SRAD,🎲chase,0.608,12.635,1.507,1.037,1.567,-0.089,-0.117,,-6.403,
SRE,🏦majority,0.346,4.303,0.71,0.126,-0.397,-0.096,1.523,-1.666,0.415,-2.958
SRPT,⚡panic,-0.115,12.978,2.538,1.204,-1.702,-1.516,3.19,-0.882,2.415,
SRRK,⚡panic,-1.143,17.484,2.424,0.267,0.467,-2.235,2.774,3.001,0.492,
SSNC,🏦majority,0.399,4.737,0.789,-0.134,0.419,-0.896,1.009,0.141,-0.886,
SSRM,🎲chase,0.362,10.276,-1.212,0.758,0.197,1.603,0.794,6.539,-1.84,
SSYS,⚡panic,-1.546,10.709,0.632,0.572,0.727,-2.266,-0.315,1.366,1.063,
STAA,⚡panic,-1.885,11.778,3.428,-1.352,-1.869,1.289,0.915,-0.317,0.66,
STBA,🏦majority,0.294,6.515,0.546,0.852,1.966,-0.184,2.434,3.056,-1.027,
STE,🏦majority,0.035,4.846,2.216,0.347,0.378,-0.461,0.652,-0.108,0.146,
STEP,🎲chase,0.876,8.083,1.02,-1.416,0.648,-0.217,-0.966,-0.008,-5.011,-5.5
STLD,⚡panic,1.383,7.509,4.284,-0.085,-0.354,-0.81,2.734,-0.892,-0.924,
STNE,🎲chase,-0.94,12.35,-0.146,-0.172,1.694,0.218,-0.201,6.47,0.754,
STOK,⚡panic,0.428,18.812,9.03,-0.137,0.611,-2.419,-0.123,,,
STRA,🏦majority,0.273,6.623,0.173,1.148,-0.079,-1.43,0.357,-0.726,-0.209,
STRL,🎰lottery,1.77,11.969,0.458,-0.332,-1.432,0.412,1.4,1.876,-1.28,-23.04
STT,🏦majority,1.078,5.995,0.34,0.777,-0.766,-0.553,1.235,-2.223,-0.804,-4.467
STX,🎰lottery,1.396,9.805,-0.967,-0.338,0.402,0.196,0.612,-3.317,0.421,-13.204
STZ,🏦majority,-0.382,4.612,0.375,-0.21,-0.327,0.436,0.645,0.685,-0.197,
SUPN,🏦majority,0.63,6.595,0.464,0.086,-0.597,-0.386,1.196,-0.265,-2.435,
SVC,⚡panic,-1.86,11.816,2.589,0.695,-2.492,-1.292,0.862,,3.181,
SWBI,🏦majority,0.0,9.379,0.911,0.0,-0.66,-0.713,0.711,0.08,-0.863,
SWK,🎰lottery,-0.637,6.861,0.417,-0.679,0.262,-0.998,0.461,-0.354,-0.182,-22.792
SWKS,🏦majority,-0.576,7.259,2.144,-0.492,-0.66,1.501,1.508,-0.639,1.147,-6.139
SYBT,🏦majority,0.48,6.441,-0.27,-0.795,0.918,0.035,0.229,,2.279,
SYF,🏦majority,0.566,6.888,0.826,0.103,0.686,-0.267,1.499,-0.296,2.178,
SYK,🏦majority,0.476,4.632,1.163,0.438,0.12,-0.235,1.068,0.318,-1.708,-1.236
SYM,⚡panic,2.011,17.468,2.133,-1.022,-2.307,0.838,1.389,-5.498,-3.946,
SYNA,⚡panic,-0.281,10.377,3.85,-0.153,-0.446,0.281,-0.193,-0.691,-1.423,
SYY,🏦majority,0.187,4.26,0.307,-0.026,0.344,-0.079,-0.283,-1.681,-1.038,
T,🏦majority,0.0,5.177,-0.386,-0.417,1.272,0.483,0.317,-1.512,3.08,
TAP,🏦majority,-0.482,4.818,-0.593,0.622,0.631,0.099,-0.903,-1.157,0.52,-6.045
TARS,⚡panic,2.035,13.744,5.675,-0.776,-0.232,3.981,4.014,-1.988,,
TASK,⚡panic,-0.793,15.434,0.205,-0.652,-2.234,-0.854,-0.038,-4.344,,
TBBK,🏦majority,0.888,9.05,1.718,0.482,1.794,-0.919,2.402,-1.37,3.593,-7.108
TBPH,⚡panic,0.599,9.995,3.039,0.851,-1.01,-1.553,,,-1.071,
TCBI,🏦majority,0.453,6.254,1.819,1.087,-0.089,-0.418,1.965,0.529,-0.671,
TCBK,🏦majority,0.334,7.158,-0.576,1.053,1.003,0.579,0.079,-3.201,-0.761,
TCMD,🎲chase,0.098,16.305,-2.901,-3.083,-1.928,-2.006,-3.332,,2.013,
TDG,🏦majority,0.855,5.273,0.174,0.712,1.439,0.09,1.113,-1.692,0.842,
TDY,🏦majority,0.432,4.501,0.093,0.398,-0.893,-0.731,0.637,-1.533,-0.231,
TEAM,⚡panic,-0.338,11.91,1.756,-0.724,-1.876,0.054,0.862,-1.946,0.748,
TECH,🏦majority,-0.521,7.764,2.104,0.496,1.082,0.705,1.934,-1.679,6.172,-9.208
TEL,🏦majority,0.42,5.468,1.474,0.221,-0.873,-0.413,0.97,0.873,1.439,-5.866
TENB,⚡panic,-0.058,8.922,1.669,0.035,-0.507,-0.273,2.982,-1.467,0.673,
TER,🏦majority,0.94,9.61,0.087,-0.266,-1.08,-1.311,0.989,3.268,-0.756,
TFC,🏦majority,0.308,6.193,1.289,0.699,0.651,-0.103,1.292,2.358,2.404,
TFSL,🏦majority,-0.711,5.465,0.484,-0.281,0.286,0.859,1.077,-0.281,4.659,
TFX,🏦majority,-0.316,6.373,0.493,-0.195,-1.479,-0.574,-0.784,-0.295,1.346,
TGT,🏦majority,0.082,6.477,0.625,-0.728,0.046,0.777,0.31,0.076,-2.3,-0.969
TGTX,🎲chase,0.421,16.862,2.198,-0.558,-1.603,1.813,-5.046,-2.198,,
TH,🎲chase,1.045,15.746,2.966,-0.38,2.135,2.394,-0.738,,1.629,
THRM,🏦majority,-0.299,7.627,-0.045,0.691,-0.235,-2.002,1.426,0.023,-0.908,
THRY,🎰lottery,-1.982,10.096,1.466,-0.36,-0.441,1.741,-0.574,,-3.307,-11.97
TILE,🏦majority,1.208,9.608,-0.541,1.336,0.103,-1.303,1.48,-1.475,-1.208,
TITN,⚡panic,-0.677,11.321,3.017,1.415,-0.097,0.342,3.287,,-1.59,
TJX,🏦majority,1.11,3.932,0.978,0.435,-0.402,-0.695,2.128,-0.336,0.355,
TLRY,⚡panic,-4.324,16.387,3.604,-0.327,-0.741,-3.858,3.674,,,
TMCI,🎲chase,-1.503,14.617,-1.164,-0.867,1.616,0.369,1.548,,,
TMDX,🏦majority,0.892,14.502,-2.745,1.475,-3.099,-0.269,1.065,-0.505,0.984,
TMO,🏦majority,0.34,5.196,-0.976,-0.599,0.568,0.549,-0.241,-0.342,0.575,
TMUS,🏦majority,0.019,4.63,0.382,-0.161,0.424,-0.613,1.126,0.385,-1.915,-2.691
TNDM,🎲chase,-0.29,13.749,1.175,-1.653,2.62,-0.839,1.974,0.565,2.54,-6.1
TNXP,⚡panic,-7.132,26.064,2.583,-0.716,0.0,-5.818,0.811,,1.508,
TOST,🏦majority,0.309,11.231,-0.258,0.095,-0.196,-0.214,0.766,-3.45,-0.907,
TOWN,🏦majority,-0.295,5.027,1.438,0.295,0.419,-1.14,1.426,-0.358,-0.139,
TPG,🏦majority,0.446,8.213,-1.035,0.69,0.365,-0.629,0.44,0.589,1.737,
TPL,🎲chase,0.09,9.442,-0.604,0.372,-0.368,1.786,-0.127,0.614,-4.975,3.942
TPR,🏦majority,0.87,7.529,-1.984,0.13,-0.858,0.759,1.055,0.171,0.733,
TREE,🎰lottery,-2.022,16.005,1.323,-0.074,0.486,2.709,-0.177,-8.369,-2.408,-12.531
TRGP,🏦majority,1.808,6.136,2.473,0.577,-0.455,-0.315,2.223,1.187,0.302,2.102
TRI,🏦majority,0.361,5.552,0.539,-0.873,0.608,0.513,0.567,0.549,-1.085,
TRIN,🏦majority,0.21,5.527,0.951,-0.138,-0.783,-0.852,0.36,0.028,0.63,
TRIP,⚡panic,-0.674,10.435,1.608,0.921,-0.859,0.172,0.703,,-1.396,
TRMB,🏦majority,0.057,6.404,1.649,0.027,-1.414,1.166,-1.298,1.451,-0.741,
TRMD,🏦majority,1.514,9.889,-2.493,0.767,-0.427,0.975,-0.829,0.424,0.534,-7.496
TRMK,🏦majority,0.25,5.594,1.356,0.217,0.568,1.174,0.673,,-0.898,
TRNS,⚡panic,0.499,10.896,4.341,2.171,0.516,-0.663,0.998,-5.531,-1.127,
TROW,🏦majority,-0.122,5.456,-0.748,-0.498,0.443,0.372,-0.259,-0.588,-0.738,
TRS,⚡panic,0.623,6.982,3.898,0.117,-0.223,-0.623,4.629,,1.404,
TRUP,⚡panic,-1.005,12.302,3.674,-0.943,-2.047,-0.242,-0.177,0.495,-3.446,
TRV,🏦majority,0.77,4.042,2.256,-0.009,-0.287,-0.154,0.854,0.347,0.281,
TSCO,🏦majority,0.478,5.23,-0.044,0.447,-1.748,-1.114,1.088,-2.096,2.484,
TSEM,🎲chase,0.979,9.292,-2.536,-0.329,1.099,-0.28,-1.801,0.64,0.111,
TSLA,🎲chase,0.073,12.334,3.201,-1.014,-0.289,1.019,0.049,-2.588,-0.594,-3.26
TSN,🏦majority,-0.054,4.755,-0.552,0.08,-0.166,-0.486,0.507,0.071,0.233,-5.819
TT,🏦majority,0.687,5.555,-0.024,-0.235,0.64,0.124,-0.134,1.027,2.134,
TTD,🏦majority,0.331,12.677,-0.239,-0.052,-1.37,-0.103,-0.691,-3.166,-0.949,-4.525
TTEK,🏦majority,0.446,6.186,-0.414,-0.232,-0.213,-0.505,-0.804,0.177,0.842,
TTGT,⚡panic,-2.572,10.971,0.894,0.64,0.185,0.695,0.66,-2.425,,
TTMI,🎲chase,1.007,10.47,-1.834,-0.294,-0.171,0.8,-2.46,0.986,-1.043,-2.676
TTWO,🏦majority,0.519,6.117,3.079,0.475,-0.727,0.742,-0.177,-0.001,-0.054,
TVTX,⚡panic,0.792,13.137,2.28,-0.619,-1.023,-1.345,-0.006,0.709,-2.112,-9.798
TW,🏦majority,0.318,5.314,-1.707,0.159,0.233,-0.04,0.689,-0.353,1.349,-1.248
TWLO,🎲chase,-0.079,11.271,1.688,-1.583,0.045,0.418,-0.313,-0.384,-1.826,
TWST,🎰lottery,-0.352,14.665,0.57,-1.264,1.766,0.217,5.378,4.3,1.353,-24.519
TXG,🎰lottery,-0.469,13.181,-2.085,-0.092,1.508,0.882,-1.775,-1.94,-1.393,-13.133
TXN,🏦majority,0.053,6.12,0.37,0.223,-0.016,-0.411,1.584,2.032,-0.213,
TXRH,🏦majority,0.545,5.182,0.17,0.232,-1.536,-0.677,1.367,-0.32,0.102,
TXT,🏦majority,0.467,4.779,1.921,0.524,-0.868,-0.649,2.02,1.938,2.005,
TYL,🏦majority,-0.129,5.892,2.145,-0.759,-1.231,-0.05,1.206,1.454,-1.946,-2.892
U,🎲chase,-0.43,14.664,1.557,-2.467,2.252,-0.784,-1.875,-1.916,1.556,-7.903
UAL,🏦majority,1.134,9.67,-0.55,1.259,-0.611,-0.28,0.991,-0.56,-1.694,
UBER,🏦majority,-0.135,8.657,1.453,0.003,-0.67,0.749,2.188,0.061,1.774,
UBSI,🏦majority,0.118,5.386,2.212,0.213,0.447,0.138,2.031,0.345,-1.024,
UCTT,⚡panic,0.306,11.877,2.331,-0.196,-2.543,-1.943,-2.008,-0.582,-2.221,-7.666
UDR,🏦majority,0.143,4.302,1.186,0.05,-0.204,-0.533,1.108,-1.014,0.113,
UFPI,🏦majority,0.03,6.363,1.003,0.616,-1.01,0.323,1.467,0.208,0.037,
UFPT,🏦majority,0.548,9.202,0.544,0.537,1.384,-0.665,-0.053,-4.056,1.021,
UHS,🏦majority,0.339,6.662,0.023,-0.562,1.322,-0.138,0.32,-0.153,0.917,
ULCC,🎲chase,-1.638,12.488,0.225,0.192,-0.216,1.739,-1.524,,-3.42,
ULTA,🏦majority,0.616,6.557,0.158,-0.177,0.411,0.159,0.157,1.377,2.744,
UMBF,🏦majority,0.41,6.076,0.744,0.083,0.341,-0.687,0.812,0.82,1.068,
UNH,🏦majority,0.509,6.617,1.389,0.275,-0.631,-0.556,1.003,-1.668,-0.1,1.303
UNIT,⚡panic,-0.558,8.989,0.767,0.307,1.6,-0.433,3.255,,-2.818,
UNP,🏦majority,0.116,4.259,1.688,0.04,0.624,-0.116,0.489,-0.031,0.003,-4.26
UPBD,⚡panic,-0.037,8.579,1.837,0.12,-0.026,-1.939,2.878,,2.085,
UPS,🏦majority,0.031,5.382,0.003,0.594,0.413,-0.39,0.644,0.152,2.079,-1.243
UPST,🎰lottery,-1.568,19.905,0.16,-0.705,-2.372,-2.659,2.354,-6.568,6.785,-13.801
UPWK,⚡panic,-1.513,11.838,3.445,-2.056,0.87,-1.672,2.217,-1.247,-1.394,-7.21
URBN,🏦majority,0.338,7.876,3.482,-0.199,-0.338,-1.567,-1.492,0.311,-3.32,
URI,🏦majority,1.065,7.728,0.329,-0.312,0.18,-0.752,-2.002,-3.274,0.518,
USB,🏦majority,0.187,5.724,0.584,0.25,-0.098,-0.187,-0.489,1.401,0.306,
UTHR,🏦majority,0.548,6.272,1.595,0.21,-0.414,-0.824,1.851,0.46,-1.081,
V,🏦majority,0.567,4.062,1.52,-0.051,0.161,-0.546,1.681,0.052,-0.052,-7.329
VC,⚡panic,-0.109,7.076,2.675,0.042,-0.437,-0.653,2.561,-1.887,0.26,
VCEL,🏦majority,0.335,8.529,0.485,0.599,-0.352,-0.388,2.157,-5.139,0.598,
VCTR,🏦majority,1.227,6.591,4.939,-1.147,0.655,-0.603,0.808,-1.8,1.799,
VCYT,🎲chase,-0.409,11.675,2.456,-1.53,0.689,0.523,0.658,-1.253,0.48,
VECO,🏦majority,0.098,8.871,1.585,-0.149,-0.686,-0.098,-0.369,-3.091,-2.561,-3.742
VEEV,🏦majority,0.02,7.377,-0.072,0.636,0.086,-0.714,-0.612,1.134,-0.699,
VERA,⚡panic,-0.237,18.129,6.872,-0.948,-0.651,0.477,-1.132,-1.421,-0.458,
VERX,🎲chase,0.78,10.424,-0.332,0.036,1.481,-0.224,0.396,,-1.659,
VIAV,🎲chase,0.268,8.553,-0.006,-1.13,-1.307,-0.115,0.036,3.874,-1.174,
VICI,🏦majority,-0.094,3.88,1.048,0.163,-0.4,-0.667,1.8,-0.531,-0.645,
VICR,🎲chase,0.777,14.024,-0.813,-0.108,-0.834,-2.042,-2.17,-2.27,-2.452,-8.512
VIR,🎲chase,-1.548,12.829,-0.148,-0.217,3.281,-0.836,0.072,,-0.502,
VITL,🎲chase,-0.626,13.001,-1.488,-1.621,-0.395,3.678,0.233,2.794,-1.072,
VKTX,🎲chase,0.435,16.858,-1.519,0.685,0.321,0.061,-1.074,-2.467,-1.461,
VLO,🏦majority,1.295,7.236,2.218,0.003,0.813,0.104,0.683,2.378,-1.475,
VLY,🏦majority,0.082,6.948,0.302,0.075,1.359,-0.156,0.234,0.978,-4.137,
VMC,🏦majority,0.562,5.023,1.576,-0.278,0.153,-0.286,0.243,0.681,0.445,-1.98
VNOM,⚡panic,0.463,6.601,4.895,0.746,-0.357,1.101,2.308,1.12,-2.034,
VRDN,⚡panic,0.041,14.379,2.384,-2.388,0.94,-2.11,0.572,-5.365,2.183,
VREX,🏦majority,-0.466,8.739,0.995,-0.378,-0.444,0.025,1.699,,1.561,
VRNS,🎲chase,0.992,10.007,0.604,-1.367,-0.058,-0.314,1.95,1.2,-0.026,
VRRM,🏦majority,0.376,7.279,0.384,0.765,-0.652,0.529,-0.337,-3.079,-0.847,
VRSK,🏦majority,0.428,5.011,0.384,-0.717,-0.479,0.115,-0.278,0.591,-0.221,
VRSN,🏦majority,0.451,5.026,0.901,-0.599,0.953,-0.032,-0.308,0.881,0.742,
VRT,🎲chase,2.718,12.072,1.678,-1.247,-0.474,0.278,-2.27,1.263,-0.823,0.72
VRTX,🏦majority,0.92,5.23,1.671,0.789,-0.835,-0.662,1.42,0.348,2.441,-1.252
VSAT,🎰lottery,-0.316,13.625,-1.11,0.056,-0.111,-1.322,-1.534,1.181,0.196,-12.328
VSEC,⚡panic,2.012,10.16,10.7,3.643,1.908,-2.181,,-0.348,-1.117,
VST,⚡panic,1.521,9.013,5.088,0.403,-1.539,-0.297,0.139,1.162,-0.66,-11.145
