ticker,n,base,std,ovs,mid,cross,green3,panic3,gapsoft,z11,wtop,r_ovs,r_mid,r_cross,r_green3,r_panic3,r_gapsoft,r_z11,cluster
AAL,8867,-0.122,6.623,-0.277,-0.088,0.427,0.081,0.375,1.603,0.506,-7.058,-0.155,0.034,0.549,0.203,0.497,1.725,0.628,2
AAOI,5723,0.331,17.681,1.462,-0.842,1.215,0.76,1.22,-0.937,0.016,3.381,1.131,-1.172,0.884,0.43,0.889,-1.268,-0.314,1
AAON,8380,0.367,6.982,0.0,0.671,0.498,0.316,0.31,0.016,0.144,-2.985,-0.367,0.304,0.131,-0.051,-0.057,-0.351,-0.223,2
AAPL,8867,0.495,3.89,0.472,0.401,0.754,0.391,0.114,0.856,0.412,-0.108,-0.023,-0.094,0.259,-0.104,-0.381,0.361,-0.082,2
ABBV,8867,0.455,3.444,0.473,0.46,0.574,0.283,0.351,0.103,0.232,-1.166,0.018,0.005,0.118,-0.173,-0.104,-0.353,-0.223,2
ABCL,4730,-1.068,9.595,-3.304,-0.564,-0.921,-1.068,-2.567,0.0,-0.061,-6.801,-2.237,0.503,0.146,0.0,-1.5,1.068,1.006,0
ABNB,8867,0.438,5.912,0.673,0.544,0.241,0.639,1.171,0.501,1.156,-1.591,0.235,0.106,-0.197,0.201,0.733,0.063,0.718,2
ABT,8867,0.021,3.214,0.027,0.082,0.238,0.039,-0.154,-0.357,0.58,-1.259,0.006,0.061,0.217,0.018,-0.175,-0.378,0.559,2
ACAD,8859,-0.12,7.01,-0.295,0.365,-0.564,-0.192,-0.207,-0.449,-1.716,-1.157,-0.175,0.485,-0.444,-0.072,-0.087,-0.329,-1.596,2
ACB,4599,-2.611,12.265,-2.658,-2.177,-1.569,-1.882,-2.326,-3.103,-4.602,-4.205,-0.047,0.434,1.043,0.73,0.286,-0.491,-1.99,1
ACDC,4288,-0.604,10.992,-0.266,-0.16,-0.531,-0.21,0.259,0.297,3.465,-1.171,0.338,0.444,0.073,0.394,0.863,0.901,4.068,2
ACGL,8867,0.434,3.204,0.992,0.488,0.562,0.295,0.904,0.345,0.02,-1.124,0.558,0.054,0.128,-0.139,0.47,-0.089,-0.415,2
ACHC,8867,0.04,6.889,0.119,0.184,0.17,-0.502,-0.199,-0.012,-0.129,-2.604,0.08,0.144,0.13,-0.541,-0.239,-0.052,-0.169,2
ACIW,8746,0.153,4.903,1.021,0.146,0.198,0.511,0.319,0.143,0.129,-0.81,0.868,-0.007,0.045,0.358,0.166,-0.009,-0.024,2
ACLS,8811,0.296,7.786,0.125,0.397,0.341,0.131,0.528,0.572,0.336,-9.799,-0.172,0.101,0.045,-0.165,0.232,0.276,0.04,0
ACMR,8493,0.915,11.471,2.349,0.738,-0.231,0.719,1.606,0.209,0.467,-2.164,1.434,-0.177,-1.145,-0.196,0.691,-0.706,-0.448,3
ACN,8867,0.149,4.447,0.029,-0.378,0.247,0.364,-0.306,0.51,0.791,-1.376,-0.12,-0.526,0.098,0.216,-0.454,0.361,0.642,2
ACT,5735,0.527,4.127,1.317,0.629,0.143,0.493,1.208,0.277,0.18,-2.99,0.79,0.102,-0.384,-0.034,0.681,-0.249,-0.346,2
ADBE,8867,-0.092,5.297,0.518,-0.292,0.117,-0.104,-0.159,0.552,0.673,-4.628,0.61,-0.199,0.21,-0.012,-0.066,0.645,0.766,2
ADEA,4472,1.29,8.694,0.839,0.717,1.477,0.574,0.231,2.141,0.991,-4.254,-0.451,-0.573,0.187,-0.716,-1.058,0.851,-0.299,0
ADI,8867,0.283,4.325,0.618,0.644,-0.056,0.155,0.921,0.079,0.085,0.011,0.336,0.362,-0.339,-0.128,0.638,-0.204,-0.197,2
ADM,8867,0.224,3.957,0.77,0.228,-0.219,-0.211,0.623,0.278,0.055,-0.174,0.545,0.004,-0.444,-0.435,0.399,0.053,-0.169,2
ADMA,4393,0.583,9.059,0.348,0.377,0.347,0.675,0.125,1.279,-1.344,-1.563,-0.234,-0.206,-0.236,0.092,-0.457,0.697,-1.926,1
ADP,8867,0.213,3.061,-0.251,0.182,0.424,0.051,0.082,0.43,0.464,-2.674,-0.465,-0.031,0.211,-0.162,-0.131,0.217,0.251,2
ADPT,6750,0.0,10.255,-0.978,1.233,0.073,-0.559,-0.784,0.0,2.729,-2.52,-0.978,1.233,0.073,-0.559,-0.784,0.0,2.729,0
ADSK,8867,0.115,5.016,0.581,0.118,0.052,0.127,0.104,0.196,0.159,-3.488,0.466,0.003,-0.063,0.012,-0.011,0.081,0.045,2
ADTN,6818,-0.17,8.452,-1.504,0.294,-0.529,-0.633,-0.763,-0.798,-0.558,-4.112,-1.334,0.464,-0.359,-0.463,-0.593,-0.628,-0.388,0
ADUS,7165,0.157,5.125,0.33,-0.018,0.098,0.023,0.131,0.833,0.997,-1.388,0.173,-0.175,-0.058,-0.134,-0.025,0.677,0.84,2
AEE,8867,0.258,2.675,0.513,0.445,0.496,0.202,0.491,0.479,0.542,-0.036,0.256,0.188,0.239,-0.056,0.234,0.222,0.285,2
AEHR,8245,0.392,15.143,1.14,0.222,-0.857,0.76,2.157,-0.46,2.185,-5.955,0.748,-0.171,-1.249,0.368,1.764,-0.852,1.793,3
AEIS,8634,0.517,5.851,0.752,1.078,0.567,0.516,1.107,0.489,-0.398,-2.447,0.235,0.561,0.05,-0.001,0.59,-0.028,-0.915,2
AEM,8867,0.423,5.402,0.799,0.025,1.118,0.545,0.072,0.491,0.893,-3.931,0.377,-0.397,0.695,0.123,-0.35,0.068,0.47,2
AEP,8867,0.335,2.806,0.074,0.454,0.384,0.38,0.153,0.661,0.943,-0.675,-0.261,0.119,0.049,0.045,-0.182,0.326,0.608,2
AEVA,4279,-1.063,16.418,-4.571,-0.998,-1.252,0.548,-3.792,-3.025,-5.141,-7.382,-3.508,0.065,-0.189,1.611,-2.729,-1.962,-4.078,1
AFL,8867,0.472,2.892,0.772,0.506,0.475,0.328,0.625,0.297,1.028,-0.118,0.3,0.034,0.003,-0.144,0.153,-0.175,0.556,2
AFRM,8867,0.103,13.234,0.069,0.207,1.127,0.461,-0.642,-0.623,-3.47,-3.141,-0.034,0.104,1.024,0.358,-0.745,-0.726,-3.573,1
AGI,8867,0.548,5.795,0.962,0.515,0.723,0.528,0.273,0.87,0.905,-4.584,0.413,-0.033,0.174,-0.021,-0.276,0.322,0.356,2
AGIO,8627,-0.178,8.295,0.473,0.0,-0.323,-0.576,-0.107,-0.935,2.361,-0.271,0.651,0.178,-0.144,-0.397,0.071,-0.756,2.539,2
AGNC,8867,0.0,3.822,0.205,0.0,0.204,0.0,0.217,-0.147,0.371,-3.791,0.205,0.0,0.204,0.0,0.217,-0.147,0.371,2
AGYS,6799,-0.046,7.395,1.156,0.29,-0.431,-0.371,0.802,0.248,-0.519,-3.407,1.202,0.335,-0.385,-0.326,0.847,0.294,-0.474,3
AHCO,8408,-0.211,8.092,-1.17,0.292,-0.389,-0.221,-0.039,0.946,-0.744,-7.395,-0.959,0.503,-0.178,-0.01,0.172,1.157,-0.533,0
AI,8867,-1.293,10.594,-0.33,-1.008,-1.271,-1.051,-0.944,-1.13,-3.13,-0.644,0.963,0.285,0.022,0.242,0.349,0.163,-1.837,3
AIG,8867,0.449,3.511,0.652,0.738,0.352,0.416,0.607,0.653,0.524,-0.279,0.203,0.288,-0.097,-0.033,0.158,0.203,0.074,2
AIZ,8867,0.38,3.327,0.735,0.584,0.277,0.276,0.66,0.329,0.572,-0.581,0.355,0.204,-0.103,-0.104,0.28,-0.051,0.192,2
AKAM,8867,0.153,5.434,0.343,0.196,0.249,0.062,-0.085,0.498,-0.557,-2.105,0.19,0.044,0.097,-0.091,-0.238,0.346,-0.709,2
ALAB,4102,1.022,12.714,1.159,0.802,0.065,0.212,2.072,-0.731,-2.358,-2.227,0.137,-0.22,-0.957,-0.81,1.05,-1.753,-3.38,3
ALB,8867,-0.029,7.568,-0.704,0.015,0.56,0.255,-0.437,0.128,-1.114,-2.237,-0.675,0.043,0.589,0.284,-0.409,0.156,-1.085,1
ALGM,8815,0.095,7.801,-1.079,0.433,0.507,0.101,0.239,-0.187,-0.743,-8.643,-1.174,0.338,0.412,0.007,0.145,-0.282,-0.837,0
ALGN,8867,-0.214,6.928,-0.259,-0.227,0.173,0.044,-0.121,0.107,0.1,1.116,-0.046,-0.014,0.387,0.258,0.093,0.321,0.314,2
ALGT,8837,-0.254,7.541,-0.951,-0.362,-0.797,-0.228,-0.609,-1.192,0.932,-3.076,-0.697,-0.108,-0.543,0.026,-0.355,-0.939,1.185,2
ALHC,6805,-0.141,10.661,-0.808,-0.935,0.276,0.287,-0.747,-0.363,0.777,-8.576,-0.667,-0.794,0.417,0.428,-0.606,-0.222,0.918,1
ALK,8867,0.15,6.052,-0.375,-0.095,0.138,0.159,-0.53,0.233,-0.475,-0.975,-0.526,-0.246,-0.012,0.009,-0.68,0.083,-0.625,2
ALKS,8867,0.172,5.138,0.465,0.165,-0.021,0.113,0.404,-0.017,-0.285,-2.827,0.293,-0.007,-0.192,-0.059,0.232,-0.189,-0.457,2
ALKT,6522,0.051,7.942,0.113,0.28,1.042,-0.037,0.443,-0.65,0.197,-3.102,0.062,0.229,0.991,-0.088,0.392,-0.701,0.146,0
ALLE,8867,0.038,3.743,0.324,0.21,-0.125,-0.029,0.669,-0.4,0.019,-1.906,0.286,0.172,-0.163,-0.067,0.63,-0.438,-0.02,2
ALLO,3462,-1.517,10.604,-0.828,-2.014,-1.913,-1.358,-0.751,-1.973,-2.819,-1.088,0.689,-0.498,-0.396,0.159,0.765,-0.457,-1.302,3
ALNY,8860,-0.024,7.38,0.509,-0.189,0.059,0.008,0.273,0.071,0.006,-3.077,0.533,-0.165,0.084,0.032,0.297,0.095,0.031,2
ALRM,8534,-0.205,4.43,0.175,-0.276,-0.067,0.036,-0.027,-0.459,-0.298,-1.457,0.38,-0.071,0.138,0.241,0.178,-0.254,-0.092,2
ALT,5330,-0.589,14.143,1.061,-0.898,-1.992,-0.684,0.0,-1.064,-1.092,-5.975,1.65,-0.309,-1.403,-0.095,0.589,-0.475,-0.502,3
AMAT,8867,0.702,6.125,0.451,1.338,0.634,0.4,1.015,0.618,1.03,0.0,-0.251,0.636,-0.068,-0.301,0.313,-0.084,0.329,2
AMBA,8867,0.311,8.958,0.081,0.354,0.31,-0.015,0.738,-0.429,-0.787,-1.897,-0.23,0.044,-0.0,-0.326,0.428,-0.739,-1.098,2
AMCX,6251,-1.02,9.713,-1.091,-1.042,-0.886,-1.274,-0.948,-0.193,-0.122,-10.344,-0.071,-0.022,0.134,-0.254,0.072,0.827,0.898,0
AMD,8867,0.481,7.823,-0.185,0.445,0.385,1.126,-0.188,1.348,-0.483,-3.003,-0.666,-0.036,-0.096,0.645,-0.669,0.867,-0.964,1
AMGN,8867,0.102,3.359,0.257,-0.033,0.332,0.035,0.039,-0.107,-0.212,-0.459,0.155,-0.135,0.23,-0.067,-0.063,-0.209,-0.314,2
AMKR,8865,0.419,7.846,0.918,0.616,-0.101,0.57,1.146,0.573,-0.355,-3.564,0.499,0.196,-0.52,0.151,0.726,0.154,-0.775,2
AMLX,5685,0.223,12.269,0.667,-0.265,0.57,0.108,-0.756,0.942,-0.988,-1.786,0.443,-0.488,0.346,-0.116,-0.979,0.718,-1.212,1
AMP,8867,0.538,3.848,0.495,0.554,0.455,0.063,0.515,0.291,0.44,-2.939,-0.043,0.016,-0.084,-0.475,-0.023,-0.247,-0.098,2
AMPH,7745,0.409,6.963,-0.119,0.852,0.689,0.573,0.564,1.108,0.388,0.043,-0.528,0.443,0.28,0.164,0.155,0.699,-0.021,2
AMPL,6642,-0.473,10.149,1.405,-0.759,-0.254,0.0,1.417,0.92,-1.478,-5.549,1.879,-0.286,0.219,0.473,1.89,1.393,-1.005,3
AMRX,4536,1.049,5.513,1.455,1.3,1.053,0.872,1.415,-0.384,0.233,1.124,0.406,0.251,0.003,-0.177,0.365,-1.433,-0.816,2
AMSC,5245,0.853,13.526,-2.846,0.614,2.014,2.093,-0.657,0.61,0.887,-7.725,-3.699,-0.239,1.161,1.239,-1.51,-0.244,0.033,1
AMSF,3632,-0.727,5.471,-0.015,-0.298,-0.399,-0.556,0.082,-1.246,-1.93,-5.07,0.712,0.429,0.329,0.171,0.809,-0.518,-1.203,3
AMT,8867,-0.198,3.894,-0.066,-0.176,0.18,-0.329,-0.235,-0.51,-0.702,-0.815,0.131,0.021,0.378,-0.131,-0.037,-0.313,-0.505,2
AMWD,6221,-0.439,6.963,-1.294,-0.064,-0.073,-0.129,-0.006,-1.339,-1.939,-10.502,-0.855,0.376,0.366,0.31,0.434,-0.899,-1.5,0
AMZN,8867,0.304,5.003,0.318,0.487,0.338,0.293,0.502,0.529,0.054,-2.271,0.014,0.183,0.034,-0.011,0.198,0.225,-0.25,2
ANAB,5930,0.77,11.411,2.053,1.015,0.593,0.961,2.745,0.0,0.684,-5.024,1.283,0.245,-0.178,0.19,1.975,-0.77,-0.086,3
ANDE,7129,0.61,6.011,1.515,0.728,0.312,0.616,1.94,0.339,-0.189,-2.99,0.905,0.118,-0.298,0.006,1.33,-0.272,-0.8,3
ANGI,4911,-1.732,12.492,-0.782,-1.223,-1.702,-1.428,0.233,-3.455,-2.143,-3.619,0.95,0.509,0.03,0.304,1.965,-1.723,-0.411,3
ANGO,4203,-0.097,10.41,0.728,-0.523,0.189,0.22,1.293,-1.713,-0.171,-2.556,0.824,-0.427,0.285,0.316,1.39,-1.616,-0.075,3
ANIP,5811,0.452,8.089,1.351,0.565,0.356,0.9,0.0,0.191,-0.222,0.191,0.899,0.113,-0.097,0.448,-0.452,-0.262,-0.674,2
AON,8867,0.406,3.198,-0.085,0.594,0.738,0.513,0.279,0.09,0.747,-0.608,-0.491,0.188,0.331,0.107,-0.127,-0.316,0.341,2
AOS,8867,0.035,3.74,0.068,-0.103,0.158,-0.087,0.129,0.499,0.766,-2.289,0.034,-0.138,0.123,-0.122,0.094,0.464,0.731,2
AOSL,6665,0.578,11.117,-0.187,0.757,1.093,1.127,-1.59,0.539,0.075,-3.513,-0.765,0.179,0.514,0.549,-2.168,-0.039,-0.504,1
APA,8867,0.616,6.784,0.806,0.907,0.537,0.752,0.941,0.26,0.197,-0.487,0.19,0.292,-0.078,0.136,0.326,-0.355,-0.418,2
APD,8867,0.097,3.73,0.283,-0.149,-0.049,0.127,0.588,0.388,0.829,-2.56,0.185,-0.246,-0.147,0.03,0.491,0.291,0.732,2
APGE,4838,0.724,11.07,-0.43,1.187,0.915,0.623,1.818,0.8,0.398,1.141,-1.153,0.463,0.191,-0.101,1.094,0.076,-0.326,2
APH,8867,0.693,4.146,0.881,0.668,0.488,0.558,0.748,0.407,1.105,0.016,0.189,-0.025,-0.205,-0.135,0.055,-0.285,0.413,2
APLD,4412,1.005,15.53,1.905,0.651,1.465,-0.687,1.83,3.971,2.371,-5.647,0.9,-0.354,0.46,-1.692,0.825,2.966,1.366,0
APOG,5610,0.358,6.393,0.565,0.135,0.866,0.956,0.297,-0.261,-0.358,-3.093,0.207,-0.223,0.508,0.598,-0.061,-0.619,-0.716,2
APP,8867,0.802,10.998,0.256,0.518,1.425,0.594,-0.477,1.744,0.638,-6.99,-0.546,-0.283,0.624,-0.208,-1.279,0.942,-0.164,0
APPF,8413,0.155,5.874,-0.317,-0.242,0.217,-0.313,-0.661,-0.103,0.363,-0.59,-0.472,-0.396,0.063,-0.467,-0.816,-0.258,0.208,2
APPN,8762,-0.561,8.281,0.864,-0.899,-1.733,-0.78,-0.687,-0.331,-1.104,-1.389,1.426,-0.337,-1.172,-0.218,-0.126,0.231,-0.543,3
APPS,5581,-1.005,12.633,-2.239,-1.396,-1.625,-0.391,-2.391,-1.447,-3.413,-5.245,-1.233,-0.39,-0.62,0.614,-1.386,-0.441,-2.408,1
APTV,8867,-0.195,5.788,-0.515,-0.217,-0.353,0.182,-0.681,-0.023,-0.546,-5.384,-0.32,-0.022,-0.158,0.377,-0.486,0.172,-0.351,2
ARCB,8842,0.088,7.013,0.843,0.495,0.0,-0.334,1.26,0.582,-0.058,-3.002,0.756,0.407,-0.088,-0.421,1.172,0.494,-0.146,3
ARCC,8867,0.301,2.675,0.351,0.415,0.368,0.358,0.573,0.334,0.343,-1.963,0.05,0.114,0.068,0.057,0.272,0.033,0.043,2
ARCT,7109,-0.92,14.009,-2.247,-0.282,-0.203,-1.756,-0.304,-3.609,1.622,-6.558,-1.327,0.638,0.717,-0.836,0.616,-2.689,2.542,0
ARDX,3960,-0.69,9.824,0.0,-0.804,-0.171,-1.186,-0.789,0.378,0.164,-1.004,0.69,-0.114,0.518,-0.496,-0.099,1.067,0.853,2
ARE,8867,-0.134,4.822,-0.441,-0.182,-0.307,0.013,-0.671,-0.042,-0.669,-1.197,-0.307,-0.048,-0.173,0.146,-0.537,0.092,-0.536,2
ARHS,6646,-0.51,10.303,-2.6,-0.803,0.25,-0.229,-0.657,-0.454,0.12,-1.155,-2.091,-0.293,0.76,0.281,-0.148,0.055,0.63,1
ARLP,7680,0.683,5.001,0.66,0.703,0.753,0.955,0.959,1.121,0.396,-1.094,-0.023,0.02,0.07,0.272,0.276,0.438,-0.287,2
ARQQ,3604,-3.398,25.642,-3.755,-4.275,-1.588,-2.566,-3.12,-0.302,-1.935,-17.468,-0.357,-0.876,1.81,0.832,0.278,3.097,1.463,1
ARQT,7202,0.0,10.572,0.319,0.914,-0.616,-0.288,0.601,-2.005,-2.296,-5.927,0.319,0.914,-0.616,-0.288,0.601,-2.005,-2.296,3
ARRY,8720,-1.306,11.699,0.533,-1.382,-2.505,-1.395,-0.111,-1.831,-0.342,-6.424,1.839,-0.076,-1.199,-0.089,1.195,-0.525,0.964,3
ARVN,8549,-0.668,10.169,0.0,-0.386,-0.749,-0.969,-0.058,-0.201,-1.004,-3.719,0.668,0.282,-0.08,-0.301,0.611,0.467,-0.336,3
ARWR,8867,-0.225,9.172,0.375,-0.192,0.149,-0.16,-0.185,0.673,-0.064,-2.7,0.6,0.033,0.374,0.064,0.04,0.898,0.161,2
ASAN,8867,-0.787,11.25,0.447,-1.289,-0.477,-1.126,-0.222,-1.469,-2.767,-3.053,1.234,-0.502,0.31,-0.339,0.565,-0.682,-1.98,3
ASND,8837,-0.046,6.863,1.094,0.036,-0.507,-0.159,0.543,-0.034,-0.333,-2.782,1.139,0.082,-0.461,-0.114,0.588,0.012,-0.287,3
ASO,8867,-0.186,6.192,0.612,-0.189,0.084,-0.052,0.47,0.273,1.546,-2.551,0.798,-0.003,0.27,0.134,0.656,0.459,1.732,2
ASTE,4429,0.328,8.836,0.43,-0.278,0.677,0.969,0.488,-1.033,0.722,-10.743,0.102,-0.607,0.349,0.641,0.16,-1.361,0.394,0
ASTH,3569,0.545,9.791,-1.041,1.612,0.762,0.593,-0.953,0.341,2.721,-2.602,-1.586,1.067,0.217,0.048,-1.498,-0.204,2.176,0
ASTL,4813,-0.714,7.707,-0.928,-0.978,-0.766,-0.552,-1.071,-2.118,1.123,-2.098,-0.214,-0.264,-0.052,0.162,-0.357,-1.404,1.837,0
ASTS,6766,-0.535,14.949,-1.381,-0.94,-0.416,0.139,-1.099,-0.577,0.228,-6.22,-0.846,-0.405,0.119,0.673,-0.564,-0.043,0.763,1
ATEC,8236,0.245,9.35,0.294,0.189,0.849,-0.324,0.586,0.197,1.466,-3.653,0.049,-0.056,0.604,-0.569,0.341,-0.048,1.221,0
ATEX,4399,-0.081,9.389,-0.518,-0.486,-0.205,0.363,-0.282,0.929,0.721,-3.177,-0.437,-0.406,-0.125,0.443,-0.202,1.009,0.802,1
ATO,8867,0.293,2.572,0.711,0.516,0.378,0.281,0.322,0.38,0.09,-3.608,0.418,0.222,0.085,-0.013,0.028,0.087,-0.204,2
ATRC,8595,-0.061,6.517,0.568,0.238,0.183,-0.957,0.442,0.0,-0.817,-3.266,0.629,0.298,0.244,-0.896,0.503,0.061,-0.757,2
ATRO,3608,1.865,10.095,2.119,1.355,2.799,2.979,2.171,1.541,6.037,-9.485,0.254,-0.511,0.934,1.113,0.306,-0.324,4.172,0
AUPH,8419,0.123,9.696,1.538,0.599,-0.106,-0.487,1.573,-0.231,0.724,-1.317,1.416,0.477,-0.229,-0.609,1.45,-0.354,0.601,3
AUR,3030,-0.647,11.684,0.185,-0.486,-1.557,-2.264,0.0,-0.658,-1.582,-9.392,0.832,0.161,-0.91,-1.617,0.647,-0.011,-0.935,3
AVAV,8691,0.286,8.739,0.597,0.183,0.146,-0.091,0.213,-0.041,1.138,-6.741,0.311,-0.103,-0.14,-0.378,-0.073,-0.328,0.852,0
AVB,8867,0.1,2.936,0.583,0.009,0.041,0.01,0.514,0.396,0.136,-2.473,0.483,-0.091,-0.06,-0.09,0.413,0.296,0.036,2
AVGO,8867,0.626,6.125,1.169,0.883,0.669,0.268,0.892,1.122,0.941,1.075,0.542,0.256,0.042,-0.359,0.265,0.496,0.314,2
AVPT,6169,0.157,6.684,0.969,0.0,0.472,0.681,1.029,0.0,-0.572,-1.014,0.812,-0.157,0.315,0.524,0.872,-0.157,-0.729,2
AVT,8865,0.246,4.084,0.412,0.258,-0.181,0.172,0.504,0.361,0.893,-1.591,0.166,0.013,-0.427,-0.074,0.259,0.115,0.648,2
AVXL,6359,-1.096,10.509,-0.897,-1.68,-1.394,-1.092,-0.95,0.813,-1.6,-2.374,0.2,-0.584,-0.298,0.005,0.146,1.91,-0.504,1
AVY,8867,0.023,3.254,0.349,0.116,-0.042,-0.056,0.39,-0.086,-0.044,-1.251,0.326,0.093,-0.066,-0.079,0.366,-0.109,-0.067,2
AWK,8867,0.054,3.233,0.253,0.073,0.061,-0.1,-0.008,0.015,-0.103,-1.766,0.198,0.018,0.007,-0.155,-0.062,-0.039,-0.158,2
AXGN,3818,1.462,12.27,1.077,2.483,1.336,1.234,2.373,3.157,-0.286,-12.255,-0.385,1.021,-0.126,-0.228,0.911,1.695,-1.748,0
AXON,8867,0.481,7.477,0.497,0.323,0.692,0.41,0.276,0.664,0.751,-0.651,0.016,-0.158,0.21,-0.071,-0.206,0.183,0.269,2
AXP,8867,0.398,4.14,0.704,0.313,0.133,0.429,0.739,0.413,0.482,-0.484,0.306,-0.085,-0.265,0.031,0.341,0.015,0.084,2
AXSM,8867,0.726,10.053,0.53,0.513,0.726,0.697,-0.21,1.802,-0.631,-1.522,-0.197,-0.214,-0.001,-0.029,-0.936,1.076,-1.357,1
AZO,8862,0.283,3.482,0.567,0.079,0.63,0.377,0.693,-0.004,0.098,-2.473,0.283,-0.205,0.347,0.093,0.409,-0.287,-0.186,2
AZTA,8128,-0.362,7.359,-0.313,0.243,-0.157,-0.678,-0.679,-0.36,-0.861,-3.325,0.049,0.605,0.205,-0.316,-0.317,0.002,-0.499,2
BA,8867,0.13,5.286,-0.562,0.152,-0.125,0.222,-0.212,0.611,0.936,-3.355,-0.692,0.022,-0.255,0.092,-0.343,0.481,0.806,2
BABA,8867,-0.658,7.15,-0.721,-0.898,-0.658,-0.435,-0.467,-1.867,-1.109,-0.842,-0.063,-0.24,-0.001,0.222,0.191,-1.21,-0.451,2
BAC,8867,0.456,4.035,-0.478,0.364,0.531,0.39,0.0,0.46,0.384,-0.965,-0.934,-0.091,0.075,-0.066,-0.456,0.005,-0.071,2
BALL,7365,0.307,4.271,0.614,0.042,0.411,0.076,0.45,0.796,0.0,-0.18,0.306,-0.266,0.104,-0.232,0.143,0.488,-0.307,2
BAND,5743,-1.006,14.201,-1.763,-1.562,-0.174,1.042,-1.116,-0.281,-2.47,-1.641,-0.757,-0.555,0.832,2.048,-0.11,0.726,-1.463,1
BANF,5894,0.294,4.918,-0.024,0.408,-0.514,0.306,0.516,-0.193,-0.573,-3.694,-0.318,0.114,-0.808,0.012,0.222,-0.487,-0.867,2
BANR,6918,0.137,4.607,0.182,0.309,0.035,0.014,0.344,-0.079,0.173,-1.942,0.044,0.171,-0.103,-0.123,0.207,-0.216,0.035,2
BATRK,5498,0.147,3.904,0.331,0.229,0.186,-0.148,0.482,-1.06,0.33,-1.955,0.185,0.082,0.039,-0.295,0.335,-1.207,0.183,2
BAX,8867,-0.061,4.795,-0.196,0.102,0.203,-0.321,0.229,-0.188,-0.484,-2.376,-0.135,0.163,0.264,-0.26,0.29,-0.127,-0.423,2
BBIO,8841,0.149,10.856,0.958,0.119,0.567,-0.04,0.727,0.65,-1.644,-4.786,0.81,-0.03,0.418,-0.189,0.578,0.501,-1.792,3
BBSI,3686,0.832,6.082,0.84,0.94,0.731,0.849,0.92,-0.521,0.644,-3.262,0.007,0.108,-0.101,0.017,0.088,-1.353,-0.188,2
BBY,8867,-0.174,5.217,0.483,-0.316,-0.708,-0.102,0.426,-0.335,0.477,-3.098,0.657,-0.142,-0.533,0.073,0.6,-0.161,0.652,2
BCPC,7667,0.006,3.63,-0.25,-0.018,-0.087,0.211,-0.509,0.376,0.091,-4.013,-0.255,-0.024,-0.093,0.205,-0.515,0.371,0.085,2
BCRX,8664,-0.144,7.737,0.578,0.595,-0.701,-0.698,1.074,-0.288,-0.447,-3.027,0.721,0.738,-0.558,-0.555,1.217,-0.145,-0.304,3
BDX,8867,0.064,3.297,0.631,0.289,0.103,-0.22,0.41,0.13,0.329,-1.37,0.567,0.224,0.038,-0.285,0.346,0.066,0.265,2
BEAM,8867,-0.831,9.883,-0.385,-0.511,-0.865,-1.366,-1.006,-2.555,-2.821,-3.289,0.446,0.32,-0.033,-0.535,-0.175,-1.724,-1.99,3
BELFB,4524,2.607,9.923,3.777,3.163,2.77,2.252,2.644,2.731,1.782,-1.126,1.17,0.556,0.163,-0.355,0.037,0.124,-0.825,2
BGC,5141,0.239,4.949,0.563,0.314,0.305,0.402,0.506,0.115,0.504,-0.503,0.324,0.076,0.066,0.163,0.267,-0.123,0.266,2
BHF,8861,0.154,5.569,0.603,0.137,-0.022,-0.092,0.247,0.335,-0.177,-0.632,0.449,-0.017,-0.176,-0.246,0.092,0.18,-0.332,2
BIDU,8867,-0.447,7.017,-0.643,-0.784,0.168,-0.664,-1.152,-1.703,0.755,-0.666,-0.196,-0.337,0.615,-0.217,-0.705,-1.256,1.202,0
BIIB,8860,-0.146,4.487,0.18,-0.149,-0.116,-0.337,-0.41,-0.553,-0.917,-1.038,0.326,-0.002,0.031,-0.191,-0.264,-0.407,-0.771,2
BILI,8867,-0.677,10.712,0.023,-0.517,-0.689,-1.884,0.304,-1.799,-0.906,-2.087,0.701,0.161,-0.011,-1.207,0.981,-1.121,-0.229,3
BILL,8867,-0.027,9.639,0.47,0.244,-0.026,-0.097,-0.417,-0.679,-0.55,-10.759,0.497,0.27,0.0,-0.07,-0.39,-0.653,-0.524,0
BIO,8860,-0.076,5.187,0.1,0.335,-0.135,-0.213,0.553,-0.023,-0.959,-1.711,0.176,0.411,-0.059,-0.137,0.629,0.053,-0.883,2
BJRI,8317,-0.062,6.574,-0.077,0.325,0.369,0.026,-0.37,-1.016,1.977,-3.12,-0.016,0.387,0.43,0.087,-0.308,-0.954,2.038,0
BKNG,8867,0.567,4.573,0.67,0.619,0.489,0.341,1.229,0.035,0.715,-1.335,0.103,0.053,-0.078,-0.226,0.663,-0.532,0.149,2
BKR,8867,0.56,5.087,1.098,0.882,0.786,0.234,0.989,1.12,0.136,-1.306,0.537,0.322,0.226,-0.326,0.428,0.559,-0.424,2
BL,8862,-0.274,6.162,0.901,-0.491,-0.06,-0.742,0.359,-0.363,0.128,-1.489,1.175,-0.218,0.214,-0.469,0.633,-0.09,0.402,2
BLBD,5777,0.636,10.129,1.661,1.008,0.419,0.637,2.265,0.608,0.08,-2.504,1.025,0.371,-0.218,0.0,1.629,-0.029,-0.556,3
BLDP,3143,-1.539,8.806,-0.273,-1.073,-2.14,-2.486,0.494,-2.262,-2.381,-0.957,1.266,0.466,-0.601,-0.947,2.033,-0.724,-0.842,3
BLDR,8867,0.354,6.354,-0.989,0.601,0.967,0.944,-0.46,-0.895,-0.338,-1.449,-1.343,0.247,0.613,0.59,-0.814,-1.249,-0.692,0
BLFS,7294,-0.304,9.761,0.898,0.344,-0.743,-0.551,2.116,-0.965,-0.646,-5.482,1.203,0.648,-0.439,-0.246,2.421,-0.66,-0.342,3
BLK,8867,0.255,3.853,-0.585,0.281,0.157,0.288,-0.45,0.185,0.858,-1.841,-0.839,0.026,-0.097,0.034,-0.705,-0.069,0.604,2
BLKB,8315,-0.179,5.536,-0.053,0.117,-0.276,-0.415,-0.145,-0.38,-0.897,-1.721,0.126,0.296,-0.097,-0.236,0.034,-0.201,-0.718,2
BLMN,8862,-0.623,7.494,1.309,-0.545,-0.841,-0.89,0.631,-1.475,-0.775,-4.648,1.932,0.079,-0.218,-0.266,1.255,-0.852,-0.152,3
BMBL,7296,-0.984,8.927,-0.051,-0.655,-1.639,-1.55,0.146,-0.515,-0.822,-3.498,0.933,0.329,-0.656,-0.567,1.129,0.469,0.162,3
BMRN,8864,-0.103,4.335,0.368,-0.042,0.0,-0.357,0.416,-0.227,0.269,-2.854,0.471,0.061,0.104,-0.254,0.519,-0.124,0.372,2
BMY,8867,0.033,3.398,0.02,0.2,0.166,-0.085,-0.067,0.192,-1.236,-0.622,-0.013,0.167,0.133,-0.118,-0.1,0.159,-1.268,2
BOKF,8289,0.251,4.073,0.227,0.282,0.287,0.156,0.727,0.382,0.542,-3.463,-0.024,0.03,0.036,-0.096,0.475,0.131,0.291,2
BPOP,8860,0.472,4.102,0.756,0.556,0.473,0.012,0.351,0.613,-0.726,-1.032,0.284,0.085,0.002,-0.459,-0.121,0.141,-1.198,2
BR,8867,0.099,3.285,0.029,-0.074,0.176,0.052,0.029,0.087,0.019,0.128,-0.069,-0.173,0.077,-0.047,-0.069,-0.011,-0.08,2
BRKR,8867,0.177,5.889,0.272,0.233,0.352,-0.334,0.435,0.014,-0.256,-3.899,0.095,0.056,0.175,-0.511,0.258,-0.163,-0.434,2
BRO,8867,0.477,3.444,0.367,0.521,0.693,0.283,0.415,0.654,0.293,-0.532,-0.11,0.044,0.216,-0.194,-0.062,0.177,-0.183,2
BRZE,8149,0.029,9.032,0.214,-0.251,0.159,0.091,-0.709,-0.196,1.209,-2.587,0.185,-0.279,0.131,0.062,-0.738,-0.225,1.18,0
BSX,8867,0.272,3.605,0.765,0.539,0.328,0.065,0.425,0.159,0.92,-1.037,0.492,0.267,0.055,-0.208,0.152,-0.113,0.648,2
BSY,8867,-0.077,5.024,-0.428,0.075,-0.153,-0.438,0.185,-0.073,-0.507,-0.709,-0.352,0.151,-0.076,-0.361,0.262,0.004,-0.43,2
BTDR,4437,0.268,17.179,0.164,0.283,0.35,-2.551,-0.01,0.872,1.595,-6.583,-0.104,0.015,0.082,-2.819,-0.278,0.604,1.326,0
BTSG,4190,1.473,6.324,0.928,1.246,0.871,1.76,0.727,0.994,1.441,3.506,-0.545,-0.227,-0.602,0.287,-0.746,-0.479,-0.032,2
BUSE,4643,0.344,5.404,1.044,0.304,0.192,-0.04,0.153,0.447,-0.742,-5.945,0.7,-0.04,-0.152,-0.385,-0.191,0.103,-1.086,2
BWA,8867,0.203,4.718,0.334,0.348,0.234,0.145,0.939,0.524,0.399,-2.06,0.131,0.144,0.031,-0.058,0.736,0.321,0.196,2
BWIN,3772,-0.151,8.276,-0.751,0.141,-0.575,-0.395,0.476,-1.179,0.644,-0.854,-0.601,0.292,-0.424,-0.244,0.626,-1.029,0.794,2
BXP,8867,-0.15,4.51,1.203,-0.028,-0.572,-0.161,0.912,-0.235,0.087,-3.998,1.353,0.122,-0.421,-0.011,1.063,-0.085,0.237,3
BYND,5952,-2.423,10.726,-0.785,-2.479,-3.185,-2.997,-1.142,-4.622,0.878,-2.024,1.639,-0.056,-0.761,-0.574,1.281,-2.199,3.301,3
BYRN,3464,-1.087,13.796,-0.888,-2.759,-0.4,-2.815,-1.457,-2.452,-0.735,-11.606,0.199,-1.672,0.687,-1.728,-0.37,-1.365,0.352,0
C,8867,0.351,4.223,0.071,0.047,0.522,0.41,-0.012,0.616,1.052,-0.707,-0.28,-0.304,0.17,0.058,-0.363,0.264,0.701,2
CACC,8426,0.04,5.768,0.369,0.391,-0.153,-0.119,1.095,0.088,-0.181,-0.488,0.329,0.351,-0.194,-0.16,1.055,0.048,-0.221,2
CAE,7355,0.124,5.423,-0.13,0.334,0.133,-0.165,-0.186,0.517,0.897,-4.08,-0.255,0.21,0.009,-0.289,-0.31,0.393,0.772,2
CAG,8867,-0.246,3.17,0.045,-0.276,-0.205,-0.165,-0.112,-0.628,-0.124,-1.585,0.291,-0.03,0.04,0.08,0.134,-0.382,0.121,2
CAH,8867,0.409,3.676,1.09,0.37,0.08,0.345,0.976,0.775,0.273,-1.67,0.682,-0.039,-0.329,-0.064,0.567,0.366,-0.136,2
CAKE,8867,0.192,5.518,1.261,0.249,0.186,-0.198,0.394,-0.448,1.531,-3.229,1.069,0.057,-0.005,-0.39,0.202,-0.64,1.34,2
CALM,8733,0.498,4.544,0.626,0.609,0.932,0.525,0.953,0.823,0.669,-1.593,0.128,0.112,0.434,0.028,0.456,0.326,0.172,2
CAMT,7106,0.956,8.427,1.312,1.132,1.128,0.438,2.032,1.186,0.29,-3.631,0.356,0.176,0.172,-0.518,1.077,0.23,-0.666,2
CAPR,3286,-1.6,17.184,-0.158,-1.137,-2.157,-1.405,0.822,-2.611,5.953,-2.095,1.442,0.463,-0.557,0.195,2.422,-1.011,7.553,3
CAR,8866,-0.027,12.13,-1.419,0.066,0.138,0.465,-1.166,0.133,-1.28,-6.449,-1.392,0.093,0.165,0.492,-1.139,0.16,-1.253,1
CARG,8867,0.265,6.988,1.202,0.489,-0.259,0.278,0.667,0.167,0.69,-3.56,0.937,0.224,-0.524,0.014,0.402,-0.098,0.425,2
CARR,8867,0.131,4.494,-0.022,0.198,0.355,0.144,-0.263,0.099,0.393,-2.341,-0.153,0.067,0.224,0.013,-0.394,-0.032,0.262,2
CART,4981,0.515,5.843,-0.076,0.701,0.678,0.569,-0.058,0.774,-1.067,0.065,-0.591,0.186,0.163,0.054,-0.573,0.259,-1.582,2
CASH,7295,0.508,5.133,0.468,0.355,0.575,0.52,0.217,1.527,-0.53,-4.357,-0.04,-0.153,0.067,0.012,-0.291,1.019,-1.038,2
CASY,8866,0.37,3.676,0.583,0.598,0.424,0.406,0.638,-0.32,-0.366,0.108,0.213,0.227,0.054,0.036,0.268,-0.691,-0.736,2
CAT,8867,0.484,4.508,0.647,0.162,0.511,0.494,0.423,0.674,1.137,0.01,0.163,-0.322,0.027,0.01,-0.061,0.19,0.653,2
CATY,8246,0.2,4.213,0.571,0.231,-0.046,-0.294,0.367,-0.048,0.738,0.713,0.372,0.032,-0.246,-0.494,0.167,-0.248,0.539,2
CB,8867,0.333,2.684,1.069,0.371,0.263,0.111,0.728,0.273,0.227,-0.768,0.736,0.039,-0.069,-0.222,0.395,-0.06,-0.106,2
CBOE,8867,0.487,3.324,1.115,0.691,0.433,0.257,1.312,0.209,0.21,-2.194,0.628,0.204,-0.055,-0.23,0.825,-0.278,-0.277,2
CBRE,8867,0.537,4.26,0.194,0.789,0.497,0.165,0.869,0.844,0.421,0.392,-0.343,0.252,-0.04,-0.372,0.332,0.307,-0.116,2
CBRL,8867,-0.566,6.936,-0.394,-0.639,-0.266,0.195,-0.426,-0.984,-2.666,-3.251,0.172,-0.073,0.3,0.761,0.14,-0.417,-2.099,1
CBSH,8866,0.186,3.259,-0.393,0.365,0.299,0.021,-0.077,-0.392,-0.011,-1.038,-0.579,0.179,0.113,-0.166,-0.264,-0.578,-0.198,2
CCB,3146,0.725,10.117,1.204,1.639,0.966,1.066,0.776,0.501,4.138,-0.669,0.479,0.914,0.241,0.341,0.051,-0.224,3.413,2
CCCC,3131,-1.427,14.964,0.449,-2.768,-2.252,-1.008,-2.459,-0.853,-0.864,-4.444,1.876,-1.341,-0.824,0.419,-1.032,0.575,0.563,1
CCEP,8867,0.362,3.165,0.699,0.474,0.369,0.283,0.572,0.038,0.0,-1.453,0.337,0.112,0.007,-0.079,0.21,-0.324,-0.362,2
CCI,8867,-0.356,3.853,-0.557,-0.271,-0.009,-0.212,-0.571,-0.594,0.125,-2.869,-0.201,0.085,0.347,0.144,-0.215,-0.237,0.481,2
CCL,8867,-0.055,7.824,-0.615,-0.168,0.217,0.067,-0.134,-0.52,-1.199,-2.18,-0.56,-0.113,0.272,0.122,-0.079,-0.465,-1.144,2
CCOI,8809,-0.137,7.121,-0.275,-0.277,-0.38,-0.103,0.346,-0.605,0.463,-0.878,-0.138,-0.14,-0.243,0.034,0.483,-0.468,0.6,2
CCRN,6547,0.0,9.117,-0.256,-0.241,0.348,-0.404,-0.848,0.089,-0.221,1.733,-0.256,-0.241,0.348,-0.404,-0.848,0.089,-0.221,2
CCSI,3429,-0.389,12.449,0.299,-0.118,-0.795,-0.941,2.572,0.186,-2.63,-9.474,0.687,0.27,-0.406,-0.552,2.961,0.574,-2.242,3
CDNA,8357,-0.101,11.004,0.392,0.092,-0.608,-0.598,0.776,0.083,-2.671,-3.096,0.493,0.192,-0.507,-0.497,0.877,0.184,-2.57,3
CDNS,8867,0.233,4.861,0.373,0.219,0.094,-0.087,0.619,0.108,0.668,-1.633,0.14,-0.014,-0.14,-0.32,0.386,-0.125,0.434,2
CDW,8867,0.207,4.621,0.384,0.265,0.086,0.391,-0.228,0.511,0.923,-2.097,0.176,0.058,-0.122,0.184,-0.435,0.304,0.716,2
CE,8867,0.069,6.322,-0.053,0.411,0.396,0.0,0.033,0.088,-0.186,-3.057,-0.122,0.342,0.327,-0.069,-0.036,0.019,-0.255,2
CECO,4368,1.455,8.533,2.122,2.145,1.642,0.858,1.37,1.668,0.476,-4.163,0.667,0.69,0.186,-0.598,-0.085,0.212,-0.979,2
CEG,7834,0.747,6.865,1.933,0.322,0.397,0.861,1.389,0.979,0.55,-5.888,1.186,-0.425,-0.349,0.114,0.642,0.232,-0.197,2
CELH,8867,0.412,9.502,0.581,0.33,-0.917,0.386,0.017,0.391,-1.352,-10.282,0.169,-0.082,-1.329,-0.026,-0.395,-0.021,-1.764,3
CENTA,6307,0.029,4.921,0.548,0.481,-0.217,-0.178,0.636,0.031,0.74,-4.861,0.519,0.452,-0.246,-0.207,0.607,0.002,0.711,2
CENX,8783,0.579,10.099,0.856,0.828,0.628,0.168,0.225,-0.318,1.137,-2.031,0.276,0.248,0.048,-0.412,-0.355,-0.897,0.558,0
CERT,8542,-0.399,8.489,-1.333,0.057,-0.209,-0.553,-0.902,-0.672,-0.948,-3.641,-0.934,0.456,0.19,-0.153,-0.502,-0.273,-0.549,0
CEVA,4021,0.277,10.421,2.177,0.509,-1.061,0.642,1.745,2.256,-0.452,-6.991,1.9,0.232,-1.338,0.365,1.468,1.979,-0.729,3
CF,8867,0.36,5.029,1.004,0.364,0.106,-0.065,1.011,0.496,0.03,-0.869,0.644,0.003,-0.255,-0.426,0.651,0.136,-0.331,2
CFFN,4717,-0.148,5.438,-0.17,-0.384,-0.649,-0.42,-0.461,-0.192,-0.468,-2.736,-0.022,-0.235,-0.5,-0.272,-0.312,-0.044,-0.32,2
CFG,8867,0.418,4.74,0.313,0.533,0.368,0.443,0.137,-0.441,1.25,-2.558,-0.105,0.115,-0.05,0.025,-0.281,-0.859,0.832,2
CFLT,8230,0.163,10.431,1.117,0.395,-0.171,-0.357,0.627,0.15,0.109,-3.591,0.954,0.232,-0.334,-0.52,0.464,-0.013,-0.054,3
CG,8867,0.416,5.606,1.013,0.386,0.028,-0.025,0.658,-0.381,0.862,-2.666,0.597,-0.03,-0.389,-0.441,0.242,-0.797,0.445,2
CGBD,4540,-0.065,4.082,0.802,0.359,-0.217,-0.101,0.576,-0.012,1.241,-2.187,0.867,0.423,-0.153,-0.036,0.641,0.053,1.305,2
CGC,4860,-3.694,14.559,-4.209,-3.512,-3.207,-3.03,-4.159,-5.281,0.948,-1.901,-0.516,0.182,0.486,0.663,-0.465,-1.587,4.641,0
CGEM,4044,-0.966,13.815,1.569,-0.881,-2.341,-1.292,-1.523,-3.6,-4.853,-5.763,2.535,0.085,-1.375,-0.326,-0.557,-2.634,-3.888,3
CGNX,8867,0.075,6.069,0.234,0.406,0.104,-0.206,0.339,-0.166,0.415,-1.079,0.16,0.332,0.03,-0.281,0.264,-0.241,0.34,2
CGON,4329,1.015,8.97,1.583,1.112,1.491,0.822,1.474,1.602,1.951,1.658,0.568,0.097,0.476,-0.193,0.459,0.587,0.936,2
CHCO,3943,0.271,4.471,1.864,0.447,-0.195,0.546,1.99,0.138,-0.346,-0.923,1.593,0.175,-0.467,0.275,1.718,-0.133,-0.618,3
CHD,8867,0.113,2.732,0.468,0.108,-0.014,0.108,0.054,0.202,0.364,-1.002,0.355,-0.005,-0.127,-0.005,-0.058,0.089,0.251,2
CHDN,8867,-0.024,4.443,0.593,0.021,-0.26,-0.186,0.853,-0.106,0.076,-0.422,0.617,0.046,-0.236,-0.162,0.877,-0.082,0.1,2
CHEF,7974,0.74,6.352,0.45,1.252,0.656,0.851,1.226,0.919,1.265,-0.721,-0.29,0.513,-0.084,0.111,0.487,0.179,0.526,2
CHKP,8867,0.339,3.792,0.685,0.644,0.308,0.099,0.944,0.185,0.654,-1.917,0.346,0.305,-0.031,-0.24,0.604,-0.155,0.314,2
CHRD,7106,0.311,4.931,0.575,0.504,0.416,0.33,0.169,0.93,-0.143,0.897,0.264,0.193,0.105,0.019,-0.142,0.619,-0.454,2
CHRW,8867,0.204,4.61,1.079,0.281,-0.054,0.293,0.832,-0.077,-0.488,-1.088,0.875,0.078,-0.258,0.089,0.628,-0.281,-0.692,2
CHTR,8867,-0.279,5.909,-0.703,-0.024,-0.228,-0.208,-0.931,-0.124,-0.082,-1.52,-0.424,0.254,0.051,0.07,-0.652,0.154,0.196,2
CI,8867,0.276,3.835,1.007,0.608,0.246,0.087,0.791,0.235,0.087,-0.303,0.731,0.333,-0.03,-0.189,0.515,-0.041,-0.189,2
CIGI,7816,0.262,5.037,-0.431,-0.163,0.618,0.488,-0.23,0.024,-0.235,0.899,-0.693,-0.426,0.355,0.226,-0.492,-0.238,-0.497,2
CINF,8867,0.267,3.408,0.834,0.54,0.396,0.117,0.482,0.337,0.269,0.315,0.568,0.273,0.129,-0.15,0.215,0.07,0.003,2
CL,8867,0.109,2.524,0.092,0.035,0.18,0.111,-0.055,0.003,0.117,-1.341,-0.016,-0.074,0.071,0.002,-0.163,-0.106,0.009,2
CLBT,5178,0.303,8.269,0.685,0.557,0.52,1.515,0.71,1.333,-1.304,-1.406,0.383,0.254,0.218,1.213,0.408,1.031,-1.607,1
CLDX,8762,-0.149,8.229,0.69,-0.642,-0.267,-0.322,0.114,-0.081,1.313,-2.659,0.839,-0.492,-0.118,-0.172,0.264,0.068,1.463,2
CLFD,5805,0.1,10.649,-1.029,-0.722,0.16,0.532,-1.102,1.131,-0.633,-7.296,-1.128,-0.821,0.06,0.433,-1.202,1.032,-0.733,1
CLMT,4577,0.769,12.746,1.016,0.307,0.957,0.438,-0.174,1.273,-4.825,-2.027,0.246,-0.462,0.187,-0.332,-0.944,0.504,-5.595,1
CLSK,6613,-0.862,15.08,-1.855,-0.99,-1.6,0.319,-2.376,0.135,-3.868,-6.511,-0.993,-0.128,-0.738,1.18,-1.514,0.997,-3.006,1
CLX,8867,-0.209,3.704,0.085,-0.334,-0.277,-0.219,-0.481,-0.022,-0.529,-2.872,0.293,-0.125,-0.069,-0.011,-0.272,0.186,-0.32,2
CMCO,4398,-0.176,9.702,-1.336,0.604,0.382,-0.473,0.343,-1.187,-1.296,-5.075,-1.16,0.78,0.558,-0.297,0.519,-1.011,-1.12,0
CMCSA,8867,-0.126,3.564,0.0,0.106,-0.2,-0.179,0.073,0.0,0.221,-2.205,0.126,0.232,-0.074,-0.053,0.2,0.126,0.348,2
CME,8867,0.151,2.923,0.347,0.265,0.134,0.012,0.054,0.267,1.061,-0.901,0.197,0.115,-0.017,-0.139,-0.096,0.116,0.911,2
CMG,8867,0.201,4.857,-0.091,0.32,0.412,0.473,0.2,0.24,0.947,-1.428,-0.292,0.118,0.211,0.271,-0.002,0.039,0.746,2
CMI,8867,0.372,3.744,0.998,0.349,0.295,0.086,0.454,0.662,0.201,-0.175,0.626,-0.023,-0.077,-0.286,0.082,0.29,-0.171,2
CMPR,6529,0.1,8.638,-1.522,0.375,0.997,0.516,-1.4,-0.087,-0.766,-3.088,-1.623,0.275,0.897,0.416,-1.5,-0.188,-0.867,0
CMS,8867,0.218,2.582,-0.064,0.477,0.507,0.234,-0.02,0.683,-0.742,-0.314,-0.282,0.259,0.289,0.015,-0.238,0.465,-0.96,2
CNC,8867,0.167,5.597,-0.028,0.271,0.066,0.184,0.169,-0.082,0.844,-4.817,-0.195,0.104,-0.101,0.017,0.002,-0.249,0.677,2
CNOB,3895,0.178,7.67,0.031,0.036,-0.03,-0.135,0.15,-0.694,1.495,-5.849,-0.147,-0.141,-0.208,-0.313,-0.028,-0.871,1.317,0
CNP,8867,0.293,2.721,0.29,0.403,0.513,0.289,0.438,0.298,0.464,-0.499,-0.003,0.109,0.219,-0.005,0.144,0.005,0.171,2
CNXC,8831,-0.231,6.375,-0.084,-0.524,-0.433,-0.414,0.067,0.061,0.936,-5.169,0.147,-0.293,-0.202,-0.183,0.298,0.292,1.167,2
COCO,6762,0.81,8.896,0.801,0.954,1.633,0.921,-0.024,0.813,2.365,0.293,-0.009,0.144,0.823,0.111,-0.834,0.004,1.555,2
COF,8867,0.165,4.893,0.488,0.27,0.022,-0.193,0.354,0.065,-0.359,-2.751,0.322,0.105,-0.143,-0.358,0.189,-0.1,-0.524,2
COGT,6142,0.331,11.205,2.929,0.287,-0.319,0.071,2.876,-0.567,0.415,-3.606,2.597,-0.044,-0.65,-0.26,2.545,-0.898,0.083,3
COHR,8509,0.547,9.184,0.373,0.758,0.786,0.385,0.291,-0.611,0.693,-2.35,-0.174,0.211,0.239,-0.162,-0.256,-1.158,0.146,0
COHU,7686,0.188,6.952,1.23,0.37,-0.05,-0.4,0.612,-0.083,0.877,-1.572,1.042,0.182,-0.238,-0.588,0.424,-0.271,0.689,2
COIN,8867,-0.527,12.279,-1.892,-0.053,-0.285,-0.12,-2.499,-1.379,-2.775,-2.433,-1.365,0.474,0.242,0.407,-1.972,-0.852,-2.248,1
COKE,7694,0.607,5.682,0.863,0.558,1.026,0.78,1.173,0.692,0.445,-1.816,0.256,-0.049,0.419,0.173,0.566,0.085,-0.163,2
COLB,8820,-0.067,5.084,0.479,0.034,-0.37,-0.577,0.461,-0.441,-0.188,-2.742,0.546,0.102,-0.303,-0.509,0.528,-0.374,-0.121,2
COLL,6912,0.284,6.587,0.658,0.346,0.304,0.084,0.353,0.361,0.625,-4.581,0.374,0.061,0.02,-0.2,0.069,0.077,0.341,2
COLM,8867,-0.211,4.217,0.441,-0.014,-0.294,-0.554,0.289,-0.705,-0.051,-2.957,0.652,0.197,-0.083,-0.343,0.499,-0.494,0.16,2
COO,8867,-0.049,4.217,-0.624,0.052,0.353,0.047,-0.142,0.011,-0.368,-0.535,-0.575,0.101,0.402,0.096,-0.093,0.06,-0.319,2
COP,8867,0.384,4.624,0.714,0.255,0.419,0.862,0.719,0.979,0.847,-1.831,0.33,-0.129,0.035,0.478,0.335,0.594,0.463,2
COR,5932,0.45,3.24,0.908,0.613,0.689,0.682,0.694,0.86,0.505,-0.19,0.458,0.163,0.239,0.232,0.244,0.409,0.054,2
CORT,8777,1.052,8.516,0.598,0.423,1.159,0.962,0.629,1.059,1.397,1.621,-0.454,-0.629,0.107,-0.09,-0.423,0.007,0.345,2
CORZ,4276,1.242,12.234,3.387,2.293,0.5,0.529,3.846,0.822,-1.789,-0.78,2.146,1.052,-0.742,-0.713,2.604,-0.42,-3.031,3
COST,8867,0.52,3.209,-0.063,0.674,0.592,0.717,0.225,0.02,-0.093,-1.098,-0.582,0.154,0.072,0.197,-0.295,-0.5,-0.613,2
CPB,8867,-0.128,3.262,0.028,-0.103,-0.033,0.023,-0.051,-0.154,-0.289,-1.006,0.156,0.026,0.095,0.151,0.077,-0.026,-0.161,2
CPRT,8867,0.165,3.641,-0.34,0.036,0.236,0.059,0.152,0.203,0.34,-3.194,-0.505,-0.129,0.07,-0.107,-0.013,0.038,0.175,2
CPRX,8236,0.386,6.814,1.054,0.674,0.298,0.439,1.021,0.224,0.192,-0.68,0.669,0.289,-0.088,0.053,0.636,-0.161,-0.193,2
CPT,8867,0.055,3.142,0.205,0.054,0.312,0.0,0.167,-0.087,0.565,-1.672,0.15,-0.0,0.257,-0.055,0.112,-0.142,0.51,2
CRAI,4187,0.701,7.212,1.148,0.0,0.83,0.778,-0.256,0.185,1.779,-5.575,0.448,-0.7,0.129,0.077,-0.957,-0.516,1.079,0
CRDO,7620,1.056,12.175,1.029,-0.325,1.501,1.165,0.948,2.18,0.386,-3.31,-0.027,-1.38,0.446,0.109,-0.107,1.124,-0.67,1
CRM,8867,0.219,5.222,0.871,0.052,0.091,-0.035,0.158,-0.214,0.545,-2.384,0.652,-0.167,-0.128,-0.254,-0.061,-0.433,0.326,2
CRMD,3482,0.826,11.629,-0.191,0.705,0.208,1.452,0.0,-0.237,-0.264,0.686,-1.017,-0.122,-0.619,0.625,-0.826,-1.064,-1.09,1
CRNC,7174,-1.322,11.69,-0.789,-1.455,-1.734,-1.409,-0.316,-2.256,-1.45,-1.33,0.533,-0.133,-0.412,-0.087,1.006,-0.934,-0.128,3
CRNX,7320,0.161,9.918,1.207,0.556,-0.257,-0.378,0.791,0.345,0.155,-5.62,1.046,0.395,-0.418,-0.539,0.63,0.184,-0.005,3
CROX,8867,0.231,7.456,0.679,0.231,0.18,-0.123,0.628,-0.462,0.787,-0.181,0.448,0.0,-0.051,-0.353,0.397,-0.693,0.556,2
CRSP,8860,-1.092,8.436,-1.088,-1.03,-1.476,-1.259,-1.02,-1.8,0.456,-1.29,0.004,0.061,-0.385,-0.167,0.071,-0.709,1.548,2
CRSR,6699,-1.055,9.422,-0.748,-1.149,-1.724,-0.942,-1.125,-0.214,-3.247,-5.797,0.307,-0.094,-0.669,0.113,-0.07,0.841,-2.193,1
CRUS,8866,0.29,5.062,0.551,0.357,-0.106,0.605,0.722,-0.144,0.464,-2.089,0.261,0.067,-0.396,0.315,0.432,-0.434,0.174,2
CRVL,5717,0.213,5.922,0.534,0.255,0.706,-0.105,0.158,-0.795,1.587,-0.37,0.321,0.042,0.493,-0.318,-0.055,-1.008,1.375,2
CRWD,8867,0.716,8.309,1.797,0.727,0.351,0.764,0.79,0.348,0.011,-1.341,1.081,0.011,-0.365,0.048,0.074,-0.369,-0.705,2
CSCO,8867,0.379,3.541,0.814,0.514,0.353,0.249,0.863,0.498,0.342,-1.137,0.435,0.135,-0.027,-0.13,0.484,0.119,-0.037,2
CSGP,8867,-0.268,4.916,-0.13,-0.103,-0.336,-0.13,0.147,0.16,-1.111,-1.178,0.138,0.164,-0.069,0.137,0.414,0.428,-0.843,2
CSIQ,8842,-0.792,9.918,0.258,-0.391,-1.805,-1.623,0.083,-1.909,-0.382,-2.234,1.049,0.401,-1.014,-0.832,0.875,-1.117,0.409,3
CSQ,4899,0.385,4.114,0.728,0.111,0.305,0.35,0.938,0.805,0.466,-2.176,0.343,-0.274,-0.08,-0.035,0.553,0.42,0.081,2
CSTL,6403,0.027,11.606,-0.075,-0.297,0.142,-1.189,-0.821,-1.715,2.214,-4.325,-0.102,-0.324,0.115,-1.216,-0.848,-1.741,2.187,0
CSWC,6720,0.321,3.606,0.0,0.491,0.358,0.131,0.341,0.336,-0.257,-3.411,-0.321,0.17,0.038,-0.19,0.02,0.016,-0.578,2
CSX,8867,0.211,3.181,0.238,0.173,-0.116,0.0,0.132,0.203,-0.12,-0.572,0.027,-0.039,-0.327,-0.211,-0.079,-0.008,-0.332,2
CTAS,8867,0.378,3.198,0.285,0.63,0.497,0.456,0.496,0.287,0.322,-1.656,-0.093,0.252,0.119,0.079,0.118,-0.091,-0.056,2
CTKB,4214,-0.843,11.05,0.58,-2.241,-1.241,-0.213,-0.777,2.341,-3.604,-6.922,1.423,-1.398,-0.398,0.63,0.066,3.184,-2.761,1
CTRA,8034,0.31,4.78,0.979,0.32,-0.208,0.079,0.3,0.485,0.217,-3.864,0.669,0.011,-0.518,-0.23,-0.01,0.175,-0.092,2
CTRN,3907,-0.374,14.162,-0.394,-0.983,1.026,-0.685,0.452,1.336,-0.551,-5.163,-0.021,-0.609,1.4,-0.312,0.826,1.71,-0.178,1
CTSH,8867,-0.127,4.236,-0.08,-0.36,-0.335,0.006,0.066,-0.049,0.568,-3.587,0.047,-0.233,-0.208,0.134,0.194,0.079,0.695,2
CVBF,8633,-0.049,4.628,0.291,0.044,-0.076,-0.035,0.149,0.209,-0.148,-1.586,0.34,0.093,-0.027,0.014,0.198,0.258,-0.098,2
CVCO,7593,0.679,6.267,0.334,0.812,0.383,0.877,-0.036,0.456,0.601,-1.383,-0.345,0.133,-0.296,0.198,-0.715,-0.223,-0.078,2
CVGW,4221,-0.397,8.529,0.97,-0.442,-1.239,-0.079,0.832,-0.542,0.717,-1.763,1.367,-0.045,-0.843,0.318,1.228,-0.146,1.113,3
CVLT,8825,0.411,5.645,0.679,0.688,-0.123,0.027,1.181,0.065,0.282,-0.293,0.268,0.277,-0.534,-0.384,0.769,-0.346,-0.129,2
CVS,8867,0.292,4.376,0.0,0.259,0.497,0.407,0.555,0.272,0.166,-2.138,-0.292,-0.033,0.205,0.115,0.263,-0.02,-0.126,2
CVX,8867,0.369,3.661,0.461,0.58,0.268,0.322,0.328,0.026,1.44,-0.284,0.092,0.211,-0.101,-0.047,-0.041,-0.343,1.071,2
CWST,8748,0.266,3.845,0.048,0.402,0.446,0.189,0.509,-0.104,-0.41,-3.745,-0.218,0.136,0.18,-0.077,0.243,-0.37,-0.676,2
CYRX,6423,0.222,10.961,0.86,-0.156,0.515,0.031,1.639,-0.979,-0.889,-3.279,0.638,-0.378,0.293,-0.191,1.417,-1.201,-1.111,3
CYTK,8851,-0.082,9.044,0.741,0.341,0.135,-0.157,0.574,0.25,0.595,-1.545,0.823,0.423,0.216,-0.075,0.656,0.331,0.676,2
CZR,8867,-0.3,6.84,0.181,-0.109,-1.114,-0.902,0.184,-1.213,0.072,-4.214,0.48,0.191,-0.814,-0.602,0.484,-0.914,0.372,3
D,8867,0.086,3.134,0.171,0.306,0.083,0.056,0.426,0.079,-0.345,-1.04,0.086,0.22,-0.003,-0.03,0.341,-0.007,-0.43,2
DAKT,3621,0.836,9.362,1.136,0.561,1.29,0.454,1.024,3.029,-0.25,-2.914,0.301,-0.275,0.454,-0.382,0.188,2.193,-1.086,2
DAL,8867,0.374,5.67,-0.206,0.212,0.395,0.884,0.17,-0.199,0.984,-0.429,-0.58,-0.161,0.021,0.51,-0.204,-0.573,0.61,2
DASH,8867,0.354,7.271,0.748,0.081,0.224,-0.297,0.929,0.188,0.526,-2.823,0.394,-0.273,-0.13,-0.651,0.575,-0.166,0.172,2
DAVE,4551,1.353,18.728,-0.519,1.568,1.889,1.079,0.701,0.889,1.688,-17.536,-1.872,0.215,0.536,-0.274,-0.652,-0.464,0.335,0
DAY,3503,0.014,5.675,0.278,0.087,0.044,-0.092,0.348,-0.341,0.305,-1.016,0.264,0.072,0.029,-0.106,0.333,-0.355,0.291,2
DBX,8867,0.331,4.558,0.741,0.28,0.491,0.3,0.491,1.003,0.88,-3.373,0.41,-0.051,0.16,-0.032,0.159,0.672,0.548,2
DD,8867,0.122,4.237,0.739,0.085,0.076,-0.152,0.941,0.385,0.011,1.38,0.617,-0.037,-0.046,-0.274,0.819,0.263,-0.111,2
DDOG,8867,0.435,8.085,0.857,0.0,0.608,0.491,0.927,0.154,-0.366,-0.154,0.422,-0.435,0.173,0.056,0.491,-0.281,-0.802,2
DE,8867,0.28,4.123,0.925,0.342,0.297,0.05,0.099,0.314,1.027,-2.581,0.645,0.062,0.017,-0.23,-0.181,0.034,0.747,2
DG,8867,-0.088,5.081,-0.153,-0.05,-0.424,-0.177,0.042,-0.145,0.804,-1.879,-0.065,0.038,-0.336,-0.089,0.13,-0.057,0.892,2
DGII,5555,0.819,7.058,0.944,1.209,1.376,0.77,0.593,1.027,1.122,-4.409,0.125,0.39,0.557,-0.049,-0.226,0.209,0.303,2
DHI,8867,0.12,4.743,0.141,0.294,0.249,-0.401,0.206,0.232,-0.502,-1.356,0.022,0.174,0.13,-0.521,0.087,0.113,-0.621,2
DHR,8867,0.036,3.954,0.385,0.035,0.172,0.062,0.424,0.468,0.11,-0.469,0.349,-0.002,0.135,0.025,0.388,0.432,0.074,2
DIOD,8790,0.078,6.591,0.062,0.154,-0.273,0.378,0.859,-0.313,0.232,-1.886,-0.016,0.076,-0.351,0.3,0.781,-0.392,0.153,2
DIS,8867,-0.182,4.178,-0.063,-0.371,-0.623,-0.148,0.062,-0.081,0.747,-2.199,0.119,-0.189,-0.441,0.035,0.244,0.101,0.929,2
DJT,4077,-2.214,13.575,-3.75,-2.481,-0.586,-0.69,-2.13,-0.164,-3.619,-4.861,-1.536,-0.267,1.628,1.524,0.084,2.051,-1.404,1
DKNG,8867,0.058,8.876,-0.223,0.353,0.04,0.015,-0.374,0.807,0.445,-3.747,-0.281,0.295,-0.018,-0.043,-0.432,0.748,0.387,2
DLO,8640,-0.44,10.209,1.046,-0.202,-1.162,-1.414,0.68,-1.329,-0.182,-4.841,1.486,0.238,-0.722,-0.974,1.119,-0.889,0.258,3
DLR,8867,0.209,4.005,0.119,0.301,0.353,0.323,0.317,-0.283,0.498,-1.103,-0.09,0.092,0.144,0.113,0.108,-0.492,0.289,2
DLTR,8867,0.221,5.608,-0.315,0.17,0.563,0.161,-0.423,0.045,0.493,0.268,-0.535,-0.05,0.342,-0.059,-0.643,-0.176,0.273,2
DNLI,8836,-0.512,8.165,-0.058,-0.477,-1.398,-1.485,0.246,-0.386,0.319,-3.736,0.454,0.035,-0.886,-0.973,0.758,0.126,0.831,3
DNTH,3069,1.796,12.043,2.623,1.857,1.768,2.889,1.203,3.182,-2.413,-1.447,0.827,0.061,-0.028,1.093,-0.593,1.386,-4.208,1
DNUT,6421,-0.457,6.605,-0.757,0.0,-0.221,-0.581,-0.756,-0.099,-1.687,-1.113,-0.3,0.457,0.236,-0.124,-0.3,0.358,-1.23,2
DOCN,8867,0.238,10.125,0.79,0.149,0.577,0.129,2.113,0.401,0.175,-3.697,0.553,-0.089,0.339,-0.109,1.875,0.163,-0.063,3
DOCU,8867,-0.275,8.078,-0.288,-0.074,-0.095,-0.385,0.014,-0.165,-0.188,-4.588,-0.014,0.201,0.18,-0.11,0.289,0.11,0.087,2
DOMO,5528,-1.378,11.966,0.0,-2.133,-1.349,-0.693,-2.446,-0.81,-4.691,-4.947,1.378,-0.755,0.03,0.685,-1.068,0.568,-3.313,1
DORM,7354,-0.072,5.018,0.052,-0.04,-0.128,0.082,0.316,-0.337,1.452,-1.607,0.125,0.033,-0.056,0.155,0.388,-0.264,1.524,2
DOV,8867,0.258,3.346,0.017,0.198,0.215,0.032,0.415,0.121,0.312,0.324,-0.241,-0.059,-0.043,-0.226,0.157,-0.137,0.054,2
DOW,8867,-0.194,4.729,-0.21,0.087,-0.439,-0.241,-0.125,0.217,-1.052,-2.751,-0.016,0.281,-0.246,-0.047,0.069,0.411,-0.858,2
DOX,8867,0.012,2.797,0.146,-0.024,-0.18,-0.146,0.032,0.132,0.594,-3.035,0.135,-0.035,-0.192,-0.157,0.021,0.12,0.583,2
DPZ,8867,-0.15,4.047,0.014,-0.041,-0.154,-0.406,0.084,-0.133,0.053,-2.163,0.164,0.108,-0.004,-0.257,0.234,0.016,0.203,2
DRH,8810,0.118,4.508,1.032,0.0,-0.253,0.109,0.847,0.814,-0.312,-2.591,0.914,-0.118,-0.371,-0.009,0.729,0.696,-0.43,2
DRI,8867,0.058,3.62,0.748,0.212,-0.101,-0.222,0.782,0.192,0.39,0.037,0.69,0.153,-0.159,-0.28,0.723,0.134,0.332,2
DRS,6169,0.737,5.042,1.509,0.944,0.724,0.072,1.499,0.591,2.282,1.213,0.772,0.207,-0.013,-0.665,0.762,-0.146,1.545,2
DRVN,8502,0.036,6.087,0.751,0.123,0.284,-0.82,1.372,-0.683,1.736,-0.285,0.715,0.088,0.248,-0.856,1.336,-0.719,1.7,2
DSGX,8236,0.103,4.375,0.388,0.202,0.529,-0.079,0.363,-0.191,0.318,0.038,0.284,0.099,0.426,-0.182,0.26,-0.295,0.215,2
DTE,8867,0.194,2.631,0.1,0.37,0.229,0.257,0.199,0.137,0.067,0.077,-0.093,0.176,0.035,0.063,0.006,-0.057,-0.127,2
DUK,8867,0.171,2.519,0.148,0.29,0.185,0.133,0.154,0.326,0.721,-1.831,-0.023,0.119,0.014,-0.039,-0.018,0.155,0.55,2
DUOL,8740,-0.253,9.262,0.288,-0.915,-0.517,-0.553,0.071,0.756,-1.808,-5.41,0.541,-0.663,-0.264,-0.301,0.324,1.009,-1.556,1
DVA,8867,0.314,5.322,1.137,0.352,0.325,-0.041,0.571,0.274,0.564,-0.25,0.823,0.038,0.011,-0.355,0.258,-0.04,0.25,2
DVN,8867,0.409,5.832,0.559,0.241,0.685,0.491,0.333,-0.028,1.697,-0.549,0.15,-0.168,0.276,0.082,-0.076,-0.437,1.288,2
DXCM,8867,0.146,6.425,0.309,0.627,0.159,-0.239,0.68,0.03,1.159,-2.279,0.162,0.481,0.013,-0.385,0.534,-0.116,1.013,2
DXPE,4015,1.805,9.242,1.642,1.453,1.623,1.268,1.721,1.675,1.527,-1.319,-0.163,-0.352,-0.181,-0.536,-0.084,-0.13,-0.278,2
DYN,5904,0.218,12.985,-0.997,0.462,0.041,-0.057,-0.704,-0.759,1.784,-4.571,-1.215,0.244,-0.177,-0.275,-0.922,-0.977,1.566,0
EA,8867,0.212,3.54,0.396,0.288,0.166,0.151,0.437,0.348,0.597,-0.569,0.184,0.076,-0.046,-0.062,0.225,0.136,0.385,2
EBAY,8867,0.317,4.327,0.72,0.635,0.415,0.025,0.722,0.134,0.311,-3.599,0.404,0.318,0.099,-0.292,0.406,-0.183,-0.006,2
EBC,8594,0.181,4.374,0.0,0.563,0.11,0.0,0.205,0.565,-0.091,-1.762,-0.181,0.382,-0.071,-0.181,0.024,0.384,-0.272,2
ECL,8867,0.41,3.327,0.213,0.422,0.514,0.356,0.003,0.537,0.633,-1.02,-0.197,0.012,0.104,-0.054,-0.407,0.127,0.224,2
ECPG,6831,0.539,6.003,0.373,0.447,0.404,0.295,0.282,0.3,0.869,0.082,-0.167,-0.093,-0.136,-0.244,-0.258,-0.239,0.329,2
ED,8867,0.21,2.675,-0.101,0.245,0.448,0.048,-0.033,0.477,0.31,-2.601,-0.311,0.035,0.238,-0.162,-0.243,0.267,0.101,2
EDIT,5331,-1.997,10.695,-2.315,-1.281,-2.812,-2.842,-1.134,0.497,-1.35,-3.883,-0.319,0.716,-0.816,-0.845,0.862,2.493,0.646,3
EEFT,8860,-0.101,5.019,0.014,0.098,0.128,0.111,-0.139,-0.33,-0.497,-1.644,0.115,0.198,0.229,0.212,-0.038,-0.23,-0.396,2
EFSC,5363,-0.049,5.044,0.07,-0.054,-0.486,-0.466,0.15,-0.143,-0.437,-1.971,0.12,-0.004,-0.437,-0.417,0.2,-0.093,-0.388,2
EFX,8867,0.05,4.656,0.121,-0.013,0.113,-0.383,-0.224,-0.333,-0.39,-0.212,0.07,-0.064,0.063,-0.433,-0.274,-0.384,-0.44,2
EG,5334,0.313,3.161,1.637,0.421,0.065,-0.029,0.708,-0.366,0.316,-0.503,1.324,0.107,-0.248,-0.342,0.395,-0.679,0.002,2
EGBN,5571,-0.486,7.648,-1.511,-0.754,-0.942,-0.238,-0.716,-0.714,-1.673,-2.43,-1.025,-0.268,-0.456,0.248,-0.23,-0.228,-1.187,1
EIX,8867,0.397,3.634,-0.046,0.596,0.479,0.292,0.517,0.469,1.088,-1.203,-0.443,0.2,0.082,-0.105,0.12,0.073,0.691,2
EL,8867,-0.267,5.869,-0.108,-0.484,-0.242,-0.515,-0.507,-0.136,0.128,-3.823,0.159,-0.217,0.025,-0.248,-0.24,0.131,0.395,2
ELV,7134,0.104,4.041,0.898,0.1,0.073,-0.211,0.807,0.193,0.63,-0.368,0.794,-0.004,-0.031,-0.315,0.703,0.089,0.526,2
ELVN,3200,0.574,13.414,1.783,1.392,-1.25,0.422,0.549,0.388,-1.345,-1.274,1.209,0.818,-1.824,-0.153,-0.025,-0.186,-1.919,3
EMBC,5503,-1.306,8.832,-0.169,-1.341,-1.393,-1.838,-0.966,-1.576,-3.843,-5.724,1.138,-0.035,-0.087,-0.532,0.341,-0.27,-2.537,3
EMN,8867,-0.122,4.317,0.432,-0.095,-0.346,-0.428,0.277,-0.57,-0.289,-0.863,0.553,0.027,-0.225,-0.306,0.399,-0.448,-0.168,2
EMR,8867,0.251,3.832,0.686,0.129,0.238,0.37,0.739,0.41,0.853,-1.685,0.435,-0.122,-0.012,0.119,0.488,0.159,0.602,2
ENPH,8867,-0.347,9.942,-0.804,0.307,-1.072,-0.303,-0.204,-0.491,1.44,-2.989,-0.457,0.655,-0.724,0.045,0.144,-0.144,1.787,2
ENSG,8816,0.212,3.544,0.495,0.187,0.0,0.193,0.732,-0.352,0.1,-1.44,0.283,-0.025,-0.212,-0.019,0.52,-0.564,-0.112,2
ENTA,3890,-0.583,12.784,-2.047,-2.598,1.102,0.591,-2.026,3.073,-0.936,-3.648,-1.464,-2.015,1.685,1.174,-1.443,3.656,-0.354,1
ENTG,8867,0.342,6.967,0.419,0.661,-0.026,0.467,0.497,0.17,0.058,-2.033,0.077,0.319,-0.368,0.125,0.155,-0.171,-0.284,2
ENVX,8658,-0.941,13.42,-0.189,-1.172,-1.338,-0.106,-1.173,0.268,-0.156,-3.462,0.751,-0.232,-0.397,0.835,-0.232,1.209,0.785,1
EOG,8867,0.429,4.63,0.798,0.288,0.6,0.16,0.645,0.213,0.785,-1.148,0.369,-0.141,0.171,-0.269,0.216,-0.216,0.356,2
EOLS,5326,-0.301,11.378,-1.0,0.167,0.429,-0.183,-0.06,1.469,0.383,-1.984,-0.699,0.469,0.73,0.118,0.241,1.77,0.684,0
EPAM,8867,-0.164,8.02,-0.583,-0.067,-0.095,-0.099,-0.843,-0.301,0.988,-1.311,-0.419,0.097,0.069,0.065,-0.679,-0.137,1.152,2
EQIX,8867,0.203,3.662,0.775,0.3,0.031,0.029,0.824,0.1,0.228,-1.29,0.572,0.097,-0.171,-0.173,0.621,-0.103,0.025,2
EQR,8867,0.127,3.013,0.281,0.13,0.178,0.125,0.272,-0.008,-0.131,-0.908,0.154,0.003,0.051,-0.002,0.145,-0.135,-0.258,2
EQT,8867,0.331,6.072,1.033,0.48,0.0,0.524,0.57,1.118,0.295,-0.123,0.702,0.15,-0.331,0.193,0.239,0.787,-0.035,2
ERIE,8183,0.175,4.647,0.439,0.214,-0.182,0.161,-0.082,0.163,0.491,-0.707,0.264,0.038,-0.357,-0.014,-0.257,-0.012,0.315,2
ERII,6343,0.063,7.644,0.138,0.143,0.309,-0.397,-0.151,-0.337,1.011,-2.92,0.075,0.08,0.246,-0.46,-0.213,-0.4,0.948,0
ES,8867,0.205,3.292,-0.047,0.388,0.26,0.165,0.214,0.352,0.499,-0.199,-0.252,0.184,0.055,-0.04,0.009,0.147,0.294,2
ESLT,5128,0.96,6.068,1.089,1.113,1.52,0.82,0.33,-0.09,-0.178,-2.719,0.129,0.153,0.56,-0.14,-0.63,-1.05,-1.138,2
ESS,8867,0.142,3.192,0.39,0.331,0.115,0.055,0.586,-0.001,0.577,0.246,0.248,0.189,-0.026,-0.087,0.444,-0.143,0.435,2
ESTA,7751,0.629,9.316,1.413,1.777,1.042,0.259,1.272,1.604,0.596,1.267,0.784,1.147,0.413,-0.37,0.642,0.975,-0.033,2
ESTC,8867,0.198,8.414,1.659,0.462,-0.038,-0.228,0.901,0.295,0.156,-2.711,1.46,0.264,-0.236,-0.426,0.703,0.097,-0.043,3
ETN,8867,0.609,3.993,0.476,1.042,0.653,0.45,0.839,0.423,1.15,-0.272,-0.133,0.433,0.044,-0.159,0.23,-0.186,0.541,2
ETR,8867,0.375,2.979,0.815,0.565,0.135,0.21,0.501,0.371,0.426,-1.004,0.44,0.19,-0.24,-0.165,0.126,-0.004,0.051,2
EVER,5820,0.042,11.994,-0.418,-0.298,0.127,-0.942,-0.494,0.125,0.723,-8.757,-0.46,-0.34,0.085,-0.984,-0.537,0.082,0.681,0
EVGO,3546,-1.498,12.714,0.345,-2.473,-1.007,-1.378,0.449,-3.399,0.253,-2.524,1.842,-0.975,0.491,0.119,1.947,-1.901,1.751,3
EVRG,8867,0.309,2.693,0.133,0.359,0.226,0.4,0.424,0.362,0.454,-2.265,-0.177,0.049,-0.084,0.091,0.115,0.052,0.145,2
EW,8867,0.053,4.504,-0.19,0.415,0.291,-0.338,0.347,-0.226,0.864,-1.601,-0.243,0.362,0.238,-0.391,0.294,-0.279,0.811,2
EWBC,8867,0.374,4.95,0.313,0.711,0.454,0.396,0.8,0.511,0.712,0.459,-0.061,0.337,0.08,0.022,0.426,0.138,0.338,2
EWTX,5146,0.169,13.328,0.047,0.559,-0.273,-1.262,1.494,-0.672,-0.948,0.486,-0.122,0.39,-0.441,-1.431,1.326,-0.841,-1.116,3
EXC,8867,0.233,3.276,-0.05,0.451,0.297,0.092,0.635,0.351,0.728,-0.68,-0.284,0.217,0.063,-0.142,0.402,0.117,0.495,2
EXE,3163,0.386,4.243,-0.781,0.429,0.274,0.608,-0.484,0.903,0.592,-2.022,-1.167,0.043,-0.111,0.222,-0.87,0.518,0.206,2
EXEL,8867,0.409,4.837,1.055,0.458,0.242,0.144,0.888,0.158,1.342,-2.292,0.646,0.05,-0.166,-0.265,0.479,-0.25,0.933,2
EXLS,8835,0.381,4.575,0.782,0.523,0.171,0.281,0.535,0.456,0.622,-0.75,0.401,0.143,-0.21,-0.1,0.154,0.075,0.241,2
EXPD,8867,0.28,3.546,0.686,0.658,0.434,0.141,0.552,0.08,-0.23,-1.012,0.407,0.378,0.154,-0.139,0.273,-0.2,-0.509,2
EXPE,8867,0.425,6.486,0.793,0.679,0.239,0.65,0.689,0.131,0.005,-2.364,0.368,0.255,-0.185,0.225,0.265,-0.293,-0.42,2
EXPO,8717,0.028,4.242,-0.073,0.065,-0.227,-0.231,-0.003,-0.105,0.052,-2.467,-0.101,0.037,-0.255,-0.259,-0.031,-0.133,0.024,2
EXR,8867,0.141,3.947,-0.816,0.138,0.547,0.222,-0.548,0.667,0.711,-1.117,-0.957,-0.002,0.406,0.081,-0.689,0.526,0.57,2
EXTR,8722,0.356,6.874,0.339,0.426,-0.314,0.753,-0.112,1.043,-0.204,-0.68,-0.016,0.07,-0.67,0.397,-0.468,0.688,-0.56,2
EYE,8862,0.086,7.415,0.396,0.0,0.153,-0.09,0.791,0.192,0.356,0.753,0.311,-0.086,0.067,-0.176,0.705,0.106,0.27,2
EYPT,4869,-0.572,14.661,0.753,-1.301,-0.147,-0.892,0.044,-4.44,-3.354,-4.538,1.325,-0.729,0.425,-0.32,0.616,-3.868,-2.782,3
EZPW,4877,1.145,6.323,0.759,1.291,1.2,0.887,1.672,1.549,1.504,-2.241,-0.387,0.146,0.054,-0.258,0.527,0.404,0.359,2
F,8867,0.216,5.642,0.259,0.18,0.0,0.251,0.147,0.235,0.542,-1.558,0.043,-0.035,-0.216,0.035,-0.069,0.02,0.326,2
FA,6448,0.101,7.242,0.487,0.325,0.244,-0.222,0.971,-0.959,-0.219,-3.543,0.385,0.224,0.143,-0.323,0.87,-1.061,-0.32,3
FANG,8867,0.409,5.317,1.321,0.145,0.083,0.352,0.92,0.392,0.628,-1.477,0.911,-0.264,-0.327,-0.057,0.511,-0.017,0.219,2
FAST,8867,0.288,3.301,0.15,0.461,0.433,0.446,0.242,0.44,-0.851,-2.575,-0.138,0.173,0.145,0.158,-0.046,0.152,-1.139,2
FATE,3885,-1.972,10.921,-0.844,-0.429,-1.655,-3.457,-1.154,-0.937,-4.076,-3.438,1.128,1.543,0.317,-1.485,0.818,1.035,-2.104,3
FBNC,5034,0.08,5.772,-0.231,0.309,0.346,-0.069,0.466,-1.096,0.737,-3.528,-0.311,0.229,0.266,-0.149,0.385,-1.176,0.657,2
FCEL,8195,-2.033,14.183,-1.41,-2.376,-1.81,-3.315,-1.54,0.141,-0.748,-3.725,0.623,-0.344,0.223,-1.282,0.493,2.174,1.285,3
FCFS,8642,0.486,3.912,0.407,0.828,0.611,0.393,0.217,0.274,0.502,-0.397,-0.08,0.342,0.124,-0.093,-0.27,-0.212,0.016,2
FCNCA,8795,0.272,5.929,0.453,0.391,0.088,0.25,0.336,-0.138,-0.819,-1.879,0.182,0.12,-0.184,-0.021,0.064,-0.409,-1.091,2
FCX,8867,0.334,6.356,0.627,0.52,-0.05,0.077,0.561,0.267,1.083,-0.896,0.292,0.186,-0.384,-0.257,0.227,-0.067,0.748,2
FDMT,4972,-0.918,15.229,-0.477,-0.105,-0.771,-1.964,0.272,-2.19,-1.662,-6.492,0.441,0.813,0.147,-1.046,1.19,-1.272,-0.744,3
FDS,8867,0.201,4.171,-0.225,0.249,0.487,0.238,0.02,0.106,0.108,-0.782,-0.426,0.049,0.286,0.037,-0.181,-0.094,-0.092,2
FDUS,3402,0.0,3.939,1.261,-0.054,0.187,-0.601,0.102,1.32,0.103,-3.691,1.261,-0.054,0.187,-0.601,0.102,1.32,0.103,2
FDX,8867,0.378,4.625,0.785,0.573,0.281,-0.043,0.717,0.398,-0.126,-0.218,0.407,0.195,-0.096,-0.42,0.339,0.02,-0.504,2
FE,8867,0.225,2.709,0.039,0.375,0.301,0.102,0.062,0.296,0.062,-0.859,-0.186,0.15,0.076,-0.123,-0.163,0.071,-0.163,2
FELE,7986,0.112,3.677,0.448,0.522,-0.163,0.19,0.91,0.117,0.44,-1.223,0.336,0.41,-0.275,0.079,0.798,0.005,0.328,2
FFBC,6194,0.126,4.834,0.481,0.051,-0.184,0.0,0.963,0.537,-1.432,-2.01,0.354,-0.075,-0.311,-0.126,0.837,0.411,-1.558,2
FFIN,8767,-0.103,4.216,-0.11,0.0,0.049,-0.23,0.207,0.281,-0.743,0.375,-0.008,0.103,0.151,-0.128,0.31,0.384,-0.64,2
FFIV,8867,0.547,4.0,1.0,0.846,0.252,0.183,0.964,0.388,0.773,-0.746,0.453,0.299,-0.295,-0.364,0.417,-0.159,0.226,2
FHB,8819,0.038,4.194,0.338,0.293,-0.502,-0.216,0.691,0.117,0.471,-1.622,0.3,0.255,-0.54,-0.253,0.654,0.079,0.433,2
FIBK,8697,0.058,4.498,0.511,0.122,-0.417,-0.272,0.599,-0.137,-0.13,-1.516,0.453,0.064,-0.475,-0.33,0.541,-0.195,-0.188,2
FICO,8865,0.465,6.027,0.473,0.19,0.493,0.68,0.724,0.092,-0.14,-1.666,0.008,-0.275,0.028,0.215,0.26,-0.373,-0.605,2
FIS,8867,-0.046,4.662,0.109,0.0,0.16,-0.37,-0.06,-0.474,-0.333,-1.171,0.154,0.046,0.206,-0.324,-0.014,-0.428,-0.287,2
FISV,4615,0.245,5.608,0.357,0.997,0.128,0.03,0.859,0.756,-0.387,0.753,0.112,0.752,-0.117,-0.215,0.615,0.511,-0.632,2
FITB,8867,0.265,4.487,0.222,0.474,0.23,0.253,0.03,-0.333,-0.784,-1.186,-0.043,0.209,-0.035,-0.012,-0.235,-0.598,-1.049,2
FIVE,8867,0.217,6.555,-0.063,-0.009,0.359,-0.264,0.631,0.555,1.559,-1.877,-0.28,-0.227,0.142,-0.482,0.413,0.337,1.342,2
FIVN,8867,-0.598,8.211,0.071,-0.782,-0.903,-0.419,-0.656,-0.356,-2.39,-2.48,0.669,-0.185,-0.305,0.178,-0.058,0.242,-1.792,1
FIZZ,6647,-0.089,4.86,-0.644,0.066,0.189,-0.497,-0.178,-0.271,1.179,-2.246,-0.556,0.155,0.278,-0.408,-0.089,-0.182,1.267,2
FLEX,8867,0.837,6.516,0.641,0.891,0.658,0.863,1.205,1.396,-0.21,-0.861,-0.195,0.054,-0.179,0.027,0.369,0.559,-1.047,2
FLGT,6411,-0.689,8.099,0.0,-0.565,-1.23,-1.73,-0.265,-2.131,0.638,-6.094,0.689,0.124,-0.541,-1.041,0.425,-1.442,1.327,3
FLNC,7958,-1.094,13.837,0.411,-0.647,-1.988,-0.675,0.33,-1.092,-0.127,-2.765,1.505,0.446,-0.894,0.419,1.423,0.001,0.967,3
FLYW,8743,0.087,8.166,1.217,-0.137,0.39,-0.116,0.119,-0.273,0.697,-1.48,1.131,-0.223,0.304,-0.202,0.032,-0.359,0.611,2
FNKO,4900,0.173,10.753,1.011,-0.234,0.553,0.818,1.058,1.549,-0.219,0.0,0.838,-0.407,0.38,0.645,0.884,1.376,-0.393,1
FNV,8867,0.435,4.317,0.436,0.361,0.115,0.519,0.395,1.341,0.149,-2.329,0.001,-0.074,-0.32,0.084,-0.04,0.906,-0.287,2
FORM,8723,0.518,7.817,1.025,1.382,0.886,0.36,2.197,-0.009,0.552,-1.356,0.507,0.863,0.368,-0.159,1.678,-0.527,0.034,3
FOX,8867,0.404,3.83,0.462,0.542,0.548,0.112,0.535,0.704,0.655,0.84,0.058,0.138,0.144,-0.292,0.131,0.3,0.251,2
FOXA,8867,0.381,3.94,0.663,0.546,0.465,0.168,0.669,0.213,1.815,-2.32,0.282,0.164,0.084,-0.213,0.288,-0.168,1.434,2
FOXF,8651,-0.474,7.129,0.497,-0.399,-0.854,-0.346,0.483,-0.646,-0.244,-6.789,0.971,0.074,-0.38,0.128,0.957,-0.172,0.23,3
FRHC,6699,0.419,6.174,0.426,0.436,0.66,0.716,0.074,0.044,-0.073,-1.314,0.007,0.018,0.241,0.297,-0.344,-0.375,-0.492,2
FRME,6555,-0.323,4.918,0.05,-0.391,-0.338,-0.737,0.282,-0.506,-0.166,-2.451,0.372,-0.069,-0.016,-0.414,0.605,-0.183,0.157,2
FROG,8825,0.271,7.946,0.549,0.376,0.55,0.347,0.283,-0.339,0.52,-2.26,0.279,0.105,0.28,0.076,0.012,-0.61,0.249,2
FRPT,8867,0.034,7.395,-0.702,0.324,-0.136,-0.351,-0.479,0.538,-1.567,-0.758,-0.736,0.29,-0.17,-0.385,-0.513,0.504,-1.601,2
FRSH,8472,-0.463,7.917,1.337,0.0,-0.683,-1.138,0.861,-2.432,0.266,-2.616,1.8,0.463,-0.22,-0.675,1.325,-1.969,0.729,3
FRT,8867,0.078,3.154,0.511,0.281,0.0,-0.036,0.4,-0.103,0.46,-1.127,0.432,0.203,-0.078,-0.114,0.322,-0.181,0.382,2
FSLR,8867,0.11,7.983,1.603,0.178,0.054,0.278,0.671,1.065,1.42,-0.271,1.493,0.068,-0.056,0.168,0.561,0.955,1.31,2
FSLY,8859,-0.352,11.859,-0.472,0.097,-0.274,-0.457,-0.324,-1.244,-3.333,-1.0,-0.12,0.449,0.078,-0.105,0.028,-0.892,-2.981,3
FSV,7557,0.036,3.697,0.147,0.18,0.119,-0.148,0.351,-0.255,-0.647,-3.559,0.11,0.144,0.082,-0.184,0.315,-0.291,-0.684,2
FTAI,8510,1.422,7.896,1.688,1.815,1.599,1.254,1.744,0.439,2.021,-6.485,0.266,0.393,0.177,-0.168,0.323,-0.983,0.599,0
FTDR,8848,0.204,5.751,-0.033,0.096,0.258,0.46,0.058,0.616,0.701,-2.233,-0.237,-0.109,0.054,0.255,-0.146,0.412,0.497,2
FTNT,8867,0.625,6.128,1.81,0.664,0.903,0.66,0.913,0.677,1.042,-1.075,1.185,0.039,0.278,0.036,0.288,0.052,0.417,2
FTRE,5138,-0.36,10.22,-2.032,0.188,-0.518,0.688,-0.685,0.943,-0.083,0.487,-1.673,0.548,-0.158,1.047,-0.325,1.303,0.276,1
FULC,3721,-1.2,18.138,-5.117,-2.625,-1.801,0.977,-3.31,-0.436,0.0,-2.695,-3.917,-1.426,-0.601,2.177,-2.11,0.763,1.2,1
FULT,8828,0.069,4.404,0.051,-0.155,0.061,0.0,0.154,0.0,0.042,-0.981,-0.018,-0.224,-0.008,-0.069,0.084,-0.069,-0.028,2
FWONA,6362,0.415,4.454,1.023,0.169,0.395,0.362,0.681,-0.129,-0.169,-2.077,0.609,-0.245,-0.02,-0.053,0.266,-0.543,-0.584,2
FWONK,8867,0.356,3.632,0.574,0.083,0.15,0.224,0.798,0.085,-0.251,-1.041,0.217,-0.273,-0.206,-0.132,0.442,-0.271,-0.607,2
FWRD,8424,-0.339,9.801,-1.428,-0.443,-0.595,-0.113,-0.87,-1.344,-0.202,-4.814,-1.088,-0.104,-0.256,0.226,-0.531,-1.005,0.137,0
FWRG,5906,-0.206,7.773,0.829,-0.244,0.156,0.262,0.159,0.388,-0.818,-7.241,1.035,-0.039,0.362,0.468,0.365,0.594,-0.612,1
GBDC,8574,0.068,2.411,0.065,0.213,0.198,0.073,0.186,0.441,0.231,-0.075,-0.003,0.146,0.131,0.006,0.118,0.373,0.164,2
GCT,5392,0.05,13.558,-1.222,0.52,0.735,0.535,0.167,0.043,0.509,0.723,-1.271,0.47,0.686,0.486,0.117,-0.006,0.459,0
GD,8867,0.306,2.775,0.841,0.638,0.258,0.079,0.904,0.536,0.259,0.979,0.535,0.332,-0.049,-0.227,0.598,0.23,-0.048,2
GDRX,5039,-0.968,10.386,-1.392,-0.894,-0.626,-0.493,-1.743,-0.032,-1.878,-1.104,-0.423,0.074,0.342,0.475,-0.775,0.936,-0.91,1
GDYN,6505,-0.442,9.744,-0.435,-0.477,0.172,-1.185,-0.781,-2.486,0.49,-3.121,0.007,-0.035,0.614,-0.744,-0.339,-2.044,0.931,0
GEHC,6220,0.049,4.451,0.624,0.321,-0.438,0.0,0.452,-0.143,-1.127,-1.519,0.576,0.272,-0.487,-0.049,0.403,-0.192,-1.176,2
GEN,6483,0.183,4.639,0.473,0.303,0.165,-0.08,0.017,-0.264,-0.09,-1.479,0.29,0.12,-0.017,-0.262,-0.166,-0.446,-0.272,2
GFS,8291,-0.105,7.438,-0.406,0.262,-0.265,0.0,0.086,-0.401,-0.131,-3.325,-0.301,0.366,-0.16,0.105,0.191,-0.296,-0.026,2
GH,8860,-0.128,9.844,-0.387,-0.638,-0.239,0.075,-0.76,0.022,-0.797,-6.689,-0.26,-0.51,-0.112,0.202,-0.633,0.15,-0.669,1
GIII,8444,0.457,6.824,0.378,0.935,0.982,0.69,0.875,0.783,-0.455,0.177,-0.079,0.478,0.525,0.233,0.417,0.325,-0.912,2
GILD,8867,0.191,3.304,0.051,-0.006,0.207,-0.071,0.199,-0.17,-0.26,-1.629,-0.139,-0.197,0.017,-0.262,0.008,-0.361,-0.451,2
GLBE,8867,0.226,8.803,1.145,1.01,0.095,-0.341,0.424,-0.266,-0.396,-2.101,0.92,0.784,-0.13,-0.567,0.198,-0.492,-0.622,3
GLNG,8811,0.24,5.443,1.346,0.131,-0.228,0.645,0.72,0.275,0.637,-1.691,1.106,-0.109,-0.468,0.405,0.48,0.035,0.397,2
GLPI,8867,0.021,2.735,0.385,0.158,-0.044,-0.039,0.261,-0.463,0.647,-0.853,0.363,0.136,-0.065,-0.061,0.239,-0.485,0.626,2
GLW,8867,0.408,5.525,-0.245,0.471,0.448,0.233,0.309,0.08,0.101,-0.198,-0.653,0.063,0.04,-0.175,-0.099,-0.328,-0.307,2
GM,8867,0.132,5.113,0.203,0.241,0.06,-0.197,0.404,-0.35,-0.151,0.136,0.071,0.109,-0.072,-0.329,0.272,-0.482,-0.283,2
GNTX,8867,-0.03,3.544,-0.428,0.148,0.142,-0.09,0.132,0.206,-0.262,-0.045,-0.398,0.177,0.172,-0.06,0.162,0.236,-0.232,2
GO,8867,-0.314,6.624,-0.204,-0.285,-0.091,-0.213,-0.176,-0.251,-0.357,-1.072,0.11,0.029,0.223,0.101,0.137,0.063,-0.043,2
GOGO,7104,-0.675,8.947,-1.378,-0.92,-0.118,-0.574,-1.39,-1.187,-1.112,-1.639,-0.703,-0.245,0.556,0.101,-0.715,-0.512,-0.437,0
GOLD,7874,-0.053,6.825,0.221,-0.635,0.218,0.275,0.515,-0.198,-0.714,-1.863,0.274,-0.582,0.271,0.327,0.568,-0.145,-0.661,2
GOOD,4381,-0.294,5.028,0.104,-0.179,-0.692,-0.298,-0.518,-0.989,-0.137,-2.134,0.398,0.115,-0.398,-0.004,-0.224,-0.695,0.157,2
GOOG,8867,0.474,4.321,0.994,0.684,0.254,0.53,0.952,0.995,0.487,-3.721,0.519,0.21,-0.221,0.055,0.477,0.521,0.013,2
GOOGL,8867,0.481,4.355,0.918,0.676,0.138,0.547,0.842,0.702,0.591,-1.134,0.437,0.196,-0.343,0.066,0.362,0.221,0.11,2
GPRE,8425,-0.48,7.598,0.53,0.0,-1.05,-1.097,0.095,0.344,-3.057,-4.023,1.01,0.48,-0.569,-0.616,0.575,0.825,-2.577,3
GRAL,3606,1.613,13.984,3.991,1.158,2.059,1.393,1.687,-1.32,8.144,-0.456,2.378,-0.455,0.445,-0.22,0.073,-2.933,6.531,0
GRPN,8190,-0.428,12.883,-1.385,-1.137,0.4,-1.105,-0.691,0.572,-1.945,-3.052,-0.957,-0.71,0.828,-0.677,-0.263,1.0,-1.518,1
GRRR,3146,-2.026,20.621,0.943,-1.784,-2.378,-2.227,0.06,-5.185,-5.887,-20.517,2.969,0.242,-0.352,-0.201,2.086,-3.159,-3.861,3
GS,8867,0.467,4.077,0.354,0.587,0.319,0.198,0.334,0.361,1.218,-1.201,-0.113,0.12,-0.148,-0.269,-0.133,-0.106,0.751,2
GSAT,7193,0.0,10.832,0.952,0.022,-0.262,0.049,1.226,0.262,1.102,-6.699,0.952,0.022,-0.262,0.049,1.226,0.262,1.102,3
GSHD,8585,-0.183,8.315,-0.347,0.367,0.35,-0.612,0.404,-1.202,-0.935,-4.473,-0.163,0.551,0.534,-0.429,0.588,-1.019,-0.752,0
GSM,3534,-0.595,9.915,-0.587,-0.639,0.398,-0.389,-1.389,-1.931,2.741,-0.977,0.008,-0.044,0.994,0.206,-0.794,-1.335,3.336,0
GT,8867,0.0,7.182,0.399,0.778,0.503,-0.414,0.354,-0.965,0.286,-4.419,0.399,0.778,0.503,-0.414,0.354,-0.965,0.286,0
GTLB,8361,-0.424,10.248,1.035,-0.977,-0.324,-0.242,-0.121,-0.606,-1.298,-4.896,1.46,-0.553,0.1,0.182,0.303,-0.182,-0.874,3
GTX,5557,0.57,6.465,1.169,0.431,0.533,0.157,1.053,0.799,0.669,0.021,0.599,-0.139,-0.036,-0.413,0.483,0.229,0.099,2
HAL,8867,0.323,5.837,0.519,0.487,0.099,0.245,0.413,0.337,-0.287,0.917,0.196,0.164,-0.224,-0.078,0.09,0.014,-0.61,2
HALO,8867,0.399,5.643,-0.423,0.167,0.406,0.693,-0.34,0.824,1.649,-0.232,-0.821,-0.231,0.007,0.295,-0.738,0.426,1.25,2
HAS,8867,0.116,4.581,0.834,0.11,-0.092,-0.144,0.77,-0.329,0.024,-0.814,0.718,-0.007,-0.209,-0.26,0.653,-0.445,-0.093,2
HBAN,8867,0.388,4.452,0.131,0.422,0.395,0.368,0.116,0.569,0.027,-2.498,-0.257,0.034,0.007,-0.02,-0.272,0.18,-0.361,2
HCSG,7020,-0.359,6.572,0.0,-0.032,-0.291,-0.813,0.551,0.763,-0.514,-2.343,0.359,0.327,0.068,-0.455,0.91,1.122,-0.155,2
HD,8867,0.17,3.378,-0.124,0.238,0.354,0.106,-0.033,-0.23,0.95,-1.37,-0.295,0.068,0.184,-0.064,-0.203,-0.4,0.78,2
HDSN,3618,0.671,10.203,0.044,1.702,1.01,0.404,1.645,-1.01,-2.29,-3.432,-0.627,1.031,0.339,-0.267,0.973,-1.681,-2.961,3
HELE,8822,-0.504,7.286,-0.297,-0.432,-0.377,-0.452,-0.082,-0.169,-1.372,-3.997,0.206,0.071,0.127,0.051,0.422,0.334,-0.869,2
HFWA,3453,0.312,6.945,0.269,0.356,0.034,0.039,1.071,-3.493,-0.291,-8.425,-0.043,0.044,-0.278,-0.272,0.759,-3.805,-0.603,3
HLIT,7976,0.0,7.142,-0.077,0.163,-0.092,0.089,0.849,0.523,-1.183,-4.107,-0.077,0.163,-0.092,0.089,0.849,0.523,-1.183,2
HLMN,8006,-0.27,5.718,-0.107,-0.21,-0.501,-0.365,0.423,-0.307,-0.378,-3.307,0.163,0.059,-0.231,-0.095,0.693,-0.037,-0.109,2
HLNE,8590,0.368,5.328,-0.094,0.4,0.215,0.404,0.303,0.568,-0.554,-3.226,-0.462,0.031,-0.153,0.036,-0.065,0.199,-0.923,2
HMC,8867,0.037,3.646,0.188,0.117,-0.163,0.058,0.287,0.198,0.251,-1.995,0.151,0.081,-0.2,0.021,0.25,0.161,0.214,2
HNRG,3644,0.709,13.965,2.624,0.934,1.861,0.029,-1.687,0.944,0.267,-3.652,1.915,0.225,1.152,-0.68,-2.396,0.235,-0.442,0
HON,8867,0.124,4.411,0.32,0.097,0.177,0.254,0.511,0.234,0.302,-0.455,0.196,-0.026,0.054,0.131,0.387,0.11,0.179,2
HOOD,8739,0.45,9.826,-0.264,-0.078,0.078,0.595,-1.311,0.518,0.469,-4.512,-0.714,-0.529,-0.372,0.144,-1.762,0.068,0.019,1
HOPE,7495,-0.185,4.699,-0.306,-0.207,-0.342,-0.287,-0.031,0.524,-0.748,-0.989,-0.121,-0.022,-0.156,-0.101,0.154,0.709,-0.563,2
HPK,4327,-0.585,12.781,1.363,0.407,-1.119,-0.926,1.49,0.063,0.893,-7.882,1.948,0.992,-0.534,-0.341,2.076,0.648,1.478,3
HQY,8867,0.562,5.225,1.251,0.745,0.296,0.274,0.965,0.596,-0.575,-0.949,0.689,0.183,-0.266,-0.288,0.403,0.034,-1.137,2
HRMY,8684,0.21,6.864,0.172,0.488,0.121,0.337,0.016,0.587,0.154,-1.378,-0.038,0.278,-0.089,0.127,-0.194,0.377,-0.056,2
HROW,5636,1.129,12.258,0.779,0.986,2.182,0.37,0.923,-0.742,1.529,-3.465,-0.351,-0.143,1.052,-0.759,-0.206,-1.872,0.399,0
HRZN,3010,-1.057,6.82,-0.352,-1.019,-1.719,-0.877,-0.104,-2.724,-2.58,-3.086,0.704,0.038,-0.662,0.18,0.952,-1.667,-1.523,3
HSAI,3716,-0.543,13.735,-0.485,-1.613,-0.545,-0.787,-0.725,-2.77,2.121,-5.898,0.058,-1.07,-0.002,-0.244,-0.182,-2.227,2.664,0
HSIC,8867,0.013,3.538,0.506,0.093,0.297,-0.276,0.52,-0.193,-0.121,-0.296,0.494,0.08,0.284,-0.288,0.507,-0.206,-0.134,2
HST,8867,0.217,4.201,0.547,0.294,0.219,0.214,0.276,0.251,0.26,-2.572,0.33,0.076,0.001,-0.004,0.059,0.034,0.043,2
HTLD,4060,-0.534,6.851,-0.984,-0.356,-0.607,0.0,-1.048,-0.997,-1.899,-6.506,-0.45,0.179,-0.073,0.534,-0.514,-0.462,-1.364,1
HTZ,6156,-0.616,9.411,-0.36,0.2,-0.623,-0.688,-0.192,-1.369,0.588,-7.216,0.256,0.816,-0.006,-0.072,0.424,-0.752,1.204,0
HUBG,8630,0.228,4.868,0.491,0.304,0.32,0.323,0.301,-0.314,-0.204,-2.801,0.263,0.076,0.092,0.095,0.073,-0.542,-0.432,2
HUBS,8867,0.312,7.504,0.85,0.782,0.579,0.153,0.291,-0.314,0.078,-1.66,0.538,0.47,0.267,-0.159,-0.021,-0.626,-0.234,2
HUM,8867,0.13,5.56,0.56,-0.227,0.045,0.163,0.453,0.239,-0.289,-1.466,0.431,-0.357,-0.085,0.033,0.323,0.109,-0.419,2
HURN,7080,0.645,5.695,2.016,1.11,0.831,0.572,1.271,0.133,-0.332,-5.043,1.371,0.465,0.185,-0.074,0.626,-0.512,-0.977,3
HUT,8727,0.0,15.355,0.163,-0.774,-0.37,1.158,-1.341,0.0,-1.836,-7.996,0.163,-0.774,-0.37,1.158,-1.341,0.0,-1.836,1
HWC,8834,0.339,4.586,0.322,0.473,0.387,0.227,0.403,0.369,-0.462,-1.029,-0.017,0.134,0.048,-0.112,0.064,0.03,-0.801,2
HWKN,4591,1.19,6.895,0.918,1.654,1.288,0.827,0.909,1.406,1.118,-0.445,-0.272,0.463,0.097,-0.363,-0.281,0.215,-0.072,2
IAC,8615,-0.012,5.531,-0.328,0.346,-0.251,-0.087,0.04,-0.288,-0.333,-1.879,-0.316,0.358,-0.239,-0.075,0.052,-0.276,-0.321,2
IART,8693,-0.25,6.792,0.043,-0.337,-0.172,-0.494,0.138,-0.333,-0.11,-2.92,0.294,-0.086,0.079,-0.244,0.389,-0.083,0.141,2
IBKR,8867,0.788,4.773,0.562,0.679,1.171,0.635,0.467,0.288,0.641,-3.232,-0.226,-0.109,0.383,-0.153,-0.321,-0.5,-0.147,2
IBOC,7407,0.218,4.18,0.216,0.513,0.549,-0.105,0.306,-0.42,0.794,-2.089,-0.002,0.295,0.33,-0.324,0.088,-0.638,0.576,2
IBRX,3467,-1.652,12.888,-1.326,0.0,-0.609,-2.727,-0.748,-1.126,1.509,-4.396,0.326,1.652,1.043,-1.076,0.903,0.526,3.161,0
ICE,8867,0.259,3.18,-0.038,0.316,0.266,0.216,0.198,-0.175,0.316,0.494,-0.297,0.057,0.007,-0.043,-0.061,-0.433,0.057,2
ICFI,7038,0.142,5.171,0.394,-0.118,0.496,0.324,-0.078,-0.285,1.055,-3.049,0.252,-0.26,0.354,0.183,-0.22,-0.427,0.913,2
ICHR,6761,-0.166,10.99,0.315,0.021,-0.658,0.32,0.525,-0.765,-0.281,-9.159,0.481,0.187,-0.492,0.487,0.692,-0.598,-0.115,3
ICLR,8867,0.196,6.503,0.389,0.325,0.601,0.018,0.365,-0.215,0.424,-2.261,0.193,0.129,0.405,-0.178,0.169,-0.411,0.229,2
ICUI,8805,-0.108,5.551,0.148,0.224,-0.079,-0.282,0.335,-0.908,-0.885,-4.017,0.256,0.331,0.029,-0.174,0.443,-0.8,-0.777,2
IDCC,8440,0.326,5.288,-0.149,0.164,0.117,0.26,0.434,0.155,-0.698,-3.689,-0.474,-0.162,-0.208,-0.066,0.108,-0.171,-1.024,2
IDXX,8867,-0.173,4.684,0.265,0.025,-0.186,-0.041,-0.04,0.259,-0.533,-5.292,0.437,0.198,-0.013,0.132,0.132,0.432,-0.361,2
IDYA,7360,0.186,8.118,0.313,0.404,-0.166,-0.504,0.759,0.273,0.017,-2.359,0.128,0.219,-0.352,-0.689,0.573,0.088,-0.169,2
IEP,8293,-0.117,6.596,-0.02,-0.128,-0.295,-0.201,-0.123,-0.379,-0.443,-6.337,0.097,-0.011,-0.178,-0.084,-0.006,-0.262,-0.327,2
IESC,4756,2.483,10.545,1.744,2.631,3.378,3.076,1.905,1.345,2.791,-1.311,-0.739,0.148,0.896,0.593,-0.577,-1.138,0.309,0
IIIV,4196,-0.084,7.797,-0.625,0.581,0.274,-0.219,-0.142,0.541,-0.945,-4.231,-0.541,0.664,0.357,-0.135,-0.058,0.625,-0.861,2
ILMN,8867,-0.198,6.23,-0.013,0.53,-0.165,-0.661,0.29,-0.342,0.47,-6.644,0.185,0.728,0.032,-0.463,0.487,-0.144,0.667,0
IMKTA,6178,0.336,4.376,0.967,0.355,0.125,0.149,0.74,-0.244,0.454,-0.192,0.63,0.018,-0.211,-0.187,0.403,-0.58,0.118,2
IMMR,3253,-0.348,9.174,0.623,-0.229,0.0,-0.466,0.0,0.81,-2.307,-1.229,0.971,0.119,0.348,-0.118,0.348,1.158,-1.959,2
IMNM,4371,0.298,13.614,-0.689,0.0,-0.367,-0.308,-0.969,-1.74,-2.468,-10.38,-0.987,-0.298,-0.665,-0.606,-1.268,-2.038,-2.766,0
IMVT,7390,0.157,9.194,0.405,0.5,0.163,-0.114,0.309,-1.507,2.617,-1.714,0.249,0.344,0.006,-0.27,0.153,-1.664,2.461,0
IMXI,4929,0.127,8.226,0.098,0.208,0.368,-0.432,-1.013,-0.391,1.151,-0.783,-0.029,0.081,0.241,-0.558,-1.14,-0.518,1.024,0
INBX,5361,-0.505,15.964,0.228,-0.68,-1.027,-1.295,0.843,0.343,-0.484,-2.228,0.733,-0.175,-0.522,-0.79,1.348,0.848,0.02,3
INCY,8866,0.041,4.186,0.091,0.046,-0.025,-0.237,0.305,-0.208,0.055,-0.674,0.051,0.005,-0.066,-0.278,0.264,-0.248,0.015,2
INDB,8287,-0.135,4.647,-0.628,-0.096,-0.045,-0.099,-0.61,0.472,0.468,-0.97,-0.494,0.039,0.089,0.036,-0.475,0.607,0.602,2
INDI,5308,0.133,9.313,-0.495,0.318,0.286,0.0,-0.635,-0.106,-1.353,-0.558,-0.628,0.186,0.153,-0.133,-0.768,-0.239,-1.485,2
INDV,3329,1.276,9.683,2.04,0.738,0.47,0.656,2.466,2.441,0.217,1.354,0.764,-0.538,-0.806,-0.62,1.19,1.165,-1.059,2
INMD,8780,-0.281,7.086,-0.436,-0.053,-0.215,-0.5,-0.542,-0.177,-0.05,-3.576,-0.155,0.228,0.066,-0.219,-0.26,0.105,0.231,2
INOD,4723,0.694,16.029,3.719,0.56,0.952,2.202,2.509,1.133,0.08,-2.416,3.026,-0.133,0.258,1.508,1.816,0.439,-0.614,3
INSM,8859,-0.041,7.705,1.448,-0.072,-0.697,-0.082,1.111,0.172,0.959,-4.53,1.489,-0.031,-0.656,-0.041,1.152,0.213,1.0,3
INTA,6919,-0.321,9.331,0.212,-0.777,-0.436,-0.59,-0.345,-0.067,-1.394,-1.521,0.533,-0.455,-0.114,-0.268,-0.024,0.254,-1.073,2
INTC,8867,-0.085,7.728,-0.05,0.034,-0.304,-0.027,-0.242,-0.276,0.269,-0.994,0.036,0.119,-0.219,0.059,-0.157,-0.191,0.354,2
INTR,3812,0.0,6.494,0.0,-0.121,-0.601,0.0,-0.521,-0.162,-0.021,-1.976,0.0,-0.121,-0.601,0.0,-0.521,-0.162,-0.021,2
INTU,8867,0.231,5.236,0.442,0.666,-0.061,-0.025,0.549,0.178,-0.289,-2.327,0.212,0.435,-0.292,-0.255,0.319,-0.053,-0.52,2
INVA,7778,-0.065,4.406,-0.487,-0.271,-0.079,0.147,-0.454,0.38,-0.927,-0.318,-0.421,-0.205,-0.014,0.213,-0.389,0.445,-0.862,2
IONS,8866,0.122,5.992,0.69,0.442,-0.068,-0.211,0.699,0.816,0.812,-0.667,0.568,0.32,-0.19,-0.333,0.577,0.694,0.69,2
IOSP,6822,-0.091,4.294,0.162,0.045,-0.164,-0.185,-0.323,0.664,-0.041,0.236,0.254,0.136,-0.073,-0.094,-0.232,0.756,0.05,2
IOT,8050,0.34,9.627,0.614,0.452,0.629,0.499,0.476,-0.763,0.785,-2.24,0.274,0.112,0.289,0.16,0.136,-1.103,0.445,2
IOVA,6152,-0.982,11.643,-0.447,-0.879,-1.259,-1.552,-0.933,0.0,-3.864,0.61,0.535,0.103,-0.277,-0.571,0.048,0.982,-2.882,3
IPAR,7757,0.133,5.061,0.412,-0.48,0.248,0.079,-0.056,-0.345,-0.112,-2.121,0.28,-0.613,0.115,-0.054,-0.189,-0.477,-0.245,2
IPGP,8806,-0.224,6.373,-0.099,0.151,0.111,-0.455,-0.174,-0.304,0.112,-2.039,0.125,0.374,0.334,-0.232,0.05,-0.08,0.336,2
IRDM,8866,-0.102,6.368,0.052,0.108,-0.027,-0.584,0.381,0.213,-0.109,-3.414,0.154,0.21,0.075,-0.482,0.483,0.315,-0.007,2
IREN,4858,0.851,16.761,-1.523,0.088,-0.308,-0.261,-0.028,1.928,1.24,-17.211,-2.375,-0.763,-1.159,-1.113,-0.879,1.077,0.389,0
IRON,5162,1.019,9.254,2.762,0.565,1.288,-0.34,2.614,0.733,2.511,2.105,1.743,-0.454,0.269,-1.359,1.595,-0.286,1.492,3
IRTC,8857,-0.086,8.61,0.846,0.018,0.527,-0.226,1.46,-0.205,-1.27,-2.062,0.932,0.104,0.613,-0.141,1.546,-0.119,-1.185,3
IRWD,5489,-0.149,5.788,-0.248,-0.246,-0.091,0.0,-0.74,-0.529,-0.511,-2.083,-0.099,-0.096,0.058,0.149,-0.591,-0.38,-0.362,2
ISRG,8867,0.117,4.737,-0.041,0.523,0.3,-0.154,0.809,-0.04,0.028,-2.99,-0.157,0.406,0.184,-0.271,0.693,-0.157,-0.089,2
ITRI,8808,-0.045,5.677,0.313,-0.124,0.0,-0.057,0.015,-0.729,0.093,-1.552,0.358,-0.079,0.045,-0.012,0.06,-0.685,0.137,2
ITW,8867,0.109,2.947,0.154,0.058,0.306,0.061,0.201,0.124,-0.062,-0.149,0.045,-0.051,0.197,-0.047,0.092,0.015,-0.17,2
JACK,8818,-0.579,7.166,-1.814,-0.22,-0.168,-0.422,-1.408,-1.268,0.15,-0.296,-1.235,0.359,0.41,0.157,-0.829,-0.689,0.729,0
JANX,4704,-0.74,13.297,-1.315,-0.764,-0.429,-0.127,-0.693,-0.861,-2.713,-0.989,-0.575,-0.024,0.311,0.613,0.047,-0.122,-1.973,1
JAZZ,8867,0.084,4.637,-0.008,0.496,0.099,-0.185,0.357,0.07,0.643,-1.134,-0.092,0.411,0.015,-0.27,0.272,-0.014,0.559,2
JBHT,8867,0.214,4.285,0.21,0.621,0.241,0.21,0.681,-0.105,0.302,-4.16,-0.004,0.407,0.028,-0.004,0.468,-0.318,0.088,2
JBLU,6914,-0.194,7.501,-0.124,0.202,0.12,-0.371,-0.163,-1.617,-0.858,-2.838,0.069,0.396,0.314,-0.177,0.031,-1.423,-0.664,2
JBSS,3754,-0.053,5.592,0.711,0.164,-0.809,-0.512,1.411,-2.474,0.437,-7.078,0.764,0.217,-0.756,-0.459,1.463,-2.422,0.49,3
JD,8867,-0.726,7.411,0.153,-0.84,-1.365,-0.774,0.0,0.104,-1.802,-5.765,0.879,-0.114,-0.64,-0.048,0.726,0.83,-1.076,3
JJSF,7371,-0.266,4.228,-0.003,-0.178,-0.551,-0.303,-0.204,0.022,0.084,-1.868,0.263,0.088,-0.285,-0.037,0.062,0.288,0.351,2
JKHY,8867,0.039,3.255,0.394,0.035,-0.165,0.137,0.225,0.205,-0.294,-1.29,0.355,-0.004,-0.204,0.098,0.186,0.166,-0.333,2
JNJ,8867,0.091,2.433,0.099,-0.064,-0.107,0.147,-0.162,0.484,0.09,-1.889,0.009,-0.155,-0.198,0.056,-0.252,0.393,-0.001,2
JPM,8867,0.593,3.453,0.669,0.516,0.23,0.387,0.625,0.452,1.362,0.03,0.076,-0.077,-0.363,-0.206,0.032,-0.141,0.769,2
KALU,6857,0.72,7.296,0.061,1.11,0.191,1.089,0.296,0.04,0.843,-0.021,-0.659,0.389,-0.53,0.369,-0.424,-0.68,0.123,2
KALV,3822,0.111,14.589,-2.015,0.0,0.282,0.261,-1.516,1.046,0.15,-10.065,-2.126,-0.111,0.171,0.15,-1.627,0.935,0.038,0
KDP,8867,0.15,2.958,0.313,0.209,0.15,0.058,0.32,0.344,0.273,0.326,0.164,0.059,0.0,-0.091,0.17,0.194,0.123,2
KGC,6663,1.047,5.898,1.341,1.338,1.349,0.896,0.924,1.115,2.273,-0.745,0.294,0.292,0.302,-0.151,-0.123,0.068,1.226,2
KHC,8867,-0.162,3.135,-0.081,-0.126,-0.261,-0.126,-0.261,-0.235,0.068,-1.27,0.081,0.036,-0.099,0.036,-0.099,-0.073,0.231,2
KIDS,3702,-1.394,9.659,0.753,-1.426,-2.708,-1.428,0.216,1.544,-1.051,-3.611,2.147,-0.032,-1.314,-0.034,1.61,2.937,0.342,3
KLAC,8867,0.767,6.002,1.556,1.034,0.624,0.291,0.967,0.976,0.667,-0.304,0.79,0.268,-0.143,-0.476,0.2,0.209,-0.1,2
KLIC,8855,-0.04,6.406,0.202,0.125,-0.107,-0.405,0.418,-0.525,-0.282,-2.48,0.242,0.165,-0.067,-0.365,0.458,-0.485,-0.242,2
KMB,8867,-0.08,2.881,-0.293,-0.074,-0.144,-0.18,-0.271,0.2,0.473,-2.045,-0.213,0.006,-0.065,-0.101,-0.191,0.28,0.553,2
KMX,8867,-0.069,5.929,-0.472,0.557,0.165,-0.35,-0.028,0.411,0.882,-1.556,-0.403,0.626,0.234,-0.281,0.041,0.48,0.952,2
KNSA,5873,0.479,9.059,1.797,0.689,0.151,0.703,1.051,-0.045,-0.18,-3.577,1.318,0.21,-0.329,0.223,0.572,-0.525,-0.659,3
KO,8867,0.11,2.303,0.09,0.0,0.141,0.209,0.14,0.545,0.466,-0.406,-0.02,-0.11,0.031,0.098,0.029,0.434,0.355,2
KOD,4306,-0.499,16.175,-2.061,-2.005,0.0,0.378,-0.884,-1.11,0.312,-5.729,-1.562,-1.506,0.499,0.877,-0.385,-0.611,0.811,1
KPTI,4011,-1.43,16.765,-1.022,-1.531,-0.487,-0.418,-0.756,-1.846,-4.673,-1.998,0.408,-0.1,0.943,1.013,0.675,-0.415,-3.243,1
KRNT,6537,-0.701,9.928,-0.229,-0.709,-1.398,-0.834,0.204,-0.792,-2.786,-0.371,0.472,-0.009,-0.697,-0.134,0.905,-0.091,-2.086,3
KROS,6377,-0.068,10.966,-0.306,-0.295,-0.05,-0.525,-0.268,1.369,-1.265,-0.1,-0.238,-0.227,0.019,-0.457,-0.199,1.437,-1.197,2
KRUS,6909,-0.177,11.607,-0.534,-0.339,0.735,0.331,-1.02,0.102,-2.245,-1.778,-0.357,-0.162,0.912,0.508,-0.843,0.279,-2.068,1
KRYS,8322,0.429,8.386,2.35,1.032,0.117,0.138,1.968,0.32,1.232,-3.852,1.922,0.604,-0.311,-0.291,1.539,-0.108,0.804,3
KTOS,8797,0.368,7.342,-0.102,0.781,0.409,0.074,0.513,-0.053,-0.616,-0.735,-0.47,0.413,0.041,-0.294,0.145,-0.421,-0.984,2
KURA,7601,-0.631,9.08,-0.827,-1.056,-0.231,-0.403,-0.873,-0.995,-0.657,-5.393,-0.196,-0.425,0.401,0.228,-0.241,-0.364,-0.026,1
KYMR,8624,0.051,10.818,0.463,-0.312,-0.388,0.212,-0.501,-0.89,-1.12,-3.373,0.412,-0.363,-0.439,0.16,-0.552,-0.941,-1.171,1
LAMR,8863,0.18,3.605,0.132,0.235,0.255,0.02,-0.134,0.091,0.451,-0.465,-0.048,0.055,0.075,-0.16,-0.315,-0.09,0.27,2
LAND,4467,-0.515,6.092,-1.269,-0.667,-0.347,-0.257,-1.114,0.343,0.821,-8.295,-0.755,-0.152,0.168,0.257,-0.6,0.857,1.336,0
LASR,4202,0.818,12.813,1.339,1.972,1.261,0.429,2.308,0.745,-1.889,-3.848,0.521,1.154,0.443,-0.388,1.49,-0.073,-2.707,3
LAUR,8213,0.618,5.209,0.947,0.799,0.502,0.76,0.709,1.07,0.15,-1.648,0.33,0.181,-0.116,0.143,0.091,0.453,-0.468,2
LBRDA,7429,-0.187,6.674,-0.837,-0.169,0.145,0.155,-0.684,-0.529,-0.267,0.547,-0.65,0.019,0.333,0.342,-0.497,-0.341,-0.08,2
LBRDK,8867,-0.287,6.121,-0.969,-0.117,0.059,-0.08,-1.01,-0.04,-0.546,-2.844,-0.682,0.17,0.346,0.207,-0.723,0.247,-0.259,2
LBTYA,8863,0.0,4.706,0.612,0.256,0.054,-0.468,0.364,-0.094,0.086,-0.583,0.612,0.256,0.054,-0.468,0.364,-0.094,0.086,2
LBTYK,8784,0.0,4.699,0.912,0.276,-0.175,-0.403,0.83,0.694,0.222,-1.554,0.912,0.276,-0.175,-0.403,0.83,0.694,0.222,2
LCID,8744,-1.904,11.09,-0.447,-1.973,-2.657,-1.534,-1.74,-2.402,-3.037,-7.488,1.457,-0.069,-0.752,0.371,0.164,-0.497,-1.133,3
LECO,8866,0.264,3.802,0.291,0.261,0.047,0.227,0.579,0.28,-0.273,-0.616,0.027,-0.003,-0.217,-0.037,0.315,0.016,-0.538,2
LESL,6702,-1.482,10.331,0.184,-1.359,-1.798,-1.453,-0.264,-0.932,-1.539,-4.994,1.666,0.123,-0.315,0.029,1.219,0.55,-0.057,3
LFST,6530,0.0,9.483,-1.316,0.515,0.537,-0.164,-0.923,-0.53,0.358,-8.395,-1.316,0.515,0.537,-0.164,-0.923,-0.53,0.358,0
LFUS,8579,0.332,4.931,0.318,0.318,0.06,0.626,0.43,1.271,0.423,-1.081,-0.014,-0.014,-0.272,0.295,0.098,0.94,0.091,2
LGIH,8767,-0.685,6.937,-0.504,-0.378,-0.518,-0.596,0.01,-1.21,-1.706,-3.948,0.181,0.307,0.167,0.089,0.695,-0.525,-1.02,3
LGND,7424,0.363,6.764,0.534,0.106,-0.427,0.332,0.079,0.155,0.345,-2.742,0.171,-0.257,-0.79,-0.031,-0.285,-0.208,-0.019,2
LI,8867,-0.489,8.665,0.197,-0.644,-1.222,-0.687,0.397,-0.909,-2.854,-3.213,0.686,-0.155,-0.733,-0.198,0.886,-0.419,-2.365,3
LIF,3541,0.764,8.918,0.851,0.513,0.746,1.538,0.17,-0.563,1.234,3.584,0.087,-0.251,-0.018,0.775,-0.594,-1.327,0.47,2
LILAK,7121,0.0,6.725,0.888,0.157,0.131,-0.109,0.62,0.265,-0.985,-5.231,0.888,0.157,0.131,-0.109,0.62,0.265,-0.985,3
LIN,8867,0.361,2.756,0.551,0.254,0.229,0.625,0.293,0.463,0.093,-0.824,0.19,-0.107,-0.133,0.264,-0.069,0.102,-0.268,2
LIND,3610,1.256,15.865,2.057,0.0,3.69,0.093,0.127,0.686,1.313,-6.312,0.801,-1.256,2.434,-1.163,-1.129,-0.571,0.057,0
LINE,3496,-0.816,5.022,0.231,-0.9,-0.959,-0.97,-0.446,-0.572,-0.973,-0.718,1.048,-0.084,-0.143,-0.154,0.371,0.244,-0.157,2
LITE,8867,0.525,8.082,0.545,0.042,0.021,0.439,0.853,1.565,0.387,-2.907,0.02,-0.483,-0.503,-0.085,0.329,1.041,-0.138,2
LIVN,8824,-0.019,5.583,0.294,0.446,0.041,-0.397,0.286,-0.103,-0.408,-0.998,0.313,0.465,0.06,-0.377,0.305,-0.084,-0.389,2
LKFN,5775,-0.18,5.309,0.403,-0.222,-0.309,-0.091,-0.156,-0.592,-0.469,-0.263,0.583,-0.042,-0.128,0.089,0.024,-0.411,-0.289,2
LKQ,8867,0.0,3.951,0.082,0.115,0.08,-0.158,0.173,0.406,-0.616,-0.348,0.082,0.115,0.08,-0.158,0.173,0.406,-0.616,2
LLY,8867,0.724,4.69,0.927,0.34,0.701,0.614,-0.155,1.249,-0.129,-3.92,0.204,-0.384,-0.023,-0.109,-0.879,0.525,-0.853,2
LLYVA,3486,1.102,5.613,0.73,0.395,0.774,1.705,0.09,0.14,-0.442,-3.008,-0.372,-0.707,-0.328,0.603,-1.012,-0.962,-1.544,1
LLYVK,4816,0.82,4.646,1.099,0.391,0.352,1.039,0.568,0.759,-0.19,0.037,0.279,-0.429,-0.468,0.219,-0.252,-0.06,-1.01,2
LMAT,5781,0.517,5.719,1.731,0.874,0.27,0.204,1.945,-0.352,-0.244,-2.082,1.214,0.357,-0.247,-0.313,1.427,-0.869,-0.761,3
LMB,4796,1.127,9.284,0.585,0.741,1.83,1.22,0.973,1.965,1.044,-2.145,-0.542,-0.386,0.703,0.093,-0.154,0.838,-0.083,2
LMT,8867,0.232,3.475,0.237,0.203,0.359,0.315,0.279,0.191,0.169,0.231,0.004,-0.03,0.127,0.082,0.046,-0.042,-0.064,2
LNG,8867,0.327,4.117,1.194,0.486,0.054,0.104,1.008,0.074,0.486,-1.93,0.867,0.159,-0.273,-0.223,0.681,-0.253,0.159,2
LNT,8867,0.255,2.682,0.268,0.534,0.514,0.188,0.627,0.071,0.514,0.039,0.013,0.279,0.26,-0.067,0.372,-0.184,0.259,2
LNTH,8744,0.483,8.452,-0.338,0.529,1.234,0.247,0.509,0.603,0.091,-3.621,-0.821,0.047,0.751,-0.235,0.026,0.12,-0.392,0
LOGI,8867,0.287,4.995,0.374,0.195,-0.214,0.293,0.427,-0.227,0.152,0.386,0.087,-0.093,-0.501,0.005,0.14,-0.514,-0.135,2
LOPE,8816,0.373,4.252,0.475,0.134,0.446,0.243,-0.1,0.608,0.045,-0.526,0.102,-0.24,0.072,-0.131,-0.473,0.235,-0.328,2
LOVE,7103,-0.658,10.839,-0.878,-0.852,-1.342,0.265,-0.277,-0.463,-2.072,-4.665,-0.221,-0.195,-0.684,0.922,0.381,0.195,-1.414,1
LOW,8867,0.097,3.595,0.075,0.128,0.424,-0.117,0.234,-0.292,0.665,-0.785,-0.022,0.031,0.328,-0.213,0.138,-0.389,0.569,2
LPLA,8867,0.698,5.069,1.326,0.827,0.346,0.188,1.274,0.82,0.988,-5.81,0.628,0.129,-0.352,-0.51,0.575,0.122,0.29,2
LPRO,3867,-1.707,9.589,-0.92,-1.916,-2.642,-2.451,-1.265,0.292,-3.927,-7.393,0.788,-0.209,-0.935,-0.744,0.442,1.999,-2.22,3
LQDA,5731,1.536,11.343,3.008,1.468,1.122,1.459,1.607,1.715,1.892,-0.56,1.471,-0.068,-0.415,-0.078,0.07,0.178,0.355,2
LQDT,3134,1.214,10.758,1.167,1.159,2.884,1.015,-0.077,0.938,2.212,-12.737,-0.047,-0.055,1.671,-0.199,-1.291,-0.276,0.998,0
LRCX,8867,0.889,6.473,1.22,1.646,0.781,0.777,0.619,0.668,1.886,-0.973,0.331,0.757,-0.108,-0.111,-0.27,-0.221,0.997,2
LSCC,8867,0.587,7.445,0.614,1.281,0.102,0.244,1.715,0.623,0.07,1.494,0.026,0.694,-0.486,-0.344,1.127,0.036,-0.517,2
LSTR,8863,0.057,3.776,0.421,0.484,-0.201,-0.442,0.859,-0.152,-0.282,0.371,0.364,0.426,-0.258,-0.499,0.802,-0.209,-0.339,2
LULU,8867,-0.258,5.99,-0.581,-0.396,-0.218,0.201,-1.062,0.096,0.816,-4.168,-0.323,-0.138,0.04,0.459,-0.804,0.354,1.074,2
LUNR,4257,-0.11,17.438,-3.551,0.479,0.377,0.113,-0.865,-1.955,-2.834,-0.952,-3.442,0.589,0.487,0.223,-0.755,-1.845,-2.725,0
LUV,8867,0.179,5.525,0.184,0.13,-0.417,-0.031,0.773,0.24,0.286,-3.938,0.005,-0.049,-0.596,-0.21,0.595,0.061,0.108,2
LVS,8867,-0.149,5.526,0.29,-0.179,-0.353,-0.212,0.284,-0.088,0.531,-3.886,0.439,-0.029,-0.204,-0.063,0.433,0.061,0.68,2
LWLG,3249,-1.178,16.169,-0.568,-1.627,-1.716,-1.39,-2.525,-2.947,6.828,-9.753,0.61,-0.449,-0.538,-0.212,-1.346,-1.768,8.007,0
LYFT,8867,-0.701,9.609,-0.496,-0.557,-1.586,-0.427,-0.785,-1.171,-0.668,-6.393,0.204,0.144,-0.886,0.274,-0.084,-0.47,0.033,3
LZ,8521,-0.336,8.263,0.392,0.0,-0.612,-0.377,0.117,-1.112,0.256,-1.57,0.728,0.336,-0.276,-0.041,0.453,-0.776,0.592,3
MA,8867,0.385,3.29,0.699,0.594,0.429,0.125,0.697,0.17,-0.114,-0.019,0.314,0.209,0.044,-0.26,0.312,-0.215,-0.499,2
MANH,8866,0.255,5.463,0.746,-0.183,0.294,0.229,0.185,0.996,-0.289,-1.174,0.49,-0.439,0.039,-0.026,-0.071,0.74,-0.544,2
MAR,8867,0.558,4.045,0.826,0.669,0.409,0.387,0.781,0.855,0.107,-1.777,0.268,0.112,-0.149,-0.171,0.223,0.297,-0.451,2
MARA,8745,-0.898,15.06,-2.669,-0.969,-0.181,0.551,-1.481,-2.051,-3.819,-7.437,-1.771,-0.071,0.717,1.449,-0.583,-1.153,-2.921,1
MASI,8643,0.007,6.049,-0.117,0.079,-0.037,0.02,-0.052,-0.292,0.675,0.722,-0.123,0.072,-0.044,0.013,-0.059,-0.299,0.669,2
MAT,8867,-0.103,5.06,0.682,-0.057,-0.235,-0.245,0.563,0.572,0.465,-0.636,0.785,0.046,-0.132,-0.142,0.666,0.675,0.568,2
MATW,3557,-0.666,7.482,-0.435,-0.235,-0.613,-1.613,0.626,1.048,-0.686,-3.521,0.231,0.431,0.053,-0.947,1.292,1.714,-0.02,3
MBLY,6544,-0.602,8.584,-0.554,-0.634,0.611,-0.692,-1.133,-1.884,0.051,-2.676,0.048,-0.031,1.214,-0.09,-0.531,-1.282,0.653,0
MBUU,6622,-0.551,6.816,0.616,-0.665,-0.62,-0.589,0.045,-1.59,-2.388,-1.505,1.168,-0.114,-0.069,-0.038,0.596,-1.039,-1.837,3
MCD,8867,0.095,2.454,0.051,0.187,0.25,0.056,-0.088,0.144,0.168,-0.553,-0.044,0.092,0.155,-0.039,-0.183,0.049,0.073,2
MCHP,8867,-0.081,6.042,0.525,0.188,-0.082,-0.168,0.961,-0.352,-0.592,-1.945,0.607,0.269,-0.001,-0.087,1.042,-0.27,-0.511,2
MCO,8867,0.272,3.672,0.013,0.494,0.218,0.135,0.159,0.422,0.116,-5.377,-0.259,0.222,-0.054,-0.137,-0.113,0.15,-0.156,2
MCRI,4882,0.564,6.035,-0.34,0.708,1.159,0.559,-0.403,0.699,0.558,-4.111,-0.904,0.144,0.595,-0.005,-0.967,0.135,-0.006,0
MDB,8867,0.203,9.891,0.775,0.583,0.927,0.527,0.406,0.687,-0.286,-1.534,0.572,0.38,0.724,0.324,0.203,0.484,-0.489,2
MDGL,8650,-0.361,9.36,0.358,-0.127,-0.85,-0.678,-0.057,-0.261,0.313,-2.685,0.719,0.234,-0.489,-0.317,0.304,0.1,0.674,3
MDLZ,8867,0.141,2.727,0.137,0.207,0.192,0.266,0.163,0.45,0.427,-0.952,-0.004,0.066,0.051,0.125,0.022,0.309,0.285,2
MDXG,3121,-0.127,11.317,-0.323,-0.706,-0.168,0.215,-1.689,1.552,0.036,-3.903,-0.196,-0.579,-0.042,0.341,-1.562,1.679,0.163,1
MEDP,8862,0.573,6.8,1.918,1.582,0.774,0.339,1.644,0.581,0.625,-7.846,1.346,1.009,0.201,-0.233,1.072,0.008,0.053,3
MELI,8867,-0.011,6.906,0.076,-0.006,-0.083,-0.317,0.212,-0.416,0.356,-3.224,0.087,0.006,-0.072,-0.306,0.223,-0.405,0.367,2
MEOH,8624,0.397,5.909,0.573,0.734,0.176,0.407,0.582,0.072,0.366,-5.532,0.176,0.336,-0.222,0.009,0.185,-0.325,-0.032,2
META,7827,0.611,7.059,0.332,0.648,0.595,0.857,0.882,0.706,1.517,-1.341,-0.278,0.037,-0.015,0.247,0.272,0.096,0.906,2
METC,6801,-0.349,13.076,1.409,-0.48,-1.025,0.03,-0.434,-1.19,-2.208,-8.648,1.759,-0.131,-0.676,0.38,-0.084,-0.841,-1.858,3
MFIC,3781,0.0,4.582,-0.205,-0.592,0.821,0.269,-0.579,0.981,0.842,0.433,-0.205,-0.592,0.821,0.269,-0.579,0.981,0.842,2
MGEE,5726,0.013,4.224,0.73,0.26,-0.189,0.22,0.489,0.172,0.351,-0.201,0.717,0.247,-0.202,0.208,0.476,0.159,0.338,2
MGM,8867,0.156,5.454,-0.042,0.339,0.679,-0.026,-0.118,-0.031,-0.309,-2.13,-0.198,0.183,0.523,-0.182,-0.274,-0.188,-0.465,2
MGNI,8798,-0.245,10.19,-0.44,0.329,-0.12,-0.162,0.32,-0.08,-0.652,0.567,-0.194,0.575,0.125,0.083,0.566,0.165,-0.406,2
MGPI,7064,-0.174,5.913,-0.344,0.009,-0.166,-0.28,-0.329,-0.436,0.137,-1.576,-0.171,0.183,0.008,-0.107,-0.156,-0.263,0.311,2
MGRC,6778,0.14,4.176,0.387,0.416,-0.133,0.273,0.38,-0.423,-0.065,-1.454,0.247,0.277,-0.273,0.133,0.24,-0.563,-0.205,2
MIDD,8867,0.152,4.904,0.42,-0.02,0.505,0.213,-0.243,-0.25,-0.425,-1.4,0.268,-0.172,0.353,0.06,-0.395,-0.403,-0.577,2
MIRM,7099,0.614,7.434,1.377,0.732,0.242,0.31,1.83,1.474,1.609,-0.018,0.763,0.118,-0.372,-0.304,1.216,0.86,0.995,2
MITK,4696,-0.355,8.735,0.57,0.216,-0.752,-1.171,0.724,0.07,1.317,-0.601,0.925,0.571,-0.397,-0.816,1.079,0.425,1.672,3
MKSI,8867,0.298,6.844,0.184,0.829,0.049,0.458,0.733,-0.638,1.819,-3.172,-0.114,0.531,-0.249,0.161,0.436,-0.936,1.522,2
MKTX,8867,-0.416,5.243,-0.644,-0.429,-0.506,-0.474,-0.387,-0.018,-0.182,-4.012,-0.228,-0.013,-0.09,-0.058,0.028,0.398,0.234,2
MLAB,4815,-0.563,8.651,0.329,-0.202,-0.867,-0.369,0.329,-1.871,-1.275,-5.748,0.892,0.361,-0.305,0.193,0.892,-1.309,-0.712,3
MLKN,7863,0.0,6.634,-0.12,0.162,0.702,-0.391,0.054,-0.073,0.125,-1.235,-0.12,0.162,0.702,-0.391,0.054,-0.073,0.125,2
MLTX,5698,0.258,12.618,2.797,0.886,0.742,-0.284,1.964,0.184,0.359,-0.894,2.539,0.628,0.484,-0.542,1.706,-0.074,0.101,3
MLYS,3034,-0.663,14.795,1.25,-0.739,-0.502,-1.104,0.717,-0.291,0.864,0.708,1.912,-0.077,0.161,-0.442,1.38,0.371,1.527,3
MMM,8867,-0.118,3.831,-0.061,-0.143,0.054,-0.138,0.289,-0.126,0.873,-1.282,0.058,-0.025,0.172,-0.02,0.407,-0.008,0.991,2
MMSI,8811,0.248,3.996,0.457,0.42,0.132,-0.014,0.909,0.087,0.402,-1.008,0.209,0.172,-0.116,-0.262,0.66,-0.162,0.153,2
MMYT,8226,0.243,6.809,1.321,-0.211,-0.813,0.176,1.524,1.555,-0.199,-1.601,1.077,-0.454,-1.057,-0.067,1.28,1.312,-0.442,3
MNDY,8817,-0.297,10.258,0.308,-0.297,-0.526,-0.974,-0.723,-0.26,-0.047,-8.61,0.606,0.0,-0.229,-0.676,-0.425,0.037,0.251,0
MNRO,8475,-0.541,6.149,-0.387,-0.408,-0.401,-0.309,-0.427,-0.763,-0.676,-1.206,0.153,0.133,0.14,0.232,0.114,-0.222,-0.135,2
MNST,8867,0.358,3.237,-0.022,0.586,0.476,0.396,-0.022,-0.144,-0.02,-0.84,-0.38,0.228,0.118,0.038,-0.38,-0.503,-0.378,2
MO,8867,0.288,3.026,0.597,0.418,0.02,0.353,0.283,0.165,0.433,-0.788,0.309,0.129,-0.268,0.065,-0.005,-0.124,0.144,2
MORN,8659,0.078,4.602,0.084,-0.023,-0.079,-0.067,0.113,-0.392,0.101,-1.548,0.005,-0.101,-0.157,-0.145,0.035,-0.47,0.023,2
MPC,8867,0.821,4.75,0.925,0.503,0.731,0.934,1.009,0.372,1.684,1.448,0.104,-0.318,-0.09,0.113,0.188,-0.449,0.863,2
MPWR,8867,0.741,6.89,0.651,1.265,0.561,0.638,1.393,0.166,1.109,-5.365,-0.09,0.524,-0.179,-0.102,0.653,-0.575,0.369,2
MQ,8845,-0.313,8.34,1.256,-0.126,-0.252,-0.675,0.988,-2.146,0.836,-5.635,1.569,0.187,0.061,-0.362,1.301,-1.833,1.149,3
MRCY,8773,-0.019,6.511,-0.039,0.113,-0.466,-0.216,0.124,-0.126,0.054,-3.573,-0.019,0.132,-0.447,-0.197,0.144,-0.107,0.074,2
MRK,8867,0.104,3.516,-0.06,0.15,0.249,0.249,0.078,0.191,-0.406,-1.055,-0.165,0.046,0.145,0.145,-0.027,0.087,-0.51,2
MRNA,8867,-0.327,9.887,-1.176,0.193,-0.494,-0.477,-1.061,-0.331,-2.063,-4.828,-0.849,0.52,-0.167,-0.15,-0.734,-0.004,-1.736,0
MRTN,5788,-0.117,5.201,-0.423,-0.076,-0.516,-0.168,-0.416,0.099,0.655,-0.858,-0.307,0.04,-0.399,-0.051,-0.299,0.216,0.772,2
MRVI,6344,-0.626,9.789,0.096,-0.358,-0.217,-0.968,0.926,-1.866,-0.87,-6.65,0.722,0.269,0.41,-0.342,1.552,-1.239,-0.243,3
MRVL,8867,0.715,8.376,1.083,1.315,0.157,0.277,1.197,-1.022,-0.074,-4.478,0.368,0.599,-0.559,-0.439,0.481,-1.737,-0.789,3
MRX,3438,1.086,6.131,1.051,1.408,1.084,0.972,1.316,0.129,2.468,-0.339,-0.035,0.322,-0.002,-0.114,0.231,-0.957,1.382,2
MS,8867,0.44,4.121,0.319,0.599,0.69,0.361,0.741,0.469,0.141,-0.636,-0.121,0.159,0.25,-0.079,0.301,0.029,-0.299,2
MSEX,5465,-0.272,5.59,-0.523,-0.357,0.057,-0.262,-0.338,-0.194,0.944,-2.758,-0.251,-0.085,0.329,0.01,-0.066,0.078,1.216,2
MSFT,8867,0.368,3.731,-0.095,0.365,0.459,0.208,0.535,0.461,0.202,-3.453,-0.463,-0.004,0.091,-0.161,0.167,0.093,-0.166,2
MSTR,8867,-0.283,12.887,-0.81,-0.528,0.125,-0.46,-1.334,0.0,0.204,-3.987,-0.527,-0.244,0.408,-0.177,-1.05,0.283,0.488,0
MTCH,8867,-0.291,5.851,-0.03,-0.322,-0.248,-0.51,-0.28,-0.776,0.34,-1.692,0.261,-0.031,0.043,-0.219,0.012,-0.484,0.632,2
MTDR,8867,0.39,6.658,1.11,0.233,0.47,0.258,0.707,0.633,0.469,-3.446,0.72,-0.157,0.08,-0.132,0.316,0.243,0.079,2
MTSI,8859,0.628,6.067,0.571,1.085,0.516,0.29,0.928,0.364,0.817,-4.83,-0.057,0.457,-0.112,-0.338,0.3,-0.264,0.189,2
MU,8867,0.57,8.018,0.043,0.418,0.632,0.393,0.452,0.932,1.735,-2.325,-0.527,-0.152,0.063,-0.177,-0.117,0.363,1.165,2
MXL,8822,0.364,10.776,0.689,0.454,0.282,0.078,0.078,-0.385,2.082,-8.178,0.325,0.09,-0.082,-0.286,-0.286,-0.749,1.718,0
MYGN,7470,-0.584,8.218,0.151,-0.832,-0.528,-0.495,0.409,-1.199,-1.004,-2.005,0.736,-0.248,0.056,0.09,0.993,-0.614,-0.42,3
MYRG,7859,0.696,6.447,0.51,1.154,0.798,1.071,0.586,1.672,1.609,-2.654,-0.186,0.458,0.102,0.375,-0.11,0.976,0.913,2
NAMS,3638,0.16,12.462,0.399,-0.169,0.076,-1.018,1.536,-0.537,1.815,0.417,0.239,-0.329,-0.084,-1.178,1.376,-0.697,1.655,3
NAVI,8486,-0.06,4.852,0.359,-0.066,-0.116,-0.449,0.346,-0.905,-0.34,-0.848,0.419,-0.006,-0.056,-0.389,0.406,-0.845,-0.28,2
NBIS,3072,2.302,15.479,4.948,2.256,0.181,2.38,8.771,2.797,2.578,-1.769,2.645,-0.046,-2.122,0.078,6.468,0.494,0.276,3
NBIX,8867,0.466,4.465,0.347,0.835,0.525,0.323,0.752,0.553,-0.048,-2.178,-0.12,0.369,0.058,-0.144,0.286,0.087,-0.515,2
NBTB,5276,0.199,5.165,-0.126,0.144,-0.025,-0.224,-0.619,-0.164,0.317,-2.227,-0.325,-0.056,-0.224,-0.424,-0.818,-0.363,0.118,2
NCLH,8867,0.0,7.828,0.127,-0.149,0.301,0.491,-0.052,0.255,-1.182,-6.062,0.127,-0.149,0.301,0.491,-0.052,0.255,-1.182,1
NCNO,8848,-0.255,7.288,0.366,-0.115,-0.143,-0.728,0.133,-0.438,-0.936,-2.897,0.621,0.14,0.112,-0.473,0.388,-0.183,-0.681,2
NDAQ,8867,0.331,3.411,0.046,0.423,0.525,0.095,0.33,0.733,0.386,-1.241,-0.284,0.092,0.194,-0.236,-0.0,0.402,0.056,2
NDSN,8864,0.274,3.329,0.272,0.572,0.338,0.004,0.295,0.285,0.097,-1.352,-0.002,0.298,0.064,-0.27,0.021,0.011,-0.177,2
NEE,8867,0.401,3.723,-0.083,0.317,0.445,0.166,0.19,0.709,0.779,0.581,-0.484,-0.084,0.044,-0.235,-0.211,0.308,0.378,2
NEM,8867,0.313,5.431,0.125,0.182,0.803,0.624,0.245,0.542,0.288,-1.851,-0.188,-0.132,0.49,0.311,-0.068,0.229,-0.025,2
NEO,8654,-0.552,9.673,0.208,-0.499,-0.547,-0.632,-0.074,-0.696,-1.721,-4.064,0.76,0.054,0.005,-0.08,0.479,-0.144,-1.169,3
NEOG,8617,-0.483,6.716,-1.393,-0.625,-0.55,-0.635,-0.542,-0.731,-0.822,-1.812,-0.911,-0.142,-0.068,-0.152,-0.059,-0.249,-0.34,2
NET,8867,0.651,10.051,1.583,0.373,0.506,1.097,1.335,0.173,0.246,-6.636,0.933,-0.278,-0.145,0.446,0.684,-0.478,-0.405,3
NEXT,5369,0.365,10.841,0.617,0.943,0.639,-0.807,-0.42,0.0,-1.316,-2.482,0.252,0.578,0.274,-1.172,-0.785,-0.365,-1.681,0
NFE,6763,-1.125,9.602,-0.206,-0.983,-1.376,-1.207,0.142,-0.814,-0.23,-3.393,0.919,0.141,-0.252,-0.082,1.266,0.31,0.894,3
NFLX,8867,0.172,6.337,0.103,-0.12,0.411,-0.143,0.0,0.068,-0.84,-0.454,-0.07,-0.292,0.238,-0.315,-0.172,-0.105,-1.012,2
NIO,6503,-1.342,9.926,-1.064,-0.93,-1.364,-2.268,-1.218,-2.729,-0.077,-8.729,0.278,0.412,-0.022,-0.927,0.123,-1.387,1.265,0
NKTR,5166,-0.725,17.25,-0.362,-1.964,-1.094,0.137,-1.578,2.38,-4.654,-10.417,0.364,-1.239,-0.369,0.862,-0.853,3.106,-3.928,1
NMFC,5305,-0.238,3.415,0.599,-0.419,-0.381,-0.262,0.091,0.169,-0.711,-2.239,0.837,-0.181,-0.142,-0.023,0.329,0.407,-0.473,2
NMIH,8322,0.554,4.199,0.131,0.768,0.438,0.423,0.264,-0.073,0.383,-0.936,-0.422,0.215,-0.115,-0.13,-0.289,-0.626,-0.171,2
NMRK,8163,0.585,6.35,0.311,0.565,0.827,0.616,1.094,1.681,1.017,-1.688,-0.274,-0.02,0.242,0.032,0.509,1.096,0.432,2
NN,3860,1.005,10.903,0.831,1.033,-0.259,1.415,0.799,1.961,-2.679,2.23,-0.174,0.028,-1.264,0.41,-0.206,0.956,-3.684,1
NNE,3723,-0.498,17.882,2.418,-0.965,-0.334,-0.311,2.452,-1.856,1.181,3.057,2.915,-0.467,0.164,0.186,2.95,-1.359,1.679,3
NNOX,5488,-2.204,13.2,-2.268,-1.389,-1.118,-1.149,-1.591,-2.129,-0.816,-1.821,-0.064,0.816,1.086,1.055,0.613,0.075,1.388,0
NOV,8867,0.098,6.005,0.566,0.8,-0.053,-0.371,0.972,0.107,-0.015,-1.446,0.468,0.701,-0.151,-0.469,0.873,0.009,-0.113,2
NOVT,8425,0.143,5.49,0.696,0.319,-0.4,-0.153,0.494,-0.058,-0.534,-4.07,0.553,0.175,-0.543,-0.297,0.35,-0.201,-0.677,2
NRDS,4864,-0.381,12.606,0.549,-0.889,-0.389,-0.488,1.054,0.951,1.378,-4.47,0.93,-0.507,-0.007,-0.107,1.435,1.332,1.759,3
NRIX,6448,-0.627,11.645,-0.954,-0.682,-1.248,-0.253,-0.483,-1.453,0.307,-2.722,-0.327,-0.055,-0.621,0.374,0.144,-0.826,0.934,3
NSC,8867,0.144,3.431,0.053,0.267,0.116,-0.024,-0.103,0.464,-0.258,-0.528,-0.091,0.123,-0.028,-0.168,-0.246,0.32,-0.402,2
NSIT,8757,0.265,5.098,-0.405,0.224,0.466,0.374,-0.065,0.47,0.657,-1.357,-0.67,-0.042,0.201,0.108,-0.33,0.205,0.391,2
NSSC,6575,0.492,8.121,1.323,0.0,0.484,0.433,1.038,1.2,2.612,-4.202,0.831,-0.492,-0.009,-0.06,0.546,0.708,2.12,2
NTAP,8867,0.386,5.046,0.026,0.485,0.365,0.447,0.465,0.12,0.289,0.478,-0.36,0.099,-0.021,0.061,0.079,-0.266,-0.098,2
NTCT,8156,0.108,4.544,0.362,0.0,0.541,0.069,0.455,0.447,0.344,0.186,0.254,-0.108,0.433,-0.039,0.347,0.339,0.236,2
NTES,8867,0.156,5.607,0.859,0.209,0.259,-0.044,0.504,0.278,-0.358,-2.991,0.704,0.053,0.103,-0.2,0.349,0.123,-0.513,2
NTGR,5142,-0.214,7.972,0.457,-0.442,-0.388,-0.642,-0.084,1.14,-0.996,-3.923,0.67,-0.229,-0.174,-0.428,0.13,1.354,-0.782,2
NTLA,8867,-1.028,10.895,-1.29,-0.69,-1.049,-0.828,-0.765,-0.081,-2.605,-4.33,-0.262,0.338,-0.021,0.2,0.263,0.947,-1.577,1
NTNX,8867,0.434,6.979,1.313,0.637,-0.049,0.057,0.509,1.007,0.704,-0.417,0.88,0.203,-0.483,-0.376,0.075,0.573,0.27,2
NTRA,8867,0.58,7.376,0.118,1.152,0.651,-0.465,0.958,0.084,0.245,-3.254,-0.463,0.571,0.07,-1.045,0.377,-0.497,-0.336,2
NTRS,8867,0.331,3.885,0.055,0.483,0.276,-0.043,0.701,0.379,0.897,-0.109,-0.277,0.152,-0.055,-0.374,0.369,0.047,0.565,2
NUTX,3014,0.178,24.583,-0.762,-0.07,1.904,-0.52,0.374,-0.551,0.906,-18.716,-0.94,-0.247,1.726,-0.698,0.196,-0.729,0.729,0
NUVL,6607,0.292,11.092,1.723,0.641,0.149,0.38,1.321,-0.455,1.693,-5.456,1.431,0.35,-0.143,0.088,1.029,-0.746,1.401,3
NVAX,8333,-1.368,13.211,-0.707,-0.935,0.136,-1.522,-1.155,-1.544,-1.655,-9.391,0.661,0.432,1.504,-0.155,0.213,-0.177,-0.287,0
NVCR,8855,-1.081,10.632,-0.774,-0.467,-1.359,-0.9,-1.013,-0.748,-0.966,-3.41,0.307,0.614,-0.278,0.181,0.068,0.333,0.115,3
NVDA,8867,1.184,6.957,0.789,1.628,0.776,1.114,1.256,0.58,1.484,-1.607,-0.395,0.444,-0.408,-0.069,0.072,-0.604,0.3,2
NVMI,8156,0.934,6.833,0.591,1.063,0.9,1.073,1.549,1.105,1.656,-2.434,-0.343,0.129,-0.033,0.139,0.616,0.171,0.723,2
NVTS,5381,-1.383,14.792,-2.282,-1.39,0.101,-0.584,-2.81,-2.385,-4.188,-5.292,-0.9,-0.008,1.484,0.799,-1.427,-1.003,-2.806,1
NWBI,7558,0.0,3.733,-0.227,0.207,-0.229,-0.081,-0.075,-0.143,-0.264,0.322,-0.227,0.207,-0.229,-0.081,-0.075,-0.143,-0.264,2
NWE,8771,0.054,2.828,0.974,0.305,0.155,-0.411,0.81,-0.169,0.347,-1.118,0.92,0.251,0.101,-0.465,0.755,-0.223,0.292,2
NWL,7545,-0.579,7.122,-0.93,-0.354,-0.232,-0.508,-0.442,0.0,-0.036,-3.715,-0.351,0.225,0.347,0.071,0.137,0.579,0.543,2
NWS,8734,0.259,3.776,-0.031,0.304,0.405,0.074,0.057,-0.017,0.227,-1.154,-0.29,0.044,0.146,-0.186,-0.202,-0.277,-0.033,2
NWSA,8867,0.189,3.695,0.236,0.386,0.419,0.099,0.039,0.285,0.265,-1.971,0.047,0.196,0.229,-0.091,-0.151,0.096,0.076,2
NXPI,8867,0.078,5.389,0.424,0.382,0.106,-0.148,0.697,0.062,0.421,-0.728,0.346,0.304,0.029,-0.226,0.62,-0.016,0.343,2
NXST,8867,0.046,4.814,0.564,0.255,0.417,-0.082,0.528,0.314,0.392,-5.417,0.518,0.208,0.37,-0.129,0.482,0.268,0.346,2
NXT,6043,0.263,8.461,0.634,1.256,0.113,-0.14,0.187,1.708,-0.101,0.052,0.371,0.993,-0.15,-0.403,-0.076,1.445,-0.364,2
OCFC,4936,0.095,6.253,0.266,0.371,-0.42,-0.285,0.37,0.243,-0.104,-10.072,0.171,0.276,-0.514,-0.379,0.275,0.149,-0.198,3
OCSL,8065,0.0,3.063,0.404,0.092,0.0,-0.097,0.269,-0.423,-0.054,-0.388,0.404,0.092,0.0,-0.097,0.269,-0.423,-0.054,2
OCUL,5634,-0.262,10.905,-0.097,-0.308,0.251,0.0,0.126,-0.575,-0.704,-7.96,0.165,-0.047,0.512,0.262,0.388,-0.313,-0.442,0
ODD,5178,-0.623,10.397,0.422,-0.603,-0.023,-0.818,0.015,-0.365,-0.425,-3.585,1.045,0.021,0.6,-0.195,0.638,0.258,0.198,3
ODFL,8867,0.239,5.034,-0.185,0.552,0.283,0.457,0.041,0.015,-0.121,-0.43,-0.424,0.313,0.044,0.218,-0.198,-0.224,-0.361,2
OFIX,3451,-1.317,10.112,-0.307,-0.206,-1.205,-1.33,-0.164,-2.74,1.73,-5.05,1.011,1.111,0.113,-0.013,1.154,-1.423,3.048,3
OKTA,8867,-0.099,8.231,0.686,-0.021,-0.261,-0.334,0.747,-1.241,-0.992,-1.629,0.785,0.078,-0.162,-0.235,0.846,-1.142,-0.893,3
OLED,8864,-0.238,5.694,-0.034,-0.147,-0.661,-0.085,0.257,-0.447,-0.369,-0.513,0.204,0.091,-0.423,0.153,0.495,-0.209,-0.131,2
OLLI,8867,0.0,5.86,0.346,-0.152,0.052,-0.181,0.356,0.062,0.847,-2.393,0.346,-0.152,0.052,-0.181,0.356,0.062,0.847,2
OLMA,4424,-1.124,15.87,-1.344,-1.597,-1.545,-1.545,-0.669,-3.778,-1.507,-2.52,-0.22,-0.474,-0.421,-0.421,0.455,-2.654,-0.383,3
OMCL,8779,-0.133,6.804,-0.146,0.0,-0.415,-0.434,0.047,-0.04,0.8,-1.582,-0.014,0.133,-0.282,-0.301,0.18,0.093,0.933,2
OMER,3097,-0.987,16.421,0.396,-1.289,-0.458,-0.49,0.934,-2.387,1.027,-3.514,1.383,-0.302,0.529,0.497,1.922,-1.4,2.014,3
ON,8867,0.252,7.266,0.135,1.027,0.027,0.67,0.448,0.523,0.708,-3.812,-0.117,0.775,-0.225,0.418,0.196,0.271,0.456,2
ONB,8867,0.219,4.094,0.359,0.339,0.06,-0.063,0.331,0.481,-0.473,-0.241,0.14,0.12,-0.159,-0.282,0.112,0.262,-0.692,2
OPCH,8859,0.075,5.278,1.448,0.139,-0.168,0.041,1.398,0.337,0.0,-1.736,1.373,0.064,-0.243,-0.034,1.323,0.262,-0.075,3
ORIC,3798,0.294,15.971,0.0,-0.345,-0.988,0.719,-0.522,0.0,3.509,-11.061,-0.294,-0.639,-1.282,0.425,-0.816,-0.294,3.215,0
ORLY,8867,0.409,3.195,1.15,0.355,0.331,0.219,0.776,0.58,0.477,-0.892,0.741,-0.054,-0.078,-0.189,0.367,0.171,0.069,2
OSIS,7245,0.371,5.331,0.09,0.523,0.596,0.402,0.097,0.565,1.154,-5.89,-0.281,0.152,0.225,0.031,-0.274,0.194,0.783,2
OSPN,3869,0.691,10.027,1.666,0.909,0.0,1.142,2.608,-0.466,-0.682,1.321,0.975,0.218,-0.691,0.451,1.917,-1.157,-1.373,3
OSW,5812,0.68,6.104,0.748,0.739,0.88,0.332,0.458,0.031,0.688,-3.708,0.069,0.059,0.2,-0.348,-0.222,-0.648,0.008,2
OTEX,8855,0.239,4.444,0.149,0.301,0.534,0.078,0.216,-0.142,0.818,-2.352,-0.09,0.063,0.296,-0.161,-0.023,-0.38,0.579,2
OTTR,8006,0.228,4.01,0.692,0.457,0.015,0.258,0.726,0.217,-0.358,1.214,0.464,0.229,-0.213,0.03,0.498,-0.011,-0.586,2
OUST,6554,-1.905,15.241,-2.138,-2.927,-1.397,-2.482,-2.252,-4.623,-2.457,-5.039,-0.234,-1.022,0.508,-0.577,-0.347,-2.718,-0.552,0
OXLC,8270,-0.253,4.278,-0.31,-0.295,-0.211,-0.398,-0.118,-0.697,-0.135,-1.088,-0.057,-0.041,0.042,-0.144,0.135,-0.444,0.118,2
OXY,8867,0.205,5.467,0.586,0.146,0.457,0.419,0.575,0.061,0.451,-3.632,0.382,-0.058,0.252,0.214,0.37,-0.143,0.246,2
OZK,8867,0.078,4.639,-0.028,0.03,0.103,0.0,0.108,-0.045,0.122,-1.008,-0.106,-0.048,0.025,-0.078,0.03,-0.123,0.043,2
PAA,8867,0.597,3.975,0.889,0.594,0.432,0.566,0.806,0.537,0.572,-1.855,0.292,-0.003,-0.165,-0.031,0.209,-0.06,-0.025,2
PACB,4454,-1.521,11.254,-1.676,-1.508,-2.514,-2.29,-1.342,-1.579,-1.532,-3.658,-0.156,0.013,-0.993,-0.77,0.178,-0.058,-0.011,3
PAGP,8867,0.639,3.974,0.965,0.76,0.592,0.622,0.704,1.541,0.442,-2.264,0.326,0.121,-0.047,-0.017,0.065,0.902,-0.197,2
PAHC,3027,0.62,11.271,0.971,0.505,0.752,1.907,0.229,0.876,1.264,-9.352,0.351,-0.115,0.132,1.286,-0.391,0.255,0.644,1
PANW,8867,0.733,5.997,1.352,0.91,1.102,0.61,1.134,0.718,1.149,-1.574,0.619,0.176,0.369,-0.124,0.4,-0.015,0.416,2
PATH,8867,-0.565,8.555,1.141,-0.806,-1.079,-0.81,0.38,-1.18,-2.318,-3.282,1.706,-0.241,-0.514,-0.245,0.945,-0.615,-1.753,3
PATK,8121,0.402,5.332,0.084,0.805,0.396,0.467,0.605,0.343,1.228,-2.526,-0.318,0.403,-0.006,0.065,0.202,-0.059,0.825,2
PAX,4919,-0.186,5.839,0.302,-0.196,0.154,0.0,-0.062,-0.735,-0.452,-2.964,0.488,-0.01,0.34,0.186,0.125,-0.549,-0.266,2
PAYO,6988,-0.141,6.883,0.455,0.0,-0.585,-0.388,0.162,-0.49,0.198,-4.092,0.596,0.141,-0.444,-0.247,0.303,-0.349,0.339,3
PAYX,8867,0.168,3.235,0.0,0.029,0.351,0.177,-0.068,0.007,0.414,-0.884,-0.168,-0.14,0.183,0.009,-0.236,-0.161,0.246,2
PCAR,8867,0.342,3.478,0.901,0.391,-0.113,0.258,0.949,0.455,-0.055,-1.145,0.559,0.049,-0.455,-0.084,0.607,0.113,-0.397,2
PCRX,8690,-0.134,6.292,0.043,0.152,-0.235,-0.651,0.18,-1.048,0.62,-1.546,0.178,0.287,-0.101,-0.517,0.314,-0.913,0.755,2
PCT,7943,-0.625,11.826,-1.526,-0.818,-0.741,-0.598,-1.362,-0.662,-2.374,-4.314,-0.901,-0.194,-0.116,0.026,-0.738,-0.038,-1.749,1
PCTY,8866,-0.123,5.766,-0.079,-0.198,0.569,-0.1,-0.321,0.287,-0.115,-0.882,0.045,-0.074,0.693,0.023,-0.197,0.41,0.009,2
PCVX,7821,0.309,9.122,1.4,0.272,-0.223,-0.099,1.255,0.617,1.142,-2.798,1.09,-0.037,-0.533,-0.408,0.946,0.308,0.833,3
PDD,8867,-0.054,9.364,0.919,-0.251,-0.028,-0.852,0.782,-0.084,-0.162,-1.325,0.973,-0.197,0.026,-0.798,0.836,-0.03,-0.108,3
PDFS,4370,0.961,9.97,2.023,0.733,0.302,0.355,1.183,1.711,0.398,-0.73,1.062,-0.228,-0.659,-0.607,0.222,0.75,-0.563,2
PECO,8564,0.144,3.051,0.991,0.346,0.144,-0.206,0.535,-0.682,-0.909,0.056,0.847,0.201,0.0,-0.351,0.391,-0.827,-1.054,2
PEGA,8768,-0.204,7.246,0.476,0.093,-0.115,-0.858,0.384,-0.208,0.276,-1.533,0.679,0.297,0.089,-0.655,0.588,-0.004,0.48,2
PENG,3064,1.716,9.935,0.889,2.345,1.293,1.796,1.726,1.204,1.747,1.182,-0.828,0.628,-0.423,0.079,0.01,-0.512,0.031,2
PENN,8867,-0.227,6.911,1.204,0.162,-0.551,-1.022,1.246,-1.022,-2.7,-5.847,1.431,0.389,-0.324,-0.796,1.473,-0.795,-2.473,3
PEP,8867,-0.012,2.55,0.053,0.018,-0.014,-0.026,-0.064,-0.002,0.286,-1.453,0.065,0.03,-0.002,-0.014,-0.051,0.01,0.299,2
PERI,6203,-0.222,8.582,-0.215,-0.211,-0.046,0.306,0.0,0.234,-0.539,-0.88,0.007,0.012,0.176,0.529,0.222,0.456,-0.317,2
PFBC,4077,0.456,5.806,1.313,0.763,0.296,0.173,0.816,1.548,0.773,-0.764,0.858,0.307,-0.16,-0.283,0.36,1.092,0.317,2
PFG,8867,0.528,3.752,0.644,0.761,0.806,0.446,0.888,0.671,0.35,-2.198,0.116,0.233,0.278,-0.082,0.36,0.143,-0.178,2
PG,8867,0.221,2.423,0.335,0.197,0.194,0.348,-0.253,0.483,0.334,-0.513,0.114,-0.023,-0.027,0.127,-0.474,0.263,0.113,2
PGNY,8867,-0.24,7.644,1.021,-0.253,-0.352,-0.554,0.832,-0.409,-1.547,-2.213,1.261,-0.013,-0.112,-0.314,1.072,-0.17,-1.308,3
PGY,5815,0.151,15.722,-5.077,0.492,1.354,0.193,-2.812,1.312,0.479,-3.344,-5.228,0.341,1.203,0.042,-2.963,1.161,0.329,0
PHAT,4887,-0.766,14.862,-0.623,-0.509,-0.786,-0.841,-0.461,-1.297,-5.328,-1.756,0.143,0.257,-0.02,-0.075,0.306,-0.531,-4.562,3
PI,8730,0.684,9.905,0.294,1.193,0.996,1.099,0.981,0.684,-0.324,-8.744,-0.39,0.508,0.312,0.414,0.297,-0.001,-1.008,0
PLAB,8101,0.292,8.6,1.076,0.349,-0.028,0.868,-0.139,0.132,-0.34,1.442,0.785,0.058,-0.319,0.577,-0.43,-0.16,-0.632,2
PLAY,8866,-0.497,8.338,-0.118,-0.758,-0.208,-0.295,-0.131,-0.048,-0.728,-7.686,0.378,-0.261,0.289,0.202,0.365,0.449,-0.231,1
PLD,8867,0.347,3.826,-0.319,0.727,0.703,0.171,0.068,0.684,-0.363,-1.369,-0.666,0.38,0.356,-0.177,-0.279,0.336,-0.711,2
PLMR,7441,0.099,6.624,0.498,0.202,0.459,0.098,0.426,0.422,-0.305,-0.255,0.399,0.103,0.359,-0.001,0.327,0.323,-0.405,2
PLTK,5887,-0.427,7.054,0.67,0.429,-0.858,-1.046,0.519,-0.179,0.398,0.599,1.097,0.856,-0.431,-0.619,0.946,0.248,0.825,3
PLTR,8867,0.683,9.582,-0.186,1.185,1.164,0.674,0.304,0.15,0.364,-5.592,-0.869,0.502,0.481,-0.009,-0.378,-0.533,-0.319,0
PLUG,4149,-1.765,11.054,-1.101,-2.132,-2.649,-0.997,-0.863,0.907,-2.453,-0.261,0.665,-0.367,-0.884,0.768,0.902,2.672,-0.688,1
PLUS,5953,0.297,6.369,1.759,0.402,-0.091,0.489,1.198,0.047,-0.706,-3.841,1.462,0.105,-0.388,0.192,0.901,-0.25,-1.003,3
PLXS,7773,0.574,4.738,0.694,0.667,0.496,0.865,0.558,0.221,0.825,-3.96,0.12,0.093,-0.079,0.29,-0.016,-0.353,0.251,2
PM,8867,0.339,3.357,0.34,0.293,0.385,0.257,0.58,0.507,0.597,-0.929,0.001,-0.045,0.046,-0.081,0.241,0.169,0.258,2
PNC,8867,0.242,3.854,0.198,0.085,0.601,0.241,0.352,0.17,0.822,-1.142,-0.044,-0.158,0.358,-0.001,0.109,-0.073,0.58,2
PNTG,3468,0.585,10.096,0.491,0.713,1.22,0.319,1.485,-0.356,-1.138,-5.828,-0.094,0.128,0.635,-0.266,0.9,-0.941,-1.723,0
PODD,8867,-0.119,5.809,0.217,-0.075,-0.248,-0.049,-0.136,-0.256,0.782,-1.971,0.335,0.044,-0.129,0.07,-0.017,-0.137,0.901,2
POOL,8867,-0.358,4.726,0.108,-0.006,-0.668,-0.725,0.093,-1.077,0.546,-0.764,0.466,0.352,-0.31,-0.368,0.451,-0.719,0.904,2
POWI,8859,-0.232,6.168,0.226,-0.086,-0.679,-0.234,0.104,0.427,0.132,-1.795,0.457,0.145,-0.447,-0.003,0.335,0.658,0.363,2
POWL,5593,1.802,11.392,1.893,1.503,2.345,2.696,1.177,1.863,0.485,-2.055,0.09,-0.299,0.543,0.893,-0.625,0.061,-1.317,1
PPC,8755,0.235,4.519,-0.1,0.1,0.247,0.265,0.221,0.244,0.549,-1.047,-0.334,-0.135,0.012,0.03,-0.014,0.009,0.314,2
PPTA,3088,2.102,12.262,4.363,1.477,1.758,3.169,2.788,1.964,-0.618,2.208,2.262,-0.625,-0.343,1.067,0.686,-0.138,-2.719,1
PRAA,6014,-0.191,9.581,-0.406,-0.128,-0.319,-0.276,0.334,0.378,0.281,-2.314,-0.214,0.063,-0.128,-0.085,0.525,0.569,0.472,2
PRAX,5135,1.169,16.818,1.884,2.035,1.027,0.81,2.218,0.443,2.035,-3.07,0.716,0.866,-0.141,-0.359,1.05,-0.725,0.866,3
PRCH,3960,-0.738,12.7,-1.29,-0.737,-0.646,0.0,-0.344,0.799,0.897,-5.602,-0.552,0.001,0.092,0.738,0.394,1.537,1.635,1
PRCT,8087,-0.754,8.7,0.601,-0.971,-0.983,-0.84,-0.245,-1.991,-0.447,-6.586,1.355,-0.217,-0.229,-0.086,0.509,-1.237,0.307,3
PRDO,6701,0.347,5.995,1.241,0.385,-0.082,0.138,0.424,0.52,-0.719,-2.407,0.894,0.038,-0.429,-0.209,0.077,0.173,-1.066,2
PRGS,8606,-0.087,4.916,0.729,0.117,0.185,-0.312,0.212,0.192,-0.713,-2.093,0.816,0.204,0.272,-0.225,0.299,0.279,-0.626,2
PRTA,7551,-0.662,9.465,0.333,-0.441,-1.017,-1.173,0.161,-0.194,-1.062,-6.569,0.995,0.221,-0.355,-0.511,0.823,0.468,-0.4,3
PRVA,8697,-0.25,6.683,-0.851,0.252,0.0,-0.15,-0.402,0.743,0.354,-3.498,-0.601,0.502,0.25,0.1,-0.152,0.994,0.604,2
PSA,8867,0.155,3.413,-0.187,0.211,0.27,0.205,0.013,-0.176,0.444,-0.141,-0.342,0.056,0.115,0.049,-0.143,-0.332,0.289,2
PSEC,5753,-0.137,3.29,0.0,0.0,-0.371,-0.166,-0.16,-0.241,0.064,-0.939,0.137,0.137,-0.234,-0.029,-0.023,-0.103,0.201,2
PSIX,3039,2.257,16.175,0.504,-1.039,2.049,1.618,0.85,1.108,-2.63,-1.73,-1.753,-3.295,-0.208,-0.638,-1.407,-1.148,-4.887,1
PSMT,7019,0.458,4.049,1.562,0.547,0.026,0.372,0.903,0.078,0.542,-2.178,1.104,0.088,-0.432,-0.086,0.445,-0.381,0.083,2
PSNL,3257,-0.364,12.741,1.976,-2.213,-0.381,-1.523,2.916,-3.246,3.345,-8.204,2.341,-1.849,-0.017,-1.159,3.28,-2.881,3.709,3
PSNY,5018,-2.212,13.679,-2.252,-2.308,-1.566,-0.294,-2.728,-0.104,-1.397,-4.265,-0.04,-0.095,0.646,1.919,-0.516,2.108,0.815,1
PSX,8867,0.543,4.925,0.415,0.463,0.69,0.693,0.402,0.875,0.971,-1.107,-0.128,-0.08,0.147,0.151,-0.141,0.332,0.428,2
PTC,8867,0.06,4.156,0.551,0.124,0.016,-0.149,0.546,-0.515,0.465,-1.091,0.491,0.064,-0.044,-0.209,0.486,-0.575,0.405,2
PTCT,8831,0.12,7.987,0.85,0.333,-0.566,-0.272,1.593,0.486,0.334,-0.654,0.73,0.213,-0.686,-0.392,1.472,0.365,0.214,3
PTEN,8867,0.0,7.595,1.455,0.0,-0.188,-0.3,1.066,0.393,-0.329,-1.91,1.455,0.0,-0.188,-0.3,1.066,0.393,-0.329,3
PTGX,8472,0.524,10.825,1.334,0.738,0.222,0.575,1.087,1.315,-0.377,1.668,0.81,0.214,-0.302,0.051,0.563,0.791,-0.901,2
PTLO,7516,-0.999,7.546,-1.274,-0.803,-1.265,-0.621,-0.782,-0.989,-1.715,-4.958,-0.275,0.196,-0.266,0.378,0.217,0.01,-0.716,2
PTON,7106,-1.576,11.631,-1.741,-1.489,-2.097,-2.243,-2.916,-1.962,-0.697,-6.214,-0.165,0.087,-0.521,-0.668,-1.34,-0.386,0.878,0
PUBM,7138,-0.478,10.214,-0.084,-0.615,-0.931,-0.148,0.126,0.888,-1.926,-1.359,0.394,-0.137,-0.454,0.33,0.604,1.366,-1.448,1
PWP,5431,0.32,8.327,0.196,0.487,0.402,0.16,0.085,0.361,0.532,-2.665,-0.124,0.167,0.082,-0.16,-0.234,0.041,0.213,2
PYPL,8867,-0.325,5.965,-0.446,0.057,0.022,-0.142,-0.339,-0.417,-0.574,-0.592,-0.121,0.382,0.346,0.183,-0.014,-0.093,-0.249,2
PZZA,8867,-0.621,5.857,-0.563,-0.195,-0.189,-0.805,0.274,-0.964,-0.762,-4.048,0.057,0.426,0.432,-0.185,0.894,-0.344,-0.142,2
QCOM,8867,0.012,5.755,0.1,0.066,-0.374,-0.222,-0.161,0.251,0.107,-3.919,0.087,0.053,-0.386,-0.235,-0.173,0.238,0.095,2
QCRH,3446,0.581,6.322,1.31,0.304,1.009,0.489,1.045,2.178,-0.054,-4.118,0.729,-0.277,0.428,-0.092,0.464,1.597,-0.635,2
QDEL,8866,-0.58,8.336,0.922,-0.457,-0.737,-0.983,0.853,-1.164,0.911,0.036,1.502,0.122,-0.158,-0.403,1.432,-0.585,1.491,3
QLYS,8866,0.296,5.811,0.535,0.372,0.213,0.121,0.434,-0.072,0.128,-2.195,0.239,0.076,-0.083,-0.175,0.138,-0.368,-0.168,2
QNST,5240,0.411,9.187,0.801,0.576,0.481,0.123,0.411,0.376,-0.638,-0.216,0.39,0.165,0.07,-0.288,0.0,-0.035,-1.049,2
QRVO,8867,-0.065,5.458,0.32,0.011,-0.397,-0.072,0.356,-0.697,0.718,-1.632,0.384,0.076,-0.332,-0.007,0.421,-0.632,0.782,2
QS,8099,-1.143,12.204,0.164,-0.696,-2.246,-0.143,0.29,-2.786,-0.989,-4.348,1.307,0.447,-1.103,1.0,1.432,-1.643,0.153,3
QTRX,5377,-1.024,12.204,1.592,-0.947,-1.138,-2.203,0.446,-3.505,-1.699,-6.083,2.616,0.077,-0.113,-1.179,1.47,-2.481,-0.675,3
QUBT,3038,-1.66,17.387,2.481,-2.093,-4.75,-2.48,2.139,-0.121,-8.86,-3.226,4.141,-0.433,-3.09,-0.82,3.799,1.538,-7.2,3
QURE,7515,-0.294,15.145,0.195,-0.13,-1.009,0.262,0.042,-1.369,0.082,-3.519,0.489,0.165,-0.715,0.557,0.336,-1.075,0.376,3
RACE,8866,0.417,4.153,0.16,0.342,0.568,0.435,0.161,0.341,0.143,-1.039,-0.256,-0.075,0.152,0.018,-0.256,-0.076,-0.274,2
RARE,8865,-0.09,7.318,0.719,-0.358,-0.706,-0.405,-0.365,-0.223,-2.057,-4.112,0.809,-0.268,-0.616,-0.315,-0.275,-0.133,-1.967,3
RBLX,8867,0.31,9.324,-0.19,0.526,0.181,0.263,0.049,0.06,-0.489,-10.088,-0.5,0.216,-0.129,-0.047,-0.261,-0.249,-0.799,0
RCKT,6481,-1.396,10.452,-1.531,-1.498,-1.127,-1.512,-2.375,-1.775,-0.608,-3.025,-0.135,-0.102,0.268,-0.116,-0.98,-0.379,0.788,0
RCL,8867,0.725,6.718,0.742,0.139,0.944,0.862,0.364,1.269,0.09,-0.02,0.017,-0.586,0.219,0.137,-0.362,0.544,-0.635,2
RDNT,7472,0.349,6.794,1.488,0.314,0.478,-0.19,2.562,1.235,-0.73,-5.997,1.139,-0.036,0.129,-0.54,2.212,0.886,-1.079,3
RDWR,3852,0.279,7.613,0.768,0.034,0.68,1.724,-1.012,2.147,0.946,-2.281,0.489,-0.244,0.401,1.446,-1.291,1.868,0.667,1
REAL,4324,-0.383,11.965,-1.416,-0.714,0.193,-0.853,-1.45,-0.29,2.138,-4.417,-1.033,-0.331,0.576,-0.471,-1.068,0.093,2.521,0
REG,8867,0.224,2.918,0.763,0.422,0.224,-0.034,0.59,0.343,0.323,-0.486,0.539,0.198,0.001,-0.258,0.366,0.119,0.099,2
REGN,8867,0.239,4.357,0.292,0.329,0.162,0.047,0.436,0.386,-0.357,-1.526,0.052,0.09,-0.078,-0.192,0.196,0.146,-0.597,2
RELY,8256,0.138,8.522,-0.323,-0.318,1.112,1.051,-1.001,0.629,1.242,-4.184,-0.461,-0.455,0.975,0.914,-1.139,0.492,1.104,1
REPL,6379,-0.5,13.471,-0.252,0.0,-0.556,-1.652,0.31,0.0,0.541,-8.605,0.248,0.5,-0.055,-1.152,0.81,0.5,1.041,3
REYN,8425,-0.106,2.996,0.551,-0.18,-0.233,-0.071,0.411,-0.186,-0.176,0.061,0.657,-0.074,-0.127,0.035,0.518,-0.08,-0.07,2
RGEN,8867,-0.117,7.115,0.644,-0.298,0.504,0.154,0.26,-0.055,0.063,-2.933,0.762,-0.18,0.621,0.271,0.378,0.062,0.181,2
RGLD,8867,0.231,4.575,0.318,-0.233,0.389,0.453,0.178,0.64,0.326,-1.384,0.087,-0.464,0.158,0.222,-0.054,0.409,0.094,2
RGNX,7120,-0.803,12.007,-0.578,-0.533,-0.51,-1.448,-0.702,0.08,-3.265,-6.007,0.225,0.27,0.293,-0.645,0.101,0.883,-2.463,3
RGTI,3055,-0.524,18.851,0.136,-0.679,0.793,-1.226,-0.304,-3.099,-3.862,-26.796,0.66,-0.155,1.317,-0.701,0.221,-2.574,-3.337,0
RIG,3577,0.166,6.955,0.737,-0.175,-0.236,0.96,1.305,0.486,-0.341,2.574,0.572,-0.341,-0.402,0.794,1.14,0.32,-0.507,2
RIGL,4066,-0.852,16.643,-2.024,-1.589,1.024,-0.347,-2.217,3.013,0.63,-5.844,-1.172,-0.737,1.876,0.505,-1.365,3.865,1.482,1
RILY,6827,-0.664,12.771,0.838,-0.641,-0.702,-0.31,-2.302,0.495,-0.733,-3.279,1.502,0.023,-0.038,0.354,-1.638,1.159,-0.069,1
RIOT,8492,-0.475,13.811,-2.186,0.078,-1.112,0.215,-2.486,-0.638,-1.753,-4.034,-1.711,0.553,-0.637,0.69,-2.011,-0.162,-1.278,1
RIVN,8227,-0.785,10.779,-1.352,-0.383,-0.652,-0.347,-0.611,0.135,1.1,-7.358,-0.567,0.403,0.133,0.438,0.174,0.92,1.886,0
RKLB,5859,0.0,12.863,0.0,-0.54,-0.343,-0.515,0.015,-1.023,1.812,-1.8,0.0,-0.54,-0.343,-0.515,0.015,-1.023,1.812,0
RLAY,7010,-0.849,10.817,-1.623,-0.697,-1.024,-1.171,-0.267,0.101,-3.583,-1.761,-0.774,0.152,-0.175,-0.321,0.582,0.951,-2.734,1
RMBS,8851,0.656,7.543,1.217,0.722,0.355,0.217,1.645,0.484,2.882,0.275,0.561,0.066,-0.301,-0.439,0.988,-0.172,2.226,2
RNA,6832,0.221,12.646,0.609,0.138,0.042,0.277,0.765,-0.272,4.977,-3.073,0.388,-0.083,-0.179,0.056,0.544,-0.493,4.756,0
RNW,5070,0.0,7.272,1.51,-0.264,-0.718,-0.359,0.661,-0.833,0.212,-0.877,1.51,-0.264,-0.718,-0.359,0.661,-0.833,0.212,3
ROAD,7448,0.501,6.918,0.816,0.736,0.646,0.71,0.759,0.775,-0.106,-2.371,0.315,0.235,0.145,0.209,0.258,0.274,-0.607,2
ROCK,7522,-0.303,6.083,0.261,0.02,0.077,0.0,0.022,-0.247,-0.424,-3.56,0.564,0.323,0.38,0.303,0.325,0.056,-0.12,2
ROIV,6792,0.639,7.988,1.894,0.51,0.483,0.771,1.189,0.091,0.929,-0.513,1.255,-0.129,-0.156,0.132,0.55,-0.548,0.29,2
ROKU,8867,-0.2,9.212,-0.516,0.238,-0.564,-0.014,-1.067,-0.388,0.349,-1.114,-0.316,0.438,-0.364,0.187,-0.867,-0.188,0.55,2
ROOT,5988,-1.548,15.14,-1.323,-1.594,-0.642,-0.67,-1.73,-2.699,1.722,-9.184,0.225,-0.046,0.905,0.877,-0.182,-1.151,3.269,0
ROP,8867,0.067,3.066,0.384,0.175,0.153,-0.106,0.66,0.016,-0.05,-2.115,0.318,0.109,0.086,-0.173,0.593,-0.05,-0.116,2
ROST,8867,0.329,3.955,-0.268,0.427,0.449,0.45,0.131,0.667,0.137,-1.46,-0.598,0.097,0.12,0.121,-0.199,0.337,-0.192,2
RPD,8859,-0.5,8.347,-0.288,-0.5,-0.276,-0.343,-0.805,-0.992,-1.647,-0.44,0.211,-0.0,0.223,0.156,-0.305,-0.492,-1.147,2
RPRX,8867,0.141,3.246,0.698,0.269,0.112,0.201,0.333,0.139,-0.143,-1.932,0.557,0.128,-0.029,0.06,0.192,-0.002,-0.284,2
RRR,8854,0.329,5.153,1.12,0.296,-0.296,-0.228,1.237,-0.026,0.126,-0.541,0.791,-0.033,-0.625,-0.557,0.908,-0.354,-0.202,2
RTX,8867,0.358,3.36,0.667,0.48,0.45,0.566,0.782,0.369,0.824,-1.305,0.309,0.122,0.092,0.208,0.425,0.011,0.466,2
RUM,5969,-1.443,12.123,-0.116,-1.5,-2.097,-2.243,-0.139,-2.759,-0.852,-9.625,1.327,-0.058,-0.655,-0.8,1.304,-1.316,0.591,3
RUN,8867,-0.264,12.59,1.534,0.063,-0.615,-0.308,1.004,-0.945,2.117,-8.596,1.798,0.326,-0.351,-0.044,1.268,-0.681,2.38,3
RUSHA,8081,0.497,4.451,0.699,0.814,0.471,0.216,0.442,-0.07,-0.037,-1.415,0.202,0.317,-0.026,-0.281,-0.055,-0.567,-0.534,2
RVMD,8726,0.284,9.078,1.48,0.429,-0.144,0.472,0.628,0.612,0.805,-2.653,1.195,0.145,-0.429,0.187,0.343,0.327,0.521,2
RXRX,6899,-1.404,13.507,0.559,-0.698,-1.597,-1.493,-1.508,-3.559,-2.363,-0.246,1.962,0.705,-0.194,-0.089,-0.105,-2.155,-0.96,3
RXST,5299,-0.141,9.952,-0.77,-0.541,0.156,0.358,-0.439,0.132,-1.368,-4.224,-0.629,-0.4,0.297,0.499,-0.297,0.273,-1.227,1
RYTM,7526,0.328,10.67,0.732,0.227,0.588,-0.401,0.51,0.758,2.053,-0.67,0.404,-0.101,0.261,-0.728,0.182,0.431,1.726,2
SABR,3044,-0.428,9.403,0.913,0.345,0.359,-0.519,0.772,-1.748,2.732,-2.035,1.342,0.773,0.788,-0.09,1.201,-1.32,3.161,3
SAFT,3299,-0.144,6.027,0.792,0.189,-0.092,0.133,0.792,0.063,-0.019,-11.149,0.936,0.333,0.052,0.278,0.936,0.207,0.125,3
SAIA,8867,0.473,6.977,0.925,0.638,0.466,0.285,1.067,0.948,0.065,-3.94,0.452,0.165,-0.007,-0.188,0.594,0.475,-0.408,2
SAIC,8867,0.388,4.191,0.654,0.171,0.298,0.389,0.545,0.601,0.028,-1.18,0.267,-0.217,-0.09,0.001,0.157,0.214,-0.36,2
SAIL,4496,0.095,9.825,0.237,-0.141,0.212,0.474,-0.299,-0.826,-0.12,-1.169,0.142,-0.236,0.117,0.379,-0.394,-0.921,-0.215,2
SANA,3711,-1.808,12.19,-1.566,-2.183,-2.911,-0.261,-1.758,-2.446,-3.832,-4.875,0.242,-0.375,-1.104,1.547,0.05,-0.639,-2.024,1
SANM,8742,0.454,5.982,0.806,0.617,0.555,0.544,0.452,0.751,0.512,-0.759,0.353,0.163,0.101,0.09,-0.002,0.298,0.058,2
SATS,7150,0.441,10.156,0.431,0.58,0.556,0.566,0.646,0.664,-1.123,-4.075,-0.01,0.139,0.115,0.125,0.205,0.223,-1.564,2
SBAC,8867,-0.24,4.152,-0.147,-0.077,-0.238,-0.269,0.13,-0.346,-0.364,-0.594,0.093,0.162,0.002,-0.029,0.37,-0.106,-0.124,2
SBCF,7679,-0.157,4.791,0.465,-0.262,-0.354,0.119,0.545,-0.154,0.089,-1.968,0.622,-0.105,-0.198,0.276,0.702,0.003,0.246,2
SBGI,6987,-0.875,8.469,-0.363,-1.08,-0.806,-1.165,-0.407,-0.262,-2.361,-3.727,0.512,-0.206,0.069,-0.29,0.468,0.613,-1.486,3
SBLK,8865,0.545,5.727,0.054,0.983,0.545,0.565,0.343,-0.389,0.079,-5.806,-0.491,0.437,-0.0,0.019,-0.203,-0.935,-0.466,2
SBRA,8867,0.139,3.589,0.66,0.0,0.133,0.141,0.242,0.434,-0.955,-1.059,0.521,-0.139,-0.006,0.002,0.103,0.296,-1.094,2
SBUX,8867,0.084,4.232,0.37,0.282,0.082,0.038,0.222,0.569,0.617,-2.148,0.286,0.198,-0.002,-0.046,0.138,0.485,0.533,2
SCHL,5926,0.558,6.775,1.838,0.885,0.515,0.198,1.129,1.056,1.499,-3.138,1.28,0.327,-0.043,-0.36,0.571,0.498,0.941,2
SCHW,8867,0.293,4.662,-0.068,0.525,0.283,-0.066,0.476,0.361,0.295,-3.05,-0.36,0.232,-0.01,-0.358,0.183,0.069,0.002,2
SCSC,4642,0.548,6.76,0.981,0.906,1.067,0.026,0.663,-1.101,0.538,0.024,0.433,0.358,0.519,-0.521,0.115,-1.649,-0.01,2
SCVL,7249,-0.481,6.624,-0.042,-0.314,-0.258,-0.301,0.046,0.001,-1.045,-4.085,0.44,0.167,0.223,0.18,0.528,0.482,-0.563,2
SDGR,8844,-0.989,9.166,-1.295,-0.18,-1.061,-1.089,-0.847,0.138,-3.037,-2.677,-0.306,0.808,-0.073,-0.101,0.141,1.126,-2.049,2
SEDG,8867,-0.959,11.845,-1.006,0.144,-1.195,-1.927,-1.636,-1.163,0.741,-6.158,-0.047,1.104,-0.236,-0.967,-0.676,-0.204,1.701,0
SEIC,8867,0.187,3.14,0.317,0.039,0.261,0.035,0.27,-0.059,0.437,-0.622,0.13,-0.148,0.074,-0.152,0.083,-0.246,0.25,2
SEMR,4700,0.084,11.718,-1.2,0.245,0.084,-0.093,-0.085,-0.623,0.084,-1.593,-1.284,0.161,0.0,-0.177,-0.169,-0.707,-0.0,0
SERV,3504,-1.533,15.804,-1.571,-1.342,-1.524,-1.669,0.0,-1.195,-2.619,-1.071,-0.037,0.191,0.009,-0.135,1.533,0.338,-1.085,3
SEZL,3853,2.485,16.611,3.487,1.219,2.458,2.979,4.334,4.449,-0.36,-1.533,1.002,-1.266,-0.027,0.494,1.849,1.964,-2.845,1
SFM,8867,0.551,5.397,0.492,0.707,0.567,0.383,0.53,0.405,0.325,-0.527,-0.059,0.156,0.016,-0.168,-0.021,-0.146,-0.226,2
SFNC,8022,-0.211,4.459,-0.186,-0.482,-0.29,-0.039,-0.302,-0.122,0.143,-2.397,0.025,-0.271,-0.079,0.172,-0.091,0.089,0.354,2
SGML,7184,-0.47,12.143,-0.239,-0.692,0.165,0.455,0.363,-0.386,0.728,-7.062,0.231,-0.221,0.635,0.925,0.834,0.084,1.199,1
SGRY,8835,-0.636,7.49,0.396,-0.825,-0.687,-0.733,-0.599,-0.695,-1.283,-2.427,1.032,-0.189,-0.051,-0.097,0.037,-0.059,-0.647,2
SHC,8598,-0.173,7.962,0.03,-0.053,-0.234,-0.717,0.301,0.031,-0.359,-4.727,0.203,0.12,-0.061,-0.544,0.474,0.204,-0.186,2
SHLS,7935,-0.259,10.763,-0.951,0.199,0.298,-0.489,-0.279,-1.86,-2.212,-4.376,-0.692,0.458,0.557,-0.229,-0.02,-1.601,-1.952,0
SHOO,8866,0.122,5.207,0.621,-0.135,-0.023,0.084,0.359,-0.159,1.387,-2.394,0.499,-0.257,-0.144,-0.038,0.237,-0.281,1.265,2
SHOP,8867,-0.052,9.039,0.343,0.339,0.855,-0.103,0.033,-0.103,-0.359,-9.861,0.395,0.391,0.907,-0.051,0.085,-0.051,-0.307,0
SIBN,5676,-0.105,9.635,0.442,-0.147,0.066,0.253,-0.062,0.965,1.194,-5.81,0.547,-0.042,0.171,0.358,0.043,1.07,1.299,1
SIGI,8726,0.091,3.584,1.084,0.143,0.081,0.116,1.124,-0.281,-0.405,-0.594,0.993,0.052,-0.01,0.025,1.033,-0.372,-0.496,2
SIRI,8867,-0.328,5.943,-1.118,-0.142,0.251,-0.401,-0.951,-0.361,-0.915,-2.334,-0.79,0.186,0.579,-0.073,-0.622,-0.033,-0.587,2
SITM,8805,0.806,10.571,0.595,1.281,0.87,0.577,-0.412,-0.016,1.115,-5.857,-0.211,0.475,0.064,-0.228,-1.217,-0.822,0.309,0
SKWD,5430,0.57,4.999,2.442,0.021,0.555,1.338,0.969,0.557,-0.103,0.462,1.872,-0.549,-0.015,0.768,0.399,-0.013,-0.673,2
SKYT,4613,0.055,17.627,2.471,-1.559,-1.073,2.376,0.813,2.215,2.242,-15.977,2.417,-1.613,-1.128,2.321,0.758,2.16,2.188,1
SKYW,8756,0.424,6.065,-0.604,0.467,0.593,0.836,0.215,0.58,1.437,-0.565,-1.029,0.043,0.169,0.412,-0.209,0.156,1.013,2
SLAB,8859,0.07,6.732,-0.405,0.107,0.0,0.187,-0.118,-0.163,0.228,0.28,-0.475,0.037,-0.07,0.117,-0.188,-0.233,0.158,2
SLB,8867,0.148,5.488,0.213,0.276,0.284,-0.152,0.022,-0.416,-0.156,-0.969,0.066,0.128,0.136,-0.3,-0.125,-0.563,-0.304,2
SLM,8867,0.127,4.935,0.54,0.141,-0.145,-0.089,0.246,0.368,-0.329,-1.204,0.413,0.013,-0.272,-0.216,0.119,0.241,-0.456,2
SLP,4999,-0.05,9.98,0.532,-0.164,-0.27,0.915,-0.531,-0.025,0.0,-1.644,0.582,-0.114,-0.22,0.965,-0.481,0.025,0.05,1
SLRC,3464,-0.271,4.751,-0.141,0.204,-0.444,-0.649,-0.141,-2.317,0.0,-4.162,0.129,0.475,-0.173,-0.378,0.13,-2.046,0.271,2
SMCI,7144,0.836,13.594,1.094,0.675,1.403,0.424,1.419,1.032,-0.691,-5.388,0.258,-0.161,0.567,-0.412,0.583,0.196,-1.527,0
SMMT,3824,0.206,13.688,2.186,0.911,-0.762,-0.101,2.103,-1.531,-2.54,-1.338,1.979,0.704,-0.969,-0.307,1.897,-1.737,-2.747,3
SMPL,8836,-0.27,4.77,-0.183,-0.309,0.0,-0.42,-0.182,0.192,0.039,-1.84,0.087,-0.039,0.27,-0.15,0.088,0.462,0.308,2
SMTC,8866,0.421,9.072,0.027,0.475,0.268,0.459,0.735,0.788,1.097,-1.127,-0.394,0.055,-0.153,0.039,0.314,0.368,0.676,2
SNBR,6819,-1.267,14.007,-3.279,-0.784,-0.933,-1.916,-2.681,-1.177,1.346,-4.739,-2.012,0.483,0.334,-0.649,-1.414,0.09,2.613,0
SNDX,8359,0.141,7.657,-0.394,0.098,0.331,0.0,-0.262,0.435,0.578,0.064,-0.535,-0.043,0.19,-0.141,-0.403,0.294,0.437,2
SNEX,6158,1.499,6.494,1.286,1.555,1.46,1.436,1.207,0.853,1.728,-1.079,-0.213,0.056,-0.039,-0.063,-0.292,-0.646,0.229,2
SNOW,8867,0.32,8.526,0.902,0.266,0.007,0.15,-0.165,-0.145,0.048,-4.386,0.582,-0.054,-0.313,-0.17,-0.484,-0.465,-0.272,2
SNPS,8867,0.279,5.465,-0.187,0.456,-0.439,0.521,-0.076,0.575,1.062,0.44,-0.466,0.177,-0.719,0.242,-0.356,0.296,0.782,2
SO,8867,0.324,2.54,0.375,0.429,0.445,0.343,0.674,0.393,0.09,0.236,0.052,0.106,0.121,0.02,0.35,0.069,-0.233,2
SOFI,8539,0.12,9.394,-0.156,0.773,0.889,0.611,-0.186,0.897,-0.569,-0.921,-0.276,0.653,0.769,0.491,-0.306,0.777,-0.689,2
SONO,8867,-0.387,6.783,-0.558,-0.555,0.055,-0.05,-0.549,-0.383,1.061,-0.788,-0.171,-0.168,0.442,0.337,-0.162,0.005,1.449,2
SOUN,3635,-0.903,16.354,-0.325,0.318,0.0,-0.358,-1.347,0.0,0.0,-3.047,0.579,1.221,0.903,0.545,-0.443,0.903,0.903,0
SPGI,8867,0.262,3.525,-0.082,0.468,0.516,0.228,0.352,0.195,0.295,-1.095,-0.344,0.206,0.255,-0.034,0.091,-0.067,0.034,2
SPOT,8867,0.35,6.379,-0.305,0.29,0.393,0.131,-0.111,0.329,0.687,-1.282,-0.655,-0.061,0.043,-0.22,-0.461,-0.022,0.337,2
SPRY,4362,-0.36,11.302,-0.653,-0.507,-0.559,-0.768,-0.598,-1.543,0.558,-9.659,-0.293,-0.147,-0.199,-0.408,-0.238,-1.183,0.917,0
SPSC,8729,0.298,5.727,0.554,0.578,0.037,0.078,0.929,0.015,0.376,-1.517,0.256,0.28,-0.261,-0.22,0.631,-0.283,0.078,2
SPT,8791,-0.487,9.286,0.053,-0.144,-0.283,-1.168,-0.499,-0.908,0.683,-7.81,0.54,0.343,0.204,-0.681,-0.012,-0.421,1.17,0
SPWR,4102,-1.423,9.523,-1.779,-1.814,-1.594,-0.462,-2.758,-2.351,-3.54,0.864,-0.356,-0.391,-0.171,0.961,-1.335,-0.928,-2.117,1
SRAD,5363,0.135,10.187,-1.542,0.248,0.707,0.096,-1.839,1.127,-0.07,-2.391,-1.677,0.113,0.571,-0.04,-1.974,0.992,-0.206,0
SRPT,8860,-0.14,9.536,-0.646,-0.022,0.506,-0.037,-0.634,-0.285,0.987,-1.137,-0.506,0.118,0.647,0.103,-0.494,-0.145,1.128,0
SRRK,5900,-0.67,13.852,1.336,-0.557,-0.941,-1.841,0.441,-1.08,-1.66,-5.96,2.006,0.113,-0.271,-1.171,1.111,-0.41,-0.99,3
SSNC,8867,0.238,3.495,0.233,0.289,0.245,0.279,0.349,0.569,0.706,-1.725,-0.005,0.051,0.007,0.041,0.112,0.331,0.468,2
SSRM,8333,0.104,7.535,1.283,-0.292,-0.196,0.182,1.226,-0.573,-0.452,-9.55,1.178,-0.396,-0.301,0.078,1.121,-0.677,-0.557,3
SSYS,7023,-1.04,8.274,-1.458,-0.93,-0.841,-1.397,-1.335,-1.307,-1.68,-1.564,-0.419,0.11,0.199,-0.357,-0.295,-0.267,-0.641,2
STAA,8827,-1.046,8.732,0.655,-0.704,-1.207,-1.691,0.583,-1.419,0.596,-2.633,1.701,0.342,-0.161,-0.645,1.629,-0.372,1.642,3
STBA,3604,0.299,6.536,0.299,0.358,0.162,-0.073,0.249,0.479,-3.147,-6.264,0.0,0.058,-0.137,-0.372,-0.051,0.18,-3.447,2
STEP,7672,0.28,6.369,0.322,0.681,0.341,0.049,0.809,1.124,0.713,-3.039,0.042,0.4,0.06,-0.232,0.529,0.844,0.432,2
STGW,3496,0.482,10.549,1.912,0.842,0.432,0.71,0.0,-1.911,-2.238,-4.471,1.43,0.36,-0.05,0.228,-0.482,-2.393,-2.72,3
STLD,8867,0.757,5.428,0.377,1.312,0.882,0.466,0.66,0.779,0.611,-1.103,-0.38,0.555,0.125,-0.291,-0.097,0.022,-0.146,2
STNE,8867,-0.37,9.314,-0.418,-0.075,-0.73,-0.57,-1.277,-0.655,-0.557,-7.792,-0.048,0.295,-0.36,-0.2,-0.907,-0.285,-0.187,0
STOK,4439,0.558,15.586,-1.468,1.271,1.591,0.421,-1.096,-0.453,-0.184,-16.125,-2.027,0.712,1.033,-0.137,-1.655,-1.011,-0.742,0
STRA,7389,0.196,5.304,-0.317,0.28,0.63,0.061,0.438,0.329,0.167,-1.186,-0.513,0.084,0.434,-0.135,0.242,0.132,-0.029,2
STRL,7382,1.165,9.045,1.671,1.132,1.162,1.092,1.407,1.548,1.25,-2.789,0.506,-0.033,-0.003,-0.073,0.242,0.382,0.085,2
STX,8867,0.905,6.835,0.684,0.844,0.662,0.61,0.741,0.856,1.057,-2.525,-0.221,-0.06,-0.243,-0.295,-0.163,-0.049,0.152,2
STZ,8867,-0.109,3.341,-0.135,-0.004,0.009,-0.203,-0.068,0.006,0.005,-3.447,-0.025,0.105,0.118,-0.093,0.041,0.115,0.114,2
SUPN,8388,0.356,4.851,1.073,0.639,-0.038,0.342,1.094,0.434,0.29,-0.24,0.717,0.283,-0.394,-0.014,0.738,0.078,-0.066,2
SVC,4764,-0.77,9.098,0.12,-0.863,-0.941,-0.582,-0.242,-0.695,-1.763,-1.799,0.89,-0.093,-0.171,0.188,0.528,0.075,-0.992,3
SWBI,6711,0.087,6.916,0.059,0.431,0.326,-0.6,0.152,0.032,-0.088,0.0,-0.027,0.344,0.239,-0.686,0.065,-0.055,-0.175,2
SWIM,3142,-1.529,12.018,0.093,-2.571,0.257,-1.991,-0.616,0.883,3.17,-6.389,1.622,-1.043,1.786,-0.463,0.912,2.411,4.698,0
SWKS,8867,-0.262,5.24,0.023,-0.337,-0.508,-0.232,-0.215,-0.23,0.009,-0.595,0.285,-0.075,-0.246,0.03,0.048,0.032,0.272,2
SYBT,4112,0.437,6.117,0.733,0.699,0.362,0.081,1.436,-1.599,0.845,-4.147,0.296,0.262,-0.075,-0.356,0.999,-2.036,0.409,3
SYK,8867,0.108,3.474,0.132,0.232,0.211,0.06,0.155,-0.021,0.479,-0.425,0.024,0.123,0.103,-0.048,0.047,-0.13,0.371,2
SYM,6457,0.092,13.371,-0.387,0.75,0.645,-1.186,-0.292,-1.502,-2.858,-4.237,-0.479,0.659,0.553,-1.277,-0.384,-1.594,-2.949,0
SYNA,8856,-0.109,7.262,-0.085,0.09,-0.604,0.263,0.294,-0.114,-1.13,-3.561,0.024,0.199,-0.495,0.372,0.402,-0.005,-1.021,2
SYRE,4053,1.461,11.263,-0.196,1.881,2.369,-0.43,1.59,1.762,3.319,3.489,-1.657,0.42,0.908,-1.891,0.13,0.301,1.858,0
T,8867,0.077,3.68,0.262,0.043,0.104,0.145,0.384,0.0,-0.068,-0.107,0.185,-0.034,0.027,0.068,0.307,-0.077,-0.146,2
TARS,5335,1.218,9.756,-1.113,0.956,1.065,1.518,0.264,1.054,-0.683,1.059,-2.331,-0.262,-0.154,0.3,-0.954,-0.164,-1.901,1
TASK,5421,-0.499,12.56,-1.185,0.176,-0.059,-0.742,-1.917,-0.451,-2.526,-6.601,-0.686,0.675,0.44,-0.243,-1.418,0.049,-2.026,0
TBBK,8147,0.449,6.643,0.159,0.462,0.203,0.549,0.034,0.013,-0.547,0.189,-0.289,0.014,-0.246,0.1,-0.415,-0.435,-0.996,2
TBPH,4509,0.659,8.566,1.596,1.098,0.42,0.16,1.469,0.0,0.596,-2.23,0.937,0.439,-0.239,-0.5,0.81,-0.659,-0.064,3
TCBI,8846,0.292,4.625,0.516,0.525,-0.192,0.191,0.654,0.271,-1.043,-1.37,0.225,0.233,-0.483,-0.1,0.362,-0.02,-1.335,2
TCMD,3795,-0.099,13.536,-2.001,0.229,1.223,0.375,-0.291,0.997,-1.613,-1.225,-1.902,0.329,1.322,0.474,-0.191,1.096,-1.514,1
TCPC,3873,-0.354,5.515,-0.534,-0.379,-0.296,0.599,-0.607,0.979,0.185,-2.355,-0.18,-0.025,0.059,0.953,-0.253,1.333,0.539,1
TEAM,8867,-0.133,8.723,-0.204,0.307,-0.124,-0.428,-0.625,-1.522,1.151,-3.159,-0.071,0.439,0.009,-0.295,-0.493,-1.389,1.284,0
TECH,8867,-0.181,5.601,0.0,-0.286,-0.378,-0.302,-0.343,-0.487,-0.099,-2.817,0.181,-0.105,-0.198,-0.121,-0.163,-0.306,0.082,2
TEM,3683,-0.43,14.245,-0.846,-0.857,0.215,0.562,-1.649,-0.556,-0.163,-0.972,-0.416,-0.427,0.646,0.992,-1.218,-0.125,0.268,1
TENB,8867,-0.075,6.837,1.847,0.0,-0.497,-0.327,0.77,-0.767,-0.801,-2.2,1.922,0.075,-0.422,-0.252,0.845,-0.692,-0.725,3
TER,8867,0.646,6.777,0.496,1.089,0.481,-0.015,-0.041,-0.072,2.338,-1.931,-0.15,0.443,-0.166,-0.662,-0.687,-0.718,1.692,2
TFSL,4665,-0.287,4.762,-0.212,-0.293,-0.44,-0.706,-0.283,-1.644,-0.257,-1.515,0.075,-0.006,-0.153,-0.419,0.004,-1.357,0.03,2
TGT,8867,-0.112,4.9,0.065,-0.334,-0.05,0.432,0.072,-0.054,-0.044,-1.599,0.177,-0.222,0.062,0.544,0.184,0.058,0.068,2
TGTX,8688,0.126,11.974,-0.103,0.0,0.729,0.041,0.499,0.222,-0.26,-6.014,-0.229,-0.126,0.603,-0.084,0.374,0.096,-0.386,0
TH,4429,0.627,12.19,0.7,-0.144,0.178,0.858,0.444,-0.039,-0.991,1.046,0.073,-0.771,-0.449,0.231,-0.183,-0.666,-1.617,1
THRM,6919,-0.2,6.407,0.791,0.311,-0.849,-0.669,0.472,-0.411,-0.201,0.058,0.992,0.511,-0.649,-0.468,0.672,-0.21,-0.0,3
THRY,4295,-1.464,8.414,-1.343,-1.467,-2.485,-0.869,-2.063,-0.093,-2.088,-6.179,0.121,-0.003,-1.022,0.595,-0.599,1.371,-0.624,1
TIGO,3929,1.342,8.207,2.167,1.261,0.843,1.192,0.708,2.289,-1.321,1.509,0.825,-0.081,-0.499,-0.15,-0.635,0.947,-2.664,2
TIGR,4067,-1.538,11.201,0.103,-2.387,-1.918,-2.694,-0.602,-0.431,-3.569,-4.875,1.641,-0.849,-0.379,-1.155,0.937,1.107,-2.031,3
TILE,4620,0.534,8.076,0.567,0.774,0.594,0.307,0.441,0.537,1.082,-3.062,0.033,0.24,0.06,-0.227,-0.092,0.004,0.548,2
TITN,4199,-0.083,10.595,1.145,0.062,0.77,-0.935,0.969,0.203,-1.015,-1.748,1.228,0.145,0.852,-0.852,1.052,0.286,-0.933,3
TJX,8867,0.304,3.047,0.603,0.464,0.585,0.242,0.691,0.512,0.609,0.009,0.299,0.159,0.281,-0.062,0.387,0.207,0.305,2
TLN,3576,1.087,7.721,3.553,1.276,1.049,0.414,3.614,-0.275,1.055,-0.646,2.466,0.189,-0.038,-0.673,2.528,-1.362,-0.032,3
TLRY,8255,-2.371,12.142,-2.122,-2.302,-1.981,-3.226,-1.404,-0.573,-1.79,-4.56,0.249,0.069,0.39,-0.855,0.968,1.798,0.581,3
TM,8867,-0.014,3.838,-0.037,0.029,0.262,-0.325,-0.205,0.247,0.61,-1.495,-0.023,0.044,0.277,-0.31,-0.191,0.261,0.624,2
TMCI,3992,-0.889,12.386,-0.829,-0.388,-1.201,-0.257,-0.719,-3.28,-2.084,-7.786,0.06,0.502,-0.312,0.632,0.17,-2.391,-1.194,3
TMDX,8144,0.394,10.509,-0.518,0.677,0.687,0.708,0.252,1.369,-1.109,-0.322,-0.911,0.283,0.294,0.314,-0.141,0.975,-1.502,1
TMO,8867,0.17,3.873,0.153,0.421,0.131,0.078,0.526,0.343,0.473,-0.598,-0.016,0.251,-0.038,-0.092,0.356,0.173,0.303,2
TMUS,8867,0.084,3.365,0.487,0.025,0.002,0.112,0.206,0.008,1.052,-3.319,0.403,-0.059,-0.082,0.029,0.122,-0.075,0.969,2
TNDM,8867,-0.319,9.929,-1.332,-0.247,0.195,-0.537,-0.982,-0.639,0.688,-6.324,-1.014,0.071,0.513,-0.219,-0.663,-0.321,1.006,0
TNGX,3511,0.374,14.326,2.91,0.0,0.0,1.354,-0.692,1.595,-2.147,-3.253,2.536,-0.374,-0.374,0.98,-1.066,1.221,-2.521,1
TNXP,4562,-4.275,22.199,-4.959,-5.14,-4.303,-3.773,-5.268,-2.084,-5.827,-15.499,-0.684,-0.865,-0.028,0.502,-0.993,2.191,-1.552,1
TOST,8473,0.193,8.352,0.687,0.63,-0.117,0.138,0.2,0.307,0.659,-2.887,0.494,0.437,-0.31,-0.055,0.007,0.115,0.466,2
TOWN,5296,-0.143,4.553,0.48,-0.059,-0.918,-0.52,0.361,-0.587,-0.219,-3.583,0.623,0.084,-0.775,-0.377,0.504,-0.444,-0.076,3
TPG,7860,0.185,5.982,-0.489,0.231,0.223,0.374,-0.358,0.549,0.0,-3.931,-0.673,0.047,0.039,0.189,-0.543,0.364,-0.185,2
TREE,7575,-1.21,11.782,-1.439,-1.738,-1.524,0.208,-1.75,0.817,-2.676,-0.059,-0.23,-0.529,-0.314,1.418,-0.541,2.026,-1.466,1
TRI,8867,0.134,3.907,-0.39,0.089,0.141,0.046,0.189,0.252,-0.21,-1.225,-0.524,-0.045,0.008,-0.088,0.055,0.119,-0.344,2
TRIN,5749,0.121,4.421,1.16,0.265,-0.201,-0.296,0.886,0.402,-0.344,-0.437,1.039,0.144,-0.322,-0.417,0.764,0.28,-0.465,2
TRIP,8867,-0.105,7.353,-0.321,-0.132,0.383,0.219,-0.445,0.317,-1.952,-5.006,-0.217,-0.027,0.488,0.324,-0.341,0.422,-1.848,1
TRMB,8867,0.045,4.574,-0.254,0.212,-0.233,0.018,-0.447,0.26,0.035,-1.351,-0.299,0.167,-0.278,-0.027,-0.492,0.215,-0.01,2
TRMD,7007,0.693,7.334,-0.227,0.0,1.315,0.733,-0.527,0.951,-1.346,-1.058,-0.92,-0.693,0.622,0.039,-1.22,0.258,-2.039,1
TRMK,6277,0.183,4.862,1.187,0.139,-0.172,-0.052,1.415,1.259,-0.503,-1.875,1.004,-0.044,-0.355,-0.235,1.232,1.076,-0.686,2
TRNS,4014,0.282,10.007,1.122,1.268,0.356,0.783,0.069,-0.251,1.353,-8.365,0.841,0.987,0.074,0.502,-0.213,-0.532,1.072,0
TROW,8867,-0.14,4.044,0.034,-0.132,-0.442,-0.352,-0.122,-0.154,-0.491,-1.879,0.175,0.008,-0.301,-0.212,0.019,-0.014,-0.35,2
TRS,4436,0.418,6.049,-0.322,0.726,1.33,0.39,-0.628,0.47,0.898,-4.682,-0.74,0.309,0.912,-0.028,-1.046,0.052,0.481,0
TRUP,8738,-0.585,9.716,0.851,-0.043,-0.549,-0.793,0.101,0.23,-2.181,-6.349,1.435,0.541,0.036,-0.209,0.686,0.815,-1.596,3
TSCO,8867,0.069,3.982,0.088,0.304,0.243,-0.107,0.112,-0.372,0.722,-1.223,0.019,0.235,0.174,-0.176,0.043,-0.44,0.653,2
TSEM,8686,0.412,6.687,-0.17,0.337,0.787,0.431,0.526,0.778,-0.044,-3.259,-0.582,-0.075,0.375,0.019,0.114,0.366,-0.457,2
TSLA,8867,-0.101,8.432,0.382,-0.395,-0.524,0.17,-0.112,0.034,-2.267,-2.909,0.483,-0.294,-0.424,0.271,-0.011,0.135,-2.166,1
TTD,8867,-0.106,9.293,-0.035,-0.32,0.443,-0.136,0.002,0.059,-1.139,-8.58,0.07,-0.214,0.549,-0.031,0.108,0.164,-1.033,0
TTEK,8865,0.325,4.452,0.44,0.277,0.31,0.478,0.393,0.506,-0.139,-2.851,0.115,-0.048,-0.015,0.153,0.068,0.181,-0.464,2
TTMI,8075,0.841,7.741,0.249,0.912,1.164,0.938,0.227,1.061,0.794,-0.782,-0.591,0.072,0.323,0.097,-0.614,0.221,-0.046,2
TTWO,8867,0.287,4.501,0.322,0.435,0.453,0.304,0.553,-0.262,0.737,-2.284,0.035,0.148,0.166,0.017,0.267,-0.549,0.45,2
TVTX,8489,0.417,9.278,0.993,0.58,-0.51,-0.086,1.02,0.911,2.396,-1.574,0.576,0.163,-0.927,-0.503,0.604,0.494,1.979,3
TW,8866,0.111,3.876,-0.187,0.111,0.338,0.072,-0.536,-0.075,0.707,-0.334,-0.298,-0.0,0.227,-0.039,-0.647,-0.186,0.596,2
TWLO,8867,0.234,8.558,1.196,0.483,0.028,-0.092,0.914,0.088,0.783,-5.332,0.962,0.249,-0.206,-0.326,0.68,-0.146,0.549,3
TWST,8867,-0.552,10.463,0.129,-0.59,-0.727,-1.223,-0.059,-1.839,-0.453,-10.172,0.681,-0.038,-0.175,-0.671,0.493,-1.287,0.099,3
TXG,8867,-0.241,9.346,-1.524,0.172,-0.285,-0.644,-1.274,0.349,0.956,-3.459,-1.283,0.413,-0.045,-0.404,-1.033,0.589,1.196,0
TXN,8867,0.057,4.262,0.003,0.191,0.01,-0.068,0.006,-0.455,1.06,-0.707,-0.055,0.134,-0.047,-0.125,-0.051,-0.512,1.003,2
TXRH,8867,0.232,3.889,1.055,0.202,0.058,0.006,0.937,0.179,-0.571,-1.646,0.823,-0.031,-0.174,-0.226,0.704,-0.053,-0.803,2
U,8867,-0.43,10.839,-1.049,-0.493,0.0,-0.352,-1.327,-0.656,-0.226,0.306,-0.619,-0.063,0.43,0.077,-0.898,-0.226,0.204,0
UAL,8867,0.477,6.924,-0.283,0.772,1.191,0.474,-0.069,0.763,-0.359,-1.203,-0.76,0.295,0.714,-0.002,-0.545,0.287,-0.836,2
UBER,8867,0.113,6.285,1.146,0.022,-0.613,-0.422,0.923,-0.345,-0.071,-2.44,1.033,-0.091,-0.725,-0.534,0.81,-0.457,-0.183,3
UBSI,8819,0.085,3.873,0.039,0.234,0.184,-0.296,-0.073,-0.11,0.232,-0.732,-0.046,0.148,0.099,-0.381,-0.158,-0.195,0.147,2
UCTT,8123,0.323,8.734,-0.039,1.019,0.376,0.242,-0.413,0.034,-0.372,-2.043,-0.362,0.696,0.053,-0.081,-0.736,-0.289,-0.695,2
UFPI,8825,-0.054,4.573,-0.151,0.142,-0.144,-0.098,0.462,-0.184,-0.754,-5.305,-0.097,0.196,-0.09,-0.044,0.516,-0.13,-0.7,2
UFPT,5955,0.586,7.408,2.049,0.769,0.189,0.191,1.972,1.091,0.069,-1.604,1.463,0.182,-0.397,-0.395,1.386,0.505,-0.517,3
ULCC,6015,-0.731,9.113,-0.938,-0.372,-0.952,-1.27,-0.486,-0.183,-2.746,-6.236,-0.207,0.358,-0.221,-0.539,0.244,0.548,-2.015,3
ULTA,8867,0.387,4.775,0.703,0.255,0.769,0.125,0.676,0.954,-0.862,-0.987,0.315,-0.132,0.382,-0.262,0.289,0.567,-1.249,2
UMBF,8699,0.295,4.492,1.077,0.293,-0.117,-0.041,0.464,0.6,-0.025,-0.879,0.782,-0.002,-0.412,-0.336,0.169,0.305,-0.32,2
UNH,8867,0.252,4.765,0.36,0.289,0.337,0.37,0.489,0.106,-0.41,-2.778,0.107,0.037,0.085,0.118,0.237,-0.146,-0.663,2
UNIT,6607,-0.5,6.917,0.396,-0.686,-0.733,-0.742,0.399,-0.912,0.199,-2.802,0.897,-0.185,-0.232,-0.241,0.9,-0.412,0.699,3
UPBD,5817,-0.21,6.078,-0.087,-0.163,0.514,-0.123,0.015,0.329,0.285,-2.672,0.123,0.047,0.724,0.088,0.226,0.539,0.495,2
UPS,8867,0.123,4.048,0.456,0.369,0.073,-0.044,0.818,0.322,0.598,-0.214,0.334,0.246,-0.05,-0.166,0.695,0.2,0.475,2
UPST,8867,-0.647,14.657,-0.92,-1.235,-0.23,0.703,-1.334,-1.233,-3.674,-3.39,-0.273,-0.588,0.418,1.35,-0.687,-0.586,-3.026,1
UPWK,8867,-0.916,8.572,-0.762,-0.748,-1.449,-0.672,-0.449,-0.52,-1.982,-10.153,0.154,0.168,-0.533,0.244,0.467,0.397,-1.066,3
URBN,8867,0.126,6.053,1.314,0.723,0.387,0.09,0.661,-0.205,-0.665,-0.642,1.188,0.596,0.261,-0.037,0.535,-0.331,-0.791,2
URGN,3997,-0.311,14.439,1.244,-0.754,0.64,-0.499,1.253,-2.227,0.701,-8.278,1.555,-0.443,0.951,-0.188,1.564,-1.916,1.012,3
USB,8867,0.208,4.059,0.301,0.252,-0.016,-0.031,0.425,0.204,0.022,-1.129,0.093,0.044,-0.224,-0.24,0.216,-0.004,-0.187,2
USLM,3068,1.198,9.494,1.301,0.762,2.132,1.763,0.328,-1.383,1.994,-4.201,0.104,-0.436,0.935,0.565,-0.87,-2.581,0.796,0
UTHR,8867,0.282,4.663,1.02,0.402,0.105,-0.172,0.364,0.353,0.405,-1.92,0.737,0.12,-0.178,-0.454,0.081,0.071,0.123,2
V,8867,0.329,3.078,0.498,0.469,0.565,0.239,0.824,0.177,0.801,-0.721,0.17,0.14,0.237,-0.09,0.495,-0.152,0.472,2
VC,8845,-0.008,5.409,0.828,0.229,0.045,-0.077,0.837,-0.173,0.053,-1.375,0.836,0.237,0.053,-0.069,0.846,-0.164,0.061,2
VCEL,8370,-0.042,6.58,0.61,0.536,-0.367,-0.414,1.095,0.414,-0.022,-4.924,0.652,0.578,-0.325,-0.373,1.137,0.455,0.02,3
VCTR,7692,0.565,5.09,0.483,0.801,1.154,0.211,0.287,0.504,-0.568,-0.187,-0.082,0.236,0.589,-0.354,-0.277,-0.061,-1.132,2
VCYT,8857,-0.479,8.267,0.527,0.0,-0.877,-0.867,0.481,-1.014,-1.316,-5.254,1.006,0.479,-0.397,-0.388,0.96,-0.535,-0.836,3
VECO,7803,0.361,6.969,0.171,1.063,0.853,0.41,0.267,-0.231,0.0,0.571,-0.19,0.702,0.493,0.049,-0.094,-0.591,-0.361,2
VERA,5735,-0.037,14.733,1.522,-0.322,-0.504,0.26,0.977,0.766,-2.106,2.735,1.559,-0.284,-0.467,0.297,1.014,0.803,-2.069,3
VERX,6176,0.271,7.944,-0.46,0.641,0.348,-0.241,0.396,1.356,-0.921,0.348,-0.732,0.37,0.077,-0.512,0.125,1.085,-1.193,2
VIAV,8769,0.195,6.202,0.0,0.248,0.194,0.307,0.528,0.08,0.77,-2.671,-0.195,0.054,-0.0,0.113,0.333,-0.114,0.575,2
VICR,8184,0.441,10.708,0.308,0.722,0.738,0.102,-0.073,0.078,-0.714,-1.869,-0.133,0.281,0.296,-0.339,-0.515,-0.363,-1.156,0
VIR,8137,-0.783,9.951,-0.752,-0.82,-0.663,-0.659,-1.013,0.266,-0.733,-1.314,0.031,-0.037,0.12,0.124,-0.23,1.05,0.051,1
VITL,5820,0.051,9.247,-1.331,-0.394,-1.162,0.015,-1.465,-0.175,1.58,-1.311,-1.382,-0.445,-1.213,-0.035,-1.515,-0.226,1.53,2
VKTX,6646,-0.088,12.508,0.817,-0.055,-0.227,0.096,0.06,0.933,-4.107,-4.287,0.906,0.034,-0.139,0.184,0.148,1.022,-4.018,1
VLO,8867,0.643,5.169,0.541,0.603,0.595,0.554,0.66,0.482,1.675,-1.692,-0.102,-0.04,-0.048,-0.089,0.017,-0.161,1.032,2
VLY,8867,0.0,5.024,0.684,0.15,-0.374,-0.693,0.327,-0.657,-0.076,-2.242,0.684,0.15,-0.374,-0.693,0.327,-0.657,-0.076,2
VNDA,3188,-1.042,10.048,0.0,-0.379,-1.181,-2.098,0.333,-3.12,-2.481,-4.77,1.042,0.663,-0.139,-1.056,1.375,-2.078,-1.439,3
VNOM,8696,0.545,4.959,1.313,0.64,0.025,0.51,0.676,0.38,1.141,-0.559,0.768,0.095,-0.519,-0.034,0.131,-0.165,0.596,2
VRDN,7045,0.0,10.807,-0.271,0.044,-0.046,-0.21,0.177,-1.932,-1.472,-2.246,-0.271,0.044,-0.046,-0.21,0.177,-1.932,-1.472,0
VREX,4538,-0.746,8.089,-0.419,-0.573,-0.996,-1.018,-0.853,0.823,0.677,-5.67,0.327,0.173,-0.25,-0.272,-0.107,1.569,1.423,2
VRNS,8867,0.545,7.483,1.708,0.857,0.267,-0.154,2.137,0.15,-0.225,1.262,1.163,0.312,-0.278,-0.699,1.592,-0.395,-0.77,3
VRRM,8509,0.119,5.782,0.138,0.107,0.036,0.081,0.474,0.175,0.199,-4.237,0.019,-0.012,-0.082,-0.038,0.355,0.056,0.08,2
VRSK,8867,0.308,3.593,0.244,0.186,0.413,0.133,0.136,0.11,1.138,-4.441,-0.064,-0.122,0.104,-0.175,-0.173,-0.199,0.83,2
VRSN,8867,0.282,3.624,0.282,0.252,0.324,0.176,0.109,0.404,0.739,-0.958,-0.0,-0.03,0.042,-0.106,-0.173,0.122,0.457,2
VRTX,8867,0.422,3.822,0.847,0.361,0.353,0.34,0.661,0.354,0.762,-0.025,0.425,-0.061,-0.069,-0.082,0.239,-0.068,0.339,2
VSAT,8857,0.047,10.694,1.644,0.391,-0.011,-0.655,0.452,-0.951,-0.384,-7.518,1.597,0.344,-0.058,-0.702,0.405,-0.998,-0.431,3
VSEC,4729,1.255,8.045,0.735,1.961,1.426,1.526,1.498,0.264,1.958,1.487,-0.519,0.706,0.172,0.271,0.243,-0.99,0.703,2
VTRS,8867,0.103,4.872,0.103,0.088,0.285,0.0,0.509,-0.396,0.365,-1.027,-0.0,-0.016,0.182,-0.103,0.406,-0.499,0.261,2
VZ,8867,-0.093,3.184,0.232,0.108,-0.327,-0.171,0.097,-0.391,-0.758,-0.81,0.325,0.201,-0.234,-0.077,0.19,-0.297,-0.665,2
WABC,4667,0.0,4.731,-0.451,0.133,0.204,-0.228,0.254,-0.38,0.568,-2.946,-0.451,0.133,0.204,-0.228,0.254,-0.38,0.568,2
WAFD,8270,0.062,4.197,0.575,0.115,-0.392,-0.028,0.367,-0.152,0.065,-2.335,0.513,0.053,-0.455,-0.091,0.305,-0.214,0.003,2
WAY,3675,0.05,6.035,0.909,-0.032,-0.067,0.148,-0.175,-0.04,-0.371,0.588,0.859,-0.081,-0.117,0.098,-0.225,-0.09,-0.421,2
WBA,7277,-0.388,5.408,-0.171,-0.358,-0.667,-0.601,0.254,-0.945,0.439,-1.907,0.216,0.029,-0.279,-0.213,0.642,-0.557,0.826,2
WBD,7505,0.074,7.783,0.583,0.228,-0.309,0.0,0.567,0.084,0.846,-1.393,0.509,0.155,-0.383,-0.074,0.494,0.011,0.772,2
WDAY,8867,-0.119,5.579,0.745,-0.313,-0.105,-0.316,0.322,-0.452,-1.677,-4.717,0.864,-0.194,0.014,-0.197,0.44,-0.333,-1.558,2
WDC,8867,1.022,7.72,-0.642,1.412,1.414,0.999,0.181,0.797,1.94,-2.731,-1.664,0.39,0.392,-0.023,-0.841,-0.225,0.918,0
WDFC,8239,-0.257,4.419,0.342,-0.255,-0.213,-0.62,0.308,-0.351,-0.033,-3.855,0.6,0.002,0.044,-0.363,0.565,-0.094,0.225,2
WEN,8867,-0.508,4.131,0.138,-0.362,-0.705,-0.739,0.0,0.0,-0.947,-0.443,0.646,0.146,-0.197,-0.231,0.508,0.508,-0.439,2
WERN,8867,-0.115,4.24,0.347,0.0,-0.389,-0.224,0.461,-0.298,-1.69,-1.344,0.463,0.115,-0.273,-0.108,0.576,-0.183,-1.575,2
WFC,8867,0.5,4.304,0.137,0.334,0.768,0.437,0.067,-0.174,-0.071,-3.26,-0.363,-0.167,0.268,-0.063,-0.433,-0.675,-0.571,2
WFRD,8455,0.91,7.636,0.382,1.362,1.737,1.246,-0.12,1.476,1.117,-0.766,-0.529,0.452,0.827,0.336,-1.03,0.566,0.207,2
WGS,3981,1.087,15.397,1.668,1.667,1.099,0.752,0.629,1.087,1.659,-1.309,0.581,0.58,0.012,-0.335,-0.458,0.0,0.573,0
WINA,3958,0.917,6.905,1.198,1.234,0.889,0.091,1.258,-0.636,1.24,-7.473,0.281,0.318,-0.028,-0.826,0.341,-1.553,0.323,0
WING,8867,0.126,7.362,0.467,-0.438,-0.077,0.601,-0.722,0.718,0.034,-6.081,0.34,-0.564,-0.203,0.475,-0.848,0.591,-0.093,1
WIX,8867,-0.334,8.412,0.053,-0.598,-0.38,-0.733,-0.454,-0.233,-0.826,-3.354,0.387,-0.264,-0.046,-0.399,-0.12,0.101,-0.492,2
WLDN,3234,1.111,10.941,-0.283,0.658,1.819,1.121,-0.201,0.359,-0.317,0.709,-1.394,-0.453,0.708,0.009,-1.312,-0.752,-1.428,1
WM,8867,0.272,2.561,0.334,0.159,0.286,0.226,0.288,0.205,0.751,-1.553,0.062,-0.113,0.014,-0.047,0.015,-0.067,0.478,2
WMG,8863,0.0,5.024,-0.214,-0.216,-0.042,0.057,-0.295,-0.132,0.136,-1.78,-0.214,-0.216,-0.042,0.057,-0.295,-0.132,0.136,2
WMT,8867,0.489,3.118,0.656,0.556,0.778,0.424,0.619,0.768,0.34,-0.337,0.167,0.067,0.289,-0.065,0.13,0.279,-0.149,2
WOOF,3908,-0.201,7.023,0.203,-0.568,0.991,-1.25,-0.39,-1.183,1.305,-0.9,0.404,-0.367,1.192,-1.049,-0.189,-0.983,1.505,0
WPM,8867,0.624,5.207,1.315,0.125,0.94,0.686,0.476,1.075,0.266,-1.433,0.691,-0.5,0.316,0.062,-0.148,0.451,-0.358,2
WRLD,4404,0.906,10.439,0.047,0.74,1.338,0.715,0.213,0.906,0.829,-15.357,-0.86,-0.167,0.432,-0.192,-0.693,0.0,-0.077,0
WSBC,6720,0.029,4.891,0.34,-0.161,-0.231,-0.234,0.11,0.398,-0.271,-1.616,0.311,-0.19,-0.26,-0.263,0.081,0.369,-0.3,2
WSC,8867,0.122,5.893,0.191,-0.087,0.343,0.333,0.509,0.15,0.848,0.15,0.068,-0.209,0.221,0.211,0.387,0.028,0.725,2
WSFS,8140,0.11,4.775,-0.039,0.159,-0.337,-0.164,0.391,-0.099,-0.126,-1.885,-0.149,0.05,-0.447,-0.273,0.281,-0.209,-0.236,2
WTFC,8857,0.416,4.187,0.38,0.682,0.347,0.268,0.452,-0.064,0.894,-1.431,-0.037,0.265,-0.069,-0.148,0.036,-0.481,0.478,2
WTW,7946,0.31,3.323,0.964,0.458,0.22,0.045,0.855,0.479,0.754,0.168,0.654,0.148,-0.09,-0.265,0.545,0.169,0.444,2
WVE,3756,-0.98,14.112,0.446,-0.618,-0.892,-1.873,0.0,0.16,2.246,-0.974,1.427,0.362,0.089,-0.893,0.98,1.14,3.227,3
WW,4686,-2.246,13.944,-2.928,-0.864,-1.658,-2.692,-2.012,-2.79,-7.649,-9.625,-0.681,1.382,0.589,-0.446,0.234,-0.544,-5.403,0
WWD,8861,0.384,4.432,0.482,0.577,0.095,0.08,1.07,0.459,1.211,-1.865,0.098,0.193,-0.289,-0.304,0.686,0.076,0.827,2
WYNN,8867,-0.016,5.867,0.395,0.076,-0.455,-0.387,0.809,-0.343,-0.901,-4.672,0.411,0.093,-0.439,-0.371,0.825,-0.326,-0.885,3
XEL,8867,0.175,2.899,-0.066,0.388,0.164,0.047,0.175,0.044,0.767,-0.659,-0.241,0.213,-0.011,-0.128,0.0,-0.131,0.592,2
XENE,8373,-0.174,7.547,0.741,0.106,-0.104,-0.625,-0.076,-0.337,0.908,-3.535,0.915,0.281,0.07,-0.451,0.098,-0.162,1.082,2
XMTR,8376,0.339,11.987,1.208,-0.035,0.792,-0.095,1.629,-0.449,-0.025,-8.073,0.87,-0.374,0.454,-0.433,1.291,-0.787,-0.363,3
XNCR,7203,-1.06,8.506,-1.233,-1.993,-1.006,-0.236,-1.083,-0.012,-2.2,-3.279,-0.174,-0.934,0.054,0.824,-0.023,1.048,-1.141,1
XOM,8867,0.441,3.783,0.975,0.502,0.362,0.189,0.39,-0.056,0.843,1.016,0.534,0.061,-0.079,-0.252,-0.051,-0.497,0.402,2
XP,8867,-0.303,6.92,-0.289,-0.749,-0.217,0.054,-0.126,0.567,0.075,-5.045,0.014,-0.446,0.086,0.357,0.177,0.87,0.378,1
XPEL,7054,0.345,8.527,0.689,0.611,0.464,0.38,0.518,0.245,0.149,-3.496,0.344,0.266,0.119,0.035,0.174,-0.099,-0.195,2
XPEV,8867,-0.841,10.805,-1.13,-0.591,-0.226,-1.39,-1.176,0.202,0.49,-4.283,-0.29,0.25,0.615,-0.549,-0.335,1.043,1.331,0
XRAY,8867,-0.38,5.086,-0.064,-0.591,-0.382,-0.808,-0.3,-0.585,-0.353,-1.558,0.316,-0.211,-0.002,-0.428,0.08,-0.205,0.027,2
XRX,6389,-0.189,6.158,0.354,0.263,-0.206,-0.241,0.217,-0.145,0.46,-1.444,0.543,0.452,-0.017,-0.051,0.407,0.044,0.649,2
Z,8867,-0.441,7.374,-0.294,-0.288,-0.457,-0.808,0.09,-0.255,1.996,-5.36,0.147,0.153,-0.015,-0.367,0.532,0.186,2.437,0
ZBRA,8867,-0.018,5.651,-0.423,0.04,-0.257,0.256,-0.542,-0.041,0.204,-4.603,-0.406,0.058,-0.24,0.274,-0.524,-0.023,0.222,2
ZD,8352,-0.351,6.59,-0.693,-0.133,-0.081,-0.059,-0.611,-0.554,-0.598,-2.404,-0.341,0.218,0.27,0.292,-0.26,-0.203,-0.247,2
ZG,8862,-0.447,7.406,-0.17,-0.161,-0.319,-0.763,-0.101,-0.259,1.85,-4.019,0.277,0.286,0.128,-0.315,0.347,0.189,2.297,2
ZION,8867,0.434,5.722,1.077,0.337,0.263,0.189,0.638,-0.394,-0.418,-2.276,0.642,-0.097,-0.171,-0.245,0.204,-0.828,-0.852,2
ZM,8867,-0.389,6.014,0.29,-0.421,-0.425,-0.975,-0.153,-0.828,-0.533,-2.274,0.679,-0.031,-0.036,-0.586,0.236,-0.439,-0.144,2
ZNTL,4824,-1.159,11.397,-0.961,-0.664,-0.682,-2.019,-0.434,-2.585,-3.228,-0.656,0.197,0.495,0.477,-0.861,0.725,-1.427,-2.07,3
ZS,8867,0.263,7.757,0.137,-0.301,0.277,0.545,0.264,-0.052,0.597,-0.979,-0.126,-0.564,0.014,0.282,0.001,-0.315,0.333,2
ZTS,8867,0.04,4.244,0.502,0.084,0.193,-0.132,0.264,0.112,0.548,-2.884,0.462,0.044,0.154,-0.171,0.225,0.072,0.508,2
ZUMZ,5693,-0.689,8.119,0.502,-0.932,-1.678,-0.611,0.09,-0.17,1.81,-4.202,1.191,-0.243,-0.989,0.078,0.779,0.519,2.5,3
ZYME,6104,0.084,9.98,0.77,0.43,0.624,0.033,0.338,-0.791,-0.496,-6.184,0.686,0.346,0.54,-0.051,0.254,-0.875,-0.58,0
