ticker,n,base,std,ovs,mid,cross,green3,panic3,gapsoft,z11,wtop,r_ovs,r_mid,r_cross,r_green3,r_panic3,r_gapsoft,r_z11,cluster
A,8867,-0.003,4.181,-0.278,0.227,0.027,-0.04,0.229,0.135,0.699,-2.13,-0.275,0.23,0.03,-0.037,0.232,0.138,0.703,0
AA,8867,0.222,8.01,0.683,0.877,0.147,0.334,-0.036,1.66,-1.881,-4.546,0.461,0.654,-0.075,0.111,-0.258,1.438,-2.104,2
AAL,8867,-0.122,6.623,-0.277,-0.088,0.427,0.081,0.375,1.603,0.506,-7.058,-0.155,0.034,0.549,0.203,0.497,1.725,0.628,2
AAOI,5723,0.331,17.681,1.462,-0.842,1.215,0.76,1.22,-0.937,0.016,3.381,1.131,-1.172,0.884,0.43,0.889,-1.268,-0.314,3
AAON,8380,0.367,6.982,0.0,0.671,0.498,0.316,0.31,0.016,0.144,-2.985,-0.367,0.304,0.131,-0.051,-0.057,-0.351,-0.223,2
AAP,8867,0.079,7.228,-0.048,0.432,0.494,0.144,0.481,-0.152,-0.187,-3.091,-0.127,0.353,0.415,0.065,0.402,-0.231,-0.266,2
AAPL,8867,0.495,3.89,0.472,0.401,0.754,0.391,0.114,0.856,0.412,-0.108,-0.023,-0.094,0.259,-0.104,-0.381,0.361,-0.082,0
AAT,6219,-0.076,4.521,0.11,0.063,-0.047,-0.051,0.116,0.097,0.418,-0.877,0.186,0.14,0.029,0.025,0.192,0.174,0.495,0
AB,8500,-0.042,3.901,0.608,0.057,-0.202,-0.384,0.594,-0.507,0.182,-0.474,0.65,0.099,-0.16,-0.342,0.636,-0.465,0.224,0
ABBV,8867,0.455,3.444,0.473,0.46,0.574,0.283,0.351,0.103,0.232,-1.166,0.018,0.005,0.118,-0.173,-0.104,-0.353,-0.223,0
ABCB,8553,0.211,4.529,0.442,0.422,-0.041,0.039,0.355,-0.648,-0.124,-0.242,0.231,0.211,-0.252,-0.172,0.144,-0.859,-0.335,0
ABCL,4730,-1.068,9.595,-3.304,-0.564,-0.921,-1.068,-2.567,0.0,-0.061,-6.801,-2.237,0.503,0.146,0.0,-1.5,1.068,1.006,2
ABG,8815,0.047,5.291,0.515,0.334,-0.138,-0.4,0.742,0.256,0.716,-2.636,0.467,0.286,-0.186,-0.447,0.695,0.209,0.669,0
ABM,8667,0.517,4.262,0.939,0.661,0.56,0.242,0.668,0.303,0.832,-2.532,0.422,0.144,0.043,-0.275,0.151,-0.214,0.315,0
ABNB,8867,0.438,5.912,0.673,0.544,0.241,0.639,1.171,0.501,1.156,-1.591,0.235,0.106,-0.197,0.201,0.733,0.063,0.718,0
ABR,8830,0.0,5.236,0.491,0.406,-0.488,-0.272,0.682,-0.429,0.66,0.126,0.491,0.406,-0.488,-0.272,0.682,-0.429,0.66,0
ABT,8867,0.021,3.214,0.027,0.082,0.238,0.039,-0.154,-0.357,0.58,-1.259,0.006,0.061,0.217,0.018,-0.175,-0.378,0.559,0
ACA,8194,0.266,4.959,0.978,0.428,0.209,-0.097,0.79,0.18,0.465,-2.494,0.712,0.162,-0.057,-0.363,0.524,-0.087,0.199,0
ACAD,8859,-0.12,7.01,-0.295,0.365,-0.564,-0.192,-0.207,-0.449,-1.716,-1.157,-0.175,0.485,-0.444,-0.072,-0.087,-0.329,-1.596,0
ACB,4599,-2.611,12.265,-2.658,-2.177,-1.569,-1.882,-2.326,-3.103,-4.602,-4.205,-0.047,0.434,1.043,0.73,0.286,-0.491,-1.99,3
ACDC,4288,-0.604,10.992,-0.266,-0.16,-0.531,-0.21,0.259,0.297,3.465,-1.171,0.338,0.444,0.073,0.394,0.863,0.901,4.068,0
ACGL,8867,0.434,3.204,0.992,0.488,0.562,0.295,0.904,0.345,0.02,-1.124,0.558,0.054,0.128,-0.139,0.47,-0.089,-0.415,0
ACHC,8867,0.04,6.889,0.119,0.184,0.17,-0.502,-0.199,-0.012,-0.129,-2.604,0.08,0.144,0.13,-0.541,-0.239,-0.052,-0.169,0
ACHR,4211,-0.825,11.647,-1.43,0.127,-0.197,-0.744,-0.212,-2.007,0.645,-5.925,-0.605,0.952,0.628,0.081,0.614,-1.182,1.47,2
ACI,8867,-0.098,4.703,-0.093,0.058,0.175,-0.239,0.0,-0.111,-0.761,-1.704,0.005,0.156,0.274,-0.141,0.098,-0.013,-0.663,0
ACIW,8746,0.153,4.903,1.021,0.146,0.198,0.511,0.319,0.143,0.129,-0.81,0.868,-0.007,0.045,0.358,0.166,-0.009,-0.024,0
ACLS,8811,0.296,7.786,0.125,0.397,0.341,0.131,0.528,0.572,0.336,-9.799,-0.172,0.101,0.045,-0.165,0.232,0.276,0.04,2
ACM,8867,0.268,3.637,0.44,0.397,0.208,0.193,0.227,0.155,-0.056,-1.048,0.172,0.129,-0.06,-0.075,-0.041,-0.113,-0.324,0
ACMR,8493,0.915,11.471,2.349,0.738,-0.231,0.719,1.606,0.209,0.467,-2.164,1.434,-0.177,-1.145,-0.196,0.691,-0.706,-0.448,1
ACN,8867,0.149,4.447,0.029,-0.378,0.247,0.364,-0.306,0.51,0.791,-1.376,-0.12,-0.526,0.098,0.216,-0.454,0.361,0.642,0
ACT,5735,0.527,4.127,1.317,0.629,0.143,0.493,1.208,0.277,0.18,-2.99,0.79,0.102,-0.384,-0.034,0.681,-0.249,-0.346,0
ACVA,8505,-0.159,8.345,0.529,-0.061,0.142,-0.111,-0.131,-1.031,0.606,-0.501,0.688,0.098,0.301,0.048,0.027,-0.872,0.765,0
ADBE,8867,-0.092,5.297,0.518,-0.292,0.117,-0.104,-0.159,0.552,0.673,-4.628,0.61,-0.199,0.21,-0.012,-0.066,0.645,0.766,0
ADC,8867,0.053,2.51,0.206,0.082,-0.141,-0.11,0.427,-0.047,-0.343,-0.84,0.153,0.028,-0.195,-0.163,0.373,-0.101,-0.397,0
ADEA,4472,1.29,8.694,0.839,0.717,1.477,0.574,0.231,2.141,0.991,-4.254,-0.451,-0.573,0.187,-0.716,-1.058,0.851,-0.299,2
ADI,8867,0.283,4.325,0.618,0.644,-0.056,0.155,0.921,0.079,0.085,0.011,0.336,0.362,-0.339,-0.128,0.638,-0.204,-0.197,0
ADM,8867,0.224,3.957,0.77,0.228,-0.219,-0.211,0.623,0.278,0.055,-0.174,0.545,0.004,-0.444,-0.435,0.399,0.053,-0.169,0
ADMA,4393,0.583,9.059,0.348,0.377,0.347,0.675,0.125,1.279,-1.344,-1.563,-0.234,-0.206,-0.236,0.092,-0.457,0.697,-1.926,2
ADNT,8866,-0.154,6.752,0.978,0.17,-0.078,-0.577,0.449,-0.353,0.791,-6.798,1.132,0.324,0.076,-0.424,0.602,-0.199,0.944,1
ADP,8867,0.213,3.061,-0.251,0.182,0.424,0.051,0.082,0.43,0.464,-2.674,-0.465,-0.031,0.211,-0.162,-0.131,0.217,0.251,0
ADPT,6750,0.0,10.255,-0.978,1.233,0.073,-0.559,-0.784,0.0,2.729,-2.52,-0.978,1.233,0.073,-0.559,-0.784,0.0,2.729,2
ADSK,8867,0.115,5.016,0.581,0.118,0.052,0.127,0.104,0.196,0.159,-3.488,0.466,0.003,-0.063,0.012,-0.011,0.081,0.045,0
ADT,8826,0.123,4.737,0.69,0.611,0.0,-0.25,0.495,0.0,0.125,-4.551,0.567,0.488,-0.123,-0.373,0.372,-0.123,0.002,0
ADTN,6818,-0.17,8.452,-1.504,0.294,-0.529,-0.633,-0.763,-0.798,-0.558,-4.112,-1.334,0.464,-0.359,-0.463,-0.593,-0.628,-0.388,2
ADUS,7165,0.157,5.125,0.33,-0.018,0.098,0.023,0.131,0.833,0.997,-1.388,0.173,-0.175,-0.058,-0.134,-0.025,0.677,0.84,0
AEE,8867,0.258,2.675,0.513,0.445,0.496,0.202,0.491,0.479,0.542,-0.036,0.256,0.188,0.239,-0.056,0.234,0.222,0.285,0
AEG,5632,0.637,3.69,0.817,0.644,0.8,0.46,0.395,0.58,0.738,-0.755,0.18,0.007,0.163,-0.177,-0.242,-0.057,0.101,0
AEHR,8245,0.392,15.143,1.14,0.222,-0.857,0.76,2.157,-0.46,2.185,-5.955,0.748,-0.171,-1.249,0.368,1.764,-0.852,1.793,1
AEIS,8634,0.517,5.851,0.752,1.078,0.567,0.516,1.107,0.489,-0.398,-2.447,0.235,0.561,0.05,-0.001,0.59,-0.028,-0.915,0
AEM,8867,0.423,5.402,0.799,0.025,1.118,0.545,0.072,0.491,0.893,-3.931,0.377,-0.397,0.695,0.123,-0.35,0.068,0.47,2
AEO,8867,-0.164,7.04,-0.207,-0.35,-0.384,0.185,-0.075,0.094,-0.791,-4.818,-0.044,-0.186,-0.22,0.349,0.089,0.258,-0.628,2
AEP,8867,0.335,2.806,0.074,0.454,0.384,0.38,0.153,0.661,0.943,-0.675,-0.261,0.119,0.049,0.045,-0.182,0.326,0.608,0
AER,8867,0.62,4.393,0.444,0.674,0.516,0.528,0.654,0.695,0.878,-1.433,-0.177,0.053,-0.104,-0.093,0.034,0.074,0.258,0
AES,8867,0.0,5.255,-0.136,-0.433,-0.261,0.307,-0.231,0.697,0.516,-2.537,-0.136,-0.433,-0.261,0.307,-0.231,0.697,0.516,0
AESI,5623,0.4,7.318,0.294,0.517,0.413,0.496,0.444,0.568,0.982,-1.092,-0.106,0.117,0.013,0.096,0.044,0.168,0.582,0
AEVA,4279,-1.063,16.418,-4.571,-0.998,-1.252,0.548,-3.792,-3.025,-5.141,-7.382,-3.508,0.065,-0.189,1.611,-2.729,-1.962,-4.078,3
AFG,8863,0.336,3.055,0.906,0.659,0.409,0.26,0.575,0.241,0.664,-0.184,0.57,0.323,0.073,-0.077,0.239,-0.095,0.328,0
AFL,8867,0.472,2.892,0.772,0.506,0.475,0.328,0.625,0.297,1.028,-0.118,0.3,0.034,0.003,-0.144,0.153,-0.175,0.556,0
AFRM,8867,0.103,13.234,0.069,0.207,1.127,0.461,-0.642,-0.623,-3.47,-3.141,-0.034,0.104,1.024,0.358,-0.745,-0.726,-3.573,2
AG,8478,-0.455,8.949,0.477,-0.955,-0.804,0.161,-1.306,0.819,0.146,-3.039,0.932,-0.5,-0.348,0.617,-0.851,1.274,0.601,3
AGCO,8867,0.068,4.847,0.596,0.288,0.215,-0.109,0.208,0.258,0.337,-1.957,0.528,0.22,0.146,-0.177,0.14,0.19,0.269,0
AGI,8867,0.548,5.795,0.962,0.515,0.723,0.528,0.273,0.87,0.905,-4.584,0.413,-0.033,0.174,-0.021,-0.276,0.322,0.356,0
AGIO,8627,-0.178,8.295,0.473,0.0,-0.323,-0.576,-0.107,-0.935,2.361,-0.271,0.651,0.178,-0.144,-0.397,0.071,-0.756,2.539,0
AGL,8431,-0.601,14.332,-2.449,-0.928,-0.806,-0.411,-1.624,-0.584,0.896,-7.868,-1.848,-0.326,-0.204,0.191,-1.022,0.018,1.497,3
AGM,4892,0.769,5.817,-0.251,0.578,0.796,0.835,0.043,1.096,1.363,-0.348,-1.02,-0.191,0.027,0.066,-0.726,0.327,0.594,2
AGNC,8867,0.0,3.822,0.205,0.0,0.204,0.0,0.217,-0.147,0.371,-3.791,0.205,0.0,0.204,0.0,0.217,-0.147,0.371,0
AGO,8817,0.418,3.607,0.305,0.393,0.233,0.233,0.439,0.553,0.045,-3.255,-0.112,-0.025,-0.185,-0.185,0.021,0.135,-0.373,0
AGRO,6509,0.0,7.014,-0.328,-0.162,0.431,0.748,-0.534,-0.899,0.075,-1.382,-0.328,-0.162,0.431,0.748,-0.534,-0.899,0.075,2
AGX,5156,1.855,8.352,2.11,2.341,1.742,0.558,1.714,1.038,0.72,3.955,0.255,0.486,-0.113,-1.297,-0.141,-0.817,-1.135,0
AGYS,6799,-0.046,7.395,1.156,0.29,-0.431,-0.371,0.802,0.248,-0.519,-3.407,1.202,0.335,-0.385,-0.326,0.847,0.294,-0.474,1
AHCO,8408,-0.211,8.092,-1.17,0.292,-0.389,-0.221,-0.039,0.946,-0.744,-7.395,-0.959,0.503,-0.178,-0.01,0.172,1.157,-0.533,2
AHR,4198,1.186,3.846,1.471,1.452,1.013,1.274,2.046,1.012,0.075,0.385,0.285,0.266,-0.173,0.088,0.86,-0.174,-1.111,0
AI,8867,-1.293,10.594,-0.33,-1.008,-1.271,-1.051,-0.944,-1.13,-3.13,-0.644,0.963,0.285,0.022,0.242,0.349,0.163,-1.837,1
AIG,8867,0.449,3.511,0.652,0.738,0.352,0.416,0.607,0.653,0.524,-0.279,0.203,0.288,-0.097,-0.033,0.158,0.203,0.074,0
AIN,7622,0.124,4.881,0.657,0.298,0.088,0.153,0.318,0.235,0.329,-2.077,0.533,0.174,-0.036,0.029,0.194,0.111,0.205,0
AIR,8121,0.83,5.161,0.842,0.638,0.888,0.655,0.944,0.229,-0.193,-1.577,0.012,-0.192,0.058,-0.175,0.114,-0.601,-1.023,0
AIT,8594,0.553,4.062,1.123,0.832,0.221,0.528,1.28,0.142,0.157,0.307,0.57,0.278,-0.332,-0.025,0.727,-0.411,-0.396,0
AIV,6803,0.0,4.971,0.622,0.152,0.0,0.0,0.278,0.63,0.458,-1.136,0.622,0.152,0.0,0.0,0.278,0.63,0.458,0
AIZ,8867,0.38,3.327,0.735,0.584,0.277,0.276,0.66,0.329,0.572,-0.581,0.355,0.204,-0.103,-0.104,0.28,-0.051,0.192,0
AJG,8867,0.53,3.324,0.367,0.771,0.739,0.621,0.663,0.319,0.326,-1.499,-0.164,0.24,0.209,0.091,0.132,-0.212,-0.204,0
AKAM,8867,0.153,5.434,0.343,0.196,0.249,0.062,-0.085,0.498,-0.557,-2.105,0.19,0.044,0.097,-0.091,-0.238,0.346,-0.709,0
AKR,8433,0.099,3.863,1.114,0.323,-0.15,-0.053,0.761,0.162,-0.145,-1.309,1.015,0.224,-0.249,-0.152,0.662,0.063,-0.244,0
ALAB,4102,1.022,12.714,1.159,0.802,0.065,0.212,2.072,-0.731,-2.358,-2.227,0.137,-0.22,-0.957,-0.81,1.05,-1.753,-3.38,1
ALB,8867,-0.029,7.568,-0.704,0.015,0.56,0.255,-0.437,0.128,-1.114,-2.237,-0.675,0.043,0.589,0.284,-0.409,0.156,-1.085,2
ALC,8867,0.15,3.851,-0.011,0.225,0.689,-0.103,-0.086,0.263,0.462,0.306,-0.161,0.074,0.539,-0.254,-0.237,0.113,0.312,0
ALG,5905,0.062,5.287,0.484,-0.35,0.225,-0.089,0.395,0.051,0.959,-3.197,0.421,-0.412,0.162,-0.151,0.333,-0.011,0.897,0
ALGM,8815,0.095,7.801,-1.079,0.433,0.507,0.101,0.239,-0.187,-0.743,-8.643,-1.174,0.338,0.412,0.007,0.145,-0.282,-0.837,2
ALGN,8867,-0.214,6.928,-0.259,-0.227,0.173,0.044,-0.121,0.107,0.1,1.116,-0.046,-0.014,0.387,0.258,0.093,0.321,0.314,0
ALGT,8837,-0.254,7.541,-0.951,-0.362,-0.797,-0.228,-0.609,-1.192,0.932,-3.076,-0.697,-0.108,-0.543,0.026,-0.355,-0.939,1.185,2
ALHC,6805,-0.141,10.661,-0.808,-0.935,0.276,0.287,-0.747,-0.363,0.777,-8.576,-0.667,-0.794,0.417,0.428,-0.606,-0.222,0.918,3
ALIT,8852,-0.353,8.322,-0.122,-0.053,-0.779,-0.368,-0.213,-0.924,-0.901,-4.308,0.231,0.3,-0.426,-0.015,0.14,-0.57,-0.548,1
ALK,8867,0.15,6.052,-0.375,-0.095,0.138,0.159,-0.53,0.233,-0.475,-0.975,-0.526,-0.246,-0.012,0.009,-0.68,0.083,-0.625,2
ALKS,8867,0.172,5.138,0.465,0.165,-0.021,0.113,0.404,-0.017,-0.285,-2.827,0.293,-0.007,-0.192,-0.059,0.232,-0.189,-0.457,0
ALKT,6522,0.051,7.942,0.113,0.28,1.042,-0.037,0.443,-0.65,0.197,-3.102,0.062,0.229,0.991,-0.088,0.392,-0.701,0.146,2
ALL,8867,0.149,3.497,0.303,0.176,0.562,0.106,0.228,0.455,-0.058,-1.028,0.153,0.026,0.413,-0.043,0.079,0.306,-0.208,0
ALLE,8867,0.038,3.743,0.324,0.21,-0.125,-0.029,0.669,-0.4,0.019,-1.906,0.286,0.172,-0.163,-0.067,0.63,-0.438,-0.02,0
ALLO,3462,-1.517,10.604,-0.828,-2.014,-1.913,-1.358,-0.751,-1.973,-2.819,-1.088,0.689,-0.498,-0.396,0.159,0.765,-0.457,-1.302,1
ALLY,8867,0.184,5.336,1.044,0.754,-0.134,-0.139,0.864,-0.784,-0.497,0.132,0.86,0.57,-0.318,-0.323,0.68,-0.968,-0.681,1
ALNY,8860,-0.024,7.38,0.509,-0.189,0.059,0.008,0.273,0.071,0.006,-3.077,0.533,-0.165,0.084,0.032,0.297,0.095,0.031,0
ALRM,8534,-0.205,4.43,0.175,-0.276,-0.067,0.036,-0.027,-0.459,-0.298,-1.457,0.38,-0.071,0.138,0.241,0.178,-0.254,-0.092,0
ALSN,8867,0.494,3.988,0.849,0.499,0.328,0.335,0.995,0.535,-0.254,-2.475,0.355,0.005,-0.166,-0.159,0.501,0.041,-0.748,0
ALT,5330,-0.589,14.143,1.061,-0.898,-1.992,-0.684,0.0,-1.064,-1.092,-5.975,1.65,-0.309,-1.403,-0.095,0.589,-0.475,-0.502,1
ALV,8867,0.424,4.32,0.754,0.664,0.431,0.117,0.592,0.091,0.107,-2.598,0.33,0.24,0.007,-0.308,0.168,-0.333,-0.318,0
AM,8867,0.41,3.717,1.242,0.476,0.339,0.254,0.942,0.273,-0.046,-0.771,0.832,0.066,-0.071,-0.156,0.532,-0.137,-0.456,0
AMAT,8867,0.702,6.125,0.451,1.338,0.634,0.4,1.015,0.618,1.03,0.0,-0.251,0.636,-0.068,-0.301,0.313,-0.084,0.329,0
AMBA,8867,0.311,8.958,0.081,0.354,0.31,-0.015,0.738,-0.429,-0.787,-1.897,-0.23,0.044,-0.0,-0.326,0.428,-0.739,-1.098,0
AMC,4745,-1.843,16.312,-2.976,-1.181,0.581,-1.29,-0.587,-1.959,-6.134,-0.209,-1.133,0.662,2.423,0.552,1.256,-0.117,-4.291,2
AMCR,8867,0.103,3.279,0.425,0.349,0.243,-0.242,0.692,0.0,0.485,-0.837,0.322,0.246,0.14,-0.345,0.589,-0.103,0.382,0
AMCX,6251,-1.02,9.713,-1.091,-1.042,-0.886,-1.274,-0.948,-0.193,-0.122,-10.344,-0.071,-0.022,0.134,-0.254,0.072,0.827,0.898,2
AMD,8867,0.481,7.823,-0.185,0.445,0.385,1.126,-0.188,1.348,-0.483,-3.003,-0.666,-0.036,-0.096,0.645,-0.669,0.867,-0.964,2
AME,8867,0.293,2.921,0.43,0.356,0.455,0.25,0.325,0.367,0.437,-0.795,0.137,0.064,0.163,-0.043,0.032,0.075,0.144,0
AMG,8849,0.451,4.462,0.24,0.789,0.849,0.284,0.44,-0.037,1.067,-1.536,-0.211,0.338,0.398,-0.167,-0.011,-0.488,0.616,0
AMGN,8867,0.102,3.359,0.257,-0.033,0.332,0.035,0.039,-0.107,-0.212,-0.459,0.155,-0.135,0.23,-0.067,-0.063,-0.209,-0.314,0
AMH,8867,0.08,3.083,0.451,0.077,0.083,-0.192,0.374,0.089,-0.028,-1.238,0.371,-0.002,0.003,-0.271,0.294,0.009,-0.107,0
AMKR,8865,0.419,7.846,0.918,0.616,-0.101,0.57,1.146,0.573,-0.355,-3.564,0.499,0.196,-0.52,0.151,0.726,0.154,-0.775,1
AMLX,5685,0.223,12.269,0.667,-0.265,0.57,0.108,-0.756,0.942,-0.988,-1.786,0.443,-0.488,0.346,-0.116,-0.979,0.718,-1.212,2
AMN,8855,-0.021,7.331,0.308,0.022,0.024,-0.255,-0.153,-0.152,-0.353,0.001,0.329,0.044,0.045,-0.234,-0.131,-0.131,-0.332,0
AMP,8867,0.538,3.848,0.495,0.554,0.455,0.063,0.515,0.291,0.44,-2.939,-0.043,0.016,-0.084,-0.475,-0.023,-0.247,-0.098,0
AMPH,7745,0.409,6.963,-0.119,0.852,0.689,0.573,0.564,1.108,0.388,0.043,-0.528,0.443,0.28,0.164,0.155,0.699,-0.021,0
AMPL,6642,-0.473,10.149,1.405,-0.759,-0.254,0.0,1.417,0.92,-1.478,-5.549,1.879,-0.286,0.219,0.473,1.89,1.393,-1.005,1
AMR,8774,0.381,8.679,-0.091,-0.2,0.381,0.743,-0.648,0.9,0.493,-5.511,-0.472,-0.582,-0.0,0.362,-1.029,0.518,0.111,2
AMRC,8449,-0.361,10.439,-1.318,-0.557,-1.003,-0.362,-0.574,0.735,-2.053,0.022,-0.957,-0.196,-0.642,-0.0,-0.212,1.097,-1.691,2
AMRX,4536,1.049,5.513,1.455,1.3,1.053,0.872,1.415,-0.384,0.233,1.124,0.406,0.251,0.003,-0.177,0.365,-1.433,-0.816,0
AMSC,5245,0.853,13.526,-2.846,0.614,2.014,2.093,-0.657,0.61,0.887,-7.725,-3.699,-0.239,1.161,1.239,-1.51,-0.244,0.033,3
AMSF,3632,-0.727,5.471,-0.015,-0.298,-0.399,-0.556,0.082,-1.246,-1.93,-5.07,0.712,0.429,0.329,0.171,0.809,-0.518,-1.203,1
AMT,8867,-0.198,3.894,-0.066,-0.176,0.18,-0.329,-0.235,-0.51,-0.702,-0.815,0.131,0.021,0.378,-0.131,-0.037,-0.313,-0.505,0
AMTM,3177,-0.172,7.082,0.983,-0.613,-0.172,-0.359,-0.481,-1.23,1.884,-1.892,1.155,-0.441,0.0,-0.187,-0.308,-1.058,2.056,0
AMWD,6221,-0.439,6.963,-1.294,-0.064,-0.073,-0.129,-0.006,-1.339,-1.939,-10.502,-0.855,0.376,0.366,0.31,0.434,-0.899,-1.5,2
AMZN,8867,0.304,5.003,0.318,0.487,0.338,0.293,0.502,0.529,0.054,-2.271,0.014,0.183,0.034,-0.011,0.198,0.225,-0.25,0
AN,8866,0.358,4.715,0.824,0.596,0.129,0.373,0.831,0.423,-0.175,-1.477,0.467,0.238,-0.229,0.016,0.473,0.065,-0.533,0
ANAB,5930,0.77,11.411,2.053,1.015,0.593,0.961,2.745,0.0,0.684,-5.024,1.283,0.245,-0.178,0.19,1.975,-0.77,-0.086,1
ANDE,7129,0.61,6.011,1.515,0.728,0.312,0.616,1.94,0.339,-0.189,-2.99,0.905,0.118,-0.298,0.006,1.33,-0.272,-0.8,1
ANET,8867,0.879,6.564,1.331,0.992,0.665,1.157,0.6,0.427,1.327,-0.132,0.452,0.113,-0.214,0.279,-0.278,-0.452,0.448,0
ANF,8867,0.734,8.429,-0.452,0.213,1.284,0.769,-0.49,0.63,1.428,-2.661,-1.186,-0.521,0.55,0.035,-1.224,-0.104,0.694,2
ANGI,4911,-1.732,12.492,-0.782,-1.223,-1.702,-1.428,0.233,-3.455,-2.143,-3.619,0.95,0.509,0.03,0.304,1.965,-1.723,-0.411,1
ANGO,4203,-0.097,10.41,0.728,-0.523,0.189,0.22,1.293,-1.713,-0.171,-2.556,0.824,-0.427,0.285,0.316,1.39,-1.616,-0.075,1
ANIP,5811,0.452,8.089,1.351,0.565,0.356,0.9,0.0,0.191,-0.222,0.191,0.899,0.113,-0.097,0.448,-0.452,-0.262,-0.674,0
AON,8867,0.406,3.198,-0.085,0.594,0.738,0.513,0.279,0.09,0.747,-0.608,-0.491,0.188,0.331,0.107,-0.127,-0.316,0.341,0
AORT,4161,0.626,9.175,1.53,0.15,0.689,0.316,0.507,1.066,0.471,-4.04,0.904,-0.477,0.063,-0.311,-0.12,0.44,-0.156,0
AOS,8867,0.035,3.74,0.068,-0.103,0.158,-0.087,0.129,0.499,0.766,-2.289,0.034,-0.138,0.123,-0.122,0.094,0.464,0.731,0
AOSL,6665,0.578,11.117,-0.187,0.757,1.093,1.127,-1.59,0.539,0.075,-3.513,-0.765,0.179,0.514,0.549,-2.168,-0.039,-0.504,2
APA,8867,0.616,6.784,0.806,0.907,0.537,0.752,0.941,0.26,0.197,-0.487,0.19,0.292,-0.078,0.136,0.326,-0.355,-0.418,0
APAM,8828,-0.065,4.505,0.2,-0.122,-0.102,-0.262,0.152,-0.262,-0.351,-2.147,0.265,-0.057,-0.037,-0.197,0.217,-0.197,-0.286,0
APD,8867,0.097,3.73,0.283,-0.149,-0.049,0.127,0.588,0.388,0.829,-2.56,0.185,-0.246,-0.147,0.03,0.491,0.291,0.732,0
APG,8836,0.534,4.417,0.523,0.962,0.213,0.098,0.754,0.298,-0.23,-0.305,-0.011,0.429,-0.321,-0.436,0.22,-0.235,-0.764,0
APGE,4838,0.724,11.07,-0.43,1.187,0.915,0.623,1.818,0.8,0.398,1.141,-1.153,0.463,0.191,-0.101,1.094,0.076,-0.326,0
APH,8867,0.693,4.146,0.881,0.668,0.488,0.558,0.748,0.407,1.105,0.016,0.189,-0.025,-0.205,-0.135,0.055,-0.285,0.413,0
APLD,4412,1.005,15.53,1.905,0.651,1.465,-0.687,1.83,3.971,2.371,-5.647,0.9,-0.354,0.46,-1.692,0.825,2.966,1.366,1
APLE,8866,0.0,3.619,0.643,0.0,-0.249,0.0,0.641,-0.21,0.122,-2.658,0.643,0.0,-0.249,0.0,0.641,-0.21,0.122,0
APO,8867,0.401,5.157,0.983,0.578,0.168,0.199,0.684,0.143,0.768,-3.016,0.581,0.177,-0.233,-0.202,0.282,-0.258,0.367,0
APOG,5610,0.358,6.393,0.565,0.135,0.866,0.956,0.297,-0.261,-0.358,-3.093,0.207,-0.223,0.508,0.598,-0.061,-0.619,-0.716,2
APP,8867,0.802,10.998,0.256,0.518,1.425,0.594,-0.477,1.744,0.638,-6.99,-0.546,-0.283,0.624,-0.208,-1.279,0.942,-0.164,2
APPF,8413,0.155,5.874,-0.317,-0.242,0.217,-0.313,-0.661,-0.103,0.363,-0.59,-0.472,-0.396,0.063,-0.467,-0.816,-0.258,0.208,2
APPN,8762,-0.561,8.281,0.864,-0.899,-1.733,-0.78,-0.687,-0.331,-1.104,-1.389,1.426,-0.337,-1.172,-0.218,-0.126,0.231,-0.543,1
APPS,5581,-1.005,12.633,-2.239,-1.396,-1.625,-0.391,-2.391,-1.447,-3.413,-5.245,-1.233,-0.39,-0.62,0.614,-1.386,-0.441,-2.408,3
APTV,8867,-0.195,5.788,-0.515,-0.217,-0.353,0.182,-0.681,-0.023,-0.546,-5.384,-0.32,-0.022,-0.158,0.377,-0.486,0.172,-0.351,2
AQN,8173,0.0,4.359,-0.373,0.183,0.069,-0.148,-0.422,0.289,-0.834,-3.047,-0.373,0.183,0.069,-0.148,-0.422,0.289,-0.834,2
AR,8867,0.67,6.843,1.259,0.324,-0.163,0.49,1.651,0.189,0.777,-2.292,0.589,-0.345,-0.833,-0.18,0.982,-0.481,0.108,1
ARCB,8842,0.088,7.013,0.843,0.495,0.0,-0.334,1.26,0.582,-0.058,-3.002,0.756,0.407,-0.088,-0.421,1.172,0.494,-0.146,1
ARCC,8867,0.301,2.675,0.351,0.415,0.368,0.358,0.573,0.334,0.343,-1.963,0.05,0.114,0.068,0.057,0.272,0.033,0.043,0
ARCO,7187,0.0,5.35,0.581,0.239,-0.341,-0.651,-0.11,-0.766,0.538,-1.814,0.581,0.239,-0.341,-0.651,-0.11,-0.766,0.538,0
ARCT,7109,-0.92,14.009,-2.247,-0.282,-0.203,-1.756,-0.304,-3.609,1.622,-6.558,-1.327,0.638,0.717,-0.836,0.616,-2.689,2.542,2
ARDX,3960,-0.69,9.824,0.0,-0.804,-0.171,-1.186,-0.789,0.378,0.164,-1.004,0.69,-0.114,0.518,-0.496,-0.099,1.067,0.853,2
ARE,8867,-0.134,4.822,-0.441,-0.182,-0.307,0.013,-0.671,-0.042,-0.669,-1.197,-0.307,-0.048,-0.173,0.146,-0.537,0.092,-0.536,0
ARES,8867,0.575,5.295,0.514,0.814,0.431,0.867,0.768,0.311,0.543,-2.367,-0.061,0.239,-0.144,0.292,0.193,-0.264,-0.032,0
ARHS,6646,-0.51,10.303,-2.6,-0.803,0.25,-0.229,-0.657,-0.454,0.12,-1.155,-2.091,-0.293,0.76,0.281,-0.148,0.055,0.63,2
ARI,8448,-0.066,5.021,0.515,0.286,-0.266,-0.521,0.755,-0.084,-0.194,-2.214,0.581,0.352,-0.2,-0.455,0.821,-0.018,-0.128,0
ARIS,4603,0.078,11.154,1.781,-0.183,-0.791,0.721,1.369,-1.704,-0.392,-0.561,1.703,-0.261,-0.869,0.643,1.291,-1.783,-0.47,1
ARLO,6858,0.138,8.611,0.872,0.233,0.217,-0.036,0.534,-0.725,0.348,-2.515,0.734,0.096,0.08,-0.174,0.397,-0.863,0.211,1
ARLP,7680,0.683,5.001,0.66,0.703,0.753,0.955,0.959,1.121,0.396,-1.094,-0.023,0.02,0.07,0.272,0.276,0.438,-0.287,0
ARMK,8867,0.286,4.418,1.09,0.423,0.559,-0.204,0.784,0.121,0.159,-1.04,0.804,0.137,0.273,-0.49,0.498,-0.165,-0.126,0
AROC,8288,0.608,5.299,1.607,0.675,0.471,0.867,0.796,0.276,0.138,-1.865,0.998,0.067,-0.137,0.259,0.188,-0.332,-0.47,0
ARQQ,3604,-3.398,25.642,-3.755,-4.275,-1.588,-2.566,-3.12,-0.302,-1.935,-17.468,-0.357,-0.876,1.81,0.832,0.278,3.097,1.463,3
ARQT,7202,0.0,10.572,0.319,0.914,-0.616,-0.288,0.601,-2.005,-2.296,-5.927,0.319,0.914,-0.616,-0.288,0.601,-2.005,-2.296,1
ARR,8866,-0.117,4.442,-0.391,0.049,-0.097,0.052,-0.269,-0.559,-0.404,-2.057,-0.274,0.166,0.02,0.169,-0.152,-0.442,-0.287,0
ARRY,8720,-1.306,11.699,0.533,-1.382,-2.505,-1.395,-0.111,-1.831,-0.342,-6.424,1.839,-0.076,-1.199,-0.089,1.195,-0.525,0.964,1
ARVN,8549,-0.668,10.169,0.0,-0.386,-0.749,-0.969,-0.058,-0.201,-1.004,-3.719,0.668,0.282,-0.08,-0.301,0.611,0.467,-0.336,1
ARW,8867,0.408,4.258,-0.126,0.346,0.573,0.608,-0.148,0.642,0.428,-3.473,-0.534,-0.062,0.165,0.2,-0.556,0.234,0.019,2
ARWR,8867,-0.225,9.172,0.375,-0.192,0.149,-0.16,-0.185,0.673,-0.064,-2.7,0.6,0.033,0.374,0.064,0.04,0.898,0.161,2
AS,4326,0.216,6.812,0.821,0.931,-0.161,-0.516,1.423,-0.649,0.86,0.731,0.605,0.715,-0.377,-0.732,1.207,-0.866,0.644,1
ASAN,8867,-0.787,11.25,0.447,-1.289,-0.477,-1.126,-0.222,-1.469,-2.767,-3.053,1.234,-0.502,0.31,-0.339,0.565,-0.682,-1.98,1
ASB,8867,0.13,4.304,0.796,0.303,0.0,-0.097,0.761,-0.041,-0.095,-1.011,0.665,0.173,-0.13,-0.227,0.63,-0.171,-0.225,0
ASC,6580,0.623,6.539,-0.336,0.497,0.789,0.936,-0.472,1.966,0.442,-0.937,-0.96,-0.126,0.166,0.313,-1.095,1.343,-0.182,2
ASH,8867,0.0,4.179,0.535,0.04,-0.13,-0.159,0.519,-0.331,0.186,-3.229,0.535,0.04,-0.13,-0.159,0.519,-0.331,0.186,0
ASIX,4923,0.2,7.95,-0.386,-0.316,0.03,0.683,0.133,-0.465,1.301,-2.452,-0.586,-0.516,-0.17,0.483,-0.067,-0.665,1.101,2
ASND,8837,-0.046,6.863,1.094,0.036,-0.507,-0.159,0.543,-0.034,-0.333,-2.782,1.139,0.082,-0.461,-0.114,0.588,0.012,-0.287,1
ASO,8867,-0.186,6.192,0.612,-0.189,0.084,-0.052,0.47,0.273,1.546,-2.551,0.798,-0.003,0.27,0.134,0.656,0.459,1.732,0
ASPN,7206,-1.067,12.025,-1.871,-1.313,-1.127,-1.127,-1.004,-1.264,-0.588,-5.584,-0.803,-0.245,-0.06,-0.06,0.063,-0.196,0.48,2
ASTE,4429,0.328,8.836,0.43,-0.278,0.677,0.969,0.488,-1.033,0.722,-10.743,0.102,-0.607,0.349,0.641,0.16,-1.361,0.394,3
ASTH,3569,0.545,9.791,-1.041,1.612,0.762,0.593,-0.953,0.341,2.721,-2.602,-1.586,1.067,0.217,0.048,-1.498,-0.204,2.176,2
ASTL,4813,-0.714,7.707,-0.928,-0.978,-0.766,-0.552,-1.071,-2.118,1.123,-2.098,-0.214,-0.264,-0.052,0.162,-0.357,-1.404,1.837,2
ASTS,6766,-0.535,14.949,-1.381,-0.94,-0.416,0.139,-1.099,-0.577,0.228,-6.22,-0.846,-0.405,0.119,0.673,-0.564,-0.043,0.763,3
ATEC,8236,0.245,9.35,0.294,0.189,0.849,-0.324,0.586,0.197,1.466,-3.653,0.049,-0.056,0.604,-0.569,0.341,-0.048,1.221,2
ATEN,7795,0.645,5.592,0.756,0.544,0.512,0.567,0.426,0.875,-1.104,-4.559,0.111,-0.1,-0.132,-0.077,-0.218,0.231,-1.749,0
ATEX,4399,-0.081,9.389,-0.518,-0.486,-0.205,0.363,-0.282,0.929,0.721,-3.177,-0.437,-0.406,-0.125,0.443,-0.202,1.009,0.802,2
ATI,8867,0.833,6.083,1.518,0.792,0.163,0.509,1.098,0.765,-0.291,-0.844,0.685,-0.041,-0.67,-0.324,0.266,-0.068,-1.123,0
ATKR,8863,0.016,6.652,0.014,0.122,0.528,-0.151,-0.155,0.3,0.509,-3.669,-0.002,0.106,0.511,-0.168,-0.171,0.284,0.493,2
ATMU,5335,0.484,4.691,0.795,0.21,0.326,0.129,0.353,0.427,-0.625,-0.045,0.311,-0.274,-0.158,-0.355,-0.131,-0.058,-1.11,0
ATO,8867,0.293,2.572,0.711,0.516,0.378,0.281,0.322,0.38,0.09,-3.608,0.418,0.222,0.085,-0.013,0.028,0.087,-0.204,0
ATR,8856,0.174,3.142,0.261,0.177,0.23,0.081,-0.124,0.46,0.089,-2.396,0.087,0.003,0.057,-0.092,-0.298,0.286,-0.085,0
ATRC,8595,-0.061,6.517,0.568,0.238,0.183,-0.957,0.442,0.0,-0.817,-3.266,0.629,0.298,0.244,-0.896,0.503,0.061,-0.757,1
ATRO,3608,1.865,10.095,2.119,1.355,2.799,2.979,2.171,1.541,6.037,-9.485,0.254,-0.511,0.934,1.113,0.306,-0.324,4.172,2
AU,8867,0.737,7.41,-0.062,0.473,1.186,0.731,0.701,0.809,0.525,-8.244,-0.8,-0.265,0.448,-0.006,-0.036,0.072,-0.212,2
AUB,8053,0.077,4.624,-0.029,0.146,0.0,-0.21,0.536,-0.308,0.327,-0.684,-0.106,0.069,-0.077,-0.287,0.459,-0.385,0.25,0
AUPH,8419,0.123,9.696,1.538,0.599,-0.106,-0.487,1.573,-0.231,0.724,-1.317,1.416,0.477,-0.229,-0.609,1.45,-0.354,0.601,1
AUR,3030,-0.647,11.684,0.185,-0.486,-1.557,-2.264,0.0,-0.658,-1.582,-9.392,0.832,0.161,-0.91,-1.617,0.647,-0.011,-0.935,1
AVA,8800,0.0,2.984,0.315,0.249,-0.049,-0.195,0.365,0.327,0.272,-2.091,0.315,0.249,-0.049,-0.195,0.365,0.327,0.272,0
AVAV,8691,0.286,8.739,0.597,0.183,0.146,-0.091,0.213,-0.041,1.138,-6.741,0.311,-0.103,-0.14,-0.378,-0.073,-0.328,0.852,2
AVB,8867,0.1,2.936,0.583,0.009,0.041,0.01,0.514,0.396,0.136,-2.473,0.483,-0.091,-0.06,-0.09,0.413,0.296,0.036,0
AVGO,8867,0.626,6.125,1.169,0.883,0.669,0.268,0.892,1.122,0.941,1.075,0.542,0.256,0.042,-0.359,0.265,0.496,0.314,0
AVNS,5702,-0.12,7.746,0.08,-0.16,-0.411,-0.388,0.102,-0.751,0.12,-2.165,0.201,-0.04,-0.29,-0.268,0.222,-0.63,0.241,0
AVNT,8809,0.0,5.188,-0.376,-0.064,0.299,-0.213,-0.481,0.492,-0.129,0.972,-0.376,-0.064,0.299,-0.213,-0.481,0.492,-0.129,0
AVPT,6169,0.157,6.684,0.969,0.0,0.472,0.681,1.029,0.0,-0.572,-1.014,0.812,-0.157,0.315,0.524,0.872,-0.157,-0.729,0
AVT,8865,0.246,4.084,0.412,0.258,-0.181,0.172,0.504,0.361,0.893,-1.591,0.166,0.013,-0.427,-0.074,0.259,0.115,0.648,0
AVTR,8867,0.148,5.705,0.811,0.249,0.129,-0.013,1.021,0.106,0.605,0.0,0.663,0.101,-0.019,-0.161,0.873,-0.042,0.457,0
AVXL,6359,-1.096,10.509,-0.897,-1.68,-1.394,-1.092,-0.95,0.813,-1.6,-2.374,0.2,-0.584,-0.298,0.005,0.146,1.91,-0.504,3
AVY,8867,0.023,3.254,0.349,0.116,-0.042,-0.056,0.39,-0.086,-0.044,-1.251,0.326,0.093,-0.066,-0.079,0.366,-0.109,-0.067,0
AWI,8847,0.16,3.849,0.157,0.08,0.189,0.07,0.499,0.053,-0.378,-3.011,-0.003,-0.08,0.029,-0.09,0.339,-0.107,-0.537,0
AWK,8867,0.054,3.233,0.253,0.073,0.061,-0.1,-0.008,0.015,-0.103,-1.766,0.198,0.018,0.007,-0.155,-0.062,-0.039,-0.158,0
AWR,8488,0.042,3.121,0.86,0.129,-0.024,-0.158,0.391,0.027,0.097,-1.408,0.819,0.088,-0.065,-0.2,0.35,-0.015,0.056,0
AX,8612,0.211,5.828,-0.16,0.556,-0.075,0.305,0.867,-0.087,-0.041,-0.997,-0.37,0.345,-0.286,0.094,0.656,-0.298,-0.252,0
AXGN,3818,1.462,12.27,1.077,2.483,1.336,1.234,2.373,3.157,-0.286,-12.255,-0.385,1.021,-0.126,-0.228,0.911,1.695,-1.748,2
AXON,8867,0.481,7.477,0.497,0.323,0.692,0.41,0.276,0.664,0.751,-0.651,0.016,-0.158,0.21,-0.071,-0.206,0.183,0.269,0
AXP,8867,0.398,4.14,0.704,0.313,0.133,0.429,0.739,0.413,0.482,-0.484,0.306,-0.085,-0.265,0.031,0.341,0.015,0.084,0
AXS,8863,0.465,3.232,0.994,0.583,0.354,0.171,0.97,0.734,0.83,-2.907,0.529,0.117,-0.112,-0.294,0.504,0.269,0.364,0
AXSM,8867,0.726,10.053,0.53,0.513,0.726,0.697,-0.21,1.802,-0.631,-1.522,-0.197,-0.214,-0.001,-0.029,-0.936,1.076,-1.357,2
AXTA,8867,0.269,4.289,0.033,0.334,0.519,-0.102,0.031,0.646,0.957,-2.838,-0.236,0.065,0.25,-0.37,-0.238,0.377,0.688,0
AYI,8866,0.317,4.547,0.573,0.397,0.329,0.217,0.634,-0.035,0.065,-0.73,0.256,0.08,0.012,-0.1,0.317,-0.353,-0.253,0
AZN,8867,0.333,5.159,0.036,0.319,0.108,0.446,0.529,0.354,0.452,-1.29,-0.297,-0.014,-0.225,0.112,0.195,0.02,0.119,0
AZO,8862,0.283,3.482,0.567,0.079,0.63,0.377,0.693,-0.004,0.098,-2.473,0.283,-0.205,0.347,0.093,0.409,-0.287,-0.186,0
AZTA,8128,-0.362,7.359,-0.313,0.243,-0.157,-0.678,-0.679,-0.36,-0.861,-3.325,0.049,0.605,0.205,-0.316,-0.317,0.002,-0.499,2
AZZ,6040,0.675,5.404,1.528,0.686,0.51,0.232,0.924,1.192,-0.188,-5.562,0.853,0.011,-0.165,-0.443,0.249,0.518,-0.863,0
B,6891,0.339,7.4,0.648,0.47,0.681,1.021,-0.306,0.196,0.34,-2.638,0.309,0.131,0.342,0.682,-0.645,-0.143,0.001,2
BA,8867,0.13,5.286,-0.562,0.152,-0.125,0.222,-0.212,0.611,0.936,-3.355,-0.692,0.022,-0.255,0.092,-0.343,0.481,0.806,2
BAC,8867,0.456,4.035,-0.478,0.364,0.531,0.39,0.0,0.46,0.384,-0.965,-0.934,-0.091,0.075,-0.066,-0.456,0.005,-0.071,0
BAH,8867,0.236,4.433,0.453,0.134,0.094,0.047,0.246,0.641,0.598,-0.676,0.216,-0.103,-0.143,-0.19,0.01,0.405,0.361,0
BALL,7365,0.307,4.271,0.614,0.042,0.411,0.076,0.45,0.796,0.0,-0.18,0.306,-0.266,0.104,-0.232,0.143,0.488,-0.307,0
BAM,8867,0.289,4.754,0.569,0.181,0.134,0.168,0.471,0.037,-0.05,-4.176,0.281,-0.108,-0.155,-0.121,0.182,-0.252,-0.338,0
BANC,7325,0.127,5.383,1.252,0.361,0.058,-0.359,1.16,0.179,-0.158,-1.928,1.125,0.234,-0.07,-0.487,1.033,0.051,-0.286,1
BAND,5743,-1.006,14.201,-1.763,-1.562,-0.174,1.042,-1.116,-0.281,-2.47,-1.641,-0.757,-0.555,0.832,2.048,-0.11,0.726,-1.463,3
BANF,5894,0.294,4.918,-0.024,0.408,-0.514,0.306,0.516,-0.193,-0.573,-3.694,-0.318,0.114,-0.808,0.012,0.222,-0.487,-0.867,0
BANR,6918,0.137,4.607,0.182,0.309,0.035,0.014,0.344,-0.079,0.173,-1.942,0.044,0.171,-0.103,-0.123,0.207,-0.216,0.035,0
BAP,8846,0.536,4.438,1.267,0.45,0.454,0.559,0.845,0.219,0.655,-2.182,0.731,-0.086,-0.082,0.023,0.309,-0.317,0.119,0
BATRK,5498,0.147,3.904,0.331,0.229,0.186,-0.148,0.482,-1.06,0.33,-1.955,0.185,0.082,0.039,-0.295,0.335,-1.207,0.183,0
BAX,8867,-0.061,4.795,-0.196,0.102,0.203,-0.321,0.229,-0.188,-0.484,-2.376,-0.135,0.163,0.264,-0.26,0.29,-0.127,-0.423,0
BB,3156,-0.975,9.322,0.394,-0.722,-1.216,-2.326,-1.056,-2.742,3.922,-4.137,1.37,0.253,-0.241,-1.351,-0.081,-1.767,4.897,1
BBBY,3403,-3.101,16.576,-3.125,-3.789,-4.615,-2.888,-3.423,-2.721,-2.175,-9.25,-0.024,-0.688,-1.514,0.214,-0.322,0.381,0.926,3
BBDC,5245,0.0,3.688,0.301,0.495,0.109,-0.188,0.802,0.427,-0.41,-2.881,0.301,0.495,0.109,-0.188,0.802,0.427,-0.41,0
BBIO,8841,0.149,10.856,0.958,0.119,0.567,-0.04,0.727,0.65,-1.644,-4.786,0.81,-0.03,0.418,-0.189,0.578,0.501,-1.792,1
BBSI,3686,0.832,6.082,0.84,0.94,0.731,0.849,0.92,-0.521,0.644,-3.262,0.007,0.108,-0.101,0.017,0.088,-1.353,-0.188,0
BBW,6580,-0.093,8.576,0.388,0.151,0.133,-0.019,-0.068,0.076,1.564,-4.388,0.481,0.243,0.226,0.074,0.024,0.169,1.656,2
BBWI,8720,-0.39,7.017,-0.595,-0.579,-0.49,-0.403,-0.714,-0.412,-2.138,-0.521,-0.205,-0.189,-0.1,-0.013,-0.324,-0.022,-1.748,0
BBY,8867,-0.174,5.217,0.483,-0.316,-0.708,-0.102,0.426,-0.335,0.477,-3.098,0.657,-0.142,-0.533,0.073,0.6,-0.161,0.652,0
BC,8867,-0.07,5.058,0.06,0.222,-0.173,-0.326,-0.047,0.22,-0.442,-0.8,0.131,0.292,-0.103,-0.255,0.023,0.29,-0.372,0
BCC,8845,0.01,5.496,-0.086,0.027,-0.175,0.027,0.105,0.902,-1.193,-0.974,-0.096,0.017,-0.185,0.017,0.095,0.892,-1.203,0
BCE,8867,-0.087,2.845,-0.129,-0.185,0.274,0.01,-0.044,0.137,0.349,-1.206,-0.041,-0.098,0.361,0.097,0.043,0.224,0.436,0
BCO,8598,0.375,4.324,-0.032,0.541,0.482,0.341,0.357,0.736,-0.151,-0.138,-0.408,0.166,0.107,-0.035,-0.018,0.361,-0.527,0
BCPC,7667,0.006,3.63,-0.25,-0.018,-0.087,0.211,-0.509,0.376,0.091,-4.013,-0.255,-0.024,-0.093,0.205,-0.515,0.371,0.085,2
BCRX,8664,-0.144,7.737,0.578,0.595,-0.701,-0.698,1.074,-0.288,-0.447,-3.027,0.721,0.738,-0.558,-0.555,1.217,-0.145,-0.304,1
BCSF,3961,0.24,4.325,0.585,0.128,0.468,0.315,0.66,-0.13,-0.161,-1.214,0.344,-0.113,0.227,0.075,0.419,-0.37,-0.402,0
BDC,8729,0.534,5.164,0.224,0.385,0.432,1.011,0.43,0.958,1.029,-1.343,-0.31,-0.149,-0.102,0.477,-0.105,0.423,0.494,0
BDN,4006,-0.364,4.907,0.325,-0.143,0.185,-0.152,0.0,-0.849,-0.366,-3.805,0.689,0.221,0.549,0.212,0.364,-0.485,-0.002,0
BDX,8867,0.064,3.297,0.631,0.289,0.103,-0.22,0.41,0.13,0.329,-1.37,0.567,0.224,0.038,-0.285,0.346,0.066,0.265,0
BE,8864,0.403,12.643,0.204,0.353,0.0,0.553,-0.566,-0.595,-2.714,-9.886,-0.198,-0.049,-0.403,0.15,-0.969,-0.997,-3.117,2
BEAM,8867,-0.831,9.883,-0.385,-0.511,-0.865,-1.366,-1.006,-2.555,-2.821,-3.289,0.446,0.32,-0.033,-0.535,-0.175,-1.724,-1.99,1
BELFB,4524,2.607,9.923,3.777,3.163,2.77,2.252,2.644,2.731,1.782,-1.126,1.17,0.556,0.163,-0.355,0.037,0.124,-0.825,0
BEN,8867,0.041,4.367,0.229,0.0,-0.36,-0.355,0.346,0.075,-0.017,-0.883,0.188,-0.041,-0.401,-0.396,0.305,0.035,-0.058,0
BEP,8435,0.0,4.546,-0.044,-0.117,0.336,0.173,-0.412,0.865,-0.089,-1.059,-0.044,-0.117,0.336,0.173,-0.412,0.865,-0.089,0
BEPC,8867,-0.095,4.84,0.074,-0.381,0.137,0.103,-0.631,-0.385,0.878,-1.571,0.169,-0.286,0.232,0.198,-0.536,-0.29,0.973,0
BFAM,8867,-0.114,5.266,-0.597,-0.282,-0.091,0.023,-0.351,0.156,0.205,-1.672,-0.484,-0.169,0.023,0.137,-0.237,0.27,0.319,0
BFH,7537,0.423,6.689,0.38,0.375,0.353,0.09,0.606,0.882,1.211,-2.723,-0.043,-0.048,-0.07,-0.333,0.183,0.459,0.788,0
BG,8867,0.195,4.168,0.523,0.158,-0.062,-0.01,-0.11,0.394,0.509,0.208,0.328,-0.037,-0.258,-0.206,-0.306,0.199,0.313,0
BGC,5141,0.239,4.949,0.563,0.314,0.305,0.402,0.506,0.115,0.504,-0.503,0.324,0.076,0.066,0.163,0.267,-0.123,0.266,0
BGS,6967,-0.623,6.728,-0.243,-0.599,-0.431,-0.887,-0.614,-1.22,0.0,-3.207,0.38,0.024,0.192,-0.263,0.009,-0.597,0.623,0
BHC,8280,-0.339,8.98,-0.44,-0.176,-0.241,-0.287,-0.499,-0.077,0.27,-3.795,-0.1,0.163,0.099,0.052,-0.16,0.263,0.61,2
BHE,5207,0.719,6.327,1.007,0.778,0.713,1.102,0.598,1.78,1.849,-2.542,0.288,0.059,-0.006,0.383,-0.121,1.061,1.13,0
BHF,8861,0.154,5.569,0.603,0.137,-0.022,-0.092,0.247,0.335,-0.177,-0.632,0.449,-0.017,-0.176,-0.246,0.092,0.18,-0.332,0
BHVN,8829,0.267,11.187,0.349,0.71,-0.16,-0.007,0.994,0.293,0.496,-1.292,0.082,0.443,-0.427,-0.274,0.728,0.027,0.229,1
BIIB,8860,-0.146,4.487,0.18,-0.149,-0.116,-0.337,-0.41,-0.553,-0.917,-1.038,0.326,-0.002,0.031,-0.191,-0.264,-0.407,-0.771,0
BILL,8867,-0.027,9.639,0.47,0.244,-0.026,-0.097,-0.417,-0.679,-0.55,-10.759,0.497,0.27,0.0,-0.07,-0.39,-0.653,-0.524,2
BIO,8860,-0.076,5.187,0.1,0.335,-0.135,-0.213,0.553,-0.023,-0.959,-1.711,0.176,0.411,-0.059,-0.137,0.629,0.053,-0.883,0
BIP,8732,0.22,3.966,-0.225,0.389,0.356,0.285,-0.1,0.564,-0.341,-3.746,-0.445,0.168,0.135,0.065,-0.32,0.344,-0.561,2
BIPC,8845,0.322,4.28,-0.215,0.408,0.326,0.192,0.112,0.556,0.421,-0.845,-0.537,0.086,0.004,-0.131,-0.21,0.233,0.099,0
BIRK,4864,0.17,6.313,0.113,0.253,0.457,-0.033,0.594,1.312,1.852,-4.069,-0.058,0.083,0.286,-0.203,0.424,1.142,1.682,0
BJ,8867,0.388,4.012,0.974,0.682,0.438,0.091,0.869,0.398,0.519,-1.664,0.586,0.294,0.05,-0.297,0.481,0.01,0.131,0
BJRI,8317,-0.062,6.574,-0.077,0.325,0.369,0.026,-0.37,-1.016,1.977,-3.12,-0.016,0.387,0.43,0.087,-0.308,-0.954,2.038,2
BKD,6028,0.262,5.991,1.361,0.0,0.22,-0.517,0.195,-0.097,-0.241,-0.85,1.098,-0.262,-0.043,-0.779,-0.067,-0.359,-0.504,0
BKE,8802,0.142,4.923,-0.421,0.503,0.305,0.144,0.092,-0.341,-0.22,-5.014,-0.563,0.361,0.164,0.002,-0.05,-0.483,-0.362,2
BKH,8844,0.167,3.086,0.654,0.403,0.473,0.116,0.449,0.158,-0.11,-0.828,0.487,0.236,0.306,-0.051,0.282,-0.01,-0.277,0
BKKT,5187,-4.661,22.889,-3.979,-6.579,-3.485,-3.108,-5.375,-2.849,0.626,-3.056,0.682,-1.918,1.176,1.552,-0.715,1.811,5.286,3
BKNG,8867,0.567,4.573,0.67,0.619,0.489,0.341,1.229,0.035,0.715,-1.335,0.103,0.053,-0.078,-0.226,0.663,-0.532,0.149,0
BKR,8867,0.56,5.087,1.098,0.882,0.786,0.234,0.989,1.12,0.136,-1.306,0.537,0.322,0.226,-0.326,0.428,0.559,-0.424,0
BKSY,4012,0.0,18.6,-3.066,-1.926,-0.187,-0.083,-4.283,-0.05,-4.725,-11.679,-3.066,-1.926,-0.187,-0.083,-4.283,-0.05,-4.725,3
BKU,8836,0.174,5.509,0.116,0.472,0.0,-0.287,0.113,-0.05,1.053,-4.535,-0.058,0.298,-0.174,-0.461,-0.061,-0.224,0.88,0
BL,8862,-0.274,6.162,0.901,-0.491,-0.06,-0.742,0.359,-0.363,0.128,-1.489,1.175,-0.218,0.214,-0.469,0.633,-0.09,0.402,0
BLBD,5777,0.636,10.129,1.661,1.008,0.419,0.637,2.265,0.608,0.08,-2.504,1.025,0.371,-0.218,0.0,1.629,-0.029,-0.556,1
BLCO,5363,-0.262,6.29,1.523,0.152,-0.366,-1.09,0.813,0.0,-0.875,0.401,1.784,0.413,-0.105,-0.829,1.075,0.262,-0.613,1
BLD,8636,0.468,5.857,-0.581,0.605,0.466,0.509,0.026,0.942,0.646,-2.419,-1.049,0.137,-0.003,0.041,-0.442,0.473,0.177,2
BLDP,3143,-1.539,8.806,-0.273,-1.073,-2.14,-2.486,0.494,-2.262,-2.381,-0.957,1.266,0.466,-0.601,-0.947,2.033,-0.724,-0.842,1
BLDR,8867,0.354,6.354,-0.989,0.601,0.967,0.944,-0.46,-0.895,-0.338,-1.449,-1.343,0.247,0.613,0.59,-0.814,-1.249,-0.692,2
BLFS,7294,-0.304,9.761,0.898,0.344,-0.743,-0.551,2.116,-0.965,-0.646,-5.482,1.203,0.648,-0.439,-0.246,2.421,-0.66,-0.342,1
BLK,8867,0.255,3.853,-0.585,0.281,0.157,0.288,-0.45,0.185,0.858,-1.841,-0.839,0.026,-0.097,0.034,-0.705,-0.069,0.604,2
BLKB,8315,-0.179,5.536,-0.053,0.117,-0.276,-0.415,-0.145,-0.38,-0.897,-1.721,0.126,0.296,-0.097,-0.236,0.034,-0.201,-0.718,0
BLMN,8862,-0.623,7.494,1.309,-0.545,-0.841,-0.89,0.631,-1.475,-0.775,-4.648,1.932,0.079,-0.218,-0.266,1.255,-0.852,-0.152,1
BMBL,7296,-0.984,8.927,-0.051,-0.655,-1.639,-1.55,0.146,-0.515,-0.822,-3.498,0.933,0.329,-0.656,-0.567,1.129,0.469,0.162,1
BMI,8339,0.188,4.876,0.425,0.343,0.462,0.087,0.561,-0.301,0.021,-2.667,0.237,0.156,0.275,-0.101,0.373,-0.489,-0.167,0
BMO,8867,0.464,3.111,-0.041,0.427,0.43,0.698,0.304,0.585,0.743,-2.712,-0.505,-0.037,-0.034,0.234,-0.16,0.121,0.279,0
BMRN,8864,-0.103,4.335,0.368,-0.042,0.0,-0.357,0.416,-0.227,0.269,-2.854,0.471,0.061,0.104,-0.254,0.519,-0.124,0.372,0
BMY,8867,0.033,3.398,0.02,0.2,0.166,-0.085,-0.067,0.192,-1.236,-0.622,-0.013,0.167,0.133,-0.118,-0.1,0.159,-1.268,0
BN,6325,0.51,4.231,0.158,0.585,0.836,0.29,0.221,0.73,0.02,-2.521,-0.352,0.075,0.326,-0.22,-0.289,0.22,-0.49,0
BNL,8796,0.062,3.216,0.229,0.101,0.0,0.185,0.054,0.056,-0.414,-2.256,0.167,0.039,-0.062,0.123,-0.007,-0.006,-0.476,0
BNS,8867,0.286,2.803,-0.168,0.186,0.419,0.389,-0.194,0.225,0.463,-1.676,-0.454,-0.1,0.132,0.103,-0.48,-0.062,0.176,0
BOH,8684,-0.063,4.833,0.61,0.071,0.016,-0.583,0.258,-0.04,0.76,-2.541,0.673,0.135,0.079,-0.52,0.321,0.023,0.824,0
BOKF,8289,0.251,4.073,0.227,0.282,0.287,0.156,0.727,0.382,0.542,-3.463,-0.024,0.03,0.036,-0.096,0.475,0.131,0.291,0
BOOT,8867,0.369,6.739,0.954,0.378,-0.43,-0.055,0.97,0.186,1.112,-1.36,0.585,0.009,-0.799,-0.424,0.601,-0.183,0.743,0
BORR,3709,-0.155,7.477,0.482,-0.145,1.121,-1.031,0.558,4.296,-0.297,-0.845,0.637,0.01,1.276,-0.876,0.713,4.451,-0.142,0
BOX,8867,0.031,4.756,0.161,0.015,0.196,0.243,0.308,-0.092,0.131,-0.344,0.13,-0.016,0.165,0.212,0.277,-0.123,0.1,0
BPOP,8860,0.472,4.102,0.756,0.556,0.473,0.012,0.351,0.613,-0.726,-1.032,0.284,0.085,0.002,-0.459,-0.121,0.141,-1.198,0
BR,8867,0.099,3.285,0.029,-0.074,0.176,0.052,0.029,0.087,0.019,0.128,-0.069,-0.173,0.077,-0.047,-0.069,-0.011,-0.08,0
BRBR,8810,0.434,6.556,-0.227,0.426,0.236,-0.078,0.118,0.192,-0.162,-2.785,-0.661,-0.009,-0.198,-0.512,-0.317,-0.242,-0.596,2
BRC,7759,0.149,3.751,1.014,0.262,-0.181,0.096,0.965,0.533,-0.172,-1.376,0.865,0.113,-0.33,-0.053,0.816,0.384,-0.321,0
BRKR,8867,0.177,5.889,0.272,0.233,0.352,-0.334,0.435,0.014,-0.256,-3.899,0.095,0.056,0.175,-0.511,0.258,-0.163,-0.434,0
BRO,8867,0.477,3.444,0.367,0.521,0.693,0.283,0.415,0.654,0.293,-0.532,-0.11,0.044,0.216,-0.194,-0.062,0.177,-0.183,0
BROS,8508,-0.14,9.287,0.118,-0.462,-0.574,-0.158,-0.843,-0.29,-0.676,-3.321,0.258,-0.322,-0.433,-0.017,-0.703,-0.15,-0.535,2
BRSP,4717,-0.535,6.051,0.331,-0.96,-0.766,0.0,-0.23,-0.736,-0.904,-1.179,0.866,-0.425,-0.231,0.535,0.305,-0.201,-0.368,0
BRX,8867,0.261,3.315,0.827,0.36,0.059,0.077,0.622,-0.364,0.417,0.468,0.566,0.099,-0.202,-0.184,0.362,-0.625,0.156,0
BRZE,8149,0.029,9.032,0.214,-0.251,0.159,0.091,-0.709,-0.196,1.209,-2.587,0.185,-0.279,0.131,0.062,-0.738,-0.225,1.18,2
BSM,7042,0.452,4.18,0.933,0.696,0.393,0.114,0.708,0.644,0.594,-3.602,0.481,0.244,-0.059,-0.338,0.256,0.192,0.142,0
BSX,8867,0.272,3.605,0.765,0.539,0.328,0.065,0.425,0.159,0.92,-1.037,0.492,0.267,0.055,-0.208,0.152,-0.113,0.648,0
BSY,8867,-0.077,5.024,-0.428,0.075,-0.153,-0.438,0.185,-0.073,-0.507,-0.709,-0.352,0.151,-0.076,-0.361,0.262,0.004,-0.43,0
BTDR,4437,0.268,17.179,0.164,0.283,0.35,-2.551,-0.01,0.872,1.595,-6.583,-0.104,0.015,0.082,-2.819,-0.278,0.604,1.326,1
BTSG,4190,1.473,6.324,0.928,1.246,0.871,1.76,0.727,0.994,1.441,3.506,-0.545,-0.227,-0.602,0.287,-0.746,-0.479,-0.032,0
BTU,8867,0.073,8.951,-0.126,-0.272,0.466,0.216,-0.575,0.085,1.26,-3.679,-0.198,-0.345,0.393,0.144,-0.647,0.012,1.187,2
BUR,5379,-0.578,8.624,0.037,-0.749,-0.764,-0.659,-0.232,-0.598,-1.29,-2.695,0.616,-0.171,-0.186,-0.081,0.346,-0.019,-0.712,1
BURL,8867,0.345,6.047,-1.072,0.918,0.732,0.328,-0.552,-0.061,0.179,-0.79,-1.418,0.573,0.386,-0.017,-0.897,-0.406,-0.166,2
BUSE,4643,0.344,5.404,1.044,0.304,0.192,-0.04,0.153,0.447,-0.742,-5.945,0.7,-0.04,-0.152,-0.385,-0.191,0.103,-1.086,0
BV,4232,0.13,7.336,0.957,0.291,0.0,-0.59,0.148,1.386,-1.325,0.619,0.827,0.161,-0.13,-0.72,0.017,1.255,-1.455,0
BWA,8867,0.203,4.718,0.334,0.348,0.234,0.145,0.939,0.524,0.399,-2.06,0.131,0.144,0.031,-0.058,0.736,0.321,0.196,0
BWIN,3772,-0.151,8.276,-0.751,0.141,-0.575,-0.395,0.476,-1.179,0.644,-0.854,-0.601,0.292,-0.424,-0.244,0.626,-1.029,0.794,0
BWXT,8863,0.345,4.473,0.374,0.159,0.24,0.606,0.191,0.401,-0.128,-2.459,0.029,-0.186,-0.105,0.261,-0.154,0.056,-0.473,0
BX,8867,0.28,5.577,-0.137,0.437,0.347,0.249,-0.139,0.352,0.272,-2.183,-0.417,0.157,0.067,-0.031,-0.419,0.072,-0.008,2
BXC,6336,0.222,9.645,-0.221,0.047,1.073,0.478,0.096,0.262,-0.426,-0.036,-0.443,-0.175,0.851,0.255,-0.127,0.04,-0.648,2
BXMT,8867,0.0,3.815,0.167,0.323,-0.162,-0.127,0.344,-0.36,0.438,-0.331,0.167,0.323,-0.162,-0.127,0.344,-0.36,0.438,0
BXP,8867,-0.15,4.51,1.203,-0.028,-0.572,-0.161,0.912,-0.235,0.087,-3.998,1.353,0.122,-0.421,-0.011,1.063,-0.085,0.237,1
BXSL,7866,0.03,2.858,0.758,0.204,0.0,0.032,0.425,0.031,0.185,-0.039,0.728,0.174,-0.03,0.002,0.395,0.001,0.155,0
BYD,8867,0.306,4.161,0.893,0.583,0.323,-0.121,0.696,0.155,-0.317,-0.266,0.587,0.277,0.016,-0.427,0.389,-0.152,-0.623,0
BYND,5952,-2.423,10.726,-0.785,-2.479,-3.185,-2.997,-1.142,-4.622,0.878,-2.024,1.639,-0.056,-0.761,-0.574,1.281,-2.199,3.301,1
BYRN,3464,-1.087,13.796,-0.888,-2.759,-0.4,-2.815,-1.457,-2.452,-0.735,-11.606,0.199,-1.672,0.687,-1.728,-0.37,-1.365,0.352,3
BZH,7024,0.229,8.183,-0.087,0.537,0.663,0.526,0.341,0.251,-0.913,-3.145,-0.316,0.308,0.434,0.297,0.112,0.022,-1.142,2
C,8867,0.351,4.223,0.071,0.047,0.522,0.41,-0.012,0.616,1.052,-0.707,-0.28,-0.304,0.17,0.058,-0.363,0.264,0.701,0
CABO,8363,-1.091,8.154,-0.637,-1.255,-0.789,-1.373,-1.21,-1.271,-1.661,-5.836,0.454,-0.164,0.302,-0.282,-0.119,-0.18,-0.57,2
CACC,8426,0.04,5.768,0.369,0.391,-0.153,-0.119,1.095,0.088,-0.181,-0.488,0.329,0.351,-0.194,-0.16,1.055,0.048,-0.221,0
CACI,8826,0.444,4.035,0.234,0.187,0.401,0.745,0.289,0.507,-0.136,-0.751,-0.21,-0.257,-0.043,0.301,-0.154,0.063,-0.58,0
CAE,7355,0.124,5.423,-0.13,0.334,0.133,-0.165,-0.186,0.517,0.897,-4.08,-0.255,0.21,0.009,-0.289,-0.31,0.393,0.772,2
CAG,8867,-0.246,3.17,0.045,-0.276,-0.205,-0.165,-0.112,-0.628,-0.124,-1.585,0.291,-0.03,0.04,0.08,0.134,-0.382,0.121,0
CAH,8867,0.409,3.676,1.09,0.37,0.08,0.345,0.976,0.775,0.273,-1.67,0.682,-0.039,-0.329,-0.064,0.567,0.366,-0.136,0
CAKE,8867,0.192,5.518,1.261,0.249,0.186,-0.198,0.394,-0.448,1.531,-3.229,1.069,0.057,-0.005,-0.39,0.202,-0.64,1.34,0
CAL,8476,-0.092,7.611,0.83,0.472,-0.393,-0.383,0.74,0.614,1.225,-0.667,0.922,0.565,-0.301,-0.291,0.832,0.706,1.317,1
CALM,8733,0.498,4.544,0.626,0.609,0.932,0.525,0.953,0.823,0.669,-1.593,0.128,0.112,0.434,0.028,0.456,0.326,0.172,0
CALX,8843,0.08,7.054,-0.317,0.225,0.215,0.139,-0.158,-0.159,0.529,-0.082,-0.397,0.145,0.135,0.059,-0.238,-0.239,0.449,0
CAMT,7106,0.956,8.427,1.312,1.132,1.128,0.438,2.032,1.186,0.29,-3.631,0.356,0.176,0.172,-0.518,1.077,0.23,-0.666,0
CAPR,3286,-1.6,17.184,-0.158,-1.137,-2.157,-1.405,0.822,-2.611,5.953,-2.095,1.442,0.463,-0.557,0.195,2.422,-1.011,7.553,1
CAR,8866,-0.027,12.13,-1.419,0.066,0.138,0.465,-1.166,0.133,-1.28,-6.449,-1.392,0.093,0.165,0.492,-1.139,0.16,-1.253,2
CARG,8867,0.265,6.988,1.202,0.489,-0.259,0.278,0.667,0.167,0.69,-3.56,0.937,0.224,-0.524,0.014,0.402,-0.098,0.425,1
CARR,8867,0.131,4.494,-0.022,0.198,0.355,0.144,-0.263,0.099,0.393,-2.341,-0.153,0.067,0.224,0.013,-0.394,-0.032,0.262,0
CARS,6818,0.501,7.266,-0.636,1.064,0.974,0.577,-0.479,-0.802,0.571,-6.799,-1.137,0.564,0.473,0.076,-0.98,-1.303,0.071,2
CART,4981,0.515,5.843,-0.076,0.701,0.678,0.569,-0.058,0.774,-1.067,0.065,-0.591,0.186,0.163,0.054,-0.573,0.259,-1.582,2
CASH,7295,0.508,5.133,0.468,0.355,0.575,0.52,0.217,1.527,-0.53,-4.357,-0.04,-0.153,0.067,0.012,-0.291,1.019,-1.038,2
CASY,8866,0.37,3.676,0.583,0.598,0.424,0.406,0.638,-0.32,-0.366,0.108,0.213,0.227,0.054,0.036,0.268,-0.691,-0.736,0
CAT,8867,0.484,4.508,0.647,0.162,0.511,0.494,0.423,0.674,1.137,0.01,0.163,-0.322,0.027,0.01,-0.061,0.19,0.653,0
CATY,8246,0.2,4.213,0.571,0.231,-0.046,-0.294,0.367,-0.048,0.738,0.713,0.372,0.032,-0.246,-0.494,0.167,-0.248,0.539,0
CAVA,5434,0.675,8.405,-2.319,0.993,1.509,0.731,-0.921,0.147,0.994,1.512,-2.994,0.318,0.834,0.056,-1.596,-0.528,0.319,2
CB,8867,0.333,2.684,1.069,0.371,0.263,0.111,0.728,0.273,0.227,-0.768,0.736,0.039,-0.069,-0.222,0.395,-0.06,-0.106,0
CBOE,8867,0.487,3.324,1.115,0.691,0.433,0.257,1.312,0.209,0.21,-2.194,0.628,0.204,-0.055,-0.23,0.825,-0.278,-0.277,0
CBRE,8867,0.537,4.26,0.194,0.789,0.497,0.165,0.869,0.844,0.421,0.392,-0.343,0.252,-0.04,-0.372,0.332,0.307,-0.116,0
CBRL,8867,-0.566,6.936,-0.394,-0.639,-0.266,0.195,-0.426,-0.984,-2.666,-3.251,0.172,-0.073,0.3,0.761,0.14,-0.417,-2.099,2
CBSH,8866,0.186,3.259,-0.393,0.365,0.299,0.021,-0.077,-0.392,-0.011,-1.038,-0.579,0.179,0.113,-0.166,-0.264,-0.578,-0.198,0
CBT,8818,0.192,4.53,0.493,0.409,-0.066,0.187,0.358,0.413,0.431,-3.046,0.301,0.217,-0.258,-0.005,0.166,0.22,0.238,0
CBU,7915,-0.086,4.498,-0.082,-0.049,-0.052,-0.594,-0.445,0.015,-0.49,-5.114,0.004,0.037,0.034,-0.507,-0.358,0.102,-0.403,0
CBZ,7996,0.696,5.489,0.204,1.003,0.681,0.389,0.826,-0.26,1.065,-2.776,-0.492,0.307,-0.015,-0.307,0.13,-0.956,0.369,0
CC,8867,-0.172,7.949,-0.326,-0.033,0.0,-0.123,-0.413,-0.308,-0.35,-2.708,-0.154,0.139,0.172,0.049,-0.241,-0.136,-0.178,2
CCB,3146,0.725,10.117,1.204,1.639,0.966,1.066,0.776,0.501,4.138,-0.669,0.479,0.914,0.241,0.341,0.051,-0.224,3.413,0
CCCC,3131,-1.427,14.964,0.449,-2.768,-2.252,-1.008,-2.459,-0.853,-0.864,-4.444,1.876,-1.341,-0.824,0.419,-1.032,0.575,0.563,3
CCEP,8867,0.362,3.165,0.699,0.474,0.369,0.283,0.572,0.038,0.0,-1.453,0.337,0.112,0.007,-0.079,0.21,-0.324,-0.362,0
CCI,8867,-0.356,3.853,-0.557,-0.271,-0.009,-0.212,-0.571,-0.594,0.125,-2.869,-0.201,0.085,0.347,0.144,-0.215,-0.237,0.481,2
CCJ,8867,0.763,6.937,0.574,1.045,0.854,0.765,0.042,-0.05,-0.662,-4.75,-0.189,0.283,0.091,0.002,-0.721,-0.813,-1.424,2
CCK,8867,0.221,4.062,0.656,0.155,-0.115,-0.146,0.656,0.202,0.38,-2.396,0.436,-0.066,-0.335,-0.366,0.435,-0.018,0.159,0
CCL,8867,-0.055,7.824,-0.615,-0.168,0.217,0.067,-0.134,-0.52,-1.199,-2.18,-0.56,-0.113,0.272,0.122,-0.079,-0.465,-1.144,2
CCOI,8809,-0.137,7.121,-0.275,-0.277,-0.38,-0.103,0.346,-0.605,0.463,-0.878,-0.138,-0.14,-0.243,0.034,0.483,-0.468,0.6,0
CCRN,6547,0.0,9.117,-0.256,-0.241,0.348,-0.404,-0.848,0.089,-0.221,1.733,-0.256,-0.241,0.348,-0.404,-0.848,0.089,-0.221,2
CCS,8647,-0.019,5.707,0.167,0.152,-0.152,-0.433,0.557,0.822,-0.106,-4.633,0.186,0.172,-0.132,-0.414,0.576,0.841,-0.087,0
CCSI,3429,-0.389,12.449,0.299,-0.118,-0.795,-0.941,2.572,0.186,-2.63,-9.474,0.687,0.27,-0.406,-0.552,2.961,0.574,-2.242,1
CDE,4854,0.658,9.514,0.539,0.893,1.39,1.624,-0.35,2.368,-0.31,-0.468,-0.119,0.235,0.732,0.967,-1.008,1.71,-0.967,2
CDNA,8357,-0.101,11.004,0.392,0.092,-0.608,-0.598,0.776,0.083,-2.671,-3.096,0.493,0.192,-0.507,-0.497,0.877,0.184,-2.57,1
CDNS,8867,0.233,4.861,0.373,0.219,0.094,-0.087,0.619,0.108,0.668,-1.633,0.14,-0.014,-0.14,-0.32,0.386,-0.125,0.434,0
CDP,4975,0.225,2.95,0.471,0.537,0.098,0.016,0.555,-0.38,-0.08,-0.25,0.246,0.312,-0.127,-0.209,0.33,-0.605,-0.305,0
CDRE,4329,1.005,8.241,0.242,1.532,1.788,0.676,0.0,0.743,3.108,-3.213,-0.763,0.527,0.783,-0.329,-1.005,-0.263,2.102,2
CDW,8867,0.207,4.621,0.384,0.265,0.086,0.391,-0.228,0.511,0.923,-2.097,0.176,0.058,-0.122,0.184,-0.435,0.304,0.716,0
CE,8867,0.069,6.322,-0.053,0.411,0.396,0.0,0.033,0.088,-0.186,-3.057,-0.122,0.342,0.327,-0.069,-0.036,0.019,-0.255,2
CECO,4368,1.455,8.533,2.122,2.145,1.642,0.858,1.37,1.668,0.476,-4.163,0.667,0.69,0.186,-0.598,-0.085,0.212,-0.979,0
CEG,7834,0.747,6.865,1.933,0.322,0.397,0.861,1.389,0.979,0.55,-5.888,1.186,-0.425,-0.349,0.114,0.642,0.232,-0.197,1
CELH,8867,0.412,9.502,0.581,0.33,-0.917,0.386,0.017,0.391,-1.352,-10.282,0.169,-0.082,-1.329,-0.026,-0.395,-0.021,-1.764,1
CENTA,6307,0.029,4.921,0.548,0.481,-0.217,-0.178,0.636,0.031,0.74,-4.861,0.519,0.452,-0.246,-0.207,0.607,0.002,0.711,0
CENX,8783,0.579,10.099,0.856,0.828,0.628,0.168,0.225,-0.318,1.137,-2.031,0.276,0.248,0.048,-0.412,-0.355,-0.897,0.558,2
CERT,8542,-0.399,8.489,-1.333,0.057,-0.209,-0.553,-0.902,-0.672,-0.948,-3.641,-0.934,0.456,0.19,-0.153,-0.502,-0.273,-0.549,2
CEVA,4021,0.277,10.421,2.177,0.509,-1.061,0.642,1.745,2.256,-0.452,-6.991,1.9,0.232,-1.338,0.365,1.468,1.979,-0.729,1
CF,8867,0.36,5.029,1.004,0.364,0.106,-0.065,1.011,0.496,0.03,-0.869,0.644,0.003,-0.255,-0.426,0.651,0.136,-0.331,0
CFFN,4717,-0.148,5.438,-0.17,-0.384,-0.649,-0.42,-0.461,-0.192,-0.468,-2.736,-0.022,-0.235,-0.5,-0.272,-0.312,-0.044,-0.32,0
CFG,8867,0.418,4.74,0.313,0.533,0.368,0.443,0.137,-0.441,1.25,-2.558,-0.105,0.115,-0.05,0.025,-0.281,-0.859,0.832,0
CFLT,8230,0.163,10.431,1.117,0.395,-0.171,-0.357,0.627,0.15,0.109,-3.591,0.954,0.232,-0.334,-0.52,0.464,-0.013,-0.054,1
CFR,8865,0.34,4.03,0.771,0.387,0.487,0.259,0.563,0.465,0.675,-1.492,0.431,0.047,0.147,-0.081,0.223,0.126,0.336,0
CG,8867,0.416,5.606,1.013,0.386,0.028,-0.025,0.658,-0.381,0.862,-2.666,0.597,-0.03,-0.389,-0.441,0.242,-0.797,0.445,0
CGAU,3301,1.624,8.777,2.866,1.91,0.812,0.858,1.209,2.797,2.482,0.156,1.242,0.286,-0.812,-0.766,-0.415,1.173,0.858,0
CGBD,4540,-0.065,4.082,0.802,0.359,-0.217,-0.101,0.576,-0.012,1.241,-2.187,0.867,0.423,-0.153,-0.036,0.641,0.053,1.305,0
CGC,4860,-3.694,14.559,-4.209,-3.512,-3.207,-3.03,-4.159,-5.281,0.948,-1.901,-0.516,0.182,0.486,0.663,-0.465,-1.587,4.641,3
CGEM,4044,-0.966,13.815,1.569,-0.881,-2.341,-1.292,-1.523,-3.6,-4.853,-5.763,2.535,0.085,-1.375,-0.326,-0.557,-2.634,-3.888,1
CGNX,8867,0.075,6.069,0.234,0.406,0.104,-0.206,0.339,-0.166,0.415,-1.079,0.16,0.332,0.03,-0.281,0.264,-0.241,0.34,0
CGON,4329,1.015,8.97,1.583,1.112,1.491,0.822,1.474,1.602,1.951,1.658,0.568,0.097,0.476,-0.193,0.459,0.587,0.936,0
CHCO,3943,0.271,4.471,1.864,0.447,-0.195,0.546,1.99,0.138,-0.346,-0.923,1.593,0.175,-0.467,0.275,1.718,-0.133,-0.618,1
CHCT,3240,-0.8,6.636,0.261,-0.623,-1.287,-1.613,0.213,-0.364,0.058,-4.663,1.061,0.177,-0.487,-0.813,1.013,0.436,0.858,1
CHD,8867,0.113,2.732,0.468,0.108,-0.014,0.108,0.054,0.202,0.364,-1.002,0.355,-0.005,-0.127,-0.005,-0.058,0.089,0.251,0
CHDN,8867,-0.024,4.443,0.593,0.021,-0.26,-0.186,0.853,-0.106,0.076,-0.422,0.617,0.046,-0.236,-0.162,0.877,-0.082,0.1,0
CHE,8597,0.118,3.448,0.715,0.208,-0.071,-0.108,0.567,0.009,-0.252,-0.18,0.597,0.09,-0.189,-0.226,0.449,-0.109,-0.37,0
CHEF,7974,0.74,6.352,0.45,1.252,0.656,0.851,1.226,0.919,1.265,-0.721,-0.29,0.513,-0.084,0.111,0.487,0.179,0.526,0
CHH,8864,0.201,3.892,0.749,0.063,0.237,0.075,0.434,0.29,0.224,-0.775,0.548,-0.138,0.036,-0.125,0.233,0.089,0.023,0
CHKP,8867,0.339,3.792,0.685,0.644,0.308,0.099,0.944,0.185,0.654,-1.917,0.346,0.305,-0.031,-0.24,0.604,-0.155,0.314,0
CHPT,7985,-1.871,11.254,-0.964,-1.689,-2.212,-1.427,-0.747,-2.269,-1.387,-5.738,0.907,0.182,-0.341,0.444,1.124,-0.398,0.484,1
CHRD,7106,0.311,4.931,0.575,0.504,0.416,0.33,0.169,0.93,-0.143,0.897,0.264,0.193,0.105,0.019,-0.142,0.619,-0.454,0
CHRW,8867,0.204,4.61,1.079,0.281,-0.054,0.293,0.832,-0.077,-0.488,-1.088,0.875,0.078,-0.258,0.089,0.628,-0.281,-0.692,0
CHTR,8867,-0.279,5.909,-0.703,-0.024,-0.228,-0.208,-0.931,-0.124,-0.082,-1.52,-0.424,0.254,0.051,0.07,-0.652,0.154,0.196,2
CHWY,8867,-0.753,8.368,-0.815,-0.966,-0.246,-0.811,-0.942,-0.602,-1.0,-5.576,-0.061,-0.213,0.507,-0.058,-0.189,0.152,-0.247,2
CI,8867,0.276,3.835,1.007,0.608,0.246,0.087,0.791,0.235,0.087,-0.303,0.731,0.333,-0.03,-0.189,0.515,-0.041,-0.189,0
CIEN,8867,0.755,6.738,-0.335,0.752,0.406,0.771,0.185,0.88,-0.776,-0.571,-1.091,-0.004,-0.35,0.016,-0.57,0.125,-1.531,2
CIGI,7816,0.262,5.037,-0.431,-0.163,0.618,0.488,-0.23,0.024,-0.235,0.899,-0.693,-0.426,0.355,0.226,-0.492,-0.238,-0.497,2
CIM,8316,-0.391,5.172,-0.198,-0.703,0.0,-0.157,-0.5,-0.625,-0.42,-6.399,0.193,-0.312,0.391,0.234,-0.109,-0.234,-0.029,2
CINF,8867,0.267,3.408,0.834,0.54,0.396,0.117,0.482,0.337,0.269,0.315,0.568,0.273,0.129,-0.15,0.215,0.07,0.003,0
CL,8867,0.109,2.524,0.092,0.035,0.18,0.111,-0.055,0.003,0.117,-1.341,-0.016,-0.074,0.071,0.002,-0.163,-0.106,0.009,0
CLB,6966,-0.278,8.564,0.41,-0.174,-0.449,-1.207,0.439,-1.817,1.662,-6.898,0.688,0.104,-0.171,-0.929,0.717,-1.539,1.94,1
CLBT,5178,0.303,8.269,0.685,0.557,0.52,1.515,0.71,1.333,-1.304,-1.406,0.383,0.254,0.218,1.213,0.408,1.031,-1.607,0
CLDX,8762,-0.149,8.229,0.69,-0.642,-0.267,-0.322,0.114,-0.081,1.313,-2.659,0.839,-0.492,-0.118,-0.172,0.264,0.068,1.463,0
CLF,8867,-0.119,8.464,-1.006,0.582,0.164,0.336,-0.175,1.035,-2.066,-2.939,-0.887,0.701,0.282,0.455,-0.056,1.154,-1.947,2
CLFD,5805,0.1,10.649,-1.029,-0.722,0.16,0.532,-1.102,1.131,-0.633,-7.296,-1.128,-0.821,0.06,0.433,-1.202,1.032,-0.733,3
CLH,8863,0.612,3.748,0.987,0.71,0.66,0.664,0.962,0.621,0.481,0.178,0.375,0.098,0.048,0.052,0.35,0.009,-0.131,0
CLMT,4577,0.769,12.746,1.016,0.307,0.957,0.438,-0.174,1.273,-4.825,-2.027,0.246,-0.462,0.187,-0.332,-0.944,0.504,-5.595,2
CLS,7657,1.757,8.682,2.04,2.687,1.912,0.843,2.358,1.186,1.078,0.404,0.283,0.93,0.155,-0.913,0.601,-0.571,-0.679,0
CLSK,6613,-0.862,15.08,-1.855,-0.99,-1.6,0.319,-2.376,0.135,-3.868,-6.511,-0.993,-0.128,-0.738,1.18,-1.514,0.997,-3.006,3
CLVT,6226,-0.508,6.727,0.0,-0.66,-0.497,-0.422,0.0,-0.865,-3.761,-1.251,0.508,-0.152,0.011,0.085,0.508,-0.357,-3.254,0
CLW,4006,-0.498,9.614,0.483,-0.661,-0.596,-0.263,0.349,-1.317,1.128,-1.995,0.981,-0.163,-0.098,0.235,0.847,-0.819,1.626,1
CLX,8867,-0.209,3.704,0.085,-0.334,-0.277,-0.219,-0.481,-0.022,-0.529,-2.872,0.293,-0.125,-0.069,-0.011,-0.272,0.186,-0.32,0
CM,8867,0.484,3.105,0.067,0.395,0.634,0.665,-0.043,0.746,0.564,0.836,-0.417,-0.088,0.15,0.181,-0.527,0.263,0.08,0
CMC,8867,0.667,4.851,-0.43,1.383,0.772,0.348,-0.045,0.447,0.368,0.356,-1.098,0.715,0.104,-0.319,-0.712,-0.221,-0.299,2
CMCO,4398,-0.176,9.702,-1.336,0.604,0.382,-0.473,0.343,-1.187,-1.296,-5.075,-1.16,0.78,0.558,-0.297,0.519,-1.011,-1.12,2
CMCSA,8867,-0.126,3.564,0.0,0.106,-0.2,-0.179,0.073,0.0,0.221,-2.205,0.126,0.232,-0.074,-0.053,0.2,0.126,0.348,0
CME,8867,0.151,2.923,0.347,0.265,0.134,0.012,0.054,0.267,1.061,-0.901,0.197,0.115,-0.017,-0.139,-0.096,0.116,0.911,0
CMG,8867,0.201,4.857,-0.091,0.32,0.412,0.473,0.2,0.24,0.947,-1.428,-0.292,0.118,0.211,0.271,-0.002,0.039,0.746,0
CMI,8867,0.372,3.744,0.998,0.349,0.295,0.086,0.454,0.662,0.201,-0.175,0.626,-0.023,-0.077,-0.286,0.082,0.29,-0.171,0
CMP,8233,-0.055,8.048,0.049,0.694,-0.344,-0.663,0.854,-0.249,0.597,0.024,0.105,0.749,-0.289,-0.607,0.91,-0.193,0.652,1
CMPR,6529,0.1,8.638,-1.522,0.375,0.997,0.516,-1.4,-0.087,-0.766,-3.088,-1.623,0.275,0.897,0.416,-1.5,-0.188,-0.867,2
CMRE,6500,0.288,6.186,0.533,-0.266,-0.369,0.36,0.562,0.206,0.539,0.445,0.244,-0.554,-0.657,0.071,0.273,-0.082,0.251,0
CMS,8867,0.218,2.582,-0.064,0.477,0.507,0.234,-0.02,0.683,-0.742,-0.314,-0.282,0.259,0.289,0.015,-0.238,0.465,-0.96,0
CNA,7222,0.183,3.231,1.104,0.247,-0.082,0.043,0.642,0.0,0.836,-0.876,0.92,0.064,-0.266,-0.141,0.459,-0.183,0.653,0
CNC,8867,0.167,5.597,-0.028,0.271,0.066,0.184,0.169,-0.082,0.844,-4.817,-0.195,0.104,-0.101,0.017,0.002,-0.249,0.677,0
CNH,3811,-0.317,4.857,0.185,-0.399,-0.789,-0.625,0.191,-1.119,-0.605,0.538,0.502,-0.081,-0.471,-0.307,0.508,-0.802,-0.288,0
CNI,8867,0.068,2.985,0.476,0.063,-0.35,-0.069,0.446,0.113,0.466,-2.217,0.409,-0.004,-0.417,-0.136,0.379,0.046,0.398,0
CNK,8867,0.413,6.739,-1.05,0.408,0.589,0.637,0.0,-0.179,0.547,-1.519,-1.463,-0.005,0.176,0.224,-0.413,-0.592,0.134,2
CNM,8554,0.682,5.558,1.019,0.627,0.444,0.292,1.296,0.452,0.768,-0.358,0.337,-0.055,-0.238,-0.39,0.614,-0.23,0.086,0
CNMD,8847,-0.352,5.659,-0.277,-0.426,-0.196,-0.224,-0.223,-0.068,0.101,-2.27,0.075,-0.074,0.156,0.129,0.13,0.284,0.453,0
CNNE,7580,-0.044,5.302,-0.258,-0.191,-0.218,-0.387,-0.728,-0.051,0.131,-5.099,-0.214,-0.148,-0.175,-0.344,-0.685,-0.007,0.175,2
CNO,8852,0.542,3.721,1.408,0.637,0.488,0.321,0.896,0.484,0.517,0.312,0.867,0.095,-0.054,-0.22,0.354,-0.057,-0.024,0
CNOB,3895,0.178,7.67,0.031,0.036,-0.03,-0.135,0.15,-0.694,1.495,-5.849,-0.147,-0.141,-0.208,-0.313,-0.028,-0.871,1.317,2
CNP,8867,0.293,2.721,0.29,0.403,0.513,0.289,0.438,0.298,0.464,-0.499,-0.003,0.109,0.219,-0.005,0.144,0.005,0.171,0
CNQ,8867,0.674,4.89,1.492,0.689,0.212,0.759,0.783,1.077,1.451,-0.64,0.817,0.015,-0.463,0.084,0.109,0.403,0.777,0
CNR,4440,0.041,8.603,0.37,0.082,0.082,0.129,0.164,-1.525,-0.244,-0.082,0.329,0.041,0.041,0.087,0.123,-1.566,-0.286,0
CNS,7341,0.112,4.635,0.111,-0.043,-0.133,0.106,0.432,0.286,-0.798,-1.876,-0.001,-0.155,-0.245,-0.006,0.32,0.174,-0.91,0
CNX,8867,0.619,4.88,0.976,0.529,0.608,0.482,0.938,0.545,1.275,0.648,0.357,-0.09,-0.011,-0.137,0.32,-0.074,0.656,0
CNXC,8831,-0.231,6.375,-0.084,-0.524,-0.433,-0.414,0.067,0.061,0.936,-5.169,0.147,-0.293,-0.202,-0.183,0.298,0.292,1.167,0
COCO,6762,0.81,8.896,0.801,0.954,1.633,0.921,-0.024,0.813,2.365,0.293,-0.009,0.144,0.823,0.111,-0.834,0.004,1.555,2
CODI,5375,-0.375,9.268,-0.877,-0.518,-0.371,-0.608,-1.352,-1.004,1.458,-2.694,-0.502,-0.143,0.005,-0.233,-0.977,-0.629,1.833,2
COF,8867,0.165,4.893,0.488,0.27,0.022,-0.193,0.354,0.065,-0.359,-2.751,0.322,0.105,-0.143,-0.358,0.189,-0.1,-0.524,0
COGT,6142,0.331,11.205,2.929,0.287,-0.319,0.071,2.876,-0.567,0.415,-3.606,2.597,-0.044,-0.65,-0.26,2.545,-0.898,0.083,1
COHR,8509,0.547,9.184,0.373,0.758,0.786,0.385,0.291,-0.611,0.693,-2.35,-0.174,0.211,0.239,-0.162,-0.256,-1.158,0.146,2
COHU,7686,0.188,6.952,1.23,0.37,-0.05,-0.4,0.612,-0.083,0.877,-1.572,1.042,0.182,-0.238,-0.588,0.424,-0.271,0.689,1
COIN,8867,-0.527,12.279,-1.892,-0.053,-0.285,-0.12,-2.499,-1.379,-2.775,-2.433,-1.365,0.474,0.242,0.407,-1.972,-0.852,-2.248,2
COKE,7694,0.607,5.682,0.863,0.558,1.026,0.78,1.173,0.692,0.445,-1.816,0.256,-0.049,0.419,0.173,0.566,0.085,-0.163,0
COLB,8820,-0.067,5.084,0.479,0.034,-0.37,-0.577,0.461,-0.441,-0.188,-2.742,0.546,0.102,-0.303,-0.509,0.528,-0.374,-0.121,0
COLD,8867,-0.451,4.661,-0.311,-0.55,-0.657,-0.191,-0.231,-0.71,-0.717,-2.809,0.14,-0.099,-0.207,0.26,0.22,-0.259,-0.266,0
COLL,6912,0.284,6.587,0.658,0.346,0.304,0.084,0.353,0.361,0.625,-4.581,0.374,0.061,0.02,-0.2,0.069,0.077,0.341,0
COLM,8867,-0.211,4.217,0.441,-0.014,-0.294,-0.554,0.289,-0.705,-0.051,-2.957,0.652,0.197,-0.083,-0.343,0.499,-0.494,0.16,0
COMP,4965,-0.478,8.969,-0.133,-1.591,0.077,-0.806,0.437,0.351,0.791,-8.388,0.344,-1.113,0.555,-0.328,0.915,0.829,1.269,3
CON,3279,0.215,4.525,0.782,0.249,-0.097,0.215,0.75,0.731,0.942,-1.373,0.567,0.034,-0.313,0.0,0.535,0.516,0.727,0
COO,8867,-0.049,4.217,-0.624,0.052,0.353,0.047,-0.142,0.011,-0.368,-0.535,-0.575,0.101,0.402,0.096,-0.093,0.06,-0.319,0
COP,8867,0.384,4.624,0.714,0.255,0.419,0.862,0.719,0.979,0.847,-1.831,0.33,-0.129,0.035,0.478,0.335,0.594,0.463,0
COR,5932,0.45,3.24,0.908,0.613,0.689,0.682,0.694,0.86,0.505,-0.19,0.458,0.163,0.239,0.232,0.244,0.409,0.054,0
CORT,8777,1.052,8.516,0.598,0.423,1.159,0.962,0.629,1.059,1.397,1.621,-0.454,-0.629,0.107,-0.09,-0.423,0.007,0.345,0
CORZ,4276,1.242,12.234,3.387,2.293,0.5,0.529,3.846,0.822,-1.789,-0.78,2.146,1.052,-0.742,-0.713,2.604,-0.42,-3.031,1
COST,8867,0.52,3.209,-0.063,0.674,0.592,0.717,0.225,0.02,-0.093,-1.098,-0.582,0.154,0.072,0.197,-0.295,-0.5,-0.613,0
COTY,6831,-0.395,5.69,0.22,-0.595,-0.699,-0.329,-0.094,-0.257,-1.193,-0.646,0.615,-0.2,-0.304,0.066,0.301,0.138,-0.798,0
COUR,8719,-0.741,7.553,-0.965,-0.792,-0.707,-0.629,-0.73,-1.522,-0.295,-5.84,-0.223,-0.05,0.034,0.112,0.011,-0.78,0.447,2
CP,8867,0.188,3.265,0.246,0.136,0.102,0.145,0.368,0.32,-0.861,-1.112,0.057,-0.052,-0.087,-0.043,0.179,0.131,-1.05,0
CPA,8839,0.519,4.84,0.369,0.905,1.077,0.469,0.725,0.254,0.782,-1.316,-0.15,0.387,0.558,-0.05,0.206,-0.265,0.263,0
CPAY,4084,0.037,4.667,0.183,-0.022,-0.123,-0.031,0.036,-0.378,-1.043,0.376,0.145,-0.059,-0.16,-0.068,-0.002,-0.416,-1.081,0
CPB,8867,-0.128,3.262,0.028,-0.103,-0.033,0.023,-0.051,-0.154,-0.289,-1.006,0.156,0.026,0.095,0.151,0.077,-0.026,-0.161,0
CPK,6130,0.275,3.749,0.708,0.462,0.272,0.206,0.514,-0.588,-0.246,-3.268,0.433,0.187,-0.003,-0.069,0.239,-0.864,-0.522,0
CPNG,8867,-0.403,7.015,-0.539,-0.53,-0.108,-0.22,-0.549,-0.027,-1.854,-1.088,-0.136,-0.127,0.295,0.183,-0.145,0.377,-1.45,2
CPRI,8867,-0.205,8.119,-0.236,-0.329,-0.493,0.364,-0.282,0.035,-0.449,-2.685,-0.031,-0.124,-0.287,0.569,-0.077,0.241,-0.244,2
CPRT,8867,0.165,3.641,-0.34,0.036,0.236,0.059,0.152,0.203,0.34,-3.194,-0.505,-0.129,0.07,-0.107,-0.013,0.038,0.175,0
CPRX,8236,0.386,6.814,1.054,0.674,0.298,0.439,1.021,0.224,0.192,-0.68,0.669,0.289,-0.088,0.053,0.636,-0.161,-0.193,0
CPT,8867,0.055,3.142,0.205,0.054,0.312,0.0,0.167,-0.087,0.565,-1.672,0.15,-0.0,0.257,-0.055,0.112,-0.142,0.51,0
CQP,6800,0.292,4.965,1.604,0.538,0.14,0.139,1.159,-0.729,0.644,-3.794,1.312,0.246,-0.152,-0.153,0.867,-1.021,0.352,1
CR,8802,0.573,4.601,0.664,0.627,0.633,0.419,0.542,-0.384,0.23,-0.677,0.091,0.053,0.059,-0.155,-0.032,-0.957,-0.344,0
CRAI,4187,0.701,7.212,1.148,0.0,0.83,0.778,-0.256,0.185,1.779,-5.575,0.448,-0.7,0.129,0.077,-0.957,-0.516,1.079,2
CRBG,6746,0.431,4.519,0.358,0.624,0.242,0.183,0.834,0.289,0.241,0.791,-0.073,0.193,-0.189,-0.249,0.403,-0.143,-0.191,0
CRC,8844,0.473,5.455,0.686,0.596,0.399,0.275,0.744,0.204,-0.109,0.876,0.213,0.124,-0.074,-0.197,0.272,-0.269,-0.582,0
CRDO,7620,1.056,12.175,1.029,-0.325,1.501,1.165,0.948,2.18,0.386,-3.31,-0.027,-1.38,0.446,0.109,-0.107,1.124,-0.67,3
CRGY,6795,0.321,7.73,0.346,0.494,1.003,0.583,0.455,0.981,2.077,-2.847,0.026,0.173,0.682,0.263,0.134,0.66,1.756,2
CRH,8848,0.292,4.166,-0.156,0.491,0.304,0.122,-0.25,0.084,0.218,-1.868,-0.448,0.2,0.012,-0.17,-0.542,-0.208,-0.074,0
CRI,8867,-0.046,5.315,0.91,0.08,-0.18,-0.486,0.243,-0.153,-0.103,-3.366,0.956,0.126,-0.134,-0.439,0.289,-0.107,-0.057,0
CRK,8866,0.286,8.77,0.293,-0.095,0.885,0.325,0.09,0.721,0.516,-0.734,0.007,-0.381,0.599,0.039,-0.196,0.435,0.23,2
CRL,8867,0.215,6.314,-0.223,0.763,0.734,0.048,0.577,-0.487,-0.264,-1.745,-0.438,0.548,0.519,-0.167,0.362,-0.701,-0.479,2
CRM,8867,0.219,5.222,0.871,0.052,0.091,-0.035,0.158,-0.214,0.545,-2.384,0.652,-0.167,-0.128,-0.254,-0.061,-0.433,0.326,0
CRMD,3482,0.826,11.629,-0.191,0.705,0.208,1.452,0.0,-0.237,-0.264,0.686,-1.017,-0.122,-0.619,0.625,-0.826,-1.064,-1.09,2
CRNC,7174,-1.322,11.69,-0.789,-1.455,-1.734,-1.409,-0.316,-2.256,-1.45,-1.33,0.533,-0.133,-0.412,-0.087,1.006,-0.934,-0.128,1
CRNX,7320,0.161,9.918,1.207,0.556,-0.257,-0.378,0.791,0.345,0.155,-5.62,1.046,0.395,-0.418,-0.539,0.63,0.184,-0.005,1
CROX,8867,0.231,7.456,0.679,0.231,0.18,-0.123,0.628,-0.462,0.787,-0.181,0.448,0.0,-0.051,-0.353,0.397,-0.693,0.556,0
CRS,8651,0.912,6.605,1.492,1.166,0.85,0.215,1.44,0.303,1.596,-2.376,0.581,0.254,-0.061,-0.696,0.529,-0.609,0.685,0
CRSP,8860,-1.092,8.436,-1.088,-1.03,-1.476,-1.259,-1.02,-1.8,0.456,-1.29,0.004,0.061,-0.385,-0.167,0.071,-0.709,1.548,1
CRSR,6699,-1.055,9.422,-0.748,-1.149,-1.724,-0.942,-1.125,-0.214,-3.247,-5.797,0.307,-0.094,-0.669,0.113,-0.07,0.841,-2.193,1
CRUS,8866,0.29,5.062,0.551,0.357,-0.106,0.605,0.722,-0.144,0.464,-2.089,0.261,0.067,-0.396,0.315,0.432,-0.434,0.174,0
CRVL,5717,0.213,5.922,0.534,0.255,0.706,-0.105,0.158,-0.795,1.587,-0.37,0.321,0.042,0.493,-0.318,-0.055,-1.008,1.375,0
CRWD,8867,0.716,8.309,1.797,0.727,0.351,0.764,0.79,0.348,0.011,-1.341,1.081,0.011,-0.365,0.048,0.074,-0.369,-0.705,0
CSCO,8867,0.379,3.541,0.814,0.514,0.353,0.249,0.863,0.498,0.342,-1.137,0.435,0.135,-0.027,-0.13,0.484,0.119,-0.037,0
CSGP,8867,-0.268,4.916,-0.13,-0.103,-0.336,-0.13,0.147,0.16,-1.111,-1.178,0.138,0.164,-0.069,0.137,0.414,0.428,-0.843,0
CSIQ,8842,-0.792,9.918,0.258,-0.391,-1.805,-1.623,0.083,-1.909,-0.382,-2.234,1.049,0.401,-1.014,-0.832,0.875,-1.117,0.409,1
CSL,8867,0.672,4.579,0.359,0.331,0.789,0.477,0.239,0.634,0.761,-3.333,-0.313,-0.341,0.117,-0.196,-0.434,-0.039,0.088,0
CSQ,4899,0.385,4.114,0.728,0.111,0.305,0.35,0.938,0.805,0.466,-2.176,0.343,-0.274,-0.08,-0.035,0.553,0.42,0.081,0
CSR,4526,0.02,5.316,-0.27,0.187,-0.192,0.352,0.16,-0.521,-0.263,-6.684,-0.29,0.167,-0.212,0.332,0.14,-0.541,-0.283,2
CSTL,6403,0.027,11.606,-0.075,-0.297,0.142,-1.189,-0.821,-1.715,2.214,-4.325,-0.102,-0.324,0.115,-1.216,-0.848,-1.741,2.187,2
CSTM,8670,0.417,6.034,0.206,0.806,0.421,0.434,0.437,-0.049,0.0,-2.136,-0.212,0.388,0.003,0.017,0.02,-0.467,-0.417,0
CSV,3318,0.745,8.341,-2.224,0.973,1.682,1.16,-1.043,-0.14,1.827,-4.998,-2.969,0.228,0.937,0.415,-1.788,-0.886,1.081,2
CSWC,6720,0.321,3.606,0.0,0.491,0.358,0.131,0.341,0.336,-0.257,-3.411,-0.321,0.17,0.038,-0.19,0.02,0.016,-0.578,0
CSX,8867,0.211,3.181,0.238,0.173,-0.116,0.0,0.132,0.203,-0.12,-0.572,0.027,-0.039,-0.327,-0.211,-0.079,-0.008,-0.332,0
CTAS,8867,0.378,3.198,0.285,0.63,0.497,0.456,0.496,0.287,0.322,-1.656,-0.093,0.252,0.119,0.079,0.118,-0.091,-0.056,0
CTKB,4214,-0.843,11.05,0.58,-2.241,-1.241,-0.213,-0.777,2.341,-3.604,-6.922,1.423,-1.398,-0.398,0.63,0.066,3.184,-2.761,3
CTO,3204,0.264,4.593,1.925,0.501,-0.057,-0.228,0.936,-0.639,0.055,-2.535,1.661,0.238,-0.321,-0.492,0.672,-0.903,-0.209,1
CTRE,8681,0.259,3.358,0.645,0.119,0.205,0.047,0.7,0.074,0.15,-2.789,0.386,-0.14,-0.054,-0.212,0.441,-0.185,-0.109,0
CTRI,3314,0.232,7.394,1.126,0.684,0.287,-0.384,1.065,-0.172,0.115,0.845,0.893,0.452,0.055,-0.617,0.833,-0.405,-0.117,1
CTRN,3907,-0.374,14.162,-0.394,-0.983,1.026,-0.685,0.452,1.336,-0.551,-5.163,-0.021,-0.609,1.4,-0.312,0.826,1.71,-0.178,3
CTS,5439,0.4,5.85,0.508,0.717,0.362,0.617,1.29,-0.165,0.665,-2.582,0.108,0.317,-0.038,0.217,0.89,-0.565,0.265,0
CTSH,8867,-0.127,4.236,-0.08,-0.36,-0.335,0.006,0.066,-0.049,0.568,-3.587,0.047,-0.233,-0.208,0.134,0.194,0.079,0.695,0
CTVA,8867,0.38,3.713,0.671,0.027,0.375,0.332,0.478,0.587,0.901,0.012,0.291,-0.353,-0.005,-0.048,0.098,0.207,0.521,0
CUBE,8867,0.074,3.599,-0.427,0.068,-0.15,0.214,-0.067,-0.39,0.0,-0.637,-0.501,-0.005,-0.224,0.14,-0.141,-0.464,-0.074,0
CUBI,8340,0.283,7.284,0.86,0.296,-0.657,0.346,0.574,0.302,-0.367,-2.669,0.577,0.013,-0.94,0.063,0.291,0.019,-0.65,0
CUZ,8867,0.051,3.981,0.872,0.227,-0.204,0.092,0.975,-0.43,-0.026,-1.854,0.822,0.177,-0.255,0.041,0.924,-0.481,-0.077,0
CVBF,8633,-0.049,4.628,0.291,0.044,-0.076,-0.035,0.149,0.209,-0.148,-1.586,0.34,0.093,-0.027,0.014,0.198,0.258,-0.098,0
CVCO,7593,0.679,6.267,0.334,0.812,0.383,0.877,-0.036,0.456,0.601,-1.383,-0.345,0.133,-0.296,0.198,-0.715,-0.223,-0.078,0
CVE,8867,0.655,5.785,1.228,0.751,0.684,0.875,0.507,0.727,1.179,-0.502,0.574,0.097,0.03,0.22,-0.148,0.072,0.524,0
CVGW,4221,-0.397,8.529,0.97,-0.442,-1.239,-0.079,0.832,-0.542,0.717,-1.763,1.367,-0.045,-0.843,0.318,1.228,-0.146,1.113,1
CVI,8823,0.367,7.866,0.155,0.217,0.664,0.242,-0.062,0.858,0.053,-3.166,-0.212,-0.15,0.297,-0.125,-0.429,0.491,-0.314,2
CVLT,8825,0.411,5.645,0.679,0.688,-0.123,0.027,1.181,0.065,0.282,-0.293,0.268,0.277,-0.534,-0.384,0.769,-0.346,-0.129,0
CVNA,7427,-0.189,12.578,-1.155,-0.634,-0.368,0.524,-1.178,-0.76,0.409,-2.341,-0.966,-0.445,-0.179,0.712,-0.989,-0.571,0.597,3
CVS,8867,0.292,4.376,0.0,0.259,0.497,0.407,0.555,0.272,0.166,-2.138,-0.292,-0.033,0.205,0.115,0.263,-0.02,-0.126,0
CVX,8867,0.369,3.661,0.461,0.58,0.268,0.322,0.328,0.026,1.44,-0.284,0.092,0.211,-0.101,-0.047,-0.041,-0.343,1.071,0
CW,8777,0.705,3.672,1.768,0.774,0.619,0.537,1.28,0.67,0.246,-2.644,1.063,0.068,-0.086,-0.168,0.575,-0.035,-0.46,0
CWAN,7366,0.166,5.784,-0.116,0.169,0.237,0.018,0.098,-0.077,0.156,-4.484,-0.282,0.003,0.071,-0.147,-0.067,-0.242,-0.01,2
CWEN,8864,0.036,4.37,0.193,0.0,0.14,0.045,-0.453,0.548,0.602,-4.613,0.156,-0.036,0.103,0.009,-0.49,0.512,0.565,2
CWH,8865,-0.557,7.768,-0.52,-0.609,-0.462,0.169,-1.056,-0.553,-0.439,-2.38,0.037,-0.052,0.095,0.726,-0.499,0.004,0.118,2
CWK,8849,0.364,6.269,0.644,0.231,-0.125,0.596,0.577,0.289,0.86,-5.097,0.28,-0.133,-0.489,0.232,0.213,-0.075,0.496,0
CWST,8748,0.266,3.845,0.048,0.402,0.446,0.189,0.509,-0.104,-0.41,-3.745,-0.218,0.136,0.18,-0.077,0.243,-0.37,-0.676,0
CWT,8408,-0.065,3.372,0.687,0.179,-0.108,-0.419,0.482,-0.173,-0.736,-3.532,0.752,0.244,-0.043,-0.354,0.547,-0.108,-0.671,0
CXM,7972,0.0,7.083,0.224,0.422,0.302,0.246,0.738,-0.112,-1.072,-3.306,0.224,0.422,0.302,0.246,0.738,-0.112,-1.072,0
CXT,5725,0.252,4.906,0.872,0.305,0.167,-0.019,0.942,0.05,-0.399,-0.142,0.62,0.053,-0.086,-0.272,0.689,-0.202,-0.652,0
CXW,8134,0.232,6.964,0.161,0.708,0.207,-0.094,0.232,-0.509,-0.591,-1.747,-0.071,0.475,-0.025,-0.327,-0.0,-0.741,-0.823,0
CYRX,6423,0.222,10.961,0.86,-0.156,0.515,0.031,1.639,-0.979,-0.889,-3.279,0.638,-0.378,0.293,-0.191,1.417,-1.201,-1.111,1
CYTK,8851,-0.082,9.044,0.741,0.341,0.135,-0.157,0.574,0.25,0.595,-1.545,0.823,0.423,0.216,-0.075,0.656,0.331,0.676,1
CZR,8867,-0.3,6.84,0.181,-0.109,-1.114,-0.902,0.184,-1.213,0.072,-4.214,0.48,0.191,-0.814,-0.602,0.484,-0.914,0.372,1
D,8867,0.086,3.134,0.171,0.306,0.083,0.056,0.426,0.079,-0.345,-1.04,0.086,0.22,-0.003,-0.03,0.341,-0.007,-0.43,0
DAC,7500,0.549,5.074,0.958,0.485,0.391,0.64,0.885,-0.304,0.071,-1.028,0.41,-0.064,-0.157,0.091,0.337,-0.853,-0.477,0
DAKT,3621,0.836,9.362,1.136,0.561,1.29,0.454,1.024,3.029,-0.25,-2.914,0.301,-0.275,0.454,-0.382,0.188,2.193,-1.086,2
DAL,8867,0.374,5.67,-0.206,0.212,0.395,0.884,0.17,-0.199,0.984,-0.429,-0.58,-0.161,0.021,0.51,-0.204,-0.573,0.61,0
DAN,8817,0.272,6.975,0.557,0.0,0.142,0.162,0.646,0.049,1.402,-1.51,0.285,-0.272,-0.13,-0.111,0.373,-0.224,1.129,0
DAR,8867,0.255,5.629,-0.917,0.307,0.573,-0.026,-0.875,0.66,0.254,-3.321,-1.172,0.052,0.318,-0.282,-1.131,0.405,-0.002,2
DASH,8867,0.354,7.271,0.748,0.081,0.224,-0.297,0.929,0.188,0.526,-2.823,0.394,-0.273,-0.13,-0.651,0.575,-0.166,0.172,0
DAVE,4551,1.353,18.728,-0.519,1.568,1.889,1.079,0.701,0.889,1.688,-17.536,-1.872,0.215,0.536,-0.274,-0.652,-0.464,0.335,2
DB,8862,0.714,5.391,0.827,0.761,0.504,0.534,0.963,0.728,0.087,-0.308,0.113,0.047,-0.21,-0.18,0.249,0.013,-0.627,0
DBD,4485,0.962,9.339,1.487,0.955,0.646,0.934,-0.552,0.752,2.095,-4.701,0.526,-0.007,-0.315,-0.028,-1.513,-0.209,1.134,2
DBI,6872,-0.266,9.728,-0.266,0.472,-0.168,-1.307,0.434,-0.415,-0.315,-2.817,0.0,0.738,0.098,-1.041,0.7,-0.149,-0.049,1
DBRG,8855,0.0,7.441,0.128,0.13,0.0,-0.068,0.13,-0.288,-0.065,-4.217,0.128,0.13,0.0,-0.068,0.13,-0.288,-0.065,0
DBX,8867,0.331,4.558,0.741,0.28,0.491,0.3,0.491,1.003,0.88,-3.373,0.41,-0.051,0.16,-0.032,0.159,0.672,0.548,0
DCI,8859,0.278,3.074,0.698,0.56,0.382,0.025,0.832,0.136,0.107,-0.181,0.42,0.282,0.104,-0.253,0.555,-0.142,-0.171,0
DCO,3448,1.399,6.522,2.177,2.147,1.351,0.814,3.525,0.928,1.162,-2.243,0.779,0.748,-0.048,-0.585,2.127,-0.47,-0.236,1
DCOM,4250,0.055,7.591,-0.381,0.12,0.0,0.115,-0.665,0.436,0.608,-3.213,-0.436,0.064,-0.055,0.06,-0.72,0.381,0.553,2
DD,8867,0.122,4.237,0.739,0.085,0.076,-0.152,0.941,0.385,0.011,1.38,0.617,-0.037,-0.046,-0.274,0.819,0.263,-0.111,0
DDD,4199,-2.072,8.858,-3.732,-1.081,-1.448,-1.266,-2.909,-0.845,-3.824,-0.98,-1.66,0.991,0.624,0.806,-0.837,1.227,-1.752,2
DDOG,8867,0.435,8.085,0.857,0.0,0.608,0.491,0.927,0.154,-0.366,-0.154,0.422,-0.435,0.173,0.056,0.491,-0.281,-0.802,0
DDS,8806,0.682,6.885,0.458,1.042,0.236,0.424,0.712,0.929,-0.347,-1.989,-0.224,0.36,-0.446,-0.258,0.031,0.247,-1.029,0
DE,8867,0.28,4.123,0.925,0.342,0.297,0.05,0.099,0.314,1.027,-2.581,0.645,0.062,0.017,-0.23,-0.181,0.034,0.747,0
DEA,8639,-0.243,3.559,-0.077,-0.093,-0.417,-0.377,0.094,-0.374,0.0,0.043,0.166,0.15,-0.174,-0.134,0.337,-0.131,0.243,0
DECK,8867,0.555,5.798,0.313,0.441,0.925,0.722,0.215,1.056,-0.127,-1.479,-0.242,-0.114,0.37,0.167,-0.34,0.501,-0.682,2
DEI,8863,-0.279,4.807,0.535,-0.312,-0.114,-0.24,0.6,-0.134,-0.187,-2.233,0.814,-0.033,0.164,0.039,0.879,0.145,0.091,0
DELL,8867,0.903,7.544,0.605,1.473,1.552,0.651,0.394,1.058,0.159,-3.035,-0.297,0.57,0.649,-0.252,-0.509,0.155,-0.744,2
DFH,6100,-0.841,9.73,-0.49,-0.849,-1.298,-1.239,-0.57,-2.498,-3.694,-5.918,0.351,-0.008,-0.457,-0.398,0.272,-1.657,-2.853,1
DFIN,7296,0.719,6.617,0.815,0.701,0.694,0.238,0.841,2.222,0.663,-2.516,0.096,-0.018,-0.025,-0.481,0.122,1.503,-0.056,0
DG,8867,-0.088,5.081,-0.153,-0.05,-0.424,-0.177,0.042,-0.145,0.804,-1.879,-0.065,0.038,-0.336,-0.089,0.13,-0.057,0.892,0
DGII,5555,0.819,7.058,0.944,1.209,1.376,0.77,0.593,1.027,1.122,-4.409,0.125,0.39,0.557,-0.049,-0.226,0.209,0.303,2
DGX,8867,0.214,3.108,0.043,0.36,0.432,-0.019,0.242,0.015,-0.669,-2.561,-0.171,0.146,0.218,-0.233,0.029,-0.199,-0.883,0
DHI,8867,0.12,4.743,0.141,0.294,0.249,-0.401,0.206,0.232,-0.502,-1.356,0.022,0.174,0.13,-0.521,0.087,0.113,-0.621,0
DHR,8867,0.036,3.954,0.385,0.035,0.172,0.062,0.424,0.468,0.11,-0.469,0.349,-0.002,0.135,0.025,0.388,0.432,0.074,0
DHT,8763,0.393,5.4,0.682,-0.446,0.75,0.673,0.367,0.902,0.999,-2.093,0.289,-0.839,0.358,0.28,-0.026,0.509,0.606,0
DIN,8642,-0.288,6.034,1.194,0.062,-0.274,-0.894,0.644,-0.455,0.889,-2.286,1.482,0.35,0.015,-0.606,0.932,-0.167,1.177,1
DINO,7638,0.389,5.504,0.979,0.146,0.194,-0.03,0.311,0.33,1.209,-0.168,0.59,-0.243,-0.195,-0.419,-0.078,-0.059,0.82,0
DIOD,8790,0.078,6.591,0.062,0.154,-0.273,0.378,0.859,-0.313,0.232,-1.886,-0.016,0.076,-0.351,0.3,0.781,-0.392,0.153,0
DIS,8867,-0.182,4.178,-0.063,-0.371,-0.623,-0.148,0.062,-0.081,0.747,-2.199,0.119,-0.189,-0.441,0.035,0.244,0.101,0.929,0
DJT,4077,-2.214,13.575,-3.75,-2.481,-0.586,-0.69,-2.13,-0.164,-3.619,-4.861,-1.536,-0.267,1.628,1.524,0.084,2.051,-1.404,3
DK,8863,0.068,7.648,-0.263,-0.265,1.029,0.347,-0.496,-1.249,0.053,-2.31,-0.331,-0.333,0.961,0.279,-0.564,-1.317,-0.015,2
DKNG,8867,0.058,8.876,-0.223,0.353,0.04,0.015,-0.374,0.807,0.445,-3.747,-0.281,0.295,-0.018,-0.043,-0.432,0.748,0.387,2
DKS,8867,0.257,5.824,1.664,0.393,-0.033,0.117,1.136,0.489,0.808,2.599,1.407,0.137,-0.29,-0.139,0.879,0.232,0.551,0
DLB,8864,-0.274,3.48,0.399,-0.236,-0.586,-0.504,0.483,-0.506,0.562,-1.393,0.673,0.039,-0.312,-0.23,0.758,-0.232,0.837,0
DLO,8640,-0.44,10.209,1.046,-0.202,-1.162,-1.414,0.68,-1.329,-0.182,-4.841,1.486,0.238,-0.722,-0.974,1.119,-0.889,0.258,1
DLR,8867,0.209,4.005,0.119,0.301,0.353,0.323,0.317,-0.283,0.498,-1.103,-0.09,0.092,0.144,0.113,0.108,-0.492,0.289,0
DLTR,8867,0.221,5.608,-0.315,0.17,0.563,0.161,-0.423,0.045,0.493,0.268,-0.535,-0.05,0.342,-0.059,-0.643,-0.176,0.273,2
DLX,4993,-0.419,7.109,-0.565,-0.405,-0.213,-0.548,0.25,-0.212,-0.51,-3.526,-0.146,0.014,0.206,-0.129,0.669,0.207,-0.09,0
DNA,8302,-2.147,14.136,-1.163,-1.276,-1.761,-4.33,-0.404,-3.306,-1.428,-12.748,0.984,0.87,0.386,-2.183,1.743,-1.159,0.719,1
DNLI,8836,-0.512,8.165,-0.058,-0.477,-1.398,-1.485,0.246,-0.386,0.319,-3.736,0.454,0.035,-0.886,-0.973,0.758,0.126,0.831,1
DNOW,7812,0.316,7.031,0.844,0.449,0.159,0.071,1.371,-0.117,1.477,-3.358,0.528,0.133,-0.157,-0.245,1.055,-0.433,1.161,1
DNTH,3069,1.796,12.043,2.623,1.857,1.768,2.889,1.203,3.182,-2.413,-1.447,0.827,0.061,-0.028,1.093,-0.593,1.386,-4.208,2
DNUT,6421,-0.457,6.605,-0.757,0.0,-0.221,-0.581,-0.756,-0.099,-1.687,-1.113,-0.3,0.457,0.236,-0.124,-0.3,0.358,-1.23,2
DOC,8860,-0.055,4.862,0.259,0.045,-0.21,-0.114,0.351,-0.161,0.113,-0.966,0.314,0.101,-0.155,-0.059,0.406,-0.106,0.169,0
DOCN,8867,0.238,10.125,0.79,0.149,0.577,0.129,2.113,0.401,0.175,-3.697,0.553,-0.089,0.339,-0.109,1.875,0.163,-0.063,1
DOCS,8867,-0.246,9.181,0.053,0.017,-0.539,-0.408,-0.419,-0.861,-2.606,-5.065,0.299,0.263,-0.294,-0.163,-0.174,-0.616,-2.361,1
DOCU,8867,-0.275,8.078,-0.288,-0.074,-0.095,-0.385,0.014,-0.165,-0.188,-4.588,-0.014,0.201,0.18,-0.11,0.289,0.11,0.087,2
DOLE,6545,-0.067,4.596,0.806,-0.342,-0.448,-0.075,0.717,0.339,0.821,-1.347,0.872,-0.275,-0.381,-0.008,0.784,0.406,0.888,0
DOMO,5528,-1.378,11.966,0.0,-2.133,-1.349,-0.693,-2.446,-0.81,-4.691,-4.947,1.378,-0.755,0.03,0.685,-1.068,0.568,-3.313,3
DORM,7354,-0.072,5.018,0.052,-0.04,-0.128,0.082,0.316,-0.337,1.452,-1.607,0.125,0.033,-0.056,0.155,0.388,-0.264,1.524,0
DOV,8867,0.258,3.346,0.017,0.198,0.215,0.032,0.415,0.121,0.312,0.324,-0.241,-0.059,-0.043,-0.226,0.157,-0.137,0.054,0
DOW,8867,-0.194,4.729,-0.21,0.087,-0.439,-0.241,-0.125,0.217,-1.052,-2.751,-0.016,0.281,-0.246,-0.047,0.069,0.411,-0.858,0
DOX,8867,0.012,2.797,0.146,-0.024,-0.18,-0.146,0.032,0.132,0.594,-3.035,0.135,-0.035,-0.192,-0.157,0.021,0.12,0.583,0
DPZ,8867,-0.15,4.047,0.014,-0.041,-0.154,-0.406,0.084,-0.133,0.053,-2.163,0.164,0.108,-0.004,-0.257,0.234,0.016,0.203,0
DRH,8810,0.118,4.508,1.032,0.0,-0.253,0.109,0.847,0.814,-0.312,-2.591,0.914,-0.118,-0.371,-0.009,0.729,0.696,-0.43,0
DRI,8867,0.058,3.62,0.748,0.212,-0.101,-0.222,0.782,0.192,0.39,0.037,0.69,0.153,-0.159,-0.28,0.723,0.134,0.332,0
DRS,6169,0.737,5.042,1.509,0.944,0.724,0.072,1.499,0.591,2.282,1.213,0.772,0.207,-0.013,-0.665,0.762,-0.146,1.545,0
DRVN,8502,0.036,6.087,0.751,0.123,0.284,-0.82,1.372,-0.683,1.736,-0.285,0.715,0.088,0.248,-0.856,1.336,-0.719,1.7,1
DSGX,8236,0.103,4.375,0.388,0.202,0.529,-0.079,0.363,-0.191,0.318,0.038,0.284,0.099,0.426,-0.182,0.26,-0.295,0.215,0
DT,8867,0.229,5.613,1.065,0.28,0.0,0.0,0.405,-0.474,-0.832,-2.074,0.836,0.051,-0.229,-0.229,0.177,-0.703,-1.061,0
DTE,8867,0.194,2.631,0.1,0.37,0.229,0.257,0.199,0.137,0.067,0.077,-0.093,0.176,0.035,0.063,0.006,-0.057,-0.127,0
DTM,8864,0.725,3.501,1.042,0.777,0.482,0.649,0.542,1.137,0.388,-1.64,0.317,0.052,-0.242,-0.076,-0.182,0.413,-0.337,0
DUK,8867,0.171,2.519,0.148,0.29,0.185,0.133,0.154,0.326,0.721,-1.831,-0.023,0.119,0.014,-0.039,-0.018,0.155,0.55,0
DUOL,8740,-0.253,9.262,0.288,-0.915,-0.517,-0.553,0.071,0.756,-1.808,-5.41,0.541,-0.663,-0.264,-0.301,0.324,1.009,-1.556,1
DV,8797,0.07,7.131,0.478,-0.29,-0.362,-0.233,0.209,-0.799,0.035,-1.812,0.408,-0.361,-0.432,-0.303,0.138,-0.869,-0.035,0
DVA,8867,0.314,5.322,1.137,0.352,0.325,-0.041,0.571,0.274,0.564,-0.25,0.823,0.038,0.011,-0.355,0.258,-0.04,0.25,0
DVN,8867,0.409,5.832,0.559,0.241,0.685,0.491,0.333,-0.028,1.697,-0.549,0.15,-0.168,0.276,0.082,-0.076,-0.437,1.288,0
DX,8813,0.0,3.412,0.229,0.081,0.076,0.127,0.093,0.32,-0.809,-1.852,0.229,0.081,0.076,0.127,0.093,0.32,-0.809,0
DXC,8865,0.087,6.364,1.749,0.205,-0.263,-0.457,1.28,-0.706,0.357,-2.97,1.663,0.119,-0.35,-0.544,1.193,-0.793,0.27,1
DXCM,8867,0.146,6.425,0.309,0.627,0.159,-0.239,0.68,0.03,1.159,-2.279,0.162,0.481,0.013,-0.385,0.534,-0.116,1.013,0
DXPE,4015,1.805,9.242,1.642,1.453,1.623,1.268,1.721,1.675,1.527,-1.319,-0.163,-0.352,-0.181,-0.536,-0.084,-0.13,-0.278,0
DXYZ,3434,-1.999,18.19,1.779,-2.31,-0.947,-1.308,0.903,0.736,-2.833,0.588,3.777,-0.312,1.051,0.691,2.902,2.735,-0.834,1
DY,8845,0.622,5.946,0.445,0.562,0.596,0.49,0.669,1.281,0.51,0.051,-0.178,-0.061,-0.026,-0.132,0.047,0.658,-0.113,0
DYN,5904,0.218,12.985,-0.997,0.462,0.041,-0.057,-0.704,-0.759,1.784,-4.571,-1.215,0.244,-0.177,-0.275,-0.922,-0.977,1.566,2
EA,8867,0.212,3.54,0.396,0.288,0.166,0.151,0.437,0.348,0.597,-0.569,0.184,0.076,-0.046,-0.062,0.225,0.136,0.385,0
EAT,8867,0.658,6.919,0.315,0.572,0.616,0.668,1.196,-0.056,1.959,-0.44,-0.343,-0.087,-0.042,0.01,0.538,-0.714,1.301,0
EBAY,8867,0.317,4.327,0.72,0.635,0.415,0.025,0.722,0.134,0.311,-3.599,0.404,0.318,0.099,-0.292,0.406,-0.183,-0.006,0
EBC,8594,0.181,4.374,0.0,0.563,0.11,0.0,0.205,0.565,-0.091,-1.762,-0.181,0.382,-0.071,-0.181,0.024,0.384,-0.272,0
EBS,6999,-1.12,12.054,-1.583,-0.619,-1.098,-2.056,-1.244,-1.044,-2.015,-3.958,-0.463,0.502,0.023,-0.936,-0.124,0.077,-0.895,2
ECG,3008,1.453,7.903,2.446,3.048,1.436,0.726,3.49,0.703,1.218,3.271,0.993,1.594,-0.017,-0.727,2.037,-0.75,-0.235,1
ECL,8867,0.41,3.327,0.213,0.422,0.514,0.356,0.003,0.537,0.633,-1.02,-0.197,0.012,0.104,-0.054,-0.407,0.127,0.224,0
ECPG,6831,0.539,6.003,0.373,0.447,0.404,0.295,0.282,0.3,0.869,0.082,-0.167,-0.093,-0.136,-0.244,-0.258,-0.239,0.329,0
ECVT,6198,0.413,6.66,1.075,0.78,0.699,0.119,0.229,1.918,1.48,-1.383,0.662,0.367,0.286,-0.295,-0.184,1.505,1.067,0
ED,8867,0.21,2.675,-0.101,0.245,0.448,0.048,-0.033,0.477,0.31,-2.601,-0.311,0.035,0.238,-0.162,-0.243,0.267,0.101,0
EDIT,5331,-1.997,10.695,-2.315,-1.281,-2.812,-2.842,-1.134,0.497,-1.35,-3.883,-0.319,0.716,-0.816,-0.845,0.862,2.493,0.646,1
EE,5150,0.242,6.835,0.864,0.275,-0.29,-0.082,0.193,1.043,1.588,-1.276,0.623,0.034,-0.531,-0.324,-0.049,0.802,1.346,0
EEFT,8860,-0.101,5.019,0.014,0.098,0.128,0.111,-0.139,-0.33,-0.497,-1.644,0.115,0.198,0.229,0.212,-0.038,-0.23,-0.396,0
EFC,8703,0.082,3.283,0.738,-0.098,-0.083,0.22,0.517,0.323,0.331,-0.983,0.656,-0.181,-0.165,0.138,0.435,0.241,0.248,0
EFSC,5363,-0.049,5.044,0.07,-0.054,-0.486,-0.466,0.15,-0.143,-0.437,-1.971,0.12,-0.004,-0.437,-0.417,0.2,-0.093,-0.388,0
EFX,8867,0.05,4.656,0.121,-0.013,0.113,-0.383,-0.224,-0.333,-0.39,-0.212,0.07,-0.064,0.063,-0.433,-0.274,-0.384,-0.44,0
EG,5334,0.313,3.161,1.637,0.421,0.065,-0.029,0.708,-0.366,0.316,-0.503,1.324,0.107,-0.248,-0.342,0.395,-0.679,0.002,0
EGBN,5571,-0.486,7.648,-1.511,-0.754,-0.942,-0.238,-0.716,-0.714,-1.673,-2.43,-1.025,-0.268,-0.456,0.248,-0.23,-0.228,-1.187,2
EGO,8807,0.587,6.767,0.99,0.726,0.237,0.759,0.426,0.943,1.335,-1.267,0.403,0.139,-0.351,0.172,-0.162,0.356,0.748,0
EGP,8861,0.222,3.194,0.502,0.397,0.466,-0.016,0.645,0.18,0.466,-1.166,0.28,0.175,0.244,-0.238,0.423,-0.042,0.244,0
EHC,8867,0.249,3.896,0.169,0.476,0.578,-0.034,0.606,0.34,0.802,-0.683,-0.08,0.227,0.329,-0.283,0.357,0.091,0.553,0
EIG,4113,0.186,4.706,1.525,0.656,0.166,-0.264,1.185,-0.152,1.288,0.047,1.339,0.47,-0.02,-0.45,0.999,-0.338,1.102,0
EIX,8867,0.397,3.634,-0.046,0.596,0.479,0.292,0.517,0.469,1.088,-1.203,-0.443,0.2,0.082,-0.105,0.12,0.073,0.691,0
EL,8867,-0.267,5.869,-0.108,-0.484,-0.242,-0.515,-0.507,-0.136,0.128,-3.823,0.159,-0.217,0.025,-0.248,-0.24,0.131,0.395,0
ELAN,8867,-0.206,6.27,-0.605,-0.16,-0.493,-0.64,-0.293,-0.369,-0.88,-2.133,-0.399,0.046,-0.287,-0.434,-0.087,-0.164,-0.674,0
ELF,8796,0.67,8.304,0.777,0.572,0.304,0.512,1.541,0.821,0.016,-4.585,0.107,-0.098,-0.366,-0.158,0.871,0.151,-0.654,0
ELME,4789,0.116,3.502,0.225,0.293,0.11,-0.058,0.117,0.4,-0.583,-0.225,0.108,0.177,-0.006,-0.175,0.001,0.284,-0.699,0
ELS,8867,-0.181,2.896,0.628,-0.066,-0.263,-0.525,0.146,-0.262,-0.56,0.884,0.81,0.116,-0.082,-0.344,0.327,-0.081,-0.379,0
ELV,7134,0.104,4.041,0.898,0.1,0.073,-0.211,0.807,0.193,0.63,-0.368,0.794,-0.004,-0.031,-0.315,0.703,0.089,0.526,0
ELVN,3200,0.574,13.414,1.783,1.392,-1.25,0.422,0.549,0.388,-1.345,-1.274,1.209,0.818,-1.824,-0.153,-0.025,-0.186,-1.919,1
EMBC,5503,-1.306,8.832,-0.169,-1.341,-1.393,-1.838,-0.966,-1.576,-3.843,-5.724,1.138,-0.035,-0.087,-0.532,0.341,-0.27,-2.537,1
EME,8867,0.717,4.46,1.535,0.538,0.466,0.774,1.5,0.614,0.788,0.725,0.818,-0.178,-0.251,0.058,0.783,-0.102,0.071,0
EMN,8867,-0.122,4.317,0.432,-0.095,-0.346,-0.428,0.277,-0.57,-0.289,-0.863,0.553,0.027,-0.225,-0.306,0.399,-0.448,-0.168,0
EMR,8867,0.251,3.832,0.686,0.129,0.238,0.37,0.739,0.41,0.853,-1.685,0.435,-0.122,-0.012,0.119,0.488,0.159,0.602,0
ENB,8867,0.376,2.784,0.315,0.427,0.605,0.359,0.388,0.263,0.601,-0.83,-0.06,0.052,0.229,-0.017,0.012,-0.113,0.225,0
ENOV,7514,-0.273,5.479,-0.402,-0.136,-0.481,-0.376,-0.311,0.101,-0.558,-2.442,-0.13,0.136,-0.209,-0.103,-0.038,0.373,-0.285,0
ENPH,8867,-0.347,9.942,-0.804,0.307,-1.072,-0.303,-0.204,-0.491,1.44,-2.989,-0.457,0.655,-0.724,0.045,0.144,-0.144,1.787,0
ENR,8853,-0.203,5.076,-0.243,-0.252,-0.281,-0.278,-0.27,0.472,0.809,-3.735,-0.039,-0.049,-0.078,-0.075,-0.067,0.675,1.013,0
ENS,8700,0.41,4.684,0.631,0.59,0.077,0.057,0.532,0.296,0.24,-0.76,0.221,0.18,-0.333,-0.354,0.122,-0.114,-0.17,0
ENSG,8816,0.212,3.544,0.495,0.187,0.0,0.193,0.732,-0.352,0.1,-1.44,0.283,-0.025,-0.212,-0.019,0.52,-0.564,-0.112,0
ENTA,3890,-0.583,12.784,-2.047,-2.598,1.102,0.591,-2.026,3.073,-0.936,-3.648,-1.464,-2.015,1.685,1.174,-1.443,3.656,-0.354,3
ENTG,8867,0.342,6.967,0.419,0.661,-0.026,0.467,0.497,0.17,0.058,-2.033,0.077,0.319,-0.368,0.125,0.155,-0.171,-0.284,0
ENVA,7893,0.726,6.373,0.926,0.393,0.519,0.701,0.755,0.021,-0.492,-1.33,0.201,-0.333,-0.207,-0.025,0.03,-0.705,-1.218,0
ENVX,8658,-0.941,13.42,-0.189,-1.172,-1.338,-0.106,-1.173,0.268,-0.156,-3.462,0.751,-0.232,-0.397,0.835,-0.232,1.209,0.785,3
EOG,8867,0.429,4.63,0.798,0.288,0.6,0.16,0.645,0.213,0.785,-1.148,0.369,-0.141,0.171,-0.269,0.216,-0.216,0.356,0
EOLS,5326,-0.301,11.378,-1.0,0.167,0.429,-0.183,-0.06,1.469,0.383,-1.984,-0.699,0.469,0.73,0.118,0.241,1.77,0.684,2
EPAC,6784,0.104,5.023,0.891,0.372,-0.309,0.348,0.448,-0.936,0.082,-0.581,0.787,0.268,-0.414,0.243,0.343,-1.041,-0.023,0
EPAM,8867,-0.164,8.02,-0.583,-0.067,-0.095,-0.099,-0.843,-0.301,0.988,-1.311,-0.419,0.097,0.069,0.065,-0.679,-0.137,1.152,2
EPC,8732,-0.096,4.881,-0.287,-0.232,-0.093,-0.158,-0.172,0.255,-0.186,-1.826,-0.191,-0.137,0.002,-0.062,-0.076,0.351,-0.091,0
EPD,8867,0.339,2.73,0.588,0.513,0.222,0.246,0.38,0.456,0.378,-1.076,0.249,0.175,-0.117,-0.093,0.041,0.117,0.039,0
EPR,8867,0.338,3.727,0.171,0.164,0.396,0.583,0.211,-0.025,0.74,-1.278,-0.167,-0.175,0.058,0.245,-0.128,-0.364,0.402,0
EPRT,8853,0.163,3.204,0.074,0.126,0.254,0.083,0.395,-0.128,0.154,0.343,-0.089,-0.036,0.092,-0.08,0.232,-0.291,-0.009,0
EQH,8867,0.383,4.269,0.834,0.472,0.216,0.387,1.232,-0.258,0.853,-0.329,0.452,0.09,-0.167,0.004,0.85,-0.641,0.47,0
EQIX,8867,0.203,3.662,0.775,0.3,0.031,0.029,0.824,0.1,0.228,-1.29,0.572,0.097,-0.171,-0.173,0.621,-0.103,0.025,0
EQR,8867,0.127,3.013,0.281,0.13,0.178,0.125,0.272,-0.008,-0.131,-0.908,0.154,0.003,0.051,-0.002,0.145,-0.135,-0.258,0
EQT,8867,0.331,6.072,1.033,0.48,0.0,0.524,0.57,1.118,0.295,-0.123,0.702,0.15,-0.331,0.193,0.239,0.787,-0.035,0
EQX,6286,0.34,7.631,-0.243,0.151,0.282,0.567,0.514,0.643,-0.116,-2.302,-0.583,-0.19,-0.058,0.227,0.174,0.303,-0.456,2
ERIE,8183,0.175,4.647,0.439,0.214,-0.182,0.161,-0.082,0.163,0.491,-0.707,0.264,0.038,-0.357,-0.014,-0.257,-0.012,0.315,0
ERII,6343,0.063,7.644,0.138,0.143,0.309,-0.397,-0.151,-0.337,1.011,-2.92,0.075,0.08,0.246,-0.46,-0.213,-0.4,0.948,2
ERO,4429,0.916,9.963,0.261,-0.507,2.596,0.844,0.247,1.312,0.403,-0.455,-0.655,-1.423,1.679,-0.072,-0.669,0.396,-0.513,2
ES,8867,0.205,3.292,-0.047,0.388,0.26,0.165,0.214,0.352,0.499,-0.199,-0.252,0.184,0.055,-0.04,0.009,0.147,0.294,0
ESAB,7320,0.247,5.2,0.556,0.204,0.141,0.66,0.42,-0.293,1.279,-0.375,0.309,-0.043,-0.106,0.413,0.173,-0.54,1.031,0
ESE,6660,0.558,5.092,0.629,0.73,0.664,0.521,0.305,-0.26,0.383,-0.204,0.07,0.171,0.106,-0.037,-0.253,-0.818,-0.175,0
ESI,8866,0.315,4.755,1.004,0.322,0.645,0.0,0.572,0.342,-0.098,-4.103,0.689,0.007,0.33,-0.315,0.257,0.027,-0.412,0
ESLT,5128,0.96,6.068,1.089,1.113,1.52,0.82,0.33,-0.09,-0.178,-2.719,0.129,0.153,0.56,-0.14,-0.63,-1.05,-1.138,2
ESNT,8857,0.462,3.447,0.19,0.685,0.567,0.26,0.539,0.722,0.504,-0.776,-0.272,0.223,0.105,-0.202,0.077,0.261,0.042,0
ESRT,8102,-0.209,4.877,0.803,-0.183,-0.422,-0.28,0.561,-0.714,-0.894,-1.689,1.012,0.025,-0.214,-0.072,0.77,-0.506,-0.686,1
ESS,8867,0.142,3.192,0.39,0.331,0.115,0.055,0.586,-0.001,0.577,0.246,0.248,0.189,-0.026,-0.087,0.444,-0.143,0.435,0
ESTA,7751,0.629,9.316,1.413,1.777,1.042,0.259,1.272,1.604,0.596,1.267,0.784,1.147,0.413,-0.37,0.642,0.975,-0.033,0
ESTC,8867,0.198,8.414,1.659,0.462,-0.038,-0.228,0.901,0.295,0.156,-2.711,1.46,0.264,-0.236,-0.426,0.703,0.097,-0.043,1
ET,8867,0.36,3.562,1.397,0.735,0.338,0.227,1.16,0.038,0.385,-0.216,1.037,0.375,-0.022,-0.133,0.8,-0.323,0.025,0
ETD,6328,-0.037,5.16,0.788,0.24,-0.354,-0.319,0.205,0.883,-0.215,-2.583,0.826,0.277,-0.316,-0.281,0.243,0.92,-0.178,0
ETN,8867,0.609,3.993,0.476,1.042,0.653,0.45,0.839,0.423,1.15,-0.272,-0.133,0.433,0.044,-0.159,0.23,-0.186,0.541,0
ETR,8867,0.375,2.979,0.815,0.565,0.135,0.21,0.501,0.371,0.426,-1.004,0.44,0.19,-0.24,-0.165,0.126,-0.004,0.051,0
ETSY,8867,-0.033,7.613,-0.315,0.064,-0.087,-0.242,-0.471,0.879,0.548,-3.608,-0.282,0.097,-0.053,-0.209,-0.437,0.912,0.581,2
EVER,5820,0.042,11.994,-0.418,-0.298,0.127,-0.942,-0.494,0.125,0.723,-8.757,-0.46,-0.34,0.085,-0.984,-0.537,0.082,0.681,2
EVGO,3546,-1.498,12.714,0.345,-2.473,-1.007,-1.378,0.449,-3.399,0.253,-2.524,1.842,-0.975,0.491,0.119,1.947,-1.901,1.751,1
EVH,7720,-0.097,8.046,0.716,0.347,-0.407,0.074,-0.041,0.212,-0.374,-3.33,0.814,0.444,-0.31,0.171,0.057,0.31,-0.277,0
EVR,8866,0.524,5.143,0.682,0.784,0.151,0.474,0.876,0.259,0.401,-2.562,0.159,0.26,-0.373,-0.05,0.352,-0.265,-0.123,0
EVRG,8867,0.309,2.693,0.133,0.359,0.226,0.4,0.424,0.362,0.454,-2.265,-0.177,0.049,-0.084,0.091,0.115,0.052,0.145,0
EVTC,7993,-0.13,4.582,0.615,0.174,-0.225,-0.265,0.551,-0.342,0.116,-0.953,0.745,0.304,-0.095,-0.135,0.681,-0.212,0.246,0
EW,8867,0.053,4.504,-0.19,0.415,0.291,-0.338,0.347,-0.226,0.864,-1.601,-0.243,0.362,0.238,-0.391,0.294,-0.279,0.811,0
EWBC,8867,0.374,4.95,0.313,0.711,0.454,0.396,0.8,0.511,0.712,0.459,-0.061,0.337,0.08,0.022,0.426,0.138,0.338,0
EWTX,5146,0.169,13.328,0.047,0.559,-0.273,-1.262,1.494,-0.672,-0.948,0.486,-0.122,0.39,-0.441,-1.431,1.326,-0.841,-1.116,1
EXC,8867,0.233,3.276,-0.05,0.451,0.297,0.092,0.635,0.351,0.728,-0.68,-0.284,0.217,0.063,-0.142,0.402,0.117,0.495,0
EXE,3163,0.386,4.243,-0.781,0.429,0.274,0.608,-0.484,0.903,0.592,-2.022,-1.167,0.043,-0.111,0.222,-0.87,0.518,0.206,2
EXEL,8867,0.409,4.837,1.055,0.458,0.242,0.144,0.888,0.158,1.342,-2.292,0.646,0.05,-0.166,-0.265,0.479,-0.25,0.933,0
EXLS,8835,0.381,4.575,0.782,0.523,0.171,0.281,0.535,0.456,0.622,-0.75,0.401,0.143,-0.21,-0.1,0.154,0.075,0.241,0
EXP,8866,0.434,4.582,-0.042,0.162,0.925,0.375,-0.42,0.644,0.735,-2.039,-0.476,-0.272,0.491,-0.059,-0.855,0.21,0.301,2
EXPD,8867,0.28,3.546,0.686,0.658,0.434,0.141,0.552,0.08,-0.23,-1.012,0.407,0.378,0.154,-0.139,0.273,-0.2,-0.509,0
EXPE,8867,0.425,6.486,0.793,0.679,0.239,0.65,0.689,0.131,0.005,-2.364,0.368,0.255,-0.185,0.225,0.265,-0.293,-0.42,0
EXPO,8717,0.028,4.242,-0.073,0.065,-0.227,-0.231,-0.003,-0.105,0.052,-2.467,-0.101,0.037,-0.255,-0.259,-0.031,-0.133,0.024,0
EXR,8867,0.141,3.947,-0.816,0.138,0.547,0.222,-0.548,0.667,0.711,-1.117,-0.957,-0.002,0.406,0.081,-0.689,0.526,0.57,2
EXTR,8722,0.356,6.874,0.339,0.426,-0.314,0.753,-0.112,1.043,-0.204,-0.68,-0.016,0.07,-0.67,0.397,-0.468,0.688,-0.56,0
EYE,8862,0.086,7.415,0.396,0.0,0.153,-0.09,0.791,0.192,0.356,0.753,0.311,-0.086,0.067,-0.176,0.705,0.106,0.27,0
EYPT,4869,-0.572,14.661,0.753,-1.301,-0.147,-0.892,0.044,-4.44,-3.354,-4.538,1.325,-0.729,0.425,-0.32,0.616,-3.868,-2.782,1
EZPW,4877,1.145,6.323,0.759,1.291,1.2,0.887,1.672,1.549,1.504,-2.241,-0.387,0.146,0.054,-0.258,0.527,0.404,0.359,0
F,8867,0.216,5.642,0.259,0.18,0.0,0.251,0.147,0.235,0.542,-1.558,0.043,-0.035,-0.216,0.035,-0.069,0.02,0.326,0
FA,6448,0.101,7.242,0.487,0.325,0.244,-0.222,0.971,-0.959,-0.219,-3.543,0.385,0.224,0.143,-0.323,0.87,-1.061,-0.32,1
FAF,8866,0.346,3.837,0.556,0.547,0.366,-0.244,0.56,0.686,0.404,-2.682,0.21,0.201,0.021,-0.589,0.214,0.34,0.058,0
FANG,8867,0.409,5.317,1.321,0.145,0.083,0.352,0.92,0.392,0.628,-1.477,0.911,-0.264,-0.327,-0.057,0.511,-0.017,0.219,0
FAST,8867,0.288,3.301,0.15,0.461,0.433,0.446,0.242,0.44,-0.851,-2.575,-0.138,0.173,0.145,0.158,-0.046,0.152,-1.139,0
FATE,3885,-1.972,10.921,-0.844,-0.429,-1.655,-3.457,-1.154,-0.937,-4.076,-3.438,1.128,1.543,0.317,-1.485,0.818,1.035,-2.104,1
FBIN,6304,-0.255,5.404,-0.485,-0.474,0.322,-0.345,-0.235,0.342,-1.231,0.046,-0.23,-0.219,0.577,-0.09,0.02,0.597,-0.976,0
FBK,5230,0.661,5.835,-0.037,0.783,0.592,0.273,0.169,1.254,-0.17,-9.139,-0.698,0.122,-0.069,-0.387,-0.492,0.593,-0.831,2
FBNC,5034,0.08,5.772,-0.231,0.309,0.346,-0.069,0.466,-1.096,0.737,-3.528,-0.311,0.229,0.266,-0.149,0.385,-1.176,0.657,0
FBP,8827,0.425,4.248,0.345,0.324,0.266,0.0,0.237,0.312,0.0,-3.395,-0.08,-0.101,-0.159,-0.425,-0.188,-0.113,-0.425,0
FBRT,4818,-0.301,5.03,-0.319,-0.233,-0.103,-0.284,-0.479,0.002,-1.861,-1.932,-0.018,0.067,0.197,0.017,-0.179,0.302,-1.56,0
FCEL,8195,-2.033,14.183,-1.41,-2.376,-1.81,-3.315,-1.54,0.141,-0.748,-3.725,0.623,-0.344,0.223,-1.282,0.493,2.174,1.285,1
FCF,6951,0.164,4.405,0.23,0.0,-0.34,0.247,0.029,-1.011,0.065,0.12,0.066,-0.164,-0.504,0.083,-0.135,-1.175,-0.099,0
FCFS,8642,0.486,3.912,0.407,0.828,0.611,0.393,0.217,0.274,0.502,-0.397,-0.08,0.342,0.124,-0.093,-0.27,-0.212,0.016,0
FCN,8813,0.204,3.927,0.784,0.354,0.149,0.033,0.387,0.116,0.708,-2.694,0.58,0.15,-0.055,-0.171,0.182,-0.089,0.504,0
FCNCA,8795,0.272,5.929,0.453,0.391,0.088,0.25,0.336,-0.138,-0.819,-1.879,0.182,0.12,-0.184,-0.021,0.064,-0.409,-1.091,0
FCPT,8126,0.035,2.905,0.148,0.112,-0.108,0.159,0.232,0.188,-0.078,-2.288,0.113,0.077,-0.143,0.124,0.197,0.153,-0.113,0
FCX,8867,0.334,6.356,0.627,0.52,-0.05,0.077,0.561,0.267,1.083,-0.896,0.292,0.186,-0.384,-0.257,0.227,-0.067,0.748,0
FDMT,4972,-0.918,15.229,-0.477,-0.105,-0.771,-1.964,0.272,-2.19,-1.662,-6.492,0.441,0.813,0.147,-1.046,1.19,-1.272,-0.744,1
FDP,5011,-0.099,5.415,0.536,-0.133,-0.557,0.26,0.122,0.026,-1.185,-3.299,0.635,-0.033,-0.457,0.359,0.221,0.125,-1.085,0
FDS,8867,0.201,4.171,-0.225,0.249,0.487,0.238,0.02,0.106,0.108,-0.782,-0.426,0.049,0.286,0.037,-0.181,-0.094,-0.092,0
FDUS,3402,0.0,3.939,1.261,-0.054,0.187,-0.601,0.102,1.32,0.103,-3.691,1.261,-0.054,0.187,-0.601,0.102,1.32,0.103,0
FDX,8867,0.378,4.625,0.785,0.573,0.281,-0.043,0.717,0.398,-0.126,-0.218,0.407,0.195,-0.096,-0.42,0.339,0.02,-0.504,0
FE,8867,0.225,2.709,0.039,0.375,0.301,0.102,0.062,0.296,0.062,-0.859,-0.186,0.15,0.076,-0.123,-0.163,0.071,-0.163,0
FELE,7986,0.112,3.677,0.448,0.522,-0.163,0.19,0.91,0.117,0.44,-1.223,0.336,0.41,-0.275,0.079,0.798,0.005,0.328,0
FERG,8069,0.389,4.347,-0.393,0.911,0.56,0.443,-0.211,-0.052,1.483,-0.306,-0.783,0.521,0.171,0.053,-0.601,-0.441,1.093,2
FFBC,6194,0.126,4.834,0.481,0.051,-0.184,0.0,0.963,0.537,-1.432,-2.01,0.354,-0.075,-0.311,-0.126,0.837,0.411,-1.558,0
FFIN,8767,-0.103,4.216,-0.11,0.0,0.049,-0.23,0.207,0.281,-0.743,0.375,-0.008,0.103,0.151,-0.128,0.31,0.384,-0.64,0
FFIV,8867,0.547,4.0,1.0,0.846,0.252,0.183,0.964,0.388,0.773,-0.746,0.453,0.299,-0.295,-0.364,0.417,-0.159,0.226,0
FG,3187,0.611,8.691,1.412,1.08,0.457,0.274,2.087,-0.929,-0.937,-4.574,0.801,0.469,-0.153,-0.337,1.477,-1.539,-1.547,1
FHB,8819,0.038,4.194,0.338,0.293,-0.502,-0.216,0.691,0.117,0.471,-1.622,0.3,0.255,-0.54,-0.253,0.654,0.079,0.433,0
FHI,8838,0.354,3.454,0.116,0.447,0.0,0.119,0.377,-0.087,0.611,0.567,-0.238,0.093,-0.354,-0.236,0.023,-0.441,0.257,0
FHN,8867,0.354,5.456,0.21,0.569,0.412,0.361,0.175,0.438,0.325,-0.973,-0.144,0.215,0.058,0.007,-0.179,0.084,-0.029,0
FIBK,8697,0.058,4.498,0.511,0.122,-0.417,-0.272,0.599,-0.137,-0.13,-1.516,0.453,0.064,-0.475,-0.33,0.541,-0.195,-0.188,0
FICO,8865,0.465,6.027,0.473,0.19,0.493,0.68,0.724,0.092,-0.14,-1.666,0.008,-0.275,0.028,0.215,0.26,-0.373,-0.605,0
FIGS,8049,-0.437,9.665,-0.318,-0.467,-0.121,-0.855,-0.16,-1.104,0.339,-3.68,0.119,-0.03,0.316,-0.418,0.277,-0.667,0.776,2
FIS,8867,-0.046,4.662,0.109,0.0,0.16,-0.37,-0.06,-0.474,-0.333,-1.171,0.154,0.046,0.206,-0.324,-0.014,-0.428,-0.287,0
FISV,4615,0.245,5.608,0.357,0.997,0.128,0.03,0.859,0.756,-0.387,0.753,0.112,0.752,-0.117,-0.215,0.615,0.511,-0.632,0
FITB,8867,0.265,4.487,0.222,0.474,0.23,0.253,0.03,-0.333,-0.784,-1.186,-0.043,0.209,-0.035,-0.012,-0.235,-0.598,-1.049,0
FIVE,8867,0.217,6.555,-0.063,-0.009,0.359,-0.264,0.631,0.555,1.559,-1.877,-0.28,-0.227,0.142,-0.482,0.413,0.337,1.342,0
FIVN,8867,-0.598,8.211,0.071,-0.782,-0.903,-0.419,-0.656,-0.356,-2.39,-2.48,0.669,-0.185,-0.305,0.178,-0.058,0.242,-1.792,0
FIX,8596,1.201,6.127,1.338,1.699,0.93,1.374,1.541,0.347,1.752,-2.928,0.137,0.498,-0.271,0.173,0.34,-0.854,0.551,0
FIZZ,6647,-0.089,4.86,-0.644,0.066,0.189,-0.497,-0.178,-0.271,1.179,-2.246,-0.556,0.155,0.278,-0.408,-0.089,-0.182,1.267,0
FLEX,8867,0.837,6.516,0.641,0.891,0.658,0.863,1.205,1.396,-0.21,-0.861,-0.195,0.054,-0.179,0.027,0.369,0.559,-1.047,0
FLG,3037,0.171,5.57,-0.669,-0.275,1.333,0.0,-0.875,-1.989,-0.581,-0.622,-0.84,-0.447,1.162,-0.171,-1.046,-2.16,-0.753,2
FLGT,6411,-0.689,8.099,0.0,-0.565,-1.23,-1.73,-0.265,-2.131,0.638,-6.094,0.689,0.124,-0.541,-1.041,0.425,-1.442,1.327,1
FLNC,7958,-1.094,13.837,0.411,-0.647,-1.988,-0.675,0.33,-1.092,-0.127,-2.765,1.505,0.446,-0.894,0.419,1.423,0.001,0.967,1
FLNG,7588,0.214,6.131,1.786,0.394,0.049,0.132,1.839,-0.233,0.212,0.284,1.571,0.179,-0.166,-0.083,1.624,-0.448,-0.002,1
FLO,8867,-0.293,3.468,-0.227,-0.404,-0.166,-0.171,-0.298,0.161,0.445,-2.327,0.066,-0.11,0.128,0.123,-0.005,0.454,0.739,0
FLR,8867,0.674,5.993,0.587,1.202,0.81,0.379,0.942,0.491,0.666,1.097,-0.087,0.528,0.136,-0.295,0.268,-0.183,-0.008,0
FLS,8867,0.467,5.128,-0.18,0.712,0.694,0.229,0.288,0.491,1.271,0.743,-0.647,0.245,0.227,-0.238,-0.179,0.023,0.804,0
FLUT,4343,0.242,5.344,-0.676,0.239,0.272,-0.125,-0.192,-0.161,1.044,-0.915,-0.918,-0.003,0.03,-0.367,-0.434,-0.404,0.802,2
FLYW,8743,0.087,8.166,1.217,-0.137,0.39,-0.116,0.119,-0.273,0.697,-1.48,1.131,-0.223,0.304,-0.202,0.032,-0.359,0.611,0
FMC,8867,-0.064,6.613,0.221,-0.045,-0.135,-0.363,0.103,-0.17,-1.226,-1.641,0.285,0.019,-0.071,-0.299,0.168,-0.106,-1.162,0
FN,8712,0.418,7.442,0.639,0.511,0.868,0.373,0.252,-0.042,1.109,-3.1,0.22,0.093,0.449,-0.045,-0.166,-0.461,0.69,2
FNB,8867,0.209,3.93,0.285,0.243,0.217,0.083,0.274,0.284,0.171,-0.725,0.076,0.034,0.009,-0.125,0.065,0.076,-0.038,0
FND,8867,-0.081,6.185,0.049,-0.061,-0.347,0.186,1.143,-0.535,-1.288,-3.069,0.131,0.021,-0.266,0.267,1.225,-0.454,-1.207,1
FNF,8867,0.393,3.861,0.382,0.705,0.495,0.327,0.835,0.338,0.498,-0.567,-0.011,0.312,0.102,-0.066,0.442,-0.054,0.105,0
FNKO,4900,0.173,10.753,1.011,-0.234,0.553,0.818,1.058,1.549,-0.219,0.0,0.838,-0.407,0.38,0.645,0.884,1.376,-0.393,0
FNV,8867,0.435,4.317,0.436,0.361,0.115,0.519,0.395,1.341,0.149,-2.329,0.001,-0.074,-0.32,0.084,-0.04,0.906,-0.287,0
FORM,8723,0.518,7.817,1.025,1.382,0.886,0.36,2.197,-0.009,0.552,-1.356,0.507,0.863,0.368,-0.159,1.678,-0.527,0.034,1
FOUR,8867,-0.038,8.068,1.613,0.034,-0.417,-0.552,0.425,0.622,-0.255,-1.654,1.651,0.072,-0.379,-0.514,0.463,0.66,-0.217,1
FOX,8867,0.404,3.83,0.462,0.542,0.548,0.112,0.535,0.704,0.655,0.84,0.058,0.138,0.144,-0.292,0.131,0.3,0.251,0
FOXA,8867,0.381,3.94,0.663,0.546,0.465,0.168,0.669,0.213,1.815,-2.32,0.282,0.164,0.084,-0.213,0.288,-0.168,1.434,0
FOXF,8651,-0.474,7.129,0.497,-0.399,-0.854,-0.346,0.483,-0.646,-0.244,-6.789,0.971,0.074,-0.38,0.128,0.957,-0.172,0.23,1
FPI,4863,0.0,5.128,-0.296,-0.407,0.0,-0.411,-0.776,0.0,-0.761,-2.208,-0.296,-0.407,0.0,-0.411,-0.776,0.0,-0.761,2
FR,8867,0.249,3.223,0.386,0.336,0.167,0.115,0.504,-0.059,0.777,-0.966,0.137,0.087,-0.082,-0.135,0.255,-0.309,0.528,0
FRHC,6699,0.419,6.174,0.426,0.436,0.66,0.716,0.074,0.044,-0.073,-1.314,0.007,0.018,0.241,0.297,-0.344,-0.375,-0.492,2
FRME,6555,-0.323,4.918,0.05,-0.391,-0.338,-0.737,0.282,-0.506,-0.166,-2.451,0.372,-0.069,-0.016,-0.414,0.605,-0.183,0.157,0
FRO,8832,0.877,6.82,0.3,0.702,0.908,1.181,0.277,1.3,0.886,-3.319,-0.577,-0.175,0.031,0.303,-0.6,0.423,0.008,2
FROG,8825,0.271,7.946,0.549,0.376,0.55,0.347,0.283,-0.339,0.52,-2.26,0.279,0.105,0.28,0.076,0.012,-0.61,0.249,0
FRPT,8867,0.034,7.395,-0.702,0.324,-0.136,-0.351,-0.479,0.538,-1.567,-0.758,-0.736,0.29,-0.17,-0.385,-0.513,0.504,-1.601,2
FRSH,8472,-0.463,7.917,1.337,0.0,-0.683,-1.138,0.861,-2.432,0.266,-2.616,1.8,0.463,-0.22,-0.675,1.325,-1.969,0.729,1
FRT,8867,0.078,3.154,0.511,0.281,0.0,-0.036,0.4,-0.103,0.46,-1.127,0.432,0.203,-0.078,-0.114,0.322,-0.181,0.382,0
FSCO,3768,0.156,3.197,0.769,0.462,0.378,0.0,0.77,-0.226,0.801,-0.874,0.613,0.306,0.222,-0.156,0.614,-0.382,0.645,0
FSK,8867,0.225,3.529,-0.051,0.273,0.2,0.261,0.0,0.149,0.0,-1.596,-0.276,0.048,-0.025,0.036,-0.225,-0.076,-0.225,0
FSLR,8867,0.11,7.983,1.603,0.178,0.054,0.278,0.671,1.065,1.42,-0.271,1.493,0.068,-0.056,0.168,0.561,0.955,1.31,0
FSLY,8859,-0.352,11.859,-0.472,0.097,-0.274,-0.457,-0.324,-1.244,-3.333,-1.0,-0.12,0.449,0.078,-0.105,0.028,-0.892,-2.981,2
FSS,8291,0.389,4.343,0.673,0.285,0.205,0.245,0.929,0.343,0.281,0.372,0.285,-0.104,-0.183,-0.144,0.54,-0.046,-0.108,0
FSV,7557,0.036,3.697,0.147,0.18,0.119,-0.148,0.351,-0.255,-0.647,-3.559,0.11,0.144,0.082,-0.184,0.315,-0.291,-0.684,0
FTAI,8510,1.422,7.896,1.688,1.815,1.599,1.254,1.744,0.439,2.021,-6.485,0.266,0.393,0.177,-0.168,0.323,-0.983,0.599,0
FTDR,8848,0.204,5.751,-0.033,0.096,0.258,0.46,0.058,0.616,0.701,-2.233,-0.237,-0.109,0.054,0.255,-0.146,0.412,0.497,0
FTI,8867,1.046,5.958,1.647,1.208,1.314,1.056,1.512,1.201,0.287,-1.886,0.601,0.162,0.268,0.011,0.466,0.155,-0.759,0
FTNT,8867,0.625,6.128,1.81,0.664,0.903,0.66,0.913,0.677,1.042,-1.075,1.185,0.039,0.278,0.036,0.288,0.052,0.417,0
FTRE,5138,-0.36,10.22,-2.032,0.188,-0.518,0.688,-0.685,0.943,-0.083,0.487,-1.673,0.548,-0.158,1.047,-0.325,1.303,0.276,2
FTS,8861,0.251,2.362,0.468,0.298,0.374,0.025,0.334,0.539,0.552,-0.479,0.217,0.047,0.123,-0.226,0.083,0.288,0.301,0
FTV,8867,0.181,3.431,0.39,0.507,0.352,-0.071,0.57,0.197,0.631,-0.908,0.209,0.326,0.171,-0.251,0.389,0.016,0.45,0
FUBO,8811,-1.911,13.582,-1.587,-1.627,-2.635,-2.739,-1.149,-4.054,-2.675,-4.421,0.324,0.283,-0.724,-0.828,0.761,-2.144,-0.764,1
FUL,8810,-0.116,4.124,0.134,-0.15,-0.23,-0.144,-0.172,-0.17,-0.779,-1.706,0.249,-0.034,-0.115,-0.029,-0.057,-0.055,-0.664,0
FULC,3721,-1.2,18.138,-5.117,-2.625,-1.801,0.977,-3.31,-0.436,0.0,-2.695,-3.917,-1.426,-0.601,2.177,-2.11,0.763,1.2,3
FULT,8828,0.069,4.404,0.051,-0.155,0.061,0.0,0.154,0.0,0.042,-0.981,-0.018,-0.224,-0.008,-0.069,0.084,-0.069,-0.028,0
FUN,7885,-0.238,6.425,0.574,-0.048,-0.176,-0.48,0.739,0.739,-0.469,-2.132,0.813,0.19,0.062,-0.242,0.977,0.977,-0.231,0
FVRR,8768,-0.962,8.853,-0.195,-0.899,-1.279,-1.41,-0.597,-0.781,0.168,0.611,0.767,0.063,-0.318,-0.449,0.365,0.18,1.129,1
FWONA,6362,0.415,4.454,1.023,0.169,0.395,0.362,0.681,-0.129,-0.169,-2.077,0.609,-0.245,-0.02,-0.053,0.266,-0.543,-0.584,0
FWONK,8867,0.356,3.632,0.574,0.083,0.15,0.224,0.798,0.085,-0.251,-1.041,0.217,-0.273,-0.206,-0.132,0.442,-0.271,-0.607,0
FWRD,8424,-0.339,9.801,-1.428,-0.443,-0.595,-0.113,-0.87,-1.344,-0.202,-4.814,-1.088,-0.104,-0.256,0.226,-0.531,-1.005,0.137,2
FWRG,5906,-0.206,7.773,0.829,-0.244,0.156,0.262,0.159,0.388,-0.818,-7.241,1.035,-0.039,0.362,0.468,0.365,0.594,-0.612,2
G,8867,-0.084,4.166,0.458,-0.022,-0.234,-0.125,0.037,-0.181,-0.073,-2.69,0.542,0.062,-0.149,-0.04,0.121,-0.097,0.012,0
GAP,3358,0.265,6.793,1.073,0.939,-0.059,0.29,0.367,0.074,0.512,1.173,0.808,0.674,-0.324,0.026,0.102,-0.191,0.247,0
GATX,8303,0.411,3.679,0.736,0.626,0.527,0.184,0.868,0.111,0.72,-0.654,0.325,0.215,0.116,-0.227,0.457,-0.3,0.309,0
GBCI,8829,-0.039,4.787,0.058,0.295,-0.021,-0.171,0.196,-0.665,0.642,-3.417,0.097,0.335,0.018,-0.132,0.235,-0.626,0.681,0
GBDC,8574,0.068,2.411,0.065,0.213,0.198,0.073,0.186,0.441,0.231,-0.075,-0.003,0.146,0.131,0.006,0.118,0.373,0.164,0
GBTG,3118,0.106,8.854,0.938,0.321,0.0,0.214,0.32,0.106,0.0,-1.287,0.832,0.214,-0.106,0.108,0.214,-0.001,-0.106,0
GBX,8074,0.345,6.515,0.045,0.37,0.552,0.355,0.293,1.118,-0.042,-5.387,-0.3,0.025,0.207,0.01,-0.052,0.773,-0.387,2
GCO,5370,0.269,10.715,1.493,0.608,-0.807,0.644,1.801,0.237,3.372,-4.716,1.224,0.34,-1.076,0.376,1.532,-0.031,3.104,1
GCT,5392,0.05,13.558,-1.222,0.52,0.735,0.535,0.167,0.043,0.509,0.723,-1.271,0.47,0.686,0.486,0.117,-0.006,0.459,2
GD,8867,0.306,2.775,0.841,0.638,0.258,0.079,0.904,0.536,0.259,0.979,0.535,0.332,-0.049,-0.227,0.598,0.23,-0.048,0
GDDY,8867,0.186,4.555,0.356,0.226,-0.047,0.135,0.322,0.186,-0.488,-0.982,0.17,0.039,-0.234,-0.051,0.135,-0.001,-0.675,0
GDOT,6229,-0.508,8.353,-0.26,-0.124,-0.289,-0.259,-0.566,-1.664,-0.566,-0.826,0.247,0.384,0.218,0.249,-0.058,-1.156,-0.058,2
GDRX,5039,-0.968,10.386,-1.392,-0.894,-0.626,-0.493,-1.743,-0.032,-1.878,-1.104,-0.423,0.074,0.342,0.475,-0.775,0.936,-0.91,2
GDYN,6505,-0.442,9.744,-0.435,-0.477,0.172,-1.185,-0.781,-2.486,0.49,-3.121,0.007,-0.035,0.614,-0.744,-0.339,-2.044,0.931,2
GE,8867,0.966,4.323,0.46,1.206,1.18,0.792,1.413,1.259,0.681,-0.231,-0.506,0.241,0.214,-0.173,0.447,0.293,-0.285,0
GEF,7444,0.147,4.486,0.713,0.218,0.318,0.045,0.657,0.063,0.679,-2.624,0.566,0.071,0.171,-0.101,0.51,-0.084,0.532,0
GEHC,6220,0.049,4.451,0.624,0.321,-0.438,0.0,0.452,-0.143,-1.127,-1.519,0.576,0.272,-0.487,-0.049,0.403,-0.192,-1.176,0
GEL,4980,0.414,7.744,2.204,0.824,-0.216,0.329,2.004,0.944,0.22,-3.055,1.79,0.411,-0.63,-0.085,1.591,0.531,-0.194,1
GEN,6483,0.183,4.639,0.473,0.303,0.165,-0.08,0.017,-0.264,-0.09,-1.479,0.29,0.12,-0.017,-0.262,-0.166,-0.446,-0.272,0
GENI,6421,0.0,8.304,-1.998,0.748,0.572,0.031,-1.346,1.312,-0.517,-2.75,-1.998,0.748,0.572,0.031,-1.346,1.312,-0.517,2
GEO,8771,0.403,7.477,-0.141,0.448,0.534,0.148,0.919,0.517,1.848,-0.63,-0.544,0.046,0.132,-0.254,0.516,0.114,1.446,0
GEV,4049,1.94,6.518,3.576,2.145,1.696,1.646,3.61,2.545,1.559,2.319,1.636,0.205,-0.244,-0.294,1.67,0.605,-0.381,0
GFF,8239,0.32,5.979,0.255,0.28,0.227,0.469,0.158,1.432,-0.416,0.874,-0.065,-0.04,-0.093,0.15,-0.162,1.112,-0.736,0
GFL,8866,0.068,4.245,0.307,0.32,0.267,-0.01,0.36,-0.054,0.617,-1.608,0.239,0.251,0.199,-0.078,0.292,-0.122,0.549,0
GFS,8291,-0.105,7.438,-0.406,0.262,-0.265,0.0,0.086,-0.401,-0.131,-3.325,-0.301,0.366,-0.16,0.105,0.191,-0.296,-0.026,0
GGG,8867,0.059,3.102,0.228,0.129,0.213,-0.33,0.207,0.357,-0.647,-1.312,0.169,0.07,0.154,-0.389,0.148,0.298,-0.706,0
GH,8860,-0.128,9.844,-0.387,-0.638,-0.239,0.075,-0.76,0.022,-0.797,-6.689,-0.26,-0.51,-0.112,0.202,-0.633,0.15,-0.669,2
GHC,4497,0.428,4.766,1.721,0.739,0.154,-0.025,1.833,0.512,0.932,-0.865,1.293,0.311,-0.275,-0.453,1.404,0.084,0.503,1
GIB,8533,0.083,3.155,0.539,0.194,0.093,-0.011,0.354,0.354,0.401,-0.318,0.456,0.111,0.01,-0.093,0.271,0.271,0.318,0
GIII,8444,0.457,6.824,0.378,0.935,0.982,0.69,0.875,0.783,-0.455,0.177,-0.079,0.478,0.525,0.233,0.417,0.325,-0.912,0
GIL,8837,0.249,4.398,0.392,0.257,0.12,0.118,0.398,0.241,0.452,-1.466,0.143,0.008,-0.129,-0.132,0.148,-0.009,0.203,0
GILD,8867,0.191,3.304,0.051,-0.006,0.207,-0.071,0.199,-0.17,-0.26,-1.629,-0.139,-0.197,0.017,-0.262,0.008,-0.361,-0.451,0
GIS,8867,-0.174,2.915,-0.293,-0.22,-0.203,-0.166,-0.294,0.116,-1.517,-2.592,-0.119,-0.047,-0.029,0.007,-0.12,0.289,-1.343,0
GKOS,8836,0.577,7.157,1.504,0.791,0.474,0.449,1.691,1.332,0.116,-0.836,0.927,0.215,-0.102,-0.128,1.114,0.755,-0.461,0
GL,8867,0.38,4.497,1.133,0.619,0.274,0.246,0.896,0.334,0.028,-1.639,0.754,0.239,-0.106,-0.134,0.516,-0.045,-0.352,0
GLBE,8867,0.226,8.803,1.145,1.01,0.095,-0.341,0.424,-0.266,-0.396,-2.101,0.92,0.784,-0.13,-0.567,0.198,-0.492,-0.622,1
GLNG,8811,0.24,5.443,1.346,0.131,-0.228,0.645,0.72,0.275,0.637,-1.691,1.106,-0.109,-0.468,0.405,0.48,0.035,0.397,0
GLOB,8865,-0.299,7.474,-0.019,0.129,-0.258,-0.644,0.619,-0.224,0.225,-4.027,0.28,0.428,0.042,-0.345,0.918,0.075,0.524,1
GLPI,8867,0.021,2.735,0.385,0.158,-0.044,-0.039,0.261,-0.463,0.647,-0.853,0.363,0.136,-0.065,-0.061,0.239,-0.485,0.626,0
GLW,8867,0.408,5.525,-0.245,0.471,0.448,0.233,0.309,0.08,0.101,-0.198,-0.653,0.063,0.04,-0.175,-0.099,-0.328,-0.307,0
GM,8867,0.132,5.113,0.203,0.241,0.06,-0.197,0.404,-0.35,-0.151,0.136,0.071,0.109,-0.072,-0.329,0.272,-0.482,-0.283,0
GME,8867,-0.831,11.539,-0.079,-0.806,-0.742,-0.556,-0.354,0.115,-2.484,-4.822,0.751,0.025,0.088,0.274,0.477,0.946,-1.653,1
GMED,8866,0.035,5.5,0.318,0.157,0.045,-0.103,0.289,-0.044,0.408,-2.306,0.283,0.122,0.01,-0.138,0.254,-0.079,0.373,0
GNK,8272,0.395,5.829,0.141,0.242,0.027,0.334,0.389,0.921,-0.342,-0.987,-0.254,-0.153,-0.368,-0.061,-0.006,0.525,-0.738,0
GNL,8600,-0.236,4.284,-0.281,-0.133,-0.365,-0.278,-0.293,-0.75,-0.124,-2.193,-0.044,0.103,-0.129,-0.042,-0.057,-0.514,0.112,0
GNRC,8867,0.094,7.51,-0.259,0.161,0.458,0.135,0.132,-0.804,-0.203,-0.523,-0.352,0.067,0.364,0.041,0.038,-0.898,-0.297,2
GNTX,8867,-0.03,3.544,-0.428,0.148,0.142,-0.09,0.132,0.206,-0.262,-0.045,-0.398,0.177,0.172,-0.06,0.162,0.236,-0.232,0
GNW,6213,0.542,4.329,0.733,0.619,0.558,0.236,0.154,0.5,-0.159,0.145,0.191,0.077,0.016,-0.306,-0.388,-0.042,-0.701,0
GO,8867,-0.314,6.624,-0.204,-0.285,-0.091,-0.213,-0.176,-0.251,-0.357,-1.072,0.11,0.029,0.223,0.101,0.137,0.063,-0.043,0
GOGO,7104,-0.675,8.947,-1.378,-0.92,-0.118,-0.574,-1.39,-1.187,-1.112,-1.639,-0.703,-0.245,0.556,0.101,-0.715,-0.512,-0.437,2
GOLD,7874,-0.053,6.825,0.221,-0.635,0.218,0.275,0.515,-0.198,-0.714,-1.863,0.274,-0.582,0.271,0.327,0.568,-0.145,-0.661,0
GOLF,8688,0.33,4.367,0.549,0.827,0.897,0.089,0.656,0.492,1.183,-4.221,0.218,0.496,0.567,-0.241,0.325,0.162,0.852,0
GOOD,4381,-0.294,5.028,0.104,-0.179,-0.692,-0.298,-0.518,-0.989,-0.137,-2.134,0.398,0.115,-0.398,-0.004,-0.224,-0.695,0.157,0
GOOG,8867,0.474,4.321,0.994,0.684,0.254,0.53,0.952,0.995,0.487,-3.721,0.519,0.21,-0.221,0.055,0.477,0.521,0.013,0
GOOGL,8867,0.481,4.355,0.918,0.676,0.138,0.547,0.842,0.702,0.591,-1.134,0.437,0.196,-0.343,0.066,0.362,0.221,0.11,0
GOOS,8236,-0.723,7.385,-0.698,-0.607,-0.104,-1.069,-0.865,-0.738,-0.458,-3.584,0.025,0.116,0.619,-0.346,-0.142,-0.015,0.265,2
GPC,8867,0.079,3.819,0.243,0.181,0.029,-0.024,0.024,0.098,-0.262,-0.708,0.164,0.103,-0.05,-0.102,-0.055,0.019,-0.341,0
GPI,8768,0.3,4.886,0.827,0.846,0.191,-0.022,1.077,-0.118,0.433,0.799,0.528,0.546,-0.109,-0.322,0.777,-0.418,0.133,0
GPK,8867,-0.126,4.185,0.451,0.147,0.0,-0.284,0.144,0.254,-0.318,-1.236,0.577,0.273,0.126,-0.158,0.27,0.38,-0.192,0
GPN,8867,-0.134,5.031,0.374,-0.262,0.15,-0.11,0.259,-0.634,0.288,-0.824,0.508,-0.128,0.283,0.024,0.393,-0.5,0.422,0
GPOR,7895,0.621,5.836,0.879,0.811,0.627,0.772,1.054,0.854,1.307,-3.36,0.259,0.19,0.006,0.151,0.433,0.233,0.686,0
GPRE,8425,-0.48,7.598,0.53,0.0,-1.05,-1.097,0.095,0.344,-3.057,-4.023,1.01,0.48,-0.569,-0.616,0.575,0.825,-2.577,1
GPRK,4162,0.184,9.546,2.428,0.533,-0.465,0.129,1.174,-0.103,-0.444,-3.593,2.244,0.349,-0.649,-0.055,0.99,-0.287,-0.628,1
GRAL,3606,1.613,13.984,3.991,1.158,2.059,1.393,1.687,-1.32,8.144,-0.456,2.378,-0.455,0.445,-0.22,0.073,-2.933,6.531,1
GRBK,8523,0.392,6.424,0.037,0.571,0.586,0.372,0.315,0.273,-1.507,-2.907,-0.356,0.179,0.193,-0.02,-0.077,-0.119,-1.899,2
GRMN,8867,0.382,4.513,0.243,0.548,0.113,0.37,0.497,0.195,0.643,-2.825,-0.139,0.166,-0.269,-0.012,0.115,-0.187,0.261,0
GRND,4055,0.545,8.624,-0.49,0.334,0.875,0.181,-0.056,1.56,-0.29,1.302,-1.034,-0.211,0.331,-0.363,-0.601,1.015,-0.835,2
GRPN,8190,-0.428,12.883,-1.385,-1.137,0.4,-1.105,-0.691,0.572,-1.945,-3.052,-0.957,-0.71,0.828,-0.677,-0.263,1.0,-1.518,2
GRRR,3146,-2.026,20.621,0.943,-1.784,-2.378,-2.227,0.06,-5.185,-5.887,-20.517,2.969,0.242,-0.352,-0.201,2.086,-3.159,-3.861,1
GS,8867,0.467,4.077,0.354,0.587,0.319,0.198,0.334,0.361,1.218,-1.201,-0.113,0.12,-0.148,-0.269,-0.133,-0.106,0.751,0
GSAT,7193,0.0,10.832,0.952,0.022,-0.262,0.049,1.226,0.262,1.102,-6.699,0.952,0.022,-0.262,0.049,1.226,0.262,1.102,1
GSBD,8321,0.0,2.971,0.0,0.073,0.0,-0.118,-0.067,-0.0,0.142,-3.374,0.0,0.073,0.0,-0.118,-0.067,-0.0,0.142,0
GSHD,8585,-0.183,8.315,-0.347,0.367,0.35,-0.612,0.404,-1.202,-0.935,-4.473,-0.163,0.551,0.534,-0.429,0.588,-1.019,-0.752,2
GSL,8475,0.713,5.323,0.796,0.768,0.778,0.827,0.941,1.136,1.398,-0.901,0.083,0.055,0.065,0.114,0.228,0.424,0.685,0
GSM,3534,-0.595,9.915,-0.587,-0.639,0.398,-0.389,-1.389,-1.931,2.741,-0.977,0.008,-0.044,0.994,0.206,-0.794,-1.335,3.336,2
GT,8867,0.0,7.182,0.399,0.778,0.503,-0.414,0.354,-0.965,0.286,-4.419,0.399,0.778,0.503,-0.414,0.354,-0.965,0.286,1
GTE,3136,0.736,12.889,-1.357,0.0,2.639,2.372,-1.88,-2.711,-4.91,-11.132,-2.093,-0.736,1.903,1.635,-2.616,-3.447,-5.646,3
GTES,8558,0.378,4.901,0.853,0.46,0.173,0.459,0.993,-0.045,0.344,0.207,0.475,0.081,-0.205,0.081,0.615,-0.423,-0.035,0
GTLB,8361,-0.424,10.248,1.035,-0.977,-0.324,-0.242,-0.121,-0.606,-1.298,-4.896,1.46,-0.553,0.1,0.182,0.303,-0.182,-0.874,1
GTLS,8769,0.073,7.414,1.294,0.08,-0.063,-0.057,0.565,0.058,0.024,-2.162,1.221,0.007,-0.136,-0.131,0.492,-0.015,-0.049,1
GTN,5687,-0.38,7.923,-0.245,-0.154,0.0,-0.546,-0.118,-0.53,0.316,0.065,0.135,0.226,0.38,-0.166,0.262,-0.15,0.695,0
GTX,5557,0.57,6.465,1.169,0.431,0.533,0.157,1.053,0.799,0.669,0.021,0.599,-0.139,-0.036,-0.413,0.483,0.229,0.099,0
GTY,6676,0.0,3.307,0.267,0.034,-0.293,0.035,0.195,-0.207,0.238,-2.452,0.267,0.034,-0.293,0.035,0.195,-0.207,0.238,0
GVA,8242,0.387,4.921,0.53,0.354,0.116,0.253,0.534,0.67,-0.415,-0.185,0.143,-0.033,-0.27,-0.134,0.147,0.283,-0.802,0
GWRE,8867,0.249,5.929,0.505,0.015,0.351,0.267,0.366,-0.092,-0.692,-6.163,0.256,-0.234,0.102,0.017,0.116,-0.341,-0.942,2
GWW,8867,0.361,3.502,0.439,0.491,0.128,0.235,0.706,0.896,0.594,-1.229,0.078,0.13,-0.233,-0.126,0.346,0.535,0.234,0
GXO,8727,-0.116,5.976,-0.16,0.229,0.281,-0.139,-0.131,0.276,-0.932,-1.907,-0.044,0.345,0.397,-0.022,-0.015,0.392,-0.816,2
H,8867,0.347,4.753,1.235,0.454,-0.121,0.06,1.137,0.125,0.112,-3.15,0.888,0.107,-0.468,-0.287,0.79,-0.222,-0.235,1
HAE,8860,0.15,6.136,0.729,-0.318,0.117,0.559,0.16,0.785,0.346,-2.452,0.58,-0.468,-0.033,0.409,0.011,0.635,0.197,0
HAL,8867,0.323,5.837,0.519,0.487,0.099,0.245,0.413,0.337,-0.287,0.917,0.196,0.164,-0.224,-0.078,0.09,0.014,-0.61,0
HALO,8867,0.399,5.643,-0.423,0.167,0.406,0.693,-0.34,0.824,1.649,-0.232,-0.821,-0.231,0.007,0.295,-0.738,0.426,1.25,2
HAS,8867,0.116,4.581,0.834,0.11,-0.092,-0.144,0.77,-0.329,0.024,-0.814,0.718,-0.007,-0.209,-0.26,0.653,-0.445,-0.093,0
HASI,8866,0.128,6.869,-0.108,0.351,0.286,-0.479,0.37,-0.017,-0.442,-0.116,-0.236,0.223,0.158,-0.607,0.242,-0.145,-0.57,0
HAYW,8837,-0.194,5.546,0.194,-0.15,-0.217,-0.261,0.203,0.0,-0.801,-2.091,0.387,0.043,-0.023,-0.067,0.396,0.194,-0.607,0
HBAN,8867,0.388,4.452,0.131,0.422,0.395,0.368,0.116,0.569,0.027,-2.498,-0.257,0.034,0.007,-0.02,-0.272,0.18,-0.361,0
HBM,6981,0.899,7.651,2.102,0.106,0.9,0.776,0.85,2.466,1.192,-2.963,1.203,-0.793,0.001,-0.123,-0.049,1.567,0.293,0
HCA,8867,0.418,4.195,0.177,0.437,0.357,0.212,0.194,0.315,-0.016,-3.727,-0.242,0.018,-0.061,-0.207,-0.225,-0.104,-0.434,0
HCC,8853,0.393,6.968,1.341,0.695,0.378,0.084,0.987,0.437,0.725,0.366,0.948,0.301,-0.015,-0.309,0.593,0.044,0.331,0
HCI,6404,0.428,7.044,0.715,0.365,0.319,0.251,1.532,-0.235,0.793,-2.645,0.288,-0.063,-0.109,-0.177,1.105,-0.662,0.365,0
HCSG,7020,-0.359,6.572,0.0,-0.032,-0.291,-0.813,0.551,0.763,-0.514,-2.343,0.359,0.327,0.068,-0.455,0.91,1.122,-0.155,0
HD,8867,0.17,3.378,-0.124,0.238,0.354,0.106,-0.033,-0.23,0.95,-1.37,-0.295,0.068,0.184,-0.064,-0.203,-0.4,0.78,0
HDSN,3618,0.671,10.203,0.044,1.702,1.01,0.404,1.645,-1.01,-2.29,-3.432,-0.627,1.031,0.339,-0.267,0.973,-1.681,-2.961,1
HE,8825,-0.095,7.107,-0.093,0.266,0.0,0.0,-0.136,0.378,0.524,-1.923,0.003,0.362,0.095,0.095,-0.04,0.473,0.619,0
HEI,8865,0.504,3.76,0.633,0.467,0.599,0.492,0.559,0.966,0.437,-1.3,0.128,-0.037,0.095,-0.012,0.055,0.462,-0.068,0
HELE,8822,-0.504,7.286,-0.297,-0.432,-0.377,-0.452,-0.082,-0.169,-1.372,-3.997,0.206,0.071,0.127,0.051,0.422,0.334,-0.869,0
HESM,8576,0.526,3.848,0.95,0.464,0.106,0.169,0.805,0.827,0.584,-1.037,0.424,-0.062,-0.42,-0.357,0.279,0.301,0.057,0
HFWA,3453,0.312,6.945,0.269,0.356,0.034,0.039,1.071,-3.493,-0.291,-8.425,-0.043,0.044,-0.278,-0.272,0.759,-3.805,-0.603,1
HG,3657,0.85,4.955,2.295,1.206,1.197,0.476,1.388,0.813,-0.272,1.577,1.445,0.356,0.347,-0.374,0.538,-0.037,-1.122,0
HGV,8866,0.127,5.334,0.765,0.362,-0.333,-0.313,0.56,0.129,0.907,-2.568,0.638,0.235,-0.461,-0.44,0.433,0.002,0.78,0
HHH,5044,-0.06,4.272,0.271,-0.274,-0.03,0.032,0.152,-0.58,-0.104,0.1,0.331,-0.214,0.03,0.091,0.212,-0.52,-0.044,0
HIG,8867,0.545,2.891,1.032,0.771,0.497,0.179,1.076,1.03,0.818,-1.567,0.487,0.226,-0.048,-0.366,0.53,0.485,0.273,0
HII,8866,0.214,4.38,1.264,0.055,0.123,0.365,0.47,0.035,-0.156,-1.274,1.05,-0.16,-0.092,0.151,0.256,-0.179,-0.371,0
HIMS,8057,-0.083,12.146,-0.831,-0.541,0.135,-0.138,-0.034,-0.175,0.853,-6.205,-0.747,-0.458,0.218,-0.055,0.049,-0.091,0.937,2
HIPO,3343,-2.022,14.333,-1.852,-2.983,-2.197,-1.318,-0.664,-1.943,-4.283,-9.12,0.17,-0.961,-0.175,0.705,1.358,0.08,-2.26,3
HIW,8867,0.044,4.244,0.652,0.077,-0.412,0.069,0.351,0.391,-0.732,-2.782,0.608,0.033,-0.455,0.025,0.307,0.347,-0.775,0
HL,6493,0.166,8.308,-0.386,-0.303,-0.497,0.398,0.0,1.053,-0.355,-3.684,-0.552,-0.469,-0.663,0.232,-0.166,0.887,-0.521,2
HLF,8836,-0.434,8.699,-0.292,-0.241,-1.271,-0.691,-0.094,-1.455,-1.749,-1.763,0.142,0.193,-0.837,-0.256,0.34,-1.02,-1.315,1
HLI,8866,0.289,3.989,-0.255,0.6,0.517,0.204,0.192,0.45,0.36,-2.687,-0.544,0.31,0.228,-0.085,-0.097,0.16,0.071,0
HLIO,6553,0.034,6.838,0.876,-0.139,-0.324,0.075,0.51,-1.206,-1.212,-4.144,0.841,-0.174,-0.358,0.04,0.476,-1.24,-1.246,1
HLIT,7976,0.0,7.142,-0.077,0.163,-0.092,0.089,0.849,0.523,-1.183,-4.107,-0.077,0.163,-0.092,0.089,0.849,0.523,-1.183,0
HLMN,8006,-0.27,5.718,-0.107,-0.21,-0.501,-0.365,0.423,-0.307,-0.378,-3.307,0.163,0.059,-0.231,-0.095,0.693,-0.037,-0.109,0
HLNE,8590,0.368,5.328,-0.094,0.4,0.215,0.404,0.303,0.568,-0.554,-3.226,-0.462,0.031,-0.153,0.036,-0.065,0.199,-0.923,0
HLT,8867,0.578,3.712,1.137,0.495,0.68,0.724,0.711,0.708,0.251,-0.795,0.559,-0.083,0.102,0.146,0.133,0.13,-0.327,0
HLX,6572,0.532,6.312,1.163,0.61,-0.079,0.556,0.819,-0.59,0.0,-0.987,0.631,0.078,-0.611,0.024,0.287,-1.121,-0.532,0
HMN,6183,0.302,3.824,0.757,0.468,0.205,0.067,0.421,0.478,0.367,-4.156,0.455,0.166,-0.097,-0.235,0.119,0.177,0.066,0
HNI,7039,0.339,4.964,0.085,0.689,0.898,0.0,0.873,0.455,-0.307,-2.233,-0.254,0.35,0.559,-0.339,0.534,0.117,-0.646,0
HNRG,3644,0.709,13.965,2.624,0.934,1.861,0.029,-1.687,0.944,0.267,-3.652,1.915,0.225,1.152,-0.68,-2.396,0.235,-0.442,2
HOG,8867,-0.317,5.272,0.459,-0.267,-1.007,-0.728,-0.083,-0.142,0.408,-1.363,0.776,0.05,-0.69,-0.411,0.234,0.175,0.725,0
HOMB,8833,-0.037,3.631,0.464,-0.044,-0.308,-0.133,0.592,-0.079,-0.081,-1.449,0.501,-0.007,-0.271,-0.096,0.629,-0.042,-0.045,0
HON,8867,0.124,4.411,0.32,0.097,0.177,0.254,0.511,0.234,0.302,-0.455,0.196,-0.026,0.054,0.131,0.387,0.11,0.179,0
HOOD,8739,0.45,9.826,-0.264,-0.078,0.078,0.595,-1.311,0.518,0.469,-4.512,-0.714,-0.529,-0.372,0.144,-1.762,0.068,0.019,2
HOPE,7495,-0.185,4.699,-0.306,-0.207,-0.342,-0.287,-0.031,0.524,-0.748,-0.989,-0.121,-0.022,-0.156,-0.101,0.154,0.709,-0.563,0
HOV,6251,0.109,11.035,0.687,0.853,0.103,-0.286,0.246,-1.075,-0.911,-16.088,0.578,0.745,-0.006,-0.395,0.138,-1.184,-1.02,1
HP,8867,0.318,6.74,0.728,0.439,0.0,-0.235,0.431,0.252,1.079,-1.227,0.409,0.121,-0.318,-0.554,0.112,-0.066,0.761,0
HPE,8867,0.697,6.079,0.365,0.953,0.945,0.913,0.311,1.471,0.685,-4.985,-0.333,0.256,0.248,0.216,-0.386,0.774,-0.012,2
HPK,4327,-0.585,12.781,1.363,0.407,-1.119,-0.926,1.49,0.063,0.893,-7.882,1.948,0.992,-0.534,-0.341,2.076,0.648,1.478,1
HPP,8599,-1.215,8.685,-0.902,-1.517,-1.188,-0.539,-0.133,-1.945,-1.341,-0.916,0.313,-0.302,0.027,0.675,1.082,-0.73,-0.126,1
HPQ,8867,0.1,4.945,-0.053,0.334,-0.243,0.309,-0.037,0.406,0.551,-0.642,-0.153,0.234,-0.343,0.209,-0.137,0.306,0.451,0
HQY,8867,0.562,5.225,1.251,0.745,0.296,0.274,0.965,0.596,-0.575,-0.949,0.689,0.183,-0.266,-0.288,0.403,0.034,-1.137,0
HR,8867,0.032,3.544,0.275,0.0,0.249,0.033,0.615,0.097,0.323,-1.19,0.243,-0.032,0.217,0.001,0.583,0.065,0.291,0
HRB,8867,0.19,4.668,0.518,0.041,0.388,0.243,0.614,-0.006,-1.482,-3.426,0.328,-0.149,0.198,0.053,0.423,-0.196,-1.672,0
HRI,8838,0.272,7.452,-0.079,0.268,0.441,0.382,0.003,0.944,-0.293,-0.556,-0.351,-0.004,0.169,0.11,-0.269,0.672,-0.565,2
HRL,8867,-0.066,3.355,-0.1,0.0,0.042,-0.098,-0.494,0.246,0.201,-1.581,-0.034,0.066,0.108,-0.032,-0.428,0.312,0.267,0
HRMY,8684,0.21,6.864,0.172,0.488,0.121,0.337,0.016,0.587,0.154,-1.378,-0.038,0.278,-0.089,0.127,-0.194,0.377,-0.056,0
HROW,5636,1.129,12.258,0.779,0.986,2.182,0.37,0.923,-0.742,1.529,-3.465,-0.351,-0.143,1.052,-0.759,-0.206,-1.872,0.399,2
HRTG,3039,1.125,13.269,3.687,0.606,0.843,1.438,2.879,-0.759,0.529,-1.575,2.562,-0.519,-0.282,0.313,1.755,-1.884,-0.596,1
HRZN,3010,-1.057,6.82,-0.352,-1.019,-1.719,-0.877,-0.104,-2.724,-2.58,-3.086,0.704,0.038,-0.662,0.18,0.952,-1.667,-1.523,1
HSAI,3716,-0.543,13.735,-0.485,-1.613,-0.545,-0.787,-0.725,-2.77,2.121,-5.898,0.058,-1.07,-0.002,-0.244,-0.182,-2.227,2.664,3
HSIC,8867,0.013,3.538,0.506,0.093,0.297,-0.276,0.52,-0.193,-0.121,-0.296,0.494,0.08,0.284,-0.288,0.507,-0.206,-0.134,0
HST,8867,0.217,4.201,0.547,0.294,0.219,0.214,0.276,0.251,0.26,-2.572,0.33,0.076,0.001,-0.004,0.059,0.034,0.043,0
HSY,8867,-0.025,3.303,0.0,-0.105,-0.066,0.125,-0.162,-0.124,-0.209,-1.689,0.025,-0.08,-0.041,0.15,-0.137,-0.099,-0.184,0
HTGC,8848,0.287,3.803,0.361,0.472,0.0,0.495,0.131,0.056,0.061,0.057,0.075,0.185,-0.287,0.209,-0.156,-0.23,-0.225,0
HTH,7328,0.027,4.324,0.593,0.374,-0.26,-0.573,0.784,-0.035,-0.277,-1.005,0.566,0.347,-0.286,-0.6,0.757,-0.062,-0.303,0
HTLD,4060,-0.534,6.851,-0.984,-0.356,-0.607,0.0,-1.048,-0.997,-1.899,-6.506,-0.45,0.179,-0.073,0.534,-0.514,-0.462,-1.364,2
HTZ,6156,-0.616,9.411,-0.36,0.2,-0.623,-0.688,-0.192,-1.369,0.588,-7.216,0.256,0.816,-0.006,-0.072,0.424,-0.752,1.204,1
HUBB,8867,0.527,3.91,0.91,0.79,0.655,0.303,1.083,1.153,0.872,-1.032,0.382,0.263,0.128,-0.224,0.556,0.625,0.345,0
HUBG,8630,0.228,4.868,0.491,0.304,0.32,0.323,0.301,-0.314,-0.204,-2.801,0.263,0.076,0.092,0.095,0.073,-0.542,-0.432,0
HUBS,8867,0.312,7.504,0.85,0.782,0.579,0.153,0.291,-0.314,0.078,-1.66,0.538,0.47,0.267,-0.159,-0.021,-0.626,-0.234,0
HUM,8867,0.13,5.56,0.56,-0.227,0.045,0.163,0.453,0.239,-0.289,-1.466,0.431,-0.357,-0.085,0.033,0.323,0.109,-0.419,0
HUN,8867,-0.172,5.674,0.039,0.203,0.089,-0.52,0.246,-0.236,-0.864,-1.899,0.211,0.374,0.26,-0.348,0.417,-0.064,-0.692,0
HURN,7080,0.645,5.695,2.016,1.11,0.831,0.572,1.271,0.133,-0.332,-5.043,1.371,0.465,0.185,-0.074,0.626,-0.512,-0.977,1
HUT,8727,0.0,15.355,0.163,-0.774,-0.37,1.158,-1.341,0.0,-1.836,-7.996,0.163,-0.774,-0.37,1.158,-1.341,0.0,-1.836,3
HVT,3414,-0.965,7.736,-0.226,-0.685,-1.688,-1.357,0.859,-0.914,-1.413,-6.602,0.739,0.28,-0.723,-0.392,1.824,0.051,-0.447,1
HWC,8834,0.339,4.586,0.322,0.473,0.387,0.227,0.403,0.369,-0.462,-1.029,-0.017,0.134,0.048,-0.112,0.064,0.03,-0.801,0
HWKN,4591,1.19,6.895,0.918,1.654,1.288,0.827,0.909,1.406,1.118,-0.445,-0.272,0.463,0.097,-0.363,-0.281,0.215,-0.072,0
HWM,8867,0.856,4.326,0.889,0.981,0.925,0.642,0.788,0.372,0.737,-1.231,0.032,0.125,0.068,-0.214,-0.068,-0.484,-0.12,0
HXL,8867,0.571,4.433,0.636,0.817,0.77,0.726,0.802,0.27,0.258,-0.026,0.065,0.246,0.199,0.155,0.231,-0.301,-0.313,0
HZO,7468,-0.23,7.452,0.642,0.608,-1.081,-1.0,0.888,-0.235,-2.347,-2.473,0.873,0.839,-0.851,-0.77,1.119,-0.005,-2.116,1
IAC,8615,-0.012,5.531,-0.328,0.346,-0.251,-0.087,0.04,-0.288,-0.333,-1.879,-0.316,0.358,-0.239,-0.075,0.052,-0.276,-0.321,0
IAG,3263,1.298,8.288,0.923,1.862,2.607,1.711,-1.343,0.262,-0.131,-1.595,-0.375,0.564,1.309,0.413,-2.641,-1.036,-1.429,2
IART,8693,-0.25,6.792,0.043,-0.337,-0.172,-0.494,0.138,-0.333,-0.11,-2.92,0.294,-0.086,0.079,-0.244,0.389,-0.083,0.141,0
IBKR,8867,0.788,4.773,0.562,0.679,1.171,0.635,0.467,0.288,0.641,-3.232,-0.226,-0.109,0.383,-0.153,-0.321,-0.5,-0.147,2
IBM,8867,0.33,4.537,0.05,0.177,0.326,0.587,0.059,0.461,0.827,-2.623,-0.28,-0.152,-0.004,0.257,-0.271,0.131,0.498,0
IBOC,7407,0.218,4.18,0.216,0.513,0.549,-0.105,0.306,-0.42,0.794,-2.089,-0.002,0.295,0.33,-0.324,0.088,-0.638,0.576,0
IBP,8770,0.479,6.289,-0.768,0.245,1.011,0.498,0.679,1.102,0.215,0.724,-1.246,-0.234,0.532,0.02,0.2,0.623,-0.263,2
IBRX,3467,-1.652,12.888,-1.326,0.0,-0.609,-2.727,-0.748,-1.126,1.509,-4.396,0.326,1.652,1.043,-1.076,0.903,0.526,3.161,1
IBTA,3466,0.389,10.646,-2.577,0.845,0.501,1.148,-2.474,0.62,1.329,-1.729,-2.966,0.457,0.112,0.759,-2.862,0.231,0.94,2
ICE,8867,0.259,3.18,-0.038,0.316,0.266,0.216,0.198,-0.175,0.316,0.494,-0.297,0.057,0.007,-0.043,-0.061,-0.433,0.057,0
ICFI,7038,0.142,5.171,0.394,-0.118,0.496,0.324,-0.078,-0.285,1.055,-3.049,0.252,-0.26,0.354,0.183,-0.22,-0.427,0.913,0
ICHR,6761,-0.166,10.99,0.315,0.021,-0.658,0.32,0.525,-0.765,-0.281,-9.159,0.481,0.187,-0.492,0.487,0.692,-0.598,-0.115,1
ICL,4924,-0.351,6.194,-0.57,-0.345,-0.229,-0.803,-0.484,-0.956,0.449,-5.587,-0.219,0.005,0.122,-0.452,-0.133,-0.605,0.8,2
ICLR,8867,0.196,6.503,0.389,0.325,0.601,0.018,0.365,-0.215,0.424,-2.261,0.193,0.129,0.405,-0.178,0.169,-0.411,0.229,0
ICUI,8805,-0.108,5.551,0.148,0.224,-0.079,-0.282,0.335,-0.908,-0.885,-4.017,0.256,0.331,0.029,-0.174,0.443,-0.8,-0.777,0
IDA,8821,0.196,2.562,0.381,0.325,0.105,0.202,0.615,-0.168,0.322,-0.658,0.185,0.129,-0.091,0.006,0.419,-0.364,0.126,0
IDCC,8440,0.326,5.288,-0.149,0.164,0.117,0.26,0.434,0.155,-0.698,-3.689,-0.474,-0.162,-0.208,-0.066,0.108,-0.171,-1.024,0
IDT,4190,1.062,8.19,-0.598,1.341,1.516,0.449,0.025,-0.451,-0.589,-2.38,-1.66,0.279,0.453,-0.613,-1.037,-1.514,-1.651,2
IDXX,8867,-0.173,4.684,0.265,0.025,-0.186,-0.041,-0.04,0.259,-0.533,-5.292,0.437,0.198,-0.013,0.132,0.132,0.432,-0.361,0
IDYA,7360,0.186,8.118,0.313,0.404,-0.166,-0.504,0.759,0.273,0.017,-2.359,0.128,0.219,-0.352,-0.689,0.573,0.088,-0.169,1
IE,4481,0.227,11.241,-0.22,-0.493,0.828,1.499,-0.606,-0.103,5.39,-5.536,-0.447,-0.72,0.601,1.272,-0.833,-0.33,5.162,3
IEP,8293,-0.117,6.596,-0.02,-0.128,-0.295,-0.201,-0.123,-0.379,-0.443,-6.337,0.097,-0.011,-0.178,-0.084,-0.006,-0.262,-0.327,2
IESC,4756,2.483,10.545,1.744,2.631,3.378,3.076,1.905,1.345,2.791,-1.311,-0.739,0.148,0.896,0.593,-0.577,-1.138,0.309,2
IEX,8867,0.09,3.148,-0.268,0.249,-0.102,0.15,0.268,0.137,0.467,-2.115,-0.358,0.159,-0.191,0.061,0.178,0.048,0.377,0
IFF,8867,0.107,4.434,0.124,-0.098,0.562,-0.063,0.417,0.35,0.126,-2.381,0.018,-0.204,0.456,-0.17,0.31,0.243,0.019,0
IIIN,3026,0.398,9.305,1.177,1.471,-0.785,-0.891,1.602,0.746,0.807,-11.334,0.779,1.073,-1.183,-1.289,1.205,0.348,0.409,1
IIIV,4196,-0.084,7.797,-0.625,0.581,0.274,-0.219,-0.142,0.541,-0.945,-4.231,-0.541,0.664,0.357,-0.135,-0.058,0.625,-0.861,2
IIPR,8790,0.146,5.882,-0.782,0.27,-0.064,0.415,-0.218,0.51,0.703,-2.803,-0.928,0.125,-0.21,0.27,-0.363,0.365,0.557,2
ILMN,8867,-0.198,6.23,-0.013,0.53,-0.165,-0.661,0.29,-0.342,0.47,-6.644,0.185,0.728,0.032,-0.463,0.487,-0.144,0.667,1
IMAX,8421,0.126,5.962,-0.104,0.033,0.055,0.175,0.126,0.466,-0.175,-4.572,-0.23,-0.093,-0.071,0.049,0.0,0.34,-0.301,2
IMKTA,6178,0.336,4.376,0.967,0.355,0.125,0.149,0.74,-0.244,0.454,-0.192,0.63,0.018,-0.211,-0.187,0.403,-0.58,0.118,0
IMMR,3253,-0.348,9.174,0.623,-0.229,0.0,-0.466,0.0,0.81,-2.307,-1.229,0.971,0.119,0.348,-0.118,0.348,1.158,-1.959,0
IMNM,4371,0.298,13.614,-0.689,0.0,-0.367,-0.308,-0.969,-1.74,-2.468,-10.38,-0.987,-0.298,-0.665,-0.606,-1.268,-2.038,-2.766,2
IMO,8844,0.977,4.7,0.662,1.273,0.909,0.869,0.956,1.533,1.297,0.706,-0.315,0.296,-0.068,-0.108,-0.021,0.556,0.32,0
IMVT,7390,0.157,9.194,0.405,0.5,0.163,-0.114,0.309,-1.507,2.617,-1.714,0.249,0.344,0.006,-0.27,0.153,-1.664,2.461,0
IMXI,4929,0.127,8.226,0.098,0.208,0.368,-0.432,-1.013,-0.391,1.151,-0.783,-0.029,0.081,0.241,-0.558,-1.14,-0.518,1.024,2
INBX,5361,-0.505,15.964,0.228,-0.68,-1.027,-1.295,0.843,0.343,-0.484,-2.228,0.733,-0.175,-0.522,-0.79,1.348,0.848,0.02,1
INCY,8866,0.041,4.186,0.091,0.046,-0.025,-0.237,0.305,-0.208,0.055,-0.674,0.051,0.005,-0.066,-0.278,0.264,-0.248,0.015,0
INDB,8287,-0.135,4.647,-0.628,-0.096,-0.045,-0.099,-0.61,0.472,0.468,-0.97,-0.494,0.039,0.089,0.036,-0.475,0.607,0.602,0
INDI,5308,0.133,9.313,-0.495,0.318,0.286,0.0,-0.635,-0.106,-1.353,-0.558,-0.628,0.186,0.153,-0.133,-0.768,-0.239,-1.485,2
INDV,3329,1.276,9.683,2.04,0.738,0.47,0.656,2.466,2.441,0.217,1.354,0.764,-0.538,-0.806,-0.62,1.19,1.165,-1.059,0
INGR,8865,0.103,2.817,0.247,0.044,0.154,0.048,0.362,0.405,0.352,-0.041,0.143,-0.06,0.05,-0.055,0.259,0.302,0.249,0
INMD,8780,-0.281,7.086,-0.436,-0.053,-0.215,-0.5,-0.542,-0.177,-0.05,-3.576,-0.155,0.228,0.066,-0.219,-0.26,0.105,0.231,2
INN,4402,0.0,6.033,1.225,0.0,0.0,-0.196,1.677,-0.145,-0.756,-0.976,1.225,0.0,0.0,-0.196,1.677,-0.145,-0.756,1
INOD,4723,0.694,16.029,3.719,0.56,0.952,2.202,2.509,1.133,0.08,-2.416,3.026,-0.133,0.258,1.508,1.816,0.439,-0.614,1
INSM,8859,-0.041,7.705,1.448,-0.072,-0.697,-0.082,1.111,0.172,0.959,-4.53,1.489,-0.031,-0.656,-0.041,1.152,0.213,1.0,1
INSP,8866,0.07,8.793,-0.028,0.413,0.418,-0.558,0.523,0.368,-0.633,-6.478,-0.097,0.344,0.348,-0.627,0.453,0.299,-0.703,2
INSW,8611,0.806,5.774,0.274,0.096,0.882,1.252,0.184,0.486,1.491,-0.59,-0.532,-0.71,0.076,0.446,-0.622,-0.32,0.686,2
INTA,6919,-0.321,9.331,0.212,-0.777,-0.436,-0.59,-0.345,-0.067,-1.394,-1.521,0.533,-0.455,-0.114,-0.268,-0.024,0.254,-1.073,0
INTC,8867,-0.085,7.728,-0.05,0.034,-0.304,-0.027,-0.242,-0.276,0.269,-0.994,0.036,0.119,-0.219,0.059,-0.157,-0.191,0.354,0
INTR,3812,0.0,6.494,0.0,-0.121,-0.601,0.0,-0.521,-0.162,-0.021,-1.976,0.0,-0.121,-0.601,0.0,-0.521,-0.162,-0.021,0
INTU,8867,0.231,5.236,0.442,0.666,-0.061,-0.025,0.549,0.178,-0.289,-2.327,0.212,0.435,-0.292,-0.255,0.319,-0.053,-0.52,0
INVA,7778,-0.065,4.406,-0.487,-0.271,-0.079,0.147,-0.454,0.38,-0.927,-0.318,-0.421,-0.205,-0.014,0.213,-0.389,0.445,-0.862,0
INVH,8867,0.088,3.12,0.545,-0.064,0.126,-0.088,0.652,-0.145,-0.082,-0.644,0.457,-0.151,0.038,-0.176,0.564,-0.233,-0.17,0
IONQ,7623,-0.336,14.964,-0.777,-0.495,-0.195,0.147,-0.682,0.175,-0.065,-7.044,-0.44,-0.159,0.142,0.483,-0.346,0.511,0.271,3
IONS,8866,0.122,5.992,0.69,0.442,-0.068,-0.211,0.699,0.816,0.812,-0.667,0.568,0.32,-0.19,-0.333,0.577,0.694,0.69,0
IOSP,6822,-0.091,4.294,0.162,0.045,-0.164,-0.185,-0.323,0.664,-0.041,0.236,0.254,0.136,-0.073,-0.094,-0.232,0.756,0.05,0
IOT,8050,0.34,9.627,0.614,0.452,0.629,0.499,0.476,-0.763,0.785,-2.24,0.274,0.112,0.289,0.16,0.136,-1.103,0.445,2
IOVA,6152,-0.982,11.643,-0.447,-0.879,-1.259,-1.552,-0.933,0.0,-3.864,0.61,0.535,0.103,-0.277,-0.571,0.048,0.982,-2.882,1
IP,8867,-0.018,4.874,0.55,0.248,-0.26,0.056,0.842,0.318,0.302,-0.909,0.568,0.266,-0.242,0.074,0.86,0.336,0.32,0
IPAR,7757,0.133,5.061,0.412,-0.48,0.248,0.079,-0.056,-0.345,-0.112,-2.121,0.28,-0.613,0.115,-0.054,-0.189,-0.477,-0.245,0
IPGP,8806,-0.224,6.373,-0.099,0.151,0.111,-0.455,-0.174,-0.304,0.112,-2.039,0.125,0.374,0.334,-0.232,0.05,-0.08,0.336,0
IPI,4764,-0.322,11.506,0.684,-0.594,0.591,-0.645,0.818,-0.959,-1.147,-5.792,1.006,-0.272,0.913,-0.323,1.14,-0.637,-0.825,1
IQV,8867,-0.047,4.962,-0.669,0.413,0.228,0.029,0.222,0.124,-0.202,-0.376,-0.621,0.46,0.275,0.077,0.27,0.171,-0.155,0
IR,8867,0.493,4.15,0.887,0.626,0.587,0.459,1.02,0.799,0.073,0.279,0.394,0.133,0.094,-0.034,0.527,0.306,-0.42,0
IRDM,8866,-0.102,6.368,0.052,0.108,-0.027,-0.584,0.381,0.213,-0.109,-3.414,0.154,0.21,0.075,-0.482,0.483,0.315,-0.007,0
IREN,4858,0.851,16.761,-1.523,0.088,-0.308,-0.261,-0.028,1.928,1.24,-17.211,-2.375,-0.763,-1.159,-1.113,-0.879,1.077,0.389,3
IRM,8867,0.519,4.371,0.543,0.334,0.373,0.508,0.727,0.274,2.233,-0.071,0.024,-0.184,-0.146,-0.01,0.208,-0.244,1.715,0
IRON,5162,1.019,9.254,2.762,0.565,1.288,-0.34,2.614,0.733,2.511,2.105,1.743,-0.454,0.269,-1.359,1.595,-0.286,1.492,1
IRT,8857,0.185,3.765,0.455,0.0,0.05,0.052,0.243,0.389,0.505,-1.382,0.27,-0.185,-0.135,-0.134,0.057,0.204,0.32,0
IRTC,8857,-0.086,8.61,0.846,0.018,0.527,-0.226,1.46,-0.205,-1.27,-2.062,0.932,0.104,0.613,-0.141,1.546,-0.119,-1.185,1
IRWD,5489,-0.149,5.788,-0.248,-0.246,-0.091,0.0,-0.74,-0.529,-0.511,-2.083,-0.099,-0.096,0.058,0.149,-0.591,-0.38,-0.362,2
ISRG,8867,0.117,4.737,-0.041,0.523,0.3,-0.154,0.809,-0.04,0.028,-2.99,-0.157,0.406,0.184,-0.271,0.693,-0.157,-0.089,0
IT,8867,0.182,5.146,0.0,-0.117,0.146,0.26,0.182,-0.37,0.713,0.188,-0.182,-0.299,-0.035,0.078,0.0,-0.551,0.532,0
ITGR,8447,0.239,4.891,0.793,0.538,0.041,0.029,1.038,-0.449,-0.786,-1.42,0.553,0.298,-0.198,-0.21,0.799,-0.688,-1.025,0
ITRI,8808,-0.045,5.677,0.313,-0.124,0.0,-0.057,0.015,-0.729,0.093,-1.552,0.358,-0.079,0.045,-0.012,0.06,-0.685,0.137,0
ITT,8867,0.457,3.984,0.671,0.574,0.658,0.601,0.404,0.591,-0.16,-3.031,0.215,0.117,0.201,0.145,-0.053,0.134,-0.617,0
ITW,8867,0.109,2.947,0.154,0.058,0.306,0.061,0.201,0.124,-0.062,-0.149,0.045,-0.051,0.197,-0.047,0.092,0.015,-0.17,0
IVR,8626,-0.265,5.642,-1.173,0.0,0.085,-0.324,-0.829,-1.06,-0.779,-3.27,-0.909,0.265,0.349,-0.06,-0.565,-0.796,-0.515,2
IVT,6543,0.26,3.786,1.226,0.484,0.412,-0.132,1.222,0.876,-0.112,-0.659,0.967,0.225,0.152,-0.391,0.963,0.616,-0.372,0
IVZ,8867,0.162,5.14,0.196,0.163,0.065,-0.225,0.149,-0.928,-0.771,-4.603,0.033,0.001,-0.097,-0.388,-0.013,-1.09,-0.934,0
J,8867,0.192,3.453,1.233,0.423,0.054,0.025,0.89,-0.085,1.0,-2.179,1.041,0.232,-0.137,-0.166,0.698,-0.276,0.809,0
JACK,8818,-0.579,7.166,-1.814,-0.22,-0.168,-0.422,-1.408,-1.268,0.15,-0.296,-1.235,0.359,0.41,0.157,-0.829,-0.689,0.729,2
JANX,4704,-0.74,13.297,-1.315,-0.764,-0.429,-0.127,-0.693,-0.861,-2.713,-0.989,-0.575,-0.024,0.311,0.613,0.047,-0.122,-1.973,2
JAZZ,8867,0.084,4.637,-0.008,0.496,0.099,-0.185,0.357,0.07,0.643,-1.134,-0.092,0.411,0.015,-0.27,0.272,-0.014,0.559,0
JBGS,8320,-0.25,4.526,0.207,-0.402,-0.38,-0.4,-0.293,-0.253,-1.253,-0.131,0.457,-0.153,-0.13,-0.15,-0.043,-0.003,-1.003,0
JBHT,8867,0.214,4.285,0.21,0.621,0.241,0.21,0.681,-0.105,0.302,-4.16,-0.004,0.407,0.028,-0.004,0.468,-0.318,0.088,0
JBI,7234,0.109,7.137,0.808,0.168,-0.128,0.0,0.89,-0.756,0.952,-0.573,0.7,0.059,-0.237,-0.109,0.782,-0.865,0.844,0
JBL,8867,0.813,5.304,1.164,0.704,0.664,0.542,1.041,0.463,1.713,-0.887,0.351,-0.11,-0.15,-0.271,0.227,-0.351,0.9,0
JBLU,6914,-0.194,7.501,-0.124,0.202,0.12,-0.371,-0.163,-1.617,-0.858,-2.838,0.069,0.396,0.314,-0.177,0.031,-1.423,-0.664,2
JBSS,3754,-0.053,5.592,0.711,0.164,-0.809,-0.512,1.411,-2.474,0.437,-7.078,0.764,0.217,-0.756,-0.459,1.463,-2.422,0.49,1
JCI,8867,0.478,4.019,0.446,0.641,0.186,0.308,0.911,0.209,0.375,0.415,-0.032,0.163,-0.292,-0.17,0.434,-0.268,-0.103,0
JEF,8867,0.653,5.268,-0.411,0.873,1.323,0.516,0.119,0.954,1.541,-0.59,-1.064,0.22,0.67,-0.137,-0.534,0.301,0.888,2
JELD,5975,-0.442,8.28,-0.51,-0.815,-0.732,-0.534,-0.952,-0.658,-0.506,-2.216,-0.067,-0.373,-0.29,-0.091,-0.51,-0.216,-0.064,2
JHG,8636,0.157,4.379,0.135,0.436,0.155,0.039,0.525,-0.304,0.194,-0.681,-0.023,0.278,-0.002,-0.118,0.368,-0.461,0.037,0
JHX,3315,0.096,10.108,-0.127,-0.511,-0.1,0.112,-0.08,-0.674,-2.464,-15.458,-0.224,-0.607,-0.196,0.016,-0.176,-0.77,-2.561,3
JJSF,7371,-0.266,4.228,-0.003,-0.178,-0.551,-0.303,-0.204,0.022,0.084,-1.868,0.263,0.088,-0.285,-0.037,0.062,0.288,0.351,0
JKHY,8867,0.039,3.255,0.394,0.035,-0.165,0.137,0.225,0.205,-0.294,-1.29,0.355,-0.004,-0.204,0.098,0.186,0.166,-0.333,0
JLL,8866,0.492,4.985,0.443,0.824,0.899,0.615,0.693,1.089,0.306,-2.751,-0.049,0.333,0.408,0.123,0.201,0.597,-0.186,0
JNJ,8867,0.091,2.433,0.099,-0.064,-0.107,0.147,-0.162,0.484,0.09,-1.889,0.009,-0.155,-0.198,0.056,-0.252,0.393,-0.001,0
JOBY,6900,-0.793,11.06,0.484,-0.29,-0.882,-0.858,0.0,-1.88,-1.032,-10.968,1.277,0.503,-0.089,-0.066,0.793,-1.087,-0.239,1
JOE,7322,0.316,5.1,0.583,0.269,0.306,0.817,1.385,0.489,0.78,-3.214,0.267,-0.047,-0.01,0.501,1.069,0.173,0.464,0
JPM,8867,0.593,3.453,0.669,0.516,0.23,0.387,0.625,0.452,1.362,0.03,0.076,-0.077,-0.363,-0.206,0.032,-0.141,0.769,0
JXN,8489,0.803,6.069,1.666,0.333,0.426,0.811,0.851,1.042,-0.192,-2.236,0.863,-0.47,-0.377,0.007,0.047,0.238,-0.996,0
KAI,7155,0.341,5.123,0.847,0.584,0.042,-0.064,1.061,0.215,0.458,-1.884,0.506,0.244,-0.299,-0.405,0.72,-0.126,0.117,0
KALU,6857,0.72,7.296,0.061,1.11,0.191,1.089,0.296,0.04,0.843,-0.021,-0.659,0.389,-0.53,0.369,-0.424,-0.68,0.123,0
KALV,3822,0.111,14.589,-2.015,0.0,0.282,0.261,-1.516,1.046,0.15,-10.065,-2.126,-0.111,0.171,0.15,-1.627,0.935,0.038,3
KBH,8867,0.121,5.153,0.388,0.215,0.329,0.229,0.547,-0.375,-2.021,-1.179,0.267,0.095,0.208,0.108,0.426,-0.496,-2.142,0
KBR,8867,0.159,4.069,0.723,-0.042,0.081,0.404,0.334,0.277,0.398,-2.359,0.564,-0.201,-0.078,0.245,0.175,0.118,0.239,0
KD,8258,0.0,8.127,0.677,0.405,0.0,-0.708,0.599,-0.497,0.155,-2.917,0.677,0.405,0.0,-0.708,0.599,-0.497,0.155,1
KDP,8867,0.15,2.958,0.313,0.209,0.15,0.058,0.32,0.344,0.273,0.326,0.164,0.059,0.0,-0.091,0.17,0.194,0.123,0
KEX,8861,0.362,4.543,1.353,0.574,0.153,0.364,1.315,0.323,0.641,-2.994,0.991,0.212,-0.209,0.002,0.953,-0.039,0.279,0
KEY,8867,0.219,5.182,-0.06,0.503,0.425,0.063,-0.272,0.0,1.686,-2.375,-0.278,0.284,0.207,-0.156,-0.49,-0.219,1.467,2
KEYS,8867,0.494,4.828,0.105,0.792,0.759,0.39,0.509,0.624,1.136,-2.258,-0.389,0.298,0.265,-0.104,0.015,0.13,0.642,0
KFRC,6019,0.027,6.554,0.57,0.228,-0.473,0.078,0.288,0.323,-0.804,-3.502,0.543,0.201,-0.5,0.051,0.261,0.296,-0.831,0
KFY,8744,0.245,3.936,0.405,0.374,0.058,0.137,0.584,0.338,0.725,-1.461,0.16,0.129,-0.187,-0.108,0.339,0.093,0.48,0
KGC,6663,1.047,5.898,1.341,1.338,1.349,0.896,0.924,1.115,2.273,-0.745,0.294,0.292,0.302,-0.151,-0.123,0.068,1.226,0
KGS,4944,1.095,5.479,0.761,1.257,1.109,0.831,1.392,1.298,2.192,0.533,-0.334,0.162,0.013,-0.264,0.297,0.202,1.096,0
KHC,8867,-0.162,3.135,-0.081,-0.126,-0.261,-0.126,-0.261,-0.235,0.068,-1.27,0.081,0.036,-0.099,0.036,-0.099,-0.073,0.231,0
KIDS,3702,-1.394,9.659,0.753,-1.426,-2.708,-1.428,0.216,1.544,-1.051,-3.611,2.147,-0.032,-1.314,-0.034,1.61,2.937,0.342,1
KIM,8867,0.12,3.427,0.707,0.138,0.128,-0.165,0.748,-0.046,-0.053,-0.794,0.587,0.018,0.008,-0.285,0.628,-0.166,-0.174,0
KKR,8867,0.403,5.292,0.393,0.305,0.053,0.853,0.087,0.27,-0.111,-2.296,-0.01,-0.098,-0.349,0.451,-0.315,-0.133,-0.514,0
KLAC,8867,0.767,6.002,1.556,1.034,0.624,0.291,0.967,0.976,0.667,-0.304,0.79,0.268,-0.143,-0.476,0.2,0.209,-0.1,0
KLIC,8855,-0.04,6.406,0.202,0.125,-0.107,-0.405,0.418,-0.525,-0.282,-2.48,0.242,0.165,-0.067,-0.365,0.458,-0.485,-0.242,0
KMB,8867,-0.08,2.881,-0.293,-0.074,-0.144,-0.18,-0.271,0.2,0.473,-2.045,-0.213,0.006,-0.065,-0.101,-0.191,0.28,0.553,0
KMI,8867,0.304,3.321,0.945,0.36,0.101,0.422,0.759,0.136,0.557,-2.277,0.641,0.056,-0.203,0.118,0.455,-0.168,0.253,0
KMPR,8734,-0.088,5.058,0.42,-0.133,-0.277,-0.081,0.216,0.937,0.532,-0.711,0.507,-0.045,-0.189,0.007,0.303,1.025,0.62,0
KMT,8823,0.047,4.943,0.958,0.224,-0.167,-0.044,1.156,-0.199,0.09,-2.0,0.91,0.176,-0.215,-0.091,1.109,-0.246,0.042,1
KMX,8867,-0.069,5.929,-0.472,0.557,0.165,-0.35,-0.028,0.411,0.882,-1.556,-0.403,0.626,0.234,-0.281,0.041,0.48,0.952,0
KN,8400,0.286,4.892,0.0,0.307,0.457,0.5,0.176,0.669,0.031,-1.878,-0.286,0.021,0.172,0.215,-0.11,0.383,-0.255,0
KNF,5504,0.33,5.817,0.547,0.394,0.662,0.311,1.12,0.637,-0.652,0.212,0.217,0.064,0.332,-0.019,0.79,0.307,-0.982,0
KNSA,5873,0.479,9.059,1.797,0.689,0.151,0.703,1.051,-0.045,-0.18,-3.577,1.318,0.21,-0.329,0.223,0.572,-0.525,-0.659,1
KNSL,8791,0.288,5.472,0.674,0.662,0.444,0.113,0.826,0.353,0.35,0.108,0.386,0.374,0.156,-0.175,0.537,0.065,0.062,0
KNTK,7175,0.32,4.972,0.978,0.753,0.175,-0.171,0.704,0.565,0.501,0.169,0.658,0.433,-0.145,-0.491,0.384,0.245,0.18,0
KNX,8867,0.119,4.399,0.155,0.548,0.208,0.131,0.264,0.145,0.241,-1.584,0.036,0.429,0.089,0.012,0.145,0.026,0.122,0
KO,8867,0.11,2.303,0.09,0.0,0.141,0.209,0.14,0.545,0.466,-0.406,-0.02,-0.11,0.031,0.098,0.029,0.434,0.355,0
KOD,4306,-0.499,16.175,-2.061,-2.005,0.0,0.378,-0.884,-1.11,0.312,-5.729,-1.562,-1.506,0.499,0.877,-0.385,-0.611,0.811,3
KODK,4204,-0.169,9.588,0.834,-0.163,-0.7,-0.99,0.771,-0.622,0.396,-0.524,1.003,0.006,-0.531,-0.821,0.939,-0.453,0.564,1
KOP,3139,0.899,8.417,2.944,0.812,0.021,0.695,1.807,-0.577,2.21,-4.902,2.045,-0.087,-0.878,-0.204,0.908,-1.476,1.311,1
KOS,4248,-0.155,7.303,1.273,-0.789,0.322,-0.137,0.525,-0.257,1.173,-1.187,1.427,-0.634,0.477,0.018,0.679,-0.103,1.327,0
KPTI,4011,-1.43,16.765,-1.022,-1.531,-0.487,-0.418,-0.756,-1.846,-4.673,-1.998,0.408,-0.1,0.943,1.013,0.675,-0.415,-3.243,3
KR,8867,0.136,3.749,0.812,0.219,0.262,0.089,0.817,0.63,0.11,-1.793,0.676,0.082,0.126,-0.047,0.68,0.494,-0.026,0
KRC,8867,-0.093,4.851,0.458,-0.33,-0.041,0.032,-0.104,-0.24,-1.122,-3.472,0.551,-0.237,0.052,0.124,-0.012,-0.147,-1.029,0
KREF,6701,-0.235,5.008,-0.528,-0.104,0.111,-0.422,0.0,-0.568,-0.619,-2.203,-0.292,0.132,0.346,-0.187,0.235,-0.333,-0.384,0
KRG,8851,0.195,3.618,0.844,0.281,0.135,-0.048,0.894,0.405,0.546,-0.552,0.649,0.086,-0.06,-0.244,0.699,0.21,0.35,0
KRNT,6537,-0.701,9.928,-0.229,-0.709,-1.398,-0.834,0.204,-0.792,-2.786,-0.371,0.472,-0.009,-0.697,-0.134,0.905,-0.091,-2.086,1
KROS,6377,-0.068,10.966,-0.306,-0.295,-0.05,-0.525,-0.268,1.369,-1.265,-0.1,-0.238,-0.227,0.019,-0.457,-0.199,1.437,-1.197,2
KRP,6758,0.191,4.465,0.825,0.418,0.19,0.0,0.694,0.314,-0.064,-3.701,0.634,0.227,-0.001,-0.191,0.503,0.123,-0.255,0
KRUS,6909,-0.177,11.607,-0.534,-0.339,0.735,0.331,-1.02,0.102,-2.245,-1.778,-0.357,-0.162,0.912,0.508,-0.843,0.279,-2.068,2
KRYS,8322,0.429,8.386,2.35,1.032,0.117,0.138,1.968,0.32,1.232,-3.852,1.922,0.604,-0.311,-0.291,1.539,-0.108,0.804,1
KSS,8867,-0.422,8.983,0.231,-0.253,0.251,-0.995,0.601,0.523,-2.087,-1.273,0.653,0.17,0.673,-0.572,1.023,0.945,-1.665,1
KTB,8842,0.247,5.926,-0.022,0.212,0.185,0.353,0.37,0.376,0.369,-3.016,-0.269,-0.035,-0.062,0.106,0.123,0.129,0.122,0
KTOS,8797,0.368,7.342,-0.102,0.781,0.409,0.074,0.513,-0.053,-0.616,-0.735,-0.47,0.413,0.041,-0.294,0.145,-0.421,-0.984,0
KURA,7601,-0.631,9.08,-0.827,-1.056,-0.231,-0.403,-0.873,-0.995,-0.657,-5.393,-0.196,-0.425,0.401,0.228,-0.241,-0.364,-0.026,2
KVUE,5636,-0.217,3.664,-0.189,-0.386,-0.513,0.165,0.233,-0.728,-1.954,-0.573,0.029,-0.169,-0.295,0.382,0.451,-0.511,-1.737,0
KVYO,4972,-0.077,8.377,1.402,-0.927,0.249,-0.129,0.689,0.259,-2.198,-7.018,1.479,-0.85,0.325,-0.053,0.766,0.335,-2.122,1
KW,7497,0.0,5.007,-0.169,0.103,-0.045,-0.076,0.242,0.758,0.515,-2.679,-0.169,0.103,-0.045,-0.076,0.242,0.758,0.515,0
KWR,7519,-0.272,6.047,0.031,-0.308,-0.191,-0.191,0.808,-1.199,-0.365,-1.178,0.303,-0.036,0.081,0.081,1.08,-0.927,-0.093,0
KYMR,8624,0.051,10.818,0.463,-0.312,-0.388,0.212,-0.501,-0.89,-1.12,-3.373,0.412,-0.363,-0.439,0.16,-0.552,-0.941,-1.171,2
L,8867,0.449,2.548,1.107,0.574,0.384,0.214,0.788,0.406,0.175,-0.857,0.657,0.125,-0.066,-0.235,0.338,-0.043,-0.274,0
LAC,5297,0.138,10.343,-0.422,-0.067,0.226,0.08,-1.004,0.701,-0.844,-1.893,-0.56,-0.205,0.088,-0.058,-1.142,0.563,-0.982,2
LAD,8866,0.17,5.421,0.232,0.449,0.109,-0.026,0.343,0.508,-1.289,-5.83,0.061,0.279,-0.061,-0.196,0.173,0.338,-1.459,0
LADR,6887,0.089,3.807,0.298,0.271,0.082,0.0,0.227,-0.581,0.13,-0.545,0.21,0.183,-0.007,-0.089,0.138,-0.67,0.042,0
LAMR,8863,0.18,3.605,0.132,0.235,0.255,0.02,-0.134,0.091,0.451,-0.465,-0.048,0.055,0.075,-0.16,-0.315,-0.09,0.27,0
LAND,4467,-0.515,6.092,-1.269,-0.667,-0.347,-0.257,-1.114,0.343,0.821,-8.295,-0.755,-0.152,0.168,0.257,-0.6,0.857,1.336,2
LASR,4202,0.818,12.813,1.339,1.972,1.261,0.429,2.308,0.745,-1.889,-3.848,0.521,1.154,0.443,-0.388,1.49,-0.073,-2.707,1
LAUR,8213,0.618,5.209,0.947,0.799,0.502,0.76,0.709,1.07,0.15,-1.648,0.33,0.181,-0.116,0.143,0.091,0.453,-0.468,0
LAZ,8842,-0.047,5.257,-0.212,-0.148,0.105,-0.257,-0.339,0.081,0.218,-1.022,-0.165,-0.101,0.152,-0.21,-0.292,0.128,0.265,0
LB,3724,0.851,10.821,1.431,0.808,0.623,0.416,-0.553,1.146,1.397,-2.259,0.58,-0.043,-0.228,-0.435,-1.404,0.295,0.546,2
LBRDA,7429,-0.187,6.674,-0.837,-0.169,0.145,0.155,-0.684,-0.529,-0.267,0.547,-0.65,0.019,0.333,0.342,-0.497,-0.341,-0.08,2
LBRDK,8867,-0.287,6.121,-0.969,-0.117,0.059,-0.08,-1.01,-0.04,-0.546,-2.844,-0.682,0.17,0.346,0.207,-0.723,0.247,-0.259,2
LBRT,8863,0.476,8.024,0.82,0.855,0.27,0.211,0.878,0.596,-0.511,-1.222,0.344,0.379,-0.206,-0.265,0.402,0.12,-0.987,0
LBTYA,8863,0.0,4.706,0.612,0.256,0.054,-0.468,0.364,-0.094,0.086,-0.583,0.612,0.256,0.054,-0.468,0.364,-0.094,0.086,0
LBTYK,8784,0.0,4.699,0.912,0.276,-0.175,-0.403,0.83,0.694,0.222,-1.554,0.912,0.276,-0.175,-0.403,0.83,0.694,0.222,0
LC,8509,-0.039,9.16,0.134,-0.163,0.71,0.25,-0.426,-0.273,1.956,-3.017,0.173,-0.124,0.749,0.289,-0.387,-0.234,1.995,2
LCID,8744,-1.904,11.09,-0.447,-1.973,-2.657,-1.534,-1.74,-2.402,-3.037,-7.488,1.457,-0.069,-0.752,0.371,0.164,-0.497,-1.133,1
LCII,8694,-0.149,5.212,0.313,0.068,-0.122,-0.529,0.364,0.23,0.62,-2.373,0.462,0.217,0.027,-0.38,0.513,0.379,0.769,0
LDOS,8867,0.343,3.99,-0.357,0.17,0.487,0.446,-0.131,0.154,0.216,-1.343,-0.7,-0.173,0.144,0.103,-0.473,-0.188,-0.127,2
LEA,8867,0.008,4.565,0.829,0.045,-0.156,-0.06,0.579,0.727,-0.418,-1.326,0.821,0.037,-0.164,-0.068,0.571,0.719,-0.426,0
LECO,8866,0.264,3.802,0.291,0.261,0.047,0.227,0.579,0.28,-0.273,-0.616,0.027,-0.003,-0.217,-0.037,0.315,0.016,-0.538,0
LEG,8864,-0.559,5.844,0.226,-0.539,-0.748,-0.804,0.209,-0.578,0.0,-4.663,0.786,0.02,-0.189,-0.245,0.769,-0.018,0.559,1
LEN,8867,0.009,4.669,-0.235,0.452,0.126,-0.279,-0.196,-0.153,0.355,-2.573,-0.244,0.443,0.117,-0.288,-0.205,-0.162,0.346,0
LESL,6702,-1.482,10.331,0.184,-1.359,-1.798,-1.453,-0.264,-0.932,-1.539,-4.994,1.666,0.123,-0.315,0.029,1.219,0.55,-0.057,1
LEU,7307,0.643,13.084,3.823,-0.338,0.497,-0.068,1.929,0.701,-1.865,-6.979,3.181,-0.981,-0.145,-0.71,1.286,0.058,-2.508,1
LEVI,8867,0.104,5.247,0.457,0.036,0.0,-0.25,0.204,0.036,-1.146,-1.397,0.352,-0.068,-0.104,-0.354,0.1,-0.068,-1.25,0
LFST,6530,0.0,9.483,-1.316,0.515,0.537,-0.164,-0.923,-0.53,0.358,-8.395,-1.316,0.515,0.537,-0.164,-0.923,-0.53,0.358,2
LFUS,8579,0.332,4.931,0.318,0.318,0.06,0.626,0.43,1.271,0.423,-1.081,-0.014,-0.014,-0.272,0.295,0.098,0.94,0.091,0
LGIH,8767,-0.685,6.937,-0.504,-0.378,-0.518,-0.596,0.01,-1.21,-1.706,-3.948,0.181,0.307,0.167,0.089,0.695,-0.525,-1.02,1
LGND,7424,0.363,6.764,0.534,0.106,-0.427,0.332,0.079,0.155,0.345,-2.742,0.171,-0.257,-0.79,-0.031,-0.285,-0.208,-0.019,0
LH,8867,0.102,3.276,0.148,0.278,0.148,0.023,-0.058,-0.028,0.749,-0.792,0.046,0.176,0.046,-0.079,-0.16,-0.13,0.647,0
LHX,8867,0.182,3.37,0.275,0.139,0.319,0.137,0.257,0.265,-0.072,0.335,0.093,-0.043,0.137,-0.045,0.075,0.083,-0.254,0
LIF,3541,0.764,8.918,0.851,0.513,0.746,1.538,0.17,-0.563,1.234,3.584,0.087,-0.251,-0.018,0.775,-0.594,-1.327,0.47,0
LII,8867,0.137,4.429,0.579,0.113,-0.102,-0.336,0.221,0.061,1.623,-3.67,0.442,-0.024,-0.239,-0.473,0.084,-0.076,1.486,0
LILAK,7121,0.0,6.725,0.888,0.157,0.131,-0.109,0.62,0.265,-0.985,-5.231,0.888,0.157,0.131,-0.109,0.62,0.265,-0.985,1
LIN,8867,0.361,2.756,0.551,0.254,0.229,0.625,0.293,0.463,0.093,-0.824,0.19,-0.107,-0.133,0.264,-0.069,0.102,-0.268,0
LIND,3610,1.256,15.865,2.057,0.0,3.69,0.093,0.127,0.686,1.313,-6.312,0.801,-1.256,2.434,-1.163,-1.129,-0.571,0.057,2
LINE,3496,-0.816,5.022,0.231,-0.9,-0.959,-0.97,-0.446,-0.572,-0.973,-0.718,1.048,-0.084,-0.143,-0.154,0.371,0.244,-0.157,0
LITE,8867,0.525,8.082,0.545,0.042,0.021,0.439,0.853,1.565,0.387,-2.907,0.02,-0.483,-0.503,-0.085,0.329,1.041,-0.138,0
LIVN,8824,-0.019,5.583,0.294,0.446,0.041,-0.397,0.286,-0.103,-0.408,-0.998,0.313,0.465,0.06,-0.377,0.305,-0.084,-0.389,0
LKFN,5775,-0.18,5.309,0.403,-0.222,-0.309,-0.091,-0.156,-0.592,-0.469,-0.263,0.583,-0.042,-0.128,0.089,0.024,-0.411,-0.289,0
LKQ,8867,0.0,3.951,0.082,0.115,0.08,-0.158,0.173,0.406,-0.616,-0.348,0.082,0.115,0.08,-0.158,0.173,0.406,-0.616,0
LLY,8867,0.724,4.69,0.927,0.34,0.701,0.614,-0.155,1.249,-0.129,-3.92,0.204,-0.384,-0.023,-0.109,-0.879,0.525,-0.853,2
LLYVA,3486,1.102,5.613,0.73,0.395,0.774,1.705,0.09,0.14,-0.442,-3.008,-0.372,-0.707,-0.328,0.603,-1.012,-0.962,-1.544,2
LLYVK,4816,0.82,4.646,1.099,0.391,0.352,1.039,0.568,0.759,-0.19,0.037,0.279,-0.429,-0.468,0.219,-0.252,-0.06,-1.01,0
LMAT,5781,0.517,5.719,1.731,0.874,0.27,0.204,1.945,-0.352,-0.244,-2.082,1.214,0.357,-0.247,-0.313,1.427,-0.869,-0.761,1
LMB,4796,1.127,9.284,0.585,0.741,1.83,1.22,0.973,1.965,1.044,-2.145,-0.542,-0.386,0.703,0.093,-0.154,0.838,-0.083,2
LMND,8865,-0.993,11.873,-1.1,-1.181,-1.516,-0.917,-1.722,-0.235,-0.972,-5.353,-0.107,-0.188,-0.522,0.076,-0.729,0.759,0.022,3
LMT,8867,0.232,3.475,0.237,0.203,0.359,0.315,0.279,0.191,0.169,0.231,0.004,-0.03,0.127,0.082,0.046,-0.042,-0.064,0
LNC,8867,0.466,5.841,0.391,0.894,0.49,0.231,0.449,0.134,0.914,-0.763,-0.075,0.428,0.024,-0.235,-0.016,-0.332,0.448,0
LNG,8867,0.327,4.117,1.194,0.486,0.054,0.104,1.008,0.074,0.486,-1.93,0.867,0.159,-0.273,-0.223,0.681,-0.253,0.159,0
LNN,6407,-0.049,4.931,1.155,0.184,-0.285,-0.243,0.278,-1.184,0.028,-0.726,1.204,0.233,-0.236,-0.194,0.327,-1.135,0.077,0
LNT,8867,0.255,2.682,0.268,0.534,0.514,0.188,0.627,0.071,0.514,0.039,0.013,0.279,0.26,-0.067,0.372,-0.184,0.259,0
LNTH,8744,0.483,8.452,-0.338,0.529,1.234,0.247,0.509,0.603,0.091,-3.621,-0.821,0.047,0.751,-0.235,0.026,0.12,-0.392,2
LOAR,3854,0.0,6.668,-1.174,0.546,0.704,-0.694,-0.351,0.91,0.144,0.65,-1.174,0.546,0.704,-0.694,-0.351,0.91,0.144,2
LOB,6846,0.0,7.763,-0.058,-0.37,-0.145,0.136,-0.428,-0.214,-1.341,-3.095,-0.058,-0.37,-0.145,0.136,-0.428,-0.214,-1.341,2
LOGI,8867,0.287,4.995,0.374,0.195,-0.214,0.293,0.427,-0.227,0.152,0.386,0.087,-0.093,-0.501,0.005,0.14,-0.514,-0.135,0
LOPE,8816,0.373,4.252,0.475,0.134,0.446,0.243,-0.1,0.608,0.045,-0.526,0.102,-0.24,0.072,-0.131,-0.473,0.235,-0.328,0
LOVE,7103,-0.658,10.839,-0.878,-0.852,-1.342,0.265,-0.277,-0.463,-2.072,-4.665,-0.221,-0.195,-0.684,0.922,0.381,0.195,-1.414,3
LOW,8867,0.097,3.595,0.075,0.128,0.424,-0.117,0.234,-0.292,0.665,-0.785,-0.022,0.031,0.328,-0.213,0.138,-0.389,0.569,0
LPG,8256,0.928,6.509,-0.354,0.986,1.311,0.778,-0.439,1.073,0.642,-3.417,-1.282,0.058,0.383,-0.151,-1.367,0.144,-0.286,2
LPLA,8867,0.698,5.069,1.326,0.827,0.346,0.188,1.274,0.82,0.988,-5.81,0.628,0.129,-0.352,-0.51,0.575,0.122,0.29,0
LPRO,3867,-1.707,9.589,-0.92,-1.916,-2.642,-2.451,-1.265,0.292,-3.927,-7.393,0.788,-0.209,-0.935,-0.744,0.442,1.999,-2.22,1
LPX,8867,0.077,5.655,-0.068,-0.184,0.335,-0.05,-0.069,0.442,0.04,-2.017,-0.146,-0.261,0.258,-0.127,-0.146,0.365,-0.037,0
LQDA,5731,1.536,11.343,3.008,1.468,1.122,1.459,1.607,1.715,1.892,-0.56,1.471,-0.068,-0.415,-0.078,0.07,0.178,0.355,0
LQDT,3134,1.214,10.758,1.167,1.159,2.884,1.015,-0.077,0.938,2.212,-12.737,-0.047,-0.055,1.671,-0.199,-1.291,-0.276,0.998,2
LRCX,8867,0.889,6.473,1.22,1.646,0.781,0.777,0.619,0.668,1.886,-0.973,0.331,0.757,-0.108,-0.111,-0.27,-0.221,0.997,0
LRN,8788,0.57,7.357,0.688,0.46,0.658,0.468,0.351,0.403,0.963,-1.927,0.118,-0.11,0.087,-0.102,-0.219,-0.167,0.392,0
LSCC,8867,0.587,7.445,0.614,1.281,0.102,0.244,1.715,0.623,0.07,1.494,0.026,0.694,-0.486,-0.344,1.127,0.036,-0.517,0
LSPD,8324,-0.728,8.911,-0.089,-0.593,-0.9,-0.946,0.149,-1.338,0.248,-3.723,0.638,0.134,-0.173,-0.218,0.877,-0.611,0.976,1
LSTR,8863,0.057,3.776,0.421,0.484,-0.201,-0.442,0.859,-0.152,-0.282,0.371,0.364,0.426,-0.258,-0.499,0.802,-0.209,-0.339,0
LTC,7985,0.058,3.085,0.626,0.264,0.0,-0.103,0.599,-0.015,-0.029,-3.43,0.568,0.205,-0.058,-0.161,0.541,-0.073,-0.087,0
LTH,7664,0.482,7.28,0.657,0.506,0.038,0.146,0.589,1.046,-0.397,-0.741,0.175,0.024,-0.444,-0.336,0.107,0.564,-0.879,0
LULU,8867,-0.258,5.99,-0.581,-0.396,-0.218,0.201,-1.062,0.096,0.816,-4.168,-0.323,-0.138,0.04,0.459,-0.804,0.354,1.074,2
LUMN,5226,-0.381,9.14,-1.141,0.181,0.183,-0.35,-1.005,0.599,-0.814,-3.063,-0.76,0.562,0.564,0.031,-0.624,0.979,-0.434,2
LUNR,4257,-0.11,17.438,-3.551,0.479,0.377,0.113,-0.865,-1.955,-2.834,-0.952,-3.442,0.589,0.487,0.223,-0.755,-1.845,-2.725,2
LUV,8867,0.179,5.525,0.184,0.13,-0.417,-0.031,0.773,0.24,0.286,-3.938,0.005,-0.049,-0.596,-0.21,0.595,0.061,0.108,0
LVS,8867,-0.149,5.526,0.29,-0.179,-0.353,-0.212,0.284,-0.088,0.531,-3.886,0.439,-0.029,-0.204,-0.063,0.433,0.061,0.68,0
LW,8867,0.436,5.43,0.324,0.331,0.238,0.04,0.198,-0.156,0.184,-12.809,-0.113,-0.105,-0.199,-0.396,-0.239,-0.592,-0.252,2
LWLG,3249,-1.178,16.169,-0.568,-1.627,-1.716,-1.39,-2.525,-2.947,6.828,-9.753,0.61,-0.449,-0.538,-0.212,-1.346,-1.768,8.007,3
LXP,8840,0.253,3.526,-0.093,0.0,0.463,0.233,-0.137,0.214,-0.127,0.024,-0.346,-0.253,0.21,-0.02,-0.39,-0.038,-0.38,0
LXU,4926,0.217,10.25,0.3,0.263,0.387,-0.684,0.817,0.375,0.151,-0.404,0.084,0.046,0.17,-0.901,0.6,0.159,-0.066,0
LYB,8867,-0.171,4.559,0.18,0.101,-0.308,-0.442,0.302,-0.133,0.134,-3.441,0.351,0.271,-0.138,-0.271,0.473,0.038,0.305,0
LYFT,8867,-0.701,9.609,-0.496,-0.557,-1.586,-0.427,-0.785,-1.171,-0.668,-6.393,0.204,0.144,-0.886,0.274,-0.084,-0.47,0.033,1
LYV,8867,0.475,4.707,0.278,0.421,0.398,0.269,0.253,0.405,0.166,-2.485,-0.197,-0.054,-0.077,-0.206,-0.222,-0.07,-0.309,0
LZ,8521,-0.336,8.263,0.392,0.0,-0.612,-0.377,0.117,-1.112,0.256,-1.57,0.728,0.336,-0.276,-0.041,0.453,-0.776,0.592,1
LZB,8510,-0.307,4.879,0.567,-0.228,-0.199,-0.611,0.872,-0.614,-0.458,-3.043,0.874,0.079,0.109,-0.303,1.18,-0.306,-0.151,1
M,8867,0.0,7.251,0.688,-0.129,0.0,0.229,0.477,0.0,-0.71,-1.209,0.688,-0.129,0.0,0.229,0.477,0.0,-0.71,0
MA,8867,0.385,3.29,0.699,0.594,0.429,0.125,0.697,0.17,-0.114,-0.019,0.314,0.209,0.044,-0.26,0.312,-0.215,-0.499,0
MAA,8867,-0.037,3.023,0.142,-0.242,0.129,0.03,-0.149,0.375,-0.0,-1.053,0.179,-0.205,0.166,0.067,-0.112,0.412,0.037,0
MAC,8867,0.35,5.735,0.603,0.797,0.079,0.141,1.308,-0.781,0.478,-3.647,0.253,0.448,-0.27,-0.209,0.958,-1.131,0.129,1
MAIN,8858,0.386,2.993,0.415,0.314,0.483,0.511,0.072,0.28,0.284,-0.921,0.029,-0.072,0.097,0.125,-0.314,-0.107,-0.102,0
MAN,8857,-0.13,5.424,0.601,0.128,0.042,-0.561,-0.213,0.239,0.251,-2.374,0.731,0.258,0.171,-0.431,-0.083,0.369,0.381,0
MANH,8866,0.255,5.463,0.746,-0.183,0.294,0.229,0.185,0.996,-0.289,-1.174,0.49,-0.439,0.039,-0.026,-0.071,0.74,-0.544,0
MANU,6321,0.0,7.671,0.815,0.24,-0.054,-0.213,-0.229,-2.092,-0.078,-2.597,0.815,0.24,-0.054,-0.213,-0.229,-2.092,-0.078,1
MAR,8867,0.558,4.045,0.826,0.669,0.409,0.387,0.781,0.855,0.107,-1.777,0.268,0.112,-0.149,-0.171,0.223,0.297,-0.451,0
MARA,8745,-0.898,15.06,-2.669,-0.969,-0.181,0.551,-1.481,-2.051,-3.819,-7.437,-1.771,-0.071,0.717,1.449,-0.583,-1.153,-2.921,3
MAS,8867,-0.114,4.204,0.074,-0.434,0.194,-0.318,0.397,-0.547,0.374,-2.84,0.188,-0.32,0.308,-0.205,0.51,-0.433,0.488,0
MASI,8643,0.007,6.049,-0.117,0.079,-0.037,0.02,-0.052,-0.292,0.675,0.722,-0.123,0.072,-0.044,0.013,-0.059,-0.299,0.669,0
MAT,8867,-0.103,5.06,0.682,-0.057,-0.235,-0.245,0.563,0.572,0.465,-0.636,0.785,0.046,-0.132,-0.142,0.666,0.675,0.568,0
MATV,4163,-0.739,10.362,0.533,-1.038,-1.394,-0.85,0.414,0.14,-3.198,-6.215,1.272,-0.299,-0.656,-0.111,1.153,0.879,-2.46,1
MATW,3557,-0.666,7.482,-0.435,-0.235,-0.613,-1.613,0.626,1.048,-0.686,-3.521,0.231,0.431,0.053,-0.947,1.292,1.714,-0.02,1
MATX,8848,0.625,5.447,1.137,0.796,0.341,0.675,0.984,1.363,-0.057,-2.477,0.513,0.171,-0.284,0.05,0.359,0.739,-0.682,0
MAX,4058,-0.801,14.951,-3.053,-0.852,0.367,-0.427,-2.652,0.564,-2.397,-7.093,-2.252,-0.052,1.167,0.373,-1.852,1.365,-1.597,3
MBC,6037,0.161,6.677,0.155,0.133,0.24,0.168,0.499,0.867,0.942,-2.485,-0.006,-0.028,0.079,0.007,0.339,0.706,0.782,0
MBLY,6544,-0.602,8.584,-0.554,-0.634,0.611,-0.692,-1.133,-1.884,0.051,-2.676,0.048,-0.031,1.214,-0.09,-0.531,-1.282,0.653,2
MBUU,6622,-0.551,6.816,0.616,-0.665,-0.62,-0.589,0.045,-1.59,-2.388,-1.505,1.168,-0.114,-0.069,-0.038,0.596,-1.039,-1.837,1
MC,8866,0.298,5.411,-0.161,0.478,0.708,-0.079,-0.126,-0.761,0.734,-2.232,-0.459,0.181,0.41,-0.377,-0.424,-1.058,0.437,2
MCB,4909,0.532,10.306,0.885,-0.198,0.333,0.819,1.414,1.125,1.497,-2.601,0.353,-0.73,-0.199,0.287,0.881,0.593,0.965,0
MCD,8867,0.095,2.454,0.051,0.187,0.25,0.056,-0.088,0.144,0.168,-0.553,-0.044,0.092,0.155,-0.039,-0.183,0.049,0.073,0
MCHP,8867,-0.081,6.042,0.525,0.188,-0.082,-0.168,0.961,-0.352,-0.592,-1.945,0.607,0.269,-0.001,-0.087,1.042,-0.27,-0.511,1
MCK,8867,0.576,3.424,1.186,0.772,0.583,0.365,1.056,0.583,1.168,-0.433,0.61,0.196,0.007,-0.211,0.48,0.007,0.593,0
MCO,8867,0.272,3.672,0.013,0.494,0.218,0.135,0.159,0.422,0.116,-5.377,-0.259,0.222,-0.054,-0.137,-0.113,0.15,-0.156,0
MCRI,4882,0.564,6.035,-0.34,0.708,1.159,0.559,-0.403,0.699,0.558,-4.111,-0.904,0.144,0.595,-0.005,-0.967,0.135,-0.006,2
MCS,3725,0.328,8.199,-0.951,0.074,0.731,1.66,-1.003,-0.042,-2.389,-0.31,-1.279,-0.254,0.403,1.332,-1.331,-0.371,-2.717,2
MCY,7557,0.293,5.3,0.539,0.364,0.444,0.437,0.017,0.378,0.838,-0.103,0.246,0.07,0.151,0.144,-0.276,0.084,0.544,0
MD,7442,-0.145,6.347,0.645,-0.261,-0.202,-0.382,0.394,-0.487,1.319,-1.99,0.789,-0.116,-0.058,-0.238,0.539,-0.343,1.463,0
MDB,8867,0.203,9.891,0.775,0.583,0.927,0.527,0.406,0.687,-0.286,-1.534,0.572,0.38,0.724,0.324,0.203,0.484,-0.489,2
MDGL,8650,-0.361,9.36,0.358,-0.127,-0.85,-0.678,-0.057,-0.261,0.313,-2.685,0.719,0.234,-0.489,-0.317,0.304,0.1,0.674,1
MDLZ,8867,0.141,2.727,0.137,0.207,0.192,0.266,0.163,0.45,0.427,-0.952,-0.004,0.066,0.051,0.125,0.022,0.309,0.285,0
MDT,8867,-0.133,3.052,-0.132,-0.113,-0.118,-0.078,-0.393,-0.042,0.058,-1.81,0.001,0.02,0.015,0.055,-0.26,0.091,0.192,0
MDU,8867,0.287,3.164,0.801,0.344,0.096,-0.023,1.033,0.0,0.051,-1.976,0.514,0.056,-0.191,-0.31,0.745,-0.287,-0.236,0
MDXG,3121,-0.127,11.317,-0.323,-0.706,-0.168,0.215,-1.689,1.552,0.036,-3.903,-0.196,-0.579,-0.042,0.341,-1.562,1.679,0.163,3
MEDP,8862,0.573,6.8,1.918,1.582,0.774,0.339,1.644,0.581,0.625,-7.846,1.346,1.009,0.201,-0.233,1.072,0.008,0.053,1
MEI,4754,-0.454,12.837,0.112,-0.211,-0.599,-0.435,0.459,-0.783,-0.186,-2.135,0.567,0.243,-0.145,0.019,0.913,-0.329,0.268,1
MELI,8867,-0.011,6.906,0.076,-0.006,-0.083,-0.317,0.212,-0.416,0.356,-3.224,0.087,0.006,-0.072,-0.306,0.223,-0.405,0.367,0
MEOH,8624,0.397,5.909,0.573,0.734,0.176,0.407,0.582,0.072,0.366,-5.532,0.176,0.336,-0.222,0.009,0.185,-0.325,-0.032,0
MET,8867,0.528,3.542,0.594,0.412,0.505,0.209,0.856,0.481,0.865,-0.728,0.066,-0.116,-0.023,-0.319,0.328,-0.047,0.337,0
META,7827,0.611,7.059,0.332,0.648,0.595,0.857,0.882,0.706,1.517,-1.341,-0.278,0.037,-0.015,0.247,0.272,0.096,0.906,0
METC,6801,-0.349,13.076,1.409,-0.48,-1.025,0.03,-0.434,-1.19,-2.208,-8.648,1.759,-0.131,-0.676,0.38,-0.084,-0.841,-1.858,1
MFA,8451,-0.096,4.553,0.116,-0.281,0.19,-0.096,0.41,0.193,0.26,-3.175,0.212,-0.185,0.286,-0.0,0.507,0.289,0.356,0
MFC,8867,0.627,3.269,0.697,0.679,0.695,0.862,0.795,0.623,0.504,-1.864,0.07,0.051,0.068,0.235,0.167,-0.004,-0.124,0
MFIC,3781,0.0,4.582,-0.205,-0.592,0.821,0.269,-0.579,0.981,0.842,0.433,-0.205,-0.592,0.821,0.269,-0.579,0.981,0.842,2
MGA,8867,0.02,4.848,0.404,0.048,-0.063,-0.037,0.481,0.608,-0.073,-4.109,0.384,0.028,-0.083,-0.057,0.461,0.588,-0.093,0
MGEE,5726,0.013,4.224,0.73,0.26,-0.189,0.22,0.489,0.172,0.351,-0.201,0.717,0.247,-0.202,0.208,0.476,0.159,0.338,0
MGM,8867,0.156,5.454,-0.042,0.339,0.679,-0.026,-0.118,-0.031,-0.309,-2.13,-0.198,0.183,0.523,-0.182,-0.274,-0.188,-0.465,2
MGNI,8798,-0.245,10.19,-0.44,0.329,-0.12,-0.162,0.32,-0.08,-0.652,0.567,-0.194,0.575,0.125,0.083,0.566,0.165,-0.406,0
MGPI,7064,-0.174,5.913,-0.344,0.009,-0.166,-0.28,-0.329,-0.436,0.137,-1.576,-0.171,0.183,0.008,-0.107,-0.156,-0.263,0.311,0
MGRC,6778,0.14,4.176,0.387,0.416,-0.133,0.273,0.38,-0.423,-0.065,-1.454,0.247,0.277,-0.273,0.133,0.24,-0.563,-0.205,0
MGY,8867,0.505,5.324,0.909,0.559,0.659,0.363,0.484,0.836,0.504,-2.96,0.404,0.054,0.154,-0.142,-0.021,0.332,-0.001,0
MHK,8867,-0.424,5.596,-0.109,-0.139,-0.085,-0.411,0.134,-0.902,-0.68,-2.971,0.316,0.285,0.339,0.014,0.559,-0.477,-0.256,0
MHO,8692,0.39,5.443,0.795,0.174,0.558,0.033,1.146,0.867,-0.112,-3.362,0.405,-0.216,0.168,-0.357,0.756,0.476,-0.502,0
MIDD,8867,0.152,4.904,0.42,-0.02,0.505,0.213,-0.243,-0.25,-0.425,-1.4,0.268,-0.172,0.353,0.06,-0.395,-0.403,-0.577,0
MIR,7774,0.4,6.757,1.44,0.143,0.128,0.656,-0.121,0.456,-0.118,-3.863,1.04,-0.257,-0.272,0.256,-0.521,0.056,-0.518,0
MIRM,7099,0.614,7.434,1.377,0.732,0.242,0.31,1.83,1.474,1.609,-0.018,0.763,0.118,-0.372,-0.304,1.216,0.86,0.995,0
MITK,4696,-0.355,8.735,0.57,0.216,-0.752,-1.171,0.724,0.07,1.317,-0.601,0.925,0.571,-0.397,-0.816,1.079,0.425,1.672,1
MKC,8867,-0.148,3.552,-0.331,-0.48,0.116,0.065,-0.473,-0.207,-0.218,-1.023,-0.183,-0.332,0.264,0.213,-0.325,-0.059,-0.071,0
MKL,8867,0.238,2.996,0.835,0.239,-0.018,-0.052,0.319,0.054,-0.092,-0.451,0.597,0.002,-0.256,-0.289,0.082,-0.184,-0.33,0
MKSI,8867,0.298,6.844,0.184,0.829,0.049,0.458,0.733,-0.638,1.819,-3.172,-0.114,0.531,-0.249,0.161,0.436,-0.936,1.522,0
MKTX,8867,-0.416,5.243,-0.644,-0.429,-0.506,-0.474,-0.387,-0.018,-0.182,-4.012,-0.228,-0.013,-0.09,-0.058,0.028,0.398,0.234,0
MLAB,4815,-0.563,8.651,0.329,-0.202,-0.867,-0.369,0.329,-1.871,-1.275,-5.748,0.892,0.361,-0.305,0.193,0.892,-1.309,-0.712,1
MLI,8707,0.619,4.653,0.253,1.205,0.462,0.273,0.732,0.854,0.52,-1.449,-0.366,0.586,-0.157,-0.346,0.114,0.236,-0.098,0
MLKN,7863,0.0,6.634,-0.12,0.162,0.702,-0.391,0.054,-0.073,0.125,-1.235,-0.12,0.162,0.702,-0.391,0.054,-0.073,0.125,2
MLM,8867,0.216,3.61,0.231,0.249,0.546,0.029,0.559,0.288,-0.292,-0.757,0.016,0.033,0.33,-0.187,0.343,0.072,-0.508,0
MLTX,5698,0.258,12.618,2.797,0.886,0.742,-0.284,1.964,0.184,0.359,-0.894,2.539,0.628,0.484,-0.542,1.706,-0.074,0.101,1
MLYS,3034,-0.663,14.795,1.25,-0.739,-0.502,-1.104,0.717,-0.291,0.864,0.708,1.912,-0.077,0.161,-0.442,1.38,0.371,1.527,1
MMI,4099,-0.235,6.684,0.561,-0.244,-0.306,-0.39,0.325,-0.974,-0.972,-3.207,0.796,-0.009,-0.071,-0.155,0.56,-0.738,-0.737,1
MMM,8867,-0.118,3.831,-0.061,-0.143,0.054,-0.138,0.289,-0.126,0.873,-1.282,0.058,-0.025,0.172,-0.02,0.407,-0.008,0.991,0
MMS,8839,0.0,3.914,0.013,0.133,0.152,-0.245,0.147,0.037,0.306,-2.056,0.013,0.133,0.152,-0.245,0.147,0.037,0.306,0
MMSI,8811,0.248,3.996,0.457,0.42,0.132,-0.014,0.909,0.087,0.402,-1.008,0.209,0.172,-0.116,-0.262,0.66,-0.162,0.153,0
MMYT,8226,0.243,6.809,1.321,-0.211,-0.813,0.176,1.524,1.555,-0.199,-1.601,1.077,-0.454,-1.057,-0.067,1.28,1.312,-0.442,1
MNDY,8817,-0.297,10.258,0.308,-0.297,-0.526,-0.974,-0.723,-0.26,-0.047,-8.61,0.606,0.0,-0.229,-0.676,-0.425,0.037,0.251,1
MNRO,8475,-0.541,6.149,-0.387,-0.408,-0.401,-0.309,-0.427,-0.763,-0.676,-1.206,0.153,0.133,0.14,0.232,0.114,-0.222,-0.135,0
MNST,8867,0.358,3.237,-0.022,0.586,0.476,0.396,-0.022,-0.144,-0.02,-0.84,-0.38,0.228,0.118,0.038,-0.38,-0.503,-0.378,0
MO,8867,0.288,3.026,0.597,0.418,0.02,0.353,0.283,0.165,0.433,-0.788,0.309,0.129,-0.268,0.065,-0.005,-0.124,0.144,0
MOD,7311,1.257,9.302,2.54,1.12,1.582,1.332,2.619,0.445,1.073,1.693,1.284,-0.137,0.325,0.075,1.362,-0.812,-0.184,0
MOH,8867,0.253,5.744,-0.335,0.118,0.232,-0.18,-0.1,0.154,0.926,-1.61,-0.588,-0.135,-0.02,-0.432,-0.353,-0.098,0.674,0
MORN,8659,0.078,4.602,0.084,-0.023,-0.079,-0.067,0.113,-0.392,0.101,-1.548,0.005,-0.101,-0.157,-0.145,0.035,-0.47,0.023,0
MOS,8867,0.111,5.857,0.071,0.199,0.384,0.0,0.058,0.156,-0.258,-1.862,-0.04,0.088,0.273,-0.111,-0.053,0.045,-0.369,0
MOV,3730,0.107,8.502,2.468,-0.213,0.541,0.825,1.383,0.013,-0.759,-2.779,2.361,-0.32,0.434,0.718,1.276,-0.094,-0.866,1
MP,8867,-0.092,9.654,-0.179,0.188,-0.413,-0.552,1.115,0.475,0.881,-9.093,-0.087,0.28,-0.321,-0.46,1.206,0.567,0.973,1
MPC,8867,0.821,4.75,0.925,0.503,0.731,0.934,1.009,0.372,1.684,1.448,0.104,-0.318,-0.09,0.113,0.188,-0.449,0.863,0
MPLX,8867,0.444,2.801,1.011,0.647,0.295,0.428,0.785,0.603,0.143,-0.881,0.567,0.203,-0.149,-0.015,0.341,0.16,-0.3,0
MPWR,8867,0.741,6.89,0.651,1.265,0.561,0.638,1.393,0.166,1.109,-5.365,-0.09,0.524,-0.179,-0.102,0.653,-0.575,0.369,0
MQ,8845,-0.313,8.34,1.256,-0.126,-0.252,-0.675,0.988,-2.146,0.836,-5.635,1.569,0.187,0.061,-0.362,1.301,-1.833,1.149,1
MRCY,8773,-0.019,6.511,-0.039,0.113,-0.466,-0.216,0.124,-0.126,0.054,-3.573,-0.019,0.132,-0.447,-0.197,0.144,-0.107,0.074,0
MRK,8867,0.104,3.516,-0.06,0.15,0.249,0.249,0.078,0.191,-0.406,-1.055,-0.165,0.046,0.145,0.145,-0.027,0.087,-0.51,0
MRNA,8867,-0.327,9.887,-1.176,0.193,-0.494,-0.477,-1.061,-0.331,-2.063,-4.828,-0.849,0.52,-0.167,-0.15,-0.734,-0.004,-1.736,2
MRTN,5788,-0.117,5.201,-0.423,-0.076,-0.516,-0.168,-0.416,0.099,0.655,-0.858,-0.307,0.04,-0.399,-0.051,-0.299,0.216,0.772,0
MRVI,6344,-0.626,9.789,0.096,-0.358,-0.217,-0.968,0.926,-1.866,-0.87,-6.65,0.722,0.269,0.41,-0.342,1.552,-1.239,-0.243,1
MRVL,8867,0.715,8.376,1.083,1.315,0.157,0.277,1.197,-1.022,-0.074,-4.478,0.368,0.599,-0.559,-0.439,0.481,-1.737,-0.789,1
MRX,3438,1.086,6.131,1.051,1.408,1.084,0.972,1.316,0.129,2.468,-0.339,-0.035,0.322,-0.002,-0.114,0.231,-0.957,1.382,0
MS,8867,0.44,4.121,0.319,0.599,0.69,0.361,0.741,0.469,0.141,-0.636,-0.121,0.159,0.25,-0.079,0.301,0.029,-0.299,0
MSA,8188,0.059,3.564,0.347,0.382,-0.167,0.278,0.546,0.182,-0.285,-0.791,0.288,0.323,-0.226,0.219,0.487,0.123,-0.344,0
MSCI,8867,0.108,4.165,0.321,0.296,-0.129,-0.418,0.061,0.594,-0.313,-1.316,0.213,0.188,-0.237,-0.526,-0.047,0.486,-0.422,0
MSDL,3346,-0.29,2.926,0.592,-0.183,-0.387,-0.667,0.603,0.049,0.672,-0.311,0.882,0.107,-0.097,-0.377,0.893,0.338,0.961,0
MSEX,5465,-0.272,5.59,-0.523,-0.357,0.057,-0.262,-0.338,-0.194,0.944,-2.758,-0.251,-0.085,0.329,0.01,-0.066,0.078,1.216,2
MSFT,8867,0.368,3.731,-0.095,0.365,0.459,0.208,0.535,0.461,0.202,-3.453,-0.463,-0.004,0.091,-0.161,0.167,0.093,-0.166,0
MSGE,8148,0.636,6.636,-0.155,0.885,0.752,1.123,-0.136,1.051,1.58,-10.414,-0.79,0.249,0.117,0.487,-0.772,0.415,0.945,2
MSGS,8609,0.24,3.698,0.551,0.292,0.317,0.293,0.278,-0.17,-0.043,-0.889,0.312,0.053,0.077,0.054,0.038,-0.41,-0.283,0
MSI,8867,0.558,3.137,0.202,0.625,0.372,0.534,1.164,0.608,0.545,-0.472,-0.356,0.068,-0.186,-0.024,0.606,0.05,-0.013,0
MSM,8866,0.228,3.371,0.56,0.432,0.273,-0.082,0.64,-0.071,0.686,-0.547,0.332,0.204,0.046,-0.31,0.412,-0.298,0.458,0
MSTR,8867,-0.283,12.887,-0.81,-0.528,0.125,-0.46,-1.334,0.0,0.204,-3.987,-0.527,-0.244,0.408,-0.177,-1.05,0.283,0.488,2
MT,8867,0.541,5.567,0.952,0.161,1.52,-0.213,0.776,0.538,0.178,-2.12,0.411,-0.38,0.978,-0.754,0.234,-0.004,-0.364,0
MTB,8867,0.286,4.131,0.148,0.219,0.375,0.347,0.088,0.072,0.376,-2.356,-0.138,-0.067,0.089,0.061,-0.198,-0.214,0.09,0
MTCH,8867,-0.291,5.851,-0.03,-0.322,-0.248,-0.51,-0.28,-0.776,0.34,-1.692,0.261,-0.031,0.043,-0.219,0.012,-0.484,0.632,0
MTD,8852,0.263,4.458,0.445,0.613,0.372,-0.218,0.975,0.731,0.603,-1.672,0.182,0.35,0.109,-0.482,0.712,0.468,0.339,0
MTDR,8867,0.39,6.658,1.11,0.233,0.47,0.258,0.707,0.633,0.469,-3.446,0.72,-0.157,0.08,-0.132,0.316,0.243,0.079,0
MTG,8867,0.518,3.483,0.555,0.552,0.368,0.521,0.547,0.813,0.232,-4.478,0.037,0.034,-0.151,0.002,0.029,0.295,-0.286,0
MTH,8867,0.047,5.388,-0.388,-0.057,-0.084,-0.101,0.108,0.035,0.187,-1.848,-0.435,-0.104,-0.131,-0.147,0.061,-0.012,0.14,0
MTN,8867,-0.199,4.243,0.639,-0.033,-0.314,-0.374,0.314,-0.744,0.055,-1.68,0.838,0.166,-0.115,-0.174,0.513,-0.545,0.254,0
MTRN,6783,0.613,6.492,1.19,0.934,0.42,0.263,1.321,1.065,0.594,-1.44,0.577,0.321,-0.193,-0.351,0.708,0.452,-0.02,0
MTSI,8859,0.628,6.067,0.571,1.085,0.516,0.29,0.928,0.364,0.817,-4.83,-0.057,0.457,-0.112,-0.338,0.3,-0.264,0.189,0
MTW,3058,-0.695,11.811,1.162,-1.298,-0.282,-1.464,-1.182,-0.69,-0.281,-7.357,1.857,-0.603,0.413,-0.769,-0.487,0.005,0.414,1
MTX,7134,0.194,4.539,0.691,0.383,0.141,-0.229,0.325,0.085,-0.668,-0.663,0.497,0.189,-0.053,-0.424,0.131,-0.109,-0.862,0
MTZ,8867,0.815,6.123,0.507,0.798,0.716,0.644,0.099,0.947,1.355,1.48,-0.308,-0.016,-0.099,-0.171,-0.715,0.132,0.541,0
MU,8867,0.57,8.018,0.043,0.418,0.632,0.393,0.452,0.932,1.735,-2.325,-0.527,-0.152,0.063,-0.177,-0.117,0.363,1.165,2
MUR,8867,0.479,6.414,0.195,0.905,0.58,0.488,0.032,1.142,0.842,-2.441,-0.284,0.426,0.101,0.009,-0.447,0.663,0.363,2
MUSA,8867,0.509,4.208,1.094,0.772,0.379,0.203,0.907,0.512,0.42,0.155,0.585,0.263,-0.131,-0.306,0.397,0.002,-0.089,0
MUX,4837,0.935,10.789,2.393,0.986,0.804,1.283,1.651,2.079,-1.225,-2.459,1.458,0.051,-0.131,0.348,0.716,1.144,-2.16,1
MWA,8698,0.173,4.235,0.159,0.356,0.143,-0.082,0.481,0.547,0.719,0.0,-0.014,0.183,-0.03,-0.255,0.308,0.374,0.545,0
MXL,8822,0.364,10.776,0.689,0.454,0.282,0.078,0.078,-0.385,2.082,-8.178,0.325,0.09,-0.082,-0.286,-0.286,-0.749,1.718,2
MYGN,7470,-0.584,8.218,0.151,-0.832,-0.528,-0.495,0.409,-1.199,-1.004,-2.005,0.736,-0.248,0.056,0.09,0.993,-0.614,-0.42,1
MYRG,7859,0.696,6.447,0.51,1.154,0.798,1.071,0.586,1.672,1.609,-2.654,-0.186,0.458,0.102,0.375,-0.11,0.976,0.913,0
NABL,4922,-0.37,6.671,0.164,0.0,0.08,-0.851,0.566,-1.017,-1.816,-2.564,0.533,0.37,0.45,-0.482,0.936,-0.647,-1.446,1
NAMS,3638,0.16,12.462,0.399,-0.169,0.076,-1.018,1.536,-0.537,1.815,0.417,0.239,-0.329,-0.084,-1.178,1.376,-0.697,1.655,1
NATL,4555,0.09,5.785,1.742,0.114,-0.422,-0.321,1.791,-1.136,-0.248,1.299,1.652,0.025,-0.512,-0.411,1.701,-1.225,-0.338,1
NAVI,8486,-0.06,4.852,0.359,-0.066,-0.116,-0.449,0.346,-0.905,-0.34,-0.848,0.419,-0.006,-0.056,-0.389,0.406,-0.845,-0.28,0
NBHC,5184,0.09,5.201,1.029,-0.284,-0.349,0.216,0.514,-2.07,-0.923,-3.25,0.938,-0.374,-0.44,0.126,0.424,-2.161,-1.014,1
NBIS,3072,2.302,15.479,4.948,2.256,0.181,2.38,8.771,2.797,2.578,-1.769,2.645,-0.046,-2.122,0.078,6.468,0.494,0.276,1
NBIX,8867,0.466,4.465,0.347,0.835,0.525,0.323,0.752,0.553,-0.048,-2.178,-0.12,0.369,0.058,-0.144,0.286,0.087,-0.515,0
NBR,8707,-0.013,9.714,-0.392,-0.138,-0.425,-0.375,-0.25,0.516,-0.057,-2.399,-0.379,-0.125,-0.412,-0.362,-0.237,0.529,-0.044,2
NBTB,5276,0.199,5.165,-0.126,0.144,-0.025,-0.224,-0.619,-0.164,0.317,-2.227,-0.325,-0.056,-0.224,-0.424,-0.818,-0.363,0.118,0
NCLH,8867,0.0,7.828,0.127,-0.149,0.301,0.491,-0.052,0.255,-1.182,-6.062,0.127,-0.149,0.301,0.491,-0.052,0.255,-1.182,2
NCNO,8848,-0.255,7.288,0.366,-0.115,-0.143,-0.728,0.133,-0.438,-0.936,-2.897,0.621,0.14,0.112,-0.473,0.388,-0.183,-0.681,1
NDAQ,8867,0.331,3.411,0.046,0.423,0.525,0.095,0.33,0.733,0.386,-1.241,-0.284,0.092,0.194,-0.236,-0.0,0.402,0.056,0
NDSN,8864,0.274,3.329,0.272,0.572,0.338,0.004,0.295,0.285,0.097,-1.352,-0.002,0.298,0.064,-0.27,0.021,0.011,-0.177,0
NE,8464,0.187,6.245,-0.389,0.321,-0.13,0.566,-0.614,0.935,0.112,0.734,-0.577,0.134,-0.317,0.379,-0.801,0.748,-0.075,0
NEE,8867,0.401,3.723,-0.083,0.317,0.445,0.166,0.19,0.709,0.779,0.581,-0.484,-0.084,0.044,-0.235,-0.211,0.308,0.378,0
NEM,8867,0.313,5.431,0.125,0.182,0.803,0.624,0.245,0.542,0.288,-1.851,-0.188,-0.132,0.49,0.311,-0.068,0.229,-0.025,2
NEO,8654,-0.552,9.673,0.208,-0.499,-0.547,-0.632,-0.074,-0.696,-1.721,-4.064,0.76,0.054,0.005,-0.08,0.479,-0.144,-1.169,1
NEOG,8617,-0.483,6.716,-1.393,-0.625,-0.55,-0.635,-0.542,-0.731,-0.822,-1.812,-0.911,-0.142,-0.068,-0.152,-0.059,-0.249,-0.34,2
NET,8867,0.651,10.051,1.583,0.373,0.506,1.097,1.335,0.173,0.246,-6.636,0.933,-0.278,-0.145,0.446,0.684,-0.478,-0.405,1
NEU,6850,0.843,4.042,1.134,0.894,0.83,0.609,0.743,0.981,0.489,-1.206,0.292,0.051,-0.012,-0.234,-0.1,0.138,-0.354,0
NEXT,5369,0.365,10.841,0.617,0.943,0.639,-0.807,-0.42,0.0,-1.316,-2.482,0.252,0.578,0.274,-1.172,-0.785,-0.365,-1.681,2
NFE,6763,-1.125,9.602,-0.206,-0.983,-1.376,-1.207,0.142,-0.814,-0.23,-3.393,0.919,0.141,-0.252,-0.082,1.266,0.31,0.894,1
NFG,8862,0.306,3.002,0.655,0.739,0.243,0.218,0.814,0.192,-0.153,-2.277,0.349,0.434,-0.063,-0.088,0.509,-0.114,-0.459,0
NFLX,8867,0.172,6.337,0.103,-0.12,0.411,-0.143,0.0,0.068,-0.84,-0.454,-0.07,-0.292,0.238,-0.315,-0.172,-0.105,-1.012,0
NG,4241,0.291,8.371,-0.615,1.005,0.0,-0.435,0.654,0.599,1.127,-5.111,-0.906,0.714,-0.291,-0.725,0.364,0.308,0.836,2
NGVT,8137,0.283,6.548,-0.302,0.268,0.278,0.258,0.318,0.308,0.401,-3.183,-0.585,-0.015,-0.005,-0.024,0.035,0.025,0.119,2
NHC,3108,1.179,6.576,1.979,1.794,1.128,1.043,1.344,-1.402,0.256,-2.047,0.8,0.615,-0.052,-0.136,0.165,-2.581,-0.923,0
NHI,8001,0.076,3.365,0.336,-0.152,0.122,0.054,0.497,0.156,-0.188,-5.176,0.26,-0.228,0.046,-0.022,0.421,0.08,-0.264,0
NI,8867,0.401,2.728,0.843,0.811,0.492,0.22,1.082,0.075,1.464,0.0,0.442,0.41,0.091,-0.181,0.681,-0.326,1.063,0
NJR,8852,0.143,2.835,0.664,0.294,0.086,0.055,0.517,0.276,0.327,-2.438,0.522,0.151,-0.057,-0.087,0.374,0.134,0.185,0
NKE,8867,-0.448,4.853,-0.888,-0.158,-0.493,-0.405,-0.84,-0.295,-0.466,-4.277,-0.44,0.29,-0.045,0.043,-0.392,0.153,-0.019,2
NKTR,5166,-0.725,17.25,-0.362,-1.964,-1.094,0.137,-1.578,2.38,-4.654,-10.417,0.364,-1.239,-0.369,0.862,-0.853,3.106,-3.928,3
NLY,8867,0.049,3.893,0.051,0.306,0.338,0.259,0.107,0.417,-0.191,0.116,0.001,0.257,0.289,0.21,0.058,0.368,-0.24,0
NMFC,5305,-0.238,3.415,0.599,-0.419,-0.381,-0.262,0.091,0.169,-0.711,-2.239,0.837,-0.181,-0.142,-0.023,0.329,0.407,-0.473,0
NMIH,8322,0.554,4.199,0.131,0.768,0.438,0.423,0.264,-0.073,0.383,-0.936,-0.422,0.215,-0.115,-0.13,-0.289,-0.626,-0.171,0
NMM,5550,1.04,7.849,1.586,1.347,1.183,1.383,1.995,0.346,1.443,-7.033,0.546,0.307,0.143,0.343,0.954,-0.695,0.403,1
NMRK,8163,0.585,6.35,0.311,0.565,0.827,0.616,1.094,1.681,1.017,-1.688,-0.274,-0.02,0.242,0.032,0.509,1.096,0.432,0
NN,3860,1.005,10.903,0.831,1.033,-0.259,1.415,0.799,1.961,-2.679,2.23,-0.174,0.028,-1.264,0.41,-0.206,0.956,-3.684,0
NNE,3723,-0.498,17.882,2.418,-0.965,-0.334,-0.311,2.452,-1.856,1.181,3.057,2.915,-0.467,0.164,0.186,2.95,-1.359,1.679,1
NNI,4683,0.586,4.304,0.628,0.748,0.682,0.626,1.029,0.461,1.567,0.139,0.042,0.162,0.096,0.04,0.442,-0.125,0.981,0
NNN,8867,0.047,2.76,0.164,0.16,0.117,0.158,0.327,0.021,0.847,-0.877,0.117,0.113,0.07,0.111,0.28,-0.026,0.801,0
NNOX,5488,-2.204,13.2,-2.268,-1.389,-1.118,-1.149,-1.591,-2.129,-0.816,-1.821,-0.064,0.816,1.086,1.055,0.613,0.075,1.388,3
NOC,8867,0.302,3.584,0.649,0.27,0.474,0.273,0.418,0.411,0.466,-0.237,0.347,-0.032,0.172,-0.029,0.116,0.109,0.164,0
NOG,8862,0.422,6.866,0.073,0.593,0.347,0.194,-0.12,0.365,1.348,-0.318,-0.349,0.171,-0.075,-0.228,-0.542,-0.056,0.927,0
NOMD,8037,-0.406,4.358,-0.894,-0.172,-0.658,-0.366,-0.264,-0.166,-0.462,-2.095,-0.488,0.234,-0.252,0.04,0.142,0.24,-0.057,0
NOV,8867,0.098,6.005,0.566,0.8,-0.053,-0.371,0.972,0.107,-0.015,-1.446,0.468,0.701,-0.151,-0.469,0.873,0.009,-0.113,0
NOVT,8425,0.143,5.49,0.696,0.319,-0.4,-0.153,0.494,-0.058,-0.534,-4.07,0.553,0.175,-0.543,-0.297,0.35,-0.201,-0.677,0
NOW,8867,0.204,6.027,0.808,0.226,-0.056,0.069,0.756,0.048,-0.058,-1.139,0.603,0.022,-0.26,-0.136,0.551,-0.156,-0.263,0
NPO,7174,0.53,5.624,0.513,0.597,0.201,0.712,0.21,0.162,0.183,-3.705,-0.018,0.066,-0.33,0.182,-0.32,-0.368,-0.347,0
NRDS,4864,-0.381,12.606,0.549,-0.889,-0.389,-0.488,1.054,0.951,1.378,-4.47,0.93,-0.507,-0.007,-0.107,1.435,1.332,1.759,1
NRG,8867,0.646,5.524,1.005,0.595,0.457,0.773,0.997,1.333,0.464,-0.051,0.358,-0.051,-0.189,0.127,0.351,0.686,-0.182,0
NRIX,6448,-0.627,11.645,-0.954,-0.682,-1.248,-0.253,-0.483,-1.453,0.307,-2.722,-0.327,-0.055,-0.621,0.374,0.144,-0.826,0.934,1
NSA,8829,-0.025,4.381,-0.262,-0.068,0.19,0.118,-0.321,-0.845,-0.953,-0.141,-0.237,-0.043,0.215,0.143,-0.296,-0.82,-0.928,0
NSC,8867,0.144,3.431,0.053,0.267,0.116,-0.024,-0.103,0.464,-0.258,-0.528,-0.091,0.123,-0.028,-0.168,-0.246,0.32,-0.402,0
NSIT,8757,0.265,5.098,-0.405,0.224,0.466,0.374,-0.065,0.47,0.657,-1.357,-0.67,-0.042,0.201,0.108,-0.33,0.205,0.391,2
NSP,8682,0.009,6.252,0.251,0.041,-0.254,0.064,0.359,-0.352,0.268,-3.691,0.242,0.032,-0.263,0.055,0.351,-0.36,0.259,0
NSSC,6575,0.492,8.121,1.323,0.0,0.484,0.433,1.038,1.2,2.612,-4.202,0.831,-0.492,-0.009,-0.06,0.546,0.708,2.12,0
NTAP,8867,0.386,5.046,0.026,0.485,0.365,0.447,0.465,0.12,0.289,0.478,-0.36,0.099,-0.021,0.061,0.079,-0.266,-0.098,0
NTB,5550,0.384,5.025,0.959,0.438,0.184,0.269,0.725,0.981,0.03,-1.911,0.575,0.054,-0.2,-0.115,0.341,0.597,-0.354,0
NTCT,8156,0.108,4.544,0.362,0.0,0.541,0.069,0.455,0.447,0.344,0.186,0.254,-0.108,0.433,-0.039,0.347,0.339,0.236,0
NTGR,5142,-0.214,7.972,0.457,-0.442,-0.388,-0.642,-0.084,1.14,-0.996,-3.923,0.67,-0.229,-0.174,-0.428,0.13,1.354,-0.782,0
NTLA,8867,-1.028,10.895,-1.29,-0.69,-1.049,-0.828,-0.765,-0.081,-2.605,-4.33,-0.262,0.338,-0.021,0.2,0.263,0.947,-1.577,2
NTNX,8867,0.434,6.979,1.313,0.637,-0.049,0.057,0.509,1.007,0.704,-0.417,0.88,0.203,-0.483,-0.376,0.075,0.573,0.27,0
NTR,8867,0.107,4.565,0.519,0.064,0.166,-0.116,0.063,-0.462,0.252,-0.474,0.412,-0.043,0.059,-0.223,-0.044,-0.569,0.146,0
NTRA,8867,0.58,7.376,0.118,1.152,0.651,-0.465,0.958,0.084,0.245,-3.254,-0.463,0.571,0.07,-1.045,0.377,-0.497,-0.336,0
NTRS,8867,0.331,3.885,0.055,0.483,0.276,-0.043,0.701,0.379,0.897,-0.109,-0.277,0.152,-0.055,-0.374,0.369,0.047,0.565,0
NTST,8044,0.094,3.387,0.579,0.0,0.113,0.065,0.545,0.275,0.298,-0.944,0.485,-0.094,0.019,-0.029,0.452,0.182,0.204,0
NU,6555,0.471,6.789,0.085,0.123,0.454,0.091,-0.296,-0.876,0.541,-3.626,-0.386,-0.348,-0.017,-0.38,-0.767,-1.347,0.07,2
NUE,8867,0.55,5.508,0.091,0.523,0.633,0.417,-0.416,-0.018,-0.808,-1.604,-0.458,-0.027,0.083,-0.133,-0.966,-0.568,-1.358,2
NUS,7121,-0.958,7.047,-1.836,-0.869,-0.956,-1.22,-1.754,-0.937,-2.28,-1.374,-0.879,0.089,0.001,-0.263,-0.797,0.021,-1.322,2
NUTX,3014,0.178,24.583,-0.762,-0.07,1.904,-0.52,0.374,-0.551,0.906,-18.716,-0.94,-0.247,1.726,-0.698,0.196,-0.729,0.729,3
NUVL,6607,0.292,11.092,1.723,0.641,0.149,0.38,1.321,-0.455,1.693,-5.456,1.431,0.35,-0.143,0.088,1.029,-0.746,1.401,1
NVAX,8333,-1.368,13.211,-0.707,-0.935,0.136,-1.522,-1.155,-1.544,-1.655,-9.391,0.661,0.432,1.504,-0.155,0.213,-0.177,-0.287,2
NVCR,8855,-1.081,10.632,-0.774,-0.467,-1.359,-0.9,-1.013,-0.748,-0.966,-3.41,0.307,0.614,-0.278,0.181,0.068,0.333,0.115,1
NVDA,8867,1.184,6.957,0.789,1.628,0.776,1.114,1.256,0.58,1.484,-1.607,-0.395,0.444,-0.408,-0.069,0.072,-0.604,0.3,0
NVMI,8156,0.934,6.833,0.591,1.063,0.9,1.073,1.549,1.105,1.656,-2.434,-0.343,0.129,-0.033,0.139,0.616,0.171,0.723,0
NVR,8867,0.119,3.514,0.09,0.279,-0.019,-0.217,-0.171,0.094,0.764,-1.752,-0.029,0.16,-0.138,-0.336,-0.29,-0.025,0.645,0
NVRI,3018,1.19,9.963,0.895,1.287,0.497,0.475,1.274,-0.261,2.55,-2.314,-0.295,0.097,-0.693,-0.715,0.084,-1.451,1.36,0
NVST,8867,-0.294,5.029,0.81,-0.097,-0.439,-0.498,0.632,-0.721,-1.464,-0.092,1.105,0.197,-0.145,-0.203,0.927,-0.427,-1.17,1
NVT,8866,0.855,4.885,1.265,1.203,0.584,0.717,1.248,0.685,0.577,0.564,0.41,0.347,-0.271,-0.138,0.393,-0.171,-0.279,0
NVTS,5381,-1.383,14.792,-2.282,-1.39,0.101,-0.584,-2.81,-2.385,-4.188,-5.292,-0.9,-0.008,1.484,0.799,-1.427,-1.003,-2.806,3
NWBI,7558,0.0,3.733,-0.227,0.207,-0.229,-0.081,-0.075,-0.143,-0.264,0.322,-0.227,0.207,-0.229,-0.081,-0.075,-0.143,-0.264,0
NWE,8771,0.054,2.828,0.974,0.305,0.155,-0.411,0.81,-0.169,0.347,-1.118,0.92,0.251,0.101,-0.465,0.755,-0.223,0.292,0
NWL,7545,-0.579,7.122,-0.93,-0.354,-0.232,-0.508,-0.442,0.0,-0.036,-3.715,-0.351,0.225,0.347,0.071,0.137,0.579,0.543,2
NWN,7727,0.066,3.367,0.892,0.22,-0.152,0.132,0.885,0.166,-0.288,-3.387,0.827,0.155,-0.218,0.067,0.82,0.1,-0.354,0
NWS,8734,0.259,3.776,-0.031,0.304,0.405,0.074,0.057,-0.017,0.227,-1.154,-0.29,0.044,0.146,-0.186,-0.202,-0.277,-0.033,0
NWSA,8867,0.189,3.695,0.236,0.386,0.419,0.099,0.039,0.285,0.265,-1.971,0.047,0.196,0.229,-0.091,-0.151,0.096,0.076,0
NX,4716,-0.05,8.681,0.049,0.042,0.95,0.882,0.658,2.988,-1.287,-3.332,0.1,0.093,1.0,0.933,0.709,3.039,-1.236,2
NXE,5482,0.583,7.239,1.255,0.799,0.519,0.0,1.137,0.8,1.07,-3.479,0.673,0.216,-0.063,-0.583,0.554,0.218,0.488,0
NXPI,8867,0.078,5.389,0.424,0.382,0.106,-0.148,0.697,0.062,0.421,-0.728,0.346,0.304,0.029,-0.226,0.62,-0.016,0.343,0
NXRT,4626,-0.362,6.348,-0.739,-0.213,-0.163,0.227,-0.608,0.09,1.323,-3.533,-0.377,0.149,0.199,0.589,-0.246,0.451,1.684,2
NXST,8867,0.046,4.814,0.564,0.255,0.417,-0.082,0.528,0.314,0.392,-5.417,0.518,0.208,0.37,-0.129,0.482,0.268,0.346,0
NXT,6043,0.263,8.461,0.634,1.256,0.113,-0.14,0.187,1.708,-0.101,0.052,0.371,0.993,-0.15,-0.403,-0.076,1.445,-0.364,0
NYT,8867,0.319,4.001,0.353,0.054,0.542,0.258,-0.03,0.482,-0.087,-0.34,0.034,-0.264,0.223,-0.061,-0.349,0.163,-0.405,0
O,8867,0.075,2.658,-0.051,-0.076,0.155,0.228,-0.164,-0.12,0.314,-1.706,-0.126,-0.151,0.08,0.153,-0.239,-0.195,0.239,0
OBDC,5348,0.122,2.811,0.409,0.133,0.135,0.194,0.197,-0.175,-0.246,-1.145,0.287,0.011,0.012,0.071,0.074,-0.298,-0.368,0
OBE,3342,1.206,10.695,1.712,1.236,2.288,1.235,1.089,2.874,1.523,-10.67,0.506,0.029,1.081,0.028,-0.118,1.668,0.316,2
OC,8867,0.408,4.889,0.172,0.551,0.514,0.232,0.487,0.203,0.626,0.788,-0.235,0.144,0.106,-0.175,0.08,-0.205,0.218,0
OCFC,4936,0.095,6.253,0.266,0.371,-0.42,-0.285,0.37,0.243,-0.104,-10.072,0.171,0.276,-0.514,-0.379,0.275,0.149,-0.198,1
OCSL,8065,0.0,3.063,0.404,0.092,0.0,-0.097,0.269,-0.423,-0.054,-0.388,0.404,0.092,0.0,-0.097,0.269,-0.423,-0.054,0
OCUL,5634,-0.262,10.905,-0.097,-0.308,0.251,0.0,0.126,-0.575,-0.704,-7.96,0.165,-0.047,0.512,0.262,0.388,-0.313,-0.442,2
ODD,5178,-0.623,10.397,0.422,-0.603,-0.023,-0.818,0.015,-0.365,-0.425,-3.585,1.045,0.021,0.6,-0.195,0.638,0.258,0.198,1
ODFL,8867,0.239,5.034,-0.185,0.552,0.283,0.457,0.041,0.015,-0.121,-0.43,-0.424,0.313,0.044,0.218,-0.198,-0.224,-0.361,0
OEC,6037,0.401,8.099,-0.477,0.449,1.644,0.398,-0.354,-0.301,0.714,-1.117,-0.878,0.047,1.242,-0.004,-0.755,-0.703,0.313,2
OFG,5686,0.524,5.141,0.722,0.632,0.67,-0.09,0.509,0.887,0.663,-1.348,0.199,0.108,0.146,-0.614,-0.014,0.363,0.139,0
OFIX,3451,-1.317,10.112,-0.307,-0.206,-1.205,-1.33,-0.164,-2.74,1.73,-5.05,1.011,1.111,0.113,-0.013,1.154,-1.423,3.048,1
OGE,8867,0.257,2.676,0.535,0.531,0.365,0.16,0.613,0.179,0.864,-0.574,0.278,0.274,0.108,-0.097,0.356,-0.078,0.607,0
OGN,8867,-0.166,7.352,-1.592,-0.221,0.149,0.203,-0.198,0.017,0.424,-4.178,-1.426,-0.055,0.315,0.369,-0.032,0.183,0.59,2
OGS,8827,0.164,3.264,0.876,0.336,0.139,-0.092,0.682,0.172,0.294,-0.739,0.712,0.172,-0.025,-0.255,0.518,0.008,0.13,0
OHI,8867,0.29,3.17,0.738,0.425,-0.062,0.253,0.612,0.006,0.373,-3.483,0.448,0.135,-0.352,-0.037,0.322,-0.284,0.083,0
OI,8814,-0.23,5.911,0.627,-0.097,-0.338,-0.853,0.685,-0.311,-0.434,-2.967,0.857,0.133,-0.109,-0.624,0.914,-0.082,-0.205,1
OII,8738,0.86,7.264,1.125,1.534,0.852,1.134,1.813,1.96,-1.262,-3.428,0.264,0.673,-0.009,0.274,0.953,1.099,-2.122,0
OIS,4320,0.357,9.937,0.343,0.726,0.578,0.293,-0.649,-1.453,1.569,-4.464,-0.014,0.369,0.221,-0.064,-1.007,-1.81,1.211,2
OKE,8867,0.517,4.134,1.028,0.572,0.227,0.469,1.023,0.359,0.641,-2.333,0.511,0.054,-0.29,-0.048,0.506,-0.159,0.124,0
OKLO,3847,-0.926,17.401,0.369,-2.868,-2.422,0.96,-0.527,3.029,-1.374,-1.619,1.295,-1.941,-1.496,1.886,0.4,3.955,-0.448,3
OKTA,8867,-0.099,8.231,0.686,-0.021,-0.261,-0.334,0.747,-1.241,-0.992,-1.629,0.785,0.078,-0.162,-0.235,0.846,-1.142,-0.893,1
OLED,8864,-0.238,5.694,-0.034,-0.147,-0.661,-0.085,0.257,-0.447,-0.369,-0.513,0.204,0.091,-0.423,0.153,0.495,-0.209,-0.131,0
OLLI,8867,0.0,5.86,0.346,-0.152,0.052,-0.181,0.356,0.062,0.847,-2.393,0.346,-0.152,0.052,-0.181,0.356,0.062,0.847,0
OLMA,4424,-1.124,15.87,-1.344,-1.597,-1.545,-1.545,-0.669,-3.778,-1.507,-2.52,-0.22,-0.474,-0.421,-0.421,0.455,-2.654,-0.383,1
OLN,8867,0.049,6.132,0.446,-0.329,0.141,-0.047,0.518,-0.276,-1.028,-0.534,0.398,-0.378,0.092,-0.096,0.469,-0.325,-1.077,0
OMC,8867,0.156,3.879,0.093,0.531,0.327,-0.082,0.666,0.235,-0.069,-2.544,-0.062,0.375,0.171,-0.238,0.51,0.079,-0.225,0
OMCL,8779,-0.133,6.804,-0.146,0.0,-0.415,-0.434,0.047,-0.04,0.8,-1.582,-0.014,0.133,-0.282,-0.301,0.18,0.093,0.933,0
OMER,3097,-0.987,16.421,0.396,-1.289,-0.458,-0.49,0.934,-2.387,1.027,-3.514,1.383,-0.302,0.529,0.497,1.922,-1.4,2.014,1
OMF,8867,0.19,5.16,0.039,0.408,0.322,-0.083,-0.189,0.396,-0.667,0.352,-0.151,0.219,0.132,-0.273,-0.379,0.206,-0.856,0
ON,8867,0.252,7.266,0.135,1.027,0.027,0.67,0.448,0.523,0.708,-3.812,-0.117,0.775,-0.225,0.418,0.196,0.271,0.456,0
ONB,8867,0.219,4.094,0.359,0.339,0.06,-0.063,0.331,0.481,-0.473,-0.241,0.14,0.12,-0.159,-0.282,0.112,0.262,-0.692,0
ONON,8507,-0.157,7.799,-0.486,0.398,-0.472,-0.524,0.818,-0.941,-0.231,-2.373,-0.329,0.555,-0.315,-0.367,0.975,-0.784,-0.074,1
ONTO,8836,0.653,7.623,0.995,0.971,0.355,0.717,1.276,0.766,2.017,-3.221,0.342,0.318,-0.298,0.064,0.623,0.113,1.364,0
OPCH,8859,0.075,5.278,1.448,0.139,-0.168,0.041,1.398,0.337,0.0,-1.736,1.373,0.064,-0.243,-0.034,1.323,0.262,-0.075,1
OR,8450,0.332,5.414,1.209,-0.062,0.752,0.392,0.777,0.606,0.873,-2.459,0.877,-0.394,0.421,0.06,0.446,0.274,0.541,0
ORA,8863,0.323,4.085,0.077,0.566,0.19,-0.085,0.078,-0.118,0.61,-1.005,-0.246,0.243,-0.133,-0.409,-0.246,-0.441,0.287,0
ORC,8686,-0.122,4.455,-0.477,0.279,-0.141,0.0,0.208,-0.139,0.177,-1.319,-0.355,0.401,-0.02,0.122,0.33,-0.018,0.298,0
ORCL,8867,0.198,6.203,0.125,-0.08,0.397,0.074,-0.078,0.513,0.191,-1.744,-0.073,-0.277,0.199,-0.124,-0.275,0.316,-0.007,0
ORI,8867,0.503,3.116,1.022,0.442,0.607,0.17,0.833,0.391,0.882,-0.417,0.518,-0.061,0.104,-0.334,0.33,-0.112,0.379,0
ORIC,3798,0.294,15.971,0.0,-0.345,-0.988,0.719,-0.522,0.0,3.509,-11.061,-0.294,-0.639,-1.282,0.425,-0.816,-0.294,3.215,3
ORLY,8867,0.409,3.195,1.15,0.355,0.331,0.219,0.776,0.58,0.477,-0.892,0.741,-0.054,-0.078,-0.189,0.367,0.171,0.069,0
OSCR,7712,-0.645,10.923,-1.445,-1.82,-0.968,-0.423,-1.516,-0.568,5.835,-4.17,-0.8,-1.175,-0.323,0.222,-0.871,0.077,6.48,3
OSIS,7245,0.371,5.331,0.09,0.523,0.596,0.402,0.097,0.565,1.154,-5.89,-0.281,0.152,0.225,0.031,-0.274,0.194,0.783,2
OSK,8867,0.061,4.826,0.293,0.167,0.271,0.047,0.216,-0.486,1.491,-1.526,0.232,0.106,0.21,-0.014,0.155,-0.547,1.43,0
OSPN,3869,0.691,10.027,1.666,0.909,0.0,1.142,2.608,-0.466,-0.682,1.321,0.975,0.218,-0.691,0.451,1.917,-1.157,-1.373,1
OSW,5812,0.68,6.104,0.748,0.739,0.88,0.332,0.458,0.031,0.688,-3.708,0.069,0.059,0.2,-0.348,-0.222,-0.648,0.008,0
OTEX,8855,0.239,4.444,0.149,0.301,0.534,0.078,0.216,-0.142,0.818,-2.352,-0.09,0.063,0.296,-0.161,-0.023,-0.38,0.579,0
OTIS,8867,0.135,2.961,-0.039,0.264,0.278,0.11,0.027,0.314,0.051,-1.229,-0.174,0.129,0.143,-0.025,-0.107,0.179,-0.084,0
OTTR,8006,0.228,4.01,0.692,0.457,0.015,0.258,0.726,0.217,-0.358,1.214,0.464,0.229,-0.213,0.03,0.498,-0.011,-0.586,0
OUST,6554,-1.905,15.241,-2.138,-2.927,-1.397,-2.482,-2.252,-4.623,-2.457,-5.039,-0.234,-1.022,0.508,-0.577,-0.347,-2.718,-0.552,3
OUT,8864,0.282,5.488,0.515,0.226,0.517,0.113,0.623,0.166,0.418,0.533,0.233,-0.055,0.235,-0.168,0.342,-0.116,0.136,0
OVV,8867,0.528,6.412,0.966,0.18,0.454,0.403,0.416,1.3,1.322,-2.753,0.438,-0.348,-0.074,-0.126,-0.113,0.771,0.794,0
OWL,8819,0.146,6.265,0.239,0.059,-0.166,0.0,0.276,0.344,0.821,-2.171,0.093,-0.087,-0.312,-0.146,0.13,0.198,0.675,0
OXLC,8270,-0.253,4.278,-0.31,-0.295,-0.211,-0.398,-0.118,-0.697,-0.135,-1.088,-0.057,-0.041,0.042,-0.144,0.135,-0.444,0.118,0
OXM,8536,-0.356,6.387,0.943,-0.504,-0.484,-0.044,0.583,-0.205,-0.551,-4.316,1.299,-0.148,-0.127,0.313,0.94,0.151,-0.195,1
OXY,8867,0.205,5.467,0.586,0.146,0.457,0.419,0.575,0.061,0.451,-3.632,0.382,-0.058,0.252,0.214,0.37,-0.143,0.246,0
OZK,8867,0.078,4.639,-0.028,0.03,0.103,0.0,0.108,-0.045,0.122,-1.008,-0.106,-0.048,0.025,-0.078,0.03,-0.123,0.043,0
PAA,8867,0.597,3.975,0.889,0.594,0.432,0.566,0.806,0.537,0.572,-1.855,0.292,-0.003,-0.165,-0.031,0.209,-0.06,-0.025,0
PAAS,8867,0.328,6.714,0.699,-0.238,0.0,0.599,0.181,1.782,1.189,-4.072,0.371,-0.566,-0.328,0.271,-0.147,1.454,0.861,0
PACB,4454,-1.521,11.254,-1.676,-1.508,-2.514,-2.29,-1.342,-1.579,-1.532,-3.658,-0.156,0.013,-0.993,-0.77,0.178,-0.058,-0.011,1
PACS,3345,0.544,12.133,0.0,-0.304,-1.024,0.648,0.41,0.722,-0.492,0.951,-0.544,-0.847,-1.568,0.105,-0.133,0.178,-1.035,0
PAG,8816,0.429,4.228,0.756,0.842,0.351,0.106,1.378,0.718,-0.909,-1.074,0.328,0.413,-0.078,-0.323,0.949,0.289,-1.338,0
PAGP,8867,0.639,3.974,0.965,0.76,0.592,0.622,0.704,1.541,0.442,-2.264,0.326,0.121,-0.047,-0.017,0.065,0.902,-0.197,0
PAGS,8867,-0.463,8.719,-0.991,-0.082,0.114,-1.039,-1.179,-1.076,0.25,-3.212,-0.528,0.381,0.577,-0.576,-0.716,-0.613,0.713,2
PAHC,3027,0.62,11.271,0.971,0.505,0.752,1.907,0.229,0.876,1.264,-9.352,0.351,-0.115,0.132,1.286,-0.391,0.255,0.644,3
PANW,8867,0.733,5.997,1.352,0.91,1.102,0.61,1.134,0.718,1.149,-1.574,0.619,0.176,0.369,-0.124,0.4,-0.015,0.416,0
PAR,8155,-0.449,7.681,-0.567,-0.849,-0.704,-0.334,-0.485,-0.457,-1.702,-1.536,-0.118,-0.4,-0.255,0.115,-0.036,-0.008,-1.253,0
PARR,8332,0.426,7.453,0.28,0.0,0.33,0.756,0.195,0.726,0.794,-5.458,-0.146,-0.426,-0.096,0.331,-0.231,0.3,0.368,2
PATH,8867,-0.565,8.555,1.141,-0.806,-1.079,-0.81,0.38,-1.18,-2.318,-3.282,1.706,-0.241,-0.514,-0.245,0.945,-0.615,-1.753,1
PATK,8121,0.402,5.332,0.084,0.805,0.396,0.467,0.605,0.343,1.228,-2.526,-0.318,0.403,-0.006,0.065,0.202,-0.059,0.825,0
PAX,4919,-0.186,5.839,0.302,-0.196,0.154,0.0,-0.062,-0.735,-0.452,-2.964,0.488,-0.01,0.34,0.186,0.125,-0.549,-0.266,0
PAY,5051,-0.489,11.127,1.009,-0.913,-1.049,0.471,0.715,-1.006,-1.82,-2.334,1.498,-0.423,-0.56,0.961,1.204,-0.517,-1.331,1
PAYC,8867,-0.106,6.291,0.306,-0.161,0.219,0.218,0.318,-0.799,-0.638,-3.207,0.411,-0.055,0.325,0.323,0.424,-0.694,-0.532,0
PAYO,6988,-0.141,6.883,0.455,0.0,-0.585,-0.388,0.162,-0.49,0.198,-4.092,0.596,0.141,-0.444,-0.247,0.303,-0.349,0.339,1
PAYX,8867,0.168,3.235,0.0,0.029,0.351,0.177,-0.068,0.007,0.414,-0.884,-0.168,-0.14,0.183,0.009,-0.236,-0.161,0.246,0
PB,8864,0.0,3.369,0.093,-0.03,0.088,-0.278,0.243,-0.022,0.223,-1.576,0.093,-0.03,0.088,-0.278,0.243,-0.022,0.223,0
PBA,8867,0.493,3.184,0.966,0.808,0.567,0.321,0.808,0.643,-0.064,-1.124,0.474,0.316,0.074,-0.172,0.315,0.151,-0.556,0
PBF,8867,0.515,9.023,0.362,0.012,0.145,0.984,0.025,-0.415,0.302,0.771,-0.153,-0.503,-0.37,0.469,-0.49,-0.93,-0.213,0
PBH,8577,0.154,3.556,-0.119,0.012,0.239,0.135,0.118,0.095,0.446,-0.307,-0.273,-0.142,0.086,-0.019,-0.036,-0.058,0.292,0
PBI,4926,0.464,6.569,0.783,0.714,0.708,0.586,0.885,-0.388,-1.028,0.716,0.319,0.249,0.244,0.121,0.421,-0.852,-1.493,0
PCAR,8867,0.342,3.478,0.901,0.391,-0.113,0.258,0.949,0.455,-0.055,-1.145,0.559,0.049,-0.455,-0.084,0.607,0.113,-0.397,0
PCG,8867,0.411,3.842,0.509,0.467,0.374,0.12,0.443,0.404,0.0,-1.624,0.098,0.056,-0.037,-0.291,0.033,-0.007,-0.411,0
PCOR,8853,0.19,6.869,0.051,1.045,0.866,-0.29,0.21,-0.301,0.918,-7.298,-0.139,0.855,0.676,-0.48,0.02,-0.491,0.728,2
PCRX,8690,-0.134,6.292,0.043,0.152,-0.235,-0.651,0.18,-1.048,0.62,-1.546,0.178,0.287,-0.101,-0.517,0.314,-0.913,0.755,0
PCT,7943,-0.625,11.826,-1.526,-0.818,-0.741,-0.598,-1.362,-0.662,-2.374,-4.314,-0.901,-0.194,-0.116,0.026,-0.738,-0.038,-1.749,2
PCTY,8866,-0.123,5.766,-0.079,-0.198,0.569,-0.1,-0.321,0.287,-0.115,-0.882,0.045,-0.074,0.693,0.023,-0.197,0.41,0.009,2
PCVX,7821,0.309,9.122,1.4,0.272,-0.223,-0.099,1.255,0.617,1.142,-2.798,1.09,-0.037,-0.533,-0.408,0.946,0.308,0.833,1
PD,8862,-0.422,7.703,0.807,-0.27,-0.462,-0.538,-0.229,-0.815,-1.353,-3.508,1.229,0.152,-0.04,-0.117,0.193,-0.394,-0.931,1
PDFS,4370,0.961,9.97,2.023,0.733,0.302,0.355,1.183,1.711,0.398,-0.73,1.062,-0.228,-0.659,-0.607,0.222,0.75,-0.563,0
PDM,7161,-0.167,5.382,0.622,-0.096,-0.533,-0.164,0.775,0.122,-1.678,-3.369,0.788,0.071,-0.366,0.003,0.942,0.288,-1.511,1
PDS,4567,0.527,10.188,-0.009,0.702,0.866,0.806,-0.293,-0.244,0.839,-1.916,-0.536,0.175,0.339,0.279,-0.82,-0.771,0.312,2
PEB,8865,0.089,5.428,0.817,0.085,-0.357,0.086,0.641,-0.318,-0.512,-0.513,0.729,-0.004,-0.446,-0.003,0.552,-0.407,-0.6,0
PECO,8564,0.144,3.051,0.991,0.346,0.144,-0.206,0.535,-0.682,-0.909,0.056,0.847,0.201,0.0,-0.351,0.391,-0.827,-1.054,0
PEG,8867,0.207,2.845,0.191,0.306,0.18,0.132,0.447,-0.161,0.211,-1.013,-0.016,0.099,-0.027,-0.075,0.241,-0.368,0.005,0
PEGA,8768,-0.204,7.246,0.476,0.093,-0.115,-0.858,0.384,-0.208,0.276,-1.533,0.679,0.297,0.089,-0.655,0.588,-0.004,0.48,1
PEN,8863,-0.059,5.793,-0.317,0.135,-0.366,-0.32,-0.126,0.168,0.987,-1.309,-0.259,0.194,-0.307,-0.262,-0.068,0.227,1.045,0
PENG,3064,1.716,9.935,0.889,2.345,1.293,1.796,1.726,1.204,1.747,1.182,-0.828,0.628,-0.423,0.079,0.01,-0.512,0.031,0
PENN,8867,-0.227,6.911,1.204,0.162,-0.551,-1.022,1.246,-1.022,-2.7,-5.847,1.431,0.389,-0.324,-0.796,1.473,-0.795,-2.473,1
PEP,8867,-0.012,2.55,0.053,0.018,-0.014,-0.026,-0.064,-0.002,0.286,-1.453,0.065,0.03,-0.002,-0.014,-0.051,0.01,0.299,0
PERI,6203,-0.222,8.582,-0.215,-0.211,-0.046,0.306,0.0,0.234,-0.539,-0.88,0.007,0.012,0.176,0.529,0.222,0.456,-0.317,2
PFBC,4077,0.456,5.806,1.313,0.763,0.296,0.173,0.816,1.548,0.773,-0.764,0.858,0.307,-0.16,-0.283,0.36,1.092,0.317,0
PFE,8867,-0.209,3.582,-0.287,-0.355,-0.273,-0.589,-0.162,-0.578,0.123,-1.309,-0.079,-0.146,-0.064,-0.381,0.047,-0.369,0.331,0
PFG,8867,0.528,3.752,0.644,0.761,0.806,0.446,0.888,0.671,0.35,-2.198,0.116,0.233,0.278,-0.082,0.36,0.143,-0.178,0
PFGC,8867,0.403,4.413,0.822,0.235,0.428,0.211,0.89,0.048,0.405,-1.604,0.419,-0.168,0.025,-0.192,0.487,-0.355,0.002,0
PFLT,6303,-0.096,3.73,-0.091,-0.091,0.0,-0.327,-0.478,-0.293,0.455,-1.972,0.005,0.006,0.096,-0.231,-0.382,-0.197,0.551,0
PFS,7344,-0.053,4.763,-0.053,-0.212,-0.15,0.202,-0.105,0.0,0.831,-1.667,-0.001,-0.159,-0.098,0.254,-0.053,0.053,0.884,0
PFSI,8783,0.268,5.171,0.751,0.395,-0.199,-0.009,0.599,0.233,0.973,-1.813,0.483,0.127,-0.467,-0.277,0.332,-0.035,0.705,0
PG,8867,0.221,2.423,0.335,0.197,0.194,0.348,-0.253,0.483,0.334,-0.513,0.114,-0.023,-0.027,0.127,-0.474,0.263,0.113,0
PGNY,8867,-0.24,7.644,1.021,-0.253,-0.352,-0.554,0.832,-0.409,-1.547,-2.213,1.261,-0.013,-0.112,-0.314,1.072,-0.17,-1.308,1
PGR,8867,0.447,3.271,0.646,0.606,0.432,0.373,0.34,0.398,0.533,-0.139,0.199,0.159,-0.015,-0.074,-0.107,-0.049,0.086,0
PGY,5815,0.151,15.722,-5.077,0.492,1.354,0.193,-2.812,1.312,0.479,-3.344,-5.228,0.341,1.203,0.042,-2.963,1.161,0.329,2
PH,8867,0.609,3.848,0.712,0.898,0.44,0.492,1.028,1.024,1.336,0.527,0.102,0.289,-0.169,-0.117,0.419,0.414,0.726,0
PHAT,4887,-0.766,14.862,-0.623,-0.509,-0.786,-0.841,-0.461,-1.297,-5.328,-1.756,0.143,0.257,-0.02,-0.075,0.306,-0.531,-4.562,1
PHG,8864,-0.068,5.147,0.0,0.052,0.017,0.0,0.072,-0.067,-0.17,-0.811,0.068,0.119,0.084,0.068,0.14,0.001,-0.102,0
PHIN,5313,0.965,4.998,0.53,1.293,1.423,0.491,0.889,0.275,1.465,-1.03,-0.436,0.327,0.457,-0.474,-0.076,-0.69,0.5,0
PHM,8867,0.329,4.563,0.19,0.41,0.575,-0.108,0.261,0.193,0.448,-2.169,-0.138,0.081,0.246,-0.436,-0.068,-0.135,0.12,0
PHR,8307,-0.257,8.925,-0.284,-0.259,0.085,-0.196,0.233,0.0,-0.474,-3.551,-0.027,-0.002,0.343,0.061,0.491,0.257,-0.217,2
PI,8730,0.684,9.905,0.294,1.193,0.996,1.099,0.981,0.684,-0.324,-8.744,-0.39,0.508,0.312,0.414,0.297,-0.001,-1.008,2
PII,8867,-0.197,5.24,-0.009,0.015,-0.147,-0.441,-0.263,-0.358,0.038,-2.957,0.187,0.211,0.05,-0.244,-0.066,-0.161,0.235,0
PINS,8867,-0.084,7.423,0.308,0.163,-0.516,-0.338,-0.077,-0.372,-0.208,-0.409,0.391,0.247,-0.433,-0.254,0.007,-0.289,-0.125,0
PIPR,7975,0.425,5.277,-0.409,0.582,0.773,0.892,0.381,0.209,0.837,-3.332,-0.834,0.158,0.348,0.467,-0.044,-0.215,0.412,2
PJT,8511,0.609,4.352,-0.011,0.731,1.164,0.409,0.882,0.523,0.631,-0.958,-0.62,0.122,0.555,-0.2,0.273,-0.086,0.022,0
PK,8867,-0.072,5.243,0.974,0.0,-0.412,-0.184,0.193,0.0,-0.332,-2.891,1.046,0.072,-0.339,-0.112,0.265,0.072,-0.259,0
PKG,8867,0.357,3.404,0.892,0.466,0.131,0.141,0.86,0.307,0.701,-0.527,0.534,0.109,-0.226,-0.216,0.502,-0.05,0.344,0
PL,3579,0.728,12.818,0.198,0.485,0.476,1.788,1.753,0.921,-1.498,2.72,-0.53,-0.242,-0.252,1.06,1.025,0.193,-2.226,0
PLAB,8101,0.292,8.6,1.076,0.349,-0.028,0.868,-0.139,0.132,-0.34,1.442,0.785,0.058,-0.319,0.577,-0.43,-0.16,-0.632,0
PLAY,8866,-0.497,8.338,-0.118,-0.758,-0.208,-0.295,-0.131,-0.048,-0.728,-7.686,0.378,-0.261,0.289,0.202,0.365,0.449,-0.231,2
PLD,8867,0.347,3.826,-0.319,0.727,0.703,0.171,0.068,0.684,-0.363,-1.369,-0.666,0.38,0.356,-0.177,-0.279,0.336,-0.711,2
PLMR,7441,0.099,6.624,0.498,0.202,0.459,0.098,0.426,0.422,-0.305,-0.255,0.399,0.103,0.359,-0.001,0.327,0.323,-0.405,0
PLNT,8867,-0.067,5.528,0.482,0.351,-0.025,-0.109,0.111,-0.074,-0.733,0.333,0.548,0.418,0.042,-0.042,0.178,-0.007,-0.666,0
PLOW,3369,0.514,7.957,0.739,-0.11,-0.11,0.022,0.676,1.002,1.31,-5.079,0.225,-0.624,-0.625,-0.492,0.162,0.488,0.796,0
PLTK,5887,-0.427,7.054,0.67,0.429,-0.858,-1.046,0.519,-0.179,0.398,0.599,1.097,0.856,-0.431,-0.619,0.946,0.248,0.825,1
PLTR,8867,0.683,9.582,-0.186,1.185,1.164,0.674,0.304,0.15,0.364,-5.592,-0.869,0.502,0.481,-0.009,-0.378,-0.533,-0.319,2
PLUG,4149,-1.765,11.054,-1.101,-2.132,-2.649,-0.997,-0.863,0.907,-2.453,-0.261,0.665,-0.367,-0.884,0.768,0.902,2.672,-0.688,3
PLUS,5953,0.297,6.369,1.759,0.402,-0.091,0.489,1.198,0.047,-0.706,-3.841,1.462,0.105,-0.388,0.192,0.901,-0.25,-1.003,1
PLXS,7773,0.574,4.738,0.694,0.667,0.496,0.865,0.558,0.221,0.825,-3.96,0.12,0.093,-0.079,0.29,-0.016,-0.353,0.251,0
PM,8867,0.339,3.357,0.34,0.293,0.385,0.257,0.58,0.507,0.597,-0.929,0.001,-0.045,0.046,-0.081,0.241,0.169,0.258,0
PMT,8383,-0.073,4.428,-0.099,0.0,0.0,-0.143,-0.151,-0.522,0.525,-3.275,-0.026,0.073,0.073,-0.07,-0.078,-0.449,0.598,0
PNC,8867,0.242,3.854,0.198,0.085,0.601,0.241,0.352,0.17,0.822,-1.142,-0.044,-0.158,0.358,-0.001,0.109,-0.073,0.58,0
PNFP,8860,0.092,5.045,-0.105,0.056,0.0,0.147,0.422,0.454,-0.715,-1.214,-0.197,-0.036,-0.092,0.054,0.329,0.362,-0.807,0
PNR,8867,0.151,3.929,0.074,0.299,-0.07,-0.326,0.18,-0.22,0.588,0.16,-0.076,0.149,-0.22,-0.476,0.03,-0.37,0.437,0
PNTG,3468,0.585,10.096,0.491,0.713,1.22,0.319,1.485,-0.356,-1.138,-5.828,-0.094,0.128,0.635,-0.266,0.9,-0.941,-1.723,2
PNW,8867,0.27,2.839,-0.075,0.27,0.346,0.261,-0.022,0.294,0.479,0.248,-0.344,0.0,0.076,-0.009,-0.291,0.025,0.21,0
PODD,8867,-0.119,5.809,0.217,-0.075,-0.248,-0.049,-0.136,-0.256,0.782,-1.971,0.335,0.044,-0.129,0.07,-0.017,-0.137,0.901,0
POOL,8867,-0.358,4.726,0.108,-0.006,-0.668,-0.725,0.093,-1.077,0.546,-0.764,0.466,0.352,-0.31,-0.368,0.451,-0.719,0.904,0
POR,8867,0.281,2.8,0.024,0.64,0.269,0.226,0.142,0.038,0.096,-0.42,-0.257,0.359,-0.012,-0.055,-0.139,-0.243,-0.185,0
POST,8867,-0.039,3.679,0.213,-0.099,-0.283,-0.159,-0.016,0.011,0.267,-0.662,0.252,-0.06,-0.244,-0.12,0.023,0.05,0.306,0
POWI,8859,-0.232,6.168,0.226,-0.086,-0.679,-0.234,0.104,0.427,0.132,-1.795,0.457,0.145,-0.447,-0.003,0.335,0.658,0.363,0
POWL,5593,1.802,11.392,1.893,1.503,2.345,2.696,1.177,1.863,0.485,-2.055,0.09,-0.299,0.543,0.893,-0.625,0.061,-1.317,2
PPC,8755,0.235,4.519,-0.1,0.1,0.247,0.265,0.221,0.244,0.549,-1.047,-0.334,-0.135,0.012,0.03,-0.014,0.009,0.314,0
PPG,8867,-0.056,3.741,-0.044,-0.221,-0.069,-0.234,-0.396,0.046,-0.383,-0.44,0.012,-0.165,-0.013,-0.178,-0.34,0.102,-0.327,0
PPL,8867,0.293,2.715,0.033,0.314,0.333,0.431,0.043,0.229,0.344,-2.246,-0.26,0.021,0.04,0.138,-0.25,-0.064,0.051,0
PPTA,3088,2.102,12.262,4.363,1.477,1.758,3.169,2.788,1.964,-0.618,2.208,2.262,-0.625,-0.343,1.067,0.686,-0.138,-2.719,0
PR,6805,0.669,5.87,1.239,-0.255,0.568,0.667,0.544,-0.075,1.046,1.104,0.571,-0.924,-0.101,-0.001,-0.125,-0.744,0.378,0
PRA,4055,0.081,7.914,0.021,0.205,0.083,0.043,0.126,-0.041,0.204,-0.487,-0.061,0.124,0.002,-0.038,0.045,-0.122,0.123,0
PRAA,6014,-0.191,9.581,-0.406,-0.128,-0.319,-0.276,0.334,0.378,0.281,-2.314,-0.214,0.063,-0.128,-0.085,0.525,0.569,0.472,0
PRAX,5135,1.169,16.818,1.884,2.035,1.027,0.81,2.218,0.443,2.035,-3.07,0.716,0.866,-0.141,-0.359,1.05,-0.725,0.866,1
PRCH,3960,-0.738,12.7,-1.29,-0.737,-0.646,0.0,-0.344,0.799,0.897,-5.602,-0.552,0.001,0.092,0.738,0.394,1.537,1.635,3
PRCT,8087,-0.754,8.7,0.601,-0.971,-0.983,-0.84,-0.245,-1.991,-0.447,-6.586,1.355,-0.217,-0.229,-0.086,0.509,-1.237,0.307,1
PRDO,6701,0.347,5.995,1.241,0.385,-0.082,0.138,0.424,0.52,-0.719,-2.407,0.894,0.038,-0.429,-0.209,0.077,0.173,-1.066,0
PRG,8395,0.066,7.303,0.221,0.545,-0.119,-0.139,-0.105,-0.516,0.744,-1.868,0.154,0.479,-0.185,-0.206,-0.171,-0.582,0.678,0
PRGO,8867,-0.283,5.449,-0.483,-0.347,0.0,-0.361,-0.501,-0.335,1.611,-1.643,-0.2,-0.063,0.283,-0.078,-0.218,-0.051,1.894,0
PRGS,8606,-0.087,4.916,0.729,0.117,0.185,-0.312,0.212,0.192,-0.713,-2.093,0.816,0.204,0.272,-0.225,0.299,0.279,-0.626,0
PRI,8787,0.619,3.538,0.427,0.798,0.667,0.352,0.674,0.332,0.398,0.157,-0.192,0.179,0.048,-0.267,0.055,-0.287,-0.221,0
PRIM,8037,1.12,6.749,2.05,1.412,1.328,0.801,1.774,1.536,-1.354,-1.747,0.93,0.292,0.208,-0.319,0.654,0.416,-2.474,0
PRK,3613,0.25,6.061,0.693,0.185,0.047,0.251,0.965,0.32,0.052,-4.853,0.443,-0.064,-0.203,0.001,0.716,0.07,-0.198,0
PRKS,4280,0.255,5.747,-0.372,0.743,0.499,0.0,0.31,-1.382,0.041,0.613,-0.627,0.488,0.244,-0.255,0.055,-1.637,-0.214,0
PRLB,6222,0.331,8.034,1.077,0.04,0.361,0.023,0.598,0.444,-2.64,-1.792,0.746,-0.291,0.03,-0.308,0.267,0.113,-2.971,0
PRM,6037,0.499,7.529,1.017,-0.269,0.06,1.344,0.491,1.125,0.0,-1.604,0.518,-0.768,-0.439,0.845,-0.008,0.626,-0.499,0
PRTA,7551,-0.662,9.465,0.333,-0.441,-1.017,-1.173,0.161,-0.194,-1.062,-6.569,0.995,0.221,-0.355,-0.511,0.823,0.468,-0.4,1
PRU,8867,0.314,3.618,0.308,0.451,0.23,0.084,0.486,0.227,1.002,-0.655,-0.006,0.137,-0.084,-0.23,0.172,-0.088,0.688,0
PRVA,8697,-0.25,6.683,-0.851,0.252,0.0,-0.15,-0.402,0.743,0.354,-3.498,-0.601,0.502,0.25,0.1,-0.152,0.994,0.604,2
PSA,8867,0.155,3.413,-0.187,0.211,0.27,0.205,0.013,-0.176,0.444,-0.141,-0.342,0.056,0.115,0.049,-0.143,-0.332,0.289,0
PSEC,5753,-0.137,3.29,0.0,0.0,-0.371,-0.166,-0.16,-0.241,0.064,-0.939,0.137,0.137,-0.234,-0.029,-0.023,-0.103,0.201,0
PSFE,5990,-0.757,11.769,-0.329,-0.182,-1.521,-0.413,-1.239,-0.015,-1.752,-0.603,0.428,0.575,-0.765,0.343,-0.482,0.742,-0.995,1
PSIX,3039,2.257,16.175,0.504,-1.039,2.049,1.618,0.85,1.108,-2.63,-1.73,-1.753,-3.295,-0.208,-0.638,-1.407,-1.148,-4.887,3
PSMT,7019,0.458,4.049,1.562,0.547,0.026,0.372,0.903,0.078,0.542,-2.178,1.104,0.088,-0.432,-0.086,0.445,-0.381,0.083,0
PSN,8734,0.482,5.058,0.955,0.272,0.203,0.444,0.636,0.368,0.331,-1.777,0.473,-0.21,-0.28,-0.038,0.154,-0.115,-0.151,0
PSNL,3257,-0.364,12.741,1.976,-2.213,-0.381,-1.523,2.916,-3.246,3.345,-8.204,2.341,-1.849,-0.017,-1.159,3.28,-2.881,3.709,1
PSNY,5018,-2.212,13.679,-2.252,-2.308,-1.566,-0.294,-2.728,-0.104,-1.397,-4.265,-0.04,-0.095,0.646,1.919,-0.516,2.108,0.815,3
PSX,8867,0.543,4.925,0.415,0.463,0.69,0.693,0.402,0.875,0.971,-1.107,-0.128,-0.08,0.147,0.151,-0.141,0.332,0.428,0
PTC,8867,0.06,4.156,0.551,0.124,0.016,-0.149,0.546,-0.515,0.465,-1.091,0.491,0.064,-0.044,-0.209,0.486,-0.575,0.405,0
PTCT,8831,0.12,7.987,0.85,0.333,-0.566,-0.272,1.593,0.486,0.334,-0.654,0.73,0.213,-0.686,-0.392,1.472,0.365,0.214,1
PTEN,8867,0.0,7.595,1.455,0.0,-0.188,-0.3,1.066,0.393,-0.329,-1.91,1.455,0.0,-0.188,-0.3,1.066,0.393,-0.329,1
PTGX,8472,0.524,10.825,1.334,0.738,0.222,0.575,1.087,1.315,-0.377,1.668,0.81,0.214,-0.302,0.051,0.563,0.791,-0.901,0
PTLO,7516,-0.999,7.546,-1.274,-0.803,-1.265,-0.621,-0.782,-0.989,-1.715,-4.958,-0.275,0.196,-0.266,0.378,0.217,0.01,-0.716,2
PTON,7106,-1.576,11.631,-1.741,-1.489,-2.097,-2.243,-2.916,-1.962,-0.697,-6.214,-0.165,0.087,-0.521,-0.668,-1.34,-0.386,0.878,2
PUBM,7138,-0.478,10.214,-0.084,-0.615,-0.931,-0.148,0.126,0.888,-1.926,-1.359,0.394,-0.137,-0.454,0.33,0.604,1.366,-1.448,0
PUMP,8298,0.244,8.906,1.801,0.558,-0.043,0.129,0.881,-0.187,0.469,-3.086,1.557,0.314,-0.287,-0.115,0.637,-0.43,0.225,1
PVH,8867,0.108,6.636,0.232,-0.059,0.519,0.127,0.204,0.287,0.154,-2.309,0.124,-0.167,0.411,0.019,0.096,0.179,0.046,0
PWP,5431,0.32,8.327,0.196,0.487,0.402,0.16,0.085,0.361,0.532,-2.665,-0.124,0.167,0.082,-0.16,-0.234,0.041,0.213,2
PWR,8867,0.961,4.579,1.461,1.239,1.0,0.585,1.144,0.717,-0.217,-0.673,0.5,0.278,0.039,-0.376,0.183,-0.243,-1.178,0
PYPL,8867,-0.325,5.965,-0.446,0.057,0.022,-0.142,-0.339,-0.417,-0.574,-0.592,-0.121,0.382,0.346,0.183,-0.014,-0.093,-0.249,0
PZZA,8867,-0.621,5.857,-0.563,-0.195,-0.189,-0.805,0.274,-0.964,-0.762,-4.048,0.057,0.426,0.432,-0.185,0.894,-0.344,-0.142,1
QCOM,8867,0.012,5.755,0.1,0.066,-0.374,-0.222,-0.161,0.251,0.107,-3.919,0.087,0.053,-0.386,-0.235,-0.173,0.238,0.095,0
QCRH,3446,0.581,6.322,1.31,0.304,1.009,0.489,1.045,2.178,-0.054,-4.118,0.729,-0.277,0.428,-0.092,0.464,1.597,-0.635,0
QDEL,8866,-0.58,8.336,0.922,-0.457,-0.737,-0.983,0.853,-1.164,0.911,0.036,1.502,0.122,-0.158,-0.403,1.432,-0.585,1.491,1
QGEN,8867,0.089,3.682,-0.265,0.268,0.401,0.092,0.331,-0.084,-0.145,-3.645,-0.354,0.179,0.313,0.004,0.242,-0.173,-0.233,0
QLYS,8866,0.296,5.811,0.535,0.372,0.213,0.121,0.434,-0.072,0.128,-2.195,0.239,0.076,-0.083,-0.175,0.138,-0.368,-0.168,0
QNST,5240,0.411,9.187,0.801,0.576,0.481,0.123,0.411,0.376,-0.638,-0.216,0.39,0.165,0.07,-0.288,0.0,-0.035,-1.049,0
QRVO,8867,-0.065,5.458,0.32,0.011,-0.397,-0.072,0.356,-0.697,0.718,-1.632,0.384,0.076,-0.332,-0.007,0.421,-0.632,0.782,0
QS,8099,-1.143,12.204,0.164,-0.696,-2.246,-0.143,0.29,-2.786,-0.989,-4.348,1.307,0.447,-1.103,1.0,1.432,-1.643,0.153,1
QSR,8867,0.075,3.099,-0.242,0.202,0.435,0.0,0.15,0.126,-0.758,0.015,-0.316,0.127,0.36,-0.075,0.075,0.051,-0.833,0
QTRX,5377,-1.024,12.204,1.592,-0.947,-1.138,-2.203,0.446,-3.505,-1.699,-6.083,2.616,0.077,-0.113,-1.179,1.47,-2.481,-0.675,1
QTWO,8817,-0.065,6.959,-0.059,0.114,0.423,-0.093,-0.806,0.411,-0.357,-3.013,0.006,0.18,0.488,-0.027,-0.741,0.476,-0.292,2
QUBT,3038,-1.66,17.387,2.481,-2.093,-4.75,-2.48,2.139,-0.121,-8.86,-3.226,4.141,-0.433,-3.09,-0.82,3.799,1.538,-7.2,1
QURE,7515,-0.294,15.145,0.195,-0.13,-1.009,0.262,0.042,-1.369,0.082,-3.519,0.489,0.165,-0.715,0.557,0.336,-1.075,0.376,1
QXO,3559,-0.696,11.331,0.801,-0.73,-0.149,-0.932,-0.052,-2.603,-0.888,-4.015,1.497,-0.034,0.547,-0.236,0.644,-1.907,-0.192,1
R,8851,0.565,4.595,1.385,0.652,0.533,0.57,1.184,0.337,0.032,-2.776,0.819,0.087,-0.032,0.005,0.619,-0.228,-0.533,0
RACE,8866,0.417,4.153,0.16,0.342,0.568,0.435,0.161,0.341,0.143,-1.039,-0.256,-0.075,0.152,0.018,-0.256,-0.076,-0.274,0
RAMP,8749,0.0,6.457,0.392,0.454,0.33,-0.034,0.403,-0.132,-0.239,-0.978,0.392,0.454,0.33,-0.034,0.403,-0.132,-0.239,0
RARE,8865,-0.09,7.318,0.719,-0.358,-0.706,-0.405,-0.365,-0.223,-2.057,-4.112,0.809,-0.268,-0.616,-0.315,-0.275,-0.133,-1.967,1
RBA,8864,0.359,4.094,0.757,0.12,0.522,0.513,0.302,0.164,-0.842,-0.309,0.399,-0.238,0.164,0.155,-0.057,-0.195,-1.2,0
RBC,7102,0.388,4.829,0.514,0.527,0.239,0.329,0.569,0.632,0.388,-1.299,0.127,0.139,-0.149,-0.058,0.181,0.244,0.0,0
RBLX,8867,0.31,9.324,-0.19,0.526,0.181,0.263,0.049,0.06,-0.489,-10.088,-0.5,0.216,-0.129,-0.047,-0.261,-0.249,-0.799,2
RBRK,3927,0.589,9.276,0.028,0.0,0.54,0.665,-0.279,-1.52,-1.673,-4.465,-0.561,-0.589,-0.049,0.076,-0.868,-2.109,-2.262,2
RC,6315,-0.15,4.734,0.408,0.211,-0.218,-0.271,0.657,-1.354,-0.315,0.892,0.558,0.361,-0.068,-0.121,0.807,-1.204,-0.165,0
RCI,8843,0.043,3.386,-0.566,0.136,0.064,0.134,-0.566,0.215,0.337,-0.549,-0.609,0.094,0.021,0.092,-0.608,0.172,0.294,0
RCKT,6481,-1.396,10.452,-1.531,-1.498,-1.127,-1.512,-2.375,-1.775,-0.608,-3.025,-0.135,-0.102,0.268,-0.116,-0.98,-0.379,0.788,2
RCL,8867,0.725,6.718,0.742,0.139,0.944,0.862,0.364,1.269,0.09,-0.02,0.017,-0.586,0.219,0.137,-0.362,0.544,-0.635,0
RCUS,8354,-0.43,8.892,-0.388,-0.652,0.418,-0.591,-0.278,0.0,2.426,0.47,0.042,-0.223,0.848,-0.162,0.152,0.43,2.856,2
RDDT,4095,1.256,10.752,-2.453,1.463,0.511,1.1,-0.371,0.277,0.115,4.137,-3.709,0.207,-0.745,-0.157,-1.627,-0.979,-1.141,2
RDN,8866,0.29,3.545,0.071,0.435,0.19,0.123,0.04,0.366,0.46,-0.923,-0.219,0.146,-0.1,-0.166,-0.25,0.076,0.171,0
RDNT,7472,0.349,6.794,1.488,0.314,0.478,-0.19,2.562,1.235,-0.73,-5.997,1.139,-0.036,0.129,-0.54,2.212,0.886,-1.079,1
RDW,3802,-0.993,16.93,-3.301,-2.876,1.163,2.612,-5.335,2.112,-6.45,-2.284,-2.308,-1.883,2.156,3.605,-4.342,3.105,-5.458,3
RDWR,3852,0.279,7.613,0.768,0.034,0.68,1.724,-1.012,2.147,0.946,-2.281,0.489,-0.244,0.401,1.446,-1.291,1.868,0.667,3
REAL,4324,-0.383,11.965,-1.416,-0.714,0.193,-0.853,-1.45,-0.29,2.138,-4.417,-1.033,-0.331,0.576,-0.471,-1.068,0.093,2.521,2
REG,8867,0.224,2.918,0.763,0.422,0.224,-0.034,0.59,0.343,0.323,-0.486,0.539,0.198,0.001,-0.258,0.366,0.119,0.099,0
REGN,8867,0.239,4.357,0.292,0.329,0.162,0.047,0.436,0.386,-0.357,-1.526,0.052,0.09,-0.078,-0.192,0.196,0.146,-0.597,0
RELY,8256,0.138,8.522,-0.323,-0.318,1.112,1.051,-1.001,0.629,1.242,-4.184,-0.461,-0.455,0.975,0.914,-1.139,0.492,1.104,2
REPL,6379,-0.5,13.471,-0.252,0.0,-0.556,-1.652,0.31,0.0,0.541,-8.605,0.248,0.5,-0.055,-1.152,0.81,0.5,1.041,1
RES,7073,0.096,7.232,1.085,-0.174,-0.172,-0.515,0.137,-0.06,-0.014,-2.312,0.99,-0.269,-0.267,-0.611,0.041,-0.156,-0.11,0
REX,3403,0.905,8.468,1.378,1.211,1.16,0.548,1.04,2.897,-0.12,-4.65,0.473,0.306,0.255,-0.357,0.135,1.992,-1.026,2
REXR,8867,-0.054,3.73,0.041,-0.22,0.0,-0.036,0.055,-0.456,0.293,-1.556,0.095,-0.165,0.054,0.019,0.109,-0.402,0.348,0
REYN,8425,-0.106,2.996,0.551,-0.18,-0.233,-0.071,0.411,-0.186,-0.176,0.061,0.657,-0.074,-0.127,0.035,0.518,-0.08,-0.07,0
REZI,8617,0.365,6.642,0.445,0.55,0.147,0.619,0.982,-0.297,0.805,-3.377,0.08,0.185,-0.217,0.255,0.618,-0.662,0.441,0
RF,8867,0.405,4.373,0.0,0.475,0.259,0.132,0.089,0.776,-0.16,-2.523,-0.405,0.069,-0.146,-0.273,-0.317,0.371,-0.565,0
RGA,8865,0.47,3.654,1.083,0.424,0.344,0.314,0.651,0.517,0.245,-2.616,0.613,-0.046,-0.126,-0.156,0.181,0.047,-0.225,0
RGEN,8867,-0.117,7.115,0.644,-0.298,0.504,0.154,0.26,-0.055,0.063,-2.933,0.762,-0.18,0.621,0.271,0.378,0.062,0.181,0
RGLD,8867,0.231,4.575,0.318,-0.233,0.389,0.453,0.178,0.64,0.326,-1.384,0.087,-0.464,0.158,0.222,-0.054,0.409,0.094,0
RGNX,7120,-0.803,12.007,-0.578,-0.533,-0.51,-1.448,-0.702,0.08,-3.265,-6.007,0.225,0.27,0.293,-0.645,0.101,0.883,-2.463,2
RGR,5870,-0.278,5.037,-0.338,0.006,0.165,-0.526,-0.16,0.231,-0.656,-6.252,-0.06,0.284,0.443,-0.248,0.118,0.509,-0.378,2
RGTI,3055,-0.524,18.851,0.136,-0.679,0.793,-1.226,-0.304,-3.099,-3.862,-26.796,0.66,-0.155,1.317,-0.701,0.221,-2.574,-3.337,3
RH,8867,-0.112,8.345,-0.45,0.183,-0.496,-0.011,-0.016,0.229,-0.53,-3.857,-0.339,0.295,-0.384,0.1,0.095,0.341,-0.418,2
RHI,8867,-0.193,4.821,0.091,0.027,-0.275,0.047,0.059,-0.166,-0.752,-1.846,0.284,0.22,-0.082,0.241,0.252,0.027,-0.559,0
RHP,8862,0.256,4.225,0.536,0.041,0.076,0.0,0.511,0.333,0.327,-1.015,0.28,-0.215,-0.181,-0.256,0.255,0.076,0.071,0
RIG,3577,0.166,6.955,0.737,-0.175,-0.236,0.96,1.305,0.486,-0.341,2.574,0.572,-0.341,-0.402,0.794,1.14,0.32,-0.507,0
RIGL,4066,-0.852,16.643,-2.024,-1.589,1.024,-0.347,-2.217,3.013,0.63,-5.844,-1.172,-0.737,1.876,0.505,-1.365,3.865,1.482,3
RILY,6827,-0.664,12.771,0.838,-0.641,-0.702,-0.31,-2.302,0.495,-0.733,-3.279,1.502,0.023,-0.038,0.354,-1.638,1.159,-0.069,3
RIOT,8492,-0.475,13.811,-2.186,0.078,-1.112,0.215,-2.486,-0.638,-1.753,-4.034,-1.711,0.553,-0.637,0.69,-2.011,-0.162,-1.278,2
RITM,6966,0.265,3.477,0.103,0.128,0.111,0.432,0.0,0.754,0.107,-1.1,-0.162,-0.137,-0.154,0.167,-0.265,0.489,-0.158,0
RIVN,8227,-0.785,10.779,-1.352,-0.383,-0.652,-0.347,-0.611,0.135,1.1,-7.358,-0.567,0.403,0.133,0.438,0.174,0.92,1.886,2
RJF,8867,0.476,4.013,0.566,0.372,0.418,0.355,0.544,0.428,0.979,-3.413,0.09,-0.103,-0.058,-0.12,0.068,-0.048,0.504,0
RKLB,5859,0.0,12.863,0.0,-0.54,-0.343,-0.515,0.015,-1.023,1.812,-1.8,0.0,-0.54,-0.343,-0.515,0.015,-1.023,1.812,1
RKT,8866,-0.327,7.739,-0.79,-0.222,0.161,-0.175,-1.05,0.494,-0.367,-5.155,-0.463,0.105,0.488,0.152,-0.723,0.821,-0.04,2
RL,8867,0.375,4.994,0.497,0.482,0.722,0.122,0.762,-0.305,1.341,-3.266,0.123,0.107,0.348,-0.253,0.387,-0.679,0.966,0
RLAY,7010,-0.849,10.817,-1.623,-0.697,-1.024,-1.171,-0.267,0.101,-3.583,-1.761,-0.774,0.152,-0.175,-0.321,0.582,0.951,-2.734,2
RLI,8531,-0.054,3.329,0.448,0.225,0.179,-0.272,0.538,-0.242,-0.031,-2.858,0.502,0.279,0.233,-0.218,0.592,-0.188,0.023,0
RLJ,8780,-0.1,4.478,0.409,-0.111,-0.373,-0.308,0.597,-0.871,-0.601,-2.53,0.509,-0.01,-0.273,-0.207,0.697,-0.771,-0.501,0
RMBS,8851,0.656,7.543,1.217,0.722,0.355,0.217,1.645,0.484,2.882,0.275,0.561,0.066,-0.301,-0.439,0.988,-0.172,2.226,0
RMD,8867,0.078,4.273,0.237,0.172,-0.107,-0.287,0.373,-0.065,0.927,-1.49,0.159,0.094,-0.185,-0.365,0.295,-0.143,0.849,0
RNA,6832,0.221,12.646,0.609,0.138,0.042,0.277,0.765,-0.272,4.977,-3.073,0.388,-0.083,-0.179,0.056,0.544,-0.493,4.756,1
RNG,8867,-0.623,8.499,-0.574,-0.392,-0.35,-1.235,-1.256,-0.261,-0.098,-1.728,0.049,0.231,0.273,-0.613,-0.634,0.362,0.524,2
RNR,8867,0.262,3.663,1.108,0.243,0.048,0.124,0.888,0.042,0.111,0.066,0.846,-0.019,-0.214,-0.138,0.626,-0.22,-0.151,0
RNST,6688,-0.027,5.04,0.226,-0.331,-0.601,0.0,0.084,0.179,-0.977,-3.34,0.253,-0.304,-0.574,0.027,0.111,0.206,-0.951,0
RNW,5070,0.0,7.272,1.51,-0.264,-0.718,-0.359,0.661,-0.833,0.212,-0.877,1.51,-0.264,-0.718,-0.359,0.661,-0.833,0.212,1
ROAD,7448,0.501,6.918,0.816,0.736,0.646,0.71,0.759,0.775,-0.106,-2.371,0.315,0.235,0.145,0.209,0.258,0.274,-0.607,0
ROCK,7522,-0.303,6.083,0.261,0.02,0.077,0.0,0.022,-0.247,-0.424,-3.56,0.564,0.323,0.38,0.303,0.325,0.056,-0.12,0
ROG,8023,0.033,6.351,0.042,0.139,-0.113,-0.004,0.079,-0.112,0.055,-3.079,0.01,0.106,-0.146,-0.037,0.046,-0.145,0.022,0
ROIV,6792,0.639,7.988,1.894,0.51,0.483,0.771,1.189,0.091,0.929,-0.513,1.255,-0.129,-0.156,0.132,0.55,-0.548,0.29,0
ROK,8867,0.258,4.289,0.281,0.585,0.332,0.132,0.438,0.313,0.283,-3.251,0.023,0.327,0.074,-0.126,0.18,0.055,0.025,0
ROKU,8867,-0.2,9.212,-0.516,0.238,-0.564,-0.014,-1.067,-0.388,0.349,-1.114,-0.316,0.438,-0.364,0.187,-0.867,-0.188,0.55,2
ROL,8867,0.203,3.548,0.405,0.141,0.31,0.085,0.085,0.443,1.133,0.45,0.202,-0.062,0.107,-0.118,-0.118,0.24,0.93,0
ROOT,5988,-1.548,15.14,-1.323,-1.594,-0.642,-0.67,-1.73,-2.699,1.722,-9.184,0.225,-0.046,0.905,0.877,-0.182,-1.151,3.269,3
ROP,8867,0.067,3.066,0.384,0.175,0.153,-0.106,0.66,0.016,-0.05,-2.115,0.318,0.109,0.086,-0.173,0.593,-0.05,-0.116,0
ROST,8867,0.329,3.955,-0.268,0.427,0.449,0.45,0.131,0.667,0.137,-1.46,-0.598,0.097,0.12,0.121,-0.199,0.337,-0.192,0
RPD,8859,-0.5,8.347,-0.288,-0.5,-0.276,-0.343,-0.805,-0.992,-1.647,-0.44,0.211,-0.0,0.223,0.156,-0.305,-0.492,-1.147,2
RPM,8867,-0.029,3.599,-0.03,-0.039,-0.036,-0.126,0.19,0.3,-0.783,-1.496,-0.001,-0.01,-0.007,-0.097,0.219,0.329,-0.754,0
RPRX,8867,0.141,3.246,0.698,0.269,0.112,0.201,0.333,0.139,-0.143,-1.932,0.557,0.128,-0.029,0.06,0.192,-0.002,-0.284,0
RRC,8867,0.449,6.28,1.63,0.432,0.395,0.0,1.213,0.655,1.47,0.181,1.182,-0.017,-0.054,-0.449,0.764,0.206,1.021,0
RRR,8854,0.329,5.153,1.12,0.296,-0.296,-0.228,1.237,-0.026,0.126,-0.541,0.791,-0.033,-0.625,-0.557,0.908,-0.354,-0.202,0
RRX,8412,0.042,5.806,0.424,0.048,-0.268,-0.206,0.491,0.323,-1.039,-0.463,0.382,0.007,-0.309,-0.248,0.449,0.281,-1.08,0
RS,8866,0.501,3.729,0.652,0.571,0.432,0.643,1.028,0.164,-0.578,-3.334,0.15,0.07,-0.069,0.142,0.527,-0.337,-1.079,0
RSG,8867,0.303,2.463,0.627,0.144,0.125,0.346,0.468,0.122,0.401,-0.873,0.324,-0.16,-0.178,0.043,0.164,-0.181,0.097,0
RSI,5970,1.019,8.712,-0.139,1.768,1.515,0.516,0.052,0.466,0.658,0.125,-1.158,0.749,0.496,-0.503,-0.967,-0.553,-0.361,2
RTX,8867,0.358,3.36,0.667,0.48,0.45,0.566,0.782,0.369,0.824,-1.305,0.309,0.122,0.092,0.208,0.425,0.011,0.466,0
RUM,5969,-1.443,12.123,-0.116,-1.5,-2.097,-2.243,-0.139,-2.759,-0.852,-9.625,1.327,-0.058,-0.655,-0.8,1.304,-1.316,0.591,1
RUN,8867,-0.264,12.59,1.534,0.063,-0.615,-0.308,1.004,-0.945,2.117,-8.596,1.798,0.326,-0.351,-0.044,1.268,-0.681,2.38,1
RUSHA,8081,0.497,4.451,0.699,0.814,0.471,0.216,0.442,-0.07,-0.037,-1.415,0.202,0.317,-0.026,-0.281,-0.055,-0.567,-0.534,0
RVLV,8864,-0.489,8.334,-1.346,-0.187,-1.163,-0.959,-0.599,0.043,0.574,-6.44,-0.857,0.302,-0.673,-0.47,-0.11,0.532,1.063,2
RVMD,8726,0.284,9.078,1.48,0.429,-0.144,0.472,0.628,0.612,0.805,-2.653,1.195,0.145,-0.429,0.187,0.343,0.327,0.521,1
RVTY,5583,0.035,4.723,1.077,0.072,0.357,-0.043,0.728,-0.401,1.007,-0.55,1.042,0.037,0.322,-0.079,0.693,-0.436,0.972,0
RWT,7206,-0.242,5.311,0.0,-0.385,-0.392,0.145,-0.526,-0.143,-0.738,-0.487,0.242,-0.143,-0.149,0.387,-0.284,0.1,-0.496,0
RXO,6444,0.486,7.9,1.022,0.663,0.358,0.286,0.905,0.957,1.982,1.531,0.537,0.177,-0.128,-0.2,0.419,0.471,1.496,0
RXRX,6899,-1.404,13.507,0.559,-0.698,-1.597,-1.493,-1.508,-3.559,-2.363,-0.246,1.962,0.705,-0.194,-0.089,-0.105,-2.155,-0.96,1
RXST,5299,-0.141,9.952,-0.77,-0.541,0.156,0.358,-0.439,0.132,-1.368,-4.224,-0.629,-0.4,0.297,0.499,-0.297,0.273,-1.227,2
RY,8867,0.355,2.592,0.262,0.092,0.127,0.564,-0.062,0.226,0.356,0.086,-0.092,-0.262,-0.228,0.209,-0.417,-0.129,0.001,0
RYAN,8761,0.351,4.683,0.688,0.333,0.199,0.329,0.201,0.255,0.038,-2.023,0.337,-0.018,-0.152,-0.022,-0.15,-0.096,-0.313,0
RYN,8811,-0.142,3.665,0.171,-0.151,-0.209,-0.261,0.138,-0.471,-0.382,-1.392,0.313,-0.009,-0.066,-0.119,0.281,-0.328,-0.239,0
RYTM,7526,0.328,10.67,0.732,0.227,0.588,-0.401,0.51,0.758,2.053,-0.67,0.404,-0.101,0.261,-0.728,0.182,0.431,1.726,0
S,8867,0.423,8.446,2.186,0.953,0.488,0.252,1.6,-0.566,-0.258,-3.037,1.763,0.53,0.066,-0.171,1.177,-0.989,-0.681,1
SA,6570,0.622,8.46,1.627,0.393,1.108,0.859,1.46,0.276,0.839,-3.455,1.004,-0.229,0.486,0.237,0.838,-0.347,0.217,0
SABR,3044,-0.428,9.403,0.913,0.345,0.359,-0.519,0.772,-1.748,2.732,-2.035,1.342,0.773,0.788,-0.09,1.201,-1.32,3.161,1
SAFE,6681,-0.6,6.273,-0.631,-0.529,-0.034,-0.578,-0.718,0.1,-1.896,-6.179,-0.032,0.07,0.566,0.022,-0.119,0.7,-1.296,2
SAFT,3299,-0.144,6.027,0.792,0.189,-0.092,0.133,0.792,0.063,-0.019,-11.149,0.936,0.333,0.052,0.278,0.936,0.207,0.125,1
SAH,8072,0.524,5.943,1.159,1.023,0.373,-0.234,1.381,1.184,-0.321,-2.019,0.635,0.499,-0.151,-0.758,0.858,0.66,-0.845,0
SAIA,8867,0.473,6.977,0.925,0.638,0.466,0.285,1.067,0.948,0.065,-3.94,0.452,0.165,-0.007,-0.188,0.594,0.475,-0.408,0
SAIC,8867,0.388,4.191,0.654,0.171,0.298,0.389,0.545,0.601,0.028,-1.18,0.267,-0.217,-0.09,0.001,0.157,0.214,-0.36,0
SAIL,4496,0.095,9.825,0.237,-0.141,0.212,0.474,-0.299,-0.826,-0.12,-1.169,0.142,-0.236,0.117,0.379,-0.394,-0.921,-0.215,2
SAM,8831,-0.686,5.338,-0.386,-0.635,-0.893,-0.658,-0.278,-1.032,-1.292,-1.853,0.3,0.051,-0.207,0.028,0.408,-0.346,-0.606,0
SANA,3711,-1.808,12.19,-1.566,-2.183,-2.911,-0.261,-1.758,-2.446,-3.832,-4.875,0.242,-0.375,-1.104,1.547,0.05,-0.639,-2.024,3
SANM,8742,0.454,5.982,0.806,0.617,0.555,0.544,0.452,0.751,0.512,-0.759,0.353,0.163,0.101,0.09,-0.002,0.298,0.058,0
SARO,3159,0.222,5.008,0.685,-0.213,0.491,-0.175,1.27,-0.844,1.903,-4.388,0.462,-0.435,0.269,-0.397,1.048,-1.066,1.681,0
SATS,7150,0.441,10.156,0.431,0.58,0.556,0.566,0.646,0.664,-1.123,-4.075,-0.01,0.139,0.115,0.125,0.205,0.223,-1.564,2
SBAC,8867,-0.24,4.152,-0.147,-0.077,-0.238,-0.269,0.13,-0.346,-0.364,-0.594,0.093,0.162,0.002,-0.029,0.37,-0.106,-0.124,0
SBCF,7679,-0.157,4.791,0.465,-0.262,-0.354,0.119,0.545,-0.154,0.089,-1.968,0.622,-0.105,-0.198,0.276,0.702,0.003,0.246,0
SBGI,6987,-0.875,8.469,-0.363,-1.08,-0.806,-1.165,-0.407,-0.262,-2.361,-3.727,0.512,-0.206,0.069,-0.29,0.468,0.613,-1.486,1
SBH,8859,-0.2,6.365,1.056,0.054,-0.742,-0.642,1.411,0.16,-0.627,-1.218,1.256,0.253,-0.542,-0.442,1.611,0.36,-0.428,1
SBLK,8865,0.545,5.727,0.054,0.983,0.545,0.565,0.343,-0.389,0.079,-5.806,-0.491,0.437,-0.0,0.019,-0.203,-0.935,-0.466,2
SBR,3299,0.643,7.597,2.347,0.826,0.876,0.534,2.504,0.212,0.675,0.674,1.704,0.183,0.233,-0.109,1.861,-0.431,0.032,1
SBRA,8867,0.139,3.589,0.66,0.0,0.133,0.141,0.242,0.434,-0.955,-1.059,0.521,-0.139,-0.006,0.002,0.103,0.296,-1.094,0
SBUX,8867,0.084,4.232,0.37,0.282,0.082,0.038,0.222,0.569,0.617,-2.148,0.286,0.198,-0.002,-0.046,0.138,0.485,0.533,0
SCCO,8867,0.338,5.651,0.677,0.496,-0.187,-0.031,0.802,0.37,0.891,-1.723,0.34,0.158,-0.525,-0.368,0.464,0.032,0.554,0
SCHL,5926,0.558,6.775,1.838,0.885,0.515,0.198,1.129,1.056,1.499,-3.138,1.28,0.327,-0.043,-0.36,0.571,0.498,0.941,0
SCHW,8867,0.293,4.662,-0.068,0.525,0.283,-0.066,0.476,0.361,0.295,-3.05,-0.36,0.232,-0.01,-0.358,0.183,0.069,0.002,0
SCI,8867,0.227,3.503,0.0,0.13,0.511,0.214,0.161,0.278,0.734,-0.259,-0.227,-0.097,0.284,-0.013,-0.066,0.052,0.508,0
SCL,5534,-0.069,5.502,-0.324,0.066,-0.23,-0.169,-0.456,-0.258,0.911,-2.888,-0.255,0.135,-0.161,-0.1,-0.387,-0.189,0.98,0
SCSC,4642,0.548,6.76,0.981,0.906,1.067,0.026,0.663,-1.101,0.538,0.024,0.433,0.358,0.519,-0.521,0.115,-1.649,-0.01,0
SCVL,7249,-0.481,6.624,-0.042,-0.314,-0.258,-0.301,0.046,0.001,-1.045,-4.085,0.44,0.167,0.223,0.18,0.528,0.482,-0.563,0
SD,5817,0.728,8.761,1.243,0.86,0.773,1.089,1.922,-0.969,-1.792,-1.083,0.515,0.132,0.045,0.361,1.194,-1.697,-2.52,1
SDGR,8844,-0.989,9.166,-1.295,-0.18,-1.061,-1.089,-0.847,0.138,-3.037,-2.677,-0.306,0.808,-0.073,-0.101,0.141,1.126,-2.049,2
SDRL,6202,0.493,5.917,-0.221,0.803,0.31,1.025,-0.304,0.669,2.052,-2.432,-0.714,0.31,-0.183,0.532,-0.797,0.176,1.559,2
SEB,5316,-0.09,4.847,0.691,-0.136,-0.55,0.168,-0.083,-0.743,-0.039,-1.775,0.78,-0.047,-0.461,0.258,0.006,-0.654,0.05,0
SEDG,8867,-0.959,11.845,-1.006,0.144,-1.195,-1.927,-1.636,-1.163,0.741,-6.158,-0.047,1.104,-0.236,-0.967,-0.676,-0.204,1.701,1
SEI,3056,2.38,11.328,5.152,2.614,0.79,3.344,4.604,2.068,2.38,-0.75,2.772,0.234,-1.591,0.964,2.224,-0.312,0.0,1
SEIC,8867,0.187,3.14,0.317,0.039,0.261,0.035,0.27,-0.059,0.437,-0.622,0.13,-0.148,0.074,-0.152,0.083,-0.246,0.25,0
SEM,8480,0.122,6.02,0.72,0.252,0.122,0.028,0.784,0.129,-0.244,-2.535,0.598,0.13,0.0,-0.093,0.662,0.007,-0.365,0
SERV,3504,-1.533,15.804,-1.571,-1.342,-1.524,-1.669,0.0,-1.195,-2.619,-1.071,-0.037,0.191,0.009,-0.135,1.533,0.338,-1.085,1
SEZL,3853,2.485,16.611,3.487,1.219,2.458,2.979,4.334,4.449,-0.36,-1.533,1.002,-1.266,-0.027,0.494,1.849,1.964,-2.845,0
SF,8865,0.39,4.302,0.444,0.417,0.423,0.2,0.309,0.303,-0.203,0.375,0.053,0.027,0.032,-0.19,-0.081,-0.087,-0.593,0
SFBS,7881,0.227,5.53,0.32,0.419,0.384,-0.076,0.759,-0.495,0.325,-0.36,0.094,0.192,0.157,-0.303,0.532,-0.722,0.098,0
SFL,8330,0.524,4.43,0.0,0.344,0.376,0.618,0.378,0.159,0.253,-1.954,-0.524,-0.18,-0.148,0.094,-0.147,-0.365,-0.271,0
SFM,8867,0.551,5.397,0.492,0.707,0.567,0.383,0.53,0.405,0.325,-0.527,-0.059,0.156,0.016,-0.168,-0.021,-0.146,-0.226,0
SFNC,8022,-0.211,4.459,-0.186,-0.482,-0.29,-0.039,-0.302,-0.122,0.143,-2.397,0.025,-0.271,-0.079,0.172,-0.091,0.089,0.354,0
SG,8164,-1.179,11.426,0.0,-1.325,-1.796,-1.847,-0.311,-1.348,-1.368,-4.176,1.179,-0.146,-0.617,-0.668,0.868,-0.17,-0.19,1
SGML,7184,-0.47,12.143,-0.239,-0.692,0.165,0.455,0.363,-0.386,0.728,-7.062,0.231,-0.221,0.635,0.925,0.834,0.084,1.199,3
SGRY,8835,-0.636,7.49,0.396,-0.825,-0.687,-0.733,-0.599,-0.695,-1.283,-2.427,1.032,-0.189,-0.051,-0.097,0.037,-0.059,-0.647,1
SHAK,8867,-0.209,7.199,0.277,-0.25,-0.593,-0.191,0.372,-1.382,-0.212,-2.686,0.486,-0.041,-0.384,0.018,0.58,-1.173,-0.003,1
SHC,8598,-0.173,7.962,0.03,-0.053,-0.234,-0.717,0.301,0.031,-0.359,-4.727,0.203,0.12,-0.061,-0.544,0.474,0.204,-0.186,1
SHLS,7935,-0.259,10.763,-0.951,0.199,0.298,-0.489,-0.279,-1.86,-2.212,-4.376,-0.692,0.458,0.557,-0.229,-0.02,-1.601,-1.952,2
SHO,8818,0.086,4.162,0.754,0.226,0.0,-0.296,0.683,0.671,0.0,-0.533,0.668,0.14,-0.086,-0.382,0.597,0.585,-0.086,0
SHOO,8866,0.122,5.207,0.621,-0.135,-0.023,0.084,0.359,-0.159,1.387,-2.394,0.499,-0.257,-0.144,-0.038,0.237,-0.281,1.265,0
SHOP,8867,-0.052,9.039,0.343,0.339,0.855,-0.103,0.033,-0.103,-0.359,-9.861,0.395,0.391,0.907,-0.051,0.085,-0.051,-0.307,2
SHW,8867,0.159,3.611,-0.138,0.058,0.134,0.094,-0.315,-0.095,1.214,0.235,-0.297,-0.1,-0.025,-0.065,-0.474,-0.254,1.055,0
SIBN,5676,-0.105,9.635,0.442,-0.147,0.066,0.253,-0.062,0.965,1.194,-5.81,0.547,-0.042,0.171,0.358,0.043,1.07,1.299,2
SIG,8867,0.187,6.95,1.312,0.31,0.637,0.644,1.38,-0.296,0.103,-3.896,1.125,0.123,0.451,0.457,1.193,-0.482,-0.084,1
SIGI,8726,0.091,3.584,1.084,0.143,0.081,0.116,1.124,-0.281,-0.405,-0.594,0.993,0.052,-0.01,0.025,1.033,-0.372,-0.496,0
SII,4657,1.513,7.679,0.736,0.941,0.922,1.904,1.533,1.557,1.841,1.951,-0.776,-0.572,-0.591,0.391,0.02,0.044,0.329,0
SILA,3110,0.132,3.935,0.865,0.319,0.042,-0.039,1.268,-0.148,0.729,0.009,0.734,0.187,-0.09,-0.171,1.136,-0.28,0.597,0
SIRI,8867,-0.328,5.943,-1.118,-0.142,0.251,-0.401,-0.951,-0.361,-0.915,-2.334,-0.79,0.186,0.579,-0.073,-0.622,-0.033,-0.587,2
SITC,8072,-0.125,5.906,0.142,-0.065,-0.143,-0.398,0.588,0.294,0.047,-2.293,0.267,0.06,-0.018,-0.273,0.713,0.419,0.172,0
SITE,8866,-0.103,5.529,0.545,-0.345,0.384,-0.075,0.088,0.493,-0.183,-4.178,0.647,-0.242,0.487,0.028,0.19,0.595,-0.081,0
SITM,8805,0.806,10.571,0.595,1.281,0.87,0.577,-0.412,-0.016,1.115,-5.857,-0.211,0.475,0.064,-0.228,-1.217,-0.822,0.309,2
SJM,8867,0.106,3.435,0.459,0.171,0.39,0.253,0.578,0.015,1.116,-1.261,0.353,0.064,0.284,0.147,0.472,-0.091,1.01,0
SKLZ,3480,-5.027,15.661,-4.805,-4.199,-4.146,-5.376,-4.484,-3.92,-8.73,-9.899,0.222,0.828,0.881,-0.349,0.543,1.107,-3.703,3
SKT,8773,0.384,4.227,0.9,0.386,0.071,0.269,0.505,0.085,0.753,0.363,0.516,0.002,-0.313,-0.115,0.12,-0.3,0.368,0
SKWD,5430,0.57,4.999,2.442,0.021,0.555,1.338,0.969,0.557,-0.103,0.462,1.872,-0.549,-0.015,0.768,0.399,-0.013,-0.673,0
SKY,8838,0.295,6.607,0.44,0.283,0.513,0.154,0.56,0.294,0.584,-2.894,0.145,-0.012,0.217,-0.141,0.265,-0.002,0.289,0
SKYT,4613,0.055,17.627,2.471,-1.559,-1.073,2.376,0.813,2.215,2.242,-15.977,2.417,-1.613,-1.128,2.321,0.758,2.16,2.188,3
SKYW,8756,0.424,6.065,-0.604,0.467,0.593,0.836,0.215,0.58,1.437,-0.565,-1.029,0.043,0.169,0.412,-0.209,0.156,1.013,2
SLAB,8859,0.07,6.732,-0.405,0.107,0.0,0.187,-0.118,-0.163,0.228,0.28,-0.475,0.037,-0.07,0.117,-0.188,-0.233,0.158,0
SLB,8867,0.148,5.488,0.213,0.276,0.284,-0.152,0.022,-0.416,-0.156,-0.969,0.066,0.128,0.136,-0.3,-0.125,-0.563,-0.304,0
SLF,8854,0.435,2.737,0.24,0.311,0.261,0.396,0.25,0.772,0.039,0.115,-0.194,-0.123,-0.174,-0.038,-0.184,0.337,-0.395,0
SLG,8867,-0.056,6.108,0.394,-0.091,0.088,0.202,0.157,-0.836,-1.46,-4.191,0.45,-0.035,0.144,0.258,0.213,-0.78,-1.404,0
SLGN,8795,0.054,3.767,0.742,0.168,0.064,0.024,0.353,0.241,-0.307,-0.407,0.688,0.114,0.01,-0.03,0.299,0.187,-0.361,0
SLM,8867,0.127,4.935,0.54,0.141,-0.145,-0.089,0.246,0.368,-0.329,-1.204,0.413,0.013,-0.272,-0.216,0.119,0.241,-0.456,0
SLP,4999,-0.05,9.98,0.532,-0.164,-0.27,0.915,-0.531,-0.025,0.0,-1.644,0.582,-0.114,-0.22,0.965,-0.481,0.025,0.05,2
SLRC,3464,-0.271,4.751,-0.141,0.204,-0.444,-0.649,-0.141,-2.317,0.0,-4.162,0.129,0.475,-0.173,-0.378,0.13,-2.046,0.271,1
SLVM,8179,0.202,6.321,0.231,-0.403,-0.108,0.504,-0.247,-0.128,-0.191,-2.233,0.03,-0.605,-0.31,0.303,-0.448,-0.329,-0.392,0
SM,8867,0.514,7.612,0.67,-0.022,0.64,0.651,-0.01,0.938,2.207,-3.03,0.156,-0.536,0.126,0.137,-0.524,0.425,1.693,2
SMCI,7144,0.836,13.594,1.094,0.675,1.403,0.424,1.419,1.032,-0.691,-5.388,0.258,-0.161,0.567,-0.412,0.583,0.196,-1.527,2
SMG,8867,-0.289,6.6,-0.118,-0.191,-0.014,-0.351,0.164,0.088,-2.19,-2.596,0.171,0.098,0.275,-0.062,0.453,0.377,-1.901,0
SMMT,3824,0.206,13.688,2.186,0.911,-0.762,-0.101,2.103,-1.531,-2.54,-1.338,1.979,0.704,-0.969,-0.307,1.897,-1.737,-2.747,1
SMP,3402,-0.069,7.416,-0.434,-0.216,-0.411,-0.895,0.387,-0.423,0.74,-4.754,-0.366,-0.147,-0.343,-0.827,0.456,-0.355,0.809,0
SMPL,8836,-0.27,4.77,-0.183,-0.309,0.0,-0.42,-0.182,0.192,0.039,-1.84,0.087,-0.039,0.27,-0.15,0.088,0.462,0.308,0
SMR,6275,-0.629,13.467,-0.723,-0.496,-0.818,-1.238,-1.619,1.811,-1.494,-3.083,-0.094,0.133,-0.189,-0.609,-0.99,2.44,-0.865,2
SMTC,8866,0.421,9.072,0.027,0.475,0.268,0.459,0.735,0.788,1.097,-1.127,-0.394,0.055,-0.153,0.039,0.314,0.368,0.676,0
SN,5229,1.191,6.342,0.926,0.708,1.013,0.991,1.056,0.864,1.007,1.334,-0.265,-0.483,-0.178,-0.2,-0.135,-0.327,-0.184,0
SNA,8867,0.359,3.065,1.105,0.528,0.501,-0.144,1.243,0.26,-0.662,-2.653,0.746,0.169,0.142,-0.503,0.884,-0.099,-1.021,0
SNAP,8480,-0.334,9.837,-0.586,-0.258,0.144,-0.026,-0.904,-0.319,0.934,-2.747,-0.252,0.075,0.478,0.307,-0.571,0.014,1.267,2
SNBR,6819,-1.267,14.007,-3.279,-0.784,-0.933,-1.916,-2.681,-1.177,1.346,-4.739,-2.012,0.483,0.334,-0.649,-1.414,0.09,2.613,2
SNDR,8822,0.269,4.204,0.367,0.455,0.088,0.239,0.604,0.417,-0.129,-0.092,0.098,0.186,-0.182,-0.031,0.335,0.148,-0.398,0
SNDX,8359,0.141,7.657,-0.394,0.098,0.331,0.0,-0.262,0.435,0.578,0.064,-0.535,-0.043,0.19,-0.141,-0.403,0.294,0.437,2
SNEX,6158,1.499,6.494,1.286,1.555,1.46,1.436,1.207,0.853,1.728,-1.079,-0.213,0.056,-0.039,-0.063,-0.292,-0.646,0.229,0
SNOW,8867,0.32,8.526,0.902,0.266,0.007,0.15,-0.165,-0.145,0.048,-4.386,0.582,-0.054,-0.313,-0.17,-0.484,-0.465,-0.272,0
SNPS,8867,0.279,5.465,-0.187,0.456,-0.439,0.521,-0.076,0.575,1.062,0.44,-0.466,0.177,-0.719,0.242,-0.356,0.296,0.782,0
SNX,8866,0.415,4.348,-0.04,0.667,0.458,0.265,0.396,0.328,0.591,-2.653,-0.455,0.252,0.044,-0.15,-0.019,-0.086,0.176,0
SO,8867,0.324,2.54,0.375,0.429,0.445,0.343,0.674,0.393,0.09,0.236,0.052,0.106,0.121,0.02,0.35,0.069,-0.233,0
SOBO,3091,0.804,3.633,0.445,0.874,0.817,0.399,0.855,1.147,-0.107,0.939,-0.359,0.07,0.013,-0.404,0.051,0.343,-0.911,0
SOC,3488,0.106,16.168,0.24,0.469,1.04,-1.029,-0.065,-0.842,-1.166,-1.186,0.134,0.363,0.934,-1.135,-0.17,-0.948,-1.272,2
SOFI,8539,0.12,9.394,-0.156,0.773,0.889,0.611,-0.186,0.897,-0.569,-0.921,-0.276,0.653,0.769,0.491,-0.306,0.777,-0.689,2
SOLV,4056,-0.03,4.468,0.286,-0.376,0.067,0.173,-0.161,-0.932,-2.447,1.061,0.316,-0.346,0.097,0.203,-0.131,-0.902,-2.416,0
SON,8867,0.126,3.488,0.433,0.352,0.321,0.0,0.475,-0.124,-0.257,-0.773,0.307,0.227,0.195,-0.126,0.349,-0.25,-0.383,0
SONO,8867,-0.387,6.783,-0.558,-0.555,0.055,-0.05,-0.549,-0.383,1.061,-0.788,-0.171,-0.168,0.442,0.337,-0.162,0.005,1.449,2
SOUN,3635,-0.903,16.354,-0.325,0.318,0.0,-0.358,-1.347,0.0,0.0,-3.047,0.579,1.221,0.903,0.545,-0.443,0.903,0.903,2
SPB,8855,0.084,4.971,0.113,0.111,0.483,-0.305,0.12,-0.408,0.016,-0.698,0.029,0.027,0.399,-0.389,0.036,-0.492,-0.068,0
SPCE,6207,-2.48,11.475,-1.489,-2.08,-3.618,-2.876,-2.334,-4.047,-3.815,-7.226,0.991,0.4,-1.137,-0.396,0.147,-1.567,-1.335,1
SPG,8867,0.396,3.614,0.629,0.504,0.166,0.272,0.522,0.469,-0.134,-1.306,0.234,0.108,-0.23,-0.124,0.126,0.073,-0.529,0
SPGI,8867,0.262,3.525,-0.082,0.468,0.516,0.228,0.352,0.195,0.295,-1.095,-0.344,0.206,0.255,-0.034,0.091,-0.067,0.034,0
SPH,3498,0.0,5.044,1.627,0.328,-0.523,0.277,1.396,-0.425,-0.84,-4.196,1.627,0.328,-0.523,0.277,1.396,-0.425,-0.84,1
SPHR,5686,0.964,7.795,0.776,1.227,0.343,1.179,1.077,0.353,-0.697,2.11,-0.189,0.263,-0.621,0.215,0.113,-0.611,-1.661,0
SPIR,3440,-1.427,18.566,-1.153,-3.337,0.161,2.058,-0.655,-6.36,-6.704,-19.376,0.274,-1.909,1.589,3.485,0.773,-4.932,-5.277,3
SPNT,4865,0.686,5.902,2.137,1.309,0.335,0.437,1.733,1.276,-1.35,-2.207,1.451,0.623,-0.351,-0.248,1.047,0.59,-2.035,1
SPOT,8867,0.35,6.379,-0.305,0.29,0.393,0.131,-0.111,0.329,0.687,-1.282,-0.655,-0.061,0.043,-0.22,-0.461,-0.022,0.337,2
SPRY,4362,-0.36,11.302,-0.653,-0.507,-0.559,-0.768,-0.598,-1.543,0.558,-9.659,-0.293,-0.147,-0.199,-0.408,-0.238,-1.183,0.917,2
SPSC,8729,0.298,5.727,0.554,0.578,0.037,0.078,0.929,0.015,0.376,-1.517,0.256,0.28,-0.261,-0.22,0.631,-0.283,0.078,0
SPT,8791,-0.487,9.286,0.053,-0.144,-0.283,-1.168,-0.499,-0.908,0.683,-7.81,0.54,0.343,0.204,-0.681,-0.012,-0.421,1.17,1
SPWR,4102,-1.423,9.523,-1.779,-1.814,-1.594,-0.462,-2.758,-2.351,-3.54,0.864,-0.356,-0.391,-0.171,0.961,-1.335,-0.928,-2.117,3
SPXC,8002,0.545,4.803,0.489,0.525,0.841,0.979,0.671,0.791,0.862,-3.442,-0.056,-0.019,0.296,0.434,0.126,0.247,0.317,0
SR,8812,0.243,2.956,0.51,0.339,0.407,0.225,0.466,0.439,-0.619,-1.365,0.267,0.096,0.164,-0.018,0.223,0.196,-0.862,0
SRAD,5363,0.135,10.187,-1.542,0.248,0.707,0.096,-1.839,1.127,-0.07,-2.391,-1.677,0.113,0.571,-0.04,-1.974,0.992,-0.206,2
SRE,8867,0.242,3.19,0.525,0.288,0.218,0.251,0.731,0.379,0.466,-0.482,0.283,0.046,-0.025,0.009,0.489,0.137,0.224,0
SRPT,8860,-0.14,9.536,-0.646,-0.022,0.506,-0.037,-0.634,-0.285,0.987,-1.137,-0.506,0.118,0.647,0.103,-0.494,-0.145,1.128,2
SRRK,5900,-0.67,13.852,1.336,-0.557,-0.941,-1.841,0.441,-1.08,-1.66,-5.96,2.006,0.113,-0.271,-1.171,1.111,-0.41,-0.99,1
SSB,8866,0.048,4.174,0.263,0.114,-0.19,-0.086,0.387,-0.356,-0.041,-2.262,0.216,0.066,-0.238,-0.134,0.339,-0.404,-0.089,0
SSD,8701,0.141,4.423,-0.423,0.305,0.161,0.065,0.252,0.553,0.328,0.364,-0.564,0.163,0.02,-0.076,0.111,0.412,0.187,0
SSNC,8867,0.238,3.495,0.233,0.289,0.245,0.279,0.349,0.569,0.706,-1.725,-0.005,0.051,0.007,0.041,0.112,0.331,0.468,0
SSRM,8333,0.104,7.535,1.283,-0.292,-0.196,0.182,1.226,-0.573,-0.452,-9.55,1.178,-0.396,-0.301,0.078,1.121,-0.677,-0.557,1
SSTK,7926,-0.903,7.089,-0.936,-0.386,-0.614,-0.858,-0.739,-0.699,-1.554,-7.361,-0.033,0.518,0.289,0.045,0.164,0.204,-0.651,2
SSYS,7023,-1.04,8.274,-1.458,-0.93,-0.841,-1.397,-1.335,-1.307,-1.68,-1.564,-0.419,0.11,0.199,-0.357,-0.295,-0.267,-0.641,2
ST,8867,0.058,5.213,0.213,0.11,-0.107,0.174,0.8,0.236,0.467,0.16,0.155,0.052,-0.165,0.116,0.743,0.178,0.409,0
STAA,8827,-1.046,8.732,0.655,-0.704,-1.207,-1.691,0.583,-1.419,0.596,-2.633,1.701,0.342,-0.161,-0.645,1.629,-0.372,1.642,1
STAG,8867,0.107,3.189,0.238,0.112,0.077,-0.097,0.338,-0.082,0.555,-0.154,0.131,0.005,-0.031,-0.205,0.23,-0.189,0.448,0
STBA,3604,0.299,6.536,0.299,0.358,0.162,-0.073,0.249,0.479,-3.147,-6.264,0.0,0.058,-0.137,-0.372,-0.051,0.18,-3.447,2
STC,6779,0.463,4.996,0.183,0.32,0.553,0.234,-0.251,1.097,1.696,-0.724,-0.28,-0.143,0.09,-0.229,-0.715,0.634,1.233,0
STE,8867,0.123,3.589,0.69,0.197,0.124,-0.081,0.567,0.163,0.13,-1.185,0.567,0.074,0.001,-0.204,0.444,0.04,0.007,0
STEL,3048,0.253,6.481,-0.632,0.095,0.195,0.265,-0.768,0.137,0.345,-3.616,-0.885,-0.158,-0.058,0.012,-1.021,-0.116,0.092,2
STEP,7672,0.28,6.369,0.322,0.681,0.341,0.049,0.809,1.124,0.713,-3.039,0.042,0.4,0.06,-0.232,0.529,0.844,0.432,0
STGW,3496,0.482,10.549,1.912,0.842,0.432,0.71,0.0,-1.911,-2.238,-4.471,1.43,0.36,-0.05,0.228,-0.482,-2.393,-2.72,1
STLA,8867,0.0,5.848,-0.185,-0.136,0.0,-0.241,-0.065,-0.682,-1.062,-3.992,-0.185,-0.136,0.0,-0.241,-0.065,-0.682,-1.062,2
STLD,8867,0.757,5.428,0.377,1.312,0.882,0.466,0.66,0.779,0.611,-1.103,-0.38,0.555,0.125,-0.291,-0.097,0.022,-0.146,0
STM,8867,0.262,6.356,-0.533,0.646,0.463,0.128,0.453,-0.239,-0.231,-4.171,-0.796,0.384,0.2,-0.135,0.191,-0.501,-0.494,2
STN,5898,0.375,4.235,0.432,0.485,0.28,-0.006,0.083,0.61,0.854,-0.907,0.057,0.11,-0.095,-0.381,-0.292,0.235,0.479,0
STNE,8867,-0.37,9.314,-0.418,-0.075,-0.73,-0.57,-1.277,-0.655,-0.557,-7.792,-0.048,0.295,-0.36,-0.2,-0.907,-0.285,-0.187,2
STNG,8844,0.359,6.19,-0.228,0.0,0.132,0.505,0.383,0.252,0.037,-5.452,-0.586,-0.359,-0.227,0.146,0.025,-0.107,-0.321,2
STOK,4439,0.558,15.586,-1.468,1.271,1.591,0.421,-1.096,-0.453,-0.184,-16.125,-2.027,0.712,1.033,-0.137,-1.655,-1.011,-0.742,2
STRA,7389,0.196,5.304,-0.317,0.28,0.63,0.061,0.438,0.329,0.167,-1.186,-0.513,0.084,0.434,-0.135,0.242,0.132,-0.029,0
STRL,7382,1.165,9.045,1.671,1.132,1.162,1.092,1.407,1.548,1.25,-2.789,0.506,-0.033,-0.003,-0.073,0.242,0.382,0.085,0
STT,8867,0.747,4.219,0.686,0.949,0.822,0.647,0.58,0.425,1.257,-2.504,-0.061,0.202,0.075,-0.1,-0.167,-0.322,0.51,0
STVN,6433,0.072,8.064,0.475,0.438,0.329,-0.055,0.102,-2.56,-0.419,-2.245,0.403,0.365,0.256,-0.127,0.03,-2.633,-0.491,1
STWD,8867,0.0,3.308,0.55,0.118,-0.108,0.103,0.286,-0.101,-0.096,-1.575,0.55,0.118,-0.108,0.103,0.286,-0.101,-0.096,0
STX,8867,0.905,6.835,0.684,0.844,0.662,0.61,0.741,0.856,1.057,-2.525,-0.221,-0.06,-0.243,-0.295,-0.163,-0.049,0.152,0
STZ,8867,-0.109,3.341,-0.135,-0.004,0.009,-0.203,-0.068,0.006,0.005,-3.447,-0.025,0.105,0.118,-0.093,0.041,0.115,0.114,0
SU,8867,0.81,4.771,1.406,0.764,1.013,0.523,0.995,1.132,1.074,-4.349,0.596,-0.046,0.202,-0.287,0.185,0.322,0.264,0
SUI,8867,-0.068,3.369,0.318,0.088,-0.056,-0.38,-0.301,0.008,0.053,-0.555,0.386,0.156,0.012,-0.312,-0.233,0.076,0.121,0
SUN,8511,0.376,3.623,0.985,0.417,0.721,0.453,0.411,0.192,0.413,-1.8,0.609,0.041,0.345,0.077,0.035,-0.184,0.037,0
SUPN,8388,0.356,4.851,1.073,0.639,-0.038,0.342,1.094,0.434,0.29,-0.24,0.717,0.283,-0.394,-0.014,0.738,0.078,-0.066,0
SUPV,3821,0.42,11.656,0.358,0.209,0.316,0.471,0.561,0.917,-2.069,-9.22,-0.062,-0.211,-0.104,0.051,0.141,0.497,-2.489,2
SVC,4764,-0.77,9.098,0.12,-0.863,-0.941,-0.582,-0.242,-0.695,-1.763,-1.799,0.89,-0.093,-0.171,0.188,0.528,0.075,-0.992,1
SVV,4402,0.317,8.634,-0.849,0.456,0.861,0.446,-0.338,-0.538,-1.836,-1.014,-1.166,0.139,0.544,0.129,-0.656,-0.855,-2.153,2
SW,3590,-0.111,5.828,0.592,-0.247,0.99,-0.564,-0.182,-0.409,0.707,1.516,0.703,-0.136,1.1,-0.453,-0.072,-0.298,0.818,0
SWBI,6711,0.087,6.916,0.059,0.431,0.326,-0.6,0.152,0.032,-0.088,0.0,-0.027,0.344,0.239,-0.686,0.065,-0.055,-0.175,0
SWIM,3142,-1.529,12.018,0.093,-2.571,0.257,-1.991,-0.616,0.883,3.17,-6.389,1.622,-1.043,1.786,-0.463,0.912,2.411,4.698,3
SWK,8867,-0.32,5.285,0.625,-0.035,-0.517,-0.346,0.746,0.215,0.09,-1.123,0.945,0.284,-0.197,-0.026,1.066,0.535,0.409,0
SWKS,8867,-0.262,5.24,0.023,-0.337,-0.508,-0.232,-0.215,-0.23,0.009,-0.595,0.285,-0.075,-0.246,0.03,0.048,0.032,0.272,0
SWX,8826,0.21,3.384,0.834,0.355,0.173,0.269,0.785,0.0,-0.73,-1.24,0.624,0.145,-0.037,0.059,0.574,-0.21,-0.941,0
SXC,6422,0.112,6.861,-0.581,0.116,0.185,-0.666,-0.124,-0.72,0.06,-1.79,-0.693,0.004,0.072,-0.778,-0.237,-0.832,-0.052,2
SXI,5437,0.796,5.733,0.82,1.124,0.608,0.674,0.985,1.216,0.624,0.124,0.023,0.327,-0.189,-0.122,0.189,0.42,-0.172,0
SXT,7922,0.029,4.46,-0.211,0.302,0.388,-0.225,0.724,0.245,-0.603,-2.389,-0.24,0.273,0.359,-0.254,0.695,0.216,-0.632,0
SYBT,4112,0.437,6.117,0.733,0.699,0.362,0.081,1.436,-1.599,0.845,-4.147,0.296,0.262,-0.075,-0.356,0.999,-2.036,0.409,1
SYF,8867,0.403,4.952,0.709,0.401,0.613,0.403,0.723,0.818,1.356,-2.109,0.306,-0.002,0.211,-0.0,0.32,0.415,0.954,0
SYK,8867,0.108,3.474,0.132,0.232,0.211,0.06,0.155,-0.021,0.479,-0.425,0.024,0.123,0.103,-0.048,0.047,-0.13,0.371,0
SYM,6457,0.092,13.371,-0.387,0.75,0.645,-1.186,-0.292,-1.502,-2.858,-4.237,-0.479,0.659,0.553,-1.277,-0.384,-1.594,-2.949,2
SYNA,8856,-0.109,7.262,-0.085,0.09,-0.604,0.263,0.294,-0.114,-1.13,-3.561,0.024,0.199,-0.495,0.372,0.402,-0.005,-1.021,0
SYRE,4053,1.461,11.263,-0.196,1.881,2.369,-0.43,1.59,1.762,3.319,3.489,-1.657,0.42,0.908,-1.891,0.13,0.301,1.858,2
SYY,8867,0.116,3.226,0.314,0.31,0.224,0.086,0.16,0.403,0.418,-1.364,0.199,0.194,0.108,-0.03,0.044,0.287,0.302,0
T,8867,0.077,3.68,0.262,0.043,0.104,0.145,0.384,0.0,-0.068,-0.107,0.185,-0.034,0.027,0.068,0.307,-0.077,-0.146,0
TAC,5413,0.384,6.098,1.035,-0.126,-0.159,0.799,0.851,0.216,0.401,-2.869,0.652,-0.509,-0.543,0.416,0.468,-0.168,0.017,0
TALO,8814,0.207,7.917,0.441,0.253,0.067,0.143,0.357,0.103,-0.257,-6.925,0.235,0.046,-0.14,-0.064,0.151,-0.103,-0.464,2
TAP,8864,-0.256,3.552,0.146,-0.282,-0.118,-0.257,-0.382,-0.366,-0.385,-1.526,0.402,-0.027,0.138,-0.002,-0.126,-0.11,-0.13,0
TARS,5335,1.218,9.756,-1.113,0.956,1.065,1.518,0.264,1.054,-0.683,1.059,-2.331,-0.262,-0.154,0.3,-0.954,-0.164,-1.901,2
TASK,5421,-0.499,12.56,-1.185,0.176,-0.059,-0.742,-1.917,-0.451,-2.526,-6.601,-0.686,0.675,0.44,-0.243,-1.418,0.049,-2.026,2
TBBB,4001,0.585,5.97,1.851,1.273,0.286,0.211,2.415,1.256,0.354,-0.345,1.266,0.688,-0.299,-0.374,1.83,0.671,-0.231,1
TBBK,8147,0.449,6.643,0.159,0.462,0.203,0.549,0.034,0.013,-0.547,0.189,-0.289,0.014,-0.246,0.1,-0.415,-0.435,-0.996,0
TBPH,4509,0.659,8.566,1.596,1.098,0.42,0.16,1.469,0.0,0.596,-2.23,0.937,0.439,-0.239,-0.5,0.81,-0.659,-0.064,1
TCBI,8846,0.292,4.625,0.516,0.525,-0.192,0.191,0.654,0.271,-1.043,-1.37,0.225,0.233,-0.483,-0.1,0.362,-0.02,-1.335,0
TCMD,3795,-0.099,13.536,-2.001,0.229,1.223,0.375,-0.291,0.997,-1.613,-1.225,-1.902,0.329,1.322,0.474,-0.191,1.096,-1.514,2
TCPC,3873,-0.354,5.515,-0.534,-0.379,-0.296,0.599,-0.607,0.979,0.185,-2.355,-0.18,-0.025,0.059,0.953,-0.253,1.333,0.539,2
TD,8867,0.432,2.901,0.412,0.123,0.335,0.446,0.415,0.188,0.701,-0.357,-0.02,-0.309,-0.097,0.014,-0.016,-0.244,0.27,0
TDC,8867,0.141,6.162,0.602,0.143,0.071,0.03,0.44,-0.513,-0.79,-0.156,0.46,0.001,-0.071,-0.111,0.299,-0.654,-0.932,0
TDG,8867,0.457,3.828,0.81,0.537,0.303,0.504,0.904,0.083,0.914,-1.107,0.353,0.08,-0.154,0.047,0.447,-0.374,0.458,0
TDOC,8769,-1.174,8.821,-1.077,-0.567,-0.698,-1.883,-0.964,-0.721,-1.886,-3.7,0.097,0.607,0.476,-0.709,0.21,0.453,-0.712,2
TDS,8856,0.0,7.637,0.288,0.462,0.059,-0.133,0.504,-0.619,0.139,-0.756,0.288,0.462,0.059,-0.133,0.504,-0.619,0.139,0
TDW,7708,0.948,7.716,0.476,1.197,0.892,0.925,0.92,0.366,1.321,-2.496,-0.472,0.249,-0.056,-0.023,-0.028,-0.582,0.373,0
TDY,8866,0.367,3.245,0.331,0.386,0.24,0.212,0.338,0.661,-0.012,-1.695,-0.036,0.019,-0.127,-0.155,-0.03,0.294,-0.379,0
TEAM,8867,-0.133,8.723,-0.204,0.307,-0.124,-0.428,-0.625,-1.522,1.151,-3.159,-0.071,0.439,0.009,-0.295,-0.493,-1.389,1.284,2
TECH,8867,-0.181,5.601,0.0,-0.286,-0.378,-0.302,-0.343,-0.487,-0.099,-2.817,0.181,-0.105,-0.198,-0.121,-0.163,-0.306,0.082,0
TECK,8867,0.642,6.321,2.164,0.972,0.386,0.6,2.005,0.454,1.222,-4.149,1.522,0.33,-0.255,-0.042,1.363,-0.188,0.58,1
TEL,8867,0.292,3.935,0.315,0.456,0.233,0.364,0.259,0.718,0.66,-5.345,0.023,0.163,-0.06,0.072,-0.034,0.426,0.368,0
TEM,3683,-0.43,14.245,-0.846,-0.857,0.215,0.562,-1.649,-0.556,-0.163,-0.972,-0.416,-0.427,0.646,0.992,-1.218,-0.125,0.268,3
TEN,5180,0.0,8.676,-0.059,-0.202,0.0,0.158,-0.001,0.695,-0.409,-2.574,-0.059,-0.202,0.0,0.158,-0.001,0.695,-0.409,2
TENB,8867,-0.075,6.837,1.847,0.0,-0.497,-0.327,0.77,-0.767,-0.801,-2.2,1.922,0.075,-0.422,-0.252,0.845,-0.692,-0.725,1
TER,8867,0.646,6.777,0.496,1.089,0.481,-0.015,-0.041,-0.072,2.338,-1.931,-0.15,0.443,-0.166,-0.662,-0.687,-0.718,1.692,0
TEX,8866,0.352,5.983,0.439,0.653,0.925,0.0,0.909,-0.574,0.73,-2.113,0.087,0.301,0.573,-0.352,0.557,-0.926,0.378,0
TFC,8867,0.195,4.372,0.266,0.184,-0.01,0.047,0.196,-0.052,0.233,-3.581,0.072,-0.01,-0.205,-0.148,0.001,-0.247,0.038,0
TFII,8823,0.262,5.215,0.245,0.52,0.249,0.298,0.548,-0.063,0.585,-1.461,-0.017,0.259,-0.013,0.036,0.286,-0.324,0.323,0
TFIN,5402,0.265,6.48,-0.61,-0.407,0.623,0.125,-0.065,1.255,-2.38,-2.167,-0.874,-0.671,0.358,-0.14,-0.329,0.991,-2.645,2
TFPM,3622,1.107,6.806,1.306,1.756,1.994,0.886,0.448,1.515,1.314,-4.766,0.199,0.648,0.886,-0.222,-0.659,0.407,0.206,2
TFSL,4665,-0.287,4.762,-0.212,-0.293,-0.44,-0.706,-0.283,-1.644,-0.257,-1.515,0.075,-0.006,-0.153,-0.419,0.004,-1.357,0.03,0
TFX,8867,-0.237,4.76,-0.229,-0.084,-0.311,-0.442,-0.239,-0.533,0.702,0.072,0.008,0.154,-0.074,-0.204,-0.001,-0.296,0.939,0
TGLS,7658,0.628,7.967,0.517,0.456,1.032,-0.224,0.494,-0.617,2.698,-2.599,-0.111,-0.172,0.404,-0.852,-0.134,-1.245,2.07,0
TGT,8867,-0.112,4.9,0.065,-0.334,-0.05,0.432,0.072,-0.054,-0.044,-1.599,0.177,-0.222,0.062,0.544,0.184,0.058,0.068,0
TGTX,8688,0.126,11.974,-0.103,0.0,0.729,0.041,0.499,0.222,-0.26,-6.014,-0.229,-0.126,0.603,-0.084,0.374,0.096,-0.386,2
TH,4429,0.627,12.19,0.7,-0.144,0.178,0.858,0.444,-0.039,-0.991,1.046,0.073,-0.771,-0.449,0.231,-0.183,-0.666,-1.617,0
THC,8867,0.663,6.328,1.124,0.068,0.367,0.871,0.58,1.123,-0.189,-0.047,0.46,-0.596,-0.296,0.207,-0.083,0.459,-0.853,0
THG,8693,0.177,3.126,0.972,0.184,0.231,0.201,0.799,0.286,0.27,-1.317,0.795,0.007,0.054,0.024,0.622,0.109,0.093,0
THO,8867,-0.151,5.534,0.534,0.137,-0.271,-0.468,0.652,-0.855,-0.49,-0.735,0.684,0.287,-0.12,-0.317,0.802,-0.705,-0.34,1
THR,3550,1.864,8.167,2.033,1.887,1.711,2.826,3.192,3.939,1.019,-1.229,0.169,0.023,-0.152,0.962,1.328,2.075,-0.845,0
THRM,6919,-0.2,6.407,0.791,0.311,-0.849,-0.669,0.472,-0.411,-0.201,0.058,0.992,0.511,-0.649,-0.468,0.672,-0.21,-0.0,1
THRY,4295,-1.464,8.414,-1.343,-1.467,-2.485,-0.869,-2.063,-0.093,-2.088,-6.179,0.121,-0.003,-1.022,0.595,-0.599,1.371,-0.624,3
TIGO,3929,1.342,8.207,2.167,1.261,0.843,1.192,0.708,2.289,-1.321,1.509,0.825,-0.081,-0.499,-0.15,-0.635,0.947,-2.664,0
TIGR,4067,-1.538,11.201,0.103,-2.387,-1.918,-2.694,-0.602,-0.431,-3.569,-4.875,1.641,-0.849,-0.379,-1.155,0.937,1.107,-2.031,1
TILE,4620,0.534,8.076,0.567,0.774,0.594,0.307,0.441,0.537,1.082,-3.062,0.033,0.24,0.06,-0.227,-0.092,0.004,0.548,0
TITN,4199,-0.083,10.595,1.145,0.062,0.77,-0.935,0.969,0.203,-1.015,-1.748,1.228,0.145,0.852,-0.852,1.052,0.286,-0.933,1
TJX,8867,0.304,3.047,0.603,0.464,0.585,0.242,0.691,0.512,0.609,0.009,0.299,0.159,0.281,-0.062,0.387,0.207,0.305,0
TK,4113,1.572,6.978,0.668,0.312,2.509,2.275,0.0,2.065,2.533,-5.63,-0.905,-1.26,0.936,0.703,-1.572,0.493,0.961,2
TKO,5019,0.308,4.713,0.66,0.337,0.398,0.19,0.673,0.971,-0.166,-1.865,0.352,0.029,0.09,-0.117,0.365,0.663,-0.474,0
TKR,8867,0.397,4.291,0.503,0.828,0.665,0.199,0.677,0.32,0.677,-1.963,0.106,0.431,0.268,-0.197,0.28,-0.076,0.281,0
TLN,3576,1.087,7.721,3.553,1.276,1.049,0.414,3.614,-0.275,1.055,-0.646,2.466,0.189,-0.038,-0.673,2.528,-1.362,-0.032,1
TLRY,8255,-2.371,12.142,-2.122,-2.302,-1.981,-3.226,-1.404,-0.573,-1.79,-4.56,0.249,0.069,0.39,-0.855,0.968,1.798,0.581,1
TMCI,3992,-0.889,12.386,-0.829,-0.388,-1.201,-0.257,-0.719,-3.28,-2.084,-7.786,0.06,0.502,-0.312,0.632,0.17,-2.391,-1.194,1
TMDX,8144,0.394,10.509,-0.518,0.677,0.687,0.708,0.252,1.369,-1.109,-0.322,-0.911,0.283,0.294,0.314,-0.141,0.975,-1.502,2
TMHC,8846,0.263,4.94,0.444,0.591,0.263,-0.071,0.208,0.369,-0.173,-4.747,0.18,0.328,0.0,-0.335,-0.055,0.105,-0.436,0
TMO,8867,0.17,3.873,0.153,0.421,0.131,0.078,0.526,0.343,0.473,-0.598,-0.016,0.251,-0.038,-0.092,0.356,0.173,0.303,0
TMUS,8867,0.084,3.365,0.487,0.025,0.002,0.112,0.206,0.008,1.052,-3.319,0.403,-0.059,-0.082,0.029,0.122,-0.075,0.969,0
TNC,5026,0.37,5.571,1.032,0.389,0.214,0.483,1.751,-1.063,-1.309,-2.027,0.662,0.019,-0.156,0.113,1.381,-1.433,-1.68,1
TNDM,8867,-0.319,9.929,-1.332,-0.247,0.195,-0.537,-0.982,-0.639,0.688,-6.324,-1.014,0.071,0.513,-0.219,-0.663,-0.321,1.006,2
TNET,8817,0.312,5.395,-0.257,0.311,0.168,0.28,0.004,-0.158,-0.17,-3.531,-0.568,-0.001,-0.143,-0.031,-0.307,-0.47,-0.481,2
TNGX,3511,0.374,14.326,2.91,0.0,0.0,1.354,-0.692,1.595,-2.147,-3.253,2.536,-0.374,-0.374,0.98,-1.066,1.221,-2.521,3
TNK,8032,0.545,6.861,0.373,-0.44,0.272,1.007,-0.562,-0.07,0.695,-1.607,-0.172,-0.985,-0.273,0.462,-1.107,-0.615,0.15,2
TNL,8867,0.334,4.962,0.933,0.309,0.328,0.424,0.434,0.726,1.266,-1.877,0.599,-0.025,-0.006,0.09,0.099,0.392,0.932,0
TNXP,4562,-4.275,22.199,-4.959,-5.14,-4.303,-3.773,-5.268,-2.084,-5.827,-15.499,-0.684,-0.865,-0.028,0.502,-0.993,2.191,-1.552,3
TOL,8867,0.312,4.792,0.239,0.378,0.357,-0.062,0.586,0.07,-0.101,0.138,-0.073,0.067,0.045,-0.373,0.275,-0.242,-0.412,0
TOST,8473,0.193,8.352,0.687,0.63,-0.117,0.138,0.2,0.307,0.659,-2.887,0.494,0.437,-0.31,-0.055,0.007,0.115,0.466,0
TOWN,5296,-0.143,4.553,0.48,-0.059,-0.918,-0.52,0.361,-0.587,-0.219,-3.583,0.623,0.084,-0.775,-0.377,0.504,-0.444,-0.076,1
TPB,5213,0.562,7.714,1.584,0.836,0.257,0.67,1.046,-0.081,-0.689,-1.857,1.022,0.273,-0.305,0.107,0.484,-0.643,-1.251,1
TPC,4960,1.525,10.559,-0.014,1.274,2.551,1.241,0.456,1.412,1.54,-5.376,-1.539,-0.25,1.026,-0.283,-1.068,-0.113,0.016,2
TPG,7860,0.185,5.982,-0.489,0.231,0.223,0.374,-0.358,0.549,0.0,-3.931,-0.673,0.047,0.039,0.189,-0.543,0.364,-0.185,2
TPL,8052,0.264,6.874,0.571,0.477,-0.273,-0.163,0.954,1.139,0.354,-3.02,0.307,0.213,-0.537,-0.427,0.69,0.875,0.09,0
TPR,8867,0.568,5.327,0.437,0.397,0.622,0.553,0.787,0.824,0.773,-0.255,-0.131,-0.171,0.054,-0.015,0.219,0.256,0.205,0
TR,3849,0.209,5.209,0.276,0.404,0.311,-0.556,0.641,0.373,0.598,-3.612,0.067,0.195,0.102,-0.765,0.432,0.164,0.389,0
TREE,7575,-1.21,11.782,-1.439,-1.738,-1.524,0.208,-1.75,0.817,-2.676,-0.059,-0.23,-0.529,-0.314,1.418,-0.541,2.026,-1.466,3
TREX,8867,-0.124,6.59,0.274,-0.272,-0.358,-0.413,0.341,0.113,-0.427,-3.748,0.398,-0.148,-0.234,-0.289,0.465,0.237,-0.303,0
TRGP,8867,0.977,4.409,1.57,1.303,0.674,0.807,1.667,0.725,0.582,1.506,0.592,0.326,-0.303,-0.171,0.69,-0.252,-0.396,0
TRI,8867,0.134,3.907,-0.39,0.089,0.141,0.046,0.189,0.252,-0.21,-1.225,-0.524,-0.045,0.008,-0.088,0.055,0.119,-0.344,0
TRIN,5749,0.121,4.421,1.16,0.265,-0.201,-0.296,0.886,0.402,-0.344,-0.437,1.039,0.144,-0.322,-0.417,0.764,0.28,-0.465,0
TRIP,8867,-0.105,7.353,-0.321,-0.132,0.383,0.219,-0.445,0.317,-1.952,-5.006,-0.217,-0.027,0.488,0.324,-0.341,0.422,-1.848,2
TRMB,8867,0.045,4.574,-0.254,0.212,-0.233,0.018,-0.447,0.26,0.035,-1.351,-0.299,0.167,-0.278,-0.027,-0.492,0.215,-0.01,0
TRMD,7007,0.693,7.334,-0.227,0.0,1.315,0.733,-0.527,0.951,-1.346,-1.058,-0.92,-0.693,0.622,0.039,-1.22,0.258,-2.039,2
TRMK,6277,0.183,4.862,1.187,0.139,-0.172,-0.052,1.415,1.259,-0.503,-1.875,1.004,-0.044,-0.355,-0.235,1.232,1.076,-0.686,0
TRN,8570,0.282,5.201,0.545,-0.072,0.365,0.503,-0.108,0.814,0.297,-1.156,0.263,-0.354,0.083,0.221,-0.391,0.532,0.015,0
TRNO,8858,0.056,3.473,0.0,0.379,0.034,0.092,0.197,0.33,-0.159,-1.608,-0.056,0.322,-0.022,0.036,0.141,0.274,-0.215,0
TRNS,4014,0.282,10.007,1.122,1.268,0.356,0.783,0.069,-0.251,1.353,-8.365,0.841,0.987,0.074,0.502,-0.213,-0.532,1.072,2
TROW,8867,-0.14,4.044,0.034,-0.132,-0.442,-0.352,-0.122,-0.154,-0.491,-1.879,0.175,0.008,-0.301,-0.212,0.019,-0.014,-0.35,0
TROX,7996,-0.181,7.444,0.126,0.0,-0.041,-0.657,0.372,0.656,0.768,0.304,0.307,0.181,0.139,-0.477,0.553,0.837,0.949,0
TRP,8867,0.421,3.322,0.256,0.565,0.551,0.46,0.0,0.105,0.639,-1.259,-0.165,0.143,0.13,0.039,-0.421,-0.316,0.218,0
TRS,4436,0.418,6.049,-0.322,0.726,1.33,0.39,-0.628,0.47,0.898,-4.682,-0.74,0.309,0.912,-0.028,-1.046,0.052,0.481,2
TRTX,3657,0.0,7.774,0.11,0.119,-1.133,0.486,0.712,-2.224,-1.546,-5.928,0.11,0.119,-1.133,0.486,0.712,-2.224,-1.546,1
TRU,8867,0.086,5.486,-0.418,0.44,0.486,0.031,0.268,0.0,-0.48,-1.137,-0.504,0.353,0.399,-0.055,0.181,-0.086,-0.567,0
TRUP,8738,-0.585,9.716,0.851,-0.043,-0.549,-0.793,0.101,0.23,-2.181,-6.349,1.435,0.541,0.036,-0.209,0.686,0.815,-1.596,1
TRV,8867,0.379,2.95,0.5,0.451,0.248,0.599,0.155,0.281,0.316,-0.355,0.121,0.072,-0.131,0.22,-0.225,-0.098,-0.063,0
TSCO,8867,0.069,3.982,0.088,0.304,0.243,-0.107,0.112,-0.372,0.722,-1.223,0.019,0.235,0.174,-0.176,0.043,-0.44,0.653,0
TSEM,8686,0.412,6.687,-0.17,0.337,0.787,0.431,0.526,0.778,-0.044,-3.259,-0.582,-0.075,0.375,0.019,0.114,0.366,-0.457,2
TSLA,8867,-0.101,8.432,0.382,-0.395,-0.524,0.17,-0.112,0.034,-2.267,-2.909,0.483,-0.294,-0.424,0.271,-0.011,0.135,-2.166,0
TSLX,7866,0.236,2.933,0.542,0.158,0.29,0.198,-0.094,0.142,-0.001,-1.2,0.306,-0.078,0.054,-0.038,-0.329,-0.093,-0.236,0
TSN,8867,-0.055,3.507,0.361,0.018,-0.189,-0.113,0.413,-0.069,0.31,-1.073,0.415,0.073,-0.134,-0.059,0.468,-0.015,0.364,0
TT,8867,0.397,3.805,-0.071,0.038,0.276,0.2,0.105,0.449,1.038,-3.543,-0.467,-0.358,-0.121,-0.197,-0.292,0.053,0.641,0
TTC,8867,0.091,4.03,0.423,0.368,0.005,0.107,0.405,-0.08,0.067,-1.335,0.332,0.278,-0.086,0.016,0.314,-0.171,-0.024,0
TTD,8867,-0.106,9.293,-0.035,-0.32,0.443,-0.136,0.002,0.059,-1.139,-8.58,0.07,-0.214,0.549,-0.031,0.108,0.164,-1.033,2
TTE,8867,0.386,3.494,0.821,0.254,0.229,0.503,0.46,0.576,0.183,-1.274,0.435,-0.132,-0.157,0.117,0.074,0.191,-0.202,0
TTEK,8865,0.325,4.452,0.44,0.277,0.31,0.478,0.393,0.506,-0.139,-2.851,0.115,-0.048,-0.015,0.153,0.068,0.181,-0.464,0
TTMI,8075,0.841,7.741,0.249,0.912,1.164,0.938,0.227,1.061,0.794,-0.782,-0.591,0.072,0.323,0.097,-0.614,0.221,-0.046,2
TTWO,8867,0.287,4.501,0.322,0.435,0.453,0.304,0.553,-0.262,0.737,-2.284,0.035,0.148,0.166,0.017,0.267,-0.549,0.45,0
TU,8866,-0.101,2.77,-0.329,-0.177,-0.021,-0.131,-0.233,-0.094,0.067,-1.921,-0.228,-0.076,0.08,-0.031,-0.133,0.007,0.168,0
TVTX,8489,0.417,9.278,0.993,0.58,-0.51,-0.086,1.02,0.911,2.396,-1.574,0.576,0.163,-0.927,-0.503,0.604,0.494,1.979,1
TW,8866,0.111,3.876,-0.187,0.111,0.338,0.072,-0.536,-0.075,0.707,-0.334,-0.298,-0.0,0.227,-0.039,-0.647,-0.186,0.596,0
TWI,4551,-0.123,10.04,1.859,-0.411,0.282,-0.261,1.84,-0.591,-3.169,-2.614,1.982,-0.288,0.405,-0.138,1.963,-0.468,-3.046,1
TWLO,8867,0.234,8.558,1.196,0.483,0.028,-0.092,0.914,0.088,0.783,-5.332,0.962,0.249,-0.206,-0.326,0.68,-0.146,0.549,1
TWO,8788,-0.254,5.279,0.0,-0.08,-0.609,-0.182,0.249,-0.384,-0.211,-3.156,0.254,0.174,-0.355,0.071,0.502,-0.131,0.043,0
TWST,8867,-0.552,10.463,0.129,-0.59,-0.727,-1.223,-0.059,-1.839,-0.453,-10.172,0.681,-0.038,-0.175,-0.671,0.493,-1.287,0.099,1
TXG,8867,-0.241,9.346,-1.524,0.172,-0.285,-0.644,-1.274,0.349,0.956,-3.459,-1.283,0.413,-0.045,-0.404,-1.033,0.589,1.196,2
TXN,8867,0.057,4.262,0.003,0.191,0.01,-0.068,0.006,-0.455,1.06,-0.707,-0.055,0.134,-0.047,-0.125,-0.051,-0.512,1.003,0
TXNM,3450,0.177,2.066,0.393,0.265,0.105,0.084,0.34,0.101,0.302,0.093,0.216,0.087,-0.072,-0.093,0.163,-0.076,0.125,0
TXRH,8867,0.232,3.889,1.055,0.202,0.058,0.006,0.937,0.179,-0.571,-1.646,0.823,-0.031,-0.174,-0.226,0.704,-0.053,-0.803,0
TXT,8867,0.291,3.678,0.939,0.558,0.29,0.154,0.901,0.42,0.618,-0.688,0.648,0.267,-0.001,-0.137,0.61,0.129,0.327,0
TYL,8864,-0.003,4.349,0.532,0.102,-0.112,-0.291,0.058,-0.148,0.389,-1.753,0.535,0.106,-0.108,-0.287,0.062,-0.145,0.392,0
U,8867,-0.43,10.839,-1.049,-0.493,0.0,-0.352,-1.327,-0.656,-0.226,0.306,-0.619,-0.063,0.43,0.077,-0.898,-0.226,0.204,2
UA,8159,-0.154,7.028,0.289,-0.138,0.71,-0.283,-0.288,-0.511,-0.828,-3.017,0.443,0.016,0.864,-0.129,-0.134,-0.357,-0.674,2
UAA,8351,-0.148,7.369,0.441,0.065,0.0,-0.762,0.0,-0.35,-1.357,-5.123,0.589,0.212,0.148,-0.615,0.148,-0.202,-1.209,1
UAL,8867,0.477,6.924,-0.283,0.772,1.191,0.474,-0.069,0.763,-0.359,-1.203,-0.76,0.295,0.714,-0.002,-0.545,0.287,-0.836,2
UAN,4200,-0.324,9.057,0.859,-0.296,0.904,-1.25,-0.021,-1.163,-0.482,-3.112,1.183,0.028,1.228,-0.926,0.302,-0.839,-0.158,1
UBER,8867,0.113,6.285,1.146,0.022,-0.613,-0.422,0.923,-0.345,-0.071,-2.44,1.033,-0.091,-0.725,-0.534,0.81,-0.457,-0.183,1
UBS,8867,0.753,4.317,0.26,0.299,0.937,0.52,-0.226,0.677,1.074,-0.363,-0.493,-0.454,0.184,-0.233,-0.979,-0.076,0.321,0
UBSI,8819,0.085,3.873,0.039,0.234,0.184,-0.296,-0.073,-0.11,0.232,-0.732,-0.046,0.148,0.099,-0.381,-0.158,-0.195,0.147,0
UCB,3377,0.157,4.181,1.046,0.118,0.354,-0.138,0.953,-1.23,1.064,1.298,0.889,-0.039,0.197,-0.295,0.797,-1.387,0.908,0
UCTT,8123,0.323,8.734,-0.039,1.019,0.376,0.242,-0.413,0.034,-0.372,-2.043,-0.362,0.696,0.053,-0.081,-0.736,-0.289,-0.695,2
UDR,8867,0.0,3.203,0.479,-0.025,0.0,0.035,-0.128,-0.235,0.259,-1.513,0.479,-0.025,0.0,0.035,-0.128,-0.235,0.259,0
UE,8721,0.133,3.67,0.802,0.424,0.097,-0.171,0.887,0.07,-0.108,-1.771,0.669,0.292,-0.036,-0.303,0.754,-0.063,-0.24,0
UEC,4860,0.298,9.005,1.961,1.578,0.0,-0.16,1.143,-1.111,-1.513,-1.445,1.663,1.28,-0.298,-0.458,0.845,-1.409,-1.811,1
UFPI,8825,-0.054,4.573,-0.151,0.142,-0.144,-0.098,0.462,-0.184,-0.754,-5.305,-0.097,0.196,-0.09,-0.044,0.516,-0.13,-0.7,0
UFPT,5955,0.586,7.408,2.049,0.769,0.189,0.191,1.972,1.091,0.069,-1.604,1.463,0.182,-0.397,-0.395,1.386,0.505,-0.517,1
UGI,8867,0.167,3.998,0.291,0.442,0.261,0.014,0.673,0.739,0.001,-2.306,0.124,0.275,0.093,-0.154,0.506,0.572,-0.167,0
UHAL,6991,0.15,4.79,0.574,-0.059,-0.007,0.049,-0.175,0.716,-0.317,-0.343,0.424,-0.209,-0.157,-0.101,-0.325,0.566,-0.467,0
UHS,8867,0.225,4.771,-0.492,0.224,0.079,0.377,0.162,0.158,-0.352,-1.799,-0.717,-0.001,-0.146,0.152,-0.063,-0.067,-0.577,0
UI,8009,0.234,7.634,-0.218,0.498,-0.22,0.234,0.162,0.265,1.178,-2.185,-0.452,0.264,-0.454,-0.0,-0.072,0.031,0.944,0
ULCC,6015,-0.731,9.113,-0.938,-0.372,-0.952,-1.27,-0.486,-0.183,-2.746,-6.236,-0.207,0.358,-0.221,-0.539,0.244,0.548,-2.015,1
ULS,3964,0.85,5.001,0.43,0.81,0.999,0.387,0.389,0.332,0.227,-0.757,-0.42,-0.04,0.149,-0.463,-0.461,-0.518,-0.623,0
ULTA,8867,0.387,4.775,0.703,0.255,0.769,0.125,0.676,0.954,-0.862,-0.987,0.315,-0.132,0.382,-0.262,0.289,0.567,-1.249,0
UMBF,8699,0.295,4.492,1.077,0.293,-0.117,-0.041,0.464,0.6,-0.025,-0.879,0.782,-0.002,-0.412,-0.336,0.169,0.305,-0.32,0
UMH,6270,-0.065,3.984,0.125,-0.066,0.062,-0.549,0.19,-0.032,-0.698,0.128,0.19,-0.001,0.127,-0.484,0.255,0.033,-0.633,0
UNF,7255,-0.064,4.657,0.077,-0.079,-0.063,-0.172,0.251,-0.458,0.592,-2.65,0.141,-0.015,0.001,-0.108,0.315,-0.394,0.656,0
UNFI,8531,0.549,7.827,-0.08,0.823,0.773,0.402,0.646,0.149,1.725,-6.022,-0.628,0.274,0.224,-0.146,0.097,-0.4,1.176,2
UNH,8867,0.252,4.765,0.36,0.289,0.337,0.37,0.489,0.106,-0.41,-2.778,0.107,0.037,0.085,0.118,0.237,-0.146,-0.663,0
UNIT,6607,-0.5,6.917,0.396,-0.686,-0.733,-0.742,0.399,-0.912,0.199,-2.802,0.897,-0.185,-0.232,-0.241,0.9,-0.412,0.699,1
UNM,8867,0.622,3.953,1.466,0.798,0.711,0.373,1.19,0.648,1.761,-0.524,0.844,0.176,0.089,-0.25,0.568,0.025,1.138,0
UNP,8867,0.002,3.148,0.12,0.134,-0.057,-0.028,-0.008,0.267,-0.14,-2.119,0.118,0.133,-0.059,-0.03,-0.01,0.265,-0.142,0
UPBD,5817,-0.21,6.078,-0.087,-0.163,0.514,-0.123,0.015,0.329,0.285,-2.672,0.123,0.047,0.724,0.088,0.226,0.539,0.495,2
UPS,8867,0.123,4.048,0.456,0.369,0.073,-0.044,0.818,0.322,0.598,-0.214,0.334,0.246,-0.05,-0.166,0.695,0.2,0.475,0
UPST,8867,-0.647,14.657,-0.92,-1.235,-0.23,0.703,-1.334,-1.233,-3.674,-3.39,-0.273,-0.588,0.418,1.35,-0.687,-0.586,-3.026,3
UPWK,8867,-0.916,8.572,-0.762,-0.748,-1.449,-0.672,-0.449,-0.52,-1.982,-10.153,0.154,0.168,-0.533,0.244,0.467,0.397,-1.066,1
URBN,8867,0.126,6.053,1.314,0.723,0.387,0.09,0.661,-0.205,-0.665,-0.642,1.188,0.596,0.261,-0.037,0.535,-0.331,-0.791,0
URGN,3997,-0.311,14.439,1.244,-0.754,0.64,-0.499,1.253,-2.227,0.701,-8.278,1.555,-0.443,0.951,-0.188,1.564,-1.916,1.012,1
URI,8867,0.399,5.54,0.758,0.411,0.362,0.406,0.82,0.025,0.76,-1.12,0.36,0.012,-0.036,0.007,0.421,-0.374,0.362,0
USAC,4568,0.247,5.404,0.97,0.167,0.521,0.556,0.814,-0.568,1.238,-2.163,0.723,-0.081,0.274,0.309,0.567,-0.815,0.991,0
USB,8867,0.208,4.059,0.301,0.252,-0.016,-0.031,0.425,0.204,0.022,-1.129,0.093,0.044,-0.224,-0.24,0.216,-0.004,-0.187,0
USFD,8867,0.351,4.172,0.77,0.425,0.287,0.268,0.483,0.224,1.498,-2.059,0.419,0.075,-0.063,-0.083,0.132,-0.127,1.147,0
USLM,3068,1.198,9.494,1.301,0.762,2.132,1.763,0.328,-1.383,1.994,-4.201,0.104,-0.436,0.935,0.565,-0.87,-2.581,0.796,2
USPH,6224,0.046,5.89,-0.784,0.087,0.21,0.417,0.281,1.142,0.354,-3.342,-0.831,0.041,0.163,0.37,0.235,1.095,0.307,2
UTHR,8867,0.282,4.663,1.02,0.402,0.105,-0.172,0.364,0.353,0.405,-1.92,0.737,0.12,-0.178,-0.454,0.081,0.071,0.123,0
UTI,4387,1.175,9.326,2.585,2.108,0.681,0.778,2.9,0.3,1.59,1.518,1.41,0.933,-0.494,-0.397,1.724,-0.875,0.415,1
UTZ,8312,-0.312,6.509,0.353,-0.524,-0.244,-0.244,0.562,0.74,-0.234,-0.474,0.664,-0.213,0.068,0.068,0.874,1.051,0.077,0
UUUU,7998,0.0,10.232,-0.155,0.575,-0.194,0.471,0.504,-1.029,-3.357,-3.454,-0.155,0.575,-0.194,0.471,0.504,-1.029,-3.357,1
UVE,3042,1.481,10.798,2.458,1.462,2.274,0.89,4.584,2.648,3.541,-5.873,0.976,-0.019,0.792,-0.591,3.102,1.166,2.06,1
UVV,6242,-0.038,4.235,0.572,-0.094,-0.28,0.036,0.249,0.579,-0.06,-5.064,0.61,-0.057,-0.243,0.073,0.286,0.617,-0.022,0
UWMC,4791,-0.753,6.367,0.454,-1.384,-1.435,-0.592,-0.471,-0.297,-1.756,-0.328,1.207,-0.631,-0.682,0.161,0.282,0.456,-1.003,0
V,8867,0.329,3.078,0.498,0.469,0.565,0.239,0.824,0.177,0.801,-0.721,0.17,0.14,0.237,-0.09,0.495,-0.152,0.472,0
VAC,8866,-0.01,5.908,0.377,-0.161,0.154,-0.279,0.433,0.191,-0.359,0.733,0.388,-0.15,0.165,-0.268,0.443,0.202,-0.349,0
VAL,8823,0.488,7.065,0.514,0.971,0.0,0.394,0.177,0.672,0.463,-7.063,0.026,0.483,-0.488,-0.095,-0.311,0.183,-0.026,2
VC,8845,-0.008,5.409,0.828,0.229,0.045,-0.077,0.837,-0.173,0.053,-1.375,0.836,0.237,0.053,-0.069,0.846,-0.164,0.061,0
VCEL,8370,-0.042,6.58,0.61,0.536,-0.367,-0.414,1.095,0.414,-0.022,-4.924,0.652,0.578,-0.325,-0.373,1.137,0.455,0.02,1
VCTR,7692,0.565,5.09,0.483,0.801,1.154,0.211,0.287,0.504,-0.568,-0.187,-0.082,0.236,0.589,-0.354,-0.277,-0.061,-1.132,0
VCYT,8857,-0.479,8.267,0.527,0.0,-0.877,-0.867,0.481,-1.014,-1.316,-5.254,1.006,0.479,-0.397,-0.388,0.96,-0.535,-0.836,1
VECO,7803,0.361,6.969,0.171,1.063,0.853,0.41,0.267,-0.231,0.0,0.571,-0.19,0.702,0.493,0.049,-0.094,-0.591,-0.361,0
VEEV,8867,-0.13,5.523,0.062,0.033,0.428,-0.292,-0.092,0.175,-0.609,-0.869,0.193,0.163,0.558,-0.162,0.038,0.306,-0.478,0
VERA,5735,-0.037,14.733,1.522,-0.322,-0.504,0.26,0.977,0.766,-2.106,2.735,1.559,-0.284,-0.467,0.297,1.014,0.803,-2.069,1
VERX,6176,0.271,7.944,-0.46,0.641,0.348,-0.241,0.396,1.356,-0.921,0.348,-0.732,0.37,0.077,-0.512,0.125,1.085,-1.193,0
VET,8720,0.279,7.424,1.038,0.535,0.499,0.312,0.506,0.633,1.59,-3.877,0.759,0.257,0.22,0.033,0.227,0.354,1.311,0
VFC,8867,-0.656,7.078,-0.363,-0.301,-0.835,-0.9,-0.362,-1.372,0.384,-3.936,0.293,0.355,-0.179,-0.244,0.294,-0.716,1.04,1
VG,4471,0.144,9.676,-0.448,0.097,0.024,0.359,-0.199,-0.207,-0.088,0.793,-0.592,-0.047,-0.12,0.215,-0.343,-0.351,-0.232,2
VIAV,8769,0.195,6.202,0.0,0.248,0.194,0.307,0.528,0.08,0.77,-2.671,-0.195,0.054,-0.0,0.113,0.333,-0.114,0.575,0
VICI,8867,0.029,2.93,0.452,-0.104,-0.226,0.204,0.107,-0.356,0.065,0.039,0.422,-0.133,-0.255,0.174,0.077,-0.385,0.036,0
VICR,8184,0.441,10.708,0.308,0.722,0.738,0.102,-0.073,0.078,-0.714,-1.869,-0.133,0.281,0.296,-0.339,-0.515,-0.363,-1.156,2
VIK,3899,1.153,4.736,1.754,1.431,0.78,0.145,1.907,0.175,0.493,2.511,0.602,0.278,-0.373,-1.008,0.754,-0.977,-0.659,0
VIR,8137,-0.783,9.951,-0.752,-0.82,-0.663,-0.659,-1.013,0.266,-0.733,-1.314,0.031,-0.037,0.12,0.124,-0.23,1.05,0.051,2
VIRT,8866,0.383,4.743,-0.361,0.467,0.75,0.227,-0.215,1.025,2.457,-2.832,-0.745,0.084,0.367,-0.156,-0.599,0.642,2.074,2
VITL,5820,0.051,9.247,-1.331,-0.394,-1.162,0.015,-1.465,-0.175,1.58,-1.311,-1.382,-0.445,-1.213,-0.035,-1.515,-0.226,1.53,2
VKTX,6646,-0.088,12.508,0.817,-0.055,-0.227,0.096,0.06,0.933,-4.107,-4.287,0.906,0.034,-0.139,0.184,0.148,1.022,-4.018,1
VLO,8867,0.643,5.169,0.541,0.603,0.595,0.554,0.66,0.482,1.675,-1.692,-0.102,-0.04,-0.048,-0.089,0.017,-0.161,1.032,0
VLTO,4921,0.2,2.955,0.441,0.103,0.078,0.094,0.446,-0.039,-0.074,0.392,0.242,-0.096,-0.122,-0.106,0.246,-0.239,-0.273,0
VLY,8867,0.0,5.024,0.684,0.15,-0.374,-0.693,0.327,-0.657,-0.076,-2.242,0.684,0.15,-0.374,-0.693,0.327,-0.657,-0.076,0
VMC,8867,0.271,3.545,0.29,0.181,0.222,0.239,0.519,0.407,1.303,-2.005,0.018,-0.09,-0.05,-0.033,0.248,0.135,1.032,0
VMI,8679,0.309,4.412,1.443,0.444,0.007,0.239,1.293,0.129,0.468,-1.577,1.135,0.136,-0.302,-0.069,0.984,-0.179,0.159,0
VNDA,3188,-1.042,10.048,0.0,-0.379,-1.181,-2.098,0.333,-3.12,-2.481,-4.77,1.042,0.663,-0.139,-1.056,1.375,-2.078,-1.439,1
VNO,8867,-0.039,5.718,0.793,-0.266,-0.704,0.065,0.88,-0.363,0.71,-2.434,0.832,-0.227,-0.665,0.104,0.92,-0.324,0.75,1
VNOM,8696,0.545,4.959,1.313,0.64,0.025,0.51,0.676,0.38,1.141,-0.559,0.768,0.095,-0.519,-0.034,0.131,-0.165,0.596,0
VNT,8866,0.199,4.514,0.0,0.261,0.281,-0.149,0.587,-0.399,1.078,0.46,-0.199,0.063,0.082,-0.347,0.389,-0.597,0.879,0
VOYA,8867,0.381,3.799,0.694,0.319,0.377,0.229,0.484,0.031,0.709,-2.031,0.313,-0.062,-0.004,-0.152,0.103,-0.35,0.328,0
VRDN,7045,0.0,10.807,-0.271,0.044,-0.046,-0.21,0.177,-1.932,-1.472,-2.246,-0.271,0.044,-0.046,-0.21,0.177,-1.932,-1.472,2
VREX,4538,-0.746,8.089,-0.419,-0.573,-0.996,-1.018,-0.853,0.823,0.677,-5.67,0.327,0.173,-0.25,-0.272,-0.107,1.569,1.423,2
VRNS,8867,0.545,7.483,1.708,0.857,0.267,-0.154,2.137,0.15,-0.225,1.262,1.163,0.312,-0.278,-0.699,1.592,-0.395,-0.77,1
VRRM,8509,0.119,5.782,0.138,0.107,0.036,0.081,0.474,0.175,0.199,-4.237,0.019,-0.012,-0.082,-0.038,0.355,0.056,0.08,0
VRSK,8867,0.308,3.593,0.244,0.186,0.413,0.133,0.136,0.11,1.138,-4.441,-0.064,-0.122,0.104,-0.175,-0.173,-0.199,0.83,0
VRSN,8867,0.282,3.624,0.282,0.252,0.324,0.176,0.109,0.404,0.739,-0.958,-0.0,-0.03,0.042,-0.106,-0.173,0.122,0.457,0
VRT,8867,1.286,8.78,0.695,1.507,1.377,1.336,0.521,1.524,1.8,-6.42,-0.59,0.221,0.091,0.05,-0.765,0.239,0.514,2
VRTS,6117,-0.141,6.06,0.403,0.013,-0.5,-0.378,0.52,-1.006,-0.584,-1.459,0.544,0.154,-0.359,-0.237,0.661,-0.865,-0.443,1
VRTX,8867,0.422,3.822,0.847,0.361,0.353,0.34,0.661,0.354,0.762,-0.025,0.425,-0.061,-0.069,-0.082,0.239,-0.068,0.339,0
VSAT,8857,0.047,10.694,1.644,0.391,-0.011,-0.655,0.452,-0.951,-0.384,-7.518,1.597,0.344,-0.058,-0.702,0.405,-0.998,-0.431,1
VSCO,8454,-0.048,9.317,-1.499,-0.355,0.174,0.057,-1.142,0.16,0.214,-6.55,-1.451,-0.306,0.222,0.105,-1.094,0.208,0.262,2
VSEC,4729,1.255,8.045,0.735,1.961,1.426,1.526,1.498,0.264,1.958,1.487,-0.519,0.706,0.172,0.271,0.243,-0.99,0.703,0
VSH,8860,0.145,6.545,0.118,0.312,-0.109,0.0,0.549,0.192,-0.517,-2.107,-0.027,0.167,-0.254,-0.145,0.404,0.047,-0.662,0
VST,8867,0.741,6.354,2.434,0.821,0.222,0.778,1.945,0.329,1.671,-1.338,1.693,0.081,-0.519,0.037,1.204,-0.412,0.93,1
VSTS,4533,0.338,8.704,0.835,0.384,0.157,0.629,0.945,0.636,-1.551,-0.245,0.497,0.046,-0.181,0.292,0.608,0.298,-1.889,0
VTOL,3171,0.99,8.726,1.504,1.376,0.625,0.771,1.489,1.247,-1.677,-7.177,0.514,0.386,-0.364,-0.218,0.499,0.257,-2.667,1
