ticker,seg,base,std,r_ovs,r_mid,r_cross,r_green3,r_panic3,r_gapsoft,r_z11,wtop
A,🏦majority,0.014,4.18,-0.133,0.037,-0.028,0.063,-0.074,-0.179,0.389,-2.021
AA,⚡panic,0.234,8.006,0.527,0.078,0.038,-0.25,0.495,0.01,-0.562,-4.769
AAL,🏦majority,-0.104,6.642,0.104,-0.146,-0.075,0.419,0.025,0.741,0.709,-6.958
AAOI,⚡panic,0.297,17.846,1.453,-0.391,-0.07,-0.453,0.756,0.281,3.279,-1.481
AAON,🎲chase,0.403,7.242,0.015,0.088,0.221,0.193,0.016,-0.253,0.171,-4.574
AAP,🏦majority,0.076,7.207,-0.193,0.177,-0.116,0.022,-0.068,0.074,0.024,-0.731
AAPL,🏦majority,0.493,3.905,-0.099,0.008,-0.115,0.075,-0.103,-0.001,0.647,-2.585
AAT,🏦majority,0.0,5.324,0.161,0.129,-0.116,-0.047,-0.333,0.94,0.243,-2.242
AB,🏦majority,-0.07,4.17,0.321,0.1,-0.09,-0.181,0.553,0.157,-0.029,-1.083
ABBV,🏦majority,0.457,3.443,0.125,0.066,-0.016,-0.057,-0.006,-0.139,-0.271,-0.818
ABCB,🏦majority,0.192,4.741,-0.139,0.157,-0.117,0.171,0.208,-0.116,0.014,-2.605
ABCL,🎲chase,-1.113,9.708,-1.305,-0.11,0.284,0.413,-1.148,-0.583,1.733,-0.972
ABG,🏦majority,0.087,5.492,0.719,0.15,-0.12,-0.125,0.342,-0.006,-0.267,-1.279
ABM,🏦majority,0.524,4.455,-0.066,0.136,0.014,-0.042,0.082,-0.292,-0.569,-0.896
ABNB,🏦majority,0.407,5.93,0.141,0.07,0.002,-0.069,-0.227,0.246,-0.162,-3.197
ABR,🏦majority,0.0,5.235,0.293,0.161,-0.055,0.0,0.31,0.506,-0.052,-3.87
ABT,🏦majority,0.029,3.177,-0.059,-0.004,0.048,-0.104,-0.051,-0.325,-0.081,-0.904
ACA,🏦majority,0.276,5.384,0.633,0.095,-0.084,-0.21,0.49,-0.218,-0.101,-1.637
ACAD,🏦majority,-0.138,7.012,0.3,0.101,-0.04,-0.266,0.399,-0.126,0.729,-3.711
ACB,🎰lottery,-2.652,12.69,-0.354,0.357,0.062,0.876,0.492,-0.668,0.033,-8.926
ACDC,🏦majority,-1.192,12.109,1.003,-0.206,-1.076,0.629,-0.159,-2.203,-1.418,-3.903
ACGL,🏦majority,0.432,3.206,0.466,0.09,-0.043,-0.116,0.33,-0.036,0.05,0.195
ACHC,🎲chase,0.024,6.924,-0.141,0.168,0.113,0.002,-0.184,0.35,0.81,-1.621
ACHR,🏦majority,-0.781,11.731,0.388,0.2,0.319,-0.114,-0.041,-0.577,-0.709,-8.081
ACI,🏦majority,-0.058,4.734,-0.037,0.058,0.01,-0.139,0.008,0.058,-0.039,-0.328
ACIW,🏦majority,0.212,4.972,0.305,0.108,0.025,-0.071,-0.049,-0.598,-0.602,-2.73
ACLS,🏦majority,0.264,7.88,0.548,-0.058,0.132,-0.135,0.214,-0.483,-0.052,-1.177
ACM,🏦majority,0.272,3.622,0.203,0.081,-0.067,-0.052,0.213,0.085,0.03,-2.604
ACMR,🎲chase,0.942,11.701,-0.159,0.154,-0.07,0.059,-0.045,-0.044,-1.766,-1.454
ACN,🎲chase,0.153,4.437,-0.532,0.077,-0.108,0.073,-0.49,0.131,0.292,-2.382
ACT,🏦majority,0.517,4.554,0.413,0.104,-0.042,-0.078,0.318,-0.235,0.55,-0.705
ACVA,🏦majority,-0.168,8.478,0.168,0.023,0.168,-0.158,-0.114,0.324,-1.827,-0.511
ADBE,🏦majority,-0.06,5.312,0.085,-0.103,-0.118,-0.023,-0.074,0.396,-0.36,-1.561
ADC,🏦majority,0.056,2.51,0.174,0.067,-0.115,-0.081,0.067,0.144,-0.008,-0.765
ADEA,🎲chase,1.869,9.692,0.276,0.569,0.152,-0.326,-0.272,-0.96,-2.105,-2.704
ADI,🏦majority,0.277,4.313,0.417,0.203,0.011,-0.187,0.318,0.045,-0.173,-3.719
ADM,🏦majority,0.22,3.956,0.227,0.026,-0.052,-0.165,0.223,0.086,-0.237,-1.778
ADMA,⚡panic,0.682,9.098,0.413,-0.148,-0.093,0.084,0.954,-0.496,1.364,-1.462
ADNT,🏦majority,-0.119,6.778,0.449,0.119,0.02,-0.191,0.354,0.119,0.735,-3.63
ADP,🏦majority,0.219,3.073,-0.184,0.032,0.203,0.081,-0.03,0.21,-0.225,-0.091
ADPT,🎲chase,-0.063,10.607,-0.732,0.487,0.649,-0.227,0.371,0.702,-2.285,1.51
ADSK,🏦majority,0.123,5.034,0.111,-0.123,-0.16,-0.003,-0.132,0.063,-0.235,-0.271
ADT,🏦majority,0.114,4.787,0.22,0.245,-0.114,-0.23,0.172,0.213,0.35,-2.847
ADTN,🏦majority,-0.108,9.314,-0.188,0.108,-0.324,0.224,0.132,0.609,-0.648,-2.974
ADUS,🏦majority,0.389,5.822,0.349,0.021,-0.131,-0.178,0.401,0.305,-0.354,-1.39
AEE,🏦majority,0.269,2.679,0.241,0.082,-0.048,0.007,0.241,-0.171,0.03,0.317
AEG,🎲chase,0.738,3.881,-0.2,-0.006,0.214,-0.079,-0.282,0.153,0.649,-3.617
AEHR,🏦majority,0.388,15.647,0.78,-0.2,-0.388,0.525,0.477,0.285,3.444,-1.142
AEIS,🏦majority,0.536,6.204,0.413,0.286,0.082,-0.228,0.234,-0.34,-0.101,-5.463
AEM,🏦majority,0.415,5.391,-0.032,-0.145,0.027,0.033,0.05,0.041,-0.939,-2.165
AEO,🏦majority,-0.171,7.028,0.227,-0.005,-0.017,-0.084,0.254,-0.128,0.55,-1.203
AEP,🏦majority,0.335,2.815,-0.023,-0.044,-0.139,0.026,-0.134,0.027,0.33,-0.646
AER,🏦majority,0.637,4.384,-0.084,0.038,0.029,-0.017,0.19,0.23,0.258,-0.862
AES,🏦majority,0.0,5.245,-0.186,-0.075,-0.137,-0.047,-0.075,-0.102,0.272,-1.496
AESI,🎲chase,0.294,7.496,-0.503,0.214,-0.063,0.161,-0.558,0.521,0.907,-1.218
AEVA,🎰lottery,-1.539,17.091,-1.952,0.127,-0.656,0.997,-3.53,1.143,-2.194,-11.523
AFG,🏦majority,0.339,3.077,0.452,0.13,-0.018,-0.061,0.334,-0.198,-0.03,0.145
AFL,🏦majority,0.499,2.891,0.197,0.045,-0.035,-0.003,0.146,0.032,0.831,-0.683
AFRM,🎲chase,0.058,13.233,-0.429,0.219,-0.089,0.549,-0.477,-0.755,-0.005,-3.289
AG,🏦majority,-0.4,8.932,0.502,-0.405,-0.484,0.002,0.027,-0.296,-0.217,-3.193
AGCO,🏦majority,0.059,4.886,0.22,0.05,0.167,0.162,0.285,-0.177,-0.773,-1.398
AGI,🏦majority,0.548,5.799,0.168,0.076,-0.29,-0.287,0.268,-0.521,0.251,-2.45
AGIO,⚡panic,-0.223,8.596,0.566,-0.028,-0.013,0.082,0.276,-1.012,0.665,-1.474
AGL,🎰lottery,-0.669,14.471,-0.791,-0.847,0.377,0.299,-0.713,0.561,1.291,-10.838
AGM,🎲chase,1.122,7.005,-0.474,0.014,0.047,0.599,-0.862,0.161,-0.492,-2.987
AGNC,🏦majority,0.066,3.832,0.011,0.039,-0.066,-0.066,-0.066,0.141,0.343,-0.185
AGO,🏦majority,0.468,3.698,0.06,-0.115,-0.196,-0.006,0.206,-0.189,0.126,-2.065
AGRO,🎲chase,-0.172,7.923,-0.629,0.172,0.357,-0.004,-0.484,0.172,-0.685,0.78
AGX,⚡panic,2.156,8.871,1.114,0.557,0.271,-0.207,0.754,0.214,0.148,-0.072
AGYS,🏦majority,-0.036,8.027,0.121,0.388,0.023,-0.072,0.076,0.025,0.018,0.639
AHCO,🎲chase,-0.291,8.535,-0.058,0.189,0.199,0.065,-0.072,0.291,-1.322,-0.322
AHR,🏦majority,1.191,3.906,1.203,-0.048,-0.206,0.047,0.705,0.037,-0.55,0.442
AI,⚡panic,-1.266,10.591,0.492,-0.006,-0.066,-0.199,0.481,-0.538,0.125,-7.341
AIG,🏦majority,0.456,3.506,0.303,0.138,-0.096,-0.015,0.144,0.055,0.555,-0.049
AIN,🏦majority,0.209,5.432,0.846,0.023,0.015,-0.044,0.661,0.506,0.036,-1.021
AIR,🏦majority,0.948,5.554,0.045,0.024,-0.019,0.077,-0.012,-0.258,-0.028,0.513
AIT,🏦majority,0.606,4.181,0.619,0.036,-0.242,-0.129,0.547,0.141,-0.184,-3.021
AIV,🏦majority,0.112,5.615,0.159,0.06,-0.237,-0.001,0.337,-0.389,-0.242,-1.074
AIZ,🏦majority,0.373,3.335,0.241,0.093,-0.043,-0.181,0.321,0.083,0.097,-0.828
AJG,🏦majority,0.52,3.334,-0.152,-0.017,0.035,0.101,-0.1,0.098,0.148,-0.932
AKAM,🎲chase,0.167,5.432,-0.276,-0.1,0.051,-0.028,-0.267,-0.184,0.338,-1.098
AKR,🏦majority,0.135,4.029,0.587,0.188,-0.045,-0.086,0.323,-0.232,0.01,-0.489
ALAB,⚡panic,1.02,12.798,0.168,-0.082,-0.588,-0.26,0.721,-0.291,-0.373,-3.102
ALB,🎲chase,-0.046,7.554,0.078,-0.379,0.134,0.029,-0.068,-0.246,-0.77,1.091
ALC,🎲chase,0.162,3.848,-0.2,-0.025,0.188,0.144,-0.177,0.135,0.099,-0.779
ALG,🎲chase,0.156,6.21,-0.15,0.216,0.127,0.643,0.191,0.091,-0.323,-4.743
ALGM,🎲chase,0.097,7.895,-0.334,-0.159,0.102,0.062,-0.236,0.305,0.847,-0.897
ALGN,🏦majority,-0.231,6.931,0.215,-0.21,0.085,0.149,0.029,0.539,0.066,-1.782
ALGT,🎲chase,-0.256,7.751,-0.877,0.146,-0.076,0.0,-0.367,-0.155,-0.385,-1.601
ALHC,🏦majority,-0.336,11.381,-0.063,-0.302,-0.047,0.048,0.087,-0.094,1.377,-5.277
ALIT,🏦majority,-0.415,8.416,0.012,0.141,-0.062,0.016,-0.053,-0.278,-0.331,-2.94
ALK,🎲chase,0.194,6.044,-0.472,-0.021,0.237,-0.087,-0.203,-0.173,0.786,-5.054
ALKS,🏦majority,0.161,5.134,-0.085,0.047,-0.228,-0.015,0.287,0.083,-0.261,-0.959
ALKT,🎲chase,0.04,8.51,-0.261,0.199,0.329,0.165,-0.319,-0.077,-0.644,-1.749
ALL,🏦majority,0.178,3.482,0.111,0.001,-0.097,0.02,-0.032,0.015,-0.134,0.369
ALLE,🏦majority,0.058,3.71,0.313,0.11,-0.029,-0.151,0.338,-0.029,-0.076,-3.405
ALLO,🏦majority,-1.609,10.906,0.616,-0.093,0.037,-0.313,0.195,-0.239,-0.907,-2.573
ALLY,🏦majority,0.187,5.334,0.515,0.35,0.124,-0.163,0.495,-0.628,-0.351,0.615
ALNY,🏦majority,-0.015,7.396,0.516,-0.008,-0.07,0.015,0.562,0.051,0.75,-1.891
ALRM,🏦majority,-0.233,4.684,0.34,-0.073,0.104,0.146,-0.061,-0.149,-0.299,-3.718
ALSN,🏦majority,0.492,4.001,0.188,0.049,-0.017,0.052,0.107,-0.031,-0.162,-0.278
ALT,🎲chase,-0.531,14.612,0.715,-0.048,0.104,0.093,-1.001,-0.418,1.467,-3.595
ALV,🏦majority,0.409,4.337,0.387,-0.038,0.127,-0.065,0.084,-0.105,-0.066,-1.275
AM,🏦majority,0.418,3.717,0.426,0.105,0.06,-0.123,0.377,-0.136,-0.508,-3.353
AMAT,🏦majority,0.701,6.143,-0.198,0.305,0.063,-0.039,0.049,-0.017,-0.951,0.621
AMBA,🎲chase,0.375,8.995,-0.52,0.179,0.403,-0.075,-0.161,0.267,-0.412,-3.905
AMC,🎰lottery,-1.91,16.333,-0.318,0.165,0.178,0.183,-0.799,0.269,0.895,-2.817
AMCR,🏦majority,0.107,3.275,0.235,0.205,0.099,-0.107,0.289,0.027,-0.658,-1.216
AMCX,🎲chase,-1.248,10.938,-0.89,0.517,0.116,0.281,-0.688,-0.772,-0.427,1.025
AMD,🏦majority,0.479,7.855,-0.152,0.063,-0.137,0.059,-0.01,-0.307,-1.284,-2.428
AME,🏦majority,0.295,2.916,-0.01,0.158,-0.004,-0.053,0.117,-0.173,-0.377,-0.219
AMG,🏦majority,0.441,4.566,0.061,0.038,0.208,-0.071,-0.163,0.002,-0.208,-1.039
AMGN,🏦majority,0.121,3.357,0.349,-0.041,-0.118,-0.101,0.217,0.161,0.119,0.102
AMH,🏦majority,0.061,3.079,0.337,0.03,-0.172,-0.117,0.161,0.091,-0.031,0.154
AMKR,🎲chase,0.393,7.927,-0.017,0.082,0.329,-0.0,-0.06,-0.299,-0.27,-5.496
AMLX,🎲chase,0.238,12.478,0.095,0.079,0.278,0.166,0.001,-0.03,-1.027,-0.78
AMN,🏦majority,-0.035,7.372,0.219,0.035,0.035,-0.104,0.258,-0.163,0.035,-0.93
AMP,🏦majority,0.541,3.842,0.066,0.076,0.044,-0.109,0.138,0.052,-0.042,-1.814
AMPH,🎲chase,0.456,7.394,-0.032,0.172,0.207,-0.055,0.215,-0.815,0.272,-3.282
AMPL,🏦majority,-0.759,10.869,1.455,-0.326,-0.082,-0.163,1.122,1.303,1.532,-8.659
AMR,🏦majority,0.339,8.94,-0.245,-0.066,-0.225,0.136,0.049,0.484,-0.568,-1.725
AMRC,🏦majority,-0.309,11.112,-0.037,-0.119,0.075,0.194,-0.235,0.295,-0.5,-6.534
AMRX,🏦majority,1.213,5.811,0.261,0.043,0.161,0.336,0.185,0.612,0.46,-0.163
AMSC,🎲chase,0.881,14.114,-0.982,-0.133,0.38,0.487,-0.657,-0.196,-2.573,0.84
AMT,🏦majority,-0.2,3.895,-0.119,0.189,0.0,-0.012,0.037,-0.206,-0.698,-1.604
AMTM,⚡panic,-0.172,7.051,0.445,0.172,0.217,-0.614,0.435,-0.044,0.297,-1.866
AMWD,🎲chase,-0.443,7.972,-0.329,-0.024,0.648,-0.134,-0.029,0.885,0.19,-5.413
AMZN,🏦majority,0.301,5.058,-0.043,0.084,-0.068,-0.039,0.133,-0.001,-0.007,-0.412
AN,🏦majority,0.361,4.728,0.29,0.254,0.003,-0.168,0.369,-0.274,-0.035,-0.778
ANAB,⚡panic,0.979,12.555,0.518,0.309,-0.495,-0.637,0.855,0.096,-0.31,-8.282
ANDE,🏦majority,0.836,6.692,0.694,-0.008,-0.046,-0.071,0.478,-0.266,-0.327,-0.143
ANET,🏦majority,0.887,6.566,0.564,-0.103,-0.094,0.074,0.264,-0.086,-0.463,-0.426
ANF,🏦majority,0.717,8.422,-0.2,-0.27,-0.244,-0.129,-0.009,-0.016,0.778,1.678
ANGI,⚡panic,-1.923,13.37,0.673,0.297,0.764,-0.066,1.157,-0.852,0.925,-5.281
ANGO,⚡panic,-0.134,12.229,1.076,0.248,-0.116,-0.231,1.328,1.445,1.409,-9.191
ANIP,🏦majority,0.533,8.78,0.71,0.097,0.058,0.104,0.316,-0.104,-0.82,1.013
AON,🏦majority,0.419,3.204,-0.172,0.116,-0.01,-0.002,-0.085,-0.028,0.415,-0.039
AORT,🎲chase,0.979,10.264,-0.249,0.057,0.419,-0.223,-0.074,-0.143,0.208,-3.057
AOS,🏦majority,0.017,3.737,0.01,-0.071,-0.003,-0.017,0.067,0.1,0.134,-4.257
AOSL,🏦majority,0.505,12.247,0.364,-0.116,-0.164,0.074,-0.54,-0.587,-0.837,-9.036
APA,🏦majority,0.59,6.782,-0.045,0.17,0.104,-0.28,0.172,-0.149,-0.701,-0.819
APAM,🏦majority,-0.07,4.603,0.301,0.07,-0.159,-0.075,0.481,-0.014,-0.346,-1.69
APD,🏦majority,0.078,3.718,0.066,-0.124,-0.11,-0.094,0.022,-0.058,-0.786,-1.784
APG,🏦majority,0.542,4.459,0.205,0.158,0.086,-0.07,0.172,-0.376,-0.157,0.584
APGE,🏦majority,0.617,11.74,-0.257,0.412,-0.105,0.017,0.837,0.723,0.051,0.87
APH,🏦majority,0.694,4.179,-0.012,0.1,-0.084,-0.077,0.055,0.059,-0.278,-1.786
APLD,⚡panic,0.902,15.536,1.79,-0.537,0.439,0.8,1.182,-0.515,4.6,-6.364
APLE,🏦majority,0.0,3.622,0.205,0.064,-0.121,-0.134,0.349,-0.199,0.363,-0.939
APO,🏦majority,0.424,5.148,0.312,0.185,-0.105,-0.16,0.208,-0.392,0.088,0.378
APOG,🏦majority,0.262,7.459,0.259,0.113,0.107,0.111,0.402,-0.632,0.4,-7.933
APP,🎲chase,0.764,10.969,-0.907,-0.023,0.257,0.021,-1.163,0.035,0.296,0.456
APPF,🎲chase,0.214,6.208,-1.047,0.15,0.153,0.0,-0.865,0.039,0.249,-1.549
APPN,⚡panic,-0.701,8.515,0.142,-0.06,-0.408,-0.39,0.452,-0.662,-0.314,-3.932
APPS,🎰lottery,-1.094,12.715,-0.444,-0.23,-0.406,0.852,-0.854,-0.212,-0.697,-7.858
APTV,🏦majority,-0.198,5.779,-0.032,-0.098,0.096,-0.206,-0.203,-0.034,0.661,-2.018
AQN,🏦majority,0.0,4.385,-0.286,0.129,0.0,0.0,-0.187,0.0,0.291,-0.701
AR,🏦majority,0.645,6.824,0.312,-0.307,-0.113,-0.043,-0.267,-0.094,-1.437,-6.447
ARCB,🏦majority,0.125,7.158,0.617,0.065,-0.279,-0.035,0.415,-0.039,0.478,-1.024
ARCC,🏦majority,0.303,2.668,0.02,0.138,-0.024,-0.065,0.18,0.258,-0.076,-0.402
ARCO,🏦majority,-0.091,5.795,0.345,0.173,0.707,-0.309,0.716,0.029,0.444,-0.269
ARCT,⚡panic,-1.036,15.266,-0.149,0.288,0.519,-0.093,0.875,-0.115,-1.646,-2.523
ARDX,🎲chase,-0.726,9.871,0.056,0.051,0.311,-0.11,-0.396,-0.499,-0.62,-0.778
ARE,🎲chase,-0.127,4.814,-0.475,0.153,-0.054,-0.006,-0.391,-0.16,-0.267,-0.992
ARES,🏦majority,0.599,5.28,-0.017,0.068,-0.173,-0.007,-0.175,0.077,0.255,-5.172
ARHS,🎰lottery,-0.348,11.03,-0.711,-0.472,0.348,0.508,-0.896,1.098,1.609,-8.227
ARI,🏦majority,-0.101,5.334,0.265,0.304,-0.097,-0.013,0.254,-0.179,-0.245,-0.801
ARIS,🎲chase,-0.063,12.217,0.125,0.021,0.243,0.119,-0.063,-0.129,0.816,-2.033
ARLO,🏦majority,0.304,9.466,0.057,0.059,-0.015,0.249,0.457,-0.592,-0.489,-1.267
ARLP,🏦majority,0.823,5.657,-0.066,-0.001,0.057,-0.002,0.287,-0.06,-0.518,-1.615
ARMK,🏦majority,0.316,4.414,0.203,0.11,0.08,-0.128,0.257,-0.316,0.617,-0.244
AROC,🏦majority,0.557,5.533,0.653,-0.157,-0.207,-0.221,0.576,0.222,-0.093,0.545
ARQQ,🎰lottery,-3.128,27.019,0.628,-2.946,-1.148,1.539,0.73,1.545,0.326,-29.957
ARQT,⚡panic,0.035,10.858,0.623,0.446,-0.115,-0.406,0.281,-0.542,0.078,-12.769
ARR,🏦majority,-0.114,4.463,0.162,0.014,0.011,0.011,0.156,0.215,0.014,0.578
ARRY,⚡panic,-1.264,11.68,0.769,0.262,0.193,-0.272,0.639,0.225,-0.419,-3.113
ARVN,⚡panic,-0.724,10.618,1.039,-0.245,0.116,-0.043,0.894,-0.547,-0.772,-5.868
ARW,🎲chase,0.424,4.275,-0.424,-0.097,0.042,0.244,-0.391,0.074,-0.073,-0.838
ARWR,🏦majority,-0.249,9.172,0.179,0.268,-0.199,0.161,0.656,0.223,0.32,-1.22
AS,🏦majority,0.273,6.825,0.831,-0.0,-0.124,-0.425,0.461,0.022,0.52,2.649
ASAN,⚡panic,-0.773,11.272,0.914,-0.16,-0.105,-0.173,0.25,-1.19,0.566,-1.046
ASB,🏦majority,0.125,4.3,0.336,0.039,-0.125,-0.164,0.277,-0.196,-0.259,1.252
ASC,🏦majority,0.722,7.287,-0.23,-0.019,0.155,-0.132,0.078,0.959,0.18,-1.978
ASH,🏦majority,-0.005,4.218,0.184,0.028,-0.142,0.016,0.104,-0.216,0.005,-0.302
ASIX,🏦majority,0.294,9.23,-0.089,0.204,-0.351,0.555,0.316,-0.243,0.215,-4.213
ASND,🏦majority,-0.07,6.973,0.874,0.033,-0.381,-0.081,0.805,0.813,-0.1,-0.785
ASO,🎲chase,-0.171,6.196,-0.056,0.171,0.364,0.035,0.14,-0.003,0.387,0.372
ASPN,🏦majority,-1.288,12.778,0.362,-0.112,-0.124,-0.138,0.277,-0.26,-1.615,-1.659
ASTE,🏦majority,0.634,10.521,0.183,-0.377,-0.234,0.542,0.072,-0.401,0.037,-2.294
ASTH,🎲chase,0.473,10.673,-1.037,0.32,-0.128,0.139,-1.024,-0.213,0.583,-2.719
ASTL,🎲chase,-0.916,8.667,0.284,-0.231,0.307,0.266,-0.316,-0.614,-0.412,-0.363
ASTS,🎰lottery,-0.688,15.412,0.068,-0.593,0.529,0.765,-0.337,-0.729,0.326,-5.781
ATEC,🎲chase,0.25,9.584,-0.434,0.176,0.344,-0.082,-0.154,-0.25,0.744,-5.647
ATEN,🎲chase,0.657,6.143,-0.122,0.071,0.187,-0.205,-0.035,0.091,-0.885,-5.415
ATEX,🏦majority,-0.005,10.739,-0.424,0.072,-0.522,0.315,-0.158,0.306,-1.13,-0.697
ATI,🏦majority,0.842,6.09,0.143,0.101,0.038,0.036,0.137,-0.209,-0.46,-2.846
ATKR,🏦majority,0.05,6.66,-0.181,-0.017,-0.043,-0.014,-0.168,-0.423,-0.175,-0.043
ATMU,🏦majority,0.482,4.824,0.288,0.051,-0.306,-0.038,0.052,-0.059,-0.347,-1.964
ATO,🏦majority,0.302,2.574,0.315,0.105,-0.113,-0.008,0.201,-0.054,0.154,-0.824
ATR,🏦majority,0.179,3.192,-0.074,0.099,-0.001,-0.056,0.228,-0.137,-0.294,-1.255
ATRC,⚡panic,-0.031,6.911,0.551,0.468,0.003,-0.108,1.208,0.461,0.054,0.0
ATRO,⚡panic,2.14,10.901,1.777,0.299,0.14,-0.098,1.448,-0.796,-1.323,2.497
AU,🎲chase,0.734,7.402,-0.824,-0.18,0.167,0.228,-0.432,-0.192,-0.564,0.59
AUB,🏦majority,0.153,4.908,0.22,-0.071,-0.127,-0.1,-0.003,0.012,-0.068,-3.051
AUPH,⚡panic,0.09,9.959,1.295,0.255,-0.09,-0.09,0.987,0.108,0.684,-3.506
AUR,⚡panic,-0.561,11.699,0.273,0.386,0.422,-1.193,0.233,-0.492,-0.689,-6.825
AVA,🏦majority,0.023,3.064,0.462,0.075,-0.095,-0.048,0.283,0.022,-0.061,-1.92
AVAV,🎲chase,0.309,9.004,-0.257,0.156,0.264,-0.41,0.028,-0.14,-0.056,-9.456
AVB,🏦majority,0.088,2.931,0.312,0.007,-0.017,-0.088,0.257,-0.185,-0.212,-0.599
AVGO,🏦majority,0.611,6.124,0.135,0.158,0.113,-0.132,0.042,0.062,0.301,-1.732
AVNS,🏦majority,-0.161,8.997,0.222,-0.119,-0.094,-0.418,0.242,-0.111,0.086,0.208
AVNT,🏦majority,0.0,5.332,-0.158,0.0,0.061,0.057,0.0,0.099,-0.087,-0.375
AVPT,🏦majority,0.254,7.051,0.785,-0.36,-0.153,0.139,0.147,-0.131,-0.254,-4.063
AVT,🏦majority,0.23,4.112,0.113,0.068,-0.015,-0.037,0.023,-0.093,0.13,-1.593
AVTR,🏦majority,0.157,5.709,0.456,0.209,0.03,0.03,0.477,0.262,0.272,-1.545
AVXL,🏦majority,-1.251,11.506,-0.282,-0.188,0.127,-0.551,-0.681,0.149,-1.992,-9.335
AVY,🏦majority,0.014,3.263,0.097,0.09,0.009,0.002,0.135,-0.067,-0.027,-1.286
AWI,🏦majority,0.159,3.952,0.061,0.045,-0.191,0.026,0.119,-0.087,-0.003,-2.355
AWK,🏦majority,0.061,3.233,0.016,0.104,-0.055,-0.079,0.036,-0.266,0.192,-0.007
AWR,🏦majority,0.0,3.374,0.298,0.14,-0.101,-0.183,0.322,0.117,0.172,0.636
AX,🎲chase,0.215,6.117,-0.267,0.025,-0.026,-0.087,-0.158,-0.192,0.536,-1.706
AXGN,⚡panic,1.793,13.399,0.793,0.712,0.201,-0.573,1.647,-0.28,-1.223,-8.445
AXON,🎲chase,0.506,7.442,-0.659,0.042,-0.117,0.056,-0.142,0.483,0.194,-2.291
AXP,🏦majority,0.398,4.145,-0.099,0.037,-0.052,0.017,0.155,0.135,0.166,-3.093
AXS,🏦majority,0.474,3.281,0.385,0.04,-0.062,-0.162,0.327,-0.066,0.111,-0.643
AXSM,🎲chase,0.748,10.056,-0.543,0.314,-0.108,-0.252,0.291,0.363,0.332,-7.134
AXTA,🏦majority,0.285,4.286,-0.224,0.013,0.127,0.057,-0.162,0.539,0.412,-1.583
AYI,🏦majority,0.33,4.58,0.312,0.077,-0.121,-0.0,0.18,-0.448,-0.152,-0.656
AZN,🏦majority,0.337,5.153,0.082,-0.102,-0.004,0.06,-0.133,-0.116,0.534,-2.178
AZO,🏦majority,0.327,3.549,0.176,-0.046,-0.147,0.02,-0.025,-0.553,-0.171,-0.972
AZTA,🏦majority,-0.33,7.394,0.272,0.065,-0.043,0.053,0.231,0.229,-0.256,-1.418
AZZ,🏦majority,0.623,5.885,0.59,0.072,-0.176,-0.097,0.086,-0.543,0.142,-1.399
B,🏦majority,0.409,8.01,-0.035,-0.066,-0.109,0.227,0.025,0.357,-0.154,0.236
BA,🎲chase,0.15,5.276,-0.447,-0.15,0.109,-0.11,-0.252,0.295,-0.078,-0.673
BAC,🎲chase,0.446,4.033,-0.388,-0.066,0.059,-0.031,-0.233,-0.168,0.475,0.251
BAH,🏦majority,0.235,4.449,0.175,0.028,-0.056,-0.088,0.167,-0.052,0.158,-1.186
BALL,🏦majority,0.327,4.262,-0.091,-0.01,0.079,-0.04,0.002,0.13,0.539,0.197
BAM,🏦majority,0.307,4.753,-0.074,-0.017,0.073,0.165,-0.086,-0.058,0.497,-2.123
BANC,🏦majority,0.177,5.572,0.624,0.134,-0.177,0.021,0.399,0.247,0.279,-4.338
BAND,🎰lottery,-1.516,15.491,-1.088,-0.427,0.545,0.238,-0.933,1.217,-1.786,-7.678
BANF,⚡panic,0.298,5.779,0.405,0.121,-0.165,-0.155,0.596,-1.369,0.016,-2.378
BANR,🏦majority,0.196,5.285,0.492,-0.022,-0.444,0.011,-0.26,-0.235,0.098,-0.874
BAP,🏦majority,0.549,4.51,0.197,-0.047,-0.002,-0.06,0.143,0.189,0.165,-1.133
BATRK,🏦majority,0.175,4.365,0.409,0.076,0.073,-0.025,0.367,-0.799,0.218,-0.508
BAX,🏦majority,-0.054,4.805,-0.123,0.054,0.14,-0.043,0.054,0.108,0.482,-2.437
BB,⚡panic,-1.082,9.226,0.633,0.309,0.156,-0.142,0.217,-0.782,-1.156,0.862
BBBY,🎰lottery,-3.084,16.704,-1.508,0.054,0.187,0.59,-1.337,-0.357,3.336,-4.027
BBDC,🏦majority,0.0,4.322,0.233,0.233,0.0,-0.111,0.26,-0.481,-0.396,-2.638
BBIO,🏦majority,0.166,10.89,0.402,-0.038,-0.07,0.134,0.308,0.155,-0.906,-2.855
BBSI,🏦majority,1.259,7.112,-0.029,0.04,-0.484,0.401,0.174,1.358,-0.178,-10.699
BBW,🏦majority,0.132,9.584,0.399,0.312,0.375,-0.033,0.257,0.237,-0.445,-3.831
BBWI,🏦majority,-0.352,7.012,-0.022,-0.179,-0.346,0.007,-0.119,0.169,0.614,-2.327
BBY,🏦majority,-0.17,5.218,0.463,-0.132,-0.162,-0.037,0.334,-0.048,-0.275,-2.085
BC,🏦majority,-0.07,5.058,0.488,0.143,-0.179,-0.207,0.121,-0.145,0.843,-0.832
BCC,🏦majority,0.0,5.613,0.545,-0.094,-0.354,0.21,0.776,0.038,0.173,-0.837
BCE,🏦majority,-0.085,2.844,-0.213,0.004,0.136,0.029,-0.081,0.205,0.654,-1.239
BCO,🏦majority,0.445,4.577,0.126,-0.008,0.004,-0.105,0.11,0.137,0.18,-3.467
BCPC,🏦majority,0.065,4.108,-0.061,0.003,-0.183,0.088,0.181,-0.02,0.371,-0.038
BCRX,⚡panic,-0.134,7.787,0.732,0.482,-0.28,-0.115,0.923,-0.342,-0.159,0.359
BCSF,🏦majority,0.144,5.039,-0.212,0.25,-0.144,-0.332,-0.218,0.43,-0.648,-1.053
BDC,🏦majority,0.632,5.412,-0.114,-0.028,0.076,0.087,0.109,-0.065,0.296,-4.758
BDN,🏦majority,-0.375,4.987,0.053,0.304,0.053,-0.036,0.567,-0.961,-0.076,-1.447
BDX,🏦majority,0.055,3.298,0.113,0.113,-0.026,-0.037,0.106,0.097,0.283,-0.382
BE,🏦majority,0.391,12.715,0.311,-0.133,-0.035,-0.157,0.254,1.429,0.274,-1.965
BEAM,⚡panic,-0.873,9.9,0.378,0.469,-0.467,-0.191,0.738,-0.7,-0.761,-5.783
BELFB,⚡panic,3.217,11.024,1.033,0.297,0.248,-0.432,0.868,-2.023,-0.201,-2.872
BEN,🏦majority,0.039,4.358,0.113,0.037,-0.239,-0.161,0.046,0.019,0.216,-2.756
BEP,🏦majority,-0.032,4.779,0.032,-0.1,-0.007,-0.112,-0.12,0.082,-0.406,-2.825
BEPC,🏦majority,-0.127,4.842,0.2,-0.149,-0.018,0.053,0.203,0.257,-0.619,-1.499
BFAM,🏦majority,-0.104,5.298,-0.206,-0.144,-0.202,0.104,-0.027,0.438,-0.023,-1.589
BFH,🎲chase,0.486,6.7,-0.058,-0.232,0.068,0.076,-0.231,0.104,-0.257,-3.357
BG,🏦majority,0.191,4.188,0.172,-0.012,-0.024,-0.07,-0.055,0.194,-0.185,0.166
BGC,🎲chase,0.266,4.994,-0.04,-0.054,0.254,0.305,-0.266,-0.123,-0.839,-1.487
BGS,🏦majority,-0.718,7.003,0.006,0.055,0.016,-0.13,0.012,-0.486,-0.101,-0.977
BHC,🏦majority,-0.374,9.347,0.25,-0.091,-0.109,-0.051,0.199,-0.27,1.497,-3.502
BHE,🏦majority,0.872,7.083,0.899,0.082,-0.392,-0.053,0.343,-0.517,-0.233,-0.205
BHF,🏦majority,0.126,5.618,0.081,0.129,-0.126,-0.126,0.001,-0.039,-0.273,-1.678
BHVN,⚡panic,0.245,11.224,0.537,0.218,-0.027,-0.189,0.556,-0.376,0.231,0.494
BIIB,🏦majority,-0.141,4.468,-0.027,0.106,0.048,-0.191,0.137,-0.237,0.406,-2.177
BILL,🏦majority,0.0,9.638,-0.02,0.201,-0.19,-0.127,-0.121,-0.148,0.498,-3.939
BIO,🏦majority,-0.057,5.227,0.396,0.029,0.016,-0.108,0.134,0.257,-0.298,-3.996
BIP,🏦majority,0.309,4.102,-0.278,0.156,0.127,-0.128,-0.223,0.343,-0.097,-0.433
BIPC,🏦majority,0.347,4.36,-0.2,0.022,0.25,-0.093,0.019,0.057,-0.145,-1.052
BIRK,🏦majority,0.13,6.302,0.352,-0.318,-0.105,-0.398,0.433,-0.693,0.438,-0.436
BJ,🏦majority,0.391,4.003,0.244,0.232,0.195,-0.091,0.383,-0.005,0.405,-0.336
BJRI,🏦majority,0.096,7.041,-0.24,0.267,0.191,-0.26,0.293,-0.974,0.06,-1.05
BKD,🏦majority,0.381,6.215,0.339,-0.194,0.077,0.174,0.019,0.125,-0.571,-1.287
BKE,🏦majority,0.118,5.062,-0.054,0.208,-0.025,0.02,0.17,0.275,0.645,-3.386
BKH,🏦majority,0.145,3.124,0.437,0.101,0.021,-0.112,0.3,-0.062,-0.545,-1.553
BKKT,🎰lottery,-5.579,23.855,1.092,-2.01,0.857,-0.993,0.522,0.887,3.56,-13.087
BKNG,🏦majority,0.55,4.617,0.046,0.096,-0.141,-0.051,0.07,-0.339,-0.259,-2.51
BKR,🏦majority,0.582,5.081,0.383,0.132,0.053,-0.011,0.333,-0.142,-0.279,-1.574
BKSY,🎰lottery,-0.12,19.104,-2.035,-0.087,0.096,-0.159,-2.221,0.922,-3.867,-5.246
BKU,🏦majority,0.206,5.569,0.076,0.163,-0.094,-0.231,0.478,-0.015,-0.31,-3.052
BL,🏦majority,-0.276,6.193,0.577,-0.019,-0.149,0.186,0.458,0.085,-0.035,-8.723
BLBD,⚡panic,0.735,10.646,0.971,0.105,-0.146,-0.344,0.414,-0.066,0.093,-3.018
BLCO,⚡panic,-0.312,7.041,0.696,0.664,0.092,-0.365,0.993,0.032,0.376,-5.749
BLD,🎲chase,0.479,5.874,-0.554,-0.026,0.126,-0.079,-0.328,0.566,0.01,1.674
BLDP,⚡panic,-1.507,8.796,1.052,0.38,-0.437,-0.14,0.927,-0.562,-4.719,1.344
BLDR,🎲chase,0.343,6.335,-0.38,-0.263,0.165,0.163,-0.112,-0.036,-0.744,-0.262
BLFS,⚡panic,-0.206,10.822,0.817,0.554,-0.069,-0.246,1.269,-0.125,-0.877,-2.326
BLK,🏦majority,0.254,3.857,-0.359,0.028,0.125,-0.15,-0.093,0.008,-0.007,-0.216
BLKB,🏦majority,-0.272,5.886,0.185,0.161,0.067,-0.043,0.17,0.187,-0.21,-1.27
BLMN,⚡panic,-0.578,7.493,0.727,0.093,-0.216,-0.123,0.578,-0.108,-0.208,-2.595
BMBL,⚡panic,-1.026,8.985,0.789,0.225,-0.047,-0.26,1.089,-0.238,-1.749,-1.013
BMI,🏦majority,0.264,5.235,0.402,0.311,-0.234,-0.14,0.381,-0.078,-0.429,-2.464
BMO,🏦majority,0.468,3.11,-0.27,-0.069,-0.127,0.029,-0.238,0.08,0.004,-1.968
BMRN,🏦majority,-0.087,4.325,0.387,0.051,0.168,-0.079,0.215,0.065,0.389,-3.137
BMY,🏦majority,0.048,3.381,0.05,0.004,0.067,-0.171,0.054,-0.048,-0.133,-2.348
BN,🎲chase,0.527,4.221,-0.476,0.065,0.049,0.139,-0.271,0.168,0.681,-1.485
BNL,🏦majority,0.065,3.288,0.313,-0.065,-0.179,0.057,0.183,-0.009,-0.188,-1.031
BNS,🏦majority,0.297,2.797,-0.29,-0.058,0.053,-0.022,-0.317,0.108,-0.047,-1.923
BOH,🏦majority,-0.064,5.054,0.28,0.185,-0.083,-0.477,0.104,-0.101,0.14,-2.708
BOKF,🏦majority,0.284,4.349,-0.127,0.011,-0.211,0.036,-0.287,-0.36,0.035,-3.804
BOOT,🏦majority,0.341,6.733,0.095,0.076,-0.006,-0.314,0.098,-0.245,0.138,-0.38
BORR,⚡panic,-0.344,7.888,0.523,0.021,-0.478,-0.435,0.503,0.204,-0.372,-3.832
BOX,🏦majority,0.039,4.768,0.0,-0.039,0.037,-0.039,-0.039,-0.276,0.47,-0.549
BPOP,🏦majority,0.481,4.124,0.166,0.167,0.039,-0.128,-0.07,-0.132,0.028,-1.77
BR,🏦majority,0.105,3.275,-0.026,-0.075,0.058,-0.015,-0.232,0.031,-0.069,-1.471
BRBR,🏦majority,0.428,6.638,-0.083,0.182,-0.009,-0.121,0.123,-0.355,0.709,-1.383
BRC,🏦majority,0.253,4.119,0.547,0.138,-0.204,-0.319,0.367,-0.078,0.319,-0.58
BRKR,🏦majority,0.196,5.884,-0.281,0.167,0.106,-0.059,0.109,0.033,-0.117,-2.404
BRO,🏦majority,0.479,3.454,-0.044,0.074,-0.016,-0.156,0.051,-0.251,0.154,-1.052
BROS,🏦majority,-0.116,9.293,0.371,-0.093,-0.205,-0.023,0.172,0.331,-0.354,-2.779
BRSP,🏦majority,-0.974,7.193,0.054,0.119,-0.427,0.274,-0.096,0.441,-0.91,-5.463
BRX,🏦majority,0.232,3.314,0.03,0.128,0.045,-0.086,0.221,-0.083,-0.388,-0.931
BRZE,🏦majority,0.0,9.149,0.024,-0.198,-0.405,0.065,-0.543,0.581,-0.333,-1.911
BSM,🏦majority,0.431,4.664,0.49,0.174,-0.235,-0.021,0.58,-0.094,0.639,-1.799
BSX,🏦majority,0.283,3.585,0.048,0.147,-0.05,-0.019,0.05,0.095,0.22,-1.628
BSY,🏦majority,-0.062,5.053,-0.124,0.062,-0.103,0.001,-0.14,-0.135,-0.291,-2.115
BTDR,⚡panic,0.102,17.229,0.87,-0.499,-0.102,-0.411,-0.163,-0.057,0.485,2.159
BTSG,🎲chase,1.523,6.588,-0.005,-0.484,0.036,0.046,-0.398,0.202,-0.142,1.679
BTU,🎲chase,0.081,8.962,-0.486,0.007,0.485,-0.164,-0.36,0.623,0.586,-5.065
BUR,🏦majority,-0.77,9.182,-0.121,-0.041,-0.277,0.119,-0.027,-0.187,0.049,-4.827
BURL,🏦majority,0.343,6.042,-0.166,0.163,0.093,-0.147,-0.012,0.107,-0.131,-1.568
BUSE,🏦majority,0.244,6.255,0.436,0.07,-0.413,-0.145,0.258,-0.668,-0.674,-2.648
BV,⚡panic,0.0,8.243,1.163,0.154,-0.069,-0.227,0.487,-0.228,-0.354,-8.607
BWA,🏦majority,0.194,4.716,0.274,0.129,0.066,0.012,0.338,0.145,0.321,-2.203
BWIN,🏦majority,-0.193,8.459,0.445,-0.12,-0.168,0.487,-0.263,0.778,-1.405,0.172
BWXT,🏦majority,0.35,4.488,0.259,-0.14,-0.154,0.043,0.146,0.093,0.371,-2.142
BX,🏦majority,0.267,5.574,-0.274,0.143,0.04,0.038,0.033,-0.244,0.444,-0.972
BXC,⚡panic,0.389,11.098,-0.258,0.456,0.079,-0.404,0.293,-1.739,-0.72,-5.615
BXMT,🏦majority,0.0,3.83,0.187,0.159,-0.031,0.0,0.235,-0.103,-0.498,-0.459
BXP,🏦majority,-0.14,4.513,0.823,0.079,-0.178,0.054,0.352,0.226,-0.322,-2.053
BXSL,🏦majority,0.032,2.886,0.342,0.046,-0.032,-0.209,0.263,-0.074,-0.431,-1.904
BYD,🏦majority,0.3,4.163,0.59,0.24,-0.194,-0.236,0.412,0.065,-0.651,-0.333
BYND,⚡panic,-2.547,10.895,0.779,0.188,-0.399,-0.657,0.527,-1.199,-0.276,-0.539
BYRN,🎰lottery,-1.429,15.327,-0.908,-0.512,0.046,0.873,-2.609,0.296,-1.096,-14.909
BZH,🎲chase,0.273,9.205,-0.684,0.176,-0.155,0.139,-0.559,0.199,-0.018,-0.54
C,🎲chase,0.342,4.224,-0.41,-0.073,-0.049,0.111,-0.313,-0.145,0.319,-2.773
CABO,🏦majority,-1.459,8.971,0.362,0.024,-0.143,0.032,-0.131,-0.142,-0.061,-5.827
CACC,⚡panic,0.123,6.178,0.746,0.18,-0.121,-0.209,0.53,-0.004,-0.109,-3.233
CACI,🏦majority,0.423,4.195,-0.014,-0.091,-0.068,0.106,-0.093,-0.042,0.168,-0.124
CAE,🎲chase,0.134,5.849,-0.21,0.2,0.317,-0.058,-0.18,-0.175,1.095,-0.879
CAG,🏦majority,-0.251,3.166,0.35,-0.025,-0.16,-0.151,0.133,-0.356,-0.414,-1.188
CAH,🏦majority,0.422,3.669,0.26,-0.067,0.017,-0.074,-0.024,-0.145,-0.532,0.332
CAKE,🏦majority,0.203,5.505,0.563,0.114,-0.14,-0.179,0.326,-0.379,0.754,-2.5
CAL,🏦majority,-0.24,7.952,0.624,0.089,-0.113,-0.056,0.281,0.493,-0.427,-6.041
CALM,🏦majority,0.489,4.597,0.049,0.136,0.025,-0.076,0.354,0.083,0.499,-1.539
CALX,🏦majority,0.075,7.132,-0.015,0.109,-0.075,-0.024,-0.02,0.025,0.397,-2.021
CAMT,🎲chase,1.029,8.782,0.455,0.133,0.196,0.464,-0.28,0.744,0.011,-5.136
CAPR,⚡panic,-1.681,17.908,1.301,-0.152,-0.697,-0.509,1.208,-0.121,-3.003,-0.264
CAR,🏦majority,-0.045,12.116,-0.439,-0.095,-0.027,0.377,-0.053,0.165,-0.988,-1.271
CARG,🏦majority,0.281,7.026,0.449,0.102,-0.201,-0.061,0.598,-0.073,-0.035,-3.654
CARR,🏦majority,0.118,4.487,-0.213,0.104,0.086,-0.072,0.182,-0.137,-0.117,-1.281
CARS,🎲chase,0.499,8.372,-0.696,0.08,-0.026,0.193,0.015,0.321,-1.19,-2.128
CART,🏦majority,0.513,5.828,-0.131,0.306,-0.113,-0.04,0.322,0.125,0.506,-0.488
CASH,🏦majority,0.462,5.702,0.005,-0.168,-0.182,-0.257,-0.518,0.405,-0.252,0.951
CASY,🏦majority,0.374,3.685,0.299,0.135,-0.09,0.022,0.417,0.046,-0.249,-0.348
CAT,🏦majority,0.505,4.519,0.265,-0.16,0.133,-0.085,-0.042,-0.3,0.008,-2.15
CATY,🏦majority,0.267,4.568,0.295,0.05,0.092,-0.267,0.211,-0.394,0.163,-2.694
CAVA,🎲chase,0.667,8.38,-1.242,-0.354,0.602,-0.02,-0.878,-0.24,-0.707,-9.767
CB,🏦majority,0.333,2.682,0.418,-0.095,0.001,-0.11,0.237,0.018,0.127,-1.827
CBOE,🏦majority,0.496,3.315,0.538,0.162,-0.049,-0.014,0.313,0.004,-0.013,-1.308
CBRE,🏦majority,0.531,4.272,-0.143,0.144,-0.025,0.036,-0.053,-0.026,0.29,-2.223
CBRL,🎲chase,-0.507,6.936,-0.094,-0.109,0.349,0.412,-0.305,-0.306,0.095,-1.832
CBSH,🏦majority,0.184,3.27,-0.064,0.068,-0.14,-0.011,-0.027,-0.184,0.133,-0.198
CBT,🏦majority,0.204,4.64,0.252,0.109,0.001,0.057,0.47,-0.043,-0.326,-1.516
CBU,🏦majority,-0.115,5.014,0.17,-0.135,0.043,-0.153,-0.018,0.108,-0.02,-1.676
CBZ,🎲chase,0.812,5.915,-0.098,-0.042,0.203,-0.005,-0.135,-0.155,0.223,0.241
CC,🎲chase,-0.158,7.951,-0.222,-0.026,0.418,0.095,0.158,0.427,0.449,-7.475
CCEP,🏦majority,0.38,3.171,0.122,0.071,-0.02,-0.073,-0.014,-0.106,-0.239,-1.046
CCI,🏦majority,-0.355,3.851,-0.26,0.041,0.067,0.074,-0.262,0.211,-0.489,-0.684
CCJ,🏦majority,0.704,6.931,0.161,0.287,0.356,-0.147,0.161,-0.614,-0.299,-0.555
CCK,🏦majority,0.232,4.051,0.039,0.023,0.114,-0.034,0.157,0.021,0.052,-0.186
CCL,🏦majority,-0.063,7.816,-0.135,-0.015,0.001,-0.203,-0.079,0.063,-0.003,-6.796
CCOI,🏦majority,-0.189,7.29,0.189,-0.074,-0.039,0.02,0.116,-0.082,0.253,-2.837
CCRN,🎲chase,-0.092,10.176,0.048,-0.287,0.31,-0.018,-0.818,-0.767,-0.073,-3.112
CCS,🏦majority,0.041,6.001,0.409,-0.01,-0.075,-0.034,0.665,0.158,0.356,0.032
CDE,🏦majority,0.631,9.489,-0.631,-0.17,-0.631,-0.121,0.154,0.017,-0.545,-2.381
CDNA,⚡panic,-0.144,11.547,0.445,0.315,-0.088,-0.445,0.296,-0.748,-1.138,-2.723
CDNS,🏦majority,0.244,4.847,0.298,-0.143,-0.075,0.161,-0.16,0.397,-0.585,-0.642
CDP,🏦majority,0.24,2.984,0.403,0.058,-0.055,0.121,0.403,0.12,0.387,0.171
CDRE,🎲chase,1.42,9.142,-1.405,0.502,0.558,0.254,-1.132,-1.369,0.26,-2.666
CDW,🎲chase,0.198,4.606,-0.457,0.125,0.164,-0.044,-0.291,0.134,0.453,-5.54
CE,🎲chase,0.082,6.329,-0.338,0.281,0.263,-0.024,-0.011,-0.349,-0.17,-2.935
CECO,🏦majority,1.759,9.333,1.078,0.259,0.259,-0.279,0.679,0.742,-0.429,1.429
CEG,🏦majority,0.725,6.862,0.637,-0.122,-0.207,-0.052,0.173,0.101,-0.42,-0.512
CELH,🏦majority,0.425,9.492,0.227,-0.251,-0.446,0.1,0.095,0.616,-0.245,-4.479
CENTA,🏦majority,0.0,5.654,0.474,0.081,0.0,0.067,0.408,-0.156,-0.702,0.089
CENX,🏦majority,0.634,10.22,0.307,0.341,-0.055,-0.035,0.638,0.569,1.108,-3.245
CERT,🎲chase,-0.431,8.842,-0.281,-0.115,0.321,0.167,-0.059,-0.015,0.769,-8.429
CEVA,🏦majority,0.262,11.771,0.529,-0.218,0.244,-0.54,0.813,2.389,-0.169,-8.624
CF,🏦majority,0.356,5.012,0.215,0.14,-0.09,-0.261,-0.156,-0.237,0.466,-1.835
CFFN,🎲chase,-0.173,6.76,-0.128,-0.137,-0.065,0.043,-0.086,-1.38,-0.111,-0.773
CFG,🎲chase,0.389,4.735,-0.13,-0.038,0.289,-0.083,-0.143,-0.255,0.503,-1.583
CFLT,🎲chase,0.163,10.435,0.133,0.163,0.1,-0.296,-0.194,-0.896,0.866,-4.639
CFR,🏦majority,0.32,4.034,0.36,0.013,-0.029,-0.033,0.238,0.029,-0.244,-3.082
CG,🏦majority,0.424,5.589,-0.14,0.199,0.109,0.09,-0.066,-0.089,-0.194,-1.5
CGAU,🎲chase,1.908,9.18,-0.288,0.516,0.745,-0.548,-0.565,-0.698,-0.547,5.433
CGBD,🏦majority,-0.093,4.672,0.31,0.161,0.093,-0.124,-0.035,-0.163,-0.003,0.43
CGC,🎰lottery,-3.762,14.707,-0.411,0.087,0.794,0.194,0.05,-0.723,-1.146,-10.875
CGEM,⚡panic,-1.195,15.389,1.493,0.153,-0.735,-0.148,1.064,0.88,-0.17,-4.02
CGNX,🏦majority,0.078,6.076,0.169,0.193,-0.28,-0.052,0.22,-0.298,-0.27,-2.614
CGON,🏦majority,1.044,9.19,0.321,0.079,0.072,-0.278,0.439,-0.244,-1.632,-0.117
CHCO,🏦majority,0.662,5.23,1.073,0.104,-0.342,-0.404,0.345,0.579,-0.209,-1.012
CHD,🏦majority,0.107,2.732,0.12,-0.025,-0.191,-0.049,0.144,-0.059,-0.49,-0.411
CHDN,🏦majority,-0.016,4.477,0.336,-0.025,-0.009,-0.002,0.143,0.101,0.095,0.225
CHE,🏦majority,0.154,3.679,0.504,0.037,-0.129,-0.027,0.322,0.228,-0.014,-0.814
CHEF,🏦majority,0.949,6.893,0.354,0.038,0.02,-0.155,-0.158,-0.411,-0.507,-0.54
CHH,🏦majority,0.208,3.914,0.284,0.064,0.004,0.004,0.183,0.037,-0.449,-2.524
CHKP,🏦majority,0.343,3.793,0.067,0.272,-0.04,-0.097,0.251,-0.03,-0.37,-2.934
CHPT,🏦majority,-1.964,11.46,0.365,0.258,-0.107,0.203,0.908,-0.483,-0.257,-11.157
CHRD,🏦majority,0.333,4.917,-0.223,0.131,0.146,-0.216,0.15,0.188,0.194,-1.939
CHRW,🏦majority,0.178,4.612,0.512,0.058,-0.094,-0.021,0.264,-0.27,-0.173,-2.514
CHTR,🎲chase,-0.292,5.929,-0.561,-0.015,-0.243,0.107,-0.49,0.247,0.595,-1.84
CHWY,🏦majority,-0.7,8.36,0.438,-0.17,-0.13,-0.024,0.464,-0.378,-0.19,-4.611
CI,🏦majority,0.275,3.841,0.458,0.114,-0.066,-0.118,0.193,-0.138,0.399,-0.342
CIEN,🏦majority,0.754,6.769,-0.094,-0.108,-0.106,-0.097,-0.199,-0.327,-0.18,-0.918
CIFR,⚡panic,0.93,16.357,3.821,-0.384,-0.487,-1.101,2.851,-0.463,0.044,-4.143
CIGI,🎲chase,0.272,5.675,-1.067,0.036,0.075,0.088,-0.643,-0.49,-0.195,-1.818
CIM,🏦majority,-0.47,5.57,-0.101,-0.113,0.054,0.107,-0.063,0.147,0.903,-2.676
CINF,🏦majority,0.281,3.407,0.402,0.144,0.091,-0.065,0.135,-0.014,-0.026,-1.123
CL,🏦majority,0.114,2.525,0.012,0.02,-0.089,-0.021,0.078,0.055,-0.114,-0.499
CLB,⚡panic,-0.759,9.746,0.594,0.179,0.17,-0.458,1.159,-0.681,-0.084,-6.446
CLBT,🎲chase,0.252,8.535,-0.027,-0.113,-0.183,0.135,-0.276,-1.238,0.265,2.321
CLDX,🏦majority,-0.077,8.512,0.384,-0.011,-0.208,-0.088,0.251,-0.422,1.283,-2.751
CLF,🎲chase,-0.127,8.51,-0.407,0.281,-0.023,0.273,-0.157,-0.22,-0.277,-1.086
CLFD,🎲chase,0.087,11.804,-1.054,-0.381,0.013,0.011,-0.91,0.008,0.22,-0.429
CLH,🏦majority,0.644,3.773,0.306,0.106,-0.132,-0.109,0.072,0.098,0.075,-0.823
CLMT,🏦majority,0.864,13.316,-0.404,-0.077,-0.563,0.855,-0.626,-0.33,-1.701,-4.193
CLS,🏦majority,1.868,8.95,0.746,0.184,0.366,-0.214,0.281,-0.677,1.428,0.379
CLSK,🏦majority,-0.861,15.101,0.261,-0.374,-0.729,-0.17,0.382,-0.973,-2.305,-7.248
CLVT,🏦majority,-0.505,6.745,0.324,-0.225,-0.157,0.211,0.236,-1.376,-0.206,-1.757
CLW,⚡panic,-0.401,11.076,0.196,0.824,0.036,-0.29,0.318,0.587,0.67,-2.904
CLX,🏦majority,-0.2,3.704,0.246,-0.04,-0.126,0.054,0.213,0.084,0.378,-1.599
CM,🏦majority,0.488,3.103,-0.337,0.032,-0.022,-0.119,-0.191,0.071,-0.138,0.144
CMC,🎲chase,0.662,4.84,-0.536,0.342,0.286,-0.004,-0.135,-0.081,0.004,-1.496
CMCO,🎲chase,-0.27,11.155,-0.273,0.124,0.095,-0.622,-0.333,-1.231,-0.272,-7.575
CMCSA,🏦majority,-0.116,3.579,0.165,0.14,0.057,-0.071,0.174,0.022,-0.337,-3.572
CME,🏦majority,0.159,2.912,0.13,0.006,0.041,-0.067,-0.002,0.14,-0.093,-0.83
CMG,🏦majority,0.21,4.913,0.188,-0.157,-0.148,-0.08,0.217,0.22,0.355,-1.016
CMI,🏦majority,0.389,3.745,0.368,0.131,-0.006,-0.17,0.222,-0.077,-0.01,-1.131
CMP,🏦majority,-0.156,8.642,0.379,0.269,-0.214,-0.155,0.379,0.119,1.139,-0.245
CMPR,🏦majority,0.323,9.966,-0.62,-0.147,0.068,0.05,0.063,0.765,-0.343,-10.924
CMRE,🏦majority,0.393,7.033,0.034,-0.102,-0.035,0.218,0.475,0.416,-0.45,-5.737
CMS,🏦majority,0.227,2.591,0.025,0.041,0.07,0.014,-0.004,0.052,0.185,-0.074
CNA,🏦majority,0.234,3.438,0.34,0.017,-0.053,0.069,0.116,0.089,-0.342,-0.969
CNC,🏦majority,0.135,5.579,-0.018,0.049,0.046,-0.013,-0.04,0.026,0.552,-1.837
CNH,🏦majority,-0.293,4.86,0.105,-0.119,-0.104,0.026,0.081,0.339,-1.569,1.446
CNI,🏦majority,0.084,2.976,0.233,-0.006,-0.049,-0.092,0.084,-0.013,0.322,-1.656
CNK,🎲chase,0.45,6.663,-0.961,0.003,-0.178,0.009,-0.576,0.192,-0.727,-4.893
CNM,🏦majority,0.68,5.65,-0.253,0.123,0.022,-0.199,-0.037,-0.149,0.544,0.507
CNMD,🎲chase,-0.372,5.797,-0.238,-0.107,0.11,0.111,-0.203,-0.384,0.773,-2.741
CNNE,🎲chase,0.045,5.797,-0.821,0.064,0.062,0.048,-0.346,0.137,-0.46,-0.627
CNO,🏦majority,0.559,3.743,0.483,0.01,-0.013,-0.053,0.189,-0.179,-0.08,-0.759
CNOB,⚡panic,0.327,8.991,1.081,-0.164,-0.067,-0.634,-0.128,-1.701,-1.579,0.979
CNP,🏦majority,0.309,2.732,0.257,0.021,-0.045,-0.014,0.238,-0.026,0.411,-1.563
CNQ,🏦majority,0.662,4.877,0.356,-0.219,-0.147,-0.035,0.055,-0.24,0.255,-3.119
CNR,🎲chase,0.041,8.79,-0.286,0.041,-0.041,0.041,0.0,-0.517,0.123,0.051
CNS,🏦majority,0.172,5.312,0.071,-0.093,-0.058,0.145,-0.054,0.396,-0.213,-4.49
CNX,🏦majority,0.629,4.864,0.41,-0.1,0.125,-0.27,0.444,-0.147,0.265,-3.433
CNXC,🏦majority,-0.214,6.485,0.179,0.014,-0.064,-0.185,0.087,0.431,-0.123,0.149
COCO,🎲chase,0.828,9.312,0.005,0.027,-0.03,0.092,-0.243,-0.001,2.342,-0.296
CODI,🎲chase,-0.46,10.702,-0.54,0.159,0.269,0.962,-0.175,-0.701,2.39,0.996
COF,🏦majority,0.176,4.894,0.258,0.177,-0.077,-0.007,0.266,0.078,-0.754,-2.734
COGT,⚡panic,0.436,11.977,2.452,0.078,-0.359,0.086,1.638,0.254,-0.424,-0.41
COHR,🎲chase,0.553,9.383,-0.093,0.139,0.024,-0.191,-0.079,-0.089,-0.136,-2.555
COHU,⚡panic,0.277,7.619,0.351,0.315,0.204,-0.166,0.514,-0.538,-0.561,-3.635
COIN,🎲chase,-0.537,12.298,-0.577,0.275,-0.112,0.628,-0.277,-0.666,-1.754,-2.455
COKE,🎲chase,0.914,6.39,-0.043,-0.072,0.169,0.119,-0.24,0.451,-0.144,-0.379
COLB,🏦majority,-0.042,5.106,0.459,0.078,-0.223,-0.095,0.19,0.075,-0.089,-0.4
COLD,🏦majority,-0.46,4.637,0.163,-0.013,-0.139,0.077,0.183,0.105,0.283,-2.013
COLL,⚡panic,0.239,7.389,0.708,0.003,-0.021,-0.186,0.795,0.085,-0.712,-3.885
COLM,🏦majority,-0.219,4.239,0.193,0.164,-0.033,-0.087,0.206,-0.338,0.13,-1.198
COMP,🏦majority,-0.334,9.006,0.473,-0.365,0.149,-0.296,0.013,-0.749,0.84,-4.867
CON,🏦majority,0.154,4.717,-0.205,0.035,0.005,-0.255,0.606,0.437,0.856,-3.041
COO,🎲chase,-0.059,4.21,-0.322,-0.01,0.091,0.095,-0.209,-0.108,0.122,0.113
COP,🎲chase,0.393,4.62,-0.29,-0.06,0.132,-0.028,-0.225,0.205,0.253,-2.248
COR,🏦majority,0.453,3.238,0.451,0.0,-0.135,0.022,0.349,-0.281,0.251,-0.172
CORT,🎲chase,1.119,8.674,-0.234,0.034,0.087,-0.199,-0.263,-0.191,0.244,-5.141
CORZ,⚡panic,1.183,12.313,3.313,0.058,-0.605,-0.273,1.867,-1.183,2.87,-3.234
COST,🎲chase,0.524,3.206,-0.448,0.099,0.026,0.164,-0.197,0.135,-0.09,-1.315
COTY,🏦majority,-0.395,5.684,0.292,-0.003,-0.012,-0.171,0.252,-0.779,-0.192,-1.631
COUR,🏦majority,-0.838,7.705,-0.266,0.121,-0.093,-0.066,-0.046,0.299,-1.401,-1.701
CP,🏦majority,0.175,3.256,-0.219,0.02,0.075,0.054,-0.152,-0.091,-0.025,-1.955
CPA,🏦majority,0.531,4.937,0.06,0.13,0.089,-0.059,0.109,0.139,-0.372,-0.404
CPAY,🏦majority,0.106,4.646,0.178,-0.194,0.093,0.03,0.045,0.418,-0.692,1.423
CPB,🏦majority,-0.115,3.263,0.282,-0.027,-0.189,-0.059,0.033,-0.166,0.343,-1.811
CPK,🏦majority,0.308,4.265,0.777,0.116,0.021,0.023,0.31,-0.269,-0.345,-0.849
CPNG,🏦majority,-0.432,6.989,-0.21,-0.021,0.02,-0.02,-0.283,-0.125,-0.317,-5.617
CPRI,🏦majority,-0.211,8.114,-0.09,-0.112,-0.12,0.19,-0.216,0.619,0.192,-2.874
CPRT,🏦majority,0.143,3.665,-0.123,-0.047,-0.168,0.069,-0.019,0.246,-0.296,-1.662
CPRX,⚡panic,0.398,7.052,0.996,0.102,-0.169,0.122,0.844,-0.261,-0.078,-3.715
CPT,🏦majority,0.055,3.141,-0.058,0.036,-0.055,-0.034,-0.083,-0.291,0.426,-0.873
CQP,⚡panic,0.191,5.573,0.816,0.384,-0.028,-0.742,0.601,-0.715,-0.039,-2.664
CR,🏦majority,0.64,4.731,0.048,0.174,-0.05,-0.134,0.25,0.124,0.048,-3.732
CRAI,🎲chase,1.063,8.407,-1.274,0.188,0.337,0.14,-0.851,0.649,0.552,-4.664
CRBG,🏦majority,0.45,4.521,0.203,-0.008,-0.044,-0.11,0.137,-0.482,-0.82,-0.057
CRC,🏦majority,0.486,5.467,0.495,0.072,-0.108,-0.118,0.578,0.171,0.113,-2.347
CRDO,🏦majority,1.157,12.363,-0.04,-0.642,-0.687,0.543,-0.893,0.732,-1.461,-5.451
CRGY,🎲chase,0.323,8.006,0.2,-0.323,0.249,0.255,-0.323,-1.102,0.854,-1.517
CRH,🏦majority,0.315,4.203,-0.097,-0.042,0.148,0.044,-0.14,-0.013,-0.084,-1.972
CRI,🏦majority,-0.032,5.309,0.524,0.202,0.246,-0.187,0.375,0.358,-0.341,-2.2
CRK,🏦majority,0.273,8.768,-0.166,-0.273,-0.103,0.101,-0.351,0.219,-0.134,-4.703
CRL,🎲chase,0.225,6.309,-0.42,0.219,0.399,0.007,-0.051,0.289,-0.124,-1.552
CRM,🏦majority,0.221,5.231,0.32,-0.133,-0.154,-0.262,0.026,-0.221,-0.484,-2.295
CRMD,🎲chase,0.988,12.139,-1.414,-0.352,0.653,-0.393,-0.988,-1.123,0.383,0.112
CRNC,🏦majority,-1.724,12.495,0.224,-0.17,0.211,-0.138,0.922,0.727,-0.657,-5.823
CRNX,🏦majority,0.17,10.347,0.074,0.108,-0.17,-0.143,-0.201,0.616,-0.089,-1.689
CROX,🏦majority,0.245,7.433,0.279,0.039,-0.127,-0.149,0.53,0.238,0.275,-5.5
CRS,🏦majority,1.007,6.84,0.481,0.202,0.056,-0.22,-0.039,0.084,-0.208,0.793
CRSP,🏦majority,-1.059,8.429,0.185,0.125,0.151,-0.071,0.045,-0.307,-0.575,-7.725
CRSR,⚡panic,-1.011,10.295,0.299,0.055,-0.102,-0.599,0.427,0.454,1.011,-2.281
CRUS,🏦majority,0.278,5.078,0.312,0.155,-0.077,-0.02,0.158,0.161,-0.349,-4.223
CRVL,🏦majority,0.292,6.869,-0.107,0.374,-0.229,0.136,0.214,-0.661,0.248,-1.715
CRWD,🏦majority,0.676,8.278,0.689,-0.194,-0.34,-0.064,0.386,0.009,-0.504,-3.635
CSCO,🏦majority,0.392,3.533,0.253,0.03,-0.05,-0.084,0.168,-0.031,-0.451,-0.328
CSGP,🏦majority,-0.248,4.933,0.054,0.083,0.017,-0.067,-0.051,-0.16,0.3,0.292
CSIQ,⚡panic,-0.771,10.012,0.866,0.053,-0.21,-0.068,1.027,-0.23,0.545,0.136
CSL,🏦majority,0.671,4.585,-0.148,-0.077,0.052,-0.025,-0.05,-0.238,-0.218,-1.626
CSQ,🏦majority,0.579,4.769,0.529,-0.159,-0.284,-0.094,0.584,0.976,-0.632,-2.375
CSR,🏦majority,0.117,6.354,0.102,-0.023,0.019,-0.126,0.348,-0.281,0.078,-4.469
CSTL,🎲chase,0.041,12.973,-0.258,-0.252,0.396,-0.522,-0.488,0.08,-1.89,-4.568
CSTM,🏦majority,0.483,6.26,0.328,0.165,-0.314,-0.183,0.425,-0.178,-0.879,-2.481
CSWC,🏦majority,0.364,3.933,0.075,0.048,0.066,-0.098,0.056,0.017,0.054,-0.913
CSX,🏦majority,0.233,3.184,0.193,0.002,-0.004,-0.017,0.058,0.03,-0.424,-1.531
CTAS,🏦majority,0.356,3.2,0.015,0.154,-0.003,-0.053,0.08,0.148,0.179,-2.324
CTKB,🎰lottery,-1.289,12.515,0.731,-0.873,-0.386,1.064,-1.007,2.6,-3.314,-1.94
CTRE,🏦majority,0.265,3.465,0.506,0.026,-0.091,0.033,0.149,-0.237,-0.265,-1.194
CTRI,⚡panic,0.351,7.953,0.276,-0.001,-0.133,-0.385,0.198,-1.235,-1.779,-0.009
CTRN,🎲chase,-0.455,15.55,0.551,-0.017,1.542,0.052,-0.283,-2.008,0.835,-1.049
CTS,🎲chase,0.788,6.77,0.224,0.052,0.285,0.087,0.041,0.08,0.229,-1.873
CTSH,🏦majority,-0.104,4.218,0.092,-0.161,-0.239,-0.045,-0.036,0.118,0.213,-2.892
CTVA,🏦majority,0.39,3.715,0.006,-0.072,-0.004,0.014,0.006,0.194,0.298,-0.7
CUBE,🎲chase,0.051,3.595,-0.261,0.005,0.256,-0.042,-0.162,-0.127,-0.033,-0.747
CUBI,🏦majority,0.371,7.738,0.235,0.054,-0.074,-0.124,-0.078,-0.241,-0.625,-3.271
CUZ,🏦majority,0.052,3.978,0.534,0.175,-0.052,-0.149,0.286,-0.316,0.164,-0.92
CVBF,🏦majority,0.0,4.793,0.259,-0.114,-0.198,0.0,0.0,-0.317,0.138,-2.628
CVCO,🏦majority,0.76,7.057,0.171,-0.01,0.017,-0.096,0.023,0.444,0.17,-2.081
CVE,🏦majority,0.665,5.783,0.111,-0.123,-0.217,-0.029,0.062,0.27,0.459,-1.995
CVGW,🏦majority,-0.694,9.899,0.949,-0.246,-0.95,0.483,0.873,-0.561,0.033,-2.052
CVI,🎲chase,0.362,7.939,-0.265,-0.169,0.227,0.061,-0.144,0.46,0.117,-5.828
CVLT,🏦majority,0.384,5.766,0.339,0.091,-0.227,-0.043,0.183,-0.341,-0.132,-2.148
CVNA,🏦majority,-0.153,12.56,-0.477,0.051,-0.102,0.002,0.057,0.194,-1.046,-8.315
CVS,🏦majority,0.285,4.363,-0.098,-0.069,0.088,-0.043,-0.191,-0.141,0.159,-2.294
CVX,🏦majority,0.377,3.652,-0.016,0.051,0.107,-0.038,0.073,-0.278,0.539,-0.331
CW,🏦majority,0.78,3.787,0.665,0.024,-0.103,-0.305,0.499,-0.248,0.172,-2.185
CWAN,🏦majority,0.083,5.98,0.082,-0.038,-0.083,0.041,0.164,-0.314,-0.124,-0.089
CWEN,🏦majority,0.031,4.375,0.079,-0.031,-0.031,0.05,0.003,0.221,-0.047,-1.513
CWH,🏦majority,-0.552,7.795,0.284,-0.118,0.05,0.35,-0.167,0.157,0.28,-1.491
CWK,🏦majority,0.389,6.36,-0.015,0.052,-0.19,-0.221,0.201,-0.114,-0.071,-1.888
CWST,🏦majority,0.224,3.962,0.075,0.026,0.1,-0.042,0.141,0.048,0.03,-0.868
CWT,🏦majority,-0.066,3.624,0.46,0.214,-0.069,-0.226,0.361,0.016,-0.259,-1.071
CXM,🏦majority,0.0,7.373,0.0,0.228,-0.368,-0.245,0.146,-0.297,0.546,-1.661
CXT,🏦majority,0.225,5.063,0.197,-0.105,-0.157,-0.027,0.262,0.25,0.479,0.324
CXW,🏦majority,0.351,7.453,0.102,0.05,0.171,-0.101,0.141,-0.103,0.004,0.087
CYRX,⚡panic,0.032,11.931,-0.007,0.172,0.787,-0.094,1.179,-0.004,0.073,-0.627
CYTK,⚡panic,-0.081,9.014,0.203,0.215,-0.058,-0.188,0.561,-0.129,-0.805,-3.979
CZR,⚡panic,-0.289,6.83,0.312,0.216,0.082,-0.287,0.289,0.175,1.008,-7.011
D,🏦majority,0.08,3.134,0.202,0.127,-0.08,-0.118,0.214,-0.158,0.022,-0.134
DAC,🏦majority,0.58,5.632,0.373,0.205,0.291,0.118,0.172,-0.624,0.701,-0.91
DAKT,🎲chase,1.382,10.795,-0.437,-0.21,0.958,0.848,-0.268,-0.939,0.508,-4.148
DAL,🎲chase,0.363,5.673,-0.513,0.06,0.228,0.118,-0.304,0.097,-0.159,-0.851
DAN,🏦majority,0.289,7.061,0.22,-0.129,-0.289,-0.133,0.152,-0.226,-0.4,-0.39
DAR,🎲chase,0.249,5.629,-0.646,0.196,0.284,0.056,-0.108,-0.29,-0.421,-1.096
DASH,🏦majority,0.394,7.279,0.311,0.037,0.02,-0.192,0.247,-0.484,0.362,0.179
DAVE,🎲chase,1.365,19.518,-1.843,0.074,0.557,0.392,-1.981,-0.193,1.745,-0.203
DB,🏦majority,0.713,5.414,-0.039,0.302,0.143,-0.205,0.0,-0.28,0.775,-0.165
DBD,🎲chase,1.194,10.665,-0.147,0.343,0.39,-0.067,-0.949,-0.814,0.251,0.025
DBI,⚡panic,-0.259,9.958,0.125,0.395,0.259,-0.355,0.293,-0.252,-0.118,-11.028
DBRG,🏦majority,0.054,7.465,-0.314,0.137,0.025,-0.119,0.073,-0.301,0.266,-0.127
DBX,🏦majority,0.342,4.563,0.033,-0.052,0.003,0.002,-0.342,-0.014,0.514,-1.47
DCI,🏦majority,0.3,3.086,0.371,0.166,-0.077,-0.153,0.343,-0.081,-0.123,-0.634
DCO,⚡panic,1.65,7.41,1.132,0.378,-0.066,-0.778,1.248,-0.189,0.601,-0.168
DCOM,🎲chase,0.709,8.932,0.599,0.166,-0.162,0.051,-1.186,-0.335,-0.63,-3.453
DD,🏦majority,0.131,4.232,0.135,0.058,-0.007,-0.087,0.027,-0.215,-0.086,-2.193
DDD,🎰lottery,-2.051,9.104,-0.853,-0.334,0.528,0.575,-0.251,0.262,1.146,-1.869
DDOG,🎲chase,0.439,8.092,0.109,-0.201,0.131,0.03,-0.071,-0.13,0.134,-0.169
DDS,🏦majority,0.727,7.093,-0.361,0.257,0.131,-0.219,0.337,0.646,-0.474,-2.666
DE,🏦majority,0.26,4.124,0.033,0.131,0.027,0.093,0.188,0.009,-0.316,-0.804
DEA,🏦majority,-0.277,3.698,0.207,0.136,-0.037,-0.024,0.436,-0.006,0.242,-1.262
DECK,🏦majority,0.569,5.797,-0.014,-0.119,-0.24,0.155,-0.241,0.13,-0.124,-2.8
DEI,🏦majority,-0.268,4.819,0.33,0.044,-0.064,-0.065,0.172,-0.01,0.01,-1.585
DELL,🎲chase,0.914,7.592,-0.34,0.139,0.115,-0.12,-0.079,0.069,-0.801,-1.205
DFH,⚡panic,-1.042,10.778,1.095,-0.207,-0.547,0.063,1.203,-0.361,-1.277,-3.837
DFIN,🎲chase,0.803,7.513,0.099,-0.037,0.261,0.024,-0.557,-0.421,-0.013,-3.09
DG,🏦majority,-0.09,5.083,0.254,-0.007,-0.256,-0.178,0.151,-0.046,-0.025,-2.591
DGII,🎲chase,1.155,7.976,0.447,0.336,0.754,-0.042,0.223,0.107,0.453,0.57
DGX,🏦majority,0.236,3.094,-0.068,0.118,0.067,-0.021,-0.016,-0.229,0.23,-0.421
DHI,🏦majority,0.102,4.739,0.269,0.091,0.041,-0.165,0.208,0.084,0.122,-1.846
DHR,🏦majority,0.056,3.999,-0.033,0.093,0.05,0.036,0.183,-0.221,0.206,-1.712
DHT,🎲chase,0.445,5.482,-0.207,-0.445,0.006,-0.276,-0.354,-0.565,0.575,-0.65
DIN,⚡panic,-0.306,6.273,0.582,0.263,-0.079,-0.268,0.809,-0.059,-0.182,-4.798
DINO,🏦majority,0.398,5.497,-0.108,0.13,-0.06,-0.066,-0.235,0.252,0.137,-0.846
DIOD,⚡panic,0.0,6.862,0.494,-0.082,-0.049,-0.025,0.518,-0.853,0.075,-6.001
DIS,🏦majority,-0.182,4.175,-0.011,-0.05,-0.113,-0.015,0.035,-0.054,0.41,-1.088
DJT,🎰lottery,-2.177,13.586,-1.084,-0.951,0.18,1.059,-0.839,0.417,-1.697,-1.386
DK,🎲chase,0.101,7.66,-0.327,-0.335,0.031,0.117,-0.579,0.024,0.272,-3.935
DKNG,🎲chase,0.08,8.871,-0.465,0.147,0.138,0.274,-0.051,0.218,0.555,-9.549
DKS,🏦majority,0.245,5.813,0.457,0.143,-0.05,-0.145,-0.12,0.003,-0.755,-2.57
DLB,🏦majority,-0.265,3.479,0.307,0.034,-0.141,-0.014,0.066,0.041,-0.015,-1.896
DLO,⚡panic,-0.458,10.484,1.259,0.166,0.095,-0.151,0.776,-0.369,-0.01,-3.021
DLR,🏦majority,0.203,4.029,0.065,0.02,-0.034,-0.04,-0.064,-0.189,0.039,-0.787
DLTR,🎲chase,0.251,5.61,-0.437,0.093,0.152,0.116,-0.198,-0.033,-0.656,0.346
DLX,⚡panic,-0.221,8.33,0.413,0.099,-0.283,-0.556,0.476,0.26,0.323,-0.007
DNA,⚡panic,-2.357,14.434,0.84,0.236,-0.047,-0.172,1.162,-0.399,1.054,-12.982
DNLI,⚡panic,-0.518,8.28,0.561,0.21,-0.026,-0.358,0.335,0.433,-0.863,-5.067
DNOW,🏦majority,0.297,7.568,-0.057,0.188,-0.041,-0.222,-0.225,-0.211,0.476,-3.277
DNUT,🏦majority,-0.497,6.8,0.034,0.014,0.008,0.032,0.188,0.944,-0.99,-0.378
DOC,🏦majority,-0.062,4.848,0.315,0.113,-0.152,-0.072,0.268,-0.207,-0.06,-0.341
DOCN,🏦majority,0.211,10.181,0.108,0.042,0.166,0.047,0.136,0.361,0.36,-7.008
DOCS,🎲chase,-0.275,9.18,-0.128,0.335,0.212,0.044,-0.159,-0.181,-0.784,-2.073
DOCU,🏦majority,-0.258,8.095,0.178,0.101,-0.183,-0.073,0.318,-0.216,0.044,-3.836
DOLE,🏦majority,0.0,5.334,0.5,-0.069,0.069,0.141,0.078,-0.414,0.144,-2.112
DOMO,🏦majority,-1.582,12.904,0.277,-0.037,0.113,0.518,0.543,-0.456,-1.918,-4.739
DORM,🏦majority,-0.109,5.715,0.369,0.117,-0.046,-0.033,0.066,0.06,-0.377,-2.211
DOV,🏦majority,0.267,3.345,-0.076,0.118,0.065,-0.132,-0.02,-0.074,-0.485,-0.529
DOW,🏦majority,-0.193,4.739,0.3,0.094,0.016,0.057,0.211,0.129,-0.152,-0.536
DOX,🏦majority,0.021,2.797,0.108,0.059,-0.021,-0.047,0.028,-0.068,-0.259,-0.725
DPZ,🏦majority,-0.112,4.023,0.261,0.07,-0.119,-0.123,0.195,-0.264,0.153,0.479
DRH,🏦majority,0.132,4.603,0.405,-0.015,-0.132,-0.01,0.275,0.069,0.362,-1.405
DRI,🏦majority,0.049,3.631,0.612,-0.022,-0.165,-0.211,0.451,-0.007,0.165,-0.627
DRS,🏦majority,0.726,5.27,0.911,0.156,-0.188,-0.3,0.79,0.826,-0.314,1.384
DRVN,🏦majority,0.084,6.387,0.696,0.066,0.03,-0.024,0.46,-0.153,0.961,-3.624
DSGX,🏦majority,0.146,4.668,0.269,0.045,0.177,0.02,-0.242,0.176,0.272,-2.289
DT,🏦majority,0.222,5.611,0.24,0.165,-0.075,-0.095,0.157,0.131,-1.177,-4.399
DTE,🏦majority,0.195,2.635,0.156,0.087,-0.094,-0.058,0.121,-0.025,0.411,-0.934
DTM,🏦majority,0.707,3.501,0.165,0.117,0.166,-0.087,0.119,-0.292,-0.231,0.564
DUK,🏦majority,0.172,2.532,0.213,-0.013,-0.039,-0.028,0.125,-0.006,0.194,0.077
DUOL,🏦majority,-0.241,9.301,1.125,-0.289,0.031,0.021,0.32,0.584,0.839,1.911
DV,🏦majority,0.14,7.186,0.487,-0.08,-0.367,0.061,0.157,0.242,-0.409,-8.305
DVA,🏦majority,0.33,5.319,0.334,0.097,-0.032,-0.063,0.21,0.231,-0.484,0.05
DVN,🎲chase,0.405,5.836,-0.173,-0.021,0.134,0.178,-0.153,-0.007,-0.143,-3.366
DX,🏦majority,0.0,3.499,0.316,0.0,-0.077,-0.071,0.247,0.0,-0.244,-0.559
DXC,⚡panic,0.097,6.383,0.614,0.336,-0.34,-0.289,0.558,-0.364,1.41,-2.691
DXCM,🏦majority,0.154,6.426,0.22,0.148,-0.198,-0.086,0.385,-0.072,0.017,2.129
DXPE,🎲chase,2.244,10.523,-0.318,-0.22,-0.035,0.148,0.101,1.039,-0.366,3.174
DXYZ,⚡panic,-1.947,18.512,1.902,-0.673,-0.073,-0.693,1.203,-1.982,0.903,-2.86
DY,🏦majority,0.661,6.059,0.33,0.161,-0.304,-0.077,0.256,0.07,0.691,0.027
DYN,🎲chase,0.301,13.501,0.117,0.245,0.457,0.005,-0.227,0.102,0.794,-3.774
EA,🏦majority,0.199,3.528,0.252,-0.014,-0.01,0.072,0.062,0.12,0.194,-0.352
EAT,🏦majority,0.694,6.902,0.217,-0.075,0.031,-0.106,0.091,0.059,-0.17,-2.047
EBAY,🏦majority,0.314,4.319,0.105,0.247,-0.084,-0.048,0.356,0.114,-0.038,-0.55
EBC,🏦majority,0.213,4.541,0.093,0.206,0.067,-0.117,-0.016,0.411,-0.369,-4.598
EBS,🏦majority,-1.152,12.667,-0.158,0.15,-0.308,0.13,0.434,0.561,-0.212,-10.792
ECG,⚡panic,1.447,7.973,1.607,0.682,0.199,-0.916,1.705,-0.246,0.306,2.796
ECL,🏦majority,0.404,3.327,-0.306,0.159,0.048,-0.106,0.058,-0.015,0.009,-2.705
ECPG,🏦majority,0.659,6.647,0.163,0.052,0.065,-0.301,0.427,0.333,0.007,-1.858
ECVT,🏦majority,0.573,7.271,0.027,0.287,-0.056,0.12,0.517,-0.324,0.386,-0.378
ED,🏦majority,0.214,2.681,-0.017,-0.027,-0.124,-0.001,0.135,-0.148,0.4,-0.285
EDIT,🏦majority,-2.047,10.834,0.539,0.05,0.175,0.13,0.796,0.114,-0.133,-6.83
EE,🎲chase,0.089,7.568,0.116,0.02,0.187,-0.416,-0.126,-0.796,0.151,-3.164
EEFT,🏦majority,-0.121,5.077,0.156,0.086,-0.016,0.215,-0.031,0.242,0.156,-0.135
EFC,🏦majority,0.077,3.459,0.342,-0.021,-0.077,0.254,0.146,0.07,-0.077,-0.725
EFSC,🏦majority,0.057,6.044,0.448,0.003,-0.16,0.099,-0.16,0.064,-0.032,-1.186
EFX,🏦majority,0.046,4.672,0.073,0.124,0.282,0.0,0.064,-0.077,0.046,-0.327
EG,🏦majority,0.322,3.171,0.302,0.158,-0.169,-0.11,0.339,-0.301,0.014,-0.391
EGBN,🏦majority,-0.771,9.17,-1.104,-0.141,-0.085,0.329,-0.022,0.141,-1.168,-3.33
EGO,🏦majority,0.629,6.88,0.392,-0.077,-0.273,-0.04,0.259,0.372,-0.393,-0.693
EGP,🏦majority,0.232,3.229,0.332,0.071,-0.099,-0.073,0.29,-0.077,0.117,-1.389
EHC,🏦majority,0.264,3.899,0.009,0.188,0.126,-0.186,0.317,-0.193,-0.072,-2.111
EIG,🏦majority,0.31,5.147,0.462,0.27,-0.238,-0.136,0.672,-0.298,-0.214,-1.793
EIX,🏦majority,0.406,3.637,0.065,0.011,0.032,-0.043,0.06,-0.129,-0.088,0.175
EL,🏦majority,-0.248,5.863,0.014,-0.012,-0.201,-0.039,0.196,-0.448,0.224,-3.166
ELAN,🏦majority,-0.195,6.263,-0.11,0.027,-0.133,-0.001,0.084,0.226,-0.331,-0.626
ELF,🏦majority,0.767,8.381,-0.083,0.093,-0.195,0.222,0.175,0.487,0.127,0.867
ELME,🏦majority,0.18,3.846,0.084,0.074,0.045,-0.119,0.226,-0.108,0.056,-0.06
ELS,🏦majority,-0.166,2.891,0.425,0.069,-0.024,-0.135,0.479,0.031,-0.169,-1.162
ELV,🏦majority,0.091,4.022,0.641,-0.066,-0.042,-0.099,0.346,-0.186,0.251,-0.37
EMBC,⚡panic,-1.336,9.56,0.64,0.001,-0.454,-0.381,0.627,0.153,0.287,-1.73
EME,🏦majority,0.716,4.502,0.493,0.042,-0.147,0.066,0.379,0.099,-0.066,0.414
EMN,🏦majority,-0.109,4.314,0.404,0.157,-0.039,-0.195,0.349,-0.12,-0.23,-2.953
EMR,🏦majority,0.267,3.817,0.293,-0.031,0.028,-0.033,0.096,-0.107,-0.252,-0.018
ENB,🏦majority,0.375,2.779,-0.118,0.093,0.067,-0.0,0.032,-0.198,-0.184,0.334
ENOV,🏦majority,-0.296,5.574,-0.056,0.065,-0.173,-0.145,0.097,0.056,0.427,-0.589
ENPH,⚡panic,-0.348,9.943,0.734,0.018,-0.231,-0.105,0.499,-0.054,0.5,-2.479
ENR,🏦majority,-0.212,5.165,-0.026,-0.017,0.114,0.107,0.015,-0.237,-0.101,-1.835
ENS,🏦majority,0.465,4.87,0.151,0.172,0.092,-0.212,-0.021,-0.024,-0.006,-1.308
ENSG,🏦majority,0.222,3.639,0.382,0.1,-0.119,-0.007,0.29,-0.116,-0.103,-1.612
ENTA,🎰lottery,-0.914,15.1,-0.993,-1.143,0.187,0.598,-1.31,-0.798,2.018,-3.343
ENTG,🏦majority,0.312,6.985,-0.016,0.259,0.064,-0.105,-0.023,-0.177,-0.409,-1.369
ENVA,🎲chase,0.76,7.049,-0.314,-0.622,0.046,0.238,-0.527,-0.614,-0.306,-3.217
ENVX,🏦majority,-0.893,13.442,1.056,-0.293,-0.095,0.457,0.664,-0.636,-2.339,-10.711
EOG,🎲chase,0.438,4.627,-0.009,-0.023,0.329,-0.011,-0.389,0.115,-0.24,-2.168
EOLS,⚡panic,-0.617,13.134,1.048,-0.192,-0.351,-0.518,0.617,-0.753,-2.263,-5.397
EPAC,🏦majority,0.142,5.589,0.642,0.174,-0.312,-0.189,0.648,0.234,0.077,-0.816
EPAM,🏦majority,-0.141,7.993,-0.197,0.01,-0.212,-0.054,-0.112,-0.032,0.164,-2.199
EPC,🎲chase,-0.045,5.087,-0.164,-0.179,0.154,-0.054,-0.52,0.019,0.439,-0.602
EPD,🏦majority,0.331,2.733,0.319,-0.016,-0.067,-0.1,0.215,-0.065,0.21,-0.097
EPR,🎲chase,0.323,3.74,-0.301,0.03,0.025,0.091,-0.342,0.1,0.152,-1.274
EPRT,🏦majority,0.143,3.236,-0.015,0.023,-0.002,0.019,-0.057,0.095,0.097,-1.31
EQH,🏦majority,0.4,4.264,0.291,0.092,-0.02,-0.131,0.157,0.057,-0.462,-0.694
EQIX,🏦majority,0.206,3.666,0.292,0.156,-0.006,-0.088,0.355,0.056,-0.015,-1.034
EQR,🏦majority,0.124,3.006,-0.01,0.117,-0.015,-0.056,0.104,-0.051,-0.201,0.878
EQT,🏦majority,0.325,6.065,0.208,0.006,0.063,-0.189,0.02,0.359,-0.952,-2.59
EQX,🎲chase,0.291,7.755,-0.453,-0.105,0.027,-0.209,-0.151,-0.553,1.132,-2.708
ERIE,🏦majority,0.151,5.159,0.238,0.037,-0.331,-0.014,-0.156,-0.445,-0.191,0.448
ERII,🏦majority,0.397,8.823,0.474,0.234,0.036,-0.15,0.421,0.001,0.684,-2.444
ERO,🎲chase,1.236,11.389,-1.548,0.05,0.705,1.048,-1.181,0.909,2.321,-0.646
ES,🏦majority,0.208,3.292,0.283,0.054,-0.085,-0.098,0.284,-0.102,0.45,-1.233
ESAB,🏦majority,0.334,5.455,0.157,-0.123,0.009,0.095,-0.102,0.159,-0.002,-2.997
ESE,🏦majority,0.763,5.719,-0.341,0.366,0.103,-0.173,0.416,-0.223,-0.06,-0.377
ESI,🏦majority,0.288,4.756,0.206,0.164,0.096,-0.119,0.229,-0.165,0.236,0.455
ESLT,🎲chase,1.238,6.552,-0.302,-0.448,0.132,0.033,-0.887,-0.564,0.152,1.748
ESNT,🏦majority,0.472,3.48,-0.056,0.064,0.015,0.046,-0.109,-0.186,-0.303,0.008
ESRT,🏦majority,-0.223,5.291,0.713,0.096,-0.338,-0.0,0.343,-0.132,1.505,-1.652
ESS,🏦majority,0.135,3.192,0.244,0.146,-0.178,-0.036,0.367,-0.216,0.073,0.322
ESTA,⚡panic,0.615,10.087,1.367,0.516,-0.009,-0.086,0.62,0.461,-1.308,-1.273
ESTC,🏦majority,0.184,8.419,0.692,0.186,0.016,0.051,0.67,0.215,0.355,-0.643
ET,🏦majority,0.346,3.562,0.569,0.076,-0.131,-0.112,0.447,-0.12,0.342,-2.117
ETD,⚡panic,-0.034,5.951,0.534,0.287,-0.229,-0.039,0.542,-0.407,0.682,-2.374
ETN,🏦majority,0.613,4.019,0.26,0.24,0.106,-0.051,0.269,-0.006,0.342,-0.001
ETR,🏦majority,0.378,2.978,0.51,0.053,-0.103,-0.101,0.357,0.008,0.055,-0.67
ETSY,🎲chase,0.016,7.596,-0.609,0.304,0.485,-0.127,-0.232,0.181,0.113,-0.082
EVER,🎰lottery,0.11,13.496,-0.323,-0.612,0.297,0.259,-0.311,-0.203,-2.67,-9.204
EVGO,⚡panic,-1.353,12.859,0.138,0.064,-0.357,-0.262,0.166,-0.396,-0.917,-0.489
EVH,⚡panic,-0.136,8.119,0.577,0.076,-0.26,-0.332,0.409,0.053,-0.185,0.556
EVLV,🏦majority,0.626,9.286,0.262,0.043,0.303,0.289,0.354,1.753,2.48,1.836
EVR,🏦majority,0.529,5.153,0.171,-0.029,-0.069,-0.006,-0.096,-0.251,0.402,0.309
EVRG,🏦majority,0.323,2.695,0.029,-0.018,-0.146,0.055,0.13,-0.128,0.35,-1.187
EVTC,🏦majority,-0.179,5.027,0.408,0.211,-0.226,-0.086,0.515,-0.018,-0.245,-2.611
EW,🏦majority,0.054,4.501,0.023,0.104,0.045,-0.233,0.235,-0.019,0.863,-1.086
EWBC,🏦majority,0.38,4.952,0.206,-0.01,-0.142,-0.039,0.131,-0.258,-0.053,1.678
EWTX,🎲chase,0.31,14.112,-0.487,0.103,0.89,-1.03,-0.225,0.648,2.164,-2.324
EXC,🏦majority,0.24,3.283,0.337,0.068,-0.084,-0.103,0.297,-0.348,0.189,-1.535
EXE,🎲chase,0.388,4.214,-0.926,-0.174,-0.081,0.138,-0.748,-0.063,0.3,1.903
EXEL,🏦majority,0.4,4.816,0.499,0.139,-0.09,-0.296,0.289,-0.232,0.308,0.554
EXLS,🏦majority,0.374,4.701,0.274,0.108,-0.139,-0.055,0.105,0.002,-0.134,0.985
EXP,🎲chase,0.411,4.602,-0.29,-0.098,0.031,0.039,-0.312,-0.056,-0.425,-1.338
EXPD,🏦majority,0.282,3.536,0.236,0.205,-0.064,-0.155,0.298,-0.133,-0.24,-3.259
EXPE,🏦majority,0.442,6.487,-0.022,0.196,-0.231,-0.039,0.213,0.043,0.194,-2.668
EXPO,🏦majority,0.053,4.454,0.026,0.015,0.016,-0.044,-0.176,-0.016,-0.356,0.0
EXR,🎲chase,0.154,3.938,-0.608,-0.039,0.058,-0.022,-0.5,0.051,-0.439,-1.548
EXTR,🏦majority,0.372,6.997,0.021,0.042,-0.27,0.131,-0.059,0.135,-1.036,-1.983
EYE,🏦majority,0.086,7.458,0.356,0.154,-0.201,-0.036,0.487,0.25,0.52,-1.89
EYPT,🏦majority,-0.577,15.623,0.709,-0.843,-0.194,-0.341,0.51,1.789,-4.352,-7.198
EZPW,🎲chase,1.406,6.958,0.064,0.113,0.31,0.094,-0.571,-0.699,-0.708,-2.625
F,🎲chase,0.233,5.634,-0.03,-0.133,0.362,-0.085,0.144,-0.136,0.42,-3.266
FA,🏦majority,0.058,8.039,-0.288,0.147,-0.215,0.011,0.259,-0.044,-0.774,-2.655
FAF,🏦majority,0.346,3.858,0.383,0.155,0.045,-0.175,0.428,-0.43,0.456,-0.551
FANG,🏦majority,0.393,5.32,0.229,0.016,-0.045,0.034,0.074,0.367,-0.463,-4.758
FAST,🏦majority,0.271,3.298,-0.125,0.091,0.084,0.121,-0.12,-0.317,0.029,-1.126
FATE,⚡panic,-2.045,10.973,1.583,0.214,-0.486,0.093,2.546,-0.552,-1.66,0.838
FBIN,🏦majority,-0.257,5.389,-0.057,0.057,0.233,0.167,0.099,0.105,0.759,-1.057
FBK,🎲chase,0.866,6.705,-0.326,0.318,0.129,-0.179,-0.409,-0.227,0.054,-0.221
FBNC,🏦majority,0.362,6.807,0.173,0.34,-0.085,0.46,0.161,-0.303,-0.187,-2.839
FBP,🏦majority,0.448,4.294,-0.169,0.153,0.009,-0.299,-0.089,-0.091,-0.345,1.574
FBRT,🏦majority,-0.598,5.888,0.697,0.051,-0.231,-0.181,0.357,0.598,-0.411,-2.983
FCEL,🏦majority,-2.089,14.411,0.373,-0.056,0.279,-0.257,-0.104,0.642,3.338,-5.931
FCF,🏦majority,0.143,5.012,0.042,0.049,-0.279,-0.25,-0.079,-0.338,-0.55,-1.263
FCFS,🏦majority,0.542,4.101,0.434,0.131,-0.057,0.166,0.304,0.099,-0.331,-1.342
FCN,🏦majority,0.194,4.058,0.261,0.133,-0.015,-0.071,0.057,0.229,-0.027,-1.093
FCNCA,🏦majority,0.371,6.219,0.034,-0.021,-0.099,0.057,-0.254,0.698,-0.231,-1.422
FCPT,🏦majority,0.0,3.154,0.127,0.0,0.0,-0.103,-0.048,0.0,-0.56,-1.038
FCX,🏦majority,0.338,6.358,0.057,0.016,0.066,-0.286,0.243,0.641,0.497,-2.967
FDMT,⚡panic,-1.632,16.973,1.897,0.556,0.214,-0.546,1.703,-0.697,-1.921,-3.938
FDP,🏦majority,-0.215,6.096,0.584,-0.015,-0.539,-0.092,0.399,0.048,0.111,-3.14
FDS,🏦majority,0.199,4.204,-0.247,0.036,0.107,-0.12,-0.051,0.081,0.15,-2.102
FDX,🏦majority,0.348,4.621,0.307,0.247,-0.054,-0.125,0.329,0.068,0.262,-1.438
FE,🏦majority,0.221,2.707,0.065,0.082,-0.052,-0.001,0.142,-0.118,-0.164,-0.445
FELE,🏦majority,0.158,4.004,0.453,0.252,-0.25,-0.041,0.323,-0.514,-0.03,-0.462
FERG,🏦majority,0.388,4.355,-0.221,0.142,-0.057,-0.17,0.077,-0.003,0.058,0.529
FFBC,🏦majority,0.265,5.547,0.243,0.148,0.036,-0.033,0.063,-0.283,-0.421,-3.708
FFIN,🏦majority,-0.03,4.374,-0.086,0.15,0.065,0.03,0.003,0.001,-0.282,-1.189
FFIV,🏦majority,0.546,3.998,0.228,0.244,-0.048,-0.302,0.3,-0.109,0.149,-2.494
FHB,🏦majority,0.038,4.287,0.412,0.142,-0.112,-0.185,0.231,0.038,0.167,-2.868
FHI,🏦majority,0.379,3.488,0.091,0.094,-0.085,-0.132,0.196,-0.002,0.19,-0.461
FHN,🏦majority,0.363,5.454,0.047,0.044,0.042,0.046,0.112,0.027,-0.23,-0.352
FIBK,🏦majority,0.061,4.59,0.363,0.079,-0.035,-0.18,0.462,-0.181,-0.293,-2.644
FICO,🎲chase,0.485,6.112,0.24,-0.223,-0.024,-0.015,-0.333,-0.267,0.36,-5.409
FIGS,⚡panic,-0.52,9.775,0.353,-0.068,0.182,-0.41,0.199,-0.796,1.025,-2.476
FIS,🏦majority,-0.039,4.68,0.11,-0.034,0.099,-0.006,0.096,-0.04,-0.062,-0.031
FISV,🏦majority,0.258,5.578,0.238,0.238,0.01,-0.258,0.238,0.0,0.576,-4.752
FITB,🏦majority,0.241,4.483,0.162,0.148,-0.213,0.066,0.112,-0.063,0.266,-2.974
FIVE,🏦majority,0.253,6.539,-0.09,0.087,0.045,-0.215,-0.222,0.01,-0.38,0.061
FIVN,⚡panic,-0.611,8.233,0.656,-0.076,-0.195,-0.153,0.663,0.307,0.148,-1.664
FIX,🏦majority,1.242,6.337,0.775,0.14,-0.353,-0.135,0.64,-0.046,-0.138,-0.481
FIZZ,🏦majority,-0.11,5.483,0.307,0.191,0.064,-0.136,0.367,0.087,0.041,-1.846
FLEX,🎲chase,0.833,6.567,-0.013,0.106,0.198,-0.004,-0.026,0.411,0.92,-3.562
FLG,🎲chase,0.22,5.578,-0.823,-0.134,0.441,-0.031,-0.673,0.3,-1.943,1.61
FLGT,🏦majority,-0.801,8.833,0.67,0.095,-0.006,0.057,0.611,-0.15,-1.051,-5.993
FLNC,⚡panic,-1.066,13.87,1.207,0.513,-0.207,-0.396,1.36,-0.475,-0.421,-6.404
FLNG,⚡panic,0.231,6.58,0.952,0.127,-0.104,-0.303,0.772,-0.198,0.507,-5.57
FLO,🏦majority,-0.296,3.447,-0.061,-0.077,0.018,0.077,-0.155,-0.283,0.509,-1.385
FLR,🏦majority,0.67,5.988,0.304,0.358,-0.077,-0.195,0.58,0.346,-0.302,-0.792
FLS,🎲chase,0.466,5.115,-0.259,-0.014,0.331,0.043,-0.171,0.033,-0.096,0.191
FLUT,🏦majority,0.243,5.364,-0.433,0.331,0.08,-0.298,0.289,-0.215,0.601,-1.128
FLYW,⚡panic,0.073,8.263,0.08,0.133,-0.073,-0.291,0.332,-0.898,0.885,-2.39
FMC,🏦majority,-0.071,6.601,0.083,-0.016,0.006,-0.036,0.043,-0.315,-0.257,-1.793
FN,🎲chase,0.427,7.686,-0.372,0.371,0.358,0.098,-0.34,-0.379,-0.365,-0.801
FNB,🏦majority,0.203,3.927,0.179,0.051,-0.07,0.015,0.395,0.03,-0.421,-2.792
FND,🏦majority,-0.084,6.192,0.363,-0.048,0.04,0.28,0.134,0.114,-0.738,-3.902
FNF,🏦majority,0.412,3.864,0.327,0.057,0.048,-0.042,0.382,0.005,-0.409,0.115
FNKO,⚡panic,-0.147,12.306,0.65,-0.143,0.051,-0.019,0.77,-0.227,2.714,-3.105
FNV,🏦majority,0.419,4.302,-0.056,0.042,0.086,0.038,-0.061,0.113,-0.548,-3.228
FORM,⚡panic,0.501,8.146,0.82,0.269,0.182,-0.212,0.89,-0.113,-0.501,-6.649
FOUR,🏦majority,-0.057,8.08,0.253,0.232,-0.066,-0.341,0.655,0.052,-0.589,0.716
FOX,🏦majority,0.416,3.831,0.192,0.118,0.001,-0.069,0.087,-0.174,0.21,-2.104
FOXA,🏦majority,0.387,3.934,0.22,0.084,0.021,-0.224,0.188,-0.357,0.744,-1.051
FOXF,🏦majority,-0.546,7.474,0.646,0.023,-0.139,0.014,0.397,0.101,-0.015,-6.57
FPI,🏦majority,-0.185,6.098,-0.207,-0.214,-0.011,0.011,-0.382,0.268,-0.618,-5.385
FR,🏦majority,0.238,3.225,0.196,0.114,-0.008,0.018,0.175,-0.066,0.309,-0.68
FRHC,🏦majority,0.495,6.902,0.03,-0.07,-0.1,0.068,0.028,0.498,-0.488,-1.393
FRME,🏦majority,-0.21,5.672,0.237,0.071,-0.112,-0.055,-0.3,-0.032,0.163,-0.911
FRO,🎲chase,0.88,6.841,-0.409,-0.27,0.221,0.219,-0.001,-0.001,-0.075,-3.174
FROG,🎲chase,0.263,8.016,-0.189,0.117,0.469,0.063,-0.041,0.021,0.114,0.508
FRPT,🏦majority,0.037,7.387,0.032,0.118,-0.068,-0.221,0.038,0.007,-0.126,0.516
FRSH,⚡panic,-0.479,7.927,1.081,0.417,-0.224,-0.475,0.821,-0.573,-0.245,-1.097
FRT,🏦majority,0.086,3.15,0.09,0.189,0.039,-0.027,0.204,-0.104,-0.056,-0.957
FSCO,🏦majority,0.27,3.557,0.265,0.332,0.112,-0.27,0.542,-1.006,-0.125,-2.577
FSK,🏦majority,0.223,3.527,-0.223,-0.023,0.025,0.07,-0.035,-0.118,-0.274,-0.992
FSLR,🏦majority,0.068,7.991,0.69,-0.01,-0.401,-0.015,0.353,-0.059,-0.11,-1.594
FSLY,🏦majority,-0.376,11.887,0.265,-0.037,0.376,-0.039,0.065,0.779,-1.162,-0.538
FSM,🏦majority,0.8,7.845,-0.022,0.539,-0.009,-0.142,0.214,-0.511,-0.263,1.353
FSS,🏦majority,0.447,4.606,0.132,0.019,-0.081,-0.065,0.281,0.252,-0.044,-2.487
FSV,🏦majority,0.05,4.119,0.489,-0.166,0.201,-0.064,0.458,0.441,-0.088,-0.118
FTAI,🎲chase,1.566,8.122,0.116,0.295,-0.089,-0.046,-0.177,0.12,-0.343,-7.122
FTDR,🎲chase,0.253,5.815,-0.27,-0.045,0.076,0.281,-0.227,0.166,0.407,-0.541
FTI,🏦majority,1.053,5.958,0.338,0.163,0.018,-0.171,0.159,-0.367,-0.365,-1.456
FTNT,🏦majority,0.625,6.126,0.341,0.147,-0.163,-0.002,0.054,0.297,-0.072,-3.626
FTRE,🎲chase,-0.44,10.365,-1.111,0.367,-0.008,0.113,0.606,0.221,0.31,3.147
FTS,🏦majority,0.247,2.374,0.082,0.053,0.042,-0.016,0.089,-0.133,0.299,-0.792
FTV,🏦majority,0.17,3.433,0.166,0.295,0.048,-0.187,0.322,-0.268,-0.091,-3.374
FUBO,⚡panic,-2.088,13.761,0.092,0.013,0.048,-0.92,0.465,-0.712,0.086,-2.287
FUL,🏦majority,-0.119,4.251,0.405,-0.036,-0.063,0.037,0.195,0.014,0.367,-2.631
FULC,🎰lottery,-1.369,20.508,-1.664,-0.556,0.626,1.291,-2.636,1.098,4.415,-7.15
FULT,🏦majority,0.125,4.473,0.055,-0.068,-0.076,-0.012,0.115,-0.454,-0.455,-0.275
FUN,⚡panic,-0.207,6.763,0.602,0.163,0.043,-0.256,0.546,-0.254,-0.241,-4.06
FVRR,🏦majority,-1.046,9.016,0.236,0.209,-0.003,-0.273,-0.172,-0.237,-0.218,0.55
FWONA,🏦majority,0.529,5.12,0.528,-0.216,-0.204,0.172,0.086,-0.091,-0.05,1.541
FWONK,🏦majority,0.368,3.636,0.185,-0.035,-0.052,-0.106,0.032,-0.394,-0.2,-1.06
FWRD,🏦majority,-0.41,10.501,-0.106,-0.203,-0.015,0.207,0.141,0.482,0.376,-0.44
FWRG,⚡panic,-0.346,8.318,0.895,-0.31,-0.149,0.029,0.561,-0.425,1.078,-2.243
G,🏦majority,-0.1,4.174,0.303,-0.027,-0.11,-0.012,0.186,0.156,-0.183,0.272
GAP,🏦majority,0.352,6.805,0.411,0.198,-0.523,-0.256,0.629,-0.494,-1.407,2.302
GATX,🏦majority,0.532,4.0,0.308,0.167,-0.084,-0.098,0.288,-0.209,0.098,-2.381
GBCI,🏦majority,-0.025,4.854,0.129,0.156,-0.018,-0.122,0.045,-0.535,-0.197,-0.382
GBDC,🏦majority,0.066,2.523,0.062,0.007,-0.066,-0.134,0.134,-0.001,0.128,-1.251
GBX,🎲chase,0.421,7.114,-0.225,-0.074,0.091,0.194,-0.343,-0.295,-0.204,1.466
GCO,🎲chase,0.23,12.181,-0.23,0.786,0.872,-0.052,0.735,0.679,0.133,-1.931
GCT,🎲chase,0.133,13.81,-0.331,0.021,1.082,0.066,0.491,0.213,1.292,-11.461
GD,🏦majority,0.313,2.773,0.376,0.14,-0.019,-0.136,0.297,-0.079,-0.095,-1.47
GDDY,🏦majority,0.199,4.611,-0.021,-0.025,-0.112,0.112,0.054,0.077,0.354,-3.305
GDOT,🎲chase,-0.694,9.418,-0.331,0.498,0.295,-0.033,0.219,-0.207,0.694,-6.928
GDRX,🏦majority,-0.972,11.003,0.458,-0.717,0.611,0.185,-0.546,-0.561,-2.457,0.534
GDYN,⚡panic,-0.536,10.853,0.536,0.105,0.366,-0.321,1.065,0.213,0.955,-2.355
GE,🏦majority,0.988,4.319,0.032,0.157,0.072,-0.089,0.249,-0.022,0.066,-1.279
GEF,🏦majority,0.129,4.935,0.471,0.06,-0.005,-0.242,0.806,0.248,0.662,-1.666
GEHC,🏦majority,0.03,4.476,0.517,0.19,-0.214,-0.277,0.277,-0.001,-0.069,0.522
GEL,⚡panic,0.602,8.954,1.377,0.009,-0.238,-0.141,0.634,-0.526,-1.199,0.098
GEN,🏦majority,0.156,4.634,-0.011,-0.009,-0.015,-0.008,0.196,0.094,0.598,-0.028
GENI,🎲chase,-0.1,8.466,-1.214,0.1,0.356,0.1,-0.693,-0.223,0.686,-2.544
GEO,🏦majority,0.383,7.556,-0.028,0.092,0.097,-0.149,0.164,0.114,0.204,0.316
GEV,🏦majority,1.929,6.516,1.425,0.158,0.524,-0.017,0.741,0.313,0.72,4.496
GFF,🎲chase,0.424,6.217,-0.351,-0.056,0.048,0.367,0.052,0.636,0.273,0.265
GFL,🏦majority,0.067,4.247,0.247,0.061,0.039,-0.067,0.254,-0.094,-0.413,-1.951
GFS,🏦majority,-0.135,7.426,0.107,0.098,-0.07,0.079,0.013,0.176,-0.181,-2.531
GGG,🏦majority,0.06,3.098,0.143,0.068,-0.087,-0.095,0.298,0.148,-0.06,-1.505
GH,🏦majority,-0.127,9.833,0.351,-0.242,-0.338,0.083,0.142,-0.144,-0.035,-2.796
GHC,⚡panic,0.477,5.491,1.648,0.259,-0.235,-0.284,0.983,-0.125,-0.223,-1.875
GIB,🏦majority,0.095,3.328,0.48,0.129,-0.058,-0.123,0.358,0.052,0.057,-0.872
GIII,⚡panic,0.478,7.252,0.33,0.31,-0.149,-0.372,0.628,-0.259,-0.363,-4.779
GIL,🏦majority,0.285,4.463,-0.075,0.042,0.069,-0.11,0.073,-0.189,-0.116,-1.048
GILD,🏦majority,0.179,3.298,-0.032,-0.074,-0.036,-0.108,-0.117,-0.179,0.344,-1.3
GIS,🏦majority,-0.145,2.915,-0.058,-0.054,0.002,-0.003,-0.125,0.066,0.15,0.102
GKOS,🏦majority,0.594,7.277,0.713,0.229,0.107,-0.131,0.724,0.41,-0.504,-3.792
GL,🏦majority,0.399,4.517,0.36,0.193,-0.172,-0.023,0.183,0.156,-0.138,0.6
GLBE,🏦majority,0.236,8.835,0.416,0.401,-0.088,-0.136,-0.021,-0.148,-0.336,-2.443
GLNG,🏦majority,0.245,5.477,0.451,0.023,-0.319,-0.245,0.344,0.18,-0.497,-0.934
GLOB,🏦majority,-0.283,7.487,0.451,0.154,-0.29,-0.064,0.196,-0.214,0.004,-0.917
GLPI,🏦majority,0.02,2.729,0.328,0.041,-0.071,-0.131,0.294,-0.17,0.183,-1.36
GLW,🏦majority,0.407,5.605,-0.219,0.089,-0.033,-0.066,0.065,-0.037,0.745,-1.49
GM,🏦majority,0.152,5.102,0.013,0.075,0.114,-0.162,0.054,-0.032,0.332,-1.416
GME,🏦majority,-0.798,11.518,0.193,0.142,-0.299,0.058,0.576,0.669,0.06,-5.573
GMED,🏦majority,0.036,5.496,0.132,0.032,0.008,0.049,0.056,0.125,-0.651,-3.293
GNK,🎲chase,0.55,6.254,0.075,-0.09,0.237,0.029,-0.04,-0.448,0.504,-1.317
GNL,🏦majority,-0.317,4.529,-0.124,0.103,-0.059,-0.011,0.06,0.065,0.317,-0.693
GNRC,🏦majority,0.061,7.502,0.079,-0.087,-0.126,0.17,-0.196,-0.048,0.121,-4.352
GNTX,🏦majority,0.0,3.549,-0.051,-0.065,0.071,0.065,0.0,0.193,0.232,-2.774
GNW,🏦majority,0.583,4.473,0.081,-0.049,-0.005,-0.035,-0.233,-0.257,-0.439,1.444
GO,🏦majority,-0.307,6.603,0.065,0.133,-0.129,-0.122,0.168,0.18,0.812,-1.817
GOGO,🏦majority,-0.813,9.733,-0.739,-0.175,-0.254,-0.334,0.065,-0.073,-0.239,-0.119
GOLD,🏦majority,0.0,6.827,0.0,-0.206,-0.275,0.0,0.0,-0.197,-0.914,0.921
GOLF,🏦majority,0.365,4.546,-0.08,0.25,0.057,-0.085,0.149,-0.307,0.229,-1.993
GOOD,🏦majority,-0.547,5.987,-0.024,0.199,-0.001,-0.561,-0.155,0.246,0.16,-1.521
GOOG,🏦majority,0.466,4.35,0.237,-0.002,-0.01,-0.064,0.083,0.051,-0.817,-0.793
GOOGL,🏦majority,0.47,4.384,0.295,0.032,-0.021,0.006,-0.081,0.037,-0.762,-1.399
GOOS,🎲chase,-0.87,7.708,-0.431,0.003,0.079,0.075,-0.375,-0.386,1.409,0.032
GPC,🏦majority,0.087,3.818,0.23,0.018,-0.058,0.019,-0.015,-0.045,-0.161,-1.322
GPI,🏦majority,0.301,5.114,0.533,0.322,0.216,-0.095,0.243,0.466,0.224,-0.053
GPK,🏦majority,-0.108,4.175,0.246,-0.01,-0.074,0.038,0.03,-0.389,-0.559,-0.906
GPN,🏦majority,-0.129,5.024,0.252,0.022,-0.094,-0.066,0.249,-0.312,0.891,-1.904
GPOR,🎲chase,0.676,6.165,-0.353,0.125,0.123,-0.059,-0.22,0.04,-0.041,-1.96
GPRE,⚡panic,-0.473,7.718,0.653,0.332,0.089,-0.271,0.659,0.235,-0.299,-3.467
GPRK,⚡panic,0.0,10.932,1.183,0.239,0.387,0.0,0.754,-0.77,0.684,-7.228
GRAL,⚡panic,1.458,14.117,1.639,-0.131,0.579,-0.161,1.255,0.374,0.616,-1.512
GRBK,🎲chase,0.459,6.758,-0.09,-0.04,0.335,0.196,0.191,0.164,-0.501,-1.87
GRMN,🏦majority,0.37,4.561,0.049,-0.026,-0.045,0.026,0.178,0.056,-0.259,-0.059
GRND,🎲chase,0.536,9.084,-0.599,-0.154,0.341,-0.034,-0.369,0.036,0.026,0.764
GRPN,🎰lottery,-0.343,13.364,-0.838,-0.41,0.488,0.255,-0.778,0.596,0.535,-8.914
GRRR,🎰lottery,-1.975,21.449,0.636,0.27,0.451,0.664,0.163,-1.25,-3.959,-21.717
GS,🏦majority,0.475,4.065,0.051,0.178,0.102,-0.128,0.097,0.286,-0.231,-1.093
GSAT,⚡panic,0.052,11.574,0.656,0.406,-0.064,-0.052,0.61,-0.151,0.279,-6.176
GSBD,🏦majority,-0.155,3.273,-0.076,0.089,-0.075,-0.106,0.155,-0.021,-0.338,-1.861
GSHD,🎲chase,0.058,8.728,-0.933,0.795,0.304,-0.197,-0.386,0.385,0.094,-2.726
GSL,🏦majority,0.847,5.748,0.209,-0.139,0.088,-0.229,0.352,-0.226,0.982,-1.827
GSM,🏦majority,-0.794,10.999,0.208,0.01,-0.088,0.229,0.085,-1.188,-0.48,-4.19
GT,⚡panic,0.0,7.17,0.685,0.268,0.087,-0.073,0.85,-0.579,1.058,-8.103
GTES,🏦majority,0.41,5.054,0.243,0.157,-0.021,-0.152,0.306,-0.11,0.529,-1.587
GTLB,🏦majority,-0.399,10.223,0.313,-0.208,-0.469,-0.049,-0.016,-0.058,-2.219,-2.768
GTLS,🏦majority,0.08,7.386,0.456,0.021,-0.037,0.0,0.143,-0.158,-0.042,-0.335
GTN,🏦majority,-0.347,8.594,0.1,0.199,0.172,0.093,0.095,0.788,0.176,-0.86
GTX,🏦majority,0.593,6.909,0.352,0.175,-0.323,-0.066,0.071,0.368,-0.792,0.451
GTY,🏦majority,-0.096,3.835,0.171,0.032,-0.296,0.192,-0.086,-0.266,0.248,-1.999
GVA,🏦majority,0.488,5.18,0.025,0.144,-0.135,0.104,0.045,0.075,-0.078,-1.69
GWRE,🎲chase,0.275,5.954,-0.245,-0.094,-0.061,0.06,-0.258,0.107,-0.052,-2.015
GWW,🏦majority,0.353,3.506,0.13,0.052,-0.201,-0.066,0.121,0.194,-0.113,-1.353
GXO,🏦majority,-0.121,5.979,0.138,0.177,0.033,0.033,0.306,0.052,0.143,-0.566
H,🏦majority,0.347,4.759,0.481,0.055,-0.2,-0.083,0.303,-0.06,-0.541,-0.279
HAE,🏦majority,0.2,6.192,0.285,-0.358,-0.153,0.012,-0.088,-0.233,-0.424,-3.743
HAL,🏦majority,0.316,5.825,-0.077,0.196,-0.048,0.005,-0.004,-0.086,-0.124,-1.054
HALO,🎲chase,0.407,5.627,-0.466,-0.139,-0.102,0.154,-0.569,-0.214,0.402,-0.506
HAS,🏦majority,0.119,4.544,0.242,0.135,-0.152,-0.131,0.282,-0.364,0.42,-1.41
HASI,🏦majority,0.141,6.866,0.15,0.096,0.149,-0.298,0.051,0.375,0.251,-0.528
HAYW,🏦majority,-0.163,5.613,0.415,-0.132,-0.08,-0.085,0.464,-0.101,0.376,-1.315
HBAN,🏦majority,0.381,4.448,-0.02,0.001,0.183,-0.08,0.135,0.373,0.012,-3.805
HBM,🎲chase,0.967,7.845,-0.224,-0.311,-0.059,0.136,0.065,0.252,1.097,-2.953
HCA,🏦majority,0.402,4.204,0.236,0.034,0.023,-0.075,-0.009,0.02,-0.123,-0.096
HCC,🏦majority,0.386,7.019,0.246,0.098,0.156,0.047,0.227,0.083,-0.287,-5.327
HCI,🏦majority,0.452,8.002,0.418,0.037,0.212,0.233,0.405,-0.415,0.043,-1.927
HCSG,⚡panic,-0.34,7.124,0.515,0.102,0.074,-0.275,0.475,-0.558,0.405,-1.488
HD,🏦majority,0.179,3.378,-0.224,0.02,0.137,-0.036,-0.125,0.082,0.115,-1.523
HDSN,🎰lottery,1.065,11.818,0.693,-0.853,0.532,1.18,-0.29,-0.49,-1.691,-13.614
HE,🏦majority,-0.111,7.218,0.16,0.288,-0.031,-0.158,0.188,-0.259,0.777,0.14
HEI,🏦majority,0.526,3.763,-0.14,0.106,0.046,0.059,-0.003,0.164,-0.332,-1.415
HELE,🏦majority,-0.524,7.462,-0.02,0.068,0.014,-0.002,0.221,0.144,0.281,-1.22
HESM,🏦majority,0.529,3.891,0.044,0.18,-0.147,-0.03,0.001,-0.191,-0.907,-2.631
HG,🏦majority,1.128,5.51,0.6,0.269,0.148,-0.098,0.799,-0.371,0.803,-0.922
HGV,🏦majority,0.128,5.354,0.211,0.167,-0.109,0.264,0.328,0.219,-0.354,-3.409
HHH,🏦majority,-0.118,4.467,0.167,-0.216,0.019,0.197,-0.079,-0.222,-0.077,-0.767
HIG,🏦majority,0.53,2.881,0.389,0.033,0.066,-0.006,0.129,-0.063,0.012,-0.023
HII,🏦majority,0.216,4.371,0.474,-0.049,-0.18,0.015,-0.014,-0.395,-0.259,-3.15
HIMS,🏦majority,-0.115,12.24,0.01,-0.51,-0.201,-0.11,-0.237,-0.178,1.53,-4.007
HIW,🏦majority,0.043,4.252,0.276,0.144,-0.043,-0.108,0.097,-0.227,-0.58,-3.501
HL,🏦majority,0.178,8.301,-0.365,-0.506,-0.301,0.334,0.204,-0.317,0.189,-3.445
HLF,🏦majority,-0.41,8.787,0.288,-0.052,-0.043,-0.234,0.113,-0.558,-0.697,-1.48
HLI,🏦majority,0.333,4.018,0.152,0.031,0.047,-0.077,0.157,0.058,-0.264,-3.39
HLIO,🏦majority,0.013,7.756,0.577,-0.161,-0.421,-0.103,0.545,1.812,-0.013,-2.812
HLIT,⚡panic,-0.077,7.602,0.686,-0.114,0.298,-0.133,1.073,0.039,0.902,-1.036
HLMN,🏦majority,-0.369,6.286,0.239,0.141,0.014,-0.014,0.099,-0.559,0.256,-3.125
HLNE,🏦majority,0.377,5.571,-0.275,-0.035,-0.003,-0.159,-0.131,0.317,-0.099,-2.641
HLT,🏦majority,0.574,3.714,0.139,0.074,0.049,-0.041,0.103,0.141,-0.11,-0.122
HLX,🏦majority,0.619,6.574,-0.016,0.02,-0.507,-0.026,0.026,-0.108,0.211,-2.37
HMN,🏦majority,0.296,4.364,0.294,0.23,-0.079,0.09,0.071,0.079,0.24,-2.232
HNI,🏦majority,0.407,5.418,-0.034,0.384,0.194,-0.432,0.11,0.453,-0.348,-1.263
HNRG,🎲chase,0.612,15.396,0.43,-0.039,1.299,-0.294,-0.103,-1.352,1.681,-0.565
HOG,🏦majority,-0.324,5.301,0.439,0.116,0.058,-0.078,0.383,0.164,0.203,-0.644
HOMB,🏦majority,-0.041,3.653,0.541,-0.031,-0.072,-0.099,0.084,-0.242,0.304,-0.462
HON,🏦majority,0.139,4.415,-0.026,0.021,-0.0,-0.064,-0.025,0.053,0.01,-2.563
HOOD,🎲chase,0.357,9.808,-0.7,-0.265,-0.173,-0.011,-0.641,-0.605,-0.171,-3.759
HOPE,🏦majority,-0.141,5.26,0.335,0.141,-0.241,-0.066,0.362,-0.408,-0.595,-0.93
HOV,⚡panic,-0.165,12.871,1.115,0.417,-0.636,0.029,1.626,-1.348,0.421,-6.866
HP,🎲chase,0.315,6.73,-0.088,0.11,0.2,-0.375,-0.138,-0.536,-0.033,-3.484
HPE,🎲chase,0.685,6.103,-0.318,0.119,0.023,-0.054,-0.388,0.339,0.622,-0.075
HPK,⚡panic,-0.628,14.432,1.615,1.045,-0.758,-0.535,1.916,1.324,0.355,-1.608
HPP,🏦majority,-1.256,9.001,-0.076,0.06,-0.038,0.046,0.193,0.873,0.018,-6.759
HPQ,🏦majority,0.138,4.921,-0.138,0.028,0.143,-0.07,0.003,-0.01,-0.425,-0.795
HQY,🏦majority,0.578,5.228,0.485,0.14,0.191,-0.125,0.326,0.212,-0.629,-2.853
HR,🏦majority,0.034,3.542,0.275,-0.091,0.185,0.024,0.37,0.094,0.026,-0.057
HRB,🏦majority,0.2,4.667,0.106,-0.044,-0.066,-0.009,-0.18,-0.232,0.18,0.228
HRI,🏦majority,0.244,7.576,-0.34,0.054,-0.092,0.175,0.194,0.369,-0.626,-4.573
HRL,🏦majority,-0.074,3.358,0.048,0.032,0.103,-0.074,0.039,-0.206,-0.151,0.282
HRMY,🏦majority,0.281,7.108,0.099,0.446,-0.025,-0.225,0.368,-0.385,0.486,-0.326
HROW,🎲chase,1.558,13.439,-1.228,-0.071,0.628,-0.176,-0.772,-0.395,0.208,-0.179
HSAI,⚡panic,-0.346,13.904,0.769,0.001,-0.589,-0.287,1.103,1.036,0.395,-0.826
HSIC,🏦majority,0.039,3.53,0.358,0.134,0.017,-0.065,0.372,-0.052,0.183,-1.349
HST,🏦majority,0.237,4.197,0.172,0.035,-0.135,-0.022,0.202,-0.52,0.843,0.093
HSY,🏦majority,-0.035,3.313,-0.091,-0.074,0.002,0.024,-0.078,-0.005,0.349,0.525
HTGC,🏦majority,0.31,3.861,0.242,-0.073,-0.198,-0.001,0.056,0.063,-0.184,-0.718
HTH,🏦majority,0.0,4.686,0.637,0.22,-0.144,-0.277,0.442,0.0,0.729,-2.582
HTLD,⚡panic,-0.546,8.355,0.086,0.295,-0.586,-0.554,0.268,-0.492,1.848,-3.659
HTZ,🎲chase,-0.627,9.412,-0.216,0.434,0.215,0.305,-0.367,0.436,-1.414,-1.68
HUBB,🏦majority,0.529,3.911,0.341,0.191,0.013,-0.187,0.278,0.216,0.186,-2.807
HUBG,🏦majority,0.283,5.056,0.491,0.045,-0.212,0.095,0.15,-0.047,0.228,-1.09
HUBS,🏦majority,0.313,7.529,0.559,0.104,-0.212,-0.247,0.058,-0.282,0.116,-2.068
HUM,🏦majority,0.115,5.544,0.137,-0.126,-0.274,0.055,0.035,-0.187,0.001,-0.988
HUN,🏦majority,-0.16,5.692,0.432,0.13,0.081,-0.018,0.235,0.24,-0.206,-0.728
HURN,⚡panic,0.789,6.536,0.95,0.442,-0.095,-0.421,0.997,0.339,-0.218,-1.42
HUT,🏦majority,-0.061,15.434,0.363,-0.3,-1.284,0.02,-0.342,-1.059,-0.284,-7.057
HWC,🏦majority,0.364,4.657,0.062,-0.012,-0.13,-0.113,0.054,-0.268,-0.475,-1.158
HWKN,🎲chase,1.575,7.71,-0.674,0.571,0.273,0.168,-0.169,-0.777,-0.621,2.605
HWM,🏦majority,0.819,4.328,0.129,0.184,-0.022,-0.225,0.089,-0.066,0.085,-0.756
HXL,🏦majority,0.562,4.457,-0.06,0.196,0.028,-0.033,0.244,0.175,-0.257,-1.251
HZO,⚡panic,0.0,8.091,0.846,0.195,-0.115,-0.622,0.206,-0.387,-1.267,-2.249
IAC,🏦majority,-0.008,5.551,-0.109,0.106,-0.092,0.128,0.092,0.071,0.262,-0.762
IAG,🏦majority,1.258,8.263,-0.104,0.344,0.233,-0.019,0.339,0.431,-0.18,2.874
IART,🏦majority,-0.25,7.028,0.146,-0.003,-0.177,-0.184,0.139,0.127,0.042,-3.132
IBKR,🏦majority,0.755,4.756,0.136,-0.246,-0.016,-0.058,-0.18,-0.05,-0.51,-1.215
IBM,🎲chase,0.332,4.521,-0.418,-0.064,-0.036,0.072,-0.312,0.171,0.391,-1.674
IBOC,🏦majority,0.281,4.661,0.291,0.138,0.121,-0.219,0.198,-0.154,0.309,-0.567
IBP,🏦majority,0.526,6.477,-0.255,0.09,-0.169,0.074,-0.117,-0.032,0.218,0.6
IBRX,⚡panic,-1.688,13.426,1.178,0.96,0.145,-0.803,1.097,-0.581,-0.112,-5.747
IBTA,🎲chase,0.403,11.503,-2.173,0.255,-0.376,-0.022,-1.402,0.387,-0.205,0.839
ICE,🏦majority,0.267,3.172,-0.045,0.082,-0.011,0.006,-0.012,0.065,-0.113,-1.245
ICFI,🏦majority,0.244,5.892,0.228,-0.223,-0.103,0.111,-0.561,0.125,-0.346,-0.639
ICHR,🏦majority,-0.067,12.289,0.303,0.363,-0.076,0.385,0.187,1.194,-0.428,-1.055
ICL,🏦majority,-0.418,6.939,-0.154,0.568,0.203,-0.577,-0.068,0.14,0.745,-1.138
ICLR,🎲chase,0.178,6.504,-0.258,0.065,0.35,-0.13,-0.375,-0.244,0.345,-1.527
ICUI,🏦majority,-0.089,5.784,0.109,0.131,0.077,0.009,0.042,0.17,0.12,-1.186
IDA,🏦majority,0.186,2.623,0.354,0.06,-0.054,-0.033,0.239,0.1,-0.145,0.677
IDCC,🎲chase,0.363,5.491,-0.356,0.01,0.041,0.074,0.032,-0.578,0.274,-2.777
IDT,🎲chase,1.602,9.391,-0.569,0.05,0.677,0.13,-0.143,-1.533,0.583,-1.683
IDXX,🏦majority,-0.149,4.674,0.226,0.082,-0.111,-0.012,0.08,-0.017,-0.265,0.326
IDYA,⚡panic,0.23,8.693,0.306,0.449,-0.177,-0.304,0.788,-0.263,-0.394,0.112
IE,🎲chase,0.704,12.552,-1.486,0.059,0.639,0.059,-0.704,0.389,0.409,-9.37
IEP,🏦majority,-0.123,6.977,-0.157,0.123,0.003,0.105,0.104,-0.139,-0.107,-0.406
IESC,🎲chase,2.703,11.134,0.286,0.156,0.402,0.378,0.23,0.349,0.092,1.151
IEX,🏦majority,0.091,3.152,0.04,0.071,-0.122,-0.091,0.299,0.013,0.107,0.105
IFF,🏦majority,0.103,4.43,-0.091,-0.019,0.058,0.005,-0.135,0.014,-0.249,-0.479
IIIV,🏦majority,-0.129,9.169,0.664,0.261,-0.023,0.558,0.192,-1.728,-1.294,-8.503
IIPR,🎲chase,0.082,6.102,-0.817,0.316,-0.021,0.039,-0.57,0.038,-0.082,-3.22
ILMN,🏦majority,-0.178,6.21,0.337,0.237,-0.109,-0.18,0.333,0.104,-0.165,-2.04
IMAX,🎲chase,0.256,6.22,-0.55,0.038,0.027,-0.256,-0.558,-0.256,0.318,-4.074
IMKTA,🏦majority,0.329,5.151,0.483,0.006,0.113,0.019,0.075,-0.047,0.236,-2.236
IMNM,🎲chase,0.066,14.617,-0.512,-0.293,0.269,-0.213,-0.538,-0.121,-0.992,-3.048
IMO,🏦majority,0.955,4.732,0.197,-0.041,-0.134,-0.126,0.103,-0.275,-0.444,-0.289
IMVT,⚡panic,0.126,9.357,0.472,-0.126,0.141,-0.252,0.566,-0.771,-0.369,-0.718
IMXI,🎲chase,0.0,9.256,-0.287,0.131,0.0,0.0,0.127,-0.278,0.359,-5.509
INBX,⚡panic,-0.713,17.572,0.567,0.01,-0.356,-0.408,0.373,0.102,0.313,-1.576
INCY,🏦majority,0.054,4.185,0.293,-0.006,0.001,-0.025,0.174,-0.278,-0.644,-0.802
INDB,🏦majority,-0.099,5.066,0.179,-0.035,-0.143,0.11,0.057,0.158,-0.064,-1.014
INDI,🎲chase,0.097,9.77,-0.511,0.222,0.498,-0.335,-0.288,0.469,-1.212,-1.543
INDV,🏦majority,1.17,10.037,0.431,-0.288,-0.621,0.133,0.59,0.767,-0.555,3.219
INGR,🏦majority,0.116,2.825,0.289,-0.004,0.01,-0.104,0.02,0.173,-0.165,-0.026
INMD,🏦majority,-0.272,7.202,-0.189,0.3,-0.073,0.141,0.156,0.151,0.326,-2.481
INN,⚡panic,-0.109,7.014,1.168,0.413,-0.095,-0.211,1.012,1.553,-0.134,-2.911
INOD,🏦majority,0.222,16.517,1.194,-0.595,-0.131,0.353,0.852,-0.604,0.248,-3.858
INSM,⚡panic,-0.075,7.705,0.814,0.323,-0.102,0.075,0.685,0.137,-0.424,-1.811
INSP,⚡panic,0.089,8.792,0.344,0.22,0.065,-0.204,0.642,-0.356,0.852,-5.234
INSW,🎲chase,0.826,5.877,-0.404,-0.206,0.044,0.073,-0.011,-0.05,-0.202,-2.592
INTA,🏦majority,-0.369,9.51,0.068,-0.275,0.03,0.11,-0.264,0.236,0.057,-2.467
INTC,🏦majority,-0.089,7.737,0.032,0.064,-0.113,-0.115,0.297,0.031,0.807,-3.054
INTR,🎲chase,0.0,6.773,-0.23,0.0,0.372,-0.139,-0.323,0.0,-0.017,-1.505
INTU,🏦majority,0.249,5.225,0.011,0.388,-0.049,0.002,0.215,-0.341,-0.596,-1.163
INVA,🏦majority,-0.176,4.842,0.069,-0.155,-0.061,0.029,-0.061,0.201,-0.829,-2.815
INVH,🏦majority,0.101,3.112,0.201,-0.035,-0.076,-0.101,0.048,0.024,-0.53,-0.758
IONQ,🎰lottery,-0.35,14.919,-0.436,-0.457,-0.108,0.902,-0.396,0.005,0.084,-10.52
IONS,🏦majority,0.129,5.984,0.321,0.277,0.047,-0.33,0.433,-0.278,0.172,-2.271
IOSP,🏦majority,-0.078,4.926,0.034,0.054,0.055,-0.318,-0.17,-0.152,0.789,-2.909
IOT,🏦majority,0.36,9.681,0.433,-0.299,-0.125,0.372,0.054,0.206,-0.099,-6.091
IOVA,🎲chase,-0.991,11.626,-0.023,-0.072,0.377,0.269,-0.062,0.231,1.354,-0.061
IP,🏦majority,-0.027,4.91,0.153,0.152,0.006,-0.086,-0.015,0.048,-0.02,-2.17
IPAR,🏦majority,0.146,5.552,-0.09,-0.212,-0.014,0.191,0.497,-0.146,0.344,0.168
IPGP,🏦majority,-0.24,6.551,-0.128,0.296,0.159,-0.151,0.082,-0.624,0.002,-1.254
IPI,🎰lottery,-0.407,12.811,0.407,-0.238,0.655,0.375,-0.051,1.309,0.409,-11.502
IQV,🏦majority,-0.017,5.001,-0.122,0.007,0.04,-0.083,-0.187,0.059,0.432,-2.281
IR,🏦majority,0.467,4.135,0.099,0.116,-0.065,-0.109,0.354,0.067,0.556,0.187
IRDM,🏦majority,-0.13,6.379,0.256,0.097,0.009,-0.067,0.305,0.13,-0.306,0.197
IREN,🎲chase,0.965,16.67,-0.597,-0.849,-0.681,-0.592,-0.759,0.259,2.314,5.138
IRM,🏦majority,0.515,4.371,-0.207,-0.08,-0.147,0.051,0.026,-0.061,0.047,1.179
IRON,⚡panic,1.141,10.103,1.077,0.076,0.344,-0.785,1.019,-1.031,0.458,2.438
IRT,🏦majority,0.176,3.767,0.11,-0.054,-0.176,0.033,0.124,0.035,0.734,-0.682
IRTC,🏦majority,-0.037,8.707,0.285,0.167,-0.364,-0.136,0.48,-0.323,0.57,1.214
IRWD,🏦majority,-0.151,5.839,-0.015,0.151,-0.069,0.151,0.151,0.231,0.54,-1.176
ISRG,🏦majority,0.121,4.722,0.123,0.16,0.177,-0.044,0.185,0.023,0.477,-3.496
IT,🏦majority,0.195,5.1,-0.128,-0.053,-0.015,-0.086,-0.188,0.052,0.142,-2.608
ITGR,🏦majority,0.293,5.101,0.706,0.148,-0.046,-0.172,0.482,0.02,0.192,-1.067
ITRI,🏦majority,-0.038,5.825,0.279,0.023,-0.12,-0.045,0.099,-0.308,0.554,-2.154
ITT,🏦majority,0.451,4.002,0.028,0.196,-0.154,-0.024,0.036,-0.264,0.106,-2.533
ITW,🏦majority,0.114,2.95,-0.126,0.022,0.021,-0.054,-0.14,0.081,0.16,-0.244
IVR,🎲chase,-0.357,5.98,-0.45,0.014,0.242,0.13,-0.128,-0.11,-0.155,-1.399
IVT,🏦majority,0.27,4.144,0.685,0.265,0.021,-0.27,0.726,0.223,-0.635,0.155
IVZ,🏦majority,0.161,5.135,0.128,0.232,0.133,-0.248,0.242,-0.124,0.187,0.337
J,🏦majority,0.207,3.436,0.498,0.156,-0.057,-0.127,0.246,-0.214,0.176,-1.098
JACK,🏦majority,-0.597,7.22,-0.366,-0.037,0.081,0.061,0.102,-0.054,-0.669,-3.322
JANX,🏦majority,-0.878,13.536,-0.432,-0.053,-0.038,-0.074,0.125,1.388,-0.711,-10.946
JAZZ,🏦majority,0.118,4.618,0.155,0.112,-0.054,-0.213,0.179,0.003,0.106,0.281
JBGS,🏦majority,-0.217,4.678,0.152,-0.037,0.019,0.059,0.144,-0.258,0.408,-0.439
JBHT,🏦majority,0.205,4.278,0.237,0.165,0.017,-0.142,0.229,0.102,0.244,-0.545
JBI,🏦majority,0.0,7.753,0.08,0.0,0.0,0.417,0.275,0.0,0.753,-6.452
JBL,🏦majority,0.806,5.316,0.106,-0.011,0.077,0.109,-0.104,-0.027,0.483,0.88
JBLU,🎲chase,-0.195,7.514,-0.113,0.195,0.195,-0.136,0.195,-0.87,-0.181,-2.671
JBSS,🏦majority,0.054,6.402,0.595,0.119,-0.133,0.393,0.124,-1.307,-1.102,-5.435
JBTM,🏦majority,0.023,5.462,0.373,-0.031,-0.155,-0.176,0.298,-0.343,0.55,
JCI,🏦majority,0.478,4.009,0.093,0.082,-0.103,-0.128,0.241,-0.305,0.369,0.211
JEF,🎲chase,0.655,5.262,-0.681,0.001,0.213,-0.094,-0.189,0.279,0.452,-0.076
JELD,🏦majority,-0.556,9.114,-0.059,-0.228,0.099,0.324,-0.061,-0.06,-2.308,-4.214
JHG,🏦majority,0.136,4.367,0.215,0.059,0.004,-0.077,0.033,-0.028,-0.039,0.233
JHX,⚡panic,0.165,10.078,0.838,-0.694,-0.264,-0.28,1.485,-0.113,-1.86,2.495
JJSF,🏦majority,-0.327,4.789,0.293,-0.014,-0.078,-0.172,0.267,0.032,-0.113,-0.64
JKHY,🏦majority,0.041,3.257,0.302,-0.001,-0.239,0.062,0.143,-0.218,0.288,0.144
JLL,🏦majority,0.534,5.024,0.14,0.073,0.102,-0.037,0.153,-0.184,0.24,-3.164
JNJ,🏦majority,0.088,2.453,-0.135,-0.037,0.014,-0.04,-0.218,0.154,-0.231,-0.528
JOBY,⚡panic,-0.87,11.058,1.008,0.362,-0.484,-0.24,0.966,-0.714,1.088,-7.53
JOE,🏦majority,0.242,5.811,0.134,0.098,-0.188,0.079,0.149,-0.122,-0.287,-4.835
JPM,🏦majority,0.586,3.444,0.006,0.069,0.025,-0.023,-0.209,0.04,-0.414,-0.663
JXN,🏦majority,0.81,6.065,0.129,-0.063,-0.018,0.093,0.088,-0.204,0.135,-0.224
KAI,🏦majority,0.275,5.696,0.062,-0.024,0.152,0.165,0.121,-0.127,0.311,2.046
KALU,🎲chase,0.963,8.206,-0.344,0.055,0.079,-0.247,-0.64,-0.529,-0.014,-1.79
KALV,🏦majority,0.15,16.676,0.657,-0.15,0.135,0.258,0.038,1.682,-0.187,-14.679
KBH,🏦majority,0.125,5.153,0.25,0.247,-0.163,0.05,0.442,0.132,-0.664,-0.542
KBR,🏦majority,0.171,4.074,0.385,-0.171,-0.088,0.064,0.052,0.046,-0.209,-2.896
KD,🏦majority,0.0,8.093,0.375,0.164,0.042,0.0,0.25,-0.232,-1.074,-0.488
KDP,🏦majority,0.151,2.966,0.187,0.057,0.035,-0.04,0.133,-0.112,0.146,-0.961
KEX,🏦majority,0.356,4.598,0.322,0.124,0.058,-0.009,0.219,-0.226,0.418,-0.78
KEY,🏦majority,0.206,5.165,-0.206,0.225,0.001,-0.106,0.012,-0.092,0.034,-1.621
KEYS,🏦majority,0.49,4.838,0.096,0.024,0.058,0.117,0.182,-0.168,0.111,-2.202
KFRC,🏦majority,-0.016,7.551,0.069,0.244,-0.325,-0.095,0.113,-0.14,-0.154,-5.57
KFY,🏦majority,0.236,4.104,0.296,0.095,-0.174,-0.19,0.301,0.357,-0.144,-0.79
KGC,🏦majority,1.009,5.887,-0.277,0.196,-0.068,-0.117,-0.023,0.135,0.794,-1.484
KGS,🏦majority,1.082,5.693,-0.041,0.038,0.113,-0.213,0.159,-0.443,-0.366,1.793
KHC,🏦majority,-0.152,3.132,0.194,-0.05,-0.104,-0.058,0.122,-0.077,0.596,-0.205
KIM,🏦majority,0.106,3.424,0.225,0.141,-0.106,0.032,0.288,-0.007,0.102,-1.078
KKR,🎲chase,0.433,5.285,-0.234,-0.001,0.033,0.284,-0.045,0.313,-0.614,-2.635
KLAC,🏦majority,0.775,5.979,0.417,0.358,-0.143,-0.211,0.517,0.16,-0.467,-1.547
KLIC,🏦majority,-0.021,6.479,0.381,0.021,-0.01,-0.134,0.124,-0.598,-0.689,-1.317
KMB,🏦majority,-0.085,2.883,-0.034,-0.059,-0.077,-0.084,-0.088,-0.047,-0.044,-0.716
KMI,🏦majority,0.312,3.311,0.363,0.084,-0.132,-0.112,0.213,0.059,0.445,-1.414
KMPR,🏦majority,-0.073,5.294,-0.03,0.104,-0.195,-0.037,0.303,0.562,0.273,-6.276
KMT,🏦majority,0.0,5.018,0.614,0.251,0.249,-0.106,0.319,-0.248,-1.201,-1.463
KMX,🏦majority,-0.099,5.916,-0.243,0.22,-0.106,-0.183,0.315,0.035,-0.654,-2.177
KN,🏦majority,0.42,5.178,-0.103,0.138,-0.071,-0.116,-0.171,-0.217,0.19,-1.179
KNF,🏦majority,0.315,5.876,-0.107,0.081,0.01,-0.253,0.436,-0.389,0.113,-1.239
KNSA,⚡panic,0.876,9.985,0.794,0.338,-0.273,-0.526,0.558,-0.179,1.866,-0.153
KNSL,🏦majority,0.352,5.633,0.528,0.075,-0.022,0.027,0.396,-0.288,0.209,1.303
KNTK,🏦majority,0.324,5.11,0.609,0.199,-0.118,-0.281,0.054,-0.08,-0.003,-1.859
KNX,🏦majority,0.108,4.392,0.255,0.227,0.087,-0.159,0.241,0.116,0.368,-0.106
KO,🏦majority,0.105,2.324,-0.011,-0.155,0.001,0.024,0.006,0.059,0.162,-2.391
KOD,🎰lottery,-0.176,16.937,-1.303,-0.332,-0.931,0.589,-0.561,0.329,-1.313,-5.981
KODK,🏦majority,-0.212,10.485,-0.058,-0.061,0.069,-0.325,0.041,-0.156,-1.256,-4.234
KOS,🏦majority,-0.149,7.318,0.67,-0.197,0.281,-0.003,0.149,-0.029,-0.383,-0.955
KPTI,⚡panic,-1.363,18.099,0.338,-0.531,-0.869,0.928,1.268,-2.55,2.337,3.481
KR,🏦majority,0.133,3.746,0.419,0.054,0.097,-0.21,0.189,-0.067,0.22,-0.828
KRC,🏦majority,-0.088,4.859,-0.007,-0.144,-0.066,0.11,0.088,-0.14,0.511,-1.999
KREF,🏦majority,-0.432,5.867,-0.342,0.156,-0.065,0.001,-0.139,0.018,-1.287,-3.083
KRG,🏦majority,0.181,3.627,0.276,0.142,-0.035,-0.139,0.441,0.032,0.166,-1.137
KRNT,⚡panic,-1.046,10.892,0.444,0.16,0.411,-0.131,0.264,-1.221,0.496,-10.067
KROS,🏦majority,0.0,12.368,-0.403,-0.278,-0.58,-0.566,-0.104,1.175,0.653,-6.932
KRP,⚡panic,0.245,5.064,0.58,0.123,-0.245,-0.313,0.895,-0.089,-0.604,-1.092
KRUS,🎰lottery,-0.231,12.925,-0.305,-0.438,0.546,0.698,-0.619,-0.791,-0.408,-1.244
KRYS,⚡panic,0.471,8.681,1.329,0.271,-0.315,-0.124,1.154,-0.338,-0.054,-1.829
KSS,⚡panic,-0.362,8.95,0.634,0.028,0.019,0.062,0.23,-0.596,0.653,-5.39
KTB,🏦majority,0.283,5.989,0.184,-0.166,-0.093,-0.025,0.086,0.077,-0.613,-0.223
KTOS,🏦majority,0.355,7.51,-0.287,0.118,-0.018,-0.132,0.188,-0.446,-0.848,-0.509
KURA,🎲chase,-0.435,9.94,-0.727,0.009,-0.281,0.058,-0.724,0.156,0.065,-2.296
KVUE,🏦majority,-0.221,3.658,0.221,-0.018,-0.006,-0.176,0.061,-0.059,-0.349,-0.641
KVYO,🏦majority,-0.069,8.426,0.899,-0.38,0.311,-0.124,0.152,0.603,-0.121,-2.286
KW,🏦majority,-0.089,5.527,0.089,0.089,0.135,-0.278,0.089,-0.27,0.359,-0.599
KWR,🏦majority,-0.509,6.997,0.124,-0.078,0.191,-0.398,0.182,0.266,-0.438,-2.219
KYMR,🏦majority,0.0,11.211,0.139,-0.266,-0.337,-0.248,0.487,-0.336,-1.631,-1.349
L,🏦majority,0.437,2.547,0.13,0.114,0.088,-0.192,0.129,-0.071,0.171,-0.832
LAC,⚡panic,0.018,10.376,0.474,-0.018,-0.378,-0.055,0.561,-0.577,-0.229,-4.448
LAD,🏦majority,0.18,5.453,0.312,0.028,0.024,0.057,0.171,0.081,-0.085,-2.794
LADR,🏦majority,0.2,4.417,0.411,0.072,-0.298,-0.2,0.086,-0.103,-1.228,-1.141
LAMR,🏦majority,0.168,3.618,0.125,0.081,-0.108,-0.004,0.117,0.275,-0.135,-1.993
LAND,🎲chase,-0.43,7.021,-0.812,-0.442,0.033,0.199,-0.63,0.486,0.132,-3.938
LASR,⚡panic,1.146,13.778,0.778,0.723,-0.782,-0.214,0.232,-1.603,0.301,4.616
LAUR,🏦majority,0.737,5.574,0.361,0.127,-0.055,-0.098,0.249,-0.129,0.017,-2.574
LAZ,🏦majority,0.0,5.288,-0.245,0.094,0.066,-0.119,-0.18,-0.073,-0.333,0.802
LB,🎲chase,0.871,11.146,-0.013,0.163,0.108,0.499,-0.4,0.875,-0.595,-1.601
LBRDA,🎲chase,-0.347,7.225,-0.705,0.052,0.03,0.121,-0.564,0.08,-0.49,-2.799
LBRDK,🎲chase,-0.288,6.135,-0.648,-0.07,-0.075,0.154,-0.455,0.426,0.562,-4.29
LBRT,🏦majority,0.485,8.086,0.124,0.107,-0.057,-0.088,0.431,0.058,1.333,-1.509
LBTYA,🏦majority,0.0,4.739,0.183,0.213,0.166,-0.185,0.329,-0.185,0.842,-1.887
LBTYK,🏦majority,-0.055,4.783,0.467,0.308,0.055,-0.124,0.528,-0.134,0.54,-1.827
LC,🏦majority,0.0,9.406,0.098,0.156,-0.332,-0.184,0.347,-0.116,-0.354,-2.549
LCID,⚡panic,-1.952,11.095,1.57,0.011,-0.637,-0.321,0.752,-0.304,0.25,-6.026
LCII,🏦majority,-0.133,5.444,0.112,0.114,0.084,0.023,0.023,0.069,0.608,-1.065
LDOS,🎲chase,0.342,3.963,-0.371,-0.032,0.03,0.003,-0.245,-0.05,-0.05,-2.598
LEA,🏦majority,0.016,4.578,0.581,-0.008,-0.058,-0.143,0.397,0.053,0.348,-1.512
LECO,🏦majority,0.279,3.829,0.117,-0.078,0.071,0.162,-0.02,-0.018,0.147,-0.875
LEG,🏦majority,-0.577,5.867,0.519,0.083,0.155,0.035,0.292,-0.263,-0.225,-0.336
LEN,🏦majority,0.0,4.666,-0.061,0.336,-0.013,-0.147,0.131,0.045,-0.361,-3.126
LESL,🏦majority,-1.5,10.26,0.908,0.279,-0.34,-0.082,0.534,1.232,-0.893,-1.391
LEU,⚡panic,0.801,14.108,1.605,-0.526,0.324,0.043,0.78,-0.063,1.769,-8.056
LEVI,🏦majority,0.108,5.244,0.178,0.074,-0.173,-0.18,0.054,-0.362,0.563,-2.201
LFST,🎲chase,0.146,10.661,-0.281,0.001,0.221,0.05,-0.146,-0.146,0.57,-6.479
LFUS,🏦majority,0.343,5.31,-0.016,0.007,-0.182,-0.118,0.259,-0.037,-0.442,-4.908
LGIH,🏦majority,-0.705,7.166,0.244,0.046,-0.336,0.079,0.601,0.048,0.351,-1.553
LGND,🎲chase,0.6,7.656,-0.005,-0.308,-0.256,0.17,-0.585,0.093,0.177,-2.251
LH,🏦majority,0.116,3.255,0.047,0.156,0.084,-0.15,0.05,-0.15,-0.224,-2.397
LHX,🏦majority,0.176,3.422,0.014,0.057,-0.118,-0.032,0.005,-0.119,-0.293,0.242
LIF,⚡panic,0.781,9.137,0.182,0.022,-0.253,-0.232,0.448,-1.162,-0.215,-3.488
LII,🏦majority,0.143,4.463,-0.076,0.085,-0.148,-0.17,-0.224,0.06,-0.089,-2.057
LILAK,🏦majority,0.0,7.326,0.317,0.262,0.0,0.0,0.321,0.776,-2.343,-3.28
LIN,🏦majority,0.349,2.755,0.159,0.008,-0.204,-0.036,0.02,0.089,-0.189,-0.069
LIND,🎲chase,1.483,16.947,-0.315,0.126,0.671,-0.715,-0.008,-2.066,2.445,-8.086
LINE,🏦majority,-0.783,5.012,0.838,-0.158,-0.276,-0.093,0.73,0.042,-0.091,-3.13
LITE,🏦majority,0.505,8.206,0.356,-0.198,0.046,-0.008,0.495,-0.505,-0.207,-3.07
LIVN,🏦majority,0.06,5.698,0.326,0.094,0.154,-0.125,0.559,-0.131,0.021,-3.362
LKFN,🏦majority,-0.052,6.167,0.238,0.012,-0.446,-0.03,0.314,-0.39,-0.061,-0.633
LKQ,🏦majority,-0.02,3.977,0.124,0.167,-0.08,-0.049,0.24,0.152,-0.42,-4.568
LLY,🎲chase,0.748,4.69,-0.342,0.032,0.087,0.062,-0.363,-0.016,-0.083,-4.021
LLYVK,🏦majority,0.97,5.055,-0.413,-0.094,-0.271,0.273,-0.246,0.642,-0.651,-1.915
LMAT,🏦majority,0.549,6.459,0.216,0.248,0.008,-0.135,-0.088,0.059,-0.019,-2.112
LMB,⚡panic,1.502,10.859,1.187,-0.063,0.644,0.377,1.203,-0.633,-1.333,-0.458
LMND,🏦majority,-1.06,11.872,-0.263,-0.306,-0.009,0.023,-0.295,-0.158,-1.802,-2.544
LMT,🏦majority,0.23,3.484,0.224,-0.029,-0.059,0.02,-0.11,0.025,0.027,-0.239
LNC,🏦majority,0.477,5.84,-0.152,0.351,0.017,-0.155,0.18,-0.165,0.431,-2.746
LNG,🏦majority,0.328,4.115,0.636,-0.019,-0.113,-0.281,0.48,-0.356,0.159,-1.607
LNN,🏦majority,-0.063,5.65,0.525,0.289,-0.45,-0.009,0.161,-0.084,-0.414,-3.801
LNT,🏦majority,0.248,2.681,0.259,0.078,-0.079,-0.071,0.259,-0.026,-0.029,-1.567
LNTH,🏦majority,0.552,8.543,0.049,0.081,0.024,-0.248,0.364,-0.276,0.629,-1.048
LOAR,🏦majority,-0.038,6.861,0.25,0.178,0.055,-0.163,-0.112,0.36,-0.595,0.278
LOB,🎲chase,-0.048,8.83,-0.254,0.148,0.202,0.19,-0.675,-0.07,-0.95,-2.526
LOGI,🏦majority,0.284,5.004,0.123,-0.045,-0.098,-0.088,-0.046,-0.009,-0.532,1.331
LOPE,🏦majority,0.4,4.43,0.094,-0.094,0.104,-0.121,0.09,-0.018,-0.063,-1.659
LOVE,🎰lottery,-0.973,11.851,-0.924,0.051,-0.529,0.519,-1.294,0.398,0.015,-9.026
LOW,🏦majority,0.089,3.601,-0.037,0.087,0.066,-0.075,-0.123,0.062,-0.099,-0.602
LPG,🎲chase,0.992,6.736,0.004,-0.307,0.196,-0.03,-0.007,0.109,0.527,-3.891
LPLA,🏦majority,0.713,5.056,0.11,0.228,-0.025,-0.381,0.076,-0.361,0.189,-1.644
LPRO,⚡panic,-2.214,10.769,0.568,-0.031,-0.089,-0.665,0.698,-0.967,-0.227,-8.192
LPX,🏦majority,0.033,5.655,0.223,-0.382,0.029,-0.039,0.068,-0.133,0.627,-6.838
LQDA,🎲chase,1.731,11.699,0.06,-0.019,0.104,-0.233,-0.622,-0.135,0.171,-0.451
LRCX,🏦majority,0.87,6.491,0.066,0.534,-0.234,-0.189,0.316,-0.064,0.376,0.335
LRN,🏦majority,0.644,7.508,0.263,0.097,-0.266,-0.131,0.446,-0.278,-0.111,-1.676
LSCC,🏦majority,0.595,7.481,0.502,0.211,0.004,-0.234,0.19,0.336,-0.076,-3.81
LSPD,🏦majority,-0.75,9.313,0.43,-0.12,-0.063,0.06,0.466,0.016,-1.099,-6.925
LSTR,🏦majority,0.063,3.802,0.476,0.165,-0.074,-0.055,0.356,-0.075,-0.241,-0.678
LTBR,⚡panic,-0.281,18.235,1.245,-0.322,-0.365,-0.19,1.101,-0.496,-0.029,-11.461
LTC,🏦majority,0.111,3.385,0.204,0.103,-0.111,-0.041,0.045,-0.041,0.513,-1.829
LTH,🎲chase,0.462,7.454,-0.041,0.049,0.321,0.132,0.002,0.58,0.756,-3.076
LULU,🎲chase,-0.245,5.99,-0.499,-0.121,0.086,0.07,-0.711,-0.002,0.787,-1.321
LUMN,🎲chase,-0.38,9.146,-0.644,0.38,0.188,-0.111,0.05,-0.369,0.982,-4.013
LUNR,🎲chase,-0.13,17.606,-1.041,0.031,0.13,0.678,-0.423,-0.622,-2.085,3.337
LUV,🎲chase,0.155,5.53,-0.196,-0.047,0.079,0.056,-0.082,0.093,0.238,-3.121
LVS,🏦majority,-0.124,5.52,0.183,-0.035,0.07,-0.144,0.1,-0.142,0.58,-5.63
LW,🏦majority,0.422,5.413,-0.252,0.155,0.078,-0.068,0.122,-0.27,0.152,0.406
LWLG,⚡panic,-1.065,17.203,1.212,-0.389,0.15,-0.744,0.007,-0.294,0.925,1.622
LXP,🏦majority,0.235,3.595,-0.177,0.017,-0.016,-0.055,-0.235,-0.274,-0.598,0.435
LXU,🎲chase,-0.072,11.26,-0.233,0.261,0.884,-0.168,0.24,-0.249,-0.256,0.428
LYB,🏦majority,-0.177,4.563,0.436,0.125,0.074,0.002,0.34,-0.096,-0.223,-0.863
LYFT,🎲chase,-0.691,9.619,-0.287,0.095,0.39,-0.304,-0.093,-0.795,0.335,-3.87
LYV,🏦majority,0.476,4.703,-0.334,0.004,0.022,-0.148,0.105,-0.053,-0.278,-2.166
LZ,🏦majority,-0.35,8.615,0.461,-0.034,-0.12,0.026,0.564,0.013,0.35,-6.767
LZB,🏦majority,-0.374,5.154,0.374,0.186,-0.023,-0.069,0.276,-0.017,0.528,0.885
M,🏦majority,0.0,7.234,0.234,-0.077,-0.108,-0.28,0.062,-0.089,-0.862,-1.549
MA,🏦majority,0.388,3.294,0.102,0.078,0.067,-0.061,0.083,-0.285,-0.371,-0.149
MAA,🏦majority,-0.052,3.019,0.059,-0.026,-0.079,-0.119,0.155,-0.279,-0.148,-2.113
MAC,🏦majority,0.382,5.75,0.352,0.115,0.03,-0.093,0.288,-0.067,-0.829,-2.96
MAIN,🏦majority,0.373,3.049,0.078,0.022,-0.092,0.21,0.006,0.09,0.028,-1.166
MAN,🏦majority,-0.149,5.449,0.361,0.163,0.098,-0.273,0.078,-0.197,-0.16,-1.377
MANH,🏦majority,0.257,5.554,0.136,-0.257,-0.018,0.004,-0.217,-0.008,-0.062,-2.17
MANU,🏦majority,-0.043,8.465,0.217,0.417,-0.026,-0.268,0.043,0.828,0.452,-5.035
MAR,🏦majority,0.548,4.058,-0.129,0.109,0.067,0.001,-0.06,0.047,0.083,-1.155
MARA,🎰lottery,-0.927,15.037,-0.349,-0.553,-0.308,0.554,-0.358,0.0,-2.955,-5.005
MAS,🏦majority,-0.115,4.214,0.078,0.014,-0.015,0.043,0.172,-0.063,-0.316,-2.07
MASI,🏦majority,0.006,6.067,-0.016,0.034,-0.051,0.138,0.058,-0.016,-0.178,-2.29
MAT,🏦majority,-0.098,5.063,0.467,0.044,-0.03,-0.069,0.173,-0.285,-1.213,-3.01
MATV,🏦majority,-1.258,11.97,0.282,-0.453,-0.968,0.119,0.608,-0.315,2.016,-5.58
MATX,🏦majority,0.673,5.564,-0.15,0.276,0.148,-0.163,0.276,-0.283,0.502,1.037
MAX,🎰lottery,-1.03,17.843,-2.18,-0.648,0.683,0.425,-1.22,2.215,-4.383,-5.432
MBC,🏦majority,0.152,7.049,0.066,-0.152,0.117,-0.07,0.051,0.475,-0.52,-0.374
MBLY,🏦majority,-0.573,8.535,0.313,0.026,-0.062,-0.058,-0.027,-0.079,-1.076,-1.728
MBUU,⚡panic,-0.502,7.524,0.446,-0.026,-0.168,-0.046,0.589,-1.008,-1.492,-2.114
MC,🎲chase,0.309,5.432,-0.598,0.086,0.144,0.016,-0.411,-0.129,0.271,-4.911
MCB,🎰lottery,0.534,12.244,-0.604,-0.446,-0.348,0.303,-1.284,1.144,0.693,-3.653
MCD,🏦majority,0.096,2.453,-0.209,0.085,0.065,-0.045,-0.076,0.148,0.063,0.105
MCHP,🏦majority,-0.117,6.025,0.51,0.156,0.083,-0.013,0.436,-0.23,-0.511,-1.698
MCK,🏦majority,0.571,3.421,0.459,0.125,0.015,-0.085,0.339,-0.052,-0.015,-0.679
MCO,🏦majority,0.274,3.666,0.032,0.018,-0.059,0.013,0.234,0.009,0.103,0.413
MCRI,🎲chase,0.874,7.118,0.088,0.018,0.069,-0.011,0.192,-1.691,-0.101,-1.711
MCY,🏦majority,0.313,5.826,0.036,-0.175,-0.092,-0.044,-0.416,0.16,-0.178,-3.451
MD,🏦majority,-0.141,7.046,0.141,0.318,0.1,-0.211,0.354,0.141,-0.222,-0.407
MDB,🏦majority,0.243,9.89,0.428,-0.07,0.262,-0.101,0.192,-0.289,-0.959,-6.679
MDGL,🏦majority,-0.309,9.532,0.532,0.194,-0.094,-0.145,0.444,0.578,-0.141,-4.523
MDLZ,🏦majority,0.139,2.719,0.092,-0.045,-0.009,-0.023,0.062,0.031,0.094,-0.406
MDT,🏦majority,-0.131,3.046,-0.007,0.055,0.093,-0.018,0.212,-0.063,0.016,-1.522
MDU,🏦majority,0.258,3.169,0.28,0.178,-0.077,-0.137,0.274,-0.088,-0.136,-0.282
MEDP,🏦majority,0.58,6.858,1.064,0.251,0.002,0.024,0.644,0.29,-0.138,0.469
MEI,⚡panic,-0.965,15.151,0.286,0.318,0.413,-0.221,0.094,-0.754,-0.444,-6.105
MELI,🏦majority,-0.005,6.899,0.141,-0.1,-0.225,0.092,0.01,-0.066,0.13,-4.684
MEOH,🏦majority,0.503,6.111,0.119,0.22,0.004,-0.26,0.422,0.187,-0.415,-0.451
MET,🏦majority,0.535,3.544,-0.036,0.12,0.043,-0.073,-0.098,-0.095,0.759,-0.668
META,🎲chase,0.608,7.047,-0.272,0.095,0.308,0.172,-0.02,0.356,0.563,-0.539
METC,🎲chase,-0.418,13.88,0.207,0.173,0.778,-0.292,-0.197,-1.213,-0.612,-11.216
MFA,🏦majority,-0.109,4.846,-0.055,0.109,-0.001,0.109,0.205,0.109,0.109,-1.604
MFC,🏦majority,0.628,3.27,-0.068,0.08,0.082,0.179,0.034,0.25,0.139,-1.087
MFIC,🏦majority,0.0,5.301,0.088,-0.179,0.12,0.075,0.169,-0.346,1.018,-1.749
MGA,🏦majority,0.018,4.85,0.288,-0.018,0.249,-0.113,0.441,0.223,-0.286,-2.706
MGEE,🏦majority,-0.037,4.803,0.529,0.068,-0.227,-0.44,0.649,0.564,-0.016,-0.069
MGM,🏦majority,0.14,5.451,0.048,0.239,-0.047,-0.032,-0.084,-0.077,-0.858,-0.587
MGNI,⚡panic,-0.239,10.282,0.046,0.126,-0.037,-0.154,0.326,-0.334,0.685,-2.639
MGPI,🏦majority,-0.153,6.548,0.114,0.264,0.086,-0.189,0.177,-0.53,0.208,-3.001
MGRC,🏦majority,0.043,4.654,0.408,-0.092,0.02,-0.029,0.369,-0.374,-0.166,0.352
MGY,🏦majority,0.486,5.325,0.04,-0.007,0.145,-0.147,-0.091,0.021,-0.01,-1.803
MHK,🏦majority,-0.446,5.58,0.509,-0.082,-0.007,0.022,0.034,-0.208,0.2,-4.885
MHO,🏦majority,0.394,5.634,0.636,-0.005,0.101,-0.155,0.422,0.405,-0.402,-1.672
MIDD,🏦majority,0.148,4.898,0.2,-0.259,0.177,0.102,0.366,0.025,-0.072,-1.4
MIR,🏦majority,0.388,7.133,0.601,-0.193,-0.121,-0.053,0.327,-0.622,0.554,-2.386
MIRM,⚡panic,0.649,8.0,0.695,0.066,-0.024,-0.038,0.531,-0.595,-0.456,-1.772
MITK,🏦majority,-0.573,9.915,0.934,-0.346,0.239,-0.265,0.174,-0.025,0.456,-5.115
MKC,🎲chase,-0.144,3.542,-0.225,-0.124,0.042,-0.016,-0.301,-0.319,-0.456,-2.649
MKL,🏦majority,0.252,3.009,0.188,0.004,-0.062,-0.106,0.152,-0.042,-0.16,0.294
MKSI,🏦majority,0.322,6.865,0.255,0.278,0.07,0.052,0.297,-0.108,-0.753,-2.171
MKTX,🏦majority,-0.401,5.31,0.026,-0.075,-0.105,-0.17,0.19,-0.017,-0.074,-2.554
MLAB,🏦majority,-1.287,10.036,0.657,0.61,-0.162,0.391,0.064,-0.85,-0.541,-9.715
MLI,🏦majority,0.704,4.694,0.282,0.269,-0.045,-0.076,0.288,-0.003,-0.045,-1.458
MLKN,🏦majority,0.103,7.048,0.366,-0.024,0.098,0.055,-0.153,0.442,-1.266,-1.053
MLM,🏦majority,0.233,3.621,0.288,0.031,0.009,-0.215,0.184,-0.253,-0.17,-0.051
MLTX,⚡panic,0.363,13.186,1.399,0.21,0.187,-0.029,1.111,-0.693,0.299,-1.276
MLYS,🏦majority,-0.747,15.174,0.659,0.175,-0.524,0.235,0.656,0.745,-2.382,-14.024
MMI,⚡panic,-0.352,7.798,0.245,0.352,-0.227,-0.145,0.725,-1.024,0.06,-2.146
MMM,🏦majority,-0.091,3.81,-0.011,0.118,-0.033,-0.149,0.145,-0.083,0.408,-2.573
MMS,🏦majority,-0.012,3.996,0.012,0.176,-0.058,-0.128,-0.019,-0.072,-0.267,-4.199
MMSI,🏦majority,0.329,4.114,-0.052,0.183,0.11,-0.03,0.158,0.134,-0.036,-1.778
MMYT,🏦majority,0.191,7.139,0.53,-0.261,-0.118,0.055,0.702,0.527,-0.668,-0.651
MNDY,🏦majority,-0.304,10.354,0.436,-0.221,-0.439,0.197,0.085,0.038,0.409,-2.656
MNRO,🏦majority,-0.625,6.594,0.338,0.101,-0.235,0.079,0.143,0.078,-0.128,-2.98
MNST,🏦majority,0.363,3.243,-0.105,0.047,0.167,-0.056,0.006,-0.219,-0.029,0.241
MO,🏦majority,0.288,3.028,0.111,-0.009,-0.046,-0.14,0.111,-0.053,-0.135,-0.783
MOD,🏦majority,1.221,9.77,0.479,0.221,-0.03,0.424,0.328,0.11,-0.164,1.042
MOH,🎲chase,0.247,5.705,-0.404,0.024,0.121,-0.321,-0.268,-0.091,-0.08,-1.35
MORN,🏦majority,0.088,4.879,-0.125,-0.042,0.059,-0.064,-0.078,-0.266,-0.051,-3.616
MOS,🎲chase,0.096,5.851,-0.151,0.155,0.148,0.182,-0.178,0.042,-0.538,-2.193
MP,🏦majority,-0.131,9.655,0.169,0.131,0.153,-0.069,0.139,-0.138,-1.133,1.013
MPC,🎲chase,0.82,4.748,-0.33,-0.177,0.103,-0.097,-0.171,0.097,0.845,-1.416
MPLX,🏦majority,0.448,2.799,0.42,0.089,-0.038,-0.045,0.376,-0.087,-0.129,-0.744
MPWR,🏦majority,0.75,6.885,0.218,0.397,0.223,-0.117,0.303,0.052,0.341,0.764
MQ,🏦majority,-0.322,8.434,0.876,0.08,-0.124,-0.325,0.729,0.208,-2.323,-7.708
MRCY,🏦majority,0.0,6.728,0.061,0.0,-0.165,0.0,0.132,0.219,0.435,-3.148
MRK,🏦majority,0.113,3.515,-0.137,0.01,0.068,-0.04,-0.057,0.142,-0.427,-0.661
MRNA,🎲chase,-0.375,9.847,-0.417,-0.031,0.099,0.187,-0.042,0.426,0.116,-3.398
MRTN,🏦majority,-0.235,5.901,-0.05,-0.016,-0.053,-0.113,-0.003,0.12,-0.395,0.85
MRVI,🏦majority,-0.771,9.891,0.683,-0.195,-0.295,0.228,0.198,-0.132,0.201,0.052
MRVL,⚡panic,0.724,8.416,0.68,0.399,0.012,-0.245,0.576,-0.42,0.286,-1.159
MRX,🏦majority,1.232,6.374,0.744,0.182,-0.234,0.199,0.208,-0.148,-0.471,4.01
MS,🏦majority,0.439,4.115,-0.079,0.124,0.09,-0.038,0.198,0.052,0.183,0.206
MSA,🏦majority,0.096,3.836,0.358,0.043,-0.106,-0.15,0.194,0.039,-0.308,-4.287
MSCI,🏦majority,0.118,4.177,0.166,0.117,0.017,-0.152,0.216,0.059,-0.068,-2.422
MSDL,🏦majority,-0.334,3.096,0.383,0.147,-0.079,-0.224,0.286,0.141,0.487,0.166
MSEX,🏦majority,-0.175,6.545,0.312,-0.024,-0.132,-0.196,-0.267,-0.148,-0.057,-6.079
MSFT,🏦majority,0.357,3.777,-0.106,0.06,0.089,-0.112,-0.3,0.128,-0.023,-0.909
MSGE,🎲chase,0.73,7.195,-0.315,0.175,-0.095,0.331,-0.346,-0.48,0.387,-3.162
MSGS,🏦majority,0.243,3.943,-0.033,0.034,0.025,0.062,-0.134,0.251,-0.243,-0.337
MSI,🏦majority,0.554,3.13,-0.1,0.084,0.014,-0.06,0.097,-0.003,0.2,-1.339
MSM,🏦majority,0.251,3.388,0.085,0.216,0.026,-0.202,0.175,-0.138,0.149,-1.296
MSTR,🎲chase,-0.303,12.874,-0.833,-0.049,-0.032,0.339,-0.374,0.292,-1.117,-2.287
MT,🏦majority,0.544,5.548,-0.155,0.232,0.087,-0.279,-0.133,0.317,0.487,2.272
MTB,🏦majority,0.295,4.119,0.152,0.017,-0.15,-0.106,0.013,-0.194,0.239,-1.872
MTCH,🏦majority,-0.267,5.849,0.049,-0.02,0.014,0.064,0.243,0.267,-0.801,-1.368
MTD,🏦majority,0.273,4.536,0.182,0.227,0.103,-0.396,0.106,0.008,-0.004,0.807
MTDR,🏦majority,0.414,6.672,0.317,0.015,0.113,-0.17,0.464,0.097,-0.414,-3.298
MTG,🏦majority,0.532,3.471,0.194,0.048,-0.177,-0.019,0.248,-0.025,-0.173,-0.627
MTH,🏦majority,0.038,5.406,-0.383,0.158,-0.069,0.007,-0.08,-0.519,-0.4,-0.462
MTN,🏦majority,-0.215,4.261,0.335,0.151,-0.182,0.059,0.089,0.093,-0.217,-1.629
MTRN,🏦majority,0.798,7.338,0.178,0.337,0.341,-0.383,-0.091,0.18,-0.275,-2.161
MTSI,🏦majority,0.601,6.106,0.533,0.123,0.04,-0.336,0.48,-0.02,0.528,-1.328
MTX,🏦majority,0.109,5.13,-0.139,0.341,-0.157,-0.189,-0.123,0.323,0.284,-1.146
MTZ,🏦majority,0.813,6.149,-0.138,0.164,0.161,0.057,0.059,0.072,0.354,1.201
MU,🎲chase,0.591,8.052,-0.365,-0.139,-0.267,-0.022,-0.541,-0.091,0.96,-1.597
MUR,🎲chase,0.491,6.405,-0.237,0.01,0.151,-0.069,-0.321,-0.266,0.264,-2.633
MUSA,🏦majority,0.511,4.219,0.559,0.133,-0.19,0.018,0.268,-0.07,-0.296,-3.085
MUX,⚡panic,1.034,11.289,0.357,0.519,-0.236,-0.543,0.201,-1.269,-0.93,-3.552
MWA,🏦majority,0.225,4.362,-0.05,0.206,-0.041,-0.148,0.041,-0.225,0.306,-1.967
MXL,⚡panic,0.406,11.06,0.11,-0.121,-0.012,-0.436,0.255,-0.029,0.083,-3.464
MYGN,🏦majority,-0.807,8.88,0.364,-0.237,-0.537,0.241,0.264,0.183,-1.227,-2.289
MYRG,🏦majority,1.013,7.008,0.229,0.22,-0.235,-0.232,0.266,0.473,-0.4,0.65
NABL,🎲chase,-0.597,7.33,-0.028,0.597,0.116,0.352,-0.138,-0.397,-0.804,-4.252
NAMS,🎲chase,0.197,12.481,-0.98,0.178,0.035,-0.06,-0.361,-1.144,0.765,-1.961
NATL,🏦majority,0.254,6.144,0.499,0.217,-0.435,-0.192,0.35,0.325,-0.289,0.268
NAVI,🏦majority,0.0,5.091,0.174,0.134,0.058,-0.168,0.128,0.382,0.0,-4.496
NBHC,🏦majority,0.0,6.081,0.486,0.05,0.129,0.192,0.051,-0.839,-0.555,-4.059
NBIS,🏦majority,2.25,15.589,0.809,-0.182,-0.959,0.063,-0.819,-0.101,-1.741,8.088
NBIX,🏦majority,0.491,4.459,0.283,0.114,-0.159,-0.208,0.204,-0.099,0.004,-5.396
NBR,🎲chase,0.0,10.245,-1.04,-0.154,0.503,0.154,-1.058,-0.203,-0.536,-2.048
NBTB,⚡panic,0.286,6.108,0.848,-0.069,-0.195,-0.259,0.6,-0.261,-0.378,-1.706
NCLH,🏦majority,0.0,7.821,0.212,-0.129,-0.208,0.044,-0.122,-0.303,-0.641,-4.021
NCNO,⚡panic,-0.255,7.361,0.561,0.031,0.033,-0.189,0.382,-0.188,-0.486,-3.818
NDAQ,🏦majority,0.334,3.409,0.002,0.036,0.105,0.009,-0.126,0.057,-0.351,0.032
NDSN,🏦majority,0.294,3.353,0.274,0.126,-0.041,-0.037,0.274,-0.2,0.149,-0.889
NE,🎲chase,0.206,6.35,-0.494,0.041,-0.015,0.15,-0.104,0.235,0.195,-0.685
NEE,🏦majority,0.387,3.719,-0.043,-0.001,0.047,-0.15,-0.175,-0.133,-0.179,-1.424
NEM,🎲chase,0.309,5.42,-0.195,-0.041,0.211,0.154,0.013,0.023,0.471,0.324
NEO,⚡panic,-0.453,10.012,0.562,-0.207,-0.025,-0.255,0.453,-0.779,-1.366,-1.868
NEOG,🏦majority,-0.503,6.904,-0.335,0.062,0.021,-0.026,0.148,-0.201,0.324,1.033
NET,🎲chase,0.614,10.043,0.033,-0.127,0.295,-0.035,0.111,0.283,0.618,-0.446
NEU,🏦majority,1.078,4.678,0.409,0.18,-0.101,0.284,0.058,-0.386,-0.415,-0.661
NEXT,⚡panic,0.607,11.477,0.348,0.556,-0.1,-0.477,0.55,0.463,0.395,-4.875
NFE,🏦majority,-1.144,9.645,1.202,-0.495,-0.289,-0.047,0.189,0.228,0.473,-4.83
NFG,🏦majority,0.318,3.007,0.32,0.176,0.01,-0.049,0.253,-0.12,-0.182,-0.176
NFLX,🎲chase,0.181,6.335,-0.078,-0.018,-0.011,0.137,-0.412,-0.017,-0.319,-1.96
NG,🏦majority,0.28,8.84,-0.018,0.215,-0.017,0.094,0.628,-0.198,0.791,-4.398
NGVT,🏦majority,0.283,7.214,-0.095,0.097,0.055,-0.138,-0.095,-0.147,-0.283,0.353
NHI,🏦majority,0.07,3.698,0.03,-0.169,0.005,-0.011,-0.07,0.134,-0.459,-1.766
NI,🏦majority,0.404,2.73,0.559,0.108,-0.082,0.001,0.394,-0.055,0.191,-0.245
NJR,🏦majority,0.174,2.874,0.456,0.08,-0.022,-0.017,0.402,-0.061,0.141,-1.813
NKE,🏦majority,-0.431,4.849,-0.11,-0.101,0.119,0.007,-0.159,0.299,0.619,-1.474
NKTR,🎰lottery,-0.915,17.88,-0.222,-0.779,0.125,0.806,-0.273,-0.118,-0.739,0.139
NLY,🏦majority,0.046,3.902,0.006,0.055,-0.097,0.063,0.098,0.045,-0.789,-1.228
NMFC,🏦majority,-0.419,3.999,0.699,-0.159,-0.214,-0.089,0.081,-0.295,0.173,-2.603
NMIH,🏦majority,0.674,4.527,0.013,-0.027,-0.007,0.121,-0.091,-0.462,-0.595,0.024
NMM,🏦majority,1.221,8.857,0.769,-0.49,0.264,-0.114,0.687,-0.105,0.347,-8.471
NMRK,🏦majority,0.645,6.635,-0.133,0.1,0.053,0.184,0.124,0.629,0.046,-1.494
NN,🏦majority,0.973,11.465,0.313,0.007,-0.268,-0.264,0.429,0.307,-0.973,-8.781
NNE,⚡panic,-0.557,17.786,2.558,-0.655,-0.55,-0.75,-0.167,-0.955,-0.853,0.329
NNI,🏦majority,0.742,5.051,0.241,0.115,-0.09,0.097,0.095,0.008,-0.208,-3.122
NNN,🏦majority,0.044,2.758,-0.02,0.097,-0.068,0.003,0.145,0.161,-0.068,-0.584
NNOX,🎰lottery,-2.848,14.363,0.862,-0.254,0.384,0.158,0.237,0.501,2.22,-6.644
NOC,🏦majority,0.304,3.582,0.093,0.062,0.07,-0.025,0.128,-0.175,0.012,-4.197
NOG,🎲chase,0.435,6.901,-0.833,-0.005,0.277,-0.193,-0.435,0.383,-0.669,0.479
NOMD,🏦majority,-0.405,4.671,-0.281,0.197,0.003,-0.056,0.15,-0.016,0.206,-2.224
NOV,🏦majority,0.118,5.998,0.552,0.159,-0.01,-0.218,0.639,-0.143,0.371,-0.518
NOVT,🏦majority,0.194,5.903,0.274,0.18,-0.324,0.207,0.367,0.545,-0.212,-1.279
NOW,🏦majority,0.201,6.037,0.466,-0.123,-0.223,-0.06,0.051,-0.124,-0.037,-1.451
NPO,🎲chase,0.666,6.425,-0.527,0.246,-0.093,0.251,-0.442,0.17,-0.018,-0.371
NRDS,🎰lottery,-0.434,13.907,-0.64,-0.536,0.009,1.358,0.434,0.661,-0.782,-4.556
NRG,🏦majority,0.659,5.518,0.151,0.093,0.034,0.034,0.042,0.506,0.057,-1.459
NRIX,🏦majority,-0.52,13.028,0.182,-0.132,-0.829,-0.616,-0.513,0.579,-1.747,-6.498
NSA,🎲chase,-0.018,4.398,-0.572,0.081,0.087,0.087,-0.231,0.195,0.032,-1.281
NSC,🏦majority,0.148,3.428,-0.17,0.159,-0.046,0.003,0.048,0.107,0.219,0.001
NSIT,🎲chase,0.298,5.292,-0.565,-0.108,0.049,0.117,-0.183,0.084,-0.017,-2.262
NSP,🏦majority,0.009,6.485,0.001,0.141,-0.178,-0.168,-0.047,0.354,-0.018,-3.548
NSSC,🏦majority,0.572,9.009,0.119,-0.215,-0.077,0.066,0.232,0.315,0.356,-1.221
NTAP,🎲chase,0.395,5.039,-0.25,0.166,0.013,0.024,-0.311,-0.014,-0.124,-1.433
NTB,🏦majority,0.473,5.915,0.409,0.17,-0.057,0.012,-0.031,-0.45,-0.489,-0.263
NTCT,🏦majority,0.126,4.91,0.009,0.103,0.031,-0.126,-0.126,-0.268,-0.255,-0.515
NTGR,🏦majority,-0.07,9.156,0.172,0.099,-0.395,-0.195,-0.003,0.44,-0.415,-6.339
NTLA,🏦majority,-1.104,10.874,0.029,0.26,-0.061,-0.101,0.119,0.549,-0.83,-4.378
NTNX,🏦majority,0.419,6.968,0.704,-0.015,0.039,-0.234,0.247,0.162,-0.146,-2.885
NTR,🏦majority,0.119,4.554,-0.036,0.182,0.067,-0.102,0.385,0.058,0.488,-1.9
NTRA,🏦majority,0.547,7.361,0.004,0.297,0.287,-0.16,0.253,-0.059,0.448,-3.693
NTRS,🏦majority,0.342,3.873,0.106,0.253,-0.005,-0.114,0.187,-0.261,-0.244,0.33
NTST,🏦majority,0.049,3.602,0.345,0.013,-0.191,0.063,0.122,-0.256,0.993,-1.335
NU,🏦majority,0.439,6.79,-0.294,0.14,-0.102,-0.185,0.102,-0.398,-0.362,-4.031
NUE,🎲chase,0.535,5.489,-0.168,0.04,0.21,0.056,-0.535,0.372,-0.338,0.082
NUS,🏦majority,-0.967,7.62,-0.516,0.037,0.307,0.169,-0.512,0.255,-0.302,-9.406
NUVL,⚡panic,0.264,11.486,1.218,-0.031,0.05,0.129,0.896,0.623,0.078,0.009
NVAX,🏦majority,-1.364,13.197,-0.04,-0.06,0.305,-0.189,-0.201,-0.183,-1.605,-11.233
NVCR,🏦majority,-1.051,10.722,0.434,0.073,0.456,-0.111,0.205,0.906,-1.279,-0.861
NVDA,🏦majority,1.176,6.964,-0.015,0.079,-0.143,0.012,0.295,0.056,1.112,-0.925
NVMI,🎲chase,0.851,7.291,-0.137,0.012,-0.052,-0.125,-0.02,-0.601,-0.078,-3.406
NVR,🏦majority,0.147,3.538,0.102,0.115,-0.131,-0.118,0.315,0.011,-0.136,-2.413
NVST,🏦majority,-0.296,5.026,0.685,0.103,0.02,0.114,0.546,0.005,0.223,-3.14
NVT,🏦majority,0.867,4.928,0.519,0.203,0.042,-0.153,0.425,0.111,-0.057,-0.256
NVTS,🎰lottery,-1.538,15.131,-0.695,-0.014,1.078,0.087,-0.362,0.102,2.075,-4.225
NWBI,🏦majority,0.0,4.181,0.073,0.226,0.075,0.0,0.0,-0.237,0.152,-1.593
NWE,🏦majority,0.037,2.893,0.712,0.031,0.032,-0.229,0.464,-0.325,-0.076,0.264
NWL,🎲chase,-0.57,7.125,0.107,-0.12,0.226,-0.352,-0.104,-0.568,1.389,-3.548
NWN,⚡panic,0.108,3.741,0.969,0.143,-0.283,-0.418,0.609,-0.174,0.638,-1.618
NWS,🏦majority,0.287,3.881,-0.181,0.089,-0.044,-0.089,-0.068,0.24,0.24,-1.07
NWSA,🏦majority,0.208,3.703,0.005,0.04,0.045,-0.056,0.004,0.1,0.171,-0.617
NX,🏦majority,0.068,9.682,0.034,-0.007,0.143,0.35,0.478,-0.425,0.153,-6.92
NXE,🏦majority,0.583,7.232,0.048,0.324,-0.022,-0.146,0.633,0.378,1.876,-1.748
NXPI,🏦majority,0.051,5.381,0.291,0.267,0.031,-0.367,0.338,-0.17,-0.389,-0.099
NXRT,🎲chase,-0.434,7.708,-1.213,0.409,0.186,-0.382,-1.34,-1.671,0.042,-4.585
NXST,🏦majority,0.09,4.845,0.39,0.023,0.012,0.108,0.018,0.019,0.138,-2.027
NXT,⚡panic,0.253,8.416,0.451,0.452,-0.136,-0.507,0.543,-0.149,0.09,0.475
NYT,🏦majority,0.323,4.011,-0.018,-0.11,0.059,-0.018,-0.156,-0.02,0.18,-0.125
O,🏦majority,0.076,2.655,-0.095,-0.023,-0.118,0.03,-0.068,-0.061,-0.483,-0.613
OBDC,🏦majority,0.131,2.806,0.305,-0.131,-0.131,0.001,0.13,-0.022,0.009,-1.224
OBE,🏦majority,0.775,11.512,0.297,-0.334,-0.156,0.597,-0.024,1.627,1.309,-2.745
OC,🏦majority,0.387,4.872,0.046,0.117,-0.085,-0.054,0.139,0.094,0.007,-3.317
OCFC,🏦majority,0.0,7.438,0.297,0.0,-0.212,-0.069,0.025,-0.5,-0.132,-2.897
OCSL,🏦majority,0.0,3.357,0.077,0.123,-0.049,-0.051,0.081,-0.049,-0.353,-0.621
OCUL,🎲chase,-0.335,11.452,-1.072,0.419,-0.079,0.564,-0.604,-0.313,-0.533,-1.951
ODD,⚡panic,-0.715,10.626,0.874,0.232,-0.043,0.029,0.812,-0.418,1.474,0.089
ODFL,🏦majority,0.209,5.021,0.005,0.066,-0.072,0.087,-0.012,0.219,-0.407,-2.369
OEC,🏦majority,0.213,9.296,0.033,0.178,-0.088,-0.213,0.603,0.417,0.262,-4.448
OFG,🏦majority,0.536,6.029,-0.061,0.147,-0.101,-0.354,0.405,-0.212,0.097,0.171
OGE,🏦majority,0.254,2.683,0.332,0.073,0.047,0.064,0.265,-0.165,0.337,-0.764
OGN,🎲chase,-0.149,7.319,-0.737,-0.105,0.036,-0.049,-0.085,-0.012,0.557,-3.808
OGS,🏦majority,0.188,3.333,0.515,0.034,-0.079,-0.146,0.214,0.014,-0.065,-2.653
OHI,🏦majority,0.295,3.172,0.292,0.064,-0.095,0.029,0.235,-0.055,0.428,-0.668
OI,🏦majority,-0.233,6.056,0.401,0.233,0.085,-0.215,0.597,0.165,0.655,-2.406
OII,⚡panic,0.883,7.477,0.703,0.149,-0.322,-0.355,0.804,0.2,0.228,-0.125
OIS,🎲chase,0.181,11.408,0.088,0.055,0.649,-0.346,-0.334,-1.618,0.618,-4.014
OKE,🏦majority,0.508,4.136,0.213,-0.109,-0.042,-0.029,0.019,-0.075,0.453,-0.825
OKLO,🎰lottery,-0.925,17.37,-0.889,-0.679,0.298,0.706,-0.811,1.046,1.678,1.196
OKTA,🏦majority,-0.082,8.218,0.175,-0.016,-0.085,-0.259,0.071,0.005,-0.688,-0.573
OLED,🏦majority,-0.227,5.7,0.489,-0.056,-0.15,-0.108,0.318,-0.431,0.196,-3.615
OLLI,🎲chase,0.016,5.866,-0.081,0.039,0.12,0.047,-0.089,0.066,-0.651,-5.318
OLMA,🎰lottery,-1.6,17.357,-0.877,0.048,0.109,0.271,-0.894,-0.854,1.796,-7.138
OLN,🎲chase,0.037,6.144,-0.389,0.307,0.165,0.195,-0.081,-0.358,-0.466,0.34
OMC,🏦majority,0.147,3.881,0.244,0.185,-0.056,-0.158,0.32,-0.321,0.379,-0.527
OMCL,🏦majority,-0.136,6.95,-0.16,0.252,0.027,-0.18,0.179,0.508,0.241,-2.069
OMF,🏦majority,0.204,5.159,0.103,-0.05,0.098,-0.089,-0.052,-0.004,0.417,-4.666
ON,🏦majority,0.241,7.243,0.361,0.155,0.134,-0.104,0.223,-0.037,1.08,-1.878
ONB,🏦majority,0.244,4.092,0.133,0.112,-0.049,-0.027,0.211,0.147,-0.606,-1.335
ONON,🏦majority,-0.14,7.798,0.003,0.097,0.257,-0.236,0.205,0.18,-0.764,-3.548
ONTO,🏦majority,0.657,7.776,0.184,-0.011,0.248,-0.031,0.329,-0.381,0.686,-2.534
OPCH,🏦majority,0.116,5.288,0.846,-0.045,-0.328,-0.116,0.43,-0.116,-0.164,-4.008
OPEN,🏦majority,-0.847,12.9,0.883,-0.521,-0.132,0.452,0.278,0.22,-3.699,-1.717
OR,🏦majority,0.342,5.66,0.133,-0.188,-0.168,0.303,-0.01,0.053,-0.494,-1.275
ORA,🏦majority,0.325,4.109,0.201,0.165,-0.151,-0.197,0.186,0.23,-0.336,-0.815
ORC,🏦majority,-0.14,4.662,-0.006,0.06,-0.059,0.004,0.14,0.357,-0.258,-2.425
ORCL,🎲chase,0.183,6.235,-0.261,-0.048,0.026,-0.004,-0.276,0.207,-0.08,-1.896
ORI,🏦majority,0.516,3.105,0.366,-0.004,-0.02,-0.157,0.356,-0.289,0.059,0.8
ORIC,🎲chase,0.555,17.749,-0.842,-0.721,0.019,-0.195,-0.359,-1.412,1.758,-5.694
ORLY,🏦majority,0.407,3.193,0.142,0.219,-0.088,-0.053,0.089,-0.025,-0.263,0.203
OSCR,🎰lottery,-0.639,11.104,-0.478,-0.375,-0.408,0.502,-0.725,0.292,2.008,-8.07
OSIS,🏦majority,0.554,5.997,-0.028,-0.159,-0.128,0.08,0.022,0.106,-0.202,-1.332
OSK,🏦majority,0.055,4.843,0.213,-0.006,0.159,-0.151,0.122,0.215,-0.253,-2.149
OSPN,⚡panic,0.783,11.747,0.343,0.215,-0.148,-0.634,-0.603,0.284,1.923,-8.626
OSW,🏦majority,0.908,6.831,0.254,0.164,0.35,-0.278,0.026,-0.908,0.584,1.285
OTEX,🎲chase,0.217,4.483,-0.26,0.027,0.075,-0.087,-0.322,0.067,-0.096,-2.164
OTIS,🏦majority,0.122,2.951,-0.177,0.068,-0.0,-0.007,0.01,-0.006,-0.084,-1.415
OTTR,🏦majority,0.29,4.398,0.245,0.048,-0.013,-0.113,0.342,-0.172,-0.497,-2.261
OUST,🎰lottery,-2.046,16.369,-0.913,-0.476,1.504,1.481,-0.657,0.703,1.723,-5.975
OUT,🏦majority,0.266,5.511,0.176,-0.004,-0.094,-0.006,0.164,0.085,0.776,0.0
OVV,🎲chase,0.528,6.404,0.041,0.021,0.081,-0.1,-0.078,-0.319,0.839,-4.217
OWL,🏦majority,0.128,6.258,-0.327,-0.128,-0.128,0.21,-0.203,0.517,-0.074,-0.53
OXLC,🏦majority,-0.306,4.573,-0.297,0.092,0.07,-0.251,0.08,-0.024,0.171,-2.408
OXM,🏦majority,-0.487,6.762,0.553,0.039,-0.403,0.093,0.334,-0.515,0.611,-5.089
OXY,🏦majority,0.216,5.461,0.003,0.08,0.028,-0.063,0.07,0.068,0.066,-1.031
OZK,🏦majority,0.1,4.638,0.319,-0.08,-0.126,-0.1,0.182,-0.08,-0.202,-1.346
PAA,🏦majority,0.613,3.969,0.251,-0.035,-0.077,-0.022,0.116,0.666,0.816,-1.678
PAAS,🏦majority,0.314,6.706,0.1,-0.378,-0.378,-0.112,0.018,-0.065,0.247,-0.777
PACB,⚡panic,-1.548,11.249,0.634,0.003,-0.504,-0.388,1.096,-0.814,-0.076,-9.552
PACS,🏦majority,0.615,12.837,-0.21,-0.299,-0.434,-0.176,-0.193,0.253,0.753,0.537
PAG,🏦majority,0.435,4.326,0.554,0.332,-0.092,-0.1,0.591,0.107,-0.227,-0.501
PAGP,🏦majority,0.644,3.979,0.184,-0.081,-0.143,0.024,0.112,0.223,-0.146,0.925
PAGS,🎲chase,-0.44,8.716,-0.477,0.44,0.213,0.024,-0.15,-0.367,0.776,-2.719
PANW,🏦majority,0.731,5.995,0.128,-0.068,0.044,0.012,0.228,-0.011,-0.306,-3.102
PAR,🏦majority,-0.601,8.272,-0.027,-0.257,-0.423,0.405,-0.034,1.16,0.071,-7.313
PARR,🎲chase,0.373,7.571,-0.146,-0.185,-0.127,0.142,-0.036,0.084,1.501,-2.385
PATH,⚡panic,-0.569,8.574,1.063,-0.059,-0.192,-0.206,0.644,-1.081,-0.353,-1.25
PATK,🎲chase,0.347,5.709,-0.407,0.213,0.225,0.083,-0.468,-0.101,0.081,0.223
PAX,🎲chase,-0.304,6.677,-0.008,0.034,0.234,-0.163,-0.135,-0.243,-0.219,-3.157
PAY,⚡panic,-0.719,11.833,0.506,-0.074,-0.621,-0.316,0.432,-1.505,0.523,-3.927
PAYC,🏦majority,-0.065,6.291,0.393,-0.202,-0.178,-0.056,-0.045,0.108,-0.797,-3.335
PAYO,⚡panic,-0.14,7.016,0.272,0.14,-0.028,-0.28,0.281,-0.815,0.14,-2.726
PAYX,🏦majority,0.173,3.235,-0.095,0.028,0.022,0.136,-0.008,0.256,-0.599,-1.914
PB,🏦majority,0.014,3.387,0.07,0.067,0.11,-0.072,-0.087,-0.313,-0.114,-2.149
PBA,🏦majority,0.483,3.179,0.305,0.058,0.048,-0.124,0.173,-0.139,-0.181,-1.832
PBF,🎲chase,0.501,9.026,-0.652,-0.242,-0.157,0.012,-0.405,0.346,-0.459,-2.111
PBH,🏦majority,0.161,3.808,-0.083,-0.034,0.152,-0.008,0.011,0.173,0.283,-1.98
PBI,⚡panic,0.535,6.758,0.704,0.2,-0.127,-0.127,0.352,-0.72,0.655,-2.15
PCAR,🏦majority,0.358,3.464,0.501,-0.028,-0.195,0.004,0.308,-0.007,-0.431,-2.155
PCG,🏦majority,0.406,3.836,0.169,0.1,-0.045,-0.051,0.186,-0.146,-1.057,-0.911
PCOR,🏦majority,0.21,6.911,0.39,0.005,0.181,-0.078,0.058,0.216,-0.134,-8.241
PCRX,🏦majority,-0.059,6.527,0.21,0.097,0.097,-0.145,0.368,-0.159,0.395,-1.842
PCT,🏦majority,-0.68,12.259,-0.466,-0.262,0.083,-0.243,0.294,-0.036,0.756,-2.778
PCTY,🏦majority,-0.085,5.783,0.224,-0.1,-0.175,-0.221,0.04,-0.024,0.0,-0.385
PCVX,⚡panic,0.289,9.288,0.767,0.268,-0.148,-0.188,0.477,-0.484,-0.402,-1.242
PD,🏦majority,-0.483,7.768,0.558,0.04,-0.383,-0.049,0.247,-0.006,-1.957,-3.922
PDFS,🏦majority,1.135,11.647,0.756,-0.605,-0.146,0.017,-0.122,0.029,0.504,-6.37
PDM,⚡panic,-0.325,5.877,0.631,0.17,0.117,-0.051,0.605,-0.393,-1.226,-2.639
PDS,🎲chase,0.98,11.854,-0.675,0.417,0.518,0.146,-0.442,-0.128,1.12,-0.521
PEB,🏦majority,0.087,5.453,0.103,0.037,0.069,-0.18,0.29,0.025,0.269,0.913
PECO,🏦majority,0.153,3.1,0.294,0.123,0.082,-0.0,0.281,-0.068,0.156,-1.84
PEG,🏦majority,0.203,2.851,0.16,-0.0,0.017,-0.046,0.068,-0.139,0.286,-1.59
PEGA,🏦majority,-0.172,7.403,0.48,-0.038,-0.126,-0.203,0.22,-0.172,0.088,-8.511
PEN,🎲chase,-0.025,5.816,-0.424,0.2,0.104,-0.064,-0.329,-0.014,-0.132,-5.176
PENG,🎲chase,1.844,10.158,-1.509,0.378,0.345,-0.104,-0.351,-0.139,-1.043,5.303
PENN,⚡panic,-0.226,6.894,0.85,0.16,-0.02,-0.382,0.797,-0.254,-2.007,-1.582
PEP,🏦majority,-0.02,2.56,0.037,0.014,-0.063,-0.032,0.004,-0.008,0.309,-0.992
PERI,🏦majority,-0.257,9.187,0.421,-0.009,0.374,0.257,0.238,0.525,-0.263,-3.717
PFBC,⚡panic,0.874,6.925,0.898,0.297,-0.032,-0.476,0.053,-0.756,0.257,-3.285
PFE,🏦majority,-0.21,3.572,-0.071,-0.036,0.048,-0.063,-0.197,-0.16,-0.656,-1.201
PFG,🏦majority,0.512,3.757,0.105,0.057,-0.032,-0.019,0.159,0.042,-0.321,-1.773
PFGC,🏦majority,0.415,4.416,0.18,0.055,0.018,-0.033,0.142,0.101,0.182,-1.706
PFLT,🏦majority,-0.145,4.051,0.055,0.054,0.145,-0.12,0.053,-0.152,0.145,-0.182
PFS,🏦majority,-0.122,5.296,0.122,0.037,-0.113,0.42,0.037,-0.654,-1.048,-4.373
PFSI,🏦majority,0.317,5.333,0.12,0.133,-0.198,0.054,0.233,0.046,0.069,-1.114
PG,🏦majority,0.205,2.423,0.09,-0.062,0.027,-0.004,-0.069,-0.014,-0.519,-0.335
PGNY,⚡panic,-0.194,7.65,0.655,0.194,-0.075,-0.295,0.761,-0.318,-0.75,-2.358
PGR,🏦majority,0.441,3.266,0.158,0.099,0.02,-0.064,0.039,0.048,-0.123,-0.611
PGY,🎲chase,0.174,16.377,-1.837,0.467,0.523,-0.619,-1.649,-0.087,-1.306,-6.256
PH,🏦majority,0.598,3.843,0.055,0.116,0.039,-0.292,0.302,-0.178,-0.161,-0.894
PHAT,⚡panic,-0.72,16.147,1.662,0.28,-0.633,-0.485,1.427,0.201,1.006,-21.769
PHG,🏦majority,-0.068,5.179,0.168,0.068,0.042,-0.072,0.11,-0.377,0.376,0.054
PHIN,🏦majority,0.985,5.138,-0.104,0.372,0.475,-0.26,0.167,-0.283,0.026,0.899
PHM,🏦majority,0.305,4.562,-0.013,0.168,0.147,-0.09,-0.093,0.26,-0.024,-1.119
PHR,🏦majority,-0.258,9.42,0.398,-0.318,-0.101,0.109,-0.51,-0.026,-0.754,-7.748
PI,🎲chase,0.727,10.091,0.203,0.081,0.214,0.033,-0.49,0.229,0.282,2.657
PII,🏦majority,-0.169,5.253,0.456,0.188,0.114,-0.034,0.188,-0.083,-1.045,-1.426
PINS,🏦majority,-0.068,7.418,-0.064,0.099,-0.108,-0.154,-0.137,0.143,0.444,-5.808
PIPR,🎲chase,0.61,5.863,-0.342,0.089,-0.083,0.235,-0.028,-0.84,0.426,-2.855
PJT,🏦majority,0.641,4.615,0.209,0.153,-0.076,-0.044,0.038,0.276,0.539,0.65
PK,🏦majority,-0.071,5.246,0.355,0.14,-0.117,-0.18,0.457,0.547,-1.24,-0.264
PKG,🏦majority,0.361,3.412,0.254,0.135,0.028,-0.125,0.195,0.099,0.195,0.826
PL,🎲chase,0.563,12.957,0.267,-0.163,0.678,0.214,0.116,-0.239,-0.286,-7.843
PLAB,🎲chase,0.431,9.131,-0.284,0.166,0.276,0.059,-0.292,-0.144,0.924,-0.8
PLAY,🏦majority,-0.543,8.373,-0.112,-0.09,-0.027,0.237,-0.14,0.312,-0.155,-4.475
PLD,🏦majority,0.337,3.826,-0.115,0.186,0.178,-0.085,-0.071,0.005,0.322,-1.652
PLMR,⚡panic,0.315,7.28,0.759,0.103,0.026,-0.161,0.762,-0.42,0.103,-2.926
PLNT,🏦majority,-0.077,5.528,0.252,0.143,-0.125,-0.132,0.186,-0.151,0.537,-2.929
PLTK,🏦majority,-0.404,7.563,0.766,0.404,0.058,-0.075,0.404,0.637,-0.793,1.733
PLTR,🎲chase,0.695,9.574,-0.772,0.218,0.343,0.118,-0.535,-0.088,0.356,-7.18
PLUG,🎲chase,-1.739,11.061,-0.707,0.487,0.371,0.002,-0.545,0.46,-2.697,1.658
PLUS,🏦majority,0.265,7.282,0.986,-0.104,-0.297,-0.149,0.087,-0.579,-0.465,0.281
PLXS,🏦majority,0.781,5.282,0.261,0.197,-0.082,0.074,0.197,1.013,0.02,-2.837
PM,🏦majority,0.349,3.348,-0.154,-0.086,0.106,0.076,-0.319,-0.053,0.222,0.36
PMT,🏦majority,-0.073,4.72,-0.056,0.073,0.152,-0.136,0.022,-0.233,0.466,-1.148
PNC,🏦majority,0.229,3.846,-0.08,0.024,0.113,-0.064,-0.099,-0.141,-0.681,-1.137
PNFP,🏦majority,0.124,5.079,0.299,-0.097,-0.22,-0.218,0.177,-0.194,0.47,-2.358
PNR,🏦majority,0.159,3.933,0.138,0.139,0.071,-0.051,0.011,-0.003,-0.037,1.297
PNW,🏦majority,0.263,2.829,0.057,-0.072,0.051,0.035,0.047,0.168,0.12,0.124
PODD,🏦majority,-0.084,5.795,0.112,0.244,-0.057,-0.256,0.38,-0.488,0.33,-0.051
POOL,🏦majority,-0.358,4.731,0.487,0.159,-0.039,-0.248,0.187,0.249,-0.192,-1.857
POR,🏦majority,0.26,2.799,0.117,0.154,0.044,-0.061,0.177,0.021,0.025,-1.229
POST,🏦majority,-0.036,3.678,0.065,0.055,-0.095,-0.022,0.026,0.036,-0.01,-0.139
POWI,🏦majority,-0.237,6.251,0.192,0.065,-0.218,-0.12,0.25,0.111,-0.101,0.603
POWL,🎲chase,1.948,11.577,-0.964,-0.131,0.308,0.617,-0.794,-0.313,-0.213,1.028
PPC,🏦majority,0.24,4.61,-0.133,0.039,-0.032,0.038,-0.108,-0.297,-0.24,-3.256
PPG,🏦majority,-0.046,3.744,-0.223,0.144,0.037,0.014,-0.159,0.119,0.209,-2.517
PPL,🏦majority,0.297,2.717,0.086,0.009,-0.055,0.009,0.122,-0.118,0.261,0.0
PPTA,⚡panic,2.238,12.33,0.089,0.189,-0.485,-0.573,1.07,-1.112,2.287,-1.789
PR,🏦majority,0.65,5.871,0.098,-0.273,-0.119,-0.135,-0.115,-0.427,0.683,-1.305
PRA,🏦majority,0.122,9.376,0.082,-0.037,0.001,-0.019,-0.036,0.194,-0.0,-8.152
PRAA,🏦majority,-0.195,10.992,0.296,-0.276,-0.26,-0.073,0.623,0.467,0.774,-1.649
PRAX,⚡panic,1.354,17.988,1.513,0.196,-0.123,-0.343,1.277,-0.406,-0.26,-13.698
PRCH,🎲chase,-0.769,13.04,-0.556,-0.469,0.319,-0.231,0.178,-0.816,1.527,-2.0
PRCT,⚡panic,-0.825,9.076,0.891,0.073,-0.307,-0.397,0.747,-0.191,0.387,-4.838
PRDO,🏦majority,0.543,6.879,0.671,0.131,-0.239,-0.294,-0.043,0.904,-0.483,-2.357
PRG,🏦majority,0.066,7.783,0.019,0.339,0.307,-0.108,0.301,-0.055,-0.234,-4.931
PRGO,🏦majority,-0.292,5.445,-0.096,-0.127,0.134,-0.048,-0.009,0.158,-0.002,-0.748
PRGS,🏦majority,-0.117,5.15,0.429,0.117,-0.061,-0.035,0.266,0.042,0.054,-4.351
PRI,🏦majority,0.696,3.696,0.136,0.128,0.021,-0.124,-0.045,-0.046,-0.175,-0.252
PRIM,🏦majority,1.218,7.168,0.833,0.192,-0.156,-0.138,0.518,0.29,-0.201,-1.962
PRKS,🎲chase,0.249,5.744,-0.647,0.305,0.349,-0.048,0.022,0.024,-1.193,0.152
PRLB,🏦majority,0.194,8.997,0.073,0.089,-0.257,-0.028,-0.248,0.311,-0.619,-7.906
PRM,🏦majority,0.421,8.152,0.742,-0.421,-0.785,0.23,-0.108,0.623,-1.54,-2.628
PRMB,🏦majority,-0.037,5.901,0.321,0.35,-0.026,-0.026,-0.007,-0.713,-2.089,0.77
PRTA,⚡panic,-0.755,10.045,1.212,0.202,-0.033,-0.384,0.74,-0.001,1.227,-0.244
PRU,🏦majority,0.339,3.613,0.117,0.138,0.037,-0.032,-0.024,-0.041,0.103,-1.167
PRVA,🎲chase,-0.333,6.916,-0.563,0.229,0.386,0.01,-0.032,-0.331,0.217,-1.233
PSA,🏦majority,0.158,3.414,-0.293,0.008,0.094,-0.012,-0.155,0.062,0.047,-1.64
PSEC,🏦majority,-0.178,3.482,0.055,0.032,-0.187,-0.002,0.178,0.641,-0.35,0.313
PSFE,🏦majority,-0.981,12.783,0.068,0.13,0.512,-0.007,0.37,0.403,-3.38,-6.053
PSIX,🏦majority,2.402,16.751,0.372,-1.474,0.9,-0.039,1.263,-0.862,-0.76,-4.226
PSMT,🏦majority,0.613,4.521,0.767,0.124,-0.133,-0.071,0.19,-0.041,-0.058,0.026
PSN,🏦majority,0.538,5.282,0.267,0.052,0.112,-0.113,-0.034,-0.14,-0.729,0.478
PSNL,🏦majority,-0.87,13.764,0.51,-0.186,-0.795,0.317,0.626,-1.274,-1.492,-9.254
PSNY,🎰lottery,-2.827,14.611,-1.166,0.136,1.12,0.199,0.266,-0.241,-2.229,-2.632
PSX,🎲chase,0.515,4.914,-0.358,-0.016,0.155,-0.085,-0.291,0.03,-0.444,-2.972
PTC,🏦majority,0.06,4.187,0.412,-0.006,-0.088,-0.074,0.11,0.199,0.075,-1.461
PTCT,⚡panic,0.184,8.089,0.817,0.117,-0.425,-0.076,0.818,0.209,-0.4,-3.475
PTEN,🏦majority,0.0,7.624,0.428,0.0,0.0,-0.174,0.203,0.0,0.085,-6.468
PTGX,🏦majority,0.552,11.199,0.862,-0.088,-0.036,-0.013,0.172,-0.096,-0.065,-5.432
PTLO,🎲chase,-1.074,7.784,-0.004,0.083,0.436,-0.004,0.055,-0.612,-0.71,-3.103
PTON,⚡panic,-1.525,11.602,-0.501,0.245,-0.01,-0.518,0.551,0.503,0.12,0.709
PUBM,🏦majority,-0.474,11.272,0.8,-0.379,-0.08,-0.01,0.267,-0.554,0.346,-1.307
PUMP,⚡panic,0.258,9.266,0.486,0.335,0.358,-0.046,0.71,-0.828,-0.39,-4.302
PVH,🎲chase,0.125,6.625,-0.211,0.062,0.155,-0.017,0.025,-0.02,-0.607,-2.87
PWP,🎲chase,0.326,9.172,-0.723,0.196,0.39,0.203,-0.052,-0.177,0.596,0.664
PWR,🏦majority,0.956,4.613,0.587,0.291,0.08,-0.16,0.38,-0.123,-0.579,-0.329
PYPL,🏦majority,-0.308,5.967,-0.118,0.237,0.088,-0.096,0.068,-0.403,-0.519,-2.439
PZZA,🏦majority,-0.618,5.843,0.44,0.107,0.052,-0.013,0.463,-0.029,-0.666,-4.782
QBTS,⚡panic,-0.653,18.861,0.714,-0.208,-0.505,-1.382,0.903,-1.767,7.351,0.054
QCOM,🏦majority,-0.018,5.746,0.183,0.072,-0.191,0.054,0.038,0.179,-0.811,-0.12
QDEL,⚡panic,-0.58,8.329,0.772,0.078,0.196,-0.246,0.763,0.187,-0.995,-1.367
QGEN,🏦majority,0.105,3.681,-0.131,0.037,-0.015,0.168,0.047,0.144,0.304,0.356
QLYS,🏦majority,0.294,5.859,0.244,0.01,-0.231,-0.133,0.232,-0.135,-0.175,-1.258
QNST,🏦majority,0.414,10.673,-0.136,0.087,-0.002,-0.143,0.564,0.309,-0.103,-4.026
QRVO,🏦majority,-0.043,5.433,0.272,0.102,0.021,-0.114,0.41,0.115,0.159,-1.457
QS,⚡panic,-1.178,12.187,0.995,0.122,0.015,0.028,0.815,0.591,0.223,-4.91
QSR,🏦majority,0.078,3.098,-0.022,0.133,0.011,0.048,0.117,0.076,-0.012,-0.792
QTRX,⚡panic,-1.045,13.475,0.312,1.045,0.38,-1.107,0.091,-0.418,0.288,-8.993
QTWO,🏦majority,0.0,7.062,-0.155,-0.125,-0.035,0.0,-0.035,0.287,-0.61,-1.32
QUBT,⚡panic,-1.55,17.287,2.979,0.012,-0.905,-0.755,1.901,0.372,-4.661,-8.417
QURE,⚡panic,-0.418,16.044,0.195,0.381,0.112,-0.508,-0.134,0.185,2.084,-3.371
QXO,⚡panic,-0.735,11.203,0.151,0.047,0.286,-0.333,0.636,-0.603,-0.516,0.091
R,🏦majority,0.561,4.654,0.108,0.214,0.072,-0.178,0.049,-0.294,0.312,-0.359
RACE,🎲chase,0.417,4.174,-0.518,0.099,0.235,0.119,-0.299,0.354,-0.19,-0.374
RAMP,🏦majority,0.042,6.66,0.317,0.143,0.063,0.033,0.143,-0.171,-0.308,-0.95
RARE,🏦majority,-0.108,7.301,0.332,-0.147,-0.421,-0.097,0.115,0.049,-0.85,-3.917
RBA,🏦majority,0.351,4.108,-0.018,-0.142,-0.085,0.133,-0.291,0.053,-0.314,-3.073
RBC,🏦majority,0.356,5.042,0.143,0.157,0.135,0.037,-0.012,0.152,-0.197,0.881
RBLX,🎲chase,0.304,9.331,0.002,-0.226,0.513,0.323,-0.105,-0.717,-1.62,-0.791
RBRK,🎲chase,0.505,9.231,-0.915,0.012,0.54,-0.214,-0.401,0.601,-0.132,0.738
RC,🏦majority,-0.164,4.964,0.228,0.299,0.272,0.164,-0.168,-0.021,-0.48,-1.033
RCAT,🎲chase,-1.465,18.007,-1.909,0.656,0.568,-1.14,-0.885,-2.499,3.14,-2.922
RCI,🏦majority,0.052,3.451,-0.45,0.04,-0.087,0.052,-0.265,0.28,-0.17,-1.583
RCKT,🏦majority,-1.454,11.026,-0.316,0.176,0.121,0.146,-0.213,-0.12,-0.92,-5.733
RCL,🎲chase,0.744,6.723,-0.096,-0.259,0.226,0.222,-0.412,0.083,-0.39,2.333
RCUS,⚡panic,-0.404,9.393,0.404,-0.018,0.141,-0.28,0.296,-0.397,1.77,-1.54
RDDT,🎲chase,1.184,10.73,-0.847,0.082,-0.134,0.175,-0.287,-0.524,-1.737,0.315
RDN,🏦majority,0.312,3.551,-0.216,0.117,0.006,0.131,-0.135,0.247,0.063,-1.016
RDNT,🏦majority,0.407,7.113,0.774,-0.078,-0.121,-0.125,-0.1,0.161,-0.548,-5.131
RDW,🎰lottery,-0.936,17.149,-3.464,0.297,1.383,-0.045,-2.122,0.701,-0.61,-9.253
RDWR,🎲chase,0.19,8.511,-0.545,-0.144,0.406,0.184,-0.73,-1.611,0.732,-5.397
REAL,🎲chase,-0.455,11.934,-0.995,-0.105,0.281,-0.083,-0.852,-0.154,3.328,-5.976
REG,🏦majority,0.211,2.916,0.251,0.143,0.006,-0.142,0.34,-0.129,0.172,-0.416
REGN,🏦majority,0.235,4.362,0.129,0.086,0.001,-0.141,0.06,0.015,0.009,-2.292
RELY,🎲chase,0.173,8.692,-0.592,-0.127,-0.226,0.079,-0.569,0.042,-1.373,-0.813
REPL,⚡panic,-0.474,15.085,0.551,0.662,-0.26,-0.781,1.095,-0.852,-3.142,-8.97
RES,⚡panic,0.0,7.548,0.763,0.143,0.0,-0.324,0.662,0.0,0.595,-0.571
REXR,🏦majority,-0.056,3.736,0.056,0.002,-0.028,-0.135,0.222,0.167,0.521,-0.885
REYN,🏦majority,-0.132,3.146,0.237,0.057,-0.098,-0.095,0.212,0.01,0.391,-1.277
REZI,🏦majority,0.411,6.905,0.218,0.065,-0.091,0.151,0.572,0.404,0.909,-1.887
RF,🏦majority,0.421,4.375,-0.075,0.061,-0.162,-0.063,-0.013,-0.255,-0.21,-0.042
RGA,🏦majority,0.477,3.671,0.346,0.016,-0.032,-0.14,0.232,0.195,0.037,-0.266
RGEN,🎲chase,-0.102,7.144,-0.223,0.156,0.38,0.317,0.065,-0.051,0.008,-3.43
RGLD,🏦majority,0.232,4.58,0.045,-0.249,-0.286,0.102,0.076,0.168,-0.242,-2.546
RGNX,🏦majority,-0.842,13.49,0.156,-0.012,-0.302,-0.464,0.46,0.223,-2.338,-5.074
RGR,🎲chase,-0.389,5.847,-0.381,0.361,0.071,-0.269,-0.381,-0.271,-0.086,-2.503
RGTI,⚡panic,-0.306,18.826,0.045,0.219,0.555,-0.257,0.018,-3.096,-1.132,-0.668
RH,🎲chase,-0.119,8.354,-0.18,0.066,0.169,0.144,-0.06,0.16,0.046,-3.053
RHI,🏦majority,-0.196,4.849,0.023,0.208,-0.105,-0.142,0.048,0.409,-0.12,-3.443
RHP,🏦majority,0.237,4.254,0.338,-0.036,-0.147,0.023,0.343,-0.11,0.089,-0.855
RIG,🏦majority,0.0,6.941,0.174,0.0,0.0,0.153,0.0,0.633,1.151,2.071
RIGL,🎰lottery,-1.047,18.77,-0.948,-0.573,0.386,0.887,-1.057,1.325,-1.298,1.141
RILY,🏦majority,-0.798,13.617,0.361,-0.108,-0.265,0.485,-0.054,1.017,0.511,-4.376
RIOT,🎰lottery,-0.483,13.823,-0.611,-0.132,-0.081,0.617,-0.52,-0.052,0.133,-8.545
RITM,🏦majority,0.268,3.491,-0.358,-0.064,-0.051,0.183,-0.268,0.107,0.31,-1.312
RIVN,🏦majority,-0.832,10.741,0.289,0.03,0.049,0.221,0.148,0.479,0.445,-4.487
RJF,🏦majority,0.474,4.009,-0.016,0.093,0.039,-0.026,0.064,0.119,0.125,-1.054
RKLB,⚡panic,-0.017,12.851,-0.185,0.28,-0.29,-0.163,0.306,-0.061,0.6,-1.726
RKT,🎲chase,-0.286,7.758,-0.313,-0.007,0.286,0.104,0.004,0.414,0.542,-0.627
RL,🏦majority,0.376,4.988,-0.03,0.115,-0.002,-0.135,-0.006,-0.299,-0.346,-2.505
RLAY,⚡panic,-0.765,11.39,0.799,-0.053,-0.943,-0.011,1.302,-0.727,-0.851,-2.242
RLI,🏦majority,-0.018,3.489,0.417,0.018,-0.028,-0.122,0.138,-0.004,-0.01,0.175
RLJ,🏦majority,-0.085,4.61,0.309,-0.017,-0.139,-0.019,0.182,-0.016,-0.465,-4.047
RMBS,🏦majority,0.676,7.593,0.512,-0.107,-0.119,-0.182,0.063,-0.128,-0.921,-0.9
RMD,🏦majority,0.097,4.262,0.136,0.016,0.07,0.029,0.123,-0.174,0.234,-3.779
RNA,🏦majority,0.234,13.295,0.144,-0.04,-0.075,-0.122,-0.012,-0.109,-0.486,-7.674
RNG,🏦majority,-0.61,8.491,0.051,0.325,0.257,-0.273,0.147,0.573,-0.234,-1.54
RNR,🏦majority,0.283,3.663,0.27,0.033,0.034,0.011,0.208,0.118,0.216,-1.077
RNST,🏦majority,-0.082,5.588,0.251,-0.086,-0.141,0.024,0.053,-0.266,-0.422,-1.719
RNW,🏦majority,-0.398,8.554,1.261,-0.033,-0.619,0.584,0.88,-0.615,-1.581,-5.296
ROAD,🏦majority,0.572,7.418,-0.047,0.274,0.052,0.01,0.004,0.818,-0.06,-1.836
ROCK,🏦majority,-0.113,6.763,0.6,0.127,0.07,-0.228,0.097,-0.07,-0.15,-0.452
ROG,🏦majority,0.044,6.946,-0.147,0.073,-0.059,-0.077,0.195,-0.007,-0.044,0.261
ROIV,🏦majority,0.625,7.908,0.368,0.064,-0.176,-0.004,0.425,0.253,0.622,0.091
ROK,🏦majority,0.26,4.283,0.269,0.121,0.015,-0.123,0.275,-0.343,0.506,-0.055
ROKU,🎲chase,-0.218,9.207,-0.444,0.076,0.23,0.174,-0.22,-0.011,1.208,-7.392
ROL,🏦majority,0.193,3.522,0.029,0.059,0.026,-0.084,0.014,-0.122,-0.07,-3.344
ROOT,🎰lottery,-1.668,15.738,-0.06,-0.134,-0.204,0.571,-0.061,0.647,-0.503,-5.254
ROP,🏦majority,0.067,3.061,0.301,0.02,0.007,-0.036,0.131,-0.133,-0.219,-2.407
ROST,🎲chase,0.349,3.945,-0.281,-0.041,0.22,0.008,-0.387,0.088,0.485,-0.089
RPD,🏦majority,-0.546,8.401,-0.174,0.125,-0.103,0.244,0.322,0.197,0.171,-1.983
RPM,🏦majority,-0.018,3.601,0.226,0.006,0.018,-0.019,0.111,0.044,0.033,-1.4
RPRX,🏦majority,0.144,3.233,0.218,0.065,0.054,0.1,0.181,0.221,-0.199,-0.93
RRC,🏦majority,0.511,6.264,0.568,0.033,0.128,-0.2,0.124,-0.157,-0.347,-2.741
RRR,🏦majority,0.374,5.209,0.397,0.082,-0.04,-0.023,0.253,-0.004,-0.04,-1.035
RRX,🏦majority,0.057,5.81,0.06,0.131,-0.131,-0.089,-0.05,-0.017,-0.015,-1.934
RS,🏦majority,0.493,3.741,0.164,0.098,0.023,-0.106,0.164,-0.062,0.0,-0.476
RSG,🏦majority,0.299,2.458,-0.077,-0.077,0.091,-0.028,-0.053,-0.076,0.128,-0.483
RSI,⚡panic,1.117,8.857,-0.338,0.514,0.117,-0.554,0.514,-0.815,0.521,-0.724
RTX,🏦majority,0.355,3.355,0.31,0.057,-0.033,-0.055,0.318,0.137,0.446,0.106
RUM,⚡panic,-1.63,12.602,0.687,0.086,-0.153,-0.348,0.771,0.966,1.83,-1.167
RUN,⚡panic,-0.263,12.578,1.371,0.263,-0.095,-0.45,0.67,-0.114,-0.248,-13.909
RUSHA,🏦majority,0.611,4.8,0.285,0.008,-0.02,-0.045,0.018,0.176,0.253,0.385
RVLV,🏦majority,-0.514,8.356,0.226,0.195,-0.11,-0.182,0.218,0.223,-0.337,-8.525
RVMD,⚡panic,0.346,9.241,0.637,0.098,-0.346,-0.346,0.625,-0.346,-0.324,-6.051
RVTY,🏦majority,0.045,4.708,0.347,-0.045,0.119,0.072,0.23,-0.359,0.646,0.149
RWT,🎲chase,-0.48,5.976,-0.208,-0.082,-0.03,0.162,-0.483,0.575,0.34,-3.03
RXO,🎲chase,0.574,8.048,0.15,0.155,0.112,-0.131,-0.028,-0.679,-0.379,-2.676
RXRX,⚡panic,-1.524,13.816,1.414,0.38,-0.074,-0.342,2.356,-0.21,-1.165,-9.667
RXST,🎲chase,-0.065,10.695,-0.146,-0.129,0.343,-0.147,-0.133,-0.058,0.18,-3.591
RY,🏦majority,0.382,2.591,-0.436,-0.053,-0.021,0.09,-0.345,0.195,-0.163,0.389
RYAN,🏦majority,0.345,4.742,0.402,-0.036,-0.097,0.032,0.307,-0.026,-0.936,-1.504
RYN,🏦majority,-0.138,3.739,0.321,0.072,-0.008,-0.055,0.326,-0.072,-0.406,-2.896
RYTM,⚡panic,0.304,11.008,0.643,0.185,-0.142,-0.469,-0.005,-0.182,-1.052,-3.329
S,⚡panic,0.446,8.448,1.003,0.081,0.075,-0.515,0.578,-0.717,0.673,-2.452
SA,🏦majority,0.987,9.186,0.189,0.199,-0.451,-0.008,0.78,0.421,-0.185,0.342
SABR,⚡panic,-0.43,9.411,0.594,0.624,0.43,0.088,0.43,-0.441,-0.651,-1.503
SAFE,🏦majority,-0.716,7.102,0.105,-0.019,0.069,-0.027,0.244,-0.83,-0.22,-3.365
SAH,⚡panic,0.503,6.371,0.833,0.367,-0.172,-0.044,0.748,-0.047,1.15,-3.93
SAIA,🏦majority,0.432,6.981,0.186,0.08,0.138,-0.258,0.431,0.183,-0.077,-3.182
SAIC,🏦majority,0.373,4.208,0.205,-0.048,0.025,-0.039,0.255,-0.136,0.224,-0.958
SAIL,🏦majority,0.049,9.813,0.359,-0.38,-0.049,0.189,0.015,-0.08,-0.226,1.453
SAM,🏦majority,-0.739,5.512,0.423,0.024,-0.045,-0.074,0.375,-0.263,-0.009,-1.882
SANA,🎲chase,-2.069,13.172,-0.663,0.089,0.246,-0.366,-0.407,-1.252,-3.658,0.174
SANM,🏦majority,0.557,6.245,0.585,0.029,-0.221,-0.097,0.539,0.634,-0.039,-1.151
SARO,🎲chase,0.281,4.995,-0.595,0.038,0.403,0.062,0.144,0.644,-0.806,-4.615
SATS,⚡panic,0.477,10.556,0.137,0.137,-0.298,-0.342,0.137,-1.382,-0.633,-4.735
SBAC,🏦majority,-0.225,4.149,-0.113,0.149,-0.021,-0.179,-0.177,-0.034,-0.134,-4.455
SBCF,🏦majority,-0.213,5.253,0.367,0.069,0.001,0.197,0.213,0.228,-0.182,-2.02
SBGI,🏦majority,-0.97,9.35,0.256,-0.371,-0.02,0.726,-0.013,-0.365,-1.456,-3.957
SBH,⚡panic,-0.201,6.378,0.672,0.201,-0.07,-0.059,0.688,-0.382,0.201,-2.15
SBLK,🏦majority,0.553,5.718,-0.147,0.06,0.042,-0.121,0.08,-0.166,0.424,-2.822
SBRA,🏦majority,0.151,3.612,0.338,-0.043,-0.09,0.116,0.278,-0.151,-0.672,-1.982
SBUX,🏦majority,0.073,4.222,0.037,0.113,0.034,-0.042,0.292,0.107,-0.837,-2.428
SCCO,🏦majority,0.339,5.66,0.392,-0.162,-0.22,-0.239,0.301,-0.158,1.094,0.128
SCHL,🏦majority,0.425,7.711,0.712,0.107,-0.075,-0.368,0.195,0.524,-0.072,-3.171
SCHW,🏦majority,0.287,4.657,-0.004,0.144,-0.031,-0.02,0.087,-0.142,0.255,-3.922
SCI,🏦majority,0.23,3.497,-0.167,-0.103,-0.07,0.074,-0.042,0.147,-0.045,-1.874
SCL,🏦majority,-0.034,6.524,-0.075,0.354,0.16,-0.35,-0.061,0.179,0.203,-1.87
SCSC,🎲chase,0.912,7.713,0.384,0.171,0.315,0.221,-0.433,-0.361,0.561,-4.48
SCVL,🏦majority,-0.503,7.446,0.387,0.16,-0.257,0.131,-0.114,-0.013,-1.403,-7.642
SD,🏦majority,0.858,9.837,-0.238,-0.108,-0.498,0.089,0.333,0.132,-2.073,-0.499
SDGR,⚡panic,-1.037,9.29,0.334,0.284,-0.036,-0.258,0.63,-0.314,-0.828,-4.606
SDRL,🎲chase,0.485,6.031,-0.139,-0.012,0.064,0.046,-0.143,-0.418,0.264,-1.503
SEB,🏦majority,-0.077,5.594,0.415,0.058,-0.398,-0.367,0.144,-0.258,0.075,-3.112
SEDG,⚡panic,-0.958,11.835,0.296,0.401,-0.016,-0.368,0.524,0.556,-0.972,-2.492
SEI,⚡panic,2.157,11.531,1.502,0.359,-0.402,-0.153,1.295,-1.44,3.331,5.173
SEIC,🏦majority,0.203,3.139,0.167,-0.012,-0.055,0.007,0.147,-0.11,0.171,-1.493
SEM,🏦majority,0.086,6.235,0.459,0.099,0.002,0.073,0.463,0.408,0.158,-1.832
SERV,⚡panic,-1.56,15.711,0.378,-0.291,0.545,-0.348,0.192,-0.095,0.38,-0.92
SEZL,🏦majority,2.514,16.756,1.15,-0.555,-0.262,0.571,0.53,1.296,-0.14,4.211
SF,🏦majority,0.393,4.306,0.07,0.034,0.038,-0.091,-0.001,-0.108,-0.605,-0.188
SFBS,🏦majority,0.263,6.144,0.057,0.335,-0.001,-0.212,0.164,-0.547,0.137,-1.268
SFIX,🏦majority,-2.349,9.274,-0.527,-0.122,0.366,-0.49,0.157,0.401,-1.079,-8.113
SFL,🎲chase,0.514,4.835,-0.277,-0.235,0.114,0.231,-0.425,0.646,-0.09,-0.899
SFM,🏦majority,0.552,5.406,0.207,0.055,-0.06,-0.091,0.192,0.051,0.784,-4.14
SFNC,🏦majority,-0.209,4.855,0.021,0.103,-0.002,-0.079,-0.091,0.066,-0.913,-4.621
SG,⚡panic,-1.169,11.448,0.202,0.179,-0.345,-0.309,0.322,0.153,0.579,-5.406
SGML,🏦majority,-0.364,12.641,0.364,-0.129,-0.049,0.1,-0.526,-1.244,-1.018,-10.837
SGRY,🏦majority,-0.642,7.623,0.324,0.128,-0.254,-0.168,0.191,-0.234,0.128,-1.19
SHAK,🏦majority,-0.202,7.208,0.181,0.027,-0.109,-0.047,0.237,0.387,-0.416,-3.567
SHC,🏦majority,-0.211,8.24,0.094,0.063,0.211,0.035,-0.004,0.565,-0.499,-1.799
SHLS,🎲chase,-0.308,10.738,-0.766,0.561,0.308,-0.453,-0.292,0.165,-1.417,-3.976
SHO,🏦majority,0.083,4.234,0.019,0.193,-0.083,-0.195,0.206,0.027,0.002,-1.414
SHOO,🏦majority,0.171,5.216,-0.124,-0.03,-0.123,-0.126,-0.122,0.181,0.23,1.449
SHOP,🏦majority,-0.05,9.04,0.061,0.302,0.096,-0.272,-0.058,-0.225,-0.814,-3.669
SHW,🏦majority,0.164,3.632,-0.257,0.01,0.055,-0.067,-0.038,-0.019,0.344,-1.312
SIBN,⚡panic,-0.211,11.281,0.159,0.275,0.301,-0.765,0.324,0.089,-0.391,-6.318
SIG,🏦majority,0.211,6.946,0.944,0.082,-0.156,-0.136,0.148,-0.111,-0.838,-1.054
SIGI,🏦majority,0.067,3.702,0.73,0.055,-0.115,0.085,0.353,0.278,0.116,-0.999
SII,🎲chase,1.707,8.487,-1.132,-0.222,0.113,-0.068,-0.018,0.83,-0.246,-6.259
SIRI,🎲chase,-0.329,5.92,-0.354,0.068,0.293,-0.029,-0.324,0.545,-0.714,-1.34
SITC,🏦majority,-0.169,6.075,0.381,0.109,-0.096,-0.134,0.353,0.088,-0.157,-2.438
SITE,🏦majority,-0.175,5.549,0.05,-0.006,-0.05,0.032,0.188,0.008,-0.273,-1.875
SITM,🎲chase,0.834,10.937,-0.509,0.351,0.016,-0.097,-0.476,-0.531,0.558,-1.889
SJM,🏦majority,0.121,3.423,0.12,0.005,0.067,0.097,0.149,0.046,-0.385,-0.543
SKLZ,⚡panic,-5.271,16.167,0.417,-0.017,0.241,-0.546,0.454,-0.597,1.288,-13.291
SKT,🏦majority,0.418,4.342,0.197,0.033,0.056,0.009,0.124,-0.135,-0.127,-2.779
SKWD,🏦majority,0.708,5.318,0.431,-0.047,-0.153,-0.175,0.349,0.639,-0.659,-1.311
SKY,🏦majority,0.389,6.715,-0.226,0.09,-0.186,-0.102,0.01,-0.373,0.452,0.317
SKYT,🎰lottery,-0.199,18.931,0.917,-0.984,0.549,1.154,-0.048,-1.006,0.887,-18.288
SKYW,🎲chase,0.57,6.251,-0.199,-0.04,-0.039,0.049,-0.45,0.288,-0.521,0.263
SLAB,🎲chase,0.045,6.8,-0.353,0.044,-0.054,0.052,-0.126,-0.458,-0.074,-5.377
SLB,🏦majority,0.145,5.501,-0.053,0.035,-0.076,-0.145,0.058,-0.292,-0.448,-1.126
SLF,🏦majority,0.421,2.755,-0.179,0.022,0.088,-0.018,-0.149,-0.007,0.293,0.144
SLG,🏦majority,-0.083,6.104,0.387,0.126,-0.242,0.042,0.231,-0.155,0.125,-1.668
SLGN,🏦majority,0.077,3.846,0.112,0.139,-0.077,-0.077,0.184,-0.032,0.136,-0.034
SLM,🏦majority,0.151,4.942,0.08,0.037,-0.256,0.044,0.014,-0.059,-0.463,-0.101
SLP,🏦majority,-0.275,11.579,0.028,0.49,-0.237,0.101,-0.31,-1.736,-2.535,-6.144
SLVM,🏦majority,0.187,6.708,0.236,-0.2,-0.372,-0.148,-0.095,0.213,-0.389,-4.176
SM,🎲chase,0.509,7.627,-0.127,-0.162,-0.03,0.071,-0.539,0.359,-0.18,2.027
SMCI,🎲chase,0.789,13.658,-0.621,0.411,-0.1,-0.001,-0.167,0.024,1.53,-4.305
SMG,🏦majority,-0.315,6.597,0.315,-0.066,0.128,0.012,0.239,-0.393,0.107,-9.179
SMMT,⚡panic,0.159,13.63,1.282,0.39,-0.844,-0.533,1.771,-0.593,0.499,-4.149
SMPL,🏦majority,-0.248,4.797,-0.082,0.097,-0.111,-0.009,-0.024,-0.135,0.304,-2.7
SMR,🏦majority,-0.677,13.843,0.179,-0.033,-0.029,-0.292,0.094,0.591,-1.605,0.799
SMTC,🎲chase,0.442,9.119,-0.134,0.002,0.205,0.13,-0.227,0.49,-0.141,-3.886
SN,🏦majority,1.154,6.33,0.343,-0.018,0.119,-0.019,0.222,-0.343,-0.741,1.051
SNA,🏦majority,0.37,3.065,0.327,0.262,0.15,-0.091,0.409,-0.138,-0.112,-2.71
SNAP,🎲chase,-0.323,9.843,-0.641,-0.033,0.002,0.135,-0.351,-0.75,1.434,-2.601
SNBR,🎰lottery,-1.104,15.063,-0.588,-0.302,0.362,0.198,-0.625,-0.773,-0.339,-4.588
SNDR,🏦majority,0.267,4.285,0.255,0.002,-0.156,-0.042,0.279,-0.131,-0.574,-0.372
SNDX,🎲chase,0.099,7.938,-0.435,0.015,0.527,0.008,-0.099,-0.008,-1.051,-3.81
SNEX,🎲chase,1.676,7.147,0.46,0.058,0.276,-0.083,-0.334,-0.403,-0.351,1.925
SNOW,🏦majority,0.329,8.519,0.133,0.098,-0.023,-0.154,0.026,-0.078,0.301,-2.889
SNPS,🏦majority,0.266,5.45,0.017,-0.022,-0.125,-0.076,-0.17,-0.051,-0.044,-3.535
SNX,🏦majority,0.439,4.376,-0.31,0.113,-0.006,-0.003,0.121,-0.013,0.231,-2.544
SO,🏦majority,0.323,2.548,0.038,0.114,-0.031,-0.043,0.116,-0.158,0.003,0.069
SOBO,🏦majority,0.847,3.687,0.127,0.132,0.052,-0.119,0.314,0.38,-0.592,1.566
SOC,🎲chase,-0.109,16.618,-0.219,0.55,0.329,-0.047,-0.447,-1.406,2.975,2.963
SOFI,🎲chase,0.055,9.419,-0.345,0.015,0.643,0.264,-0.114,0.717,0.113,-1.275
SOLV,🏦majority,-0.039,4.489,-0.056,-0.107,0.073,0.046,-0.366,-0.425,-0.119,0.918
SON,🏦majority,0.142,3.498,0.205,0.153,0.13,0.035,0.189,-0.064,-0.064,-0.436
SONO,🏦majority,-0.349,6.773,-0.132,-0.219,-0.221,0.424,0.258,0.266,0.053,-6.153
SOUN,⚡panic,-0.903,15.986,0.088,0.522,-0.073,-0.102,1.538,-0.742,2.655,-1.685
SPB,🏦majority,0.079,5.052,0.023,0.051,0.061,0.085,-0.079,-0.123,-0.256,0.054
SPCE,⚡panic,-2.66,11.605,1.067,0.304,-0.256,-0.281,1.004,0.15,0.201,-5.45
SPG,🏦majority,0.394,3.613,0.131,0.149,0.002,-0.055,0.223,-0.027,-0.109,0.265
SPGI,🏦majority,0.254,3.509,0.011,0.073,0.124,-0.032,0.135,-0.099,0.464,-0.67
SPH,⚡panic,-0.135,5.488,1.289,0.243,-0.555,-0.278,0.958,-0.216,0.82,-2.014
SPHR,🎲chase,0.973,7.9,-0.186,0.043,-0.077,-0.134,-0.403,-0.08,-0.144,-0.812
SPIR,🎰lottery,-1.998,20.836,-0.843,-0.783,0.225,1.652,-0.968,1.34,-2.361,-1.56
SPNT,⚡panic,0.927,6.652,1.144,0.048,-0.158,-0.259,0.874,-0.623,-0.259,-1.221
SPOT,🎲chase,0.342,6.381,-0.15,0.345,0.138,-0.241,-0.156,-0.123,0.538,-2.575
SPRY,🏦majority,-0.431,11.635,0.096,-0.083,-0.36,0.431,-0.321,0.618,0.411,-10.0
SPSC,🏦majority,0.397,5.998,0.206,-0.049,0.044,-0.037,-0.187,-0.076,-0.193,-1.513
SPT,🏦majority,-0.511,9.512,0.052,0.108,0.032,0.113,-0.066,0.201,-0.248,-1.466
SPWR,🎲chase,-1.408,9.544,0.053,-0.032,0.484,0.197,-0.176,-0.203,1.717,1.325
SPXC,🎲chase,0.648,5.142,-0.168,0.043,0.263,0.088,0.129,-0.002,-0.422,-1.134
SR,🏦majority,0.228,3.056,0.18,0.162,-0.073,-0.004,0.274,0.333,0.041,-2.843
SRAD,🏦majority,0.391,10.549,-0.155,0.14,0.3,0.07,0.262,0.447,-1.593,-4.256
SRE,🏦majority,0.237,3.187,0.348,0.011,-0.175,0.095,0.312,-0.072,0.438,-1.252
SRPT,🎲chase,-0.171,9.525,-0.343,-0.006,0.354,0.115,-0.16,0.205,-0.322,-0.286
SRRK,⚡panic,-0.353,14.357,1.298,-0.022,-0.324,-0.069,1.297,0.427,-1.487,-6.131
SSB,🏦majority,0.02,4.192,0.113,0.105,-0.089,-0.062,0.085,-0.089,0.218,-0.475
SSD,🏦majority,0.174,4.64,-0.001,0.068,-0.048,0.339,-0.304,0.068,-0.11,-0.529
SSNC,🏦majority,0.247,3.496,0.002,0.024,-0.181,0.018,-0.016,-0.182,0.467,-0.598
SSRM,⚡panic,0.076,7.605,1.083,-0.138,-0.369,-0.252,0.588,-0.308,-0.492,-3.807
SSTK,🏦majority,-1.007,7.447,0.299,0.046,-0.062,0.084,0.052,0.337,-0.33,-2.038
SSYS,🏦majority,-1.208,9.141,-0.123,0.068,0.352,-0.061,-0.196,1.093,-1.135,-6.667
ST,🏦majority,0.06,5.203,-0.021,0.068,0.105,0.033,0.108,-0.002,0.041,-2.496
STAA,⚡panic,-1.09,8.85,0.762,0.301,-0.21,-0.211,0.598,0.025,-0.371,-2.378
STAG,🏦majority,0.104,3.189,0.032,0.049,-0.019,-0.031,-0.024,-0.075,0.318,-0.311
STC,🎲chase,0.7,5.83,-0.345,-0.04,-0.166,0.112,-0.472,-0.8,0.028,-1.643
STE,🏦majority,0.117,3.589,0.387,0.006,-0.0,-0.022,0.349,0.31,0.06,-1.898
STEP,🏦majority,0.497,6.769,0.311,0.154,0.202,-0.18,0.419,-0.465,0.399,-1.609
STLA,🎲chase,0.0,5.837,-0.45,0.111,0.151,0.0,-0.245,0.261,-0.716,1.302
STLD,🏦majority,0.774,5.413,-0.065,0.285,0.335,-0.033,0.169,-0.685,-0.292,0.259
STM,🎲chase,0.259,6.336,-0.185,0.162,0.187,-0.065,-0.135,-0.108,0.116,-2.946
STN,🎲chase,0.394,4.702,-0.046,0.103,0.051,0.002,-0.276,0.083,-0.125,-6.057
STNE,🎲chase,-0.369,9.301,-0.332,0.459,0.152,-0.226,0.021,0.143,-0.527,-3.526
STNG,🏦majority,0.359,6.215,-0.183,-0.118,0.027,0.056,0.091,-0.151,-0.391,-0.223
STOK,🏦majority,0.958,17.188,-0.294,0.362,0.329,-0.063,0.939,1.011,-2.211,-6.447
STRA,🎲chase,0.327,5.958,-0.241,-0.004,0.096,0.06,-0.125,-0.55,-0.11,-1.258
STRL,🎲chase,1.258,9.403,0.06,-0.111,-0.139,0.359,0.183,-0.717,0.333,-0.293
STT,🏦majority,0.723,4.212,0.013,0.241,-0.058,-0.057,-0.038,0.165,0.186,0.263
STVN,🎲chase,0.182,9.264,-0.293,0.282,0.467,0.352,-0.149,-1.819,-0.583,-6.008
STWD,🏦majority,0.0,3.31,0.101,0.12,0.056,0.0,0.118,0.111,0.31,-2.733
STX,🎲chase,0.893,6.907,-0.416,0.161,-0.051,0.159,-0.184,0.301,-0.001,-2.658
STZ,🏦majority,-0.099,3.328,0.086,0.039,0.067,-0.033,0.14,0.095,-0.082,-1.375
SU,🏦majority,0.841,4.759,0.05,-0.057,0.159,-0.154,-0.113,-0.12,0.132,0.096
SUI,🏦majority,-0.05,3.362,0.236,0.117,0.156,-0.136,0.217,-0.109,-0.114,-1.413
SUN,🏦majority,0.338,3.806,0.273,0.01,-0.085,-0.11,0.269,0.102,-0.209,-2.201
SUPN,🏦majority,0.402,5.118,0.482,0.209,-0.139,-0.325,0.515,-0.124,-0.445,-2.402
SUPV,🏦majority,0.19,12.239,0.127,-0.454,-0.601,0.692,-0.379,-0.436,0.814,-1.514
SVC,🏦majority,-0.918,10.208,-0.243,0.009,-0.014,-0.343,0.225,1.143,-1.363,-1.977
SVV,🎲chase,0.273,9.59,-1.181,0.226,0.415,0.353,-0.717,-0.85,-2.17,-1.073
SW,⚡panic,-0.116,5.889,0.662,-0.218,-0.719,-0.081,0.784,-0.358,-0.005,-0.286
SWBI,⚡panic,0.0,7.578,0.418,0.153,0.096,-0.187,0.656,-0.662,0.565,-0.914
SWK,⚡panic,-0.294,5.271,0.43,0.167,0.102,-0.247,0.469,-0.436,0.135,-3.303
SWKS,🏦majority,-0.264,5.227,0.192,0.124,-0.041,-0.014,-0.168,-0.085,0.82,-2.247
SWX,🏦majority,0.232,3.453,0.688,0.127,-0.199,-0.02,0.504,0.121,-0.492,-0.423
SXC,🏦majority,0.235,7.94,-0.328,0.216,0.057,-0.235,0.083,0.599,-0.803,-0.416
SXI,🏦majority,1.072,6.564,0.768,0.189,-0.499,-0.049,0.737,0.477,-0.434,0.18
SXT,🏦majority,0.198,4.864,0.403,0.112,0.098,-0.141,0.071,-0.081,-0.051,-1.747
SYBT,🎲chase,0.713,7.294,-0.422,0.078,0.354,0.312,-0.055,-0.198,-0.289,-3.699
SYF,🏦majority,0.416,4.954,0.216,0.002,-0.143,-0.122,0.05,0.038,-0.791,-0.889
SYK,🏦majority,0.097,3.48,-0.017,0.041,-0.08,-0.047,0.004,0.204,0.081,-0.612
SYM,⚡panic,0.057,13.351,-0.156,0.296,0.053,-0.746,0.749,-0.336,0.266,-4.321
SYNA,🏦majority,-0.182,7.318,-0.088,0.079,-0.187,-0.036,0.155,0.368,-0.106,-3.244
SYRE,⚡panic,1.771,11.957,0.893,0.315,-0.354,-0.508,0.392,0.63,0.205,1.913
SYY,🏦majority,0.131,3.225,-0.091,0.033,0.068,0.025,0.083,0.096,0.116,-0.18
T,🏦majority,0.072,3.689,0.045,-0.072,-0.021,0.005,0.143,0.239,0.887,-2.151
TAC,🏦majority,0.498,6.74,-0.15,0.235,-0.294,0.067,-0.071,-0.498,-0.627,-2.679
TALO,🏦majority,0.276,8.013,0.045,0.249,-0.276,0.103,0.149,0.799,1.117,-5.368
TAP,🏦majority,-0.245,3.549,0.095,0.027,-0.011,-0.01,0.056,0.107,0.277,-0.777
TARS,🎲chase,1.33,10.115,-0.888,-0.319,0.133,0.348,-0.32,-0.457,-0.495,-2.089
TASK,🎰lottery,-0.958,13.749,-0.171,-0.154,0.906,0.008,-0.398,-0.595,-1.607,-8.314
TBBB,⚡panic,0.784,6.335,1.162,0.212,-0.287,-0.305,0.849,0.125,0.169,1.115
TBBK,🏦majority,0.613,7.04,-0.239,0.052,0.044,-0.263,-0.072,-0.011,0.005,-1.727
TBPH,⚡panic,0.591,9.768,0.529,0.634,0.41,-0.163,0.358,-0.224,-0.422,-0.607
TCBI,🏦majority,0.3,4.699,0.182,0.102,-0.208,0.05,0.188,0.421,-0.241,-0.783
TCMD,🎰lottery,-0.124,15.804,-0.54,-0.946,0.937,1.148,-0.894,0.734,-0.809,0.473
TCPC,🏦majority,-0.576,6.412,0.147,-0.208,0.281,0.135,-0.153,-0.157,-0.638,-3.968
TD,🏦majority,0.433,2.895,-0.229,-0.066,0.001,-0.049,-0.192,-0.065,0.022,-0.57
TDC,🏦majority,0.147,6.162,0.148,-0.035,-0.269,0.15,0.197,-0.016,0.053,-0.684
TDG,🏦majority,0.463,3.844,0.31,0.063,-0.052,-0.085,0.285,-0.122,0.237,-1.732
TDOC,⚡panic,-1.148,8.836,0.402,0.287,-0.066,-0.118,0.422,-1.127,0.452,-2.314
TDS,🏦majority,0.0,7.687,0.354,0.155,-0.045,-0.049,0.508,0.056,-0.055,-2.71
TDW,🎲chase,0.999,7.913,0.01,-0.324,0.203,0.329,-0.101,-0.669,0.299,-1.114
TDY,🏦majority,0.361,3.265,0.151,0.101,-0.027,0.016,0.155,-0.293,-0.219,-1.587
TEAM,🏦majority,-0.142,8.728,-0.097,0.053,0.113,-0.136,-0.049,-0.182,-0.45,-6.732
TECH,🏦majority,-0.155,5.599,-0.189,-0.013,0.226,-0.084,0.272,-0.421,0.608,-0.859
TECK,🏦majority,0.639,6.313,0.581,0.069,0.081,-0.252,0.622,-0.105,0.149,-4.151
TEL,🏦majority,0.297,3.922,-0.059,0.101,-0.066,-0.082,0.035,-0.147,0.372,-0.756
TEM,🏦majority,-0.555,14.191,-0.232,-0.489,-0.263,-0.462,-0.339,1.019,0.392,-1.607
TEN,🏦majority,-0.05,9.442,-0.256,-0.179,0.05,0.166,0.05,0.404,0.901,-7.158
TENB,⚡panic,-0.093,6.834,1.079,0.021,-0.257,0.055,0.515,-0.295,0.339,-2.69
TER,🏦majority,0.618,6.831,0.127,0.519,0.183,-0.153,0.115,0.171,0.901,-1.657
TEX,🏦majority,0.355,5.998,0.098,0.353,-0.002,-0.11,0.05,-0.187,0.078,-4.31
TFC,🏦majority,0.182,4.363,0.096,0.058,-0.002,-0.182,0.111,-0.038,0.158,-1.143
TFII,🏦majority,0.334,5.284,-0.256,0.076,-0.011,-0.111,-0.057,0.277,0.37,-0.988
TFIN,🏦majority,0.269,7.427,-0.213,-0.215,-0.241,-0.09,0.01,-0.284,-0.46,-0.598
TFPM,🏦majority,1.33,7.26,0.502,0.37,0.277,-0.054,0.035,-0.223,-0.507,-6.73
TFSL,🏦majority,-0.072,5.607,-0.005,0.15,-0.584,-0.272,0.046,0.264,0.149,-2.606
TFX,🏦majority,-0.239,4.769,0.001,-0.021,-0.072,-0.127,0.126,0.237,0.087,-1.688
TGLS,🎲chase,0.533,8.596,-0.218,-0.049,0.273,0.277,0.291,-0.299,-0.38,-0.93
TGT,🏦majority,-0.1,4.904,-0.076,-0.01,-0.171,0.082,-0.192,0.084,-0.053,-4.31
TGTX,🎲chase,0.118,11.935,0.083,0.071,0.23,-0.118,0.31,-0.085,0.567,-4.294
TH,🎲chase,1.146,13.742,-1.766,-0.532,0.496,0.449,-0.96,-1.179,-2.458,0.653
THC,🏦majority,0.691,6.351,-0.055,0.001,-0.399,0.066,-0.387,0.198,0.286,-3.833
THG,🏦majority,0.213,3.253,0.592,0.087,-0.148,-0.113,0.349,0.208,-0.139,-4.129
THO,🏦majority,-0.139,5.537,0.537,0.229,-0.221,-0.058,0.513,-0.407,1.19,-2.332
THRM,⚡panic,-0.132,7.261,0.772,0.132,-0.353,-0.379,1.011,0.04,-0.247,-3.694
THRY,🏦majority,-2.295,10.112,0.663,0.436,-0.898,0.154,1.233,1.334,-1.148,-1.864
TIGO,🏦majority,1.321,8.35,-0.278,0.347,-0.214,-0.534,-0.021,0.222,-1.654,0.065
TIGR,🏦majority,-1.683,11.304,0.716,-0.4,-0.09,-0.187,-0.063,-0.555,-1.514,-7.001
TILE,🎲chase,0.699,8.76,0.171,-0.419,0.44,0.09,0.178,-0.031,-0.094,-1.61
TITN,⚡panic,-0.193,11.778,0.256,0.489,0.566,-0.565,0.268,-1.946,1.449,-5.412
TJX,🏦majority,0.305,3.046,0.384,-0.0,0.044,0.042,0.21,0.034,-0.336,0.157
TK,🎲chase,1.733,8.161,-0.905,-0.355,1.034,0.087,-0.853,-0.369,-2.522,3.125
TKO,🏦majority,0.325,4.688,0.417,-0.002,-0.069,-0.024,0.339,-0.156,0.567,1.434
TKR,🏦majority,0.37,4.301,0.167,0.243,0.067,-0.114,0.254,-0.307,0.186,0.05
TLN,⚡panic,1.075,7.705,1.518,0.088,0.028,-0.142,0.51,-1.031,-0.418,0.971
TLRY,⚡panic,-2.312,12.146,-0.018,0.197,0.197,0.294,0.833,-1.835,1.673,-9.127
TMCI,⚡panic,-1.525,14.537,0.907,-0.108,0.385,-0.189,0.534,-1.573,0.679,-7.195
TMDX,🎲chase,0.403,10.697,-0.338,0.053,0.136,0.027,-0.763,0.133,-0.473,-7.99
TMHC,🏦majority,0.276,4.941,0.387,0.169,-0.109,-0.116,0.401,-0.023,0.309,-0.076
TMO,🏦majority,0.182,3.876,-0.017,0.137,0.06,-0.128,0.133,-0.12,0.158,-1.253
TMUS,🏦majority,0.074,3.361,0.101,-0.062,-0.109,-0.033,0.127,-0.049,-0.02,-1.088
TNC,🏦majority,0.319,6.297,0.098,-0.101,-0.249,-0.279,0.49,-0.473,-0.095,-0.459
TNDM,🎲chase,-0.283,9.915,-0.439,-0.068,-0.11,0.247,-0.248,0.331,0.213,-2.323
TNET,🎲chase,0.336,5.577,-0.592,-0.073,-0.045,0.132,-0.466,0.204,-0.316,-4.397
TNGX,⚡panic,0.344,15.554,1.36,0.113,-0.814,-0.038,1.108,-0.155,-1.159,4.02
TNK,🎲chase,0.673,7.159,-0.943,-0.368,0.259,0.243,-0.579,-0.252,0.102,-0.32
TNL,🏦majority,0.332,4.97,0.162,0.114,0.022,-0.311,0.098,0.035,0.136,0.868
TNXP,🎰lottery,-4.976,24.015,-1.272,0.125,-0.935,0.433,-0.036,1.509,-1.537,-14.25
TOL,🏦majority,0.31,4.79,0.032,0.203,0.038,-0.015,0.393,-0.356,-0.43,0.126
TOST,⚡panic,0.183,8.352,0.621,0.158,-0.109,-0.137,0.663,0.127,0.855,0.112
TOWN,🏦majority,-0.119,5.248,0.287,0.119,-0.13,0.001,0.366,-0.529,0.082,-2.115
TPB,🏦majority,0.661,8.47,0.326,0.123,-0.612,0.063,0.272,0.496,0.033,-3.391
TPC,⚡panic,1.658,11.406,-0.003,0.162,-0.446,-0.871,0.407,-0.332,0.08,-2.141
TPG,🎲chase,0.217,6.073,-0.528,-0.188,0.105,0.124,-0.288,0.415,0.216,-1.05
TPL,🏦majority,0.302,7.712,0.172,-0.011,-0.308,0.077,0.327,0.494,0.099,-1.409
TPR,🏦majority,0.577,5.319,-0.103,0.074,0.101,0.139,-0.08,0.53,-0.753,-2.952
TR,🎲chase,0.509,6.062,-0.177,0.095,0.126,-0.064,-0.396,-0.266,-0.064,-4.308
TREE,🎰lottery,-1.282,12.982,-0.973,0.25,0.169,0.118,-0.896,0.286,-0.524,-6.567
TREX,🏦majority,-0.123,6.574,0.426,-0.01,-0.197,-0.138,0.351,-0.075,0.302,-0.536
TRGP,🏦majority,0.991,4.409,0.575,0.104,-0.108,-0.203,0.295,-0.024,0.21,-0.602
TRI,🏦majority,0.154,3.976,-0.165,0.029,0.09,0.031,-0.136,-0.001,0.242,-1.267
TRIN,🏦majority,0.136,4.648,0.219,0.148,0.074,0.005,0.281,-0.27,-0.494,-1.398
TRIP,🏦majority,-0.074,7.381,-0.055,-0.093,-0.063,0.26,0.158,0.541,-0.123,-5.437
TRMB,🏦majority,0.05,4.569,-0.289,0.125,-0.017,-0.05,-0.191,-0.035,-0.273,0.184
TRMD,🎲chase,0.649,7.762,-0.309,-0.303,0.17,0.359,-0.425,-0.564,0.031,-1.068
TRMK,⚡panic,0.204,5.631,0.98,0.034,-0.259,-0.163,0.754,-0.547,0.079,-0.795
TRN,🏦majority,0.373,5.456,0.013,-0.05,-0.091,0.111,-0.112,-0.002,-0.496,-1.933
TRNO,🏦majority,0.036,3.501,0.141,0.143,-0.036,-0.019,0.044,-0.21,-0.436,0.234
TRNS,⚡panic,0.617,11.438,0.627,0.338,0.034,-0.355,1.512,1.185,0.281,-2.213
TROW,🏦majority,-0.166,4.059,0.372,0.036,-0.141,-0.092,0.372,-0.184,-0.08,-2.53
TROX,🏦majority,-0.221,7.574,-0.072,0.147,0.162,-0.236,0.03,0.316,-0.981,-2.14
TRP,🎲chase,0.392,3.309,-0.244,-0.044,0.208,-0.072,-0.215,0.066,0.238,-0.457
TRS,🎲chase,0.705,6.619,-1.123,-0.097,0.178,-0.309,-0.369,-0.341,-0.412,-0.669
TRU,🏦majority,0.079,5.502,-0.032,0.065,-0.056,0.037,-0.214,0.486,0.174,-1.431
TRUP,⚡panic,-0.562,9.998,0.641,0.198,0.124,0.113,0.53,-0.781,-0.746,-3.582
TRV,🏦majority,0.38,2.939,0.128,0.024,-0.06,-0.059,0.177,-0.022,-0.033,0.166
TSCO,🏦majority,0.078,3.971,0.142,0.102,0.121,-0.056,0.055,0.263,0.162,-2.008
TSEM,🎲chase,0.423,6.894,-0.229,-0.008,0.171,-0.093,-0.063,-0.411,0.268,-4.274
TSLA,🏦majority,-0.07,8.413,0.383,-0.233,-0.143,0.102,0.009,-0.223,-0.982,-3.076
TSLX,🏦majority,0.21,3.262,0.182,-0.028,-0.068,-0.075,-0.165,0.138,-0.21,0.745
TSN,🏦majority,-0.044,3.517,0.304,0.044,-0.053,-0.139,0.297,-0.182,-0.07,-0.648
TT,🏦majority,0.39,3.798,-0.328,-0.019,-0.117,-0.074,-0.1,0.035,-0.25,-1.822
TTAN,🏦majority,-0.435,8.259,0.483,-0.875,-0.501,0.272,-0.353,0.05,-0.155,2.572
TTC,🏦majority,0.081,4.029,0.236,0.093,0.085,-0.052,0.133,-0.107,0.238,-2.146
TTD,🎲chase,-0.089,9.293,-0.525,0.183,0.131,0.188,-0.709,-0.214,-0.097,-9.538
TTE,🏦majority,0.393,3.481,0.061,0.115,-0.079,-0.169,0.116,-0.229,0.03,-2.929
TTEK,🏦majority,0.324,4.47,0.153,-0.027,-0.224,-0.198,0.098,-0.218,0.17,-1.428
TTMI,🎲chase,0.96,8.396,-0.167,-0.007,0.057,0.083,-0.54,0.385,-0.154,0.566
TTWO,🏦majority,0.262,4.508,0.305,0.065,0.15,-0.182,-0.189,-0.154,0.058,-1.231
TU,🏦majority,-0.122,2.806,-0.227,0.031,0.184,0.019,-0.184,-0.118,0.43,-0.488
TVTX,⚡panic,0.445,9.693,0.679,0.103,-0.083,-0.059,0.505,-0.275,-0.511,-7.452
TW,🏦majority,0.11,3.889,0.108,0.005,-0.024,0.162,-0.247,0.23,-0.124,-1.287
TWI,🏦majority,0.545,11.854,0.717,-0.179,0.127,0.854,0.654,0.193,-1.328,-0.575
TWLO,🏦majority,0.241,8.545,0.367,0.139,-0.134,-0.198,0.139,0.202,-0.729,1.046
TWO,🏦majority,-0.307,5.435,-0.069,0.091,-0.097,0.146,0.161,0.174,-0.056,-1.463
TWST,🏦majority,-0.589,10.486,0.947,-0.189,0.213,0.13,0.644,-0.093,-0.235,-4.829
TXG,🎲chase,-0.18,9.322,-0.44,0.104,0.109,-0.125,0.346,-0.276,0.295,-2.853
TXN,🏦majority,0.039,4.244,0.045,0.189,-0.039,-0.124,0.332,-0.044,0.52,-2.383
TXNM,🏦majority,0.186,2.056,0.168,0.079,-0.033,-0.01,0.115,-0.011,-0.068,0.266
TXRH,🏦majority,0.223,3.878,0.746,0.011,-0.124,-0.075,0.485,0.09,-0.221,-0.887
TXT,🏦majority,0.292,3.704,0.434,0.126,0.019,-0.081,0.427,-0.264,0.167,-0.879
TYL,🏦majority,-0.007,4.415,0.177,0.112,0.073,-0.218,0.233,0.054,0.089,-0.907
U,🏦majority,-0.441,10.81,0.056,-0.209,0.36,0.149,0.101,-0.072,0.448,-7.02
UA,🏦majority,-0.141,7.057,0.76,-0.084,-0.128,0.014,0.475,0.141,0.291,-4.15
UAA,⚡panic,-0.146,7.36,0.733,0.146,-0.114,-0.248,0.516,-0.159,-0.382,0.0
UAL,🎲chase,0.488,6.922,-0.705,-0.025,0.677,-0.143,-0.189,-0.167,0.036,-1.409
UAN,🎲chase,0.028,10.095,-0.197,0.646,1.147,-0.518,0.44,-0.146,0.261,-4.242
UBER,🏦majority,0.122,6.279,0.512,-0.059,-0.048,0.042,0.174,-0.549,-0.358,-1.313
UBS,🏦majority,0.755,4.308,-0.453,-0.076,0.022,-0.111,-0.022,0.137,-0.28,-1.86
UBSI,🏦majority,0.095,3.923,-0.023,0.098,-0.017,-0.12,0.176,-0.314,-0.301,-2.374
UCB,🏦majority,0.279,4.325,0.231,0.131,0.117,-0.383,0.117,-0.725,-1.168,1.73
UCTT,🎲chase,0.347,9.384,0.192,0.213,0.369,0.315,0.346,0.022,-0.712,-3.23
UDR,🏦majority,0.0,3.199,0.203,0.051,-0.028,-0.062,0.135,-0.132,0.013,-2.562
UE,🏦majority,0.108,3.801,0.39,0.112,0.082,-0.017,0.4,-0.194,0.206,-0.56
UEC,⚡panic,0.283,8.98,1.632,0.33,0.175,-0.283,0.437,-0.569,-1.41,1.444
UFPI,🏦majority,-0.055,4.69,0.375,0.104,-0.01,0.012,0.504,0.235,0.275,0.972
UFPT,⚡panic,0.763,8.258,1.159,0.244,-0.127,-0.329,1.089,-0.823,0.3,-4.553
UGI,🏦majority,0.157,3.991,0.092,0.121,0.026,-0.006,0.12,-0.07,0.021,-1.864
UHAL,🏦majority,0.049,5.406,0.377,-0.153,-0.129,0.103,0.177,0.028,0.099,-3.438
UHS,🏦majority,0.248,4.766,-0.032,-0.053,-0.116,0.062,-0.023,0.323,0.092,-2.936
UI,⚡panic,0.158,8.454,0.249,0.092,-0.395,-0.169,0.765,-0.308,0.882,-6.135
ULCC,🎲chase,-0.735,9.521,-0.223,0.353,0.455,-0.095,-0.517,-0.232,-0.866,-4.621
ULS,🏦majority,0.854,5.134,0.252,0.073,0.279,0.021,0.386,0.368,-0.729,1.63
ULTA,🏦majority,0.388,4.758,0.196,0.061,-0.063,-0.129,0.306,-0.12,0.058,-2.257
UMBF,🏦majority,0.308,4.623,0.282,0.274,-0.012,-0.114,0.246,-0.005,0.492,-0.996
UMH,🏦majority,0.0,4.712,0.061,0.124,0.126,-0.462,0.155,-0.171,0.602,-1.146
UNF,🏦majority,0.005,5.208,0.356,-0.0,-0.052,-0.168,0.078,-0.192,-0.159,-1.943
UNFI,🎲chase,0.602,8.233,-0.317,0.191,0.309,-0.243,0.021,-0.158,0.983,0.913
UNH,🏦majority,0.247,4.754,0.103,0.094,-0.126,0.013,0.086,-0.048,-0.166,-4.452
UNIT,⚡panic,-0.507,7.201,0.416,-0.009,-0.125,-0.128,0.507,-0.548,0.978,-1.532
UNM,🏦majority,0.623,3.951,0.561,0.053,-0.145,-0.011,0.203,0.262,0.086,-0.191
UNP,🏦majority,0.009,3.151,-0.046,0.037,0.044,0.061,-0.001,-0.139,-0.106,-1.378
UPBD,🏦majority,-0.102,6.37,-0.364,0.028,-0.119,0.043,-0.249,0.363,0.349,-1.171
UPS,🏦majority,0.094,4.047,0.099,0.102,0.079,-0.097,0.127,-0.077,-0.023,-0.349
UPST,🎰lottery,-0.71,14.664,-0.753,-0.362,0.514,0.875,-0.727,0.265,-0.404,-1.905
UPWK,🏦majority,-0.908,8.568,0.202,-0.12,-0.077,0.178,0.188,0.363,-0.736,-1.391
URBN,⚡panic,0.15,6.054,0.928,0.29,-0.073,-0.068,0.91,-0.053,-0.109,-3.181
URGN,⚡panic,0.0,15.879,0.413,0.275,0.835,-0.631,0.101,0.323,-0.072,-3.015
URI,🏦majority,0.395,5.544,0.041,0.097,0.04,-0.13,-0.034,0.033,-0.161,-0.469
USAC,⚡panic,0.332,6.031,0.973,0.113,-0.212,-0.332,1.078,0.559,-0.235,-1.222
USB,🏦majority,0.207,4.053,0.149,0.018,-0.037,0.055,0.057,-0.136,-0.367,-1.759
USFD,🏦majority,0.372,4.18,0.262,-0.096,-0.046,0.045,0.196,0.225,0.032,-2.186
USPH,🏦majority,0.146,6.767,-0.079,0.058,-0.196,0.758,0.0,-0.079,0.035,-4.527
UTHR,🏦majority,0.268,4.664,0.478,0.147,-0.126,-0.131,0.48,-0.071,0.326,-0.431
UTI,🏦majority,1.32,9.733,1.05,0.247,-0.011,-0.118,0.518,0.06,-1.588,1.922
UTZ,🏦majority,-0.274,6.98,0.274,0.037,-0.087,-0.214,0.053,-0.69,0.025,-0.611
UUUU,🏦majority,0.0,10.325,0.837,-0.095,0.0,0.0,0.768,0.802,1.221,-5.978
UVV,🏦majority,-0.018,4.942,0.519,-0.132,-0.186,0.192,0.092,0.25,0.219,-3.739
UWMC,🏦majority,-0.826,6.732,0.648,-0.248,-0.072,0.302,0.07,0.74,-0.929,-3.654
V,🏦majority,0.33,3.074,0.038,0.049,0.155,-0.09,0.065,-0.032,-0.078,-1.943
VAC,🏦majority,0.008,5.945,0.04,0.069,0.041,-0.12,0.043,0.039,0.069,-3.734
VAL,🏦majority,0.472,7.133,0.216,0.059,-0.281,-0.041,-0.008,-0.166,0.049,-2.388
VC,🏦majority,0.032,5.513,0.779,0.154,0.008,-0.216,0.524,0.029,0.572,0.88
VCEL,⚡panic,-0.062,6.965,0.975,0.271,0.095,-0.427,0.906,-0.091,-0.75,-3.836
VCTR,🏦majority,0.714,5.364,0.033,0.033,-0.013,-0.094,-0.355,0.085,0.036,-0.182
VCYT,⚡panic,-0.493,8.316,0.78,0.222,-0.204,-0.32,0.979,-0.408,-1.394,-2.22
VECO,🏦majority,0.498,7.394,0.244,0.203,0.017,-0.101,0.095,0.514,-0.239,-0.094
VEEV,🏦majority,-0.141,5.53,0.028,0.023,-0.341,0.165,0.118,-0.237,-0.332,-2.224
VERA,⚡panic,-0.217,15.176,0.808,-0.044,-0.31,-0.279,0.892,-0.087,-0.468,0.693
VERX,🏦majority,0.28,8.466,0.345,0.238,0.232,-0.201,0.179,-0.599,-0.811,-1.042
VET,🏦majority,0.389,7.674,0.466,0.109,-0.183,0.191,0.044,-0.52,-0.062,0.673
VFC,⚡panic,-0.642,7.085,0.65,0.055,-0.171,-0.382,0.348,-0.347,-1.79,-5.89
VG,🎲chase,0.144,9.747,-0.69,0.061,-0.095,0.479,-0.242,-0.054,-0.336,-2.488
VIAV,🏦majority,0.201,6.412,0.099,-0.016,-0.103,-0.076,-0.022,-0.672,-0.524,-3.243
VICI,🏦majority,0.0,2.925,0.03,0.031,-0.031,0.0,-0.177,0.146,0.432,-1.375
VICR,🎲chase,0.613,11.328,-0.212,0.114,0.168,-0.078,-0.153,-0.274,0.215,0.707
VIK,🏦majority,1.164,4.715,0.59,0.314,0.214,-0.183,0.967,-0.335,-0.094,1.499
VIR,⚡panic,-0.926,10.435,0.817,-0.183,-0.15,-0.269,0.616,-0.276,2.08,-2.273
VIRT,🎲chase,0.375,4.753,-0.266,-0.078,0.085,0.142,-0.314,0.124,-0.204,-2.473
VITL,🎲chase,0.112,9.769,-0.72,0.009,0.481,0.098,-0.02,0.116,-1.693,-1.609
VKTX,⚡panic,-0.097,12.526,0.899,-0.023,-0.658,0.31,1.233,-0.537,-0.665,1.868
VLO,🏦majority,0.639,5.169,-0.187,0.095,0.064,-0.061,-0.279,0.263,-1.208,-0.201
VLTO,🏦majority,0.208,2.967,0.202,-0.042,0.082,0.027,0.161,-0.046,-0.239,0.798
VLY,🏦majority,0.0,5.023,0.561,0.129,0.122,-0.15,0.442,-0.484,0.036,-1.104
VMC,🏦majority,0.268,3.542,0.132,-0.013,-0.014,-0.21,0.118,0.026,-0.306,-2.499
VMI,🏦majority,0.294,4.591,0.631,0.176,-0.317,-0.138,0.313,-0.404,-0.025,-0.818
VNO,🏦majority,-0.053,5.72,0.36,-0.044,0.053,-0.098,0.105,-0.3,0.121,-3.133
VNOM,🏦majority,0.53,5.095,0.318,0.042,-0.109,-0.119,0.149,0.074,0.067,-1.845
VNT,🏦majority,0.201,4.508,-0.04,-0.011,0.113,-0.069,0.03,-0.201,-0.147,-0.993
VOYA,🏦majority,0.4,3.796,0.045,0.094,-0.046,-0.069,-0.022,-0.105,0.248,-1.372
VRDN,🏦majority,0.077,11.211,0.308,0.005,0.07,-0.182,0.308,1.065,0.155,-0.494
VREX,⚡panic,-1.007,9.368,0.475,0.089,-0.195,-0.636,0.524,-0.821,1.065,-4.528
VRNS,🏦majority,0.486,7.457,0.773,0.079,0.04,-0.083,0.531,-0.106,-0.288,-2.048
VRRM,🏦majority,0.164,5.904,0.268,-0.105,-0.03,-0.037,0.121,-0.219,0.099,-3.376
VRSK,🏦majority,0.319,3.619,0.09,-0.02,0.167,-0.034,-0.154,-0.118,-0.161,-0.584
VRSN,🏦majority,0.293,3.623,-0.198,0.122,0.034,-0.052,-0.059,-0.282,0.184,-0.16
VRT,🎲chase,1.265,8.795,-0.262,0.286,0.288,-0.125,0.003,0.577,-0.042,-2.313
VRTS,🏦majority,-0.278,7.205,0.243,0.089,-0.122,-0.094,0.201,-0.718,-0.586,-7.104
VRTX,🏦majority,0.422,3.812,0.212,0.067,0.022,-0.119,0.195,-0.064,-0.054,-0.604
VSAT,⚡panic,0.053,10.795,1.05,0.327,-0.16,-0.255,1.102,0.231,0.109,-5.375
VSCO,🎲chase,-0.034,9.323,-0.501,-0.417,0.222,-0.073,-1.074,-0.618,-0.937,-5.209
VSEC,🎲chase,1.236,8.582,0.23,0.394,0.379,0.499,0.388,0.029,-0.174,-1.441
VSH,🏦majority,0.166,6.64,0.271,0.015,-0.166,-0.023,0.256,0.144,1.024,-1.346
VST,🏦majority,0.748,6.372,0.682,0.043,-0.193,-0.119,0.384,0.072,0.183,0.026
VSTS,🏦majority,0.365,8.999,0.514,-0.069,-0.122,0.214,0.311,0.084,-0.146,0.423
