seed,delta,needle,pseudo,band_p95,best_est,best_cell,n_promoted,unrelated_false_promotions,overlap_affected_promotions,true_cell_rank,rank_found,search_promoted,final_accepted,needle_verdict,needle_n,freeze_commit
326593817,0.0,,sig_lead_in_lag+sig_h1_dr,3.277716231532395,3.837442956864834,rsi<35&rs,1,1,0,,,,,,,6f7e5ee496551ab2bdb10dfa3170ed0e9efa6c1f
696291679,0.0,,sig_rs_intact,3.2843471271917224,3.837442956864834,rsi<35&rs,1,1,0,,,,,,,6f7e5ee496551ab2bdb10dfa3170ed0e9efa6c1f
62651166,0.0,,rsi<35,3.273242344148457,3.837442956864834,rsi<35&rs,1,1,0,,,,,,,6f7e5ee496551ab2bdb10dfa3170ed0e9efa6c1f
1618254205,0.0,,sig_rs_intact+sig_conso+sig_lead_in_lag,3.2358033675700426,3.837442956864834,rsi<35&rs,1,1,0,,,,,,,6f7e5ee496551ab2bdb10dfa3170ed0e9efa6c1f
1223711251,0.0,,sig_lead_in_lag+sig_macro_vix_up,3.272576481103897,3.837442956864834,rsi<35&rs,1,1,0,,,,,,,6f7e5ee496551ab2bdb10dfa3170ed0e9efa6c1f
1189430906,0.0,,adx1&rs,3.20128473918885,3.837442956864834,rsi<35&rs,1,1,0,,,,,,,6f7e5ee496551ab2bdb10dfa3170ed0e9efa6c1f
1017981309,0.0,,¬sig_rs_intact,3.2018941082060337,3.837442956864834,rsi<35&rs,1,1,0,,,,,,,6f7e5ee496551ab2bdb10dfa3170ed0e9efa6c1f
1343401885,0.0,,sig_rs_intact+sig_conso+sig_h1_dr,3.300217422656715,3.837442956864834,rsi<35&rs,1,1,0,,,,,,,6f7e5ee496551ab2bdb10dfa3170ed0e9efa6c1f
1606345593,0.0,,adx1&rs,3.2128570834174752,3.837442956864834,rsi<35&rs,1,1,0,,,,,,,6f7e5ee496551ab2bdb10dfa3170ed0e9efa6c1f
1025199606,0.0,,adx1,3.238553451374173,3.837442956864834,rsi<35&rs,1,1,0,,,,,,,6f7e5ee496551ab2bdb10dfa3170ed0e9efa6c1f
370952272,0.0,,sig_h1_dr+sig_macro_vix_up,3.2330581778660417,3.837442956864834,rsi<35&rs,1,1,0,,,,,,,6f7e5ee496551ab2bdb10dfa3170ed0e9efa6c1f
1094571922,0.0,,adx3,3.2834130618721247,3.837442956864834,rsi<35&rs,1,1,0,,,,,,,6f7e5ee496551ab2bdb10dfa3170ed0e9efa6c1f
522920736,0.0,,sig_rs_intact+sig_lead_in_lag+sig_h1_dr,3.267759117297828,3.837442956864834,rsi<35&rs,1,1,0,,,,,,,6f7e5ee496551ab2bdb10dfa3170ed0e9efa6c1f
586348693,0.0,,sig_rs_intact&rs,3.256384264677763,3.837442956864834,rsi<35&rs,1,1,0,,,,,,,6f7e5ee496551ab2bdb10dfa3170ed0e9efa6c1f
422437298,0.0,,sig_lead_in_lag,3.202658863738179,3.837442956864834,rsi<35&rs,1,1,0,,,,,,,6f7e5ee496551ab2bdb10dfa3170ed0e9efa6c1f
726354353,0.0,,rsi50-65,3.248188183642924,3.837442956864834,rsi<35&rs,1,1,0,,,,,,,6f7e5ee496551ab2bdb10dfa3170ed0e9efa6c1f
1518215721,0.0,,adx0,3.1957774749025702,3.837442956864834,rsi<35&rs,1,1,0,,,,,,,6f7e5ee496551ab2bdb10dfa3170ed0e9efa6c1f
1000465055,0.0,,adx3&rs,3.285110630095005,3.837442956864834,rsi<35&rs,1,1,0,,,,,,,6f7e5ee496551ab2bdb10dfa3170ed0e9efa6c1f
1779911987,0.0,,rsi35-50,3.2651947997510433,3.837442956864834,rsi<35&rs,1,1,0,,,,,,,6f7e5ee496551ab2bdb10dfa3170ed0e9efa6c1f
176303513,0.0,,¬sig_macro_vix_up,3.223522915504873,3.837442956864834,rsi<35&rs,1,1,0,,,,,,,6f7e5ee496551ab2bdb10dfa3170ed0e9efa6c1f
1965626529,0.0,,¬sig_macro_vix_up,3.2916769990697503,3.837442956864834,rsi<35&rs,1,1,0,,,,,,,6f7e5ee496551ab2bdb10dfa3170ed0e9efa6c1f
1695450416,0.0,,sig_conso+sig_lead_in_lag+sig_h1_dr,3.2560595870018005,3.837442956864834,rsi<35&rs,1,1,0,,,,,,,6f7e5ee496551ab2bdb10dfa3170ed0e9efa6c1f
1374879149,0.0,,rsi50-65&conso,3.2409218698740005,3.837442956864834,rsi<35&rs,1,1,0,,,,,,,6f7e5ee496551ab2bdb10dfa3170ed0e9efa6c1f
293482268,0.0,,rsi<35,3.3081118995323777,3.837442956864834,rsi<35&rs,1,1,0,,,,,,,6f7e5ee496551ab2bdb10dfa3170ed0e9efa6c1f
620118692,0.0,,adx2&rs,3.281361027620733,3.837442956864834,rsi<35&rs,1,1,0,,,,,,,6f7e5ee496551ab2bdb10dfa3170ed0e9efa6c1f
1288507843,0.0,,sig_conso+sig_h1_dr,3.2890496915206313,3.837442956864834,rsi<35&rs,1,1,0,,,,,,,6f7e5ee496551ab2bdb10dfa3170ed0e9efa6c1f
1580799473,0.0,,rsi50-65&rs,3.224503663368523,3.837442956864834,rsi<35&rs,1,1,0,,,,,,,6f7e5ee496551ab2bdb10dfa3170ed0e9efa6c1f
1568357088,0.0,,sig_lead_in_lag+sig_macro_vix_up,3.2213352574035525,3.837442956864834,rsi<35&rs,1,1,0,,,,,,,6f7e5ee496551ab2bdb10dfa3170ed0e9efa6c1f
2072112017,0.0,,adx-1,3.228277624584734,3.837442956864834,rsi<35&rs,1,1,0,,,,,,,6f7e5ee496551ab2bdb10dfa3170ed0e9efa6c1f
1432806799,0.0,,rsi35-50&conso,3.2631681812927127,3.837442956864834,rsi<35&rs,1,1,0,,,,,,,6f7e5ee496551ab2bdb10dfa3170ed0e9efa6c1f
697107079,0.0,,rsi35-50,3.1855069659650326,3.837442956864834,rsi<35&rs,1,1,0,,,,,,,6f7e5ee496551ab2bdb10dfa3170ed0e9efa6c1f
2139881222,0.0,,sig_h1_dr+sig_macro_vix_up,3.2738071214407682,3.837442956864834,rsi<35&rs,1,1,0,,,,,,,6f7e5ee496551ab2bdb10dfa3170ed0e9efa6c1f
270376956,0.0,,sig_conso+sig_macro_vix_up,3.2981187012046576,3.837442956864834,rsi<35&rs,1,1,0,,,,,,,6f7e5ee496551ab2bdb10dfa3170ed0e9efa6c1f
1391055275,0.0,,sig_rs_intact+sig_conso,3.2658595265820622,3.837442956864834,rsi<35&rs,1,1,0,,,,,,,6f7e5ee496551ab2bdb10dfa3170ed0e9efa6c1f
1237803421,0.0,,sig_rs_intact+sig_conso+sig_lead_in_lag,3.284245654940605,3.837442956864834,rsi<35&rs,1,1,0,,,,,,,6f7e5ee496551ab2bdb10dfa3170ed0e9efa6c1f
143403589,0.0,,¬sig_conso,3.2763361325487494,3.837442956864834,rsi<35&rs,1,1,0,,,,,,,6f7e5ee496551ab2bdb10dfa3170ed0e9efa6c1f
1536952587,0.0,,adx2,3.275393610820174,3.837442956864834,rsi<35&rs,1,1,0,,,,,,,6f7e5ee496551ab2bdb10dfa3170ed0e9efa6c1f
1163327219,0.0,,sig_rs_intact+sig_macro_vix_up,3.23668600525707,3.837442956864834,rsi<35&rs,1,1,0,,,,,,,6f7e5ee496551ab2bdb10dfa3170ed0e9efa6c1f
1765730099,0.0,,rsi<35&rs,3.2326619420200586,3.837442956864834,rsi<35&rs,1,1,0,,,,,,,6f7e5ee496551ab2bdb10dfa3170ed0e9efa6c1f
1669341215,0.0,,rsi<35&conso,3.242959282360971,3.837442956864834,rsi<35&rs,1,1,0,,,,,,,6f7e5ee496551ab2bdb10dfa3170ed0e9efa6c1f
790181557,0.0,,sig_h1_dr+sig_macro_vix_up,3.2806429686024785,3.837442956864834,rsi<35&rs,1,1,0,,,,,,,6f7e5ee496551ab2bdb10dfa3170ed0e9efa6c1f
626491291,0.0,,adx1&rs,3.235739259980619,3.837442956864834,rsi<35&rs,1,1,0,,,,,,,6f7e5ee496551ab2bdb10dfa3170ed0e9efa6c1f
343584789,0.0,,sig_rs_intact+sig_lead_in_lag,3.1773637467995286,3.837442956864834,rsi<35&rs,1,1,0,,,,,,,6f7e5ee496551ab2bdb10dfa3170ed0e9efa6c1f
542379812,0.0,,sig_rs_intact+sig_conso+sig_lead_in_lag,3.3132590167224407,3.837442956864834,rsi<35&rs,1,1,0,,,,,,,6f7e5ee496551ab2bdb10dfa3170ed0e9efa6c1f
730271137,0.0,,rsi50-65&rs,3.2737610256299376,3.837442956864834,rsi<35&rs,1,1,0,,,,,,,6f7e5ee496551ab2bdb10dfa3170ed0e9efa6c1f
550265944,0.0,,rsi<35,3.260446502827108,3.837442956864834,rsi<35&rs,1,1,0,,,,,,,6f7e5ee496551ab2bdb10dfa3170ed0e9efa6c1f
2062641223,0.0,,sig_rs_intact+sig_conso+sig_h1_dr,3.2449311204254627,3.837442956864834,rsi<35&rs,1,1,0,,,,,,,6f7e5ee496551ab2bdb10dfa3170ed0e9efa6c1f
1088078084,0.0,,sig_rs_intact+sig_h1_dr,3.3465658547356725,3.837442956864834,rsi<35&rs,1,1,0,,,,,,,6f7e5ee496551ab2bdb10dfa3170ed0e9efa6c1f
2124444949,0.0,,sig_conso+sig_h1_dr,3.296474190428853,3.837442956864834,rsi<35&rs,1,1,0,,,,,,,6f7e5ee496551ab2bdb10dfa3170ed0e9efa6c1f
1303407799,0.0,,adx3&rs,3.2825378654524684,3.837442956864834,rsi<35&rs,1,1,0,,,,,,,6f7e5ee496551ab2bdb10dfa3170ed0e9efa6c1f
514708398,0.0,,sig_macro_vix_up,3.249335023574531,3.837442956864834,rsi<35&rs,1,1,0,,,,,,,6f7e5ee496551ab2bdb10dfa3170ed0e9efa6c1f
2043688870,0.0,,sig_rs_intact+sig_macro_vix_up,3.2886883663013577,3.837442956864834,rsi<35&rs,1,1,0,,,,,,,6f7e5ee496551ab2bdb10dfa3170ed0e9efa6c1f
594546578,0.0,,adx-1,3.252852759324014,3.837442956864834,rsi<35&rs,1,1,0,,,,,,,6f7e5ee496551ab2bdb10dfa3170ed0e9efa6c1f
1137933215,0.0,,¬sig_lead_in_lag,3.2558035803958774,3.837442956864834,rsi<35&rs,1,1,0,,,,,,,6f7e5ee496551ab2bdb10dfa3170ed0e9efa6c1f
250752430,0.0,,sig_rs_intact+sig_lead_in_lag+sig_h1_dr,3.2833515712991357,3.837442956864834,rsi<35&rs,1,1,0,,,,,,,6f7e5ee496551ab2bdb10dfa3170ed0e9efa6c1f
604674421,0.0,,sig_lead_in_lag+sig_h1_dr,3.2587430207058787,3.837442956864834,rsi<35&rs,1,1,0,,,,,,,6f7e5ee496551ab2bdb10dfa3170ed0e9efa6c1f
118556449,0.0,,rsi35-50,3.2425815565511584,3.837442956864834,rsi<35&rs,1,1,0,,,,,,,6f7e5ee496551ab2bdb10dfa3170ed0e9efa6c1f
1624994297,0.0,,sig_rs_intact+sig_h1_dr,3.289139876142144,3.837442956864834,rsi<35&rs,1,1,0,,,,,,,6f7e5ee496551ab2bdb10dfa3170ed0e9efa6c1f
822537211,0.0,,sig_rs_intact+sig_lead_in_lag,3.255397700704634,3.837442956864834,rsi<35&rs,1,1,0,,,,,,,6f7e5ee496551ab2bdb10dfa3170ed0e9efa6c1f
26070387,0.0,,sig_rs_intact+sig_conso+sig_lead_in_lag,3.2289925031363964,3.837442956864834,rsi<35&rs,1,1,0,,,,,,,6f7e5ee496551ab2bdb10dfa3170ed0e9efa6c1f
358005144,0.0,,adx2,3.2516548689454794,3.837442956864834,rsi<35&rs,1,1,0,,,,,,,6f7e5ee496551ab2bdb10dfa3170ed0e9efa6c1f
1756252394,0.0,,adx1,3.292447179555893,3.837442956864834,rsi<35&rs,1,1,0,,,,,,,6f7e5ee496551ab2bdb10dfa3170ed0e9efa6c1f
1127541712,0.0,,sig_rs_intact+sig_h1_dr,3.2645783107727766,3.837442956864834,rsi<35&rs,1,1,0,,,,,,,6f7e5ee496551ab2bdb10dfa3170ed0e9efa6c1f
1241056469,0.0,,sig_rs_intact+sig_h1_dr,3.293978441506624,3.837442956864834,rsi<35&rs,1,1,0,,,,,,,6f7e5ee496551ab2bdb10dfa3170ed0e9efa6c1f
366124970,0.0,,sig_rs_intact&rs,3.204500894062221,3.837442956864834,rsi<35&rs,1,1,0,,,,,,,6f7e5ee496551ab2bdb10dfa3170ed0e9efa6c1f
1967568734,0.0,,sig_lead_in_lag+sig_macro_vix_up,3.2285708421841264,3.837442956864834,rsi<35&rs,1,1,0,,,,,,,6f7e5ee496551ab2bdb10dfa3170ed0e9efa6c1f
166266809,0.0,,adx3,3.207179852761328,3.837442956864834,rsi<35&rs,1,1,0,,,,,,,6f7e5ee496551ab2bdb10dfa3170ed0e9efa6c1f
1521991453,0.0,,sig_conso+sig_lead_in_lag+sig_h1_dr,3.2091142050921917,3.837442956864834,rsi<35&rs,1,1,0,,,,,,,6f7e5ee496551ab2bdb10dfa3170ed0e9efa6c1f
1609864729,0.0,,¬sig_h1_dr,3.301421948708594,3.837442956864834,rsi<35&rs,1,1,0,,,,,,,6f7e5ee496551ab2bdb10dfa3170ed0e9efa6c1f
1825026891,0.0,,sig_conso,3.2902828697115183,3.837442956864834,rsi<35&rs,1,1,0,,,,,,,6f7e5ee496551ab2bdb10dfa3170ed0e9efa6c1f
1062657375,0.0,,rsi35-50,3.234716267324984,3.837442956864834,rsi<35&rs,1,1,0,,,,,,,6f7e5ee496551ab2bdb10dfa3170ed0e9efa6c1f
1056416383,0.0,,adx3&rs,3.327147769741714,3.837442956864834,rsi<35&rs,1,1,0,,,,,,,6f7e5ee496551ab2bdb10dfa3170ed0e9efa6c1f
577004116,0.0,,rsi<35&rs,3.2180590741336346,3.837442956864834,rsi<35&rs,1,1,0,,,,,,,6f7e5ee496551ab2bdb10dfa3170ed0e9efa6c1f
537191705,0.0,,sig_conso&rs,3.2069845870137215,3.837442956864834,rsi<35&rs,1,1,0,,,,,,,6f7e5ee496551ab2bdb10dfa3170ed0e9efa6c1f
722804976,0.0,,adx2&rs,3.2484524277970195,3.837442956864834,rsi<35&rs,1,1,0,,,,,,,6f7e5ee496551ab2bdb10dfa3170ed0e9efa6c1f
1248996683,0.0,,rsi<35&rs,3.271063114516437,3.837442956864834,rsi<35&rs,1,1,0,,,,,,,6f7e5ee496551ab2bdb10dfa3170ed0e9efa6c1f
1204884211,0.0,,sig_h1_dr&rs,3.2740003569051623,3.837442956864834,rsi<35&rs,1,1,0,,,,,,,6f7e5ee496551ab2bdb10dfa3170ed0e9efa6c1f
1852736515,0.0,,sig_conso+sig_lead_in_lag+sig_h1_dr,3.2939511677250266,3.837442956864834,rsi<35&rs,1,1,0,,,,,,,6f7e5ee496551ab2bdb10dfa3170ed0e9efa6c1f
821998552,0.0,,adx1,3.2594616897404194,3.837442956864834,rsi<35&rs,1,1,0,,,,,,,6f7e5ee496551ab2bdb10dfa3170ed0e9efa6c1f
848948,0.0,,rsi50-65,3.2993377977982163,3.837442956864834,rsi<35&rs,1,1,0,,,,,,,6f7e5ee496551ab2bdb10dfa3170ed0e9efa6c1f
2052863978,0.0,,sig_conso+sig_lead_in_lag+sig_h1_dr,3.277751049026847,3.837442956864834,rsi<35&rs,1,1,0,,,,,,,6f7e5ee496551ab2bdb10dfa3170ed0e9efa6c1f
1899716059,0.0,,sig_lead_in_lag&rs,3.247950589284301,3.837442956864834,rsi<35&rs,1,1,0,,,,,,,6f7e5ee496551ab2bdb10dfa3170ed0e9efa6c1f
1166462018,0.0,,sig_macro_vix_up,3.2512728916481137,3.837442956864834,rsi<35&rs,1,1,0,,,,,,,6f7e5ee496551ab2bdb10dfa3170ed0e9efa6c1f
1500860233,0.0,,sig_rs_intact+sig_lead_in_lag,3.1510940939188004,3.837442956864834,rsi<35&rs,1,1,0,,,,,,,6f7e5ee496551ab2bdb10dfa3170ed0e9efa6c1f
574509546,0.0,,sig_lead_in_lag+sig_h1_dr,3.3407675800845027,3.837442956864834,rsi<35&rs,1,1,0,,,,,,,6f7e5ee496551ab2bdb10dfa3170ed0e9efa6c1f
416974953,0.0,,rsi50-65,3.2790494337677956,3.837442956864834,rsi<35&rs,1,1,0,,,,,,,6f7e5ee496551ab2bdb10dfa3170ed0e9efa6c1f
1695682903,0.0,,adx2,3.1783056166023016,3.837442956864834,rsi<35&rs,1,1,0,,,,,,,6f7e5ee496551ab2bdb10dfa3170ed0e9efa6c1f
87506242,0.0,,¬sig_rs_intact,3.27803922817111,3.837442956864834,rsi<35&rs,1,1,0,,,,,,,6f7e5ee496551ab2bdb10dfa3170ed0e9efa6c1f
633245128,0.0,,sig_conso+sig_lead_in_lag+sig_h1_dr,3.1682481290772557,3.837442956864834,rsi<35&rs,1,1,0,,,,,,,6f7e5ee496551ab2bdb10dfa3170ed0e9efa6c1f
860962119,0.0,,rsi50-65&rs,3.2879042252898216,3.837442956864834,rsi<35&rs,1,1,0,,,,,,,6f7e5ee496551ab2bdb10dfa3170ed0e9efa6c1f
1165292139,0.0,,rsi>=65,3.285840442404151,3.837442956864834,rsi<35&rs,1,1,0,,,,,,,6f7e5ee496551ab2bdb10dfa3170ed0e9efa6c1f
897109420,0.0,,adx1&rs,3.2329919142648578,3.837442956864834,rsi<35&rs,1,1,0,,,,,,,6f7e5ee496551ab2bdb10dfa3170ed0e9efa6c1f
308392787,0.0,,sig_h1_dr,3.202890530228615,3.837442956864834,rsi<35&rs,1,1,0,,,,,,,6f7e5ee496551ab2bdb10dfa3170ed0e9efa6c1f
1238685830,0.0,,adx3,3.2762490725144744,3.837442956864834,rsi<35&rs,1,1,0,,,,,,,6f7e5ee496551ab2bdb10dfa3170ed0e9efa6c1f
1957828255,0.0,,rsi<35&conso,3.2525741076096892,3.837442956864834,rsi<35&rs,1,1,0,,,,,,,6f7e5ee496551ab2bdb10dfa3170ed0e9efa6c1f
480408721,0.0,,¬sig_rs_intact,3.2913779420778155,3.837442956864834,rsi<35&rs,1,1,0,,,,,,,6f7e5ee496551ab2bdb10dfa3170ed0e9efa6c1f
1381891875,0.0,,rsi>=65,3.1731182476505637,3.837442956864834,rsi<35&rs,1,1,0,,,,,,,6f7e5ee496551ab2bdb10dfa3170ed0e9efa6c1f
422357312,0.0,,rsi35-50&conso,3.275215094909072,3.837442956864834,rsi<35&rs,1,1,0,,,,,,,6f7e5ee496551ab2bdb10dfa3170ed0e9efa6c1f
1660276193,0.0,,sig_lead_in_lag&rs,3.305503227747977,3.837442956864834,rsi<35&rs,1,1,0,,,,,,,6f7e5ee496551ab2bdb10dfa3170ed0e9efa6c1f
8260956,0.0,,sig_rs_intact+sig_conso+sig_h1_dr,3.1653893971815705,3.837442956864834,rsi<35&rs,1,1,0,,,,,,,6f7e5ee496551ab2bdb10dfa3170ed0e9efa6c1f
1410866945,0.0,,sig_h1_dr,3.2254439406096935,3.837442956864834,rsi<35&rs,1,1,0,,,,,,,6f7e5ee496551ab2bdb10dfa3170ed0e9efa6c1f
1207743467,0.0,,adx2&rs,3.2350464444607496,3.837442956864834,rsi<35&rs,1,1,0,,,,,,,6f7e5ee496551ab2bdb10dfa3170ed0e9efa6c1f
678297493,0.0,,sig_lead_in_lag&rs,3.306198213249445,3.837442956864834,rsi<35&rs,1,1,0,,,,,,,6f7e5ee496551ab2bdb10dfa3170ed0e9efa6c1f
476621992,0.0,,rsi<35&conso,3.261729418300092,3.837442956864834,rsi<35&rs,1,1,0,,,,,,,6f7e5ee496551ab2bdb10dfa3170ed0e9efa6c1f
1332777622,0.0,,sig_lead_in_lag,3.268423406407237,3.837442956864834,rsi<35&rs,1,1,0,,,,,,,6f7e5ee496551ab2bdb10dfa3170ed0e9efa6c1f
557069354,0.0,,sig_conso+sig_macro_vix_up,3.242011731490493,3.837442956864834,rsi<35&rs,1,1,0,,,,,,,6f7e5ee496551ab2bdb10dfa3170ed0e9efa6c1f
2009178951,0.0,,adx3,3.243816434405744,3.837442956864834,rsi<35&rs,1,1,0,,,,,,,6f7e5ee496551ab2bdb10dfa3170ed0e9efa6c1f
1623035070,0.0,,¬sig_h1_dr,3.2533101504668593,3.837442956864834,rsi<35&rs,1,1,0,,,,,,,6f7e5ee496551ab2bdb10dfa3170ed0e9efa6c1f
1211265584,0.0,,rsi<35&rs,3.256150661036372,3.837442956864834,rsi<35&rs,1,1,0,,,,,,,6f7e5ee496551ab2bdb10dfa3170ed0e9efa6c1f
972201505,0.0,,¬sig_macro_vix_up,3.221329478546977,3.837442956864834,rsi<35&rs,1,1,0,,,,,,,6f7e5ee496551ab2bdb10dfa3170ed0e9efa6c1f
191344934,0.0,,rsi50-65&rs,3.2942759431898594,3.837442956864834,rsi<35&rs,1,1,0,,,,,,,6f7e5ee496551ab2bdb10dfa3170ed0e9efa6c1f
1300548837,0.0,,adx3&rs,3.30849832855165,3.837442956864834,rsi<35&rs,1,1,0,,,,,,,6f7e5ee496551ab2bdb10dfa3170ed0e9efa6c1f
2081914319,0.0,,sig_lead_in_lag+sig_macro_vix_up,3.2641535717993975,3.837442956864834,rsi<35&rs,1,1,0,,,,,,,6f7e5ee496551ab2bdb10dfa3170ed0e9efa6c1f
1926420806,0.0,,sig_rs_intact+sig_h1_dr,3.220511353574693,3.837442956864834,rsi<35&rs,1,1,0,,,,,,,6f7e5ee496551ab2bdb10dfa3170ed0e9efa6c1f
454850902,0.0,,sig_h1_dr,3.2079891208559275,3.837442956864834,rsi<35&rs,1,1,0,,,,,,,6f7e5ee496551ab2bdb10dfa3170ed0e9efa6c1f
871249315,0.0,,sig_conso&rs,3.1720320228487253,3.837442956864834,rsi<35&rs,1,1,0,,,,,,,6f7e5ee496551ab2bdb10dfa3170ed0e9efa6c1f
1755473404,0.0,,rsi<35&conso,3.308763108216226,3.837442956864834,rsi<35&rs,1,1,0,,,,,,,6f7e5ee496551ab2bdb10dfa3170ed0e9efa6c1f
398212023,0.0,,sig_conso+sig_lead_in_lag+sig_h1_dr,3.269391246140003,3.837442956864834,rsi<35&rs,1,1,0,,,,,,,6f7e5ee496551ab2bdb10dfa3170ed0e9efa6c1f
454700906,0.0,,sig_lead_in_lag+sig_macro_vix_up,3.2306526880711317,3.837442956864834,rsi<35&rs,1,1,0,,,,,,,6f7e5ee496551ab2bdb10dfa3170ed0e9efa6c1f
374750138,0.0,,sig_macro_vix_up,3.2218492589890957,3.837442956864834,rsi<35&rs,1,1,0,,,,,,,6f7e5ee496551ab2bdb10dfa3170ed0e9efa6c1f
326593817,0.6,sig_lead_in_lag+sig_h1_dr,sig_lead_in_lag+sig_h1_dr,3.2903912194818257,3.954655764997005,rsi<35&rs,1,0,1,2.0,True,False,False,NOT_PROMOTED,14608.0,6f7e5ee496551ab2bdb10dfa3170ed0e9efa6c1f
696291679,0.6,sig_rs_intact,sig_rs_intact,3.3289722536504263,4.230200307816267,rsi<35&rs,1,0,1,21.0,False,False,False,,100425.0,6f7e5ee496551ab2bdb10dfa3170ed0e9efa6c1f
62651166,0.6,rsi<35,rsi<35,3.392663318403065,4.342564003914594,rsi<35&rs,1,0,1,3.0,True,False,False,NOT_PROMOTED,60765.0,6f7e5ee496551ab2bdb10dfa3170ed0e9efa6c1f
1618254205,0.6,sig_rs_intact+sig_conso+sig_lead_in_lag,sig_rs_intact+sig_conso+sig_lead_in_lag,3.255928815342486,4.016735497862101,rsi<35&rs,1,0,1,10.0,False,False,False,,28006.0,6f7e5ee496551ab2bdb10dfa3170ed0e9efa6c1f
1223711251,0.6,sig_lead_in_lag+sig_macro_vix_up,sig_lead_in_lag+sig_macro_vix_up,3.2889032317325473,3.893093951046467,rsi<35&rs,1,1,0,3.0,True,False,False,NOT_PROMOTED,7087.0,6f7e5ee496551ab2bdb10dfa3170ed0e9efa6c1f
1189430906,0.6,adx1&rs,adx1&rs,3.1859656563028693,3.7831048481166363,rsi<35&rs,1,1,0,37.0,False,False,False,,22123.0,6f7e5ee496551ab2bdb10dfa3170ed0e9efa6c1f
1017981309,0.6,¬sig_rs_intact,¬sig_rs_intact,3.119302927218377,3.4377414785325526,rsi<35&rs,1,1,0,34.0,False,False,False,,189042.0,6f7e5ee496551ab2bdb10dfa3170ed0e9efa6c1f
1343401885,0.6,sig_rs_intact+sig_conso+sig_h1_dr,sig_rs_intact+sig_conso+sig_h1_dr,3.3056561136618257,4.018883960694074,rsi<35&rs,1,0,1,17.0,False,False,False,,28630.0,6f7e5ee496551ab2bdb10dfa3170ed0e9efa6c1f
1606345593,0.6,adx1&rs,adx1&rs,3.176415976807475,3.7831048481166363,rsi<35&rs,1,1,0,37.0,False,False,False,,22123.0,6f7e5ee496551ab2bdb10dfa3170ed0e9efa6c1f
1025199606,0.6,adx1,adx1,3.196568596176803,3.763688914477825,rsi<35&rs,1,1,0,40.0,False,False,False,,32487.0,6f7e5ee496551ab2bdb10dfa3170ed0e9efa6c1f
370952272,0.6,sig_h1_dr+sig_macro_vix_up,sig_h1_dr+sig_macro_vix_up,3.262946647591889,3.9331427723169323,rsi<35&rs,1,1,0,7.0,False,False,False,,10952.0,6f7e5ee496551ab2bdb10dfa3170ed0e9efa6c1f
1094571922,0.6,adx3,adx3,3.239229419007897,3.738765884190798,rsi<35&rs,1,0,1,22.0,False,False,False,,115950.0,6f7e5ee496551ab2bdb10dfa3170ed0e9efa6c1f
522920736,0.6,sig_rs_intact+sig_lead_in_lag+sig_h1_dr,sig_rs_intact+sig_lead_in_lag+sig_h1_dr,3.2796287583187222,3.954655764997005,rsi<35&rs,1,0,1,3.0,True,False,False,NOT_PROMOTED,14608.0,6f7e5ee496551ab2bdb10dfa3170ed0e9efa6c1f
586348693,0.6,sig_rs_intact&rs,sig_rs_intact&rs,3.321233610622585,4.230200307816267,rsi<35&rs,1,0,1,20.0,False,False,False,,100425.0,6f7e5ee496551ab2bdb10dfa3170ed0e9efa6c1f
422437298,0.6,sig_lead_in_lag,sig_lead_in_lag,3.2539089815691113,4.112638253718615,rsi<35&rs,1,0,1,6.0,False,False,False,,36079.0,6f7e5ee496551ab2bdb10dfa3170ed0e9efa6c1f
726354353,0.6,rsi50-65,rsi50-65,3.134655193425715,3.670355211943388,rsi<35&rs,1,1,0,39.0,False,False,False,,74125.0,6f7e5ee496551ab2bdb10dfa3170ed0e9efa6c1f
1518215721,0.6,adx0,adx0,3.2249242279864845,3.871062956750393,rsi<35&rs,1,0,1,32.0,False,False,False,,60640.0,6f7e5ee496551ab2bdb10dfa3170ed0e9efa6c1f
1000465055,0.6,adx3&rs,adx3&rs,3.281585844233632,3.9038624614477158,rsi<35&rs,1,0,1,16.0,False,False,False,,41432.0,6f7e5ee496551ab2bdb10dfa3170ed0e9efa6c1f
1779911987,0.6,rsi35-50,rsi35-50,3.295652540102601,3.563378471881151,rsi<35&rs,1,1,0,17.0,False,False,False,,128411.0,6f7e5ee496551ab2bdb10dfa3170ed0e9efa6c1f
176303513,0.6,¬sig_macro_vix_up,¬sig_macro_vix_up,3.112879274412989,3.8234310224652286,rsi<35&rs,1,0,1,31.0,False,False,False,,228272.0,6f7e5ee496551ab2bdb10dfa3170ed0e9efa6c1f
1965626529,0.6,¬sig_macro_vix_up,¬sig_macro_vix_up,3.2052030274644494,3.8234310224652286,rsi<35&rs,1,0,1,31.0,False,False,False,,228272.0,6f7e5ee496551ab2bdb10dfa3170ed0e9efa6c1f
1695450416,0.6,sig_conso+sig_lead_in_lag+sig_h1_dr,sig_conso+sig_lead_in_lag+sig_h1_dr,3.25356210116297,3.892684727907181,rsi<35&rs,1,1,0,4.0,True,False,False,NOT_PROMOTED,11489.0,6f7e5ee496551ab2bdb10dfa3170ed0e9efa6c1f
1374879149,0.6,rsi50-65&conso,rsi50-65&conso,3.1601904029585417,3.6889360804110765,rsi<35&rs,1,1,0,36.0,False,False,False,,61919.0,6f7e5ee496551ab2bdb10dfa3170ed0e9efa6c1f
293482268,0.6,rsi<35,rsi<35,3.382688807323575,4.342564003914594,rsi<35&rs,1,0,1,3.0,True,False,False,NOT_PROMOTED,60765.0,6f7e5ee496551ab2bdb10dfa3170ed0e9efa6c1f
620118692,0.6,adx2&rs,adx2&rs,3.3002783125266433,4.137380421161652,rsi<35&rs,1,0,1,2.0,True,False,False,NOT_PROMOTED,14300.0,6f7e5ee496551ab2bdb10dfa3170ed0e9efa6c1f
1288507843,0.6,sig_conso+sig_h1_dr,sig_conso+sig_h1_dr,3.326296154409647,4.018883960694074,rsi<35&rs,1,0,1,16.0,False,False,False,,28630.0,6f7e5ee496551ab2bdb10dfa3170ed0e9efa6c1f
1580799473,0.6,rsi50-65&rs,rsi50-65&rs,3.209708258509636,3.756097611039877,rsi<35&rs,1,1,0,34.0,False,False,False,,36762.0,6f7e5ee496551ab2bdb10dfa3170ed0e9efa6c1f
1568357088,0.6,sig_lead_in_lag+sig_macro_vix_up,sig_lead_in_lag+sig_macro_vix_up,3.2463570870459075,3.893093951046467,rsi<35&rs,1,1,0,3.0,True,False,False,NOT_PROMOTED,7087.0,6f7e5ee496551ab2bdb10dfa3170ed0e9efa6c1f
2072112017,0.6,adx-1,adx-1,3.201015833765268,3.809593617916107,rsi<35&rs,1,1,0,44.0,False,False,False,,12590.0,6f7e5ee496551ab2bdb10dfa3170ed0e9efa6c1f
1432806799,0.6,rsi35-50&conso,rsi35-50&conso,3.2560143200680614,3.6113697104156017,rsi<35&rs,1,1,0,21.0,False,False,False,,98388.0,6f7e5ee496551ab2bdb10dfa3170ed0e9efa6c1f
697107079,0.6,rsi35-50,rsi35-50,3.2154667141661046,3.563378471881151,rsi<35&rs,1,1,0,17.0,False,False,False,,128411.0,6f7e5ee496551ab2bdb10dfa3170ed0e9efa6c1f
2139881222,0.6,sig_h1_dr+sig_macro_vix_up,sig_h1_dr+sig_macro_vix_up,3.2907184632495046,3.9331427723169323,rsi<35&rs,1,1,0,7.0,False,False,False,,10952.0,6f7e5ee496551ab2bdb10dfa3170ed0e9efa6c1f
270376956,0.6,sig_conso+sig_macro_vix_up,sig_conso+sig_macro_vix_up,3.327712824363261,3.86955821365118,rsi<35&rs,1,0,1,21.0,False,False,False,,43278.0,6f7e5ee496551ab2bdb10dfa3170ed0e9efa6c1f
1391055275,0.6,sig_rs_intact+sig_conso,sig_rs_intact+sig_conso,3.2717072358354926,4.167036986351013,rsi<35&rs,1,0,1,25.0,False,False,False,,78019.0,6f7e5ee496551ab2bdb10dfa3170ed0e9efa6c1f
1237803421,0.6,sig_rs_intact+sig_conso+sig_lead_in_lag,sig_rs_intact+sig_conso+sig_lead_in_lag,3.2849877374246716,4.016735497862101,rsi<35&rs,1,0,1,10.0,False,False,False,,28006.0,6f7e5ee496551ab2bdb10dfa3170ed0e9efa6c1f
143403589,0.6,¬sig_conso,¬sig_conso,3.2920014809072016,3.8879452273249626,rsi<35&rs,1,0,1,23.0,False,False,False,,77937.0,6f7e5ee496551ab2bdb10dfa3170ed0e9efa6c1f
1536952587,0.6,adx2,adx2,3.329332014247775,4.032345674932003,rsi<35&rs,1,0,1,7.0,False,False,False,,67800.0,6f7e5ee496551ab2bdb10dfa3170ed0e9efa6c1f
1163327219,0.6,sig_rs_intact+sig_macro_vix_up,sig_rs_intact+sig_macro_vix_up,3.2802724695578216,3.9936278015375137,rsi<35&rs,1,0,1,12.0,False,False,False,,21665.0,6f7e5ee496551ab2bdb10dfa3170ed0e9efa6c1f
1765730099,0.6,rsi<35&rs,rsi<35&rs,3.293388639576733,4.4374429568648335,rsi<35&rs,1,0,0,1.0,True,True,True,BUILD,7505.0,6f7e5ee496551ab2bdb10dfa3170ed0e9efa6c1f
1669341215,0.6,rsi<35&conso,rsi<35&conso,3.289825120009482,4.27362005636096,rsi<35&rs,1,0,1,10.0,False,False,False,,33301.0,6f7e5ee496551ab2bdb10dfa3170ed0e9efa6c1f
790181557,0.6,sig_h1_dr+sig_macro_vix_up,sig_h1_dr+sig_macro_vix_up,3.3144004410132766,3.9331427723169323,rsi<35&rs,1,1,0,7.0,False,False,False,,10952.0,6f7e5ee496551ab2bdb10dfa3170ed0e9efa6c1f
626491291,0.6,adx1&rs,adx1&rs,3.210017974488437,3.7831048481166363,rsi<35&rs,1,1,0,37.0,False,False,False,,22123.0,6f7e5ee496551ab2bdb10dfa3170ed0e9efa6c1f
343584789,0.6,sig_rs_intact+sig_lead_in_lag,sig_rs_intact+sig_lead_in_lag,3.2179415924474597,4.112638253718615,rsi<35&rs,1,0,1,5.0,True,False,False,NOT_PROMOTED,36079.0,6f7e5ee496551ab2bdb10dfa3170ed0e9efa6c1f
542379812,0.6,sig_rs_intact+sig_conso+sig_lead_in_lag,sig_rs_intact+sig_conso+sig_lead_in_lag,3.343733171634376,4.016735497862101,rsi<35&rs,1,0,1,10.0,False,False,False,,28006.0,6f7e5ee496551ab2bdb10dfa3170ed0e9efa6c1f
730271137,0.6,rsi50-65&rs,rsi50-65&rs,3.231181278824806,3.756097611039877,rsi<35&rs,1,1,0,34.0,False,False,False,,36762.0,6f7e5ee496551ab2bdb10dfa3170ed0e9efa6c1f
550265944,0.6,rsi<35,rsi<35,3.3739096764475107,4.342564003914594,rsi<35&rs,1,0,1,3.0,True,False,False,NOT_PROMOTED,60765.0,6f7e5ee496551ab2bdb10dfa3170ed0e9efa6c1f
2062641223,0.6,sig_rs_intact+sig_conso+sig_h1_dr,sig_rs_intact+sig_conso+sig_h1_dr,3.284113868139684,4.018883960694074,rsi<35&rs,1,0,1,17.0,False,False,False,,28630.0,6f7e5ee496551ab2bdb10dfa3170ed0e9efa6c1f
1088078084,0.6,sig_rs_intact+sig_h1_dr,sig_rs_intact+sig_h1_dr,3.349068113863468,4.113538092374801,rsi<35&rs,1,0,1,11.0,False,False,False,,36246.0,6f7e5ee496551ab2bdb10dfa3170ed0e9efa6c1f
2124444949,0.6,sig_conso+sig_h1_dr,sig_conso+sig_h1_dr,3.3345911419019103,4.018883960694074,rsi<35&rs,1,0,1,16.0,False,False,False,,28630.0,6f7e5ee496551ab2bdb10dfa3170ed0e9efa6c1f
1303407799,0.6,adx3&rs,adx3&rs,3.27957947069779,3.9038624614477158,rsi<35&rs,1,0,1,16.0,False,False,False,,41432.0,6f7e5ee496551ab2bdb10dfa3170ed0e9efa6c1f
514708398,0.6,sig_macro_vix_up,sig_macro_vix_up,3.3439612109214067,3.9160572923719883,rsi<35&rs,1,0,1,24.0,False,False,False,,61195.0,6f7e5ee496551ab2bdb10dfa3170ed0e9efa6c1f
2043688870,0.6,sig_rs_intact+sig_macro_vix_up,sig_rs_intact+sig_macro_vix_up,3.326039668172598,3.9936278015375137,rsi<35&rs,1,0,1,12.0,False,False,False,,21665.0,6f7e5ee496551ab2bdb10dfa3170ed0e9efa6c1f
594546578,0.6,adx-1,adx-1,3.227824638597667,3.809593617916107,rsi<35&rs,1,1,0,44.0,False,False,False,,12590.0,6f7e5ee496551ab2bdb10dfa3170ed0e9efa6c1f
1137933215,0.6,¬sig_lead_in_lag,¬sig_lead_in_lag,3.22512659214437,3.606453631073236,rsi<35&rs,1,0,1,42.0,False,False,False,,253388.0,6f7e5ee496551ab2bdb10dfa3170ed0e9efa6c1f
250752430,0.6,sig_rs_intact+sig_lead_in_lag+sig_h1_dr,sig_rs_intact+sig_lead_in_lag+sig_h1_dr,3.3249832317233086,3.954655764997005,rsi<35&rs,1,0,1,3.0,True,False,False,NOT_PROMOTED,14608.0,6f7e5ee496551ab2bdb10dfa3170ed0e9efa6c1f
604674421,0.6,sig_lead_in_lag+sig_h1_dr,sig_lead_in_lag+sig_h1_dr,3.285845723003149,3.954655764997005,rsi<35&rs,1,0,1,2.0,True,False,False,NOT_PROMOTED,14608.0,6f7e5ee496551ab2bdb10dfa3170ed0e9efa6c1f
118556449,0.6,rsi35-50,rsi35-50,3.287892341352999,3.563378471881151,rsi<35&rs,1,1,0,17.0,False,False,False,,128411.0,6f7e5ee496551ab2bdb10dfa3170ed0e9efa6c1f
1624994297,0.6,sig_rs_intact+sig_h1_dr,sig_rs_intact+sig_h1_dr,3.3188668988086283,4.113538092374801,rsi<35&rs,1,0,1,11.0,False,False,False,,36246.0,6f7e5ee496551ab2bdb10dfa3170ed0e9efa6c1f
822537211,0.6,sig_rs_intact+sig_lead_in_lag,sig_rs_intact+sig_lead_in_lag,3.2657939245179293,4.112638253718615,rsi<35&rs,1,0,1,5.0,True,False,False,NOT_PROMOTED,36079.0,6f7e5ee496551ab2bdb10dfa3170ed0e9efa6c1f
26070387,0.6,sig_rs_intact+sig_conso+sig_lead_in_lag,sig_rs_intact+sig_conso+sig_lead_in_lag,3.2455525619722905,4.016735497862101,rsi<35&rs,1,0,1,10.0,False,False,False,,28006.0,6f7e5ee496551ab2bdb10dfa3170ed0e9efa6c1f
358005144,0.6,adx2,adx2,3.2832283291220663,4.032345674932003,rsi<35&rs,1,0,1,7.0,False,False,False,,67800.0,6f7e5ee496551ab2bdb10dfa3170ed0e9efa6c1f
1756252394,0.6,adx1,adx1,3.2445883750915527,3.763688914477825,rsi<35&rs,1,1,0,40.0,False,False,False,,32487.0,6f7e5ee496551ab2bdb10dfa3170ed0e9efa6c1f
1127541712,0.6,sig_rs_intact+sig_h1_dr,sig_rs_intact+sig_h1_dr,3.3095473636128006,4.113538092374801,rsi<35&rs,1,0,1,11.0,False,False,False,,36246.0,6f7e5ee496551ab2bdb10dfa3170ed0e9efa6c1f
1241056469,0.6,sig_rs_intact+sig_h1_dr,sig_rs_intact+sig_h1_dr,3.327227512206882,4.113538092374801,rsi<35&rs,1,0,1,11.0,False,False,False,,36246.0,6f7e5ee496551ab2bdb10dfa3170ed0e9efa6c1f
366124970,0.6,sig_rs_intact&rs,sig_rs_intact&rs,3.2407738358527416,4.230200307816267,rsi<35&rs,1,0,1,20.0,False,False,False,,100425.0,6f7e5ee496551ab2bdb10dfa3170ed0e9efa6c1f
1967568734,0.6,sig_lead_in_lag+sig_macro_vix_up,sig_lead_in_lag+sig_macro_vix_up,3.246966446749866,3.893093951046467,rsi<35&rs,1,1,0,3.0,True,False,False,NOT_PROMOTED,7087.0,6f7e5ee496551ab2bdb10dfa3170ed0e9efa6c1f
166266809,0.6,adx3,adx3,3.1809645609185093,3.738765884190798,rsi<35&rs,1,0,1,22.0,False,False,False,,115950.0,6f7e5ee496551ab2bdb10dfa3170ed0e9efa6c1f
1521991453,0.6,sig_conso+sig_lead_in_lag+sig_h1_dr,sig_conso+sig_lead_in_lag+sig_h1_dr,3.222606899216771,3.892684727907181,rsi<35&rs,1,1,0,4.0,True,False,False,NOT_PROMOTED,11489.0,6f7e5ee496551ab2bdb10dfa3170ed0e9efa6c1f
1609864729,0.6,¬sig_h1_dr,¬sig_h1_dr,3.205387149378657,3.618991747498512,rsi<35&rs,1,0,1,39.0,False,False,False,,253221.0,6f7e5ee496551ab2bdb10dfa3170ed0e9efa6c1f
1825026891,0.6,sig_conso,sig_conso,3.2515408517792816,3.844735114276409,rsi<35&rs,1,0,1,32.0,False,False,False,,211530.0,6f7e5ee496551ab2bdb10dfa3170ed0e9efa6c1f
1062657375,0.6,rsi35-50,rsi35-50,3.241903791204095,3.563378471881151,rsi<35&rs,1,1,0,17.0,False,False,False,,128411.0,6f7e5ee496551ab2bdb10dfa3170ed0e9efa6c1f
1056416383,0.6,adx3&rs,adx3&rs,3.3523630394414066,3.9038624614477158,rsi<35&rs,1,0,1,16.0,False,False,False,,41432.0,6f7e5ee496551ab2bdb10dfa3170ed0e9efa6c1f
577004116,0.6,rsi<35&rs,rsi<35&rs,3.278419132977724,4.4374429568648335,rsi<35&rs,1,0,0,1.0,True,True,True,BUILD,7505.0,6f7e5ee496551ab2bdb10dfa3170ed0e9efa6c1f
537191705,0.6,sig_conso&rs,sig_conso&rs,3.2536461672931907,4.167036986351013,rsi<35&rs,1,0,1,24.0,False,False,False,,78019.0,6f7e5ee496551ab2bdb10dfa3170ed0e9efa6c1f
722804976,0.6,adx2&rs,adx2&rs,3.281115291137248,4.137380421161652,rsi<35&rs,1,0,1,2.0,True,False,False,NOT_PROMOTED,14300.0,6f7e5ee496551ab2bdb10dfa3170ed0e9efa6c1f
1248996683,0.6,rsi<35&rs,rsi<35&rs,3.3374062506482005,4.4374429568648335,rsi<35&rs,1,0,0,1.0,True,True,True,BUILD,7505.0,6f7e5ee496551ab2bdb10dfa3170ed0e9efa6c1f
1204884211,0.6,sig_h1_dr&rs,sig_h1_dr&rs,3.3386206533759832,4.113538092374801,rsi<35&rs,1,0,1,10.0,False,False,False,,36246.0,6f7e5ee496551ab2bdb10dfa3170ed0e9efa6c1f
1852736515,0.6,sig_conso+sig_lead_in_lag+sig_h1_dr,sig_conso+sig_lead_in_lag+sig_h1_dr,3.2998445397242904,3.892684727907181,rsi<35&rs,1,1,0,4.0,True,False,False,NOT_PROMOTED,11489.0,6f7e5ee496551ab2bdb10dfa3170ed0e9efa6c1f
821998552,0.6,adx1,adx1,3.2141262013465166,3.763688914477825,rsi<35&rs,1,1,0,40.0,False,False,False,,32487.0,6f7e5ee496551ab2bdb10dfa3170ed0e9efa6c1f
848948,0.6,rsi50-65,rsi50-65,3.1952124254591765,3.670355211943388,rsi<35&rs,1,1,0,39.0,False,False,False,,74125.0,6f7e5ee496551ab2bdb10dfa3170ed0e9efa6c1f
2052863978,0.6,sig_conso+sig_lead_in_lag+sig_h1_dr,sig_conso+sig_lead_in_lag+sig_h1_dr,3.285347767807543,3.892684727907181,rsi<35&rs,1,1,0,4.0,True,False,False,NOT_PROMOTED,11489.0,6f7e5ee496551ab2bdb10dfa3170ed0e9efa6c1f
1899716059,0.6,sig_lead_in_lag&rs,sig_lead_in_lag&rs,3.2770984994992616,4.112638253718615,rsi<35&rs,1,0,1,7.0,False,False,False,,36079.0,6f7e5ee496551ab2bdb10dfa3170ed0e9efa6c1f
1166462018,0.6,sig_macro_vix_up,sig_macro_vix_up,3.294675885438919,3.9160572923719883,rsi<35&rs,1,0,1,24.0,False,False,False,,61195.0,6f7e5ee496551ab2bdb10dfa3170ed0e9efa6c1f
1500860233,0.6,sig_rs_intact+sig_lead_in_lag,sig_rs_intact+sig_lead_in_lag,3.1902742010727523,4.112638253718615,rsi<35&rs,1,0,1,5.0,True,False,False,NOT_PROMOTED,36079.0,6f7e5ee496551ab2bdb10dfa3170ed0e9efa6c1f
574509546,0.6,sig_lead_in_lag+sig_h1_dr,sig_lead_in_lag+sig_h1_dr,3.3336792699992657,3.954655764997005,rsi<35&rs,1,0,1,2.0,True,False,False,NOT_PROMOTED,14608.0,6f7e5ee496551ab2bdb10dfa3170ed0e9efa6c1f
416974953,0.6,rsi50-65,rsi50-65,3.175379056483507,3.670355211943388,rsi<35&rs,1,1,0,39.0,False,False,False,,74125.0,6f7e5ee496551ab2bdb10dfa3170ed0e9efa6c1f
1695682903,0.6,adx2,adx2,3.2332684844732285,4.032345674932003,rsi<35&rs,1,0,1,7.0,False,False,False,,67800.0,6f7e5ee496551ab2bdb10dfa3170ed0e9efa6c1f
87506242,0.6,¬sig_rs_intact,¬sig_rs_intact,3.16860897000879,3.4377414785325526,rsi<35&rs,1,1,0,34.0,False,False,False,,189042.0,6f7e5ee496551ab2bdb10dfa3170ed0e9efa6c1f
633245128,0.6,sig_conso+sig_lead_in_lag+sig_h1_dr,sig_conso+sig_lead_in_lag+sig_h1_dr,3.1787413687631485,3.892684727907181,rsi<35&rs,1,1,0,4.0,True,False,False,NOT_PROMOTED,11489.0,6f7e5ee496551ab2bdb10dfa3170ed0e9efa6c1f
860962119,0.6,rsi50-65&rs,rsi50-65&rs,3.2345909904688597,3.756097611039877,rsi<35&rs,1,1,0,34.0,False,False,False,,36762.0,6f7e5ee496551ab2bdb10dfa3170ed0e9efa6c1f
1165292139,0.6,rsi>=65,rsi>=65,3.2433070594631133,3.775871829688549,rsi<35&rs,1,1,0,41.0,False,False,False,,26160.0,6f7e5ee496551ab2bdb10dfa3170ed0e9efa6c1f
897109420,0.6,adx1&rs,adx1&rs,3.203148734755814,3.7831048481166363,rsi<35&rs,1,1,0,37.0,False,False,False,,22123.0,6f7e5ee496551ab2bdb10dfa3170ed0e9efa6c1f
308392787,0.6,sig_h1_dr,sig_h1_dr,3.233263892754912,4.113538092374801,rsi<35&rs,1,0,1,12.0,False,False,False,,36246.0,6f7e5ee496551ab2bdb10dfa3170ed0e9efa6c1f
1238685830,0.6,adx3,adx3,3.2389810355380173,3.738765884190798,rsi<35&rs,1,0,1,22.0,False,False,False,,115950.0,6f7e5ee496551ab2bdb10dfa3170ed0e9efa6c1f
1957828255,0.6,rsi<35&conso,rsi<35&conso,3.326147035397589,4.27362005636096,rsi<35&rs,1,0,1,10.0,False,False,False,,33301.0,6f7e5ee496551ab2bdb10dfa3170ed0e9efa6c1f
480408721,0.6,¬sig_rs_intact,¬sig_rs_intact,3.253611107356846,3.4377414785325526,rsi<35&rs,1,1,0,34.0,False,False,False,,189042.0,6f7e5ee496551ab2bdb10dfa3170ed0e9efa6c1f
1381891875,0.6,rsi>=65,rsi>=65,3.140908272769302,3.775871829688549,rsi<35&rs,1,1,0,41.0,False,False,False,,26160.0,6f7e5ee496551ab2bdb10dfa3170ed0e9efa6c1f
422357312,0.6,rsi35-50&conso,rsi35-50&conso,3.2559800191596144,3.6113697104156017,rsi<35&rs,1,1,0,21.0,False,False,False,,98388.0,6f7e5ee496551ab2bdb10dfa3170ed0e9efa6c1f
1660276193,0.6,sig_lead_in_lag&rs,sig_lead_in_lag&rs,3.3129637499153612,4.112638253718615,rsi<35&rs,1,0,1,7.0,False,False,False,,36079.0,6f7e5ee496551ab2bdb10dfa3170ed0e9efa6c1f
8260956,0.6,sig_rs_intact+sig_conso+sig_h1_dr,sig_rs_intact+sig_conso+sig_h1_dr,3.2362617552280426,4.018883960694074,rsi<35&rs,1,0,1,17.0,False,False,False,,28630.0,6f7e5ee496551ab2bdb10dfa3170ed0e9efa6c1f
1410866945,0.6,sig_h1_dr,sig_h1_dr,3.288414506241679,4.113538092374801,rsi<35&rs,1,0,1,12.0,False,False,False,,36246.0,6f7e5ee496551ab2bdb10dfa3170ed0e9efa6c1f
1207743467,0.6,adx2&rs,adx2&rs,3.3009534468874335,4.137380421161652,rsi<35&rs,1,0,1,2.0,True,False,False,NOT_PROMOTED,14300.0,6f7e5ee496551ab2bdb10dfa3170ed0e9efa6c1f
678297493,0.6,sig_lead_in_lag&rs,sig_lead_in_lag&rs,3.3089854845032094,4.112638253718615,rsi<35&rs,1,0,1,7.0,False,False,False,,36079.0,6f7e5ee496551ab2bdb10dfa3170ed0e9efa6c1f
476621992,0.6,rsi<35&conso,rsi<35&conso,3.320301821827888,4.27362005636096,rsi<35&rs,1,0,1,10.0,False,False,False,,33301.0,6f7e5ee496551ab2bdb10dfa3170ed0e9efa6c1f
1332777622,0.6,sig_lead_in_lag,sig_lead_in_lag,3.276798971928656,4.112638253718615,rsi<35&rs,1,0,1,6.0,False,False,False,,36079.0,6f7e5ee496551ab2bdb10dfa3170ed0e9efa6c1f
557069354,0.6,sig_conso+sig_macro_vix_up,sig_conso+sig_macro_vix_up,3.266239445656538,3.86955821365118,rsi<35&rs,1,0,1,21.0,False,False,False,,43278.0,6f7e5ee496551ab2bdb10dfa3170ed0e9efa6c1f
2009178951,0.6,adx3,adx3,3.2370510603860017,3.738765884190798,rsi<35&rs,1,0,1,22.0,False,False,False,,115950.0,6f7e5ee496551ab2bdb10dfa3170ed0e9efa6c1f
1623035070,0.6,¬sig_h1_dr,¬sig_h1_dr,3.163489731959998,3.618991747498512,rsi<35&rs,1,0,1,39.0,False,False,False,,253221.0,6f7e5ee496551ab2bdb10dfa3170ed0e9efa6c1f
1211265584,0.6,rsi<35&rs,rsi<35&rs,3.29114212654531,4.4374429568648335,rsi<35&rs,1,0,0,1.0,True,True,True,BUILD,7505.0,6f7e5ee496551ab2bdb10dfa3170ed0e9efa6c1f
972201505,0.6,¬sig_macro_vix_up,¬sig_macro_vix_up,3.15496954627335,3.8234310224652286,rsi<35&rs,1,0,1,31.0,False,False,False,,228272.0,6f7e5ee496551ab2bdb10dfa3170ed0e9efa6c1f
191344934,0.6,rsi50-65&rs,rsi50-65&rs,3.259742958471179,3.756097611039877,rsi<35&rs,1,1,0,34.0,False,False,False,,36762.0,6f7e5ee496551ab2bdb10dfa3170ed0e9efa6c1f
1300548837,0.6,adx3&rs,adx3&rs,3.320333263836801,3.9038624614477158,rsi<35&rs,1,0,1,16.0,False,False,False,,41432.0,6f7e5ee496551ab2bdb10dfa3170ed0e9efa6c1f
2081914319,0.6,sig_lead_in_lag+sig_macro_vix_up,sig_lead_in_lag+sig_macro_vix_up,3.2931242464110255,3.893093951046467,rsi<35&rs,1,1,0,3.0,True,False,False,NOT_PROMOTED,7087.0,6f7e5ee496551ab2bdb10dfa3170ed0e9efa6c1f
1926420806,0.6,sig_rs_intact+sig_h1_dr,sig_rs_intact+sig_h1_dr,3.291258472017944,4.113538092374801,rsi<35&rs,1,0,1,11.0,False,False,False,,36246.0,6f7e5ee496551ab2bdb10dfa3170ed0e9efa6c1f
454850902,0.6,sig_h1_dr,sig_h1_dr,3.2658531796187162,4.113538092374801,rsi<35&rs,1,0,1,12.0,False,False,False,,36246.0,6f7e5ee496551ab2bdb10dfa3170ed0e9efa6c1f
871249315,0.6,sig_conso&rs,sig_conso&rs,3.229028620123863,4.167036986351013,rsi<35&rs,1,0,1,24.0,False,False,False,,78019.0,6f7e5ee496551ab2bdb10dfa3170ed0e9efa6c1f
1755473404,0.6,rsi<35&conso,rsi<35&conso,3.357342667877674,4.27362005636096,rsi<35&rs,1,0,1,10.0,False,False,False,,33301.0,6f7e5ee496551ab2bdb10dfa3170ed0e9efa6c1f
398212023,0.6,sig_conso+sig_lead_in_lag+sig_h1_dr,sig_conso+sig_lead_in_lag+sig_h1_dr,3.2890625204890966,3.892684727907181,rsi<35&rs,1,1,0,4.0,True,False,False,NOT_PROMOTED,11489.0,6f7e5ee496551ab2bdb10dfa3170ed0e9efa6c1f
454700906,0.6,sig_lead_in_lag+sig_macro_vix_up,sig_lead_in_lag+sig_macro_vix_up,3.259892789646983,3.893093951046467,rsi<35&rs,1,1,0,3.0,True,False,False,NOT_PROMOTED,7087.0,6f7e5ee496551ab2bdb10dfa3170ed0e9efa6c1f
374750138,0.6,sig_macro_vix_up,sig_macro_vix_up,3.2745486498251557,3.9160572923719883,rsi<35&rs,1,0,1,24.0,False,False,False,,61195.0,6f7e5ee496551ab2bdb10dfa3170ed0e9efa6c1f
326593817,1.5,sig_lead_in_lag+sig_h1_dr,sig_lead_in_lag+sig_h1_dr,3.2955930521711707,4.139914643019438,rsi<35&rs,3,0,2,2.0,True,True,True,BUILD,14608.0,6f7e5ee496551ab2bdb10dfa3170ed0e9efa6c1f
696291679,1.5,sig_rs_intact,sig_rs_intact,3.457838070113212,4.824318690225482,rsi<35&rs,1,0,1,17.0,False,False,False,,100425.0,6f7e5ee496551ab2bdb10dfa3170ed0e9efa6c1f
62651166,1.5,rsi<35,rsi<35,3.5454481715918518,5.088448464870453,rsi<35&rs,1,0,1,2.0,True,False,False,NOT_PROMOTED,60765.0,6f7e5ee496551ab2bdb10dfa3170ed0e9efa6c1f
1618254205,1.5,sig_rs_intact+sig_conso+sig_lead_in_lag,sig_rs_intact+sig_conso+sig_lead_in_lag,3.280543529544957,4.218614228069782,rsi<35&rs,1,0,1,4.0,True,False,False,NOT_PROMOTED,28006.0,6f7e5ee496551ab2bdb10dfa3170ed0e9efa6c1f
1223711251,1.5,sig_lead_in_lag+sig_macro_vix_up,sig_lead_in_lag+sig_macro_vix_up,3.2966934889554977,4.052723944187164,rsi<35&rs,1,1,0,2.0,True,False,False,NOT_PROMOTED,7087.0,6f7e5ee496551ab2bdb10dfa3170ed0e9efa6c1f
1189430906,1.5,adx1&rs,adx1&rs,3.14249147195369,3.706097137182951,rsi<35&rs,1,1,0,28.0,False,False,False,,22123.0,6f7e5ee496551ab2bdb10dfa3170ed0e9efa6c1f
1017981309,1.5,¬sig_rs_intact,¬sig_rs_intact,3.0150367319583893,2.833601240068674,rsi<35&rs,0,0,0,8.0,False,False,False,,189042.0,6f7e5ee496551ab2bdb10dfa3170ed0e9efa6c1f
1343401885,1.5,sig_rs_intact+sig_conso+sig_h1_dr,sig_rs_intact+sig_conso+sig_h1_dr,3.3486044982448218,4.2754897847771645,rsi<35&rs,1,0,1,10.0,False,False,False,,28630.0,6f7e5ee496551ab2bdb10dfa3170ed0e9efa6c1f
1606345593,1.5,adx1&rs,adx1&rs,3.1404833029955626,3.706097137182951,rsi<35&rs,1,1,0,28.0,False,False,False,,22123.0,6f7e5ee496551ab2bdb10dfa3170ed0e9efa6c1f
1025199606,1.5,adx1,adx1,3.1296061923960226,3.653467446565628,rsi<35&rs,1,1,0,35.0,False,False,False,,32487.0,6f7e5ee496551ab2bdb10dfa3170ed0e9efa6c1f
370952272,1.5,sig_h1_dr+sig_macro_vix_up,sig_h1_dr+sig_macro_vix_up,3.3268403977155683,4.109594784677029,rsi<35&rs,1,1,0,2.0,True,False,False,NOT_PROMOTED,10952.0,6f7e5ee496551ab2bdb10dfa3170ed0e9efa6c1f
1094571922,1.5,adx3,adx3,3.2218156466260552,3.5707495510578156,rsi<35&rs,1,0,1,4.0,True,False,False,NOT_PROMOTED,115950.0,6f7e5ee496551ab2bdb10dfa3170ed0e9efa6c1f
522920736,1.5,sig_rs_intact+sig_lead_in_lag+sig_h1_dr,sig_rs_intact+sig_lead_in_lag+sig_h1_dr,3.284307692013681,4.139914643019438,rsi<35&rs,3,0,2,3.0,True,True,True,BUILD,14608.0,6f7e5ee496551ab2bdb10dfa3170ed0e9efa6c1f
586348693,1.5,sig_rs_intact&rs,sig_rs_intact&rs,3.4216914139688015,4.824318690225482,rsi<35&rs,1,0,1,16.0,False,False,False,,100425.0,6f7e5ee496551ab2bdb10dfa3170ed0e9efa6c1f
422437298,1.5,sig_lead_in_lag,sig_lead_in_lag,3.284355477732606,4.400325380265713,rsi<35&rs,1,0,1,6.0,False,False,False,,36079.0,6f7e5ee496551ab2bdb10dfa3170ed0e9efa6c1f
726354353,1.5,rsi50-65,rsi50-65,2.979528951179236,3.4106796607375145,rsi<35&rs,1,1,0,31.0,False,False,False,,74125.0,6f7e5ee496551ab2bdb10dfa3170ed0e9efa6c1f
1518215721,1.5,adx0,adx0,3.235484519228339,3.889237903058529,rsi<35&rs,1,0,1,18.0,False,False,False,,60640.0,6f7e5ee496551ab2bdb10dfa3170ed0e9efa6c1f
1000465055,1.5,adx3&rs,adx3&rs,3.332142485305667,3.976270589977503,rsi<35&rs,1,0,1,4.0,True,False,False,NOT_PROMOTED,41432.0,6f7e5ee496551ab2bdb10dfa3170ed0e9efa6c1f
1779911987,1.5,rsi35-50,rsi35-50,3.3231298613827676,3.1613789498806,rsi<35&rs,0,0,0,7.0,False,False,False,,128411.0,6f7e5ee496551ab2bdb10dfa3170ed0e9efa6c1f
176303513,1.5,¬sig_macro_vix_up,¬sig_macro_vix_up,3.001612713560462,3.687487170100212,rsi<35&rs,1,0,1,13.0,False,False,False,,228272.0,6f7e5ee496551ab2bdb10dfa3170ed0e9efa6c1f
1965626529,1.5,¬sig_macro_vix_up,¬sig_macro_vix_up,3.099769324250519,3.687487170100212,rsi<35&rs,1,0,1,13.0,False,False,False,,228272.0,6f7e5ee496551ab2bdb10dfa3170ed0e9efa6c1f
1695450416,1.5,sig_conso+sig_lead_in_lag+sig_h1_dr,sig_conso+sig_lead_in_lag+sig_h1_dr,3.255116525106132,4.050182644277811,rsi<35&rs,1,1,0,2.0,True,False,False,NOT_PROMOTED,11489.0,6f7e5ee496551ab2bdb10dfa3170ed0e9efa6c1f
1374879149,1.5,rsi50-65&conso,rsi50-65&conso,2.9933475703001022,3.457622230052948,rsi<35&rs,1,1,0,28.0,False,False,False,,61919.0,6f7e5ee496551ab2bdb10dfa3170ed0e9efa6c1f
293482268,1.5,rsi<35,rsi<35,3.559676380170276,5.088448464870453,rsi<35&rs,1,0,1,2.0,True,False,False,NOT_PROMOTED,60765.0,6f7e5ee496551ab2bdb10dfa3170ed0e9efa6c1f
620118692,1.5,adx2&rs,adx2&rs,3.336291848681867,4.516696929931641,rsi<35&rs,2,0,1,2.0,True,True,True,BUILD,14300.0,6f7e5ee496551ab2bdb10dfa3170ed0e9efa6c1f
1288507843,1.5,sig_conso+sig_h1_dr,sig_conso+sig_h1_dr,3.3943098660558464,4.2754897847771645,rsi<35&rs,1,0,1,9.0,False,False,False,,28630.0,6f7e5ee496551ab2bdb10dfa3170ed0e9efa6c1f
1580799473,1.5,rsi50-65&rs,rsi50-65&rs,3.16038141194731,3.629789315164089,rsi<35&rs,1,1,0,26.0,False,False,False,,36762.0,6f7e5ee496551ab2bdb10dfa3170ed0e9efa6c1f
1568357088,1.5,sig_lead_in_lag+sig_macro_vix_up,sig_lead_in_lag+sig_macro_vix_up,3.2710359524935484,4.052723944187164,rsi<35&rs,1,1,0,2.0,True,False,False,NOT_PROMOTED,7087.0,6f7e5ee496551ab2bdb10dfa3170ed0e9efa6c1f
2072112017,1.5,adx-1,adx-1,3.1609530420973893,3.76869710162282,rsi<35&rs,1,1,0,38.0,False,False,False,,12590.0,6f7e5ee496551ab2bdb10dfa3170ed0e9efa6c1f
1432806799,1.5,rsi35-50&conso,rsi35-50&conso,3.2932551647536457,3.2745174961164594,rsi<35&rs,0,0,0,7.0,False,False,False,,98388.0,6f7e5ee496551ab2bdb10dfa3170ed0e9efa6c1f
697107079,1.5,rsi35-50,rsi35-50,3.2401387325953688,3.1613789498806,rsi<35&rs,0,0,0,7.0,False,False,False,,128411.0,6f7e5ee496551ab2bdb10dfa3170ed0e9efa6c1f
2139881222,1.5,sig_h1_dr+sig_macro_vix_up,sig_h1_dr+sig_macro_vix_up,3.314330182038247,4.109594784677029,rsi<35&rs,1,1,0,2.0,True,False,False,NOT_PROMOTED,10952.0,6f7e5ee496551ab2bdb10dfa3170ed0e9efa6c1f
270376956,1.5,sig_conso+sig_macro_vix_up,sig_conso+sig_macro_vix_up,3.4041131753474474,3.9948576129972935,rsi<35&rs,1,0,1,6.0,False,False,False,,43278.0,6f7e5ee496551ab2bdb10dfa3170ed0e9efa6c1f
1391055275,1.5,sig_rs_intact+sig_conso,sig_rs_intact+sig_conso,3.3676808793097734,4.5375393107533455,rsi<35&rs,1,0,1,19.0,False,False,False,,78019.0,6f7e5ee496551ab2bdb10dfa3170ed0e9efa6c1f
1237803421,1.5,sig_rs_intact+sig_conso+sig_lead_in_lag,sig_rs_intact+sig_conso+sig_lead_in_lag,3.304662019200623,4.218614228069782,rsi<35&rs,1,0,1,4.0,True,False,False,NOT_PROMOTED,28006.0,6f7e5ee496551ab2bdb10dfa3170ed0e9efa6c1f
143403589,1.5,¬sig_conso,¬sig_conso,3.3929610075021626,3.9517268873751163,rsi<35&rs,1,0,1,5.0,True,False,False,NOT_PROMOTED,77937.0,6f7e5ee496551ab2bdb10dfa3170ed0e9efa6c1f
1536952587,1.5,adx2,adx2,3.418700098991394,4.2534239590168,rsi<35&rs,2,0,2,3.0,True,False,False,NOT_PROMOTED,67800.0,6f7e5ee496551ab2bdb10dfa3170ed0e9efa6c1f
1163327219,1.5,sig_rs_intact+sig_macro_vix_up,sig_rs_intact+sig_macro_vix_up,3.316040439531207,4.244647860527039,rsi<35&rs,1,0,1,4.0,True,False,False,NOT_PROMOTED,21665.0,6f7e5ee496551ab2bdb10dfa3170ed0e9efa6c1f
1765730099,1.5,rsi<35&rs,rsi<35&rs,3.3456593053415418,5.337442956864834,rsi<35&rs,1,0,0,1.0,True,True,True,BUILD,7505.0,6f7e5ee496551ab2bdb10dfa3170ed0e9efa6c1f
1669341215,1.5,rsi<35&conso,rsi<35&conso,3.3968643581494686,4.811531897634268,rsi<35&rs,1,0,1,2.0,True,False,False,NOT_PROMOTED,33301.0,6f7e5ee496551ab2bdb10dfa3170ed0e9efa6c1f
790181557,1.5,sig_h1_dr+sig_macro_vix_up,sig_h1_dr+sig_macro_vix_up,3.350135791115463,4.109594784677029,rsi<35&rs,1,1,0,2.0,True,False,False,NOT_PROMOTED,10952.0,6f7e5ee496551ab2bdb10dfa3170ed0e9efa6c1f
626491291,1.5,adx1&rs,adx1&rs,3.1543266493827105,3.706097137182951,rsi<35&rs,1,1,0,28.0,False,False,False,,22123.0,6f7e5ee496551ab2bdb10dfa3170ed0e9efa6c1f
343584789,1.5,sig_rs_intact+sig_lead_in_lag,sig_rs_intact+sig_lead_in_lag,3.2286716112866998,4.400325380265713,rsi<35&rs,3,0,3,5.0,True,False,False,NOT_PROMOTED,36079.0,6f7e5ee496551ab2bdb10dfa3170ed0e9efa6c1f
542379812,1.5,sig_rs_intact+sig_conso+sig_lead_in_lag,sig_rs_intact+sig_conso+sig_lead_in_lag,3.3460280718281865,4.218614228069782,rsi<35&rs,1,0,1,4.0,True,False,False,NOT_PROMOTED,28006.0,6f7e5ee496551ab2bdb10dfa3170ed0e9efa6c1f
730271137,1.5,rsi50-65&rs,rsi50-65&rs,3.176592019223608,3.629789315164089,rsi<35&rs,1,1,0,26.0,False,False,False,,36762.0,6f7e5ee496551ab2bdb10dfa3170ed0e9efa6c1f
550265944,1.5,rsi<35,rsi<35,3.5729392029345033,5.088448464870453,rsi<35&rs,1,0,1,2.0,True,False,False,NOT_PROMOTED,60765.0,6f7e5ee496551ab2bdb10dfa3170ed0e9efa6c1f
2062641223,1.5,sig_rs_intact+sig_conso+sig_h1_dr,sig_rs_intact+sig_conso+sig_h1_dr,3.342163567431271,4.2754897847771645,rsi<35&rs,1,0,1,10.0,False,False,False,,28630.0,6f7e5ee496551ab2bdb10dfa3170ed0e9efa6c1f
1088078084,1.5,sig_rs_intact+sig_h1_dr,sig_rs_intact+sig_h1_dr,3.4355338476598263,4.579791832715273,rsi<35&rs,1,0,1,7.0,False,False,False,,36246.0,6f7e5ee496551ab2bdb10dfa3170ed0e9efa6c1f
2124444949,1.5,sig_conso+sig_h1_dr,sig_conso+sig_h1_dr,3.3524806890636683,4.2754897847771645,rsi<35&rs,1,0,1,9.0,False,False,False,,28630.0,6f7e5ee496551ab2bdb10dfa3170ed0e9efa6c1f
1303407799,1.5,adx3&rs,adx3&rs,3.3399246485903857,3.976270589977503,rsi<35&rs,1,0,1,4.0,True,False,False,NOT_PROMOTED,41432.0,6f7e5ee496551ab2bdb10dfa3170ed0e9efa6c1f
514708398,1.5,sig_macro_vix_up,sig_macro_vix_up,3.4388387529179454,4.051881968975067,rsi<35&rs,1,0,1,9.0,False,False,False,,61195.0,6f7e5ee496551ab2bdb10dfa3170ed0e9efa6c1f
2043688870,1.5,sig_rs_intact+sig_macro_vix_up,sig_rs_intact+sig_macro_vix_up,3.4192490759771315,4.244647860527039,rsi<35&rs,1,0,1,4.0,True,False,False,NOT_PROMOTED,21665.0,6f7e5ee496551ab2bdb10dfa3170ed0e9efa6c1f
594546578,1.5,adx-1,adx-1,3.1936720106750727,3.76869710162282,rsi<35&rs,1,1,0,38.0,False,False,False,,12590.0,6f7e5ee496551ab2bdb10dfa3170ed0e9efa6c1f
1137933215,1.5,¬sig_lead_in_lag,¬sig_lead_in_lag,3.213818416185677,3.2904844731092453,rsi<35&rs,1,0,1,34.0,False,False,False,,253388.0,6f7e5ee496551ab2bdb10dfa3170ed0e9efa6c1f
250752430,1.5,sig_rs_intact+sig_lead_in_lag+sig_h1_dr,sig_rs_intact+sig_lead_in_lag+sig_h1_dr,3.3026461582630873,4.139914643019438,rsi<35&rs,3,0,2,3.0,True,True,True,BUILD,14608.0,6f7e5ee496551ab2bdb10dfa3170ed0e9efa6c1f
604674421,1.5,sig_lead_in_lag+sig_h1_dr,sig_lead_in_lag+sig_h1_dr,3.3150312025099993,4.139914643019438,rsi<35&rs,3,0,2,2.0,True,True,True,BUILD,14608.0,6f7e5ee496551ab2bdb10dfa3170ed0e9efa6c1f
118556449,1.5,rsi35-50,rsi35-50,3.3413393899332733,3.1613789498806,rsi<35&rs,0,0,0,7.0,False,False,False,,128411.0,6f7e5ee496551ab2bdb10dfa3170ed0e9efa6c1f
1624994297,1.5,sig_rs_intact+sig_h1_dr,sig_rs_intact+sig_h1_dr,3.4176307264715433,4.579791832715273,rsi<35&rs,1,0,1,7.0,False,False,False,,36246.0,6f7e5ee496551ab2bdb10dfa3170ed0e9efa6c1f
822537211,1.5,sig_rs_intact+sig_lead_in_lag,sig_rs_intact+sig_lead_in_lag,3.286744630895555,4.400325380265713,rsi<35&rs,1,0,1,5.0,True,False,False,NOT_PROMOTED,36079.0,6f7e5ee496551ab2bdb10dfa3170ed0e9efa6c1f
26070387,1.5,sig_rs_intact+sig_conso+sig_lead_in_lag,sig_rs_intact+sig_conso+sig_lead_in_lag,3.233470161631703,4.218614228069782,rsi<35&rs,1,0,1,4.0,True,False,False,NOT_PROMOTED,28006.0,6f7e5ee496551ab2bdb10dfa3170ed0e9efa6c1f
358005144,1.5,adx2,adx2,3.4187261218205096,4.2534239590168,rsi<35&rs,2,0,2,3.0,True,False,False,NOT_PROMOTED,67800.0,6f7e5ee496551ab2bdb10dfa3170ed0e9efa6c1f
1756252394,1.5,adx1,adx1,3.171950012911111,3.653467446565628,rsi<35&rs,1,1,0,35.0,False,False,False,,32487.0,6f7e5ee496551ab2bdb10dfa3170ed0e9efa6c1f
1127541712,1.5,sig_rs_intact+sig_h1_dr,sig_rs_intact+sig_h1_dr,3.4122799849137664,4.579791832715273,rsi<35&rs,1,0,1,7.0,False,False,False,,36246.0,6f7e5ee496551ab2bdb10dfa3170ed0e9efa6c1f
1241056469,1.5,sig_rs_intact+sig_h1_dr,sig_rs_intact+sig_h1_dr,3.4367495665559544,4.579791832715273,rsi<35&rs,1,0,1,7.0,False,False,False,,36246.0,6f7e5ee496551ab2bdb10dfa3170ed0e9efa6c1f
366124970,1.5,sig_rs_intact&rs,sig_rs_intact&rs,3.3703879023436456,4.824318690225482,rsi<35&rs,1,0,1,16.0,False,False,False,,100425.0,6f7e5ee496551ab2bdb10dfa3170ed0e9efa6c1f
1967568734,1.5,sig_lead_in_lag+sig_macro_vix_up,sig_lead_in_lag+sig_macro_vix_up,3.267135564237833,4.052723944187164,rsi<35&rs,1,1,0,2.0,True,False,False,NOT_PROMOTED,7087.0,6f7e5ee496551ab2bdb10dfa3170ed0e9efa6c1f
166266809,1.5,adx3,adx3,3.1923836190253496,3.5707495510578156,rsi<35&rs,1,0,1,4.0,True,False,False,NOT_PROMOTED,115950.0,6f7e5ee496551ab2bdb10dfa3170ed0e9efa6c1f
1521991453,1.5,sig_conso+sig_lead_in_lag+sig_h1_dr,sig_conso+sig_lead_in_lag+sig_h1_dr,3.2510246243327856,4.050182644277811,rsi<35&rs,1,1,0,2.0,True,False,False,NOT_PROMOTED,11489.0,6f7e5ee496551ab2bdb10dfa3170ed0e9efa6c1f
1609864729,1.5,¬sig_h1_dr,¬sig_h1_dr,3.1477862736210227,3.1358580701053143,rsi<35&rs,0,0,0,23.0,False,False,False,,253221.0,6f7e5ee496551ab2bdb10dfa3170ed0e9efa6c1f
1825026891,1.5,sig_conso,sig_conso,3.198243608511984,3.7445882335305214,rsi<35&rs,1,0,1,19.0,False,False,False,,211530.0,6f7e5ee496551ab2bdb10dfa3170ed0e9efa6c1f
1062657375,1.5,rsi35-50,rsi35-50,3.295014149043709,3.1613789498806,rsi<35&rs,0,0,0,7.0,False,False,False,,128411.0,6f7e5ee496551ab2bdb10dfa3170ed0e9efa6c1f
1056416383,1.5,adx3&rs,adx3&rs,3.4123228397220373,3.976270589977503,rsi<35&rs,1,0,1,4.0,True,False,False,NOT_PROMOTED,41432.0,6f7e5ee496551ab2bdb10dfa3170ed0e9efa6c1f
577004116,1.5,rsi<35&rs,rsi<35&rs,3.3452797727659345,5.337442956864834,rsi<35&rs,1,0,0,1.0,True,True,True,BUILD,7505.0,6f7e5ee496551ab2bdb10dfa3170ed0e9efa6c1f
537191705,1.5,sig_conso&rs,sig_conso&rs,3.316725343465805,4.5375393107533455,rsi<35&rs,1,0,1,18.0,False,False,False,,78019.0,6f7e5ee496551ab2bdb10dfa3170ed0e9efa6c1f
722804976,1.5,adx2&rs,adx2&rs,3.3416387904435396,4.516696929931641,rsi<35&rs,2,0,1,2.0,True,True,True,BUILD,14300.0,6f7e5ee496551ab2bdb10dfa3170ed0e9efa6c1f
1248996683,1.5,rsi<35&rs,rsi<35&rs,3.379078432917595,5.337442956864834,rsi<35&rs,1,0,0,1.0,True,True,True,BUILD,7505.0,6f7e5ee496551ab2bdb10dfa3170ed0e9efa6c1f
1204884211,1.5,sig_h1_dr&rs,sig_h1_dr&rs,3.4170435175299643,4.579791832715273,rsi<35&rs,1,0,1,6.0,False,False,False,,36246.0,6f7e5ee496551ab2bdb10dfa3170ed0e9efa6c1f
1852736515,1.5,sig_conso+sig_lead_in_lag+sig_h1_dr,sig_conso+sig_lead_in_lag+sig_h1_dr,3.299599550664425,4.050182644277811,rsi<35&rs,1,1,0,2.0,True,False,False,NOT_PROMOTED,11489.0,6f7e5ee496551ab2bdb10dfa3170ed0e9efa6c1f
821998552,1.5,adx1,adx1,3.1255909138591957,3.653467446565628,rsi<35&rs,1,1,0,35.0,False,False,False,,32487.0,6f7e5ee496551ab2bdb10dfa3170ed0e9efa6c1f
848948,1.5,rsi50-65,rsi50-65,3.0493806667625902,3.4106796607375145,rsi<35&rs,1,1,0,31.0,False,False,False,,74125.0,6f7e5ee496551ab2bdb10dfa3170ed0e9efa6c1f
2052863978,1.5,sig_conso+sig_lead_in_lag+sig_h1_dr,sig_conso+sig_lead_in_lag+sig_h1_dr,3.2964190375059843,4.050182644277811,rsi<35&rs,1,1,0,2.0,True,False,False,NOT_PROMOTED,11489.0,6f7e5ee496551ab2bdb10dfa3170ed0e9efa6c1f
1899716059,1.5,sig_lead_in_lag&rs,sig_lead_in_lag&rs,3.2859321543946862,4.400325380265713,rsi<35&rs,1,0,1,4.0,True,False,False,NOT_PROMOTED,36079.0,6f7e5ee496551ab2bdb10dfa3170ed0e9efa6c1f
1166462018,1.5,sig_macro_vix_up,sig_macro_vix_up,3.4604927924403452,4.051881968975067,rsi<35&rs,1,0,1,9.0,False,False,False,,61195.0,6f7e5ee496551ab2bdb10dfa3170ed0e9efa6c1f
1500860233,1.5,sig_rs_intact+sig_lead_in_lag,sig_rs_intact+sig_lead_in_lag,3.2276933857239785,4.400325380265713,rsi<35&rs,3,0,3,5.0,True,False,False,NOT_PROMOTED,36079.0,6f7e5ee496551ab2bdb10dfa3170ed0e9efa6c1f
574509546,1.5,sig_lead_in_lag+sig_h1_dr,sig_lead_in_lag+sig_h1_dr,3.3429107535630465,4.139914643019438,rsi<35&rs,3,0,2,2.0,True,True,True,BUILD,14608.0,6f7e5ee496551ab2bdb10dfa3170ed0e9efa6c1f
416974953,1.5,rsi50-65,rsi50-65,3.0306824266910555,3.4106796607375145,rsi<35&rs,1,1,0,31.0,False,False,False,,74125.0,6f7e5ee496551ab2bdb10dfa3170ed0e9efa6c1f
1695682903,1.5,adx2,adx2,3.3564504135400055,4.2534239590168,rsi<35&rs,2,0,2,3.0,True,False,False,NOT_PROMOTED,67800.0,6f7e5ee496551ab2bdb10dfa3170ed0e9efa6c1f
87506242,1.5,¬sig_rs_intact,¬sig_rs_intact,3.064864997938275,2.833601240068674,rsi<35&rs,0,0,0,8.0,False,False,False,,189042.0,6f7e5ee496551ab2bdb10dfa3170ed0e9efa6c1f
633245128,1.5,sig_conso+sig_lead_in_lag+sig_h1_dr,sig_conso+sig_lead_in_lag+sig_h1_dr,3.2014721911400557,4.050182644277811,rsi<35&rs,1,1,0,2.0,True,False,False,NOT_PROMOTED,11489.0,6f7e5ee496551ab2bdb10dfa3170ed0e9efa6c1f
860962119,1.5,rsi50-65&rs,rsi50-65&rs,3.1849435593932864,3.629789315164089,rsi<35&rs,1,1,0,26.0,False,False,False,,36762.0,6f7e5ee496551ab2bdb10dfa3170ed0e9efa6c1f
1165292139,1.5,rsi>=65,rsi>=65,3.157807504758239,3.6804337054491043,rsi<35&rs,1,1,0,34.0,False,False,False,,26160.0,6f7e5ee496551ab2bdb10dfa3170ed0e9efa6c1f
897109420,1.5,adx1&rs,adx1&rs,3.1683618761599064,3.706097137182951,rsi<35&rs,1,1,0,28.0,False,False,False,,22123.0,6f7e5ee496551ab2bdb10dfa3170ed0e9efa6c1f
308392787,1.5,sig_h1_dr,sig_h1_dr,3.2774742778390644,4.579791832715273,rsi<35&rs,1,0,1,5.0,True,False,False,NOT_PROMOTED,36246.0,6f7e5ee496551ab2bdb10dfa3170ed0e9efa6c1f
1238685830,1.5,adx3,adx3,3.2295139285270125,3.5707495510578156,rsi<35&rs,1,0,1,4.0,True,False,False,NOT_PROMOTED,115950.0,6f7e5ee496551ab2bdb10dfa3170ed0e9efa6c1f
1957828255,1.5,rsi<35&conso,rsi<35&conso,3.462036564014852,4.811531897634268,rsi<35&rs,1,0,1,2.0,True,False,False,NOT_PROMOTED,33301.0,6f7e5ee496551ab2bdb10dfa3170ed0e9efa6c1f
480408721,1.5,¬sig_rs_intact,¬sig_rs_intact,3.125029816944152,2.833601240068674,rsi<35&rs,0,0,0,8.0,False,False,False,,189042.0,6f7e5ee496551ab2bdb10dfa3170ed0e9efa6c1f
1381891875,1.5,rsi>=65,rsi>=65,3.0710579501464963,3.6804337054491043,rsi<35&rs,1,1,0,34.0,False,False,False,,26160.0,6f7e5ee496551ab2bdb10dfa3170ed0e9efa6c1f
422357312,1.5,rsi35-50&conso,rsi35-50&conso,3.2981539882719515,3.2745174961164594,rsi<35&rs,0,0,0,7.0,False,False,False,,98388.0,6f7e5ee496551ab2bdb10dfa3170ed0e9efa6c1f
1660276193,1.5,sig_lead_in_lag&rs,sig_lead_in_lag&rs,3.338976986706257,4.400325380265713,rsi<35&rs,1,0,1,4.0,True,False,False,NOT_PROMOTED,36079.0,6f7e5ee496551ab2bdb10dfa3170ed0e9efa6c1f
8260956,1.5,sig_rs_intact+sig_conso+sig_h1_dr,sig_rs_intact+sig_conso+sig_h1_dr,3.290660026669502,4.2754897847771645,rsi<35&rs,1,0,1,10.0,False,False,False,,28630.0,6f7e5ee496551ab2bdb10dfa3170ed0e9efa6c1f
1410866945,1.5,sig_h1_dr,sig_h1_dr,3.3942617708817124,4.579791832715273,rsi<35&rs,1,0,1,5.0,True,False,False,NOT_PROMOTED,36246.0,6f7e5ee496551ab2bdb10dfa3170ed0e9efa6c1f
1207743467,1.5,adx2&rs,adx2&rs,3.3299221470952034,4.516696929931641,rsi<35&rs,2,0,1,2.0,True,True,True,BUILD,14300.0,6f7e5ee496551ab2bdb10dfa3170ed0e9efa6c1f
678297493,1.5,sig_lead_in_lag&rs,sig_lead_in_lag&rs,3.3131030610064043,4.400325380265713,rsi<35&rs,1,0,1,4.0,True,False,False,NOT_PROMOTED,36079.0,6f7e5ee496551ab2bdb10dfa3170ed0e9efa6c1f
476621992,1.5,rsi<35&conso,rsi<35&conso,3.4567255450412633,4.811531897634268,rsi<35&rs,1,0,1,2.0,True,False,False,NOT_PROMOTED,33301.0,6f7e5ee496551ab2bdb10dfa3170ed0e9efa6c1f
1332777622,1.5,sig_lead_in_lag,sig_lead_in_lag,3.354753847233951,4.400325380265713,rsi<35&rs,1,0,1,6.0,False,False,False,,36079.0,6f7e5ee496551ab2bdb10dfa3170ed0e9efa6c1f
557069354,1.5,sig_conso+sig_macro_vix_up,sig_conso+sig_macro_vix_up,3.310984056442976,3.9948576129972935,rsi<35&rs,1,0,1,6.0,False,False,False,,43278.0,6f7e5ee496551ab2bdb10dfa3170ed0e9efa6c1f
2009178951,1.5,adx3,adx3,3.2553029544185845,3.5707495510578156,rsi<35&rs,1,0,1,4.0,True,False,False,NOT_PROMOTED,115950.0,6f7e5ee496551ab2bdb10dfa3170ed0e9efa6c1f
1623035070,1.5,¬sig_h1_dr,¬sig_h1_dr,3.0839720981195566,3.1358580701053143,rsi<35&rs,1,0,1,23.0,False,False,False,,253221.0,6f7e5ee496551ab2bdb10dfa3170ed0e9efa6c1f
1211265584,1.5,rsi<35&rs,rsi<35&rs,3.36139518301934,5.337442956864834,rsi<35&rs,1,0,0,1.0,True,True,True,BUILD,7505.0,6f7e5ee496551ab2bdb10dfa3170ed0e9efa6c1f
972201505,1.5,¬sig_macro_vix_up,¬sig_macro_vix_up,3.0228348718956113,3.687487170100212,rsi<35&rs,1,0,1,13.0,False,False,False,,228272.0,6f7e5ee496551ab2bdb10dfa3170ed0e9efa6c1f
191344934,1.5,rsi50-65&rs,rsi50-65&rs,3.180110901594162,3.629789315164089,rsi<35&rs,1,1,0,26.0,False,False,False,,36762.0,6f7e5ee496551ab2bdb10dfa3170ed0e9efa6c1f
1300548837,1.5,adx3&rs,adx3&rs,3.3627805968164464,3.976270589977503,rsi<35&rs,1,0,1,4.0,True,False,False,NOT_PROMOTED,41432.0,6f7e5ee496551ab2bdb10dfa3170ed0e9efa6c1f
2081914319,1.5,sig_lead_in_lag+sig_macro_vix_up,sig_lead_in_lag+sig_macro_vix_up,3.288218374364078,4.052723944187164,rsi<35&rs,1,1,0,2.0,True,False,False,NOT_PROMOTED,7087.0,6f7e5ee496551ab2bdb10dfa3170ed0e9efa6c1f
1926420806,1.5,sig_rs_intact+sig_h1_dr,sig_rs_intact+sig_h1_dr,3.3876245841383934,4.579791832715273,rsi<35&rs,1,0,1,7.0,False,False,False,,36246.0,6f7e5ee496551ab2bdb10dfa3170ed0e9efa6c1f
454850902,1.5,sig_h1_dr,sig_h1_dr,3.322021507937461,4.579791832715273,rsi<35&rs,1,0,1,5.0,True,False,False,NOT_PROMOTED,36246.0,6f7e5ee496551ab2bdb10dfa3170ed0e9efa6c1f
871249315,1.5,sig_conso&rs,sig_conso&rs,3.326242085802369,4.5375393107533455,rsi<35&rs,1,0,1,18.0,False,False,False,,78019.0,6f7e5ee496551ab2bdb10dfa3170ed0e9efa6c1f
1755473404,1.5,rsi<35&conso,rsi<35&conso,3.481436638906598,4.811531897634268,rsi<35&rs,1,0,1,2.0,True,False,False,NOT_PROMOTED,33301.0,6f7e5ee496551ab2bdb10dfa3170ed0e9efa6c1f
398212023,1.5,sig_conso+sig_lead_in_lag+sig_h1_dr,sig_conso+sig_lead_in_lag+sig_h1_dr,3.282928904518485,4.050182644277811,rsi<35&rs,1,1,0,2.0,True,False,False,NOT_PROMOTED,11489.0,6f7e5ee496551ab2bdb10dfa3170ed0e9efa6c1f
454700906,1.5,sig_lead_in_lag+sig_macro_vix_up,sig_lead_in_lag+sig_macro_vix_up,3.2625259924679995,4.052723944187164,rsi<35&rs,1,1,0,2.0,True,False,False,NOT_PROMOTED,7087.0,6f7e5ee496551ab2bdb10dfa3170ed0e9efa6c1f
374750138,1.5,sig_macro_vix_up,sig_macro_vix_up,3.3989257479726804,4.051881968975067,rsi<35&rs,1,0,1,9.0,False,False,False,,61195.0,6f7e5ee496551ab2bdb10dfa3170ed0e9efa6c1f
326593817,3.0,sig_lead_in_lag+sig_h1_dr,sig_lead_in_lag+sig_h1_dr,3.3235696502029897,4.867283601313829,sig_lead_in_lag+sig_h1_dr,4,0,3,1.0,True,True,True,BUILD,14608.0,6f7e5ee496551ab2bdb10dfa3170ed0e9efa6c1f
696291679,3.0,sig_rs_intact,sig_rs_intact,3.572597972955555,5.785887569189072,rsi<35&rs,5,0,5,9.0,False,False,False,,100425.0,6f7e5ee496551ab2bdb10dfa3170ed0e9efa6c1f
62651166,3.0,rsi<35,rsi<35,3.8500368297100067,6.329585492610931,rsi<35&rs,2,0,1,2.0,True,True,True,BUILD,60765.0,6f7e5ee496551ab2bdb10dfa3170ed0e9efa6c1f
1618254205,3.0,sig_rs_intact+sig_conso+sig_lead_in_lag,sig_rs_intact+sig_conso+sig_lead_in_lag,3.2852091332897544,4.56473895162344,rsi<35&rs,5,0,4,3.0,True,True,True,BUILD,28006.0,6f7e5ee496551ab2bdb10dfa3170ed0e9efa6c1f
1223711251,3.0,sig_lead_in_lag+sig_macro_vix_up,sig_lead_in_lag+sig_macro_vix_up,3.3226114278659225,4.499473676085472,sig_lead_in_lag+sig_macro_vix_up,2,1,0,1.0,True,True,True,BUILD,7087.0,6f7e5ee496551ab2bdb10dfa3170ed0e9efa6c1f
1189430906,3.0,adx1&rs,adx1&rs,3.05539230350405,3.5802113823592663,rsi<35&rs,1,1,0,2.0,True,False,False,NOT_PROMOTED,22123.0,6f7e5ee496551ab2bdb10dfa3170ed0e9efa6c1f
1017981309,3.0,¬sig_rs_intact,¬sig_rs_intact,2.8631322289584205,2.2608636617660522,¬sig_rs_intact,0,0,0,1.0,True,False,False,NOT_PROMOTED,189042.0,6f7e5ee496551ab2bdb10dfa3170ed0e9efa6c1f
1343401885,3.0,sig_rs_intact+sig_conso+sig_h1_dr,sig_rs_intact+sig_conso+sig_h1_dr,3.5182214388623834,4.795762684196234,rsi<35&rs,5,0,5,6.0,False,False,False,,28630.0,6f7e5ee496551ab2bdb10dfa3170ed0e9efa6c1f
1606345593,3.0,adx1&rs,adx1&rs,3.068208401091397,3.5802113823592663,rsi<35&rs,1,1,0,2.0,True,False,False,NOT_PROMOTED,22123.0,6f7e5ee496551ab2bdb10dfa3170ed0e9efa6c1f
1025199606,3.0,adx1,adx1,2.98804868478328,3.4638614393770695,rsi<35&rs,1,1,0,9.0,False,False,False,,32487.0,6f7e5ee496551ab2bdb10dfa3170ed0e9efa6c1f
370952272,3.0,sig_h1_dr+sig_macro_vix_up,sig_h1_dr+sig_macro_vix_up,3.41438926756382,4.381542652845383,rsi<35&rs,2,1,0,2.0,True,True,True,BUILD,10952.0,6f7e5ee496551ab2bdb10dfa3170ed0e9efa6c1f
1094571922,3.0,adx3,adx3,3.180881503690034,3.4261494614183903,adx3,2,0,1,1.0,True,True,True,BUILD,115950.0,6f7e5ee496551ab2bdb10dfa3170ed0e9efa6c1f
522920736,3.0,sig_rs_intact+sig_lead_in_lag+sig_h1_dr,sig_rs_intact+sig_lead_in_lag+sig_h1_dr,3.3335431711748242,4.867283601313829,sig_lead_in_lag+sig_h1_dr,4,0,3,2.0,True,True,True,BUILD,14608.0,6f7e5ee496551ab2bdb10dfa3170ed0e9efa6c1f
586348693,3.0,sig_rs_intact&rs,sig_rs_intact&rs,3.5728519022464753,5.785887569189072,rsi<35&rs,5,0,5,10.0,False,False,False,,100425.0,6f7e5ee496551ab2bdb10dfa3170ed0e9efa6c1f
422437298,3.0,sig_lead_in_lag,sig_lead_in_lag,3.3191180493682624,4.848461572080851,rsi<35&rs,5,0,4,2.0,True,True,True,BUILD,36079.0,6f7e5ee496551ab2bdb10dfa3170ed0e9efa6c1f
726354353,3.0,rsi50-65,rsi50-65,2.728424070775509,2.9749703854322433,rsi<35&rs,1,1,0,4.0,True,False,False,NOT_PROMOTED,74125.0,6f7e5ee496551ab2bdb10dfa3170ed0e9efa6c1f
1518215721,3.0,adx0,adx0,3.273457043245435,4.038318499922752,rsi<35&rs,1,0,1,2.0,True,False,False,NOT_PROMOTED,60640.0,6f7e5ee496551ab2bdb10dfa3170ed0e9efa6c1f
1000465055,3.0,adx3&rs,adx3&rs,3.413470946252346,4.1830431669950485,rsi<35&rs,2,0,1,2.0,True,True,True,BUILD,41432.0,6f7e5ee496551ab2bdb10dfa3170ed0e9efa6c1f
1779911987,3.0,rsi35-50,rsi35-50,3.3835336407646537,3.6500251591205597,rsi35-50&rs,2,0,1,2.0,True,True,True,BUILD,128411.0,6f7e5ee496551ab2bdb10dfa3170ed0e9efa6c1f
176303513,3.0,¬sig_macro_vix_up,¬sig_macro_vix_up,2.8610109948553144,3.3829374704509974,rsi<35&rs,1,0,1,2.0,True,False,False,NOT_PROMOTED,228272.0,6f7e5ee496551ab2bdb10dfa3170ed0e9efa6c1f
1965626529,3.0,¬sig_macro_vix_up,¬sig_macro_vix_up,2.9226879100315273,3.3829374704509974,rsi<35&rs,1,0,1,2.0,True,False,False,NOT_PROMOTED,228272.0,6f7e5ee496551ab2bdb10dfa3170ed0e9efa6c1f
1695450416,3.0,sig_conso+sig_lead_in_lag+sig_h1_dr,sig_conso+sig_lead_in_lag+sig_h1_dr,3.291475032456219,4.673501543700695,sig_conso+sig_lead_in_lag+sig_h1_dr,4,1,2,1.0,True,True,True,BUILD,11489.0,6f7e5ee496551ab2bdb10dfa3170ed0e9efa6c1f
1374879149,3.0,rsi50-65&conso,rsi50-65&conso,2.788949691131711,3.0596629045903683,rsi<35&rs,1,1,0,2.0,True,False,False,NOT_PROMOTED,61919.0,6f7e5ee496551ab2bdb10dfa3170ed0e9efa6c1f
293482268,3.0,rsi<35,rsi<35,3.8054598167538645,6.329585492610931,rsi<35&rs,3,0,2,2.0,True,True,True,BUILD,60765.0,6f7e5ee496551ab2bdb10dfa3170ed0e9efa6c1f
620118692,3.0,adx2&rs,adx2&rs,3.428437854349613,5.1887375973165035,adx2&rs,2,0,1,1.0,True,True,True,BUILD,14300.0,6f7e5ee496551ab2bdb10dfa3170ed0e9efa6c1f
1288507843,3.0,sig_conso+sig_h1_dr,sig_conso+sig_h1_dr,3.523841615207493,4.795762684196234,rsi<35&rs,5,0,4,5.0,True,True,True,BUILD,28630.0,6f7e5ee496551ab2bdb10dfa3170ed0e9efa6c1f
1580799473,3.0,rsi50-65&rs,rsi50-65&rs,3.066629528068006,3.4167060628533363,rsi<35&rs,1,1,0,2.0,True,False,False,NOT_PROMOTED,36762.0,6f7e5ee496551ab2bdb10dfa3170ed0e9efa6c1f
1568357088,3.0,sig_lead_in_lag+sig_macro_vix_up,sig_lead_in_lag+sig_macro_vix_up,3.3030437152832746,4.499473676085472,sig_lead_in_lag+sig_macro_vix_up,2,1,0,1.0,True,True,True,BUILD,7087.0,6f7e5ee496551ab2bdb10dfa3170ed0e9efa6c1f
2072112017,3.0,adx-1,adx-1,3.1050578737631436,3.7008563987910748,rsi<35&rs,1,1,0,21.0,False,False,False,,12590.0,6f7e5ee496551ab2bdb10dfa3170ed0e9efa6c1f
1432806799,3.0,rsi35-50&conso,rsi35-50&conso,3.329216527380049,3.492786057293415,rsi35-50&conso,2,0,1,1.0,True,True,True,BUILD,98388.0,6f7e5ee496551ab2bdb10dfa3170ed0e9efa6c1f
697107079,3.0,rsi35-50,rsi35-50,3.3016931775957348,3.6500251591205597,rsi35-50&rs,2,0,1,2.0,True,True,True,BUILD,128411.0,6f7e5ee496551ab2bdb10dfa3170ed0e9efa6c1f
2139881222,3.0,sig_h1_dr+sig_macro_vix_up,sig_h1_dr+sig_macro_vix_up,3.4540832648053765,4.381542652845383,rsi<35&rs,2,1,0,2.0,True,True,True,BUILD,10952.0,6f7e5ee496551ab2bdb10dfa3170ed0e9efa6c1f
270376956,3.0,sig_conso+sig_macro_vix_up,sig_conso+sig_macro_vix_up,3.484620357304811,4.175828211009502,rsi<35&rs,3,0,2,3.0,True,True,True,BUILD,43278.0,6f7e5ee496551ab2bdb10dfa3170ed0e9efa6c1f
1391055275,3.0,sig_rs_intact+sig_conso,sig_rs_intact+sig_conso,3.5595767445862294,5.113833837211132,rsi<35&rs,5,0,5,10.0,False,False,False,,78019.0,6f7e5ee496551ab2bdb10dfa3170ed0e9efa6c1f
1237803421,3.0,sig_rs_intact+sig_conso+sig_lead_in_lag,sig_rs_intact+sig_conso+sig_lead_in_lag,3.3415010571479797,4.56473895162344,rsi<35&rs,5,0,4,3.0,True,True,True,BUILD,28006.0,6f7e5ee496551ab2bdb10dfa3170ed0e9efa6c1f
143403589,3.0,¬sig_conso,¬sig_conso,3.4758578626438976,4.0265810415148735,rsi<35&rs,1,0,1,2.0,True,False,False,NOT_PROMOTED,77937.0,6f7e5ee496551ab2bdb10dfa3170ed0e9efa6c1f
1536952587,3.0,adx2,adx2,3.6084280256181955,4.645835421979427,adx2&rs,3,0,2,3.0,True,True,True,BUILD,67800.0,6f7e5ee496551ab2bdb10dfa3170ed0e9efa6c1f
1163327219,3.0,sig_rs_intact+sig_macro_vix_up,sig_rs_intact+sig_macro_vix_up,3.4862013129517435,4.651451483368874,rsi<35&rs,4,0,3,3.0,True,True,True,BUILD,21665.0,6f7e5ee496551ab2bdb10dfa3170ed0e9efa6c1f
1765730099,3.0,rsi<35&rs,rsi<35&rs,3.507885843142867,6.837442956864834,rsi<35&rs,1,0,0,1.0,True,True,True,BUILD,7505.0,6f7e5ee496551ab2bdb10dfa3170ed0e9efa6c1f
1669341215,3.0,rsi<35&conso,rsi<35&conso,3.5970442589372396,5.6724690571427345,rsi<35&rs,2,0,1,2.0,True,True,True,BUILD,33301.0,6f7e5ee496551ab2bdb10dfa3170ed0e9efa6c1f
790181557,3.0,sig_h1_dr+sig_macro_vix_up,sig_h1_dr+sig_macro_vix_up,3.4380138712003827,4.381542652845383,rsi<35&rs,2,1,0,2.0,True,True,True,BUILD,10952.0,6f7e5ee496551ab2bdb10dfa3170ed0e9efa6c1f
626491291,3.0,adx1&rs,adx1&rs,3.0535871908068657,3.5802113823592663,rsi<35&rs,1,1,0,2.0,True,False,False,NOT_PROMOTED,22123.0,6f7e5ee496551ab2bdb10dfa3170ed0e9efa6c1f
343584789,3.0,sig_rs_intact+sig_lead_in_lag,sig_rs_intact+sig_lead_in_lag,3.308296868018806,4.848461572080851,rsi<35&rs,5,0,4,3.0,True,True,True,BUILD,36079.0,6f7e5ee496551ab2bdb10dfa3170ed0e9efa6c1f
542379812,3.0,sig_rs_intact+sig_conso+sig_lead_in_lag,sig_rs_intact+sig_conso+sig_lead_in_lag,3.4090711222961545,4.56473895162344,rsi<35&rs,5,0,4,3.0,True,True,True,BUILD,28006.0,6f7e5ee496551ab2bdb10dfa3170ed0e9efa6c1f
730271137,3.0,rsi50-65&rs,rsi50-65&rs,3.0823918990790844,3.4167060628533363,rsi<35&rs,1,1,0,2.0,True,False,False,NOT_PROMOTED,36762.0,6f7e5ee496551ab2bdb10dfa3170ed0e9efa6c1f
550265944,3.0,rsi<35,rsi<35,3.859631458297372,6.329585492610931,rsi<35&rs,2,0,1,2.0,True,True,True,BUILD,60765.0,6f7e5ee496551ab2bdb10dfa3170ed0e9efa6c1f
2062641223,3.0,sig_rs_intact+sig_conso+sig_h1_dr,sig_rs_intact+sig_conso+sig_h1_dr,3.4935692265629767,4.795762684196234,rsi<35&rs,5,0,5,6.0,False,False,False,,28630.0,6f7e5ee496551ab2bdb10dfa3170ed0e9efa6c1f
1088078084,3.0,sig_rs_intact+sig_h1_dr,sig_rs_intact+sig_h1_dr,3.598145326972008,5.225841023027897,rsi<35&rs,5,0,5,7.0,False,False,False,,36246.0,6f7e5ee496551ab2bdb10dfa3170ed0e9efa6c1f
2124444949,3.0,sig_conso+sig_h1_dr,sig_conso+sig_h1_dr,3.520403242111206,4.795762684196234,rsi<35&rs,5,0,4,5.0,True,True,True,BUILD,28630.0,6f7e5ee496551ab2bdb10dfa3170ed0e9efa6c1f
1303407799,3.0,adx3&rs,adx3&rs,3.406459611468017,4.1830431669950485,rsi<35&rs,2,0,1,2.0,True,True,True,BUILD,41432.0,6f7e5ee496551ab2bdb10dfa3170ed0e9efa6c1f
514708398,3.0,sig_macro_vix_up,sig_macro_vix_up,3.6259163450449705,4.244773276150227,rsi<35&rs,4,0,4,6.0,False,False,False,,61195.0,6f7e5ee496551ab2bdb10dfa3170ed0e9efa6c1f
2043688870,3.0,sig_rs_intact+sig_macro_vix_up,sig_rs_intact+sig_macro_vix_up,3.5393568625673653,4.651451483368874,rsi<35&rs,4,0,3,3.0,True,True,True,BUILD,21665.0,6f7e5ee496551ab2bdb10dfa3170ed0e9efa6c1f
594546578,3.0,adx-1,adx-1,3.131203460507095,3.7008563987910748,rsi<35&rs,1,1,0,21.0,False,False,False,,12590.0,6f7e5ee496551ab2bdb10dfa3170ed0e9efa6c1f
1137933215,3.0,¬sig_lead_in_lag,¬sig_lead_in_lag,3.151376556046307,2.703949622809887,rsi<35&rs,0,0,0,3.0,True,False,False,NOT_PROMOTED,253388.0,6f7e5ee496551ab2bdb10dfa3170ed0e9efa6c1f
250752430,3.0,sig_rs_intact+sig_lead_in_lag+sig_h1_dr,sig_rs_intact+sig_lead_in_lag+sig_h1_dr,3.3272770373150706,4.867283601313829,sig_lead_in_lag+sig_h1_dr,4,0,3,2.0,True,True,True,BUILD,14608.0,6f7e5ee496551ab2bdb10dfa3170ed0e9efa6c1f
604674421,3.0,sig_lead_in_lag+sig_h1_dr,sig_lead_in_lag+sig_h1_dr,3.3670067880302668,4.867283601313829,sig_lead_in_lag+sig_h1_dr,4,0,3,1.0,True,True,True,BUILD,14608.0,6f7e5ee496551ab2bdb10dfa3170ed0e9efa6c1f
118556449,3.0,rsi35-50,rsi35-50,3.359424191620201,3.6500251591205597,rsi35-50&rs,2,0,1,2.0,True,True,True,BUILD,128411.0,6f7e5ee496551ab2bdb10dfa3170ed0e9efa6c1f
1624994297,3.0,sig_rs_intact+sig_h1_dr,sig_rs_intact+sig_h1_dr,3.5916296299546957,5.225841023027897,rsi<35&rs,5,0,5,7.0,False,False,False,,36246.0,6f7e5ee496551ab2bdb10dfa3170ed0e9efa6c1f
822537211,3.0,sig_rs_intact+sig_lead_in_lag,sig_rs_intact+sig_lead_in_lag,3.3956044306978583,4.848461572080851,rsi<35&rs,5,0,4,3.0,True,True,True,BUILD,36079.0,6f7e5ee496551ab2bdb10dfa3170ed0e9efa6c1f
26070387,3.0,sig_rs_intact+sig_conso+sig_lead_in_lag,sig_rs_intact+sig_conso+sig_lead_in_lag,3.25841656755656,4.56473895162344,rsi<35&rs,5,0,4,3.0,True,True,True,BUILD,28006.0,6f7e5ee496551ab2bdb10dfa3170ed0e9efa6c1f
358005144,3.0,adx2,adx2,3.595038573257625,4.645835421979427,adx2&rs,3,0,2,3.0,True,True,True,BUILD,67800.0,6f7e5ee496551ab2bdb10dfa3170ed0e9efa6c1f
1756252394,3.0,adx1,adx1,3.0652306880801916,3.4638614393770695,rsi<35&rs,1,1,0,9.0,False,False,False,,32487.0,6f7e5ee496551ab2bdb10dfa3170ed0e9efa6c1f
1127541712,3.0,sig_rs_intact+sig_h1_dr,sig_rs_intact+sig_h1_dr,3.5880453869700433,5.225841023027897,rsi<35&rs,5,0,5,7.0,False,False,False,,36246.0,6f7e5ee496551ab2bdb10dfa3170ed0e9efa6c1f
1241056469,3.0,sig_rs_intact+sig_h1_dr,sig_rs_intact+sig_h1_dr,3.5913995947688817,5.225841023027897,rsi<35&rs,5,0,5,7.0,False,False,False,,36246.0,6f7e5ee496551ab2bdb10dfa3170ed0e9efa6c1f
366124970,3.0,sig_rs_intact&rs,sig_rs_intact&rs,3.5408854857087135,5.785887569189072,rsi<35&rs,5,0,5,10.0,False,False,False,,100425.0,6f7e5ee496551ab2bdb10dfa3170ed0e9efa6c1f
1967568734,3.0,sig_lead_in_lag+sig_macro_vix_up,sig_lead_in_lag+sig_macro_vix_up,3.3093013148754835,4.499473676085472,sig_lead_in_lag+sig_macro_vix_up,2,1,0,1.0,True,True,True,BUILD,7087.0,6f7e5ee496551ab2bdb10dfa3170ed0e9efa6c1f
166266809,3.0,adx3,adx3,3.196569500863552,3.4261494614183903,adx3,2,0,1,1.0,True,True,True,BUILD,115950.0,6f7e5ee496551ab2bdb10dfa3170ed0e9efa6c1f
1521991453,3.0,sig_conso+sig_lead_in_lag+sig_h1_dr,sig_conso+sig_lead_in_lag+sig_h1_dr,3.262917553074658,4.673501543700695,sig_conso+sig_lead_in_lag+sig_h1_dr,4,1,2,1.0,True,True,True,BUILD,11489.0,6f7e5ee496551ab2bdb10dfa3170ed0e9efa6c1f
1609864729,3.0,¬sig_h1_dr,¬sig_h1_dr,2.991899928636849,2.34072282910347,rsi<35&rs,0,0,0,2.0,True,False,False,NOT_PROMOTED,253221.0,6f7e5ee496551ab2bdb10dfa3170ed0e9efa6c1f
1825026891,3.0,sig_conso,sig_conso,3.0462136468850076,3.550071641802788,rsi<35&rs,1,0,1,2.0,True,False,False,NOT_PROMOTED,211530.0,6f7e5ee496551ab2bdb10dfa3170ed0e9efa6c1f
1062657375,3.0,rsi35-50,rsi35-50,3.363270434457809,3.6500251591205597,rsi35-50&rs,2,0,1,2.0,True,True,True,BUILD,128411.0,6f7e5ee496551ab2bdb10dfa3170ed0e9efa6c1f
1056416383,3.0,adx3&rs,adx3&rs,3.435304334387183,4.1830431669950485,rsi<35&rs,2,0,1,2.0,True,True,True,BUILD,41432.0,6f7e5ee496551ab2bdb10dfa3170ed0e9efa6c1f
577004116,3.0,rsi<35&rs,rsi<35&rs,3.481510913558304,6.837442956864834,rsi<35&rs,1,0,0,1.0,True,True,True,BUILD,7505.0,6f7e5ee496551ab2bdb10dfa3170ed0e9efa6c1f
537191705,3.0,sig_conso&rs,sig_conso&rs,3.4389937389642,5.113833837211132,rsi<35&rs,5,0,5,9.0,False,False,False,,78019.0,6f7e5ee496551ab2bdb10dfa3170ed0e9efa6c1f
722804976,3.0,adx2&rs,adx2&rs,3.4655217407271266,5.1887375973165035,adx2&rs,2,0,1,1.0,True,True,True,BUILD,14300.0,6f7e5ee496551ab2bdb10dfa3170ed0e9efa6c1f
1248996683,3.0,rsi<35&rs,rsi<35&rs,3.52983971927315,6.837442956864834,rsi<35&rs,1,0,0,1.0,True,True,True,BUILD,7505.0,6f7e5ee496551ab2bdb10dfa3170ed0e9efa6c1f
1204884211,3.0,sig_h1_dr&rs,sig_h1_dr&rs,3.5738638091832398,5.225841023027897,rsi<35&rs,5,0,5,6.0,False,False,False,,36246.0,6f7e5ee496551ab2bdb10dfa3170ed0e9efa6c1f
1852736515,3.0,sig_conso+sig_lead_in_lag+sig_h1_dr,sig_conso+sig_lead_in_lag+sig_h1_dr,3.356589204631746,4.673501543700695,sig_conso+sig_lead_in_lag+sig_h1_dr,4,1,2,1.0,True,True,True,BUILD,11489.0,6f7e5ee496551ab2bdb10dfa3170ed0e9efa6c1f
821998552,3.0,adx1,adx1,2.9936777614057064,3.4638614393770695,rsi<35&rs,1,1,0,9.0,False,False,False,,32487.0,6f7e5ee496551ab2bdb10dfa3170ed0e9efa6c1f
848948,3.0,rsi50-65,rsi50-65,2.8264905977994204,2.9749703854322433,rsi<35&rs,1,1,0,4.0,True,False,False,NOT_PROMOTED,74125.0,6f7e5ee496551ab2bdb10dfa3170ed0e9efa6c1f
2052863978,3.0,sig_conso+sig_lead_in_lag+sig_h1_dr,sig_conso+sig_lead_in_lag+sig_h1_dr,3.3275216491892934,4.673501543700695,sig_conso+sig_lead_in_lag+sig_h1_dr,4,1,2,1.0,True,True,True,BUILD,11489.0,6f7e5ee496551ab2bdb10dfa3170ed0e9efa6c1f
1899716059,3.0,sig_lead_in_lag&rs,sig_lead_in_lag&rs,3.35796527415514,4.848461572080851,rsi<35&rs,5,0,4,4.0,True,True,True,BUILD,36079.0,6f7e5ee496551ab2bdb10dfa3170ed0e9efa6c1f
1166462018,3.0,sig_macro_vix_up,sig_macro_vix_up,3.5940508576110006,4.244773276150227,rsi<35&rs,4,0,4,6.0,False,False,False,,61195.0,6f7e5ee496551ab2bdb10dfa3170ed0e9efa6c1f
1500860233,3.0,sig_rs_intact+sig_lead_in_lag,sig_rs_intact+sig_lead_in_lag,3.3656538743525743,4.848461572080851,rsi<35&rs,5,0,4,3.0,True,True,True,BUILD,36079.0,6f7e5ee496551ab2bdb10dfa3170ed0e9efa6c1f
574509546,3.0,sig_lead_in_lag+sig_h1_dr,sig_lead_in_lag+sig_h1_dr,3.350818562321365,4.867283601313829,sig_lead_in_lag+sig_h1_dr,4,0,3,1.0,True,True,True,BUILD,14608.0,6f7e5ee496551ab2bdb10dfa3170ed0e9efa6c1f
416974953,3.0,rsi50-65,rsi50-65,2.805529676005244,2.9749703854322433,rsi<35&rs,1,1,0,4.0,True,False,False,NOT_PROMOTED,74125.0,6f7e5ee496551ab2bdb10dfa3170ed0e9efa6c1f
1695682903,3.0,adx2,adx2,3.552231131866574,4.645835421979427,adx2&rs,3,0,2,3.0,True,True,True,BUILD,67800.0,6f7e5ee496551ab2bdb10dfa3170ed0e9efa6c1f
87506242,3.0,¬sig_rs_intact,¬sig_rs_intact,2.924098047800362,2.2608636617660522,¬sig_rs_intact,0,0,0,1.0,True,False,False,NOT_PROMOTED,189042.0,6f7e5ee496551ab2bdb10dfa3170ed0e9efa6c1f
633245128,3.0,sig_conso+sig_lead_in_lag+sig_h1_dr,sig_conso+sig_lead_in_lag+sig_h1_dr,3.2409472158178687,4.673501543700695,sig_conso+sig_lead_in_lag+sig_h1_dr,4,1,2,1.0,True,True,True,BUILD,11489.0,6f7e5ee496551ab2bdb10dfa3170ed0e9efa6c1f
860962119,3.0,rsi50-65&rs,rsi50-65&rs,3.0983044393360615,3.4167060628533363,rsi<35&rs,1,1,0,2.0,True,False,False,NOT_PROMOTED,36762.0,6f7e5ee496551ab2bdb10dfa3170ed0e9efa6c1f
1165292139,3.0,rsi>=65,rsi>=65,3.029389209114015,3.5197941847145557,rsi<35&rs,1,1,0,10.0,False,False,False,,26160.0,6f7e5ee496551ab2bdb10dfa3170ed0e9efa6c1f
897109420,3.0,adx1&rs,adx1&rs,3.101040101610124,3.5802113823592663,rsi<35&rs,1,1,0,2.0,True,False,False,NOT_PROMOTED,22123.0,6f7e5ee496551ab2bdb10dfa3170ed0e9efa6c1f
308392787,3.0,sig_h1_dr,sig_h1_dr,3.4751360772177575,5.225841023027897,rsi<35&rs,5,0,4,5.0,True,True,True,BUILD,36246.0,6f7e5ee496551ab2bdb10dfa3170ed0e9efa6c1f
1238685830,3.0,adx3,adx3,3.2210187260061502,3.4261494614183903,adx3,2,0,1,1.0,True,True,True,BUILD,115950.0,6f7e5ee496551ab2bdb10dfa3170ed0e9efa6c1f
1957828255,3.0,rsi<35&conso,rsi<35&conso,3.63681580722332,5.6724690571427345,rsi<35&rs,2,0,1,2.0,True,True,True,BUILD,33301.0,6f7e5ee496551ab2bdb10dfa3170ed0e9efa6c1f
480408721,3.0,¬sig_rs_intact,¬sig_rs_intact,2.9391594387125224,2.2608636617660522,¬sig_rs_intact,0,0,0,1.0,True,False,False,NOT_PROMOTED,189042.0,6f7e5ee496551ab2bdb10dfa3170ed0e9efa6c1f
1381891875,3.0,rsi>=65,rsi>=65,2.959736497141421,3.5197941847145557,rsi<35&rs,1,1,0,10.0,False,False,False,,26160.0,6f7e5ee496551ab2bdb10dfa3170ed0e9efa6c1f
422357312,3.0,rsi35-50&conso,rsi35-50&conso,3.3332016225904226,3.492786057293415,rsi35-50&conso,2,0,1,1.0,True,True,True,BUILD,98388.0,6f7e5ee496551ab2bdb10dfa3170ed0e9efa6c1f
1660276193,3.0,sig_lead_in_lag&rs,sig_lead_in_lag&rs,3.382056801021099,4.848461572080851,rsi<35&rs,5,0,4,4.0,True,True,True,BUILD,36079.0,6f7e5ee496551ab2bdb10dfa3170ed0e9efa6c1f
8260956,3.0,sig_rs_intact+sig_conso+sig_h1_dr,sig_rs_intact+sig_conso+sig_h1_dr,3.4447236623615027,4.795762684196234,rsi<35&rs,5,0,5,6.0,False,False,False,,28630.0,6f7e5ee496551ab2bdb10dfa3170ed0e9efa6c1f
1410866945,3.0,sig_h1_dr,sig_h1_dr,3.5689654108136892,5.225841023027897,rsi<35&rs,5,0,4,5.0,True,True,True,BUILD,36246.0,6f7e5ee496551ab2bdb10dfa3170ed0e9efa6c1f
1207743467,3.0,adx2&rs,adx2&rs,3.4189246209338306,5.1887375973165035,adx2&rs,2,0,1,1.0,True,True,True,BUILD,14300.0,6f7e5ee496551ab2bdb10dfa3170ed0e9efa6c1f
678297493,3.0,sig_lead_in_lag&rs,sig_lead_in_lag&rs,3.3959426743909717,4.848461572080851,rsi<35&rs,5,0,4,4.0,True,True,True,BUILD,36079.0,6f7e5ee496551ab2bdb10dfa3170ed0e9efa6c1f
476621992,3.0,rsi<35&conso,rsi<35&conso,3.6265503242611885,5.6724690571427345,rsi<35&rs,2,0,1,2.0,True,True,True,BUILD,33301.0,6f7e5ee496551ab2bdb10dfa3170ed0e9efa6c1f
1332777622,3.0,sig_lead_in_lag,sig_lead_in_lag,3.399360137991607,4.848461572080851,rsi<35&rs,5,0,4,2.0,True,True,True,BUILD,36079.0,6f7e5ee496551ab2bdb10dfa3170ed0e9efa6c1f
557069354,3.0,sig_conso+sig_macro_vix_up,sig_conso+sig_macro_vix_up,3.4760195203125477,4.175828211009502,rsi<35&rs,3,0,2,3.0,True,True,True,BUILD,43278.0,6f7e5ee496551ab2bdb10dfa3170ed0e9efa6c1f
2009178951,3.0,adx3,adx3,3.2308051181025803,3.4261494614183903,adx3,2,0,1,1.0,True,True,True,BUILD,115950.0,6f7e5ee496551ab2bdb10dfa3170ed0e9efa6c1f
1623035070,3.0,¬sig_h1_dr,¬sig_h1_dr,2.9391885424032806,2.34072282910347,rsi<35&rs,0,0,0,2.0,True,False,False,NOT_PROMOTED,253221.0,6f7e5ee496551ab2bdb10dfa3170ed0e9efa6c1f
1211265584,3.0,rsi<35&rs,rsi<35&rs,3.4956243308261037,6.837442956864834,rsi<35&rs,1,0,0,1.0,True,True,True,BUILD,7505.0,6f7e5ee496551ab2bdb10dfa3170ed0e9efa6c1f
972201505,3.0,¬sig_macro_vix_up,¬sig_macro_vix_up,2.864607296511531,3.3829374704509974,rsi<35&rs,1,0,1,2.0,True,False,False,NOT_PROMOTED,228272.0,6f7e5ee496551ab2bdb10dfa3170ed0e9efa6c1f
191344934,3.0,rsi50-65&rs,rsi50-65&rs,3.0964390374720097,3.4167060628533363,rsi<35&rs,1,1,0,2.0,True,False,False,NOT_PROMOTED,36762.0,6f7e5ee496551ab2bdb10dfa3170ed0e9efa6c1f
1300548837,3.0,adx3&rs,adx3&rs,3.4545664861798286,4.1830431669950485,rsi<35&rs,2,0,1,2.0,True,True,True,BUILD,41432.0,6f7e5ee496551ab2bdb10dfa3170ed0e9efa6c1f
2081914319,3.0,sig_lead_in_lag+sig_macro_vix_up,sig_lead_in_lag+sig_macro_vix_up,3.3012894820421934,4.499473676085472,sig_lead_in_lag+sig_macro_vix_up,2,1,0,1.0,True,True,True,BUILD,7087.0,6f7e5ee496551ab2bdb10dfa3170ed0e9efa6c1f
1926420806,3.0,sig_rs_intact+sig_h1_dr,sig_rs_intact+sig_h1_dr,3.5603114403784275,5.225841023027897,rsi<35&rs,5,0,5,7.0,False,False,False,,36246.0,6f7e5ee496551ab2bdb10dfa3170ed0e9efa6c1f
454850902,3.0,sig_h1_dr,sig_h1_dr,3.529526231251657,5.225841023027897,rsi<35&rs,5,0,4,5.0,True,True,True,BUILD,36246.0,6f7e5ee496551ab2bdb10dfa3170ed0e9efa6c1f
871249315,3.0,sig_conso&rs,sig_conso&rs,3.4450765158981085,5.113833837211132,rsi<35&rs,5,0,5,9.0,False,False,False,,78019.0,6f7e5ee496551ab2bdb10dfa3170ed0e9efa6c1f
1755473404,3.0,rsi<35&conso,rsi<35&conso,3.635655175894499,5.6724690571427345,rsi<35&rs,2,0,1,2.0,True,True,True,BUILD,33301.0,6f7e5ee496551ab2bdb10dfa3170ed0e9efa6c1f
398212023,3.0,sig_conso+sig_lead_in_lag+sig_h1_dr,sig_conso+sig_lead_in_lag+sig_h1_dr,3.2694488018751144,4.673501543700695,sig_conso+sig_lead_in_lag+sig_h1_dr,4,1,2,1.0,True,True,True,BUILD,11489.0,6f7e5ee496551ab2bdb10dfa3170ed0e9efa6c1f
454700906,3.0,sig_lead_in_lag+sig_macro_vix_up,sig_lead_in_lag+sig_macro_vix_up,3.288770974613726,4.499473676085472,sig_lead_in_lag+sig_macro_vix_up,2,1,0,1.0,True,True,True,BUILD,7087.0,6f7e5ee496551ab2bdb10dfa3170ed0e9efa6c1f
374750138,3.0,sig_macro_vix_up,sig_macro_vix_up,3.5966781001538037,4.244773276150227,rsi<35&rs,4,0,4,6.0,False,False,False,,61195.0,6f7e5ee496551ab2bdb10dfa3170ed0e9efa6c1f
326593817,6.0,sig_lead_in_lag+sig_h1_dr,sig_lead_in_lag+sig_h1_dr,3.423040919005871,7.867283601313829,sig_rs_intact+sig_lead_in_lag+sig_h1_dr,5,0,4,2.0,True,True,True,BUILD,14608.0,6f7e5ee496551ab2bdb10dfa3170ed0e9efa6c1f
696291679,6.0,sig_rs_intact,sig_rs_intact,3.9572363533079624,7.776055485010147,rsi<35&rs,5,0,4,2.0,True,True,True,BUILD,100425.0,6f7e5ee496551ab2bdb10dfa3170ed0e9efa6c1f
62651166,6.0,rsi<35,rsi<35,4.43700734525919,8.814607508480549,rsi<35&rs,3,0,2,2.0,True,True,True,BUILD,60765.0,6f7e5ee496551ab2bdb10dfa3170ed0e9efa6c1f
1618254205,6.0,sig_rs_intact+sig_conso+sig_lead_in_lag,sig_rs_intact+sig_conso+sig_lead_in_lag,3.3775749523192644,7.552024483680725,sig_conso+sig_lead_in_lag,5,0,4,2.0,True,True,True,BUILD,28006.0,6f7e5ee496551ab2bdb10dfa3170ed0e9efa6c1f
1223711251,6.0,sig_lead_in_lag+sig_macro_vix_up,sig_lead_in_lag+sig_macro_vix_up,3.3767203986644745,7.499473676085472,sig_lead_in_lag+sig_macro_vix_up,4,1,2,1.0,True,True,True,BUILD,7087.0,6f7e5ee496551ab2bdb10dfa3170ed0e9efa6c1f
1189430906,6.0,adx1&rs,adx1&rs,2.9478052139282225,5.037550273351371,adx1&rs,2,1,0,1.0,True,True,True,BUILD,22123.0,6f7e5ee496551ab2bdb10dfa3170ed0e9efa6c1f
1017981309,6.0,¬sig_rs_intact,¬sig_rs_intact,2.5539474794641137,5.260863661766052,¬sig_rs_intact,4,0,3,1.0,True,True,True,BUILD,189042.0,6f7e5ee496551ab2bdb10dfa3170ed0e9efa6c1f
1343401885,6.0,sig_rs_intact+sig_conso+sig_h1_dr,sig_rs_intact+sig_conso+sig_h1_dr,3.7697945747524497,7.280342414975166,sig_conso+sig_lead_in_lag+sig_h1_dr,5,0,4,3.0,True,True,True,BUILD,28630.0,6f7e5ee496551ab2bdb10dfa3170ed0e9efa6c1f
1606345593,6.0,adx1&rs,adx1&rs,2.9486634582281113,5.037550273351371,adx1&rs,2,1,0,1.0,True,True,True,BUILD,22123.0,6f7e5ee496551ab2bdb10dfa3170ed0e9efa6c1f
1025199606,6.0,adx1,adx1,2.834455454722047,4.799408390186727,adx1&rs,3,1,1,2.0,True,True,True,BUILD,32487.0,6f7e5ee496551ab2bdb10dfa3170ed0e9efa6c1f
370952272,6.0,sig_h1_dr+sig_macro_vix_up,sig_h1_dr+sig_macro_vix_up,3.5662906400859358,7.209328789263964,sig_h1_dr+sig_macro_vix_up,4,1,2,1.0,True,True,True,BUILD,10952.0,6f7e5ee496551ab2bdb10dfa3170ed0e9efa6c1f
1094571922,6.0,adx3,adx3,3.114077989012003,6.42614946141839,adx3,2,0,1,1.0,True,True,True,BUILD,115950.0,6f7e5ee496551ab2bdb10dfa3170ed0e9efa6c1f
522920736,6.0,sig_rs_intact+sig_lead_in_lag+sig_h1_dr,sig_rs_intact+sig_lead_in_lag+sig_h1_dr,3.4338488476350904,7.867283601313829,sig_rs_intact+sig_lead_in_lag+sig_h1_dr,5,0,4,1.0,True,True,True,BUILD,14608.0,6f7e5ee496551ab2bdb10dfa3170ed0e9efa6c1f
586348693,6.0,sig_rs_intact&rs,sig_rs_intact&rs,3.93925775103271,7.776055485010147,rsi<35&rs,5,0,4,3.0,True,True,True,BUILD,100425.0,6f7e5ee496551ab2bdb10dfa3170ed0e9efa6c1f
422437298,6.0,sig_lead_in_lag,sig_lead_in_lag,3.4418783739209173,7.687309704720974,sig_lead_in_lag&rs,5,0,4,2.0,True,True,True,BUILD,36079.0,6f7e5ee496551ab2bdb10dfa3170ed0e9efa6c1f
726354353,6.0,rsi50-65,rsi50-65,2.3772132373414934,4.978735879063606,rsi50-65,3,0,2,1.0,True,True,True,BUILD,74125.0,6f7e5ee496551ab2bdb10dfa3170ed0e9efa6c1f
1518215721,6.0,adx0,adx0,3.4091363102197647,5.720617849379778,adx0,2,0,1,1.0,True,True,True,BUILD,60640.0,6f7e5ee496551ab2bdb10dfa3170ed0e9efa6c1f
1000465055,6.0,adx3&rs,adx3&rs,3.6765422765165567,6.800013169646263,adx3&rs,5,0,4,1.0,True,True,True,BUILD,41432.0,6f7e5ee496551ab2bdb10dfa3170ed0e9efa6c1f
1779911987,6.0,rsi35-50,rsi35-50,3.4766117110848427,6.547780375927687,rsi35-50,4,0,3,1.0,True,True,True,BUILD,128411.0,6f7e5ee496551ab2bdb10dfa3170ed0e9efa6c1f
176303513,6.0,¬sig_macro_vix_up,¬sig_macro_vix_up,5.677133187651634,5.677133187651634,¬sig_macro_vix_up,0,0,0,1.0,True,False,False,NOT_PROMOTED,228272.0,6f7e5ee496551ab2bdb10dfa3170ed0e9efa6c1f
1965626529,6.0,¬sig_macro_vix_up,¬sig_macro_vix_up,5.677133187651634,5.677133187651634,¬sig_macro_vix_up,0,0,0,1.0,True,False,False,NOT_PROMOTED,228272.0,6f7e5ee496551ab2bdb10dfa3170ed0e9efa6c1f
1695450416,6.0,sig_conso+sig_lead_in_lag+sig_h1_dr,sig_conso+sig_lead_in_lag+sig_h1_dr,3.370672520250082,7.673501543700695,sig_conso+sig_lead_in_lag+sig_h1_dr,5,1,3,1.0,True,True,True,BUILD,11489.0,6f7e5ee496551ab2bdb10dfa3170ed0e9efa6c1f
1374879149,6.0,rsi50-65&conso,rsi50-65&conso,2.4464938789606094,5.156658165156841,rsi50-65&conso,3,0,2,1.0,True,True,True,BUILD,61919.0,6f7e5ee496551ab2bdb10dfa3170ed0e9efa6c1f
293482268,6.0,rsi<35,rsi<35,4.39459097571671,8.814607508480549,rsi<35&rs,3,0,2,2.0,True,True,True,BUILD,60765.0,6f7e5ee496551ab2bdb10dfa3170ed0e9efa6c1f
620118692,6.0,adx2&rs,adx2&rs,3.6716303788125515,8.188737597316504,adx2&rs,2,0,1,1.0,True,True,True,BUILD,14300.0,6f7e5ee496551ab2bdb10dfa3170ed0e9efa6c1f
1288507843,6.0,sig_conso+sig_h1_dr,sig_conso+sig_h1_dr,3.803983824327588,7.280342414975166,sig_conso+sig_lead_in_lag+sig_h1_dr,5,0,4,2.0,True,True,True,BUILD,28630.0,6f7e5ee496551ab2bdb10dfa3170ed0e9efa6c1f
1580799473,6.0,rsi50-65&rs,rsi50-65&rs,3.0050257716327904,5.51595738530159,rsi50-65&rs,5,0,4,1.0,True,True,True,BUILD,36762.0,6f7e5ee496551ab2bdb10dfa3170ed0e9efa6c1f
1568357088,6.0,sig_lead_in_lag+sig_macro_vix_up,sig_lead_in_lag+sig_macro_vix_up,3.391749202273786,7.499473676085472,sig_lead_in_lag+sig_macro_vix_up,4,1,2,1.0,True,True,True,BUILD,7087.0,6f7e5ee496551ab2bdb10dfa3170ed0e9efa6c1f
2072112017,6.0,adx-1,adx-1,2.974360953085124,3.8944004978984594,adx-1,2,1,0,1.0,True,True,True,BUILD,12590.0,6f7e5ee496551ab2bdb10dfa3170ed0e9efa6c1f
1432806799,6.0,rsi35-50&conso,rsi35-50&conso,3.4266587702557443,6.492786057293415,rsi35-50&conso,4,0,3,1.0,True,True,True,BUILD,98388.0,6f7e5ee496551ab2bdb10dfa3170ed0e9efa6c1f
697107079,6.0,rsi35-50,rsi35-50,3.440464991517365,6.547780375927687,rsi35-50,4,0,3,1.0,True,True,True,BUILD,128411.0,6f7e5ee496551ab2bdb10dfa3170ed0e9efa6c1f
2139881222,6.0,sig_h1_dr+sig_macro_vix_up,sig_h1_dr+sig_macro_vix_up,3.6338273249566555,7.209328789263964,sig_h1_dr+sig_macro_vix_up,4,1,2,1.0,True,True,True,BUILD,10952.0,6f7e5ee496551ab2bdb10dfa3170ed0e9efa6c1f
270376956,6.0,sig_conso+sig_macro_vix_up,sig_conso+sig_macro_vix_up,5.073824333027005,6.492852460592985,sig_conso+sig_macro_vix_up,4,0,3,1.0,True,True,True,BUILD,43278.0,6f7e5ee496551ab2bdb10dfa3170ed0e9efa6c1f
1391055275,6.0,sig_rs_intact+sig_conso,sig_rs_intact+sig_conso,3.812855011411011,6.50402982160449,sig_rs_intact+sig_conso,5,0,4,1.0,True,True,True,BUILD,78019.0,6f7e5ee496551ab2bdb10dfa3170ed0e9efa6c1f
1237803421,6.0,sig_rs_intact+sig_conso+sig_lead_in_lag,sig_rs_intact+sig_conso+sig_lead_in_lag,3.3631427865475416,7.552024483680725,sig_conso+sig_lead_in_lag,5,0,4,2.0,True,True,True,BUILD,28006.0,6f7e5ee496551ab2bdb10dfa3170ed0e9efa6c1f
143403589,6.0,¬sig_conso,¬sig_conso,3.6859188321977854,6.262274593114853,¬sig_conso,2,0,1,1.0,True,True,True,BUILD,77937.0,6f7e5ee496551ab2bdb10dfa3170ed0e9efa6c1f
1536952587,6.0,adx2,adx2,3.8856175602413714,7.1070264503359795,adx2&rs,3,0,2,2.0,True,True,True,BUILD,67800.0,6f7e5ee496551ab2bdb10dfa3170ed0e9efa6c1f
1163327219,6.0,sig_rs_intact+sig_macro_vix_up,sig_rs_intact+sig_macro_vix_up,3.778135352488607,7.186774019151926,sig_lead_in_lag+sig_macro_vix_up,4,0,3,2.0,True,True,True,BUILD,21665.0,6f7e5ee496551ab2bdb10dfa3170ed0e9efa6c1f
1765730099,6.0,rsi<35&rs,rsi<35&rs,3.747388666681945,9.837442956864834,rsi<35&rs,1,0,0,1.0,True,True,True,BUILD,7505.0,6f7e5ee496551ab2bdb10dfa3170ed0e9efa6c1f
1669341215,6.0,rsi<35&conso,rsi<35&conso,3.9737996481591837,7.587675325572491,rsi<35&rs,3,0,2,2.0,True,True,True,BUILD,33301.0,6f7e5ee496551ab2bdb10dfa3170ed0e9efa6c1f
790181557,6.0,sig_h1_dr+sig_macro_vix_up,sig_h1_dr+sig_macro_vix_up,3.6230120874941347,7.209328789263964,sig_h1_dr+sig_macro_vix_up,4,1,2,1.0,True,True,True,BUILD,10952.0,6f7e5ee496551ab2bdb10dfa3170ed0e9efa6c1f
626491291,6.0,adx1&rs,adx1&rs,2.9739570431411266,5.037550273351371,adx1&rs,2,1,0,1.0,True,True,True,BUILD,22123.0,6f7e5ee496551ab2bdb10dfa3170ed0e9efa6c1f
343584789,6.0,sig_rs_intact+sig_lead_in_lag,sig_rs_intact+sig_lead_in_lag,3.43408913789317,7.687309704720974,sig_lead_in_lag&rs,5,0,4,3.0,True,True,True,BUILD,36079.0,6f7e5ee496551ab2bdb10dfa3170ed0e9efa6c1f
542379812,6.0,sig_rs_intact+sig_conso+sig_lead_in_lag,sig_rs_intact+sig_conso+sig_lead_in_lag,3.468425115570426,7.552024483680725,sig_conso+sig_lead_in_lag,5,0,4,2.0,True,True,True,BUILD,28006.0,6f7e5ee496551ab2bdb10dfa3170ed0e9efa6c1f
730271137,6.0,rsi50-65&rs,rsi50-65&rs,2.9655219081789257,5.51595738530159,rsi50-65&rs,5,0,4,1.0,True,True,True,BUILD,36762.0,6f7e5ee496551ab2bdb10dfa3170ed0e9efa6c1f
550265944,6.0,rsi<35,rsi<35,4.42743230080232,8.814607508480549,rsi<35&rs,3,0,2,2.0,True,True,True,BUILD,60765.0,6f7e5ee496551ab2bdb10dfa3170ed0e9efa6c1f
2062641223,6.0,sig_rs_intact+sig_conso+sig_h1_dr,sig_rs_intact+sig_conso+sig_h1_dr,3.8078205101191998,7.280342414975166,sig_conso+sig_lead_in_lag+sig_h1_dr,5,0,4,3.0,True,True,True,BUILD,28630.0,6f7e5ee496551ab2bdb10dfa3170ed0e9efa6c1f
1088078084,6.0,sig_rs_intact+sig_h1_dr,sig_rs_intact+sig_h1_dr,3.9318646141327918,7.391992531716824,sig_rs_intact+sig_lead_in_lag+sig_h1_dr,5,0,4,4.0,True,True,True,BUILD,36246.0,6f7e5ee496551ab2bdb10dfa3170ed0e9efa6c1f
2124444949,6.0,sig_conso+sig_h1_dr,sig_conso+sig_h1_dr,3.8205133378505707,7.280342414975166,sig_conso+sig_lead_in_lag+sig_h1_dr,5,0,4,2.0,True,True,True,BUILD,28630.0,6f7e5ee496551ab2bdb10dfa3170ed0e9efa6c1f
1303407799,6.0,adx3&rs,adx3&rs,3.632797720795497,6.800013169646263,adx3&rs,5,0,4,1.0,True,True,True,BUILD,41432.0,6f7e5ee496551ab2bdb10dfa3170ed0e9efa6c1f
514708398,6.0,sig_macro_vix_up,sig_macro_vix_up,6.322866812348366,6.380226410925388,sig_lead_in_lag+sig_macro_vix_up,1,0,1,2.0,True,False,False,NOT_PROMOTED,61195.0,6f7e5ee496551ab2bdb10dfa3170ed0e9efa6c1f
2043688870,6.0,sig_rs_intact+sig_macro_vix_up,sig_rs_intact+sig_macro_vix_up,3.7948301807045937,7.186774019151926,sig_lead_in_lag+sig_macro_vix_up,4,0,3,2.0,True,True,True,BUILD,21665.0,6f7e5ee496551ab2bdb10dfa3170ed0e9efa6c1f
594546578,6.0,adx-1,adx-1,3.003571070730686,3.8944004978984594,adx-1,2,1,0,1.0,True,True,True,BUILD,12590.0,6f7e5ee496551ab2bdb10dfa3170ed0e9efa6c1f
1137933215,6.0,¬sig_lead_in_lag,¬sig_lead_in_lag,3.0553249176591635,4.312690295279026,¬sig_lead_in_lag,1,0,0,1.0,True,True,True,BUILD,253388.0,6f7e5ee496551ab2bdb10dfa3170ed0e9efa6c1f
250752430,6.0,sig_rs_intact+sig_lead_in_lag+sig_h1_dr,sig_rs_intact+sig_lead_in_lag+sig_h1_dr,3.430052949115634,7.867283601313829,sig_rs_intact+sig_lead_in_lag+sig_h1_dr,5,0,4,1.0,True,True,True,BUILD,14608.0,6f7e5ee496551ab2bdb10dfa3170ed0e9efa6c1f
604674421,6.0,sig_lead_in_lag+sig_h1_dr,sig_lead_in_lag+sig_h1_dr,3.4420392170548437,7.867283601313829,sig_rs_intact+sig_lead_in_lag+sig_h1_dr,5,0,4,2.0,True,True,True,BUILD,14608.0,6f7e5ee496551ab2bdb10dfa3170ed0e9efa6c1f
118556449,6.0,rsi35-50,rsi35-50,3.497008581832051,6.547780375927687,rsi35-50,4,0,3,1.0,True,True,True,BUILD,128411.0,6f7e5ee496551ab2bdb10dfa3170ed0e9efa6c1f
1624994297,6.0,sig_rs_intact+sig_h1_dr,sig_rs_intact+sig_h1_dr,3.9384891695342956,7.391992531716824,sig_rs_intact+sig_lead_in_lag+sig_h1_dr,5,0,4,4.0,True,True,True,BUILD,36246.0,6f7e5ee496551ab2bdb10dfa3170ed0e9efa6c1f
822537211,6.0,sig_rs_intact+sig_lead_in_lag,sig_rs_intact+sig_lead_in_lag,3.482442958280444,7.687309704720974,sig_lead_in_lag&rs,5,0,4,3.0,True,True,True,BUILD,36079.0,6f7e5ee496551ab2bdb10dfa3170ed0e9efa6c1f
26070387,6.0,sig_rs_intact+sig_conso+sig_lead_in_lag,sig_rs_intact+sig_conso+sig_lead_in_lag,3.31015971750021,7.552024483680725,sig_conso+sig_lead_in_lag,5,0,4,2.0,True,True,True,BUILD,28006.0,6f7e5ee496551ab2bdb10dfa3170ed0e9efa6c1f
358005144,6.0,adx2,adx2,3.9192132838070393,7.1070264503359795,adx2&rs,3,0,2,2.0,True,True,True,BUILD,67800.0,6f7e5ee496551ab2bdb10dfa3170ed0e9efa6c1f
1756252394,6.0,adx1,adx1,2.919821852631867,4.799408390186727,adx1&rs,3,1,1,2.0,True,True,True,BUILD,32487.0,6f7e5ee496551ab2bdb10dfa3170ed0e9efa6c1f
1127541712,6.0,sig_rs_intact+sig_h1_dr,sig_rs_intact+sig_h1_dr,3.9299794702790676,7.391992531716824,sig_rs_intact+sig_lead_in_lag+sig_h1_dr,5,0,4,4.0,True,True,True,BUILD,36246.0,6f7e5ee496551ab2bdb10dfa3170ed0e9efa6c1f
1241056469,6.0,sig_rs_intact+sig_h1_dr,sig_rs_intact+sig_h1_dr,3.9341707713901997,7.391992531716824,sig_rs_intact+sig_lead_in_lag+sig_h1_dr,5,0,4,4.0,True,True,True,BUILD,36246.0,6f7e5ee496551ab2bdb10dfa3170ed0e9efa6c1f
366124970,6.0,sig_rs_intact&rs,sig_rs_intact&rs,3.9204185388982298,7.776055485010147,rsi<35&rs,5,0,4,3.0,True,True,True,BUILD,100425.0,6f7e5ee496551ab2bdb10dfa3170ed0e9efa6c1f
1967568734,6.0,sig_lead_in_lag+sig_macro_vix_up,sig_lead_in_lag+sig_macro_vix_up,3.362889280542731,7.499473676085472,sig_lead_in_lag+sig_macro_vix_up,4,1,2,1.0,True,True,True,BUILD,7087.0,6f7e5ee496551ab2bdb10dfa3170ed0e9efa6c1f
166266809,6.0,adx3,adx3,3.121911990828812,6.42614946141839,adx3,2,0,1,1.0,True,True,True,BUILD,115950.0,6f7e5ee496551ab2bdb10dfa3170ed0e9efa6c1f
1521991453,6.0,sig_conso+sig_lead_in_lag+sig_h1_dr,sig_conso+sig_lead_in_lag+sig_h1_dr,3.3346799574792385,7.673501543700695,sig_conso+sig_lead_in_lag+sig_h1_dr,5,1,3,1.0,True,True,True,BUILD,11489.0,6f7e5ee496551ab2bdb10dfa3170ed0e9efa6c1f
1609864729,6.0,¬sig_h1_dr,¬sig_h1_dr,2.762371318228543,4.717204015702009,¬sig_h1_dr,1,0,0,1.0,True,True,True,BUILD,253221.0,6f7e5ee496551ab2bdb10dfa3170ed0e9efa6c1f
1825026891,6.0,sig_conso,sig_conso,2.7995628386270255,5.737725406885147,sig_conso,3,0,2,1.0,True,True,True,BUILD,211530.0,6f7e5ee496551ab2bdb10dfa3170ed0e9efa6c1f
1062657375,6.0,rsi35-50,rsi35-50,3.4782344501465556,6.547780375927687,rsi35-50,4,0,3,1.0,True,True,True,BUILD,128411.0,6f7e5ee496551ab2bdb10dfa3170ed0e9efa6c1f
1056416383,6.0,adx3&rs,adx3&rs,3.6539131242781875,6.800013169646263,adx3&rs,5,0,4,1.0,True,True,True,BUILD,41432.0,6f7e5ee496551ab2bdb10dfa3170ed0e9efa6c1f
577004116,6.0,rsi<35&rs,rsi<35&rs,3.7655116990208626,9.837442956864834,rsi<35&rs,1,0,0,1.0,True,True,True,BUILD,7505.0,6f7e5ee496551ab2bdb10dfa3170ed0e9efa6c1f
537191705,6.0,sig_conso&rs,sig_conso&rs,3.761265743523836,6.50402982160449,sig_rs_intact+sig_conso,5,0,4,2.0,True,True,True,BUILD,78019.0,6f7e5ee496551ab2bdb10dfa3170ed0e9efa6c1f
722804976,6.0,adx2&rs,adx2&rs,3.6462109608575703,8.188737597316504,adx2&rs,2,0,1,1.0,True,True,True,BUILD,14300.0,6f7e5ee496551ab2bdb10dfa3170ed0e9efa6c1f
1248996683,6.0,rsi<35&rs,rsi<35&rs,3.7780292768031356,9.837442956864834,rsi<35&rs,1,0,0,1.0,True,True,True,BUILD,7505.0,6f7e5ee496551ab2bdb10dfa3170ed0e9efa6c1f
1204884211,6.0,sig_h1_dr&rs,sig_h1_dr&rs,3.924118001013994,7.391992531716824,sig_rs_intact+sig_lead_in_lag+sig_h1_dr,5,0,4,5.0,True,True,True,BUILD,36246.0,6f7e5ee496551ab2bdb10dfa3170ed0e9efa6c1f
1852736515,6.0,sig_conso+sig_lead_in_lag+sig_h1_dr,sig_conso+sig_lead_in_lag+sig_h1_dr,3.4474146226421,7.673501543700695,sig_conso+sig_lead_in_lag+sig_h1_dr,5,1,3,1.0,True,True,True,BUILD,11489.0,6f7e5ee496551ab2bdb10dfa3170ed0e9efa6c1f
821998552,6.0,adx1,adx1,2.84685855731368,4.799408390186727,adx1&rs,3,1,1,2.0,True,True,True,BUILD,32487.0,6f7e5ee496551ab2bdb10dfa3170ed0e9efa6c1f
848948,6.0,rsi50-65,rsi50-65,2.41516200825572,4.978735879063606,rsi50-65,3,0,2,1.0,True,True,True,BUILD,74125.0,6f7e5ee496551ab2bdb10dfa3170ed0e9efa6c1f
2052863978,6.0,sig_conso+sig_lead_in_lag+sig_h1_dr,sig_conso+sig_lead_in_lag+sig_h1_dr,3.379229106940329,7.673501543700695,sig_conso+sig_lead_in_lag+sig_h1_dr,5,1,3,1.0,True,True,True,BUILD,11489.0,6f7e5ee496551ab2bdb10dfa3170ed0e9efa6c1f
1899716059,6.0,sig_lead_in_lag&rs,sig_lead_in_lag&rs,3.4880010038614273,7.687309704720974,sig_lead_in_lag&rs,5,0,4,1.0,True,True,True,BUILD,36079.0,6f7e5ee496551ab2bdb10dfa3170ed0e9efa6c1f
1166462018,6.0,sig_macro_vix_up,sig_macro_vix_up,6.322866812348366,6.380226410925388,sig_lead_in_lag+sig_macro_vix_up,1,0,1,2.0,True,False,False,NOT_PROMOTED,61195.0,6f7e5ee496551ab2bdb10dfa3170ed0e9efa6c1f
1500860233,6.0,sig_rs_intact+sig_lead_in_lag,sig_rs_intact+sig_lead_in_lag,3.428233079612255,7.687309704720974,sig_lead_in_lag&rs,5,0,4,3.0,True,True,True,BUILD,36079.0,6f7e5ee496551ab2bdb10dfa3170ed0e9efa6c1f
574509546,6.0,sig_lead_in_lag+sig_h1_dr,sig_lead_in_lag+sig_h1_dr,3.4641476441174746,7.867283601313829,sig_rs_intact+sig_lead_in_lag+sig_h1_dr,5,0,4,2.0,True,True,True,BUILD,14608.0,6f7e5ee496551ab2bdb10dfa3170ed0e9efa6c1f
416974953,6.0,rsi50-65,rsi50-65,2.4173562817275522,4.978735879063606,rsi50-65,3,0,2,1.0,True,True,True,BUILD,74125.0,6f7e5ee496551ab2bdb10dfa3170ed0e9efa6c1f
1695682903,6.0,adx2,adx2,3.8634618220385164,7.1070264503359795,adx2&rs,3,0,2,2.0,True,True,True,BUILD,67800.0,6f7e5ee496551ab2bdb10dfa3170ed0e9efa6c1f
87506242,6.0,¬sig_rs_intact,¬sig_rs_intact,2.571061870269477,5.260863661766052,¬sig_rs_intact,4,0,3,1.0,True,True,True,BUILD,189042.0,6f7e5ee496551ab2bdb10dfa3170ed0e9efa6c1f
633245128,6.0,sig_conso+sig_lead_in_lag+sig_h1_dr,sig_conso+sig_lead_in_lag+sig_h1_dr,3.271079193800688,7.673501543700695,sig_conso+sig_lead_in_lag+sig_h1_dr,5,1,3,1.0,True,True,True,BUILD,11489.0,6f7e5ee496551ab2bdb10dfa3170ed0e9efa6c1f
860962119,6.0,rsi50-65&rs,rsi50-65&rs,3.0237139388918877,5.51595738530159,rsi50-65&rs,4,0,3,1.0,True,True,True,BUILD,36762.0,6f7e5ee496551ab2bdb10dfa3170ed0e9efa6c1f
1165292139,6.0,rsi>=65,rsi>=65,2.874124040827155,4.380631161853671,rsi>=65,2,1,0,1.0,True,True,True,BUILD,26160.0,6f7e5ee496551ab2bdb10dfa3170ed0e9efa6c1f
897109420,6.0,adx1&rs,adx1&rs,2.998244312405586,5.037550273351371,adx1&rs,2,1,0,1.0,True,True,True,BUILD,22123.0,6f7e5ee496551ab2bdb10dfa3170ed0e9efa6c1f
308392787,6.0,sig_h1_dr,sig_h1_dr,3.873137542977929,7.391992531716824,sig_rs_intact+sig_lead_in_lag+sig_h1_dr,5,0,4,3.0,True,True,True,BUILD,36246.0,6f7e5ee496551ab2bdb10dfa3170ed0e9efa6c1f
1238685830,6.0,adx3,adx3,3.1443203100934625,6.42614946141839,adx3,2,0,1,1.0,True,True,True,BUILD,115950.0,6f7e5ee496551ab2bdb10dfa3170ed0e9efa6c1f
1957828255,6.0,rsi<35&conso,rsi<35&conso,3.9608014933764935,7.587675325572491,rsi<35&rs,3,0,2,2.0,True,True,True,BUILD,33301.0,6f7e5ee496551ab2bdb10dfa3170ed0e9efa6c1f
480408721,6.0,¬sig_rs_intact,¬sig_rs_intact,2.5985346522182224,5.260863661766052,¬sig_rs_intact,4,0,3,1.0,True,True,True,BUILD,189042.0,6f7e5ee496551ab2bdb10dfa3170ed0e9efa6c1f
1381891875,6.0,rsi>=65,rsi>=65,2.7931560203433037,4.380631161853671,rsi>=65,2,1,0,1.0,True,True,True,BUILD,26160.0,6f7e5ee496551ab2bdb10dfa3170ed0e9efa6c1f
422357312,6.0,rsi35-50&conso,rsi35-50&conso,3.4042561545968053,6.492786057293415,rsi35-50&conso,4,0,3,1.0,True,True,True,BUILD,98388.0,6f7e5ee496551ab2bdb10dfa3170ed0e9efa6c1f
1660276193,6.0,sig_lead_in_lag&rs,sig_lead_in_lag&rs,3.492028819397092,7.687309704720974,sig_lead_in_lag&rs,5,0,4,1.0,True,True,True,BUILD,36079.0,6f7e5ee496551ab2bdb10dfa3170ed0e9efa6c1f
8260956,6.0,sig_rs_intact+sig_conso+sig_h1_dr,sig_rs_intact+sig_conso+sig_h1_dr,3.747012550011277,7.280342414975166,sig_conso+sig_lead_in_lag+sig_h1_dr,5,0,4,3.0,True,True,True,BUILD,28630.0,6f7e5ee496551ab2bdb10dfa3170ed0e9efa6c1f
1410866945,6.0,sig_h1_dr,sig_h1_dr,3.9317023049108686,7.391992531716824,sig_rs_intact+sig_lead_in_lag+sig_h1_dr,5,0,4,3.0,True,True,True,BUILD,36246.0,6f7e5ee496551ab2bdb10dfa3170ed0e9efa6c1f
1207743467,6.0,adx2&rs,adx2&rs,3.6237892601639032,8.188737597316504,adx2&rs,2,0,1,1.0,True,True,True,BUILD,14300.0,6f7e5ee496551ab2bdb10dfa3170ed0e9efa6c1f
678297493,6.0,sig_lead_in_lag&rs,sig_lead_in_lag&rs,3.4743726532906294,7.687309704720974,sig_lead_in_lag&rs,5,0,4,1.0,True,True,True,BUILD,36079.0,6f7e5ee496551ab2bdb10dfa3170ed0e9efa6c1f
476621992,6.0,rsi<35&conso,rsi<35&conso,3.9685595594346523,7.587675325572491,rsi<35&rs,3,0,2,2.0,True,True,True,BUILD,33301.0,6f7e5ee496551ab2bdb10dfa3170ed0e9efa6c1f
1332777622,6.0,sig_lead_in_lag,sig_lead_in_lag,3.468751972541213,7.687309704720974,sig_lead_in_lag&rs,5,0,4,2.0,True,True,True,BUILD,36079.0,6f7e5ee496551ab2bdb10dfa3170ed0e9efa6c1f
557069354,6.0,sig_conso+sig_macro_vix_up,sig_conso+sig_macro_vix_up,5.073824333027005,6.492852460592985,sig_conso+sig_macro_vix_up,4,0,3,1.0,True,True,True,BUILD,43278.0,6f7e5ee496551ab2bdb10dfa3170ed0e9efa6c1f
2009178951,6.0,adx3,adx3,3.1916320327669383,6.42614946141839,adx3,2,0,1,1.0,True,True,True,BUILD,115950.0,6f7e5ee496551ab2bdb10dfa3170ed0e9efa6c1f
1623035070,6.0,¬sig_h1_dr,¬sig_h1_dr,2.7221128321252763,4.717204015702009,¬sig_h1_dr,1,0,0,1.0,True,True,True,BUILD,253221.0,6f7e5ee496551ab2bdb10dfa3170ed0e9efa6c1f
1211265584,6.0,rsi<35&rs,rsi<35&rs,3.7902325205504894,9.837442956864834,rsi<35&rs,1,0,0,1.0,True,True,True,BUILD,7505.0,6f7e5ee496551ab2bdb10dfa3170ed0e9efa6c1f
972201505,6.0,¬sig_macro_vix_up,¬sig_macro_vix_up,5.677133187651634,5.677133187651634,¬sig_macro_vix_up,0,0,0,1.0,True,False,False,NOT_PROMOTED,228272.0,6f7e5ee496551ab2bdb10dfa3170ed0e9efa6c1f
191344934,6.0,rsi50-65&rs,rsi50-65&rs,3.0106996392831205,5.51595738530159,rsi50-65&rs,5,0,4,1.0,True,True,True,BUILD,36762.0,6f7e5ee496551ab2bdb10dfa3170ed0e9efa6c1f
1300548837,6.0,adx3&rs,adx3&rs,3.6868129789829256,6.800013169646263,adx3&rs,5,0,4,1.0,True,True,True,BUILD,41432.0,6f7e5ee496551ab2bdb10dfa3170ed0e9efa6c1f
2081914319,6.0,sig_lead_in_lag+sig_macro_vix_up,sig_lead_in_lag+sig_macro_vix_up,3.4065606305375695,7.499473676085472,sig_lead_in_lag+sig_macro_vix_up,4,1,2,1.0,True,True,True,BUILD,7087.0,6f7e5ee496551ab2bdb10dfa3170ed0e9efa6c1f
1926420806,6.0,sig_rs_intact+sig_h1_dr,sig_rs_intact+sig_h1_dr,3.9337266887770967,7.391992531716824,sig_rs_intact+sig_lead_in_lag+sig_h1_dr,5,0,4,4.0,True,True,True,BUILD,36246.0,6f7e5ee496551ab2bdb10dfa3170ed0e9efa6c1f
454850902,6.0,sig_h1_dr,sig_h1_dr,3.8575791500508787,7.391992531716824,sig_rs_intact+sig_lead_in_lag+sig_h1_dr,5,0,4,3.0,True,True,True,BUILD,36246.0,6f7e5ee496551ab2bdb10dfa3170ed0e9efa6c1f
871249315,6.0,sig_conso&rs,sig_conso&rs,3.7837134581059217,6.50402982160449,sig_rs_intact+sig_conso,5,0,4,2.0,True,True,True,BUILD,78019.0,6f7e5ee496551ab2bdb10dfa3170ed0e9efa6c1f
1755473404,6.0,rsi<35&conso,rsi<35&conso,3.995766481384635,7.587675325572491,rsi<35&rs,3,0,2,2.0,True,True,True,BUILD,33301.0,6f7e5ee496551ab2bdb10dfa3170ed0e9efa6c1f
398212023,6.0,sig_conso+sig_lead_in_lag+sig_h1_dr,sig_conso+sig_lead_in_lag+sig_h1_dr,3.338103089481592,7.673501543700695,sig_conso+sig_lead_in_lag+sig_h1_dr,5,1,3,1.0,True,True,True,BUILD,11489.0,6f7e5ee496551ab2bdb10dfa3170ed0e9efa6c1f
454700906,6.0,sig_lead_in_lag+sig_macro_vix_up,sig_lead_in_lag+sig_macro_vix_up,3.345415466465056,7.499473676085472,sig_lead_in_lag+sig_macro_vix_up,4,1,2,1.0,True,True,True,BUILD,7087.0,6f7e5ee496551ab2bdb10dfa3170ed0e9efa6c1f
374750138,6.0,sig_macro_vix_up,sig_macro_vix_up,6.322866812348366,6.380226410925388,sig_lead_in_lag+sig_macro_vix_up,1,0,1,2.0,True,False,False,NOT_PROMOTED,61195.0,6f7e5ee496551ab2bdb10dfa3170ed0e9efa6c1f
