generator,rep,band_p95,best_est,n_clears_band,n_promoted,n_final,pct_lvl0,pct_unchanged,pct_lvl1,pct_lvl2,combolab_freeze
marginal_date_v1,0,3.256809706799686,2.8830675408244133,0,0,0,1.0,0.0,,,6f7e5ee496551ab2bdb10dfa3170ed0e9efa6c1f
marginal_date_v1,1,3.2575051952153444,2.844051644206047,0,0,0,1.0,0.0,,,6f7e5ee496551ab2bdb10dfa3170ed0e9efa6c1f
marginal_date_v1,2,3.2799605559557676,2.8500085696578026,0,0,0,1.0,0.0,,,6f7e5ee496551ab2bdb10dfa3170ed0e9efa6c1f
marginal_date_v1,3,3.2926639495417476,3.1284780241549015,0,0,0,1.0,0.0,,,6f7e5ee496551ab2bdb10dfa3170ed0e9efa6c1f
marginal_date_v1,4,3.260273695923388,3.0358806252479553,0,0,0,1.0,0.0,,,6f7e5ee496551ab2bdb10dfa3170ed0e9efa6c1f
marginal_date_v1,5,3.303351146169007,2.669265028089285,0,0,0,1.0,0.0,,,6f7e5ee496551ab2bdb10dfa3170ed0e9efa6c1f
marginal_date_v1,6,3.2989116571843624,2.8328465297818184,0,0,0,1.0,0.0,,,6f7e5ee496551ab2bdb10dfa3170ed0e9efa6c1f
marginal_date_v1,7,3.3065494569018483,2.666471991688013,0,0,0,1.0,0.0,,,6f7e5ee496551ab2bdb10dfa3170ed0e9efa6c1f
marginal_date_v1,8,3.231117594987154,3.095955215394497,0,0,0,1.0,0.0,,,6f7e5ee496551ab2bdb10dfa3170ed0e9efa6c1f
marginal_date_v1,9,3.2869275705888867,2.8150321915745735,0,0,0,1.0,0.0,,,6f7e5ee496551ab2bdb10dfa3170ed0e9efa6c1f
marginal_date_v1,10,3.217117805033922,2.8732324950397015,0,0,0,1.0,0.0,,,6f7e5ee496551ab2bdb10dfa3170ed0e9efa6c1f
marginal_date_v1,11,3.233091328293085,3.2091213390231133,0,0,0,1.0,0.0,,,6f7e5ee496551ab2bdb10dfa3170ed0e9efa6c1f
marginal_date_v1,12,3.3135378919541836,2.9472018592059612,0,0,0,1.0,0.0,,,6f7e5ee496551ab2bdb10dfa3170ed0e9efa6c1f
marginal_date_v1,13,3.2880446361377835,3.061507176607847,0,0,0,1.0,0.0,,,6f7e5ee496551ab2bdb10dfa3170ed0e9efa6c1f
marginal_date_v1,14,3.2528893975540996,2.8868299908936024,0,0,0,1.0,0.0,,,6f7e5ee496551ab2bdb10dfa3170ed0e9efa6c1f
marginal_date_v1,15,3.2677285466343164,3.297656401991844,1,1,1,1.0,0.0,,,6f7e5ee496551ab2bdb10dfa3170ed0e9efa6c1f
marginal_date_v1,16,3.1916661048308015,3.3061633817851543,1,1,1,1.0,0.0,,,6f7e5ee496551ab2bdb10dfa3170ed0e9efa6c1f
marginal_date_v1,17,3.2493503019213676,2.9440367594361305,0,0,0,1.0,0.0,,,6f7e5ee496551ab2bdb10dfa3170ed0e9efa6c1f
marginal_date_v1,18,3.270090399309993,2.694254368543625,0,0,0,1.0,0.0,,,6f7e5ee496551ab2bdb10dfa3170ed0e9efa6c1f
marginal_date_v1,19,3.2875358080491424,3.2869772985577583,0,0,0,1.0,0.0,,,6f7e5ee496551ab2bdb10dfa3170ed0e9efa6c1f
marginal_date_v1,20,3.210180569440126,3.0368023552000523,0,0,0,1.0,0.0,,,6f7e5ee496551ab2bdb10dfa3170ed0e9efa6c1f
marginal_date_v1,21,3.25908110011369,3.0936107970774174,0,0,0,1.0,0.0,,,6f7e5ee496551ab2bdb10dfa3170ed0e9efa6c1f
marginal_date_v1,22,3.223227267153561,2.831040322780609,0,0,0,1.0,0.0,,,6f7e5ee496551ab2bdb10dfa3170ed0e9efa6c1f
marginal_date_v1,23,3.2492834515869617,2.93741337954998,0,0,0,1.0,0.0,,,6f7e5ee496551ab2bdb10dfa3170ed0e9efa6c1f
marginal_date_v1,24,3.235819791443646,2.792945224791765,0,0,0,1.0,0.0,,,6f7e5ee496551ab2bdb10dfa3170ed0e9efa6c1f
marginal_date_v1,25,3.2023455295711756,2.6183929294347763,0,0,0,1.0,0.0,,,6f7e5ee496551ab2bdb10dfa3170ed0e9efa6c1f
marginal_date_v1,26,3.1971502164378762,2.962587494403124,0,0,0,1.0,0.0,,,6f7e5ee496551ab2bdb10dfa3170ed0e9efa6c1f
marginal_date_v1,27,3.240707549266517,3.0783836729824543,0,0,0,1.0,0.0,,,6f7e5ee496551ab2bdb10dfa3170ed0e9efa6c1f
marginal_date_v1,28,3.202145751565695,3.0610941350460052,0,0,0,1.0,0.0,,,6f7e5ee496551ab2bdb10dfa3170ed0e9efa6c1f
marginal_date_v1,29,3.3223616518080235,3.0701356939971447,0,0,0,1.0,0.0,,,6f7e5ee496551ab2bdb10dfa3170ed0e9efa6c1f
marginal_date_v1,30,3.310064082033932,2.887424174696207,0,0,0,1.0,0.0,,,6f7e5ee496551ab2bdb10dfa3170ed0e9efa6c1f
marginal_date_v1,31,3.2041942002251744,3.001086600124836,0,0,0,1.0,0.0,,,6f7e5ee496551ab2bdb10dfa3170ed0e9efa6c1f
marginal_date_v1,32,3.2265187054872513,3.0997353605926037,0,0,0,1.0,0.0,,,6f7e5ee496551ab2bdb10dfa3170ed0e9efa6c1f
marginal_date_v1,33,3.2715772604569793,2.9046259820461273,0,0,0,1.0,0.0,,,6f7e5ee496551ab2bdb10dfa3170ed0e9efa6c1f
marginal_date_v1,34,3.2858644099906087,2.7814529836177826,0,0,0,1.0,0.0,,,6f7e5ee496551ab2bdb10dfa3170ed0e9efa6c1f
marginal_date_v1,35,3.1860336614772677,2.870816458016634,0,0,0,1.0,0.0,,,6f7e5ee496551ab2bdb10dfa3170ed0e9efa6c1f
marginal_date_v1,36,3.274193275719881,2.807293087244034,0,0,0,1.0,0.0,,,6f7e5ee496551ab2bdb10dfa3170ed0e9efa6c1f
marginal_date_v1,37,3.2660399423912168,2.831158321350813,0,0,0,1.0,0.0,,,6f7e5ee496551ab2bdb10dfa3170ed0e9efa6c1f
marginal_date_v1,38,3.242347720079124,3.0616682954132557,0,0,0,1.0,0.0,,,6f7e5ee496551ab2bdb10dfa3170ed0e9efa6c1f
marginal_date_v1,39,3.271477799862623,2.942526713013649,0,0,0,1.0,0.0,,,6f7e5ee496551ab2bdb10dfa3170ed0e9efa6c1f
marginal_date_v1,40,3.255732376128435,2.79021542519331,0,0,0,1.0,0.0,,,6f7e5ee496551ab2bdb10dfa3170ed0e9efa6c1f
marginal_date_v1,41,3.291646782308817,2.7726607397198677,0,0,0,1.0,0.0,,,6f7e5ee496551ab2bdb10dfa3170ed0e9efa6c1f
marginal_date_v1,42,3.3156825974583626,3.1695707701146603,0,0,0,1.0,0.0,,,6f7e5ee496551ab2bdb10dfa3170ed0e9efa6c1f
marginal_date_v1,43,3.333764444105327,2.8974995017051697,0,0,0,1.0,0.0,,,6f7e5ee496551ab2bdb10dfa3170ed0e9efa6c1f
marginal_date_v1,44,3.2546274038031697,2.9551194980740547,0,0,0,1.0,0.0,,,6f7e5ee496551ab2bdb10dfa3170ed0e9efa6c1f
marginal_date_v1,45,3.2732253801077604,2.476964332163334,0,0,0,1.0,0.0,,,6f7e5ee496551ab2bdb10dfa3170ed0e9efa6c1f
marginal_date_v1,46,3.2557303505018353,3.1701195053756237,0,0,0,1.0,0.0,,,6f7e5ee496551ab2bdb10dfa3170ed0e9efa6c1f
marginal_date_v1,47,3.2834498025476933,2.8039184398949146,0,0,0,1.0,0.0,,,6f7e5ee496551ab2bdb10dfa3170ed0e9efa6c1f
marginal_date_v1,48,3.3136879839003086,3.251613210886717,0,0,0,1.0,0.0,,,6f7e5ee496551ab2bdb10dfa3170ed0e9efa6c1f
marginal_date_v1,49,3.3046745462343097,2.541809342801571,0,0,0,1.0,0.0,,,6f7e5ee496551ab2bdb10dfa3170ed0e9efa6c1f
marginal_date_v1,50,3.2437788508832455,2.7496342547237873,0,0,0,1.0,0.0,,,6f7e5ee496551ab2bdb10dfa3170ed0e9efa6c1f
marginal_date_v1,51,3.228639680892229,2.5947105139493942,0,0,0,1.0,0.0,,,6f7e5ee496551ab2bdb10dfa3170ed0e9efa6c1f
marginal_date_v1,52,3.2574233040213585,2.7510907500982285,0,0,0,1.0,0.0,,,6f7e5ee496551ab2bdb10dfa3170ed0e9efa6c1f
marginal_date_v1,53,3.2337806466966867,2.9010428115725517,0,0,0,1.0,0.0,,,6f7e5ee496551ab2bdb10dfa3170ed0e9efa6c1f
marginal_date_v1,54,3.216594001278281,2.852724865078926,0,0,0,1.0,0.0,,,6f7e5ee496551ab2bdb10dfa3170ed0e9efa6c1f
marginal_date_v1,55,3.291136766783893,2.930333372205496,0,0,0,1.0,0.0,,,6f7e5ee496551ab2bdb10dfa3170ed0e9efa6c1f
marginal_date_v1,56,3.2770961010828614,2.972778957337141,0,0,0,1.0,0.0,,,6f7e5ee496551ab2bdb10dfa3170ed0e9efa6c1f
marginal_date_v1,57,3.1987389037385583,2.9467714950442314,0,0,0,1.0,0.0,,,6f7e5ee496551ab2bdb10dfa3170ed0e9efa6c1f
marginal_date_v1,58,3.2068461971357465,3.173950780183077,0,0,0,1.0,0.0,,,6f7e5ee496551ab2bdb10dfa3170ed0e9efa6c1f
marginal_date_v1,59,3.261546352878213,2.700784895569086,0,0,0,1.0,0.0,,,6f7e5ee496551ab2bdb10dfa3170ed0e9efa6c1f
marginal_date_v1,60,3.238205313682556,2.987792808562517,0,0,0,1.0,0.0,,,6f7e5ee496551ab2bdb10dfa3170ed0e9efa6c1f
marginal_date_v1,61,3.256184016354382,2.943990658968687,0,0,0,1.0,0.0,,,6f7e5ee496551ab2bdb10dfa3170ed0e9efa6c1f
marginal_date_v1,62,3.204908398911357,2.871992811560631,0,0,0,1.0,0.0,,,6f7e5ee496551ab2bdb10dfa3170ed0e9efa6c1f
marginal_date_v1,63,3.2557231839746237,2.7619668282568455,0,0,0,1.0,0.0,,,6f7e5ee496551ab2bdb10dfa3170ed0e9efa6c1f
marginal_date_v1,64,3.283191197551787,2.3947524838149548,0,0,0,1.0,0.0,,,6f7e5ee496551ab2bdb10dfa3170ed0e9efa6c1f
marginal_date_v1,65,3.3355147764086723,3.2902244478464127,0,0,0,1.0,0.0,,,6f7e5ee496551ab2bdb10dfa3170ed0e9efa6c1f
marginal_date_v1,66,3.235649620182812,2.971062995493412,0,0,0,1.0,0.0,,,6f7e5ee496551ab2bdb10dfa3170ed0e9efa6c1f
marginal_date_v1,67,3.247801512479782,2.700811345130205,0,0,0,1.0,0.0,,,6f7e5ee496551ab2bdb10dfa3170ed0e9efa6c1f
marginal_date_v1,68,3.2103627268224955,3.177045378834009,0,0,0,1.0,0.0,,,6f7e5ee496551ab2bdb10dfa3170ed0e9efa6c1f
marginal_date_v1,69,3.2382346224039793,2.8911408968269825,0,0,0,1.0,0.0,,,6f7e5ee496551ab2bdb10dfa3170ed0e9efa6c1f
marginal_date_v1,70,3.2094485964626074,2.622344996780157,0,0,0,1.0,0.0,,,6f7e5ee496551ab2bdb10dfa3170ed0e9efa6c1f
marginal_date_v1,71,3.219162207096815,2.8810054063796997,0,0,0,1.0,0.0,,,6f7e5ee496551ab2bdb10dfa3170ed0e9efa6c1f
marginal_date_v1,72,3.2927610212936997,2.973728347569704,0,0,0,1.0,0.0,,,6f7e5ee496551ab2bdb10dfa3170ed0e9efa6c1f
marginal_date_v1,73,3.3093272242695093,2.981744520366192,0,0,0,1.0,0.0,,,6f7e5ee496551ab2bdb10dfa3170ed0e9efa6c1f
marginal_date_v1,74,3.2273510051891208,3.1754392199218273,0,0,0,1.0,0.0,,,6f7e5ee496551ab2bdb10dfa3170ed0e9efa6c1f
marginal_date_v1,75,3.2603907445445657,2.682321798056364,0,0,0,1.0,0.0,,,6f7e5ee496551ab2bdb10dfa3170ed0e9efa6c1f
marginal_date_v1,76,3.310641869902611,2.6247025467455387,0,0,0,1.0,0.0,,,6f7e5ee496551ab2bdb10dfa3170ed0e9efa6c1f
marginal_date_v1,77,3.246485679410398,3.055309411138296,0,0,0,1.0,0.0,,,6f7e5ee496551ab2bdb10dfa3170ed0e9efa6c1f
marginal_date_v1,78,3.2078079599887133,3.2367734238505363,1,1,1,1.0,0.0,,,6f7e5ee496551ab2bdb10dfa3170ed0e9efa6c1f
marginal_date_v1,79,3.2040284713730216,3.078090585768223,0,0,0,1.0,0.0,,,6f7e5ee496551ab2bdb10dfa3170ed0e9efa6c1f
marginal_date_v1,80,3.271509106270969,2.8002616949379444,0,0,0,1.0,0.0,,,6f7e5ee496551ab2bdb10dfa3170ed0e9efa6c1f
marginal_date_v1,81,3.2553984597325325,2.9792873188853264,0,0,0,1.0,0.0,,,6f7e5ee496551ab2bdb10dfa3170ed0e9efa6c1f
marginal_date_v1,82,3.3066681399941444,2.6246203109622,0,0,0,1.0,0.0,,,6f7e5ee496551ab2bdb10dfa3170ed0e9efa6c1f
marginal_date_v1,83,3.2501894840970635,2.6791416108608246,0,0,0,1.0,0.0,,,6f7e5ee496551ab2bdb10dfa3170ed0e9efa6c1f
marginal_date_v1,84,3.2311378326267004,2.895607892423868,0,0,0,1.0,0.0,,,6f7e5ee496551ab2bdb10dfa3170ed0e9efa6c1f
marginal_date_v1,85,3.310306156054139,2.9706682078540325,0,0,0,1.0,0.0,,,6f7e5ee496551ab2bdb10dfa3170ed0e9efa6c1f
marginal_date_v1,86,3.3177879080176353,3.161323629319668,0,0,0,1.0,0.0,,,6f7e5ee496551ab2bdb10dfa3170ed0e9efa6c1f
marginal_date_v1,87,3.235055049881339,3.367848042398691,1,1,1,1.0,0.0,,,6f7e5ee496551ab2bdb10dfa3170ed0e9efa6c1f
marginal_date_v1,88,3.2890470046550035,2.604346815496683,0,0,0,1.0,0.0,,,6f7e5ee496551ab2bdb10dfa3170ed0e9efa6c1f
marginal_date_v1,89,3.2748049357905984,3.059942554682493,0,0,0,1.0,0.0,,,6f7e5ee496551ab2bdb10dfa3170ed0e9efa6c1f
marginal_date_v1,90,3.247290779836476,2.763558831065893,0,0,0,1.0,0.0,,,6f7e5ee496551ab2bdb10dfa3170ed0e9efa6c1f
marginal_date_v1,91,3.254450624808669,2.8646543622016907,0,0,0,1.0,0.0,,,6f7e5ee496551ab2bdb10dfa3170ed0e9efa6c1f
marginal_date_v1,92,3.2569499872624874,2.995414473116398,0,0,0,1.0,0.0,,,6f7e5ee496551ab2bdb10dfa3170ed0e9efa6c1f
marginal_date_v1,93,3.226253311149776,2.8952516615390778,0,0,0,1.0,0.0,,,6f7e5ee496551ab2bdb10dfa3170ed0e9efa6c1f
marginal_date_v1,94,3.2066309405490756,2.593693695962429,0,0,0,1.0,0.0,,,6f7e5ee496551ab2bdb10dfa3170ed0e9efa6c1f
marginal_date_v1,95,3.2613745657727122,3.0499509535729885,0,0,0,1.0,0.0,,,6f7e5ee496551ab2bdb10dfa3170ed0e9efa6c1f
marginal_date_v1,96,3.2826129952445626,2.9740999452769756,0,0,0,1.0,0.0,,,6f7e5ee496551ab2bdb10dfa3170ed0e9efa6c1f
marginal_date_v1,97,3.2005296275019646,2.8148669749498367,0,0,0,1.0,0.0,,,6f7e5ee496551ab2bdb10dfa3170ed0e9efa6c1f
marginal_date_v1,98,3.2594221038743854,3.122862335294485,0,0,0,1.0,0.0,,,6f7e5ee496551ab2bdb10dfa3170ed0e9efa6c1f
marginal_date_v1,99,3.254996733739972,3.160551656037569,0,0,0,1.0,0.0,,,6f7e5ee496551ab2bdb10dfa3170ed0e9efa6c1f
marginal_date_v1,100,3.2531837187707424,2.985791675746441,0,0,0,1.0,0.0,,,6f7e5ee496551ab2bdb10dfa3170ed0e9efa6c1f
marginal_date_v1,101,3.20329864975065,3.052253555506468,0,0,0,1.0,0.0,,,6f7e5ee496551ab2bdb10dfa3170ed0e9efa6c1f
marginal_date_v1,102,3.2069225842133164,2.8249019756913185,0,0,0,1.0,0.0,,,6f7e5ee496551ab2bdb10dfa3170ed0e9efa6c1f
marginal_date_v1,103,3.2540369126945734,2.9215157963335514,0,0,0,1.0,0.0,,,6f7e5ee496551ab2bdb10dfa3170ed0e9efa6c1f
marginal_date_v1,104,3.2636359008029103,3.0712924897670746,0,0,0,1.0,0.0,,,6f7e5ee496551ab2bdb10dfa3170ed0e9efa6c1f
marginal_date_v1,105,3.268366139382124,3.2097961753606796,0,0,0,1.0,0.0,,,6f7e5ee496551ab2bdb10dfa3170ed0e9efa6c1f
marginal_date_v1,106,3.275769120082259,2.9427715577185154,0,0,0,1.0,0.0,,,6f7e5ee496551ab2bdb10dfa3170ed0e9efa6c1f
marginal_date_v1,107,3.2775487238541245,2.875692117959261,0,0,0,1.0,0.0,,,6f7e5ee496551ab2bdb10dfa3170ed0e9efa6c1f
marginal_date_v1,108,3.194628693163395,3.045397251844406,0,0,0,1.0,0.0,,,6f7e5ee496551ab2bdb10dfa3170ed0e9efa6c1f
marginal_date_v1,109,3.259483454748988,2.6686273515224457,0,0,0,1.0,0.0,,,6f7e5ee496551ab2bdb10dfa3170ed0e9efa6c1f
marginal_date_v1,110,3.2052695471793413,3.1226993538439274,0,0,0,1.0,0.0,,,6f7e5ee496551ab2bdb10dfa3170ed0e9efa6c1f
marginal_date_v1,111,3.226009947247803,3.107264172285795,0,0,0,1.0,0.0,,,6f7e5ee496551ab2bdb10dfa3170ed0e9efa6c1f
marginal_date_v1,112,3.3120987843722105,2.9135474003851414,0,0,0,1.0,0.0,,,6f7e5ee496551ab2bdb10dfa3170ed0e9efa6c1f
marginal_date_v1,113,3.308912217617035,3.1447102315723896,0,0,0,1.0,0.0,,,6f7e5ee496551ab2bdb10dfa3170ed0e9efa6c1f
marginal_date_v1,114,3.2961158268153667,2.9963238164782524,0,0,0,1.0,0.0,,,6f7e5ee496551ab2bdb10dfa3170ed0e9efa6c1f
marginal_date_v1,115,3.3126149652525783,2.9242205433547497,0,0,0,1.0,0.0,,,6f7e5ee496551ab2bdb10dfa3170ed0e9efa6c1f
marginal_date_v1,116,3.223610776476562,2.787689957767725,0,0,0,1.0,0.0,,,6f7e5ee496551ab2bdb10dfa3170ed0e9efa6c1f
marginal_date_v1,117,3.215815839357674,2.859157882630825,0,0,0,1.0,0.0,,,6f7e5ee496551ab2bdb10dfa3170ed0e9efa6c1f
marginal_date_v1,118,3.2345080003142357,2.8095174580812454,0,0,0,1.0,0.0,,,6f7e5ee496551ab2bdb10dfa3170ed0e9efa6c1f
marginal_date_v1,119,3.184047508984804,2.5551581755280495,0,0,0,1.0,0.0,,,6f7e5ee496551ab2bdb10dfa3170ed0e9efa6c1f
marginal_date_v1,120,3.2582297595217824,3.036464098840952,0,0,0,1.0,0.0,,,6f7e5ee496551ab2bdb10dfa3170ed0e9efa6c1f
marginal_date_v1,121,3.2568234391510487,3.3953613601624966,1,1,1,1.0,0.0,,,6f7e5ee496551ab2bdb10dfa3170ed0e9efa6c1f
marginal_date_v1,122,3.250676547177136,2.9116022400557995,0,0,0,1.0,0.0,,,6f7e5ee496551ab2bdb10dfa3170ed0e9efa6c1f
marginal_date_v1,123,3.2408020086586475,3.134315088391304,0,0,0,1.0,0.0,,,6f7e5ee496551ab2bdb10dfa3170ed0e9efa6c1f
marginal_date_v1,124,3.2771668676286936,3.2766553573310375,0,0,0,1.0,0.0,,,6f7e5ee496551ab2bdb10dfa3170ed0e9efa6c1f
marginal_date_v1,125,3.298281552270055,2.4439756758511066,0,0,0,1.0,0.0,,,6f7e5ee496551ab2bdb10dfa3170ed0e9efa6c1f
marginal_date_v1,126,3.2543306425213814,2.929743006825447,0,0,0,1.0,0.0,,,6f7e5ee496551ab2bdb10dfa3170ed0e9efa6c1f
marginal_date_v1,127,3.3051975490525365,3.0772103928029537,0,0,0,1.0,0.0,,,6f7e5ee496551ab2bdb10dfa3170ed0e9efa6c1f
marginal_date_v1,128,3.274035253562033,3.374043945223093,1,1,1,1.0,0.0,,,6f7e5ee496551ab2bdb10dfa3170ed0e9efa6c1f
marginal_date_v1,129,3.1759223202243447,2.4436497129499912,0,0,0,1.0,0.0,,,6f7e5ee496551ab2bdb10dfa3170ed0e9efa6c1f
marginal_date_v1,130,3.295160629786551,2.5761596858501434,0,0,0,1.0,0.0,,,6f7e5ee496551ab2bdb10dfa3170ed0e9efa6c1f
marginal_date_v1,131,3.2782733906060457,2.622657921165228,0,0,0,1.0,0.0,,,6f7e5ee496551ab2bdb10dfa3170ed0e9efa6c1f
marginal_date_v1,132,3.3088733442127705,2.4169298820197582,0,0,0,1.0,0.0,,,6f7e5ee496551ab2bdb10dfa3170ed0e9efa6c1f
marginal_date_v1,133,3.298804424703121,3.2494238577783108,0,0,0,1.0,0.0,,,6f7e5ee496551ab2bdb10dfa3170ed0e9efa6c1f
marginal_date_v1,134,3.278101496398449,3.02982022985816,0,0,0,1.0,0.0,,,6f7e5ee496551ab2bdb10dfa3170ed0e9efa6c1f
marginal_date_v1,135,3.2918524648994207,2.554075326770544,0,0,0,1.0,0.0,,,6f7e5ee496551ab2bdb10dfa3170ed0e9efa6c1f
marginal_date_v1,136,3.3273523719981313,2.851160243153572,0,0,0,1.0,0.0,,,6f7e5ee496551ab2bdb10dfa3170ed0e9efa6c1f
marginal_date_v1,137,3.2213475555181503,3.0781627632677555,0,0,0,1.0,0.0,,,6f7e5ee496551ab2bdb10dfa3170ed0e9efa6c1f
marginal_date_v1,138,3.2369247218593955,2.711938228458166,0,0,0,1.0,0.0,,,6f7e5ee496551ab2bdb10dfa3170ed0e9efa6c1f
marginal_date_v1,139,3.2753414241597056,2.7290903963148594,0,0,0,1.0,0.0,,,6f7e5ee496551ab2bdb10dfa3170ed0e9efa6c1f
marginal_date_v1,140,3.206043695099652,2.9063528403639793,0,0,0,1.0,0.0,,,6f7e5ee496551ab2bdb10dfa3170ed0e9efa6c1f
marginal_date_v1,141,3.2442664029076695,2.6563256978988647,0,0,0,1.0,0.0,,,6f7e5ee496551ab2bdb10dfa3170ed0e9efa6c1f
marginal_date_v1,142,3.2300664018839598,2.8323473408818245,0,0,0,1.0,0.0,,,6f7e5ee496551ab2bdb10dfa3170ed0e9efa6c1f
marginal_date_v1,143,3.251745644956827,2.5280327536165714,0,0,0,1.0,0.0,,,6f7e5ee496551ab2bdb10dfa3170ed0e9efa6c1f
marginal_date_v1,144,3.276981394737959,2.98025906085968,0,0,0,1.0,0.0,,,6f7e5ee496551ab2bdb10dfa3170ed0e9efa6c1f
marginal_date_v1,145,3.212521164678037,2.6891334913671017,0,0,0,1.0,0.0,,,6f7e5ee496551ab2bdb10dfa3170ed0e9efa6c1f
marginal_date_v1,146,3.237738865427673,2.7725310064852238,0,0,0,1.0,0.0,,,6f7e5ee496551ab2bdb10dfa3170ed0e9efa6c1f
marginal_date_v1,147,3.2150409603491426,2.805829793214798,0,0,0,1.0,0.0,,,6f7e5ee496551ab2bdb10dfa3170ed0e9efa6c1f
marginal_date_v1,148,3.2297054398804903,3.0946522019803524,0,0,0,1.0,0.0,,,6f7e5ee496551ab2bdb10dfa3170ed0e9efa6c1f
marginal_date_v1,149,3.185059535317123,2.7018572203814983,0,0,0,1.0,0.0,,,6f7e5ee496551ab2bdb10dfa3170ed0e9efa6c1f
marginal_date_v1,150,3.225049478933215,3.064690437167883,0,0,0,1.0,0.0,,,6f7e5ee496551ab2bdb10dfa3170ed0e9efa6c1f
marginal_date_v1,151,3.2618322782218456,2.5759204290807247,0,0,0,1.0,0.0,,,6f7e5ee496551ab2bdb10dfa3170ed0e9efa6c1f
marginal_date_v1,152,3.2622306561097503,2.8129897080361843,0,0,0,1.0,0.0,,,6f7e5ee496551ab2bdb10dfa3170ed0e9efa6c1f
marginal_date_v1,153,3.259392506442964,2.750334795564413,0,0,0,1.0,0.0,,,6f7e5ee496551ab2bdb10dfa3170ed0e9efa6c1f
marginal_date_v1,154,3.249841909855604,3.3844509162008762,1,1,1,1.0,0.0,,,6f7e5ee496551ab2bdb10dfa3170ed0e9efa6c1f
marginal_date_v1,155,3.2835932541638613,3.049823921173811,0,0,0,1.0,0.0,,,6f7e5ee496551ab2bdb10dfa3170ed0e9efa6c1f
marginal_date_v1,156,3.2419969514012337,3.07485805824399,0,0,0,1.0,0.0,,,6f7e5ee496551ab2bdb10dfa3170ed0e9efa6c1f
marginal_date_v1,157,3.2350700814276934,2.899577561765909,0,0,0,1.0,0.0,,,6f7e5ee496551ab2bdb10dfa3170ed0e9efa6c1f
marginal_date_v1,158,3.2070781104266644,2.9392853379249573,0,0,0,1.0,0.0,,,6f7e5ee496551ab2bdb10dfa3170ed0e9efa6c1f
marginal_date_v1,159,3.253114204853773,3.1418084166944027,0,0,0,1.0,0.0,,,6f7e5ee496551ab2bdb10dfa3170ed0e9efa6c1f
marginal_date_v1,160,3.209226573817432,2.86939712241292,0,0,0,1.0,0.0,,,6f7e5ee496551ab2bdb10dfa3170ed0e9efa6c1f
marginal_date_v1,161,3.22925650049001,2.927050366997719,0,0,0,1.0,0.0,,,6f7e5ee496551ab2bdb10dfa3170ed0e9efa6c1f
marginal_date_v1,162,3.27289124019444,2.7502541430294514,0,0,0,1.0,0.0,,,6f7e5ee496551ab2bdb10dfa3170ed0e9efa6c1f
marginal_date_v1,163,3.3206845493987203,2.9216705821454525,0,0,0,1.0,0.0,,,6f7e5ee496551ab2bdb10dfa3170ed0e9efa6c1f
marginal_date_v1,164,3.202616204507649,3.0954379588365555,0,0,0,1.0,0.0,,,6f7e5ee496551ab2bdb10dfa3170ed0e9efa6c1f
marginal_date_v1,165,3.275800789706409,2.686407696455717,0,0,0,1.0,0.0,,,6f7e5ee496551ab2bdb10dfa3170ed0e9efa6c1f
marginal_date_v1,166,3.237426308915019,2.9278432950377464,0,0,0,1.0,0.0,,,6f7e5ee496551ab2bdb10dfa3170ed0e9efa6c1f
marginal_date_v1,167,3.204666245728731,2.89675984531641,0,0,0,1.0,0.0,,,6f7e5ee496551ab2bdb10dfa3170ed0e9efa6c1f
marginal_date_v1,168,3.192564840428531,3.3110039308667183,1,1,1,1.0,0.0,,,6f7e5ee496551ab2bdb10dfa3170ed0e9efa6c1f
marginal_date_v1,169,3.279550285078585,2.973570115864277,0,0,0,1.0,0.0,,,6f7e5ee496551ab2bdb10dfa3170ed0e9efa6c1f
marginal_date_v1,170,3.243402987718582,2.9329387471079826,0,0,0,1.0,0.0,,,6f7e5ee496551ab2bdb10dfa3170ed0e9efa6c1f
marginal_date_v1,171,3.236732352524996,2.7653167955577374,0,0,0,1.0,0.0,,,6f7e5ee496551ab2bdb10dfa3170ed0e9efa6c1f
marginal_date_v1,172,3.275384190492332,2.8831264935433865,0,0,0,1.0,0.0,,,6f7e5ee496551ab2bdb10dfa3170ed0e9efa6c1f
marginal_date_v1,173,3.281536060385406,2.9953498393297195,0,0,0,1.0,0.0,,,6f7e5ee496551ab2bdb10dfa3170ed0e9efa6c1f
marginal_date_v1,174,3.2426280481740832,2.6822036132216454,0,0,0,1.0,0.0,,,6f7e5ee496551ab2bdb10dfa3170ed0e9efa6c1f
marginal_date_v1,175,3.323725941590965,2.98853125423193,0,0,0,1.0,0.0,,,6f7e5ee496551ab2bdb10dfa3170ed0e9efa6c1f
marginal_date_v1,176,3.286116891540587,3.2393227331340313,0,0,0,1.0,0.0,,,6f7e5ee496551ab2bdb10dfa3170ed0e9efa6c1f
marginal_date_v1,177,3.3325174264609814,2.6968312449753284,0,0,0,1.0,0.0,,,6f7e5ee496551ab2bdb10dfa3170ed0e9efa6c1f
marginal_date_v1,178,3.1985462782904506,2.8768688440322876,0,0,0,1.0,0.0,,,6f7e5ee496551ab2bdb10dfa3170ed0e9efa6c1f
marginal_date_v1,179,3.262464627623558,2.867835946381092,0,0,0,1.0,0.0,,,6f7e5ee496551ab2bdb10dfa3170ed0e9efa6c1f
marginal_date_v1,180,3.2432667864486575,2.900209464132786,0,0,0,1.0,0.0,,,6f7e5ee496551ab2bdb10dfa3170ed0e9efa6c1f
marginal_date_v1,181,3.2571401726454496,3.012030478566885,0,0,0,1.0,0.0,,,6f7e5ee496551ab2bdb10dfa3170ed0e9efa6c1f
marginal_date_v1,182,3.294693874195218,3.156258910894394,0,0,0,1.0,0.0,,,6f7e5ee496551ab2bdb10dfa3170ed0e9efa6c1f
marginal_date_v1,183,3.258357420563698,2.811842132359743,0,0,0,1.0,0.0,,,6f7e5ee496551ab2bdb10dfa3170ed0e9efa6c1f
marginal_date_v1,184,3.269063183106482,2.8471524827182293,0,0,0,1.0,0.0,,,6f7e5ee496551ab2bdb10dfa3170ed0e9efa6c1f
marginal_date_v1,185,3.280110778287053,3.323946613818407,1,1,1,1.0,0.0,,,6f7e5ee496551ab2bdb10dfa3170ed0e9efa6c1f
marginal_date_v1,186,3.292769161053002,2.9909771867096424,0,0,0,1.0,0.0,,,6f7e5ee496551ab2bdb10dfa3170ed0e9efa6c1f
marginal_date_v1,187,3.2753053354099393,2.899042423814535,0,0,0,1.0,0.0,,,6f7e5ee496551ab2bdb10dfa3170ed0e9efa6c1f
marginal_date_v1,188,3.2561364909633994,3.3247744664549828,1,1,1,1.0,0.0,,,6f7e5ee496551ab2bdb10dfa3170ed0e9efa6c1f
marginal_date_v1,189,3.260227511636913,2.6903068646788597,0,0,0,1.0,0.0,,,6f7e5ee496551ab2bdb10dfa3170ed0e9efa6c1f
marginal_date_v1,190,3.232003776356578,2.6560979895293713,0,0,0,1.0,0.0,,,6f7e5ee496551ab2bdb10dfa3170ed0e9efa6c1f
marginal_date_v1,191,3.22428819257766,2.9972823336720467,0,0,0,1.0,0.0,,,6f7e5ee496551ab2bdb10dfa3170ed0e9efa6c1f
marginal_date_v1,192,3.2075507938861847,3.169594518840313,0,0,0,1.0,0.0,,,6f7e5ee496551ab2bdb10dfa3170ed0e9efa6c1f
marginal_date_v1,193,3.291066102683544,3.0790616758167744,0,0,0,1.0,0.0,,,6f7e5ee496551ab2bdb10dfa3170ed0e9efa6c1f
marginal_date_v1,194,3.2613478135317564,3.2088312320411205,0,0,0,1.0,0.0,,,6f7e5ee496551ab2bdb10dfa3170ed0e9efa6c1f
marginal_date_v1,195,3.249699454754591,3.1206795014441013,0,0,0,1.0,0.0,,,6f7e5ee496551ab2bdb10dfa3170ed0e9efa6c1f
marginal_date_v1,196,3.272864301688969,2.8768884018063545,0,0,0,1.0,0.0,,,6f7e5ee496551ab2bdb10dfa3170ed0e9efa6c1f
marginal_date_v1,197,3.2271186215803027,2.9607748612761497,0,0,0,1.0,0.0,,,6f7e5ee496551ab2bdb10dfa3170ed0e9efa6c1f
marginal_date_v1,198,3.1891596131026745,3.199388924986124,1,1,1,1.0,0.0,,,6f7e5ee496551ab2bdb10dfa3170ed0e9efa6c1f
marginal_date_v1,199,3.309974023140967,2.7123804204165936,0,0,0,1.0,0.0,,,6f7e5ee496551ab2bdb10dfa3170ed0e9efa6c1f
conditional_hierarchical_setup_v1,0,3.2244085194543004,3.220503870397806,0,0,0,0.9288865397437359,6.563787927466689e-05,0.07104782237698944,,6f7e5ee496551ab2bdb10dfa3170ed0e9efa6c1f
conditional_hierarchical_setup_v1,1,3.268759408965707,3.0329111963510513,0,0,0,0.9288865397437359,6.563787927466689e-05,0.07104782237698944,,6f7e5ee496551ab2bdb10dfa3170ed0e9efa6c1f
conditional_hierarchical_setup_v1,2,3.1975869787856936,3.031779546290636,0,0,0,0.9288865397437359,6.563787927466689e-05,0.07104782237698944,,6f7e5ee496551ab2bdb10dfa3170ed0e9efa6c1f
conditional_hierarchical_setup_v1,3,3.3124547731131315,3.484997898340225,1,1,1,0.9288865397437359,6.563787927466689e-05,0.07104782237698944,,6f7e5ee496551ab2bdb10dfa3170ed0e9efa6c1f
conditional_hierarchical_setup_v1,4,3.2432604441419244,3.057020716369152,0,0,0,0.9288865397437359,6.563787927466689e-05,0.07104782237698944,,6f7e5ee496551ab2bdb10dfa3170ed0e9efa6c1f
conditional_hierarchical_setup_v1,5,3.3250166988000274,3.3363486640155315,1,1,1,0.9288865397437359,6.563787927466689e-05,0.07104782237698944,,6f7e5ee496551ab2bdb10dfa3170ed0e9efa6c1f
conditional_hierarchical_setup_v1,6,3.207655814476311,3.10202119871974,0,0,0,0.9288865397437359,6.563787927466689e-05,0.07104782237698944,,6f7e5ee496551ab2bdb10dfa3170ed0e9efa6c1f
conditional_hierarchical_setup_v1,7,3.253680830821395,3.092943411320448,0,0,0,0.9288865397437359,6.563787927466689e-05,0.07104782237698944,,6f7e5ee496551ab2bdb10dfa3170ed0e9efa6c1f
conditional_hierarchical_setup_v1,8,3.239161428064108,3.327449969947338,1,1,1,0.9288865397437359,6.563787927466689e-05,0.07104782237698944,,6f7e5ee496551ab2bdb10dfa3170ed0e9efa6c1f
conditional_hierarchical_setup_v1,9,3.316079080104828,3.1154049560427666,0,0,0,0.9288865397437359,6.563787927466689e-05,0.07104782237698944,,6f7e5ee496551ab2bdb10dfa3170ed0e9efa6c1f
conditional_hierarchical_setup_v1,10,3.2545972894877195,3.154215682297945,0,0,0,0.9288865397437359,6.563787927466689e-05,0.07104782237698944,,6f7e5ee496551ab2bdb10dfa3170ed0e9efa6c1f
conditional_hierarchical_setup_v1,11,3.2359142415225506,3.471831511706114,1,1,1,0.9288865397437359,6.563787927466689e-05,0.07104782237698944,,6f7e5ee496551ab2bdb10dfa3170ed0e9efa6c1f
conditional_hierarchical_setup_v1,12,3.289963137358427,3.481799177825451,1,1,1,0.9288865397437359,6.563787927466689e-05,0.07104782237698944,,6f7e5ee496551ab2bdb10dfa3170ed0e9efa6c1f
conditional_hierarchical_setup_v1,13,3.2678392436355352,3.1891432590782642,0,0,0,0.9288865397437359,6.563787927466689e-05,0.07104782237698944,,6f7e5ee496551ab2bdb10dfa3170ed0e9efa6c1f
conditional_hierarchical_setup_v1,14,3.2462210999801755,3.453880548477173,1,1,1,0.9288865397437359,6.563787927466689e-05,0.07104782237698944,,6f7e5ee496551ab2bdb10dfa3170ed0e9efa6c1f
conditional_hierarchical_setup_v1,15,3.2789838360622525,3.188989032059908,0,0,0,0.9288865397437359,6.563787927466689e-05,0.07104782237698944,,6f7e5ee496551ab2bdb10dfa3170ed0e9efa6c1f
conditional_hierarchical_setup_v1,16,3.243725886568427,3.4826566465198994,1,1,1,0.9288865397437359,6.563787927466689e-05,0.07104782237698944,,6f7e5ee496551ab2bdb10dfa3170ed0e9efa6c1f
conditional_hierarchical_setup_v1,17,3.2833240274339914,3.4519925713539124,1,1,1,0.9288865397437359,6.563787927466689e-05,0.07104782237698944,,6f7e5ee496551ab2bdb10dfa3170ed0e9efa6c1f
conditional_hierarchical_setup_v1,18,3.228005114942789,3.4494428895413876,1,1,1,0.9288865397437359,6.563787927466689e-05,0.07104782237698944,,6f7e5ee496551ab2bdb10dfa3170ed0e9efa6c1f
conditional_hierarchical_setup_v1,19,3.1606878619641066,2.990157064050436,0,0,0,0.9288865397437359,6.563787927466689e-05,0.07104782237698944,,6f7e5ee496551ab2bdb10dfa3170ed0e9efa6c1f
conditional_hierarchical_setup_v1,20,3.2852592831477523,3.3320268616080284,1,1,1,0.9288865397437359,6.563787927466689e-05,0.07104782237698944,,6f7e5ee496551ab2bdb10dfa3170ed0e9efa6c1f
conditional_hierarchical_setup_v1,21,3.209029478020966,3.2324529252946377,1,1,1,0.9288865397437359,6.563787927466689e-05,0.07104782237698944,,6f7e5ee496551ab2bdb10dfa3170ed0e9efa6c1f
conditional_hierarchical_setup_v1,22,3.3129735430702567,3.207063302397728,0,0,0,0.9288865397437359,6.563787927466689e-05,0.07104782237698944,,6f7e5ee496551ab2bdb10dfa3170ed0e9efa6c1f
conditional_hierarchical_setup_v1,23,3.2275669369846582,3.4190045669674873,1,1,1,0.9288865397437359,6.563787927466689e-05,0.07104782237698944,,6f7e5ee496551ab2bdb10dfa3170ed0e9efa6c1f
conditional_hierarchical_setup_v1,24,3.3088050736114383,3.2109247520565987,0,0,0,0.9288865397437359,6.563787927466689e-05,0.07104782237698944,,6f7e5ee496551ab2bdb10dfa3170ed0e9efa6c1f
conditional_hierarchical_setup_v1,25,3.258599480614066,3.242237586528063,0,0,0,0.9288865397437359,6.563787927466689e-05,0.07104782237698944,,6f7e5ee496551ab2bdb10dfa3170ed0e9efa6c1f
conditional_hierarchical_setup_v1,26,3.304133201017976,3.210996836423874,0,0,0,0.9288865397437359,6.563787927466689e-05,0.07104782237698944,,6f7e5ee496551ab2bdb10dfa3170ed0e9efa6c1f
conditional_hierarchical_setup_v1,27,3.3343048114329576,3.3129606395959854,0,0,0,0.9288865397437359,6.563787927466689e-05,0.07104782237698944,,6f7e5ee496551ab2bdb10dfa3170ed0e9efa6c1f
conditional_hierarchical_setup_v1,28,3.2212443463504314,3.342766873538494,1,1,1,0.9288865397437359,6.563787927466689e-05,0.07104782237698944,,6f7e5ee496551ab2bdb10dfa3170ed0e9efa6c1f
conditional_hierarchical_setup_v1,29,3.2970413891598582,2.8149498626589775,0,0,0,0.9288865397437359,6.563787927466689e-05,0.07104782237698944,,6f7e5ee496551ab2bdb10dfa3170ed0e9efa6c1f
conditional_hierarchical_setup_v1,30,3.281743093393743,3.3021469600498676,1,1,1,0.9288865397437359,6.563787927466689e-05,0.07104782237698944,,6f7e5ee496551ab2bdb10dfa3170ed0e9efa6c1f
conditional_hierarchical_setup_v1,31,3.228432172909379,3.2974446192383766,1,1,1,0.9288865397437359,6.563787927466689e-05,0.07104782237698944,,6f7e5ee496551ab2bdb10dfa3170ed0e9efa6c1f
conditional_hierarchical_setup_v1,32,3.2379783876240253,3.3335507847368717,1,1,1,0.9288865397437359,6.563787927466689e-05,0.07104782237698944,,6f7e5ee496551ab2bdb10dfa3170ed0e9efa6c1f
conditional_hierarchical_setup_v1,33,3.2728990633040667,3.280019201338291,1,1,1,0.9288865397437359,6.563787927466689e-05,0.07104782237698944,,6f7e5ee496551ab2bdb10dfa3170ed0e9efa6c1f
conditional_hierarchical_setup_v1,34,3.2867205794900656,2.8917531482875347,0,0,0,0.9288865397437359,6.563787927466689e-05,0.07104782237698944,,6f7e5ee496551ab2bdb10dfa3170ed0e9efa6c1f
conditional_hierarchical_setup_v1,35,3.2158959098160267,3.3454266376793385,1,1,1,0.9288865397437359,6.563787927466689e-05,0.07104782237698944,,6f7e5ee496551ab2bdb10dfa3170ed0e9efa6c1f
conditional_hierarchical_setup_v1,36,3.2330437749624252,3.138372302055359,0,0,0,0.9288865397437359,6.563787927466689e-05,0.07104782237698944,,6f7e5ee496551ab2bdb10dfa3170ed0e9efa6c1f
conditional_hierarchical_setup_v1,37,3.311356189660728,2.990107797086239,0,0,0,0.9288865397437359,6.563787927466689e-05,0.07104782237698944,,6f7e5ee496551ab2bdb10dfa3170ed0e9efa6c1f
conditional_hierarchical_setup_v1,38,3.263522149063647,3.2145953737199306,0,0,0,0.9288865397437359,6.563787927466689e-05,0.07104782237698944,,6f7e5ee496551ab2bdb10dfa3170ed0e9efa6c1f
conditional_hierarchical_setup_v1,39,3.2341777300462127,3.289428446441889,1,1,1,0.9288865397437359,6.563787927466689e-05,0.07104782237698944,,6f7e5ee496551ab2bdb10dfa3170ed0e9efa6c1f
conditional_hierarchical_setup_v1,40,3.288825531490147,3.204616717994213,0,0,0,0.9288865397437359,6.563787927466689e-05,0.07104782237698944,,6f7e5ee496551ab2bdb10dfa3170ed0e9efa6c1f
conditional_hierarchical_setup_v1,41,3.2184538384899497,3.0772103928029537,0,0,0,0.9288865397437359,6.563787927466689e-05,0.07104782237698944,,6f7e5ee496551ab2bdb10dfa3170ed0e9efa6c1f
conditional_hierarchical_setup_v1,42,3.2246858859434724,3.43510415405035,1,1,1,0.9288865397437359,6.563787927466689e-05,0.07104782237698944,,6f7e5ee496551ab2bdb10dfa3170ed0e9efa6c1f
conditional_hierarchical_setup_v1,43,3.24269431643188,3.2862601801753044,1,1,1,0.9288865397437359,6.563787927466689e-05,0.07104782237698944,,6f7e5ee496551ab2bdb10dfa3170ed0e9efa6c1f
conditional_hierarchical_setup_v1,44,3.2629559421911836,3.4017247147858143,1,1,1,0.9288865397437359,6.563787927466689e-05,0.07104782237698944,,6f7e5ee496551ab2bdb10dfa3170ed0e9efa6c1f
conditional_hierarchical_setup_v1,45,3.2601223373785615,3.1970744021236897,0,0,0,0.9288865397437359,6.563787927466689e-05,0.07104782237698944,,6f7e5ee496551ab2bdb10dfa3170ed0e9efa6c1f
conditional_hierarchical_setup_v1,46,3.262913031503558,3.479873947799206,1,1,1,0.9288865397437359,6.563787927466689e-05,0.07104782237698944,,6f7e5ee496551ab2bdb10dfa3170ed0e9efa6c1f
conditional_hierarchical_setup_v1,47,3.2837847294285893,3.024663496762514,0,0,0,0.9288865397437359,6.563787927466689e-05,0.07104782237698944,,6f7e5ee496551ab2bdb10dfa3170ed0e9efa6c1f
conditional_hierarchical_setup_v1,48,3.2635059347376227,3.1348331831395626,0,0,0,0.9288865397437359,6.563787927466689e-05,0.07104782237698944,,6f7e5ee496551ab2bdb10dfa3170ed0e9efa6c1f
conditional_hierarchical_setup_v1,49,3.283133525401354,3.3891732804477215,1,1,1,0.9288865397437359,6.563787927466689e-05,0.07104782237698944,,6f7e5ee496551ab2bdb10dfa3170ed0e9efa6c1f
conditional_hierarchical_setup_v1,50,3.3230511052533984,3.2600736245512962,0,0,0,0.9288865397437359,6.563787927466689e-05,0.07104782237698944,,6f7e5ee496551ab2bdb10dfa3170ed0e9efa6c1f
conditional_hierarchical_setup_v1,51,3.22455161716789,3.182751964777708,0,0,0,0.9288865397437359,6.563787927466689e-05,0.07104782237698944,,6f7e5ee496551ab2bdb10dfa3170ed0e9efa6c1f
conditional_hierarchical_setup_v1,52,3.283683923073113,3.2775068655610085,0,0,0,0.9288865397437359,6.563787927466689e-05,0.07104782237698944,,6f7e5ee496551ab2bdb10dfa3170ed0e9efa6c1f
conditional_hierarchical_setup_v1,53,3.2844805251806974,3.3127031289041042,1,1,1,0.9288865397437359,6.563787927466689e-05,0.07104782237698944,,6f7e5ee496551ab2bdb10dfa3170ed0e9efa6c1f
conditional_hierarchical_setup_v1,54,3.272440773434937,3.3217194490134716,1,1,1,0.9288865397437359,6.563787927466689e-05,0.07104782237698944,,6f7e5ee496551ab2bdb10dfa3170ed0e9efa6c1f
conditional_hierarchical_setup_v1,55,3.213174846023321,3.435417078435421,1,1,1,0.9288865397437359,6.563787927466689e-05,0.07104782237698944,,6f7e5ee496551ab2bdb10dfa3170ed0e9efa6c1f
conditional_hierarchical_setup_v1,56,3.25389820151031,3.4174522385001183,1,1,1,0.9288865397437359,6.563787927466689e-05,0.07104782237698944,,6f7e5ee496551ab2bdb10dfa3170ed0e9efa6c1f
conditional_hierarchical_setup_v1,57,3.247980745509267,3.600411769002676,1,1,1,0.9288865397437359,6.563787927466689e-05,0.07104782237698944,,6f7e5ee496551ab2bdb10dfa3170ed0e9efa6c1f
conditional_hierarchical_setup_v1,58,3.2634099014103413,3.210996836423874,0,0,0,0.9288865397437359,6.563787927466689e-05,0.07104782237698944,,6f7e5ee496551ab2bdb10dfa3170ed0e9efa6c1f
conditional_hierarchical_setup_v1,59,3.2608505245298147,3.4117501229047775,1,1,1,0.9288865397437359,6.563787927466689e-05,0.07104782237698944,,6f7e5ee496551ab2bdb10dfa3170ed0e9efa6c1f
conditional_hierarchical_setup_v1,60,3.2366231828927994,3.1631062738597393,0,0,0,0.9288865397437359,6.563787927466689e-05,0.07104782237698944,,6f7e5ee496551ab2bdb10dfa3170ed0e9efa6c1f
conditional_hierarchical_setup_v1,61,3.261931105516851,3.2536995597183704,0,0,0,0.9288865397437359,6.563787927466689e-05,0.07104782237698944,,6f7e5ee496551ab2bdb10dfa3170ed0e9efa6c1f
conditional_hierarchical_setup_v1,62,3.2375933742150664,3.740157373249531,1,1,1,0.9288865397437359,6.563787927466689e-05,0.07104782237698944,,6f7e5ee496551ab2bdb10dfa3170ed0e9efa6c1f
conditional_hierarchical_setup_v1,63,3.276718039996922,2.9378806240856647,0,0,0,0.9288865397437359,6.563787927466689e-05,0.07104782237698944,,6f7e5ee496551ab2bdb10dfa3170ed0e9efa6c1f
conditional_hierarchical_setup_v1,64,3.24146281927824,3.1290671788156033,0,0,0,0.9288865397437359,6.563787927466689e-05,0.07104782237698944,,6f7e5ee496551ab2bdb10dfa3170ed0e9efa6c1f
conditional_hierarchical_setup_v1,65,3.261504997499287,3.0878398567438126,0,0,0,0.9288865397437359,6.563787927466689e-05,0.07104782237698944,,6f7e5ee496551ab2bdb10dfa3170ed0e9efa6c1f
conditional_hierarchical_setup_v1,66,3.341322406195104,3.3077504485845566,0,0,0,0.9288865397437359,6.563787927466689e-05,0.07104782237698944,,6f7e5ee496551ab2bdb10dfa3170ed0e9efa6c1f
conditional_hierarchical_setup_v1,67,3.2306114491075277,3.319138567894697,1,1,1,0.9288865397437359,6.563787927466689e-05,0.07104782237698944,,6f7e5ee496551ab2bdb10dfa3170ed0e9efa6c1f
conditional_hierarchical_setup_v1,68,3.289345186203718,3.2592186704277992,0,0,0,0.9288865397437359,6.563787927466689e-05,0.07104782237698944,,6f7e5ee496551ab2bdb10dfa3170ed0e9efa6c1f
conditional_hierarchical_setup_v1,69,3.2671632012352347,2.9910833574831486,0,0,0,0.9288865397437359,6.563787927466689e-05,0.07104782237698944,,6f7e5ee496551ab2bdb10dfa3170ed0e9efa6c1f
conditional_hierarchical_setup_v1,70,3.237272063270211,3.085673414170742,0,0,0,0.9288865397437359,6.563787927466689e-05,0.07104782237698944,,6f7e5ee496551ab2bdb10dfa3170ed0e9efa6c1f
conditional_hierarchical_setup_v1,71,3.251624070107937,3.0757191590964794,0,0,0,0.9288865397437359,6.563787927466689e-05,0.07104782237698944,,6f7e5ee496551ab2bdb10dfa3170ed0e9efa6c1f
conditional_hierarchical_setup_v1,72,3.1939422711730003,2.8848224319517612,0,0,0,0.9288865397437359,6.563787927466689e-05,0.07104782237698944,,6f7e5ee496551ab2bdb10dfa3170ed0e9efa6c1f
conditional_hierarchical_setup_v1,73,3.1824678368866444,3.3952338621020317,1,1,1,0.9288865397437359,6.563787927466689e-05,0.07104782237698944,,6f7e5ee496551ab2bdb10dfa3170ed0e9efa6c1f
conditional_hierarchical_setup_v1,74,3.2518720580264926,3.2294120639562607,0,0,0,0.9288865397437359,6.563787927466689e-05,0.07104782237698944,,6f7e5ee496551ab2bdb10dfa3170ed0e9efa6c1f
conditional_hierarchical_setup_v1,75,3.2900262204930186,3.358115814626217,1,1,1,0.9288865397437359,6.563787927466689e-05,0.07104782237698944,,6f7e5ee496551ab2bdb10dfa3170ed0e9efa6c1f
conditional_hierarchical_setup_v1,76,3.2506499579176307,3.052639216184616,0,0,0,0.9288865397437359,6.563787927466689e-05,0.07104782237698944,,6f7e5ee496551ab2bdb10dfa3170ed0e9efa6c1f
conditional_hierarchical_setup_v1,77,3.2119985530152917,3.349225874990225,1,1,1,0.9288865397437359,6.563787927466689e-05,0.07104782237698944,,6f7e5ee496551ab2bdb10dfa3170ed0e9efa6c1f
conditional_hierarchical_setup_v1,78,3.2758085429668427,3.0347196385264397,0,0,0,0.9288865397437359,6.563787927466689e-05,0.07104782237698944,,6f7e5ee496551ab2bdb10dfa3170ed0e9efa6c1f
conditional_hierarchical_setup_v1,79,3.259285748936236,3.347618132829666,1,1,1,0.9288865397437359,6.563787927466689e-05,0.07104782237698944,,6f7e5ee496551ab2bdb10dfa3170ed0e9efa6c1f
conditional_hierarchical_setup_v1,80,3.2229197025299072,3.5443690605461597,1,1,1,0.9288865397437359,6.563787927466689e-05,0.07104782237698944,,6f7e5ee496551ab2bdb10dfa3170ed0e9efa6c1f
conditional_hierarchical_setup_v1,81,3.310853401198983,3.4324385225772858,1,1,1,0.9288865397437359,6.563787927466689e-05,0.07104782237698944,,6f7e5ee496551ab2bdb10dfa3170ed0e9efa6c1f
conditional_hierarchical_setup_v1,82,3.2543231220915914,3.308276180177927,1,1,1,0.9288865397437359,6.563787927466689e-05,0.07104782237698944,,6f7e5ee496551ab2bdb10dfa3170ed0e9efa6c1f
conditional_hierarchical_setup_v1,83,3.293047333136201,3.105048183351755,0,0,0,0.9288865397437359,6.563787927466689e-05,0.07104782237698944,,6f7e5ee496551ab2bdb10dfa3170ed0e9efa6c1f
conditional_hierarchical_setup_v1,84,3.3220961317420006,3.287316858768463,0,0,0,0.9288865397437359,6.563787927466689e-05,0.07104782237698944,,6f7e5ee496551ab2bdb10dfa3170ed0e9efa6c1f
conditional_hierarchical_setup_v1,85,3.2436570711433887,3.528599441051483,1,1,1,0.9288865397437359,6.563787927466689e-05,0.07104782237698944,,6f7e5ee496551ab2bdb10dfa3170ed0e9efa6c1f
conditional_hierarchical_setup_v1,86,3.2248345343396068,3.2226658426225185,0,0,0,0.9288865397437359,6.563787927466689e-05,0.07104782237698944,,6f7e5ee496551ab2bdb10dfa3170ed0e9efa6c1f
conditional_hierarchical_setup_v1,87,3.32517527975142,3.253338858485222,0,0,0,0.9288865397437359,6.563787927466689e-05,0.07104782237698944,,6f7e5ee496551ab2bdb10dfa3170ed0e9efa6c1f
conditional_hierarchical_setup_v1,88,3.2381936721503735,3.363874088972807,1,1,1,0.9288865397437359,6.563787927466689e-05,0.07104782237698944,,6f7e5ee496551ab2bdb10dfa3170ed0e9efa6c1f
conditional_hierarchical_setup_v1,89,3.288598726503551,3.388333600014448,1,1,1,0.9288865397437359,6.563787927466689e-05,0.07104782237698944,,6f7e5ee496551ab2bdb10dfa3170ed0e9efa6c1f
conditional_hierarchical_setup_v1,90,3.248462649062276,3.4672146663069725,1,1,1,0.9288865397437359,6.563787927466689e-05,0.07104782237698944,,6f7e5ee496551ab2bdb10dfa3170ed0e9efa6c1f
conditional_hierarchical_setup_v1,91,3.243108158931136,2.9903074726462364,0,0,0,0.9288865397437359,6.563787927466689e-05,0.07104782237698944,,6f7e5ee496551ab2bdb10dfa3170ed0e9efa6c1f
conditional_hierarchical_setup_v1,92,3.284391602501273,3.3058068715035915,1,1,1,0.9288865397437359,6.563787927466689e-05,0.07104782237698944,,6f7e5ee496551ab2bdb10dfa3170ed0e9efa6c1f
conditional_hierarchical_setup_v1,93,3.287224555388093,3.4130552783608437,1,1,1,0.9288865397437359,6.563787927466689e-05,0.07104782237698944,,6f7e5ee496551ab2bdb10dfa3170ed0e9efa6c1f
conditional_hierarchical_setup_v1,94,3.1815298134461045,3.41021828353405,1,1,1,0.9288865397437359,6.563787927466689e-05,0.07104782237698944,,6f7e5ee496551ab2bdb10dfa3170ed0e9efa6c1f
conditional_hierarchical_setup_v1,95,3.2279463624581695,3.3081541769206524,1,1,1,0.9288865397437359,6.563787927466689e-05,0.07104782237698944,,6f7e5ee496551ab2bdb10dfa3170ed0e9efa6c1f
conditional_hierarchical_setup_v1,96,3.2249186281114817,3.30745168030262,1,1,1,0.9288865397437359,6.563787927466689e-05,0.07104782237698944,,6f7e5ee496551ab2bdb10dfa3170ed0e9efa6c1f
conditional_hierarchical_setup_v1,97,3.2001889077946544,3.190063778311014,0,0,0,0.9288865397437359,6.563787927466689e-05,0.07104782237698944,,6f7e5ee496551ab2bdb10dfa3170ed0e9efa6c1f
conditional_hierarchical_setup_v1,98,3.210468809120357,3.277410287410021,1,1,1,0.9288865397437359,6.563787927466689e-05,0.07104782237698944,,6f7e5ee496551ab2bdb10dfa3170ed0e9efa6c1f
conditional_hierarchical_setup_v1,99,3.1999525893479586,3.587779588997364,1,1,1,0.9288865397437359,6.563787927466689e-05,0.07104782237698944,,6f7e5ee496551ab2bdb10dfa3170ed0e9efa6c1f
conditional_hierarchical_setup_v1,100,3.239181311801076,3.209259919822216,0,0,0,0.9288865397437359,6.563787927466689e-05,0.07104782237698944,,6f7e5ee496551ab2bdb10dfa3170ed0e9efa6c1f
conditional_hierarchical_setup_v1,101,3.2293225824832916,3.3461556769907475,1,1,1,0.9288865397437359,6.563787927466689e-05,0.07104782237698944,,6f7e5ee496551ab2bdb10dfa3170ed0e9efa6c1f
conditional_hierarchical_setup_v1,102,3.2269193651154637,3.1051739118993282,0,0,0,0.9288865397437359,6.563787927466689e-05,0.07104782237698944,,6f7e5ee496551ab2bdb10dfa3170ed0e9efa6c1f
conditional_hierarchical_setup_v1,103,3.272569878026843,3.3160687424242496,1,1,1,0.9288865397437359,6.563787927466689e-05,0.07104782237698944,,6f7e5ee496551ab2bdb10dfa3170ed0e9efa6c1f
conditional_hierarchical_setup_v1,104,3.2755948277190328,3.204407263547182,0,0,0,0.9288865397437359,6.563787927466689e-05,0.07104782237698944,,6f7e5ee496551ab2bdb10dfa3170ed0e9efa6c1f
conditional_hierarchical_setup_v1,105,3.222184795886278,3.1101479195058346,0,0,0,0.9288865397437359,6.563787927466689e-05,0.07104782237698944,,6f7e5ee496551ab2bdb10dfa3170ed0e9efa6c1f
conditional_hierarchical_setup_v1,106,3.303544712252915,3.2691430300474167,0,0,0,0.9288865397437359,6.563787927466689e-05,0.07104782237698944,,6f7e5ee496551ab2bdb10dfa3170ed0e9efa6c1f
conditional_hierarchical_setup_v1,107,3.22413417045027,3.15642636269331,0,0,0,0.9288865397437359,6.563787927466689e-05,0.07104782237698944,,6f7e5ee496551ab2bdb10dfa3170ed0e9efa6c1f
conditional_hierarchical_setup_v1,108,3.2563090976327658,2.9731261543929577,0,0,0,0.9288865397437359,6.563787927466689e-05,0.07104782237698944,,6f7e5ee496551ab2bdb10dfa3170ed0e9efa6c1f
conditional_hierarchical_setup_v1,109,3.326427689753473,2.9373502358794212,0,0,0,0.9288865397437359,6.563787927466689e-05,0.07104782237698944,,6f7e5ee496551ab2bdb10dfa3170ed0e9efa6c1f
conditional_hierarchical_setup_v1,110,3.18936035502702,3.2562337815761566,1,1,1,0.9288865397437359,6.563787927466689e-05,0.07104782237698944,,6f7e5ee496551ab2bdb10dfa3170ed0e9efa6c1f
conditional_hierarchical_setup_v1,111,3.3340292563661933,3.4341512247920036,1,1,1,0.9288865397437359,6.563787927466689e-05,0.07104782237698944,,6f7e5ee496551ab2bdb10dfa3170ed0e9efa6c1f
conditional_hierarchical_setup_v1,112,3.1475954968482256,3.172209672629833,1,1,1,0.9288865397437359,6.563787927466689e-05,0.07104782237698944,,6f7e5ee496551ab2bdb10dfa3170ed0e9efa6c1f
conditional_hierarchical_setup_v1,113,3.2066287007182837,3.2288757152855396,1,1,1,0.9288865397437359,6.563787927466689e-05,0.07104782237698944,,6f7e5ee496551ab2bdb10dfa3170ed0e9efa6c1f
conditional_hierarchical_setup_v1,114,3.2637138245627284,3.485069889575243,1,1,1,0.9288865397437359,6.563787927466689e-05,0.07104782237698944,,6f7e5ee496551ab2bdb10dfa3170ed0e9efa6c1f
conditional_hierarchical_setup_v1,115,3.2561783120036125,2.9848504811525345,0,0,0,0.9288865397437359,6.563787927466689e-05,0.07104782237698944,,6f7e5ee496551ab2bdb10dfa3170ed0e9efa6c1f
conditional_hierarchical_setup_v1,116,3.2689830008894205,3.308518696576357,1,1,1,0.9288865397437359,6.563787927466689e-05,0.07104782237698944,,6f7e5ee496551ab2bdb10dfa3170ed0e9efa6c1f
conditional_hierarchical_setup_v1,117,3.283608192577958,3.2004687935113907,0,0,0,0.9288865397437359,6.563787927466689e-05,0.07104782237698944,,6f7e5ee496551ab2bdb10dfa3170ed0e9efa6c1f
conditional_hierarchical_setup_v1,118,3.2506128679960966,3.600156120955944,1,1,1,0.9288865397437359,6.563787927466689e-05,0.07104782237698944,,6f7e5ee496551ab2bdb10dfa3170ed0e9efa6c1f
conditional_hierarchical_setup_v1,119,3.3220162987709045,2.846210263669491,0,0,0,0.9288865397437359,6.563787927466689e-05,0.07104782237698944,,6f7e5ee496551ab2bdb10dfa3170ed0e9efa6c1f
conditional_hierarchical_setup_v1,120,3.2594279991462827,3.182680904865265,0,0,0,0.9288865397437359,6.563787927466689e-05,0.07104782237698944,,6f7e5ee496551ab2bdb10dfa3170ed0e9efa6c1f
conditional_hierarchical_setup_v1,121,3.276133369654417,3.2255620695650578,0,0,0,0.9288865397437359,6.563787927466689e-05,0.07104782237698944,,6f7e5ee496551ab2bdb10dfa3170ed0e9efa6c1f
conditional_hierarchical_setup_v1,122,3.216379126533866,3.593161702156067,1,1,1,0.9288865397437359,6.563787927466689e-05,0.07104782237698944,,6f7e5ee496551ab2bdb10dfa3170ed0e9efa6c1f
conditional_hierarchical_setup_v1,123,3.2234538160264488,3.5408317111432552,1,1,1,0.9288865397437359,6.563787927466689e-05,0.07104782237698944,,6f7e5ee496551ab2bdb10dfa3170ed0e9efa6c1f
conditional_hierarchical_setup_v1,124,3.234856417402625,3.5123130306601524,1,1,1,0.9288865397437359,6.563787927466689e-05,0.07104782237698944,,6f7e5ee496551ab2bdb10dfa3170ed0e9efa6c1f
conditional_hierarchical_setup_v1,125,3.2717768847942352,2.943889796733856,0,0,0,0.9288865397437359,6.563787927466689e-05,0.07104782237698944,,6f7e5ee496551ab2bdb10dfa3170ed0e9efa6c1f
conditional_hierarchical_setup_v1,126,3.3246603701263666,3.4927738830447197,1,1,1,0.9288865397437359,6.563787927466689e-05,0.07104782237698944,,6f7e5ee496551ab2bdb10dfa3170ed0e9efa6c1f
conditional_hierarchical_setup_v1,127,3.277495582588017,3.3921401016414165,1,1,1,0.9288865397437359,6.563787927466689e-05,0.07104782237698944,,6f7e5ee496551ab2bdb10dfa3170ed0e9efa6c1f
conditional_hierarchical_setup_v1,128,3.2460899418219924,2.8988310135900974,0,0,0,0.9288865397437359,6.563787927466689e-05,0.07104782237698944,,6f7e5ee496551ab2bdb10dfa3170ed0e9efa6c1f
conditional_hierarchical_setup_v1,129,3.2273612171411514,3.3600508235394955,1,1,1,0.9288865397437359,6.563787927466689e-05,0.07104782237698944,,6f7e5ee496551ab2bdb10dfa3170ed0e9efa6c1f
conditional_hierarchical_setup_v1,130,3.2727418234571815,3.2081098295748234,0,0,0,0.9288865397437359,6.563787927466689e-05,0.07104782237698944,,6f7e5ee496551ab2bdb10dfa3170ed0e9efa6c1f
conditional_hierarchical_setup_v1,131,3.2187879411503673,3.3388194628059864,1,1,1,0.9288865397437359,6.563787927466689e-05,0.07104782237698944,,6f7e5ee496551ab2bdb10dfa3170ed0e9efa6c1f
conditional_hierarchical_setup_v1,132,3.2169050816446543,3.251335397362709,1,1,1,0.9288865397437359,6.563787927466689e-05,0.07104782237698944,,6f7e5ee496551ab2bdb10dfa3170ed0e9efa6c1f
conditional_hierarchical_setup_v1,133,3.336488180793822,3.4426615573465824,1,1,1,0.9288865397437359,6.563787927466689e-05,0.07104782237698944,,6f7e5ee496551ab2bdb10dfa3170ed0e9efa6c1f
conditional_hierarchical_setup_v1,134,3.2619789941236377,3.1314410269260406,0,0,0,0.9288865397437359,6.563787927466689e-05,0.07104782237698944,,6f7e5ee496551ab2bdb10dfa3170ed0e9efa6c1f
conditional_hierarchical_setup_v1,135,3.250546515919268,3.3855305053293705,1,1,1,0.9288865397437359,6.563787927466689e-05,0.07104782237698944,,6f7e5ee496551ab2bdb10dfa3170ed0e9efa6c1f
conditional_hierarchical_setup_v1,136,3.290231516584754,3.3593453466892242,1,1,1,0.9288865397437359,6.563787927466689e-05,0.07104782237698944,,6f7e5ee496551ab2bdb10dfa3170ed0e9efa6c1f
conditional_hierarchical_setup_v1,137,3.2559939194470644,3.2672960311174393,1,1,1,0.9288865397437359,6.563787927466689e-05,0.07104782237698944,,6f7e5ee496551ab2bdb10dfa3170ed0e9efa6c1f
conditional_hierarchical_setup_v1,138,3.2498699938878417,3.080142941325903,0,0,0,0.9288865397437359,6.563787927466689e-05,0.07104782237698944,,6f7e5ee496551ab2bdb10dfa3170ed0e9efa6c1f
conditional_hierarchical_setup_v1,139,3.2247252156957984,3.0997326597571373,0,0,0,0.9288865397437359,6.563787927466689e-05,0.07104782237698944,,6f7e5ee496551ab2bdb10dfa3170ed0e9efa6c1f
conditional_hierarchical_setup_v1,140,3.263527061790228,3.4750189632177353,1,1,1,0.9288865397437359,6.563787927466689e-05,0.07104782237698944,,6f7e5ee496551ab2bdb10dfa3170ed0e9efa6c1f
conditional_hierarchical_setup_v1,141,3.307829210534692,3.0770443379879,0,0,0,0.9288865397437359,6.563787927466689e-05,0.07104782237698944,,6f7e5ee496551ab2bdb10dfa3170ed0e9efa6c1f
conditional_hierarchical_setup_v1,142,3.180016065016389,3.340466972440481,1,1,1,0.9288865397437359,6.563787927466689e-05,0.07104782237698944,,6f7e5ee496551ab2bdb10dfa3170ed0e9efa6c1f
conditional_hierarchical_setup_v1,143,3.2256193086504936,2.9548064805567265,0,0,0,0.9288865397437359,6.563787927466689e-05,0.07104782237698944,,6f7e5ee496551ab2bdb10dfa3170ed0e9efa6c1f
conditional_hierarchical_setup_v1,144,3.292948203161359,3.2543142326176167,0,0,0,0.9288865397437359,6.563787927466689e-05,0.07104782237698944,,6f7e5ee496551ab2bdb10dfa3170ed0e9efa6c1f
conditional_hierarchical_setup_v1,145,3.3304046373814344,3.2288105227053165,0,0,0,0.9288865397437359,6.563787927466689e-05,0.07104782237698944,,6f7e5ee496551ab2bdb10dfa3170ed0e9efa6c1f
conditional_hierarchical_setup_v1,146,3.2023698603734374,3.342778515070677,1,1,1,0.9288865397437359,6.563787927466689e-05,0.07104782237698944,,6f7e5ee496551ab2bdb10dfa3170ed0e9efa6c1f
conditional_hierarchical_setup_v1,147,3.378815962933004,3.2658002339303493,0,0,0,0.9288865397437359,6.563787927466689e-05,0.07104782237698944,,6f7e5ee496551ab2bdb10dfa3170ed0e9efa6c1f
conditional_hierarchical_setup_v1,148,3.314183340407908,3.24205057695508,0,0,0,0.9288865397437359,6.563787927466689e-05,0.07104782237698944,,6f7e5ee496551ab2bdb10dfa3170ed0e9efa6c1f
conditional_hierarchical_setup_v1,149,3.2898136926814914,3.3785375766456127,1,1,1,0.9288865397437359,6.563787927466689e-05,0.07104782237698944,,6f7e5ee496551ab2bdb10dfa3170ed0e9efa6c1f
conditional_hierarchical_setup_v1,150,3.20683809928596,3.170282207429409,0,0,0,0.9288865397437359,6.563787927466689e-05,0.07104782237698944,,6f7e5ee496551ab2bdb10dfa3170ed0e9efa6c1f
conditional_hierarchical_setup_v1,151,3.282273579388857,3.46910422667861,1,1,1,0.9288865397437359,6.563787927466689e-05,0.07104782237698944,,6f7e5ee496551ab2bdb10dfa3170ed0e9efa6c1f
conditional_hierarchical_setup_v1,152,3.2239314960315824,3.267001360654831,1,1,1,0.9288865397437359,6.563787927466689e-05,0.07104782237698944,,6f7e5ee496551ab2bdb10dfa3170ed0e9efa6c1f
conditional_hierarchical_setup_v1,153,3.276099325157702,3.1603838317096233,0,0,0,0.9288865397437359,6.563787927466689e-05,0.07104782237698944,,6f7e5ee496551ab2bdb10dfa3170ed0e9efa6c1f
conditional_hierarchical_setup_v1,154,3.2627422176301475,3.2782750204205513,1,1,1,0.9288865397437359,6.563787927466689e-05,0.07104782237698944,,6f7e5ee496551ab2bdb10dfa3170ed0e9efa6c1f
conditional_hierarchical_setup_v1,155,3.1855141976848245,3.2809797674417496,1,1,1,0.9288865397437359,6.563787927466689e-05,0.07104782237698944,,6f7e5ee496551ab2bdb10dfa3170ed0e9efa6c1f
conditional_hierarchical_setup_v1,156,3.2899734610691667,3.1523142009973526,0,0,0,0.9288865397437359,6.563787927466689e-05,0.07104782237698944,,6f7e5ee496551ab2bdb10dfa3170ed0e9efa6c1f
conditional_hierarchical_setup_v1,157,3.2019139360636473,3.655406553298235,1,1,1,0.9288865397437359,6.563787927466689e-05,0.07104782237698944,,6f7e5ee496551ab2bdb10dfa3170ed0e9efa6c1f
conditional_hierarchical_setup_v1,158,3.2653955928981304,2.9963431879878044,0,0,0,0.9288865397437359,6.563787927466689e-05,0.07104782237698944,,6f7e5ee496551ab2bdb10dfa3170ed0e9efa6c1f
conditional_hierarchical_setup_v1,159,3.2285981252789497,3.503911104053259,1,1,1,0.9288865397437359,6.563787927466689e-05,0.07104782237698944,,6f7e5ee496551ab2bdb10dfa3170ed0e9efa6c1f
conditional_hierarchical_setup_v1,160,3.257123539224267,3.4961498342454433,1,1,1,0.9288865397437359,6.563787927466689e-05,0.07104782237698944,,6f7e5ee496551ab2bdb10dfa3170ed0e9efa6c1f
conditional_hierarchical_setup_v1,161,3.2526938803493977,2.9853664338588715,0,0,0,0.9288865397437359,6.563787927466689e-05,0.07104782237698944,,6f7e5ee496551ab2bdb10dfa3170ed0e9efa6c1f
conditional_hierarchical_setup_v1,162,3.2560022454708815,3.340264782309532,1,1,1,0.9288865397437359,6.563787927466689e-05,0.07104782237698944,,6f7e5ee496551ab2bdb10dfa3170ed0e9efa6c1f
conditional_hierarchical_setup_v1,163,3.191467202268541,3.3814419992268085,1,1,1,0.9288865397437359,6.563787927466689e-05,0.07104782237698944,,6f7e5ee496551ab2bdb10dfa3170ed0e9efa6c1f
conditional_hierarchical_setup_v1,164,3.2528275717049837,3.316943347454071,1,1,1,0.9288865397437359,6.563787927466689e-05,0.07104782237698944,,6f7e5ee496551ab2bdb10dfa3170ed0e9efa6c1f
conditional_hierarchical_setup_v1,165,3.2603057054802775,3.41719975695014,1,1,1,0.9288865397437359,6.563787927466689e-05,0.07104782237698944,,6f7e5ee496551ab2bdb10dfa3170ed0e9efa6c1f
conditional_hierarchical_setup_v1,166,3.295601843856275,3.227860853075981,0,0,0,0.9288865397437359,6.563787927466689e-05,0.07104782237698944,,6f7e5ee496551ab2bdb10dfa3170ed0e9efa6c1f
conditional_hierarchical_setup_v1,167,3.246217709966004,2.981425169855356,0,0,0,0.9288865397437359,6.563787927466689e-05,0.07104782237698944,,6f7e5ee496551ab2bdb10dfa3170ed0e9efa6c1f
conditional_hierarchical_setup_v1,168,3.2923907367512584,3.0724095180630684,0,0,0,0.9288865397437359,6.563787927466689e-05,0.07104782237698944,,6f7e5ee496551ab2bdb10dfa3170ed0e9efa6c1f
conditional_hierarchical_setup_v1,169,3.2314535044133663,3.2707800157368183,1,1,1,0.9288865397437359,6.563787927466689e-05,0.07104782237698944,,6f7e5ee496551ab2bdb10dfa3170ed0e9efa6c1f
conditional_hierarchical_setup_v1,170,3.2588607259094715,3.1965862959623337,0,0,0,0.9288865397437359,6.563787927466689e-05,0.07104782237698944,,6f7e5ee496551ab2bdb10dfa3170ed0e9efa6c1f
conditional_hierarchical_setup_v1,171,3.3035222021862864,3.4329183399677277,1,1,1,0.9288865397437359,6.563787927466689e-05,0.07104782237698944,,6f7e5ee496551ab2bdb10dfa3170ed0e9efa6c1f
conditional_hierarchical_setup_v1,172,3.2208876963704824,3.6829265765845776,1,1,1,0.9288865397437359,6.563787927466689e-05,0.07104782237698944,,6f7e5ee496551ab2bdb10dfa3170ed0e9efa6c1f
conditional_hierarchical_setup_v1,173,3.2880431972444057,3.340107947587967,1,1,1,0.9288865397437359,6.563787927466689e-05,0.07104782237698944,,6f7e5ee496551ab2bdb10dfa3170ed0e9efa6c1f
conditional_hierarchical_setup_v1,174,3.240091120824218,3.3135395497083664,1,1,1,0.9288865397437359,6.563787927466689e-05,0.07104782237698944,,6f7e5ee496551ab2bdb10dfa3170ed0e9efa6c1f
conditional_hierarchical_setup_v1,175,3.2593880500644445,3.2977504655718803,1,1,1,0.9288865397437359,6.563787927466689e-05,0.07104782237698944,,6f7e5ee496551ab2bdb10dfa3170ed0e9efa6c1f
conditional_hierarchical_setup_v1,176,3.3121710224077106,3.1083963811397552,0,0,0,0.9288865397437359,6.563787927466689e-05,0.07104782237698944,,6f7e5ee496551ab2bdb10dfa3170ed0e9efa6c1f
conditional_hierarchical_setup_v1,177,3.228094349615276,3.104550763964653,0,0,0,0.9288865397437359,6.563787927466689e-05,0.07104782237698944,,6f7e5ee496551ab2bdb10dfa3170ed0e9efa6c1f
conditional_hierarchical_setup_v1,178,3.2935563754290342,3.32957049831748,1,1,1,0.9288865397437359,6.563787927466689e-05,0.07104782237698944,,6f7e5ee496551ab2bdb10dfa3170ed0e9efa6c1f
conditional_hierarchical_setup_v1,179,3.254943871870637,3.40520441532135,1,1,1,0.9288865397437359,6.563787927466689e-05,0.07104782237698944,,6f7e5ee496551ab2bdb10dfa3170ed0e9efa6c1f
conditional_hierarchical_setup_v1,180,3.2639808021485806,3.2746263779699802,1,1,1,0.9288865397437359,6.563787927466689e-05,0.07104782237698944,,6f7e5ee496551ab2bdb10dfa3170ed0e9efa6c1f
conditional_hierarchical_setup_v1,181,3.2269416423514485,3.083169925957918,0,0,0,0.9288865397437359,6.563787927466689e-05,0.07104782237698944,,6f7e5ee496551ab2bdb10dfa3170ed0e9efa6c1f
conditional_hierarchical_setup_v1,182,3.2940519182011485,3.498995490372181,1,1,1,0.9288865397437359,6.563787927466689e-05,0.07104782237698944,,6f7e5ee496551ab2bdb10dfa3170ed0e9efa6c1f
conditional_hierarchical_setup_v1,183,3.193203341215849,3.0877661891281605,0,0,0,0.9288865397437359,6.563787927466689e-05,0.07104782237698944,,6f7e5ee496551ab2bdb10dfa3170ed0e9efa6c1f
conditional_hierarchical_setup_v1,184,3.228204706683755,3.0389866791665554,0,0,0,0.9288865397437359,6.563787927466689e-05,0.07104782237698944,,6f7e5ee496551ab2bdb10dfa3170ed0e9efa6c1f
conditional_hierarchical_setup_v1,185,3.2101918011903763,3.553336951881647,1,1,1,0.9288865397437359,6.563787927466689e-05,0.07104782237698944,,6f7e5ee496551ab2bdb10dfa3170ed0e9efa6c1f
conditional_hierarchical_setup_v1,186,3.24397805146873,3.1398870050907135,0,0,0,0.9288865397437359,6.563787927466689e-05,0.07104782237698944,,6f7e5ee496551ab2bdb10dfa3170ed0e9efa6c1f
conditional_hierarchical_setup_v1,187,3.295063888654113,3.3360126428306103,1,1,1,0.9288865397437359,6.563787927466689e-05,0.07104782237698944,,6f7e5ee496551ab2bdb10dfa3170ed0e9efa6c1f
conditional_hierarchical_setup_v1,188,3.2561340928077698,3.1741194427013397,0,0,0,0.9288865397437359,6.563787927466689e-05,0.07104782237698944,,6f7e5ee496551ab2bdb10dfa3170ed0e9efa6c1f
conditional_hierarchical_setup_v1,189,3.278341540135443,3.079765848815441,0,0,0,0.9288865397437359,6.563787927466689e-05,0.07104782237698944,,6f7e5ee496551ab2bdb10dfa3170ed0e9efa6c1f
conditional_hierarchical_setup_v1,190,3.2600709423422813,3.2997353933751583,1,1,1,0.9288865397437359,6.563787927466689e-05,0.07104782237698944,,6f7e5ee496551ab2bdb10dfa3170ed0e9efa6c1f
conditional_hierarchical_setup_v1,191,3.202244518324733,3.5906209610402584,1,1,1,0.9288865397437359,6.563787927466689e-05,0.07104782237698944,,6f7e5ee496551ab2bdb10dfa3170ed0e9efa6c1f
conditional_hierarchical_setup_v1,192,3.224309361539781,3.47981508821249,1,1,1,0.9288865397437359,6.563787927466689e-05,0.07104782237698944,,6f7e5ee496551ab2bdb10dfa3170ed0e9efa6c1f
conditional_hierarchical_setup_v1,193,3.2065101573243737,3.28056076541543,1,1,1,0.9288865397437359,6.563787927466689e-05,0.07104782237698944,,6f7e5ee496551ab2bdb10dfa3170ed0e9efa6c1f
conditional_hierarchical_setup_v1,194,3.281908198259771,3.229563869535923,0,0,0,0.9288865397437359,6.563787927466689e-05,0.07104782237698944,,6f7e5ee496551ab2bdb10dfa3170ed0e9efa6c1f
conditional_hierarchical_setup_v1,195,3.243999248370528,3.354163281619549,1,1,1,0.9288865397437359,6.563787927466689e-05,0.07104782237698944,,6f7e5ee496551ab2bdb10dfa3170ed0e9efa6c1f
conditional_hierarchical_setup_v1,196,3.234409596771002,2.9440803453326225,0,0,0,0.9288865397437359,6.563787927466689e-05,0.07104782237698944,,6f7e5ee496551ab2bdb10dfa3170ed0e9efa6c1f
conditional_hierarchical_setup_v1,197,3.3320224285125732,3.3254291862249374,0,0,0,0.9288865397437359,6.563787927466689e-05,0.07104782237698944,,6f7e5ee496551ab2bdb10dfa3170ed0e9efa6c1f
conditional_hierarchical_setup_v1,198,3.2272959081456065,3.308554645627737,1,1,1,0.9288865397437359,6.563787927466689e-05,0.07104782237698944,,6f7e5ee496551ab2bdb10dfa3170ed0e9efa6c1f
conditional_hierarchical_setup_v1,199,3.255454399622977,3.2974339090287685,1,1,1,0.9288865397437359,6.563787927466689e-05,0.07104782237698944,,6f7e5ee496551ab2bdb10dfa3170ed0e9efa6c1f
conditional_hierarchical_setup_price_v1,0,3.289878503419459,3.3484546467661858,1,1,1,0.8301706239398619,1.3818500899929872e-05,0.07891745863949949,0.0908980989197387,6f7e5ee496551ab2bdb10dfa3170ed0e9efa6c1f
conditional_hierarchical_setup_price_v1,1,3.269756166264415,3.280166070908308,1,1,1,0.8301706239398619,1.3818500899929872e-05,0.07891745863949949,0.0908980989197387,6f7e5ee496551ab2bdb10dfa3170ed0e9efa6c1f
conditional_hierarchical_setup_price_v1,2,3.269474976696074,3.407010715454817,1,1,1,0.8301706239398619,1.3818500899929872e-05,0.07891745863949949,0.0908980989197387,6f7e5ee496551ab2bdb10dfa3170ed0e9efa6c1f
conditional_hierarchical_setup_price_v1,3,3.256398611702025,3.1411169096827507,0,0,0,0.8301706239398619,1.3818500899929872e-05,0.07891745863949949,0.0908980989197387,6f7e5ee496551ab2bdb10dfa3170ed0e9efa6c1f
conditional_hierarchical_setup_price_v1,4,3.3062629215419292,3.1772864051163197,0,0,0,0.8301706239398619,1.3818500899929872e-05,0.07891745863949949,0.0908980989197387,6f7e5ee496551ab2bdb10dfa3170ed0e9efa6c1f
conditional_hierarchical_setup_price_v1,5,3.292139219120145,3.1146067194640636,0,0,0,0.8301706239398619,1.3818500899929872e-05,0.07891745863949949,0.0908980989197387,6f7e5ee496551ab2bdb10dfa3170ed0e9efa6c1f
conditional_hierarchical_setup_price_v1,6,3.2307466259226203,3.454245626926422,1,1,1,0.8301706239398619,1.3818500899929872e-05,0.07891745863949949,0.0908980989197387,6f7e5ee496551ab2bdb10dfa3170ed0e9efa6c1f
conditional_hierarchical_setup_price_v1,7,3.225917611271143,2.9392950236797333,0,0,0,0.8301706239398619,1.3818500899929872e-05,0.07891745863949949,0.0908980989197387,6f7e5ee496551ab2bdb10dfa3170ed0e9efa6c1f
conditional_hierarchical_setup_price_v1,8,3.2489256747066975,3.1648517586290836,0,0,0,0.8301706239398619,1.3818500899929872e-05,0.07891745863949949,0.0908980989197387,6f7e5ee496551ab2bdb10dfa3170ed0e9efa6c1f
conditional_hierarchical_setup_price_v1,9,3.310033776797354,3.1279235146939754,0,0,0,0.8301706239398619,1.3818500899929872e-05,0.07891745863949949,0.0908980989197387,6f7e5ee496551ab2bdb10dfa3170ed0e9efa6c1f
conditional_hierarchical_setup_price_v1,10,3.277430790476501,3.389247041195631,1,1,1,0.8301706239398619,1.3818500899929872e-05,0.07891745863949949,0.0908980989197387,6f7e5ee496551ab2bdb10dfa3170ed0e9efa6c1f
conditional_hierarchical_setup_price_v1,11,3.2678912160918117,3.1282607465982437,0,0,0,0.8301706239398619,1.3818500899929872e-05,0.07891745863949949,0.0908980989197387,6f7e5ee496551ab2bdb10dfa3170ed0e9efa6c1f
conditional_hierarchical_setup_price_v1,12,3.2675558514893055,3.354988247156143,1,1,1,0.8301706239398619,1.3818500899929872e-05,0.07891745863949949,0.0908980989197387,6f7e5ee496551ab2bdb10dfa3170ed0e9efa6c1f
conditional_hierarchical_setup_price_v1,13,3.1695476081222296,3.5751329734921455,1,1,1,0.8301706239398619,1.3818500899929872e-05,0.07891745863949949,0.0908980989197387,6f7e5ee496551ab2bdb10dfa3170ed0e9efa6c1f
conditional_hierarchical_setup_price_v1,14,3.2894669426605105,3.0447681434452534,0,0,0,0.8301706239398619,1.3818500899929872e-05,0.07891745863949949,0.0908980989197387,6f7e5ee496551ab2bdb10dfa3170ed0e9efa6c1f
conditional_hierarchical_setup_price_v1,15,3.2339525781571865,3.4982284530997276,1,1,1,0.8301706239398619,1.3818500899929872e-05,0.07891745863949949,0.0908980989197387,6f7e5ee496551ab2bdb10dfa3170ed0e9efa6c1f
conditional_hierarchical_setup_price_v1,16,3.210447053425014,3.085666336119175,0,0,0,0.8301706239398619,1.3818500899929872e-05,0.07891745863949949,0.0908980989197387,6f7e5ee496551ab2bdb10dfa3170ed0e9efa6c1f
conditional_hierarchical_setup_price_v1,17,3.3359140576794744,3.297878708690405,0,0,0,0.8301706239398619,1.3818500899929872e-05,0.07891745863949949,0.0908980989197387,6f7e5ee496551ab2bdb10dfa3170ed0e9efa6c1f
conditional_hierarchical_setup_price_v1,18,3.242455110885203,3.4050120040774345,1,1,1,0.8301706239398619,1.3818500899929872e-05,0.07891745863949949,0.0908980989197387,6f7e5ee496551ab2bdb10dfa3170ed0e9efa6c1f
conditional_hierarchical_setup_price_v1,19,3.2794807432219386,3.1370199285447598,0,0,0,0.8301706239398619,1.3818500899929872e-05,0.07891745863949949,0.0908980989197387,6f7e5ee496551ab2bdb10dfa3170ed0e9efa6c1f
conditional_hierarchical_setup_price_v1,20,3.3066289965063334,3.2753853127360344,0,0,0,0.8301706239398619,1.3818500899929872e-05,0.07891745863949949,0.0908980989197387,6f7e5ee496551ab2bdb10dfa3170ed0e9efa6c1f
conditional_hierarchical_setup_price_v1,21,3.212945726700127,3.5057073459029198,1,1,1,0.8301706239398619,1.3818500899929872e-05,0.07891745863949949,0.0908980989197387,6f7e5ee496551ab2bdb10dfa3170ed0e9efa6c1f
conditional_hierarchical_setup_price_v1,22,3.2089264132082462,3.1285603530704975,0,0,0,0.8301706239398619,1.3818500899929872e-05,0.07891745863949949,0.0908980989197387,6f7e5ee496551ab2bdb10dfa3170ed0e9efa6c1f
conditional_hierarchical_setup_price_v1,23,3.235714714974165,3.135322406888008,0,0,0,0.8301706239398619,1.3818500899929872e-05,0.07891745863949949,0.0908980989197387,6f7e5ee496551ab2bdb10dfa3170ed0e9efa6c1f
conditional_hierarchical_setup_price_v1,24,3.2232566783204675,3.1309069134294987,0,0,0,0.8301706239398619,1.3818500899929872e-05,0.07891745863949949,0.0908980989197387,6f7e5ee496551ab2bdb10dfa3170ed0e9efa6c1f
conditional_hierarchical_setup_price_v1,25,3.2590254675596952,3.5124730318784714,1,1,1,0.8301706239398619,1.3818500899929872e-05,0.07891745863949949,0.0908980989197387,6f7e5ee496551ab2bdb10dfa3170ed0e9efa6c1f
conditional_hierarchical_setup_price_v1,26,3.238350967876613,3.328802064061165,1,1,1,0.8301706239398619,1.3818500899929872e-05,0.07891745863949949,0.0908980989197387,6f7e5ee496551ab2bdb10dfa3170ed0e9efa6c1f
conditional_hierarchical_setup_price_v1,27,3.2318418426439166,3.4080457873642445,1,1,1,0.8301706239398619,1.3818500899929872e-05,0.07891745863949949,0.0908980989197387,6f7e5ee496551ab2bdb10dfa3170ed0e9efa6c1f
conditional_hierarchical_setup_price_v1,28,3.267501415684819,3.223676234483719,0,0,0,0.8301706239398619,1.3818500899929872e-05,0.07891745863949949,0.0908980989197387,6f7e5ee496551ab2bdb10dfa3170ed0e9efa6c1f
conditional_hierarchical_setup_price_v1,29,3.2963179983198643,3.3064667135477066,1,1,1,0.8301706239398619,1.3818500899929872e-05,0.07891745863949949,0.0908980989197387,6f7e5ee496551ab2bdb10dfa3170ed0e9efa6c1f
conditional_hierarchical_setup_price_v1,30,3.2902908977121115,3.198677394539118,0,0,0,0.8301706239398619,1.3818500899929872e-05,0.07891745863949949,0.0908980989197387,6f7e5ee496551ab2bdb10dfa3170ed0e9efa6c1f
conditional_hierarchical_setup_price_v1,31,3.210508986376226,3.2081098295748234,0,0,0,0.8301706239398619,1.3818500899929872e-05,0.07891745863949949,0.0908980989197387,6f7e5ee496551ab2bdb10dfa3170ed0e9efa6c1f
conditional_hierarchical_setup_price_v1,32,3.296714830212295,3.006009291857481,0,0,0,0.8301706239398619,1.3818500899929872e-05,0.07891745863949949,0.0908980989197387,6f7e5ee496551ab2bdb10dfa3170ed0e9efa6c1f
conditional_hierarchical_setup_price_v1,33,3.331906720995903,3.3328525722026825,1,1,1,0.8301706239398619,1.3818500899929872e-05,0.07891745863949949,0.0908980989197387,6f7e5ee496551ab2bdb10dfa3170ed0e9efa6c1f
conditional_hierarchical_setup_price_v1,34,3.1907152431085706,3.212534077465534,1,1,1,0.8301706239398619,1.3818500899929872e-05,0.07891745863949949,0.0908980989197387,6f7e5ee496551ab2bdb10dfa3170ed0e9efa6c1f
conditional_hierarchical_setup_price_v1,35,3.227003267966211,3.3165535889565945,1,1,1,0.8301706239398619,1.3818500899929872e-05,0.07891745863949949,0.0908980989197387,6f7e5ee496551ab2bdb10dfa3170ed0e9efa6c1f
conditional_hierarchical_setup_price_v1,36,3.2247160095721483,2.980349864810705,0,0,0,0.8301706239398619,1.3818500899929872e-05,0.07891745863949949,0.0908980989197387,6f7e5ee496551ab2bdb10dfa3170ed0e9efa6c1f
conditional_hierarchical_setup_price_v1,37,3.203882430680096,3.3465078100562096,1,1,1,0.8301706239398619,1.3818500899929872e-05,0.07891745863949949,0.0908980989197387,6f7e5ee496551ab2bdb10dfa3170ed0e9efa6c1f
conditional_hierarchical_setup_price_v1,38,3.1833063205704093,3.3103748224675655,1,1,1,0.8301706239398619,1.3818500899929872e-05,0.07891745863949949,0.0908980989197387,6f7e5ee496551ab2bdb10dfa3170ed0e9efa6c1f
conditional_hierarchical_setup_price_v1,39,3.2105532102286816,2.7890263125300407,0,0,0,0.8301706239398619,1.3818500899929872e-05,0.07891745863949949,0.0908980989197387,6f7e5ee496551ab2bdb10dfa3170ed0e9efa6c1f
conditional_hierarchical_setup_price_v1,40,3.2391706155613065,3.4439517185091972,1,1,1,0.8301706239398619,1.3818500899929872e-05,0.07891745863949949,0.0908980989197387,6f7e5ee496551ab2bdb10dfa3170ed0e9efa6c1f
conditional_hierarchical_setup_price_v1,41,3.2165129482746124,3.3158394508063793,1,1,1,0.8301706239398619,1.3818500899929872e-05,0.07891745863949949,0.0908980989197387,6f7e5ee496551ab2bdb10dfa3170ed0e9efa6c1f
conditional_hierarchical_setup_price_v1,42,3.337499597109854,3.024703823029995,0,0,0,0.8301706239398619,1.3818500899929872e-05,0.07891745863949949,0.0908980989197387,6f7e5ee496551ab2bdb10dfa3170ed0e9efa6c1f
conditional_hierarchical_setup_price_v1,43,3.2953490503132343,3.6185006611049175,1,1,1,0.8301706239398619,1.3818500899929872e-05,0.07891745863949949,0.0908980989197387,6f7e5ee496551ab2bdb10dfa3170ed0e9efa6c1f
conditional_hierarchical_setup_price_v1,44,3.2929255021736026,2.9263604432344437,0,0,0,0.8301706239398619,1.3818500899929872e-05,0.07891745863949949,0.0908980989197387,6f7e5ee496551ab2bdb10dfa3170ed0e9efa6c1f
conditional_hierarchical_setup_price_v1,45,3.3095779409632087,2.994473557919264,0,0,0,0.8301706239398619,1.3818500899929872e-05,0.07891745863949949,0.0908980989197387,6f7e5ee496551ab2bdb10dfa3170ed0e9efa6c1f
conditional_hierarchical_setup_price_v1,46,3.241525460034609,3.05855181068182,0,0,0,0.8301706239398619,1.3818500899929872e-05,0.07891745863949949,0.0908980989197387,6f7e5ee496551ab2bdb10dfa3170ed0e9efa6c1f
conditional_hierarchical_setup_price_v1,47,3.3030576026067138,3.4084364771842957,1,1,1,0.8301706239398619,1.3818500899929872e-05,0.07891745863949949,0.0908980989197387,6f7e5ee496551ab2bdb10dfa3170ed0e9efa6c1f
conditional_hierarchical_setup_price_v1,48,3.2528703939169645,3.367992304265499,1,1,1,0.8301706239398619,1.3818500899929872e-05,0.07891745863949949,0.0908980989197387,6f7e5ee496551ab2bdb10dfa3170ed0e9efa6c1f
conditional_hierarchical_setup_price_v1,49,3.303142711520195,3.2002732157707214,0,0,0,0.8301706239398619,1.3818500899929872e-05,0.07891745863949949,0.0908980989197387,6f7e5ee496551ab2bdb10dfa3170ed0e9efa6c1f
conditional_hierarchical_setup_price_v1,50,3.296584924682975,3.285068739205599,0,0,0,0.8301706239398619,1.3818500899929872e-05,0.07891745863949949,0.0908980989197387,6f7e5ee496551ab2bdb10dfa3170ed0e9efa6c1f
conditional_hierarchical_setup_price_v1,51,3.282963023521006,3.147345781326294,0,0,0,0.8301706239398619,1.3818500899929872e-05,0.07891745863949949,0.0908980989197387,6f7e5ee496551ab2bdb10dfa3170ed0e9efa6c1f
conditional_hierarchical_setup_price_v1,52,3.2301169633865356,3.3437279984354973,1,1,1,0.8301706239398619,1.3818500899929872e-05,0.07891745863949949,0.0908980989197387,6f7e5ee496551ab2bdb10dfa3170ed0e9efa6c1f
conditional_hierarchical_setup_price_v1,53,3.2050104066729546,3.223954141139984,1,1,1,0.8301706239398619,1.3818500899929872e-05,0.07891745863949949,0.0908980989197387,6f7e5ee496551ab2bdb10dfa3170ed0e9efa6c1f
conditional_hierarchical_setup_price_v1,54,3.281241087242961,3.052655979990959,0,0,0,0.8301706239398619,1.3818500899929872e-05,0.07891745863949949,0.0908980989197387,6f7e5ee496551ab2bdb10dfa3170ed0e9efa6c1f
conditional_hierarchical_setup_price_v1,55,3.2448936020955443,3.6726202815771103,1,1,1,0.8301706239398619,1.3818500899929872e-05,0.07891745863949949,0.0908980989197387,6f7e5ee496551ab2bdb10dfa3170ed0e9efa6c1f
conditional_hierarchical_setup_price_v1,56,3.1965694669634104,3.4069543704390526,1,1,1,0.8301706239398619,1.3818500899929872e-05,0.07891745863949949,0.0908980989197387,6f7e5ee496551ab2bdb10dfa3170ed0e9efa6c1f
conditional_hierarchical_setup_price_v1,57,3.2942049484699965,3.189373016357422,0,0,0,0.8301706239398619,1.3818500899929872e-05,0.07891745863949949,0.0908980989197387,6f7e5ee496551ab2bdb10dfa3170ed0e9efa6c1f
conditional_hierarchical_setup_price_v1,58,3.324960903264582,3.3588475547730923,1,1,1,0.8301706239398619,1.3818500899929872e-05,0.07891745863949949,0.0908980989197387,6f7e5ee496551ab2bdb10dfa3170ed0e9efa6c1f
conditional_hierarchical_setup_price_v1,59,3.130904985591769,3.29070957377553,1,1,1,0.8301706239398619,1.3818500899929872e-05,0.07891745863949949,0.0908980989197387,6f7e5ee496551ab2bdb10dfa3170ed0e9efa6c1f
conditional_hierarchical_setup_price_v1,60,3.2261942559853196,3.074068296700716,0,0,0,0.8301706239398619,1.3818500899929872e-05,0.07891745863949949,0.0908980989197387,6f7e5ee496551ab2bdb10dfa3170ed0e9efa6c1f
conditional_hierarchical_setup_price_v1,61,3.2524538040161133,3.2703328877687454,1,1,1,0.8301706239398619,1.3818500899929872e-05,0.07891745863949949,0.0908980989197387,6f7e5ee496551ab2bdb10dfa3170ed0e9efa6c1f
conditional_hierarchical_setup_price_v1,62,3.240147023461759,3.6727321334183216,1,1,1,0.8301706239398619,1.3818500899929872e-05,0.07891745863949949,0.0908980989197387,6f7e5ee496551ab2bdb10dfa3170ed0e9efa6c1f
conditional_hierarchical_setup_price_v1,63,3.2859895611181855,3.2316775992512703,0,0,0,0.8301706239398619,1.3818500899929872e-05,0.07891745863949949,0.0908980989197387,6f7e5ee496551ab2bdb10dfa3170ed0e9efa6c1f
conditional_hierarchical_setup_price_v1,64,3.2832913380116224,3.2334651798009872,0,0,0,0.8301706239398619,1.3818500899929872e-05,0.07891745863949949,0.0908980989197387,6f7e5ee496551ab2bdb10dfa3170ed0e9efa6c1f
conditional_hierarchical_setup_price_v1,65,3.2564449263736606,3.1868482939898968,0,0,0,0.8301706239398619,1.3818500899929872e-05,0.07891745863949949,0.0908980989197387,6f7e5ee496551ab2bdb10dfa3170ed0e9efa6c1f
conditional_hierarchical_setup_price_v1,66,3.2348460936918855,3.4016581252217293,1,1,1,0.8301706239398619,1.3818500899929872e-05,0.07891745863949949,0.0908980989197387,6f7e5ee496551ab2bdb10dfa3170ed0e9efa6c1f
conditional_hierarchical_setup_price_v1,67,3.1723231868818402,3.3085716888308525,1,1,1,0.8301706239398619,1.3818500899929872e-05,0.07891745863949949,0.0908980989197387,6f7e5ee496551ab2bdb10dfa3170ed0e9efa6c1f
conditional_hierarchical_setup_price_v1,68,3.2945860270410776,3.352136630564928,1,1,1,0.8301706239398619,1.3818500899929872e-05,0.07891745863949949,0.0908980989197387,6f7e5ee496551ab2bdb10dfa3170ed0e9efa6c1f
conditional_hierarchical_setup_price_v1,69,3.239221451804042,3.402628004550934,1,1,1,0.8301706239398619,1.3818500899929872e-05,0.07891745863949949,0.0908980989197387,6f7e5ee496551ab2bdb10dfa3170ed0e9efa6c1f
conditional_hierarchical_setup_price_v1,70,3.193342136219144,3.2189865596592426,1,1,1,0.8301706239398619,1.3818500899929872e-05,0.07891745863949949,0.0908980989197387,6f7e5ee496551ab2bdb10dfa3170ed0e9efa6c1f
conditional_hierarchical_setup_price_v1,71,3.280286230146885,3.238563612103462,0,0,0,0.8301706239398619,1.3818500899929872e-05,0.07891745863949949,0.0908980989197387,6f7e5ee496551ab2bdb10dfa3170ed0e9efa6c1f
conditional_hierarchical_setup_price_v1,72,3.204413107596338,2.897794730961323,0,0,0,0.8301706239398619,1.3818500899929872e-05,0.07891745863949949,0.0908980989197387,6f7e5ee496551ab2bdb10dfa3170ed0e9efa6c1f
conditional_hierarchical_setup_price_v1,73,3.2343450374901295,3.493710048496723,1,1,1,0.8301706239398619,1.3818500899929872e-05,0.07891745863949949,0.0908980989197387,6f7e5ee496551ab2bdb10dfa3170ed0e9efa6c1f
conditional_hierarchical_setup_price_v1,74,3.260074849240482,3.084392473101616,0,0,0,0.8301706239398619,1.3818500899929872e-05,0.07891745863949949,0.0908980989197387,6f7e5ee496551ab2bdb10dfa3170ed0e9efa6c1f
conditional_hierarchical_setup_price_v1,75,3.233003858476877,3.409045096486807,1,1,1,0.8301706239398619,1.3818500899929872e-05,0.07891745863949949,0.0908980989197387,6f7e5ee496551ab2bdb10dfa3170ed0e9efa6c1f
conditional_hierarchical_setup_price_v1,76,3.274967474862933,2.9798049479722977,0,0,0,0.8301706239398619,1.3818500899929872e-05,0.07891745863949949,0.0908980989197387,6f7e5ee496551ab2bdb10dfa3170ed0e9efa6c1f
conditional_hierarchical_setup_price_v1,77,3.246767995879054,3.5347353667020798,1,1,1,0.8301706239398619,1.3818500899929872e-05,0.07891745863949949,0.0908980989197387,6f7e5ee496551ab2bdb10dfa3170ed0e9efa6c1f
conditional_hierarchical_setup_price_v1,78,3.2988554146140814,3.096058964729309,0,0,0,0.8301706239398619,1.3818500899929872e-05,0.07891745863949949,0.0908980989197387,6f7e5ee496551ab2bdb10dfa3170ed0e9efa6c1f
conditional_hierarchical_setup_price_v1,79,3.259876314550638,3.0471730045974255,0,0,0,0.8301706239398619,1.3818500899929872e-05,0.07891745863949949,0.0908980989197387,6f7e5ee496551ab2bdb10dfa3170ed0e9efa6c1f
conditional_hierarchical_setup_price_v1,80,3.2817862182855606,3.0324197374284267,0,0,0,0.8301706239398619,1.3818500899929872e-05,0.07891745863949949,0.0908980989197387,6f7e5ee496551ab2bdb10dfa3170ed0e9efa6c1f
conditional_hierarchical_setup_price_v1,81,3.3304844051599503,3.2574495300650597,0,0,0,0.8301706239398619,1.3818500899929872e-05,0.07891745863949949,0.0908980989197387,6f7e5ee496551ab2bdb10dfa3170ed0e9efa6c1f
conditional_hierarchical_setup_price_v1,82,3.263402837328613,3.4402511082589626,1,1,1,0.8301706239398619,1.3818500899929872e-05,0.07891745863949949,0.0908980989197387,6f7e5ee496551ab2bdb10dfa3170ed0e9efa6c1f
conditional_hierarchical_setup_price_v1,83,3.2654983643442392,3.3292576670646667,1,1,1,0.8301706239398619,1.3818500899929872e-05,0.07891745863949949,0.0908980989197387,6f7e5ee496551ab2bdb10dfa3170ed0e9efa6c1f
conditional_hierarchical_setup_price_v1,84,3.253038735128939,3.1961402855813503,0,0,0,0.8301706239398619,1.3818500899929872e-05,0.07891745863949949,0.0908980989197387,6f7e5ee496551ab2bdb10dfa3170ed0e9efa6c1f
conditional_hierarchical_setup_price_v1,85,3.2273850496858354,3.0944512225687504,0,0,0,0.8301706239398619,1.3818500899929872e-05,0.07891745863949949,0.0908980989197387,6f7e5ee496551ab2bdb10dfa3170ed0e9efa6c1f
conditional_hierarchical_setup_price_v1,86,3.2933695428073406,3.1996441073715687,0,0,0,0.8301706239398619,1.3818500899929872e-05,0.07891745863949949,0.0908980989197387,6f7e5ee496551ab2bdb10dfa3170ed0e9efa6c1f
conditional_hierarchical_setup_price_v1,87,3.202296756207943,3.1748155131936073,0,0,0,0.8301706239398619,1.3818500899929872e-05,0.07891745863949949,0.0908980989197387,6f7e5ee496551ab2bdb10dfa3170ed0e9efa6c1f
conditional_hierarchical_setup_price_v1,88,3.2907964335754514,3.6900395527482033,1,1,1,0.8301706239398619,1.3818500899929872e-05,0.07891745863949949,0.0908980989197387,6f7e5ee496551ab2bdb10dfa3170ed0e9efa6c1f
conditional_hierarchical_setup_price_v1,89,3.300217743963003,3.1581048853695393,0,0,0,0.8301706239398619,1.3818500899929872e-05,0.07891745863949949,0.0908980989197387,6f7e5ee496551ab2bdb10dfa3170ed0e9efa6c1f
conditional_hierarchical_setup_price_v1,90,3.309182245284319,2.997560054063797,0,0,0,0.8301706239398619,1.3818500899929872e-05,0.07891745863949949,0.0908980989197387,6f7e5ee496551ab2bdb10dfa3170ed0e9efa6c1f
conditional_hierarchical_setup_price_v1,91,3.309208173304796,3.3231443725526333,1,1,1,0.8301706239398619,1.3818500899929872e-05,0.07891745863949949,0.0908980989197387,6f7e5ee496551ab2bdb10dfa3170ed0e9efa6c1f
conditional_hierarchical_setup_price_v1,92,3.2976138684898615,3.1102875247597694,0,0,0,0.8301706239398619,1.3818500899929872e-05,0.07891745863949949,0.0908980989197387,6f7e5ee496551ab2bdb10dfa3170ed0e9efa6c1f
conditional_hierarchical_setup_price_v1,93,3.232814348302781,3.2169055193662643,0,0,0,0.8301706239398619,1.3818500899929872e-05,0.07891745863949949,0.0908980989197387,6f7e5ee496551ab2bdb10dfa3170ed0e9efa6c1f
conditional_hierarchical_setup_price_v1,94,3.29622495919466,3.3192244358360767,1,1,1,0.8301706239398619,1.3818500899929872e-05,0.07891745863949949,0.0908980989197387,6f7e5ee496551ab2bdb10dfa3170ed0e9efa6c1f
conditional_hierarchical_setup_price_v1,95,3.240131768397987,2.977376151829958,0,0,0,0.8301706239398619,1.3818500899929872e-05,0.07891745863949949,0.0908980989197387,6f7e5ee496551ab2bdb10dfa3170ed0e9efa6c1f
conditional_hierarchical_setup_price_v1,96,3.2916379207745194,3.4137765876948833,1,1,1,0.8301706239398619,1.3818500899929872e-05,0.07891745863949949,0.0908980989197387,6f7e5ee496551ab2bdb10dfa3170ed0e9efa6c1f
conditional_hierarchical_setup_price_v1,97,3.243061569519341,3.2198536209762096,0,0,0,0.8301706239398619,1.3818500899929872e-05,0.07891745863949949,0.0908980989197387,6f7e5ee496551ab2bdb10dfa3170ed0e9efa6c1f
conditional_hierarchical_setup_price_v1,98,3.2063083350658417,3.162486292421818,0,0,0,0.8301706239398619,1.3818500899929872e-05,0.07891745863949949,0.0908980989197387,6f7e5ee496551ab2bdb10dfa3170ed0e9efa6c1f
conditional_hierarchical_setup_price_v1,99,3.291244707070291,3.615924436599016,1,1,1,0.8301706239398619,1.3818500899929872e-05,0.07891745863949949,0.0908980989197387,6f7e5ee496551ab2bdb10dfa3170ed0e9efa6c1f
conditional_hierarchical_setup_price_v1,100,3.2202707743272185,3.141285665333271,0,0,0,0.8301706239398619,1.3818500899929872e-05,0.07891745863949949,0.0908980989197387,6f7e5ee496551ab2bdb10dfa3170ed0e9efa6c1f
conditional_hierarchical_setup_price_v1,101,3.2786664739251137,3.064690437167883,0,0,0,0.8301706239398619,1.3818500899929872e-05,0.07891745863949949,0.0908980989197387,6f7e5ee496551ab2bdb10dfa3170ed0e9efa6c1f
conditional_hierarchical_setup_price_v1,102,3.2646060083061457,3.327449969947338,1,1,1,0.8301706239398619,1.3818500899929872e-05,0.07891745863949949,0.0908980989197387,6f7e5ee496551ab2bdb10dfa3170ed0e9efa6c1f
conditional_hierarchical_setup_price_v1,103,3.234614715911448,3.3080613240599632,1,1,1,0.8301706239398619,1.3818500899929872e-05,0.07891745863949949,0.0908980989197387,6f7e5ee496551ab2bdb10dfa3170ed0e9efa6c1f
conditional_hierarchical_setup_price_v1,104,3.1960863480344415,3.080675285309553,0,0,0,0.8301706239398619,1.3818500899929872e-05,0.07891745863949949,0.0908980989197387,6f7e5ee496551ab2bdb10dfa3170ed0e9efa6c1f
conditional_hierarchical_setup_price_v1,105,3.261379157193005,3.3904939889907837,1,1,1,0.8301706239398619,1.3818500899929872e-05,0.07891745863949949,0.0908980989197387,6f7e5ee496551ab2bdb10dfa3170ed0e9efa6c1f
conditional_hierarchical_setup_price_v1,106,3.177063069306314,3.072802070528269,0,0,0,0.8301706239398619,1.3818500899929872e-05,0.07891745863949949,0.0908980989197387,6f7e5ee496551ab2bdb10dfa3170ed0e9efa6c1f
conditional_hierarchical_setup_price_v1,107,3.274017362855375,3.1169882975518703,0,0,0,0.8301706239398619,1.3818500899929872e-05,0.07891745863949949,0.0908980989197387,6f7e5ee496551ab2bdb10dfa3170ed0e9efa6c1f
conditional_hierarchical_setup_price_v1,108,3.2754840422421694,3.2130947336554527,0,0,0,0.8301706239398619,1.3818500899929872e-05,0.07891745863949949,0.0908980989197387,6f7e5ee496551ab2bdb10dfa3170ed0e9efa6c1f
conditional_hierarchical_setup_price_v1,109,3.296560626477003,3.4940142184495926,1,1,1,0.8301706239398619,1.3818500899929872e-05,0.07891745863949949,0.0908980989197387,6f7e5ee496551ab2bdb10dfa3170ed0e9efa6c1f
conditional_hierarchical_setup_price_v1,110,3.2558027375489473,3.137981239706278,0,0,0,0.8301706239398619,1.3818500899929872e-05,0.07891745863949949,0.0908980989197387,6f7e5ee496551ab2bdb10dfa3170ed0e9efa6c1f
conditional_hierarchical_setup_price_v1,111,3.2559990976005793,3.159821778535843,0,0,0,0.8301706239398619,1.3818500899929872e-05,0.07891745863949949,0.0908980989197387,6f7e5ee496551ab2bdb10dfa3170ed0e9efa6c1f
conditional_hierarchical_setup_price_v1,112,3.271142588928342,3.280924167484045,1,1,1,0.8301706239398619,1.3818500899929872e-05,0.07891745863949949,0.0908980989197387,6f7e5ee496551ab2bdb10dfa3170ed0e9efa6c1f
conditional_hierarchical_setup_price_v1,113,3.3241645572707057,3.2001404091715813,0,0,0,0.8301706239398619,1.3818500899929872e-05,0.07891745863949949,0.0908980989197387,6f7e5ee496551ab2bdb10dfa3170ed0e9efa6c1f
conditional_hierarchical_setup_price_v1,114,3.3167983777821064,3.4968996420502663,1,1,1,0.8301706239398619,1.3818500899929872e-05,0.07891745863949949,0.0908980989197387,6f7e5ee496551ab2bdb10dfa3170ed0e9efa6c1f
conditional_hierarchical_setup_price_v1,115,3.249669927172363,3.3603934571146965,1,1,1,0.8301706239398619,1.3818500899929872e-05,0.07891745863949949,0.0908980989197387,6f7e5ee496551ab2bdb10dfa3170ed0e9efa6c1f
conditional_hierarchical_setup_price_v1,116,3.250510562211275,3.31393089145422,1,1,1,0.8301706239398619,1.3818500899929872e-05,0.07891745863949949,0.0908980989197387,6f7e5ee496551ab2bdb10dfa3170ed0e9efa6c1f
conditional_hierarchical_setup_price_v1,117,3.2931881537660956,3.3179372549057007,1,1,1,0.8301706239398619,1.3818500899929872e-05,0.07891745863949949,0.0908980989197387,6f7e5ee496551ab2bdb10dfa3170ed0e9efa6c1f
conditional_hierarchical_setup_price_v1,118,3.2645473210141063,3.325202129781246,1,1,1,0.8301706239398619,1.3818500899929872e-05,0.07891745863949949,0.0908980989197387,6f7e5ee496551ab2bdb10dfa3170ed0e9efa6c1f
conditional_hierarchical_setup_price_v1,119,3.246628441847861,3.035514522343874,0,0,0,0.8301706239398619,1.3818500899929872e-05,0.07891745863949949,0.0908980989197387,6f7e5ee496551ab2bdb10dfa3170ed0e9efa6c1f
conditional_hierarchical_setup_price_v1,120,3.166212639771402,3.1294879503548145,0,0,0,0.8301706239398619,1.3818500899929872e-05,0.07891745863949949,0.0908980989197387,6f7e5ee496551ab2bdb10dfa3170ed0e9efa6c1f
conditional_hierarchical_setup_price_v1,121,3.205954013392329,3.104327991604805,0,0,0,0.8301706239398619,1.3818500899929872e-05,0.07891745863949949,0.0908980989197387,6f7e5ee496551ab2bdb10dfa3170ed0e9efa6c1f
conditional_hierarchical_setup_price_v1,122,3.261887989938259,3.078846074640751,0,0,0,0.8301706239398619,1.3818500899929872e-05,0.07891745863949949,0.0908980989197387,6f7e5ee496551ab2bdb10dfa3170ed0e9efa6c1f
conditional_hierarchical_setup_price_v1,123,3.197718495503068,3.326437808573246,1,1,1,0.8301706239398619,1.3818500899929872e-05,0.07891745863949949,0.0908980989197387,6f7e5ee496551ab2bdb10dfa3170ed0e9efa6c1f
conditional_hierarchical_setup_price_v1,124,3.243406522087753,3.433333896100521,1,1,1,0.8301706239398619,1.3818500899929872e-05,0.07891745863949949,0.0908980989197387,6f7e5ee496551ab2bdb10dfa3170ed0e9efa6c1f
conditional_hierarchical_setup_price_v1,125,3.309724093414843,3.2042001374065876,0,0,0,0.8301706239398619,1.3818500899929872e-05,0.07891745863949949,0.0908980989197387,6f7e5ee496551ab2bdb10dfa3170ed0e9efa6c1f
conditional_hierarchical_setup_price_v1,126,3.292514504864812,3.562354017049074,1,1,1,0.8301706239398619,1.3818500899929872e-05,0.07891745863949949,0.0908980989197387,6f7e5ee496551ab2bdb10dfa3170ed0e9efa6c1f
conditional_hierarchical_setup_price_v1,127,3.3077431097626686,3.039210941642523,0,0,0,0.8301706239398619,1.3818500899929872e-05,0.07891745863949949,0.0908980989197387,6f7e5ee496551ab2bdb10dfa3170ed0e9efa6c1f
conditional_hierarchical_setup_price_v1,128,3.267608778551221,3.145372588187456,0,0,0,0.8301706239398619,1.3818500899929872e-05,0.07891745863949949,0.0908980989197387,6f7e5ee496551ab2bdb10dfa3170ed0e9efa6c1f
conditional_hierarchical_setup_price_v1,129,3.201448116451502,3.151521924883127,0,0,0,0.8301706239398619,1.3818500899929872e-05,0.07891745863949949,0.0908980989197387,6f7e5ee496551ab2bdb10dfa3170ed0e9efa6c1f
conditional_hierarchical_setup_price_v1,130,3.224503891542554,3.358368296176195,1,1,1,0.8301706239398619,1.3818500899929872e-05,0.07891745863949949,0.0908980989197387,6f7e5ee496551ab2bdb10dfa3170ed0e9efa6c1f
conditional_hierarchical_setup_price_v1,131,3.2932243635877967,2.9951061122119427,0,0,0,0.8301706239398619,1.3818500899929872e-05,0.07891745863949949,0.0908980989197387,6f7e5ee496551ab2bdb10dfa3170ed0e9efa6c1f
conditional_hierarchical_setup_price_v1,132,3.243286474607885,3.2583669759333134,1,1,1,0.8301706239398619,1.3818500899929872e-05,0.07891745863949949,0.0908980989197387,6f7e5ee496551ab2bdb10dfa3170ed0e9efa6c1f
conditional_hierarchical_setup_price_v1,133,3.2645292906090617,3.0849702656269073,0,0,0,0.8301706239398619,1.3818500899929872e-05,0.07891745863949949,0.0908980989197387,6f7e5ee496551ab2bdb10dfa3170ed0e9efa6c1f
conditional_hierarchical_setup_price_v1,134,3.256764695979655,3.642723336815834,1,1,1,0.8301706239398619,1.3818500899929872e-05,0.07891745863949949,0.0908980989197387,6f7e5ee496551ab2bdb10dfa3170ed0e9efa6c1f
conditional_hierarchical_setup_price_v1,135,3.2858035154640675,3.15578980371356,0,0,0,0.8301706239398619,1.3818500899929872e-05,0.07891745863949949,0.0908980989197387,6f7e5ee496551ab2bdb10dfa3170ed0e9efa6c1f
conditional_hierarchical_setup_price_v1,136,3.2075346540659666,3.4860781393945217,1,1,1,0.8301706239398619,1.3818500899929872e-05,0.07891745863949949,0.0908980989197387,6f7e5ee496551ab2bdb10dfa3170ed0e9efa6c1f
conditional_hierarchical_setup_price_v1,137,3.195607904344797,3.1472197733819485,0,0,0,0.8301706239398619,1.3818500899929872e-05,0.07891745863949949,0.0908980989197387,6f7e5ee496551ab2bdb10dfa3170ed0e9efa6c1f
conditional_hierarchical_setup_price_v1,138,3.188763437792659,3.2344921492040157,1,1,1,0.8301706239398619,1.3818500899929872e-05,0.07891745863949949,0.0908980989197387,6f7e5ee496551ab2bdb10dfa3170ed0e9efa6c1f
conditional_hierarchical_setup_price_v1,139,3.3110978454351425,3.6760463379323483,1,1,1,0.8301706239398619,1.3818500899929872e-05,0.07891745863949949,0.0908980989197387,6f7e5ee496551ab2bdb10dfa3170ed0e9efa6c1f
conditional_hierarchical_setup_price_v1,140,3.291241847909987,2.8975779190659523,0,0,0,0.8301706239398619,1.3818500899929872e-05,0.07891745863949949,0.0908980989197387,6f7e5ee496551ab2bdb10dfa3170ed0e9efa6c1f
conditional_hierarchical_setup_price_v1,141,3.249346986413002,3.403702564537525,1,1,1,0.8301706239398619,1.3818500899929872e-05,0.07891745863949949,0.0908980989197387,6f7e5ee496551ab2bdb10dfa3170ed0e9efa6c1f
conditional_hierarchical_setup_price_v1,142,3.2681353483349085,3.363907616585493,1,1,1,0.8301706239398619,1.3818500899929872e-05,0.07891745863949949,0.0908980989197387,6f7e5ee496551ab2bdb10dfa3170ed0e9efa6c1f
conditional_hierarchical_setup_price_v1,143,3.336234465241432,3.5002375952899456,1,1,1,0.8301706239398619,1.3818500899929872e-05,0.07891745863949949,0.0908980989197387,6f7e5ee496551ab2bdb10dfa3170ed0e9efa6c1f
conditional_hierarchical_setup_price_v1,144,3.2134012086316943,3.4129939042031765,1,1,1,0.8301706239398619,1.3818500899929872e-05,0.07891745863949949,0.0908980989197387,6f7e5ee496551ab2bdb10dfa3170ed0e9efa6c1f
conditional_hierarchical_setup_price_v1,145,3.2946068607270718,3.2795142382383347,0,0,0,0.8301706239398619,1.3818500899929872e-05,0.07891745863949949,0.0908980989197387,6f7e5ee496551ab2bdb10dfa3170ed0e9efa6c1f
conditional_hierarchical_setup_price_v1,146,3.2215793058276176,3.416189830750227,1,1,1,0.8301706239398619,1.3818500899929872e-05,0.07891745863949949,0.0908980989197387,6f7e5ee496551ab2bdb10dfa3170ed0e9efa6c1f
conditional_hierarchical_setup_price_v1,147,3.2704445952549577,3.3256676979362965,1,1,1,0.8301706239398619,1.3818500899929872e-05,0.07891745863949949,0.0908980989197387,6f7e5ee496551ab2bdb10dfa3170ed0e9efa6c1f
conditional_hierarchical_setup_price_v1,148,3.284199023619294,3.374972753226757,1,1,1,0.8301706239398619,1.3818500899929872e-05,0.07891745863949949,0.0908980989197387,6f7e5ee496551ab2bdb10dfa3170ed0e9efa6c1f
conditional_hierarchical_setup_price_v1,149,3.2577395997941494,3.3672980032861233,1,1,1,0.8301706239398619,1.3818500899929872e-05,0.07891745863949949,0.0908980989197387,6f7e5ee496551ab2bdb10dfa3170ed0e9efa6c1f
conditional_hierarchical_setup_price_v1,150,3.2338132057338953,3.3265389502048492,1,1,1,0.8301706239398619,1.3818500899929872e-05,0.07891745863949949,0.0908980989197387,6f7e5ee496551ab2bdb10dfa3170ed0e9efa6c1f
conditional_hierarchical_setup_price_v1,151,3.263012347742915,3.4730746410787106,1,1,1,0.8301706239398619,1.3818500899929872e-05,0.07891745863949949,0.0908980989197387,6f7e5ee496551ab2bdb10dfa3170ed0e9efa6c1f
conditional_hierarchical_setup_price_v1,152,3.2750105764716864,3.329124953597784,1,1,1,0.8301706239398619,1.3818500899929872e-05,0.07891745863949949,0.0908980989197387,6f7e5ee496551ab2bdb10dfa3170ed0e9efa6c1f
conditional_hierarchical_setup_price_v1,153,3.2050162367522717,3.498663567006588,1,1,1,0.8301706239398619,1.3818500899929872e-05,0.07891745863949949,0.0908980989197387,6f7e5ee496551ab2bdb10dfa3170ed0e9efa6c1f
conditional_hierarchical_setup_price_v1,154,3.218010300770402,3.1045074574649334,0,0,0,0.8301706239398619,1.3818500899929872e-05,0.07891745863949949,0.0908980989197387,6f7e5ee496551ab2bdb10dfa3170ed0e9efa6c1f
conditional_hierarchical_setup_price_v1,155,3.29249604139477,3.16985584795475,0,0,0,0.8301706239398619,1.3818500899929872e-05,0.07891745863949949,0.0908980989197387,6f7e5ee496551ab2bdb10dfa3170ed0e9efa6c1f
conditional_hierarchical_setup_price_v1,156,3.241536319255829,3.352328483015299,1,1,1,0.8301706239398619,1.3818500899929872e-05,0.07891745863949949,0.0908980989197387,6f7e5ee496551ab2bdb10dfa3170ed0e9efa6c1f
conditional_hierarchical_setup_price_v1,157,3.205031012184918,3.140441980212927,0,0,0,0.8301706239398619,1.3818500899929872e-05,0.07891745863949949,0.0908980989197387,6f7e5ee496551ab2bdb10dfa3170ed0e9efa6c1f
conditional_hierarchical_setup_price_v1,158,3.2400669110938907,3.0422174371778965,0,0,0,0.8301706239398619,1.3818500899929872e-05,0.07891745863949949,0.0908980989197387,6f7e5ee496551ab2bdb10dfa3170ed0e9efa6c1f
conditional_hierarchical_setup_price_v1,159,3.320263233035803,3.1877830624580383,0,0,0,0.8301706239398619,1.3818500899929872e-05,0.07891745863949949,0.0908980989197387,6f7e5ee496551ab2bdb10dfa3170ed0e9efa6c1f
conditional_hierarchical_setup_price_v1,160,3.2420997507870197,3.342348523437977,1,1,1,0.8301706239398619,1.3818500899929872e-05,0.07891745863949949,0.0908980989197387,6f7e5ee496551ab2bdb10dfa3170ed0e9efa6c1f
conditional_hierarchical_setup_price_v1,161,3.207440134137869,3.227082919329405,1,1,1,0.8301706239398619,1.3818500899929872e-05,0.07891745863949949,0.0908980989197387,6f7e5ee496551ab2bdb10dfa3170ed0e9efa6c1f
conditional_hierarchical_setup_price_v1,162,3.28770169056952,3.2566532492637634,0,0,0,0.8301706239398619,1.3818500899929872e-05,0.07891745863949949,0.0908980989197387,6f7e5ee496551ab2bdb10dfa3170ed0e9efa6c1f
conditional_hierarchical_setup_price_v1,163,3.2041573338210583,3.0731825157999992,0,0,0,0.8301706239398619,1.3818500899929872e-05,0.07891745863949949,0.0908980989197387,6f7e5ee496551ab2bdb10dfa3170ed0e9efa6c1f
conditional_hierarchical_setup_price_v1,164,3.2609570072963834,3.314229380339384,1,1,1,0.8301706239398619,1.3818500899929872e-05,0.07891745863949949,0.0908980989197387,6f7e5ee496551ab2bdb10dfa3170ed0e9efa6c1f
conditional_hierarchical_setup_price_v1,165,3.2713067485019565,3.3602490089833736,1,1,1,0.8301706239398619,1.3818500899929872e-05,0.07891745863949949,0.0908980989197387,6f7e5ee496551ab2bdb10dfa3170ed0e9efa6c1f
conditional_hierarchical_setup_price_v1,166,3.2574332179501653,3.0803900212049484,0,0,0,0.8301706239398619,1.3818500899929872e-05,0.07891745863949949,0.0908980989197387,6f7e5ee496551ab2bdb10dfa3170ed0e9efa6c1f
conditional_hierarchical_setup_price_v1,167,3.299633418209851,3.6948411725461483,1,1,1,0.8301706239398619,1.3818500899929872e-05,0.07891745863949949,0.0908980989197387,6f7e5ee496551ab2bdb10dfa3170ed0e9efa6c1f
conditional_hierarchical_setup_price_v1,168,3.1823644461110234,3.183143027126789,1,1,1,0.8301706239398619,1.3818500899929872e-05,0.07891745863949949,0.0908980989197387,6f7e5ee496551ab2bdb10dfa3170ed0e9efa6c1f
conditional_hierarchical_setup_price_v1,169,3.2299375161528587,3.3894418738782406,1,1,1,0.8301706239398619,1.3818500899929872e-05,0.07891745863949949,0.0908980989197387,6f7e5ee496551ab2bdb10dfa3170ed0e9efa6c1f
conditional_hierarchical_setup_price_v1,170,3.2317894836887713,3.2272273674607277,0,0,0,0.8301706239398619,1.3818500899929872e-05,0.07891745863949949,0.0908980989197387,6f7e5ee496551ab2bdb10dfa3170ed0e9efa6c1f
conditional_hierarchical_setup_price_v1,171,3.1761201890185475,3.450851608067751,1,1,1,0.8301706239398619,1.3818500899929872e-05,0.07891745863949949,0.0908980989197387,6f7e5ee496551ab2bdb10dfa3170ed0e9efa6c1f
conditional_hierarchical_setup_price_v1,172,3.284896956756711,3.3552310429513454,1,1,1,0.8301706239398619,1.3818500899929872e-05,0.07891745863949949,0.0908980989197387,6f7e5ee496551ab2bdb10dfa3170ed0e9efa6c1f
conditional_hierarchical_setup_price_v1,173,3.248107312247157,3.367848973721266,1,1,1,0.8301706239398619,1.3818500899929872e-05,0.07891745863949949,0.0908980989197387,6f7e5ee496551ab2bdb10dfa3170ed0e9efa6c1f
conditional_hierarchical_setup_price_v1,174,3.290293221361935,2.9439732432365417,0,0,0,0.8301706239398619,1.3818500899929872e-05,0.07891745863949949,0.0908980989197387,6f7e5ee496551ab2bdb10dfa3170ed0e9efa6c1f
conditional_hierarchical_setup_price_v1,175,3.20333797018975,3.027038648724556,0,0,0,0.8301706239398619,1.3818500899929872e-05,0.07891745863949949,0.0908980989197387,6f7e5ee496551ab2bdb10dfa3170ed0e9efa6c1f
conditional_hierarchical_setup_price_v1,176,3.2460996182635427,3.1981184147298336,0,0,0,0.8301706239398619,1.3818500899929872e-05,0.07891745863949949,0.0908980989197387,6f7e5ee496551ab2bdb10dfa3170ed0e9efa6c1f
conditional_hierarchical_setup_price_v1,177,3.2724129734560847,3.56167983263731,1,1,1,0.8301706239398619,1.3818500899929872e-05,0.07891745863949949,0.0908980989197387,6f7e5ee496551ab2bdb10dfa3170ed0e9efa6c1f
conditional_hierarchical_setup_price_v1,178,3.248649025335908,3.342661913484335,1,1,1,0.8301706239398619,1.3818500899929872e-05,0.07891745863949949,0.0908980989197387,6f7e5ee496551ab2bdb10dfa3170ed0e9efa6c1f
conditional_hierarchical_setup_price_v1,179,3.253203113563359,3.102672565728426,0,0,0,0.8301706239398619,1.3818500899929872e-05,0.07891745863949949,0.0908980989197387,6f7e5ee496551ab2bdb10dfa3170ed0e9efa6c1f
conditional_hierarchical_setup_price_v1,180,3.240817654877901,3.347881231456995,1,1,1,0.8301706239398619,1.3818500899929872e-05,0.07891745863949949,0.0908980989197387,6f7e5ee496551ab2bdb10dfa3170ed0e9efa6c1f
conditional_hierarchical_setup_price_v1,181,3.2233844650909305,3.4385344944894314,1,1,1,0.8301706239398619,1.3818500899929872e-05,0.07891745863949949,0.0908980989197387,6f7e5ee496551ab2bdb10dfa3170ed0e9efa6c1f
conditional_hierarchical_setup_price_v1,182,3.2425109623000026,3.2813924364745617,1,1,1,0.8301706239398619,1.3818500899929872e-05,0.07891745863949949,0.0908980989197387,6f7e5ee496551ab2bdb10dfa3170ed0e9efa6c1f
conditional_hierarchical_setup_price_v1,183,3.2922943169251084,3.4082881174981594,1,1,1,0.8301706239398619,1.3818500899929872e-05,0.07891745863949949,0.0908980989197387,6f7e5ee496551ab2bdb10dfa3170ed0e9efa6c1f
conditional_hierarchical_setup_price_v1,184,3.2726723700761795,3.270330373197794,0,0,0,0.8301706239398619,1.3818500899929872e-05,0.07891745863949949,0.0908980989197387,6f7e5ee496551ab2bdb10dfa3170ed0e9efa6c1f
conditional_hierarchical_setup_price_v1,185,3.1891633570194244,3.2107393257319927,1,1,1,0.8301706239398619,1.3818500899929872e-05,0.07891745863949949,0.0908980989197387,6f7e5ee496551ab2bdb10dfa3170ed0e9efa6c1f
conditional_hierarchical_setup_price_v1,186,3.2542877783998847,3.176708985120058,0,0,0,0.8301706239398619,1.3818500899929872e-05,0.07891745863949949,0.0908980989197387,6f7e5ee496551ab2bdb10dfa3170ed0e9efa6c1f
conditional_hierarchical_setup_price_v1,187,3.2593806739896536,2.992865350097418,0,0,0,0.8301706239398619,1.3818500899929872e-05,0.07891745863949949,0.0908980989197387,6f7e5ee496551ab2bdb10dfa3170ed0e9efa6c1f
conditional_hierarchical_setup_price_v1,188,3.2023122906684875,3.170133661478758,0,0,0,0.8301706239398619,1.3818500899929872e-05,0.07891745863949949,0.0908980989197387,6f7e5ee496551ab2bdb10dfa3170ed0e9efa6c1f
conditional_hierarchical_setup_price_v1,189,3.333303281106055,3.032664116472006,0,0,0,0.8301706239398619,1.3818500899929872e-05,0.07891745863949949,0.0908980989197387,6f7e5ee496551ab2bdb10dfa3170ed0e9efa6c1f
conditional_hierarchical_setup_price_v1,190,3.287083189934492,3.364175744354725,1,1,1,0.8301706239398619,1.3818500899929872e-05,0.07891745863949949,0.0908980989197387,6f7e5ee496551ab2bdb10dfa3170ed0e9efa6c1f
conditional_hierarchical_setup_price_v1,191,3.259957884438336,3.441335540264845,1,1,1,0.8301706239398619,1.3818500899929872e-05,0.07891745863949949,0.0908980989197387,6f7e5ee496551ab2bdb10dfa3170ed0e9efa6c1f
conditional_hierarchical_setup_price_v1,192,3.2964467676356435,3.2024692744016647,0,0,0,0.8301706239398619,1.3818500899929872e-05,0.07891745863949949,0.0908980989197387,6f7e5ee496551ab2bdb10dfa3170ed0e9efa6c1f
conditional_hierarchical_setup_price_v1,193,3.322994443587959,3.35999159142375,1,1,1,0.8301706239398619,1.3818500899929872e-05,0.07891745863949949,0.0908980989197387,6f7e5ee496551ab2bdb10dfa3170ed0e9efa6c1f
conditional_hierarchical_setup_price_v1,194,3.231442333199084,3.0869055539369583,0,0,0,0.8301706239398619,1.3818500899929872e-05,0.07891745863949949,0.0908980989197387,6f7e5ee496551ab2bdb10dfa3170ed0e9efa6c1f
conditional_hierarchical_setup_price_v1,195,3.260866585187614,3.3695077523589134,1,1,1,0.8301706239398619,1.3818500899929872e-05,0.07891745863949949,0.0908980989197387,6f7e5ee496551ab2bdb10dfa3170ed0e9efa6c1f
conditional_hierarchical_setup_price_v1,196,3.2366897771134973,2.9608570970594883,0,0,0,0.8301706239398619,1.3818500899929872e-05,0.07891745863949949,0.0908980989197387,6f7e5ee496551ab2bdb10dfa3170ed0e9efa6c1f
conditional_hierarchical_setup_price_v1,197,3.2259644474834204,3.2094710506498814,0,0,0,0.8301706239398619,1.3818500899929872e-05,0.07891745863949949,0.0908980989197387,6f7e5ee496551ab2bdb10dfa3170ed0e9efa6c1f
conditional_hierarchical_setup_price_v1,198,3.219016478396952,3.4701851196587086,1,1,1,0.8301706239398619,1.3818500899929872e-05,0.07891745863949949,0.0908980989197387,6f7e5ee496551ab2bdb10dfa3170ed0e9efa6c1f
conditional_hierarchical_setup_price_v1,199,3.276284341700375,3.0280184000730515,0,0,0,0.8301706239398619,1.3818500899929872e-05,0.07891745863949949,0.0908980989197387,6f7e5ee496551ab2bdb10dfa3170ed0e9efa6c1f
