delta,planted,rep,band,theta_hat,truth,known_location_accept,planted_rank,rank_le_3,rank_le_5,search_promoted,final_accept,rank_of_max_true,regret,selected,n_promoted
0.0,rsi<35&rs,3,0.31844206777074263,-0.047170621913962395,0.0,False,24,False,False,False,False,27,0.0,adx-1,0
0.0,sig_lead_in_lag+sig_h1_dr,3,0.31591766223447,0.0328090029210895,0.0,False,9,False,False,False,False,27,0.0,adx-1,0
0.0,¬sig_rs_intact,2,0.48186069585459856,-0.058986170166115195,0.0,False,30,False,False,False,False,16,0.0,sig_macro_vix_up,0
0.0,rsi50-65,3,0.3224935599998525,0.00878190678947675,0.0,False,14,False,False,False,False,27,0.0,adx-1,0
0.0,adx1&rs,2,0.4913959242650703,0.1823490755282235,0.0,False,6,False,False,False,False,16,0.0,sig_macro_vix_up,0
0.0,rsi35-50,2,0.5000400429926019,0.06938108813983054,0.0,False,11,False,False,False,False,16,0.0,sig_macro_vix_up,0
0.0,adx2,4,0.6230087922580866,0.04240093458674392,0.0,False,14,False,False,False,False,25,0.0,adx-1,0
0.0,sig_lead_in_lag+sig_h1_dr,4,0.6374929577870838,0.15337568081214195,0.0,False,3,True,True,False,False,25,0.0,adx-1,0
0.0,sig_lead_in_lag+sig_macro_vix_up,3,0.32150198859129736,-0.28037945560638633,0.0,False,37,False,False,False,False,27,0.0,adx-1,0
0.0,rsi35-50,1,0.32238831806312773,-0.07858270807641282,0.0,False,34,False,False,False,False,17,0.0,rsi<35&rs,1
0.0,¬sig_lead_in_lag,4,0.6287013479265572,-0.16445263237436053,0.0,False,37,False,False,False,False,25,0.0,adx-1,0
0.0,sig_rs_intact+sig_conso,3,0.3372704509011807,-0.12336404964586933,0.0,False,33,False,False,False,False,27,0.0,adx-1,0
0.0,sig_conso+sig_lead_in_lag+sig_h1_dr,2,0.48127345035269226,-0.14688693549066525,0.0,False,36,False,False,False,False,16,0.0,sig_macro_vix_up,0
0.0,¬sig_macro_vix_up,2,0.4789063543705574,-0.3330616185030305,0.0,False,37,False,False,False,False,16,0.0,sig_macro_vix_up,0
0.0,sig_lead_in_lag,3,0.3338615165222832,-0.033121315810831116,0.0,False,23,False,False,False,False,27,0.0,adx-1,0
0.0,sig_conso+sig_lead_in_lag+sig_h1_dr,0,0.5858579830208196,0.019028574833634,0.0,False,20,False,False,False,False,19,0.0,sig_lead_in_lag+sig_macro_vix_up,0
0.0,adx2&rs,4,0.6097388886347369,0.12241702628725086,0.0,False,6,False,False,False,False,25,0.0,adx-1,0
0.0,sig_rs_intact+sig_conso,2,0.513135926491667,-0.0025150414972510042,0.0,False,21,False,False,False,False,16,0.0,sig_macro_vix_up,0
0.0,¬sig_lead_in_lag,0,0.5757242190043289,-0.09973760183479267,0.0,False,33,False,False,False,False,19,0.0,sig_lead_in_lag+sig_macro_vix_up,0
0.0,adx3&rs,2,0.47066459300830527,-0.08847768490012138,0.0,False,33,False,False,False,False,16,0.0,sig_macro_vix_up,0
0.0,sig_h1_dr+sig_macro_vix_up,0,0.581589578046966,0.37177416344678105,0.0,False,3,True,True,False,False,19,0.0,sig_lead_in_lag+sig_macro_vix_up,0
0.0,sig_macro_vix_up,3,0.33739756522641645,8.626565475334932e-05,0.0,False,18,False,False,False,False,27,0.0,adx-1,0
0.0,rsi<35,4,0.6222297960996169,-0.01762563602469491,0.0,False,29,False,False,False,False,25,0.0,adx-1,0
0.0,adx1&rs,0,0.6119616801439614,-0.09209330777680835,0.0,False,32,False,False,False,False,19,0.0,sig_lead_in_lag+sig_macro_vix_up,0
0.0,rsi35-50,4,0.6164028377952834,0.016663829165378362,0.0,False,19,False,False,False,False,25,0.0,adx-1,0
0.0,sig_conso+sig_macro_vix_up,2,0.46638576506428986,0.3466230245403569,0.0,False,2,True,True,False,False,16,0.0,sig_macro_vix_up,0
0.0,sig_rs_intact+sig_macro_vix_up,2,0.5035757623288362,0.31281411819541044,0.0,False,4,False,True,False,False,16,0.0,sig_macro_vix_up,0
0.0,sig_conso+sig_h1_dr,2,0.4798674705213087,0.06320830386788012,0.0,False,14,False,False,False,False,16,0.0,sig_macro_vix_up,0
0.0,rsi>=65,0,0.574186377123621,-0.08006836603900921,0.0,False,31,False,False,False,False,19,0.0,sig_lead_in_lag+sig_macro_vix_up,0
0.0,rsi50-65,4,0.6107488658114878,0.02688609363854156,0.0,False,18,False,False,False,False,25,0.0,adx-1,0
0.0,rsi50-65&rs,1,0.3298181203509593,0.009096783496871399,0.0,False,21,False,False,False,False,17,0.0,rsi<35&rs,1
0.0,rsi50-65&conso,3,0.32456760108290095,0.015011892775983023,0.0,False,12,False,False,False,False,27,0.0,adx-1,0
0.0,¬sig_conso,0,0.6082353974076913,0.03779850568027297,0.0,False,18,False,False,False,False,19,0.0,sig_lead_in_lag+sig_macro_vix_up,0
0.0,¬sig_macro_vix_up,0,0.5583653005371858,-0.3087500898456882,0.0,False,37,False,False,False,False,19,0.0,sig_lead_in_lag+sig_macro_vix_up,0
0.0,¬sig_h1_dr,3,0.3101119299910277,0.1282241819576416,0.0,False,3,True,True,False,False,27,0.0,adx-1,0
0.0,sig_h1_dr,1,0.3333962290098591,0.013403326660457085,0.0,False,20,False,False,False,False,17,0.0,rsi<35&rs,1
0.0,sig_rs_intact+sig_macro_vix_up,1,0.31618834549553926,0.13228825035594208,0.0,False,4,False,True,False,False,17,0.0,rsi<35&rs,1
0.0,sig_conso+sig_lead_in_lag+sig_h1_dr,3,0.32853914876030493,-0.03013258346034092,0.0,False,21,False,False,False,False,27,0.0,adx-1,0
0.0,rsi<35&conso,4,0.6315136885288942,0.042910875758396506,0.0,False,13,False,False,False,False,25,0.0,adx-1,0
0.0,sig_rs_intact,1,0.32439308880777895,0.05537121413632763,0.0,False,17,False,False,False,False,17,0.0,rsi<35&rs,1
0.0,rsi35-50&conso,1,0.2988765061889249,0.045341937013371275,0.0,False,18,False,False,False,False,17,0.0,rsi<35&rs,1
0.0,adx-1,3,0.31967303533296665,0.30042363737022865,0.0,False,1,True,True,False,False,27,0.0,adx-1,0
0.0,rsi35-50&rs,0,0.613323985166343,0.06049569453825831,0.0,False,17,False,False,False,False,19,0.0,sig_lead_in_lag+sig_macro_vix_up,0
0.0,adx3&rs,3,0.3165586978384642,-0.08289779154322127,0.0,False,28,False,False,False,False,27,0.0,adx-1,0
0.0,adx2&rs,0,0.5632529844665852,0.20405414885356318,0.0,False,7,False,False,False,False,19,0.0,sig_lead_in_lag+sig_macro_vix_up,0
0.0,rsi50-65&conso,1,0.3286703087267098,-0.04977561880181071,0.0,False,31,False,False,False,False,17,0.0,rsi<35&rs,1
0.0,adx2&rs,2,0.49664332826793167,0.06873739987450257,0.0,False,12,False,False,False,False,16,0.0,sig_macro_vix_up,0
0.0,sig_conso+sig_macro_vix_up,4,0.6269179413731631,0.011066262011490972,0.0,False,23,False,False,False,False,25,0.0,adx-1,0
0.0,rsi>=65,1,0.3320083342055706,0.12354713603827842,0.0,False,7,False,False,False,False,17,0.0,rsi<35&rs,1
0.0,sig_conso,4,0.6238505253417063,0.016228636648389923,0.0,False,20,False,False,False,False,25,0.0,adx-1,0
0.0,sig_h1_dr,2,0.5060244340755142,0.08907162547317865,0.0,False,10,False,False,False,False,16,0.0,sig_macro_vix_up,0
0.0,rsi>=65,4,0.6022252277332639,-0.006548598734971669,0.0,False,27,False,False,False,False,25,0.0,adx-1,0
0.0,adx1&rs,1,0.3251871976403411,0.08531509840299445,0.0,False,13,False,False,False,False,17,0.0,rsi<35&rs,1
0.0,¬sig_macro_vix_up,1,0.3247434425834684,0.005051886354131403,0.0,False,22,False,False,False,False,17,0.0,rsi<35&rs,1
0.0,sig_h1_dr+sig_macro_vix_up,3,0.3132602561072646,-0.22751052888523002,0.0,False,36,False,False,False,False,27,0.0,adx-1,0
0.0,rsi<35&conso,3,0.3073441379020072,0.10190289639944168,0.0,False,4,False,True,False,False,27,0.0,adx-1,0
0.0,sig_conso+sig_macro_vix_up,0,0.5889148273469695,0.2694416369319344,0.0,False,5,False,True,False,False,19,0.0,sig_lead_in_lag+sig_macro_vix_up,0
0.0,sig_h1_dr+sig_macro_vix_up,1,0.34915487272365836,-0.0037249673631935196,0.0,False,24,False,False,False,False,17,0.0,rsi<35&rs,1
0.0,rsi35-50&rs,3,0.31752806654942645,-0.08782067191364687,0.0,False,31,False,False,False,False,27,0.0,adx-1,0
0.0,rsi>=65,2,0.4838063818232973,0.05922103920551959,0.0,False,15,False,False,False,False,16,0.0,sig_macro_vix_up,0
0.0,adx3,3,0.330567629511666,-0.08433352918844604,0.0,False,29,False,False,False,False,27,0.0,adx-1,0
0.0,sig_conso+sig_lead_in_lag,4,0.6249717360989333,0.13278500010076005,0.0,False,5,False,True,False,False,25,0.0,adx-1,0
0.0,rsi50-65,2,0.5043715063473565,-0.029170394225922505,0.0,False,25,False,False,False,False,16,0.0,sig_macro_vix_up,0
0.0,sig_rs_intact,2,0.5044475309416201,0.05775894566926997,0.0,False,16,False,False,False,False,16,0.0,sig_macro_vix_up,0
0.0,adx3,0,0.5636062126781671,-0.01813011455849138,0.0,False,25,False,False,False,False,19,0.0,sig_lead_in_lag+sig_macro_vix_up,0
0.0,rsi<35&conso,2,0.49763659163337565,0.02544347198741338,0.0,False,19,False,False,False,False,16,0.0,sig_macro_vix_up,0
0.0,sig_lead_in_lag+sig_macro_vix_up,2,0.5113023362046719,0.22840071681305535,0.0,False,5,False,True,False,False,16,0.0,sig_macro_vix_up,0
0.0,rsi50-65,1,0.3405250816294214,-0.03274604439931373,0.0,False,30,False,False,False,False,17,0.0,rsi<35&rs,1
0.0,sig_conso+sig_lead_in_lag,0,0.5781699873192827,0.06853697363748903,0.0,False,15,False,False,False,False,19,0.0,sig_lead_in_lag+sig_macro_vix_up,0
0.0,sig_lead_in_lag+sig_macro_vix_up,4,0.6268750157086067,0.06529412667327715,0.0,False,10,False,False,False,False,25,0.0,adx-1,0
0.0,rsi<35&conso,1,0.33451852878887595,0.21583797455035125,0.0,False,2,True,True,False,False,17,0.0,rsi<35&rs,1
0.0,sig_conso+sig_lead_in_lag+sig_h1_dr,1,0.3273654600484946,0.11479699596567683,0.0,False,10,False,False,False,False,17,0.0,rsi<35&rs,1
0.0,sig_rs_intact+sig_macro_vix_up,0,0.5465455906052309,0.25740438553204575,0.0,False,6,False,False,False,False,19,0.0,sig_lead_in_lag+sig_macro_vix_up,0
0.0,rsi<35&rs,0,0.6097135907226862,0.37967087302750446,0.0,False,2,True,True,False,False,19,0.0,sig_lead_in_lag+sig_macro_vix_up,0
0.0,adx2,1,0.3232008312403633,-0.014880575811815134,0.0,False,25,False,False,False,False,17,0.0,rsi<35&rs,1
0.0,¬sig_conso,3,0.3226935995092293,-0.020632138434278528,0.0,False,19,False,False,False,False,27,0.0,adx-1,0
0.0,rsi50-65&conso,0,0.5555190035471936,-0.038329888500384185,0.0,False,27,False,False,False,False,19,0.0,sig_lead_in_lag+sig_macro_vix_up,0
0.0,rsi>=65,3,0.3118483630967837,-0.08464176744741263,0.0,False,30,False,False,False,False,27,0.0,adx-1,0
0.0,rsi50-65&rs,4,0.6223683982341947,0.032608495591120924,0.0,False,16,False,False,False,False,25,0.0,adx-1,0
0.0,sig_lead_in_lag+sig_h1_dr,2,0.4840428504112963,-0.002866168287206702,0.0,False,22,False,False,False,False,16,0.0,sig_macro_vix_up,0
0.0,rsi35-50&conso,4,0.6148698582581437,-0.0006583061757101903,0.0,False,26,False,False,False,False,25,0.0,adx-1,0
0.0,adx0,4,0.6122611971030376,-0.07666462239088305,0.0,False,35,False,False,False,False,25,0.0,adx-1,0
0.0,rsi<35,3,0.33177732244249886,-0.06164921722556481,0.0,False,26,False,False,False,False,27,0.0,adx-1,0
0.0,sig_conso+sig_h1_dr,1,0.32545409928134056,0.08959460863341391,0.0,False,12,False,False,False,False,17,0.0,rsi<35&rs,1
0.0,rsi35-50&conso,0,0.6048512319309954,0.00967786060522888,0.0,False,21,False,False,False,False,19,0.0,sig_lead_in_lag+sig_macro_vix_up,0
0.0,sig_conso,2,0.4893987559002827,0.027918799638177297,0.0,False,18,False,False,False,False,16,0.0,sig_macro_vix_up,0
0.0,sig_conso+sig_macro_vix_up,1,0.3402414664504653,0.0004170191783488752,0.0,False,23,False,False,False,False,17,0.0,rsi<35&rs,1
0.0,adx1,1,0.3539165542243212,0.12904756670416334,0.0,False,6,False,False,False,False,17,0.0,rsi<35&rs,1
0.0,adx3,1,0.3229089149677656,-0.08854502237037609,0.0,False,35,False,False,False,False,17,0.0,rsi<35&rs,1
0.0,sig_rs_intact,4,0.6311768453763069,0.01051204437340975,0.0,False,25,False,False,False,False,25,0.0,adx-1,0
0.0,rsi<35&conso,0,0.5747291672210239,0.11931997219800916,0.0,False,11,False,False,False,False,19,0.0,sig_lead_in_lag+sig_macro_vix_up,0
0.0,¬sig_lead_in_lag,3,0.31569203539128926,0.04477802601655533,0.0,False,8,False,False,False,False,27,0.0,adx-1,0
0.0,sig_h1_dr+sig_macro_vix_up,2,0.4857965821400915,0.34577954667427685,0.0,False,3,True,True,False,False,16,0.0,sig_macro_vix_up,0
0.0,rsi<35&rs,1,0.33043104190312234,0.3636535758280472,0.0,False,1,True,True,True,False,17,0.0,rsi<35&rs,1
0.0,adx3,2,0.49354878931623875,-0.06118251113848228,0.0,False,31,False,False,False,False,16,0.0,sig_macro_vix_up,0
0.0,adx2,3,0.31345449989884966,0.07432529597317122,0.0,False,6,False,False,False,False,27,0.0,adx-1,0
0.0,sig_lead_in_lag,0,0.5810461873702959,0.11597676855489525,0.0,False,12,False,False,False,False,19,0.0,sig_lead_in_lag+sig_macro_vix_up,0
0.0,sig_conso,0,0.5766773731223915,-0.02391970834901609,0.0,False,26,False,False,False,False,19,0.0,sig_lead_in_lag+sig_macro_vix_up,0
0.0,rsi<35&rs,2,0.4808330264983067,-0.09614499162991633,0.0,False,34,False,False,False,False,16,0.0,sig_macro_vix_up,0
0.0,¬sig_conso,4,0.6174611485040759,-0.012959416068081568,0.0,False,28,False,False,False,False,25,0.0,adx-1,0
0.0,¬sig_rs_intact,1,0.3351865549182493,-0.05005639726257113,0.0,False,32,False,False,False,False,17,0.0,rsi<35&rs,1
0.0,adx-1,0,0.5731828018705459,-0.16109823326488254,0.0,False,35,False,False,False,False,19,0.0,sig_lead_in_lag+sig_macro_vix_up,0
0.0,sig_conso+sig_h1_dr,4,0.6105640727609546,0.028468195911219536,0.0,False,17,False,False,False,False,25,0.0,adx-1,0
0.0,sig_lead_in_lag+sig_h1_dr,1,0.30815806725864764,0.03273335814635501,0.0,False,19,False,False,False,False,17,0.0,rsi<35&rs,1
0.0,adx0,3,0.30923561776418657,0.015113997918015298,0.0,False,11,False,False,False,False,27,0.0,adx-1,0
0.0,rsi50-65&rs,2,0.5024032335002756,0.014390829769797732,0.0,False,20,False,False,False,False,16,0.0,sig_macro_vix_up,0
0.0,¬sig_conso,1,0.32054899846611423,-0.120537717683135,0.0,False,36,False,False,False,False,17,0.0,rsi<35&rs,1
0.0,adx1,3,0.320597324415703,0.00415113178252295,0.0,False,16,False,False,False,False,27,0.0,adx-1,0
0.0,¬sig_macro_vix_up,4,0.6172989678736174,0.03688062117545399,0.0,False,15,False,False,False,False,25,0.0,adx-1,0
0.0,adx2,2,0.491586408715973,-0.036717468872604256,0.0,False,27,False,False,False,False,16,0.0,sig_macro_vix_up,0
0.0,sig_conso+sig_lead_in_lag,1,0.3391049786371075,0.1294662436711411,0.0,False,5,False,True,False,False,17,0.0,rsi<35&rs,1
0.0,rsi<35,0,0.5901193232134687,0.0616656490682234,0.0,False,16,False,False,False,False,19,0.0,sig_lead_in_lag+sig_macro_vix_up,0
0.0,rsi<35&rs,4,0.6207512119082236,0.15897251288995978,0.0,False,2,True,True,False,False,25,0.0,adx-1,0
0.0,sig_conso+sig_lead_in_lag,3,0.3270669346031804,-0.05533869306109419,0.0,False,25,False,False,False,False,27,0.0,adx-1,0
0.0,sig_conso+sig_h1_dr,3,0.3102585894046067,-0.16500494026276186,0.0,False,34,False,False,False,False,27,0.0,adx-1,0
0.0,sig_rs_intact+sig_macro_vix_up,4,0.6269581871130997,0.015869339440125453,0.0,False,21,False,False,False,False,25,0.0,adx-1,0
0.0,adx3&rs,4,0.6251332878999585,-0.04901566805809914,0.0,False,33,False,False,False,False,25,0.0,adx-1,0
0.0,sig_h1_dr,0,0.5965829849523369,0.1793160564573116,0.0,False,8,False,False,False,False,19,0.0,sig_lead_in_lag+sig_macro_vix_up,0
0.0,rsi35-50&rs,1,0.30280194993322174,-0.06968340614176578,0.0,False,33,False,False,False,False,17,0.0,rsi<35&rs,1
0.0,sig_conso+sig_macro_vix_up,3,0.32381706683752903,0.06866748345255634,0.0,False,7,False,False,False,False,27,0.0,adx-1,0
0.0,adx0,1,0.3361575086149273,-0.017050393324919175,0.0,False,26,False,False,False,False,17,0.0,rsi<35&rs,1
0.0,rsi35-50&conso,2,0.4851731348349779,0.06669862067754836,0.0,False,13,False,False,False,False,16,0.0,sig_macro_vix_up,0
0.0,sig_lead_in_lag,2,0.47907273064121,-0.050908374276504166,0.0,False,29,False,False,False,False,16,0.0,sig_macro_vix_up,0
0.0,sig_conso,1,0.3246675130012355,0.10523670261346317,0.0,False,11,False,False,False,False,17,0.0,rsi<35&rs,1
0.0,adx-1,1,0.3045725624326398,0.17673934235956115,0.0,False,3,True,True,False,False,17,0.0,rsi<35&rs,1
0.0,sig_conso+sig_lead_in_lag,2,0.4781079778796724,-0.10482149389035753,0.0,False,35,False,False,False,False,16,0.0,sig_macro_vix_up,0
0.0,sig_h1_dr,4,0.6537760344206812,0.04407797753828337,0.0,False,12,False,False,False,False,25,0.0,adx-1,0
0.0,adx0,2,0.48403672645410817,-0.004479650079156166,0.0,False,23,False,False,False,False,16,0.0,sig_macro_vix_up,0
0.0,¬sig_h1_dr,4,0.623372325390152,-0.03362973357844823,0.0,False,31,False,False,False,False,25,0.0,adx-1,0
0.0,adx1,0,0.5660091271386988,-0.0529564358340527,0.0,False,30,False,False,False,False,19,0.0,sig_lead_in_lag+sig_macro_vix_up,0
0.0,adx3,4,0.6317795837053705,-0.08574650472626506,0.0,False,36,False,False,False,False,25,0.0,adx-1,0
0.0,¬sig_macro_vix_up,3,0.32534794422815244,0.012772897381372685,0.0,False,13,False,False,False,False,27,0.0,adx-1,0
0.0,adx1&rs,3,0.3208149909036673,-0.030141846120122634,0.0,False,22,False,False,False,False,27,0.0,adx-1,0
0.0,rsi35-50,3,0.316118597251109,0.008671589989900984,0.0,False,15,False,False,False,False,27,0.0,adx-1,0
0.0,sig_lead_in_lag+sig_macro_vix_up,0,0.6021832047796526,0.3803903690653699,0.0,False,1,True,True,False,False,19,0.0,sig_lead_in_lag+sig_macro_vix_up,0
0.0,¬sig_rs_intact,0,0.5991368930518362,-0.12581418133033478,0.0,False,34,False,False,False,False,19,0.0,sig_lead_in_lag+sig_macro_vix_up,0
0.0,rsi35-50&rs,2,0.49176901056892786,0.16945115538504088,0.0,False,7,False,False,False,False,16,0.0,sig_macro_vix_up,0
0.0,adx1,2,0.4995989600467917,0.13134502935827583,0.0,False,9,False,False,False,False,16,0.0,sig_macro_vix_up,0
0.0,adx2,0,0.5607749517882753,0.07998601530349594,0.0,False,14,False,False,False,False,19,0.0,sig_lead_in_lag+sig_macro_vix_up,0
0.0,rsi<35,2,0.4828508904632435,-0.03069323201754153,0.0,False,26,False,False,False,False,16,0.0,sig_macro_vix_up,0
0.0,¬sig_lead_in_lag,2,0.4741500772646424,0.05048220882846775,0.0,False,17,False,False,False,False,16,0.0,sig_macro_vix_up,0
0.0,rsi50-65&conso,2,0.4931896812847758,-0.0368748914971601,0.0,False,28,False,False,False,False,16,0.0,sig_macro_vix_up,0
0.0,adx1&rs,4,0.6241509089311928,0.09347042884502776,0.0,False,9,False,False,False,False,25,0.0,adx-1,0
0.0,rsi50-65,0,0.5882552671501802,-0.05051922504436808,0.0,False,29,False,False,False,False,19,0.0,sig_lead_in_lag+sig_macro_vix_up,0
0.0,¬sig_rs_intact,3,0.31040934320724073,0.09017422324871523,0.0,False,5,False,True,False,False,27,0.0,adx-1,0
0.0,adx0,0,0.5714250873015986,3.7433983656232767e-05,0.0,False,23,False,False,False,False,19,0.0,sig_lead_in_lag+sig_macro_vix_up,0
0.0,adx2&rs,1,0.33800733589538584,0.12240047390143209,0.0,False,8,False,False,False,False,17,0.0,rsi<35&rs,1
0.0,sig_lead_in_lag,1,0.30847188705819373,0.11790790984828318,0.0,False,9,False,False,False,False,17,0.0,rsi<35&rs,1
0.0,sig_macro_vix_up,0,0.5761532917271555,0.3363275601799345,0.0,False,4,False,True,False,False,19,0.0,sig_lead_in_lag+sig_macro_vix_up,0
0.0,¬sig_h1_dr,2,0.49012814978470437,-0.083409732682816,0.0,False,32,False,False,False,False,16,0.0,sig_macro_vix_up,0
0.0,sig_h1_dr,3,0.3169180786490209,-0.096302698452765,0.0,False,32,False,False,False,False,27,0.0,adx-1,0
0.0,rsi50-65&conso,4,0.6180509942549569,0.010515284084288245,0.0,False,24,False,False,False,False,25,0.0,adx-1,0
0.0,sig_lead_in_lag+sig_macro_vix_up,1,0.3433952136726535,0.056131547312784774,0.0,False,16,False,False,False,False,17,0.0,rsi<35&rs,1
0.0,sig_rs_intact+sig_conso,0,0.6239148514172624,-0.016239337946406585,0.0,False,24,False,False,False,False,19,0.0,sig_lead_in_lag+sig_macro_vix_up,0
0.0,sig_h1_dr+sig_macro_vix_up,4,0.6205119929440156,0.04799874153557182,0.0,False,11,False,False,False,False,25,0.0,adx-1,0
0.0,sig_rs_intact+sig_conso,1,0.3228357039739541,0.07688394906270006,0.0,False,14,False,False,False,False,17,0.0,rsi<35&rs,1
0.0,rsi50-65&rs,3,0.32224628976192676,0.0020281228619161576,0.0,False,17,False,False,False,False,27,0.0,adx-1,0
0.0,sig_conso+sig_lead_in_lag+sig_h1_dr,4,0.6307955269997719,0.12206331770031471,0.0,False,7,False,False,False,False,25,0.0,adx-1,0
0.0,sig_conso+sig_h1_dr,0,0.5954658689864232,0.13640000573660785,0.0,False,10,False,False,False,False,19,0.0,sig_lead_in_lag+sig_macro_vix_up,0
0.0,sig_rs_intact,3,0.3160259158473649,-0.06576882160118228,0.0,False,27,False,False,False,False,27,0.0,adx-1,0
0.0,rsi35-50&rs,4,0.6090136640661529,0.014961722947422271,0.0,False,22,False,False,False,False,25,0.0,adx-1,0
0.0,adx3&rs,0,0.5795198813016075,0.08848836513494876,0.0,False,13,False,False,False,False,19,0.0,sig_lead_in_lag+sig_macro_vix_up,0
0.0,¬sig_h1_dr,1,0.32108078099692366,-0.022588867672471855,0.0,False,28,False,False,False,False,17,0.0,rsi<35&rs,1
0.0,¬sig_lead_in_lag,1,0.33396112356047886,-0.15859493680506132,0.0,False,37,False,False,False,False,17,0.0,rsi<35&rs,1
0.0,sig_rs_intact+sig_conso,4,0.626629737406737,-0.018980867208779124,0.0,False,30,False,False,False,False,25,0.0,adx-1,0
0.0,sig_macro_vix_up,1,0.33165918253369364,-0.028323939505519473,0.0,False,29,False,False,False,False,17,0.0,rsi<35&rs,1
0.0,rsi35-50&conso,3,0.32043847551172777,-0.023445119762384198,0.0,False,20,False,False,False,False,27,0.0,adx-1,0
0.0,adx-1,4,0.638994532100951,0.49269553762999724,0.0,False,1,True,True,False,False,25,0.0,adx-1,0
0.0,sig_lead_in_lag,4,0.6349514180813988,0.14484273773177211,0.0,False,4,False,True,False,False,25,0.0,adx-1,0
0.0,adx-1,2,0.48002308308393615,0.1667965088345507,0.0,False,8,False,False,False,False,16,0.0,sig_macro_vix_up,0
0.0,adx3&rs,1,0.2992720282088381,-0.02204207933057497,0.0,False,27,False,False,False,False,17,0.0,rsi<35&rs,1
0.0,adx2&rs,3,0.3115450005128855,0.13535677932681078,0.0,False,2,True,True,False,False,27,0.0,adx-1,0
0.0,rsi50-65&rs,0,0.5852028905040205,-0.038414885068169584,0.0,False,28,False,False,False,False,19,0.0,sig_lead_in_lag+sig_macro_vix_up,0
0.0,sig_rs_intact+sig_macro_vix_up,3,0.3098670999509777,-0.19210560700435353,0.0,False,35,False,False,False,False,27,0.0,adx-1,0
0.0,rsi<35,1,0.3179752820035706,0.062056195437239815,0.0,False,15,False,False,False,False,17,0.0,rsi<35&rs,1
0.0,¬sig_conso,2,0.48780173026151585,-0.023927397472916275,0.0,False,24,False,False,False,False,16,0.0,sig_macro_vix_up,0
0.0,¬sig_h1_dr,0,0.5602899689577663,-0.18219249051775227,0.0,False,36,False,False,False,False,19,0.0,sig_lead_in_lag+sig_macro_vix_up,0
0.0,rsi35-50,0,0.5615386473152071,0.008864435443696712,0.0,False,22,False,False,False,False,19,0.0,sig_lead_in_lag+sig_macro_vix_up,0
0.0,sig_macro_vix_up,2,0.48398095545459124,0.38019555421499607,0.0,False,1,True,True,False,False,16,0.0,sig_macro_vix_up,0
0.0,¬sig_rs_intact,4,0.6163573972496817,-0.047058768835288194,0.0,False,32,False,False,False,False,25,0.0,adx-1,0
0.0,sig_conso,3,0.32474807156370206,0.025955435117090194,0.0,False,10,False,False,False,False,27,0.0,adx-1,0
0.0,sig_macro_vix_up,4,0.6288117962309917,-0.05696700873187883,0.0,False,34,False,False,False,False,25,0.0,adx-1,0
0.0,sig_lead_in_lag+sig_h1_dr,0,0.592834093212625,0.15634380767969452,0.0,False,9,False,False,False,False,19,0.0,sig_lead_in_lag+sig_macro_vix_up,0
0.0,sig_rs_intact,0,0.5888404503100276,0.03319920075289901,0.0,False,19,False,False,False,False,19,0.0,sig_lead_in_lag+sig_macro_vix_up,0
0.0,adx1,4,0.6259232873878163,0.10784600503846997,0.0,False,8,False,False,False,False,25,0.0,adx-1,0
0.6,rsi50-65,3,0.2906200511552508,0.6087819067894766,0.5999999999999999,False,1,True,True,True,False,1,0.0,rsi50-65,3
0.6,sig_lead_in_lag,1,0.3553355830761624,0.7179079098482831,0.6,True,1,True,True,True,True,1,0.0,sig_lead_in_lag,5
0.6,rsi>=65,4,0.6578575667454856,0.5934514012650284,0.6000000000000001,False,1,True,True,False,False,1,0.0,rsi>=65,0
0.6,sig_h1_dr,1,0.35498997314627484,0.6134033266604569,0.5999999999999999,False,4,False,True,True,False,4,0.033687179070537754,sig_conso+sig_h1_dr,5
0.6,adx3&rs,1,0.3382963777044207,0.577957920669425,0.6,False,1,True,True,True,False,1,0.0,adx3&rs,3
0.6,rsi<35&conso,1,0.3661178911424412,0.815837974550351,0.5999999999999998,True,1,True,True,True,True,1,0.0,rsi<35&conso,2
0.6,sig_conso+sig_macro_vix_up,2,0.8319202510216633,0.9466230245403565,0.5999999999999996,False,1,True,True,True,False,1,0.0,sig_conso+sig_macro_vix_up,1
0.6,¬sig_lead_in_lag,1,0.31877159452133746,0.44140506319493855,0.5999999999999999,False,1,True,True,True,False,1,0.0,¬sig_lead_in_lag,1
0.6,sig_rs_intact+sig_macro_vix_up,1,0.42251881117996953,0.7322882503559419,0.5999999999999999,False,1,True,True,True,False,1,0.0,sig_rs_intact+sig_macro_vix_up,3
0.6,rsi<35&rs,1,0.4093636412932412,0.9636535758280471,0.5999999999999999,True,1,True,True,True,True,1,0.0,rsi<35&rs,1
0.6,¬sig_conso,4,0.5611197258533462,0.5870405839319184,0.6,False,1,True,True,True,False,1,0.0,¬sig_conso,1
0.6,sig_lead_in_lag,4,0.5783452777433478,0.7448427377317721,0.6,True,1,True,True,True,True,1,0.0,sig_lead_in_lag,5
0.6,¬sig_rs_intact,0,0.5035837131550238,0.4741858186696651,0.5999999999999999,False,1,True,True,False,False,1,0.0,¬sig_rs_intact,0
0.6,adx2,2,0.47725354990354135,0.5632825311273957,0.6,False,1,True,True,True,False,1,0.0,adx2,2
0.6,¬sig_lead_in_lag,4,0.6690668974991132,0.4355473676256394,0.5999999999999999,False,2,True,True,False,False,2,0.5363333696434807,adx-1,0
0.6,adx3&rs,0,0.6031559132116026,0.6884883651349485,0.5999999999999998,True,1,True,True,True,True,1,0.0,adx3&rs,1
0.6,adx0,4,0.5244198840028881,0.523335377609117,0.6,False,1,True,True,False,False,1,0.0,adx0,0
0.6,rsi<35&conso,0,0.5820942956011099,0.7193199721980092,0.6000000000000001,False,1,True,True,True,False,1,0.0,rsi<35&conso,1
0.6,rsi50-65,2,0.48997428192578035,0.5708296057740774,0.5999999999999999,False,1,True,True,True,False,1,0.0,rsi50-65,1
0.6,sig_conso+sig_lead_in_lag,1,0.3510398059234302,0.7294662436711409,0.5999999999999998,True,1,True,True,True,True,1,0.0,sig_conso+sig_lead_in_lag,5
0.6,adx0,1,0.35702672122853896,0.5829496066750807,0.5999999999999999,False,1,True,True,True,False,1,0.0,adx0,2
0.6,rsi<35,2,0.5059228036312166,0.5693067679824584,0.5999999999999999,False,1,True,True,True,False,1,0.0,rsi<35,1
0.6,adx0,3,0.2414694003732237,0.6151139979180151,0.5999999999999999,True,1,True,True,True,True,1,0.0,adx0,1
0.6,sig_lead_in_lag,0,0.6217641604092189,0.7159767685548951,0.5999999999999999,True,2,True,True,True,True,2,0.08187462571191229,sig_lead_in_lag+sig_macro_vix_up,4
0.6,adx-1,3,0.7596761155513815,0.9004236373702287,0.6000000000000001,False,1,True,True,True,False,1,0.0,adx-1,1
0.6,sig_rs_intact,2,0.6041813924633055,0.65775894566927,0.6,True,3,True,True,True,True,3,0.224072547888523,sig_h1_dr+sig_macro_vix_up,4
0.6,sig_h1_dr+sig_macro_vix_up,0,0.6952217923683632,0.9717741634467809,0.5999999999999999,False,1,True,True,True,False,1,0.0,sig_h1_dr+sig_macro_vix_up,1
0.6,¬sig_macro_vix_up,2,0.31806852309431793,0.2669383814969694,0.5999999999999999,False,2,True,True,False,False,2,0.4863866617802105,adx-1,0
0.6,rsi50-65&rs,3,0.2744702413006284,0.6020281228619161,0.6,False,1,True,True,True,False,1,0.0,rsi50-65&rs,2
0.6,sig_rs_intact+sig_conso,2,0.5770135639752609,0.5974849585027492,0.6000000000000002,False,2,True,True,True,False,2,0.2896410554068593,sig_h1_dr+sig_macro_vix_up,3
0.6,adx3,3,0.20013091536479627,0.5156664708115539,0.6,False,1,True,True,True,False,1,0.0,adx3,2
0.6,sig_conso,0,0.5772323013552156,0.5760802916509838,0.6,False,2,True,True,False,False,2,0.135382427960536,rsi<35&conso,1
0.6,rsi35-50,0,0.5830089315261521,0.6088644354436966,0.5999999999999999,False,1,True,True,True,False,1,0.0,rsi35-50,1
0.6,rsi35-50,3,0.30301261668462254,0.608671589989901,0.6,False,1,True,True,True,False,1,0.0,rsi35-50,2
0.6,adx3&rs,3,0.25979278933989514,0.5171022084567787,0.6,False,1,True,True,True,False,1,0.0,adx3&rs,1
0.6,rsi35-50&conso,2,0.518579386643224,0.6666986206775485,0.6000000000000001,True,1,True,True,True,True,1,0.0,rsi35-50&conso,2
0.6,rsi<35,0,0.6097491353635831,0.6616656490682233,0.6,False,1,True,True,True,False,1,0.0,rsi<35,1
0.6,¬sig_rs_intact,2,0.42362604894653655,0.5410138298338846,0.5999999999999998,False,1,True,True,True,False,1,0.0,¬sig_rs_intact,2
0.6,sig_conso,3,0.3476618793613019,0.62595543511709,0.5999999999999998,False,1,True,True,True,False,1,0.0,sig_conso,3
0.6,rsi35-50,4,0.5785783708294567,0.6166638291653784,0.6000000000000001,False,1,True,True,True,False,1,0.0,rsi35-50,1
0.6,sig_conso+sig_lead_in_lag,3,0.291629988681199,0.5446613069389057,0.5999999999999999,False,1,True,True,True,False,1,0.0,sig_conso+sig_lead_in_lag,4
0.6,¬sig_h1_dr,1,0.32633194329706083,0.577411132327528,0.5999999999999999,False,1,True,True,True,False,1,0.0,¬sig_h1_dr,1
0.6,sig_conso+sig_h1_dr,1,0.39266407952664506,0.6895946086334137,0.5999999999999998,False,1,True,True,True,False,1,0.0,sig_conso+sig_h1_dr,5
0.6,sig_h1_dr,2,0.6026908048898086,0.6890716254731786,0.5999999999999999,False,2,True,True,True,False,2,0.08070026016450171,sig_h1_dr+sig_macro_vix_up,3
0.6,¬sig_lead_in_lag,3,0.3704539173381747,0.6447780260165552,0.5999999999999999,False,1,True,True,True,False,1,0.0,¬sig_lead_in_lag,1
0.6,rsi35-50,1,0.28345568664506404,0.5214172919235871,0.5999999999999999,False,1,True,True,True,False,1,0.0,rsi35-50,2
0.6,sig_lead_in_lag+sig_h1_dr,4,0.5984461824430359,0.7533756808121419,0.6,True,1,True,True,True,True,1,0.0,sig_lead_in_lag+sig_h1_dr,2
0.6,sig_macro_vix_up,0,1.0847555170642709,0.9363275601799343,0.5999999999999999,False,1,True,True,False,False,1,0.0,sig_macro_vix_up,0
0.6,sig_h1_dr,3,0.27092696378048153,0.503697301547235,0.6,False,2,True,True,True,False,2,0.07933700451475345,sig_lead_in_lag+sig_h1_dr,5
0.6,adx2,3,0.273342076939764,0.6743252959731711,0.5999999999999999,True,1,True,True,True,True,1,0.0,adx2,2
0.6,sig_lead_in_lag+sig_h1_dr,1,0.3367091170140213,0.6327333581463548,0.5999999999999998,False,2,True,True,True,False,2,0.013366924571594385,sig_conso+sig_lead_in_lag+sig_h1_dr,5
0.6,sig_conso+sig_macro_vix_up,0,0.9558107403714293,0.8694416369319343,0.5999999999999999,False,1,True,True,False,False,1,0.0,sig_conso+sig_macro_vix_up,0
0.6,sig_conso+sig_h1_dr,3,0.29578900017951276,0.434995059737238,0.5999999999999999,False,3,True,True,True,False,3,0.06073561890000967,sig_conso+sig_lead_in_lag+sig_h1_dr,4
0.6,sig_h1_dr+sig_macro_vix_up,4,0.6119684607881771,0.6479987415355718,0.6,False,1,True,True,True,False,1,0.0,sig_h1_dr+sig_macro_vix_up,1
0.6,rsi<35&conso,4,0.6429383398434037,0.6429108757583964,0.6,False,1,True,True,False,False,1,0.0,rsi<35&conso,0
0.6,sig_conso,4,0.6534264650301234,0.6162286366483898,0.5999999999999999,True,1,True,True,False,False,1,0.0,sig_conso,0
0.6,adx3&rs,2,0.5197392356455193,0.5115223150998786,0.6,False,2,True,True,False,False,2,0.42151868015033495,sig_h1_dr+sig_macro_vix_up,1
0.6,rsi35-50&conso,3,0.3041553145788034,0.5765548802376158,0.6,False,1,True,True,True,False,1,0.0,rsi35-50&conso,2
0.6,rsi<35,1,0.3727225851620996,0.6620561954372398,0.6,True,1,True,True,True,True,1,0.0,rsi<35,3
0.6,sig_conso+sig_macro_vix_up,4,0.6092885088726939,0.6110662620114908,0.5999999999999999,False,1,True,True,True,False,1,0.0,sig_conso+sig_macro_vix_up,1
0.6,sig_conso+sig_lead_in_lag,4,0.5842022224204538,0.7327850001007601,0.6000000000000001,True,1,True,True,True,True,1,0.0,sig_conso+sig_lead_in_lag,3
0.6,sig_conso+sig_lead_in_lag+sig_h1_dr,4,0.6094726705618521,0.7220633177003147,0.6,False,1,True,True,True,False,1,0.0,sig_conso+sig_lead_in_lag+sig_h1_dr,2
0.6,sig_conso+sig_lead_in_lag,0,0.6369881806891171,0.668536973637489,0.6,True,2,True,True,True,True,2,0.24428361109935987,sig_lead_in_lag+sig_macro_vix_up,2
0.6,rsi35-50&rs,4,0.5643574988341364,0.6149617229474222,0.6,False,1,True,True,True,False,1,0.0,rsi35-50&rs,1
0.6,adx1&rs,1,0.299635846484197,0.6853150984029944,0.6,True,1,True,True,True,True,1,0.0,adx1&rs,3
0.6,sig_h1_dr,0,0.6459043604444266,0.7793160564573115,0.5999999999999999,True,2,True,True,True,True,2,0.08436877375599061,sig_h1_dr+sig_macro_vix_up,4
0.6,sig_conso+sig_lead_in_lag,2,0.5119308618942432,0.4951785061096424,0.6,False,2,True,True,False,False,2,0.21399943276617933,sig_lead_in_lag+sig_macro_vix_up,1
0.6,rsi>=65,1,0.3358247883061131,0.7235471360382784,0.6,True,1,True,True,True,True,1,0.0,rsi>=65,2
0.6,¬sig_conso,0,0.5684909631711995,0.6377985056802729,0.5999999999999999,False,1,True,True,True,False,1,0.0,¬sig_conso,1
0.6,rsi35-50&rs,1,0.33789956783609987,0.5303165938582339,0.5999999999999998,False,1,True,True,True,False,1,0.0,rsi35-50&rs,4
0.6,rsi<35&rs,2,0.5154583749616791,0.5038550083700836,0.5999999999999999,False,1,True,True,False,False,1,0.0,rsi<35&rs,0
0.6,sig_lead_in_lag+sig_h1_dr,0,0.6561182293647451,0.7563438076796946,0.6000000000000001,False,1,True,True,True,False,1,0.0,sig_lead_in_lag+sig_h1_dr,2
0.6,rsi35-50,2,0.49985464849595584,0.6693810881398304,0.5999999999999999,True,1,True,True,True,True,1,0.0,rsi35-50,1
0.6,rsi>=65,0,0.5680186270753128,0.5199316339609904,0.5999999999999996,False,1,True,True,False,False,1,0.0,rsi>=65,0
0.6,rsi35-50&rs,2,0.5824122296549571,0.7694511553850408,0.6,True,1,True,True,True,True,1,0.0,rsi35-50&rs,2
0.6,sig_macro_vix_up,3,0.6299211641029424,0.6000862656547534,0.6000000000000001,False,2,True,True,False,False,2,0.045002396711395054,sig_conso+sig_macro_vix_up,0
0.6,adx1,4,0.5974328106252085,0.70784600503847,0.6,True,1,True,True,True,True,1,0.0,adx1,2
0.6,sig_conso+sig_lead_in_lag+sig_h1_dr,0,0.5873337822364855,0.6190285748336338,0.5999999999999999,False,1,True,True,True,False,1,0.0,sig_conso+sig_lead_in_lag+sig_h1_dr,2
0.6,sig_macro_vix_up,4,0.7282813973710799,0.5430329912681211,0.6,False,5,False,True,False,False,5,0.04243896498668831,sig_conso+sig_macro_vix_up,0
0.6,adx1,2,0.4977886374138859,0.7313450293582758,0.6,True,1,True,True,True,True,1,0.0,adx1,2
0.6,¬sig_h1_dr,2,0.3716005050122398,0.5165902673171839,0.6,False,1,True,True,True,False,1,0.0,¬sig_h1_dr,1
0.6,sig_rs_intact+sig_macro_vix_up,3,0.364460566462787,0.4078943929956464,0.5999999999999999,False,1,True,True,False,False,1,0.0,sig_rs_intact+sig_macro_vix_up,0
0.6,sig_rs_intact,4,0.5204783849227154,0.6105120443734098,0.6,False,2,True,True,True,False,2,0.12452953924430948,rsi<35&rs,3
0.6,rsi50-65&conso,4,0.6302256780313554,0.6105152840842882,0.6,False,1,True,True,False,False,1,0.0,rsi50-65&conso,0
0.6,sig_lead_in_lag,2,0.5362231360756843,0.5490916257234958,0.6,False,2,True,True,True,False,2,0.07691349456382646,sig_lead_in_lag+sig_macro_vix_up,3
0.6,adx1&rs,0,0.5510400682710117,0.5079066922231913,0.5999999999999996,False,1,True,True,False,False,1,0.0,adx1&rs,0
0.6,rsi50-65,1,0.3137147736518465,0.5672539556006863,0.6,False,1,True,True,True,False,1,0.0,rsi50-65,4
0.6,rsi50-65&conso,0,0.5963002187275177,0.5616701114996155,0.5999999999999998,False,1,True,True,False,False,1,0.0,rsi50-65&conso,0
0.6,¬sig_conso,2,0.5216590511754194,0.5760726025270837,0.6,False,1,True,True,True,False,1,0.0,¬sig_conso,1
0.6,adx1,3,0.2865655361053073,0.6041511317825229,0.6,False,1,True,True,True,False,1,0.0,adx1,2
0.6,adx1&rs,2,0.5030946751702707,0.7823490755282234,0.5999999999999999,True,1,True,True,True,True,1,0.0,adx1&rs,2
0.6,sig_conso+sig_h1_dr,0,0.6276453017853322,0.7364000057366076,0.5999999999999998,True,2,True,True,True,True,2,0.17760468995929524,sig_h1_dr+sig_macro_vix_up,3
0.6,sig_lead_in_lag,3,0.2885588193149724,0.5668786841891689,0.6,False,2,True,True,True,False,2,0.06100567407436486,sig_lead_in_lag+sig_h1_dr,4
0.6,rsi50-65&conso,2,0.4896798701423811,0.5631251085028399,0.6,False,1,True,True,True,False,1,0.0,rsi50-65&conso,1
0.6,¬sig_h1_dr,3,0.38225692153660695,0.7282241819576414,0.5999999999999998,True,1,True,True,True,True,1,0.0,¬sig_h1_dr,1
0.6,¬sig_macro_vix_up,4,0.7185119152735613,0.6368806211754537,0.5999999999999998,False,1,True,True,False,False,1,0.0,¬sig_macro_vix_up,0
0.6,sig_conso+sig_lead_in_lag+sig_h1_dr,2,0.5144170774574595,0.45311306450933464,0.5999999999999999,False,3,True,True,False,False,3,0.44986121276706736,sig_h1_dr+sig_macro_vix_up,0
0.6,sig_rs_intact,3,0.25729123339275406,0.5342311783988178,0.6000000000000001,False,1,True,True,True,False,1,0.0,sig_rs_intact,5
0.6,adx2&rs,3,0.31702071378346064,0.7353567793268108,0.6,False,1,True,True,True,False,1,0.0,adx2&rs,1
0.6,adx1&rs,3,0.31063758872251446,0.5698581538798773,0.5999999999999999,False,1,True,True,True,False,1,0.0,adx1&rs,2
0.6,rsi50-65,4,0.6038362538815539,0.6268860936385415,0.6,True,1,True,True,True,True,1,0.0,rsi50-65,1
0.6,rsi<35&rs,0,0.5826584914107915,0.9796708730275043,0.5999999999999999,True,1,True,True,True,True,1,0.0,rsi<35&rs,1
0.6,rsi50-65&rs,4,0.5719999190855212,0.6326084955911209,0.6,False,1,True,True,True,False,1,0.0,rsi50-65&rs,1
0.6,adx-1,4,1.023765637402741,1.0926955376299972,0.5999999999999999,False,1,True,True,True,False,1,0.0,adx-1,1
0.6,adx3,1,0.3192234357921058,0.5114549776296238,0.5999999999999999,False,1,True,True,True,False,1,0.0,adx3,2
0.6,adx2&rs,2,0.5005692757490552,0.6687373998745025,0.6,False,1,True,True,True,False,1,0.0,adx2&rs,1
0.6,adx0,0,0.5650142491039614,0.6000374339836562,0.6,True,1,True,True,True,True,1,0.0,adx0,1
0.6,sig_h1_dr+sig_macro_vix_up,1,0.3443337669705738,0.5962750326368063,0.5999999999999998,False,1,True,True,True,False,1,0.0,sig_h1_dr+sig_macro_vix_up,2
0.6,¬sig_macro_vix_up,0,0.3672202423905583,0.2912499101543117,0.5999999999999999,False,2,True,True,False,False,2,0.6729043802949882,rsi<35&rs,0
0.6,¬sig_conso,3,0.2865422251632371,0.5793678615657216,0.6000000000000002,False,1,True,True,True,False,1,0.0,¬sig_conso,1
0.6,rsi35-50&conso,1,0.301410830796048,0.6453419370133712,0.5999999999999999,True,1,True,True,True,True,1,0.0,rsi35-50&conso,3
0.6,¬sig_h1_dr,4,0.6750143791379323,0.5663702664215517,0.6,False,1,True,True,False,False,1,0.0,¬sig_h1_dr,0
0.6,adx2&rs,0,0.5817150424545678,0.8040541488535631,0.5999999999999999,True,1,True,True,True,True,1,0.0,adx2&rs,2
0.6,adx3,4,0.4426939277373295,0.5142534952737348,0.5999999999999999,False,1,True,True,True,False,1,0.0,adx3,1
0.6,¬sig_rs_intact,4,0.7545729811959992,0.5529412311647117,0.5999999999999999,False,2,True,True,False,False,2,0.4269489056363555,adx-1,0
0.6,sig_h1_dr+sig_macro_vix_up,3,0.33330337875571253,0.37248947111476993,0.6,False,1,True,True,False,False,1,0.0,sig_h1_dr+sig_macro_vix_up,0
0.6,adx2&rs,4,0.5935533564638754,0.7224170262872509,0.6000000000000001,False,1,True,True,True,False,1,0.0,adx2&rs,1
0.6,rsi35-50&rs,0,0.6345741543428772,0.6604956945382581,0.5999999999999998,False,1,True,True,True,False,1,0.0,rsi35-50&rs,1
0.6,¬sig_lead_in_lag,0,0.5303863851700473,0.500262398165207,0.5999999999999996,False,1,True,True,False,False,1,0.0,¬sig_lead_in_lag,0
0.6,sig_rs_intact+sig_macro_vix_up,4,0.593242978098379,0.6158693394401256,0.6000000000000001,False,3,True,True,True,False,3,0.022102740324807968,sig_h1_dr+sig_macro_vix_up,3
0.6,rsi<35,3,0.3197539463324448,0.5383507827744353,0.6000000000000001,False,1,True,True,True,False,1,0.0,rsi<35,1
0.6,sig_lead_in_lag+sig_macro_vix_up,4,0.6045108299014919,0.6652941266732771,0.6,False,1,True,True,True,False,1,0.0,sig_lead_in_lag+sig_macro_vix_up,1
0.6,sig_rs_intact+sig_conso,4,0.531475305468312,0.5810191327912209,0.6,False,1,True,True,True,False,1,0.0,sig_rs_intact+sig_conso,3
0.6,¬sig_macro_vix_up,1,0.6050518863541313,0.6050518863541313,0.5999999999999999,False,1,True,True,False,False,1,0.0,¬sig_macro_vix_up,0
0.6,sig_rs_intact+sig_conso,1,0.3943421782631066,0.6768839490627,0.6,True,2,True,True,True,True,2,0.2603096403775926,rsi<35&rs,5
0.6,rsi35-50&conso,0,0.5835381759627757,0.6096778606052287,0.5999999999999998,False,1,True,True,True,False,1,0.0,rsi35-50&conso,1
0.6,sig_rs_intact+sig_conso,0,0.6466123201350026,0.5837606620535931,0.5999999999999996,False,5,False,True,False,False,5,0.29787160335902607,rsi<35&rs,2
0.6,rsi<35&conso,2,0.4996079956677683,0.6254434719874131,0.5999999999999998,False,1,True,True,True,False,1,0.0,rsi<35&conso,1
0.6,rsi<35&conso,3,0.3544230835847033,0.7019028963994415,0.5999999999999998,False,1,True,True,True,False,1,0.0,rsi<35&conso,1
0.6,sig_conso+sig_h1_dr,2,0.5839440875971033,0.66320830386788,0.5999999999999999,False,2,True,True,True,False,2,0.1828171650042379,sig_h1_dr+sig_macro_vix_up,2
0.6,sig_rs_intact+sig_conso,3,0.26180879674936175,0.47663595035413064,0.6,False,1,True,True,True,False,1,0.0,sig_rs_intact+sig_conso,5
0.6,sig_conso+sig_lead_in_lag+sig_h1_dr,3,0.3155746705793519,0.569867416539659,0.5999999999999999,False,1,True,True,True,False,1,0.0,sig_conso+sig_lead_in_lag+sig_h1_dr,2
0.6,sig_rs_intact,1,0.3926497882993154,0.6553712141363275,0.5999999999999999,False,2,True,True,True,False,2,0.12587868814344633,rsi<35&rs,5
0.6,rsi>=65,2,0.49413586891872524,0.6592210392055197,0.6000000000000001,True,1,True,True,True,True,1,0.0,rsi>=65,1
0.6,adx2,1,0.3378133576278769,0.5851194241881847,0.5999999999999999,False,2,True,True,True,False,2,0.1137311356911323,adx2&rs,3
0.6,adx2,4,0.4962749402238013,0.6424009345867441,0.6000000000000002,False,1,True,True,True,False,1,0.0,adx2,2
0.6,adx-1,2,0.6242854194535296,0.7667965088345506,0.6,False,1,True,True,True,False,1,0.0,adx-1,1
0.6,rsi50-65&conso,1,0.3351678571107197,0.5502243811981892,0.5999999999999999,False,1,True,True,True,False,1,0.0,rsi50-65&conso,3
0.6,rsi>=65,3,0.3602877787696319,0.5153582325525874,0.6,False,1,True,True,True,False,1,0.0,rsi>=65,1
0.6,¬sig_h1_dr,0,0.4952746664554545,0.41780750948224765,0.5999999999999999,False,1,True,True,False,False,1,0.0,¬sig_h1_dr,0
0.6,sig_lead_in_lag+sig_macro_vix_up,1,0.34147197874938895,0.6561315473127848,0.6,False,1,True,True,True,False,1,0.0,sig_lead_in_lag+sig_macro_vix_up,2
0.6,sig_conso+sig_lead_in_lag+sig_h1_dr,1,0.3568189900424615,0.7147969959656767,0.5999999999999999,False,1,True,True,True,False,1,0.0,sig_conso+sig_lead_in_lag+sig_h1_dr,4
0.6,rsi50-65&conso,3,0.28460397546062116,0.6150118927759829,0.5999999999999999,False,1,True,True,True,False,1,0.0,rsi50-65&conso,3
0.6,¬sig_conso,1,0.34800181112703193,0.4794622823168647,0.5999999999999998,False,1,True,True,True,False,1,0.0,¬sig_conso,2
0.6,sig_rs_intact,0,0.612049684833426,0.6331992007528988,0.5999999999999998,False,4,False,True,True,False,4,0.12726413638057543,rsi<35&rs,4
0.6,sig_lead_in_lag+sig_macro_vix_up,2,0.5868991627662764,0.8284007168130552,0.5999999999999999,False,1,True,True,True,False,1,0.0,sig_lead_in_lag+sig_macro_vix_up,1
0.6,sig_conso,2,0.46455536271643905,0.6279187996381772,0.5999999999999999,True,1,True,True,True,True,1,0.0,sig_conso,3
0.6,rsi35-50&conso,4,0.5996647545056708,0.5993416938242897,0.5999999999999999,False,1,True,True,False,False,1,0.0,rsi35-50&conso,0
0.6,¬sig_macro_vix_up,3,0.6127728973813726,0.6127728973813726,0.6,False,1,True,True,False,False,1,0.0,¬sig_macro_vix_up,0
0.6,sig_h1_dr,4,0.5622606918800038,0.6440779775382833,0.6,False,2,True,True,True,False,2,0.07130652058793197,sig_lead_in_lag+sig_h1_dr,4
0.6,sig_macro_vix_up,2,0.9936437792750122,0.9801955542149959,0.5999999999999999,True,1,True,True,False,False,1,0.0,sig_macro_vix_up,0
0.6,sig_lead_in_lag+sig_macro_vix_up,0,0.7287134556686068,0.9803903690653697,0.5999999999999999,False,1,True,True,True,False,1,0.0,sig_lead_in_lag+sig_macro_vix_up,1
0.6,rsi50-65&rs,2,0.5246214839946585,0.6143908297697976,0.5999999999999999,False,1,True,True,True,False,1,0.0,rsi50-65&rs,1
0.6,sig_conso,1,0.35523281939560364,0.7052367026134632,0.6,True,1,True,True,True,True,1,0.0,sig_conso,4
0.6,adx-1,1,0.6800024638681683,0.776739342359561,0.5999999999999999,False,1,True,True,False,False,1,0.0,adx-1,0
0.6,sig_rs_intact+sig_macro_vix_up,2,0.7831426875521553,0.9128141181954104,0.5999999999999999,False,2,True,True,True,False,2,0.028621654112179984,sig_h1_dr+sig_macro_vix_up,3
0.6,sig_lead_in_lag+sig_macro_vix_up,3,0.3285248398596875,0.3196205443936136,0.5999999999999999,False,1,True,True,False,False,1,0.0,sig_lead_in_lag+sig_macro_vix_up,0
0.6,¬sig_lead_in_lag,2,0.4764975453229449,0.6504822088284677,0.6,True,1,True,True,True,True,1,0.0,¬sig_lead_in_lag,1
0.6,sig_rs_intact+sig_macro_vix_up,0,0.8499762223495794,0.8574043855320455,0.5999999999999996,False,3,True,True,True,False,3,0.033931381837534635,sig_h1_dr+sig_macro_vix_up,3
0.6,sig_conso+sig_h1_dr,4,0.5803562231273328,0.6284681959112195,0.6,False,2,True,True,True,False,2,0.05291968467073627,sig_conso+sig_lead_in_lag+sig_h1_dr,2
0.6,rsi50-65&rs,1,0.33292297203640353,0.6090967834968714,0.6,False,1,True,True,True,False,1,0.0,rsi50-65&rs,2
0.6,adx2&rs,1,0.38015541554715515,0.7224004739014321,0.6000000000000001,False,1,True,True,True,False,1,0.0,adx2&rs,2
0.6,rsi50-65,0,0.5969889651127717,0.5494807749556316,0.5999999999999998,False,1,True,True,False,False,1,0.0,rsi50-65,0
0.6,¬sig_rs_intact,1,0.37219864318843365,0.5499436027374287,0.5999999999999999,False,1,True,True,True,False,1,0.0,¬sig_rs_intact,2
0.6,sig_conso+sig_macro_vix_up,1,0.48555718652273433,0.6004170191783488,0.5999999999999999,False,1,True,True,True,False,1,0.0,sig_conso+sig_macro_vix_up,2
0.6,rsi50-65&rs,0,0.6228683434575898,0.5615851149318302,0.5999999999999998,False,1,True,True,False,False,1,0.0,rsi50-65&rs,0
0.6,¬sig_rs_intact,3,0.4447766081661835,0.6901742232487151,0.5999999999999999,True,1,True,True,True,True,1,0.0,¬sig_rs_intact,3
0.6,adx0,2,0.5122269411945951,0.5955203499208439,0.6000000000000001,True,1,True,True,True,True,1,0.0,adx0,1
0.6,adx2,0,0.5806828199691175,0.6799860153034959,0.6,True,2,True,True,True,True,2,0.12164562379636656,adx2&rs,2
0.6,adx1&rs,4,0.6014056263008611,0.6934704288450276,0.5999999999999999,True,1,True,True,True,True,1,0.0,adx1&rs,1
0.6,sig_conso+sig_macro_vix_up,3,0.5086591013084379,0.6686674834525564,0.6000000000000001,False,1,True,True,True,False,1,0.0,sig_conso+sig_macro_vix_up,1
0.6,adx3,2,0.4625349129461551,0.5388174888615176,0.5999999999999999,False,1,True,True,True,False,1,0.0,adx3,1
0.6,rsi<35&rs,4,0.5915627548999635,0.7589725128899597,0.5999999999999999,False,1,True,True,True,False,1,0.0,rsi<35&rs,1
0.6,sig_h1_dr+sig_macro_vix_up,2,0.7110414092631652,0.9457795466742767,0.5999999999999999,False,1,True,True,True,False,1,0.0,sig_h1_dr+sig_macro_vix_up,1
0.6,adx1,1,0.3131041098472918,0.7290475667041634,0.6000000000000001,True,1,True,True,True,True,1,0.0,adx1,4
0.6,sig_lead_in_lag+sig_h1_dr,2,0.5138060452098081,0.5971338317127933,0.6,False,1,True,True,True,False,1,0.0,sig_lead_in_lag+sig_h1_dr,3
0.6,adx3,0,0.594368765258395,0.5818698854415083,0.5999999999999996,False,1,True,True,False,False,1,0.0,adx3,0
0.6,adx1,0,0.5692623309756505,0.547043564165947,0.5999999999999998,False,1,True,True,False,False,1,0.0,adx1,0
0.6,rsi<35&rs,3,0.2945149046436334,0.5528293780860375,0.5999999999999999,False,1,True,True,True,False,1,0.0,rsi<35&rs,1
0.6,sig_macro_vix_up,1,0.6232462694445818,0.5716760604944805,0.6,False,2,True,True,False,False,2,0.07505193393778686,sig_rs_intact+sig_macro_vix_up,1
0.6,sig_lead_in_lag+sig_h1_dr,3,0.3167565320074262,0.6328090029210894,0.6,False,1,True,True,True,False,1,0.0,sig_lead_in_lag+sig_h1_dr,2
0.6,rsi35-50&rs,3,0.2750778523526175,0.512179328086353,0.5999999999999999,False,1,True,True,True,False,1,0.0,rsi35-50&rs,3
0.6,rsi<35,4,0.6099775656071305,0.5823743639753052,0.6000000000000001,False,1,True,True,False,False,1,0.0,rsi<35,0
0.6,adx-1,0,0.5655373813051945,0.4389017667351173,0.5999999999999999,False,1,True,True,False,False,1,0.0,adx-1,0
0.6,adx3&rs,4,0.5517185185162686,0.5509843319419008,0.5999999999999999,False,1,True,True,False,False,1,0.0,adx3&rs,0
1.5,rsi<35&rs,4,0.5654038974858692,1.6589725128899597,1.5,True,1,True,True,True,True,1,0.0,rsi<35&rs,1
1.5,sig_rs_intact+sig_macro_vix_up,0,1.219513972524792,1.7574043855320458,1.5,True,3,True,True,True,True,3,0.0748217478590949,sig_h1_dr+sig_macro_vix_up,3
1.5,adx2,4,0.4892309370894157,1.5424009345867438,1.4999999999999998,True,1,True,True,True,True,1,0.0,adx2,3
1.5,¬sig_lead_in_lag,1,0.3609760924194099,1.3414050631949386,1.5,True,1,True,True,True,True,1,0.0,¬sig_lead_in_lag,3
1.5,rsi<35&rs,3,0.337249221063611,1.4528293780860375,1.5,True,1,True,True,True,True,1,0.0,rsi<35&rs,2
1.5,sig_conso+sig_macro_vix_up,2,1.496873550529766,1.846623024540357,1.5,True,1,True,True,True,True,1,0.0,sig_conso+sig_macro_vix_up,1
1.5,adx3,1,0.3564683458740156,1.4114549776296237,1.4999999999999998,True,1,True,True,True,True,1,0.0,adx3,4
1.5,sig_rs_intact+sig_macro_vix_up,3,0.8097807156116662,1.3078943929956466,1.5,True,1,True,True,True,True,1,0.0,sig_rs_intact+sig_macro_vix_up,3
1.5,¬sig_lead_in_lag,3,0.42337054788733647,1.5447780260165553,1.5,True,1,True,True,True,True,1,0.0,¬sig_lead_in_lag,3
1.5,rsi<35&rs,0,0.6459450177759105,1.8796708730275045,1.5,True,1,True,True,True,True,1,0.0,rsi<35&rs,1
1.5,rsi50-65&conso,4,0.5919739219530328,1.5105152840842884,1.5000000000000002,True,1,True,True,True,True,1,0.0,rsi50-65&conso,3
1.5,¬sig_rs_intact,4,0.9219738713090975,1.4529412311647119,1.5,True,1,True,True,True,True,1,0.0,¬sig_rs_intact,3
1.5,sig_macro_vix_up,4,1.484846619250009,1.4430329912681212,1.5,True,1,True,True,False,False,1,0.0,sig_macro_vix_up,0
1.5,rsi50-65,0,0.5700733243706008,1.449480774955632,1.5,True,1,True,True,True,True,1,0.0,rsi50-65,3
1.5,sig_conso+sig_h1_dr,4,0.5406077859621183,1.5284681959112196,1.5,True,1,True,True,True,True,1,0.0,sig_conso+sig_h1_dr,5
1.5,rsi35-50&conso,4,0.5548789619160749,1.4993416938242898,1.5,True,1,True,True,True,True,1,0.0,rsi35-50&conso,4
1.5,sig_lead_in_lag,3,0.4146408252778683,1.466878684189169,1.5000000000000002,True,1,True,True,True,True,1,0.0,sig_lead_in_lag,5
1.5,sig_rs_intact+sig_conso,2,0.6746840730440941,1.497484958502749,1.5,True,1,True,True,True,True,1,0.0,sig_rs_intact+sig_conso,5
1.5,sig_rs_intact+sig_conso,3,0.3462672790593514,1.3766359503541306,1.5,True,1,True,True,True,True,1,0.0,sig_rs_intact+sig_conso,5
1.5,sig_lead_in_lag+sig_macro_vix_up,4,0.5951245490716686,1.5652941266732772,1.5,True,1,True,True,True,True,1,0.0,sig_lead_in_lag+sig_macro_vix_up,1
1.5,adx3&rs,1,0.3612603986878154,1.477957920669425,1.5,True,1,True,True,True,True,1,0.0,adx3&rs,5
1.5,rsi<35&conso,4,0.6872675217053485,1.5429108757583965,1.5,True,1,True,True,True,True,1,0.0,rsi<35&conso,1
1.5,sig_lead_in_lag,4,0.5216797823110032,1.6448427377317723,1.5000000000000002,True,1,True,True,True,True,1,0.0,sig_lead_in_lag,5
1.5,adx2,2,0.5364489970929683,1.4632825311273958,1.5,True,1,True,True,True,True,1,0.0,adx2,2
1.5,sig_lead_in_lag,2,0.5813419078688543,1.449091625723496,1.5000000000000002,True,2,True,True,True,True,2,0.19648984999580543,sig_lead_in_lag+sig_macro_vix_up,5
1.5,rsi>=65,0,0.5525205166020891,1.4199316339609909,1.5,True,1,True,True,True,True,1,0.0,rsi>=65,1
1.5,rsi50-65&rs,2,0.5513957919412364,1.5143908297697974,1.4999999999999998,True,1,True,True,True,True,1,0.0,rsi50-65&rs,4
1.5,¬sig_h1_dr,1,0.38639436051743187,1.477411132327528,1.5,True,1,True,True,True,True,1,0.0,¬sig_h1_dr,2
1.5,sig_lead_in_lag+sig_h1_dr,1,0.4197927968075859,1.5327333581463551,1.5000000000000002,True,2,True,True,True,True,2,0.0281678234141729,sig_conso+sig_lead_in_lag+sig_h1_dr,5
1.5,sig_rs_intact,3,0.37373774157962864,1.434231178398818,1.5000000000000002,True,1,True,True,True,True,1,0.0,sig_rs_intact,5
1.5,sig_lead_in_lag,1,0.46137113198449914,1.6179079098482831,1.5,True,1,True,True,True,True,1,0.0,sig_lead_in_lag,5
1.5,rsi50-65&rs,0,0.6258339972200042,1.4615851149318306,1.5000000000000002,True,1,True,True,True,True,1,0.0,rsi50-65&rs,3
1.5,rsi35-50&conso,0,0.5697764115743951,1.509677860605229,1.5000000000000002,True,1,True,True,True,True,1,0.0,rsi35-50&conso,5
1.5,rsi>=65,3,0.4135335075673178,1.4153582325525873,1.5,True,1,True,True,True,True,1,0.0,rsi>=65,3
1.5,sig_conso+sig_h1_dr,2,0.7456247488970903,1.5632083038678801,1.5,True,1,True,True,True,True,1,0.0,sig_conso+sig_h1_dr,5
1.5,sig_conso,4,0.7107935042994203,1.5162286366483904,1.5000000000000004,True,1,True,True,True,True,1,0.0,sig_conso,3
1.5,¬sig_conso,4,0.5090417183292111,1.4870405839319183,1.4999999999999998,True,1,True,True,True,True,1,0.0,¬sig_conso,2
1.5,adx0,2,0.5503131321062117,1.4955203499208438,1.5,True,1,True,True,True,True,1,0.0,adx0,1
1.5,¬sig_lead_in_lag,4,0.7330411290011986,1.3355473676256395,1.5,True,1,True,True,True,True,1,0.0,¬sig_lead_in_lag,1
1.5,sig_h1_dr+sig_macro_vix_up,3,0.46239550376850325,1.27248947111477,1.5,True,1,True,True,True,True,1,0.0,sig_h1_dr+sig_macro_vix_up,2
1.5,sig_h1_dr+sig_macro_vix_up,1,0.5390589717165208,1.4962750326368064,1.5,True,1,True,True,True,True,1,0.0,sig_h1_dr+sig_macro_vix_up,4
1.5,adx2&rs,3,0.41602473931701395,1.6353567793268107,1.5,True,1,True,True,True,True,1,0.0,adx2&rs,2
1.5,sig_macro_vix_up,0,1.8363275601799347,1.8363275601799347,1.5000000000000002,True,1,True,True,False,False,1,0.0,sig_macro_vix_up,0
1.5,rsi35-50&rs,3,0.363281784511626,1.4121793280863535,1.5000000000000004,True,1,True,True,True,True,1,0.0,rsi35-50&rs,5
1.5,sig_h1_dr,4,0.5326236874270296,1.5440779775382836,1.5000000000000002,True,1,True,True,True,True,1,0.0,sig_h1_dr,5
1.5,adx1,3,0.29349690669840056,1.5041511317825231,1.5000000000000002,True,1,True,True,True,True,1,0.0,adx1,3
1.5,sig_h1_dr,0,0.763108310341486,1.6793160564573113,1.4999999999999998,True,1,True,True,True,True,1,0.0,sig_h1_dr,5
1.5,sig_h1_dr+sig_macro_vix_up,2,0.9789860640611512,1.8457795466742768,1.5,True,1,True,True,True,True,1,0.0,sig_h1_dr+sig_macro_vix_up,3
1.5,adx0,4,0.3954801742525489,1.423335377609117,1.5000000000000002,True,1,True,True,True,True,1,0.0,adx0,1
1.5,rsi<35&conso,3,0.4260008766305283,1.6019028963994417,1.5,True,1,True,True,True,True,1,0.0,rsi<35&conso,2
1.5,rsi<35,3,0.33119270006722035,1.4383507827744353,1.5,True,1,True,True,True,True,1,0.0,rsi<35,4
1.5,rsi50-65,1,0.32543501925640633,1.467253955600686,1.4999999999999998,True,1,True,True,True,True,1,0.0,rsi50-65,4
1.5,rsi35-50&conso,2,0.5361630952475614,1.5666986206775484,1.5,True,1,True,True,True,True,1,0.0,rsi35-50&conso,5
1.5,sig_conso,3,0.429839805960646,1.5259554351170903,1.5000000000000002,True,1,True,True,True,True,1,0.0,sig_conso,5
1.5,sig_lead_in_lag+sig_h1_dr,4,0.5616528480541553,1.6533756808121418,1.4999999999999998,True,1,True,True,True,True,1,0.0,sig_lead_in_lag+sig_h1_dr,5
1.5,sig_conso+sig_h1_dr,1,0.45228191408258295,1.5895946086334138,1.5,True,1,True,True,True,True,1,0.0,sig_conso+sig_h1_dr,5
1.5,rsi50-65,4,0.5803024526965453,1.5268860936385416,1.5,True,1,True,True,True,True,1,0.0,rsi50-65,3
1.5,¬sig_h1_dr,3,0.44419788977449187,1.6282241819576417,1.5000000000000002,True,1,True,True,True,True,1,0.0,¬sig_h1_dr,3
1.5,¬sig_rs_intact,2,0.5188842126762577,1.4410138298338848,1.5,True,1,True,True,True,True,1,0.0,¬sig_rs_intact,4
1.5,¬sig_conso,2,0.5302191740586909,1.4760726025270838,1.5,True,1,True,True,True,True,1,0.0,¬sig_conso,1
1.5,rsi35-50,2,0.5306771902758916,1.5693810881398307,1.5000000000000002,True,1,True,True,True,True,1,0.0,rsi35-50,3
1.5,adx0,1,0.35705708464609687,1.4829496066750814,1.5000000000000004,True,1,True,True,True,True,1,0.0,adx0,2
1.5,adx-1,4,1.6319200714784283,1.9926955376299973,1.5,True,1,True,True,True,True,1,0.0,adx-1,1
1.5,sig_conso,1,0.4519053731637624,1.6052367026134633,1.5000000000000002,True,1,True,True,True,True,1,0.0,sig_conso,5
1.5,sig_macro_vix_up,2,1.880195554214996,1.880195554214996,1.5,True,1,True,True,False,False,1,0.0,sig_macro_vix_up,0
1.5,sig_rs_intact,0,0.7057210707760576,1.5331992007528992,1.5000000000000002,True,2,True,True,True,True,2,0.32184403094825176,rsi<35&rs,5
1.5,adx2&rs,2,0.5100643841139635,1.568737399874503,1.5000000000000002,True,1,True,True,True,True,1,0.0,adx2&rs,2
1.5,sig_conso+sig_macro_vix_up,0,1.500148169890901,1.7694416369319346,1.5000000000000002,True,1,True,True,True,True,1,0.0,sig_conso+sig_macro_vix_up,1
1.5,adx2&rs,4,0.584239131496593,1.622417026287251,1.5000000000000002,True,1,True,True,True,True,1,0.0,adx2&rs,2
1.5,adx1,4,0.5571891867482358,1.6078460050384697,1.4999999999999998,True,1,True,True,True,True,1,0.0,adx1,2
1.5,¬sig_h1_dr,4,0.7415255263029936,1.4663702664215519,1.5,True,1,True,True,True,True,1,0.0,¬sig_h1_dr,1
1.5,adx1&rs,0,0.6326042385604654,1.4079066922231915,1.5,True,1,True,True,True,True,1,0.0,adx1&rs,2
1.5,adx-1,1,1.318765218992612,1.6767393423595611,1.5,True,1,True,True,True,True,1,0.0,adx-1,1
1.5,rsi<35&rs,2,0.5439531826540753,1.4038550083700838,1.5000000000000002,True,1,True,True,True,True,1,0.0,rsi<35&rs,1
1.5,adx2,3,0.39551363158755076,1.5743252959731713,1.5,True,1,True,True,True,True,1,0.0,adx2,3
1.5,sig_macro_vix_up,3,1.5000862656547531,1.5000862656547531,1.4999999999999998,True,1,True,True,False,False,1,0.0,sig_macro_vix_up,0
1.5,sig_conso+sig_h1_dr,0,0.6906566709344814,1.6364000057366077,1.4999999999999998,True,1,True,True,True,True,1,0.0,sig_conso+sig_h1_dr,5
1.5,rsi>=65,4,0.7121279392248762,1.4934514012650284,1.5,True,1,True,True,True,True,1,0.0,rsi>=65,1
1.5,rsi<35,2,0.5553969590300898,1.4693067679824585,1.5,True,1,True,True,True,True,1,0.0,rsi<35,1
1.5,sig_conso+sig_lead_in_lag,4,0.5306198799622923,1.6327850001007598,1.4999999999999998,True,1,True,True,True,True,1,0.0,sig_conso+sig_lead_in_lag,5
1.5,sig_conso+sig_lead_in_lag,1,0.44006930876494676,1.629466243671141,1.4999999999999998,True,1,True,True,True,True,1,0.0,sig_conso+sig_lead_in_lag,5
1.5,sig_rs_intact+sig_macro_vix_up,1,0.8959195406865447,1.6322882503559422,1.5,True,1,True,True,True,True,1,0.0,sig_rs_intact+sig_macro_vix_up,3
1.5,sig_conso+sig_lead_in_lag+sig_h1_dr,1,0.42505409871417726,1.6147969959656767,1.5,True,1,True,True,True,True,1,0.0,sig_conso+sig_lead_in_lag+sig_h1_dr,5
1.5,¬sig_conso,1,0.3857440917879649,1.3794622823168652,1.5000000000000002,True,1,True,True,True,True,1,0.0,¬sig_conso,3
1.5,adx2&rs,1,0.4277085113654263,1.6224004739014324,1.5000000000000002,True,1,True,True,True,True,1,0.0,adx2&rs,2
1.5,sig_rs_intact,1,0.5586751554597192,1.5553712141363274,1.4999999999999998,True,1,True,True,True,True,1,0.0,sig_rs_intact,5
1.5,rsi>=65,2,0.45236266055923713,1.5592210392055195,1.4999999999999998,True,1,True,True,True,True,1,0.0,rsi>=65,3
1.5,rsi35-50&conso,3,0.32790356626365597,1.4765548802376154,1.4999999999999996,True,1,True,True,True,True,1,0.0,rsi35-50&conso,4
1.5,sig_lead_in_lag+sig_macro_vix_up,1,0.3720652201422054,1.556131547312785,1.5000000000000002,True,1,True,True,True,True,1,0.0,sig_lead_in_lag+sig_macro_vix_up,4
1.5,¬sig_macro_vix_up,1,1.5050518863541316,1.5050518863541316,1.5000000000000002,True,1,True,True,False,False,1,0.0,¬sig_macro_vix_up,0
1.5,rsi<35&rs,1,0.574300789562577,1.8636535758280472,1.5,True,1,True,True,True,True,1,0.0,rsi<35&rs,1
1.5,sig_lead_in_lag+sig_h1_dr,2,0.575776614335179,1.4971338317127936,1.5000000000000002,True,1,True,True,True,True,1,0.0,sig_lead_in_lag+sig_h1_dr,5
1.5,rsi<35&conso,2,0.49686170802319174,1.5254434719874135,1.5,True,1,True,True,True,True,1,0.0,rsi<35&conso,2
1.5,adx-1,2,1.2781802102981124,1.6667965088345507,1.5,True,1,True,True,True,True,1,0.0,adx-1,1
1.5,rsi35-50&rs,1,0.36056476491082556,1.430316593858234,1.4999999999999998,True,1,True,True,True,True,1,0.0,rsi35-50&rs,5
1.5,rsi<35,4,0.6296502543214629,1.4823743639753053,1.5000000000000002,True,1,True,True,True,True,1,0.0,rsi<35,2
1.5,sig_rs_intact,4,0.44296767639825163,1.51051204437341,1.5000000000000002,True,1,True,True,True,True,1,0.0,sig_rs_intact,5
1.5,rsi50-65,2,0.4841615750840318,1.4708296057740775,1.5,True,1,True,True,True,True,1,0.0,rsi50-65,3
1.5,sig_h1_dr,1,0.4412881707584206,1.5134033266604572,1.5,True,2,True,True,True,True,2,0.07499238657024399,sig_conso+sig_h1_dr,5
1.5,adx2,1,0.45410198944021224,1.485119424188185,1.5000000000000002,True,1,True,True,True,True,1,0.0,adx2,4
1.5,rsi35-50&rs,2,0.6475035593914246,1.669451155385041,1.5000000000000002,True,1,True,True,True,True,1,0.0,rsi35-50&rs,5
1.5,rsi35-50,0,0.5429192406764882,1.5088644354436966,1.5,True,1,True,True,True,True,1,0.0,rsi35-50,3
1.5,rsi35-50&conso,1,0.4126064972518546,1.5453419370133714,1.5000000000000002,True,1,True,True,True,True,1,0.0,rsi35-50&conso,5
1.5,sig_h1_dr,2,0.7891169819382781,1.5890716254731787,1.5,True,2,True,True,True,True,2,0.2129955954199929,sig_h1_dr+sig_macro_vix_up,5
1.5,¬sig_lead_in_lag,2,0.45530602702327777,1.5504822088284682,1.5000000000000004,True,1,True,True,True,True,1,0.0,¬sig_lead_in_lag,2
1.5,sig_lead_in_lag+sig_macro_vix_up,0,0.9169277118612515,1.88039036906537,1.5000000000000002,True,1,True,True,True,True,1,0.0,sig_lead_in_lag+sig_macro_vix_up,1
1.5,sig_conso+sig_lead_in_lag,2,0.5383061290473503,1.3951785061096424,1.5,True,1,True,True,True,True,1,0.0,sig_conso+sig_lead_in_lag,5
1.5,adx1&rs,2,0.5047582929188855,1.6823490755282235,1.5,True,1,True,True,True,True,1,0.0,adx1&rs,2
1.5,sig_rs_intact+sig_conso,0,0.7172031056940833,1.4837606620535932,1.4999999999999998,True,1,True,True,True,True,1,0.0,sig_rs_intact+sig_conso,5
1.5,adx3,4,0.2626004223026661,1.414253495273735,1.5,True,1,True,True,True,True,1,0.0,adx3,5
1.5,adx3&rs,2,0.5700434666263445,1.4115223150998788,1.5000000000000002,True,1,True,True,True,True,1,0.0,adx3&rs,5
1.5,rsi<35,0,0.6192563015929827,1.5616656490682237,1.5000000000000002,True,1,True,True,True,True,1,0.0,rsi<35,2
1.5,sig_h1_dr+sig_macro_vix_up,4,0.7560529468971852,1.5479987415355718,1.5,True,1,True,True,True,True,1,0.0,sig_h1_dr+sig_macro_vix_up,3
1.5,adx0,0,0.5741468743905359,1.5000374339836564,1.5000000000000002,True,1,True,True,True,True,1,0.0,adx0,1
1.5,rsi<35&conso,1,0.49533188297446923,1.7158379745503514,1.5,True,1,True,True,True,True,1,0.0,rsi<35&conso,3
1.5,rsi>=65,1,0.3723184175108126,1.6235471360382783,1.4999999999999998,True,1,True,True,True,True,1,0.0,rsi>=65,3
1.5,¬sig_macro_vix_up,2,1.1669383814969696,1.1669383814969696,1.5,True,1,True,True,False,False,1,0.0,¬sig_macro_vix_up,0
1.5,rsi35-50&rs,4,0.5045165596691362,1.5149617229474224,1.5,True,1,True,True,True,True,1,0.0,rsi35-50&rs,5
1.5,sig_h1_dr+sig_macro_vix_up,0,0.9548870090537998,1.871774163446781,1.5,True,1,True,True,True,True,1,0.0,sig_h1_dr+sig_macro_vix_up,3
1.5,rsi50-65&rs,4,0.5160692709583546,1.532608495591121,1.5,True,1,True,True,True,True,1,0.0,rsi50-65&rs,4
1.5,sig_rs_intact,2,0.725373643179517,1.5577589456692702,1.5000000000000002,True,1,True,True,True,True,1,0.0,sig_rs_intact,5
1.5,adx1,0,0.5898821412932199,1.4470435641659474,1.5,True,1,True,True,True,True,1,0.0,adx1,2
1.5,rsi50-65&conso,1,0.3155317446149217,1.4502243811981894,1.5000000000000002,True,1,True,True,True,True,1,0.0,rsi50-65&conso,5
1.5,sig_conso+sig_macro_vix_up,4,1.1460047924362384,1.5110662620114912,1.5000000000000002,True,1,True,True,True,True,1,0.0,sig_conso+sig_macro_vix_up,1
1.5,rsi<35&conso,0,0.555647974403898,1.6193199721980092,1.5,True,1,True,True,True,True,1,0.0,rsi<35&conso,3
1.5,adx2&rs,0,0.6202361480598302,1.7040541488535632,1.5,True,1,True,True,True,True,1,0.0,adx2&rs,2
1.5,sig_conso+sig_lead_in_lag+sig_h1_dr,2,0.584139029262883,1.3531130645093348,1.5,True,1,True,True,True,True,1,0.0,sig_conso+sig_lead_in_lag+sig_h1_dr,5
1.5,sig_conso+sig_h1_dr,3,0.3237797142228744,1.3349950597372378,1.4999999999999996,True,1,True,True,True,True,1,0.0,sig_conso+sig_h1_dr,5
1.5,sig_rs_intact+sig_conso,1,0.48083152582719624,1.5768839490627,1.5,True,1,True,True,True,True,1,0.0,sig_rs_intact+sig_conso,5
1.5,¬sig_conso,3,0.3481242546452945,1.4793678615657215,1.5,True,1,True,True,True,True,1,0.0,¬sig_conso,3
1.5,adx3,0,0.5354411638580197,1.4818698854415087,1.5,True,1,True,True,True,True,1,0.0,adx3,2
1.5,adx1&rs,1,0.395448686497883,1.5853150984029942,1.4999999999999998,True,1,True,True,True,True,1,0.0,adx1&rs,4
1.5,sig_conso,0,0.5770357434649767,1.4760802916509839,1.5,True,1,True,True,True,True,1,0.0,sig_conso,5
1.5,sig_conso+sig_lead_in_lag,0,0.7076213696467681,1.568536973637489,1.5,True,1,True,True,True,True,1,0.0,sig_conso+sig_lead_in_lag,5
1.5,¬sig_macro_vix_up,3,1.5127728973813732,1.5127728973813732,1.5000000000000004,True,1,True,True,False,False,1,0.0,¬sig_macro_vix_up,0
1.5,rsi<35,1,0.46768621950903033,1.5620561954372394,1.4999999999999996,True,1,True,True,True,True,1,0.0,rsi<35,3
1.5,sig_conso+sig_macro_vix_up,3,1.1619984255352962,1.5686674834525567,1.5000000000000004,True,1,True,True,True,True,1,0.0,sig_conso+sig_macro_vix_up,1
1.5,¬sig_macro_vix_up,4,1.536880621175454,1.536880621175454,1.5,True,1,True,True,False,False,1,0.0,¬sig_macro_vix_up,0
1.5,rsi35-50&rs,0,0.6654890792893754,1.5604956945382582,1.5,True,1,True,True,True,True,1,0.0,rsi35-50&rs,5
1.5,sig_lead_in_lag,0,0.7259081048001578,1.6159767685548951,1.5,True,2,True,True,True,True,2,0.20563326376612667,sig_lead_in_lag+sig_macro_vix_up,5
1.5,sig_rs_intact+sig_macro_vix_up,4,0.9484503831469614,1.5158693394401253,1.4999999999999998,True,1,True,True,True,True,1,0.0,sig_rs_intact+sig_macro_vix_up,3
1.5,sig_h1_dr,3,0.3665219345307807,1.403697301547235,1.5,True,1,True,True,True,True,1,0.0,sig_h1_dr,5
1.5,¬sig_conso,0,0.5944844370897526,1.537798505680273,1.5,True,1,True,True,True,True,1,0.0,¬sig_conso,1
1.5,sig_conso+sig_lead_in_lag+sig_h1_dr,0,0.6691827253961127,1.5190285748336338,1.4999999999999998,True,1,True,True,True,True,1,0.0,sig_conso+sig_lead_in_lag+sig_h1_dr,5
1.5,¬sig_h1_dr,2,0.33209149474470046,1.416590267317184,1.5,True,1,True,True,True,True,1,0.0,¬sig_h1_dr,3
1.5,¬sig_lead_in_lag,0,0.4667159205662066,1.4002623981652074,1.5,True,1,True,True,True,True,1,0.0,¬sig_lead_in_lag,1
1.5,adx3&rs,0,0.6200782471842071,1.5884883651349488,1.5,True,1,True,True,True,True,1,0.0,adx3&rs,5
1.5,sig_lead_in_lag+sig_h1_dr,3,0.37821882474050356,1.5328090029210897,1.5000000000000002,True,1,True,True,True,True,1,0.0,sig_lead_in_lag+sig_h1_dr,4
1.5,¬sig_rs_intact,3,0.6461098246962691,1.590174223248715,1.4999999999999998,True,1,True,True,True,True,1,0.0,¬sig_rs_intact,3
1.5,sig_macro_vix_up,1,1.4716760604944805,1.4716760604944805,1.5,True,1,True,True,False,False,1,0.0,sig_macro_vix_up,0
1.5,¬sig_rs_intact,1,0.5801719272732613,1.4499436027374288,1.5,True,1,True,True,True,True,1,0.0,¬sig_rs_intact,3
1.5,sig_lead_in_lag+sig_h1_dr,0,0.6628258322788159,1.6563438076796941,1.4999999999999996,True,1,True,True,True,True,1,0.0,sig_lead_in_lag+sig_h1_dr,5
1.5,rsi50-65&conso,3,0.30848335200618565,1.5150118927759832,1.5000000000000002,True,1,True,True,True,True,1,0.0,rsi50-65&conso,4
1.5,rsi50-65&rs,1,0.36064605547582385,1.5090967834968712,1.4999999999999998,True,1,True,True,True,True,1,0.0,rsi50-65&rs,5
1.5,rsi35-50,4,0.5496529360866262,1.5166638291653785,1.5,True,1,True,True,True,True,1,0.0,rsi35-50,3
1.5,rsi50-65&conso,0,0.5773127508305345,1.4616701114996158,1.5,True,1,True,True,True,True,1,0.0,rsi50-65&conso,3
1.5,rsi50-65&rs,3,0.36653799631017564,1.5020281228619163,1.5000000000000002,True,1,True,True,True,True,1,0.0,rsi50-65&rs,4
1.5,adx1,2,0.5302298431583079,1.6313450293582756,1.4999999999999998,True,1,True,True,True,True,1,0.0,adx1,3
1.5,rsi35-50,1,0.3070286214138416,1.4214172919235875,1.5000000000000002,True,1,True,True,True,True,1,0.0,rsi35-50,3
1.5,sig_rs_intact+sig_conso,4,0.42392040529487857,1.4810191327912208,1.5,True,1,True,True,True,True,1,0.0,sig_rs_intact+sig_conso,5
1.5,sig_conso+sig_macro_vix_up,1,1.146250974202043,1.500417019178349,1.5000000000000002,True,1,True,True,True,True,1,0.0,sig_conso+sig_macro_vix_up,2
1.5,sig_lead_in_lag+sig_macro_vix_up,3,0.48423746186768407,1.2196205443936137,1.5,True,1,True,True,True,True,1,0.0,sig_lead_in_lag+sig_macro_vix_up,1
1.5,adx1&rs,3,0.28205777270247195,1.4698581538798772,1.4999999999999998,True,1,True,True,True,True,1,0.0,adx1&rs,4
1.5,adx3&rs,3,0.3135015823926848,1.4171022084567788,1.5,True,1,True,True,True,True,1,0.0,adx3&rs,5
1.5,sig_conso+sig_lead_in_lag+sig_h1_dr,3,0.33772646128348194,1.4698674165396588,1.4999999999999998,True,1,True,True,True,True,1,0.0,sig_conso+sig_lead_in_lag+sig_h1_dr,5
1.5,adx-1,3,1.3760192649979328,1.8004236373702287,1.5,True,1,True,True,True,True,1,0.0,adx-1,1
1.5,adx2,0,0.5830486810196286,1.579986015303496,1.5,True,1,True,True,True,True,1,0.0,adx2,3
1.5,adx1,1,0.3945873966899108,1.6290475667041633,1.5,True,1,True,True,True,True,1,0.0,adx1,3
1.5,sig_conso+sig_lead_in_lag,3,0.38421986767056976,1.4446613069389056,1.4999999999999998,True,1,True,True,True,True,1,0.0,sig_conso+sig_lead_in_lag,5
1.5,adx3,3,0.27203378121924504,1.4156664708115538,1.4999999999999998,True,1,True,True,True,True,1,0.0,adx3,5
1.5,¬sig_macro_vix_up,0,1.191249910154312,1.191249910154312,1.5,True,1,True,True,False,False,1,0.0,¬sig_macro_vix_up,0
1.5,adx0,3,0.21695901424713482,1.5151139979180153,1.5,True,1,True,True,True,True,1,0.0,adx0,1
1.5,rsi50-65&conso,2,0.4655273378058931,1.46312510850284,1.5000000000000002,True,1,True,True,True,True,1,0.0,rsi50-65&conso,4
1.5,rsi35-50,3,0.29380492013383064,1.5086715899899008,1.4999999999999998,True,1,True,True,True,True,1,0.0,rsi35-50,3
1.5,¬sig_rs_intact,0,0.3677952878608882,1.3741858186696652,1.5,True,1,True,True,True,True,1,0.0,¬sig_rs_intact,3
1.5,adx1&rs,4,0.5928795334958967,1.5934704288450274,1.4999999999999996,True,1,True,True,True,True,1,0.0,adx1&rs,2
1.5,sig_rs_intact+sig_macro_vix_up,2,1.2144774188330218,1.8128141181954105,1.5,True,1,True,True,True,True,1,0.0,sig_rs_intact+sig_macro_vix_up,3
1.5,sig_conso+sig_lead_in_lag+sig_h1_dr,4,0.5821318296796348,1.6220633177003145,1.4999999999999998,True,1,True,True,True,True,1,0.0,sig_conso+sig_lead_in_lag+sig_h1_dr,5
1.5,adx3,2,0.48898802782209655,1.4388174888615177,1.5,True,1,True,True,True,True,1,0.0,adx3,3
1.5,sig_lead_in_lag+sig_macro_vix_up,2,0.7644474018006812,1.7284007168130553,1.5,True,1,True,True,True,True,1,0.0,sig_lead_in_lag+sig_macro_vix_up,3
1.5,¬sig_h1_dr,0,0.4253167441182589,1.317807509482248,1.5000000000000002,True,1,True,True,True,True,1,0.0,¬sig_h1_dr,2
1.5,sig_conso,2,0.5087715555552386,1.5279187996381773,1.5,True,1,True,True,True,True,1,0.0,sig_conso,5
1.5,rsi50-65,3,0.3315593430027764,1.5087819067894768,1.5,True,1,True,True,True,True,1,0.0,rsi50-65,3
1.5,adx-1,0,0.9393699128493129,1.3389017667351175,1.5,True,1,True,True,True,True,1,0.0,adx-1,1
1.5,adx3&rs,4,0.48156606685748643,1.450984331941901,1.5,True,1,True,True,True,True,1,0.0,adx3&rs,5
3.0,sig_rs_intact,0,0.8807610343211982,3.0331992007528985,2.9999999999999996,True,1,True,True,True,True,1,0.0,sig_rs_intact,5
3.0,rsi50-65&rs,3,0.7042798908422438,3.002028122861916,2.9999999999999996,True,1,True,True,True,True,1,0.0,rsi50-65&rs,5
3.0,adx-1,1,2.4019347040315715,3.176739342359561,3.0,True,1,True,True,True,True,1,0.0,adx-1,1
3.0,¬sig_h1_dr,4,0.8559695494935478,2.966370266421552,3.0,True,1,True,True,True,True,1,0.0,¬sig_h1_dr,3
3.0,rsi50-65&conso,1,0.4832952750168729,2.9502243811981894,3.0,True,1,True,True,True,True,1,0.0,rsi50-65&conso,5
3.0,rsi<35&conso,2,0.6878285122350546,3.0254434719874137,3.0000000000000004,True,1,True,True,True,True,1,0.0,rsi<35&conso,2
3.0,rsi<35,4,0.632283176998902,2.982374363975305,3.0,True,1,True,True,True,True,1,0.0,rsi<35,4
3.0,rsi<35,2,0.5647262065820834,2.969306767982458,2.9999999999999996,True,1,True,True,True,True,1,0.0,rsi<35,4
3.0,¬sig_rs_intact,4,1.2179016846570683,2.952941231164712,3.0,True,1,True,True,True,True,1,0.0,¬sig_rs_intact,4
3.0,rsi35-50,0,0.5799987122970202,3.0088644354436958,2.999999999999999,True,1,True,True,True,True,1,0.0,rsi35-50,4
3.0,sig_conso+sig_lead_in_lag+sig_h1_dr,2,0.6046736499013127,2.853113064509335,3.0000000000000004,True,1,True,True,True,True,1,0.0,sig_conso+sig_lead_in_lag+sig_h1_dr,5
3.0,adx1&rs,2,0.6395432466324995,3.1823490755282235,3.0,True,1,True,True,True,True,1,0.0,adx1&rs,4
3.0,rsi>=65,1,0.5591372934742943,3.1235471360382783,3.0,True,1,True,True,True,True,1,0.0,rsi>=65,3
3.0,sig_h1_dr+sig_macro_vix_up,4,1.2347149807273516,3.047998741535572,3.0,True,1,True,True,True,True,1,0.0,sig_h1_dr+sig_macro_vix_up,3
3.0,¬sig_macro_vix_up,4,3.0368806211754547,3.0368806211754547,3.000000000000001,True,1,True,True,False,False,1,0.0,¬sig_macro_vix_up,0
3.0,sig_conso+sig_lead_in_lag+sig_h1_dr,4,0.6687666520315565,3.1220633177003148,3.0,True,1,True,True,True,True,1,0.0,sig_conso+sig_lead_in_lag+sig_h1_dr,5
3.0,sig_lead_in_lag+sig_h1_dr,4,0.6668199614823149,3.153375680812142,3.0,True,1,True,True,True,True,1,0.0,sig_lead_in_lag+sig_h1_dr,5
3.0,rsi50-65,3,0.5986450178388121,3.008781906789477,3.0000000000000004,True,1,True,True,True,True,1,0.0,rsi50-65,3
3.0,¬sig_macro_vix_up,2,2.66693838149697,2.66693838149697,3.0000000000000004,True,1,True,True,False,False,1,0.0,¬sig_macro_vix_up,0
3.0,sig_rs_intact+sig_conso,2,0.8538816425159949,2.997484958502749,3.0,True,1,True,True,True,True,1,0.0,sig_rs_intact+sig_conso,5
3.0,sig_h1_dr,1,0.6636965225776948,3.013403326660457,3.0,True,1,True,True,True,True,1,0.0,sig_h1_dr,5
3.0,¬sig_lead_in_lag,3,0.5564126058484702,3.0447780260165556,3.0000000000000004,True,1,True,True,True,True,1,0.0,¬sig_lead_in_lag,3
3.0,sig_rs_intact+sig_conso,3,0.6314973189444023,2.8766359503541303,2.9999999999999996,True,1,True,True,True,True,1,0.0,sig_rs_intact+sig_conso,5
3.0,¬sig_h1_dr,2,0.5067777976745966,2.916590267317184,3.0,True,1,True,True,True,True,1,0.0,¬sig_h1_dr,3
3.0,sig_conso+sig_h1_dr,2,0.9370250979524491,3.0632083038678797,2.9999999999999996,True,1,True,True,True,True,1,0.0,sig_conso+sig_h1_dr,5
3.0,rsi<35,0,0.6585440781114557,3.0616656490682232,3.0,True,1,True,True,True,True,1,0.0,rsi<35,4
3.0,¬sig_h1_dr,0,0.4018068615581229,2.8178075094822477,3.0,True,1,True,True,True,True,1,0.0,¬sig_h1_dr,3
3.0,adx2&rs,3,0.6646871612822486,3.135356779326811,3.0,True,1,True,True,True,True,1,0.0,adx2&rs,3
3.0,sig_macro_vix_up,0,3.3363275601799343,3.3363275601799343,3.0,True,1,True,True,False,False,1,0.0,sig_macro_vix_up,0
3.0,rsi35-50&rs,0,0.7368710730252688,3.0604956945382593,3.000000000000001,True,1,True,True,True,True,1,0.0,rsi35-50&rs,5
3.0,rsi35-50&rs,4,0.658244090446296,3.0149617229474224,3.0,True,1,True,True,True,True,1,0.0,rsi35-50&rs,5
3.0,rsi<35&conso,3,0.6913500442929801,3.101902896399442,3.0000000000000004,True,1,True,True,True,True,1,0.0,rsi<35&conso,2
3.0,sig_h1_dr+sig_macro_vix_up,3,0.8856854463993906,2.7724894711147696,2.9999999999999996,True,1,True,True,True,True,1,0.0,sig_h1_dr+sig_macro_vix_up,3
3.0,rsi35-50&conso,0,0.6285298650133031,3.009677860605229,3.0,True,1,True,True,True,True,1,0.0,rsi35-50&conso,5
3.0,rsi35-50,1,0.4648636290366234,2.921417291923587,3.0,True,1,True,True,True,True,1,0.0,rsi35-50,5
3.0,sig_rs_intact+sig_conso,1,0.7290025777830385,3.0768839490627005,3.0000000000000004,True,1,True,True,True,True,1,0.0,sig_rs_intact+sig_conso,5
3.0,sig_h1_dr+sig_macro_vix_up,0,1.4211075701727498,3.371774163446781,3.0,True,1,True,True,True,True,1,0.0,sig_h1_dr+sig_macro_vix_up,3
3.0,sig_conso+sig_macro_vix_up,3,2.264284659870342,3.068667483452557,3.000000000000001,True,1,True,True,True,True,1,0.0,sig_conso+sig_macro_vix_up,1
3.0,adx2&rs,1,0.6399188636535288,3.1224004739014317,2.9999999999999996,True,1,True,True,True,True,1,0.0,adx2&rs,2
3.0,adx-1,3,2.426564283887251,3.300423637370229,3.0000000000000004,True,1,True,True,True,True,1,0.0,adx-1,1
3.0,sig_rs_intact+sig_macro_vix_up,3,1.5415111116314035,2.8078943929956464,3.0,True,1,True,True,True,True,1,0.0,sig_rs_intact+sig_macro_vix_up,3
3.0,adx1,3,0.48262061237617854,3.004151131782523,3.0,True,1,True,True,True,True,1,0.0,adx1,3
3.0,sig_lead_in_lag+sig_macro_vix_up,2,1.1072353164537736,3.2284007168130553,3.0,True,1,True,True,True,True,1,0.0,sig_lead_in_lag+sig_macro_vix_up,3
3.0,sig_lead_in_lag+sig_macro_vix_up,3,0.8635616411241892,2.7196205443936137,3.0,True,1,True,True,True,True,1,0.0,sig_lead_in_lag+sig_macro_vix_up,1
3.0,sig_lead_in_lag,2,0.7323688528295028,2.9490916257234963,3.0000000000000004,True,1,True,True,True,True,1,0.0,sig_lead_in_lag,5
3.0,adx0,4,0.304285758766752,2.923335377609117,3.0,True,1,True,True,True,True,1,0.0,adx0,1
3.0,rsi>=65,3,0.487001664285821,2.9153582325525873,3.0,True,1,True,True,True,True,1,0.0,rsi>=65,3
3.0,adx0,1,0.433244105545627,2.982949606675081,3.0,True,1,True,True,True,True,1,0.0,adx0,2
3.0,rsi50-65&rs,1,0.6656065244588001,3.009096783496872,3.0000000000000004,True,1,True,True,True,True,1,0.0,rsi50-65&rs,5
3.0,adx3&rs,3,0.6066042708782866,2.9171022084567784,2.9999999999999996,True,1,True,True,True,True,1,0.0,adx3&rs,5
3.0,¬sig_conso,2,0.6069972810450948,2.9760726025270836,3.0,True,1,True,True,True,True,1,0.0,¬sig_conso,5
3.0,sig_conso+sig_h1_dr,3,0.5237397617615843,2.834995059737238,3.0,True,1,True,True,True,True,1,0.0,sig_conso+sig_h1_dr,5
3.0,adx3&rs,2,0.608838440876985,2.9115223150998784,2.9999999999999996,True,1,True,True,True,True,1,0.0,adx3&rs,5
3.0,rsi<35&rs,3,0.5339870423241474,2.9528293780860375,3.0,True,1,True,True,True,True,1,0.0,rsi<35&rs,2
3.0,sig_rs_intact+sig_macro_vix_up,1,1.7104000008788254,3.132288250355942,3.0,True,1,True,True,True,True,1,0.0,sig_rs_intact+sig_macro_vix_up,3
3.0,rsi>=65,4,0.7876553691601802,2.993451401265028,3.0,True,1,True,True,True,True,1,0.0,rsi>=65,3
3.0,sig_conso+sig_lead_in_lag+sig_h1_dr,3,0.5177266708821059,2.9698674165396595,3.0000000000000004,True,1,True,True,True,True,1,0.0,sig_conso+sig_lead_in_lag+sig_h1_dr,5
3.0,sig_lead_in_lag+sig_h1_dr,2,0.6661991630154342,2.997133831712793,3.0,True,1,True,True,True,True,1,0.0,sig_lead_in_lag+sig_h1_dr,5
3.0,adx-1,2,2.359863423358487,3.16679650883455,2.9999999999999996,True,1,True,True,True,True,1,0.0,adx-1,1
3.0,rsi35-50,2,0.6149704856449645,3.0693810881398305,3.0,True,1,True,True,True,True,1,0.0,rsi35-50,4
3.0,sig_h1_dr,2,1.028455656036799,3.0890716254731787,3.0,True,1,True,True,True,True,1,0.0,sig_h1_dr,5
3.0,sig_rs_intact+sig_conso,0,0.8345130101284032,2.983760662053594,3.0000000000000004,True,1,True,True,True,True,1,0.0,sig_rs_intact+sig_conso,5
3.0,adx0,0,0.5729050436347044,3.000037433983656,2.9999999999999996,True,1,True,True,True,True,1,0.0,adx0,1
3.0,adx2,1,0.6855215531094709,2.9851194241881855,3.000000000000001,True,1,True,True,True,True,1,0.0,adx2,3
3.0,rsi35-50&rs,1,0.6029868151605806,2.930316593858235,3.000000000000001,True,1,True,True,True,True,1,0.0,rsi35-50&rs,5
3.0,rsi<35&conso,4,0.753493180876513,3.042910875758396,2.9999999999999996,True,1,True,True,True,True,1,0.0,rsi<35&conso,3
3.0,rsi35-50&conso,1,0.6713129473971013,3.045341937013371,2.9999999999999996,True,1,True,True,True,True,1,0.0,rsi35-50&conso,5
3.0,sig_rs_intact,1,0.7599563869194588,3.0553712141363283,3.0000000000000004,True,1,True,True,True,True,1,0.0,sig_rs_intact,5
3.0,adx3,1,0.5094398816778941,2.911454977629624,3.0,True,1,True,True,True,True,1,0.0,adx3,5
3.0,sig_conso+sig_lead_in_lag,0,0.8230129355792943,3.0685369736374897,3.0000000000000004,True,1,True,True,True,True,1,0.0,sig_conso+sig_lead_in_lag,5
3.0,rsi>=65,0,0.5455845570848191,2.919931633960991,3.0,True,1,True,True,True,True,1,0.0,rsi>=65,3
3.0,adx2&rs,2,0.5773565227171025,3.0687373998745024,3.0,True,1,True,True,True,True,1,0.0,adx2&rs,5
3.0,sig_rs_intact,2,0.9008795152900405,3.0577589456692698,3.0,True,1,True,True,True,True,1,0.0,sig_rs_intact,5
3.0,sig_conso+sig_macro_vix_up,1,2.2606095877063463,3.0004170191783492,3.0000000000000004,True,1,True,True,True,True,1,0.0,sig_conso+sig_macro_vix_up,1
3.0,adx3,2,0.5351751219104506,2.938817488861518,3.0000000000000004,True,1,True,True,True,True,1,0.0,adx3,5
3.0,adx1&rs,4,0.5877958438266165,3.0934704288450274,2.9999999999999996,True,1,True,True,True,True,1,0.0,adx1&rs,4
3.0,sig_lead_in_lag+sig_macro_vix_up,0,1.2527134228962473,3.38039036906537,3.0,True,1,True,True,True,True,1,0.0,sig_lead_in_lag+sig_macro_vix_up,2
3.0,sig_conso+sig_macro_vix_up,0,2.521808502646518,3.269441636931935,3.0000000000000004,True,1,True,True,True,True,1,0.0,sig_conso+sig_macro_vix_up,1
3.0,adx0,3,0.3593819589126286,3.0151139979180153,3.0,True,1,True,True,True,True,1,0.0,adx0,1
3.0,sig_lead_in_lag,3,0.6813554025409706,2.966878684189169,3.0,True,1,True,True,True,True,1,0.0,sig_lead_in_lag,5
3.0,sig_conso+sig_h1_dr,0,0.897061924319613,3.1364000057366073,2.9999999999999996,True,1,True,True,True,True,1,0.0,sig_conso+sig_h1_dr,5
3.0,adx1,0,0.610394563670368,2.947043564165947,3.0,True,1,True,True,True,True,1,0.0,adx1,3
3.0,sig_lead_in_lag+sig_h1_dr,3,0.6121442834890218,3.0328090029210895,3.0,True,1,True,True,True,True,1,0.0,sig_lead_in_lag+sig_h1_dr,5
3.0,sig_conso+sig_lead_in_lag+sig_h1_dr,0,0.7508992786339513,3.019028574833634,3.0,True,1,True,True,True,True,1,0.0,sig_conso+sig_lead_in_lag+sig_h1_dr,5
3.0,rsi50-65&rs,0,0.6885848021677022,2.9615851149318306,3.0,True,1,True,True,True,True,1,0.0,rsi50-65&rs,5
3.0,adx3,0,0.5797556979840235,2.9818698854415087,3.0,True,1,True,True,True,True,1,0.0,adx3,5
3.0,rsi35-50&conso,4,0.5911058859811457,2.9993416938242894,2.9999999999999996,True,1,True,True,True,True,1,0.0,rsi35-50&conso,5
3.0,¬sig_h1_dr,3,0.5919843462915865,3.128224181957642,3.0000000000000004,True,1,True,True,True,True,1,0.0,¬sig_h1_dr,3
3.0,sig_lead_in_lag+sig_macro_vix_up,1,0.6729704787540906,3.056131547312785,3.0000000000000004,True,1,True,True,True,True,1,0.0,sig_lead_in_lag+sig_macro_vix_up,5
3.0,adx1,4,0.576940697798044,3.1078460050384695,2.9999999999999996,True,1,True,True,True,True,1,0.0,adx1,3
3.0,adx-1,0,1.9756750896115358,2.8389017667351175,3.0,True,1,True,True,True,True,1,0.0,adx-1,1
3.0,¬sig_rs_intact,2,0.8425436871304935,2.9410138298338846,3.0,True,1,True,True,True,True,1,0.0,¬sig_rs_intact,4
3.0,rsi50-65&conso,0,0.5567608737164864,2.961670111499615,2.999999999999999,True,1,True,True,True,True,1,0.0,rsi50-65&conso,4
3.0,¬sig_lead_in_lag,0,0.41944712872906975,2.9002623981652076,3.0000000000000004,True,1,True,True,True,True,1,0.0,¬sig_lead_in_lag,3
3.0,sig_conso+sig_lead_in_lag,2,0.6618072280612953,2.8951785061096427,3.0,True,1,True,True,True,True,1,0.0,sig_conso+sig_lead_in_lag,5
3.0,rsi35-50,3,0.5285030021419435,3.0086715899899015,3.0000000000000004,True,1,True,True,True,True,1,0.0,rsi35-50,3
3.0,rsi<35&rs,0,0.8667483515155459,3.3796708730275045,3.0,True,1,True,True,True,True,1,0.0,rsi<35&rs,1
3.0,rsi35-50&rs,2,0.7347717651374308,3.169451155385041,3.0,True,1,True,True,True,True,1,0.0,rsi35-50&rs,5
3.0,adx2&rs,0,0.7461955547864639,3.2040541488535625,2.9999999999999996,True,1,True,True,True,True,1,0.0,adx2&rs,3
3.0,sig_conso+sig_h1_dr,1,0.6804083660623466,3.089594608633414,3.0,True,1,True,True,True,True,1,0.0,sig_conso+sig_h1_dr,5
3.0,rsi<35&conso,0,0.6848501213564242,3.119319972198009,3.0,True,1,True,True,True,True,1,0.0,rsi<35&conso,3
3.0,sig_conso,2,0.6623824418247,3.0279187996381776,3.0000000000000004,True,1,True,True,True,True,1,0.0,sig_conso,5
3.0,sig_lead_in_lag,0,0.8473980319116443,3.1159767685548956,3.0000000000000004,True,1,True,True,True,True,1,0.0,sig_lead_in_lag,5
3.0,adx1&rs,0,0.6333874429578183,2.9079066922231913,2.9999999999999996,True,1,True,True,True,True,1,0.0,adx1&rs,4
3.0,rsi50-65,0,0.5527463543318575,2.949480774955632,3.0,True,1,True,True,True,True,1,0.0,rsi50-65,3
3.0,rsi50-65&conso,2,0.5601918458915034,2.96312510850284,3.0,True,1,True,True,True,True,1,0.0,rsi50-65&conso,4
3.0,sig_rs_intact,4,0.699940778999245,3.0105120443734097,3.0,True,1,True,True,True,True,1,0.0,sig_rs_intact,5
3.0,adx3,3,0.5152647934709524,2.915666470811554,3.0,True,1,True,True,True,True,1,0.0,adx3,5
3.0,sig_conso,0,0.6266790625364629,2.9760802916509834,2.9999999999999996,True,1,True,True,True,True,1,0.0,sig_conso,5
3.0,¬sig_conso,1,0.5414014742695327,2.879462282316865,3.0,True,1,True,True,True,True,1,0.0,¬sig_conso,5
3.0,¬sig_lead_in_lag,1,0.4786628192971351,2.8414050631949386,3.0,True,1,True,True,True,True,1,0.0,¬sig_lead_in_lag,3
3.0,rsi50-65,1,0.5266090914359352,2.9672539556006865,3.0000000000000004,True,1,True,True,True,True,1,0.0,rsi50-65,3
3.0,adx1,1,0.5859725105085625,3.129047566704163,2.9999999999999996,True,1,True,True,True,True,1,0.0,adx1,3
3.0,rsi50-65&rs,2,0.7020861624559214,3.0143908297697974,2.9999999999999996,True,1,True,True,True,True,1,0.0,rsi50-65&rs,5
3.0,adx3&rs,4,0.535308892309397,2.9509843319419007,3.0,True,1,True,True,True,True,1,0.0,adx3&rs,5
3.0,sig_conso+sig_macro_vix_up,4,2.256279628000287,3.011066262011491,3.0,True,1,True,True,True,True,1,0.0,sig_conso+sig_macro_vix_up,1
3.0,adx2,0,0.7322682649658961,3.079986015303496,3.0,True,1,True,True,True,True,1,0.0,adx2,3
3.0,rsi35-50&conso,3,0.6175603770211429,2.976554880237616,3.0,True,1,True,True,True,True,1,0.0,rsi35-50&conso,5
3.0,¬sig_lead_in_lag,2,0.5924232263103142,3.050482208828468,3.0000000000000004,True,1,True,True,True,True,1,0.0,¬sig_lead_in_lag,3
3.0,rsi35-50,4,0.5370949148590051,3.0166638291653785,3.0,True,1,True,True,True,True,1,0.0,rsi35-50,3
3.0,adx3&rs,1,0.5930930966255292,2.977957920669425,3.0,True,1,True,True,True,True,1,0.0,adx3&rs,5
3.0,rsi<35&conso,1,0.7967426769942865,3.2158379745503516,3.0000000000000004,True,1,True,True,True,True,1,0.0,rsi<35&conso,3
3.0,rsi50-65&conso,3,0.5868931593124799,3.0150118927759832,3.0000000000000004,True,1,True,True,True,True,1,0.0,rsi50-65&conso,4
3.0,sig_conso+sig_macro_vix_up,2,2.624549455069857,3.346623024540357,3.0,True,1,True,True,True,True,1,0.0,sig_conso+sig_macro_vix_up,1
3.0,sig_rs_intact+sig_conso,4,0.661924915638591,2.9810191327912205,2.9999999999999996,True,1,True,True,True,True,1,0.0,sig_rs_intact+sig_conso,5
3.0,sig_rs_intact,3,0.7043101738248679,2.934231178398818,3.0000000000000004,True,1,True,True,True,True,1,0.0,sig_rs_intact,5
3.0,adx2,3,0.674261013369742,3.0743252959731713,3.0,True,1,True,True,True,True,1,0.0,adx2,3
3.0,adx3,4,0.4862370555495957,2.9142534952737345,2.9999999999999996,True,1,True,True,True,True,1,0.0,adx3,5
3.0,sig_conso,4,0.7887784426702076,3.01622863664839,3.0,True,1,True,True,True,True,1,0.0,sig_conso,5
3.0,rsi50-65&conso,4,0.5421282041878347,3.0105152840842884,3.0,True,1,True,True,True,True,1,0.0,rsi50-65&conso,4
3.0,¬sig_rs_intact,1,0.8874298336388681,2.9499436027374286,2.9999999999999996,True,1,True,True,True,True,1,0.0,¬sig_rs_intact,4
3.0,sig_macro_vix_up,4,2.9430329912681215,2.9430329912681215,3.0000000000000004,True,1,True,True,False,False,1,0.0,sig_macro_vix_up,0
3.0,¬sig_rs_intact,3,0.951099603173801,3.0901742232487153,3.0,True,1,True,True,True,True,1,0.0,¬sig_rs_intact,4
3.0,rsi50-65,4,0.5380674830356493,3.026886093638541,2.9999999999999996,True,1,True,True,True,True,1,0.0,rsi50-65,3
3.0,sig_h1_dr+sig_macro_vix_up,2,1.4619726036273517,3.345779546674277,3.0,True,1,True,True,True,True,1,0.0,sig_h1_dr+sig_macro_vix_up,3
3.0,sig_conso+sig_lead_in_lag,1,0.6915256757863275,3.129466243671141,3.0,True,1,True,True,True,True,1,0.0,sig_conso+sig_lead_in_lag,5
3.0,sig_rs_intact+sig_macro_vix_up,0,1.941251542193198,3.2574043855320465,3.000000000000001,True,1,True,True,True,True,1,0.0,sig_rs_intact+sig_macro_vix_up,3
3.0,sig_rs_intact+sig_macro_vix_up,4,1.7717729528938089,3.0158693394401253,3.0,True,1,True,True,True,True,1,0.0,sig_rs_intact+sig_macro_vix_up,3
3.0,sig_conso,3,0.6294590847584447,3.02595543511709,3.0,True,1,True,True,True,True,1,0.0,sig_conso,5
3.0,adx-1,4,2.63799925548436,3.492695537629997,2.9999999999999996,True,1,True,True,True,True,1,0.0,adx-1,1
3.0,adx2&rs,4,0.7168265579839942,3.122417026287251,3.0,True,1,True,True,True,True,1,0.0,adx2&rs,2
3.0,sig_lead_in_lag,1,0.7103519632099781,3.117907909848283,3.0,True,1,True,True,True,True,1,0.0,sig_lead_in_lag,5
3.0,sig_conso,1,0.7178900025695445,3.105236702613463,3.0,True,1,True,True,True,True,1,0.0,sig_conso,5
3.0,rsi<35,1,0.6969356947436828,3.0620561954372394,2.9999999999999996,True,1,True,True,True,True,1,0.0,rsi<35,3
3.0,rsi<35&rs,2,0.5558256537303241,2.9038550083700834,2.9999999999999996,True,1,True,True,True,True,1,0.0,rsi<35&rs,3
3.0,¬sig_macro_vix_up,1,3.0050518863541322,3.0050518863541322,3.000000000000001,True,1,True,True,False,False,1,0.0,¬sig_macro_vix_up,0
3.0,¬sig_macro_vix_up,0,2.6912499101543115,2.6912499101543115,2.9999999999999996,True,1,True,True,False,False,1,0.0,¬sig_macro_vix_up,0
3.0,sig_lead_in_lag,4,0.7556947094683683,3.1448427377317723,3.0,True,1,True,True,True,True,1,0.0,sig_lead_in_lag,5
3.0,sig_h1_dr,0,1.0170665021832195,3.1793160564573113,2.9999999999999996,True,1,True,True,True,True,1,0.0,sig_h1_dr,5
3.0,¬sig_conso,0,0.6339183473599139,3.037798505680273,3.0000000000000004,True,1,True,True,True,True,1,0.0,¬sig_conso,3
3.0,rsi<35&rs,4,0.6239134150398209,3.1589725128899593,2.9999999999999996,True,1,True,True,True,True,1,0.0,rsi<35&rs,2
3.0,sig_h1_dr,4,0.8295212801237878,3.0440779775382834,3.0,True,1,True,True,True,True,1,0.0,sig_h1_dr,5
3.0,sig_conso+sig_lead_in_lag+sig_h1_dr,1,0.631533266820813,3.1147969959656767,3.0,True,1,True,True,True,True,1,0.0,sig_conso+sig_lead_in_lag+sig_h1_dr,5
3.0,rsi35-50&rs,3,0.6075954662883014,2.9121793280863533,3.0,True,1,True,True,True,True,1,0.0,rsi35-50&rs,5
3.0,¬sig_conso,4,0.6684565198261156,2.9870405839319183,3.0,True,1,True,True,True,True,1,0.0,¬sig_conso,3
3.0,sig_lead_in_lag+sig_macro_vix_up,4,0.8405179698965601,3.0652941266732774,3.0000000000000004,True,1,True,True,True,True,1,0.0,sig_lead_in_lag+sig_macro_vix_up,3
3.0,rsi35-50&conso,2,0.6547691788739279,3.066698620677548,3.0,True,1,True,True,True,True,1,0.0,rsi35-50&conso,5
3.0,rsi50-65,2,0.5813383270793914,2.9708296057740773,3.0,True,1,True,True,True,True,1,0.0,rsi50-65,3
3.0,sig_macro_vix_up,3,3.0000862656547533,3.0000862656547533,3.0,True,1,True,True,False,False,1,0.0,sig_macro_vix_up,0
3.0,rsi<35,3,0.5263274048448359,2.9383507827744353,3.0,True,1,True,True,True,True,1,0.0,rsi<35,4
3.0,sig_conso+sig_lead_in_lag,3,0.6125585816102399,2.944661306938906,3.0,True,1,True,True,True,True,1,0.0,sig_conso+sig_lead_in_lag,5
3.0,¬sig_rs_intact,0,0.5198575508646496,2.874185818669665,3.0,True,1,True,True,True,True,1,0.0,¬sig_rs_intact,3
3.0,sig_macro_vix_up,1,2.971676060494481,2.971676060494481,3.0000000000000004,True,1,True,True,False,False,1,0.0,sig_macro_vix_up,0
3.0,adx1,2,0.604264742897157,3.1313450293582754,2.9999999999999996,True,1,True,True,True,True,1,0.0,adx1,3
3.0,sig_lead_in_lag+sig_h1_dr,0,0.7879256056719041,3.156343807679695,3.0000000000000004,True,1,True,True,True,True,1,0.0,sig_lead_in_lag+sig_h1_dr,5
3.0,rsi50-65&rs,4,0.6312651299298658,3.032608495591121,3.0,True,1,True,True,True,True,1,0.0,rsi50-65&rs,5
3.0,sig_conso+sig_lead_in_lag,4,0.698331720196117,3.13278500010076,3.0,True,1,True,True,True,True,1,0.0,sig_conso+sig_lead_in_lag,5
3.0,sig_h1_dr,3,0.5971660199196553,2.903697301547235,3.0,True,1,True,True,True,True,1,0.0,sig_h1_dr,5
3.0,sig_macro_vix_up,2,3.380195554214996,3.380195554214996,3.0,True,1,True,True,False,False,1,0.0,sig_macro_vix_up,0
3.0,¬sig_lead_in_lag,4,0.8639230300018295,2.8355473676256393,3.0,True,1,True,True,True,True,1,0.0,¬sig_lead_in_lag,2
3.0,adx1&rs,1,0.6198917129509032,3.0853150984029942,3.0,True,1,True,True,True,True,1,0.0,adx1&rs,4
3.0,rsi<35&rs,1,0.8135814691017037,3.3636535758280472,3.0,True,1,True,True,True,True,1,0.0,rsi<35&rs,1
3.0,¬sig_conso,3,0.6549201882496865,2.9793678615657213,3.0,True,1,True,True,True,True,1,0.0,¬sig_conso,3
3.0,rsi>=65,2,0.5596782228566388,3.0592210392055197,3.0,True,1,True,True,True,True,1,0.0,rsi>=65,3
3.0,¬sig_macro_vix_up,3,3.0127728973813728,3.0127728973813728,3.0,True,1,True,True,False,False,1,0.0,¬sig_macro_vix_up,0
3.0,adx0,2,0.5845543335310339,2.9955203499208434,2.9999999999999996,True,1,True,True,True,True,1,0.0,adx0,1
3.0,¬sig_h1_dr,1,0.5409433808121259,2.9774111323275285,3.0000000000000004,True,1,True,True,True,True,1,0.0,¬sig_h1_dr,3
3.0,adx2,2,0.602440672265963,2.963282531127396,3.0,True,1,True,True,True,True,1,0.0,adx2,4
3.0,adx1&rs,3,0.47206286937168007,2.969858153879877,3.0,True,1,True,True,True,True,1,0.0,adx1&rs,4
3.0,adx3&rs,0,0.7129991788600318,3.088488365134949,3.0,True,1,True,True,True,True,1,0.0,adx3&rs,5
3.0,sig_h1_dr+sig_macro_vix_up,1,1.02574919144517,2.9962750326368064,3.0,True,1,True,True,True,True,1,0.0,sig_h1_dr+sig_macro_vix_up,3
3.0,sig_rs_intact+sig_macro_vix_up,2,1.997658942149689,3.3128141181954103,3.0,True,1,True,True,True,True,1,0.0,sig_rs_intact+sig_macro_vix_up,3
3.0,adx2,4,0.7101321080378918,3.0424009345867438,3.0,True,1,True,True,True,True,1,0.0,adx2,3
3.0,sig_conso+sig_h1_dr,4,0.712491026246375,3.02846819591122,3.0000000000000004,True,1,True,True,True,True,1,0.0,sig_conso+sig_h1_dr,5
3.0,sig_lead_in_lag+sig_h1_dr,1,0.6131458877719892,3.0327333581463556,3.0000000000000004,True,2,True,True,True,True,2,0.05362993479153921,sig_conso+sig_lead_in_lag+sig_h1_dr,5
6.0,adx-1,2,4.572379445567047,6.16679650883455,5.999999999999999,True,1,True,True,True,True,1,0.0,adx-1,1
6.0,adx2,4,1.2678428544780656,6.042400934586745,6.000000000000001,True,1,True,True,True,True,1,0.0,adx2,4
6.0,rsi50-65&rs,1,1.3088788557381095,6.0090967834968705,5.999999999999999,True,1,True,True,True,True,1,0.0,rsi50-65&rs,5
6.0,adx2&rs,0,1.1944906082555526,6.204054148853564,6.000000000000001,True,1,True,True,True,True,1,0.0,adx2&rs,3
6.0,sig_macro_vix_up,0,6.336327560179934,6.336327560179934,6.0,True,1,True,True,False,False,1,0.0,sig_macro_vix_up,0
6.0,rsi<35,1,1.1537678777000737,6.06205619543724,6.0,True,1,True,True,True,True,1,0.0,rsi<35,4
6.0,rsi>=65,1,1.0115903779689748,6.123547136038278,5.999999999999999,True,1,True,True,True,True,1,0.0,rsi>=65,3
6.0,rsi35-50&rs,3,1.1542700389515903,5.912179328086353,6.0,True,1,True,True,True,True,1,0.0,rsi35-50&rs,5
6.0,adx0,3,0.6502379152307997,6.015113997918015,6.0,True,1,True,True,True,True,1,0.0,adx0,1
6.0,¬sig_lead_in_lag,0,0.8132283766462324,5.900262398165208,6.000000000000001,True,1,True,True,True,True,1,0.0,¬sig_lead_in_lag,3
6.0,sig_rs_intact,4,1.4186448103905627,6.010512044373409,5.999999999999999,True,1,True,True,True,True,1,0.0,sig_rs_intact,5
6.0,rsi<35&conso,2,1.2592430294960437,6.025443471987414,6.0,True,1,True,True,True,True,1,0.0,rsi<35&conso,3
6.0,sig_h1_dr,3,1.1830814206751084,5.9036973015472345,5.999999999999999,True,1,True,True,True,True,1,0.0,sig_h1_dr,5
6.0,¬sig_lead_in_lag,4,1.0504651642670078,5.83554736762564,6.000000000000001,True,1,True,True,True,True,1,0.0,¬sig_lead_in_lag,4
6.0,¬sig_macro_vix_up,2,5.66693838149697,5.66693838149697,6.000000000000001,True,1,True,True,False,False,1,0.0,¬sig_macro_vix_up,0
6.0,sig_conso+sig_lead_in_lag,1,1.2098616586731996,6.129466243671141,6.0,True,1,True,True,True,True,1,0.0,sig_conso+sig_lead_in_lag,5
6.0,sig_conso+sig_h1_dr,3,1.055397098748887,5.8349950597372375,5.999999999999999,True,1,True,True,True,True,1,0.0,sig_conso+sig_h1_dr,5
6.0,rsi<35&conso,0,1.159353276427865,6.119319972198009,6.0,True,1,True,True,True,True,1,0.0,rsi<35&conso,3
6.0,¬sig_h1_dr,0,0.8469453037473863,5.817807509482249,6.000000000000001,True,1,True,True,True,True,1,0.0,¬sig_h1_dr,3
6.0,adx3,3,1.0656259824761876,5.915666470811555,6.000000000000001,True,1,True,True,True,True,1,0.0,adx3,5
6.0,rsi<35,0,1.0649817885843023,6.061665649068224,6.0,True,1,True,True,True,True,1,0.0,rsi<35,4
6.0,sig_conso,3,1.2014718857561846,6.0259554351170905,6.0,True,1,True,True,True,True,1,0.0,sig_conso,5
6.0,rsi35-50&rs,4,1.2161161271930976,6.0149617229474215,5.999999999999999,True,1,True,True,True,True,1,0.0,rsi35-50&rs,5
6.0,adx2&rs,4,1.201339662910546,6.122417026287252,6.000000000000001,True,1,True,True,True,True,1,0.0,adx2&rs,2
6.0,adx1&rs,1,1.0601239061735435,6.085315098402995,6.0,True,1,True,True,True,True,1,0.0,adx1&rs,4
6.0,rsi50-65,1,1.0624087498114452,5.967253955600685,5.999999999999999,True,1,True,True,True,True,1,0.0,rsi50-65,3
6.0,rsi35-50&conso,4,1.1743801101332765,5.999341693824289,5.999999999999999,True,1,True,True,True,True,1,0.0,rsi35-50&conso,5
6.0,sig_conso,2,1.229191698743345,6.027918799638178,6.0,True,1,True,True,True,True,1,0.0,sig_conso,5
6.0,sig_conso+sig_macro_vix_up,2,4.920456485713463,6.3466230245403565,6.0,True,1,True,True,True,True,1,0.0,sig_conso+sig_macro_vix_up,1
6.0,rsi<35&conso,4,1.1839588227111375,6.0429108757583965,6.0,True,1,True,True,True,True,1,0.0,rsi<35&conso,3
6.0,rsi>=65,4,1.0225312507307094,5.993451401265029,6.0,True,1,True,True,True,True,1,0.0,rsi>=65,3
6.0,rsi50-65&rs,0,1.3095418127746685,5.96158511493183,5.999999999999999,True,1,True,True,True,True,1,0.0,rsi50-65&rs,5
6.0,rsi35-50&conso,1,1.2565879141211735,6.0453419370133705,5.999999999999999,True,1,True,True,True,True,1,0.0,rsi35-50&conso,5
6.0,sig_h1_dr,4,1.3588316555768056,6.044077977538284,6.0,True,1,True,True,True,True,1,0.0,sig_h1_dr,5
6.0,¬sig_conso,2,1.2489757806214024,5.976072602527084,6.0,True,1,True,True,True,True,1,0.0,¬sig_conso,3
6.0,¬sig_rs_intact,0,1.1425813094792003,5.874185818669666,6.000000000000001,True,1,True,True,True,True,1,0.0,¬sig_rs_intact,4
6.0,sig_conso+sig_lead_in_lag+sig_h1_dr,4,1.073305599074156,6.122063317700315,6.0,True,1,True,True,True,True,1,0.0,sig_conso+sig_lead_in_lag+sig_h1_dr,5
6.0,sig_rs_intact+sig_macro_vix_up,1,3.33230209247926,6.132288250355941,5.999999999999999,True,1,True,True,True,True,1,0.0,sig_rs_intact+sig_macro_vix_up,3
6.0,adx3&rs,4,1.0691147159223118,5.950984331941901,6.0,True,1,True,True,True,True,1,0.0,adx3&rs,5
6.0,adx0,4,0.585969187109837,5.923335377609118,6.000000000000001,True,1,True,True,True,True,1,0.0,adx0,1
6.0,rsi35-50,3,1.0063655870386956,6.0086715899899,5.999999999999999,True,1,True,True,True,True,1,0.0,rsi35-50,3
6.0,rsi35-50,1,0.9118390277384629,5.9214172919235875,6.0,True,1,True,True,True,True,1,0.0,rsi35-50,3
6.0,¬sig_lead_in_lag,3,0.902393395518537,6.044778026016556,6.000000000000001,True,1,True,True,True,True,1,0.0,¬sig_lead_in_lag,3
6.0,sig_lead_in_lag+sig_h1_dr,0,1.1259818511359894,6.156343807679694,6.0,True,1,True,True,True,True,1,0.0,sig_lead_in_lag+sig_h1_dr,5
6.0,adx2&rs,2,1.024675118683468,6.068737399874504,6.000000000000001,True,1,True,True,True,True,1,0.0,adx2&rs,5
6.0,rsi50-65&conso,3,1.1033132889792405,6.015011892775983,6.0,True,1,True,True,True,True,1,0.0,rsi50-65&conso,4
6.0,adx1&rs,2,1.0912417454759442,6.182349075528224,6.000000000000001,True,1,True,True,True,True,1,0.0,adx1&rs,4
6.0,rsi50-65,0,1.094338691491032,5.9494807749556315,6.0,True,1,True,True,True,True,1,0.0,rsi50-65,3
6.0,sig_conso+sig_h1_dr,1,1.1632545207880511,6.089594608633413,5.999999999999999,True,1,True,True,True,True,1,0.0,sig_conso+sig_h1_dr,5
6.0,sig_conso+sig_h1_dr,0,1.3743997415522762,6.1364000057366095,6.000000000000002,True,1,True,True,True,True,1,0.0,sig_conso+sig_h1_dr,5
6.0,¬sig_rs_intact,4,1.8367683901243852,5.952941231164712,6.000000000000001,True,1,True,True,True,True,1,0.0,¬sig_rs_intact,4
6.0,sig_rs_intact,1,1.480160150251715,6.055371214136328,6.000000000000001,True,1,True,True,True,True,1,0.0,sig_rs_intact,5
6.0,rsi<35&rs,1,1.31871392968563,6.363653575828048,6.000000000000001,True,1,True,True,True,True,1,0.0,rsi<35&rs,1
6.0,adx3&rs,0,1.2089379266880556,6.088488365134949,6.0,True,1,True,True,True,True,1,0.0,adx3&rs,5
6.0,¬sig_conso,3,1.2610769220976241,5.979367861565723,6.000000000000001,True,1,True,True,True,True,1,0.0,¬sig_conso,3
6.0,sig_h1_dr+sig_macro_vix_up,1,1.9279277175537965,5.996275032636806,5.999999999999999,True,1,True,True,True,True,1,0.0,sig_h1_dr+sig_macro_vix_up,3
6.0,sig_h1_dr,0,1.632814950487052,6.179316056457312,6.0,True,1,True,True,True,True,1,0.0,sig_h1_dr,5
6.0,rsi50-65,2,1.1306710554481025,5.970829605774077,6.0,True,1,True,True,True,True,1,0.0,rsi50-65,3
6.0,rsi35-50&rs,1,1.1435206282542052,5.930316593858234,6.0,True,1,True,True,True,True,1,0.0,rsi35-50&rs,5
6.0,¬sig_rs_intact,2,1.4775814430349832,5.941013829833885,6.0,True,1,True,True,True,True,1,0.0,¬sig_rs_intact,4
6.0,rsi<35&rs,0,1.2876240106317145,6.379670873027505,6.000000000000001,True,1,True,True,True,True,1,0.0,rsi<35&rs,2
6.0,adx2,2,1.1324290260315892,5.963282531127395,5.999999999999999,True,1,True,True,True,True,1,0.0,adx2,4
6.0,rsi<35&conso,1,1.33179923868027,6.215837974550352,6.000000000000001,True,1,True,True,True,True,1,0.0,rsi<35&conso,3
6.0,sig_conso+sig_lead_in_lag+sig_h1_dr,2,0.8096688788763624,5.853113064509335,6.000000000000001,True,1,True,True,True,True,1,0.0,sig_conso+sig_lead_in_lag+sig_h1_dr,5
6.0,sig_lead_in_lag,2,1.1432378175316076,5.949091625723495,5.999999999999999,True,1,True,True,True,True,1,0.0,sig_lead_in_lag,5
6.0,sig_lead_in_lag+sig_h1_dr,3,1.0305295277989004,6.032809002921089,5.999999999999999,True,1,True,True,True,True,1,0.0,sig_lead_in_lag+sig_h1_dr,5
6.0,¬sig_conso,0,1.2551458934798345,6.037798505680271,5.999999999999998,True,1,True,True,True,True,1,0.0,¬sig_conso,3
6.0,adx-1,3,4.608262200524171,6.300423637370229,6.0,True,1,True,True,True,True,1,0.0,adx-1,1
6.0,¬sig_macro_vix_up,0,5.691249910154312,5.691249910154312,6.0,True,1,True,True,False,False,1,0.0,¬sig_macro_vix_up,0
6.0,sig_conso+sig_h1_dr,2,1.4373140464152536,6.06320830386788,6.0,True,1,True,True,True,True,1,0.0,sig_conso+sig_h1_dr,5
6.0,rsi<35&rs,4,1.1208205468190946,6.15897251288996,6.0,True,1,True,True,True,True,1,0.0,rsi<35&rs,2
6.0,rsi35-50,4,1.0259494087222658,6.016663829165378,5.999999999999999,True,1,True,True,True,True,1,0.0,rsi35-50,3
6.0,¬sig_conso,1,1.1955645445201468,5.879462282316864,5.999999999999999,True,1,True,True,True,True,1,0.0,¬sig_conso,3
6.0,adx1,0,0.9767884953552807,5.947043564165948,6.0,True,1,True,True,True,True,1,0.0,adx1,3
6.0,sig_rs_intact,3,1.4109237313531593,5.934231178398817,5.999999999999999,True,1,True,True,True,True,1,0.0,sig_rs_intact,5
6.0,¬sig_conso,4,1.2759745667711768,5.987040583931918,6.0,True,1,True,True,True,True,1,0.0,¬sig_conso,3
6.0,sig_h1_dr+sig_macro_vix_up,3,1.8067110015710686,5.77248947111477,6.0,True,1,True,True,True,True,1,0.0,sig_h1_dr+sig_macro_vix_up,3
6.0,adx1,1,1.0460266354301608,6.1290475667041635,6.0,True,1,True,True,True,True,1,0.0,adx1,3
6.0,adx-1,1,4.586935713397723,6.176739342359562,6.0,True,1,True,True,True,True,1,0.0,adx-1,1
6.0,sig_conso+sig_lead_in_lag+sig_h1_dr,0,1.0311232985815708,6.0190285748336345,6.000000000000001,True,1,True,True,True,True,1,0.0,sig_conso+sig_lead_in_lag+sig_h1_dr,5
6.0,adx1,2,1.0683658424175226,6.131345029358276,6.000000000000001,True,1,True,True,True,True,1,0.0,adx1,3
6.0,rsi<35&conso,3,1.2259005542397834,6.101902896399442,6.0,True,1,True,True,True,True,1,0.0,rsi<35&conso,3
6.0,sig_h1_dr+sig_macro_vix_up,2,2.4521073573161205,6.345779546674277,6.0,True,1,True,True,True,True,1,0.0,sig_h1_dr+sig_macro_vix_up,3
6.0,adx-1,0,4.101664736820329,5.838901766735117,6.0,True,1,True,True,True,True,1,0.0,adx-1,1
6.0,rsi35-50&conso,3,1.1784661133228784,5.976554880237615,6.0,True,1,True,True,True,True,1,0.0,rsi35-50&conso,5
6.0,sig_conso+sig_macro_vix_up,1,4.562038972979162,6.000417019178349,6.0,True,1,True,True,True,True,1,0.0,sig_conso+sig_macro_vix_up,1
6.0,adx3,2,1.1056376750940635,5.938817488861518,6.0,True,1,True,True,True,True,1,0.0,adx3,5
6.0,sig_conso+sig_lead_in_lag+sig_h1_dr,1,1.0100898306060224,6.114796995965677,6.0,True,1,True,True,True,True,1,0.0,sig_conso+sig_lead_in_lag+sig_h1_dr,5
6.0,adx1&rs,3,0.8851878189942848,5.969858153879876,5.999999999999999,True,1,True,True,True,True,1,0.0,adx1&rs,4
6.0,sig_conso+sig_lead_in_lag,2,0.9886152698956245,5.895178506109641,5.999999999999998,True,1,True,True,True,True,1,0.0,sig_conso+sig_lead_in_lag,5
6.0,¬sig_h1_dr,3,1.0382155050752784,6.128224181957641,6.0,True,1,True,True,True,True,1,0.0,¬sig_h1_dr,3
6.0,¬sig_macro_vix_up,3,6.012772897381373,6.012772897381373,6.0,True,1,True,True,False,False,1,0.0,¬sig_macro_vix_up,0
6.0,rsi50-65&rs,2,1.3344817953678918,6.0143908297697966,5.999999999999999,True,1,True,True,True,True,1,0.0,rsi50-65&rs,5
6.0,rsi>=65,3,0.8465405541604325,5.915358232552587,6.0,True,1,True,True,True,True,1,0.0,rsi>=65,3
6.0,adx2,1,1.2150510388041262,5.985119424188184,5.999999999999999,True,1,True,True,True,True,1,0.0,adx2,4
6.0,¬sig_rs_intact,3,1.5527330194186955,6.090174223248716,6.000000000000001,True,1,True,True,True,True,1,0.0,¬sig_rs_intact,4
6.0,rsi35-50,0,0.9589081448504905,6.008864435443697,6.0,True,1,True,True,True,True,1,0.0,rsi35-50,3
6.0,sig_lead_in_lag,1,1.2926645747220071,6.1179079098482845,6.000000000000001,True,1,True,True,True,True,1,0.0,sig_lead_in_lag,5
6.0,adx1&rs,4,0.9961118851367807,6.093470428845029,6.000000000000001,True,1,True,True,True,True,1,0.0,adx1&rs,4
6.0,sig_conso,4,1.1592868556275884,6.01622863664839,6.0,True,1,True,True,True,True,1,0.0,sig_conso,5
6.0,sig_rs_intact+sig_macro_vix_up,3,3.180701995223765,5.807894392995647,6.0,True,1,True,True,True,True,1,0.0,sig_rs_intact+sig_macro_vix_up,3
6.0,adx0,2,0.6883464210773146,5.995520349920844,6.0,True,1,True,True,True,True,1,0.0,adx0,1
6.0,rsi50-65&conso,0,1.046387263017602,5.961670111499616,6.0,True,1,True,True,True,True,1,0.0,rsi50-65&conso,5
6.0,adx3&rs,1,1.141741122265013,5.977957920669424,5.999999999999999,True,1,True,True,True,True,1,0.0,adx3&rs,5
6.0,sig_lead_in_lag+sig_macro_vix_up,2,1.857503270334658,6.228400716813056,6.0,True,1,True,True,True,True,1,0.0,sig_lead_in_lag+sig_macro_vix_up,3
6.0,adx1,3,0.914703455843288,6.004151131782523,6.0,True,1,True,True,True,True,1,0.0,adx1,3
6.0,rsi35-50&conso,2,1.2605920822367727,6.066698620677547,5.999999999999999,True,1,True,True,True,True,1,0.0,rsi35-50&conso,5
6.0,sig_lead_in_lag+sig_h1_dr,4,1.1151312478896687,6.153375680812142,6.0,True,1,True,True,True,True,1,0.0,sig_lead_in_lag+sig_h1_dr,5
6.0,sig_conso+sig_macro_vix_up,0,4.80669142539545,6.269441636931935,6.000000000000001,True,1,True,True,True,True,1,0.0,sig_conso+sig_macro_vix_up,1
6.0,rsi>=65,2,1.0234380451605056,6.05922103920552,6.0,True,1,True,True,True,True,1,0.0,rsi>=65,3
6.0,rsi50-65&conso,2,1.0743089577661766,5.96312510850284,6.0,True,1,True,True,True,True,1,0.0,rsi50-65&conso,4
6.0,sig_rs_intact+sig_conso,3,1.2651046992256294,5.876635950354131,6.0,True,1,True,True,True,True,1,0.0,sig_rs_intact+sig_conso,5
6.0,sig_lead_in_lag,3,1.2534695564583012,5.966878684189168,5.999999999999999,True,1,True,True,True,True,1,0.0,sig_lead_in_lag,5
6.0,sig_rs_intact,2,1.4872646972532644,6.057758945669271,6.000000000000001,True,1,True,True,True,True,1,0.0,sig_rs_intact,5
6.0,sig_lead_in_lag+sig_macro_vix_up,4,1.543754771263595,6.065294126673276,5.999999999999999,True,1,True,True,True,True,1,0.0,sig_lead_in_lag+sig_macro_vix_up,3
6.0,sig_lead_in_lag+sig_h1_dr,2,0.9055726384229599,5.997133831712794,6.0,True,1,True,True,True,True,1,0.0,sig_lead_in_lag+sig_h1_dr,5
6.0,sig_rs_intact+sig_macro_vix_up,2,3.657867083825354,6.31281411819541,6.0,True,1,True,True,True,True,1,0.0,sig_rs_intact+sig_macro_vix_up,3
6.0,rsi35-50,2,1.0124500154026441,6.0693810881398305,6.0,True,1,True,True,True,True,1,0.0,rsi35-50,3
6.0,sig_conso,1,1.2706996640350403,6.105236702613463,6.0,True,1,True,True,True,True,1,0.0,sig_conso,5
6.0,rsi50-65&conso,4,1.0049644866060716,6.010515284084288,6.0,True,1,True,True,True,True,1,0.0,rsi50-65&conso,4
6.0,sig_macro_vix_up,1,5.97167606049448,5.97167606049448,5.999999999999999,True,1,True,True,False,False,1,0.0,sig_macro_vix_up,0
6.0,rsi50-65,3,1.1766696811028476,6.008781906789477,6.000000000000001,True,1,True,True,True,True,1,0.0,rsi50-65,3
6.0,sig_h1_dr+sig_macro_vix_up,4,2.1512446138918024,6.047998741535571,6.0,True,1,True,True,True,True,1,0.0,sig_h1_dr+sig_macro_vix_up,3
6.0,sig_conso,0,1.1964073247539964,5.976080291650984,6.0,True,1,True,True,True,True,1,0.0,sig_conso,5
6.0,rsi<35,4,0.9077134986693156,5.982374363975305,6.0,True,1,True,True,True,True,1,0.0,rsi<35,5
6.0,sig_lead_in_lag,0,1.3126144744835533,6.115976768554894,5.999999999999999,True,1,True,True,True,True,1,0.0,sig_lead_in_lag,5
6.0,¬sig_h1_dr,1,0.9715598318159047,5.977411132327528,5.999999999999999,True,1,True,True,True,True,1,0.0,¬sig_h1_dr,3
6.0,rsi50-65&rs,4,1.239359699469022,6.032608495591121,6.0,True,1,True,True,True,True,1,0.0,rsi50-65&rs,5
6.0,sig_rs_intact+sig_conso,2,1.3367795574372616,5.997484958502749,6.0,True,1,True,True,True,True,1,0.0,sig_rs_intact+sig_conso,5
6.0,sig_h1_dr,2,1.7033136826649327,6.089071625473178,5.999999999999999,True,1,True,True,True,True,1,0.0,sig_h1_dr,5
6.0,sig_macro_vix_up,2,6.380195554214996,6.380195554214996,6.0,True,1,True,True,False,False,1,0.0,sig_macro_vix_up,0
6.0,sig_rs_intact+sig_macro_vix_up,4,3.435885646730538,6.015869339440127,6.000000000000002,True,1,True,True,True,True,1,0.0,sig_rs_intact+sig_macro_vix_up,3
6.0,adx2&rs,1,1.116426993711931,6.122400473901432,6.0,True,1,True,True,True,True,1,0.0,adx2&rs,2
6.0,sig_h1_dr,1,1.217769802349257,6.013403326660456,5.999999999999999,True,1,True,True,True,True,1,0.0,sig_h1_dr,5
6.0,adx0,0,0.6647793052432249,6.000037433983657,6.000000000000001,True,1,True,True,True,True,1,0.0,adx0,2
6.0,rsi>=65,0,0.964034515817088,5.919931633960991,6.000000000000001,True,1,True,True,True,True,1,0.0,rsi>=65,3
6.0,sig_macro_vix_up,3,6.000086265654752,6.000086265654752,5.999999999999998,True,1,True,True,False,False,1,0.0,sig_macro_vix_up,0
6.0,sig_rs_intact+sig_conso,1,1.3481568121778704,6.076883949062698,5.999999999999998,True,1,True,True,True,True,1,0.0,sig_rs_intact+sig_conso,5
6.0,sig_conso+sig_macro_vix_up,3,4.593518429474142,6.068667483452556,5.999999999999999,True,1,True,True,True,True,1,0.0,sig_conso+sig_macro_vix_up,1
6.0,¬sig_macro_vix_up,4,6.036880621175453,6.036880621175453,5.999999999999999,True,1,True,True,False,False,1,0.0,¬sig_macro_vix_up,0
6.0,sig_conso+sig_lead_in_lag,0,1.2020671067220858,6.068536973637489,6.0,True,1,True,True,True,True,1,0.0,sig_conso+sig_lead_in_lag,5
6.0,sig_rs_intact,0,1.5033355215510045,6.0331992007528985,5.999999999999999,True,1,True,True,True,True,1,0.0,sig_rs_intact,5
6.0,¬sig_macro_vix_up,1,6.005051886354132,6.005051886354132,6.000000000000001,True,1,True,True,False,False,1,0.0,¬sig_macro_vix_up,0
6.0,sig_rs_intact+sig_macro_vix_up,0,3.6056312862588715,6.257404385532046,6.0,True,1,True,True,True,True,1,0.0,sig_rs_intact+sig_macro_vix_up,3
6.0,adx2,0,1.287508730915171,6.079986015303495,5.999999999999999,True,1,True,True,True,True,1,0.0,adx2,4
6.0,adx2,3,1.2071364972735488,6.074325295973171,6.0,True,1,True,True,True,True,1,0.0,adx2,4
6.0,rsi50-65,4,1.0641403043896278,6.0268860936385416,6.0,True,1,True,True,True,True,1,0.0,rsi50-65,3
6.0,sig_rs_intact+sig_conso,4,1.2978401925990544,5.9810191327912205,6.0,True,1,True,True,True,True,1,0.0,sig_rs_intact+sig_conso,5
6.0,adx3,1,1.0546262077488484,5.911454977629625,6.000000000000002,True,1,True,True,True,True,1,0.0,adx3,5
6.0,adx3&rs,2,1.1153465368239932,5.911522315099878,6.0,True,1,True,True,True,True,1,0.0,adx3&rs,5
6.0,rsi35-50&rs,0,1.233253032761035,6.060495694538258,6.0,True,1,True,True,True,True,1,0.0,rsi35-50&rs,5
6.0,sig_conso+sig_macro_vix_up,4,4.546260524968426,6.011066262011491,6.0,True,1,True,True,True,True,1,0.0,sig_conso+sig_macro_vix_up,1
6.0,rsi<35&rs,2,1.0687570128227148,5.903855008370083,6.0,True,1,True,True,True,True,1,0.0,rsi<35&rs,2
6.0,rsi50-65&rs,3,1.2946299838198791,6.002028122861916,6.0,True,1,True,True,True,True,1,0.0,rsi50-65&rs,5
6.0,adx0,1,0.5776266998293753,5.982949606675081,6.000000000000001,True,1,True,True,True,True,1,0.0,adx0,2
6.0,rsi35-50&conso,0,1.196763217813609,6.009677860605229,6.0,True,1,True,True,True,True,1,0.0,rsi35-50&conso,5
6.0,¬sig_h1_dr,4,1.086993015764104,5.966370266421552,6.0,True,1,True,True,True,True,1,0.0,¬sig_h1_dr,3
6.0,adx3&rs,3,1.1412894201762196,5.917102208456778,5.999999999999999,True,1,True,True,True,True,1,0.0,adx3&rs,5
6.0,¬sig_rs_intact,1,1.506540116092886,5.949943602737429,6.0,True,1,True,True,True,True,1,0.0,¬sig_rs_intact,4
6.0,sig_rs_intact+sig_conso,0,1.3947094433780165,5.983760662053594,6.000000000000001,True,1,True,True,True,True,1,0.0,sig_rs_intact+sig_conso,5
6.0,rsi<35&rs,3,0.9859730137647087,5.952829378086037,5.999999999999999,True,1,True,True,True,True,1,0.0,rsi<35&rs,2
6.0,adx2&rs,3,1.1284969930987432,6.13535677932681,5.999999999999999,True,1,True,True,True,True,1,0.0,adx2&rs,3
6.0,¬sig_lead_in_lag,1,0.8586938589703107,5.841405063194939,6.0,True,1,True,True,True,True,1,0.0,¬sig_lead_in_lag,3
6.0,¬sig_h1_dr,2,0.944420514325185,5.916590267317183,5.999999999999999,True,1,True,True,True,True,1,0.0,¬sig_h1_dr,3
6.0,sig_h1_dr+sig_macro_vix_up,0,2.436355640012381,6.371774163446782,6.000000000000001,True,1,True,True,True,True,1,0.0,sig_h1_dr+sig_macro_vix_up,3
6.0,sig_macro_vix_up,4,5.943032991268121,5.943032991268121,5.999999999999999,True,1,True,True,False,False,1,0.0,sig_macro_vix_up,0
6.0,adx1&rs,0,0.918408721289889,5.907906692223191,6.0,True,1,True,True,True,True,1,0.0,adx1&rs,4
6.0,sig_conso+sig_lead_in_lag,3,1.1509727792327138,5.9446613069389045,5.999999999999999,True,1,True,True,True,True,1,0.0,sig_conso+sig_lead_in_lag,5
6.0,sig_lead_in_lag+sig_macro_vix_up,3,1.569762973222576,5.719620544393614,6.0,True,1,True,True,True,True,1,0.0,sig_lead_in_lag+sig_macro_vix_up,3
6.0,sig_lead_in_lag+sig_h1_dr,1,1.024529628606215,6.032733358146355,6.0,True,1,True,True,True,True,1,0.0,sig_lead_in_lag+sig_h1_dr,5
6.0,rsi35-50&rs,2,1.2340264805049797,6.169451155385042,6.000000000000001,True,1,True,True,True,True,1,0.0,rsi35-50&rs,5
6.0,¬sig_lead_in_lag,2,1.0613487324992688,6.050482208828469,6.000000000000001,True,1,True,True,True,True,1,0.0,¬sig_lead_in_lag,3
6.0,rsi<35,3,0.96142754410406,5.938350782774434,5.999999999999999,True,1,True,True,True,True,1,0.0,rsi<35,5
6.0,sig_conso+sig_lead_in_lag,4,1.215148458391855,6.13278500010076,6.0,True,1,True,True,True,True,1,0.0,sig_conso+sig_lead_in_lag,5
6.0,adx1,4,1.0551665618277077,6.10784600503847,6.0,True,1,True,True,True,True,1,0.0,adx1,3
6.0,sig_conso+sig_h1_dr,4,1.1904699858235712,6.02846819591122,6.0,True,1,True,True,True,True,1,0.0,sig_conso+sig_h1_dr,5
6.0,adx3,0,1.0829231223014912,5.981869885441508,6.0,True,1,True,True,True,True,1,0.0,adx3,5
6.0,sig_lead_in_lag+sig_macro_vix_up,1,1.3741113162345606,6.056131547312786,6.000000000000001,True,1,True,True,True,True,1,0.0,sig_lead_in_lag+sig_macro_vix_up,5
6.0,sig_lead_in_lag,4,1.3082212105532964,6.144842737731773,6.000000000000001,True,1,True,True,True,True,1,0.0,sig_lead_in_lag,5
6.0,rsi<35,2,0.9253338841303247,5.9693067679824585,6.0,True,1,True,True,True,True,1,0.0,rsi<35,5
6.0,rsi50-65&conso,1,0.9878093175422833,5.950224381198189,6.0,True,1,True,True,True,True,1,0.0,rsi50-65&conso,5
6.0,sig_lead_in_lag+sig_macro_vix_up,0,1.9686969791824267,6.3803903690653705,6.000000000000001,True,1,True,True,True,True,1,0.0,sig_lead_in_lag+sig_macro_vix_up,3
6.0,adx-1,4,4.848324278284667,6.492695537629997,6.0,True,1,True,True,True,True,1,0.0,adx-1,1
6.0,adx3,4,1.017006244511292,5.9142534952737345,5.999999999999999,True,1,True,True,True,True,1,0.0,adx3,5
6.0,sig_conso+sig_lead_in_lag+sig_h1_dr,3,0.9424747318277361,5.969867416539659,5.999999999999999,True,1,True,True,True,True,1,0.0,sig_conso+sig_lead_in_lag+sig_h1_dr,5
