setup,ticker,date_in,recorded,true,bars,gap
Zone-Retest,SPWH,2023-03-17,-36.14961503527842,-41.0819755306799,62,-4.9323604954014755
RTB-Base,AIB,2022-05-03,1.6088305670267256,1.9101893939774517,62,0.30135882695072613
Parabola,SACH,2022-01-04,-17.50973275858571,-15.2367195142246,62,2.2730132443611097
G3→G3,GRAB,2025-10-16,-14.89972415326591,-22.451421816854563,62,-7.551697663588653
Zone-Retest,REAX,2024-11-22,-4.125454442856796,-2.021330934632531,62,2.104123508224265
Zone-Retest,EDIT,2024-05-31,-3.9551785520178404,-29.350611414285126,62,-25.395432862267285
G3→G3,XELLL,2026-04-30,-4.257875783382553,-6.012497630750441,62,-1.754621847367888
Zone-Retest,HCMA,2026-02-17,0.38614377256490096,-0.00581000432617316,62,-0.39195377689107413
RTB-Base,FBLA,2024-10-25,30.42337071316104,0.8950136760671081,62,-29.528357037093933
Zone-Retest,IPOD,2022-10-07,0.09882835427497695,0.9956866596313065,62,0.8968583053563296
Parabola,JNPR,2025-05-13,8.57217158045978,8.57217158045978,34,0.0
G3→L46 🕐,CLRB,2024-12-11,-0.842861252022503,-30.40225176997518,62,-29.55939051795268
Washout,GEVO,2021-12-01,-14.031300290650611,-39.29052520540073,62,-25.25922491475012
Atomic,AEXA,2026-01-22,-3.2188704690170375,-5.365263948445359,62,-2.1463934794283217
RTB-Base🧱OB,CHW,2025-04-08,41.57848180069584,23.235112971790155,62,-18.343368828905685
Zone-Retest,CGCT,2026-04-01,1.0627033621108342,15.66068942395374,46,14.597986061842905
RTB-Base,SDHY,2026-04-27,-0.6098692024075922,-1.540150798646772,62,-0.9302815962391797
G3-gap,TIGR,2026-04-06,-21.82998002995509,-28.694682975536708,62,-6.864702945581616
Washout,PPIH,2026-06-11,-9.614452813363878,2.935028974882697,40,12.549481788246574
Zone-Retest,MASI,2026-06-02,0.4549716019475904,0.4549716019475904,6,0.0
G3→G3,BBCP,2021-09-17,31.250961511727553,0.1837608599207842,62,-31.06720065180677
G3→L46 🕐,OACC,2025-02-19,6.5830073820338395,3.8897445789357885,62,-2.693262803098051
Zone-Retest,RC,2025-01-06,-27.050480225220912,-32.772556137141,62,-5.72207591192009
Atomic,SLQT,2022-01-18,-29.32600343670541,-63.77046078169567,62,-34.444457344990255
Zone-Retest,CRON,2021-09-28,-4.932002254350437,-27.06375308171764,62,-22.131750827367203
P55,MESH,2026-02-11,0.7077950430559867,0.7077950430559867,62,0.0
Zone-Retest-E,INVZ,2022-11-11,-1.0798552171742468,-8.880654018971562,62,-7.800798801797315
Zone-Retest,BYRN,2026-04-08,-37.232081795339774,-37.232081795339774,62,0.0
Zone-Retest-E,PLTK,2025-04-24,1.3238055518348504,-1.5174610036165213,62,-2.8412665554513716
🧊Coil-Floor,AVXL,2025-09-09,-48.14467465468464,-69.3628473955733,62,-21.218172740888654
RTB-Base,RWT,2026-05-12,-4.804296750363174,-11.373390478192485,61,-6.569093727829311
G3→L46 🕐,GURE,2025-06-18,14.705806178372876,-1.9826442919889942,62,-16.68845047036187
D+L1,OPEN,2026-04-20,1.4250845900055933,-13.907003649995259,62,-15.332088240000852
Zone-Retest,WRK,2024-04-25,9.608537609718587,9.608537609718587,49,0.0
RTB-Base,ATPC,2025-12-24,9.450517848904743,-47.49841679614394,62,-56.94893464504869
Washout,ASPS,2023-02-03,-56.47645602524408,-25.655786853869806,62,30.820669171374277
G3→G3,VRCA,2025-12-01,5.198860314034564,-33.04165125903136,62,-38.24051157306592
Atomic,ASRT,2026-05-13,0.3847163487844586,0.3847163487844586,23,0.0
Zone-Retest,TGEN,2025-12-01,-22.167799746661004,-52.70051307336515,62,-30.532713326704148
RTB-Base,SGP,2026-02-18,-26.012279542060295,-17.26288575005875,62,8.749393792001545
Zone-Retest,HTZ,2026-06-12,-1.4698951572641281,-58.57174238642037,39,-57.10184722915624
RTB-Base,WFF,2025-09-11,9.209769869006019,-47.84750136699713,62,-57.057271236003146
RTB-Base🧱OB,TCPC,2025-10-17,-8.74035188224857,4.9082399781622374,62,13.648591860410807
RTB-Base,ACGLN,2023-01-12,-15.55755394974067,-1.2858222541447692,62,14.271731695595902
RTB-Base,VIRC,2024-12-11,-50.662478294510436,-22.57711629766507,62,28.085361996845364
Washout,EPM,2023-09-15,-20.993372622226097,-16.94147944749544,62,4.051893174730658
Washout,MNTK,2024-02-02,-17.545314865147848,-46.67433541270098,62,-29.12902054755313
QZ-Capit-Rev,DAY,2026-01-22,0.49257242760876746,0.49257242760876746,9,0.0
P55,CRBU,2024-01-09,-10.266999189273147,-22.548042864402156,62,-12.281043675129009
Zone-Retest,SGP,2026-07-13,-8.672036010415102,11.377325075934191,20,20.049361086349293
Parabola,PARA,2025-07-02,-16.89120239580208,-86.19811815509364,26,-69.30691575929156
Atomic,RVP,2021-10-04,-36.07399053431079,-34.67291161013391,62,1.401078924176879
Zone-Retest,OPEN,2026-05-29,4.229919272964305,-31.61375111888381,49,-35.843670391848114
Zone-Retest-E,TCPC,2025-10-15,-12.673641388175911,-4.080678852633274,62,8.592962535542636
Atomic,VRTS,2026-05-04,5.6032455468395135,5.6032455468395135,40,0.0
Washout,GCBC,2025-03-27,51.27121981862369,-3.0648584815085202,62,-54.336078300132215
RTB-Base,MDWD,2026-01-28,-15.887504853830375,-8.232320962999944,62,7.655183890830431
Zone-Retest,OFLX,2026-04-02,-5.8593646834870174,0.11322272874492735,62,5.9725874122319444
Atomic,GRNT,2026-05-08,-6.819845977302713,-13.339916617610909,62,-6.520070640308195
Zone-Retest,OSUR,2024-04-04,-18.820381524487477,-34.44211022176414,62,-15.621728697276662
Atomic,USEG,2022-03-10,-35.56382622056567,-37.37223908638983,62,-1.8084128658241596
Zone-Retest,MNTS,2026-07-10,-10.169649274029652,-19.217033716311864,21,-9.047384442282212
G3→L46 🕐,INSE,2024-07-15,-12.104194521666528,-0.8412624555574619,62,11.262932066109066
P55,LAW,2023-02-23,-39.77048380420822,-22.38203656054381,62,17.38844724366441
Zone-Retest,HAIN,2025-01-06,-18.79055768199553,-39.69318120243147,62,-20.902623520435938
Zone-Retest,TLRY,2026-03-25,-26.148576100346528,-32.05687341768412,62,-5.9082973173375954
Atomic,VTOL,2026-04-16,-14.118606184415977,-14.118606184415977,33,0.0
G3+RL,VERI,2025-11-10,-13.397675335378551,-42.48521948763397,62,-29.08754415225542
HighBase-15mDip,NFBK,2026-04-06,12.92003991054838,9.079646654278923,62,-3.840393256269458
Washout,RILYZ,2025-03-04,49.763378779756636,-55.42446157952011,62,-105.18784035927675
G3→L46 🕐,SSSS,2026-04-13,7.908251605642352,5.962018413058351,55,-1.9462331925840015
Washout,CCD,2025-09-03,23.14332088823286,2.4979604265100095,62,-20.645360461722852
Parabola,AFYA,2024-08-28,-15.62667212499536,-5.821966091494829,62,9.804706033500532
Zone-Retest,JHG,2026-06-12,-0.12649110599429178,-0.12649110599429178,12,0.0
Atomic,ALDX,2025-10-30,-0.29977533699451764,5.87858187768247,62,6.178357214676988
P55,ACB,2025-09-18,6.648053416892546,1.4868091997192914,62,-5.161244217173255
G3→L46 🕐,CNET,2022-12-08,16.57854068029077,-54.08954881264202,62,-70.6680894929328
RTB-Base,EARN,2025-03-13,-16.803944702780544,-5.746151227703905,62,11.05779347507664
RTB-Base,ALUB,2026-02-10,-0.8929449884579164,-0.8929449884579164,62,0.0
Zone-Retest,UPXI,2025-09-30,-10.355363333092244,-45.461714407187806,62,-35.10635107409556
RTB-Base,CODA,2026-06-16,6.413740302033616,13.233819681363773,37,6.820079379330157
Atomic,SPHL,2026-01-21,-52.98754210581361,-17.270366880509275,62,35.71717522530433
Parabola,FSP,2021-11-23,-14.248188322286598,-3.7018272846267406,62,10.546361037659857
Parabola,IAC,2026-04-17,-3.856084708553592,-3.856084708553592,33,0.0
Parabola,NIO,2026-04-10,-18.350874583889638,-22.41643747733449,62,-4.065562893444852
Zone-Retest,GYRE,2025-09-19,-18.6898296847854,-1.9833718617922658,62,16.706457822993137
P55,ZENA,2025-01-16,-23.23627411103865,-60.087582141336235,62,-36.85130803029759
G3→L46 🕐,CANG,2025-07-15,5.868578310140965,-10.708872116535634,62,-16.5774504266766
G3→G3,ADVB,2026-05-01,173.48534850396157,84.53480485378803,62,-88.95054365017354
Zone-Retest-E,SITC,2026-03-04,-17.996807025234524,-20.594536447361484,62,-2.5977294221269602
Atomic,JELD,2025-08-22,-11.646391775972404,-51.79595763697111,62,-40.149565860998706
P55,MRO,2024-09-19,2.06311990422397,2.06311990422397,46,0.0
G3→L46 🕐,EPM,2024-11-13,-2.092418508682231,-5.856969169226417,62,-3.7645506605441863
Zone-Retest,CYH,2024-10-11,6.012595187678254,-43.33866527794515,62,-49.3512604656234
Zone-Retest,GOSS,2022-10-05,-21.738454174190974,-71.1149388976552,62,-49.376484723464216
Parabola,SILA,2026-05-07,-1.0181222770161256,-1.0181222770161256,37,0.0
Parabola,CHY,2026-05-22,-1.9430784074671636,2.6738206952893693,53,4.616899102756533
Zone-Retest,CEPT,2026-06-29,5.817175363081489,5.817175363081489,3,0.0
Zone-Retest,GEMI,2026-02-09,-33.45317024463305,-47.72863205192212,62,-14.27546180728907
Zone-Retest,ATER,2023-01-17,-55.98547755290142,-21.341930053637498,62,34.643547499263924
Zone-Retest,CRDF,2021-11-19,-13.429431502097517,-52.68872438096102,62,-39.259292878863505
QZ-Capit-Rev,HOLX,2026-02-06,1.3018857991584922,1.3018857991584922,40,0.0
Atomic,BMR,2024-02-27,-39.769981792017866,-40.004923497107285,62,-0.23494170508941892
Zone-Retest,KW,2026-04-21,-0.1165639155945085,-0.1165639155945085,39,0.0
Zone-Retest,CWAN,2026-06-04,0.39618768853687,0.39618768853687,14,0.0
Zone-Retest,SKBL,2025-05-29,23.664278582126812,-46.31075886170744,62,-69.97503744383425
Zone-Retest,SEM,2026-05-15,-0.11800915132155741,-0.11800915132155741,31,0.0
Zone-Retest,GRWG,2022-11-10,-5.386484895298555,-13.299144208215969,62,-7.912659312917414
Atomic,KEN,2022-04-07,13.012448693893958,-33.96483482460719,62,-46.977283518501146
Zone-Retest,JHG,2026-04-28,0.41648257547762263,0.41648257547762263,44,0.0
RTB-Base,OTAI,2026-07-17,-0.29977533699451764,-0.29977533699451764,16,0.0
Parabola,ATCX,2021-08-16,-24.578976503039325,-8.258851215929724,62,16.3201252871096
ppr×NS 🕐24-26,BTCT,2025-01-29,-5.341073324866125,-33.800013578980064,62,-28.45894025411394
RTB-Base,GUTS,2024-02-06,-53.367027605444974,-43.3296361401953,62,10.037391465249677
RTB-Base,NUVL,2026-06-03,34.90110582898154,34.90110582898154,28,0.0
G3→L46 🕐,CTLT,2024-09-26,5.738611119405085,5.738611119405085,58,0.0
P55,TAOX,2025-08-13,-25.144025549353692,-1.719446777700745,62,23.424578771652946
Zone-Retest,WOOF,2023-09-05,3.2174537118002053,-41.13871262577758,62,-44.35616633757778
Parabola,RWT,2026-04-16,-15.891006430553494,-16.222734751693064,62,-0.33172832113957007
G3→L46 🕐,VWAV,2026-04-30,1.8171905569208058,-52.16543973791962,62,-53.982630294840426
Zone-Retest,EGHT,2022-08-30,5.086336366819061,-11.071998744621665,62,-16.158335111440724
G3→L46 🕐,ALTG,2024-08-07,-17.240656150605567,-26.10376598024314,62,-8.863109829637573
Parabola,SEE,2026-04-02,-0.1336746780969232,-0.1336746780969232,4,0.0
Parabola,NPWR,2025-01-07,-37.18711948001566,-60.14999999999999,62,-22.96288051998433
Washout,MIST,2022-10-24,-6.323646294726109,-34.06996100912617,62,-27.746314714400057
P55,MVST,2022-03-23,-26.751083118733828,-55.83367282640532,62,-29.08258970767149
Washout,GNE,2025-07-22,-34.42640565919764,-26.026004349116878,62,8.400401310080763
Zone-Retest,ENVB,2026-04-29,-7.6496123409141195,-60.14999999999999,62,-52.500387659085874
Zone-Retest,CLOV,2021-11-16,-28.418516765082263,-59.98036938844605,62,-31.561852623363787
Zone-Retest,SLI,2022-09-08,4.1962948166867795,-27.650868771889076,62,-31.847163588575857
G3+RL,AEXA,2025-10-01,1.9613257649757243,1.418661500502877,62,-0.5426642644728472
Zone-Retest,KNDI,2021-07-20,-5.948236951142643,-19.431661449431708,62,-13.483424498289065
Washout,MVIS,2021-12-16,-19.341725232663826,-36.62349488587631,62,-17.281769653212486
G3→L46 🕐,EDBL,2025-05-27,-82.25184722915625,-52.721143285072394,62,29.53070394408386
G3→L46 🕐,EVGO,2024-11-08,-19.20345864698099,-52.971576696444004,62,-33.76811804946301
Zone-Retest,VVOS,2025-01-17,-14.516860305568152,-60.149999999999984,62,-45.63313969443183
Zone-Retest,RC,2025-03-31,5.488643484049299,-7.121840376081839,62,-12.610483860131138
Atomic,PTLO,2026-03-03,10.751608751920633,-16.97379343605952,62,-27.72540218798015
Zone-Retest,EOSE,2026-06-29,-16.222734751693064,-31.31637336354272,29,-15.093638611849656
Zone-Retest,CCIX,2026-04-28,0.6264790661873634,0.6264790661873634,62,0.0
G3→L46 🕐,RICK,2025-08-19,-27.155483107949134,-33.32174833632541,62,-6.166265228376279
Washout,KNOP,2023-01-19,89.54818157047674,-13.578648046927905,62,-103.12682961740465
Zone-Retest,REKR,2021-12-01,-26.829324079574064,-34.26342839754966,62,-7.434104317975596
Washout,MRO,2024-09-13,8.947738772629426,8.947738772629426,50,0.0
P55,ONEW,2026-02-03,-11.743284230956935,-26.851707738018433,62,-15.108423507061499
G3→G3,PLMK,2025-06-16,3.3010612249267544,1.3546630833476905,62,-1.9463981415790639
G3→G3,PCSA,2025-10-09,-69.40567531056357,-59.47571730639335,62,9.929958004170217
Zone-Retest,CLVT,2025-01-13,-0.10165981186950877,-36.75303195999653,62,-36.65137214812702
Zone-Retest,TTEC,2024-05-09,-34.815902380996405,-34.19954296949637,62,0.616359411500035
Zone-Retest,DAY,2026-01-06,0.434523359157374,0.434523359157374,20,0.0
RTB-Base,WENN,2025-08-21,1.4727138582067814,0.19258277278362837,62,-1.280131085423153
Zone-Retest,FC,2025-08-13,13.18078874623701,-22.349380155303404,62,-35.530168901540414
Parabola,GIW,2026-02-05,0.6006775908281861,0.30052661488726995,62,-0.3001509759409161
G3→L46 🕐,DNUT,2025-02-27,-16.80256705926086,-56.80933487081564,62,-40.00676781155478
Atomic,GETY,2023-04-27,-18.209418808295492,-23.122683831395758,62,-4.913265023100266
Zone-Retest-E,MX,2024-03-27,-6.908824196621005,-13.517873056247481,62,-6.609048859626476
Washout,HAIN,2025-01-23,5.770783395137907,-35.88580928397759,62,-41.6565926791155
G3→G3,RZLV,2025-09-10,-12.781053419870197,-41.557333444278036,62,-28.77628002440784
Parabola,ATVI,2023-09-05,2.3824438573243842,2.3824438573243842,28,0.0
Zone-Retest-E,CFLT,2026-02-11,0.8737826414149388,0.8737826414149388,23,0.0
Zone-Retest,BDN,2024-11-19,-2.805669006143302,-4.540518469400151,62,-1.7348494632568494
Atomic,BLND,2022-02-23,-44.54280306060248,-58.5770003834028,62,-14.034197322800317
Parabola,HOLX,2026-03-04,0.49468341910950414,0.49468341910950414,23,0.0
P55,CRON,2021-11-15,-12.046860591465752,-36.01726428640029,62,-23.97040369493454
Zone-Retest,SMRT,2022-06-24,8.83049812440873,-47.505231743823956,62,-56.33572986823269
Zone-Retest,CHGG,2024-02-12,-42.275757526367954,-43.76264517885257,62,-1.4868876524846186
Spring,ARTNA,2024-08-08,-13.490600901571298,-10.192894510427102,62,3.297706391144196
Washout,DOUG,2022-05-17,0.6422079145432638,6.294107423770018,62,5.651899509226753
Washout,SABR,2023-02-27,-5.742738711481649,-32.58217879946997,62,-26.839440087988322
Washout,ATER,2022-10-18,-58.39445150456134,20.577998910724833,62,78.97245041528618
RTB-Base,ULH,2026-05-06,11.522491263105344,55.29682975536695,62,43.774338492261606
Parabola,VSTS,2026-05-26,4.663293959650244,4.663293959650244,10,0.0
Zone-Retest,RMNI,2022-01-19,-5.7223530808656,8.67552575630935,62,14.39787883717495
Zone-Retest,INDI,2024-07-08,-20.457332428587176,-38.270987532785334,62,-17.81365510419816
Zone-Retest,APT,2021-09-03,-18.6996938866884,-23.361006585944182,62,-4.661312699255781
Atomic,K,2025-10-14,0.47201383914466394,0.47201383914466394,41,0.0
Parabola,RZLV,2025-09-24,-29.370093909768265,-57.569707288574875,62,-28.19961337880661
Zone-Retest,DDD,2023-09-13,-2.590793876107461,12.87358126290486,62,15.464375139012322
Zone-Retest,BNZI,2026-05-07,32.359568979863546,-32.08543018805125,62,-64.4449991679148
Zone-Retest,BYSI,2021-11-26,-66.47702738138584,-57.34661181234731,62,9.130415569038526
Parabola,OSG,2026-06-24,0.996980827460098,-20.23740136548425,32,-21.23438219294435
G3→L46 🕐,RNA,2026-06-25,-3.9292885304680283,-4.855972750078291,31,-0.9266842196102631
Parabola,CRT,2022-12-27,-17.16980545449957,-28.129453790697738,62,-10.959648336198168
Atomic,IPG,2025-10-31,-3.7523567791730885,-3.7523567791730885,19,0.0
P55,CGC,2024-07-17,-20.97797789131905,-42.93086416474579,62,-21.952886273426742
G3→G3,SRTS,2024-05-10,16.894350486718064,30.359629746251976,62,13.465279259533911
G3→G3,MX,2026-04-27,-7.24123480554571,-29.952266297523416,62,-22.711031491977707
Zone-Retest,NOTV,2025-01-07,-8.786141628425376,-60.14999999999999,62,-51.363858371574615
P55,CING,2026-04-21,-16.615171523760125,-25.751793388348858,62,-9.136621864588733
HighBase-15mDip,UPXI,2025-10-09,-28.567233304972124,-59.36610541933578,62,-30.798872114363657
P55,AIOT,2025-10-14,2.713812932512699,12.357295394935758,62,9.643482462423059
Zone-Retest,CDZI,2026-02-18,-3.7297448864870795,-21.64180808939263,62,-17.91206320290555
QZ-Capit-Rev,AROW,2026-03-23,22.84147844756473,18.617281328161035,62,-4.224197119403694
Parabola,VNTG,2025-09-29,-8.201591677232361,-67.96805708703133,62,-59.76646540979897
Washout,EXFY,2022-11-30,-36.17669588690558,-8.836753419654093,62,27.339942467251483
G3-gap,VSCO,2026-04-01,14.018608111206527,14.018608111206527,42,0.0
Atomic,EHTH,2025-03-03,-43.41184101923177,-51.56515914048391,62,-8.153318121252134
QZ-Capit-Rev,KEN,2022-06-21,18.15527602762968,-30.02795101050339,62,-48.18322703813307
G3+RL,SMHI,2024-09-30,-1.2329550067422477,-35.34585626751981,62,-34.11290126077756
P55,DPRO,2026-05-22,-19.25867875402087,-26.684249259022856,53,-7.425570505001986
Atomic,LPRO,2024-07-26,-17.817358611205997,-12.402832871904263,62,5.414525739301734
Parabola,ALTG,2026-03-06,10.313047943055459,-5.083019632228308,62,-15.396067575283766
G3→L46 🕐,QH,2026-06-11,-5.989246827764055,-27.267870203242158,40,-21.2786233754781
G3→L46 🕐,PKBK,2026-06-01,7.2428675332325385,12.173339712471837,48,4.930472179239298
RTB-Base,K,2025-09-19,6.363714470482967,6.363714470482967,58,0.0
G3→L46 🕐,CLIK,2025-09-10,-34.08747762195092,-42.055323832433174,62,-7.967846210482257
Atomic,GNPX,2025-10-20,-59.30218081967956,-60.14999999999999,62,-0.8478191803204282
G3→L46 🕐,SIMA,2025-05-29,2.967700734749662,0.9495537492606068,62,-2.018146985489055
Zone-Retest,GSM,2026-03-04,1.0788273703842557,-13.494972679048484,62,-14.573800049432739
Zone-Retest,NKTX,2024-07-09,-1.6235472548752738,-26.396993146643684,62,-24.77344589176841
Zone-Retest,CNDT,2021-12-20,7.48854218671991,-5.891387918122831,62,-13.37993010484274
Atomic,HOLX,2026-03-11,0.3480876143412027,0.3480876143412027,18,0.0
RTB-Base,SKYH,2026-05-15,4.113494261370337,23.421548754216698,58,19.30805449284636
Zone-Retest,MDXG,2025-11-24,-21.929052489514984,-20.89203235206539,62,1.0370201374495949
P55,AIAI,2026-06-17,-29.145395795196087,-49.37094972020085,36,-20.22555392500476
QZ-Capit🔵dwell,RE,2023-06-26,0.9609452857323899,0.9609452857323899,9,0.0
P55,SORA,2025-05-29,-60.14779490950198,-60.14999999999999,62,-0.002205090498009099
Zone-Retest,CCD,2022-06-16,17.73322135734042,6.8027348699814025,62,-10.930486487359016
Spring,LUCK,2026-02-10,3.975579586421457,13.491692157895747,62,9.51611257147429
Parabola,SEE,2026-01-29,0.22412281291868688,0.22412281291868688,48,0.0
Zone-Retest,CRON,2021-09-10,-11.340905948769159,-27.98261005927008,62,-16.64170411050092
Parabola,GTEC,2021-11-23,-23.72014216894555,-45.990401701113264,62,-22.270259532167714
Washout,SDHC,2025-03-05,-35.36312919404613,-11.641021867577244,62,23.722107326468887
Zone-Retest,HCIC,2021-08-13,-1.4036471674397863,-1.5039991520257199,62,-0.10035198458593353
P55,ALLO,2023-05-16,-23.411854570640262,-37.762492003296124,62,-14.350637432655862
Zone-Retest,NAGE,2026-01-06,-22.316439781321822,-30.844021080180976,62,-8.527581298859154
Zone-Retest,LXEO,2026-05-26,-2.428365397639981,-7.0725618935937264,52,-4.644196495953746
G3→G3,TMCI,2025-03-17,-21.606199539075227,-26.144846114666393,62,-4.538646575591166
Atomic,FC,2026-04-10,0.6294961815071889,-3.9239342591510464,62,-4.553430440658236
Zone-Retest,CEPO,2025-11-10,1.8063655475559381,-0.20404166042404234,62,-2.0104072079799806
G3+RL,TMQ,2026-02-03,-1.8300469793394225,-15.028639894564282,62,-13.19859291522486
Parabola,LEGO,2021-09-09,-3.3124976328610503,-15.019075696799627,62,-11.706578063938576
Zone-Retest,ALT,2026-01-23,-5.292286570144805,-35.986985262846474,62,-30.69469869270167
Washout,RGP,2024-10-04,-37.086700212838636,3.9999951030392165,62,41.086695315877854
Zone-Retest,CHRS,2023-03-27,-16.968986396438396,-34.29836423051373,62,-17.32937783407533
Zone-Retest-E,MVIS,2021-12-20,-12.910616860176876,-20.684423278576965,62,-7.773806418400088
QZ-Capit🧱OB,AMWD,2026-05-20,40.08940724427377,40.08940724427377,5,0.0
G3-gap,TARA,2026-03-10,-13.397675335378551,-29.387319489249947,62,-15.989644153871396
Parabola,AROW,2026-05-04,8.605273162362709,7.68499459404009,62,-0.9202785683226189
Parabola,PRTS,2023-01-23,-25.00035565093141,-26.647061005193855,62,-1.6467053542624441
Zone-Retest,FULC,2026-03-30,-7.111038848113899,-55.07972442642277,62,-47.96868557830887
Zone-Retest,ALXO,2024-07-05,-1.2075046521127395,-42.055323832433174,62,-40.847819180320435
G3→L46 🕐,PSTV,2026-01-15,2.2535951456395473,-53.27549345564425,62,-55.5290886012838
Atomic,CHOW,2025-11-12,31.70639148500723,-45.82967461899701,62,-77.53606610400425
Parabola,OFLX,2025-07-03,-18.845345185239985,-14.736282441906429,62,4.109062743333556
G3→L46 🕐,VSTS,2026-03-27,61.635929688042715,61.635929688042715,50,0.0
Zone-Retest,CLNE,2022-12-19,-13.271770335949068,-26.92650191379597,62,-13.654731577846903
G3→L46 🕐,BCAB,2025-11-24,-37.155602707050534,-59.23359682698174,62,-22.077994119931205
G3→L46 🕐,GDC,2025-12-19,66.45246399203423,-33.954029332046495,62,-100.40649332408071
G3→L46 🕐,ALCO,2022-12-06,48.94778189858069,-7.966846159332425,62,-56.91462805791312
G3→G3,RGP,2025-04-07,4.454997266005739,17.530621924256458,62,13.07562465825072
Washout,SCVL,2026-04-01,10.140837507996553,10.140837507996553,50,0.0
G3-gap,ONEW,2025-12-09,3.7434555912609966,-12.341571797233735,62,-16.08502738849473
RTB-Base,JZXN,2025-10-27,-56.99499103283968,-60.14999999999999,62,-3.155008967160313
Zone-Retest,UWMC,2025-11-10,-4.03249401598535,-13.737562581361601,62,-9.705068565376251
Parabola,XOMA,2026-04-27,-2.8432672316125505,-2.8432672316125505,53,0.0
Zone-Retest,TTGT,2026-04-23,-4.182839629444729,-33.76809138144637,62,-29.58525175200164
Zone-Retest,ACCO,2025-02-13,7.0821478871187225,-23.999634109147568,62,-31.08178199626629
G3→L46 🕐,GTM,2026-05-11,-5.174353233928625,-60.14999999999999,62,-54.975646766071364
Zone-Retest,ASPI,2026-04-13,9.074809074597706,9.074809074597706,62,0.0
Washout,FULC,2026-03-16,-17.648269969563028,-60.184208661268066,62,-42.53593869170504
Atomic,SITC,2026-05-15,-6.586641334294879,-41.90403561324681,58,-35.31739427895193
Parabola,CMT,2023-09-28,-14.206188444605822,-33.30481323469341,62,-19.09862479008759
G3→G3,YYAI,2026-01-27,-18.397628557164264,-49.163979031452826,62,-30.76635047428856
Washout,NRT,2023-08-03,-20.6124435895177,-10.415320972789194,62,10.197122616728505
RTB-Base,IHT,2021-06-07,-56.373300517204484,-27.500353779675308,62,28.872946737529176
Zone-Retest,INDO,2022-09-29,-11.1667556236623,-25.341077736707245,62,-14.174322113044944
P55,FWDI,2026-01-14,-39.449683568172915,-45.67535704836032,62,-6.225673480187403
Parabola,VRTS,2026-06-03,-1.5706588294373047,-1.5706588294373047,19,0.0
Zone-Retest,DOGZ,2025-08-14,15.966808393966431,23.128197457911508,62,7.161389063945077
Parabola,CHI,2025-11-05,16.061864665358044,-1.6263947966446979,62,-17.68825946200274
G3→L46 🕐,LUNG,2024-09-12,-30.638882061523105,-18.60564985854552,62,12.033232202977587
Zone-Retest,OSUR,2024-02-13,-30.790490433538135,-33.40005613999907,62,-2.6095657064609377
Washout,KRRO,2025-11-24,132.08950017465813,90.13964540409832,62,-41.94985477055981
QZ-Capit🏆RS,DFS,2025-03-05,11.324063529405942,11.324063529405942,52,0.0
Washout,FLUX,2021-09-28,-2.7522369953841332,-21.671226931532523,62,-18.91898993614839
Parabola,ALEC,2024-07-23,-20.518668181528337,-20.052078346654472,62,0.4665898348738651
Parabola,VNTG,2025-09-12,4.610891449710702,-63.483687992601254,62,-68.09457944231195
QZ-Capit-Rev,JNPR,2025-06-10,11.275041209136033,11.275041209136033,15,0.0
RTB-Base,CHI,2025-04-08,44.98627788405889,16.157839126266367,62,-28.828438757792526
Washout,EGHT,2022-06-21,-10.373160833970301,-24.86469786470738,62,-14.49153703073708
Atomic,MBOT,2021-12-29,-17.000702593796152,-31.332703998569183,62,-14.332001404773031
Parabola,ONL,2023-07-07,-17.832999310557966,-32.84025033877755,62,-15.007251028219585
P55,REAX,2024-10-28,-2.440813292731475,-3.024732735205177,62,-0.583919442473702
Zone-Retest,SIDU,2026-05-26,-3.8326510699500274,-49.64847110154136,52,-45.815820031591336
Zone-Retest,NUVL,2026-05-20,22.180834643468657,22.180834643468657,37,0.0
Parabola,GPRO,2023-01-27,-16.302482461616425,-29.304682000371734,62,-13.00219953875531
ZRT🟢L46,SILA,2026-04-06,27.70545427114493,27.70545427114493,60,0.0
Zone-Retest,CABA,2024-08-01,-29.58545575491512,-42.97319537453597,62,-13.387739619620849
Atomic,CWCO,2026-06-03,-2.2270009710891268,1.1622579026634718,46,3.3892588737525986
Zone-Retest,OGI,2022-04-29,-11.630297284569597,-25.08529209731502,62,-13.454994812745422
G3→L46 🕐,MDXH,2023-02-14,-87.51802932084813,-2.9205161417978074,62,84.59751317905032
D+L1,BTCT,2024-12-16,-15.167983972945681,-42.42636647218952,62,-27.25838249924384
Parabola,HHS,2022-07-27,13.676374435460797,-23.35321826063214,62,-37.029592696092934
QZ-Capit🔵dwell,SPRB,2026-03-09,-18.16891216919619,1.032322190432661,62,19.201234359628852
Parabola,CANG,2025-07-11,-1.907381816363124,-18.876561320809486,62,-16.969179504446362
Zone-Retest,GOSS,2022-09-28,-26.471796098544804,-72.86765108492939,62,-46.39585498638459
G3→G3,CMTG,2024-05-08,-20.576326272103067,1.1148677515014307,62,21.6911940236045
RTB-Base,COCP,2021-05-28,-43.984248627059415,2.374784252193135,62,46.35903287925255
Atomic,INV,2026-06-24,-15.93289131958629,-42.324280666542286,32,-26.391389346955997
Parabola,RAIN,2023-05-19,-44.4957764173412,-82.45113845625004,62,-37.95536203890884
Parabola,KALV,2026-04-14,37.398778872507535,37.398778872507535,41,0.0
Zone-Retest,RGP,2025-01-15,-39.55124296314148,-37.60014661915172,62,1.9510963439897608
P55,CHI,2026-03-11,14.03902977126999,9.085624370233154,62,-4.953405401036836
G3-gap,MPAA,2023-08-29,94.22172069088234,26.09011885602344,62,-68.1316018348589
Washout,CMTG,2024-05-30,-10.40445852526138,6.0821298345424655,62,16.486588359803847
Zone-Retest,QTRX,2025-11-11,1.3172323498557739,23.55108804404727,62,22.233855694191494
RTB-Base,GLND,2026-04-07,-25.948116012794003,-54.888222336824434,62,-28.94010632403043
Atomic,STI,2026-06-24,-38.72176617518863,-43.729927913771974,32,-5.008161738583347
P55,ACB,2025-08-11,12.705926194741496,-6.592856723318391,62,-19.298782918059885
Zone-Retest,AVIR,2026-03-06,16.894350486718064,-12.936422026710975,62,-29.83077251342904
RTB-Base,CWCO,2026-03-11,-14.907064866200132,-14.993840843601353,62,-0.08677597740122067
G3-gap,RBNE,2025-09-12,-23.508205934341746,-52.92354238911903,62,-29.415336454777282
Zone-Retest,GTLS,2026-06-01,0.7578582415255277,0.7578582415255277,31,0.0
P55,BBAI,2025-11-25,-16.914331479941584,-36.135092508056836,62,-19.220761028115252
Parabola,CV,2026-06-26,6.0556137858276236,0.1239172711936355,30,-5.931696514633988
D+L1,CBNK,2026-04-06,24.185579689134734,16.747823995713755,62,-7.4377556934209785
G3→L46 🕐,FRGT,2026-02-24,-1.9639457480445988,-51.55622399733733,62,-49.592278249292725
Zone-Retest,GOSS,2022-11-22,-0.6211816395578493,-63.2954106394057,62,-62.674228999847855
Zone-Retest,CLNE,2022-12-30,-1.8448465116638502,-15.943620980521484,62,-14.098774468857634
RTB-Base,WAFDP,2023-03-15,3.62981414974311,-3.198652827210796,62,-6.828466976953906
RTB-Base,REKR,2021-11-15,-53.34229915611205,-60.32157860599594,62,-6.97927944988389
Washout💥vol,KEN,2022-07-15,59.254095399812535,-16.139082913720067,62,-75.3931783135326
G3→L46 🕐,SXTP,2025-07-14,-48.639963467497175,-38.734187211246635,62,9.90577625625054
Washout,HLLY,2022-08-09,-19.46457652231332,-43.299791441869466,62,-23.835214919556147
Washout,TPST,2024-10-15,-4.621650732855947,-11.1789789196802,62,-6.557328186824252
G3+RL,SEM,2026-06-05,-0.36021736160889983,-0.36021736160889983,17,0.0
G3→L46 🕐,FUSE,2021-06-11,-3.420722057617093,-0.09907136782262836,62,3.3216506897944647
Zone-Retest,UTMD,2024-12-20,14.760346125314122,-7.781255031173645,62,-22.541601156487765
G3→L46 🕐,NINE,2023-03-10,51.036410155963885,-60.14999999999999,62,-111.18641015596387
Atomic,TLS,2025-11-19,-7.925991430261353,-26.72550086947732,62,-18.799509439215967
Atomic,AFYA,2026-06-26,1.6687199146894705,-5.797986212387757,30,-7.466706127077227
P55,INMB,2025-06-09,-31.390090768240402,-73.83288652292877,62,-42.442795754688376
Washout,MX,2024-03-04,-10.593612931118795,-14.368020048964352,62,-3.7744071178455574
G3→L46 🕐,MBINM,2022-10-31,-6.420124497140184,4.088399532543879,62,10.508524029684063
G3→G3→RL,BYRN,2026-04-13,7.962479168571074,-32.11824481587478,62,-40.080723984445854
Zone-Retest,NCDL,2026-03-13,-9.499458957630974,-4.039484125871123,62,5.459974831759851
G3→L46 🕐,AUNA,2024-04-22,-12.483880132182673,31.943526377101012,62,44.427406509283685
Zone-Retest,ALEC,2024-07-11,-1.0738080863201325,-12.684299326204501,62,-11.610491239884368
Atomic,GEVO,2021-10-07,-19.121383180819834,-23.26851711251015,62,-4.147133931690316
RTB-Base,ACRE,2024-12-18,-21.120902854242225,-25.376315777475337,62,-4.255412923233113
Zone-Retest,SEMR,2026-03-18,0.37036039899880924,0.37036039899880924,28,0.0
Parabola,AIOT,2025-11-11,-1.4563416458324205,-19.76864153576586,62,-18.31229988993344
Washout,PLCE,2025-04-23,24.02921341338245,17.102209671955688,62,-6.927003741426763
G3-gap,DFS,2025-04-08,26.026725689054693,26.026725689054693,28,0.0
RTB-Base,FDP,2026-05-06,-23.99172371044061,-23.99172371044061,36,0.0
Zone-Retest,ATRA,2026-03-10,41.49799312658918,53.418097466203776,62,11.920104339614596
Parabola,PROF,2026-03-06,12.277365096748111,0.31374370855390976,62,-11.963621388194202
D+L1,SDA,2025-01-06,-42.347814389526825,-53.06507183668941,62,-10.717257447162588
Parabola,CHI,2026-05-06,5.829963818408085,4.216874566986345,62,-1.6130892514217399
Washout,GECC,2025-10-08,-7.396362376634552,-13.994943308229685,62,-6.598580931595133
P55,LAW,2024-04-17,-27.50831984670809,-26.096555744789,62,1.4117641019190899
P55,SDA,2024-11-19,-48.694048417976404,-57.76056733396443,62,-9.066518915988027
P55,MBAV,2026-02-24,1.1947088487941628,0.7276825407352141,62,-0.46702630805894874
G3→L46 🕐,BNKK,2026-01-22,29.143239627737866,-38.789049972050464,62,-67.93228959978833
Parabola,DRE,2022-08-26,-23.549954977608383,-23.549954977608383,25,0.0
Washout,BLUW,2021-09-02,37.36185302583036,34.27922864026105,62,-3.0826243855693036
Parabola,CFLT,2026-01-22,1.3043758133291674,1.3043758133291674,37,0.0
RTB-Base,MNKD,2026-01-20,8.956557126834392,-50.756634427057634,62,-59.713191553892024
Zone-Retest,GAMB,2025-10-15,-33.28826728262038,-36.44808451879144,62,-3.159817236171058
Parabola,FFIC,2026-02-05,-8.531792672793898,-4.44539557804457,62,4.086397094749328
Zone-Retest,SJT,2023-08-22,-23.777698148489584,0.3907518045200455,62,24.16844995300963
Parabola,LPRO,2025-02-06,-22.986223989874695,-67.91136244064397,62,-44.925138450769275
G3→G3,DDC,2025-07-14,-18.933534735072115,-42.511550610886644,62,-23.57801587581453
Atomic,LC,2026-03-27,35.79066731228458,35.79066731228458,58,0.0
Zone-Retest,SATS,2026-06-16,-12.85035885092099,-12.85035885092099,5,0.0
P55,GSM,2024-08-01,-6.8354264058457845,-20.81445785866655,62,-13.979031452820767
Parabola,BHR,2022-08-17,-13.323717684343055,-31.730889535262325,62,-18.40717185091927
G3→L46 🕐,KOPN,2026-06-08,-8.386237193505524,-25.086538853691305,43,-16.70030166018578
Parabola,EVEX,2025-07-17,-29.864366996990547,-33.07184628085805,62,-3.2074792838674995
G3→L46 🕐,FOA,2025-03-17,26.451990242515595,10.904377405715444,62,-15.547612836800152
Zone-Retest,PPIH,2026-04-13,-31.01376396656877,-25.507864842081148,62,5.505899124487623
RTB-Base,BARK,2025-06-27,-52.65277183442277,-8.560162844051428,62,44.092608990371346
Zone-Retest,ALLT,2026-03-04,16.680568101336384,24.807911969255407,62,8.127343867919024
Atomic,FSP,2022-02-25,-10.426933354416784,-19.66574417732832,62,-9.238810822911537
P55,INMB,2025-04-04,-31.6555730432665,-73.93449699967422,62,-42.27892395640772
Parabola,AMPY,2026-05-01,-20.86640966223621,-41.27604677888828,62,-20.409637116652068
Zone-Retest,HUMA,2024-12-27,-5.496441304585881,-62.65976694809087,62,-57.16332564350499
P55,CVGW,2026-03-24,6.5723417229747225,6.5723417229747225,45,0.0
Parabola,CCIX,2025-10-16,0.9077157519534587,-1.0428467763471114,62,-1.95056252830057
G3→G3,AUNA,2024-05-10,-34.6926304986964,-16.719590059355422,62,17.97304043934098
RTB-Base,NLOP,2026-06-26,4.076486745731117,3.1833720349707937,30,-0.8931147107603232
G3→L46 🕐,ULBI,2024-04-25,-23.12268383139577,7.973528992225925,62,31.096212823621695
Zone-Retest-E,AIOT,2025-12-04,-0.29977533699451764,-32.08803045431852,62,-31.788255117324002
Parabola,DARE,2021-12-16,-25.57537795721653,-16.67094547449612,62,8.904432482720413
G3→L46 🕐,NRT,2023-02-03,-30.41219982347397,5.636878421622554,62,36.049078245096524
Washout,OSG,2025-12-31,-20.575874598064587,-40.85197385913467,62,-20.27609926107008
P55,BBAI,2025-12-05,-25.554291223982744,-38.10855923716765,62,-12.554268013184902
G3→G3,MDWD,2026-05-28,5.471512021661079,-0.09117458909128616,50,-5.562686610752365
Zone-Retest,XXII,2025-09-26,-10.839521273645097,-51.74113182078733,62,-40.90161054714223
P55,BTQ,2025-11-19,-29.115611984707517,-60.14999999999999,62,-31.034388015292475
Zone-Retest,DARE,2022-06-28,-5.256878689058636,-26.501607340761918,62,-21.244728651703284
G3-gap,TDAC,2025-02-14,7.979514020677275,2.0942360435370952,62,-5.88527797714018
P55,ONEW,2025-08-13,-28.05289214925321,-8.473220727857516,62,19.579671421395695
G3→G3,NCSM,2026-06-03,1.6968594090904177,-11.872861920782956,46,-13.569721329873374
Zone-Retest-E,QTRX,2026-01-30,-24.77434168296429,-54.35403229741854,62,-29.57969061445425
G3→L46 🕐,TCPC,2025-11-10,-11.452330971256924,-16.680091424817416,62,-5.227760453560492
RTB-Base,MYO,2025-03-11,-4.960647583382566,-46.72923348370622,62,-41.76858590032365
Zone-Retest,JRVR,2024-07-10,-13.188244052361181,-6.814825456850188,62,6.373418595510993
Washout,KEN,2022-06-28,53.61934598102845,-19.03910819816787,62,-72.65845417919633
RTB-Base,CIA,2021-09-17,12.601227141588472,-0.29977533699451764,62,-12.90100247858299
RTB-Base,ELTX,2024-01-09,-51.20863372429041,-60.14999999999999,62,-8.941366275709584
Zone-Retest,PRTS,2023-02-23,-24.660824125257903,-36.540594830645595,62,-11.879770705387692
P55,OFLX,2026-04-09,-10.017558759184835,-11.293017833347314,62,-1.2754590741624785
Zone-Retest-E,TACO,2025-07-23,-0.5837096251357807,-0.6783543878495277,62,-0.094644762713747
G3→G3,AXIN,2026-06-02,-1.3568999484411535,-1.453002185845392,47,-0.09610223740423862
Parabola,ACRE,2026-01-30,0.8657914878654807,0.4772692129121405,62,-0.3885222749533402
Zone-Retest-E,OSUR,2024-02-22,-26.430170387693323,-28.181928715114474,62,-1.7517583274211503
P55,STEX,2025-10-16,-15.039570406295317,-49.2739331478972,62,-34.234362741601885
RTB-Base,PLBY,2022-06-16,-29.940676502346346,-42.0975438005782,62,-12.156867298231855
Zone-Retest,FLWS,2025-07-02,-4.211817721179428,-9.614161966006224,62,-5.4023442448267955
Zone-Retest,SANA,2025-12-05,-3.2080343077616815,-39.07656161388985,62,-35.86852730612817
Zone-Retest,SLQT,2022-02-02,-27.350832217808748,-62.75589195887444,62,-35.4050597410657
Parabola,KGEI,2025-07-02,-32.96909853546864,-30.75839245436888,62,2.210706081099758
Parabola,KSCP,2025-07-24,-27.591295350010466,-22.474135347569984,62,5.117160002440482
Atomic,AMTX,2023-07-07,-28.241401991662723,-45.22552799744143,62,-16.98412600577871
Atomic,APT,2021-11-30,5.256278499579708,-32.68363198445576,62,-37.939910484035465
P55,FWDI,2025-11-25,-40.94056853316517,-46.6629790694076,62,-5.722410536242428
G3-gap,SLQT,2022-01-05,-38.901091240234614,-68.688811893891,62,-29.787720653656386
Zone-Retest,SLI,2022-09-19,10.41973188328838,-28.686618531447365,62,-39.10635041473574
Parabola,OACC,2025-06-04,1.9912432021183923,0.3684384035800793,62,-1.6228047985383132
G3→G3,LAW,2025-11-21,-11.982718940310283,-43.386471346023086,62,-31.4037524057128
Zone-Retest,SLDP,2025-11-26,-0.4917949998079872,-26.222429816813246,62,-25.73063481700526
G3→L46 🕐,SCOR,2022-06-24,-79.57784315988329,2.2090242776538647,62,81.78686743753715
Zone-Retest,KLC,2025-09-29,-22.18671570008885,-38.92378774245509,62,-16.73707204236624
Zone-Retest,SANA,2024-08-22,-5.594863008517542,-52.19163451792009,62,-46.59677150940255
Parabola,PPIH,2025-12-26,-29.17323381512798,-8.946535918276805,62,20.226697896851174
Parabola,KALV,2026-03-23,57.50824946790337,57.50824946790337,56,0.0
Zone-Retest,BGS,2026-03-26,-1.2748751872191764,-22.72707189216176,62,-21.452196704942583
P55,BTOG,2025-09-09,22.815909131529427,-47.182514076935504,62,-69.99842320846493
Zone-Retest,FUSE,2021-09-17,-8.48749375936097,-72.57231890259848,62,-64.08482514323751
Zone-Retest,GTLS,2026-05-15,0.9964801735671549,0.9964801735671549,41,0.0
Zone-Retest,PRPL,2022-05-26,27.05918622066899,-38.84196205691463,62,-65.90114827758362
Zone-Retest,DLTH,2022-03-08,-54.763534244088405,-9.138192352619395,62,45.625341891469006
G3→G3,HBANL,2023-03-15,11.546092225298416,12.680753869196188,62,1.134661643897772
Washout,DBI,2026-07-07,9.420158037280341,15.605570184546163,24,6.185412147265822
RTB-Base,PLYX,2026-03-31,-20.057049623433958,-49.814544279471214,62,-29.757494656037256
P55,LEGO,2021-10-11,4.247307384647941,-8.187571894945684,62,-12.434879279593625
RTB-Base🧱OB,PLYX,2026-03-24,-1.9763649302166397,-31.74514459653804,62,-29.7687796663214
G3-gap,PRA,2026-06-02,4.2958416977045,4.2958416977045,17,0.0
G3→L46 🕐,SOUL,2025-12-12,2.2630142397460027,0.7844817916264737,62,-1.478532448119529
Parabola,DXLG,2023-01-17,-26.347660031691607,-29.097158971687403,62,-2.749498939995796
Parabola,KOPN,2021-11-08,-22.472179919390662,-59.5551545632371,62,-37.08297464384644
Atomic,TRON,2025-08-15,-25.19039330053911,-59.231550584785644,62,-34.04115728424654
P55,VERI,2025-12-03,1.089790413782882,-41.98674786031688,62,-43.07653827409976
Zone-Retest,BUR,2026-03-04,-39.84093363480044,-46.05957277362452,62,-6.218639138824074
G3→G3,CELZ,2024-03-08,3.6875880438908935,-28.377459144062605,62,-32.065047187953496
G3→L46 🕐,COTY,2025-03-24,-9.262991195433063,-14.640920710496202,62,-5.377929515063139
G3→L46 🕐,HVII,2025-10-28,-4.168510978919077,-5.365976772848119,62,-1.1974657939290418
Parabola,HCAT,2024-12-03,-44.00526087972419,-49.16026686681538,62,-5.155005987091187
Washout,MNTK,2023-03-15,-38.28627385009442,-19.184491740649882,62,19.101782109444535
Zone-Retest,THRY,2026-01-13,-10.978943750150188,-60.14999999999999,62,-49.171056249849805
Zone-Retest,TMCI,2025-08-12,-2.6473511519554407,-2.6473511519554407,62,0.0
G3→L46 🕐,EGHT,2023-02-06,-18.468978858604196,-59.791857664389084,62,-41.32287880578489
Atomic,WRK,2024-06-06,-2.461774503486941,-2.461774503486941,20,0.0
Parabola,SATS,2026-05-14,-22.528550665922136,-22.528550665922136,27,0.0
Zone-Retest,CFLT,2026-02-24,0.7091415354152422,0.7091415354152422,15,0.0
Zone-Retest,IPG,2025-11-18,-1.9779303733475306,-1.9779303733475306,7,0.0
Zone-Retest,MMC,2025-11-12,0.3770074719297968,0.3770074719297968,42,0.0
Zone-Retest,BBAI,2025-11-19,-13.669551181702039,-29.239416722374074,62,-15.569865540672035
Parabola,AMPY,2026-03-02,-16.10939424197038,-22.266824762855723,62,-6.157430520885342
RTB-Base,IHT,2021-06-21,-29.732210705979607,-54.70852034620245,62,-24.97630964022284
Zone-Retest,MTAL,2025-07-23,-16.39134046863589,-17.38159063058306,62,-0.99025016194717
Zone-Retest,AISP,2025-09-30,-2.599588572994632,-44.95448233599696,62,-42.35489376300232
Atomic,DWTX,2025-03-14,-6.024521551006829,-60.14999999999999,62,-54.125478448993164
G3-gap,NVA,2026-04-17,-12.612133866868886,-31.230822375459383,62,-18.618688508590495
HighBase-15mDip,PARA,2025-07-09,-13.555618202703807,-85.63916609375018,22,-72.08354789104636
Zone-Retest,IPG,2025-09-24,-5.7188983845248345,-5.7188983845248345,46,0.0
Washout,NRC,2026-02-06,20.54875360441371,10.341016882359227,62,-10.207736722054484
Zone-Retest,HOLO,2025-05-29,-43.97028746589288,-49.778130511168364,62,-5.807843045275483
Zone-Retest,SPRB,2026-03-10,-31.303206170258065,-19.557060983428826,62,11.746145186829239
Zone-Retest,ONEW,2026-05-07,-0.8876235898465143,4.990858938673553,62,5.878482528520068
G3→G3,VSH,2026-05-27,28.172367933248648,28.172367933248648,17,0.0
G3→L46 🕐,APYX,2022-03-18,-58.912552227343426,-60.14999999999999,62,-1.2374477726565658
Washout,PRLD,2022-06-24,0.07630837171737638,25.65000056412557,62,25.573692192408192
Parabola,GRNT,2026-03-20,-9.525067833033058,-14.589934301446366,62,-5.0648664684133085
Zone-Retest,DIBS,2022-08-10,-11.034526452641863,11.116547278059002,62,22.151073730700865
G3→L46 🕐,HYLN,2021-11-30,-20.727149542861284,-34.29458464974294,62,-13.567435106881653
Zone-Retest,KLC,2025-10-06,-20.590975962956154,-39.42237798273351,62,-18.831402019777354
G3→G3,KSCP,2025-07-11,-30.254842735896165,-12.939044281678752,62,17.315798454217415
G3→L46 🕐,IPSC,2022-11-16,-12.806066001198607,-55.247413999241616,62,-42.44134799804301
Parabola,CEPT,2026-05-14,-4.521085647950857,-4.521085647950857,33,0.0
G3→L46 🕐,BCML,2024-12-23,21.955547736734477,-5.1167831834895425,62,-27.07233092022402
G3→L46 🕐,ESOA,2025-05-19,64.70031350792408,5.432154896243452,62,-59.268158611680626
Parabola,FXNC,2026-04-17,5.880106439783988,5.255174574716498,62,-0.6249318650674907
Zone-Retest,ACTG,2024-03-20,-1.2883914227668378,0.688840748777825,62,1.9772321715446628
Zone-Retest,SNDL,2022-02-25,-3.906532501627785,-32.57076049423963,62,-28.664227992611842
Washout,RC,2025-03-07,-0.10399058275331595,-17.92040321870135,62,-17.816412635948033
Parabola,THR,2026-05-14,-9.073724662148946,-9.073724662148946,11,0.0
G3→G3,FENC,2024-05-14,18.851099238060858,-30.963314396476243,62,-49.814413634537104
Zone-Retest,AMPY,2026-02-04,0.49743204554444936,25.80876644115662,62,25.31133439561217
G3→G3,INVE,2022-05-06,-45.236432090288616,23.87192811513839,62,69.108360205427
G3-gap,TLS,2025-11-10,-27.020257993291747,-30.39547685513982,62,-3.3752188618480723
RTB-Base,SCYX,2021-06-02,-48.55903457755732,-35.53509223020878,62,13.023942347348537
Atomic,EARN,2026-02-17,-1.472185019926092,-5.966422137830446,62,-4.494237117904355
G3→G3,ASUR,2026-02-27,-4.997192420055069,5.843000848546259,62,10.840193268601329
Parabola,IDN,2025-11-20,1.631030112290116,-32.847638624935534,62,-34.478668737225654
Washout,ALXO,2024-06-03,-49.24413242157343,-60.14999999999999,62,-10.905867578426559
RTB-Base🧱OB,AIAI,2026-05-19,-24.834401968475856,-44.31946009557093,56,-19.485058127095076
Zone-Retest,PRA,2026-04-21,0.7088127909146205,0.7088127909146205,46,0.0
G3→L46 🕐,FSHP,2026-05-28,-0.9328836455461618,1.0568853241876233,13,1.989768969733785
Atomic,EVTL,2025-10-09,-12.823944409845717,6.734347018990411,62,19.558291428836128
Atomic,SHMD,2026-04-29,-16.747649283146842,-33.52780351103961,62,-16.780154227892766
G3+RL,PRTS,2023-02-28,-18.646239380766268,-32.12196075804992,62,-13.475721377283655
P55,SSII,2025-10-14,20.69299426870475,-28.155565775326235,62,-48.84856004403099
Zone-Retest,CTKB,2025-02-12,-2.428365397639981,-41.710527425915394,62,-39.282162028275415
Zone-Retest,GRAB,2025-10-24,-13.293982656152764,-21.842803260862137,62,-8.548820604709373
RTB-Base,TCPC,2025-12-22,-6.031917863944841,-31.734105323496248,62,-25.702187459551407
HighBase-15mDip,HOLX,2026-01-12,1.220583366302225,1.220583366302225,58,0.0
Parabola,CTKB,2026-01-07,-9.295291072400408,-17.391255234265728,62,-8.09596416186532
Atomic,AIAI,2026-06-15,-30.780370234122493,-50.54020416743305,38,-19.75983393331056
QZ-Capit-Rev,KEN,2022-07-06,78.60322728262294,-7.642100589316087,62,-86.24532787193903
P55,METCB,2023-09-15,-8.440805442131511,17.35547067414594,62,25.796276116277454
G3→G3,TDAC,2021-10-25,-22.056462096177526,-26.883276708314156,62,-4.82681461213663
P55,QTRX,2026-01-27,-27.399908881235486,-52.61607592240086,62,-25.216167041165374
Zone-Retest,CEPO,2025-07-30,-4.6917511076294,-6.125865644979572,62,-1.4341145373501725
Zone-Retest,GNE,2025-08-05,-34.33202041122138,-29.695605000828113,62,4.6364154103932655
Zone-Retest,AEXA,2025-12-09,1.4093726527326047,-0.29977533699450654,62,-1.7091479897271111
Zone-Retest,SEM,2026-05-27,-0.23926004931995024,-0.23926004931995024,24,0.0
RTB-Base🧱OB,TBLD,2022-11-15,55.022646435751774,9.997722939062232,62,-45.02492349668954
QZ-Capit🔑,DRE,2022-09-01,-17.82395092786752,-17.82395092786752,21,0.0
Zone-Retest,CURV,2022-08-09,13.61233709400625,-21.079892638995652,62,-34.6922297330019
Zone-Retest,SDHC,2025-06-12,-29.403406711637974,-4.066734717045889,62,25.336671994592084
Parabola,MXC,2022-03-17,-17.66503180012589,0.6770203390566389,62,18.34205213918253
Zone-Retest,NIO,2026-06-23,2.7693914046962362,-3.1643309625725315,33,-5.933722367268768
Zone-Retest,EGHT,2022-06-23,-8.258851215929724,-27.794764736952544,62,-19.53591352102282
G3→G3,NRT,2022-03-02,-43.25112855264152,9.971200431964562,62,53.22232898460608
G3→G3,SKYH,2026-03-23,-1.962214041061211,-1.0270922700237048,62,0.9351217710375062
G3+RL,FUSE,2021-09-21,-0.29977533699451764,-71.19343484772841,62,-70.8936595107339
G3→L46 🕐,RLYB,2026-03-02,74.95117360342024,50.559486705492695,62,-24.39168689792755
Washout,NREF,2022-03-18,-31.59212253048997,-10.106493830682545,62,21.485628699807425
G3→L46 🕐,AXIN,2026-05-13,0.6810716636243943,0.5829869635624987,56,-0.09808470006189562
Atomic,AMWD,2026-04-17,14.369372860575586,14.369372860575586,28,0.0
Parabola,LEGO,2021-08-02,11.179536913658255,-2.2789671043484336,62,-13.458504018006689
Parabola,CPRX,2026-07-06,-0.17277982072996786,-0.17277982072996786,7,0.0
Parabola,CLNE,2023-07-13,1.7012311692781446,-26.31285991853903,62,-28.014091087817174
RTB-Base,SLQT,2021-11-29,-41.95703467092355,-70.25853147031046,62,-28.30149679938691
RTB-Base,WTF,2025-04-03,8.629919551566939,-9.391828314438927,62,-18.021747866005867
G3→L46 🕐,PEAK,2023-12-18,-13.301635720376709,-13.301635720376709,51,0.0
RTB-Base,XELLL,2025-10-17,-6.290788816774845,-0.45953569645532083,62,5.831253120319524
RTB-Base,CAPL,2026-02-26,-2.9958276904797074,9.425270652362833,62,12.42109834284254
Zone-Retest,BTBT,2021-11-22,-45.03267598602098,-59.71065901148277,62,-14.677983025461785
G3→L46 🕐,CRVO,2025-05-21,0.9497724119168329,3.7896536594425987,62,2.8398812475257658
G3→G3,SDA,2025-02-11,7.779392218725839,-46.49604110431863,62,-54.27543332304447
RTB-Base,MMC,2025-11-11,1.7698617013861162,1.7698617013861162,43,0.0
L43-TRIPLE,ALVO,2025-11-17,-7.641703621039037,-14.983631905083566,62,-7.3419282840445295
G3→L46 🕐,DLHC,2024-06-28,-47.94693577504466,-10.075985546395245,62,37.87095022864941
Zone-Retest,HOLX,2026-02-19,0.6550946557982109,0.6550946557982109,32,0.0
G3-gap,RBBN,2021-08-06,-26.713642907731433,-15.973938510838398,62,10.739704396893035
P55,AIFF,2025-03-20,10.029558248833654,-36.45244288739305,62,-46.4820011362267
Atomic,AMPY,2026-05-08,-6.7715491577448885,-24.70760803239586,62,-17.93605887465097
D+L1,BTQ,2025-11-11,-24.440959840639614,-54.895992599084195,62,-30.45503275844458
Zone-Retest,KW,2026-04-14,0.15951732474884253,0.15951732474884253,44,0.0
RTB-Base,PEAK,2024-02-06,-4.334127848631092,-4.334127848631092,18,0.0
RTB-Base,GAMB,2025-10-30,-26.37797647104762,-33.211301901895766,62,-6.833325430848145
Zone-Retest,RE,2023-06-30,2.695292243426378,2.695292243426378,5,0.0
Washout,CABA,2024-06-28,-31.966175871146056,-52.87947528774314,62,-20.913299416597084
RTB-Base,STEX,2025-10-09,1.2102469641473381,-35.40779383854276,62,-36.618040802690096
Atomic,PXLW,2025-10-07,-50.321829634189484,-50.386457611317645,62,-0.06462797712816126
G3→G3,KEN,2026-05-05,-29.583491171993355,-29.57283479796314,62,0.010656374030215687
Parabola,CNTY,2021-11-08,-63.386671612209646,-35.20572302226583,62,28.180948589943817
G3→G3,HOTH,2023-01-04,-1.3587928712991024,-52.94807561385194,62,-51.58928274255284
Washout,SITC,2026-03-18,-11.66626325835241,-15.688251292063654,62,-4.021988033711244
Parabola,PXD,2024-04-18,-0.15513474115240164,-0.15513474115240164,11,0.0
RTB-Base,CVGW,2026-03-23,7.67667059014126,7.67667059014126,46,0.0
RTB-Base,KNOP,2022-12-30,19.236138184028324,-42.5190551129827,62,-61.75519329701102
Parabola,NMRA,2024-10-11,-31.063029932907433,-87.89683927111943,62,-56.833809338212
Zone-Retest,EDIT,2024-05-02,-10.032468715699022,-2.6428311503863435,62,7.389637565312678
G3→L46 🕐,LUNG,2025-02-20,-28.80964211577371,-51.013178915836754,62,-22.203536800063045
Zone-Retest,MASI,2026-04-07,0.6525129206610694,0.6525129206610694,45,0.0
P55,BHR,2022-08-12,-9.045780416965805,-33.09729438688683,62,-24.051513969921025
Washout,CMTG,2024-10-09,5.823115798001105,-37.351116564147496,62,-43.1742323621486
G3-gap,MNTK,2022-12-15,-51.91726435770073,-19.677488428374406,62,32.23977592932633
Washout,ALTG,2024-08-15,27.072958665450102,45.49360356017698,62,18.420644894726877
G3-gap,WSBF,2023-01-27,20.931034790875042,-16.297220503372394,62,-37.22825529424743
Zone-Retest,MITT,2022-03-18,-9.79336493023329,-24.75972970075088,62,-14.966364770517592
G3→G3,DXYZ,2026-05-12,-29.100436086037814,-29.100436086037814,18,0.0
Parabola,TARA,2026-01-23,-14.13038078018109,-8.9017372589764,62,5.22864352120469
D+L1,BLD,2026-06-16,-14.723469075568103,-14.723469075568103,10,0.0
Zone-Retest,CWCO,2026-05-26,-1.139699837860991,2.287192125674192,52,3.426891963535183
G3→L46 🕐,FBLA,2026-04-02,11.117912406699487,10.754291777919429,62,-0.3636206287800583
Parabola,FFIC,2026-02-17,-7.320494258612081,-5.760334498252623,62,1.5601597603594586
Zone-Retest,SDA,2025-01-07,-46.24122585551725,-56.236595495358,62,-9.995369639840753
G3→L46 🕐,EZGO,2026-05-08,-32.454932431860676,-53.71118364825643,62,-21.256251216395754
G3→G3,KEEL,2026-06-08,-0.4850262176308849,-28.272658313086957,43,-27.787632095456072
Parabola,CMT,2023-10-06,-14.206188444605822,-37.9886965007035,62,-23.782508056097676
Zone-Retest,NAGE,2026-01-23,-20.206119966780296,-20.206119966780296,62,0.0
Parabola,PXD,2024-03-26,4.011640383964804,4.011640383964804,27,0.0
P55,GETY,2023-05-09,-16.3471328721204,-23.317197256063952,62,-6.970064383943551
G3→G3,HTZ,2026-05-01,-19.31125811283077,-58.101073389915115,62,-38.789815277084344
Zone-Retest,BALY,2025-09-18,41.762368638692834,52.75157742513367,62,10.989208786440834
Washout,JNPR,2025-04-08,15.540733041968375,15.540733041968375,58,0.0
G3→G3,MITT,2025-12-16,-5.116080291327724,-6.995613932043115,62,-1.8795336407153913
Parabola,ASRT,2026-05-26,-0.04418602471720199,-0.04418602471720199,15,0.0
Atomic,ELAB,2026-04-09,-21.99296744405734,-60.14999999999999,62,-38.15703255594265
Zone-Retest,RE,2023-06-14,1.402989141609662,1.402989141609662,16,0.0
G3-gap,NLOP,2026-01-05,-44.04734608486885,-43.518529295608836,62,0.5288167892600129
G3→L46 🕐,ZDAI,2025-11-05,-42.40529176115346,-60.14999999999999,62,-17.744708238846535
Zone-Retest,STIM,2021-11-10,-9.68894655304567,-43.27328974892094,62,-33.58434319587527
Zone-Retest,VRM,2024-11-19,84.34598329778059,227.08641810012247,62,142.7404348023419
Parabola,GASS,2023-11-22,60.19580051746484,4.741522650877111,62,-55.45427786658773
Parabola,DXLG,2023-01-06,-24.70760803239586,-19.382262717035566,62,5.325345315360295
P55,LAC,2026-02-25,-3.886078302206447,-8.227392417989282,62,-4.341314115782835
G3→L46 🕐,BALY,2026-06-26,2.4395998252278615,-8.038510170272723,30,-10.478109995500585
G3→G3→RL,VBNK,2024-12-19,58.27702562809945,-24.419634557915575,62,-82.69666018601502
P55,OPEN,2026-01-06,-18.35615290356583,-29.00478582744121,62,-10.648632923875379
Washout,TMCI,2025-04-29,-9.733299469400542,-16.699594213331164,62,-6.9662947439306215
G3-gap,ISPC,2026-04-23,-3.5575314434547254,-56.03998231852872,62,-52.482450875073994
HighBase-15mDip,SDM,2025-09-23,-10.033185831332586,-56.9786827053849,4,-46.94549687405231
P55,OPEN,2026-05-07,-4.105319289668047,-32.012641609273935,62,-27.90732231960589
Zone-Retest,SPOK,2025-11-03,-25.367658743951587,-4.302210502811193,62,21.065448241140395
P55,GTEC,2021-12-07,11.798641454995412,-24.95604247003727,62,-36.75468392503268
G3→L46 🕐,SEER,2022-10-18,-16.686238586904917,-16.839383103259216,62,-0.15314451635429904
G3→G3,SLDP,2025-11-04,-14.066500664285947,-26.672176867588988,62,-12.605676203303041
G3→L46 🕐,BOLT,2025-12-08,-1.7654667081946018,-24.666894383195853,62,-22.90142767500125
Zone-Retest,FDP,2026-06-24,4.050841594750715,4.050841594750715,3,0.0
Atomic,AMPY,2026-03-24,-20.49065804926103,-36.42252643940883,62,-15.931868390147798
Parabola,GTLS,2026-06-03,0.5155242880156288,0.5155242880156288,29,0.0
Atomic,GRNQ,2021-10-27,-13.503110829623338,-57.89932642358774,62,-44.3962155939644
Zone-Retest,HOLX,2026-02-10,0.8294515252135262,0.8294515252135262,38,0.0
Zone-Retest,LUCK,2025-11-17,-5.323686011862722,3.3425599022849193,62,8.666245914147641
RTB-Base,PETS,2024-02-13,13.324003157612447,-29.789219926586814,62,-43.11322308419926
Washout,TLRY,2026-05-12,-8.52918945757189,-16.575727708803083,61,-8.046538251231192
Atomic,HIT,2025-03-04,11.026518803883706,-54.90443551091274,62,-65.93095431479645
P55,BDN,2025-01-31,-7.797685980187224,-27.731155738919096,62,-19.93346975873187
Zone-Retest,RTAC,2026-02-12,-2.368235734909879,-2.4622566620878414,62,-0.0940209271779624
Zone-Retest,BMR,2024-05-07,-15.178120071548323,-37.8262670563691,62,-22.648146984820777
Washout,RCKT,2025-04-03,-11.505746949090605,-61.681739242058185,62,-50.17599229296758
G3-gap,HBANL,2023-03-14,6.922506708347048,8.619307911770685,62,1.6968012034236368
Zone-Retest,CEPT,2026-06-15,-2.211977807643245,-2.211977807643245,12,0.0
Parabola,FLT,2024-03-20,-1.509765680816216,-1.509765680816216,3,0.0
Zone-Retest-E,SEM,2026-04-24,0.3086964769177859,0.3086964769177859,46,0.0
Zone-Retest-E,SITC,2026-04-13,-5.35785425988598,-19.782746002946798,62,-14.424891743060819
RTB-Base,KFII,2025-03-17,6.142174641263925,1.9146449680318256,62,-4.2275296732321
Zone-Retest-E,LXEO,2026-03-27,-9.945414213206144,-16.197217188528484,62,-6.25180297532234
Parabola,AISP,2025-09-19,-10.036942635691853,-45.97594193815659,62,-35.93899930246474
Zone-Retest,WRK,2024-06-25,0.16763355551808204,0.16763355551808204,8,0.0
G3→G3,VIRC,2024-08-12,-54.79453592834791,12.045095335139361,62,66.83963126348728
Zone-Retest,LFMD,2026-05-04,-0.29977533699450654,-30.533309497904533,62,-30.233534160910025
Washout,EXFY,2023-05-12,-0.8032218479004314,-24.633023364113498,62,-23.829801516213067
Atomic,BLND,2022-02-04,-39.9532138395278,-44.73073655067639,62,-4.777522711148592
Zone-Retest,CTLT,2024-11-04,7.427940624704471,7.427940624704471,31,0.0
Parabola,INVZ,2022-08-25,-2.7912396759946443,-4.13279739699472,62,-1.3415577210000755
Zone-Retest,ELME,2025-10-16,2.9730270208512986,-84.08351569784774,62,-87.05654271869905
G3→G3,KNOP,2025-09-26,10.906872729328649,4.74826433252043,62,-6.158608396808219
Zone-Retest,PLUG,2023-08-29,-28.63890914835477,-57.07451660673241,62,-28.43560745837764
Parabola,DOMH,2025-10-07,-16.178921577202924,-35.8260008235625,62,-19.647079246359578
Zone-Retest,HCAT,2024-11-22,-35.01333000499252,-35.79340988517224,62,-0.78007988017972
Zone-Retest,BLDP,2023-02-23,-11.774844037545746,-19.31071004984805,62,-7.535866012302305
QZ-Capit-Rev,GLIBA,2026-05-28,-4.907578477733981,6.7858087379162155,50,11.693387215650198
Zone-Retest,EMBC,2026-03-25,1.234695733567587,-56.74638971838619,62,-57.981085451953774
Zone-Retest,EXFY,2023-03-16,-20.80592885839027,-5.526834077742465,62,15.279094780647807
G3→L46 🕐,INDP,2025-05-29,53.46573025077769,-12.764594591629036,62,-66.23032484240673
RTB-Base,LUNG,2024-06-03,-22.361374473440492,4.714224466743216,62,27.07559894018371
RTB-Base,TACO,2025-06-10,1.9320567011484713,-0.6879200392802374,62,-2.619976740428709
Zone-Retest,CTKB,2025-01-22,-13.361078391019326,-36.56207723698445,62,-23.200998845965124
D+L1,RTAC,2025-07-11,-10.936740850922927,-5.532476114007695,62,5.404264736915232
Parabola,FRAF,2025-12-15,11.23807159965296,-10.248685606310254,62,-21.486757205963215
Zone-Retest-E,MDXG,2026-02-05,3.224350239346868,-28.884349456207843,62,-32.10869969555471
Parabola,CBNK,2025-05-16,14.475994766586082,-0.02671182378665691,62,-14.502706590372739
Zone-Retest,XRX,2024-12-20,-8.117230648688906,-35.30065480071708,62,-27.183424152028177
Parabola,PXD,2024-03-15,7.804196702380067,7.804196702380067,34,0.0
Zone-Retest,CTKB,2025-11-17,-18.557178875699403,-32.29062401543316,62,-13.733445139733757
G3→L46 🕐,OABI,2024-03-27,1.7963171654731547,-27.930085596795646,62,-29.7264027622688
P55,TRINI,2024-07-29,0.45757167641749547,0.49743204554444936,62,0.0398603691269539
G3-gap,AMPY,2026-05-12,1.5120230943906745,-19.02169246130803,61,-20.533715555698706
G3→L46 🕐,TRON,2025-07-18,-54.516695570679076,-58.10780014189242,62,-3.591104571213343
Parabola,ATLO,2026-04-28,8.251718672879088,7.116250588580525,62,-1.1354680842985632
Zone-Retest,LEDS,2021-08-30,-11.140656871835114,-25.975547393195924,62,-14.83489052136081
Parabola,SEM,2026-06-24,-0.9606372330793809,-0.9606372330793809,5,0.0
P55,SDA,2024-10-24,-45.61963621653474,-0.29977533699450654,62,45.31986087954023
RTB-Base,PMVP,2023-02-10,-20.023276504995607,-25.365058071329234,62,-5.341781566333626
🌀Engulf-AbsRev🟡,VTOL,2026-03-17,-3.1493559717960586,-3.1493559717960586,54,0.0
P55,ENVX,2026-05-26,-25.66319006891123,-31.639626873558274,52,-5.976436804647044
Zone-Retest,EARN,2025-04-28,-10.903339018021658,4.471828319467691,62,15.375167337489348
G3→L46 🕐,ADVB,2026-05-04,133.37593259947212,57.4637422530699,62,-75.91219034640221
Atomic,NNOX,2025-07-02,0.09026460309534147,-27.017511233150287,62,-27.10777583624563
Zone-Retest,IZEA,2021-07-12,-49.605981317280275,-22.58040398080566,62,27.025577336474615
Zone-Retest,WTI,2023-01-09,-5.116298233540234,-6.413054397994849,62,-1.2967561644546155
Zone-Retest,MVIS,2022-01-04,-13.211442319279703,-23.71293146487165,62,-10.501489145591949
G3→L46 🕐,BBCP,2021-09-30,23.468672219461233,-6.213456068744266,62,-29.682128288205497
Zone-Retest,MERC,2024-09-10,-16.114562473060605,-3.090620125712068,62,13.023942347348537
RTB-Base,CSHR,2026-04-09,-19.221829573424138,-41.78274039378251,62,-22.560910820358373
Zone-Retest,KDK,2026-07-02,-10.19643477261985,-20.976724514997418,26,-10.780289742377567
Washout,TVA,2026-04-30,0.17434728723629292,-0.48942438668682625,62,-0.6637716739231192
Zone-Retest,NAGE,2025-12-05,-25.5595047904334,-24.965158215058374,62,0.5943465753750274
Atomic,HES,2025-05-23,15.561302746386058,15.561302746386058,37,0.0
P55,NKTX,2024-07-16,-28.691254052986466,-49.2647893544299,62,-20.573535301443435
Washout,SPWH,2023-03-16,-35.131249056647576,-38.91993567176774,62,-3.788686615120163
Atomic,PSBD,2026-07-01,0.1844643558425453,1.0560958029492808,27,0.8716314471067356
Washout,CMII,2021-08-30,0.3936290009430245,-0.9931796749320596,62,-1.3868086758750842
RTB-Base,AEON,2025-01-08,-26.91329421212097,-57.72686221989767,62,-30.8135680077767
Washout,ONCO,2026-04-27,-3.4476386618055352,-58.34637504650967,62,-54.89873638470414
Zone-Retest,PRE,2026-03-05,27.003531997086345,37.152243356277054,62,10.14871135919071
QZ-Capit-Rev,CTLT,2024-11-06,6.200541302140722,6.200541302140722,29,0.0
G3→G3,RDCM,2025-02-07,-35.53724171806806,-22.52450276198605,62,13.01273895608201
Washout,SIGA,2025-11-11,-20.514851495762482,2.303681441028643,62,22.818532936791126
Atomic,DOMO,2025-12-30,-41.06907122015937,-59.47283811883097,62,-18.4037668986716
Washout,OSG,2026-01-21,1.326449820383441,-24.36790766618801,62,-25.69435748657145
Zone-Retest,BCML,2023-06-23,86.21428918266439,8.135060992985405,62,-78.07922818967899
G3-gap,SPWR,2023-10-04,12.341812739606178,-10.742826356795094,62,-23.084639096401272
Zone-Retest,BTBT,2021-11-30,-43.96516410399692,-59.27349620319775,62,-15.308332099200832
G3→L46 🕐,LUNG,2024-06-17,-6.346069217972366,43.406291859788155,62,49.75236107776052
G3-gap,RC,2025-01-02,-26.202949561165507,-26.202949561165507,62,0.0
Zone-Retest,NCDL,2026-03-31,-4.331732152365292,2.6253698035685833,62,6.957101955933875
Washout,NAUT,2021-10-22,-6.21682568739485,-25.262331502745898,62,-19.04550581535105
Parabola,SABR,2023-01-20,-28.297835471399484,-44.58242146794115,62,-16.28458599654167
Zone-Retest,FULC,2026-03-05,-21.974580202866427,-62.27997576805523,62,-40.3053955651888
Zone-Retest,IPOD,2022-07-26,0.8040964934507957,0.30233657052110574,62,-0.50175992292969
G3-gap,VUZI,2022-10-05,-15.737145597393393,-41.02815644953622,62,-25.291010852142826
Zone-Retest,PEPG,2025-11-17,4.641266708185149,39.640314528207696,62,34.99904782002255
Zone-Retest,TACO,2026-02-27,2.73191610722992,2.634119609029134,62,-0.09779649820078617
Atomic,BHFAL,2025-07-23,-9.653935817406795,0.9510717039908525,62,10.605007521397647
Zone-Retest,RWT,2026-06-05,-4.444501643760773,-11.038384404525276,44,-6.593882760764503
Zone-Retest-E,TPST,2024-11-15,2.4205032195296736,-3.9801522075860687,62,-6.400655427115742
Zone-Retest,PRPL,2022-04-20,12.424501080238032,-38.64933065004265,62,-51.07383173028068
Atomic,DARE,2023-01-25,17.21780793721695,-10.810325301521411,62,-28.028133238738363
Zone-Retest,LAW,2023-03-14,-11.982718940310283,24.93538284616755,62,36.918101786477834
Zone-Retest,PPSI,2022-03-08,-6.895105076640035,-32.049385944125284,62,-25.154280867485248
P55,AMC,2024-08-09,3.9023383261780618,-12.305814374630447,62,-16.20815270080851
Atomic,RCMT,2024-03-28,30.501637180634795,-14.405527315788719,62,-44.90716449642351
RTB-Base,RGP,2024-10-03,-37.011175302913884,1.852684595860704,62,38.863859898774585
G3→L46 🕐,VBNK,2024-12-18,55.13178320754163,-24.30788082582009,62,-79.43966403336172
Washout,LFCR,2025-04-09,-0.8758343254349374,56.346025192979745,62,57.22185951841468
Parabola,BTE,2026-06-02,2.529988114993481,-15.661348362072285,47,-18.191336477065768
Parabola,OABI,2023-09-15,1.4086885830949138,-4.09636182608219,62,-5.5050504091771035
Washout,RPAY,2025-04-02,-6.764897797189101,-12.332086582356688,62,-5.567188785167587
G3→G3,VERU,2025-01-28,-11.832628033633435,-18.5095427527402,62,-6.6769147191067635
Zone-Retest,CURI,2021-12-31,-11.543414080559838,-49.637533405773695,62,-38.09411932521385
RTB-Base,SJT,2025-10-22,-1.1944906117526242,4.889573256602558,62,6.084063868355182
Zone-Retest,NAGE,2026-02-02,-15.906617175077736,-20.773266780501515,62,-4.866649605423779
Atomic,HIVE,2023-07-19,-10.21398204112271,-49.51673004677381,62,-39.3027480056511
Parabola,SEMR,2026-03-04,0.37036039899880924,0.37036039899880924,38,0.0
Washout,MSB,2022-05-04,4.430645037565278,20.02824735368139,62,15.597602316116113
Zone-Retest,OSUR,2024-04-23,-5.8988533554807985,-18.776732797999244,62,-12.877879442518445
P55,BBAI,2026-01-07,-17.18501658081984,-44.13645933538717,62,-26.95144275456733
Zone-Retest,ASUR,2023-09-15,-29.908078821216083,-32.575493549524346,62,-2.6674147283082625
Zone-Retest,TPGXL,2024-09-23,-10.453386056755237,-2.2155509444965418,62,8.237835112258695
Zone-Retest,TTGT,2025-09-02,-10.180787152604426,-11.22089365951074,62,-1.040106506906314
RTB-Base,WENN,2025-12-22,1.7742649379047182,0.3915714213052203,62,-1.3826935165994978
G3-gap,OLPX,2023-02-27,-4.710120949318069,-40.874954970371306,62,-36.16483402105324
Parabola,ACCO,2024-11-06,-7.515841993312572,-14.56409314599531,62,-7.048251152682738
P55,PMVP,2023-09-25,-6.839486536967726,-57.657827715296065,62,-50.81834117832834
Zone-Retest,ORMP,2022-05-04,-25.34930905036174,38.318255804446636,62,63.667564854808376
Parabola,INVZ,2022-09-30,3.7924469852598284,-26.899220431647603,62,-30.691667416907432
G3→L46 🕐,MVBF,2025-07-16,23.55333388805681,12.288180336333127,62,-11.265153551723682
Zone-Retest,HOLX,2026-02-26,0.5480970762245909,0.5480970762245909,27,0.0
Parabola,CTRA,2026-03-02,1.5747595440381235,1.5747595440381235,47,0.0
G3→G3,BIAF,2025-09-17,-6.496154527074633,-50.933045290220704,62,-44.436890763146074
G3→L46 🕐,ENVX,2026-06-25,-16.36762758161608,-23.089892296202656,31,-6.722264714586576
RTB-Base,CHY,2026-03-31,17.957475920897163,26.050896581612022,62,8.093420660714859
Zone-Retest,PLBY,2022-07-29,-18.68489606859553,-44.994637805196966,62,-26.309741736601435
Zone-Retest,XRX,2025-01-07,-9.089407789723875,-53.67042358996715,62,-44.58101580024328
Zone-Retest,MXCT,2024-01-09,2.1062541729574056,-17.141981906658106,62,-19.248236079615513
Parabola,K,2025-11-17,-0.19195865769432982,-0.19195865769432982,17,0.0
Parabola,CDZI,2025-12-01,-10.249263915514645,-3.320155798330987,62,6.929108117183658
Zone-Retest,OM,2026-01-28,-11.881699463107626,-22.761688793698738,62,-10.879989330591112
P55,VRA,2024-08-01,-25.225889814912666,-22.456321539588426,62,2.7695682753242394
Zone-Retest,SKIN,2023-09-13,-24.41175551487584,-76.92557737467872,62,-52.51382185980289
Washout,LFMD,2025-11-10,-6.807704318754665,-40.64893502390735,62,-33.84123070515268
Zone-Retest,HOLX,2026-01-14,1.1799809964625765,1.1799809964625765,56,0.0
Zone-Retest,LAC,2026-04-30,0.29105439473924866,-46.77838090005032,62,-47.06943529478957
Atomic,BHFAN,2025-08-07,-0.8703480493545466,-9.571581912845023,62,-8.701233863490476
Washout,EARN,2026-02-23,-0.10165981186950877,-5.0545479399947855,62,-4.952888128125276
P55,DTST,2021-09-07,0.2686320140282973,-38.57253697252982,62,-38.84116898655812
P55,ATLX,2025-10-27,-10.028771586210421,3.1139075574672157,62,13.142679143677636
Atomic,ATVI,2023-08-02,2.729290841128079,2.729290841128079,51,0.0
QZ-Capit-Rev,DRE,2022-09-21,-8.808553259501522,-8.808553259501522,8,0.0
D+L1,UPXI,2025-10-14,-17.240107090587614,-57.799170616017236,62,-40.55906352542962
Parabola,WRK,2024-05-03,-0.3578953746330603,-0.3578953746330603,43,0.0
QZ-Capit-Rev,SPRB,2026-04-23,-20.917219036981464,-18.121633450542557,62,2.795585586438907
RTB-Base🧱OB,CCD,2022-07-18,15.280653206079615,-4.4997169442579645,62,-19.78037015033758
Washout,INDI,2024-11-08,9.599169349424136,-14.71780346721297,62,-24.316972816637104
G3→L46 🕐,BOC,2024-12-20,6.258184333668987,-0.5113224231449385,62,-6.769506756813925
G3-gap,GRAB,2025-11-17,-5.867631730842398,-20.900843994231703,62,-15.033212263389306
G3→L46 🕐,ORIQ,2026-05-14,0.089504291321313,0.5761038267160736,20,0.48659953539476064
Zone-Retest-E,EARN,2026-02-25,-2.0481255742844926,-6.710392873724441,62,-4.662267299439948
RTB-Base,BRFH,2022-01-26,1.6899936327393006,22.853899947180683,62,21.16390631444138
G3→L46 🕐,HAO,2026-05-12,1.4554043934098817,-60.14999999999999,61,-61.60540439340987
Washout,AQB,2021-11-23,-40.460935810306694,-47.46150506712257,62,-7.000569256815879
Atomic,INVZ,2023-01-26,-4.983181747079196,-51.62990959152266,62,-46.64672784444347
G3→L46 🕐,EPM,2023-09-13,-30.661357645465653,-22.785131272556818,62,7.876226372908835
Zone-Retest,LAW,2023-05-30,-27.60156975704608,18.542308135998802,62,46.14387789304488
Parabola,SMC,2026-03-27,-7.015745607632779,-11.00239462673312,62,-3.9866490191003408
Parabola,ESOA,2025-12-02,67.00322824843063,69.56050990452621,62,2.557281656095583
G3→L46 🕐,SLI,2022-09-07,8.476123315027456,-19.216712431352974,62,-27.69283574638043
Zone-Retest,TLRY,2026-04-01,-24.469269960414913,-32.32435571302653,62,-7.855085752611615
RTB-Base,FLL,2022-05-06,-37.74360958562157,-16.150998502246633,62,21.592611083374937
QZ-Capit🔵dwell,RE,2023-06-13,3.4914824915656393,3.4914824915656393,17,0.0
Zone-Retest,HOLO,2025-09-11,10.233874737344545,-38.045354770042735,62,-48.27922950738728
G3-gap,DFS,2025-03-13,21.286181189338254,21.286181189338254,46,0.0
RTB-Base🧱OB,FBLA,2024-11-07,26.630783182073355,-5.271570755899374,62,-31.902353937972727
G3-gap,SOC,2026-04-09,-66.76898647629729,-70.86840918973446,62,-4.099422713437178
Parabola,SATS,2026-05-29,-17.966922643913115,-17.966922643913115,17,0.0
RTB-Base,RGP,2025-04-03,-9.874454414269012,1.23901237185316,62,11.113466786122173
G3-gap,FFIC,2026-03-24,2.966353507122493,2.966353507122493,48,0.0
RTB-Base,BMEA,2024-11-22,-8.306632975065714,-53.05083742311062,62,-44.74420444804491
RTB-Base,NTRB,2021-10-05,-6.6767644751360375,-29.264731264447867,62,-22.587966789311828
Zone-Retest,CRON,2021-09-20,-3.2673519441118124,-28.404471439693594,62,-25.137119495581782
Washout,AMWD,2026-03-03,-0.7133194441098776,-0.7133194441098776,60,0.0
Zone-Retest,PRTS,2023-03-17,-8.847973076814657,-27.39938093770092,62,-18.55140786088626
Atomic,FULC,2026-04-28,-17.11393233983222,-60.14999999999999,62,-43.036067660167774
ppr×NS 🕐24-26,SIGA,2025-09-08,-38.55792784725641,-26.239513416707677,62,12.318414430548732
P55,ATCX,2021-09-02,-12.01928527396699,-14.175675102369928,62,-2.156389828402938
QZ-Capit🏆RS,NUVL,2026-04-30,24.761028854840646,24.761028854840646,51,0.0
Zone-Retest,VUZI,2023-01-17,-0.87917702749552,-19.420031123527487,62,-18.540854096031968
Parabola,ATVI,2023-09-14,1.9715144354525427,1.9715144354525427,21,0.0
G3→G3,BWMX,2023-10-30,55.37878860148441,27.168316205988415,62,-28.210472395495994
Zone-Retest,TMCI,2025-04-03,-21.006628543190303,-22.785131272556818,62,-1.7785027293665152
Parabola,KW,2026-05-06,-0.39112961390485573,-0.39112961390485573,28,0.0
Zone-Retest,XRX,2025-02-05,-7.29108370657659,-39.02086784544906,62,-31.72978413887247
Zone-Retest,AVXL,2025-10-15,-43.41691780511053,-66.56401534062543,62,-23.147097535514902
Zone-Retest,HCIC,2022-07-15,-0.29977533699451764,0.2075936907646682,62,0.5073690277591858
Atomic,PLUG,2023-09-08,-27.941239969314317,-57.28746453490494,62,-29.346224565590624
Zone-Retest-E,HRTX,2022-03-17,-0.29977533699451764,-49.790756256918975,62,-49.49098091992446
Zone-Retest,SDA,2024-12-27,-45.332331876263595,-55.49622197367805,62,-10.163890097414452
RTB-Base,PROK,2023-09-12,-38.20698637672235,-60.14999999999999,62,-21.943013623277643
RTB-Base,TONX,2025-09-04,-51.020154944574294,-59.997838861177264,62,-8.97768391660297
Parabola,JHG,2026-05-26,-0.06859596289531798,-0.06859596289531798,25,0.0
G3→L46 🕐,AFYA,2025-10-07,-3.082380431297321,-2.1117042356102953,62,0.9706761956870258
RTB-Base,ACCO,2024-12-23,3.8449509697717597,-17.6322671652898,62,-21.47721813506156
P55,JRVR,2024-07-31,-29.191622751058606,-24.568927164808347,62,4.622695586250259
Atomic,EMBC,2026-04-10,3.8606506906307123,-55.62219710974079,62,-59.4828478003715
G3-gap,NAGE,2026-03-09,1.729700774042181,-29.11833611371561,62,-30.848036887757793
Parabola,ELME,2025-10-24,3.7781917963894793,-83.95807167626937,62,-87.73626347265885
G3→L46 🕐,ADIL,2025-06-24,151.97181727408883,45.464910966883,62,-106.50690630720584
Zone-Retest,REFI,2026-03-20,-11.009517175849142,-10.687419676936221,62,0.32209749891292105
P55,FBLA,2024-11-06,26.84155755145337,-5.0308333634212,62,-31.872390914874572
Zone-Retest,ATVI,2023-09-11,2.193228535399233,2.193228535399233,24,0.0
Parabola,FACT,2025-07-17,3.2975550549540875,0.6724761202888732,62,-2.6250789346652144
Zone-Retest,ACET,2024-10-02,-62.572437771913556,-35.915993866343335,62,26.65644390557022
RTB-Base,HYPR,2021-12-29,-6.7417253152529275,-60.14999999999999,62,-53.40827468474706
P55,FFIC,2026-05-21,-2.012580969714434,-2.012580969714434,7,0.0
Zone-Retest,WBA,2025-08-04,2.3526299453989594,2.3526299453989594,18,0.0
G3→G3→RL,RGP,2025-04-08,-1.0505289058892862,10.586151411979788,62,11.636680317869075
Atomic,VSTS,2026-05-22,6.551011946916679,6.551011946916679,11,0.0
Parabola,CCHH,2025-11-14,164.7158591060777,7.688242636045933,62,-157.02761647003175
Zone-Retest,ENVX,2026-05-21,-18.11870610482989,-24.700473325381704,54,-6.581767220551814
RTB-Base,BYND,2024-11-11,-6.598305278631217,-29.384163596905204,62,-22.785858318273988
Zone-Retest,SRTS,2023-01-06,-32.82854781074212,-41.88417677779275,62,-9.05562896705063
G3→G3,PPSI,2024-10-30,-13.42294772127523,-47.22938092860709,62,-33.806433207331864
P55,AMC,2024-07-26,0.6696443199278481,-16.004373779137143,62,-16.67401809906499
G3→L46 🕐,EVEX,2023-06-23,-52.718790546508224,-15.545521232759723,62,37.1732693137485
Zone-Retest,SANA,2025-07-24,-5.054547939994775,5.596142690725797,62,10.650690630720572
Atomic,VUZI,2023-01-26,-2.2053139756014914,-31.550609010148893,62,-29.3452950345474
G3→L46 🕐,BCAB,2025-11-14,-19.13676807483809,-19.13676807483809,62,0.0
D+L1,BTM,2026-04-22,12.850483960124121,-49.44504671017976,23,-62.29553067030388
RTB-Base,HRZN,2026-03-02,2.7310915161827207,-29.59815491770776,62,-32.32924643389048
Zone-Retest,CLNE,2023-07-18,1.4975287069395828,-22.86592611083375,62,-24.363454817773334
P55,DFS,2025-04-23,12.006302323606116,12.006302323606116,18,0.0
G3-gap,KLC,2025-10-31,-4.004465651346306,-17.76474396179583,62,-13.760278310449523
G3→G3,PNNT,2026-01-26,-14.443820651821598,-23.36803971951012,62,-8.92421906768852
ppr×NS 🕐24-26,QSI,2021-11-03,-40.78601387455084,-42.92311737506701,62,-2.1371035005161687
RTB-Base,DNUT,2025-03-24,-9.377068488176826,-51.67725457268643,62,-42.300186084509605
Zone-Retest-DiT,TPGXL,2026-06-18,2.6873849256910995,0.0077264547525381,35,-2.6796584709385614
Zone-Retest,ACCO,2024-08-15,10.750048317865241,26.822519088570367,62,16.072470770705124
Washout,ARTNA,2023-05-26,-33.052993026703916,-4.778490088175219,62,28.2745029385287
P55,IZM,2024-04-03,-38.36149463922927,-38.36149463922927,62,0.0
G3+RL,BDN,2025-01-13,3.178613636921673,-28.53610936054934,62,-31.714722997471014
P55,CDIO,2026-02-25,52.799766102291635,-8.841875481575329,62,-61.641641583866964
D+L1,JNPR,2025-06-12,10.964665049779093,10.964665049779093,13,0.0
Zone-Retest,SSP,2023-09-12,-24.603495709514906,8.484701906085151,62,33.08819761560006
G3-gap,XELLL,2026-01-20,-6.102694205185216,-1.3803188503817507,62,4.722375354803465
RTB-Base🧱OB,BOC,2026-05-11,32.020165803925664,26.326951239806935,62,-5.69321456411873
Zone-Retest,SEM,2026-06-26,-0.7213384085512029,-0.7213384085512029,3,0.0
Zone-Retest,BTQ,2026-01-13,-8.433155855471558,-60.14999999999999,62,-51.71684414452844
Zone-Retest,CEPO,2025-10-15,0.5512208959288336,-1.4344369808923116,62,-1.9856578768211453
Parabola,PACB,2023-12-28,-49.04322820502973,-59.422137159152776,62,-10.378908954123048
Zone-Retest,IMPP,2022-10-04,-5.88840731440155,-32.71384080595524,62,-26.825433491553692
RTB-Base,RVP,2021-10-27,-30.32609162199616,-47.3240401629971,62,-16.99794854100094
Zone-Retest,NVA,2026-03-10,-14.54311620804088,-16.305178996211563,62,-1.7620627881706827
P55,MOBI,2026-06-02,1.410721016975597,-12.914685947524113,47,-14.32540696449971
Zone-Retest,ESPR,2023-02-08,-17.464111477411986,-75.5587876449788,62,-58.09467616756682
P55,SDA,2025-01-02,-44.51153256745897,-54.82760925456734,62,-10.316076687108371
Parabola,MPAA,2025-09-24,-6.875277936753394,-21.852811636204223,62,-14.977533699450829
RTB-Base,SMC,2025-03-17,-19.649566683953374,-30.941362730260863,62,-11.29179604630749
Atomic,DBI,2026-03-31,11.193775703351456,8.140801208259557,62,-3.052974495091899
Zone-Retest-E,CTLT,2024-10-08,4.29047226244173,4.29047226244173,50,0.0
Zone-Retest,SKIN,2023-10-10,-9.021096207738315,-72.20617598557601,62,-63.18507977783769
Parabola,FRAF,2026-04-08,11.845642899287428,11.900106658194526,62,0.054463758907097315
Washout,ALTG,2024-06-07,-6.508736007663635,-16.012247238279638,62,-9.503511230616002
Parabola,FOA,2025-08-12,0.7227161325754463,-13.749470821337923,62,-14.472186953913369
Zone-Retest,SSP,2023-05-19,-37.622432128506276,5.39556514742448,62,43.01799727593075
Zone-Retest,PACB,2024-01-11,-33.282559225677616,-57.24661314479892,62,-23.964053919121305
Zone-Retest,WBA,2025-07-01,4.230950389424565,4.230950389424565,41,0.0
G3→G3,XCUR,2025-12-11,17.537546350377326,-23.7597310345162,62,-41.297277384893526
Zone-Retest,RPAY,2025-09-29,-0.8725299717727562,-29.319343499091715,62,-28.44681352731896
G3-gap,RC,2025-02-04,-22.60674042128297,-32.015120252751565,62,-9.408379831468594
Zone-Retest,NCDL,2026-02-13,-13.831546154377577,-5.997363049576848,62,7.834183104800728
Zone-Retest,XELLL,2026-02-27,-6.552860806516608,-4.202975184212127,62,2.3498856223044813
Zone-Retest,MASI,2026-05-06,0.49441790235723054,0.49441790235723054,24,0.0
RTB-Base,DFS,2025-03-07,16.51980575804127,16.51980575804127,50,0.0
G3→L46 🕐,KSCP,2025-10-13,-14.409046213288763,-38.90646158092054,62,-24.49741536763178
RTB-Base,SEVN,2025-10-31,-3.8276740670578793,-7.997008929860044,62,-4.169334862802165
G3-gap,TCPC,2025-12-18,-11.1416561235205,-37.0222747752277,62,-25.880618651707202
Zone-Retest,EXOD,2025-08-27,-38.101293271254505,-44.991410583973206,62,-6.890117312718701
Washout,LUNG,2024-06-18,-7.9413741632449355,38.24784540875761,62,46.18921957200255
Parabola,LFCR,2026-06-26,-4.375294710994732,-7.33930880117672,30,-2.964014090181988
Zone-Retest,IZEA,2021-08-31,-47.199123284769826,-23.209134242359415,62,23.98998904241041
Zone-Retest,CATO,2022-12-22,-38.61827089732476,-4.409295150711107,62,34.20897574661365
G3→L46 🕐,LGVN,2023-12-20,-63.97238236847627,-60.14999999999999,62,3.8223823684762763
Zone-Retest,EGHT,2022-07-21,-7.588112903637262,-37.65250536603854,62,-30.06439246240128
Parabola,COFS,2025-11-26,11.346173543453492,-4.387211434310529,62,-15.733384977764022
Zone-Retest,BCAR,2026-03-18,2.171764877436316,6.323952437680119,62,4.152187560243803
Atomic,SCVL,2026-04-14,-1.32039092128417,-1.32039092128417,42,0.0
Parabola,IAC,2026-04-08,2.2207157710036727,2.2207157710036727,40,0.0
Zone-Retest-E,STEX,2025-10-15,-10.033074547842109,-46.95248534760885,62,-36.91941079976674
Zone-Retest,COFS,2026-02-09,13.449874931065803,3.963938327860733,62,-9.48593660320507
P55,CHCI,2021-06-02,128.39606978421253,-12.873507331595196,62,-141.26957711580772
Parabola,CCD,2025-11-13,16.54738191067307,4.265849933376114,62,-12.281531977296957
G3→L46 🕐,CURI,2025-06-30,-1.421687973657498,-3.291542368095807,62,-1.8698543944383088
G3→G3,PSHG,2022-08-04,-14.278806789815285,-35.24735396904643,62,-20.968547179231145
Zone-Retest,SEE,2026-02-10,0.3439582030964784,0.3439582030964784,40,0.0
Parabola,GPRO,2023-01-18,-10.941007095041272,-16.438976836698778,62,-5.497969741657506
RTB-Base,NOA,2025-08-18,9.855861833774965,17.167920596728987,62,7.312058762954022
Zone-Retest,TLRY,2026-06-08,-0.10007488766851634,-8.886894658012984,43,-8.786819770344469
RTB-Base,WRAP,2021-05-28,-27.755349433696413,-7.422683711138872,62,20.33266572255754
🌀Engulf-AbsRev🟡,VTOL,2026-03-27,-8.824366564995417,-8.824366564995417,46,0.0
Parabola,GTLS,2026-07-02,0.13020170700886471,0.13020170700886471,9,0.0
G3→G3,WRK,2024-04-29,6.601454387534505,6.601454387534505,47,0.0
ppr×NS 🕐24-26,IZEA,2021-11-11,-40.23986520219672,-55.930614792097565,62,-15.690749589900847
Zone-Retest,MYGN,2026-03-04,1.019001215158394,-19.516233668365373,62,-20.535234883523767
Zone-Retest,CTLT,2024-11-18,7.100292074578479,7.100292074578479,21,0.0
G3→G3,CTKB,2025-11-18,-3.551602576977447,-19.81073877689213,62,-16.259136199914682
Zone-Retest,MDXG,2026-01-23,-2.8789324316108864,-39.17135726299849,62,-36.292424831387606
P55,DFLI,2025-11-26,-24.731213286453308,-60.14999999999999,62,-35.41878671354668
G3→L46 🕐,WRK,2024-06-05,-3.869860119966079,-3.869860119966079,21,0.0
Zone-Retest,PRA,2026-04-28,0.6273765270543854,0.6273765270543854,41,0.0
Atomic,MYGN,2026-03-06,7.953973072649095,-11.573187798946732,62,-19.527160871595825
Zone-Retest,PEAK,2024-02-09,-3.356414867494667,-3.356414867494667,15,0.0
G3→L46 🕐,PEAK,2024-01-17,-15.956763227939147,-15.956763227939147,32,0.0
Atomic,AKAN,2026-05-28,-50.865585062682385,-50.84587129670744,50,0.019713765974941566
Atomic,CTKB,2026-01-21,-6.424417370227192,-15.332987600383802,62,-8.90857023015661
Zone-Retest,VRA,2023-06-12,-12.865960073495202,10.398463019756072,62,23.264423093251274
Washout,FDP,2026-05-08,-22.90288417651522,-22.90288417651522,34,0.0
Zone-Retest,ELME,2025-11-05,4.596028656772694,-83.83065335410926,62,-88.42668201088195
Washout,AVIR,2022-09-30,0.7719623159179014,-22.449020163850836,62,-23.220982479768736
RTB-Base,CTLT,2024-11-05,8.200295070215185,8.200295070215185,30,0.0
Washout,STIM,2021-09-01,-32.181300874774806,-45.88357355271441,62,-13.702272677939604
RTB-Base,LUCD,2021-10-18,-46.31322938273002,-54.36301038133521,62,-8.049780998605186
Zone-Retest,CABA,2024-07-09,-33.14175904578148,-53.6944843345062,62,-20.552725288724723
G3+RL,UONEK,2022-05-16,-92.4692134874611,-22.113209032604935,62,70.35600445485616
Parabola,CTLT,2024-10-04,4.187321178725717,4.187321178725717,52,0.0
Parabola,MASI,2026-06-05,0.2413729361260332,0.2413729361260332,3,0.0
RTB-Base,NCSM,2026-05-04,12.087275590389163,-4.394836581080225,62,-16.48211217146939
G3-gap,HCIC,2021-11-10,-0.09641439063400857,-0.7064972297155134,62,-0.6100828390815048
G3→G3,NVA,2026-03-04,-23.55436713351026,-6.211959692040875,62,17.342407441469387
Washout,PSTV,2026-01-20,4.651475472741301,-52.17788104344859,62,-56.8293565161899
Parabola,CTRA,2026-04-07,-7.074611651089074,-7.074611651089074,22,0.0
Washout,ACRE,2025-01-15,-10.629108922822656,-36.796754006920644,62,-26.167645084097988
G3+RL,AROW,2026-03-03,21.683647948969337,11.1316047717067,62,-10.552043177262638
G3→L46 🕐,MRBK,2026-04-27,9.647404596948645,6.998427331931173,62,-2.6489772650174723
Parabola,ORGO,2025-11-11,-20.208089064239815,-40.8880428584326,62,-20.679953794192784
G3-gap,SPWR,2023-12-04,26.781755575746097,-32.962995827170225,62,-59.74475140291632
Zone-Retest,GEOS,2026-05-13,-6.525730521864276,-31.429551261343285,60,-24.90382073947901
Zone-Retest,EOSE,2026-04-10,-18.52768387806015,-26.270512284884468,62,-7.742828406824319
Atomic,BIRD,2026-05-01,-19.767429202108794,-51.48086533721431,62,-31.713436135105518
Zone-Retest-E,KOPN,2021-10-04,2.0496417138997467,-19.68246600687203,62,-21.732107720771776
G3→G3,VACH,2024-11-18,6.47648741458669,0.6967338911791745,62,-5.779753523407516
Zone-Retest,AISP,2025-10-24,-1.4630789253013918,-31.321204358510794,62,-29.858125433209402
G3→L46 🕐,DYNC,2026-06-30,-0.39222924871953874,0.3474020450805083,28,0.7396312938000471
RTB-Base,KLTR,2021-07-23,-44.0322946077035,-13.880772532390468,62,30.151522075313032
Zone-Retest,DXLG,2023-03-24,-1.460824460982951,-0.6867917116573361,62,0.7740327493256149
G3→L46 🕐,ASUR,2025-01-07,-22.126580134743485,-12.052670228090118,62,10.073909906653366
RTB-Base,HYNE,2026-03-20,4.770193757318891,16.881786593734212,62,12.111592836415321
Zone-Retest-E,MASI,2026-05-28,0.46623881794061756,0.46623881794061756,9,0.0
P55,FOA,2025-08-06,12.7758493212562,-3.2935210499946797,62,-16.06937037125088
P55,CCHH,2025-11-12,216.35637251669664,28.71330881036938,62,-187.64306370632727
RTB-Base,EMPD,2025-10-17,-24.180247603184174,-28.21007729810367,62,-4.029829694919496
G3→L46 🕐,NECB,2024-11-12,-8.84521918570465,-20.21723292283431,62,-11.37201373712966
Parabola,SSAC,2026-06-10,-0.1998251621566803,0.1999755371946911,40,0.3998006993513714
Parabola,CTRA,2026-02-19,1.6065982794196743,1.6065982794196743,54,0.0
Zone-Retest,REAX,2024-12-11,-3.570399266225915,-17.422453554735345,62,-13.852054288509429
Zone-Retest,VFS,2024-02-09,-4.8127798415371235,-53.666053603211004,62,-48.85327376167388
G3→L46 🕐,ACRE,2025-02-03,-6.764897797189101,-26.878612117794525,62,-20.113714320605425
Washout,ACRV,2023-06-23,-46.61491800760398,-26.644873075002877,62,19.970044932601105
RTB-Base,GOGO,2025-12-02,-24.902640491711995,-30.513820263840557,62,-5.611179772128562
D+L1,PSEC,2024-09-06,-0.8692633103576539,-13.77765737325572,62,-12.908394062898065
Zone-Retest,KEN,2022-06-24,52.13194097614517,-14.419544554655822,62,-66.55148553080099
Zone-Retest,FJET,2026-05-07,0.8392006097317775,-20.04202508025034,62,-20.881225689982116
Zone-Retest,TTGT,2026-05-15,7.142477432918942,-20.765970454256504,58,-27.908447887175445
Parabola,CHY,2026-05-06,-1.866053370924009,1.3448165986314655,62,3.2108699695554748
P55,RICK,2026-03-31,13.609289305804879,15.168790493027846,62,1.559501187222967
Zone-Retest-E,ATVI,2023-09-13,2.082251276089547,2.082251276089547,22,0.0
Parabola,DH,2025-02-05,1.2634375735809225,-55.75475333965784,62,-57.01819091323876
Zone-Retest,KOS,2024-06-21,-5.386484895298555,-19.32783701805782,62,-13.941352122759266
Zone-Retest,CLOV,2021-10-06,-30.030460208563564,-43.353172768936496,62,-13.322712560372931
RTB-Base,MCGA,2025-09-18,-4.425042834808829,-5.268847550270856,62,-0.843804715462027
Parabola,SEM,2026-06-12,-1.1987869636122137,-1.1987869636122137,12,0.0
Zone-Retest,DFS,2025-03-19,26.26628658840738,26.26628658840738,42,0.0
P55,SHMD,2026-05-15,-21.21328695932479,-25.93062040797072,58,-4.717333448645931
RTB-Base,VTOL,2026-05-19,-0.6768354254080231,-0.6768354254080231,10,0.0
P55,EGAN,2025-12-08,-32.469094579887496,0.6402372382848189,62,33.109331818172315
Zone-Retest,MIST,2022-10-31,0.6810716636243943,-31.686879356799775,62,-32.36795102042417
Zone-Retest,CWAN,2026-03-30,4.026784950017609,4.026784950017609,60,0.0
Parabola,GPAT,2025-05-15,3.9876865998711706,0.8435478461696735,62,-3.144138753701497
Zone-Retest,SILA,2026-06-16,-0.10205211984006245,-0.10205211984006245,10,0.0
Zone-Retest,FHTX,2026-07-08,4.092958742934655,2.403445635269602,23,-1.6895131076650527
P55,MDWD,2026-02-23,-14.604319648558755,-5.030412038456694,62,9.573907610102061
G3→G3,AACB,2025-10-07,1.6619186642433281,1.1714951639338502,62,-0.4904235003094779
G3-gap,MRO,2024-10-29,9.073138472368065,9.073138472368065,18,0.0
G3→L46 🕐,RILYN,2024-08-14,135.70474868266317,16.4523476633391,62,-119.25240101932407
Zone-Retest,GDRX,2025-10-01,18.865789112539737,-36.50139707500361,62,-55.367186187543346
Zone-Retest,SMC,2025-03-18,-21.138761776563936,-31.753376592224765,62,-10.614614815660829
Zone-Retest,DH,2024-04-04,-36.48628181805915,-33.54229485010814,62,2.9439869679510053
G3→L46 🕐,ONL,2023-12-19,-5.913161050587673,-41.464603903344305,62,-35.55144285275663
Zone-Retest,PRME,2024-06-25,-17.075903551780574,-38.368681670547495,62,-21.292778118766922
Zone-Retest,ARAI,2025-10-15,-14.904733571284872,-60.14999999999999,62,-45.24526642871512
Zone-Retest,PRA,2026-05-14,1.2413735408260353,1.2413735408260353,29,0.0
HighBase-15mDip,ALLT,2026-01-20,-20.566405095327294,-28.475333781505956,62,-7.908928686178662
G3→G3,CUPR,2026-06-24,20.586326702606634,-39.616946369436675,32,-60.20327307204331
Zone-Retest,KNDI,2021-09-02,0.6753245132301413,-25.84739141288069,62,-26.52271592611083
RTB-Base,RBBN,2021-12-09,-10.249263915514645,-48.270523840573674,62,-38.02125992505903
P55,BMR,2024-06-18,0.8795580251669546,-28.80033158923034,62,-29.679889614397293
Atomic,HTZ,2026-05-08,-18.52768387806015,-58.46777374326232,62,-39.94008986520217
Zone-Retest,PSEC,2024-10-11,1.4485749002954686,-18.17179998484764,62,-19.62037488514311
Washout,REFI,2025-10-01,-13.388462557341391,0.0921015258901038,62,13.480564083231496
Zone-Retest-E,LAC,2026-02-27,-0.29977533699450654,-1.6702686166828073,62,-1.3704932796883007
Zone-Retest,FWDI,2026-03-09,7.3320889684581445,-15.987496409313835,62,-23.31958537777198
Zone-Retest,JRVR,2024-05-29,-15.819824012262213,0.9363347344870045,62,16.756158746749218
RTB-Base,STEX,2025-09-23,-16.63041955757952,-44.31474976009507,62,-27.68433020251555
Zone-Retest,SEMR,2026-02-19,1.1350968686446197,1.1350968686446197,47,0.0
Washout,RIME,2025-01-21,-29.992078986782982,-58.63332764011876,62,-28.641248653335776
Washout,BNC,2025-09-24,-22.914368299036607,-40.8330348536601,62,-17.918666554623496
RTB-Base,CURI,2021-11-19,-36.63082093726881,-55.27754963939634,62,-18.646728702127533
Zone-Retest,BLNK,2023-08-14,-7.766835616141004,-60.14999999999999,62,-52.38316438385899
Parabola,ASUR,2024-02-12,-19.65849236349559,-23.224571815745783,62,-3.566079452250193
Zone-Retest,NKTX,2024-08-26,-3.2748285857991553,-50.838492401063206,62,-47.56366381526405
Zone-Retest,DAY,2026-01-26,0.42002155359808796,0.42002155359808796,7,0.0
Parabola,KALV,2026-06-01,-0.0030436143704402983,-0.0030436143704402983,8,0.0
Parabola,MNKD,2026-01-09,-9.168051869564081,-58.961782326510225,62,-49.79373045694614
Zone-Retest,SATS,2026-06-05,-14.394335975375776,-14.394335975375776,12,0.0
Zone-Retest,DAY,2026-01-13,0.28969323193036034,0.28969323193036034,15,0.0
Zone-Retest,ESOA,2025-05-02,55.75078508729846,18.347606467605832,62,-37.403178619692625
Zone-Retest,GSM,2026-02-25,5.020113681936117,-12.37183118764476,62,-17.391944869580875
Parabola,PEAK,2023-12-26,-13.653604775208,-13.653604775208,46,0.0
Parabola,JELD,2025-07-28,-1.8508467880703316,-8.830668317911499,62,-6.979821529841168
Parabola,SEMR,2026-04-10,0.11800802979631832,0.11800802979631832,12,0.0
Zone-Retest,NRGV,2026-05-12,2.4793561645603033,-47.42590522764561,61,-49.90526139220591
Zone-Retest,MXCT,2023-12-06,-3.886078302206447,-24.648884942907006,62,-20.76280664070056
Parabola,RXRX,2025-08-01,-11.315280548927515,4.852638391167679,62,16.167918940095195
Parabola,CNDT,2022-04-20,-5.397762159577551,-19.98855203110828,62,-14.59078987153073
RTB-Base,AGNT,2026-05-12,-14.780583635507954,-26.230525080844174,61,-11.44994144533622
Zone-Retest,SEE,2026-03-20,0.44003273292734807,0.44003273292734807,13,0.0
G3→G3,MIND,2026-04-17,0.8185471792311607,-15.477009485771347,62,-16.295556665002508
Atomic,COCP,2021-06-01,-43.984248627059415,5.049343841380788,62,49.033592468440204
Washout,RMNI,2021-11-12,-31.638636610301944,-30.281975949119804,62,1.35666066118214
Atomic,BRCC,2024-08-05,3.7248978260057184,-39.58825145199666,62,-43.31314927800238
Atomic,ASRT,2026-04-09,29.84890745599052,29.84890745599052,47,0.0
RTB-Base,ITP,2021-06-09,-2.4491930890357336,-14.759494759817231,62,-12.310301670781499
Zone-Retest,CMTG,2024-05-22,-17.956217503013765,-3.2222209368873376,62,14.733996566126427
G3→G3,CVM,2025-03-17,-31.086927941421198,-73.21124147112664,62,-42.12431352970545
Zone-Retest,AIV,2025-12-24,-2.817007891524076,-32.01690552406686,62,-29.19989763254278
G3→G3,IFRX,2023-04-06,-8.46782376518695,-35.139002306223475,62,-26.671178541036525
RTB-Base,LEGO,2021-06-15,12.181502745881174,16.674762855716413,62,4.493260109835239
G3→G3,XAIR,2024-12-27,-58.316388785069364,-40.26188289230983,62,18.054505892759536
Parabola,GRNT,2026-04-01,-12.386907796200447,-22.89745776072734,62,-10.510549964526895
Washout,KRRO,2026-01-22,52.08238440768166,40.89497703706218,62,-11.187407370619475
P55,SMC,2025-11-13,32.04055462142444,23.814010392432255,62,-8.226544228992186
Zone-Retest,ELME,2025-11-19,3.281224949783917,-84.03549870949702,62,-87.31672365928094
Parabola,SRTS,2025-02-05,-33.30713633341456,-51.99947696938004,62,-18.69234063596548
Parabola,EVTL,2025-12-08,-26.170721465109477,-40.99564565088321,62,-14.824924185773735
Washout,SMHI,2024-11-06,37.90378888189452,-2.7598533359381285,62,-40.663642217832646
Washout,DRE,2022-09-20,-9.102311222912125,-9.102311222912125,9,0.0
Washout,PEAK,2024-02-13,1.9085081731855358,1.9085081731855358,13,0.0
Atomic,CGTL,2025-04-08,-2.2576228794063677,-49.08933609389837,62,-46.831713214492
Zone-Retest,BEEM,2024-07-10,-9.854176888306359,-35.287724679826624,62,-25.433547791520265
P55,BHM,2023-06-23,-1.370724118869021,-13.529142642503128,62,-12.158418523634108
Zone-Retest,DBI,2026-06-29,1.670952781354279,7.418909793204925,29,5.747957011850646
P55,NRT,2023-02-15,-36.85093039893996,2.2321874470478784,62,39.083117845987836
P55,KLTR,2021-08-20,-47.117180595315595,-55.01156375783939,62,-7.894383162523795
RTB-Base,CGC,2024-08-29,4.767811253045245,-22.25931722716677,62,-27.027128480212014
Washout,SMRT,2022-03-08,-4.559597208283145,1.2337605366693984,62,5.793357744952543
G3→G3,IPFX,2026-06-11,-6.919679734541834,-7.195509084439649,40,-0.2758293498978155
Parabola,XOMA,2026-06-08,-5.551331964317669,-5.551331964317669,24,0.0
G3→L46 🕐,BOC,2026-06-12,12.883750199906425,8.014834518664587,39,-4.8689156812418375
RTB-Base,AGNCO,2023-12-29,9.16878045001462,3.401569197927251,62,-5.767211252087368
Zone-Retest,BTAI,2025-08-18,-23.768222301584114,-60.14999999999999,62,-36.381777698415874
ppr×NS 🕐24-26,NTRB,2022-01-11,8.264376485953335,-5.1657706909421455,62,-13.430147176895481
RTB-Base,ALTG,2024-08-08,-3.186378415294283,-12.633443035184417,62,-9.447064619890135
Zone-Retest,CMPX,2026-03-17,-6.968807039903963,-67.36059412736182,62,-60.39178708745786
Zone-Retest,SEE,2026-03-10,0.00913778071585671,0.00913778071585671,21,0.0
Zone-Retest,BTBT,2024-11-11,9.427184918447368,-42.38376664625329,62,-51.81095156470066
Parabola,ELTX,2026-03-02,-69.48611927787331,-18.40533304980802,62,51.08078622806529
Washout,NAGE,2026-02-11,-2.820266444992731,-22.9841953089783,62,-20.163928863985568
Washout,ACGLN,2022-08-25,-13.898878536990484,0.388117042771824,62,14.286995579762308
Zone-Retest,CGEN,2021-08-18,-16.914594626638397,-5.461660941544072,62,11.452933685094326
G3→G3,VTSI,2025-06-27,-4.03109912858664,-18.21012953663675,62,-14.17903040805011
Parabola,ASTL,2026-04-14,-1.2864376360360694,-28.912982009199645,62,-27.626544373163576
Zone-Retest-E,IPOD,2022-03-30,-0.1008705069884984,-1.294299487024436,62,-1.1934289800359377
Zone-Retest,WOOF,2023-07-20,-39.50617813234226,-60.14999999999999,62,-20.643821867657735
Parabola,GPMT,2023-06-13,-3.1635485108856995,2.7549160484893918,62,5.918464559375091
QZ-Capit-Rev,DXYZ,2026-03-17,60.58732236775807,60.58732236775807,57,0.0
G3-gap,ACH,2021-10-15,-44.8958026443481,-13.482248817784576,62,31.413553826563525
Parabola,BHR,2022-04-26,-21.029378238505952,-17.23158839395423,62,3.7977898445517226
P55,ELME,2025-11-06,4.154062291132293,-83.89951135683454,62,-88.05357364796683
P55,KOS,2024-05-29,-16.858684899681993,-18.68016495157762,62,-1.8214800518956267
Zone-Retest,TCX,2024-11-25,-5.276924997119709,19.178699258804116,62,24.455624255923823
Zone-Retest,UEIC,2023-03-16,-16.13808683526436,-12.990099456726261,62,3.147987378538099
Parabola,DMAC,2025-07-28,43.958162081202516,20.56982116914719,62,-23.388340912055327
Atomic,BBCP,2026-03-30,57.15028146186515,67.56943533974399,62,10.419153877878841
Washout,NECB,2024-12-30,12.378975299727896,-5.201145391446299,62,-17.580120691174194
Zone-Retest,HUMA,2024-10-22,-3.152638898794674,-12.852375008915201,62,-9.699736110120527
Washout,CMT,2023-11-17,30.861907858832588,-1.3514129581680687,62,-32.21332081700066
G3-gap,BYRN,2026-03-04,-52.36176018074056,-59.96125587882767,62,-7.599495698087111
Parabola,TBRG,2026-06-24,0.1205662134429243,0.1205662134429243,10,0.0
Parabola,WBA,2025-08-11,0.11870842102311165,0.11870842102311165,13,0.0
Parabola,MRBK,2026-06-26,0.39328522090436596,-2.626478638512247,30,-3.019763859416613
Zone-Retest,GPRO,2023-03-02,-3.564109604823545,-19.117702292714796,62,-15.55359268789125
Zone-Retest,CGABL,2023-12-29,-14.787081993033896,-4.982541124805212,62,9.804540868228685
Zone-Retest,PTLO,2026-03-09,13.850655703072118,-24.215996813163493,62,-38.06665251623561
Washout,NRDY,2021-11-23,-17.157605474904532,-28.82841095499607,62,-11.670805480091538
HighBase-15mDip,CEPT,2026-06-17,-1.8025379155347465,-1.8025379155347465,10,0.0
Parabola,HRZN,2026-01-12,-9.498458738341236,-33.08863068695621,62,-23.590171948614973
G3→L46 🕐,SINT,2024-06-17,12.822225440073948,-16.702276308330116,62,-29.524501748404063
Zone-Retest,MASI,2026-04-23,0.5621121467845716,0.5621121467845716,33,0.0
Parabola,REAX,2025-08-25,8.345265759369585,-23.42526026976853,62,-31.770526029138114
G3→G3,LDI,2022-01-18,2.0496417138997467,-34.95367683768464,62,-37.003318551584385
G3→L46 🕐,PULM,2024-11-15,44.80064126499326,110.03891830321741,62,65.23827703822415
P55,EVTL,2025-10-02,-7.405904464471197,-3.9439441203158845,62,3.4619603441553126
Zone-Retest,BHR,2023-01-25,-1.8722198198764917,-25.458887063106133,62,-23.58666724322964
Zone-Retest,KULR,2025-08-11,-0.490329200855205,-37.26722492596983,62,-36.77689572511462
Zone-Retest,MBAV,2025-11-21,2.0551827918499574,0.5480095893895034,62,-1.507173202460454
P55,CHOW,2025-11-17,24.2640179507097,-48.89567807500676,62,-73.15969602571646
P55,CERS,2022-06-23,-3.742886532270556,-28.418516765082263,62,-24.675630232811706
Parabola,PRQR,2022-01-03,-27.497784293708687,-79.28577395101377,62,-51.787989657305076
Parabola,PTLO,2026-04-20,-2.6852755849161527,-20.576527444328402,62,-17.89125185941225
P55,EVGN,2022-03-10,10.707336043179334,-30.176220511752057,62,-40.88355655493139
Washout,TMCI,2025-03-18,-21.006628543190303,-28.120639460656356,62,-7.114010917466054
Atomic,AMWD,2026-03-20,30.015283384221597,30.015283384221597,47,0.0
Zone-Retest,JHG,2026-04-13,0.5727023542356382,0.5727023542356382,55,0.0
G3→G3→RL,FENC,2024-06-28,74.10160959858912,-21.534157529938863,62,-95.63576712852799
Zone-Retest,NAUT,2021-09-21,-27.270813033323577,-27.988127865672745,62,-0.7173148323491674
Washout,OWLT,2026-03-12,-15.674344616746621,-20.742883939741823,62,-5.068539322995202
Parabola,IPOD,2022-04-14,-1.2825531387957443,-2.2653309405969715,62,-0.9827778018012272
Zone-Retest,ESPR,2023-02-23,-12.23266686086864,-74.00292886680523,62,-61.770262005936594
RTB-Base,TACO,2025-07-15,1.4384297345084787,0.5693271987569806,62,-0.8691025357514981
G3→L46 🕐,SGC,2024-05-13,-24.665374327479,-38.5050345540742,62,-13.8396602265952
Parabola,LC,2026-04-22,8.587121075755972,8.587121075755972,41,0.0
G3→G3,CVKD,2024-02-01,-48.64830517381822,-60.14999999999999,62,-11.501694826181769
Parabola,AMTX,2023-12-20,-3.7871912719156633,-33.15490440809375,62,-29.367713136178086
RTB-Base,CTKB,2025-01-17,-9.4586988222702,-34.24166825301616,62,-24.782969430745958
P55,CMPX,2026-04-10,-7.994655035794934,-67.72157841219821,62,-59.72692337640328
RTB-Base,FSP,2022-04-27,-4.649311638602721,-31.12474999621781,62,-26.475438357615086
RTB-Base,AFYA,2024-03-27,-19.365028589801387,-9.886258611004745,62,9.478769978796642
QZ-Capit-Rev,GLIBA,2025-12-15,-33.267749239790575,11.300067332507796,62,44.56781657229837
Zone-Retest,WRK,2024-06-14,2.901193596301593,2.901193596301593,14,0.0
Parabola,IMRX,2026-04-13,-6.811746510668776,-7.716186951456866,62,-0.9044404407880897
Zone-Retest,SDHC,2025-01-15,-43.039170624538784,-23.16910088559276,62,19.870069738946025
G3→G3,VSTS,2026-05-14,8.602954484357378,8.602954484357378,17,0.0
Zone-Retest,CLVT,2024-10-30,-22.57405622335728,-15.814964092323052,62,6.75909213103423
Zone-Retest,GSM,2025-10-06,-0.10513552283661341,-10.8103253015214,62,-10.705189778684787
Atomic,VSH,2026-04-29,138.5343307782341,138.5343307782341,36,0.0
Parabola,GTLS,2026-04-20,0.6026303084552045,0.6026303084552045,60,0.0
Zone-Retest,OSUR,2024-05-03,-9.131293402856016,-18.86398678156052,62,-9.732693378704504
P55,UWMC,2025-11-26,-9.934446137810832,-20.444996102337736,62,-10.510549964526904
Parabola,CCD,2026-05-11,1.5706752645045896,3.202344938152751,62,1.6316696736481615
Zone-Retest,LEDS,2021-07-22,-23.94337060944787,-26.776694009865835,62,-2.8333234004179637
Washout,COTY,2025-03-05,-9.42587113952727,-13.004732238559729,62,-3.5788610990324585
Zone-Retest,NAGE,2026-01-14,-23.153359783673196,-28.214891909447655,62,-5.061532125774459
Zone-Retest,UEIC,2023-03-27,-10.859851453186737,-4.586538908914134,62,6.273312544272603
Zone-Retest,SOC,2026-04-17,-66.22175674640052,-70.38838311087764,62,-4.166626364477125
Washout,NLOP,2026-01-23,-38.85320242939117,-34.12594297664499,62,4.727259452746175
Zone-Retest,MPT,2026-05-05,1.5156832932419486,-7.5616098579403825,62,-9.077293151182332
Zone-Retest-E,BHR,2023-01-30,-3.9551785520178404,-29.350611414285126,62,-25.395432862267285
P55,BBAI,2025-12-22,-19.798086924731003,-42.28404302994327,62,-22.485956105212267
G3→L46 🕐,ATLX,2026-01-06,5.291837244133807,-6.290788816774845,62,-11.582626060908652
P55,CPZ,2025-07-11,-20.61244358951769,-2.5023538222078647,62,18.110089767309823
Zone-Retest,LAKE,2025-12-17,28.997595971312514,-0.06061312223281643,62,-29.05820909354533
P55,DXYZ,2026-04-02,48.87646030953568,48.87646030953568,45,0.0
Parabola,PAL,2026-02-02,-28.785873227931464,-27.19779808418586,62,1.5880751437456055
RTB-Base🧱OB,CSHR,2026-04-13,10.66182617291625,-16.642526679043307,62,-27.304352851959557
Washout💥vol,DNUT,2025-03-13,-9.705955921190673,-46.96890208166012,62,-37.26294616046945
🧊Coil-Floor,GOSS,2022-09-30,-22.46083859972186,-71.38243108536525,62,-48.921592485643394
RTB-Base,MDXG,2026-02-19,1.8246975281758282,-30.814931036713794,62,-32.63962856488962
Zone-Retest,LUNG,2024-05-01,-29.736140270114326,-8.599014789504073,62,21.13712548061025
P55,ORMP,2022-11-15,-48.35796549446036,-71.60415772601651,62,-23.24619223155615
Zone-Retest,PACB,2024-01-22,-21.750201815280107,-54.83219758108676,62,-33.08199576580665
RTB-Base,FITBM,2026-02-04,0.35738835610308894,-0.49305877614085875,62,-0.8504471322439477
Atomic,DXST,2026-03-16,16.903549338514416,-56.095300521686376,62,-72.99884986020079
G3→L46 🕐,CINT,2025-05-27,-10.90193865303472,-17.073347150431246,62,-6.171408497396525
G3-gap,CGC,2024-08-06,-11.411883010142981,-27.286322543212222,62,-15.874439533069241
Zone-Retest,OPEN,2026-02-26,5.691238142785809,-10.684198701947073,62,-16.37543684473288
Zone-Retest,SQ,2025-01-03,-4.3537120841245,-4.3537120841245,10,0.0
P55,ACCO,2025-02-18,2.489337083759807,-27.633077060387084,62,-30.12241414414689
P55,WTI,2023-02-13,-16.86030040305397,-34.070257824645154,62,-17.209957421591184
Zone-Retest,CLAR,2023-08-11,-29.940994532648062,-32.73075633929781,62,-2.78976180664975
G3→G3,GASS,2026-03-03,13.27433354576429,5.451965715021917,62,-7.8223678307423725
QZ-Capit-Rev,PRA,2026-04-07,3.001058536162687,3.001058536162687,56,0.0
G3-gap,BRBS,2021-06-21,-6.960352055299151,-0.7671842295071061,62,6.193167825792045
Parabola,CWAN,2026-04-01,3.3234817604816334,3.3234817604816334,58,0.0
RTB-Base,RICK,2025-09-18,1.012070707752183,-5.097383729210997,62,-6.10945443696318
Zone-Retest,MPT,2026-04-15,0.49902646030953196,-8.088092860708935,62,-8.587119321018466
RTB-Base,MMC,2025-10-21,-3.7556219501659163,-3.7556219501659163,58,0.0
QZ-Capit-Rev,CVGW,2026-05-15,-2.7997622773612454,-2.7997622773612454,8,0.0
Zone-Retest,VUZI,2022-09-29,-11.509213338886331,-42.89563974418339,62,-31.38642640529706
G3→L46 🕐,BON,2025-03-19,-34.65792529671689,-60.14999999999999,62,-25.4920747032831
Zone-Retest,CMTL,2026-02-04,-5.976878411479797,-39.20462875920235,62,-33.227750347722555
G3-gap,CATX,2024-11-20,-23.38738251238754,-60.14999999999999,62,-36.76261748761245
G3→L46 🕐,SNDL,2022-02-24,7.790434763632797,-24.35750537307047,62,-32.14794013670327
Zone-Retest,DAY,2025-11-26,0.944734709529921,0.944734709529921,46,0.0
G3→L46 🕐,CGCT,2026-01-15,0.3768476762107399,-0.6864170588261107,62,-1.0632647350368507
Zone-Retest,PRA,2026-05-22,1.2002077375207922,1.2002077375207922,23,0.0
Atomic,ENVX,2026-04-29,-20.05036922638021,-37.91995417391966,62,-17.869584947539455
Atomic,BBAI,2025-12-30,-10.47782987206361,-46.80295554032748,62,-36.32512566826387
G3→L46 🕐,AMTX,2023-08-09,-26.52448321899174,-32.134046402306666,62,-5.6095631833149255
P55,TRINZ,2024-04-30,-0.3780278641598743,-2.1387097253805774,62,-1.7606818612207031
P55,LC,2026-05-28,15.399567215441873,15.399567215441873,16,0.0
Zone-Retest-E,KW,2026-05-18,-1.3851038659402124,-1.3851038659402124,20,0.0
Zone-Retest,KLC,2025-11-03,-7.285883205907867,-18.361420071258312,62,-11.075536865350445
G3→L46 🕐,LOCL,2023-03-29,-3.236546650612321,-52.66466691365667,62,-49.42812026304435
Zone-Retest,POWW,2021-12-16,-6.377615099090489,-18.359642058651154,62,-11.982026959560665
Zone-Retest,DDD,2023-11-28,-3.3312812091161046,-1.0576518050249004,62,2.273629404091204
RTB-Base,RE,2023-06-06,1.7570481990196118,1.7570481990196118,22,0.0
RTB-Base,GECC,2025-10-01,-24.858079581033316,-31.225047348006335,62,-6.366967766973019
Zone-Retest,IAC,2026-05-14,2.7702901358065466,2.7702901358065466,14,0.0
P55,ELTX,2026-06-04,-69.462440605501,-63.21698253777633,45,6.24545806772467
Washout,SCYX,2021-06-08,-40.122394349652,-21.796941352676875,62,18.325452996975123
L43-TRIPLE,MMC,2025-11-04,2.2791748788944464,2.2791748788944464,48,0.0
L43-TRIPLE,REFI,2026-05-07,-9.548197785289275,-18.878464680029133,62,-9.330266894739857
Zone-Retest,UEIC,2024-09-13,-0.29977533699450654,39.1024795944257,62,39.40225493142021
Parabola,CTRA,2026-03-26,-8.05018937599266,-8.05018937599266,29,0.0
L43-TRIPLE,CHGG,2024-02-14,-42.866311020996854,-48.41354572449716,62,-5.547234703500308
Atomic,HCAT,2025-02-13,-9.19552262515319,-22.266824762855723,62,-13.071302137702533
Zone-Retest,AVD,2024-08-07,-39.75865930020634,-36.871423888264005,62,2.887235411942335
G3→G3,MITT,2024-08-05,22.242169321774924,11.651993978728875,62,-10.590175343046049
Parabola,THR,2026-04-09,17.409074444370415,17.409074444370415,36,0.0
Zone-Retest,SHMD,2026-04-08,-16.188839563100917,-21.20643879239767,62,-5.017599229296753
Parabola,ZENA,2025-10-02,-3.378009623329942,-45.43438556038774,62,-42.056375937057794
Washout,RCKT,2025-03-05,-39.3915395276775,-73.78312092710533,62,-34.39158139942783
Parabola,AZ,2026-01-08,-19.40691709349556,-0.5463191015945221,62,18.860597991901038
RTB-Base,MERC,2024-09-05,-4.194642256473452,7.135879691101637,62,11.33052194757509
Zone-Retest,GLIBA,2026-06-29,-4.3654806319417485,7.394462640540072,29,11.75994327248182
G3→L46 🕐,BSVN,2024-09-20,23.719264938637103,12.572030846096311,62,-11.147234092540792
Zone-Retest,FLT,2024-02-12,10.605593018665132,10.605593018665132,29,0.0
Zone-Retest,TTEC,2024-08-30,-1.2329550067422144,-3.845858082035819,62,-2.6129030752936044
Zone-Retest,CURI,2025-05-14,-8.141416017335262,-29.57523387693331,62,-21.43381785959805
G3→G3,BLIN,2021-07-08,-30.6531448700402,-45.266712826221465,62,-14.613567956181264
Parabola,GENK,2023-08-14,-62.51498643719322,-50.880359602827696,62,11.634626834365527
Zone-Retest,MVBF,2025-06-20,39.28439368885013,16.919097702194293,62,-22.365295986655838
G3→G3,SLI,2022-07-25,4.392434468597855,-28.265345778324996,62,-32.657780246922854
G3→L46 🕐,INBK,2025-03-31,15.025709419426054,6.502863304886058,62,-8.522846114539995
Parabola,FCCO,2026-06-05,12.505691786994817,10.755070964981101,44,-1.7506208220137154
G3→G3,AEI,2022-03-11,25.87064644968032,-0.460824086450967,62,-26.331470536131285
Washout,REKR,2021-12-03,-22.523009265082276,-34.40626629607367,62,-11.883257030991391
QZ-Capit-Rev,CWCO,2026-05-06,-10.709692376329134,-9.64745594374396,62,1.0622364325851734
G3→L46 🕐,SCVL,2026-06-08,4.945979219576429,4.945979219576429,4,0.0
G3→G3,MSB,2025-01-29,-30.498933677369116,-20.50823467754594,62,9.990698999823177
G3→L46 🕐,BRBS,2022-01-14,-12.354460673928475,-19.840475312389742,62,-7.486014638461267
P55,BOC,2025-04-04,6.484104045630051,1.9615177905470127,62,-4.522586255083039
RTB-Base🧱OB,REFI,2025-04-09,-17.16636734088058,4.947608841992262,62,22.113976182872843
Washout,OPRX,2026-02-17,-29.721999309620255,-40.147196780235674,62,-10.42519747061542
Zone-Retest,LAW,2023-01-30,-27.321099021570745,-24.747639623039667,62,2.573459398531078
RTB-Base,OLPX,2023-02-22,3.932796806716704,-35.507079986955986,62,-39.43987679367269
G3-gap,VYGR,2024-08-07,-41.62114615298623,-18.209604614180723,62,23.411541538805505
G3-gap,SCYX,2021-06-04,-39.044054128388254,-22.183117987689133,62,16.86093614069912
Washout,BTBT,2021-12-16,-25.86789216444875,-59.671633991061924,62,-33.80374182661318
Washout,KDK,2026-04-01,-29.95143045100857,-30.089345125957472,62,-0.13791467494890242
Washout,MPAA,2025-11-12,17.24872922772403,-23.289082627018804,62,-40.537811854742834
Parabola,AIOT,2026-01-06,-4.948296038251759,-40.277053367806765,62,-35.328757329555
Washout,NRDY,2021-12-16,-6.859279146972991,-17.427368618604948,62,-10.568089471631957
Atomic,VIRC,2024-08-05,-55.794355777622805,-6.36949507268823,62,49.424860704934574
Zone-Retest,SSTI,2025-11-13,29.86165977583702,17.162108149381623,62,-12.699551626455396
Parabola,FENC,2026-05-18,10.508754136835991,18.949700964017897,57,8.440946827181905
P55,PPIH,2026-04-21,-27.687622026816065,-22.259962204459633,62,5.427659822356432
Atomic,BYND,2024-09-05,-14.829588062914095,-16.350149859812653,62,-1.5205617968985585
Atomic,OPEN,2026-03-23,5.691238142785809,-10.883899151273097,62,-16.575137294058905
Atomic,FFIC,2026-03-31,0.6778704658416959,0.6778704658416959,43,0.0
L43-TRIPLE,VRA,2024-07-11,-16.42566806397256,-17.402994895910624,62,-0.9773268319380648
RTB-Base,TMUSZ,2025-08-14,-13.601621875145769,0.693544372023275,62,14.295166247169044
Parabola,CODA,2026-02-10,-21.279364405208938,-4.637660294708029,62,16.64170411050091
Zone-Retest,HYLN,2021-12-08,-20.116204539344835,-38.85732362993971,62,-18.74111909059487
Parabola,NIO,2026-04-23,-22.161392848615275,-27.743082426050375,62,-5.5816895774351
P55,ALLT,2026-06-29,4.647171908369524,1.6529669967018157,29,-2.9942049116677083
Parabola,SEMR,2026-04-21,-0.2164974181763367,-0.2164974181763367,5,0.0
RTB-Base,OCCI,2025-03-21,-21.154311852824296,-6.419146355205613,62,14.735165497618684
Parabola,DTIL,2026-05-27,3.6942336495257075,-6.665227159261105,51,-10.359460808786814
Washout,FLWS,2025-03-19,-7.496187925319226,-8.035918869443575,62,-0.5397309441243499
D+L1,DFS,2025-04-15,24.55369237004775,24.55369237004775,23,0.0
G3→L46 🕐,ISOU,2026-03-16,13.89648752062745,-5.540006593163699,62,-19.43649411379115
G3→L46 🕐,CRVO,2025-04-09,6.149880323056084,-20.843122994933445,62,-26.99300331798953
Zone-Retest,PRA,2026-06-03,2.915880122838038,2.915880122838038,16,0.0
Zone-Retest,HCIC,2022-08-08,-0.6032714605902765,0.5095476592608397,62,1.1128191198511161
Zone-Retest,MMC,2025-11-05,0.677038334886976,0.677038334886976,47,0.0
Zone-Retest,PLRX,2025-01-24,-30.389170392393478,-73.10536515854021,62,-42.71619476614673
Zone-Retest-E,ALLO,2023-04-24,-6.56344256677715,-0.6682263505111306,62,5.89521621626602
G3→G3,MVO,2021-10-11,4.005018786226549,-2.189684952067167,62,-6.1947037382937165
Parabola,PPIH,2026-02-11,-28.97722556239283,3.284905941180277,62,32.26213150357311
Zone-Retest,EMBC,2026-03-17,3.278284225397626,-55.87151291539734,62,-59.149797140794966
Atomic,HLLY,2023-08-07,-21.985996005991034,-34.93532201697455,62,-12.949326010983519
Washout,SKIN,2023-08-21,-20.394438334697647,-75.69370472372565,62,-55.299266389028
Zone-Retest,PDSB,2024-01-25,9.104955242486962,-46.68310615239466,62,-55.78806139488162
Parabola,GROY,2021-09-22,-4.696849450594759,-5.796117978994814,62,-1.0992685284000547
RTB-Base,CGABL,2025-03-31,0.04374607813049671,-4.07851090336972,62,-4.122256981500216
G3→L46 🕐,NCMI,2025-04-07,-5.766028511976579,-14.329825152781789,62,-8.56379664080521
P55,GRNT,2026-03-12,-3.2023981469656073,-6.879053706262312,62,-3.6766555592967043
Washout,HYFM,2022-10-06,-48.9447565830741,-21.80597757210338,62,27.138779010970723
Washout,AVXL,2025-11-12,-26.62258861339803,-57.504101395770846,62,-30.881512782372816
P55,COCP,2021-08-30,-46.84013429009029,-30.903587133424153,62,15.936547156666137
Washout,BRLT,2022-01-21,-49.505017516134615,-28.92520021917929,62,20.579817296955326
RTB-Base,SPWR,2023-08-18,-16.737703478795414,-40.51156649379672,62,-23.773863015001307
G3→L46 🕐,CHY,2026-02-23,3.8433875120928382,2.1861223724578824,62,-1.6572651396349558
Zone-Retest,CFLT,2026-01-30,1.1714951639338502,1.1714951639338502,31,0.0
P55,TAVI,2024-12-31,6.954731399369157,1.413094309091362,62,-5.541637090277796
D+L1,KALV,2026-04-29,0.8221372996684742,0.8221372996684742,30,0.0
G3→L46 🕐,IHRT,2022-12-19,-28.36039482146254,-39.32825116818354,62,-10.967856346721003
HighBase-15mDip,GDRX,2024-09-10,-36.16953757262195,-37.82310817213669,62,-1.6535705995147438
G3→L46 🕐,NRT,2022-03-09,-38.29868548511414,24.948248434210157,62,63.2469339193243
Parabola,PXD,2024-02-23,16.096891375446017,16.096891375446017,49,0.0
Parabola,SEM,2026-04-21,0.06442001132041532,0.06442001132041532,49,0.0
Zone-Retest,TBRG,2026-07-01,-0.18548664031806092,-0.18548664031806092,5,0.0
Parabola,MLAC,2025-10-07,0.5544566230502093,-1.1540072970392443,62,-1.7084639200894536
G3-gap,GPMT,2023-03-16,1.7052492546320963,5.3142935195599925,62,3.6090442649278964
G3→G3,SSSS,2026-04-09,1.8569895157263983,0.019745381927088877,57,-1.8372441337993093
G3→L46 🕐,POLE,2025-12-03,0.2686320140282973,0.4581011310358875,62,0.18946911700759023
Zone-Retest,BEEM,2023-06-29,-36.035645216385944,-29.82486569189277,62,6.210779524493173
Parabola,NYAX,2026-07-07,-4.736599620037313,-0.34313192607961496,24,4.393467693957698
RTB-Base,VLGEA,2025-10-09,41.14569005270719,8.592738309838028,62,-32.55295174286916
P55,BBAI,2026-01-15,-19.03161398601621,-39.9858741696676,62,-20.954260183651392
Zone-Retest,INDI,2025-10-15,-12.199024908233518,-29.27186124957642,62,-17.072836341342903
D+L1,CLVT,2025-01-16,-0.49710779680282574,-32.267633825940926,62,-31.7705260291381
Parabola,OVLY,2026-06-05,-0.47733945909825254,-1.158001927162605,44,-0.6806624680643525
Parabola,STEL,2026-04-29,5.0512549236166935,5.0512549236166935,43,0.0
Zone-Retest,CHGG,2024-03-21,-37.38700164039657,-59.86260500553519,62,-22.475603365138618
Zone-Retest,LDI,2021-11-01,-27.758587119321028,-38.85305652632163,62,-11.094469407000602
G3→G3,VYGR,2024-12-03,-28.10799086363241,-40.35513241681489,62,-12.24714155318248
Zone-Retest,MBAV,2025-10-08,2.5395675444179364,0.7413170528567217,62,-1.7982504915612147
Washout,KLTR,2021-08-18,-40.18510273894459,-46.665327557110395,62,-6.4802248181658015
Parabola,DXLG,2022-12-05,-24.37081163968334,-13.078226707557711,62,11.292584932125628
Washout,LAKE,2026-04-17,15.805099608651513,22.783878751764803,62,6.9787791431132895
Zone-Retest,PNNT,2025-12-05,-11.914297997448282,-15.728021856104741,62,-3.8137238586564592
RTB-Base🧱OB,AGNT,2026-05-22,0.896035736813944,-12.656489766348495,53,-13.552525503162439
Zone-Retest,VSTS,2026-03-24,63.76749661410389,63.76749661410389,53,0.0
Zone-Retest,CGC,2024-06-21,-20.97797789131905,-32.59176288758353,62,-11.613784996264478
Atomic,ASPI,2026-05-18,-12.998497288909844,-23.087892812349427,57,-10.089395523439583
RTB-Base,MCTA,2025-10-24,312.17104023992135,312.17104023992135,13,0.0
Parabola,PSNY,2026-05-27,-38.58173533710325,-35.68227327792341,51,2.8994620591798395
RTB-Base,KLTR,2021-08-09,-52.98853515198086,-48.3226368032423,62,4.6658983487385655
G3→G3,AMPY,2026-04-06,-15.969092729853468,-33.47205364740869,62,-17.502960917555225
Zone-Retest,SCVL,2026-03-23,-4.313578420914904,-4.313578420914904,57,0.0
Zone-Retest,ACGLN,2025-01-27,-12.646846128656492,-7.546969062535252,62,5.099877066121239
P55,CDZI,2026-02-19,-5.179673534810575,-21.696252050495694,62,-16.51657851568512
Zone-Retest,CABA,2024-07-24,-28.17818564176528,-30.31173745080385,62,-2.133551809038572
G3→L46 🕐,MGRT,2026-05-18,-28.510275795575563,-28.548020644998346,57,-0.03774484942278278
Zone-Retest,EVGO,2023-05-16,-13.150065119711746,-23.742871562221886,62,-10.59280644251014
Parabola,AIOT,2025-12-11,-4.592401817833985,-42.66613234354076,62,-38.07373052570677
RTB-Base,CLNN,2026-05-04,-1.2367077399985824,-33.09240944213707,62,-31.855701702138486
Zone-Retest,SFIX,2025-08-25,1.0734104638719768,-21.682239950486853,62,-22.75565041435883
Parabola,ATYR,2025-09-03,6.6047614748090675,-77.84303491571153,62,-84.4477963905206
Zone-Retest,GRWG,2022-05-18,-9.327824583197547,7.283786029816036,62,16.611610613013582
G3→G3,CNDT,2022-02-25,7.059703373227016,-7.460349217210033,62,-14.52005259043705
Washout,CBNK,2025-08-15,13.406336176048988,-15.989666147978514,62,-29.396002324027503
D+L1,ENVX,2026-06-09,-31.012513817349856,-36.559748520850164,42,-5.547234703500308
RTB-Base,MNTK,2023-02-27,-42.94936878601695,-32.613114373665624,62,10.336254412351323
Parabola,CDZI,2026-01-28,-22.65887472472274,-31.23496764056369,62,-8.576092915840949
Washout,HAIN,2025-01-02,-18.79055768199553,-35.03028826325728,62,-16.239730581261753
Atomic,MPT,2026-03-04,-9.311528465424617,-10.212703778267624,62,-0.9011753128430069
G3→G3,DARE,2022-04-01,-9.74506685917072,-17.16636734088058,62,-7.42130048170986
P55,CLST,2021-12-17,-0.22860625312922087,-2.2925096852227043,62,-2.0639034320934835
Zone-Retest,SEM,2026-05-08,0.06442001132041532,0.06442001132041532,36,0.0
Washout,KLC,2025-10-14,-4.511384110126554,-22.059753998176728,62,-17.548369888050175
Parabola,GPMT,2023-08-10,-8.919938617253969,-15.564647812453986,62,-6.644709195200017
Zone-Retest,PETZ,2022-03-16,-21.268322516225663,-40.810437914556736,62,-19.542115398331074
Parabola,CYH,2024-09-23,-6.69827202703534,-48.96202647967341,62,-42.26375445263807
Washout,CURI,2021-12-01,-29.097549026864016,-53.858251638714435,62,-24.76070261185042
Parabola,K,2025-11-05,-0.227923412314973,-0.227923412314973,25,0.0
P55,SSSS,2026-03-09,43.11824370186291,59.498168197142476,62,16.379924495279568
Washout,WOK,2025-12-18,-41.59782825761357,-52.701173240139774,62,-11.103344982526203
Parabola,FIP,2026-04-20,-11.22089365951074,-28.035948854496034,62,-16.815055194985295
G3→G3,MIND,2025-10-21,-42.202027560129046,-3.600609210151723,62,38.60141834997732
HighBase-15mDip,VSH,2026-04-06,248.4395417229186,248.4395417229186,53,0.0
RTB-Base,MYPS,2021-07-14,-23.276673625924754,-37.03444605818545,62,-13.757772432260698
G3→G3,CHI,2025-04-07,50.31237982475828,20.19700243213161,62,-30.11537739262667
P55,MPT,2026-05-07,-4.110852614208466,-11.351899440914965,62,-7.241046826706499
G3→G3→RL,RBNE,2025-10-22,-8.674310308730465,-43.78293769023884,62,-35.10862738150837
Parabola,PRPL,2023-01-23,23.35406429191163,-47.72378495363751,62,-71.07784924554915
G3→L46 🕐,LAW,2025-09-19,-13.735279572995257,26.876585504006982,62,40.611865077002236
Washout,SJT,2023-12-18,-2.7652129829946412,-1.708596848994598,62,1.0566161340000433
Washout,ESPR,2022-12-13,-8.52918945757189,-26.63390052284212,62,-18.10471106527023
Zone-Retest,ORGN,2025-08-15,-3.7428865322705454,-8.907553325184631,62,-5.164666792914086
Zone-Retest,ALF,2021-10-14,79.24757031119985,-56.6818688633716,62,-135.92943917457146
Washout,RTAC,2025-08-19,-5.054547939994763,0.7974798790824802,62,5.852027819077243
RTB-Base🧱OB,NTRB,2021-10-07,4.589312876259993,-20.721120720049864,62,-25.310433596309856
P55,SPRO,2022-01-03,-60.14999999999999,-46.82299235309099,62,13.327007646909003
G3→L46 🕐,MITT,2023-03-17,55.493221102835136,16.630513237850348,62,-38.862707864984785
Atomic,CTRA,2026-03-05,4.9283230454899405,4.9283230454899405,44,0.0
Zone-Retest-E,EARN,2025-03-28,-15.687079640171236,-3.979348105145469,62,11.707731535025767
P55,KNDI,2021-07-23,-6.290788816774845,-17.72817818726456,62,-11.437389370489715
L43-TRIPLE,CHI,2025-04-04,40.92870452385935,13.443051283290092,62,-27.48565324056926
Parabola,PLCE,2025-09-10,12.584124619522324,18.872694836393627,62,6.288570216871303
RTB-Base,HOUR,2022-01-11,-13.257438079521938,-59.47818329757272,62,-46.22074521805078
Zone-Retest,HAIN,2024-12-26,-22.420440493106504,-36.24585621567649,62,-13.825415722569986
RTB-Base,TBLD,2022-09-27,70.56419474856574,11.34160453373148,62,-59.222590214834256
Zone-Retest-E,HOLX,2026-01-27,0.8563292072803654,0.8563292072803654,48,0.0
Zone-Retest-E,RC,2025-02-05,-24.335044869545612,-34.275557577452545,62,-9.940512707906933
Atomic,INV,2026-05-13,-28.067921388810163,-54.91525845237907,60,-26.847337063568908
Washout,WOOF,2023-08-21,-23.03938854491984,-45.633235001512325,62,-22.593846456592484
P55,POWW,2021-11-19,-19.673699525338854,-32.93738608505154,62,-13.263686559712689
🧊Coil-Floor,RE,2023-05-23,-4.581946706935408,-4.581946706935408,31,0.0
Zone-Retest,PNNT,2026-02-02,-12.823944409845717,-19.514938846026492,62,-6.690994436180775
D+L1,STSS,2025-09-12,-34.76528018737709,-58.70273693233733,62,-23.937456744960244
Washout,MDXG,2026-01-30,2.6198218753740896,-40.200937239365125,62,-42.82075911473922
Zone-Retest,IZM,2024-03-11,-18.92693221555954,-18.92693221555954,62,0.0
Zone-Retest,CLVT,2024-11-20,3.3907873815559872,-0.9148691234196091,62,-4.305656504975596
Zone-Retest,DXYZ,2026-03-12,57.968260275369424,57.968260275369424,60,0.0
RTB-Base,NCDL,2026-05-20,-6.118552998008825,-0.6876938477287928,55,5.430859150280032
G3→G3,SPCE,2026-06-11,23.15641968082361,-33.43972059152651,40,-56.59614027235012
G3→L46 🕐,ACCO,2024-12-02,-6.572200315825078,-25.389475252316767,62,-18.81727493649169
G3→L46 🕐,DRMA,2025-03-27,-78.13756410838288,-60.150000000000006,62,17.98756410838287
P55,CHEC,2026-02-20,0.5952963980324468,1.5898205480623873,56,0.9945241500299404
RTB-Base,MENS,2025-10-29,-49.484534783191066,-49.484534783191066,62,0.0
Zone-Retest,GOSS,2022-12-05,2.917620791035663,-61.9850252399179,62,-64.90264603095356
Atomic,JILL,2025-03-27,-17.071289931976715,-25.742630295326645,62,-8.67134036334993
G3→L46 🕐,RGS,2024-08-23,1.9967798302546191,-7.239365951073401,62,-9.23614578132802
P55,MBINM,2022-09-29,-3.360470917827091,5.424122892094957,62,8.784593809922047
Zone-Retest,SITC,2026-04-07,-6.413054397994849,-21.418375729541122,62,-15.005321331546273
G3→L46 🕐,BCML,2022-02-16,45.28885730424408,-2.834948078995109,62,-48.123805383239194
RTB-Base,TCX,2023-02-28,-52.37683216554478,33.57183104653366,62,85.94866321207844
Washout,VSCO,2026-03-10,15.208876578748882,15.208876578748882,58,0.0
🧊Coil-Floor,DXLG,2022-12-29,-20.581852221667514,-17.773564653020475,62,2.8082875686470388
Zone-Retest,CRDF,2024-03-21,6.052525237987921,-49.17278788576579,62,-55.225313123753715
Zone-Retest-E,PRA,2026-05-19,1.4063717076947593,1.4063717076947593,26,0.0
Atomic,RCKT,2025-05-20,-18.733662967087835,-64.81838204232113,62,-46.084719075233295
G3→L46 🕐,STEL,2026-04-30,5.646573261907189,5.646573261907189,42,0.0
P55,ATLX,2025-09-26,5.715298437885324,-4.309824520247757,62,-10.025122958133082
Parabola,ASIC,2026-02-25,7.704340298777096,-7.812017944869537,62,-15.516358243646632
Atomic,SEER,2022-09-16,-34.10828587216264,-25.0199765885153,62,9.088309283647341
Zone-Retest,AMWD,2026-05-22,24.184471880992625,24.184471880992625,3,0.0
G3→L46 🕐,AFYA,2025-04-24,-18.573019066171987,-18.464249758260227,62,0.10876930791176065
Parabola,PROK,2023-03-08,-60.53863515426448,-0.4641378467278577,62,60.074497307536625
Parabola,SFIX,2025-12-23,-1.067853988248407,-36.97553093436769,62,-35.90767694611928
G3-gap,SPOK,2026-05-12,-0.6733963834416765,7.452861376784209,61,8.126257760225885
G3→L46 🕐,SPRO,2021-12-31,-57.17815413842931,-43.40343667666818,62,13.774717461761135
G3→L46 🕐,CHMI,2023-04-03,-7.5111804515449245,-10.839521273645108,62,-3.3283408221001833
P55,CERS,2022-07-26,-5.909338520309432,-34.331125315771665,62,-28.421786795462232
Washout,TTEC,2024-03-28,-59.10258450755988,-50.70218319747912,62,8.40040131008076
Parabola,SEM,2026-06-02,-0.29977533699451764,-0.29977533699451764,20,0.0
Washout,VUZI,2022-10-26,2.9082640096080468,3.910776305421365,62,1.0025122958133181
Zone-Retest,SEE,2026-03-03,0.2959897266272383,0.2959897266272383,26,0.0
🌀Engulf-AbsRev🟡,JHG,2026-04-06,0.6901860661573669,0.6901860661573669,60,0.0
Zone-Retest,GIG,2026-01-09,0.5464130076072329,0.07630837171737638,62,-0.4701046358898565
P55,GOSS,2022-10-14,-24.734667713876362,-72.22440871213506,62,-47.489740998258696
P55,MDWD,2025-11-20,-13.480004992511246,1.8113436987376164,62,15.291348691248862
P55,MIND,2025-06-23,-11.01816103528323,16.482960164273358,62,27.501121199556586
Zone-Retest,HLLY,2023-09-15,-7.5111804515449245,-21.5641750337457,62,-14.052994582200775
Zone-Retest,VERI,2025-09-22,-12.046860591465764,-35.05732758992998,62,-23.010466998464217
Atomic,MRO,2024-08-29,0.08642454742638374,0.08642454742638374,60,0.0
Atomic,HIVE,2025-10-20,-17.402994895910624,-43.627931552915314,62,-26.22493665700469
Zone-Retest,ATVI,2023-10-02,0.4889646955697881,0.4889646955697881,9,0.0
Atomic,GRNT,2026-04-09,-12.846400425539722,-19.29397165159767,62,-6.447571226057947
Zone-Retest-E,UWMC,2025-11-24,-1.6387630240463025,-12.92451638634004,62,-11.285753362293738
Zone-Retest,FUSE,2021-09-08,-3.8080264738028333,-71.16444929702543,62,-67.3564228232226
Atomic,LAC,2026-05-27,2.934240036706065,-34.86331464341949,51,-37.79755468012556
Parabola,GURE,2025-10-14,60.19771372353237,-43.76399077853806,62,-103.96170450207043
Zone-Retest,SEM,2026-04-30,0.003536402565057625,0.003536402565057625,42,0.0
Parabola,VTOL,2026-03-10,-7.315683193271766,-7.315683193271766,59,0.0
Parabola,AEXA,2026-01-12,-1.2632424170761545,-3.277764493610463,62,-2.0145220765343086
Parabola,SQ,2024-11-18,3.5149419376188593,3.5149419376188593,41,0.0
Parabola,SMRT,2022-08-04,-1.7036449280385224,-58.59546010509719,62,-56.89181517705867
G3→L46 🕐,SONM,2025-09-22,-9.20660288909359,-47.115311031887224,62,-37.908708142793635
Zone-Retest,RC,2025-01-15,-25.335535479771547,-34.70564453905653,62,-9.370109059284982
RTB-Base,NNBR,2021-06-21,-24.217722370268564,-24.938142461632236,62,-0.7204200913636711
Parabola,AEXA,2026-02-04,-3.798800303817779,-5.847010040494799,62,-2.0482097366770198
Zone-Retest,DOMO,2026-01-07,-39.31488687396459,-59.68812748810276,62,-20.37324061413817
Zone-Retest,OSG,2026-02-04,3.5214479030206745,-29.706580271024414,62,-33.228028174045086
P55,HYPD,2025-10-03,-51.23347579640639,-60.14999999999999,62,-8.916524203593603
Zone-Retest,RNXT,2021-11-30,-17.701059303161454,-56.23247379967393,62,-38.53141449651248
Zone-Retest,DXLG,2022-12-13,-21.5641750337457,-9.236986803745012,62,12.327188230000687
RTB-Base,TRAD,2026-04-24,0.3066025455743361,0.5087285064306282,62,0.2021259608562921
RTB-Base,VTIX,2026-03-24,-32.55512461680709,-60.14999999999999,62,-27.5948753831929
RTB-Base,PAII,2025-09-16,1.9101893939774517,0.905659970808387,62,-1.0045294231690647
G3-gap,FLT,2024-02-14,11.85095846761,11.85095846761,27,0.0
RTB-Base,SOHU,2022-04-22,-14.057843870936809,15.264908256960414,62,29.322752127897225
G3→G3,NOA,2025-05-14,-17.662383042276137,0.2485175379091155,62,17.910900580185253
P55,CNTN,2026-02-26,-0.29977533699451764,-36.23808577017741,62,-35.9383104331829
P55,CCD,2023-06-20,8.963798306388188,-16.905905047943275,62,-25.869703354331463
Zone-Retest-E,ELME,2025-11-17,2.422874535262892,-84.16922901066302,62,-86.59210354592591
Parabola,VSTS,2026-05-01,27.06204491830762,27.06204491830762,26,0.0
Zone-Retest,FDP,2026-05-29,-11.977634794408582,-11.977634794408582,20,0.0
G3→G3,AEI,2021-12-09,-26.3237315286912,-57.92986563461893,62,-31.606134105927726
Washout,TCPC,2025-10-14,-10.19643477261985,-0.6532274596954322,62,9.54320731292442
Atomic,BGLC,2025-07-03,-21.032035725038394,-16.763629174558776,62,4.268406550479618
RTB-Base,BNKK,2025-11-20,-22.77246017163514,-58.01371593504883,62,-35.24125576341369
Zone-Retest,RICK,2026-03-24,17.894571338349447,18.24446262056761,62,0.349891282218163
Atomic,KEEL,2026-06-24,-21.61283498728516,-43.509814080049516,32,-21.896979092764354
P55,TMUSZ,2025-08-12,-13.112222607802087,1.3072095749372905,62,14.419432182739378
G3→L46 🕐,HHS,2022-08-11,11.029249448589635,-25.8428560647401,62,-36.872105513329736
P55,LPRO,2024-12-20,-10.682814296752447,-43.043285721331344,62,-32.3604714245789
Washout,SCVL,2026-05-20,13.749830881949327,13.749830881949327,16,0.0
G3→L46 🕐,BEEM,2023-08-17,-22.783370959726696,-30.277902833970767,62,-7.494531874244071
Parabola,SDA,2025-02-05,-39.0196039372199,-60.14999999999999,62,-21.130396062780093
Zone-Retest,KDK,2026-06-12,-18.96187802960097,-28.691692253951345,39,-9.729814224350374
Parabola,AVIR,2022-08-08,-36.761936028541456,-33.957154436884004,62,2.804781591657452
P55,RMNI,2022-05-31,-21.114947562981552,-17.98484647636695,62,3.1301010866146015
D+L1,ASPI,2026-06-30,-21.74096778030447,-30.81826093148679,28,-9.077293151182321
Zone-Retest,CFLT,2026-02-17,1.0389621421366848,1.0389621421366848,20,0.0
Zone-Retest,KEN,2025-04-09,108.17015996169576,44.65484691991629,62,-63.51531304177947
RTB-Base,EGAN,2025-12-02,-33.85599837947995,-7.256553284826856,62,26.599445094653092
RTB-Base,RCMT,2026-06-15,8.341109489611737,12.680753869196188,38,4.339644379584451
G3→L46 🕐,KNOP,2025-11-03,11.019278470957522,7.381011175544377,62,-3.6382672954131445
G3→L46 🕐,FWDI,2026-01-28,-29.74100986906289,-38.35118223221496,62,-8.61017236315207
Zone-Retest,SANA,2024-07-10,-5.7736061786337665,-20.30757082712416,62,-14.533964648490393
P55,CRBU,2024-01-26,-7.628232192994927,-29.613602760996134,62,-21.98537056800121
P55,HRZN,2026-01-22,-9.09255631478157,-37.557321853041344,62,-28.464765538259776
G3→G3,AVD,2024-08-12,-2.440813292731475,8.653656114269143,62,11.094469407000618
G3→L46 🕐,INTT,2026-06-29,-12.421016552094938,-15.841366795959905,29,-3.4203502438649664
RTB-Base,RTAC,2026-06-18,-0.2036730995902679,0.4690425622394136,35,0.6727156618296815
Atomic,SABR,2023-01-26,-28.40048142072606,-47.51466728478711,62,-19.11418586406105
Parabola,GSM,2025-10-08,-1.4518933138753574,-6.636424209839093,62,-5.184530895963736
Zone-Retest-E,PLTK,2025-05-16,-0.29977533699451764,-28.457538691962064,62,-28.157763354967546
Zone-Retest,REFI,2026-06-22,-3.86585478924471,-10.824058598513393,34,-6.958203809268682
Parabola,TMQ,2026-02-04,-13.45571710002565,-27.45498846325108,62,-13.99927136322543
Atomic,DMRC,2026-06-05,-25.11927960494789,-59.09410533197338,44,-33.97482572702549
G3-gap,AEYE,2025-07-25,-55.574006846872535,2.1519042864274915,62,57.72591113330003
Washout,STEM,2026-03-04,2.4960309535696332,1.1979780329505698,62,-1.2980529206190634
Zone-Retest,VYGR,2024-10-07,-29.233647256388156,-14.483045885716889,62,14.750601370671268
Parabola,GRNT,2026-03-10,-4.682514205790561,-8.49359148300451,62,-3.8110772772139487
Parabola,SQ,2024-12-03,-5.615699110561162,-5.615699110561162,31,0.0
Zone-Retest,JSPR,2025-05-29,31.059736455047677,-55.900382133928204,62,-86.96011858897589
Zone-Retest,COTY,2025-03-27,-7.0910589997356945,-14.983631905083566,62,-7.892572905347872
RTB-Base,TRON,2025-07-21,-48.643101931261526,-52.69642788292806,62,-4.053325951666537
P55,PXD,2024-02-09,16.026660655243347,16.026660655243347,58,0.0
G3→G3,NCMI,2025-03-14,-14.658402685228362,-12.017735586702589,62,2.640667098525773
Zone-Retest,PSEC,2024-08-30,4.293334997503756,-5.491987019470796,62,-9.78532201697455
Zone-Retest,HSDT,2025-10-24,-24.012418103888518,-58.952854373661246,62,-34.94043626977273
Zone-Retest,MVST,2022-04-05,-12.24199489801842,-60.010873142114065,62,-47.768878244095646
Atomic,IRWD,2024-08-05,-17.504242388430242,-33.422394146300675,62,-15.918151757870433
P55,NECB,2021-09-17,152.70681323047333,-0.4818176791330951,62,-153.18863090960642
G3→L46 🕐,SNSE,2025-12-04,68.41460429906229,249.49774422751628,62,181.083139928454
G3→L46 🕐,BNTC,2025-06-17,-22.711299117154987,-14.385230226760177,62,8.32606889039481
Zone-Retest-E,GTLS,2026-06-30,0.1541979266085182,0.1541979266085182,11,0.0
RTB-Base,IPOD,2022-05-23,0.905659970808387,0.0015834899562307183,62,-0.9040764808521563
RTB-Base,VYGR,2024-11-18,-11.786969324773915,-24.157793619305572,62,-12.370824294531657
Zone-Retest,VFS,2024-02-16,-6.919679734541834,-54.6933231368417,62,-47.77364340229987
P55,GEVO,2021-10-20,-25.003460549915875,-43.19839037739687,62,-18.194929827480994
G3-gap,OSUR,2024-05-13,4.248268022397045,-12.910259197125646,62,-17.15852721952269
RTB-Base,AACP,2026-06-02,-0.19942335240855077,0.20198458593517224,40,0.401407938343723
HighBase-15mDip,NIO,2026-05-01,-19.01161065348666,-22.07648023118796,62,-3.0648695777013018
Parabola,AISP,2025-07-17,-7.405904464471197,-1.0286090936587886,62,6.3772953708124085
Zone-Retest,KLC,2025-11-10,-1.9218909001119389,-12.555759591659449,62,-10.63386869154751
Parabola,HCIC,2021-11-09,-0.09641439063400857,-0.7064972297155134,62,-0.6100828390815048
Parabola,BORR,2026-05-21,-12.607702335385824,-33.23648138902758,54,-20.628779053641757
Zone-Retest-E,CFLT,2026-03-02,0.7749335390260739,0.7749335390260739,11,0.0
Zone-Retest-E,SILA,2026-06-23,-0.23395449015007327,-0.23395449015007327,6,0.0
Zone-Retest,KRRO,2025-11-19,131.71910224774481,86.17338573479495,62,-45.545716512949866
Parabola,IMPP,2026-06-15,-2.988050616383137,-11.628935442989368,38,-8.640884826606232
Washout,HRTX,2022-03-10,-6.063941006553502,-47.90062731786865,62,-41.83668631131515
P55,DPRO,2026-06-12,-22.336735118023114,-29.479749667735838,39,-7.143014549712724
Atomic,TMCI,2025-03-03,-30.254842735896165,-34.405919491549206,62,-4.15107675565304
G3→L46 🕐,DERM,2026-02-27,-23.555737280521864,-30.84491938222447,62,-7.2891821017026075
G3+RL,INV,2026-06-01,-2.635453106889379,-44.249445373849554,48,-41.613992266960175
Parabola,ALTG,2024-11-11,-9.27645809610707,-9.153489839132916,62,0.12296825697415414
G3→L46 🕐,CODA,2026-04-27,-21.403766038639212,-21.088781102793767,62,0.3149849358454446
Zone-Retest,RTAC,2025-12-23,-1.7194467777007671,-2.28731535398326,62,-0.5678685762824929
Zone-Retest,STEL,2026-05-22,4.882392556163056,4.882392556163056,26,0.0
Zone-Retest,PEAK,2024-02-16,-0.41642279571297275,-0.41642279571297275,10,0.0
Atomic,PLRX,2024-12-11,-47.055580196258525,-79.56654071793334,62,-32.51096052167481
G3→L46 🕐,PAII,2026-02-11,-0.004068847370602849,0.685912961751828,62,0.6899818091224309
Parabola,AZ,2026-04-06,-13.294890897385676,-17.140384277501425,62,-3.84549338011575
QZ-Capit-Rev,VSCO,2026-03-30,25.67657691346477,25.67657691346477,44,0.0
Atomic,SIDU,2024-03-04,-15.774116842680513,-52.26098523503487,62,-36.48686839235436
G3→L46 🕐,RLGT,2025-06-02,57.04663747621811,8.470852505026244,62,-48.575784971191865
G3→L46 🕐,XBIT,2022-04-28,-29.457141216549836,-28.35686325883077,62,1.1002779577190651
P55,JFB,2026-05-28,3.241012771622703,-21.01338577240523,50,-24.254398544027932
Spring,RJET,2026-04-07,11.06397730804008,13.918379631200445,62,2.8544023231603646
Atomic,GRAB,2025-11-05,-12.995508369747782,-28.264700801032124,62,-15.269192431284342
RTB-Base🧱OB,GLND,2026-04-06,-30.358047102472902,-57.578198787090685,62,-27.220151684617782
G3→L46 🕐,KOYN,2026-01-12,1.599277984924502,0.7996765862217594,62,-0.7996013987027426
Zone-Retest,ALLO,2023-07-18,-4.2635838774919,-44.27917485775119,62,-40.01559098025929
Zone-Retest,CHRS,2023-06-07,-5.555050319257954,-8.370376202613377,62,-2.815325883355423
Zone-Retest,PACB,2024-02-27,-3.2859502801871834,-63.75599287983912,62,-60.47004259965193
Washout,NOA,2025-08-19,8.616857758414659,7.010257200683273,62,-1.6066005577313858
G3-gap,ALTG,2024-08-06,-19.32928146115986,-29.0627644786927,62,-9.73348301753284
G3→G3,INDO,2026-03-03,-19.556604379145565,-60.14999999999999,62,-40.59339562085442
Washout,LPSN,2025-10-07,-35.726860697654075,-54.11735405366526,62,-18.390493356011184
P55,CCCC,2024-09-11,-21.22370531260121,-32.14722757927823,62,-10.923522266677018
Washout,NRC,2024-06-14,-22.38241983332387,-13.852300840156945,62,8.530118993166925
Parabola,INTT,2026-04-10,-10.315520949345208,-8.164900725834318,62,2.1506202235108898
G3→G3,LFVN,2026-05-28,-20.41435617984361,-18.728103893616748,50,1.686252286226864
RTB-Base,QETA,2023-12-11,4.945082846493381,1.2835780768886198,62,-3.6615047696047616
Atomic,GPRO,2022-12-15,-3.003649892665833,-2.4242482021648524,62,0.5794016905009807
Spring,MRLN,2026-05-21,-23.853446277761364,-40.90457002629196,54,-17.051123748530593
RTB-Base🧱OB,JRVR,2024-05-13,-21.65059162216983,-6.947933701240711,62,14.70265792092912
Zone-Retest,BSET,2026-07-02,10.80617308646446,4.96909321739068,26,-5.83707986907378
Zone-Retest,KLXE,2023-04-03,-57.135131765062916,-22.239600162707024,62,34.89553160235589
G3→G3,AEYE,2026-03-05,-31.91494427063562,-0.29977533699451764,62,31.6151689336411
G3→L46 🕐,BHFAM,2026-04-08,-12.435804319505655,-10.678172535831637,62,1.757631783674018
Zone-Retest-E,FWDI,2025-12-29,-27.414275999793407,-38.31746145150092,62,-10.903185451707511
P55,GTERA,2025-08-20,3.008515239189374,0.401983270074774,62,-2.6065319691146
Atomic,LEDS,2021-07-09,-41.63521770312226,-42.76050197806221,62,-1.1252842749399505
Washout,EVGO,2024-11-14,-5.225972379192117,-45.96183253582623,62,-40.73586015663412
Zone-Retest,KRRO,2025-12-04,141.34821778959468,81.47125582390534,62,-59.87696196568935
P55,INO,2024-07-12,-49.195042302017825,-49.195042302017825,62,0.0
Washout,VYGR,2024-08-12,-28.00388391401338,4.894745021196517,62,32.8986289352099
G3-gap,ALEC,2024-09-12,-13.057470140615319,-56.80785818716559,62,-43.75038804655027
G3→L46 🕐,ACTU,2025-12-19,-1.009947631894975,-58.96000689577298,62,-57.950059263878
P55,QTRX,2025-11-17,-11.433517202073023,1.6442113378604406,62,13.077728539933464
Parabola,SFIX,2025-09-18,-7.6496123409141195,-3.1680044116948416,62,4.481607929219278
G3→L46 🕐,AIHS,2025-06-10,3.8396171920077435,-47.650387437044635,62,-51.49000462905238
Washout,PAL,2025-01-08,-22.536690234917895,-22.212851668443285,62,0.32383856647460973
RTB-Base,EVGO,2024-11-11,-10.17704576229182,-48.78819378845401,62,-38.61114802616219
Zone-Retest,PSEC,2024-08-22,1.8454443334997406,-12.195993509735409,62,-14.04143784323515
G3→G3,ACH,2021-10-08,-45.72140492913094,-26.933869574719278,62,18.787535354411663
Zone-Retest,TLS,2025-12-09,-7.26607008092513,-24.05662664321944,62,-16.790556562294313
Washout,GNE,2025-08-11,-14.803159924917091,-6.931664870788174,62,7.871495054128918
G3→L46 🕐,LPSN,2025-09-17,-45.063547553066535,-51.334334609197306,62,-6.2707870561307715
RTB-Base,BHFAM,2024-12-31,-35.113930735345086,-13.207697481124498,62,21.906233254220588
Parabola,LAC,2026-01-13,-15.277309036445347,-27.259335996006,62,-11.982026959560654
Washout,PLRX,2025-01-14,-34.565408927081556,-74.72439473167988,62,-40.15898580459832
Zone-Retest,SES,2022-10-04,-2.8008406946420648,-39.54726248777124,62,-36.74642179312918
D+L1,CLVT,2024-12-09,-13.0612893699175,-29.961672818923606,62,-16.900383449006107
Zone-Retest,VFF,2021-12-07,-19.91844117987242,-38.80506725249369,62,-18.886626072621272
G3→L46 🕐,GNLN,2026-01-20,-65.36175683283584,-49.16265123591209,62,16.19910559692375
RTB-Base,CGABL,2026-03-31,1.2649118747879275,-6.3846700494817945,62,-7.649581924269722
G3→L46 🕐,CHY,2026-05-11,-3.1592631949907855,1.4004606866789673,62,4.559723881669752
Atomic,INDI,2025-10-20,-6.8833066334564155,-21.87912791984184,62,-14.995821286385423
L43-TRIPLE,BOC,2026-05-18,32.6024132303747,26.88411842588539,57,-5.718294804489311
Washout,PRQR,2022-01-31,11.111678910206107,-68.19792810783824,62,-79.30960701804435
Zone-Retest,SJT,2023-12-29,8.118969095376555,3.4201349935880474,62,-4.698834101788507
Parabola,CVGW,2026-04-06,-2.9087771012387744,-2.9087771012387744,37,0.0
Washout,PSTV,2026-02-25,10.439929059898528,-52.48893346027469,62,-62.92886252017321
QZ-Capit🔑,NRC,2024-06-12,-25.482392365839896,-17.330572567748607,62,8.151819798091289
Zone-Retest,CWCO,2026-03-24,-9.85892541212729,-11.23764898065605,62,-1.3787235685287609
QZ-Capit🔑,VSCO,2026-03-09,19.458806512269973,19.458806512269973,59,0.0
Parabola,ATYR,2025-07-16,5.852967379916035,-78.00012621912201,62,-83.85309359903805
RTB-Base,CCD,2025-02-26,10.621342985521693,-8.447276307760593,62,-19.068619293282286
Parabola,ESOA,2026-06-26,-22.620505904210635,-15.773325271272348,30,6.8471806329382865
G3→G3,IRWD,2024-08-06,-17.504242388430242,-36.6381823802139,62,-19.133939991783656
G3→L46 🕐,ATOS,2026-02-03,-1.5479031452820644,-5.113982597532268,62,-3.5660794522502037
Parabola,UROY,2026-01-28,3.6942336495257075,-28.06764733851604,62,-31.761880988041746
Zone-Retest,SMC,2025-04-14,12.622455299943352,-8.02340744183095,62,-20.6458627417743
QZ-Capit-Rev,FDP,2026-05-13,-17.42747194065722,-17.42747194065722,31,0.0
Zone-Retest,JRVR,2024-09-06,-12.063738587521017,-35.59166508857404,62,-23.527926501053024
G3→G3,CEPF,2026-02-04,-1.3498255007546254,-2.3044165587183416,62,-0.9545910579637162
G3→L46 🕐,LEGT,2026-05-29,-0.29977533699451764,-14.435469901549853,8,-14.135694564555335
P55,MPT,2026-05-21,-1.6675866337480139,-8.311241503693584,54,-6.6436548699455695
RTB-Base🧱OB,NCSM,2026-05-05,27.536835577645597,9.087258318650166,62,-18.449577258995433
G3→L46 🕐,DH,2024-03-18,-34.71784520189413,-27.783801822518743,62,6.934043379375385
Parabola,SEMR,2026-03-31,0.11800802979631832,0.11800802979631832,19,0.0
Zone-Retest,GPMT,2023-11-14,5.745436594586178,5.745436594586178,62,0.0
Parabola,SERA,2024-04-12,-27.25485840745609,-44.53835021011085,62,-17.28349180265476
Parabola,IZM,2023-12-05,-34.40138850109384,-25.196582891246972,62,9.204805609846868
P55,CRDF,2021-09-17,-20.29967085992836,-20.29967085992836,62,0.0
RTB-Base,GNLN,2026-04-22,40.351715619954284,-41.71348174938611,62,-82.0651973693404
Washout,HYLN,2021-12-07,-15.698754789893082,-39.52664931174667,62,-23.827894521853587
Zone-Retest,KEN,2022-06-16,26.761360406606975,-22.62712883649573,62,-49.388489243102704
D+L1,CERS,2022-06-07,1.5156832932419486,-21.07669077192294,62,-22.59237406516489
Zone-Retest,CLIK,2025-11-18,-14.54542257294687,-57.54375230348195,62,-42.99832973053508
Zone-Retest,CRON,2021-10-20,-5.258091287725958,-37.230680349339,62,-31.972589061613046
Zone-Retest-E,NAGE,2026-02-26,-6.807704318754665,-28.376840372588248,62,-21.56913605383358
Washout,DIBS,2022-01-25,-44.947391650368004,-18.66546148008433,62,26.281930170283676
Atomic,HIVE,2025-10-31,-5.515831849241076,-48.17572261011468,62,-42.65989076087361
G3→G3,JNPR,2025-05-28,10.318470653200468,10.318470653200468,24,0.0
G3→G3,TMCI,2025-02-05,-40.96190298282357,-30.606361129096076,62,10.355541853727491
Parabola,WRK,2024-05-15,-1.4683984575707463,-1.4683984575707463,35,0.0
P55,EXFY,2023-07-17,-23.87731225742033,-58.200021741581175,62,-34.322709484160846
RTB-Base,PRLD,2022-04-25,2.00003789900563,13.115801873006234,62,11.115763974000604
G3→G3,USEG,2022-03-09,-15.531165539825869,-29.747129729135118,62,-14.215964189309249
G3-gap,NVA,2026-06-24,3.2473019156877445,1.2964094267125028,32,-1.9508924889752417
Parabola,CFLT,2025-12-24,2.9609117729603227,2.9609117729603227,55,0.0
Zone-Retest,NAGE,2025-12-12,-24.660824125257903,-28.2698683901858,62,-3.6090442649278955
Parabola,SFIX,2025-09-09,-9.600411377661105,-17.848145225044682,62,-8.247733847383577
ppr×NS 🕐24-26,FLT,2024-02-29,8.937755354503368,8.937755354503368,17,0.0
Parabola,ATYR,2025-07-28,-0.46509027848956036,-79.32031737162468,62,-78.85522709313513
QZ-Capit-Rev,MRO,2024-09-05,3.249489087007845,3.249489087007845,56,0.0
Parabola,GSM,2026-02-11,-5.283058268419932,-26.323586201105005,62,-21.040527932685073
Zone-Retest-E,RMNI,2021-11-19,-27.387570772268738,-31.85417533872352,62,-4.46660456645478
Atomic,BTBT,2021-12-21,-17.515331313374777,-55.12009358525929,62,-37.60476227188451
Zone-Retest,SKYH,2023-12-15,-14.447491093060687,17.294178872472404,62,31.74166996553309
Zone-Retest,GRAB,2025-11-28,-6.390454475403345,-22.263133442165778,62,-15.872678966762432
QZ-Capit🔵dwell,AMWD,2026-03-13,22.595329857973795,22.595329857973795,52,0.0
Parabola,LTRN,2024-03-22,-53.376306719323,-47.1176990604901,62,6.258607658832901
P55,SATS,2026-06-12,-21.01306172224276,-21.01306172224276,7,0.0
Zone-Retest,ACTG,2021-11-18,-11.943087753528719,-23.93922781904881,62,-11.996140065520091
G3→L46 🕐,BNTC,2025-11-07,3.9062155923654416,1.803220127685462,62,-2.1029954646799798
RTB-Base,SAFX,2025-06-11,-60.14999999999999,-71.8930055094506,62,-11.743005509450612
Zone-Retest,NMRA,2024-11-27,8.516568935098363,-80.87706135868066,62,-89.39363029377903
P55,KALV,2026-03-20,60.419152227584775,60.419152227584775,57,0.0
G3→L46 🕐,ALEC,2024-09-13,-9.666256588568494,-55.120199567904784,62,-45.45394297933629
P55,SOC,2026-05-15,-66.98779865525819,-71.0603496975949,58,-4.072551042336713
Zone-Retest,MASI,2026-05-18,0.5169725368806835,0.5169725368806835,16,0.0
RTB-Base,ARTNA,2026-03-19,3.7512724016863395,5.955042371528735,62,2.203769969842395
Zone-Retest,HCIC,2022-11-28,-2.0934919477071876,-1.4955864108029568,62,0.5979055369042308
Zone-Retest-E,SABR,2023-03-06,-5.564947258960901,-39.78856475174244,62,-34.22361749278154
Parabola,RE,2023-05-01,-7.082214711259388,-7.082214711259388,47,0.0
P55,ZYBT,2025-06-13,-81.90398772345078,32.16950635198282,62,114.0734940754336
Washout,BYSI,2021-09-22,-71.2542350473035,-63.419157782472546,62,7.83507726483095
G3→G3,ACXP,2026-03-12,6.560163761990584,-42.67895465961364,62,-49.23911842160422
Zone-Retest,WSBF,2025-09-19,32.722586545019055,10.79469407000609,62,-21.927892475012968
Parabola,JHG,2026-05-12,0.12487282511378107,0.12487282511378107,34,0.0
Zone-Retest,MXCT,2023-02-13,-2.59518280051188,-28.80108467566849,62,-26.205901875156613
Zone-Retest,SIGA,2026-03-13,-5.054547939994763,-20.416120965072533,62,-15.361573025077771
Parabola,OPAL,2023-05-05,-19.51841481627053,17.618354703834267,62,37.13676952010479
Zone-Retest,BHFAN,2025-07-25,10.512032429063407,5.821615824670628,62,-4.690416604392778
P55,PDSB,2023-08-28,-9.588168328901997,2.0223229109823713,62,11.610491239884368
P55,ALT,2025-05-21,-10.755296244115515,-48.22091282796574,62,-37.46561658385023
Parabola,IPOD,2022-04-26,-1.7667228100063548,-2.744687792014239,62,-0.9779649820078842
RTB-Base,EMBC,2026-03-04,-5.127924060411454,-59.47027884099776,62,-54.342354780586305
RTB-Base,JSPR,2025-01-13,-1.1705621799858288,-46.30634687503628,62,-45.135784695050454
Parabola,HOLX,2026-01-22,0.7623198595273109,0.7623198595273109,51,0.0
Zone-Retest,BLDP,2023-04-11,1.8751800517046224,-16.315355926506275,62,-18.190535978210896
Zone-Retest,HES,2025-05-02,12.845198784928053,12.845198784928053,52,0.0
G3→L46 🕐,DMII,2026-01-15,1.3090903171928905,0.5046574900991865,62,-0.804432827093704
P55,DDD,2024-01-09,-10.002535684106345,-28.70240108035827,62,-18.699865396251926
Zone-Retest,GROY,2026-01-20,1.4554043934098817,-25.652371442835758,62,-27.10777583624564
G3→G3,SKYQ,2026-04-15,-39.98383898511208,-51.974400151908895,62,-11.990561166796816
Washout,CHCI,2021-06-15,152.74933951531716,-13.55857566109851,62,-166.30791517641566
G3→L46 🕐,CBUS,2023-12-13,-7.8002616966569125,77.1427463265196,62,84.94300802317652
Parabola,K,2025-10-03,0.6424358320974712,0.6424358320974712,48,0.0
Zone-Retest,NFBK,2026-03-31,12.420466832887628,7.494130269985294,62,-4.926336562902335
HighBase-15mDip,VSCO,2026-04-16,9.051756277969753,9.051756277969753,32,0.0
G3→L46 🕐,ICU,2025-10-02,10.168393377675395,-52.80166765980062,62,-62.970061037476015
G3→G3,CDXS,2023-01-24,-24.43774256033368,-35.682137229591056,62,-11.244394669257375
Zone-Retest,VTSI,2025-05-13,13.06046599115412,27.651255862684827,62,14.590789871530708
Zone-Retest,OPRX,2026-01-27,-48.03932481106667,-45.039532653809,62,2.999792157257673
RTB-Base,VTSI,2024-05-20,-35.588208149622965,-29.773636833905787,62,5.814571315717178
Zone-Retest,CGC,2024-07-11,-12.250353406897524,-34.107331718957,62,-21.856978312059475
G3→L46 🕐,BHFAL,2025-11-06,-9.456346157619471,-4.169516576663396,62,5.286829580956075
Parabola,ALTG,2024-11-20,3.9251989082666414,-9.313053726884995,62,-13.238252635151635
Parabola,RJET,2026-03-12,9.467604428020376,-4.440295019989931,62,-13.907899448010308
G3→L46 🕐,SOC,2026-04-10,-65.12561350282269,-69.42685394984446,62,-4.301240447021769
G3→L46 🕐,PRLD,2026-04-15,22.47711922899061,0.8505728734087561,62,-21.626546355581855
L43-TRIPLE,LWAY,2025-10-02,16.329127462652167,-8.403005107723033,62,-24.7321325703752
Zone-Retest,SSP,2023-10-02,-5.089638512710643,52.57294510264122,62,57.66258361535186
Zone-Retest-E,PRA,2026-05-01,0.9129804281432121,0.9129804281432121,38,0.0
Zone-Retest,ALLO,2023-08-03,4.868455753223172,-43.092728763996874,62,-47.96118451722005
Atomic,CTRA,2026-04-09,-3.534151113597045,-3.534151113597045,20,0.0
Atomic,RMNI,2022-04-07,-16.388598912262836,8.491025173203642,62,24.879624085466478
Parabola,BOC,2026-07-02,0.2993260109835084,-4.027517057746727,26,-4.326843068730235
G3→L46 🕐,CMT,2023-05-09,18.022740888667006,11.931877184223644,62,-6.090863704443361
Washout,CABA,2024-06-21,-40.709748612375556,-57.62555137881412,62,-16.915802766438567
Zone-Retest,CABA,2024-07-01,-32.058067817411356,-52.94318219436344,62,-20.88511437695208
Washout,ALLT,2026-03-03,20.721324592059272,22.37298244362778,62,1.6516578515685083
Zone-Retest,SEMR,2026-03-10,0.37036039899880924,0.37036039899880924,34,0.0
Parabola,ATVI,2023-07-21,1.9493958488301655,1.9493958488301655,59,0.0
G3→L46 🕐,TPST,2024-11-13,4.946870293902333,-0.7916483648911008,62,-5.738518658793434
Atomic,VYNE,2021-12-21,-72.81726173366214,-57.94058684700223,62,14.876674886659906
Zone-Retest,MVIS,2021-11-26,-28.727388874195796,-57.551008968134184,62,-28.823620093938388
Zone-Retest,RPAY,2025-06-03,5.168695384914518,19.751283976671903,62,14.582588591757386
Washout,RVSN,2026-02-11,-2.1003531587864,13.613780558670202,62,15.714133717456601
Zone-Retest,RICK,2025-12-09,7.476100784924827,-13.45895031255036,62,-20.93505109747519
Parabola,VTGN,2024-01-16,-1.9366642658962319,-11.212368196339378,62,-9.275703930443147
G3→L46 🕐,BTOG,2025-08-22,22.8648410492101,-35.38443446052569,62,-58.24927550973579
Zone-Retest,CNDT,2022-02-24,9.238762384877958,-1.7204086147202091,62,-10.959170999598168
Zone-Retest,PRE,2026-05-22,20.590433558877137,13.37833763054051,53,-7.212095928336627
Parabola,ATVI,2023-10-09,-0.03469562832134052,-0.03469562832134052,4,0.0
G3→L46 🕐,BORR,2026-04-15,-11.061018631064007,-22.175089574119394,62,-11.114070943055387
Parabola,RSVR,2021-09-10,-2.40505115820247,-22.856301992793952,62,-20.451250834591484
Zone-Retest,AQST,2025-11-12,-12.1908703931843,-33.35002483140438,62,-21.159154438220085
RTB-Base,SMHI,2024-08-05,-11.124659506068008,-21.482953840267633,62,-10.358294334199625
Parabola,COFS,2026-04-17,13.525131555730303,14.351980054099018,62,0.8268484983687152
Washout,GEOS,2026-02-09,-21.590642589915728,-16.36649460656006,62,5.224147983355667
P55,AIOT,2025-12-03,4.396656497870782,-26.844824838407018,62,-31.2414813362778
Atomic,BTCT,2025-02-07,-1.4844390194369614,-35.83968581026767,62,-34.355246790830705
RTB-Base,NMFCZ,2025-09-30,-0.4181280331576774,0.3708899412635359,62,0.7890179744212134
Zone-Retest-E,TBRG,2026-06-25,0.04387744387242556,0.04387744387242556,9,0.0
Parabola,SFIX,2025-08-28,-5.9585632063787255,-28.04609005139457,62,-22.087526845015844
Zone-Retest,HUMA,2024-09-12,-10.810325301521424,-26.40097441556964,62,-15.590649114048215
RTB-Base,LEGO,2021-06-01,13.316164389778946,8.878376626978707,62,-4.437787762800239
Zone-Retest-E,PTLO,2026-03-11,14.078657014478264,-22.067124313529714,62,-36.14578132800798
G3→L46 🕐,SCYX,2021-06-03,-34.90260255396956,-19.069574602290945,62,15.833027951678613
G3→G3,FGI,2025-10-28,-0.2595941600677386,37.068719204894876,62,37.32831336496262
Zone-Retest,ELME,2025-10-23,2.605605309375597,-84.14075970367489,62,-86.74636501305048
Zone-Retest,DFDV,2025-12-10,-17.3234201975725,-44.82315420312155,62,-27.499734005549048
Washout,TPST,2024-11-12,-10.63392446295593,-18.5940123032235,62,-7.960087840267571
Zone-Retest,HES,2025-04-23,13.276017752386233,13.276017752386233,59,0.0
HighBase-15mDip,MRO,2024-10-10,0.5822937854701951,0.5822937854701951,31,0.0
Atomic,ALBT,2025-03-04,-23.18655391113756,-50.75713833301222,62,-27.570584421874663
P55,MBINM,2022-10-14,-4.049092073352428,6.448994788449741,62,10.498086861802168
Atomic,XBIO,2025-10-10,-28.892737078148283,-60.14999999999999,62,-31.25726292185171
Washout,NCMI,2025-03-11,-4.011679599559775,-3.8260843864315,62,0.1855952131282752
Washout,AQB,2021-12-07,-35.069588028940295,-41.899013976520635,62,-6.82942594758034
G3→L46 🕐,UCAR,2025-03-24,-73.93931602596105,43.904751206523514,62,117.84406723248456
RTB-Base,FCHL,2026-04-24,-7.046412138548947,-60.14999999999999,62,-53.10358786145105
QZ-Capit🔵dwell,RE,2023-06-01,2.979537266239035,2.979537266239035,25,0.0
G3→L46 🕐,BBCP,2023-06-23,44.95320081375261,13.850122810436721,62,-31.103078003315886
Zone-Retest,UPLD,2022-09-16,-47.5698504120774,-18.104142821221775,62,29.465707590855626
Parabola,PRQR,2021-11-08,-32.14955596291245,-37.147879199826576,62,-4.998323236914125
Parabola,MPAA,2025-08-22,8.803379048236765,-7.127141125917952,62,-15.930520174154717
Parabola,VTOL,2026-04-13,-15.755166539337967,-15.755166539337967,36,0.0
Washout,NLOP,2026-02-23,-15.09510059727926,-17.281601867272084,62,-2.1865012699928243
Parabola,SDA,2024-11-05,-51.072672594881254,-20.646613570210732,62,30.426059024670522
G3→L46 🕐,NERV,2026-03-09,0.03195298414505068,-20.866931247646797,62,-20.898884231791847
Zone-Retest,ACRE,2025-01-06,-16.133629733393445,-34.875743100559525,62,-18.74211336716608
Parabola,CGCT,2026-04-30,0.47425741233111957,14.987371462186566,26,14.513114049855446
Zone-Retest,STEL,2026-05-15,7.238151907805684,7.238151907805684,31,0.0
Washout,RMNI,2021-11-30,-25.001917354966057,-32.73993774613786,62,-7.738020391171805
Zone-Retest,MRLN,2026-07-02,-7.167780207994884,-21.960406083995693,26,-14.792625876000809
P55,YDES,2025-12-09,-24.64717123406978,-50.48390251846614,62,-25.836731284396357
Zone-Retest,PAL,2025-04-29,-21.51658101566161,-10.58008324315281,62,10.936497772508801
Washout,FBLA,2025-06-27,35.767120760140905,9.20553964427025,62,-26.561581115870656
Zone-Retest,ALDX,2025-10-03,-6.819845977302713,-3.6529545234387397,62,3.1668914538639736
P55,JILL,2025-09-05,-10.144163684051405,-11.550504876488093,62,-1.4063411924366882
Washout,UPLD,2023-03-07,-13.0612893699175,-43.585451313530584,62,-30.524161943613084
G3-gap,CLAR,2023-05-25,-30.987688421496202,-8.544289299994972,62,22.44339912150123
Zone-Retest,POWW,2021-10-29,-11.174552280490152,-32.924106167481455,62,-21.7495538869913
G3→G3,KLXE,2023-03-27,-52.12892507702188,-19.608323705131653,62,32.52060137189023
Zone-Retest,MMC,2026-01-06,-2.3080260341587335,-2.3080260341587335,6,0.0
Parabola,CZWI,2026-06-24,1.0031854024096512,-9.33363646353001,32,-10.33682186593966
Atomic,UWMC,2025-11-19,2.9018350730417417,-4.101687698912565,62,-7.003522771954307
Parabola,SFIX,2026-01-13,-6.980531779184757,-41.64824088460438,62,-34.66770910541962
Spring,BOC,2025-11-20,21.7545218579897,-1.4307649367372886,62,-23.18528679472699
Zone-Retest,JYNT,2026-06-26,-3.0072109298091956,-9.938246047414784,30,-6.931035117605589
Zone-Retest,JELD,2025-04-21,-1.2748751872191764,-18.241612581128315,62,-16.96673739390914
Parabola,JELD,2025-09-11,-20.04863306306363,-58.50360882726543,62,-38.454975764201805
RTB-Base,NSTS,2026-05-13,-0.8095868414737581,0.35569659733592507,60,1.1652834388096833
Parabola,ARTNA,2025-06-20,-4.648860301433294,-3.904153971906105,62,0.7447063295271894
RTB-Base,DRE,2022-09-19,-9.853924413567267,-9.853924413567267,10,0.0
P55,GEVO,2021-10-29,-24.78014245348175,-53.711485409330294,62,-28.931342955848542
Zone-Retest,CLAR,2023-11-21,16.27767508968208,13.19349826611434,62,-3.0841768235677414
Zone-Retest,ORMP,2022-07-08,-26.123109301564902,21.73613631277223,62,47.859245614337134
Parabola,ARAY,2021-11-10,-11.995518435633262,-32.94311801528476,62,-20.9475995796515
RTB-Base,PROK,2023-04-06,-47.436080736507506,21.02639531939768,62,68.46247605590519
Zone-Retest,PRQR,2021-08-05,-1.145963681596268,37.440224832243146,62,38.58618851383942
Parabola,CEPT,2026-06-05,-6.126367183836562,-6.126367183836562,18,0.0
Zone-Retest,OSG,2026-01-27,1.824697528175806,-25.13976576052453,62,-26.964463288700337
Parabola,FIP,2026-04-29,-9.167468468700152,-27.789624045281986,62,-18.622155576581832
P55,CZWI,2025-10-31,48.92126489752549,15.957889447879465,62,-32.96337544964602
G3→L46 🕐,AFCG,2024-07-12,-40.358734517271714,15.153235622756306,62,55.51197014002802
G3→L46 🕐,JRVR,2025-12-24,-2.8356540585946552,-2.201684378194618,62,0.6339696804000372
QZ-Capit-Rev,VSCO,2026-03-06,7.94145133973681,7.94145133973681,60,0.0
G3-gap,ACH,2021-11-02,-30.936438217409997,-9.715630442443318,62,21.22080777496668
RTB-Base,CGABL,2022-09-30,0.2163946928544437,-7.239394627186163,62,-7.455789320040607
Zone-Retest,QTRX,2026-02-03,-23.62356827354389,-48.31934902989028,62,-24.695780756346394
Parabola,DAY,2025-12-29,0.6525533953404996,0.6525533953404996,25,0.0
Zone-Retest,CTKB,2026-02-02,0.6987269096355333,-9.086595107339008,62,-9.785322016974542
G3→L46 🕐,JILL,2025-06-11,14.620373175868378,27.245114225213925,62,12.624741049345547
Zone-Retest-E,HCAT,2025-02-14,-9.19552262515319,-24.263829256115837,62,-15.068306630962647
Zone-Retest-E,CLVT,2025-01-17,-2.428365397639981,-32.80915080867072,62,-30.380785411030743
Washout,BHFAN,2022-06-30,-25.981636749784602,3.2701099631236072,62,29.251746712908208
Zone-Retest,IMRX,2026-05-22,-14.135449205157208,-24.9706154874533,53,-10.835166282296093
G3→L46 🕐,PACB,2023-12-18,-44.30704030161653,-54.313582212887546,62,-10.006541911271015
G3→L46 🕐,PSEC,2024-10-31,0.46978323458935506,-17.422453554735345,62,-17.8922367893247
Atomic,RZLV,2025-09-18,-27.948402826176803,-56.71443598590636,62,-28.76603315972956
Zone-Retest,MVIS,2021-12-03,-27.805145688927162,-57.91779593880341,62,-30.112650249876246
Parabola,BTCS,2025-10-07,-6.105020956936685,-50.22488766849725,62,-44.11986671156057
Zone-Retest,VSCO,2026-05-20,21.607628547073837,21.607628547073837,8,0.0
Zone-Retest,LFMD,2025-09-03,-18.646239380766268,-37.966851957835615,62,-19.320612577069348
Parabola,PRA,2026-04-29,0.9129804281432121,0.9129804281432121,40,0.0
Parabola,NUVL,2026-05-29,12.372125902055991,12.372125902055991,31,0.0
G3→L46 🕐,NREF,2021-08-19,-25.237977789413442,5.398993582796546,62,30.636971372209988
Atomic,FGI,2025-10-20,-18.09126991331184,6.797017490293494,62,24.888287403605336
G3→G3,ATER,2022-09-16,-80.3521106271627,-55.81994336082084,62,24.532167266341865
Washout,FWDI,2025-11-24,-37.80509371410864,-49.364109869678245,62,-11.559016155569608
RTB-Base,TRON,2025-08-18,-24.755844855904556,-60.14999999999999,62,-35.394155144095436
P55,CHOW,2025-11-10,22.823434584964637,-49.48914917098037,62,-72.31258375594501
RTB-Base,DFDV,2025-11-06,-43.06049301753585,-60.14999999999999,62,-17.089506982464144
Parabola,OBT,2026-07-01,1.5573951436084479,5.299047435411436,27,3.7416522918029878
Washout,STIM,2021-08-05,-36.097551144474075,-31.239281570601847,62,4.858269573872228
G3→L46 🕐,PCAP,2026-06-24,-0.00838363077950142,0.18587750669714645,28,0.19426113747664786
Atomic,XPON,2024-09-26,-33.79708720980227,-51.0719461296487,62,-17.27485891984643
P55,HUMA,2025-01-03,-0.8836947794682302,-60.8327575401031,62,-59.949062760634874
Parabola,PRTS,2023-02-03,-29.551672139677816,-41.083669917658725,62,-11.531997777980909
G3-gap,RCKT,2025-03-13,-39.80721884675838,-73.96351006557438,62,-34.156291218816
Parabola,KEN,2026-04-13,-19.80878642546509,-20.391144965419432,62,-0.5823585399543418
Washout,SLQT,2021-12-03,-41.079123556045246,-69.8075825916298,62,-28.72845903558455
Zone-Retest,TIGR,2026-05-14,-23.506555380995803,-26.56007907099596,59,-3.0535236900001586
Zone-Retest,INV,2026-06-30,-2.0618381251651883,-32.80004454103159,28,-30.7382064158664
P55,FINW,2021-12-20,14.752273455488401,25.780507224238242,62,11.02823376874984
G3→L46 🕐,KDK,2026-06-17,-15.302313266327555,-25.470700085097725,36,-10.16838681877017
Parabola,BORR,2026-04-30,-17.89165831187965,-37.43819495064092,62,-19.54653663876127
P55,CNDT,2022-06-01,1.395794515773502,-20.458216919903155,62,-21.854011435676657
P55,RPAY,2025-08-07,-2.5520360436788456,-18.693237774916575,62,-16.14120173123773
G3→L46 🕐,CEPV,2026-02-04,1.7519416081357264,-0.10437372317259595,62,-1.8563153313083223
Atomic,CHY,2026-02-04,6.226937140977845,5.803124642408203,62,-0.4238124985696423
RTB-Base,VECA,2026-05-27,0.20451872696004028,0.5070951653328106,36,0.3025764383727704
Washout,CURI,2021-12-22,-10.488573771995064,-35.451129937746444,62,-24.96255616575138
Zone-Retest,NMRA,2024-12-05,8.628250917559926,-80.85725361084786,62,-89.48550452840779
G3→L46 🕐,TDAC,2025-02-18,7.979514020677275,2.0942360435370952,62,-5.88527797714018
Washout,ASIC,2025-09-26,23.993681385138803,8.913209309746733,62,-15.08047207539207
Parabola,VSH,2026-04-07,246.94585327418622,246.94585327418622,52,0.0
Zone-Retest,GETY,2022-11-15,-21.336921907215515,-7.007271344891058,62,14.329650562324456
Parabola,SRFM,2025-10-09,-3.5035258609412203,-56.22302059388635,62,-52.71949473294514
Zone-Retest,PLUG,2023-10-25,-4.183738695036871,-55.0960250467087,62,-50.912286351671824
Washout,DOGZ,2025-07-07,14.789153136421113,34.43514054476094,62,19.645987408339828
Parabola,PRQR,2021-09-08,-16.224164615146247,-5.464442129908592,62,10.759722485237655
P55,CERS,2022-06-02,4.257703797001594,-14.179370881437176,62,-18.43707467843877
G3-gap,DH,2024-04-16,-26.22379942924415,-21.80816895199284,62,4.415630477251309
G3→G3,GLBS,2021-06-23,4.419044354073792,-46.54420830946398,62,-50.96325266353777
Atomic,KNDI,2021-08-02,-3.1151012203499304,-19.819368128258734,62,-16.704266907908803
Zone-Retest,OCCI,2025-04-09,-14.492533023207683,4.208512398626124,62,18.701045421833808
P55,NPWR,2024-12-26,-31.97639833353419,-53.59913663986779,62,-21.6227383063336
Zone-Retest,DOUG,2022-02-25,-23.28687741768643,-29.320991713868054,62,-6.034114296181624
Zone-Retest,TPGXL,2025-12-31,-6.23703256886467,0.061274089267865504,62,6.298306658132535
D+L1,SEM,2026-06-23,-0.7213384085512029,-0.7213384085512029,6,0.0
Zone-Retest,PLRX,2025-01-16,-38.466157801362996,-76.2366234351882,62,-37.77046563382521
Zone-Retest-E,SEMR,2026-03-05,0.2861019242301589,0.2861019242301589,37,0.0
Washout,EARN,2025-03-25,-13.361078391019326,-1.674649342681328,62,11.686429048337999
Zone-Retest,NRDY,2023-08-04,1.4868091997192914,-39.009106965793855,62,-40.495916165513144
D+L1,FIP,2026-04-10,-5.467624302917168,-17.648982579734845,62,-12.181358276817678
Zone-Retest,LPRO,2024-04-01,-17.553894158761867,-12.281802296555172,62,5.272091862206695
Parabola,OABI,2023-07-14,7.118815652023952,5.113791060397338,62,-2.005024591626614
Zone-Retest,IMRX,2026-02-19,2.895431852221658,-2.8958811782326563,62,-5.791313030454314
Parabola,CRBU,2024-02-01,-18.95134709369119,-41.78344355447505,62,-22.83209646078386
G3→G3,PPIH,2025-12-15,-29.75483402362314,-13.784858789206183,62,15.969975234416957
Zone-Retest,PETZ,2022-02-25,-37.26027991043048,-52.84055414600194,62,-15.580274235571466
Parabola,RTAC,2025-07-17,-15.723793780873413,-8.580037870024254,62,7.143755910849158
Zone-Retest,DFDV,2025-12-23,-7.103565967807052,-37.99645315636123,62,-30.892887188554177
D+L1,GRAB,2025-10-21,-10.847334280269743,-20.867515276381216,62,-10.020180996111472
QZ-Capit-Rev,VSCO,2026-03-17,17.461002151869792,17.461002151869792,53,0.0
P55,NA,2025-08-25,11.177261980592329,-5.65572608520169,62,-16.83298806579402
Zone-Retest,IPOD,2022-04-12,-0.5966541020975988,-1.883128750877655,62,-1.2864746487800562
G3→L46 🕐,STIM,2021-08-04,-32.730912997081205,-30.174101314335772,62,2.5568116827454332
G3-gap,SMRT,2022-03-28,1.697229156265606,-6.8354264058457845,62,-8.53265556211139
Atomic,INTS,2025-11-05,-14.324093651037712,-37.1136109113579,62,-22.78951726032019
Parabola,VBNK,2026-04-21,19.162556588845543,17.526592455948837,62,-1.6359641328967065
Zone-Retest,IPOD,2022-04-04,-0.29977533699451764,-1.4908316948037346,62,-1.191056357809217
Zone-Retest,GTM,2026-03-18,4.372592194896568,-52.59568156430864,62,-56.96827375920521
G3→L46 🕐,TKNO,2025-06-27,-0.49710779680282574,11.73750471131248,62,12.234612508115307
D+L1,QTRX,2026-01-29,-25.112855118519832,-50.22488766849725,62,-25.11203254997742
Parabola,CVGW,2026-04-24,-6.035391565830456,-6.035391565830456,23,0.0
Zone-Retest,VTOL,2026-03-18,-3.4387108071257053,-3.4387108071257053,53,0.0
P55,OABI,2024-03-21,-6.7586185407203905,-27.00796480105017,62,-20.24934626032978
Atomic,FFIC,2026-01-29,-0.1705193827381822,5.581370581667949,62,5.751889964406131
RTB-Base,UEIC,2023-03-13,-9.435008657226945,-4.6549447105936945,62,4.78006394663325
Zone-Retest,TARA,2026-03-20,-4.067708343145665,-23.472563324824076,62,-19.40485498167841
G3-gap,RIME,2025-01-15,-53.047508860384326,-62.57385538300323,62,-9.526346522618901
P55,NVA,2026-05-29,-15.9058885983615,-17.495400134241486,39,-1.5895115358799856
P55,DDD,2024-02-15,-7.2110841479129215,-28.12688712832391,62,-20.91580298041099
Zone-Retest,AHT,2023-09-15,-51.45978443994784,-24.644883117020594,62,26.814901322927245
Zone-Retest-E,BNC,2025-10-24,-19.93613057277837,-29.305110521877868,62,-9.368979949099497
G3→L46 🕐,INMB,2024-06-27,-29.938694267306172,-32.70499336746859,62,-2.766299100162417
RTB-Base,BRLT,2022-01-18,-51.68373835350869,-32.4755376675247,62,19.20820068598399
G3→L46 🕐,SSP,2024-01-02,-34.93137224542933,-52.879134146880936,62,-17.947761901451607
Zone-Retest,OABI,2023-12-14,-3.0229632823492167,-4.47533018653839,62,-1.452366904189173
Zone-Retest,RCKT,2025-03-06,-41.99547354791988,-74.91313003022938,62,-32.9176564823095
G3-gap,THR,2026-03-09,38.56489970225304,38.56489970225304,58,0.0
Washout,GLIBA,2026-06-18,6.620054776303102,19.728747033183776,35,13.108692256880673
Zone-Retest,DOMO,2025-12-12,-43.922595771545765,-59.50843764539798,62,-15.585841873852218
RTB-Base,CPZ,2025-12-29,-12.209135017150825,-9.786892370339379,62,2.422242646811446
Zone-Retest,SFIX,2025-08-18,4.998399849205764,-9.469693928495031,62,-14.468093777700796
HighBase-15mDip,SEE,2026-01-20,0.7293616861380916,0.7293616861380916,55,0.0
Parabola,CTRA,2026-03-17,-0.6664224287803164,-0.6664224287803164,36,0.0
Zone-Retest,ATVI,2023-08-31,2.460559563354142,2.460559563354142,30,0.0
D+L1,SOC,2026-04-06,-69.40610908417926,-73.18167463524497,62,-3.7755655510657107
RTB-Base,ADAMO,2026-04-14,-0.5861135478265664,2.6045122300163035,62,3.19062577784287
P55,CERS,2022-08-11,-9.475201387108529,-32.683631984455744,62,-23.208430597347217
Parabola,HCIC,2022-08-17,-0.6032714605902765,0.6107130337927926,62,1.213984494383069
P55,STEX,2025-09-17,-15.842498987368009,-32.48420309786893,62,-16.641704110500918
Zone-Retest,KNDI,2021-08-24,4.349121762700064,-14.448592596934567,62,-18.797714359634632
Zone-Retest,BLNK,2023-06-02,-22.37500802237347,-41.81875601678009,62,-19.44374799440662
G3→G3,FUNC,2025-06-27,49.22460030689751,25.313977946124293,62,-23.910622360773214
Parabola,CPRX,2026-05-05,8.460831593714763,8.460831593714763,48,0.0
G3→L46 🕐,ARBB,2026-05-05,-0.29977533699451764,-21.839677549489295,62,-21.539902212494777
RTB-Base,RNA,2026-03-10,-16.200350924355707,-20.647122063194008,62,-4.446771138838301
Zone-Retest,RTAC,2025-09-04,-2.368235734909879,0.35837115325128577,62,2.726606888161165
Atomic,ISOU,2026-02-04,-1.0449262673154545,-3.5287627017185743,62,-2.48383643440312
Zone-Retest,TLS,2025-11-06,-23.228345444795767,-30.180879606516147,62,-6.952534161720379
Zone-Retest,LUCK,2025-04-11,-15.254820247106831,12.856166426036625,62,28.110986673143458
G3→L46 🕐,ASUR,2023-08-22,-32.95947403426378,-38.31770585178452,62,-5.358231817520739
RTB-Base,RMNI,2025-07-10,6.681278505969851,0.3348659214568007,62,-6.34641258451305
Zone-Retest,CING,2026-02-05,-22.806731515105188,-22.806731515105188,62,0.0
Zone-Retest,AZ,2025-10-28,-12.24422425501534,3.8606506906307123,62,16.104874945646053
Atomic,ARQ,2024-06-28,23.362210675583245,-8.354919511489085,62,-31.71713018707233
Zone-Retest,DFDV,2025-11-12,-39.20402451208591,-58.18640739132553,62,-18.982382879239623
Washout,ASUR,2024-11-01,-1.5479031452820755,45.256889665501745,62,46.80479281078382
Zone-Retest,VFF,2022-02-09,1.3674825887328548,-29.01366183563246,62,-30.381144424365313
RTB-Base,GETY,2022-09-22,-35.6217923115327,-35.24735396904643,62,0.37443834248627184
G3→L46 🕐,IPCX,2025-12-17,2.5615453302259947,0.3908882723345832,62,-2.1706570578914115
G3→G3,BOC,2025-04-07,10.721220762674971,3.5208366442242287,62,-7.200384118450742
G3→L46 🕐,PDLB,2022-05-06,97.05419370943584,-7.58884173739392,62,-104.64303544682976
Zone-Retest,TMUSL,2025-11-05,-7.369171243135303,-0.14001497753370326,62,7.229156265601599
Atomic,FFIC,2026-04-30,-2.5705321834052555,-2.5705321834052555,22,0.0
G3+RL,TACO,2025-06-06,1.7340313729212131,-0.49347121412936495,62,-2.2275025870505782
Washout,SNBR,2026-03-05,-4.625416838640967,-56.6773029084532,62,-52.051886069812234
Zone-Retest,NCDL,2026-02-26,-9.363449143613927,-3.5207503261237285,62,5.842698817490199
Atomic,SLBT,2026-07-02,35.78246493895519,-39.55906821585805,26,-75.34153315481323
Zone-Retest,NMRA,2024-10-31,-13.252431738271092,-84.73797845924052,62,-71.48554672096944
G3→G3,TNYA,2024-02-16,-10.545276650242036,-26.347660031691593,62,-15.802383381449557
Atomic,GSM,2024-07-24,-9.792578385942225,-21.0433079254358,62,-11.250729539493577
Zone-Retest,PNNT,2026-02-19,-1.0783345936261344,-20.931595637732475,62,-19.85326104410634
RTB-Base,RVP,2021-05-28,-23.186793124919376,37.284297991215404,62,60.47109111613478
P55,PTLO,2026-04-06,3.1308833765626263,-10.23062950781784,62,-13.361512884380467
RTB-Base,CMPX,2026-03-24,1.1094012207495232,-64.51796418275812,62,-65.62736540350764
Zone-Retest,FFIC,2026-03-19,5.722719365092171,5.722719365092171,51,0.0
G3-gap,AGNCO,2024-10-30,0.49268676350554,0.5323098685305285,62,0.0396231050249885
Parabola,VLGEA,2025-10-07,22.668260858642892,-4.854734438292802,62,-27.522995296935694
Atomic,BLDP,2023-02-13,-16.644787802089418,-28.944005102556865,62,-12.299217300467447
G3+RL,CTLT,2024-10-24,6.379281707690537,6.379281707690537,38,0.0
Zone-Retest,BALY,2025-05-07,28.683450943309403,-20.510630458274697,62,-49.1940814015841
Zone-Retest-E,CTLT,2024-11-22,5.667900861562397,5.667900861562397,17,0.0
Zone-Retest,LPRO,2024-08-14,-2.3799883508071327,11.425061649949303,62,13.805050000756435
QZ-Capit-Rev,COFS,2026-01-14,24.012526109533223,9.562421237897128,62,-14.450104871636094
G3→L46 🕐,TIGR,2026-03-27,-18.513497099627436,-25.18102024487698,62,-6.667523145249543
Zone-Retest,CXAI,2023-08-03,-21.777530214649538,-55.48764879745908,62,-33.71011858280954
Parabola,HTZ,2026-04-09,-15.519826332528014,-45.42471773913668,62,-29.90489140660867
Atomic,CHY,2025-09-11,11.835730073343958,3.091027645305938,62,-8.744702428038021
Parabola,STEL,2026-04-09,5.532660397022232,5.532660397022232,57,0.0
Parabola,DOGZ,2025-10-20,-23.88485532132489,-25.027152642503275,62,-1.1422973211783862
QZ-Capit-Rev,PPIH,2026-03-19,-18.41917833257161,-6.140204263724219,62,12.278974068847393
RTB-Base,PLYX,2026-03-18,-4.301059385420975,-33.364931700809436,62,-29.063872315388462
Zone-Retest,NOA,2025-08-21,4.654034258689471,4.112211334161536,62,-0.5418229245279349
P55,IMDX,2026-05-14,5.734058901900579,-6.1389697617316665,59,-11.873028663632246
Atomic,REAX,2025-02-04,0.09962556165750715,-12.681203195207196,62,-12.780828756864704
Parabola,ARQ,2024-11-19,-4.084947252324139,-26.143362896831242,62,-22.058415644507104
G3→L46 🕐,OGEN,2025-02-04,-11.02748542475544,-11.02748542475544,62,0.0
G3→L46 🕐,MCGA,2026-07-15,-0.49498594239626975,-0.29977533699450654,18,0.19521060540176322
G3→L46 🕐,TCPC,2025-12-15,-17.104633409363096,-40.76195788017321,62,-23.657324470810117
Zone-Retest,DBI,2026-06-22,-3.116866314947636,2.360810586627898,34,5.477676901575534
Washout,EAF,2026-02-12,1.9278543470882703,20.142002940471176,62,18.214148593382905
Atomic,RAAQ,2026-06-24,23.010846964846838,23.010846964846838,6,0.0
P55,DXYZ,2026-04-14,36.481987186214766,36.481987186214766,38,0.0
RTB-Base,PLMK,2025-02-13,6.310169324749087,1.6030875201740902,62,-4.707081804574997
Zone-Retest,VFS,2024-02-27,-4.08915767714651,-53.313234275721136,62,-49.22407659857463
G3→L46 🕐,ESOA,2026-05-14,-15.886723553167908,-8.444834743190382,59,7.4418888099775256
Atomic,MRO,2024-10-24,7.141076933714957,7.141076933714957,21,0.0
RTB-Base,BREZ,2026-06-26,-0.40032944038122503,0.0018869731656380364,19,0.40221641354686305
Zone-Retest,HCIC,2021-11-22,0.10777660040549043,-0.6054392900445458,62,-0.7132158904500362
Parabola,SEMR,2026-03-17,0.37036039899880924,0.37036039899880924,29,0.0
Zone-Retest,IPSC,2022-08-25,-24.350655538431482,-10.632102932557691,62,13.718552605873791
Zone-Retest,QSI,2021-12-08,-22.142011982026972,-37.431577633549686,62,-15.289565651522715
P55,SLND,2023-03-06,9.828230744575245,1.6066728665950658,62,-8.22155787798018
G3→G3,TMC,2026-04-20,-2.582066186434645,-29.01860185911608,62,-26.436535672681437
Parabola,BGS,2026-04-22,-5.702119581821302,-32.15497760821456,62,-26.45285802639326
Parabola,DRE,2022-07-27,-20.176905470972667,-20.176905470972667,47,0.0
Atomic,WOOF,2023-08-14,-25.859185869578198,-49.73336054287065,62,-23.87417467329245
Washout,HRZN,2026-03-03,1.5308121151606016,-27.092918954900995,62,-28.623731070061595
Zone-Retest,DNUT,2025-02-14,-40.87569012093551,-65.76975218989698,62,-24.894062068961468
G3→L46 🕐,FTCI,2025-11-18,-42.80501959375162,-8.77962456527524,62,34.025395028476375
Zone-Retest,DH,2024-03-25,-32.49691044373388,-28.71668000610051,62,3.780230437633371
Parabola,EVTL,2025-12-17,-10.67154163121516,-35.28251249885735,62,-24.61097086764219
Zone-Retest,GIG,2026-02-10,0.6413200886700001,-45.56646531145789,62,-46.20778540012789
Zone-Retest,DH,2025-02-10,-1.063448183365495,-56.7733823261284,62,-55.709934142762904
G3→L46 🕐,BACC,2026-06-03,1.7087061935831926,0.08279257359172244,46,-1.62591361999147
Washout,CHY,2026-04-08,8.345265759369585,16.12580274609728,62,7.780536986727693
Parabola,COFS,2025-12-19,6.661460369358801,-14.719477871583548,62,-21.38093824094235
Atomic,MVST,2022-03-31,-23.00624042071005,-60.14999999999999,62,-37.14375957928994
Zone-Retest,PRTS,2023-07-31,0.5022344996561015,-32.38016880302039,62,-32.882403302676494
Zone-Retest,KOPN,2026-06-15,-1.9921520261979964,-19.85612819001254,38,-17.863976163814545
Atomic,SKYQ,2026-04-22,-34.81876251747669,-60.14999999999999,62,-25.3312374825233
Zone-Retest,MTAL,2025-07-31,-16.113533969361054,-16.361917612801374,62,-0.24838364344032016
P55,EVEX,2025-12-04,3.611882948772732,-37.56346742772439,62,-41.17535037649712
G3→L46 🕐,RILYZ,2024-08-14,94.64762392339635,23.25770281703195,62,-71.3899211063644
Zone-Retest,ACTG,2022-06-30,-0.09967468636724029,-19.90963909846653,62,-19.80996441209929
Washout,FLL,2023-06-23,-19.62562527176977,-26.22862399948465,62,-6.60299872771488
Zone-Retest,BUR,2026-05-01,2.7017344224144644,-15.907626085921217,62,-18.609360508335683
Parabola,BTE,2026-05-05,-0.29977533699450654,-14.058664562211803,62,-13.758889225217295
P55,KLXE,2023-09-27,-46.649349119556746,-1.6240488736391556,62,45.02530024591759
🎯Confluence≥3,MMC,2025-11-10,1.8439396507385741,1.8439396507385741,44,0.0
RTB-Base🧱OB,FWDI,2025-11-21,-35.33045594859951,-47.34828068396765,62,-12.017824735368144
G3→G3,SPWH,2023-08-23,-4.437712575281222,-12.533676737146532,62,-8.09596416186531
P55,UONEK,2021-05-28,-88.65446411892637,42.16473420769145,62,130.81919832661782
Zone-Retest,FBLA,2025-11-18,26.420707319302732,9.958242772543763,62,-16.46246454675897
G3→L46 🕐,GUTS,2024-03-15,-18.81303887633595,-7.583682303292788,62,11.22935657304316
RTB-Base,EPM,2024-04-04,-12.621037034192312,-15.98138113342807,62,-3.360344099235757
Atomic,VSCO,2026-03-27,23.439405042197354,23.439405042197354,45,0.0
Parabola,RXRX,2025-10-09,-18.83874213110302,-21.115457351432127,62,-2.2767152203291054
G3→L46 🕐,AOMR,2025-03-04,-5.0295228210316125,-4.398889823160007,62,0.6306329978716052
Washout,NINE,2023-03-28,104.08909590160214,-39.150590024054836,62,-143.23968592565697
G3→G3,GETY,2024-03-14,-9.584094472326615,-37.437051878322876,62,-27.85295740599626
Parabola,CHY,2025-07-18,14.49961752248115,5.181481277626082,62,-9.318136244855069
Parabola,FIP,2026-01-29,-14.77805791313031,-7.289291063404896,62,7.488766849725414
Parabola,TMQ,2026-01-07,0.09026460309534147,-26.04241138292563,62,-26.13267598602097
Parabola,DRE,2022-07-18,-16.797370475288105,-16.797370475288105,54,0.0
Zone-Retest,HYLN,2026-05-22,21.11332645553812,-21.107724252781672,53,-42.221050708319794
Atomic,THR,2026-03-27,20.642297900596667,20.642297900596667,44,0.0
P55,AMPY,2026-04-23,-12.759422088704026,-29.199233774987437,62,-16.439811686283413
D+L1,EVGO,2024-11-21,-16.775062406390422,-52.55472624396737,62,-35.77966383757695
Zone-Retest,TARA,2026-04-30,-2.219971965129247,-26.990508468067137,62,-24.77053650293789
Parabola,SLDP,2026-01-16,-9.233742806842377,-43.042678526070546,62,-33.80893571922817
Zone-Retest,SJT,2025-02-26,16.09668260766744,43.42411251543737,62,27.327429907769933
Zone-Retest,RC,2025-02-12,-22.48871415099573,-35.40693195366768,62,-12.91821780267195
G3-gap,LPRO,2024-08-09,2.683797113095304,26.35347188380777,62,23.66967477071247
Zone-Retest,HLLY,2022-09-15,-11.76667392903578,-52.69468121139845,62,-40.92800728236267
G3-gap,EVGO,2024-11-07,-25.374271216493653,-54.03083793592124,62,-28.656566719427587
Washout,DH,2024-05-13,-3.8260843864315,-27.953462093105692,62,-24.127377706674192
Zone-Retest,NAGE,2025-12-19,-22.316439781321822,-27.8981293587569,62,-5.581689577435078
Atomic,PKBK,2026-04-06,16.018160211045302,16.159441038301054,62,0.14128082725575197
RTB-Base,WAFDP,2024-01-31,-1.7654667081946018,-4.757919924394765,62,-2.992453216200164
Atomic,RXRX,2025-08-04,-14.22037464457359,0.7313801672706179,62,14.951754811844209
G3→L46 🕐,DLPN,2022-03-24,-9.077817065610366,-32.22990212483472,62,-23.152085059224355
L43-TRIPLE,NCDL,2026-04-01,-4.859864337352243,-2.501197613029266,62,2.358666724322977
P55,PTLO,2026-04-15,2.3891894205370576,-19.12252863971548,62,-21.511718060252537
Zone-Retest,KNDI,2021-07-29,-5.429695136194806,-18.071283212795493,62,-12.641588076600687
Parabola,ATLX,2025-10-21,-16.199492640020868,-13.178546352445869,62,3.020946287574999
Zone-Retest,JSPR,2025-01-23,14.686177437048459,-26.56728806453053,62,-41.25346550157899
Atomic,GPUS,2025-05-13,-22.697437888030475,-42.465181352428665,62,-19.76774346439819
Zone-Retest,AVXL,2026-01-22,-5.9516748462212385,-34.21117239235487,62,-28.25949754613363
Zone-Retest,ALXO,2024-06-07,-40.2838036948977,-64.99920583920598,62,-24.715402144308285
Zone-Retest,CEPF,2026-01-09,0.5761038267160736,-1.3702943148629796,62,-1.9463981415790532
Zone-Retest,PLRX,2025-02-03,-26.070642845255925,-71.43117347787842,62,-45.36053063262249
Zone-Retest,JRVR,2024-05-15,-23.610626787658713,-6.781937237713959,62,16.828689549944755
Zone-Retest-E,TLS,2025-11-11,-34.839161226713394,-37.351116564147496,62,-2.5119553374341024
Atomic,INAB,2025-02-13,-0.29977533699451764,-50.68858840222637,62,-50.38881306523186
Zone-Retest,NPWR,2025-01-17,-25.50468641697649,-56.20297555285195,62,-30.698289135875463
G3→G3,GRAB,2025-10-28,-18.731197225029245,-24.981853343580145,62,-6.2506561185509
Washout,DXLG,2023-02-23,-14.850813101955113,-32.077903789207305,62,-17.227090687252193
Washout,PRTS,2023-03-31,-4.491960341929863,-16.4968537651538,62,-12.004893423223939
Zone-Retest,KLXE,2023-06-12,-40.59488822322072,28.9896238974871,62,69.58451212070781
Parabola,CVGW,2026-04-15,-5.762595599354609,-5.762595599354609,30,0.0
G3→L46 🕐,GRAB,2025-11-18,-4.444501643760773,-16.3134906131369,62,-11.868988969376126
Zone-Retest,PLUG,2023-10-09,-8.774717245119994,-34.66181252812141,62,-25.887095283001415
RTB-Base,HAIN,2024-11-11,-31.59611441047386,-52.1893764847979,62,-20.593262074324038
Parabola,MXCT,2022-09-15,-15.839379837528494,-12.863710890617725,62,2.975668946910769
G3→L46 🕐,GTBP,2024-05-20,-35.887419511758004,-51.044171563168064,62,-15.15675205141006
Washout,MMC,2025-10-20,-4.085565845544487,-4.085565845544487,59,0.0
Parabola,LC,2026-06-01,9.897206871849434,9.897206871849434,14,0.0
Parabola,ACRE,2025-12-15,-3.4607694138494347,-10.154639223659872,62,-6.693869809810438
D+L1,ERNA,2026-05-14,-39.38644447858127,-48.9447565830741,59,-9.558312104492835
Washout,ALCO,2022-07-11,14.729964038532179,-19.918118872873976,62,-34.648082911406156
Zone-Retest,DRE,2022-09-08,-18.976432302970743,-18.976432302970743,17,0.0
Atomic,NPWR,2025-02-13,-13.977888304529513,-59.016183912176565,62,-45.03829560764705
G3→G3,DXST,2026-03-13,20.991816686734584,-41.487993010484274,62,-62.479809697218855
Zone-Retest,VFS,2024-01-22,-16.749565232053072,-55.57106938439128,62,-38.82150415233821
G3-gap,MDXG,2026-01-21,-2.3375350239946133,-39.94346379317851,62,-37.6059287691839
Zone-Retest,GAMB,2025-11-11,-23.708945229045003,-33.10151339560848,62,-9.392568166563475
RTB-Base,NPWR,2024-12-20,-22.13849414716708,-46.88153741766155,62,-24.743043270494468
P55,BMBL,2025-09-05,-17.39950800099546,-44.11784028849693,62,-26.718332287501468
Zone-Retest,LEDS,2021-11-04,-1.4387512837208125,-56.48925537549189,62,-55.050504091771074
Zone-Retest,GRNT,2026-05-12,-6.294535541902918,-8.729906875146948,61,-2.4353713332440305
Zone-Retest,SLMT,2026-01-05,-56.157452236279724,-56.508145708266866,62,-0.3506934719871424
RTB-Base,VNTG,2025-08-27,13.558440897372797,-60.35204568591951,62,-73.91048658329231
Zone-Retest,RXRX,2025-10-03,-10.998013693745095,-27.223675201483484,62,-16.225661507738387
Atomic,AQMS,2025-10-20,-59.37141979473056,-60.14999999999999,62,-0.778580205269428
Zone-Retest,EVGO,2024-11-19,-7.5111804515449245,-47.266362493297095,62,-39.75518204175217
P55,BYND,2024-10-03,-23.51722879207026,-43.092728763996874,62,-19.575499971926615
G3→G3,MVO,2022-03-08,-28.9923686309616,-15.43511829956215,62,13.55725033139945
P55,CURV,2024-01-11,16.703704949821656,-26.528548119849198,62,-43.232253069670854
P55,VUZI,2023-02-01,-2.94731917275603,-26.96432396859257,62,-24.01700479583654
P55,BNTC,2026-03-12,1.591950500937217,-11.238885617208455,62,-12.830836118145672
Zone-Retest,DDD,2023-08-31,-22.958676546451123,-19.031133670145323,62,3.9275428763058002
QZ-Capit🔑,WRK,2024-06-17,3.649900552803481,3.649900552803481,13,0.0
Zone-Retest,EDIT,2024-06-11,-5.9516748462212385,-34.022775742047315,62,-28.071100895826078
RTB-Base,ACRE,2025-02-18,3.4869597300655695,-4.4851140953240884,62,-7.972073825389658
Atomic,KNOP,2025-12-05,4.454997266005739,1.2217518959655673,62,-3.2332453700401715
Zone-Retest,CURI,2025-09-22,0.8479283947641805,-21.341010419237044,62,-22.188938814001226
Zone-Retest,CURI,2021-12-23,-16.065600283784836,-39.63471232545122,62,-23.569112041666383
P55,HAVA,2026-01-15,0.20198458593517224,1.6069123701382637,62,1.4049277842030914
Atomic,CDLX,2024-06-21,-35.84596161999276,-61.641631526751894,62,-25.795669906759137
L43-TRIPLE,CTRA,2026-04-20,3.819405661255476,3.819405661255476,13,0.0
P55,KOS,2024-05-21,-19.79053919121318,-21.707663504742886,62,-1.9171243135297047
Parabola,EVGO,2024-10-10,-34.15400718183938,-45.74611769680572,62,-11.592110514966336
G3→L46 🕐,JAGX,2026-01-16,-29.695349926488852,-58.95475166289995,62,-29.2594017364111
🧊Coil-Floor,GNE,2025-07-16,-36.49548177733401,-29.60766535382114,62,6.8878164235128665
P55,EVH,2025-09-25,-42.336512331295154,-60.14999999999999,62,-17.813487668704838
G3→G3,RCON,2022-03-09,-24.864697864707345,-27.83958656410664,62,-2.974888699399294
G3→G3,LMNR,2025-04-30,-11.992762172530675,0.4885159103450056,62,12.481278082875681
G3→L46 🕐,DMRC,2026-01-21,78.28762465330963,31.84961556812989,62,-46.43800908517974
Zone-Retest,DOUG,2022-02-10,-21.12652338060957,-22.899012575810833,62,-1.7724891952012634
Atomic,FFIC,2026-02-20,-7.208786068790923,-6.007218985000246,62,1.2015670837906773
Zone-Retest,MTAL,2025-08-07,-16.39134046863589,-16.968986396438396,62,-0.5776459278025072
Parabola,FLT,2024-01-23,4.881491957346667,4.881491957346667,43,0.0
Zone-Retest-E,TLRY,2026-06-10,-2.253791475213812,-10.851462483378654,41,-8.597671008164841
Washout,AVIR,2022-09-16,-16.818571736191863,-33.92732514964628,62,-17.108753413454416
Washout,SKYE,2024-09-11,-9.700795062755379,-47.16243427298425,62,-37.46163921022887
RTB-Base,NEGG,2026-06-03,-9.236370444333502,-14.678207688467298,46,-5.441837244133795
G3→L46 🕐,ACH,2021-09-24,-48.95142046170724,-28.731879913081976,62,20.21954054862526
RTB-Base,PNNT,2025-12-02,-13.861775291222761,-14.370350289506323,62,-0.5085749982835619
Zone-Retest,BBAI,2026-06-02,-1.4585787179965113,-36.99521573539111,47,-35.536637017394604
Zone-Retest,SLQT,2021-11-26,-39.91068863737361,-69.20740290662907,62,-29.29671426925546
Washout,TCX,2023-03-03,-49.67925802553001,41.25901580234384,62,90.93827382787384
RTB-Base🧱OB,AGNCO,2022-10-24,40.74976146890773,22.0001081710767,62,-18.749653297831028
G3→L46 🕐,PCSC,2026-03-24,-0.4813212000181531,-0.20900240548268875,62,0.27231879453546437
Zone-Retest-E,SEE,2026-02-02,0.41599688281198105,0.41599688281198105,46,0.0
G3→L46 🕐,HCMA,2026-06-12,-0.29977533699450654,-0.10513552283661341,26,0.1946398141578931
G3→L46 🕐,HBANL,2023-03-16,19.660532859900755,20.585522751952006,62,0.9249898920512507
P55,WIMI,2025-04-22,25.883172463526922,-48.227883175237146,62,-74.11105563876407
RTB-Base,AIIA,2025-12-01,0.8085520810610372,0.8085520810610372,62,0.0
Zone-Retest,VRTS,2026-04-07,12.530931418223396,12.530931418223396,59,0.0
Zone-Retest,GOGO,2025-11-24,-25.865977953411274,-36.23449345895809,62,-10.368515505546817
G3-gap,SOC,2026-05-08,-64.85410663075155,-69.18869002697504,62,-4.334583396223493
Parabola,REAX,2025-02-10,-6.458761157329423,-19.523276533797425,62,-13.064515376468002
RTB-Base,BOLD,2024-04-03,-18.904961083554532,-60.14999999999999,62,-41.24503891644546
Atomic,PLTK,2025-04-01,-3.5830515831668466,-8.797666797675824,62,-5.214615214508977
Zone-Retest,RMNI,2022-03-03,-11.374712227433509,8.489857115734829,62,19.864569343168338
P55,SHMD,2026-03-18,-26.86810996954861,-9.20454683471868,62,17.66356313482993
G3-gap,LAW,2024-08-30,0.7700484986805702,3.2663041152556858,62,2.4962556165751155
Zone-Retest,UTMD,2024-03-22,4.046646207159826,-1.7241094240991461,62,-5.7707556312589725
ppr×NS 🕐24-26,BMBL,2025-09-11,-18.27583696316343,-45.16439973171861,62,-26.88856276855518
Washout,POWW,2021-12-07,-4.5487210673351655,-15.348124798617674,62,-10.799403731282508
P55,JMG,2025-12-31,14.226929588894228,10.219562712786995,10,-4.007366876107232
Zone-Retest,TLRY,2026-03-18,-27.650054266426466,-27.650054266426466,62,0.0
Zone-Retest,TCX,2023-05-05,-53.16663867065024,11.297919261421546,62,64.46455793207178
G3→L46 🕐,FRBA,2023-07-14,57.043258526234006,-4.71718928285369,62,-61.760447809087694
QZ-Capit🔵dwell,AMWD,2026-03-04,-1.5909420352230252,-1.5909420352230252,59,0.0
Washout,DFS,2025-03-12,22.917201305121367,22.917201305121367,47,0.0
G3→L46 🕐,KFII,2026-05-04,0.4624401184482764,0.9388247781000172,50,0.47638465965174076
Zone-Retest,BOC,2026-05-15,37.956314405568534,32.007400928854196,58,-5.948913476714338
G3→L46 🕐,LRHC,2026-03-09,-12.4766320032147,-60.14999999999999,62,-47.67336799678529
G3→L46 🕐,STEL,2026-04-15,5.107663103200438,5.107663103200438,53,0.0
Zone-Retest,VTOL,2026-05-29,0.1994757863205189,0.1994757863205189,3,0.0
Parabola,DRE,2022-08-05,-21.509790379789802,-21.509790379789802,40,0.0
Zone-Retest,IPSC,2021-12-13,-39.53160908845355,-0.9247072020620082,62,38.60690188639154
HighBase-15mDip,RZLT,2025-11-24,-46.21259481581292,-87.65602478784366,62,-41.44342997203074
Zone-Retest,GETY,2023-04-04,-13.096768717076163,-18.65335794790109,62,-5.556589230824926
Zone-Retest,HCAT,2024-12-27,-29.192606303310992,-35.707656423166675,62,-6.515050119855683
Parabola,PRA,2026-05-11,0.7495802981057955,0.7495802981057955,32,0.0
Atomic,SPWR,2023-09-27,-0.29977533699451764,-27.620357980943893,62,-27.320582643949376
Parabola,FSP,2021-12-09,-21.972692318111992,-10.362201078227635,62,11.610491239884357
P55,SBEV,2025-04-22,-11.844573760515448,-56.525399999631546,62,-44.6808262391161
Zone-Retest,TLS,2025-11-24,-8.576601719994963,-31.822156667996243,62,-23.245554948001278
P55,BNKK,2026-01-23,-1.4399899742555897,-59.55835891350575,62,-58.11836893925016
G3→L46 🕐,TWLV,2022-02-10,1.139877747744983,0.3172188421795509,62,-0.8226589055654322
G3-gap,BRR,2025-12-04,4.20327401055281,-54.72793701604456,62,-58.93121102659737
Atomic,COFS,2026-03-09,23.386797036267033,12.603835409592584,62,-10.78296162667445
RTB-Base,VRA,2024-03-14,-16.01390905445111,26.708891989884027,62,42.722801044335135
Zone-Retest,PSNY,2025-12-22,4.715885098164191,34.57835568903214,62,29.862470590867954
RTB-Base,NIO,2026-05-26,-5.919863029096134,-11.35261446479437,52,-5.432751435698235
P55,KLTR,2021-08-03,-47.373171678524045,-25.28241400971753,62,22.090757668806514
Zone-Retest,SEE,2026-02-18,0.1523586641010656,0.1523586641010656,35,0.0
Parabola,CHRS,2023-09-01,-6.260982779562013,-60.14999999999999,62,-53.88901722043798
P55,ESOA,2025-10-29,34.1667661977567,-14.87099614843403,62,-49.03776234619073
Zone-Retest,COTY,2025-04-03,-8.770823277718803,-8.410353152581612,62,0.3604701251371907
Zone-Retest,TDAC,2025-03-27,7.335246807048606,2.377440220007615,62,-4.9578065870409915
Zone-Retest,CYH,2024-07-31,6.626251807260203,-23.38653248451023,62,-30.012784291770433
Parabola,MASI,2026-03-18,1.9411814097036129,1.9411814097036129,58,0.0
Zone-Retest-E,GIG,2026-03-03,0.7364062396970685,-59.64472018387513,58,-60.3811264235722
Parabola,BDTX,2024-04-18,-5.53667523190739,3.7151812491053757,62,9.251856481012766
Parabola,TBLD,2026-07-10,-0.618640105535134,1.5223090546661546,21,2.1409491602012887
RTB-Base,CCD,2022-05-27,12.132082815064688,5.586687533591822,62,-6.545395281472866
Zone-Retest,IAC,2026-05-21,3.1483955367463343,3.1483955367463343,9,0.0
G3→L46 🕐,HCIC,2022-08-04,-0.5023112896578139,0.8141724026536292,62,1.3164836923114431
G3-gap,FLWS,2025-05-13,-1.069333908578368,4.509965735404592,62,5.57929964398296
Washout,OSUR,2024-02-21,-25.887314499532003,-27.799027195583665,62,-1.9117126960516622
Zone-Retest,ARTNA,2026-03-20,1.2500064205244246,1.8825704031851853,62,0.6325639826607607
Washout,SCVL,2026-03-20,-0.24245603466214724,-0.24245603466214724,58,0.0
RTB-Base,TCPC,2025-11-06,-12.673641388175911,-15.251530148838693,62,-2.5778887606627823
Atomic,GRNT,2026-03-09,-4.13279739699472,-4.516099602994733,62,-0.3833022060000131
Parabola,IRD,2026-04-10,-8.832430899105887,-27.168563064494183,62,-18.336132165388296
Zone-Retest,DPRO,2026-06-30,-6.517554894764083,-15.112720754033775,28,-8.595165859269692
G3→L46 🕐,RNAC,2025-12-09,45.162757121301276,19.08455598724819,62,-26.078201134053085
G3→L46 🕐,FCRS,2026-06-29,0.7780975494559974,0.09217843989657871,29,-0.6859191095594187
Zone-Retest,TACO,2025-07-16,1.3402766623012377,0.5684874861620561,62,-0.7717891761391815
Washout,ASIC,2025-10-06,34.849294779803394,12.685231457746122,62,-22.164063322057274
G3→L46 🕐,TMQ,2026-01-20,-8.173269754865926,-19.983511381673008,62,-11.810241626807082
Parabola,IPOD,2022-09-19,0.19897703394958235,0.09922655976076235,62,-0.09975047418882
Parabola,AOMR,2025-08-21,-9.148536435025207,-10.757402089212603,62,-1.6088656541873956
Zone-Retest-E,ATVI,2023-10-10,-0.2574569540053028,-0.2574569540053028,3,0.0
Spring,SPOK,2025-05-02,-33.77016899744017,14.160431979995064,62,47.93060097743523
Zone-Retest,TGEN,2026-01-08,28.813729803927362,-53.02251355313271,62,-81.83624335706007
Parabola,ORGO,2025-11-24,-6.788237589464202,-27.51526978485341,62,-20.727032195389206
G3→L46 🕐,SOHU,2022-12-16,-9.913363707174478,1.3024893913687943,62,11.215853098543272
G3→L46 🕐,ASPI,2026-06-25,-31.52865218632957,-39.47284015677445,31,-7.944187970444883
RTB-Base,CTAA,2026-06-10,-0.19860996246257576,0.10488616113318318,21,0.30349612359575895
P55,INDI,2024-07-16,-29.61867786962216,-49.395107408139864,62,-19.776429538517704
Parabola,MG,2025-03-31,51.96632312297106,-24.856242072298247,62,-76.8225651952693
Zone-Retest,JHG,2026-05-18,0.12487282511378107,0.12487282511378107,30,0.0
Washout,K,2025-09-24,8.037284065461343,8.037284065461343,55,0.0
P55,CEPO,2025-07-23,-14.183557586013867,-15.152193556875687,62,-0.9686359708618202
Washout,ORMP,2022-05-02,-16.779909504675043,70.08009175557049,62,86.86000126024554
Washout,VFF,2022-01-31,14.083659948490618,-8.429543107051323,62,-22.513203055541943
Washout,QSI,2021-11-29,-25.856678078120915,-34.47470342105889,62,-8.618025342937976
Parabola,RAAQ,2026-04-17,6.93236710355028,25.082711680143337,52,18.150344576593056
Parabola,FIP,2026-02-26,-20.487223558130935,-28.096338656866966,62,-7.60911509873603
Zone-Retest,ASRT,2026-03-23,78.83400301911739,78.83400301911739,59,0.0
Atomic,COTY,2025-06-16,5.097534104249029,-15.24617071274585,62,-20.34370481699488
RTB-Base,ACH,2021-10-28,-35.57188358958608,-10.13400626243825,62,25.43787732714783
Parabola,CPRX,2026-06-12,0.08218280644063948,0.08218280644063948,21,0.0
Washout,SPWR,2023-08-09,-28.192208986989016,-46.59183958803578,62,-18.399630601046766
Atomic,RCON,2023-03-01,-57.825427157770804,-60.14999999999999,62,-2.3245728422291876
Zone-Retest,SEE,2026-01-13,0.6568735220522428,0.6568735220522428,59,0.0
Zone-Retest-E,MASI,2026-03-31,0.8792264723521739,0.8792264723521739,49,0.0
Zone-Retest,BHFAO,2025-07-28,2.667271969547219,-3.266822643536199,62,-5.934094613083418
ppr×NS 🕐24-26,EMBC,2026-04-24,1.346107487120968,-58.76153324957617,62,-60.107640736697135
Zone-Retest,NCDL,2026-01-30,-9.635061861209687,5.376078869728312,62,15.011140730938
Zone-Retest,VUZI,2026-05-22,7.671461085682379,-56.09843029573286,53,-63.76989138141524
Zone-Retest,CTLT,2024-10-10,4.13582200736407,4.13582200736407,48,0.0
RTB-Base,TBLD,2024-12-27,31.676429539980074,6.8797876448167425,62,-24.796641895163333
Atomic,RGS,2024-08-22,-9.191157764688679,-18.88276461087532,62,-9.691606846186641
G3→G3,EVEX,2025-07-02,-23.318682091366767,-40.84963756655094,62,-17.53095547518417
RTB-Base,SOCA,2025-10-08,2.6957314028956567,1.098127808287558,62,-1.5976035946080986
G3-gap,STEM,2026-05-06,-5.283058268419932,-44.96475568532598,62,-39.68169741690605
RTB-Base,CTSO,2021-07-06,-21.677964463561068,3.7966441363595447,62,25.474608599920614
P55,VSCO,2026-05-22,6.748012602547276,6.748012602547276,6,0.0
P55,MERC,2025-02-21,-22.615871393482852,-52.77121144930169,62,-30.155340055818836
P55,GPRO,2023-01-20,-9.980048464108144,-18.22620705387162,62,-8.246158589763475
Parabola,CWAN,2026-05-12,0.2726665734403889,0.2726665734403889,30,0.0
Parabola,REAX,2024-11-11,-21.82998002995509,-19.333724413379944,62,2.496255616575148
Zone-Retest,PRA,2026-04-01,0.5460716649914157,0.5460716649914157,59,0.0
Zone-Retest,WRAP,2021-08-04,-18.307953685307815,-16.69746619074321,62,1.6104874945646053
Parabola,AISP,2025-06-24,-7.743155720964018,6.23587573185676,62,13.979031452820777
RTB-Base,HLLY,2022-09-14,-10.17704576229182,-58.054869314732926,62,-47.87782355244111
RTB-Base,IDN,2025-05-27,52.732709131323766,10.058131785723907,62,-42.67457734559986
Washout,FOA,2025-09-30,12.280125663129532,0.4015431856604858,62,-11.878582477469045
L43-TRIPLE,HYLN,2021-11-29,-23.080419186035765,-38.02097132079659,62,-14.940552134760825
G3→L46 🕐,HIVE,2025-10-23,2.115955904852412,-38.3475423960833,62,-40.46349830093571
RTB-Base,JACS,2025-02-06,5.984504536900942,1.6952341467818377,62,-4.289270390119104
Washout,CHY,2025-11-21,14.920736411452623,9.511036452667183,62,-5.40969995878544
Zone-Retest,BMEA,2024-12-12,-4.391997659248831,-60.14999999999999,62,-55.75800234075116
Zone-Retest,EGAN,2026-05-14,-0.6070067974960622,12.450330273820038,59,13.0573370713161
Zone-Retest,IRWD,2026-01-21,11.908985757172081,-3.78799279247069,62,-15.696978549642772
P55,NNOX,2025-07-23,-7.341653749032889,-28.10616701529984,62,-20.76451326626695
Parabola,ENVX,2026-05-12,-27.363316971760614,-33.20334437715752,61,-5.840027405396906
Parabola,WBA,2025-06-27,4.872448767586107,4.872448767586107,43,0.0
RTB-Base,EXFY,2023-05-11,0.3794778920055254,-28.318971033246036,62,-28.69844892525156
G3→L46 🕐,IBG,2026-02-17,29.467779902915563,-45.20893741547303,62,-74.6767173183886
Washout,VRA,2024-03-15,-19.957788317523733,0.012256615077360774,62,19.970044932601095
Zone-Retest,APT,2021-09-21,-11.155974260086394,-17.99135876721831,62,-6.835384507131915
G3-gap,NNOX,2025-06-16,0.09026460309534147,-24.0922116824763,62,-24.182476285571642
P55,SURG,2024-03-13,-6.458761157329423,-23.815903014636923,62,-17.3571418573075
L43-TRIPLE,PEAK,2024-02-14,0.8221372996684742,0.8221372996684742,12,0.0
Zone-Retest,NAUT,2021-12-15,0.6927716278464948,-27.297052780669954,62,-27.989824408516448
G3→L46 🕐,ENGN,2026-03-11,29.231330639472702,-68.71837730227499,62,-97.94970794174769
Parabola,MERC,2024-06-11,-38.37052309663358,-26.972095623687757,62,11.398427472945826
Zone-Retest,EMBC,2026-05-01,0.46160981838788157,-59.122217055680096,62,-59.58382687406798
Atomic,OLPX,2023-01-26,-8.124494816548605,-38.40275715047532,62,-30.278262333926712
P55,KSCP,2025-10-02,-11.233455332299453,-40.81870708430108,62,-29.58525175200163
G3→L46 🕐,MRO,2024-10-30,9.240787188365568,9.240787188365568,17,0.0
Washout,CLOV,2021-11-22,-13.77437312888799,-60.14999999999999,62,-46.375626871112004
G3→L46 🕐,BEAG,2025-06-26,1.9934355643568102,-0.29977533699450654,62,-2.293210901351317
RTB-Base,ECBK,2022-09-16,6.622614187961756,12.845772447770926,62,6.22315825980917
P55,CTMX,2021-12-09,-13.21969258572206,-36.347939512456556,62,-23.128246926734498
G3→L46 🕐,PRE,2026-05-08,21.04321018472291,11.307813280079865,62,-9.735396904643045
RTB-Base,DOGZ,2025-07-02,-7.635710210194918,14.779646346806313,62,22.415356557001232
RTB-Base,SDHC,2026-03-12,15.862422044898745,11.969955659730719,62,-3.892466385168026
Washout,BMEA,2024-11-11,-29.261187587550726,-60.14999999999999,62,-30.888812412449266
RTB-Base,SJT,2023-07-18,-21.268322516225663,5.405951786605795,62,26.674274302831456
Zone-Retest,ARAY,2021-12-08,-1.0844529374896492,-34.8255897587803,62,-33.74113682129065
Zone-Retest,BLNK,2023-06-29,-7.119668089809234,-49.437976966249394,62,-42.31830887644016
Zone-Retest-E,LEGO,2021-07-28,12.069283462418761,-1.8957829240155821,62,-13.965066386434344
G3→G3,BRCC,2024-08-06,4.93509081038635,-39.46432947665882,62,-44.39942028704517
Parabola,PARA,2025-06-02,-8.592983365483336,-84.80756514729566,47,-76.21458178181233
QZ-Capit🔵dwell,VSCO,2026-05-14,17.716678243504298,17.716678243504298,12,0.0
G3→L46 🕐,LUCD,2021-12-27,-2.1731379010283822,-40.015061694512646,62,-37.84192379348426
QZ-Capit-Rev,AMWD,2026-03-09,12.041525795419044,12.041525795419044,56,0.0
G3-gap,LUCK,2025-04-07,-2.3718941367455946,25.731217084878516,62,28.10311122162411
G3→L46 🕐,MVO,2022-03-14,-16.63278004578293,3.152045245790652,62,19.784825291573583
P55,ONL,2023-07-31,-15.307937939716194,-28.937799895249146,62,-13.629861955532952
Atomic,JRVR,2026-03-05,-9.323277121355018,-40.83157023723674,62,-31.50829311588172
Zone-Retest,CLVT,2024-10-23,-23.8650325948294,-17.067362231992416,62,6.7976703628369854
Zone-Retest,SNDL,2022-02-07,-6.401733510844859,-14.167862095745281,62,-7.7661285849004225
G3→L46 🕐,IPCX,2025-09-05,2.663139341432946,-0.5960668048372639,62,-3.25920614627021
Zone-Retest,CHGG,2024-04-19,-27.138130520981544,-58.47840334873412,62,-31.340272827752575
Parabola,CPRX,2026-04-20,19.860823459467277,19.860823459467277,59,0.0
G3→L46 🕐,CGCT,2025-09-09,3.3836327512718976,2.288565481787291,62,-1.0950672694846064
Zone-Retest-E,MASI,2026-05-20,0.291880083335211,0.291880083335211,14,0.0
Zone-Retest,PTLO,2026-02-27,5.226989865754855,-24.064865708816857,62,-29.291855574571713
Zone-Retest,MTAL,2025-09-19,-17.145922986936473,-16.573481076501555,62,0.5724419104349181
D+L1,EOSE,2026-06-22,-34.277491943310594,-46.124128767734966,34,-11.846636824424372
Zone-Retest,FJET,2026-04-06,-19.664667392850117,-36.30637150335102,62,-16.641704110500907
Parabola,AFYA,2025-04-21,-17.263814612889757,-16.434952759018646,62,0.8288618538711106
Washout,BMBL,2025-10-14,5.757674691485254,-30.782427093215375,62,-36.54010178470063
Atomic,ASTL,2025-07-08,-28.990736050973336,-54.841007585350276,62,-25.85027153437694
G3→G3,DFS,2025-04-09,37.50445140813346,37.50445140813346,27,0.0
RTB-Base,TDWD,2025-12-12,1.5230482369751388,1.4217802606435073,62,-0.10126797633163154
Washout,AGNCO,2023-03-31,22.43074946545863,7.614887226916972,62,-14.815862238541657
G3+RL,DFS,2025-03-11,27.233696472382167,27.233696472382167,48,0.0
Zone-Retest,ALLO,2023-07-10,-6.390454475403345,-44.78018965082875,62,-38.38973517542541
Zone-Retest,MITT,2023-07-17,24.316612869601588,-17.069689802738115,62,-41.3863026723397
Parabola,BDN,2024-11-26,-11.218142054995123,-13.507477011995245,62,-2.289334957000122
RTB-Base,CTLT,2024-10-29,7.501023464802775,7.501023464802775,35,0.0
P55,SMC,2026-06-15,5.0703790081706055,5.00108669403943,38,-0.0692923141311752
P55,PSBD,2025-03-31,-26.102159806103316,-0.6571490831040636,62,25.445010722999253
Parabola,MRO,2024-10-08,-0.7870193750851682,-0.7870193750851682,33,0.0
Atomic,K,2025-10-30,0.20536913853502217,0.20536913853502217,29,0.0
Parabola,SATS,2026-04-29,-16.021287927845545,-16.021287927845545,38,0.0
P55,GYRE,2024-06-28,-37.34420868696955,29.156040938592103,62,66.50024962556165
Atomic,BTBT,2021-12-07,-34.534138078596406,-61.63634191569788,62,-27.10220383710147
Zone-Retest,JILL,2025-04-03,-9.634215602941193,-12.632550961093763,62,-2.99833535815257
Parabola,WRK,2024-05-24,-3.8338001424829073,-3.8338001424829073,28,0.0
Parabola,FUSE,2021-09-16,-3.32340890073341,-71.01864672809698,62,-67.69523782736357
Zone-Retest,NAGE,2026-02-24,-0.10047349135979254,-24.614600504432975,62,-24.514127013073182
G3→L46 🕐,UPLD,2023-01-31,-41.58511793865532,-55.107227341334095,62,-13.522109402678772
G3→L46 🕐,NWFL,2026-06-26,4.49947739680801,8.815583882241135,30,4.316106485433125
Zone-Retest,MVST,2022-04-14,-5.139911900551336,-56.7680352451574,62,-51.62812334460607
HighBase-15mDip,SQ,2024-11-11,14.250204699538289,14.250204699538289,46,0.0
Spring,BLND,2022-03-18,-27.321471446954032,-59.63190593993235,62,-32.31043449297832
Zone-Retest,PLBY,2022-06-23,-28.96689947741356,-43.508194331249314,62,-14.541294853835755
HighBase-15mDip,VTOL,2026-04-20,-12.050543833079825,-12.050543833079825,31,0.0
Zone-Retest,SPWR,2023-08-04,-32.70441370397649,-53.24565904169049,62,-20.541245337713995
Parabola,RXRX,2025-07-21,-18.43950518575656,10.81285195774258,62,29.25235714349914
Atomic,PTLE,2025-11-10,-71.14152494499841,-43.4766003135969,62,27.66492463140151
Spring,K,2025-09-29,1.8267777953632491,1.8267777953632491,52,0.0
Parabola,SOC,2026-05-18,-69.50955420839132,-73.27241597227308,57,-3.7628617638817587
G3→L46 🕐,SLXN,2025-04-23,-21.673689860639616,11.106665090238083,62,32.7803549508777
Atomic,TCPC,2025-11-03,-10.985501134263526,-10.810325301521424,62,0.17517583274210224
Zone-Retest,SJT,2023-07-19,-23.138599388225895,3.878058330913664,62,27.01665771913956
RTB-Base,CHGG,2024-04-09,-30.461429407612734,-57.841049632447884,62,-27.37962022483515
G3→G3,INBK,2025-11-24,54.10210375312751,4.622050105230185,62,-49.48005364789732
G3-gap,EVCM,2026-06-26,37.07174559713152,26.195823096178433,30,-10.875922500953084
Washout,BDN,2025-01-14,-0.693661824817021,-29.447375435860017,62,-28.753713611042997
Parabola,TAYD,2026-02-03,-28.873473957156943,-30.27981514959364,62,-1.4063411924366989
Zone-Retest-E,HRZN,2025-12-22,-5.563198032408762,-34.66682940705222,62,-29.103631374643456
Washout,ACNT,2026-03-10,5.878886387759846,3.20909428447092,62,-2.669792103288926
Washout,KRRO,2025-11-17,138.96501169298682,88.38298998870117,62,-50.58202170428565
P55,VUZI,2023-02-16,-1.2617235514743417,-24.540870341886016,62,-23.279146790411673
🧊Coil-Floor,SEE,2026-03-19,0.7051873842722602,0.7051873842722602,14,0.0
P55,METCB,2025-11-12,-41.65378442361521,-18.69323777491659,62,22.960546648698617
Parabola,CFLT,2026-03-03,0.7091415354152422,0.7091415354152422,10,0.0
P55,WRAP,2021-09-24,-12.111710431198636,-33.53068606868876,62,-21.41897563749012
Zone-Retest,GNE,2025-11-04,-7.561609857940371,-6.082347270340277,62,1.4792625876000942
Zone-Retest,THR,2026-03-11,32.362323331802806,32.362323331802806,56,0.0
HighBase-15mDip,FFIC,2026-04-07,-1.9501922735731092,-1.9501922735731092,39,0.0
Parabola,FBLA,2026-03-31,10.553509952462608,9.395826188253837,62,-1.1576837642087714
Zone-Retest,SPWR,2023-10-09,13.805460860753477,-26.65429560120785,62,-40.45975646196133
RTB-Base,PDLB,2022-06-17,112.58375804685632,1.100497500782255,62,-111.48326054607406
G3→L46 🕐,SQ,2024-11-08,20.63140960766388,20.63140960766388,47,0.0
Zone-Retest-E,BOC,2025-08-20,19.243018238094518,-9.082164352520355,62,-28.325182590614872
Zone-Retest,COTY,2025-07-23,-1.0813817922822264,-15.34569960128302,62,-14.264317809000794
Parabola,SEE,2026-03-05,0.05683260823051164,0.05683260823051164,24,0.0
G3→L46 🕐,JILL,2025-12-23,11.570531091474662,7.031884515883507,62,-4.538646575591154
Parabola,RVP,2021-08-02,-42.19970040708819,-22.347921392023633,62,19.851779015064555
RTB-Base,EGAN,2026-02-06,-33.44593239007467,-24.38735530724531,62,9.058577082829355
Zone-Retest,FLL,2022-01-31,-42.23223627435876,6.071178672826033,62,48.30341494718479
RTB-Base,CCIX,2025-06-12,2.2411823122996886,-1.14676122009259,62,-3.3879435323922786
Atomic,BNC,2025-10-20,-21.154569095723513,-19.764249511808245,62,1.390319583915268
G3+RL,AOMR,2025-12-31,4.559679397473887,-5.04352876826128,62,-9.603208165735166
Washout,VRA,2024-06-17,-16.562026910773913,-20.627589804218754,62,-4.065562893444842
Atomic,CMTG,2024-07-01,-16.21612497194433,-5.522327560962409,62,10.693797410981919
RTB-Base,PRPL,2022-02-28,4.46281761568173,-47.7943229892004,62,-52.25714060488213
HighBase-15mDip,SATS,2026-05-13,-21.70110495970719,-21.70110495970719,28,0.0
Zone-Retest,MASI,2026-04-14,0.5677574445506486,0.5677574445506486,40,0.0
Atomic,HOLO,2025-09-29,0.09882835427497695,-40.35944630957756,62,-40.458274663852535
Zone-Retest,K,2025-11-19,-0.20394978549450035,-0.20394978549450035,15,0.0
Parabola,LPRO,2024-02-16,-38.10364645339683,-25.02230692422905,62,13.081339529167778
G3-gap,IMNN,2025-07-17,-21.28057407753399,-23.27145279013995,62,-1.9908787126059586
Parabola,BRT,2022-02-23,-34.076375466436254,-13.362315311960089,62,20.714060154476165
P55,REAX,2025-02-26,-2.440813292731475,-19.76375675278505,62,-17.322943460053573
Parabola,PKBK,2026-05-27,4.007116687797346,8.789033568264776,51,4.7819168804674295
Zone-Retest,GRAB,2025-12-12,-2.416061408850129,-28.77344248559724,62,-26.35738107674711
P55,YDDL,2026-03-17,-22.51794508835548,-22.51794508835548,62,0.0
Parabola,PXD,2024-04-05,-0.8082377356474488,-0.8082377356474488,20,0.0
Zone-Retest,CMPX,2026-03-10,-8.666096529158901,-67.95785106493265,62,-59.291754535773755
G3→L46 🕐,IPW,2026-03-11,-46.4921689895064,-60.14999999999999,62,-13.657831010493588
RTB-Base,SUNS,2025-03-21,-27.04227029021686,-5.596178558249582,62,21.44609173196728
P55,MXCT,2022-09-21,-16.11763270935182,-12.163168366262495,62,3.9544643430893256
Zone-Retest,PYXS,2024-04-03,-5.157353834113692,-42.57869929340224,62,-37.421345459288545
G3→L46 🕐,GYRE,2024-04-26,-61.75077091955453,-8.554386683905552,62,53.19638423564898
G3→L46 🕐,HVII,2025-05-09,3.9980821810327303,1.499327810086665,62,-2.4987543709460653
Atomic,SDA,2024-12-23,-44.86629431516913,-55.116593680149286,62,-10.250299364980158
Zone-Retest,JNPR,2025-04-10,13.497193028121629,13.497193028121629,56,0.0
Zone-Retest,POWW,2021-12-31,-0.29977533699451764,-11.394244743995136,62,-11.094469407000618
G3→L46 🕐,LPCN,2024-06-18,-9.822276326654428,-60.14999999999999,62,-50.32772367334556
Atomic,AMTX,2024-04-03,-4.315689308815568,-47.9431183663262,62,-43.62742905751064
G3→L46 🕐,THR,2026-03-10,37.532515469015685,37.532515469015685,57,0.0
ZRT🟢L46,K,2025-11-20,-0.227923412314973,-0.227923412314973,14,0.0
Washout,SITC,2026-03-27,-6.063941006553502,-14.803159924917104,62,-8.739218918363601
Parabola,MASI,2026-03-30,1.2784387700131963,1.2784387700131963,50,0.0
P55,CCRN,2026-03-24,38.96834666507075,38.128386836149566,62,-0.8399598289211809
Zone-Retest,DNUT,2025-03-19,-12.562083628942561,-50.75041516672359,62,-38.18833153778103
RTB-Base,STEX,2025-09-16,-14.221200890971236,-28.46265921630375,62,-14.241458325332513
Zone-Retest,SITC,2026-04-16,-5.712217421531257,-19.15000466589834,62,-13.437787244367083
Atomic,CMPX,2026-03-09,-6.096323959753253,-67.053577218442,62,-60.95725325868875
Zone-Retest,TBRG,2026-06-05,0.38990388170621626,0.38990388170621626,22,0.0
P55,NIO,2026-06-02,-19.532563394074227,-24.180487174535152,47,-4.647923780460925
Zone-Retest,PACB,2024-02-09,-21.750201815280107,-70.6934284277064,62,-48.94322661242629
Parabola,LEGO,2021-08-19,-3.72810923100329,-15.470152817983324,62,-11.742043586980035
Washout,BUR,2026-03-06,-37.02205968415153,-47.21587105811149,62,-10.19381137395996
Washout,GEMI,2026-02-24,-12.439100595681824,-31.212310643623614,62,-18.773210047941788
Zone-Retest,BYRN,2026-05-27,7.206447845713942,-22.469318225459006,51,-29.675766071172948
G3→G3,RPAY,2025-04-07,5.59769210746,-0.9098581760760114,62,-6.507550283536012
Zone-Retest,BGS,2026-04-08,-2.231114305331178,-23.8621107507018,62,-21.63099644537062
Zone-Retest,BNC,2025-09-26,-20.039100880130395,-38.62482947594013,62,-18.585728595809737
QZ-Capit-Rev,WRK,2024-06-11,1.5964900571990681,1.5964900571990681,17,0.0
RTB-Base🧱OB,CCD,2025-06-20,31.40524445290827,8.244109866128651,62,-23.161134586779617
Parabola,NUVL,2026-07-10,-0.24335822724869657,-0.24335822724869657,3,0.0
Zone-Retest,OSUR,2024-03-19,-25.557746368612772,-34.86331464341949,62,-9.30556827480672
Washout,TLRY,2026-03-24,-22.107936729850625,-28.650385147707464,62,-6.542448417856839
Parabola,CHMI,2022-12-27,-19.594504740473834,-7.696088274994911,62,11.898416465478924
G3→L46 🕐,CLVT,2025-02-05,-2.428365397639981,-17.328495822158235,62,-14.900130424518254
G3-gap,CATO,2023-06-23,-30.743444839015005,-7.942013360135452,62,22.801431478879554
G3→L46 🕐,BYSI,2022-01-03,8.36401856001246,-57.004306392905214,62,-65.36832495291767
Zone-Retest,EDIT,2024-07-11,-4.873068069651248,-38.982209700716105,62,-34.10914163106486
HighBase-15mDip,BLD,2026-04-30,-20.04522956694576,-20.04522956694576,42,0.0
Parabola,MYO,2025-01-07,-22.860686157352912,-36.97944970299653,62,-14.11876354564362
G3→L46 🕐,BACC,2026-07-15,0.6466722901429747,-0.9622886759907687,18,-1.6089609661337434
G3-gap,REKR,2021-11-19,-35.59387788497203,-40.85590771939777,62,-5.262029834425739
RTB-Base,NPWR,2025-01-29,-16.174022219098553,-56.623057404184976,62,-40.44903518508642
Zone-Retest-E,EGHT,2022-07-05,-1.4653421618544935,-32.547124158120795,62,-31.0817819962663
Washout,ACH,2021-11-09,-26.86201841053621,4.61089144971068,62,31.472909860246887
G3→G3,CPSH,2026-05-28,-40.34723103516769,-54.88456481943752,50,-14.537333784269833
Zone-Retest,EVTL,2025-09-19,-5.1523096196826215,6.045846417289963,62,11.198156036972584
Atomic,ESOA,2025-05-13,57.8088812600681,5.741767409391968,62,-52.06711385067613
G3→L46 🕐,GLBS,2021-06-18,11.601564572333395,-37.415818444051105,62,-49.0173830163845
Zone-Retest,ATNM,2024-02-27,-14.631219347449415,-1.2395421573522079,62,13.391677190097207
Atomic,PRME,2025-09-26,-2.7582088987730566,-30.36830890028594,62,-27.610100001512883
Washout,AVD,2024-08-13,-11.590260104542843,-1.7110859329380557,62,9.879174171604786
Zone-Retest,SUPX,2026-03-02,-35.850164922894294,-22.711977467235684,62,13.13818745565861
Zone-Retest,ATNM,2023-02-24,-23.552567381804018,-8.611859371111946,62,14.940708010692072
Zone-Retest,MTAL,2025-08-26,-16.529556078423617,-15.788094014094373,62,0.7414620643292444
HighBase-15mDip,IAC,2026-05-22,2.6699290532752604,2.6699290532752604,8,0.0
Parabola,GIG,2025-10-20,-6.425555991166626,-7.650712122001052,62,-1.225156130834426
G3→G3→RL,PSTV,2026-01-16,7.315919764421169,-50.95825090048541,62,-58.27417066490658
RTB-Base,DRE,2022-09-26,-5.855704765735409,-5.855704765735409,5,0.0
Parabola,SFIX,2025-12-11,-4.560545591631099,-39.01720938999664,62,-34.45666379836554
RTB-Base,UPLD,2022-09-26,-37.66627824681812,-10.940567556348263,62,26.72571069046986
Parabola,NC,2022-06-01,-11.67749970315261,-20.454601357046005,62,-8.777101653893395
Zone-Retest-E,REAX,2024-10-30,-5.930427103705354,-3.4904780047973096,62,2.439949098908045
Zone-Retest,RE,2023-06-07,0.41593531630417807,0.41593531630417807,21,0.0
P55,INVZ,2022-11-10,9.6420219238242,4.238871238596636,62,-5.403150685227565
P55,VSH,2026-04-01,253.96363828574079,253.96363828574079,55,0.0
Parabola,ALLT,2026-07-01,-9.836032748629869,-12.416431812954738,27,-2.580399064324869
P55,FWDI,2025-12-05,-40.94056853316517,-43.74338185703902,62,-2.802813323873849
Zone-Retest,SEE,2026-01-22,0.5362911374565074,0.5362911374565074,53,0.0
Parabola,MRO,2024-11-19,-0.9943855955197698,-0.9943855955197698,3,0.0
G3→G3,ATPC,2026-05-28,4.891744142884474,-57.78720104418761,50,-62.67894518707209
Zone-Retest,GETY,2023-06-06,-6.119824861978435,-20.124319031471,62,-14.004494169492565
Parabola,AMPY,2026-03-13,-15.687079640171236,-23.71523840704604,62,-8.028158766874805
Zone-Retest,GTLS,2026-04-29,0.6850356351448208,0.6850356351448208,53,0.0
Zone-Retest,AFYA,2026-02-02,-1.6135940825603712,-5.489359381979658,62,-3.875765299419287
Washout,EMPD,2025-09-12,-28.9682572080255,-30.08702723226086,62,-1.11877002423536
G3→L46 🕐,PRLD,2022-04-04,-26.9448146555957,-27.356851346089535,62,-0.41203669049383507
P55,KDK,2026-05-04,-39.71746212429275,-48.50333207085924,62,-8.785869946566486
RTB-Base,WSBF,2022-04-26,26.90941088367447,14.30332001997004,62,-12.606090863704432
Parabola,AMC,2024-07-23,-2.1837418400700805,-20.646613570210732,62,-18.46287173014065
P55,NKTX,2024-09-12,-19.8691866521206,-60.14999999999999,62,-40.28081334787939
Zone-Retest,ASTL,2025-08-28,0.5038482015407522,-31.038375685968028,62,-31.54222388750878
Parabola,INTT,2026-05-07,-16.493250167728362,-18.724859773377183,62,-2.2316096056488206
Zone-Retest,IPG,2025-10-15,-8.812694714443609,-8.812694714443609,31,0.0
Zone-Retest-E,BMR,2024-12-30,22.047655897106694,-37.48209709245656,62,-59.52975298956326
G3→L46 🕐,HBANL,2025-05-30,-1.6209691677399773,2.8630826214567415,62,4.484051789196719
Zone-Retest,CHGG,2024-04-26,-27.55773896626325,-58.71789528351151,62,-31.16015631724826
Parabola,WBA,2025-06-16,4.872448767586107,4.872448767586107,51,0.0
G3→L46 🕐,WKHS,2025-10-03,-46.62668137433489,-57.691165728884144,62,-11.06448435454925
G3+RL,RILYZ,2024-08-15,94.64762392339635,22.061891743223487,62,-72.58573218017287
RTB-Base,POLE,2024-11-04,6.116303356210634,0.8029881884001058,62,-5.3133151678105275
Parabola,BHR,2022-05-05,-19.365028589801387,-11.124961505961133,62,8.240067083840254
Zone-Retest,CURV,2022-09-09,10.871075959210913,-26.422381445044135,62,-37.29345740425505
RTB-Base,GTM,2026-03-03,-0.793269033846272,-45.37219964945498,62,-44.578930615608705
G3→L46 🕐,PSHG,2022-08-15,-11.010353069012407,-21.029925786061405,62,-10.019572717048998
RTB-Base,FC,2026-03-17,77.95455369577215,99.55044932601098,62,21.59589563023883
QZ-Capit-Rev,WRK,2024-04-17,6.9571443646691264,6.9571443646691264,55,0.0
Parabola,ANVS,2024-10-28,-48.555658988720566,-50.98362797748665,62,-2.4279689887660822
Zone-Retest,RUBI,2026-03-06,-9.333843282695003,-60.14999999999999,62,-50.81615671730499
Zone-Retest,KOS,2024-06-11,-11.25679114072256,-29.45957545981914,62,-18.20278431909658
Zone-Retest,PRPL,2022-12-02,25.550776897894274,-18.257029179550827,62,-43.8078060774451
Atomic,PLTK,2025-05-09,-0.8953035158991205,-21.738789777560303,62,-20.843486261661184
G3→G3,HES,2025-06-25,7.536150496256627,7.536150496256627,16,0.0
P55,HES,2025-06-27,6.219336155949123,6.219336155949123,14,0.0
Zone-Retest-E,ELME,2025-11-10,2.8502615124931294,-84.10264246487411,62,-86.95290397736724
RTB-Base,GAMB,2025-10-13,-30.5574191742689,-32.00452387952986,62,-1.447104705260962
🧊Coil-Floor,SATS,2026-06-11,-12.012436532918287,-12.012436532918287,8,0.0
Zone-Retest,EXFY,2022-12-09,-34.977637265160695,-15.932335317310692,62,19.045301947850003
Parabola,XOMA,2026-06-16,-4.51376908171362,-4.51376908171362,18,0.0
Parabola,HCAT,2024-11-08,-43.43235537849689,-35.05489888749643,62,8.377456491000459
Parabola,PTLO,2026-05-01,-8.913053502812879,-26.45862013688733,62,-17.54556663407445
Zone-Retest,PLCE,2025-09-05,34.510394729007395,32.31185767220728,62,-2.198537056800113
Washout,UTMD,2022-03-08,-18.82112095859884,-2.7295558269574585,62,16.09156513164138
Zone-Retest,EGHT,2022-08-02,2.529988114993481,-31.225047348006335,62,-33.755035462999814
Parabola,INVZ,2022-09-16,-10.847334280269743,-17.000076997180287,62,-6.152742716910543
P55,ALDX,2026-02-24,0.5038482015407522,-77.64854092101284,62,-78.15238912255359
G3→L46 🕐,TIGR,2026-05-19,-16.886191393972165,-20.20347460536768,56,-3.317283211395516
Zone-Retest,EGAN,2025-12-04,-37.695419322753324,-9.937827910643698,62,27.757591412109626
Zone-Retest,GEMI,2026-05-12,0.2875789257290652,-20.07403551535441,61,-20.361614441083475
G3→L46 🕐,HCIC,2022-05-12,0.10777660040549043,0.5153285378055208,62,0.4075519374000304
P55,AMC,2024-08-26,2.0588913873284485,-12.87933120005032,62,-14.938222587378768
G3-gap,ONEW,2025-05-02,-14.315115962420006,11.246541551309402,62,25.561657513729408
Washout🧊CONSO,BNTC,2025-11-10,-8.657608956934975,-12.947470460975213,62,-4.289861504040237
G3→L46 🕐,DLXY,2025-09-22,14.549745253913999,-52.35843947753581,62,-66.90818473144981
Zone-Retest-E,AVIR,2022-11-02,-6.747058055301164,-23.774497029290515,62,-17.02743897398935
RTB-Base,GEMI,2026-02-11,-29.885027088996146,-44.92419672959697,62,-15.039169640600825
P55,RCMT,2022-08-17,54.41267653314551,-19.339708587803223,62,-73.75238512094873
Atomic,TIGR,2026-04-29,-25.33684659577799,-28.61551068919011,62,-3.2786640934121216
G3→G3,ACH,2022-03-15,-20.833490892693234,-13.908394666065421,62,6.925096226627813
Atomic,GEMI,2026-03-02,-11.52860683023908,-30.496694491135273,62,-18.968087660896195
G3→L46 🕐,EVCM,2025-08-12,11.992392471898189,9.43940377312818,62,-2.552988698770008
Zone-Retest,RFL,2021-11-22,-15.519826332528014,-45.123661785378886,62,-29.603835452850873
P55,ENVX,2026-05-01,-23.995574921200298,-37.85538222516971,62,-13.859807303969415
Washout,SPWH,2023-04-25,-13.775496714278185,-6.144666536780213,62,7.630830177497972
G3+RL,HERZ,2026-06-24,1.0512117125664413,-3.2473834451275216,32,-4.298595157693963
Washout,FLL,2022-01-28,-39.26571666889908,9.56347856264384,62,48.829195231542926
RTB-Base,XELLL,2025-10-10,-6.290788816774845,-0.29977533699451764,62,5.991013479780327
Zone-Retest,VYGR,2024-08-20,-26.186870619995933,-8.139867051274946,62,18.04700356872099
Washout,OPRX,2026-06-26,23.745788969606803,44.12338583960791,30,20.37759687000111
Washout,THRY,2025-11-24,-9.68894655304567,-32.439630653477295,62,-22.750684100431627
Zone-Retest,SMRT,2022-03-29,-3.236546650612321,-18.784159487412495,62,-15.547612836800173
Zone-Retest,VERU,2025-04-02,-9.20660288909359,-7.956521829149859,62,1.2500810599437306
Zone-Retest,HRTX,2022-02-25,-33.84525763847668,-58.74229528410796,62,-24.89703764563128
Atomic,RZLV,2025-09-26,-24.24575681726279,-54.486971164670784,62,-30.241214347407993
P55,EXOD,2025-10-01,-40.42108158089544,-45.966302769076876,62,-5.545221188181436
G3-gap,CABA,2024-08-05,-17.72877050655665,-38.415521782578985,62,-20.686751276022335
Parabola,BHR,2022-06-08,-23.928454455721,-24.53822682007523,62,-0.6097723643542317
Parabola,BRCC,2024-06-17,-13.69820803937864,-47.3537949465578,62,-33.655586907179156
G3→L46 🕐,CMTL,2025-12-29,18.659128080031834,-34.84711045246476,62,-53.506238532496596
P55,BTCT,2025-01-24,-24.054992184925233,-60.86252598226844,62,-36.807533797343204
Washout,ASUR,2023-11-16,11.89783733490673,44.80302500794263,62,32.9051876730359
G3→G3,XXII,2025-09-24,2.2441794314896955,-45.31929488993686,62,-47.56347432142656
G3→L46 🕐,AFYA,2024-08-30,-13.17245238414157,-1.2855208766409052,62,11.886931507500664
Zone-Retest,CURV,2022-03-10,-15.832032506795374,-24.31603852391349,62,-8.484006017118118
Zone-Retest,MPT,2026-05-28,-1.4744838624416277,-8.131165506641985,50,-6.656681644200357
Washout,PRA,2026-06-01,4.822902295001557,4.822902295001557,18,0.0
RTB-Base,CMCT,2026-04-13,42.49317809000786,-35.24735396904642,62,-77.74053205905429
G3-gap,SITC,2026-03-03,-17.72877050655665,-17.89165831187965,62,-0.16288780532299896
G3-gap,LPRO,2024-02-29,-30.577808422137693,-15.909783505335001,62,14.668024916802691
G3-gap,ULH,2025-04-28,-45.27947559792388,18.029648765844925,62,63.3091243637688
G3→G3,ANNA,2026-04-06,-31.25065360180754,-52.351078436253964,62,-21.100424834446425
Parabola,CAAS,2023-01-30,15.263087265653247,-37.07220290254274,62,-52.33529016819599
P55,AVXL,2025-09-10,-51.5847156308339,-71.39935165345366,62,-19.814636022619766
Washout,PNNT,2025-12-04,-11.76084460266123,-12.455454861186494,62,-0.6946102585252643
Washout,NKTX,2024-06-21,-2.7305860497643106,-1.6086734131013414,62,1.1219126366629693
G3→G3,HIVE,2025-10-21,-7.756713790880171,-42.13138129781649,62,-34.37466750693632
Zone-Retest,GPRO,2023-03-21,0.905659970808387,-15.76952845379817,62,-16.675188424606556
G3→L46 🕐,UPLD,2022-09-15,-47.40484994265924,-22.442293776907867,62,24.962556165751373
Zone-Retest,CLDI,2025-07-29,-35.24735396904645,-60.14999999999999,62,-24.90264603095354
Washout,RE,2023-05-31,0.06539119891589297,0.06539119891589297,26,0.0
Atomic,LUNG,2025-03-04,-33.94893529668867,-57.67403141319766,62,-23.725096116508993
G3-gap,SITC,2026-03-10,-16.083088719665934,-17.24606970575751,62,-1.1629809860915756
Atomic,SNSE,2026-03-11,-53.83634924371648,-51.90354851179359,62,1.9328007319228888
Zone-Retest-E,JNPR,2025-06-13,11.587156170506146,11.587156170506146,12,0.0
RTB-Base,BLUW,2021-08-30,27.27080908488016,24.53858900703672,62,-2.73222007784344
Parabola,PEAK,2023-12-12,-9.665694661505347,-9.665694661505347,55,0.0
Atomic,SRFM,2025-10-15,1.7647969774661265,-58.408101569450345,62,-60.17289854691647
Atomic,TRAW,2024-12-26,-30.643623287765404,-43.25528509230457,62,-12.611661804539164
Zone-Retest,SLQT,2021-12-16,-38.41827326577702,-68.44080703269421,62,-30.022533766917192
Washout,QSI,2021-12-15,-16.100989340904476,-35.264163771178254,62,-19.163174430273777
Parabola,VYGR,2025-10-09,-5.415441496199719,-22.65713114389137,62,-17.24168964769165
G3→L46 🕐,BBCP,2026-06-04,38.11394166711715,23.867794963605544,45,-14.24614670351161
Zone-Retest,HUMA,2024-10-02,-11.4329014318244,-11.606856527056115,62,-0.17395509523171526
G3→L46 🕐,CNXU,2026-07-15,13.760766503306249,-17.926396629545486,18,-31.687163132851737
G3→G3,CMTG,2024-08-06,-21.596501576306874,-26.949777024440042,62,-5.353275448133168
Zone-Retest,TCPC,2026-01-12,-8.575649813567937,-31.064439152082684,62,-22.48878933851475
Zone-Retest,AFYA,2024-06-24,-10.944915429119566,-0.06189511147215985,62,10.883020317647407
Zone-Retest,CLVT,2025-02-06,-2.805669006143302,-19.76864153576586,62,-16.962972529622558
Washout,GOSS,2022-11-07,-10.871021451460933,-67.0908303329414,62,-56.21980888148046
RTB-Base,RAAQ,2026-06-23,29.19266553837197,29.19266553837197,7,0.0
Zone-Retest,OCGN,2021-12-16,-6.700430764110238,-57.86909900716689,62,-51.16866824305665
G3→G3,CCIX,2026-01-26,1.6654118400655948,0.44886739712362583,62,-1.216544442941969
G3→G3,BDTX,2024-08-05,-1.3930259719909408,-47.85617795933837,62,-46.46315198734743
Zone-Retest,TTGT,2026-02-03,-1.6285806081751952,9.19169088572463,62,10.820271493899824
G3→G3,BOC,2026-05-19,21.557584019769997,16.31504395264936,56,-5.242540067120636
Zone-Retest,MRO,2024-09-30,8.077939032984311,8.077939032984311,39,0.0
G3→L46 🕐,FCHL,2026-04-21,-41.886443959853054,-60.14999999999999,62,-18.263556040146938
Parabola,KOS,2024-05-31,-17.543646372546444,-21.485102609244027,62,-3.941456236697583
RTB-Base,ORIQ,2025-09-16,2.592988414481195,0.7974798790824802,62,-1.795508535398715
Washout,SEAT,2025-09-04,-59.099044463994545,-52.31893330081603,62,6.780111163178518
Parabola,VLGEA,2026-04-07,2.4917859347762192,-1.5917375784751775,62,-4.0835235132513965
Zone-Retest,WENN,2026-05-01,0.4803045431852006,1.1628744383424707,55,0.6825698951572701
G3→G3,INUV,2025-01-03,-7.55633236192223,-51.9664613544799,62,-44.41012899255767
QZ-Capit-Rev,MRO,2024-10-23,7.750223850446863,7.750223850446863,22,0.0
Zone-Retest,BNC,2025-10-06,-25.679367047281115,-42.956553892311895,62,-17.27718684503078
Atomic,TCPC,2025-10-21,-10.513731298995083,0.5807381080055243,62,11.094469407000608
G3→L46 🕐,FRAF,2026-04-17,8.22016818192835,11.382209075549216,62,3.1620408936208655
Parabola,SILA,2026-06-22,-0.2010115143802614,-0.2010115143802614,7,0.0
Zone-Retest,NVA,2026-02-23,-11.139784436495109,-10.529079698495075,62,0.6107047380000346
RTB-Base,TAOX,2025-07-11,-18.04229255986319,-6.645639161232214,62,11.396653398630974
Parabola,INSE,2025-07-16,-10.549301709687125,-9.00636225573342,62,1.5429394539537054
Parabola,SEM,2026-04-10,0.49268676350554,0.49268676350554,56,0.0
HighBase-15mDip,RE,2023-05-18,-5.349094787371117,-5.349094787371117,34,0.0
Parabola,INDI,2024-07-17,-29.42275753037112,-47.86731291950962,62,-18.444555389138504
P55,SES,2022-05-31,-27.869293734648398,-35.44019775058442,62,-7.570904015936019
P55,AVIR,2022-09-13,-26.404409235819475,-39.97881886320846,62,-13.574409627388984
P55,CV,2026-03-20,28.424261894828966,10.984667861221858,62,-17.439594033607108
RTB-Base,MITT,2025-04-09,34.03410590094925,27.399539478158193,62,-6.634566422791057
G3→G3,MG,2025-11-07,37.717786351695345,26.89274031277454,62,-10.825046038920807
P55,TACO,2026-03-12,2.73191610722992,1.7539511252220363,62,-0.9779649820078837
QZ-Capit-Rev,AMWD,2026-05-05,17.656607066828617,17.656607066828617,16,0.0
Zone-Retest,MENS,2025-11-21,-52.80638128173592,-52.80638128173592,62,0.0
Zone-Retest,SLI,2022-07-22,-7.455708104509901,-38.40927775004161,62,-30.953569645531708
G3→L46 🕐,SLSR,2026-01-30,-15.54485513892962,-0.8045793039460012,62,14.740275834983619
Zone-Retest,IPOD,2022-05-12,0.09882835427497695,-0.7980299510813635,62,-0.8968583053563405
HighBase-15mDip,KW,2026-06-02,-1.025958789089104,-1.025958789089104,10,0.0
Washout,CHGG,2024-04-03,-28.98913566270313,-56.94719856834466,62,-27.95806290564153
Parabola,DFS,2025-05-05,6.622703890497378,6.622703890497378,10,0.0
Washout,PEPG,2024-08-15,-40.914843410874376,-42.07859894307723,62,-1.163755532202856
Washout,KUST,2026-01-27,-24.772869617142906,-50.71434955410021,62,-25.941479936957304
Zone-Retest,GBR,2022-03-07,36.174011392238064,-35.480165373701105,62,-71.65417676593917
Atomic,KEN,2026-04-09,-22.360801444891482,-20.77494493553788,62,1.5858565093536008
G3→G3,MARPS,2025-06-17,27.918766415594014,-16.217927094864955,62,-44.13669351045897
Zone-Retest,TTEC,2024-06-28,-5.648894515369801,-31.50297054418372,62,-25.85407602881392
RTB-Base,DSAC,2026-03-25,1.8076163393101308,1.8076163393101308,62,0.0
G3→L46 🕐,KEEL,2026-06-25,-15.419052257575789,-39.042922445984026,31,-23.623870188408237
G3+RL,MSB,2025-02-19,-7.684924029050771,-3.9546703529611262,62,3.730253676089645
G3-gap,AOUT,2022-04-25,9.195184676972273,-40.57678313817617,62,-49.77196781514844
Zone-Retest,INMB,2025-06-20,-27.24565788303846,-72.2466495462286,62,-45.000991663190135
G3→L46 🕐,CMTG,2024-10-08,5.160783824263576,-36.96352970544185,62,-42.124313529705425
Zone-Retest,PETS,2024-12-09,9.902676429242236,-33.415930250353114,62,-43.31860667959535
Parabola,MNKD,2025-12-23,-7.646614609857799,-56.670069394236414,62,-49.023454784378615
G3→L46 🕐,LKSP,2026-03-27,0.896035736813944,0.9956866596313065,62,0.09965092281736254
RTB-Base,EPM,2023-11-16,-7.5769951005695,-3.5152910464811447,62,4.061704054088356
Washout,DFDV,2025-11-25,-27.97255188645604,-51.936605805577344,62,-23.964053919121305
Zone-Retest,CVGW,2026-05-19,-3.017548044078561,-3.017548044078561,6,0.0
Parabola,ACB,2025-06-13,-10.61763188550508,-18.106398735230496,62,-7.488766849725415
P55,IMRX,2026-03-10,-8.797666797675824,-24.55417388102245,62,-15.756507083346627
Zone-Retest,KW,2026-06-10,-1.2955618023553992,-1.2955618023553992,4,0.0
G3→G3,JYNT,2023-09-14,-3.3222686240908903,3.154502705401346,62,6.476771329492236
RTB-Base,RTAC,2025-09-08,-1.2507298575945622,1.9825155124456206,62,3.2332453700401826
G3-gap,SLNH,2024-06-20,35.99116977144721,-29.57313437474312,62,-65.56430414619032
Parabola,REAX,2025-02-20,-9.17937789323276,-21.683308023445786,62,-12.503930130213027
Zone-Retest-E,HOLX,2026-03-23,0.4413263967534555,0.4413263967534555,10,0.0
Parabola,PDSB,2023-11-16,-13.750281036448502,-13.750281036448502,62,0.0
Parabola,UFG,2025-04-16,-14.125191059564496,-58.29824771389923,62,-44.17305665433473
Zone-Retest,VSCO,2026-03-13,18.80276874070202,18.80276874070202,55,0.0
Atomic,DUO,2024-12-11,-63.597685614435484,-43.53848869552814,62,20.059196918907347
Zone-Retest,OLPX,2023-02-24,0.07072642427823918,-36.05319529981466,62,-36.1239217240929
RTB-Base,TPST,2024-10-14,-4.621650732855947,-10.731888361487634,62,-6.110237628631687
Zone-Retest,BHR,2022-06-16,-7.352393435868504,-3.6404891733032354,62,3.7119042625652687
Parabola,CERS,2022-07-06,-12.932472738033324,-37.851766241452374,62,-24.91929350341905
RTB-Base,PLTK,2025-02-26,-27.47880301091304,-34.60058031584357,62,-7.121777304930532
Zone-Retest-E,VTOL,2026-03-11,-6.6152023296613125,-6.6152023296613125,58,0.0
Washout,SABR,2023-02-17,-12.802759990449115,-38.15603442662095,62,-25.353274436171834
G3→G3,DRE,2022-09-15,-16.34744334395151,-16.34744334395151,12,0.0
G3→L46 🕐,DMAA,2026-03-16,0.8435478461696735,1.2246555738910705,62,0.381107727721397
Parabola,TMCI,2025-08-21,-12.903590511847934,-56.56880797317348,62,-43.66521746132554
Zone-Retest,NKTX,2024-05-14,-22.389212183219946,-24.478753506511534,62,-2.089541323291588
Zone-Retest-DiT,RNXT,2021-12-08,5.169053222286696,-42.81550703979367,62,-47.984560262080365
Zone-Retest,BTBT,2022-01-12,-9.04698510086111,-51.29765867727334,62,-42.250673576412225
Washout,SES,2022-05-13,-8.454512378437801,3.324552236980277,62,11.77906461541808
Zone-Retest,EPM,2023-10-04,-14.2725269014717,-9.248616226603495,62,5.023910674868205
Parabola,BYND,2024-10-10,-22.093709822263513,-44.505911952504675,62,-22.412202130241162
RTB-Base,UEIC,2023-03-06,-26.321349037050506,-30.298067941377987,62,-3.9767189043274804
QZ-Capit-Rev,AMWD,2026-05-14,34.88366996748971,34.88366996748971,9,0.0
Washout💥vol,IHRT,2023-01-03,-20.142824753331062,-38.239685821029994,62,-18.09686106769893
G3→L46 🕐,CLAR,2023-05-31,-30.74892324918836,-16.501020075180666,62,14.247903174007693
Zone-Retest,MDWD,2026-04-06,-13.776143927616552,-13.946730871801632,62,-0.17058694418508047
G3→G3,MRKR,2022-08-05,41.8037360625728,-29.922008653686145,62,-71.72574471625894
Parabola,LC,2026-06-10,9.708122323959662,9.708122323959662,7,0.0
Zone-Retest,GRWG,2022-08-08,4.267178805596178,-30.815332562486837,62,-35.08251136808302
Parabola,SDHC,2025-08-15,-33.20884693741783,-13.189975489089118,62,20.018871448328714
P55,MRO,2024-10-02,1.119055564078392,1.119055564078392,37,0.0
P55,BFRG,2023-05-02,2.4960309535696332,-1.6976784822765933,62,-4.193709435846227
Atomic,ENGN,2026-04-17,7.878666047383681,-73.9057477963983,62,-81.78441384378198
G3→L46 🕐,CLAR,2024-03-01,3.4746317808510616,15.484108973996042,62,12.009477193144981
G3→G3,BTCS,2025-07-18,-20.410454388839277,-37.708451055810635,62,-17.297996666971358
RTB-Base,OSUR,2024-04-15,-8.801515480402584,-22.36812209222398,62,-13.566606611821397
G3→L46 🕐,AFBI,2026-03-31,1.1222127311924903,0.277907315706455,62,-0.8443054154860353
Zone-Retest,INO,2024-07-08,-36.881873236915226,-37.21544859770478,62,-0.33357536078955263
Atomic,BTQ,2026-01-02,1.6204212911402005,-55.831861822650644,62,-57.45228311379085
RTB-Base,MRO,2024-09-11,8.656256264458278,8.656256264458278,52,0.0
Zone-Retest,MBAV,2026-05-27,0.16249422163048824,2.843657661655646,33,2.681163440025158
Washout,PAL,2026-02-12,-11.407958550431458,-28.440506144368133,62,-17.032547593936677
Zone-Retest,TBRG,2026-06-15,0.1589546384863473,0.1589546384863473,16,0.0
RTB-Base,AGNCL,2022-09-22,17.719012283351493,1.4274141499298456,62,-16.291598133421648
Zone-Retest,BIRD,2026-05-04,-18.87286959068552,-50.939237447485375,62,-32.06636785679986
RTB-Base,CHI,2025-03-11,31.053195207189216,1.9967798302546191,62,-29.056415376934595
Zone-Retest,SEMR,2026-04-02,0.11800802979631832,0.11800802979631832,17,0.0
Zone-Retest,SMRT,2022-04-14,10.772724823655617,-11.767721931953561,62,-22.540446755609178
RTB-Base,SJT,2023-12-04,-15.20050117131994,-19.808973078843266,62,-4.608471907523326
Zone-Retest,WTI,2023-03-28,3.1225105889552793,-25.262331502745877,62,-28.384842091701156
Zone-Retest,IMPP,2025-09-25,2.333192047628346,-22.3761941772939,62,-24.70938622492225
ZRT🟢L46,GTLS,2026-05-13,0.9233128702008488,0.9233128702008488,43,0.0
Parabola,KALV,2026-05-19,0.6334043327531904,0.6334043327531904,16,0.0
Zone-Retest,NNOX,2025-04-23,-1.4518933138753574,4.884755558969217,62,6.336648872844574
G3→L46 🕐,ASUR,2024-05-03,4.32904302486668,31.96970124283774,62,27.64065821797106
Parabola,VUZI,2023-07-13,-11.047542575026364,-41.03728019082487,62,-29.98973761579851
Parabola,ALCO,2025-01-22,31.462165610348652,-9.397100345698368,62,-40.85926595604702
Zone-Retest,BYND,2024-10-23,-21.238633091052,-36.708386207855675,62,-15.469753116803673
Zone-Retest,JNPR,2025-06-11,10.840998199417623,10.840998199417623,14,0.0
Zone-Retest,HYLN,2021-12-20,-13.878081178398254,-27.125208828548224,62,-13.24712765014997
Zone-Retest,NVA,2026-03-18,-6.560480741909641,-24.379411509745037,62,-17.818930767835397
RTB-Base,QLEP,2026-06-26,-0.1993223946776089,0.30294231690693463,30,0.5022647115845436
P55,EGAN,2026-01-07,-40.35060482289505,-28.261529563326,62,12.08907525956905
Zone-Retest,CMPX,2026-03-25,-7.484570100568705,-67.54208530377865,62,-60.057515203209945
G3→G3,GTEC,2021-11-19,-17.017295867133246,-42.832786753810055,62,-25.81549088667681
Zone-Retest,NCDL,2026-05-29,-6.91542966751722,-1.530594747324315,49,5.384834920192905
Zone-Retest,SPWH,2023-06-26,3.3983811320057065,-29.69038727483823,62,-33.08876840684394
Zone-Retest,INDI,2024-11-26,-7.223696025305132,-45.12305137184735,62,-37.89935534654222
Washout,CVGW,2026-03-17,7.409552496193777,7.409552496193777,50,0.0
Zone-Retest,SPRB,2026-02-10,-44.45932575760905,-27.110930949510475,62,17.348394808098575
Zone-Retest,CGC,2024-06-28,-15.8353843102416,-33.6334606096897,62,-17.7980762994481
Parabola,GIG,2026-02-19,0.7364062396970685,-59.64472018387513,62,-60.3811264235722
Atomic,BTQ,2026-06-29,-0.8617841062046825,-23.34213487461117,29,-22.48035076840649
P55,CHRS,2023-05-02,-34.107331718957006,-36.99014660424062,62,-2.882814885283615
Zone-Retest,ALT,2025-11-28,-1.832984160994594,-17.54837460699546,62,-15.715390446000866
Parabola,AMC,2024-08-01,-2.1837418400700805,-16.50188726344444,62,-14.31814542337436
Parabola,PKBK,2026-01-28,18.881311676921005,8.928860867813887,62,-9.952450809107118
RTB-Base,ASBP,2026-04-29,5.722936626805813,14.757004572506311,62,9.034067945700498
Zone-Retest,DCGO,2023-12-14,1.5156832932419486,-35.51967276358191,62,-37.03535605682386
Parabola,FC,2026-06-22,-9.152043153756766,-8.648596642850864,34,0.5034465109059028
G3-gap,RILYZ,2024-08-21,116.72468796804792,28.72335663171908,62,-88.00133133632883
Parabola,FACT,2026-01-16,1.5156832932419708,0.7512796594581874,62,-0.7644036337837834
Washout🌀SC,SCYX,2021-06-14,-37.31322068621206,-16.408617000607467,62,20.904603685604595
P55,VRA,2024-01-18,-31.536342945474853,-14.983631905083566,62,16.552711040391287
RTB-Base,VFS,2024-01-19,-9.749885885457516,-51.65131944939733,62,-41.90143356393981
Zone-Retest,CTKB,2025-02-04,-5.545190516289361,-27.838205028292467,62,-22.293014512003104
P55,SOC,2026-05-29,-68.7488258990824,-72.60511043779158,49,-3.8562845387091755
G3→L46 🕐,ORGO,2025-12-30,0.2818764571588973,-55.75057971295484,62,-56.03245617011373
G3→L46 🕐,CSHR,2026-04-10,0.7894998411473622,-25.353104434257705,62,-26.142604275405066
Parabola,ALLT,2026-06-02,-3.8872085584198466,-6.637574028179277,47,-2.750365469759431
G3→L46 🕐,GPAC,2022-10-12,0.30112872316397377,2.1038409036395143,62,1.8027121804755404
Zone-Retest-E,LFMD,2026-05-05,-1.672961137861001,-26.978813753828984,62,-25.305852615967982
Zone-Retest-E,SEM,2026-06-16,-1.2581458196628312,-1.2581458196628312,10,0.0
Zone-Retest,MDXG,2026-02-09,2.820544183724399,-28.187631053419874,62,-31.008175237144272
Zone-Retest,STEM,2026-03-06,-13.38243368252779,-23.8485603589544,62,-10.466126676426612
RTB-Base,MDXG,2026-01-06,-16.199492640020868,-38.459096864257766,62,-22.2596042242369
Washout,FULC,2026-03-04,-18.69657657731954,-18.69657657731954,62,0.0
Zone-Retest,MIND,2026-01-09,-27.615124152851173,-7.300768100722471,62,20.3143560521287
RTB-Base,BRBS,2021-06-16,-9.143652378575002,-2.1826652877826094,62,6.9609870907923925
G3→L46 🕐,EXOD,2025-10-16,-38.909519819637865,-31.774706594741314,62,7.134813224896551
Zone-Retest,CLOV,2021-11-29,-8.712065326918045,-60.14999999999999,62,-51.43793467308195
Parabola,SPWH,2023-08-22,-11.763445057040062,-20.735012664032244,62,-8.971567606992181
Zone-Retest,CMTG,2024-03-20,-30.234126921650724,-15.629477878617754,62,14.60464904303297
G3→L46 🕐,GIW,2022-03-31,0.49982606170822524,1.1994772855731308,62,0.6996512238649055
RTB-Base,BSET,2022-01-31,34.65721720687354,4.4699399831742035,62,-30.187277223699336
P55,REAX,2024-11-25,-7.326272628094915,-4.737563099794767,62,2.588709528300148
Zone-Retest,ESPR,2023-02-15,-12.54060848307224,-74.09451230334882,62,-61.55390382027658
RTB-Base,CHMI,2022-06-17,-20.492416311837985,0.018219009066006285,62,20.51063532090399
Zone-Retest,DOUG,2022-06-07,-1.5893538843027077,-17.985423985792533,62,-16.396070101489826
Washout,SIGA,2026-03-11,-8.25244809776487,-23.627615435254206,62,-15.375167337489337
RTB-Base,CDLX,2024-05-13,-41.89471774980307,-65.26391926667668,62,-23.36920151687361
Zone-Retest,HYPD,2025-10-21,-21.619147629906504,-50.87256480144647,62,-29.25341717153997
G3→L46 🕐,CURI,2021-11-11,-39.7594861144709,-57.96814105874406,62,-18.208654944273157
P55,TLS,2025-12-10,-12.443721579792472,-28.466983983484234,62,-16.02326240369176
Zone-Retest,VIRC,2024-09-11,-52.721143285072394,16.175511732401375,62,68.89665501747376
QZ-Capit-Rev,CWCO,2026-03-20,-5.0745195212028635,-4.3324984655488565,62,0.742021055654007
G3→L46 🕐,GPAT,2025-08-12,3.2967256461279346,0.9306065782842157,62,-2.366119067843719
Zone-Retest,CABA,2024-08-26,-17.996807025234524,-60.14999999999999,62,-42.15319297476547
G3→L46 🕐,MPAA,2026-02-11,42.81312540534992,8.09884169073492,62,-34.714283714615
Washout,GAMB,2025-11-26,2.414599702388137,-16.198257710521606,62,-18.612857412909744
G3→G3,ACIU,2021-11-02,-15.277309036445324,-35.24735396904643,62,-19.970044932601105
Parabola,METCB,2025-08-06,-32.15294241812809,3.62732745383017,62,35.78026987195826
Zone-Retest,STEL,2026-06-03,5.305568996760029,5.305568996760029,19,0.0
Parabola,CTKB,2026-01-16,-10.745100257415302,-18.53483409637317,62,-7.7897338389578685
Parabola,NCSM,2026-04-20,-27.157047814689843,-42.39427689675677,62,-15.237229082066928
Zone-Retest,CNDT,2022-05-31,8.13827181762566,-14.363187261361482,62,-22.50145907898714
D+L1,RTAC,2025-06-27,-10.085616956178917,-5.928799277233315,62,4.156817678945602
Zone-Retest,CHGG,2024-04-08,-29.782014373982218,-57.4285668294216,62,-27.64655245543938
Washout,BLND,2022-03-17,-21.517948077883194,-54.09408387418871,62,-32.57613579630552
Zone-Retest,SSP,2023-10-17,-11.470626633199938,29.08815653456132,62,40.55878316776126
Parabola,PARA,2025-07-25,-18.853182158657848,-86.4363462786518,10,-67.58316411999395
P55,ELBM,2023-08-02,-42.23686969545682,-53.55322849059744,62,-11.316358795140623
P55,LASE,2024-12-26,-5.283693607609247,-44.295743518972834,62,-39.01204991136359
G3→G3,ACH,2022-08-25,3.0530128993288717,-70.81310293217047,62,-73.86611583149934
Zone-Retest,MBAV,2025-10-29,2.151693823759154,0.45452286631431654,62,-1.6971709574448375
Parabola,BHR,2023-02-06,-7.524559681813087,-26.97590214863234,62,-19.451342466819252
G3→G3,NTRB,2025-04-30,-21.816795581275965,5.888125909726965,62,27.70492149100293
Parabola,CEPF,2025-10-17,-1.255279879224219,-0.10867442854855512,62,1.146605450675664
RTB-Base,ARTNA,2024-05-31,-9.103407204324327,1.8585344111250734,62,10.961941615449401
Zone-Retest,OGI,2022-03-09,-10.998013693745095,-23.122683831395758,62,-12.124670137650662
Parabola,ORMP,2026-06-25,15.954912398843597,-0.29977533699450654,31,-16.254687735838104
Washout,OSUR,2024-03-25,-20.7415536144602,-30.962442753193038,62,-10.220889138732836
Parabola,ATLX,2026-05-04,-2.518669218394648,-51.33433460919732,62,-48.81566539080267
Zone-Retest,DAY,2025-11-11,1.4601485063009902,1.4601485063009902,57,0.0
Parabola,STEL,2026-06-10,2.5471183298293507,2.5471183298293507,14,0.0
RTB-Base,DXLG,2023-02-17,-19.828841359412003,-28.490927095161684,62,-8.662085735749681
P55,BSET,2022-06-24,31.999280700022055,7.328954088891298,62,-24.670326611130758
G3→L46 🕐,REFI,2026-06-26,-0.11905094846419982,-7.348026489677268,30,-7.228975541213067
Zone-Retest,KW,2026-05-27,-1.025958789089104,-1.025958789089104,14,0.0
🌀Engulf-AbsRev🟡,THR,2026-04-06,16.845836257112985,16.845836257112985,39,0.0
Washout,TACO,2025-06-20,-1.0533619382247448,-3.596716717376763,62,-2.5433547791520184
Atomic,ALT,2025-05-20,-7.185997727546617,-46.147519147775625,62,-38.961521420229005
RTB-Base,NMP,2025-09-05,3.5251324625964306,1.5120230943906745,62,-2.013109368205756
Zone-Retest,CTLT,2024-10-03,4.601152893861965,4.601152893861965,53,0.0
Parabola,QTRX,2025-11-21,-15.048450287217735,-4.029325324407279,62,11.019124962810455
Zone-Retest,AVXL,2025-09-26,-40.997023303906694,-65.13143779591276,62,-24.134414492006066
Zone-Retest,TACO,2025-06-13,1.3402766623012377,-1.7468800422554664,62,-3.087156704556704
Zone-Retest,CEPO,2025-09-29,1.1266564439055773,-0.9654435014145477,62,-2.092099945320125
Atomic,KEEL,2026-06-05,1.2073978654659592,-27.05209968066768,44,-28.25949754613364
Zone-Retest,XELLL,2025-11-06,-6.290788816774845,-0.8189965052421364,62,5.471792311532709
Zone-Retest-E,BTBT,2021-12-22,-18.975737829191424,-55.91590930982026,62,-36.940171480628834
Washout,FLL,2022-05-13,-18.43950518575656,23.06942617987911,62,41.50893136563567
Zone-Retest,AEI,2021-12-30,-22.017199201198206,-18.356024296888002,62,3.6611749043102044
P55,MVST,2022-03-01,-26.031485894407698,-46.78466984397354,62,-20.75318394956584
P55,HCAT,2024-11-25,-39.806257471452646,-40.64938361456608,62,-0.8431261431134303
G3→L46 🕐,PLCE,2025-12-03,-0.5707393116566815,-46.092687054899336,62,-45.521947743242656
Atomic,BMBL,2025-09-03,-12.151915825448839,-42.512878446557814,62,-30.360962621108975
Parabola,VYGR,2024-07-31,-55.879835667211154,-27.443525730821243,62,28.43630993638991
Washout,COCP,2021-06-03,-48.587998739595534,-9.302664445954017,62,39.28533429364152
P55,CDZI,2026-03-04,-7.952529781969403,-14.512033591947853,62,-6.55950380997845
RTB-Base,REKR,2022-01-19,-4.483975227634734,-29.96955637971615,62,-25.485581152081416
Zone-Retest,TTEC,2024-06-10,-13.394886768208341,-27.308442663873038,62,-13.913555895664697
Parabola,MSB,2022-09-16,7.414728412210475,-17.219084696046355,62,-24.63381310825683
Washout,CWCO,2026-03-13,-15.690008013238483,-13.913109640934712,62,1.776898372303771
Zone-Retest,ACCO,2025-01-21,4.041538778788306,-32.01024366097357,62,-36.05178243976188
G3→G3,LRMR,2026-03-04,-8.244458673653183,-36.77309429165476,62,-28.528635618001573
Zone-Retest,AFYA,2024-09-04,-9.101162921271595,-1.6351582808158682,62,7.4660046404557265
G3→L46 🕐,ASPI,2026-05-20,2.9942526931252598,-8.946598916058896,55,-11.940851609184156
Parabola,DBI,2026-05-28,-22.279384539542896,-17.88346269903322,50,4.395921840509676
P55,RVP,2021-09-17,-43.58744498858648,-44.16461391727438,62,-0.5771689286878967
Zone-Retest,GPMT,2023-06-06,1.7052492546320963,7.720323029511938,62,6.015073774879842
Zone-Retest,CYN,2025-10-03,-14.950844984516849,-57.27969620529333,62,-42.32885122077648
Zone-Retest,EOSE,2026-06-12,-19.952835429395595,-47.97429530307713,39,-28.021459873681533
Zone-Retest,OSUR,2024-05-15,-8.134738221135468,-24.351289306915554,62,-16.216551085780086
Washout,LXEO,2026-03-20,-13.0612893699175,-14.26845961627507,62,-1.2071702463575704
P55,TLS,2026-01-29,-8.414811263669868,-21.46943427614762,62,-13.054623012477752
G3→L46 🕐,FACT,2025-07-01,2.996251496541574,0.37881842285112943,62,-2.6174330736904445
Atomic,KOSS,2024-07-10,-37.73116563937744,-29.26928219336001,62,8.461883446017428
P55,FOA,2026-03-11,44.54820692689779,9.177534122544989,62,-35.3706728043528
Washout,ACH,2022-03-16,-28.149654983118307,-24.64100872848853,62,3.5086462546297774
Zone-Retest,KW,2026-03-30,-0.5733375963451968,-0.5733375963451968,54,0.0
Parabola,BSET,2022-07-05,14.055688272702765,-14.123555109295587,62,-28.179243381998354
Washout,BHFAN,2025-07-21,1.6007413842632767,-7.609455034139861,62,-9.210196418403138
Parabola,XRX,2025-01-27,-19.835688858017335,-60.149999999999984,62,-40.31431114198265
Zone-Retest,GEMI,2026-02-17,-26.76437642962492,-42.47147480784555,62,-15.707098378220632
P55,MIND,2025-10-08,-35.62511044272037,-14.899552562771385,62,20.725557879948987
RTB-Base,RWT,2026-05-19,-3.348637158765672,-10.018022393890075,56,-6.669385235124403
ppr×NS 🕐24-26,VRTS,2026-05-29,-0.09059190543791439,-0.09059190543791439,22,0.0
G3→G3,WRK,2024-06-21,0.5210720765592538,0.5210720765592538,10,0.0
Zone-Retest,GNS,2023-12-21,-38.1002175308466,-67.69867698452322,62,-29.598459453676618
Parabola,IMRX,2026-04-22,-7.980561849533391,-20.484167800178092,62,-12.503605950644701
RTB-Base,AVIR,2022-09-15,-17.186210390296903,-35.68786966608911,62,-18.501659275792203
G3→G3,LZM,2026-04-21,-13.189219140308477,-47.73292853318989,62,-34.54370939288141
Atomic,NERV,2026-03-05,-10.13576761723088,-29.360661619511035,62,-19.224894002280156
Zone-Retest-E,GSM,2026-02-26,-2.018039241329234,-19.39159649626899,62,-17.373557254939755
P55,PLRX,2025-01-06,-42.74533209410977,-77.89555878359582,62,-35.15022668948605
Zone-Retest,CURV,2022-06-07,19.300453948706547,6.17199848375583,62,-13.128455464950717
Zone-Retest,DGXX,2026-07-01,-4.7958454906758154,-26.90152374627552,27,-22.105678255599702
G3→L46 🕐,BPRN,2026-06-26,0.49690198744434827,11.70349635121784,30,11.206594363773492
Zone-Retest,WBA,2025-07-25,3.14928250974143,3.14928250974143,24,0.0
Zone-Retest,CFLT,2026-02-09,1.0389621421366848,1.0389621421366848,25,0.0
RTB-Base,RFL,2021-11-02,-31.87403556826924,-50.76461861262162,62,-18.89058304435238
Parabola,CHI,2026-01-20,18.801219589473455,6.670729920531709,62,-12.130489668941745
Zone-Retest,KDK,2026-06-22,-15.302313266327555,-25.470700085097725,34,-10.16838681877017
Parabola,KALV,2026-04-01,30.152371479030833,30.152371479030833,49,0.0
RTB-Base,AGNCO,2026-03-31,1.623503468713433,2.104323170140426,62,0.48081970142699304
Zone-Retest,TMUSL,2026-06-29,-2.2799274716617077,-3.459592573165576,29,-1.1796651015038684
Parabola,CFLT,2026-02-20,0.7420268114293918,0.7420268114293918,17,0.0
RTB-Base,ACGC,2026-06-01,0.1028465366466559,0.30415747346722044,41,0.20131093682056456
Parabola,JMSB,2022-06-17,-24.401553703926876,-18.341678000241018,62,6.059875703685858
Zone-Retest,PLUG,2023-11-01,0.8929747869662887,-52.71262364132981,62,-53.605598428296105
P55,REAX,2025-02-18,-4.491960341929863,-16.877961492875187,62,-12.386001150945324
Zone-Retest,FFIC,2026-03-03,-0.7495511237647965,2.463133067451589,62,3.2126841912163857
G3→G3,FHTX,2026-07-07,21.845224984305727,19.867992812761067,24,-1.9772321715446601
Zone-Retest-E,FLWS,2025-06-20,-2.2016843781946074,-0.29977533699451764,62,1.9019090412000899
Washout,ARQ,2024-09-24,39.0351616514622,24.851891102739827,62,-14.18327054872237
Atomic,EMBC,2026-03-19,3.047159567910712,-55.97045925525118,62,-59.01761882316189
RTB-Base,FWDI,2026-02-04,-11.023126929324329,-21.219100574490383,62,-10.195973645166054
Zone-Retest,OSG,2026-06-15,11.31071590288984,-12.088889519030948,38,-23.39960542192079
P55,MAIA,2024-06-03,0.688840748777825,-44.78749919674943,62,-45.47633994552726
Zone-Retest,SCVL,2026-04-02,10.491412325250199,10.491412325250199,49,0.0
RTB-Base,SITC,2026-04-14,-3.9134025152747167,-18.938483940755553,62,-15.025081425480836
G3→L46 🕐,GRAB,2025-10-17,-9.893925037710344,-22.15311632195836,62,-12.259191284248017
Washout,TCRX,2024-11-06,5.762559731830846,-55.78797161400756,62,-61.55053134583841
Parabola,IAC,2026-03-27,6.437654530334896,6.437654530334896,47,0.0
Zone-Retest,HCAT,2025-01-10,-29.988762193315914,-43.852958885654694,62,-13.86419669233878
RTB-Base,KEN,2022-07-01,66.14984600563943,-10.169276919630615,62,-76.31912292527005
Zone-Retest,EEIQ,2026-03-30,-31.271395927041883,-55.307653624225885,62,-24.036257697184002
Washout,RILYG,2024-01-29,47.71778988302789,24.16944967923607,62,-23.54834020379182
Zone-Retest,HCIC,2021-10-26,-1.3043047601635824,-2.208381241015739,62,-0.9040764808521566
Parabola,PARA,2025-07-15,-15.808264706994606,-86.01664761847282,18,-70.20838291147821
Zone-Retest,PRME,2024-07-02,-6.653880542822127,-37.33513139381837,62,-30.681250850996246
P55,OBT,2025-06-27,44.53569519261965,-0.8825587494244944,62,-45.418253942044146
Atomic,PLBY,2022-06-13,-34.35126220925023,-41.9040356132468,62,-7.552773403996568
Zone-Retest,EPM,2024-09-20,-1.3831412465388824,-5.53604389979227,62,-4.152902653253388
G3→L46 🕐,STEM,2026-01-22,-46.26756905324429,-43.38475416796065,62,2.8828148852836364
P55,DFLI,2025-12-08,-11.53292561158264,-55.46702446330504,62,-43.934098851722396
G3→L46 🕐,TARA,2026-03-11,-10.019708711269399,-28.75267121441732,62,-18.73296250314792
G3→G3,MIND,2025-06-11,-0.7715086818590953,50.17569256351696,62,50.94720124537606
Zone-Retest,DFS,2025-02-27,3.9408673467131115,3.9408673467131115,56,0.0
Parabola,ORGO,2022-08-09,-19.960207169865367,-51.85035644208106,62,-31.89014927221569
Zone-Retest-E,CFLT,2026-01-23,1.237891949755571,1.237891949755571,36,0.0
G3→L46 🕐,NRT,2023-07-25,-39.8689046152134,-28.801913770211556,62,11.066990845001847
Zone-Retest,VFS,2024-01-11,-24.591695665457042,-41.28307650464602,62,-16.691380839188977
Atomic,SOHU,2022-04-14,-34.309431422318355,-17.517163730189704,62,16.79226769212865
Zone-Retest,MNTK,2023-03-17,-24.465654178307002,-2.9553664184574115,62,21.51028775984959
G3-gap,MNKD,2026-01-21,0.7934752980018946,-54.45212345715004,62,-55.24559875515193
RTB-Base,FITBO,2024-09-30,-12.694975639988288,-7.013842167782808,62,5.68113347220548
P55,DAY,2025-11-19,1.1355625810594296,1.1355625810594296,51,0.0
Parabola,BDN,2024-12-18,-14.248188322286598,-21.56260000969586,62,-7.314411687409262
Atomic,LAES,2025-01-10,-9.567834719024798,-60.14999999999999,62,-50.58216528097519
Parabola,DMAC,2025-11-20,7.494724031046279,13.004628756730302,62,5.509904725684023
G3→G3,KOSS,2024-11-11,-10.712727337565092,-7.5745774195849105,62,3.138149917980181
Zone-Retest-E,TMCI,2025-04-07,-15.515047666595333,-17.96035929099548,62,-2.445311624400148
G3→L46 🕐,RCKT,2025-04-02,-7.631435189872532,-60.00043413900128,62,-52.368998949128745
RTB-Base,SBMT,2026-05-04,-35.48598384054658,-39.41635819466676,62,-3.9303743541201825
P55,FSP,2022-02-22,-11.530732065346633,-23.288139890340247,62,-11.757407824993614
G3→L46 🕐,INDI,2024-06-14,-29.91053161636856,-50.43147434021381,62,-20.520942723845252
Parabola,ACB,2025-12-18,-7.530308847074213,-41.961420799834734,62,-34.43111195276052
RTB-Base,BRT,2022-12-16,-22.117049425861207,-8.93681977034449,62,13.180229655516717
Zone-Retest,JELD,2025-04-10,-3.3544667224784384,-11.373031609373713,62,-8.018564886895275
G3-gap,BGMS,2025-10-10,9.816382508788408,-49.94388328389217,62,-59.76026579268058
RTB-Base,BTBT,2021-12-23,-16.63890300912268,-54.64250366873931,62,-38.00360065961663
Zone-Retest,FIP,2026-04-06,2.091846810622383,-11.65998053817477,62,-13.751827348797153
G3→L46 🕐,VRA,2024-01-04,-31.810432121458305,-12.664716606847387,62,19.14571551461092
Zone-Retest-E,PSEC,2024-08-27,3.6704125223695314,-7.843132269786185,62,-11.513544792155717
Zone-Retest,GOSS,2022-10-13,-21.13734351624184,-70.89235325036294,62,-49.7550097341211
RTB-Base,UPLD,2023-03-03,-10.106493830682545,-50.04658369588474,62,-39.9400898652022
Zone-Retest,CTLT,2024-09-25,5.175561010428514,5.175561010428514,59,0.0
Zone-Retest,SEER,2022-12-14,-13.21969258572206,-27.096640741762762,62,-13.876948156040703
Zone-Retest,SMC,2025-06-27,17.250360937494264,-12.437975315385414,62,-29.68833625287968
Zone-Retest,FULC,2026-05-14,-12.095268909822094,-60.14999999999999,59,-48.054731090177896
G3→L46 🕐,GIG,2026-03-23,0.2627611399801667,-59.83488581681469,44,-60.097646956794854
Zone-Retest,GOGO,2025-12-04,-24.902640491711995,-23.176123638749385,62,1.726516852962611
Zone-Retest,TIGR,2026-04-01,-22.316439781321822,-31.929349609126685,62,-9.612909827804863
Zone-Retest,LDI,2021-09-17,-30.28161223312485,-38.7140038601615,62,-8.432391627036647
Atomic,AP,2026-05-18,-29.710875676328545,-12.469885822236188,57,17.240989854092355
Zone-Retest,VFS,2024-05-20,3.58783586914711,-22.397775877167852,62,-25.985611746314962
Washout,LRHC,2026-02-18,-40.89821833184289,-60.14999999999999,62,-19.2517816681571
Parabola,PEPG,2026-01-02,-21.597041184745297,-69.1300693087108,62,-47.53302812396551
G3→L46 🕐,ALF,2026-03-31,-0.11418012386625308,0.4426055155185406,62,0.5567856393847936
Parabola,HES,2025-06-18,2.789017079916439,2.789017079916439,20,0.0
RTB-Base,GDRX,2024-09-23,-27.360633325374266,-36.91152438009653,62,-9.550891054722264
G3→G3,BON,2025-03-18,-57.386137635830416,-67.02497645442101,62,-9.638838818590592
Zone-Retest,HRZN,2026-02-27,-3.9221020992171116,-35.8930730875296,62,-31.970970988312487
Zone-Retest,NOA,2026-03-16,4.8983327068449265,4.122495685376354,62,-0.7758370214685728
Atomic,FLT,2024-01-03,8.49547067311201,8.49547067311201,56,0.0
Zone-Retest,NINE,2023-07-18,126.32480392314753,-18.61907058766689,62,-144.94387451081442
Parabola,MNKD,2026-01-22,-3.778877241628847,-56.522062115885404,62,-52.743184874256556
Zone-Retest,GDRX,2024-10-31,-21.427957671643,-25.49708908424198,62,-4.069131412598981
Zone-Retest-E,GDRX,2024-09-30,-26.614622246717772,-34.07049553780604,62,-7.455873291088267
Washout,CMTL,2023-12-15,-30.27961946658178,-43.28740307652666,62,-13.007783609944877
Atomic,ENVX,2026-05-07,-23.767567660485316,-36.02463116702193,62,-12.257063506536614
Atomic,PAL,2026-06-26,0.9659317361985278,3.075443524853566,30,2.109511788655038
P55,JNPR,2025-06-24,9.438364705688734,9.438364705688734,6,0.0
Zone-Retest,EMBC,2026-04-06,4.68706902755967,-55.26840071901228,62,-59.95546974657195
Atomic,TLRY,2026-03-20,-24.69756778858861,-28.613262873412353,62,-3.915695084823742
Parabola,ADSE,2024-12-31,-24.13069562323183,-5.292286570144783,62,18.838409053087048
QZ-Capit🧱OB,DXYZ,2026-03-20,65.76415064282305,65.76415064282305,54,0.0
Zone-Retest,ALEC,2024-04-11,-13.500313512781686,-15.192690201985176,62,-1.6923766892034902
RTB-Base,NFGC,2022-04-19,4.448347234393163,-46.38449441222782,62,-50.832841646620984
Parabola,HITI,2021-11-16,-31.50297054418372,-31.24294391745715,62,0.26002662672657095
G3→G3,HCIC,2021-07-20,-1.7004798913853703,-1.3002785901308265,62,0.4002013012545438
G3→G3,LIDR,2023-08-04,0.7579600937576649,-59.5329594591164,62,-60.290919552874065
Washout,FLWS,2025-03-06,-21.03789892084949,-25.339139367871272,62,-4.301240447021783
Atomic,RILYN,2026-03-06,7.056703946665094,6.884622559912806,62,-0.17208138675228746
Zone-Retest,CHGG,2024-02-22,-42.341975195102094,-53.652240917799496,62,-11.310265722697402
Zone-Retest,ONEW,2025-05-09,-8.588351007236234,21.699808684955496,62,30.28815969219173
G3→L46 🕐,AIOT,2025-11-12,1.4868091997192914,-20.150714633814687,62,-21.63752383353398
Zone-Retest,ACCO,2024-05-30,8.99321586926541,9.190939086419887,62,0.19772321715447738
Zone-Retest,DBI,2026-07-09,10.398463019756093,16.639102061193928,22,6.240639041437834
Zone-Retest,SEM,2026-04-14,0.4312818295436673,0.4312818295436673,54,0.0
G3→G3→RL,CLRB,2025-01-13,46.0837386368959,-6.697501402358724,62,-52.78124003925463
RTB-Base,SPWH,2023-04-17,-25.855846824169344,-18.035409647766127,62,7.8204371764032174
Washout,HCAT,2024-12-23,-29.293112526677405,-36.93038183517924,62,-7.6372693085018355
D+L1,SNDL,2022-03-22,-6.747668073535457,-34.56571959404067,62,-27.818051520505215
Zone-Retest,UWMC,2026-02-03,-1.6387630240463025,-30.14007236272029,62,-28.501309338673988
D+L1,VRTS,2026-04-29,-1.1688778727460045,-1.1688778727460045,43,0.0
G3→G3,MDWD,2025-09-11,-20.28033635434157,-2.8236356760278083,62,17.456700678313762
Parabola,BDN,2024-12-09,-11.374712227433509,-20.867515276381216,62,-9.492803048947707
RTB-Base,NEWTH,2025-01-13,-0.7680061677706238,-4.943064408857617,62,-4.175058241086993
G3→L46 🕐,SEE,2026-03-27,0.05683260823051164,0.05683260823051164,8,0.0
Washout,VTSI,2024-05-24,-33.514202401061624,-28.85797430796811,62,4.656228093093514
Zone-Retest,HTZ,2026-04-01,7.80772153735208,-30.340184808257703,62,-38.14790634560978
RTB-Base,NCMI,2025-03-07,-9.4089186395845,-11.686204465231992,62,-2.277285825647491
Atomic,MG,2026-05-07,-14.502609017508222,-15.040595141770103,62,-0.5379861242618809
Washout,CCIX,2025-06-10,2.0485366259171798,-1.4269650791921382,62,-3.475501705109318
G3→G3,MITT,2025-03-03,6.841830135591303,-7.176876903188262,62,-14.018707038779565
G3→G3→RL,AMPY,2026-05-14,0.2969391530234512,-19.991353507587213,59,-20.288292660610665
Parabola,AQST,2025-12-09,-24.3963604743714,-36.89646401438566,62,-12.500103540014258
Zone-Retest,EGAN,2025-11-24,-40.29528623346202,-12.584770600805555,62,27.710515632656467
Zone-Retest,HAIN,2025-01-27,-7.614810110841069,-44.007108110727685,62,-36.392297999886615
Zone-Retest,BRCC,2024-08-07,-1.2124830578629284,-42.831955129463026,62,-41.6194720716001
RTB-Base,HWBK,2024-10-29,55.849011191949906,26.99908220193979,62,-28.849928990010117
G3→L46 🕐,BSET,2025-07-10,14.299457084384098,-18.682020539095305,62,-32.98147762347941
Zone-Retest,INDI,2026-05-27,0.48955450223873725,-20.42768623744226,51,-20.917240739680995
Zone-Retest-E,EXFY,2022-12-08,-31.175282379814178,-6.125342703564257,62,25.04993967624992
Parabola,GPMT,2024-01-17,-9.571581912845012,-23.300987804008273,62,-13.72940589116326
Zone-Retest,EDIT,2024-05-10,-9.705955921190673,-23.996114885642545,62,-14.290158964451871
P55,WRAP,2021-06-01,-38.13191601486659,-16.05392189493538,62,22.07799411993121
G3→G3,USGO,2024-11-18,61.163585177788846,35.313471459477455,62,-25.85011371831139
ppr×NS 🕐24-26,MTAL,2025-09-29,-17.07788685823723,-16.91419796534706,62,0.16368889289016764
Zone-Retest,CPRX,2026-07-07,-0.29977533699450654,-0.29977533699450654,6,0.0
Parabola,K,2025-11-26,-0.39541731464107205,-0.39541731464107205,10,0.0
Zone-Retest,TKNO,2025-09-24,-2.9932303375380274,-10.688816053376588,62,-7.69558571583856
Zone-Retest,BTQ,2026-06-24,-8.114140745403647,-28.952448501161314,32,-20.83830775575767
RTB-Base,ACGLN,2022-08-24,-12.552655435576437,0.5600758979937006,62,13.112731333570137
Zone-Retest,GTM,2026-03-27,3.4746317808510616,-53.0042238189108,62,-56.478855599761864
Atomic,DRE,2022-07-14,-13.806605153267586,-13.806605153267586,56,0.0
G3→L46 🕐,MERC,2024-08-09,-17.14567213596782,-3.668954696789167,62,13.476717439178653
Zone-Retest,TZOO,2025-04-30,-51.38443866458376,-34.5709492213293,62,16.81348944325446
G3→L46 🕐,SMHI,2024-10-31,21.66216666049517,-13.579089102918513,62,-35.24125576341368
RTB-Base,VFS,2024-02-08,-4.632898294068327,-53.57834804397178,62,-48.94544974990345
P55,MBOT,2022-01-25,1.4367503093186076,-17.954452741178102,62,-19.39120305049671
Parabola,CWAN,2026-06-12,0.3549802345661769,0.3549802345661769,8,0.0
Atomic,DRE,2022-09-02,-19.181278116472672,-19.181278116472672,20,0.0
Parabola,FCCO,2026-04-09,13.576493183855792,4.969279455120806,62,-8.607213728734987
Zone-Retest,CERS,2022-05-04,0.0980343230174764,11.634514463364726,62,11.53648014034725
RTB-Base,OACC,2025-01-14,7.011224061600668,2.1038409036395143,62,-4.907383157961154
Parabola,WBA,2025-08-20,-0.7973678187038256,-0.7973678187038256,6,0.0
G3→L46 🕐,CTXR,2024-05-21,13.781666602660097,-18.221610532918582,62,-32.00327713557868
Zone-Retest,TRON,2025-08-13,-28.887031439142657,-60.14999999999999,62,-31.262968560857335
Parabola,STEL,2026-06-22,2.172409010929793,2.172409010929793,7,0.0
Zone-Retest,ENGN,2026-03-13,19.589090551165118,-71.060842408474,62,-90.64993295963912
Washout,HYLN,2021-11-26,-20.727149542861284,-35.81901556062853,62,-15.091866017767245
G3-gap,PSHG,2022-08-02,-20.639635916495642,-40.0549573787467,62,-19.415321462251057
Zone-Retest,HOLX,2026-03-27,0.12236856434202927,0.12236856434202927,6,0.0
G3-gap,NKTX,2024-08-08,3.893934098851709,-35.646754867698455,62,-39.540688966550164
RTB-Base,TRINI,2024-07-24,1.1043057651369206,1.7862880147436366,62,0.681982249606716
G3→L46 🕐,CURV,2025-05-01,1.5901342780781536,-58.0050155838797,62,-59.59514986195785
Zone-Retest,EVH,2025-10-10,-32.489932922999934,-49.61752620461037,62,-17.127593281610437
G3→L46 🕐,CMPX,2026-03-04,-10.30266009751027,-68.53373923908413,62,-58.23107914157386
G3→G3,FPH,2025-07-28,14.595009557486966,12.940033458100137,62,-1.654976099386829
P55,ALDX,2026-03-10,-6.645397091278965,-79.24677539765118,62,-72.60137830637221
P55,SES,2022-11-30,5.1087784989182925,-33.99922616075886,62,-39.10800465967715
Parabola,PMVP,2023-07-24,-11.512091915237926,-41.239882626742734,62,-29.72779071150481
Parabola,CERS,2022-07-18,-12.170081765463697,-40.44934119799322,62,-28.27925943252952
Washout,PRTS,2023-03-14,-15.336441995213617,-35.103745354894905,62,-19.767303359681286
G3→L46 🕐,AZ,2026-04-15,-20.294203718841757,-32.60784558815013,62,-12.31364186930837
Atomic,ORIS,2025-09-25,-10.784048926610085,-61.208412381427856,62,-50.42436345481777
Zone-Retest,ELME,2025-11-12,3.1577249796946036,-84.05473990506776,62,-87.21246488476237
Parabola,LGO,2021-08-03,-31.046154256213992,-25.36804105698682,62,5.678113199227173
Parabola,CHY,2025-11-05,7.506384838549734,-0.6429032567986601,62,-8.149288095348394
Zone-Retest,RNA,2026-05-22,-4.520960853109263,-5.441946783897938,53,-0.9209859307886754
Parabola,ALEC,2024-09-17,-10.617048988688587,-55.593367348277056,62,-44.97631835958847
Parabola,LOKV,2025-08-11,-3.8936063803128027,-0.10551419951784756,62,3.7880921807949552
P55,ESOA,2025-05-23,42.153888072747165,-7.820704052939425,62,-49.97459212568659
Zone-Retest,COTY,2025-03-18,-9.749885885457516,-15.812220954282846,62,-6.06233506882533
Zone-Retest,KULR,2025-10-14,0.2762836514459023,-57.905674181036126,62,-58.18195783248203
RTB-Base,CDZI,2026-02-17,3.171500367036356,-5.404592548804615,62,-8.57609291584097
QZ-Capit-Rev,VSCO,2026-05-12,19.855914103612164,19.855914103612164,14,0.0
Parabola,VYGR,2024-10-31,-27.053203028546495,-20.474491301115677,62,6.578711727430818
G3→G3,CTXR,2024-04-18,-9.46969392849502,-16.601852832995405,62,-7.132158904500384
Parabola,FLT,2024-01-05,8.099308730929971,8.099308730929971,54,0.0
Washout,SLQT,2021-11-24,-40.4356499564379,-69.47705516888067,62,-29.04140521244277
Washout,JCSE,2022-07-22,-30.091153843005998,-51.9599899331331,62,-21.868836090127104
RTB-Base,MENS,2025-12-15,-35.076218374511875,-60.14999999999999,62,-25.073781625488117
RTB-Base,INBK,2023-05-11,181.8814111766195,120.42039081837453,62,-61.46102035824498
G3→G3,GRAF,2026-06-16,-0.7557124359123311,-1.4852117941808682,26,-0.7294993582685372
RTB-Base,BPYPO,2026-03-10,-0.8344485614282746,0.43540034660192756,62,1.2698489080302022
RTB-Base,SGC,2024-09-30,-0.36419483677709297,5.240301644307715,62,5.604496481084809
HighBase-15mDip,PARA,2025-05-16,-7.515841993312572,-84.62706591373444,57,-77.11122392042186
Zone-Retest,CEPO,2025-08-12,0.5512208959288336,-1.4344369808923116,62,-1.9856578768211453
Atomic,VSCO,2026-04-06,19.248088509165335,19.248088509165335,40,0.0
G3→L46 🕐,CVKD,2024-11-11,-10.451214844400065,0.8096716037055365,62,11.260886448105602
Zone-Retest,RBBN,2025-02-18,-3.7297448864870795,-31.169501282427508,62,-27.439756395940428
Atomic,ABAT,2025-10-23,-11.039967569653935,-20.94108228413683,62,-9.901114714482894
P55,RVP,2021-06-01,-26.1788832410132,30.970813380361434,62,57.14969662137463
Atomic,SILA,2026-05-21,0.22923247578961484,0.22923247578961484,27,0.0
Zone-Retest,EVH,2025-09-19,-36.588199843092504,-56.193078239783176,62,-19.604878396690673
Zone-Retest-DiT,XELLL,2025-12-08,-6.403284874924936,-1.1774041594420357,62,5.225880715482901
P55,PRQR,2021-08-09,-7.725345841996506,23.556844796096993,62,31.2821906380935
Washout,MDXG,2026-01-16,-7.980561849533391,-40.274777868162786,62,-32.2942160186294
RTB-Base,ULH,2025-07-11,-48.46891370644885,-24.32889271239384,62,24.14002099405501
Zone-Retest,KULR,2025-06-24,-21.973851049772648,-28.401335571493064,62,-6.427484521720416
Washout,BSET,2021-07-01,-15.342454497376117,-22.014928980590014,62,-6.672474483213897
Spring,PNNT,2025-11-25,-13.861775291222761,-13.014150294083498,62,0.8476249971392633
RTB-Base,XELLL,2025-11-04,-6.178022443707293,-1.01956069700016,62,5.1584617467071325
RTB-Base,EVCM,2025-11-11,34.420870966277825,19.670269595606566,62,-14.750601370671259
RTB-Base🧱OB,CHMI,2022-11-10,-14.49081754081208,17.823724344989362,62,32.31454188580144
P55,PRME,2024-07-17,-20.671073104408293,-43.97460312622256,62,-23.303530021814268
Zone-Retest,WPRT,2022-03-16,-21.754080365937593,-27.28632254321221,62,-5.532242177274618
G3+RL,OCCI,2025-03-24,-22.55725496885325,-9.909421018847691,62,12.647833950005559
P55,HAIN,2024-11-22,-37.38700164039657,-56.24070865751064,62,-18.85370701711407
Zone-Retest,GPRO,2023-01-04,-2.4366478492378105,-3.9907369490511266,62,-1.554089099813316
Washout,THRY,2025-11-06,-30.863348260158247,-46.352579786829445,62,-15.489231526671198
G3→G3,BRBS,2022-06-24,0.2035654300527824,-17.350443820721345,62,-17.55400925077413
P55,ALDX,2025-11-12,-4.13279739699472,1.8083867960056177,62,5.941184193000337
Parabola,GTLS,2026-05-22,0.5155242880156288,0.5155242880156288,36,0.0
Washout,ZSQR,2026-07-17,-4.468095911161712,-23.604476728929374,16,-19.136380817767662
Zone-Retest,NAKA,2026-06-01,-15.64891990493224,-19.688168475442176,48,-4.039248570509935
Zone-Retest,TMC,2026-03-10,-18.32385742472554,-18.48336257594439,62,-0.1595051512188519
Zone-Retest,FDP,2026-06-11,0.04311691802954556,0.04311691802954556,11,0.0
Zone-Retest,MENS,2025-11-10,-54.955501168735765,-55.361374095133044,62,-0.40587292639727934
G3→L46 🕐,TVGN,2025-07-18,-65.5986524181981,-44.42406509283695,62,21.174587325361152
P55,ATCX,2026-01-26,-32.62538763796751,-60.14999999999999,62,-27.524612362032478
G3→L46 🕐,GTEC,2021-11-30,0.3878983865798936,-28.769467492975416,62,-29.15736587955531
RTB-Base,BYFC,2021-06-07,-29.42275753037112,42.81736713112148,62,72.2401246614926
ppr×NS 🕐24-26,CPRX,2026-07-08,-0.23631793333198078,-0.23631793333198078,5,0.0
Parabola,CANG,2025-09-08,7.320887602060694,-65.9547175811625,62,-73.27560518322319
Zone-Retest,HUMA,2024-09-19,-8.56076514724317,-22.209357007653992,62,-13.648591860410821
Parabola,KRMD,2026-02-02,1.5424797305886142,-26.644022803433227,62,-28.18650253402184
Washout,CTNT,2026-04-23,-11.11158310305244,-23.19536825335246,62,-12.083785150300018
G3→L46 🕐,LFAC,2023-03-28,-5.630197244647822,3.126924460782604,62,8.757121705430425
Zone-Retest,NFE,2025-04-17,20.309879575654293,-47.773049411647655,62,-68.08292898730195
RTB-Base,DHCNI,2024-10-04,15.842894621561793,-2.512883315183684,62,-18.355777936745476
G3→L46 🕐,PLTK,2025-05-15,0.10122958133079187,-24.36007043651392,62,-24.46130001784471
Washout,ENGN,2026-03-12,28.665523071078486,-68.85583337821257,62,-97.52135644929105
Zone-Retest,MBAV,2025-12-12,0.16249422163048824,-1.5016761894195927,62,-1.664170411050081
Zone-Retest,CTLT,2024-11-25,3.793789137546538,3.793789137546538,16,0.0
Parabola,MXCT,2024-01-24,-1.8418637487783884,-23.81662361669851,62,-21.974759867920124
Zone-Retest,BORR,2026-06-02,-2.9932303375380274,-25.887597842157778,47,-22.89436750461975
G3→L46 🕐,XELLL,2026-01-21,-6.290788816774845,-2.05713929106342,62,4.233649525711425
RTB-Base,BNC,2025-10-22,-16.83038662966832,-22.029530503977007,62,-5.199143874308685
G3→G3,TMUSL,2026-03-02,-6.507661731061059,0.022712267892061176,62,6.53037399895312
Parabola,CVGW,2026-05-06,-7.738068057544773,-7.738068057544773,15,0.0
RTB-Base,WOOF,2023-08-09,-27.9904797175821,-48.178776507370095,62,-20.188296789787994
Washout,WSBF,2022-04-27,24.18948465680682,14.35713837500628,62,-9.83234628180054
Parabola,SQ,2024-11-07,12.018654394715883,12.018654394715883,48,0.0
Zone-Retest,KOPN,2021-10-29,-6.741725315252939,-49.902790169584335,62,-43.1610648543314
Zone-Retest,PRTS,2023-03-06,-24.660824125257903,-36.84134851938959,62,-12.180524394131687
Zone-Retest,CTLT,2024-10-21,4.896275465820149,4.896275465820149,41,0.0
Parabola,TTGT,2026-04-24,-1.8155282730552946,-32.6989943452942,62,-30.883466072238907
P55,EVCM,2025-12-11,14.600355087523736,16.438682867172123,62,1.8383277796483863
P55,AMC,2024-06-06,2.6660729203224873,-7.220087937400827,62,-9.886160857723315
Atomic,MENS,2025-11-03,-59.47781072790001,-60.14999999999999,62,-0.6721892720999847
Washout,NINE,2023-03-17,100.44196918907353,-42.91442479138435,62,-143.35639398045788
D+L1,BEAG,2025-06-23,1.701040233542811,-1.2525446562979878,62,-2.9535848898407986
G3→L46 🕐,ATLCZ,2024-11-15,2.775611582626053,-0.020194707938098057,62,-2.7958062905641508
Zone-Retest,SLXN,2025-08-01,-16.671613975433246,-60.14999999999999,62,-43.478386024566746
G3+RL,BEEM,2023-08-16,-26.604993689487728,-34.27734904229825,62,-7.67235535281052
G3-gap,AROW,2026-03-04,19.2187005938578,7.959184037095196,62,-11.259516556762605
Parabola,CMRC,2025-09-29,-0.49517695081645036,-16.12730605657074,62,-15.632129105754288
Zone-Retest,VRA,2024-09-20,-4.57641438215119,-28.004958716487664,62,-23.428544334336475
RTB-Base,SPTX,2026-05-05,20.70617970738416,18.691910045594412,62,-2.014269661789747
Parabola,CRBU,2024-02-22,-26.430170387693323,-51.50951044193942,62,-25.079340054246096
Parabola,LEGO,2021-08-10,6.628995005590471,-6.469228381761977,62,-13.098223387352448
P55,REA,2026-06-02,-37.558014372493304,-57.44454145918668,47,-19.886527086693377
Zone-Retest,NKTX,2024-06-24,-6.416726037070525,-3.35825068703251,62,3.058475350038015
Washout,HCAT,2025-01-22,-10.499529469237018,-36.088386327319064,62,-25.588856858082046
Zone-Retest,ACRE,2025-09-05,2.870073065005646,3.0681885901306547,62,0.19811552512500885
Zone-Retest,NNOX,2025-07-17,2.4960309535696332,-19.07161757363955,62,-21.567648527209183
Atomic,SQ,2025-01-14,4.426364406780175,4.426364406780175,4,0.0
G3→G3,CDLX,2024-05-10,-45.100299418596975,-67.18357661919818,62,-22.083277200601202
Zone-Retest,FIP,2026-03-10,-5.989769757129021,-23.793945845936985,62,-17.804176088807964
P55,CHY,2026-03-11,7.229633206574043,9.197546803188523,62,1.9679135966144798
Washout,AARD,2026-03-10,-2.7510901814218167,-40.011075816716826,62,-37.25998563529501
Zone-Retest,CEPF,2026-05-20,-0.009513055997406464,0.3775033186654232,53,0.3870163746628297
Zone-Retest,CDLX,2024-06-26,-35.36548312649332,-61.35389776480981,62,-25.988414638316492
G3→G3,AGNCO,2025-03-31,-1.1958171502013557,0.01189138064264252,62,1.2077085308439983
Washout,WCT,2025-04-08,11.80328219791525,-37.21410081846927,62,-49.01738301638452
Parabola,CWCO,2026-03-05,-22.876204810431418,-21.486482670951563,62,1.3897221394798542
Zone-Retest-E,REKR,2021-12-07,-26.72213010893017,-45.4075522680891,62,-18.68542215915893
Zone-Retest,SPWH,2023-05-19,-13.634821627493604,2.3021849148101845,62,15.937006542303788
G3→L46 🕐,MBINL,2025-07-28,1.47346332509693,-0.08867549626933578,62,-1.5621388213662657
G3→L46 🕐,ROC,2023-02-22,-39.43026878601019,-21.11796889607675,62,18.31229988993344
RTB-Base,BHFAL,2025-07-22,-10.821626968149939,0.022322161918403437,62,10.843949130068342
RTB-Base,KULR,2025-08-04,-0.6801571452345221,-25.975547393195924,62,-25.295390247961404
G3→L46 🕐,EHGO,2025-06-04,-59.176976776214985,-38.65818599686677,62,20.518790779348215
Parabola,WBA,2025-07-22,3.687299606146338,3.687299606146338,27,0.0
G3→G3,BTCT,2024-12-09,-44.70935144901695,-60.14999999999999,62,-15.440648550983042
🧊Coil-Floor,GOSS,2022-09-23,-23.106097415338784,-71.62136438199843,62,-48.51526696665965
G3→G3,CCD,2026-04-09,10.86225499723446,9.298702109949481,62,-1.5635528872849793
Zone-Retest,ATVI,2023-09-20,1.8720561917647427,1.8720561917647427,17,0.0
RTB-Base,WAFU,2021-06-03,-10.42950827382117,-1.023327689625003,62,9.406180584196168
Parabola,MRBK,2026-04-02,7.035944128205124,6.824844287479964,62,-0.21109984072515964
Zone-Retest,VFF,2022-02-28,6.720943584623057,-41.448989016475295,62,-48.16993260109835
G3→G3,USEG,2022-03-16,-20.651413484868247,-36.5511307878946,62,-15.899717303026353
Atomic,AEYE,2025-03-26,-48.59222478674415,2.6218319250899844,62,51.21405671183413
Zone-Retest,SDHC,2026-03-18,-1.9472324153654685,-5.098889434857762,62,-3.1516570194922933
Zone-Retest,PLCE,2025-05-06,35.00638144992455,-16.29787763106722,62,-51.30425908099177
Zone-Retest,IZEA,2021-11-10,-37.55732185304133,-53.95064232010193,62,-16.393320467060597
Parabola,FENC,2026-06-26,1.4967722658436435,9.250293499145219,30,7.753521233301575
Parabola,PACB,2023-12-15,-47.96242034229623,-57.313951957260464,62,-9.351531614964237
Zone-Retest,ALVO,2025-10-28,-38.250229729206936,-34.934170607557306,62,3.31605912164963
Atomic,ALTG,2024-11-14,-5.305120789253154,-5.561805171420259,62,-0.256684382167105
Washout,VSCO,2026-03-31,20.335937760026606,20.335937760026606,43,0.0
Atomic,ALF,2021-10-25,93.4445003358272,-56.54634074068752,62,-149.99084107651473
Zone-Retest,UPLD,2022-09-09,-49.57390826999221,-35.35251217957418,62,14.221396090418033
RTB-Base🧱OB,RLGT,2021-06-25,32.7934419798873,-7.5745774195849105,62,-40.36801939947221
RTB-Base,UTMD,2021-12-21,-22.039847402856687,-3.139744244838788,62,18.9001031580179
Zone-Retest,TLS,2025-12-24,1.4588391874028441,-13.977888304529513,62,-15.436727491932357
Washout,CHY,2026-03-10,9.580325702339671,11.591319719195276,62,2.010994016855605
G3→L46 🕐,TARA,2026-01-07,-4.428919965915795,-3.678166397021015,62,0.7507535688947797
Zone-Retest,RZLT,2026-06-29,5.679280032047723,-6.677434397306231,29,-12.356714429353953
Parabola,RPAY,2025-08-19,-6.427767464326989,-37.06772810098932,62,-30.63996063666233
G3→L46 🕐,SITC,2026-05-19,-7.614810110841069,-42.54410115595837,56,-34.9292910451173
ppr×NS 🕐24-26,PRA,2026-06-18,1.3650718412011877,1.3650718412011877,5,0.0
Washout,VFF,2021-12-03,-13.980042338067694,-18.69737578671363,62,-4.717333448645935
Zone-Retest,SPWR,2023-08-24,-16.281275043658866,-38.955881465080076,62,-22.67460642142121
Zone-Retest,CMPX,2026-04-14,-3.564109604823545,-66.16251968201544,62,-62.5984100771919
Zone-Retest,IRWD,2024-06-24,-16.562026910773913,-26.807245402254924,62,-10.245218491481012
RTB-Base,CRGO,2023-01-30,22.886419154040468,-45.30093776314304,62,-68.18735691718351
Zone-Retest,OPRX,2026-02-05,-44.402583475567184,-39.35964283602145,62,5.0429406395457335
RTB-Base,BTBT,2023-12-28,15.88647160837689,-55.837521349554606,62,-71.7239929579315
Atomic,AMPY,2026-04-09,-14.973710380375389,-31.84030238426145,62,-16.866592003886062
Zone-Retest,TTEC,2024-04-10,-42.75236543232874,-35.92962773843574,62,6.8227376938929964
Atomic,HYFM,2022-08-22,-75.12488103684073,-33.583183557996335,62,41.5416974788444
ppr×NS 🕐24-26,APT,2022-01-07,10.167053537829679,-28.377459144062605,62,-38.544512681892286
Zone-Retest,RWT,2026-06-12,-2.416061408850129,-9.149698910208864,39,-6.733637501358735
Atomic,EXFY,2023-06-14,-16.06560028378486,-41.063665064281246,62,-24.998064780496385
G3→L46 🕐,ATER,2022-09-19,-79.46031380856643,-54.272869749429894,62,25.18744405913653
Parabola,CDZI,2026-01-07,-15.377829396844339,-18.225906274815966,62,-2.848076877971627
G3-gap,ACIU,2021-10-28,-11.632469547212915,-35.52301409848418,62,-23.89054455127127
Zone-Retest,NKTX,2024-05-02,-31.969178178996255,-16.003611456995376,62,15.96556672200088
G3→G3,FATN,2026-05-29,-26.03836951826147,-17.760630686095208,49,8.27773883216626
G3→L46 🕐,GDRX,2024-12-04,3.1929279948390175,-4.8197443546614425,62,-8.012672349500459
Parabola,ACCO,2024-08-23,4.238871238596636,7.831966444272981,62,3.5930952056763443
P55,MIND,2026-01-12,-37.91593492404391,-20.880344325720486,62,17.035590598323424
Zone-Retest,PSEC,2024-11-06,0.2762836514459023,-18.925682629901303,62,-19.201966281347204
Zone-Retest,PRA,2026-04-13,2.3656310708475123,2.3656310708475123,52,0.0
Zone-Retest,POWW,2021-12-08,-8.137847580165596,-25.177135065320105,62,-17.03928748515451
G3→G3,CINT,2025-05-16,-12.15698951572643,-16.057388916625086,62,-3.9003994008986567
G3→L46 🕐,INV,2025-12-04,-0.6967941229309269,-48.93457661420395,62,-48.23778249127302
Zone-Retest,GFAI,2023-05-05,-28.62608020593224,-28.05955410855348,62,0.5665260973787589
P55,COFS,2026-03-04,14.436050806928163,3.200816846516524,62,-11.23523396041164
P55,SDA,2025-01-14,-45.61963621653474,-55.730256449706985,62,-10.110620233172249
Washout,YYGH,2025-10-29,-28.790372774172074,-19.936986187385592,62,8.853386586786481
Parabola,BLUW,2026-04-09,-0.20236048366475953,0.47954348964356924,62,0.6819039733083287
G3→G3,MIND,2025-08-18,-34.688026984419636,39.992483370380114,62,74.68051035479975
RTB-Base,JTAI,2026-04-09,46.98778389020242,0.8306045648508511,62,-46.15717932535157
Parabola,KLXE,2023-10-04,-39.21421334765224,11.364500655864124,62,50.57871400351637
Parabola,GEVO,2021-11-12,-31.231638411947298,-58.6904501942738,62,-27.458811782326503
Zone-Retest,LXEO,2026-02-23,-19.081891551739922,-17.958175197011556,62,1.1237163547283657
G3→L46 🕐,MACI,2026-03-24,0.5354031220826729,1.1849863680315988,48,0.6495832459489259
Parabola,XOMA,2026-07-09,-11.017032784157093,-11.017032784157093,3,0.0
Washout,PACB,2024-01-19,-18.79636326514938,-53.124776453843566,62,-34.328413188694185
Atomic,PMVP,2023-02-27,-19.021692461308053,-22.904756753758253,62,-3.8830642924502
Zone-Retest,CLAR,2023-06-07,-30.427993414502534,-20.731555412545937,62,9.696438001956597
RTB-Base,PSNY,2026-06-30,-22.697685321333065,-19.050188529990404,28,3.647496791342661
Zone-Retest,CCIX,2026-04-06,1.4749246336295543,1.9419509416885028,62,0.4670263080589485
G3→L46 🕐,CEPF,2026-04-21,0.5761038267160736,1.4519829904266426,62,0.875879163710569
Washout,DOMO,2025-12-09,-42.595881739188975,-58.549479432536586,62,-15.95359769334761
Parabola,TMCI,2025-01-14,-26.532615425973454,-20.506152162289098,62,6.026463263684356
Parabola,LEGO,2021-10-15,-3.228944999239719,-14.687167501551817,62,-11.458222502312099
P55,CNTY,2021-06-08,-60.623083478230924,-9.04527777299568,62,51.57780570523524
Zone-Retest,THRY,2025-11-25,-13.150065119711746,-32.07819466452496,62,-18.92812954481321
Zone-Retest,GDRX,2024-10-02,-27.465972495670382,-34.98002702892117,62,-7.514054533250789
QZ-Capit-Rev,LWAY,2025-11-13,31.350534695134876,-5.329139670867128,62,-36.679674366002004
Atomic,GRWG,2023-02-06,-6.272125223379871,-38.373505862701265,62,-32.10138063932139
Zone-Retest,GPMT,2023-03-20,1.9101893939774517,6.330118855921346,62,4.4199294619438945
Washout,BLND,2022-03-29,-18.18825206815184,-57.055033329484594,62,-38.866781261332754
Parabola,DXYZ,2026-05-18,-22.589760433698896,-22.589760433698896,14,0.0
G3-gap,BMBL,2025-10-06,-8.733071338937542,-39.09293694593245,62,-30.35986560699491
P55,KLTR,2021-09-03,-45.84404171887864,-54.95289499525546,62,-9.10885327637682
Zone-Retest-E,ZENA,2025-06-12,-1.6702686166828073,-9.501658786330308,62,-7.831390169647501
Washout,GDRX,2024-09-25,-25.853161234479643,-34.567899777552604,62,-8.714738543072961
G3→L46 🕐,ALTG,2024-06-21,-16.67792304755537,-26.05300070256607,62,-9.3750776550107
Zone-Retest,SIGA,2025-10-16,-38.55792784725641,-20.55409137183905,62,18.00383647541736
P55,GPMT,2023-07-10,-2.977750711098098,-13.689652207512498,62,-10.7119014964144
Washout,BMEA,2024-11-26,-15.73904417939566,-57.093197919883174,62,-41.35415374048751
Zone-Retest,CLVT,2024-12-27,-0.693661824817021,-21.963532167232387,62,-21.269870342415366
Atomic,RE,2023-04-26,-4.737925249930469,-4.737925249930469,50,0.0
Washout,AOUT,2022-03-16,0.6175765503687871,-23.93922781904882,62,-24.55680436941761
G3-gap,ALVO,2025-11-10,-13.830080222719094,-12.117383401741305,62,1.7126968209777882
Washout💥vol,CABA,2024-07-02,-35.12527196978021,-55.06961542885157,62,-19.944343459071362
Parabola,NYC,2023-09-27,-4.347757417927184,-13.118385259947923,62,-8.770627842020739
P55,KOPN,2021-11-02,-13.712492082771382,-53.652581947973566,62,-39.94008986520218
Washout,VNTG,2025-08-21,11.570531091474685,-61.047814117983854,62,-72.61834520945854
P55,PDSB,2023-12-26,0.8096716037055365,-12.688599508145199,62,-13.498271111850736
QZ-Capit🔵dwell,GTLS,2026-05-14,1.025776764493608,1.025776764493608,42,0.0
G3→L46 🕐,DXLG,2023-03-20,0.688840748777825,-1.6838378570757595,62,-2.3726786058535847
G3-gap,SVRN,2026-03-19,31.231874556586163,91.85522524483952,62,60.62335068825335
P55,UPXI,2025-08-21,-22.79267221694095,-44.70804877159147,62,-21.91537655465052
Zone-Retest,QSI,2021-11-09,-37.82152018538983,-46.54750735943525,62,-8.725987174045422
G3→G3,KULR,2025-06-17,-25.971495030182005,-36.32528253074934,62,-10.353787500567336
Washout,PLUG,2023-08-28,-28.55243866364903,-56.78095441481067,62,-28.22851575116164
RTB-Base,AEI,2021-12-13,-26.72841741694428,-59.49055064623112,62,-32.762133229286846
Parabola,LAW,2025-12-09,-31.228991269193756,-56.45943828160197,62,-25.230447012408213
Parabola,ORGO,2025-12-26,-9.4089186395845,-57.75744847640819,62,-48.348529836823694
Zone-Retest,BLD,2026-06-10,-13.411050304382705,-13.411050304382705,14,0.0
Parabola,HES,2025-07-14,-2.6749805501446398,-2.6749805501446398,4,0.0
RTB-Base,GSRF,2025-10-22,0.7931126941428448,-0.5978357091229012,62,-1.390948403265746
G3→G3,MLAC,2025-02-11,6.1098679713628865,2.6045942871049386,62,-3.505273684257948
RTB-Base,RE,2023-05-30,0.528512355752381,0.528512355752381,27,0.0
Zone-Retest,KULR,2025-10-06,-12.822796824829657,-60.14999999999999,62,-47.32720317517033
Washout,TACO,2025-10-31,3.0351044651098,-0.005521236808830746,62,-3.0406257019186307
Zone-Retest,MTAL,2025-09-12,-17.00973910340396,-16.19062323250154,62,0.8191158709024187
G3→L46 🕐,HES,2025-05-19,10.090035337196529,10.090035337196529,41,0.0
P55,RXRX,2025-08-14,-8.544289299994972,-17.521648948595463,62,-8.97735964860049
P55,APT,2021-08-09,-25.98831188340532,-28.110408380717516,62,-2.122096497312196
Zone-Retest,UPLD,2022-10-04,-40.82721946492027,-16.393282135620108,62,24.43393732930016
G3-gap,PARA,2025-08-01,-12.939044281678752,-85.53584528270885,5,-72.5968010010301
Atomic,BLIN,2021-07-09,-36.3568009097465,-49.77102301093814,62,-13.41422210119164
Zone-Retest,BLDP,2023-03-06,-13.557200124183483,-27.989333436819567,62,-14.432133312636084
RTB-Base,PSEC,2024-08-05,1.6466228045845466,0.2841441054792172,62,-1.3624786991053295
G3→G3,APT,2026-05-11,-6.637236704886268,-26.212950707929643,62,-19.575714003043373
Zone-Retest,K,2025-11-10,-0.17996465225368893,-0.17996465225368893,22,0.0
P55,TAOX,2025-07-14,-30.044748132507777,-15.559278109413949,62,14.485470023093828
RTB-Base,ASIC,2025-06-13,1.9435743481005796,-11.55885111501887,62,-13.50242546311945
Zone-Retest,NNNN,2026-02-03,-34.48053034826845,17.728737449381466,62,52.209267797649915
G3→L46 🕐,BLZR,2026-03-18,0.49743204554444936,0.6967338911791745,62,0.19930184563472514
Washout,MENS,2025-11-19,-45.413634333483905,-45.413634333483905,62,0.0
G3→G3,ATOS,2026-02-02,-23.777698148489584,-25.98738500133618,62,-2.2096868528465947
P55,LAC,2026-01-06,-3.520750326123717,-23.793945845936964,62,-20.273195519813246
RTB-Base,BLNK,2023-06-06,-16.758603578149263,-37.29295119330424,62,-20.534347615154978
Washout,CEPT,2026-06-24,9.984423832416162,9.984423832416162,6,0.0
G3→G3→RL,LUCK,2025-04-09,-6.268406450100689,21.336512448015405,62,27.604918898116093
Parabola,BORR,2026-05-11,-15.403170664171823,-35.373215596772916,62,-19.97004493260109
G3→L46 🕐,FUNC,2025-09-19,16.73826352201609,6.703590328979164,62,-10.034673193036927
P55,HITI,2022-02-10,10.144808832775936,-49.180429251520216,62,-59.32523808429615
P55,FIP,2026-03-11,-7.016972268869432,-18.091269913311862,62,-11.074297644442431
Washout,NUWE,2025-08-18,10.79469407000609,-53.13058203699742,62,-63.925276107003505
Parabola,LFCR,2025-06-27,-37.65294654869996,-14.926745293681748,62,22.72620125501821
Zone-Retest,DCGO,2025-02-10,8.214584905587335,-56.262343113237115,62,-64.47692801882445
Parabola,GSM,2024-07-11,-11.814345134621657,-22.29775942798367,62,-10.483414293362014
Zone-Retest,ARTNA,2024-06-03,-11.670226570039905,-0.9897299021064896,62,10.680496667933415
Washout,JSPR,2025-02-13,18.90219094435271,-16.010475021733132,62,-34.91266596608584
RTB-Base,OCCI,2025-10-15,-3.684528715401475,-6.881240239452496,62,-3.196711524051021
Zone-Retest,CATO,2022-12-13,-42.5880598716909,-8.19635918131129,62,34.39170069037961
Zone-Retest,SCVL,2026-05-21,8.965323879384696,8.965323879384696,15,0.0
Zone-Retest,CHI,2025-04-14,41.08056534681295,11.523179144093337,62,-29.557386202719616
RTB-Base,JRVR,2024-05-10,-23.322884783101056,-8.057562215573894,62,15.265322567527162
Parabola,MPAA,2025-11-06,-13.530212806498081,-27.834916566260475,62,-14.304703759762393
RTB-Base,PCB,2022-05-27,46.210094323267064,-0.5604808844174967,62,-46.77057520768456
P55,MAIA,2022-08-01,-27.40197917409601,-51.70837672063332,62,-24.30639754653731
RTB-Base,LMNR,2026-03-30,-2.4830892873517865,-2.4830892873517865,62,0.0
G3→L46 🕐,HIVE,2025-11-03,-6.735793501276638,-54.913986616759935,62,-48.178193115483296
G3→L46 🕐,RETO,2025-12-09,-66.20092361457813,-53.020693959061404,62,13.180229655516726
Parabola,SLI,2026-01-08,7.217905670451846,-33.261915138874706,62,-40.479820809326554
Zone-Retest,INDI,2024-06-27,-19.318865748995556,-40.398357622296714,62,-21.07949187330116
Parabola,OBT,2025-07-15,34.23461750814328,-12.208186662904092,62,-46.44280417104737
Zone-Retest-E,LAKE,2025-06-10,-26.48999819942218,2.155558056358081,62,28.64555625578026
Washout,ALVO,2025-11-07,-7.811443614394936,-6.345752243194852,62,1.4656913712000845
Zone-Retest,DNUT,2025-03-27,-7.696088274994933,-52.62868937334739,62,-44.93260109835246
P55,PEPG,2026-02-11,-7.910863242341576,-63.72550788155335,62,-55.81464463921177
RTB-Base,SLND,2023-02-22,27.85244078326952,15.925886170743869,62,-11.926554612525653
G3-gap,CLAR,2023-04-10,-31.926543329801678,-5.043790535915588,62,26.88275279388609
G3→L46 🕐,FUSE,2021-08-10,-2.9321903508373994,-70.90094429063475,62,-67.96875393979735
G3-gap,GRAF,2024-08-23,8.795690573249232,0.2999257120325506,62,-8.495764861216681
Zone-Retest,KOPN,2021-10-01,0.47126886889741776,-24.973189925536417,62,-25.444458794433835
RTB-Base,ALCO,2022-06-24,11.923500487523759,-14.640680087251672,62,-26.56418057477543
Washout💥vol,EDIT,2024-04-29,-7.352393435868504,4.711295417468603,62,12.063688853337107
Zone-Retest,VSCO,2026-05-13,18.698469951801805,18.698469951801805,13,0.0
Zone-Retest,DMRC,2025-12-23,30.28945911767467,-45.93493405595218,62,-76.22439317362685
Parabola,PEAK,2024-01-16,-17.784402231674196,-17.784402231674196,33,0.0
Zone-Retest,GOGO,2025-10-01,-39.07202631724928,-45.49514018446016,62,-6.42311386721088
Parabola,TBRG,2026-04-17,16.60890798383528,16.60890798383528,56,0.0
Zone-Retest,RCMT,2022-08-09,44.6533288875721,-5.938135045891141,62,-50.591463933463245
HighBase-15mDip,CTRA,2026-02-27,5.749782248451424,5.749782248451424,48,0.0
Zone-Retest,AZ,2025-11-26,0.0060446466593923245,-19.413524315364633,62,-19.419568962024027
G3→L46 🕐,KEN,2022-06-23,24.043874477539866,-26.443879991432844,62,-50.48775446897271
Zone-Retest,MNTK,2022-12-22,-48.92171191907009,-29.95825791016447,62,18.96345400890562
Washout,NRDY,2021-12-07,-10.144163684051394,-30.00873302721973,62,-19.864569343168334
Parabola,PRTS,2023-02-14,-29.050974778966303,-37.69049776399231,62,-8.639522985026009
D+L1,LAW,2024-05-06,-28.611737773087214,-27.853381636406166,62,0.7583561366810478
Zone-Retest,CEPO,2025-12-12,0.6466722901429747,-0.9622886759907687,62,-1.6089609661337434
Zone-Retest,BORR,2026-03-24,-0.49710779680282574,-14.507712443192927,62,-14.010604646390101
G3→G3,VACI,2026-05-12,-0.49633089735475183,-0.49633089735475183,61,0.0
ZRT🟢L46,DAY,2026-01-27,0.24632548873866913,0.24632548873866913,6,0.0
RTB-Base,SDHY,2024-12-26,-1.3462943377781698,1.547022899682521,62,2.893317237460691
Zone-Retest,OSG,2026-01-16,-0.7775276081093572,-22.754132079392857,62,-21.9766044712835
RTB-Base,FCNCN,2026-03-31,1.7585761010868561,2.0410949259215547,62,0.2825188248346986
G3-gap,CURV,2022-02-25,-23.63369497947622,-42.111316625299295,62,-18.477621645823074
Parabola,ACB,2025-10-16,-4.222462734469717,-24.192507667070824,62,-19.970044932601105
G3→G3,CRNT,2025-01-08,-5.763278195913685,-58.5520196120913,62,-52.788741416177615
G3→G3,MGRT,2026-04-10,104.15759638894393,46.24532723338449,62,-57.91226915555944
G3→G3,HIVE,2025-10-08,-19.50784717200829,-50.367757624294875,62,-30.859910452286584
Zone-Retest,GRAB,2025-12-05,-4.2635838774919,-25.026390518192482,62,-20.762806640700582
G3-gap,JNPR,2025-04-23,14.279617764976177,14.279617764976177,48,0.0
RTB-Base,TTEC,2024-04-18,-32.906519604329226,-2.456641689308486,62,30.44987791502074
Zone-Retest,RMNI,2025-07-11,-1.278699108200437,-11.459506328742169,62,-10.180807220541732
Parabola,BGS,2026-02-20,-2.231114305331178,-22.123905679198813,62,-19.892791373867635
Parabola,CHI,2025-08-19,26.37188544569838,4.80346661781677,62,-21.568418827881608
Parabola,PARA,2025-06-11,-9.719607852372397,-84.99635638830514,40,-75.27674853593275
RTB-Base,GOSS,2022-11-23,0.8966870500349446,-62.73335807835089,62,-63.63004512838583
G3→G3,RILYN,2024-08-13,119.85597688789538,7.204441370658415,62,-112.65153551723697
Parabola,SQ,2024-10-25,18.69718774561944,18.69718774561944,57,0.0
Zone-Retest,SNBR,2026-03-06,-5.817345683791614,-57.21974297911421,62,-51.402397295322594
Zone-Retest,REKR,2021-12-16,-23.471125182455317,-39.325206655665355,62,-15.854081473210037
Parabola,VSTS,2026-04-09,54.0177570385438,54.0177570385438,42,0.0
Atomic,CPSH,2026-05-29,-46.41417861131008,-59.47671041746558,49,-13.062531806155505
RTB-Base,KFII,2025-03-28,5.715298437885324,1.905751713794751,62,-3.8095467240905734
Parabola,CYH,2023-04-24,-5.581954457392419,-25.688313689874747,62,-20.106359232482326
Zone-Retest,JRVR,2025-08-28,7.786686519516489,0.5791879082784281,62,-7.20749861123806
HighBase-15mDip,PPIH,2026-03-12,-20.468766096818353,-13.471361139328458,62,6.997404957489895
D+L1,AISP,2025-10-21,-0.10321977663427227,-22.313998097342186,62,-22.210778320707913
G3→G3,EMP,2026-06-30,-0.24975017433769828,-0.8500521262194858,28,-0.6003019518817875
Zone-Retest,WBA,2025-07-17,3.687299606146338,3.687299606146338,30,0.0
RTB-Base,HRTX,2022-03-03,-11.820955105802838,-42.54410115595837,62,-30.723146050155535
G3→L46 🕐,AQST,2025-11-06,-22.642804003870747,-40.979496495996756,62,-18.33669249212601
Zone-Retest,CUPR,2026-06-30,17.352317951643965,-53.006429641252396,28,-70.35874759289636
G3→G3,ABAT,2025-10-21,-17.947722021618745,-25.068823315414484,62,-7.121101293795739
RTB-Base,NCDL,2026-06-24,-1.1978558531785364,4.517201977083435,32,5.715057830261971
G3→G3,CWCO,2026-03-18,-5.227867070362207,-4.068316074275696,62,1.1595509960865114
RTB-Base,MDWD,2025-09-10,-10.561995709920053,4.123595513404449,62,14.6855912233245
Zone-Retest,PLCE,2025-07-22,21.557985285752952,26.52565815455919,62,4.967672868806236
Zone-Retest-E,ATVI,2023-09-06,2.2821839708928424,2.2821839708928424,27,0.0
Zone-Retest,GOSS,2022-11-01,-17.253790248496788,-69.45430984443797,62,-52.20051959594119
Zone-Retest,TMC,2026-06-12,-0.8802998989887287,-11.71675838954746,39,-10.83645849055873
P55,WSBCO,2026-03-02,-1.7653251775484768,-1.0711173583387077,62,0.6942078192097692
Parabola,SFIX,2026-01-27,-7.6496123409141195,-31.13323789002313,62,-23.483625549109007
Parabola,GRNT,2026-05-05,-17.600556838010313,-21.22548248584219,62,-3.6249256478318763
Zone-Retest-E,DAY,2025-11-20,0.7984326332498406,0.7984326332498406,50,0.0
G3→L46 🕐,USEG,2022-03-17,-20.903789949995637,-37.70398648059657,62,-16.80019653060093
G3→L46 🕐,JNPR,2025-05-08,9.04837052524144,9.04837052524144,37,0.0
Zone-Retest,CPRX,2026-06-18,0.01832031341327269,0.01832031341327269,17,0.0
Parabola,RPAY,2025-07-23,-1.0619907924373004,-11.92356103249706,62,-10.86157024005976
Atomic,ACH,2021-09-22,-53.270843044299134,-36.18493710816046,62,17.085905936138673
Washout,DMRC,2025-09-09,21.927955328080124,2.725989046732918,62,-19.201966281347204
Parabola,MVIS,2022-08-04,-9.295291072400408,-34.30282481682881,62,-25.0075337444284
G3-gap,SINT,2024-05-30,-30.419361483756628,-46.365024737924806,62,-15.945663254168178
Parabola,MG,2026-05-01,-16.265273000789065,-20.217128858163953,62,-3.9518558573748876
Zone-Retest,BTQ,2025-11-10,-26.13514815189804,-55.908669687776026,62,-29.773521535877986
G3→G3,WRK,2024-06-07,-0.5125518715340336,-0.5125518715340336,19,0.0
Zone-Retest,CGC,2024-08-07,-15.962555676289487,-26.956622645217692,62,-10.994066968928205
Zone-Retest,COFS,2026-03-03,18.805016348960084,8.525807778799727,62,-10.279208570160357
Zone-Retest-E,NAGE,2026-02-17,-2.440813292731475,-26.186870619995933,62,-23.74605732726446
RTB-Base,CANG,2021-06-30,2.117455427659248,-20.939207250576658,62,-23.056662678235906
G3→G3,FORR,2026-06-26,40.38505377293174,61.761828390011665,30,21.376774617079924
RTB-Base,EARN,2025-10-31,-1.8568938502577514,6.123338530216365,62,7.980232380474117
Parabola,RCMT,2023-11-09,45.02595711425142,42.86758890228733,62,-2.1583682119640883
Parabola,MBAV,2026-07-02,-0.2076625836153588,2.4636072643801796,8,2.6712698479955383
G3→G3,MLAC,2025-10-08,0.26809323928796436,-1.435512489559526,62,-1.7036057288474904
Washout,CHGG,2024-05-02,-7.445020771594918,-37.67490530259657,62,-30.22988453100165
RTB-Base,PROF,2026-03-25,39.52598220989126,24.09111923717476,62,-15.434862972716502
Zone-Retest,GOGO,2026-01-12,-0.6801571452345221,-13.422947721275241,62,-12.742790576040719
Zone-Retest,BTQ,2025-11-18,-7.469406179697185,-47.68928651680972,62,-40.219880337112535
RTB-Base,LKSP,2025-11-11,1.7092835093436343,0.8052070284914783,62,-0.904076480852156
Zone-Retest,SEMR,2026-04-20,-0.13308047111303942,-0.13308047111303942,6,0.0
Washout,SIGA,2026-03-24,5.3827577739082475,-12.273684392111022,62,-17.656442166019268
QZ-Capit-Rev,CTRA,2026-04-15,3.0602639691256703,3.0602639691256703,16,0.0
Parabola,BMBL,2025-09-15,-22.056462096177526,-44.38948492845148,62,-22.333022832273954
RTB-Base,FULC,2026-05-20,7.22662350695063,-35.088463326785366,55,-42.315086833736
P55,BNED,2026-02-27,52.01940670865043,17.21780793721697,62,-34.80159877143346
Atomic,IMPP,2022-08-29,-13.63593548034115,-7.822737469138757,62,5.813198011202393
Zone-Retest,HOLX,2026-03-05,0.48133885753179356,0.48133885753179356,22,0.0
G3-gap,HBANL,2023-03-22,9.846151699040512,10.963544544418818,62,1.1173928453783066
P55,GRNT,2026-04-23,-8.52918945757189,-11.455203367110506,62,-2.926013909538616
Washout,VTOL,2026-05-08,-0.9344165954458137,-0.9344165954458137,17,0.0
ppr×NS 🕐24-26,HIVE,2023-07-25,-2.416061408850129,-43.58744498858649,62,-41.171383579736364
Parabola,VYGR,2024-10-21,-38.590058777431885,-35.88142136363889,62,2.7086374137929923
P55,RTAC,2025-08-11,-7.925991430261353,-2.161990894652682,62,5.764000535608671
Parabola,CFLT,2026-02-10,1.0389621421366848,1.0389621421366848,24,0.0
Parabola,CMPX,2026-02-03,-23.936550826264398,-73.33135088717454,62,-49.39480006091014
G3→L46 🕐,EXFY,2023-06-15,-14.481401448551829,-44.725889788505654,62,-30.244488339953826
Zone-Retest,CLNE,2023-02-24,-8.410353152581612,-20.12563221954073,62,-11.715279066959118
Zone-Retest-E,HRZN,2026-01-02,-5.7096172305009905,-35.695598011651256,62,-29.985980781150268
G3→L46 🕐,CHI,2026-04-07,16.891208927019814,16.53491909771379,62,-0.35628982930602504
RTB-Base🧱OB,SLQT,2021-12-01,-40.88754233514592,-69.70917475138644,62,-28.82163241624052
Parabola,HOLX,2026-03-31,0.17538766206273718,0.17538766206273718,4,0.0
P55,HTZ,2026-05-29,-7.78397864811558,-60.14999999999999,49,-52.36602135188441
Zone-Retest,PLUG,2023-08-22,-34.13976229078903,-60.14999999999999,62,-26.010237709210962
🌀Engulf-AbsRev🟡,STEL,2026-05-06,3.4960093386846856,3.4960093386846856,38,0.0
G3→L46 🕐,LAW,2023-09-15,-18.243873682230287,-0.5891962780467161,62,17.65467740418357
RTB-Base,SITC,2026-03-12,-13.039286759515905,-13.039286759515905,62,0.0
Washout,CLNE,2022-12-29,-1.4630789253013918,-18.524864887135333,62,-17.06178596183394
Washout,CHI,2025-12-05,20.552111506153842,2.364122101116944,62,-18.187989405036898
RTB-Base,CWCO,2026-05-14,-2.096480479214552,1.2972959005343845,59,3.3937763797489366
Zone-Retest-E,HOLX,2026-02-24,0.508031520358704,0.508031520358704,29,0.0
Atomic,FULC,2026-03-10,-21.10703547022254,-61.85971655956263,62,-40.752681089340086
Parabola,ELME,2025-12-15,-0.6442844502653919,-84.6470899028111,62,-84.00280545254572
Washout,SOC,2026-06-16,-47.329231153270094,-60.20991013479781,37,-12.880678981527716
P55,BTQ,2025-12-05,-25.19161604618569,-59.30475229082721,62,-34.113136244641524
Parabola,ELME,2025-12-24,-0.6442844502653919,-84.6470899028111,62,-84.00280545254572
G3→L46 🕐,ALVO,2025-08-15,-40.311101985547246,-33.89979148399874,62,6.411310501548506
G3→G3,BOC,2026-06-11,9.831013880638901,5.093594462321121,40,-4.73741941831778
RTB-Base,PEW,2025-07-18,-52.27138893661415,-55.412530417909835,62,-3.1411414812956835
Zone-Retest,FATE,2024-04-10,-16.732806041721123,-51.16391799448162,62,-34.4311119527605
Zone-Retest,HIVE,2025-10-07,-16.170009720518568,-48.30723434715477,62,-32.1372246266362
Atomic,SLI,2022-09-14,1.3401006155001007,-34.73717033938146,62,-36.077270954881556
HighBase-15mDip,VSTS,2026-04-06,59.35433324372418,59.35433324372418,45,0.0
Zone-Retest-E,CFLT,2026-02-23,0.7749335390260739,0.7749335390260739,16,0.0
G3→G3,INTT,2026-03-05,14.795691698672458,34.92298107956176,62,20.1272893808893
Zone-Retest,MMC,2025-10-23,-3.796352686150634,-3.796352686150634,56,0.0
RTB-Base,CGEN,2021-08-17,-14.278806789815285,19.004601431186547,62,33.283408221001835
Atomic,FFIC,2026-05-13,0.4152978865035685,0.4152978865035685,13,0.0
Zone-Retest,WPRT,2022-08-09,-14.204843660435278,-35.06244614559642,62,-20.857602485161138
Zone-Retest,ASIC,2025-10-08,34.022001051347765,9.268045633499616,62,-24.753955417848147
Parabola,ENLV,2021-08-27,-26.540278064132476,-38.2973864288891,62,-11.757108364756622
Atomic,MYPS,2022-02-16,10.071632927390977,8.241384410146486,62,-1.8302485172444918
Spring,EMPD,2025-11-06,-23.492738531719766,-51.053207782594576,62,-27.56046925087481
Parabola,TACO,2026-06-01,-0.39459986184066637,-1.1531960606099454,48,-0.7585961987692791
RTB-Base,SERA,2021-09-17,-9.336499580238561,-1.9732427894470994,62,7.3632567907914614
G3→L46 🕐,BBAI,2026-01-22,-12.026572015896713,-34.79035380435393,62,-22.763781788457216
RTB-Base,TRON,2025-08-11,-25.832904215105916,-55.930614792097565,62,-30.09771057699165
Atomic,VUZI,2023-06-27,1.47973361739569,-33.12182938463591,62,-34.6015630020316
Atomic,VERI,2025-12-24,0.48955450223873725,-47.06756831156427,62,-47.55712281380301
Zone-Retest,SPRB,2025-12-23,-49.15358413180467,-23.963154009353488,62,25.190430122451183
Parabola,MG,2026-06-17,-12.808484800272119,-11.930680627410545,36,0.8778041728615733
RTB-Base,CVGI,2026-05-06,28.387705690906856,-13.64278976857653,62,-42.03049545948338
Washout,MERC,2024-08-30,-9.346607772904397,2.715835474975453,62,12.06244324787985
Zone-Retest,KW,2026-04-28,-0.1165639155945085,-0.1165639155945085,34,0.0
P55,PRE,2026-05-27,9.465113790591657,2.9175580749847327,51,-6.547555715606924
Washout,EPM,2023-10-10,-14.541735281090912,-11.72464430313776,62,2.8170909779531517
Zone-Retest,ZENA,2025-07-14,-5.2073478157055595,5.362808292287441,62,10.570156107993
G3-gap,BSET,2021-07-02,-21.557738154585632,-29.31451632554833,62,-7.756778170962697
🧊Coil-Floor,JNPR,2025-04-17,14.906719794839024,14.906719794839024,51,0.0
G3→L46 🕐,FENC,2024-05-15,36.93683462673168,-25.54925743568556,62,-62.48609206241724
Zone-Retest,IMRX,2026-07-01,3.101935723668997,-9.904606567103263,27,-13.00654229077226
Zone-Retest,LAKE,2025-06-26,-17.388493755912553,12.957391866919494,62,30.345885622832046
RTB-Base,LXEO,2026-03-19,-11.061018631064007,-16.353433365852283,62,-5.2924147347882755
Zone-Retest,SUPX,2026-04-14,10.765069318585546,-5.498919211303216,62,-16.263988529888763
Parabola,MDXG,2025-12-19,-27.331051626979423,-43.329153921052125,62,-15.998102294072702
Spring,AOUT,2022-03-11,5.079609460348205,-17.101141553352644,62,-22.18075101370085
G3-gap,CMTG,2024-05-31,-15.050376707665775,1.0870333388805444,62,16.137410046546318
G3→L46 🕐,LPRO,2024-06-18,-10.527489321573208,-4.633552449104133,62,5.893936872469075
G3→L46 🕐,ABOS,2023-07-20,-26.42880608993053,-50.158231977800995,62,-23.729425887870466
Zone-Retest,DKI,2026-06-09,-9.249443979900112,-35.747482510855875,42,-26.49803853095576
G3→L46 🕐,AOMR,2026-03-20,7.171203467957215,0.17457252363735645,62,-6.996630944319859
Parabola,REAX,2025-09-08,-4.674166131754759,-25.975547393195924,62,-21.301381261441165
Washout,DARE,2022-01-25,-7.233818716369905,-12.087649081932655,62,-4.85383036556275
G3→L46 🕐,DOMO,2026-01-15,-23.697514549071926,-60.14999999999999,62,-36.452485450928066
Zone-Retest-E,HCAT,2025-01-23,-9.68894655304567,-34.064679517793834,62,-24.375732964748167
Zone-Retest,RWT,2026-05-29,-5.161396762534104,-11.705887143068166,49,-6.544490380534062
G3-gap,STIM,2021-09-02,-33.89177144878708,-48.96849411313494,62,-15.076722664347855
Zone-Retest,ULH,2025-04-25,-39.40560745044314,18.86208239859531,62,58.26768984903845
P55,NINE,2026-06-18,-2.300258932159255,-11.780811622287828,35,-9.480552690128572
Parabola,UFG,2025-04-04,-7.641703621039037,-55.14397961880708,62,-47.502275997768045
Parabola,DBI,2026-04-17,-16.491703660725136,-20.53968574165779,62,-4.047982080932655
Washout,GOGO,2025-12-11,-6.897022323657359,-20.091516296983087,62,-13.194493973325727
L43-TRIPLE,CABA,2024-08-07,-24.853109270520452,-44.94220067067804,62,-20.08909140015759
RTB-Base,BSET,2021-06-17,-26.899220431647613,-37.88001699636338,62,-10.980796564715767
P55,BIVI,2024-12-03,-70.19493260109834,-59.28414646242556,62,10.910786138672783
Zone-Retest,NRGV,2025-12-18,6.2882807232450375,-23.563848299715367,62,-29.852129022960405
Zone-Retest,HTZ,2026-02-04,-4.460201364619759,9.723069184102624,62,14.183270548722383
G3→L46 🕐,CZWI,2025-06-27,69.22448888575367,18.826669736836827,62,-50.397819148916845
RTB-Base,PSTV,2026-01-23,6.71217864214913,-51.23460904149394,62,-57.946787683643066
Zone-Retest,IMRX,2026-03-23,2.484892283089329,-12.432969967359703,62,-14.917862250449033
Zone-Retest-E,SPWH,2023-04-27,-14.472065289163034,-4.164945323949571,62,10.307119965213463
Parabola,ZENA,2025-09-18,-7.141364804644895,-47.56221501081711,62,-40.42085020617222
QZ-Capit🧱OB,SPRB,2026-02-18,-29.354284422609016,-11.770390349301591,62,17.583894073307427
RTB-Base,CEPL,2026-07-14,-28.122119490666925,-16.87685147036729,19,11.245268020299637
Zone-Retest,MASI,2026-05-26,0.40430034197681003,0.40430034197681003,11,0.0
RTB-Base,EXFY,2022-11-18,-39.832313264796696,-4.477182695344756,62,35.35513056945194
Parabola,RZLT,2026-06-18,9.396424165404765,-3.394307093079391,35,-12.790731258484156
Zone-Retest,KNDI,2021-08-10,-5.080817401889809,-16.29787763106722,62,-11.21706022917741
D+L1,FMFC,2025-10-13,-34.3925065542517,-56.041896704082674,62,-21.64939014983097
Atomic,DGXX,2025-11-05,-14.153782819848065,-59.93958803757139,62,-45.78580521772332
Atomic,IDAI,2025-01-06,9.818380762190044,-59.14484107172574,62,-68.96322183391578
P55,CHRS,2023-05-09,-22.24827673350655,-22.557410555992647,62,-0.3091338224860962
Atomic,PBM,2026-04-23,-27.330407917878148,-52.892997522386196,62,-25.562589604508048
RTB-Base,IHT,2021-05-28,-48.18116961983925,-13.9050983466321,62,34.27607127320715
Zone-Retest,PMVP,2023-06-01,8.625384409419363,38.004035241365116,62,29.378650831945755
Zone-Retest,GNE,2025-09-02,-9.395043326099966,-5.704209939216592,62,3.690833386883374
Parabola,CTLT,2024-10-15,4.238871238596636,4.238871238596636,45,0.0
Zone-Retest,EMPD,2026-01-28,1.7012311692781446,-3.3012850964035003,62,-5.002516265681645
Parabola,ENVX,2026-04-23,-27.25933599600599,-33.392992653876334,62,-6.133656657870343
Zone-Retest,SKIN,2023-09-06,-16.615171523760125,-74.53482798677801,62,-57.91965646301789
Zone-Retest,RWT,2026-05-21,-3.53302070703469,-10.189702351235047,54,-6.656681644200357
Parabola,CWAN,2026-04-22,1.3113784742827597,1.3113784742827597,44,0.0
Atomic,EOSE,2026-05-15,-35.62354574778956,-51.436352718686976,58,-15.81280697089742
G3→L46 🕐,RGP,2025-01-21,-37.7583803289149,-37.64021438256815,62,0.1181659463467497
G3→G3,BYRN,2026-04-10,-3.139118218406983,-37.999939151304645,62,-34.86082093289766
RTB-Base🧱OB,K,2025-09-25,7.953058854044098,7.953058854044098,54,0.0
Zone-Retest,AFYA,2024-05-15,-20.056236901332497,-6.0131304380327935,62,14.043106463299704
Atomic,PRLD,2022-01-13,-43.35152641901609,-34.61329971424933,62,8.73822670476676
G3→L46 🕐,MLAC,2025-02-24,6.0033951577643405,2.5016337717872092,62,-3.5017613859771313
Washout,AZ,2025-11-18,28.089014027977637,13.209372705647421,62,-14.879641322330215
Zone-Retest,MTAL,2025-09-26,-17.07788685823723,-16.99604241179214,62,0.08184444644508915
Zone-Retest,LRMR,2024-11-20,-20.737868197703463,-50.380903644533205,62,-29.643035446829742
Zone-Retest,NMRA,2024-11-15,-9.995623387746338,-84.16035584612858,62,-74.16473245838225
Zone-Retest,RNA,2026-06-18,-3.1793219562705923,-4.113228967927701,35,-0.9339070116571087
G3→G3,LWAY,2025-08-13,1.9557759281509102,-18.00753601559901,62,-19.96331194374992
Parabola,CPRX,2026-06-24,0.01832031341327269,0.01832031341327269,14,0.0
P55,OSUR,2024-03-08,-31.45195714602484,-34.44474317134653,62,-2.992786025321692
G3→L46 🕐,OBTC,2025-05-06,5.4806395863432,19.913267929963446,62,14.432628343620246
Zone-Retest,VRA,2024-06-24,-12.268124183587641,-7.651761057044576,62,4.616363126543066
P55,HUMA,2024-09-25,-11.58719203802992,-19.57521001107036,62,-7.98801797304044
Zone-Retest,ISPC,2026-04-30,41.50354838555562,-35.46234249104812,62,-76.96589087660374
Zone-Retest,GAMB,2025-10-24,-31.462394217516383,-35.61741006825264,62,-4.155015850736255
Zone-Retest,DARE,2022-01-20,-16.525436844732905,-16.525436844732905,62,0.0
Zone-Retest,RTAC,2025-09-26,-5.315083425090666,-4.038459548120738,62,1.2766238769699285
Parabola,ALEC,2024-11-12,-14.80222866868312,-60.150000000000006,62,-45.347771331316885
Washout,DNUT,2025-02-28,-20.269820269595613,-58.61230654018971,62,-38.342486270594094
RTB-Base,ALCO,2022-12-07,54.46992196889852,-4.922470923244765,62,-59.392392892143285
Washout,IPSC,2021-10-13,-51.587745888131586,-15.930924713208745,62,35.65682117492284
Zone-Retest,KW,2026-04-07,-0.024705847564748674,-0.024705847564748674,49,0.0
RTB-Base,CANG,2021-05-28,-8.1606807962261,-33.24867694270989,62,-25.087996146483793
Atomic,CREX,2021-11-17,-10.447155892178001,-44.94824977980185,62,-34.501093887623846
G3→G3,ACNT,2026-03-05,1.3802211277085976,-0.007602038785264756,62,-1.3878231664938623
G3→G3,LAC,2026-06-04,-0.49517695081645036,-37.03527873551708,45,-36.54010178470063
Parabola,PTLO,2026-02-11,-4.320589752954468,-31.126019192687476,62,-26.805429439733008
Parabola,JHG,2026-06-09,-0.10720016888842708,-0.10720016888842708,15,0.0
G3→L46 🕐,WAFDP,2025-09-30,-1.7654667081946018,5.074426357405787,62,6.839893065600388
Parabola,PXD,2024-03-06,12.328034567117358,12.328034567117358,41,0.0
P55,SPRB,2026-02-09,-40.37307283932356,-21.654624663893536,62,18.718448175430026
Zone-Retest,CURV,2022-05-03,5.075522238664837,-29.619580295136412,62,-34.69510253380125
Zone-Retest,LEDS,2021-08-05,-13.516879602731619,-12.517266675070832,62,0.9996129276607864
D+L1,HRTX,2022-04-13,-13.039286759515905,-58.832665656687375,62,-45.79337889717147
Parabola,AZ,2026-01-27,-12.831045187892403,1.0333384769307954,62,13.8643836648232
RTB-Base,LFCR,2023-08-31,-37.87911200147908,-12.464881116202648,62,25.41423088527643
Parabola,MTAL,2025-09-30,-17.145922986936473,-17.30947781848931,62,-0.1635548315528368
Zone-Retest-E,AVIR,2026-03-09,-5.334240446053612,-25.975547393195935,62,-20.641306947142322
Zone-Retest,TMCI,2025-05-13,-12.534943711193764,-10.28479780329506,62,2.2501459078987036
G3→L46 🕐,DLTH,2022-11-30,-33.87772699358042,-34.20908835861252,62,-0.3313613650321017
Parabola,AVIR,2026-03-20,-5.651881181577717,-27.72931779048345,62,-22.07743660890573
G3→G3,HAIN,2024-11-08,-32.058067817411356,-52.51256127937474,62,-20.45449346196338
RTB-Base,GPMT,2023-08-18,2.738263952954939,1.5230482369751388,62,-1.2152157159798
Parabola,SABR,2023-01-10,-26.07232595060212,-37.11770478500539,62,-11.045378834403266
Zone-Retest,CWAN,2026-05-27,0.4787040510223552,0.4787040510223552,20,0.0
Zone-Retest,CMTL,2024-02-01,-18.769181055007095,-58.13210199152138,62,-39.362920936514286
RTB-Base,VNTG,2025-08-15,23.695239892099835,-56.80416603776505,62,-80.49940592986488
ppr×NS 🕐24-26,AMC,2024-08-15,0.8657914878654807,-12.926749272977695,62,-13.792540760843176
Atomic,BBAI,2026-01-21,-14.968923534564599,-36.139171501512344,62,-21.170247966947745
Zone-Retest🕐DR,WRK,2024-06-28,3.6708532981714335,3.6708532981714335,5,0.0
G3→L46 🕐,KEN,2026-05-27,-30.43906824265447,-30.53381278898733,51,-0.09474454633285845
G3→G3,CTXR,2024-08-06,-6.606105315710659,-56.42611214756812,62,-49.82000683185746
Zone-Retest,TLRY,2026-05-15,-6.819845977302713,-15.016506210833008,58,-8.196660233530295
RTB-Base,DRE,2022-09-06,-16.739587023277906,-16.739587023277906,19,0.0
Zone-Retest,GMM,2024-10-28,-34.499972047916145,-60.14999999999999,62,-25.650027952083846
RTB-Base,CHY,2025-12-19,9.292822665564977,-0.7358025189290238,62,-10.028625184494
ppr×NS 🕐24-26,INVZ,2022-11-30,-0.6913448454768765,-21.052959286560352,62,-20.361614441083475
G3→L46 🕐,NYAX,2026-02-26,27.678424127431096,36.701151428761456,62,9.02272730133036
Parabola,IDN,2026-04-01,5.12066543042578,-41.66629698309679,62,-46.78696241352257
G3→L46 🕐,MVO,2021-07-15,17.768360554406478,6.951252882580877,62,-10.8171076718256
Zone-Retest,NLOP,2026-07-07,5.782011074297638,4.874281759179416,24,-0.907729315118222
Zone-Retest,ACRE,2024-12-23,-18.639612519995524,-25.536645306765145,62,-6.897032786769621
Washout,VFF,2021-12-14,-10.448486696185217,-26.48999819942218,62,-16.04151150323696
Atomic,COCP,2021-08-02,-44.48129067460757,-23.274163312553302,62,21.20712736205427
Zone-Retest,PNNT,2026-02-10,-8.904462561095523,-18.22620705387162,62,-9.321744492776096
Washout,NPWR,2025-02-27,-8.011244085935026,-60.14999999999999,62,-52.138755914064966
RTB-Base,ALXO,2024-06-12,-37.886415971009164,-63.59156534077602,62,-25.705149369766858
G3→L46 🕐,XXII,2025-09-25,-12.303627482273866,-49.62469506123329,62,-37.32106757895942
Washout,RAY,2025-09-02,-20.06102218964309,-58.62901038658591,62,-38.56798819694282
Zone-Retest,DFLI,2025-11-17,-21.987200098419084,-56.86322123760335,62,-34.87602113918426
G3→G3→RL,BTCT,2024-12-10,-42.51368219947306,-60.150000000000006,62,-17.636317800526946
G3→L46 🕐,CHW,2022-03-08,-1.2656783567092043,-9.113640391891014,62,-7.84796203518181
RTB-Base,JNPR,2025-04-22,15.944775182976418,15.944775182976418,49,0.0
Parabola,THR,2026-04-20,12.777168625530072,12.777168625530072,29,0.0
Zone-Retest,RCKT,2025-04-14,-2.14885357149463,-57.621200606497666,62,-55.47234703500304
G3→L46 🕐,PROF,2025-12-19,-1.9081011033784956,-32.332263517475475,62,-30.42416241409698
D+L1,ARAI,2025-10-16,-9.921992879559022,-57.87533932119199,62,-47.953346441632966
RTB-Base,PLBY,2022-07-14,-15.318569459859804,-36.77398963538164,62,-21.455420175521837
G3→L46 🕐,SPKL,2026-06-11,13.952635695871868,-2.800198325216691,40,-16.75283402108856
Zone-Retest-E,DFS,2025-04-10,21.26403746556192,21.26403746556192,26,0.0
Zone-Retest,AUNA,2024-05-08,-18.328288123370502,4.831416763743262,62,23.159704887113765
Parabola,BYND,2024-09-27,-32.28410032998955,-52.44228835078473,62,-20.15818802079518
P55,PLRX,2024-11-26,-42.18925110843422,-77.67997924871261,62,-35.49072814027839
Zone-Retest,KULR,2025-06-09,-45.75242968880013,-57.5056332168414,62,-11.753203528041276
Parabola,IAC,2026-03-18,10.260300779197667,10.260300779197667,54,0.0
QZ-Capit-Rev,HOLX,2026-03-16,0.8294515252135262,0.8294515252135262,15,0.0
Zone-Retest-DiT,BYSI,2021-09-30,-70.83092129321939,-62.88106264170622,62,7.949858651513168
G3→L46 🕐,ALLT,2026-01-15,-26.06757525002818,-33.88994308077055,62,-7.822367830742369
Atomic,LFCR,2023-12-04,-29.91521612139613,10.975828264406113,62,40.891044385802246
Zone-Retest,JELD,2025-07-24,0.6947488130354453,-6.465825067180103,62,-7.160573880215548
Zone-Retest,KLXE,2024-04-30,-14.077117858063565,-8.537773957839917,62,5.539343900223647
Parabola,CTRA,2026-05-01,-8.5690615485223,-8.5690615485223,4,0.0
G3→L46 🕐,MACI,2025-03-05,6.063229175844081,2.9306731079850765,62,-3.1325560678590048
Parabola,CYH,2024-08-29,0.061346632853604,-33.3424355780976,62,-33.403782210951206
RTB-Base,ANTA,2025-05-16,-0.21586758517687085,0.6232099329996523,62,0.8390775181765232
Zone-Retest-E,HOLX,2026-03-03,0.5480970762245909,0.5480970762245909,24,0.0
G3→L46 🕐,OACC,2025-04-24,5.63192117763947,3.358104180363136,62,-2.2738169972763345
HighBase-15mDip,STEL,2026-05-29,4.184595635114935,4.184595635114935,22,0.0
Zone-Retest,SMHI,2024-12-09,51.53330307087137,-19.37943610062614,62,-70.9127391714975
RTB-Base,CMTL,2023-12-14,-26.917845630773613,-41.070868372343966,62,-14.153022741570354
Zone-Retest,FHTX,2023-01-12,-11.760346316966446,-11.3305749052175,62,0.4297714117489466
D+L1,BYSI,2021-10-15,-73.27845676027698,-65.99224655427832,62,7.286210205998657
G3→L46 🕐,BZFD,2024-12-04,19.04759558879943,-49.62445201907607,62,-68.6720476078755
G3→L46 🕐,WSBF,2023-05-31,47.80855706978105,-9.020318975684965,62,-56.82887604546602
G3→G3,NIO,2026-04-06,-21.30437518761105,-25.066393071303565,62,-3.762017883692515
Zone-Retest,MRO,2024-10-31,6.140973681163558,6.140973681163558,16,0.0
Parabola,GSM,2025-10-24,0.2864295044712696,0.8726343459370569,62,0.5862048414657873
G3→G3,SLI,2022-08-18,-12.564842303473917,-26.716842649411703,62,-14.152000345937786
G3→L46 🕐,KDK,2026-04-14,-31.930182075879483,-37.693349405422076,62,-5.763167329542593
Parabola,BWMX,2026-02-02,-6.971282552785513,-5.581385216162388,62,1.3898973366231253
G3→L46 🕐,EARN,2025-10-01,-7.628232192994927,-3.047946657994677,62,4.58028553500025
Parabola,ACTG,2021-09-23,-26.73071715955479,-30.40168130157705,62,-3.6709641420222603
Zone-Retest,EPM,2023-12-12,-7.41982531296434,0.20879966128904429,62,7.628624974253384
G3→G3,CTRA,2026-03-03,1.8300287022414985,1.8300287022414985,46,0.0
Atomic,GTEC,2021-11-29,-1.5141699612743196,-31.064439152082695,62,-29.550269190808375
G3→G3,CANG,2024-12-19,-30.45758430881596,-60.14999999999999,62,-29.69241569118403
Parabola,ASTL,2026-05-18,-3.948148930450496,-21.80597757210339,57,-17.857828641652894
Zone-Retest,QSI,2022-03-29,7.6796162667445875,-47.744806494362116,62,-55.424422761106705
Zone-Retest,HCAT,2025-02-03,-9.029849624470405,-27.581257485356662,62,-18.551407860886258
RTB-Base,BHFAL,2022-12-30,-33.69024000635842,-9.48140519106398,62,24.208834815294445
RTB-Base,PEW,2025-09-15,-17.271018142752865,-42.151189634689885,62,-24.88017149193702
Washout,EARN,2025-04-02,-8.469339173058604,2.968050197431121,62,11.437389370489726
Zone-Retest,NEON,2025-09-04,24.29747512877028,-40.23986520219668,62,-64.53734033096697
Zone-Retest,SNDL,2022-03-18,1.7092835093436343,-28.627505070362265,62,-30.3367885797059
Atomic,FOA,2025-03-04,18.148303122683167,1.1299507436305203,62,-17.018352379052647
Parabola,SSSS,2026-04-02,14.002853083847816,11.946850248351721,61,-2.056002835496095
Zone-Retest,MMC,2025-11-21,1.1754612637808362,1.1754612637808362,35,0.0
Zone-Retest,GEVO,2021-11-19,-20.520621461841788,-48.73575558953564,62,-28.215134127693855
Zone-Retest-E,BUR,2026-03-10,-38.4636833211721,-46.74453128000307,62,-8.280847958830975
Zone-Retest,PAL,2026-06-09,-1.804367763423359,0.24734918170688527,42,2.051716945130244
Zone-Retest,BHFAN,2025-05-30,-17.36768151822296,-11.718026162067202,62,5.6496553561557565
G3→L46 🕐,INV,2026-05-19,-18.940645201029632,-53.53161588785652,56,-34.590970686826886
Washout,NFE,2025-04-08,5.463810173974598,-54.22824300990011,62,-59.69205318387471
P55,BDTX,2024-08-16,8.304552639977897,-35.31738919676597,62,-43.62194183674387
G3→G3→RL,ACNT,2026-03-06,2.430792521491237,-0.37357446830494345,62,-2.8043669897961805
Atomic,PLSM,2026-06-29,7.315919764421147,-44.13233158736472,29,-51.44825135178586
G3→L46 🕐,ATLO,2026-04-09,5.255126587934261,-0.6448003012758106,62,-5.899926889210072
G3→L46 🕐,BHFAO,2025-12-30,11.246636976204544,1.5371538946507948,62,-9.70948308155375
Zone-Retest,INDO,2025-06-18,9.182125842244387,-38.61439642861289,62,-47.79652227085728
G3→L46 🕐,AIMD,2024-03-08,-64.48920547749803,-60.14999999999999,62,4.339205477498041
Parabola,SABR,2023-02-01,-26.290201462512115,-42.14876655604829,62,-15.858565093536171
Zone-Retest,SMC,2025-04-03,-14.04973529200803,-28.50845606944495,62,-14.45872077743692
RTB-Base,CHMI,2023-03-10,-11.76667392903578,-10.884604806571069,62,0.8820691224647117
Atomic,RR,2025-10-20,-10.531777157585182,-31.701436096738295,62,-21.169658939153113
Zone-Retest,DAY,2025-12-11,0.725440274151318,0.725440274151318,36,0.0
G3→L46 🕐,LVO,2025-07-16,6.634268042380858,-44.95501470017197,62,-51.58928274255283
G3→L46 🕐,KW,2026-05-14,-1.025958789089104,-1.025958789089104,22,0.0
G3→L46 🕐,CDXS,2023-01-25,-19.212016926456236,-33.31606150164802,62,-14.104044575191786
G3-gap,ACRE,2025-02-10,-13.468669741631295,-19.803074645127467,62,-6.334404903496171
Atomic,DFS,2025-05-01,10.515027389663418,10.515027389663418,12,0.0
Zone-Retest,SOHU,2023-06-16,7.709135446786225,-14.315369208610813,62,-22.02450465539704
G3→G3,TAOX,2026-03-24,5.534544968857219,-39.63976368502338,62,-45.1743086538806
QZ-Capit🔵dwell,VSCO,2026-03-12,21.634977520242533,21.634977520242533,56,0.0
Zone-Retest,ACH,2021-12-07,-28.516736130327452,32.06246062443115,62,60.5791967547586
Zone-Retest,MYGN,2026-01-22,-8.649026204720228,-15.123955449078947,62,-6.474929244358719
Zone-Retest,GRNT,2026-06-02,-0.10007488766851634,-2.6961807289066444,47,-2.596105841238128
Zone-Retest,CWAN,2026-06-22,-0.13688753167150888,-0.13688753167150888,3,0.0
Atomic,SFIX,2025-09-03,-0.8769442656824054,-18.38440176921517,62,-17.507457503532766
Zone-Retest,ACET,2025-10-13,-47.22458043703675,-51.96506586274435,62,-4.740485425707604
Zone-Retest,BYSI,2021-10-07,-69.2567425707077,-60.880045870791136,62,8.376696699916565
Zone-Retest,MERC,2024-12-20,-11.430620053526269,7.720980414623973,62,19.151600468150242
Atomic,DGXX,2026-06-05,-29.75697457968172,-46.075986366710325,44,-16.319011787028604
G3-gap,PLTK,2025-01-16,-29.031606365380696,-27.751475279957553,62,1.2801310854231431
G3→L46 🕐,AP,2026-06-26,-21.34259127837171,-2.0533433321092867,30,19.289247946262424
G3→L46 🕐,CERS,2022-08-09,-2.242386711761152,-34.48973553288744,62,-32.24734882112629
Parabola,MNKD,2025-12-10,-4.775819890853378,-55.32069223750581,62,-50.54487234665243
Parabola,SLI,2026-01-23,7.011031093052128,-25.502818556365842,62,-32.51384964941797
Zone-Retest,EDIT,2024-07-23,-3.5830515831668466,-36.22268014805645,62,-32.6396285648896
Zone-Retest,AIV,2026-02-06,-2.6531476354491987,-28.876438961086997,62,-26.2232913256378
Atomic,RYDE,2024-08-09,81.9134833563285,-23.76943871397355,62,-105.68292207030206
L43-TRIPLE,HRZN,2025-12-18,-5.268993360658864,-33.84199699672887,62,-28.573003636070002
Zone-Retest,IMPP,2022-08-12,-9.6048141944789,15.268270443796666,62,24.873084638275564
RTB-Base,FDP,2026-06-23,6.761819884683789,6.761819884683789,4,0.0
G3→L46 🕐,SKIL,2025-12-11,15.81114271369682,-20.719427284963736,62,-36.53056999866055
Zone-Retest,FLWS,2025-09-05,0.6791484342114464,-32.80004454103159,62,-33.47919297524304
Zone-Retest,TBRG,2026-04-07,52.7128876987902,52.77114337245591,62,0.05825567366571249
G3→L46 🕐,AGNCO,2023-10-31,20.048848646461554,14.938031459919104,62,-5.11081718654245
D+L1,ZYBT,2025-05-28,-85.33577274275503,-6.832033025228529,62,78.5037397175265
RTB-Base,ASPI,2026-07-09,-1.8691305379847811,-13.246955745164197,22,-11.377825207179416
Atomic,MNTK,2023-06-16,-23.238340462279567,30.19502300603148,62,53.43336346831104
Zone-Retest,CURV,2022-02-28,-23.814798659998164,-36.93121870448764,62,-13.116420044489477
P55,WAFU,2021-06-08,-16.03703900670734,-2.4704323948859406,62,13.566606611821399
G3-gap,OSUR,2024-04-08,-15.54536333084266,-34.309163938655765,62,-18.763800607813103
RTB-Base,SPWH,2023-03-14,-37.36002420718804,-41.372917396954215,62,-4.012893189766174
Zone-Retest,AMTX,2023-09-12,-1.7984653882216095,-15.286675849265501,62,-13.488210461043892
P55,SHMD,2026-05-04,-19.30352777285686,-34.44211022176414,62,-15.138582448907279
Zone-Retest,MVST,2025-10-15,-3.9306925974674387,-48.445738210865514,62,-44.51504561339807
Zone-Retest,TOP,2023-10-17,3.5480175209247564,-38.20053498749949,62,-41.74855250842425
Parabola,CFLT,2026-01-09,1.6716012604981734,1.6716012604981734,45,0.0
Atomic,TLRY,2026-06-02,-8.696686368984002,-16.728514312626125,47,-8.031827943642122
G3→L46 🕐,CLGN,2021-10-21,-11.89305735073279,-42.479588621021044,62,-30.586531270288255
G3→G3,TVGN,2025-01-28,-70.932081910691,-33.65913227474225,62,37.27294963594875
G3→G3,SND,2026-06-09,-14.63724349373376,-23.000766585164996,42,-8.363523091431237
Parabola,GDRX,2025-07-23,1.1094012207495232,-23.047911197719547,62,-24.15731241846907
Zone-Retest,ALVO,2025-12-05,-1.6675866337480139,-21.79395285740667,62,-20.126366223658657
HighBase-15mDip,CWCO,2026-03-04,-23.40023159053804,-21.88971697643936,62,1.5105146140986818
G3→L46 🕐,SWAG,2022-01-10,2.940799905618224,1.3205122843118535,62,-1.6202876213063706
G3→L46 🕐,LMNR,2025-06-09,-13.810437179282625,1.3086367870873974,62,15.119073966370022
G3→L46 🕐,AEYE,2026-04-01,-12.937069395906159,-9.504717923115352,62,3.432351472790806
G3→L46 🕐,ZYBT,2025-09-18,-86.95439278647066,-59.54493465317113,62,27.40945813329953
P55,GTLS,2026-06-17,1.099092544757735,1.099092544757735,19,0.0
Zone-Retest,JHG,2026-05-05,0.2801872457528777,0.2801872457528777,39,0.0
Atomic,BTOG,2025-08-18,4.998399849205787,-38.3719188224466,62,-43.37031867165239
RTB-Base🧱OB,KLTR,2021-08-17,-40.94278194621426,-45.0881883852921,62,-4.1454064390778385
G3→L46 🕐,EXOD,2025-08-20,-37.86643821172104,-34.76737749167317,62,3.0990607200478664
Zone-Retest,CDXS,2023-01-09,-8.302343433847408,-26.126245104110684,62,-17.823901670263275
P55,NOA,2026-05-27,-5.935920422502145,1.300611539137281,51,7.236531961639425
HighBase-15mDip,NFBK,2026-03-20,14.274172125045965,7.622473026986448,62,-6.651699098059517
Zone-Retest,KOS,2024-07-31,-9.49176352799322,-24.991978908892992,62,-15.500215380899773
RTB-Base,HITI,2021-06-04,-40.17170805225608,-17.339062822149025,62,22.832645230107055
Parabola,SSSS,2026-05-07,-8.87674524362348,-10.520664475727365,37,-1.643919232103885
G3→G3,K,2025-12-02,0.08463361262243686,0.08463361262243686,7,0.0
Washout,EMPD,2025-09-03,-27.751475279957553,-23.342134874611148,62,4.409340405346406
G3→L46 🕐,EVCM,2023-05-31,-0.8856525982191941,-13.272771835540903,62,-12.38711923732171
G3→L46 🕐,OCCI,2025-07-23,-15.202793943413246,-20.336055907846358,62,-5.133261964433112
Zone-Retest,IPOD,2022-03-21,1.007428007032757,0.0018869731656380364,62,-1.005541033867119
D+L1,PRA,2026-04-09,2.6188602953946925,2.6188602953946925,54,0.0
Washout,FWDI,2025-12-26,-26.568511767232867,-34.260462213656254,62,-7.691950446423387
G3→L46 🕐,VSTS,2026-04-07,59.97018009022504,59.97018009022504,44,0.0
Zone-Retest,HRZN,2026-02-09,-7.992164246078021,-32.12514905888902,62,-24.132984812811003
Parabola,ELME,2025-11-24,2.0593557832182583,-84.2258649385638,62,-86.28522072178205
Parabola,MTAL,2025-09-18,-17.07788685823723,-16.586820179566704,62,0.4910666786705242
G3→L46 🕐,CCIX,2025-06-06,2.1447687696327487,-1.2399846087742303,62,-3.384753378406979
Zone-Retest,IPOD,2022-06-01,0.5006272655145474,-0.09967468636724029,62,-0.6003019518817877
Washout,BNTC,2025-10-08,-10.840724578353017,-13.584259312405228,62,-2.7435347340522114
Zone-Retest,GREE,2023-07-10,-5.878000178503201,-33.28567823311588,62,-27.40767805461268
Zone-Retest,FC,2025-11-05,28.610485906099232,17.271964556138446,62,-11.338521349960786
Zone-Retest,LUCK,2025-11-26,0.6346518991565966,12.248247548463393,62,11.613595649306797
Zone-Retest,HUDI,2023-05-10,20.143697384957054,-7.401192177251375,62,-27.54488956220843
Washout,CTKB,2025-02-03,-0.29977533699450654,-26.992409652847453,62,-26.692634315852946
QZ-Capit-Rev,SPRB,2026-05-19,-16.673429488021025,-9.329506501939317,56,7.343922986081708
Zone-Retest-E,CMPX,2026-03-05,-9.327824583197547,-68.19070566844128,62,-58.862881085243735
RTB-Base,RMNI,2021-11-08,-33.27418639944593,-37.379434363044304,62,-4.105247963598373
P55,COFS,2025-11-25,14.550943237550069,-1.7347885925123208,62,-16.28573183006239
Zone-Retest,DPRO,2026-05-20,-5.301549114176601,-14.008340504086163,55,-8.706791389909561
RTB-Base,LNKS,2026-03-27,-0.29977533699451764,-58.19612409117416,62,-57.89634875417965
HighBase-15mDip,PARA,2025-06-18,-8.820548444110981,-84.84569878818888,35,-76.0251503440779
G3→G3,MVO,2023-01-04,-36.451335777683965,-16.80235266071954,62,19.648983116964427
Parabola,KNOP,2026-03-20,10.237183044528702,2.5100802314116875,62,-7.727102813117015
RTB-Base,VBNK,2025-12-11,61.80032604467532,8.1997453206693,62,-53.60058072400602
G3→G3,VERI,2025-10-06,-10.178949508599306,-33.67727093105924,62,-23.498321422459934
RTB-Base,SOHU,2025-04-09,17.898118661702107,29.903012084926033,62,12.004893423223926
RTB-Base,BEEM,2023-12-26,-6.965715231047737,-6.826841483254959,62,0.13887374779277817
Washout,NLOP,2026-03-06,-20.338210834433283,-19.03879010251746,62,1.2994207319158235
QZ-Capit-Rev,DRE,2022-08-31,-19.64178941524148,-19.64178941524148,22,0.0
Washout,MVIS,2021-12-07,-22.693220499511874,-54.93364634308138,62,-32.240425843569504
G3→L46 🕐,SLDP,2026-01-22,-6.098699455354178,-35.99940194064621,62,-29.90070248529203
Zone-Retest,HRZN,2025-12-29,-4.073642095911239,-35.522531753550766,62,-31.448889657639526
Parabola,TBRG,2026-06-12,0.3128027284226954,0.3128027284226954,17,0.0
Washout,DXLG,2023-03-21,-3.7037602686879003,-5.40575273453458,62,-1.70199246584668
Parabola,PKBK,2026-04-09,12.511196883919402,10.284691016648267,62,-2.2265058672711344
Zone-Retest,NFE,2025-04-03,-13.799933263370251,-60.14999999999999,62,-46.35006673662974
Zone-Retest🕐DR,XOMA,2026-06-25,-5.05792971282763,-5.05792971282763,12,0.0
Zone-Retest,HOLO,2025-06-05,-8.33160328063663,-17.823763577668235,62,-9.492160297031605
Zone-Retest-E,HES,2025-05-27,12.648119117675943,12.648119117675943,36,0.0
Zone-Retest,NIO,2026-05-28,-11.099179068277016,-16.23332182577198,50,-5.134142757494965
Washout,KOS,2024-06-18,-4.847034145176915,-20.383501739800163,62,-15.536467594623248
Zone-Retest,FWDI,2025-12-31,-23.562913912036638,-33.230711761404805,62,-9.667797849368167
Washout,IHT,2021-06-18,-29.63508272074647,-54.64584244323169,62,-25.010759722485222
Zone-Retest,OLPX,2022-12-21,5.562273077663332,-21.98935447122859,62,-27.551627548891922
D+L1,EDIT,2024-07-31,-7.524559681813087,-41.24021995763312,62,-33.715660275820035
P55,CTXR,2023-06-23,-31.26108531001947,-46.308281956909596,62,-15.047196646890125
G3→L46 🕐,BPAC,2022-10-31,-1.9771012453651593,2.364212870417709,62,4.341314115782868
Parabola,INVZ,2022-11-16,-8.590588215150213,-17.241871218443112,62,-8.6512830032929
Atomic,GPAT,2025-05-13,3.9876865998711706,0.8435478461696735,62,-3.144138753701497
G3→G3,VERI,2025-10-17,-20.581852221667514,-31.971018472291572,62,-11.389166250624058
G3→L46 🕐,AACB,2025-12-18,0.37816023297739265,0.37816023297739265,62,0.0
Zone-Retest,PMVP,2023-02-14,-23.89362737877519,-25.848918984447618,62,-1.9552916056724285
G3→L46 🕐,VINP,2024-12-20,5.319935799817871,4.21606396937258,62,-1.103871830445291
RTB-Base,LAKE,2025-12-12,17.065481126136913,-4.4240237469881984,62,-21.48950487312511
Parabola,CNDT,2022-06-06,-1.3990438653945834,-26.499008597195967,62,-25.099964731801386
Parabola,CVGW,2026-03-04,-1.4348669398327738,-1.4348669398327738,59,0.0
Washout,STEX,2025-10-14,7.5198205703492835,-36.59072044543628,62,-44.110541015785564
Atomic,CTKB,2025-01-13,-25.113744858902127,-47.84750136699712,62,-22.733756508094995
Parabola,ATYR,2025-08-07,10.733398658917698,-76.98033460858436,62,-87.71373326750205
Zone-Retest,WTI,2023-02-24,-5.989769757129021,-19.7558852897125,62,-13.766115532583477
Washout,PMVP,2023-03-08,-2.470432394885952,-5.142010312290774,62,-2.6715779174048215
G3→G3,FCNCN,2026-03-20,2.5472779120524978,1.6931619373383777,62,-0.85411597471412
Zone-Retest-E,COFS,2026-03-20,24.372939828283684,16.43854244033079,62,-7.934397387952895
Zone-Retest,ATVI,2023-08-24,2.740518527567165,2.740518527567165,35,0.0
Zone-Retest,DXYZ,2026-03-25,22.830869103065094,22.830869103065094,51,0.0
Zone-Retest,MTAL,2025-08-18,-16.80462332816565,-16.394054970176324,62,0.41056835798932667
Zone-Retest-E,SPWH,2023-12-01,11.213353292911805,-24.16335104261846,62,-35.37670433553026
Parabola,TAYD,2026-02-18,-37.186306006107124,-40.29791765839614,62,-3.111611652289014
ppr×NS 🕐24-26,FIP,2026-02-24,-13.477977576782035,-23.784007533538958,62,-10.306029956756923
Washout,MYGN,2026-02-02,-2.8368046387768633,-14.072220118098716,62,-11.235415479321853
G3→L46 🕐,DGXX,2026-05-15,-26.278249486235765,-49.00578608830939,58,-22.727536602073627
Washout,DFDV,2025-11-10,-41.40091432618514,-59.69904852024288,62,-18.298134194057745
Zone-Retest,IFBD,2024-04-11,2.9980302482056684,-44.27051647299694,62,-47.268546721202604
Parabola,GTLS,2026-06-23,0.24548839224399224,0.24548839224399224,16,0.0
QZ-Capit🔵dwell,GTLS,2026-06-11,1.3540786360173143,1.3540786360173143,23,0.0
Atomic,DPRO,2026-06-24,-4.23383672146565,-13.038640772424854,32,-8.804804050959204
Zone-Retest,PLTK,2025-03-10,-2.4491930890357336,-4.7940124548988825,62,-2.344819365863149
Zone-Retest,CLNE,2023-01-09,-7.066182502802571,-20.233245095726364,62,-13.167062592923793
P55,AIAI,2026-06-10,-29.85544183724414,-49.878740222998836,41,-20.023298385754696
Zone-Retest,GDRX,2024-10-15,-27.04277582897852,-39.83290649905783,62,-12.790130670079307
Zone-Retest,CPRX,2026-06-29,-0.23631793333198078,-0.23631793333198078,11,0.0
P55,STHO,2023-04-10,-55.77851687886039,-12.50049443126377,62,43.27802244759662
Zone-Retest,TBRG,2026-06-23,0.08220715980352135,0.08220715980352135,11,0.0
Zone-Retest,KLC,2025-10-20,-7.444084427022163,-25.645062346854512,62,-18.20097791983235
Zone-Retest,AIV,2026-02-20,-2.158239755426089,-28.85254685653416,62,-26.694307101108073
Parabola,SEE,2026-02-09,0.46408007520156186,0.46408007520156186,41,0.0
Zone-Retest,ASTL,2026-05-14,-0.29977533699451764,-18.83484698102547,59,-18.535071644030953
Atomic,INVZ,2023-02-06,-8.09207962104031,-60.14999999999999,62,-52.05792037895968
G3→L46 🕐,ALVO,2025-11-20,-6.7835561592675955,-23.45613541654124,62,-16.672579257273647
G3→L46 🕐,ECOR,2025-07-08,60.710815745587446,-17.292115028429805,62,-78.00293077401724
Zone-Retest,SEMR,2026-03-02,1.392601352208961,1.392601352208961,40,0.0
Zone-Retest,GTLS,2026-05-07,0.7918781330484683,0.7918781330484683,47,0.0
G3→G3,BIOX,2024-10-08,-27.804210590120043,-13.986816576701527,62,13.817394013418516
Zone-Retest,ELME,2026-01-07,-1.1566136493200982,-84.72691037813988,62,-83.57029672881978
G3→G3,AMPY,2026-03-11,-1.8568938502577514,-11.588884558153028,62,-9.731990707895276
ppr×NS 🕐24-26,LAC,2025-12-04,-2.7817120877002113,-12.327622667337451,62,-9.54591057963724
Parabola,PLCE,2025-09-23,3.9491703933461517,-32.8750259362729,62,-36.82419632961905
Washout,RC,2025-03-19,-0.10399058275331595,-14.592062396601163,62,-14.488071813847847
Parabola,ONL,2023-12-20,-7.954959227824937,-41.57120153103678,62,-33.61624230321184
RTB-Base,BRR,2025-12-02,-7.593183051509694,-56.80631986802403,62,-49.213136816514336
G3→L46 🕐,NPWR,2025-01-08,-31.841800896877796,-59.933917411148826,62,-28.09211651427103
P55,BYFC,2021-06-24,-27.77793793805416,35.30573113198419,62,63.08366907003835
Parabola,DXLG,2023-02-06,-31.241184603338574,-41.645064574991366,62,-10.403879971652792
Parabola,BGS,2026-04-10,-7.601437103941882,-29.506422404784043,62,-21.90498530084216
G3→L46 🕐,OCCI,2025-03-26,-20.734239919190994,-6.646843881464632,62,14.087396037726363
G3+RL,AOMR,2025-03-03,-9.148536435025207,-6.936346160517543,62,2.2121902745076643
Atomic,LXEO,2026-03-25,-11.218142054995123,-13.507477011995245,62,-2.289334957000122
Parabola,TBRG,2026-07-06,-0.22361193145447586,-0.22361193145447586,3,0.0
RTB-Base,AVIR,2022-09-01,-24.42466183275423,-38.7655665830114,62,-14.34090475025717
Zone-Retest,HRZN,2025-12-17,-4.675059046797564,-32.64562276303853,62,-27.970563716240967
Zone-Retest,GTM,2026-02-26,-2.4035888226007938,-43.508867695215685,62,-41.10527887261489
RTB-Base,BHFAN,2025-01-28,-23.864866777769684,-13.178371822069318,62,10.686494955700367
Washout💥vol,RCKT,2025-04-11,3.2105841238142583,-55.29540688966551,62,-58.505991013479765
P55,BYND,2024-10-29,-21.851298983202224,-37.6660861192683,62,-15.814787136066077
G3→L46 🕐,OABI,2023-08-18,-7.887702599813601,-18.924687709368598,62,-11.036985109554998
Parabola,CWAN,2026-05-01,1.1437429873363993,1.1437429873363993,37,0.0
G3→L46 🕐,SMC,2025-10-10,36.01754930469137,21.176766025187614,62,-14.840783279503757
Washout,GPMT,2023-09-15,-5.161396762534104,3.252948012438278,62,8.414344774972381
Zone-Retest,JNPR,2025-06-23,10.563751742633071,10.563751742633071,7,0.0
Zone-Retest,FLWS,2025-03-25,-14.729957306565062,-17.05205555454194,62,-2.3220982479768786
Parabola,NFBK,2026-04-07,11.843182387590772,8.185665000667491,62,-3.6575173869232813
L43-TRIPLE,NREF,2022-06-17,-22.628725122815514,0.2042641615567721,62,22.832989284372285
Parabola,IPG,2025-09-04,-7.466961844728187,-7.466961844728187,60,0.0
Atomic,CTRA,2026-03-24,-4.809140321775401,-4.809140321775401,31,0.0
P55,MPT,2026-04-17,-3.557844087994683,-7.774168353994909,62,-4.2163242660002265
Washout,CNTY,2021-08-06,-54.62654570566707,22.224024348703303,62,76.85057005437037
Atomic,CRBU,2024-01-18,-5.545190516289361,-25.028161182241654,62,-19.482970665952294
P55,AMCI,2025-12-19,-50.88660528001271,-32.39801768662535,62,18.488587593387358
Parabola,CWAN,2026-05-21,0.4374289468176697,0.4374289468176697,23,0.0
Spring,CLOV,2021-10-29,-34.11149162499637,-56.987230926097624,62,-22.875739301101255
G3→L46 🕐,CHMI,2022-06-16,-20.61905793932314,0.4939466396589433,62,21.113004578982085
Zone-Retest,SOHU,2022-05-17,-18.219914995057078,19.07513580622445,62,37.295050801281526
RTB-Base,K,2025-09-26,7.812974548155732,7.812974548155732,53,0.0
RTB-Base,CGTX,2021-10-15,-4.940250521653416,-58.545739723747715,62,-53.6054892020943
Atomic,QSI,2021-12-03,-18.036328402133645,-32.98101663294532,62,-14.944688230811675
Parabola,NCDL,2026-04-17,-15.933944125565308,-9.8887321939846,62,6.045211931580708
Zone-Retest,BRCC,2023-07-18,8.960527756751963,-41.97113925885365,62,-50.93166701560561
Zone-Retest,GTLS,2026-06-26,0.24548839224399224,0.24548839224399224,13,0.0
RTB-Base,ACGLN,2025-06-30,-4.411255176059442,5.57376729024111,62,9.985022466300553
G3→L46 🕐,KFII,2025-03-25,5.928307086653733,2.1110952786112467,62,-3.8172118080424866
G3→L46 🕐,TACH,2025-09-25,2.758877790034303,1.27888434147197,62,-1.479993448562333
Washout,ALCO,2023-03-17,68.52627851152563,2.725989046732918,62,-65.80028946479271
Parabola,HOLX,2026-02-23,0.5213831626879997,0.5213831626879997,30,0.0
P55,LANV,2022-12-29,-29.737690177880598,-27.085625777800775,62,2.652064400079823
RTB-Base,ATHR,2025-05-21,-30.722890664004005,-38.71090863704443,62,-7.988017973040428
RTB-Base,TAYD,2026-04-02,-3.936821544513375,2.3082529191287557,62,6.245074463642131
Zone-Retest,AMWD,2026-05-15,33.23325844566483,33.23325844566483,8,0.0
RTB-Base,FLD,2025-03-06,27.097145810210304,-43.83777412393806,62,-70.93491993414837
Zone-Retest,LMNR,2026-06-26,3.0055053870310653,6.38765310463863,30,3.3821477176075643
QZ-Capit-Rev,CTLT,2024-10-28,6.756599116336442,6.756599116336442,36,0.0
Washout,CDLX,2024-08-06,-27.290102171672466,-56.96547706451527,62,-29.675374892842804
G3-gap,SMC,2026-06-16,5.91685285118842,5.8470030962650075,37,-0.06984975492341228
Parabola,BOC,2026-06-02,10.639697806231824,5.86744442160288,47,-4.772253384628945
RTB-Base,NWAX,2026-02-09,-0.7916483648911008,-1.0867721816290419,62,-0.2951238167379411
G3→G3,ONEW,2025-04-30,-18.754851343674144,3.3499225299980893,62,22.104773873672233
Zone-Retest-E,IMRX,2026-07-02,1.4727138582067814,-11.328596996024704,26,-12.801310854231485
Zone-Retest,MX,2024-03-14,-7.735430365090662,-13.754770149739931,62,-6.0193397846492696
Zone-Retest,EMPD,2025-10-21,-27.544622352186014,-40.810437914556736,62,-13.265815562370722
Zone-Retest,BYND,2024-11-06,-22.57405622335728,-39.77901801144437,62,-17.20496178808709
Zone-Retest,DCGO,2023-11-29,-2.051533664415678,-31.130721899606744,62,-29.079188235191065
Parabola,LAW,2024-05-10,-17.886205008353556,-21.81044964576427,62,-3.9242446374107125
Parabola,HES,2025-07-02,3.6655218317136082,3.6655218317136082,11,0.0
Washout,DOMO,2026-02-09,-1.4541131943703043,-52.12954513316729,62,-50.67543193879699
Zone-Retest,GRWG,2022-06-07,0.7027369588187784,-12.129420427591569,62,-12.832157386410348
Zone-Retest-E,K,2025-11-28,-0.311740612568273,-0.311740612568273,9,0.0
P55,LEGO,2021-07-26,12.859560106520302,-0.1993223946776089,62,-13.05888250119791
Zone-Retest,OPRX,2026-02-19,-27.270124135525414,-39.137077606879004,62,-11.86695347135359
Parabola,STEL,2026-04-20,3.605571716421113,3.605571716421113,50,0.0
Zone-Retest,RNA,2026-03-23,-5.96878884927719,-4.45705191266848,62,1.5117369366087097
G3→L46 🕐,NYAX,2026-05-13,-2.590257033422777,1.9020425518301132,60,4.49229958525289
Zone-Retest,NCMI,2025-05-07,25.389845571448618,9.879131060690499,62,-15.510714510758119
G3→G3,TACO,2026-07-09,-0.10958443287451534,-0.8703480493545466,22,-0.7607636164800312
RTB-Base,GDRX,2024-10-23,-24.16715127762215,-25.67774469158593,62,-1.5105934139637789
Parabola,LPRO,2024-06-12,-25.442957813641335,-20.385421108568707,62,5.0575367050726285
Atomic,DDD,2024-02-26,3.979520005705722,-27.605755142796024,62,-31.585275148501747
RTB-Base,VINP,2022-03-09,-5.777170754659383,-1.736469217037745,62,4.040701537621638
G3→G3,SEMR,2026-04-16,0.11800802979631832,0.11800802979631832,8,0.0
G3→L46 🕐,MRO,2024-09-26,9.031306554148106,9.031306554148106,41,0.0
HighBase-15mDip,WRK,2024-06-10,0.8968580037605647,0.8968580037605647,18,0.0
D+L1,RXRX,2025-07-01,-0.29977533699451764,-5.891387918122831,62,-5.591612581128313
Zone-Retest,ONL,2023-09-08,1.3491274556055646,1.898761719805614,62,0.5496342642000493
Parabola,MPT,2026-05-08,-6.085489289430329,-14.297470383210237,62,-8.211981093779908
Washout,DOMO,2026-01-22,-16.315032320586237,-56.87612194637667,62,-40.56108962579043
G3→G3,IVF,2026-01-22,-17.197505664580063,-56.31831163511143,62,-39.120805970531364
Washout,REFI,2025-04-10,-17.78472525935389,4.015659111928232,62,21.800384371282124
G3→L46 🕐,SNWV,2026-06-17,-23.119374244897156,-32.0387098586459,36,-8.919335613748746
G3→L46 🕐,CNSP,2025-09-16,-43.618744822029434,-17.302470859870716,62,26.316273962158718
QZ-Capit-Rev,VTOL,2026-03-16,-0.8642995753719349,-0.8642995753719349,55,0.0
RTB-Base,SSAC,2026-03-04,0.8107933902987754,0.8107933902987754,62,0.0
P55,SPWH,2023-11-03,-0.29977533699450654,-30.70529487723302,62,-30.40551954023851
Washout,TAYD,2026-04-06,0.2742893819508042,5.496426502679213,62,5.2221371207284095
G3→L46 🕐,HURC,2025-09-15,32.226761747657065,-14.831701154919136,62,-47.0584629025762
Zone-Retest,OPEN,2026-03-10,3.412855325622127,-13.782486690707591,62,-17.195342016329718
Zone-Retest,WBA,2025-06-24,5.149796783697696,5.149796783697696,46,0.0
RTB-Base,SANA,2024-07-09,-1.6783780443732799,-16.449121337717294,62,-14.770743293344013
Washout,AVD,2024-05-14,-46.825731084224735,-40.66475977523078,62,6.1609713089939575
