delta,seed,cell,truth,est,bias,lo,hi,width,covered,estimator,evidence,materiality,validity,final,blocking
0.0,0,sig_rs_intact,0.0,-0.005789840926727095,-0.005789840926727095,-0.1788605746664653,0.16148169621664826,0.34034227088311353,True,False,False,False,True,False,
0.0,0,¬sig_rs_intact,0.0,-0.027202752528374095,-0.027202752528374095,-0.2012986847231848,0.11673921436908816,0.318037899092273,True,False,False,False,True,False,
0.0,0,sig_conso,0.0,0.02854635668526744,0.02854635668526744,-0.09836705162506967,0.16411598168467026,0.26248303330973993,True,False,False,False,True,False,
0.0,0,¬sig_conso,0.0,-0.019681593852959662,-0.019681593852959662,-0.17573880908473313,0.11833886010567227,0.2940776691904054,True,False,False,False,True,False,
0.0,0,sig_lead_in_lag,0.0,0.08316350184024401,0.08316350184024401,-0.09972443891164509,0.2346663549799658,0.33439079389161086,True,False,False,False,True,False,
0.0,0,¬sig_lead_in_lag,0.0,-0.10746933541284331,-0.10746933541284331,-0.2571598253222826,0.043876789371254915,0.3010366146935375,True,False,False,False,True,False,
0.0,0,sig_h1_dr,0.0,-0.00795450289660693,-0.00795450289660693,-0.187688931749789,0.2094798327133598,0.3971687644631488,True,False,False,False,True,False,
0.0,0,¬sig_h1_dr,0.0,0.004633518478210048,0.004633518478210048,-0.2045237319635721,0.1899626285514131,0.3944863605149852,True,False,False,False,True,False,
0.0,0,sig_macro_vix_up,0.0,-0.14706318160121387,-0.14706318160121387,-0.6702353202245053,0.36788980255514303,1.0381251227796482,True,False,False,False,True,False,EVIDENCE
0.0,0,¬sig_macro_vix_up,0.0,0.19160218204070592,0.19160218204070592,-0.36630498779995857,0.6718995751227839,1.0382045629227425,True,False,False,False,True,False,EVIDENCE
0.0,0,sig_rs_intact+sig_conso,0.0,-0.006696729792756973,-0.006696729792756973,-0.1576508213066117,0.12818952366594275,0.28584034497255445,True,False,False,False,True,False,
0.0,0,sig_rs_intact+sig_macro_vix_up,0.0,-0.016648597407137262,-0.016648597407137262,-0.4436069805657333,0.44460328212402456,0.8882102626897579,True,False,False,False,True,False,
0.0,0,sig_conso+sig_lead_in_lag,0.0,0.053921291866280814,0.053921291866280814,-0.13664253563931286,0.2392764429369526,0.37591897857626544,True,False,False,False,True,False,
0.0,0,sig_conso+sig_h1_dr,0.0,-0.015843411712311743,-0.015843411712311743,-0.19323674056322998,0.20208177754385379,0.39531851810708374,True,False,False,False,True,False,
0.0,0,sig_conso+sig_macro_vix_up,0.0,-0.23437257674333786,-0.23437257674333786,-0.7013636657533759,0.35524504469479506,1.056608710448171,True,False,False,False,True,False,EVIDENCE
0.0,0,sig_lead_in_lag+sig_h1_dr,0.0,0.15108526763844407,0.15108526763844407,-0.10436294503950772,0.3182510859173953,0.42261403095690303,True,False,False,False,True,False,
0.0,0,sig_lead_in_lag+sig_macro_vix_up,0.0,-0.07335564058002257,-0.07335564058002257,-0.6594553639918411,0.39241756002047534,1.0518729240123164,True,False,False,False,True,False,EVIDENCE
0.0,0,sig_h1_dr+sig_macro_vix_up,0.0,-0.09354969536072455,-0.09354969536072455,-0.662628873022953,0.4807708040904406,1.1433996771133936,True,False,False,False,True,False,EVIDENCE
0.0,0,sig_conso+sig_lead_in_lag+sig_h1_dr,0.0,0.1366908774589278,0.1366908774589278,-0.11582497880678325,0.3457876139068178,0.461612592713601,True,False,False,False,True,False,
0.0,0,rsi<35,0.0,0.0130131938160421,0.0130131938160421,-0.13252097757681766,0.17103800553357146,0.3035589831103891,True,False,False,False,True,False,
0.0,0,rsi35-50,0.0,-0.07887687791560832,-0.07887687791560832,-0.18668812494186068,0.04318498568890739,0.22987311063076807,True,False,False,False,True,False,
0.0,0,rsi50-65,0.0,0.07222463917581831,0.07222463917581831,-0.0731415678098708,0.2021710954597803,0.2753126632696511,True,False,False,False,True,False,
0.0,0,rsi>=65,0.0,-0.0511296468392035,-0.0511296468392035,-0.2183517975851172,0.12837563547940145,0.34672743306451864,True,False,False,False,True,False,
0.0,0,adx-1,0.0,0.2196156574704847,0.2196156574704847,-0.386325445308791,0.9370336382984434,1.3233590836072344,True,False,False,False,True,False,EVIDENCE
0.0,0,adx0,0.0,-0.01938165307940047,-0.01938165307940047,-0.11194371785152085,0.07160036050036696,0.1835440783518878,True,False,False,False,True,False,
0.0,0,adx1,0.0,-0.02905440999407219,-0.02905440999407219,-0.17300114794405191,0.13322347920875766,0.30622462715280957,True,False,False,False,True,False,
0.0,0,adx2,0.0,-0.016314377521389478,-0.016314377521389478,-0.15212073838643844,0.09381614458413727,0.2459368829705757,True,False,False,False,True,False,
0.0,0,adx3,0.0,0.004018641785042198,0.004018641785042198,-0.09451468703125693,0.11631151965005017,0.21082620668130708,True,False,False,False,True,False,
0.0,0,rsi<35&rs,0.0,0.1647472800726276,0.1647472800726276,-0.09730109468026876,0.4879560250894094,0.5852571197696781,True,False,False,False,True,False,
0.0,0,rsi35-50&rs,0.0,-0.06723502561965405,-0.06723502561965405,-0.22282569690646242,0.13644141565649767,0.35926711256296007,True,False,False,False,True,False,
0.0,0,rsi50-65&rs,0.0,0.034881063867813616,0.034881063867813616,-0.1404650033443659,0.17492768757661012,0.315392690920976,True,False,False,False,True,False,
0.0,0,rsi<35&conso,0.0,-0.040818005857170665,-0.040818005857170665,-0.30453858479265156,0.2034428451301937,0.5079814299228452,True,False,False,False,True,False,
0.0,0,rsi35-50&conso,0.0,-0.01781977249975425,-0.01781977249975425,-0.16230873672142573,0.1115414287468486,0.27385016546827434,True,False,False,False,True,False,
0.0,0,rsi50-65&conso,0.0,0.07262601656209387,0.07262601656209387,-0.05111500539213093,0.19477199390837868,0.2458869993005096,True,False,False,False,True,False,
0.0,0,adx1&rs,0.0,-0.09278848347139709,-0.09278848347139709,-0.28005951787806516,0.07496043070369411,0.3550199485817593,True,False,False,False,True,False,
0.0,0,adx2&rs,0.0,0.13810076451055567,0.13810076451055567,-0.08427822050940074,0.33142495198123106,0.4157031724906318,True,False,False,False,True,False,
0.0,0,adx3&rs,0.0,0.0313506634846088,0.0313506634846088,-0.11709482820029952,0.18443115504475344,0.301525983245053,True,False,False,False,True,False,
0.0,1,sig_rs_intact,0.0,0.16572360084678076,0.16572360084678076,0.0011283816159836913,0.3093183186070904,0.30818993699110675,False,True,True,False,True,False,
0.0,1,¬sig_rs_intact,0.0,-0.11502222062408501,-0.11502222062408501,-0.31948031617628025,0.0766034545112343,0.39608377068751455,True,False,False,False,True,False,
0.0,1,sig_conso,0.0,-0.012862829687931654,-0.012862829687931654,-0.14467734434899776,0.11302037270931446,0.25769771705831224,True,False,False,False,True,False,
0.0,1,¬sig_conso,0.0,-0.020554610147176456,-0.020554610147176456,-0.14473295757680976,0.14324402502674144,0.2879769826035512,True,False,False,False,True,False,
0.0,1,sig_lead_in_lag,0.0,0.07341624249075619,0.07341624249075619,-0.09529790089357816,0.25904392620101857,0.3543418270945967,True,False,False,False,True,False,
0.0,1,¬sig_lead_in_lag,0.0,-0.09684769515519015,-0.09684769515519015,-0.2560310126157889,0.09029054848344743,0.34632156109923634,True,False,False,False,True,False,
0.0,1,sig_h1_dr,0.0,0.19970676997872672,0.19970676997872672,0.0356323892866807,0.35499709807005236,0.31936470878337164,False,True,True,False,True,False,
0.0,1,¬sig_h1_dr,0.0,-0.2720704313418894,-0.2720704313418894,-0.43381045895785747,-0.08190567065243726,0.3519047883054202,False,True,True,False,True,False,
0.0,1,sig_macro_vix_up,0.0,0.28153321329954134,0.28153321329954134,-0.1911904062847216,0.7426188068483446,0.9338092131330662,True,False,False,False,True,False,EVIDENCE
0.0,1,¬sig_macro_vix_up,0.0,-0.23208683533723953,-0.23208683533723953,-0.7181170337858911,0.22209875035591167,0.9402157841418027,True,False,False,False,True,False,EVIDENCE
0.0,1,sig_rs_intact+sig_conso,0.0,0.1887338820068578,0.1887338820068578,0.026370078800110153,0.31325373719294836,0.2868836583928382,False,True,True,False,True,False,
0.0,1,sig_rs_intact+sig_macro_vix_up,0.0,0.32868227019093477,0.32868227019093477,-0.12030583950638012,0.833754784391188,0.9540606238975681,True,False,False,False,True,False,EVIDENCE
0.0,1,sig_conso+sig_lead_in_lag,0.0,0.14964063274964584,0.14964063274964584,-0.05621675485562961,0.30935499916295517,0.36557175401858477,True,False,False,False,True,False,
0.0,1,sig_conso+sig_h1_dr,0.0,0.24007799719462294,0.24007799719462294,0.024320938793526353,0.41199334970088036,0.387672410907354,False,True,True,False,True,False,
0.0,1,sig_conso+sig_macro_vix_up,0.0,0.23996851737257238,0.23996851737257238,-0.2545314689684356,0.7354351542102078,0.9899666231786434,True,False,False,False,True,False,EVIDENCE
0.0,1,sig_lead_in_lag+sig_h1_dr,0.0,0.14204848971664372,0.14204848971664372,-0.07564187199517858,0.33442922074936415,0.41007109274454273,True,False,False,False,True,False,
0.0,1,sig_lead_in_lag+sig_macro_vix_up,0.0,0.46024625043758344,0.46024625043758344,-0.06937396449613091,0.8841915587984269,0.9535655232945578,True,False,False,False,True,False,EVIDENCE
0.0,1,sig_h1_dr+sig_macro_vix_up,0.0,0.48361157534310883,0.48361157534310883,-0.08493031176184924,1.0700781600678548,1.155008471829704,True,False,False,False,True,False,EVIDENCE
0.0,1,sig_conso+sig_lead_in_lag+sig_h1_dr,0.0,0.20715659123544578,0.20715659123544578,-0.02550887055420071,0.42105367098390034,0.44656254153810104,True,False,False,False,True,False,
0.0,1,rsi<35,0.0,0.05041218390988417,0.05041218390988417,-0.15526501169830664,0.20611926044611562,0.36138427214442226,True,False,False,False,True,False,
0.0,1,rsi35-50,0.0,0.04671577177250971,0.04671577177250971,-0.0751382238228591,0.15767990788813327,0.23281813171099236,True,False,False,False,True,False,
0.0,1,rsi50-65,0.0,-0.02025276069442928,-0.02025276069442928,-0.13010083167983197,0.11966499324379742,0.2497658249236294,True,False,False,False,True,False,
0.0,1,rsi>=65,0.0,-0.0062204512319381094,-0.0062204512319381094,-0.18086034656869088,0.15505869960512977,0.3359190461738206,True,False,False,False,True,False,
0.0,1,adx-1,0.0,-0.5098163937380809,-0.5098163937380809,-1.100689850393263,0.1408808264882519,1.241570676881515,True,False,False,False,True,False,EVIDENCE
0.0,1,adx0,0.0,0.05756062807817763,0.05756062807817763,-0.024889492594863852,0.1325461713529838,0.15743566394784764,True,False,False,False,True,False,
0.0,1,adx1,0.0,0.059088390917414316,0.059088390917414316,-0.12532782437650558,0.20636909802130834,0.3316969223978139,True,False,False,False,True,False,
0.0,1,adx2,0.0,0.04093812066358074,0.04093812066358074,-0.07835983560794761,0.1835412729951661,0.2619011086031137,True,False,False,False,True,False,
0.0,1,adx3,0.0,0.008247233158565652,0.008247233158565652,-0.10545907458250108,0.10171580285409644,0.20717487743659752,True,False,False,False,True,False,
0.0,1,rsi<35&rs,0.0,0.09489265269567279,0.09489265269567279,-0.32833011793115935,0.374565054520768,0.7028951724519273,True,False,False,False,True,False,
0.0,1,rsi35-50&rs,0.0,0.032349746339549346,0.032349746339549346,-0.12844051512455257,0.17550443420880013,0.3039449493333527,True,False,False,False,True,False,
0.0,1,rsi50-65&rs,0.0,0.137503454993365,0.137503454993365,-0.005645390730873241,0.3188475079304488,0.324492898661322,True,False,False,False,True,False,
0.0,1,rsi<35&conso,0.0,-0.014048347371475431,-0.014048347371475431,-0.2960378267592214,0.24453416912178239,0.5405719958810038,True,False,False,False,True,False,
0.0,1,rsi35-50&conso,0.0,0.013252447905108275,0.013252447905108275,-0.11459836247810049,0.14110539989465062,0.2557037623727511,True,False,False,False,True,False,
0.0,1,rsi50-65&conso,0.0,-0.021940216540950137,-0.021940216540950137,-0.15276397930646005,0.0940498594742036,0.24681383878066365,True,False,False,False,True,False,
0.0,1,adx1&rs,0.0,0.09627052008909386,0.09627052008909386,-0.09926995611556039,0.2659661878168313,0.3652361439323917,True,False,False,False,True,False,
0.0,1,adx2&rs,0.0,0.1918442221563536,0.1918442221563536,-0.024452747982535217,0.3448025193634937,0.3692552673460289,True,False,False,False,True,False,
0.0,1,adx3&rs,0.0,0.03883641225256903,0.03883641225256903,-0.13349785027665353,0.17764050794999245,0.311138358226646,True,False,False,False,True,False,
0.0,2,sig_rs_intact,0.0,-0.08243009848600495,-0.08243009848600495,-0.22994394319256578,0.061126320485550965,0.2910702636781167,True,False,False,False,True,False,
0.0,2,¬sig_rs_intact,0.0,0.0753425809998206,0.0753425809998206,-0.07369330968085355,0.23954365760366297,0.31323696728451655,True,False,False,False,True,False,
0.0,2,sig_conso,0.0,0.019705001454019613,0.019705001454019613,-0.10374802983120858,0.13836096310878926,0.24210899293999782,True,False,False,False,True,False,
0.0,2,¬sig_conso,0.0,-0.023986127983171318,-0.023986127983171318,-0.15766415417070864,0.0814193353537941,0.23908348952450276,True,False,False,False,True,False,
0.0,2,sig_lead_in_lag,0.0,0.0023759997918899474,0.0023759997918899474,-0.16805189514445093,0.165718751356234,0.33377064650068494,True,False,False,False,True,False,
0.0,2,¬sig_lead_in_lag,0.0,0.03291385273804295,0.03291385273804295,-0.11770860384706609,0.19354943683393502,0.3112580406810011,True,False,False,False,True,False,
0.0,2,sig_h1_dr,0.0,-0.06538082727062652,-0.06538082727062652,-0.2166943745781301,0.10916968710753953,0.3258640616856696,True,False,False,False,True,False,
0.0,2,¬sig_h1_dr,0.0,0.09853687898644875,0.09853687898644875,-0.05660645345598865,0.2868168189108696,0.3434232723668582,True,False,False,False,True,False,
0.0,2,sig_macro_vix_up,0.0,-0.11288192743765627,-0.11288192743765627,-0.5879101749981652,0.34939177820397627,0.9373019532021415,True,False,False,False,True,False,EVIDENCE
0.0,2,¬sig_macro_vix_up,0.0,0.1237165730457293,0.1237165730457293,-0.3186339844055434,0.5722156376984294,0.8908496221039728,True,False,False,False,True,False,EVIDENCE
0.0,2,sig_rs_intact+sig_conso,0.0,-0.04842017931383178,-0.04842017931383178,-0.17976690833740225,0.08373539640451039,0.2635023047419126,True,False,False,False,True,False,
0.0,2,sig_rs_intact+sig_macro_vix_up,0.0,-0.23228904486654983,-0.23228904486654983,-0.6791849187019947,0.23200527505790952,0.9111901937599043,True,False,False,False,True,False,EVIDENCE
0.0,2,sig_conso+sig_lead_in_lag,0.0,0.019856658458846984,0.019856658458846984,-0.19472701296205672,0.1716561558748297,0.36638316883688643,True,False,False,False,True,False,
0.0,2,sig_conso+sig_h1_dr,0.0,-0.04675526747310343,-0.04675526747310343,-0.21560705844845515,0.1366401387651109,0.35224719721356607,True,False,False,False,True,False,
0.0,2,sig_conso+sig_macro_vix_up,0.0,-0.11452616136433647,-0.11452616136433647,-0.5042224089558276,0.265294598538343,0.7695170074941706,True,False,False,False,True,False,EVIDENCE
0.0,2,sig_lead_in_lag+sig_h1_dr,0.0,-0.022624068910389577,-0.022624068910389577,-0.23775890210591358,0.14399736287751017,0.38175626498342374,True,False,False,False,True,False,
0.0,2,sig_lead_in_lag+sig_macro_vix_up,0.0,-0.23286411335809185,-0.23286411335809185,-0.8786103921244337,0.2826794096474365,1.1612898017718702,True,False,False,False,True,False,EVIDENCE
0.0,2,sig_h1_dr+sig_macro_vix_up,0.0,-0.2072399996067994,-0.2072399996067994,-0.6683853372140829,0.2013800203299555,0.8697653575440384,True,False,False,False,True,False,EVIDENCE
0.0,2,sig_conso+sig_lead_in_lag+sig_h1_dr,0.0,-0.01750167373199419,-0.01750167373199419,-0.23452640642504471,0.18737997792817024,0.4219063843532149,True,False,False,False,True,False,
0.0,2,rsi<35,0.0,-0.09006483370525697,-0.09006483370525697,-0.2830993136368368,0.07275778256241718,0.355857096199254,True,False,False,False,True,False,
0.0,2,rsi35-50,0.0,0.0831388483006716,0.0831388483006716,-0.03414622353940919,0.18445028779853553,0.21859651133794472,True,False,False,False,True,False,
0.0,2,rsi50-65,0.0,-0.06764102581274069,-0.06764102581274069,-0.19647838381268146,0.057104147957661104,0.25358253177034257,True,False,False,False,True,False,
0.0,2,rsi>=65,0.0,-0.025603791625979942,-0.025603791625979942,-0.18546491437548687,0.16110509857057295,0.3465700129460598,True,False,False,False,True,False,
0.0,2,adx-1,0.0,-0.0738595989557728,-0.0738595989557728,-0.8899613650806316,0.7071627877366317,1.5971241528172633,True,False,False,False,True,False,EVIDENCE
0.0,2,adx0,0.0,0.013406416981564476,0.013406416981564476,-0.0826762193223819,0.08616038478390563,0.16883660410628754,True,False,False,False,True,False,
0.0,2,adx1,0.0,-0.018226514247189136,-0.018226514247189136,-0.18244866764705128,0.17499324032183583,0.3574419079688871,True,False,False,False,True,False,
0.0,2,adx2,0.0,0.06494255730286694,0.06494255730286694,-0.05533543059687434,0.20175733545073704,0.2570927660476114,True,False,False,False,True,False,
0.0,2,adx3,0.0,-0.021057648745746,-0.021057648745746,-0.12693359262114234,0.07614741976949094,0.20308101239063328,True,False,False,False,True,False,
0.0,2,rsi<35&rs,0.0,-0.2335777776515066,-0.2335777776515066,-0.5305989571142776,0.05197324012032327,0.5825721972346009,True,False,False,False,True,False,EVIDENCE
0.0,2,rsi35-50&rs,0.0,0.10170690941797693,0.10170690941797693,-0.0722432265777496,0.23841875665454848,0.3106619832322981,True,False,False,False,True,False,
0.0,2,rsi50-65&rs,0.0,-0.12834343917901372,-0.12834343917901372,-0.2717970382063076,0.022461275763176976,0.29425831396948454,True,False,False,False,True,False,
0.0,2,rsi<35&conso,0.0,-0.11088112846039766,-0.11088112846039766,-0.315347973509378,0.13766522190362876,0.4530131954130068,True,False,False,False,True,False,
0.0,2,rsi35-50&conso,0.0,0.0645250715751636,0.0645250715751636,-0.057720909657847,0.1678503424566418,0.2255712521144888,True,False,False,False,True,False,
0.0,2,rsi50-65&conso,0.0,0.010574759996857693,0.010574759996857693,-0.09152051183475737,0.10953814118649102,0.2010586530212484,True,False,False,False,True,False,
0.0,2,adx1&rs,0.0,-0.054042004746034926,-0.054042004746034926,-0.23632486918463844,0.12382183878697561,0.3601467079716141,True,False,False,False,True,False,
0.0,2,adx2&rs,0.0,0.07740738692109782,0.07740738692109782,-0.1195574123328136,0.26024892637396346,0.37980633870677705,True,False,False,False,True,False,
0.0,2,adx3&rs,0.0,-0.11491570009253357,-0.11491570009253357,-0.2747972279571219,0.032557105397634775,0.3073543333547567,True,False,False,False,True,False,
0.0,3,sig_rs_intact,0.0,0.07423481030754212,0.07423481030754212,-0.0704166999510022,0.20671231707926235,0.27712901703026455,True,False,False,False,True,False,
0.0,3,¬sig_rs_intact,0.0,-0.09584620675922337,-0.09584620675922337,-0.2782956790882292,0.08257317781000303,0.3608688568982322,True,False,False,False,True,False,
0.0,3,sig_conso,0.0,0.04599525445036641,0.04599525445036641,-0.06589197295655758,0.20029579970656905,0.26618777266312665,True,False,False,False,True,False,
0.0,3,¬sig_conso,0.0,-0.0884216650275588,-0.0884216650275588,-0.23515333903959257,0.03060397134571949,0.26575731038531203,True,False,False,False,True,False,
0.0,3,sig_lead_in_lag,0.0,0.03582936582565326,0.03582936582565326,-0.15434836648290906,0.1792827867849794,0.33363115326788845,True,False,False,False,True,False,
0.0,3,¬sig_lead_in_lag,0.0,-0.0555312660504665,-0.0555312660504665,-0.23401219806215573,0.1421154657393809,0.3761276638015366,True,False,False,False,True,False,
0.0,3,sig_h1_dr,0.0,-0.009914451981665223,-0.009914451981665223,-0.1823270412078587,0.17995346526199932,0.362280506469858,True,False,False,False,True,False,
0.0,3,¬sig_h1_dr,0.0,-0.02060272398748635,-0.02060272398748635,-0.19517317049458366,0.15926899520558327,0.35444216570016696,True,False,False,False,True,False,
0.0,3,sig_macro_vix_up,0.0,0.004773680080035805,0.004773680080035805,-0.47647919048493326,0.4113788233418669,0.8878580138268002,True,False,False,False,True,False,
0.0,3,¬sig_macro_vix_up,0.0,-0.02560457137562064,-0.02560457137562064,-0.4742931572491962,0.46626170412775264,0.9405548613769488,True,False,False,False,True,False,
0.0,3,sig_rs_intact+sig_conso,0.0,0.06500582626172632,0.06500582626172632,-0.06486667373152527,0.20871611778025534,0.2735827915117806,True,False,False,False,True,False,
0.0,3,sig_rs_intact+sig_macro_vix_up,0.0,0.02721990977191338,0.02721990977191338,-0.5394308232394228,0.49971779655895543,1.0391486197983784,True,False,False,False,True,False,EVIDENCE
0.0,3,sig_conso+sig_lead_in_lag,0.0,0.0757937435738146,0.0757937435738146,-0.13759934074107003,0.20431214042272358,0.3419114811637936,True,False,False,False,True,False,
0.0,3,sig_conso+sig_h1_dr,0.0,0.04684760872696351,0.04684760872696351,-0.13196259683862036,0.23384568203995393,0.36580827887857426,True,False,False,False,True,False,
0.0,3,sig_conso+sig_macro_vix_up,0.0,-0.07041990852605172,-0.07041990852605172,-0.5336607947818826,0.31809982642490514,0.8517606212067876,True,False,False,False,True,False,EVIDENCE
0.0,3,sig_lead_in_lag+sig_h1_dr,0.0,0.08242173438535005,0.08242173438535005,-0.1614175901782759,0.30186966629014444,0.46328725646842034,True,False,False,False,True,False,
0.0,3,sig_lead_in_lag+sig_macro_vix_up,0.0,-0.05787102139918312,-0.05787102139918312,-0.5589545681862466,0.46903593883068945,1.027990507016936,True,False,False,False,True,False,EVIDENCE
0.0,3,sig_h1_dr+sig_macro_vix_up,0.0,-0.17952579328375257,-0.17952579328375257,-0.6895323684673299,0.3353595809641944,1.0248919494315243,True,False,False,False,True,False,EVIDENCE
0.0,3,sig_conso+sig_lead_in_lag+sig_h1_dr,0.0,0.17032479456400354,0.17032479456400354,-0.09677677167450488,0.41662054894719863,0.5133973206217035,True,False,False,False,True,False,
0.0,3,rsi<35,0.0,0.0038508480501722522,0.0038508480501722522,-0.20406211933549565,0.21018746330395546,0.4142495826394511,True,False,False,False,True,False,
0.0,3,rsi35-50,0.0,-0.06573286258574734,-0.06573286258574734,-0.202942159877613,0.06162595738385002,0.264568117261463,True,False,False,False,True,False,
0.0,3,rsi50-65,0.0,0.015684838086185114,0.015684838086185114,-0.09636869850621456,0.1349236870754837,0.23129238558169823,True,False,False,False,True,False,
0.0,3,rsi>=65,0.0,0.04196825236494101,0.04196825236494101,-0.10470661526456948,0.21375253328766633,0.3184591485522358,True,False,False,False,True,False,
0.0,3,adx-1,0.0,0.2639219344758847,0.2639219344758847,-0.40099870123187664,0.8902212596254255,1.291219960857302,True,False,False,False,True,False,EVIDENCE
0.0,3,adx0,0.0,-0.04865898265240938,-0.04865898265240938,-0.1382538768428199,0.03932887600618824,0.17758275284900815,True,False,False,False,True,False,
0.0,3,adx1,0.0,-0.12808791786399548,-0.12808791786399548,-0.25450281713025624,0.021105360527562136,0.27560817765781837,True,False,False,False,True,False,
0.0,3,adx2,0.0,0.027085116782889475,0.027085116782889475,-0.12870363454817624,0.14233582055060834,0.2710394550987846,True,False,False,False,True,False,
0.0,3,adx3,0.0,-0.0051160757080215245,-0.0051160757080215245,-0.0967009890614046,0.09097278247246207,0.18767377153386666,True,False,False,False,True,False,
0.0,3,rsi<35&rs,0.0,0.13009967444258816,0.13009967444258816,-0.29838202689995563,0.631712486684393,0.9300945135843486,True,False,False,False,True,False,EVIDENCE
0.0,3,rsi35-50&rs,0.0,0.06096171219682295,0.06096171219682295,-0.08899574932509614,0.2647339906316182,0.3537297399567143,True,False,False,False,True,False,
0.0,3,rsi50-65&rs,0.0,-0.006626746206837016,-0.006626746206837016,-0.14679240435984128,0.1423538362959916,0.2891462406558329,True,False,False,False,True,False,
0.0,3,rsi<35&conso,0.0,0.025845758056261627,0.025845758056261627,-0.214262275828454,0.2973445669003872,0.5116068427288412,True,False,False,False,True,False,
0.0,3,rsi35-50&conso,0.0,0.02569470938112796,0.02569470938112796,-0.08886934905448926,0.16840045356025635,0.25726980261474564,True,False,False,False,True,False,
0.0,3,rsi50-65&conso,0.0,0.05452836620352251,0.05452836620352251,-0.06519552188813212,0.18836173018169744,0.25355725206982954,True,False,False,False,True,False,
0.0,3,adx1&rs,0.0,-0.07583948831798841,-0.07583948831798841,-0.26282588512259886,0.08983478978528518,0.35266067490788405,True,False,False,False,True,False,
0.0,3,adx2&rs,0.0,0.057220130369575406,0.057220130369575406,-0.1668581774265805,0.2852834419253458,0.4521416193519263,True,False,False,False,True,False,
0.0,3,adx3&rs,0.0,0.08673186646328464,0.08673186646328464,-0.07111181047523638,0.2268930239718856,0.298004834447122,True,False,False,False,True,False,
0.0,4,sig_rs_intact,0.0,0.10780546181510195,0.10780546181510195,-0.03488756649773035,0.24899104278146666,0.283878609279197,True,False,False,False,True,False,
0.0,4,¬sig_rs_intact,0.0,-0.09095810020894339,-0.09095810020894339,-0.262831575165022,0.05508509696223626,0.31791667212725827,True,False,False,False,True,False,
0.0,4,sig_conso,0.0,0.019812774247774,0.019812774247774,-0.10329766496995982,0.15970765264354825,0.2630053176135081,True,False,False,False,True,False,
0.0,4,¬sig_conso,0.0,0.030229192623204452,0.030229192623204452,-0.09570073399103284,0.15454939794982966,0.2502501319408625,True,False,False,False,True,False,
0.0,4,sig_lead_in_lag,0.0,0.050546698125463176,0.050546698125463176,-0.1157705831454986,0.19241010058579158,0.30818068373129015,True,False,False,False,True,False,
0.0,4,¬sig_lead_in_lag,0.0,-0.08726677824155066,-0.08726677824155066,-0.2545484441024466,0.07577267736933994,0.33032112147178655,True,False,False,False,True,False,
0.0,4,sig_h1_dr,0.0,0.08128143269066798,0.08128143269066798,-0.11052449285053832,0.24409415568621032,0.3546186485367486,True,False,False,False,True,False,
0.0,4,¬sig_h1_dr,0.0,-0.04428953073051331,-0.04428953073051331,-0.21549196868867065,0.14338326575159951,0.35887523444027014,True,False,False,False,True,False,
0.0,4,sig_macro_vix_up,0.0,-0.3519193436870458,-0.3519193436870458,-0.7892656533993136,0.10312308664942604,0.8923887400487397,True,False,False,False,True,False,EVIDENCE
0.0,4,¬sig_macro_vix_up,0.0,0.356465953097907,0.356465953097907,-0.02274025391585364,0.8324787295495933,0.855218983465447,True,False,False,False,True,False,EVIDENCE
0.0,4,sig_rs_intact+sig_conso,0.0,0.061905024713624246,0.061905024713624246,-0.07944483576199432,0.16760922314038565,0.24705405890237997,True,False,False,False,True,False,
0.0,4,sig_rs_intact+sig_macro_vix_up,0.0,-0.2539659680935499,-0.2539659680935499,-0.7195368402011837,0.10377675054602031,0.823313590747204,True,False,False,False,True,False,EVIDENCE
0.0,4,sig_conso+sig_lead_in_lag,0.0,-0.02216306913865774,-0.02216306913865774,-0.2015329807976139,0.1732193050302837,0.3747522858278976,True,False,False,False,True,False,
0.0,4,sig_conso+sig_h1_dr,0.0,0.0137599010651151,0.0137599010651151,-0.19720781855199493,0.172627611606043,0.36983543015803794,True,False,False,False,True,False,
0.0,4,sig_conso+sig_macro_vix_up,0.0,-0.2934254197231638,-0.2934254197231638,-0.7342756655497935,0.13075936960440462,0.8650350351541981,True,False,False,False,True,False,EVIDENCE
0.0,4,sig_lead_in_lag+sig_h1_dr,0.0,0.08806356714209795,0.08806356714209795,-0.12468114337492497,0.29939449977502103,0.424075643149946,True,False,False,False,True,False,
0.0,4,sig_lead_in_lag+sig_macro_vix_up,0.0,-0.17657220541829605,-0.17657220541829605,-0.7925977590008104,0.3316654055429852,1.1242631645437955,True,False,False,False,True,False,EVIDENCE
0.0,4,sig_h1_dr+sig_macro_vix_up,0.0,-0.17978352493740762,-0.17978352493740762,-0.5907745804840434,0.20448182225508232,0.7952564027391258,True,False,False,False,True,False,EVIDENCE
0.0,4,sig_conso+sig_lead_in_lag+sig_h1_dr,0.0,0.03439850028751097,0.03439850028751097,-0.2149374923524989,0.24047973626009703,0.4554172286125959,True,False,False,False,True,False,
0.0,4,rsi<35,0.0,0.10570245972058376,0.10570245972058376,-0.06415063525533551,0.2930762601620254,0.35722689541736097,True,False,False,False,True,False,
0.0,4,rsi35-50,0.0,0.0021740779734473054,0.0021740779734473054,-0.12028516689918578,0.1160870201631419,0.23637218706232768,True,False,False,False,True,False,
0.0,4,rsi50-65,0.0,0.09206319383563222,0.09206319383563222,-0.018781468178518848,0.2002222303407889,0.21900369851930773,True,False,False,False,True,False,
0.0,4,rsi>=65,0.0,-0.1694421359074244,-0.1694421359074244,-0.3305150483948038,0.01859495383598998,0.34911000223079375,True,False,False,False,True,False,
0.0,4,adx-1,0.0,-0.47344215414035923,-0.47344215414035923,-1.065807333624837,0.316581456489409,1.382388790114246,True,False,False,False,True,False,EVIDENCE
0.0,4,adx0,0.0,-0.021799599047958713,-0.021799599047958713,-0.117004338669906,0.05537849367890096,0.17238283234880697,True,False,False,False,True,False,
0.0,4,adx1,0.0,-0.03936065460927065,-0.03936065460927065,-0.19727056352541772,0.09806991825401616,0.2953404817794339,True,False,False,False,True,False,
0.0,4,adx2,0.0,0.13319283308211832,0.13319283308211832,-0.029188356440544575,0.27283318001423046,0.30202153645477503,True,False,False,False,True,False,
0.0,4,adx3,0.0,0.02681963418107903,0.02681963418107903,-0.08831903610768892,0.14135488080884342,0.22967391691653233,True,False,False,False,True,False,
0.0,4,rsi<35&rs,0.0,-0.016413623857643965,-0.016413623857643965,-0.397654249639581,0.31448376510419335,0.7121380147437744,True,False,False,False,True,False,
0.0,4,rsi35-50&rs,0.0,0.09415735810590287,0.09415735810590287,-0.085061096484599,0.2775870940689003,0.3626481905534993,True,False,False,False,True,False,
0.0,4,rsi50-65&rs,0.0,0.11844588021812691,0.11844588021812691,-0.03910998276987054,0.2839156480809786,0.3230256308508491,True,False,False,False,True,False,
0.0,4,rsi<35&conso,0.0,0.03406821205868653,0.03406821205868653,-0.2489475239545732,0.2861034719405813,0.5350509958951545,True,False,False,False,True,False,
0.0,4,rsi35-50&conso,0.0,-0.011226654274594804,-0.011226654274594804,-0.1367510793750056,0.10768073119598559,0.2444318105709912,True,False,False,False,True,False,
0.0,4,rsi50-65&conso,0.0,0.09791399290911408,0.09791399290911408,-0.0362090203878512,0.20675044319598684,0.24295946358383805,True,False,False,False,True,False,
0.0,4,adx1&rs,0.0,0.044449234085760674,0.044449234085760674,-0.1342689487324068,0.21028828017642184,0.34455722890882867,True,False,False,False,True,False,
0.0,4,adx2&rs,0.0,0.16170699911021713,0.16170699911021713,-0.049959601480486886,0.345939522853347,0.3958991243338339,True,False,False,False,True,False,
0.0,4,adx3&rs,0.0,0.08250268118483856,0.08250268118483856,-0.08727570255180232,0.2235324380498822,0.31080814060168455,True,False,False,False,True,False,
0.6,0,sig_rs_intact,0.6,0.594210159073273,-0.0057898409267269635,0.43232775967527054,0.7279560451808736,0.2956282855056031,True,True,True,False,True,False,MATERIALITY
0.6,0,¬sig_rs_intact,0.6,0.5727972474716259,-0.02720275252837412,0.4027055732991957,0.7186151134873725,0.3159095401881768,True,True,True,False,True,False,MATERIALITY
0.6,0,sig_conso,0.6,0.6285463566852674,0.028546356685267393,0.5131091782108792,0.7773000479436972,0.264190869732818,True,True,True,True,True,True,
0.6,0,¬sig_conso,0.6,0.5803184061470401,-0.019681593852959867,0.4323102966366257,0.7056719766265922,0.2733616799899665,True,True,True,False,True,False,MATERIALITY
0.6,0,sig_lead_in_lag,0.6,0.683163501840244,0.08316350184024401,0.5160429586399092,0.815007687010317,0.2989647283704078,True,True,True,True,True,True,
0.6,0,¬sig_lead_in_lag,0.6,0.49253066458715666,-0.10746933541284331,0.36301719177193836,0.667619971638942,0.3046027798670037,True,True,True,False,True,False,MATERIALITY
0.6,0,sig_h1_dr,0.6,0.592045497103393,-0.00795450289660693,0.4175892761067297,0.7562405172620694,0.33865124115533973,True,True,True,False,True,False,MATERIALITY
0.6,0,¬sig_h1_dr,0.6,0.60463351847821,0.00463351847821003,0.4038944296413953,0.8100035382850479,0.40610910864365257,True,True,True,False,True,False,MATERIALITY
0.6,0,sig_macro_vix_up,0.6,0.452936818398786,-0.14706318160121395,0.04905560480752606,1.016198379446331,0.9671427746388049,True,True,True,False,True,False,MATERIALITY
0.6,0,¬sig_macro_vix_up,0.6,0.7916021820407059,0.1916021820407059,0.37032649384526717,1.2084578133341655,0.8381313194888983,True,True,True,False,True,False,MATERIALITY
0.6,0,sig_rs_intact+sig_conso,0.6,0.5933032702072429,-0.006696729792757039,0.45620728596574506,0.722989093668699,0.26678180770295395,True,True,True,False,True,False,MATERIALITY
0.6,0,sig_rs_intact+sig_macro_vix_up,0.6,0.5833514025928628,-0.0166485974071372,0.15165796222458644,1.0044894953478025,0.8528315331232161,True,True,True,False,True,False,MATERIALITY
0.6,0,sig_conso+sig_lead_in_lag,0.6,0.6539212918662808,0.05392129186628081,0.4652854972396693,0.7988259690700085,0.3335404718303392,True,True,True,False,True,False,MATERIALITY
0.6,0,sig_conso+sig_h1_dr,0.6,0.5841565882876881,-0.01584341171231185,0.3977971118847329,0.7670531795059884,0.3692560676212555,True,True,True,False,True,False,MATERIALITY
0.6,0,sig_conso+sig_macro_vix_up,0.6,0.3656274232566621,-0.2343725767433379,-0.0673774777660479,0.8204757441256123,0.8878532218916602,True,False,False,False,True,False,EVIDENCE
0.6,0,sig_lead_in_lag+sig_h1_dr,0.6,0.7510852676384441,0.1510852676384441,0.5046546020917013,0.900927027738128,0.39627242564642673,True,True,True,True,True,True,
0.6,0,sig_lead_in_lag+sig_macro_vix_up,0.6,0.5266443594199774,-0.07335564058002253,0.028167737754143034,0.9486527124909918,0.9204849747368488,True,True,True,False,True,False,MATERIALITY
0.6,0,sig_h1_dr+sig_macro_vix_up,0.6,0.5064503046392754,-0.09354969536072455,-0.015826337071164622,1.091020088771623,1.1068464258427877,True,False,False,False,True,False,EVIDENCE
0.6,0,sig_conso+sig_lead_in_lag+sig_h1_dr,0.6,0.7366908774589278,0.13669087745892783,0.42835430276912634,0.9164139570385369,0.48805965426941056,True,True,True,False,True,False,MATERIALITY
0.6,0,rsi<35,0.6,0.613013193816042,0.013013193816042046,0.44331298484103987,0.7886015662603812,0.3452885814193414,True,True,True,False,True,False,MATERIALITY
0.6,0,rsi35-50,0.6,0.5211231220843916,-0.07887687791560838,0.39961375699918916,0.6499044231220369,0.2502906661228477,True,True,True,False,True,False,MATERIALITY
0.6,0,rsi50-65,0.6,0.6722246391758183,0.07222463917581834,0.5489817798601395,0.7987357346501947,0.24975395479005513,True,True,True,True,True,True,
0.6,0,rsi>=65,0.6,0.5488703531607966,-0.0511296468392034,0.3863564031277164,0.7194022045791314,0.333045801451415,True,True,True,False,True,False,MATERIALITY
0.6,0,adx-1,0.6,0.8196156574704848,0.21961565747048484,0.015150679255913145,1.4710606588647144,1.4559099796088013,True,True,True,False,True,False,MATERIALITY
0.6,0,adx0,0.6,0.5806183469205995,-0.01938165307940043,0.4863476585581221,0.6517370026710528,0.16538934411293071,True,True,True,False,True,False,MATERIALITY
0.6,0,adx1,0.6,0.5709455900059278,-0.02905440999407216,0.4335248755727884,0.7396303712730745,0.3061054957002861,True,True,True,False,True,False,MATERIALITY
0.6,0,adx2,0.6,0.5836856224786104,-0.016314377521389534,0.43854607807525153,0.7171278559948373,0.27858177791958577,True,True,True,False,True,False,MATERIALITY
0.6,0,adx3,0.6,0.6040186417850424,0.004018641785042409,0.5020395038701471,0.7118535929491081,0.20981408907896104,True,True,True,True,True,True,
0.6,0,rsi<35&rs,0.6,0.7647472800726276,0.16474728007262762,0.48291981881691853,1.1427412473563026,0.659821428539384,True,True,True,False,True,False,MATERIALITY
0.6,0,rsi35-50&rs,0.6,0.5327649743803459,-0.06723502561965411,0.32892742529119195,0.7241805257128171,0.39525310042162515,True,True,True,False,True,False,MATERIALITY
0.6,0,rsi50-65&rs,0.6,0.6348810638678134,0.03488106386781342,0.4882815044971657,0.7718107389415367,0.28352923444437106,True,True,True,False,True,False,MATERIALITY
0.6,0,rsi<35&conso,0.6,0.5591819941428293,-0.04081800585717066,0.31784346297022703,0.8067901796626342,0.4889467166924072,True,True,True,False,True,False,MATERIALITY
0.6,0,rsi35-50&conso,0.6,0.5821802275002457,-0.017819772499754305,0.4767291883645189,0.727144386647349,0.25041519828283015,True,True,True,False,True,False,MATERIALITY
0.6,0,rsi50-65&conso,0.6,0.672626016562094,0.072626016562094,0.5409031072390373,0.8048069789688752,0.26390387172983787,True,True,True,True,True,True,
0.6,0,adx1&rs,0.6,0.5072115165286026,-0.09278848347139734,0.30741733033445406,0.7036169397733657,0.39619960943891164,True,True,True,False,True,False,MATERIALITY
0.6,0,adx2&rs,0.6,0.7381007645105556,0.13810076451055564,0.5049510323243613,0.9526874049347563,0.447736372610395,True,True,True,True,True,True,
0.6,0,adx3&rs,0.6,0.6313506634846088,0.0313506634846088,0.5004718238909451,0.790181160505709,0.28970933661476383,True,True,True,True,True,True,
0.6,1,sig_rs_intact,0.6,0.7657236008467808,0.16572360084678084,0.6032733220700043,0.9347977415425578,0.3315244194725535,False,True,True,True,True,True,
0.6,1,¬sig_rs_intact,0.6,0.48497777937591485,-0.11502222062408513,0.3129430386005653,0.6442555873379636,0.3313125487373983,True,True,True,False,True,False,MATERIALITY
0.6,1,sig_conso,0.6,0.5871371703120681,-0.012862829687931843,0.4412960255078638,0.7028735416033876,0.26157751609552377,True,True,True,False,True,False,MATERIALITY
0.6,1,¬sig_conso,0.6,0.5794453898528233,-0.020554610147176633,0.45210291600460933,0.7340650225060575,0.2819621065014482,True,True,True,False,True,False,MATERIALITY
0.6,1,sig_lead_in_lag,0.6,0.673416242490756,0.07341624249075607,0.49731372087076975,0.8131078389420799,0.3157941180713102,True,True,True,False,True,False,MATERIALITY
0.6,1,¬sig_lead_in_lag,0.6,0.5031523048448098,-0.0968476951551902,0.3516571362477596,0.7091084487980349,0.3574513125502753,True,True,True,False,True,False,MATERIALITY
0.6,1,sig_h1_dr,0.6,0.7997067699787266,0.1997067699787266,0.6165759165442335,0.9685341247925315,0.35195820824829804,False,True,True,True,True,True,
0.6,1,¬sig_h1_dr,0.6,0.3279295686581105,-0.27207043134188946,0.1465015304460482,0.5469778916961997,0.4004763612501515,False,True,True,False,True,False,MATERIALITY
0.6,1,sig_macro_vix_up,0.6,0.8815332132995414,0.2815332132995414,0.3098652385650059,1.4492377096567017,1.1393724710916957,True,True,True,False,True,False,MATERIALITY
0.6,1,¬sig_macro_vix_up,0.6,0.3679131646627605,-0.2320868353372395,-0.11044000013689549,0.804707385496945,0.9151473856338405,True,False,False,False,True,False,EVIDENCE
0.6,1,sig_rs_intact+sig_conso,0.6,0.7887338820068577,0.1887338820068577,0.6432800335182339,0.9450325831411984,0.3017525496229645,False,True,True,True,True,True,
0.6,1,sig_rs_intact+sig_macro_vix_up,0.6,0.9286822701909349,0.3286822701909349,0.4197858107534574,1.3334289260608696,0.9136431153074123,True,True,True,False,True,False,MATERIALITY
0.6,1,sig_conso+sig_lead_in_lag,0.6,0.7496406327496458,0.14964063274964579,0.5439705891336221,0.8917917048791038,0.3478211157454817,True,True,True,True,True,True,
0.6,1,sig_conso+sig_h1_dr,0.6,0.840077997194623,0.24007799719462297,0.6342578680024544,0.9779824366687914,0.34372456866633694,False,True,True,True,True,True,
0.6,1,sig_conso+sig_macro_vix_up,0.6,0.8399685173725723,0.2399685173725723,0.3599986763725647,1.2974278298895912,0.9374291535170265,True,True,True,False,True,False,MATERIALITY
0.6,1,sig_lead_in_lag+sig_h1_dr,0.6,0.7420484897166436,0.14204848971664363,0.5225741470236891,0.9542922798641476,0.43171813284045846,True,True,True,True,True,True,
0.6,1,sig_lead_in_lag+sig_macro_vix_up,0.6,1.0602462504375834,0.4602462504375834,0.513869235812643,1.53812906802897,1.0242598322163272,True,True,True,True,True,True,
0.6,1,sig_h1_dr+sig_macro_vix_up,0.6,1.0836115753431086,0.4836115753431086,0.502951788458953,1.5442191837065449,1.041267395247592,True,True,True,True,True,True,
0.6,1,sig_conso+sig_lead_in_lag+sig_h1_dr,0.6,0.8071565912354456,0.2071565912354456,0.5442024563776787,0.9991705498501878,0.4549680934725091,True,True,True,True,True,True,
0.6,1,rsi<35,0.6,0.6504121839098839,0.05041218390988389,0.46549603293259656,0.8463618688605477,0.3808658359279511,True,True,True,False,True,False,MATERIALITY
0.6,1,rsi35-50,0.6,0.6467157717725097,0.04671577177250974,0.5339038430536864,0.759353250036406,0.22544940698271954,True,True,True,True,True,True,
0.6,1,rsi50-65,0.6,0.5797472393055706,-0.020252760694429384,0.45924524893481805,0.7002261033124021,0.24098085437758404,True,True,True,False,True,False,MATERIALITY
0.6,1,rsi>=65,0.6,0.5937795487680619,-0.00622045123193804,0.42062898144257976,0.7414603036819714,0.3208313222393916,True,True,True,False,True,False,MATERIALITY
0.6,1,adx-1,0.6,0.0901836062619192,-0.5098163937380807,-0.44996716612681636,0.643538970488948,1.0935061366157643,True,False,False,False,True,False,EVIDENCE
0.6,1,adx0,0.6,0.6575606280781774,0.05756062807817741,0.5564727779325486,0.7600404594699873,0.20356768153743876,True,True,True,True,True,True,
0.6,1,adx1,0.6,0.6590883909174143,0.05908839091741436,0.4935197162836127,0.8204292100758137,0.326909493792201,True,True,True,False,True,False,MATERIALITY
0.6,1,adx2,0.6,0.6409381206635807,0.04093812066358071,0.49441565388474396,0.7807278243640422,0.28631217047929824,True,True,True,False,True,False,MATERIALITY
0.6,1,adx3,0.6,0.6082472331585657,0.008247233158565681,0.4944981818021093,0.7220607476547174,0.2275625658526081,True,True,True,False,True,False,MATERIALITY
0.6,1,rsi<35&rs,0.6,0.6948926526956725,0.09489265269567249,0.33783160174629806,1.0263581063376637,0.6885265045913656,True,True,True,False,True,False,MATERIALITY
0.6,1,rsi35-50&rs,0.6,0.6323497463395492,0.032349746339549235,0.4836024946001524,0.7686308160765107,0.2850283214763583,True,True,True,False,True,False,MATERIALITY
0.6,1,rsi50-65&rs,0.6,0.7375034549933648,0.1375034549933648,0.5655230865241389,0.9299729723025347,0.3644498857783959,True,True,True,True,True,True,
0.6,1,rsi<35&conso,0.6,0.5859516526285242,-0.014048347371475756,0.2825809903402091,0.8635911407186471,0.581010150378438,True,True,True,False,True,False,MATERIALITY
0.6,1,rsi35-50&conso,0.6,0.613252447905108,0.013252447905108045,0.4865149827246614,0.7383653055042853,0.2518503227796238,True,True,True,False,True,False,MATERIALITY
0.6,1,rsi50-65&conso,0.6,0.5780597834590498,-0.02194021654095013,0.4688239961293215,0.6947422937219307,0.22591829759260923,True,True,True,False,True,False,MATERIALITY
0.6,1,adx1&rs,0.6,0.6962705200890938,0.09627052008909387,0.5024657257158343,0.8597364150530683,0.35727068933723405,True,True,True,True,True,True,
0.6,1,adx2&rs,0.6,0.7918442221563535,0.19184422215635355,0.5583843307803129,0.9680459485052304,0.4096616177249175,True,True,True,True,True,True,
0.6,1,adx3&rs,0.6,0.6388364122525692,0.038836412252569175,0.4839595796481508,0.7826331977833504,0.2986736181351996,True,True,True,False,True,False,MATERIALITY
0.6,2,sig_rs_intact,0.6,0.5175699015139951,-0.08243009848600491,0.3774947866272094,0.6377807622848202,0.26028597565761075,True,True,True,False,True,False,MATERIALITY
0.6,2,¬sig_rs_intact,0.6,0.6753425809998205,0.0753425809998205,0.5292279203691135,0.8116791767720133,0.2824512564028998,True,True,True,True,True,True,
0.6,2,sig_conso,0.6,0.6197050014540195,0.019705001454019544,0.5010907529551872,0.754335150176479,0.2532443972212918,True,True,True,True,True,True,
0.6,2,¬sig_conso,0.6,0.5760138720168286,-0.023986127983171346,0.42378457194592495,0.70191652149286,0.27813194954693504,True,True,True,False,True,False,MATERIALITY
0.6,2,sig_lead_in_lag,0.6,0.6023759997918899,0.00237599979188996,0.4221755579515669,0.7497357734236167,0.32756021547204983,True,True,True,False,True,False,MATERIALITY
0.6,2,¬sig_lead_in_lag,0.6,0.6329138527380429,0.032913852738042926,0.4875672933725899,0.7849762708913607,0.29740897751877077,True,True,True,False,True,False,MATERIALITY
0.6,2,sig_h1_dr,0.6,0.5346191727293733,-0.06538082727062666,0.36617420978920184,0.7084102479916703,0.34223603820246845,True,True,True,False,True,False,MATERIALITY
0.6,2,¬sig_h1_dr,0.6,0.6985368789864488,0.0985368789864488,0.5333138673908865,0.9140776858176148,0.38076381842672835,True,True,True,True,True,True,
0.6,2,sig_macro_vix_up,0.6,0.4871180725623436,-0.1128819274376564,0.035025188054270996,0.8815859672352006,0.8465607791809295,True,True,True,False,True,False,MATERIALITY
0.6,2,¬sig_macro_vix_up,0.6,0.7237165730457292,0.12371657304572925,0.35742430706546763,1.1301030947613626,0.7726787876958949,True,True,True,False,True,False,MATERIALITY
0.6,2,sig_rs_intact+sig_conso,0.6,0.5515798206861682,-0.0484201793138318,0.4226717020467874,0.682059592196025,0.2593878901492376,True,True,True,False,True,False,MATERIALITY
0.6,2,sig_rs_intact+sig_macro_vix_up,0.6,0.3677109551334502,-0.23228904486654978,-0.1587377054518059,0.7789950116291748,0.9377327170809807,True,False,False,False,True,False,EVIDENCE
0.6,2,sig_conso+sig_lead_in_lag,0.6,0.619856658458847,0.019856658458846987,0.37770016940483964,0.7639625912041528,0.38626242179931314,True,True,True,False,True,False,MATERIALITY
0.6,2,sig_conso+sig_h1_dr,0.6,0.5532447325268965,-0.046755267473103435,0.37019248680303357,0.7390024292551183,0.3688099424520847,True,True,True,False,True,False,MATERIALITY
0.6,2,sig_conso+sig_macro_vix_up,0.6,0.48547383863566346,-0.11452616136433652,0.06736958031610679,0.9090385364870176,0.8416689561709108,True,True,True,False,True,False,MATERIALITY
0.6,2,sig_lead_in_lag+sig_h1_dr,0.6,0.5773759310896102,-0.022624068910389816,0.317474460745287,0.7652161076040654,0.44774164685877843,True,True,True,False,True,False,MATERIALITY
0.6,2,sig_lead_in_lag+sig_macro_vix_up,0.6,0.3671358866419081,-0.23286411335809187,-0.19225844972061862,0.8464827163770157,1.0387411660976342,True,False,False,False,True,False,EVIDENCE
0.6,2,sig_h1_dr+sig_macro_vix_up,0.6,0.3927600003932006,-0.2072399996067994,-0.09613529690614414,0.9334323761663491,1.0295676730724932,True,False,False,False,True,False,EVIDENCE
0.6,2,sig_conso+sig_lead_in_lag+sig_h1_dr,0.6,0.5824983262680058,-0.017501673731994183,0.3127557031920742,0.8154090994118652,0.502653396219791,True,True,True,False,True,False,MATERIALITY
0.6,2,rsi<35,0.6,0.5099351662947429,-0.09006483370525709,0.3184174817174687,0.6778588899206555,0.35944140820318676,True,True,True,False,True,False,MATERIALITY
0.6,2,rsi35-50,0.6,0.6831388483006716,0.08313884830067164,0.5524668918229229,0.7910616477848947,0.23859475596197188,True,True,True,True,True,True,
0.6,2,rsi50-65,0.6,0.5323589741872593,-0.06764102581274067,0.4167559991678185,0.652964150903505,0.2362081517356865,True,True,True,False,True,False,MATERIALITY
0.6,2,rsi>=65,0.6,0.5743962083740202,-0.02560379162597981,0.44456149457411615,0.7634062238362926,0.3188447292621765,True,True,True,False,True,False,MATERIALITY
0.6,2,adx-1,0.6,0.5261404010442271,-0.07385959895577288,-0.18937108634428082,1.387969795646909,1.5773408819911898,True,False,False,False,True,False,EVIDENCE
0.6,2,adx0,0.6,0.6134064169815645,0.013406416981564528,0.5113170134611753,0.7041941074587817,0.19287709399760644,True,True,True,True,True,True,
0.6,2,adx1,0.6,0.581773485752811,-0.01822651424718902,0.4396554029132569,0.7774454671825343,0.3377900642692774,True,True,True,False,True,False,MATERIALITY
0.6,2,adx2,0.6,0.6649425573028669,0.06494255730286691,0.540359919558488,0.7865245390540898,0.24616461949560176,True,True,True,True,True,True,
0.6,2,adx3,0.6,0.5789423512542539,-0.021057648745746116,0.4667423997065688,0.6785592619066304,0.21181686220006163,True,True,True,False,True,False,MATERIALITY
0.6,2,rsi<35&rs,0.6,0.3664222223484934,-0.23357777765150656,0.10768430249663848,0.6238389565106223,0.5161546540139837,True,True,True,False,True,False,MATERIALITY
0.6,2,rsi35-50&rs,0.6,0.701706909417977,0.101706909417977,0.5086437156560222,0.8516922279820891,0.3430485123260669,True,True,True,True,True,True,
0.6,2,rsi50-65&rs,0.6,0.4716565608209862,-0.12834343917901375,0.33715947669210383,0.6101366482347355,0.2729771715426316,True,True,True,False,True,False,MATERIALITY
0.6,2,rsi<35&conso,0.6,0.4891188715396024,-0.1108811284603976,0.26263679739882756,0.7705569359610895,0.507920138562262,True,True,True,False,True,False,MATERIALITY
0.6,2,rsi35-50&conso,0.6,0.6645250715751636,0.06452507157516363,0.5448141750820108,0.8094273858811297,0.2646132107991189,True,True,True,True,True,True,
0.6,2,rsi50-65&conso,0.6,0.6105747599968577,0.010574759996857752,0.5062856866200801,0.7034442231373859,0.19715853651730575,True,True,True,True,True,True,
0.6,2,adx1&rs,0.6,0.5459579952539652,-0.05404200474603482,0.38140450755277866,0.698413114242119,0.3170086066893404,True,True,True,False,True,False,MATERIALITY
0.6,2,adx2&rs,0.6,0.6774073869210978,0.07740738692109783,0.5250964025802101,0.874804156101466,0.34970775352125594,True,True,True,True,True,True,
0.6,2,adx3&rs,0.6,0.4850842999074664,-0.1149157000925336,0.3470129995065978,0.6151903933480801,0.2681773938414823,True,True,True,False,True,False,MATERIALITY
0.6,3,sig_rs_intact,0.6,0.6742348103075417,0.07423481030754175,0.5269680813365345,0.8289676775875467,0.30199959625101225,True,True,True,True,True,True,
0.6,3,¬sig_rs_intact,0.6,0.5041537932407766,-0.0958462067592234,0.3264877577340304,0.6824297892400615,0.3559420315060311,True,True,True,False,True,False,MATERIALITY
0.6,3,sig_conso,0.6,0.6459952544503663,0.04599525445036634,0.5211425188543038,0.7869994689107823,0.26585695005647847,True,True,True,True,True,True,
0.6,3,¬sig_conso,0.6,0.5115783349724412,-0.08842166502755877,0.3668580674797847,0.6436044462956287,0.276746378815844,True,True,True,False,True,False,MATERIALITY
0.6,3,sig_lead_in_lag,0.6,0.6358293658256531,0.0358293658256531,0.45067835406008194,0.7991453276069144,0.3484669735468324,True,True,True,False,True,False,MATERIALITY
0.6,3,¬sig_lead_in_lag,0.6,0.5444687339495333,-0.055531266050466654,0.3848305490839119,0.7734274969160415,0.3885969478321296,True,True,True,False,True,False,MATERIALITY
0.6,3,sig_h1_dr,0.6,0.5900855480183346,-0.009914451981665406,0.4245211986552535,0.7364661301925438,0.3119449315372903,True,True,True,False,True,False,MATERIALITY
0.6,3,¬sig_h1_dr,0.6,0.5793972760125135,-0.020602723987486526,0.4141849005620176,0.813686106416473,0.39950120585445537,True,True,True,False,True,False,MATERIALITY
0.6,3,sig_macro_vix_up,0.6,0.6047736800800356,0.004773680080035647,0.10774550176101645,1.058409848789651,0.9506643470286344,True,True,True,False,True,False,MATERIALITY
0.6,3,¬sig_macro_vix_up,0.6,0.5743954286243793,-0.025604571375620666,0.015785412690570124,1.0698797739656078,1.0540943612750378,True,True,True,False,True,False,MATERIALITY
0.6,3,sig_rs_intact+sig_conso,0.6,0.6650058262617262,0.06500582626172624,0.5620712509327068,0.7843851208018454,0.2223138698691386,True,True,True,True,True,True,
0.6,3,sig_rs_intact+sig_macro_vix_up,0.6,0.6272199097719132,0.027219909771913242,0.1469755782124458,1.1204353394668531,0.9734597612544074,True,True,True,False,True,False,MATERIALITY
0.6,3,sig_conso+sig_lead_in_lag,0.6,0.6757937435738145,0.07579374357381452,0.4653863195298584,0.7975493854173065,0.33216306588744804,True,True,True,False,True,False,MATERIALITY
0.6,3,sig_conso+sig_h1_dr,0.6,0.6468476087269631,0.04684760872696314,0.4338669678568657,0.8207976070560206,0.3869306391991549,True,True,True,False,True,False,MATERIALITY
0.6,3,sig_conso+sig_macro_vix_up,0.6,0.529580091473948,-0.07041990852605196,0.08709667437058911,0.9760926317483525,0.8889959573777634,True,True,True,False,True,False,MATERIALITY
0.6,3,sig_lead_in_lag+sig_h1_dr,0.6,0.68242173438535,0.08242173438535005,0.43530967406798726,0.8906169772183719,0.4553073031503846,True,True,True,False,True,False,MATERIALITY
0.6,3,sig_lead_in_lag+sig_macro_vix_up,0.6,0.5421289786008167,-0.05787102139918332,0.023026571438267314,1.121744933781806,1.0987183623435386,True,True,True,False,True,False,MATERIALITY
0.6,3,sig_h1_dr+sig_macro_vix_up,0.6,0.4204742067162473,-0.17952579328375268,-0.06909316355157487,0.989178507172604,1.0582716707241788,True,False,False,False,True,False,EVIDENCE
0.6,3,sig_conso+sig_lead_in_lag+sig_h1_dr,0.6,0.7703247945640035,0.1703247945640035,0.4955589632918013,1.0146738185350832,0.5191148552432818,True,True,True,False,True,False,MATERIALITY
0.6,3,rsi<35,0.6,0.6038508480501721,0.0038508480501721065,0.4378667743945905,0.7796233564601266,0.3417565820655361,True,True,True,False,True,False,MATERIALITY
0.6,3,rsi35-50,0.6,0.5342671374142527,-0.06573286258574729,0.41707957217148744,0.6800361823427817,0.2629566101712943,True,True,True,False,True,False,MATERIALITY
0.6,3,rsi50-65,0.6,0.6156848380861849,0.015684838086184927,0.4849878633239251,0.7253513636237622,0.2403635002998371,True,True,True,False,True,False,MATERIALITY
0.6,3,rsi>=65,0.6,0.6419682523649407,0.04196825236494073,0.4597876980770802,0.849498317137342,0.38971061906026183,True,True,True,False,True,False,MATERIALITY
0.6,3,adx-1,0.6,0.8639219344758846,0.26392193447588463,0.11536940117972232,1.4964392416081183,1.3810698404283959,True,True,True,False,True,False,MATERIALITY
0.6,3,adx0,0.6,0.5513410173475904,-0.04865898265240953,0.4701516809244356,0.6528578259444743,0.18270614502003868,True,True,True,False,True,False,MATERIALITY
0.6,3,adx1,0.6,0.4719120821360042,-0.12808791786399576,0.3126506122539226,0.6033558874323575,0.29070527517843486,True,True,True,False,True,False,MATERIALITY
0.6,3,adx2,0.6,0.6270851167828895,0.027085116782889496,0.5069171583959657,0.751373710536556,0.24445655214059026,True,True,True,True,True,True,
0.6,3,adx3,0.6,0.5948839242919782,-0.00511607570802175,0.4901400924792288,0.6986007481399593,0.20846065566073052,True,True,True,False,True,False,MATERIALITY
0.6,3,rsi<35&rs,0.6,0.730099674442588,0.13009967444258808,0.33372372091538116,1.145914914313343,0.8121911933979618,True,True,True,False,True,False,MATERIALITY
0.6,3,rsi35-50&rs,0.6,0.6609617121968226,0.06096171219682267,0.47018108351077653,0.8241329267822605,0.35395184327148393,True,True,True,False,True,False,MATERIALITY
0.6,3,rsi50-65&rs,0.6,0.5933732537931627,-0.006626746206837231,0.4445046866253381,0.7576552436670951,0.31315055704175704,True,True,True,False,True,False,MATERIALITY
0.6,3,rsi<35&conso,0.6,0.6258457580562617,0.02584575805626177,0.3905778496006077,0.9199737747840998,0.5293959251834921,True,True,True,False,True,False,MATERIALITY
0.6,3,rsi35-50&conso,0.6,0.6256947093811278,0.025694709381127834,0.4847443122443728,0.7502773094931773,0.26553299724880447,True,True,True,False,True,False,MATERIALITY
0.6,3,rsi50-65&conso,0.6,0.6545283662035222,0.054528366203522194,0.5296808918889654,0.7791263747942501,0.24944548290528468,True,True,True,True,True,True,
0.6,3,adx1&rs,0.6,0.5241605116820113,-0.0758394883179887,0.3792935667655048,0.6821206504133127,0.3028270836478079,True,True,True,False,True,False,MATERIALITY
0.6,3,adx2&rs,0.6,0.6572201303695755,0.05722013036957552,0.4661365876967435,0.8998910819647321,0.4337544942679886,True,True,True,False,True,False,MATERIALITY
0.6,3,adx3&rs,0.6,0.6867318664632843,0.08673186646328435,0.521241491149998,0.8294521627782968,0.30821067162829885,True,True,True,True,True,True,
0.6,4,sig_rs_intact,0.6,0.7078054618151018,0.10780546181510187,0.5370059448859442,0.8573407897234784,0.32033484483753416,True,True,True,True,True,True,
0.6,4,¬sig_rs_intact,0.6,0.5090418997910565,-0.09095810020894346,0.3366299075862629,0.6619267558392751,0.3252968482530122,True,True,True,False,True,False,MATERIALITY
0.6,4,sig_conso,0.6,0.6198127742477739,0.019812774247773945,0.49841216193440663,0.7616447516104229,0.26323258967601626,True,True,True,False,True,False,MATERIALITY
0.6,4,¬sig_conso,0.6,0.6302291926232045,0.03022919262320456,0.49857270833903505,0.7527919669547231,0.254219258615688,True,True,True,False,True,False,MATERIALITY
0.6,4,sig_lead_in_lag,0.6,0.6505466981254632,0.050546698125463196,0.4958977295688442,0.8214519667340763,0.3255542371652321,True,True,True,False,True,False,MATERIALITY
0.6,4,¬sig_lead_in_lag,0.6,0.5127332217584495,-0.08726677824155049,0.363546949118777,0.6834278376658771,0.3198808885471001,True,True,True,False,True,False,MATERIALITY
0.6,4,sig_h1_dr,0.6,0.681281432690668,0.08128143269066801,0.4827025674848371,0.8509886135496528,0.36828604606481574,True,True,True,False,True,False,MATERIALITY
0.6,4,¬sig_h1_dr,0.6,0.5557104692694866,-0.04428953073051334,0.397581334424924,0.766227701126885,0.368646366701961,True,True,True,False,True,False,MATERIALITY
0.6,4,sig_macro_vix_up,0.6,0.24808065631295426,-0.3519193436870457,-0.20268772786849573,0.6673466420041241,0.8700343698726198,True,False,False,False,True,False,EVIDENCE
0.6,4,¬sig_macro_vix_up,0.6,0.956465953097907,0.3564659530979071,0.5300128859909816,1.3924402611352233,0.8624273751442417,True,True,True,True,True,True,
0.6,4,sig_rs_intact+sig_conso,0.6,0.6619050247136242,0.061905024713624246,0.5033708536097101,0.8152456796361056,0.3118748260263955,True,True,True,True,True,True,
0.6,4,sig_rs_intact+sig_macro_vix_up,0.6,0.3460340319064502,-0.25396596809354977,-0.06136773668539374,0.8510756250921168,0.9124433617775105,True,False,False,False,True,False,EVIDENCE
0.6,4,sig_conso+sig_lead_in_lag,0.6,0.5778369308613424,-0.02216306913865762,0.4264646203882353,0.7450171683908116,0.31855254800257626,True,True,True,False,True,False,MATERIALITY
0.6,4,sig_conso+sig_h1_dr,0.6,0.613759901065115,0.013759901065115043,0.39274678378510597,0.7713793961438044,0.3786326123586984,True,True,True,False,True,False,MATERIALITY
0.6,4,sig_conso+sig_macro_vix_up,0.6,0.3065745802768361,-0.2934254197231639,-0.14453545692770123,0.7027070294178104,0.8472424863455116,True,False,False,False,True,False,EVIDENCE
0.6,4,sig_lead_in_lag+sig_h1_dr,0.6,0.688063567142098,0.08806356714209806,0.44513040777186075,0.9114023635112709,0.46627195573941016,True,True,True,False,True,False,MATERIALITY
0.6,4,sig_lead_in_lag+sig_macro_vix_up,0.6,0.423427794581704,-0.176572205418296,-0.05015463605527834,0.8992512665931864,0.9494059026484648,True,False,False,False,True,False,EVIDENCE
0.6,4,sig_h1_dr+sig_macro_vix_up,0.6,0.4202164750625924,-0.17978352493740757,-0.041140685078605785,0.8177019842923311,0.8588426693709369,True,False,False,False,True,False,EVIDENCE
0.6,4,sig_conso+sig_lead_in_lag+sig_h1_dr,0.6,0.634398500287511,0.034398500287511014,0.3662296666324562,0.844122667857466,0.47789300122500983,True,True,True,False,True,False,MATERIALITY
0.6,4,rsi<35,0.6,0.7057024597205839,0.1057024597205839,0.5256709420148719,0.8866085997350696,0.3609376577201977,True,True,True,True,True,True,
0.6,4,rsi35-50,0.6,0.6021740779734475,0.0021740779734474858,0.5056288072908638,0.7326152033307859,0.2269863960399221,True,True,True,True,True,True,
0.6,4,rsi50-65,0.6,0.6920631938356323,0.09206319383563233,0.5624290058677033,0.818655825824157,0.2562268199564537,True,True,True,True,True,True,
0.6,4,rsi>=65,0.6,0.43055786409257557,-0.1694421359074244,0.271715203462751,0.5908082393845132,0.3190930359217622,False,True,True,False,True,False,MATERIALITY
0.6,4,adx-1,0.6,0.12655784585964075,-0.47344215414035923,-0.3847831621823816,0.8132786611971463,1.198061823379528,True,False,False,False,True,False,EVIDENCE
0.6,4,adx0,0.6,0.5782004009520412,-0.021799599047958806,0.48007983885710404,0.6561975491405517,0.1761177102834477,True,True,True,False,True,False,MATERIALITY
0.6,4,adx1,0.6,0.5606393453907293,-0.03936065460927063,0.39062574644856246,0.7137252577124759,0.3230995112639134,True,True,True,False,True,False,MATERIALITY
0.6,4,adx2,0.6,0.7331928330821182,0.13319283308211827,0.5801743641931097,0.8644223230860199,0.2842479588929101,True,True,True,True,True,True,
0.6,4,adx3,0.6,0.6268196341810791,0.026819634181079133,0.500778254338307,0.7235565029018753,0.22277824856356832,True,True,True,True,True,True,
0.6,4,rsi<35&rs,0.6,0.583586376142356,-0.016413623857644,0.21653702230136865,0.9106211603643416,0.694084138062973,True,True,True,False,True,False,MATERIALITY
0.6,4,rsi35-50&rs,0.6,0.6941573581059028,0.09415735810590287,0.5314417035876526,0.8654679631422337,0.3340262595545811,True,True,True,True,True,True,
0.6,4,rsi50-65&rs,0.6,0.7184458802181268,0.11844588021812685,0.5461474446638641,0.8473900295998881,0.30124258493602396,True,True,True,True,True,True,
0.6,4,rsi<35&conso,0.6,0.6340682120586862,0.034068212058686265,0.3454596574557149,0.9152268439300869,0.5697671864743721,True,True,True,False,True,False,MATERIALITY
0.6,4,rsi35-50&conso,0.6,0.5887733457254052,-0.011226654274594794,0.4804034736778872,0.7326886540351876,0.25228518035730035,True,True,True,False,True,False,MATERIALITY
0.6,4,rsi50-65&conso,0.6,0.697913992909114,0.09791399290911407,0.5700010078674721,0.8176273456725992,0.2476263378051271,True,True,True,True,True,True,
0.6,4,adx1&rs,0.6,0.6444492340857606,0.044449234085760625,0.44516926921703515,0.8282391807594444,0.3830699115424092,True,True,True,False,True,False,MATERIALITY
0.6,4,adx2&rs,0.6,0.7617069991102172,0.16170699911021724,0.5531591249938254,0.9598315354825213,0.40667241048869596,True,True,True,True,True,True,
0.6,4,adx3&rs,0.6,0.6825026811848385,0.0825026811848385,0.5381597327990056,0.8003779456652311,0.2622182128662255,True,True,True,True,True,True,
1.5,0,sig_rs_intact,1.5,1.4942101590732728,-0.0057898409267271855,1.3413065849517098,1.6488371002700237,0.3075305153183139,True,True,True,True,True,True,
1.5,0,¬sig_rs_intact,1.5,1.4727972474716258,-0.02720275252837423,1.2925779102476511,1.6170508669102848,0.32447295666263365,True,True,True,True,True,True,
1.5,0,sig_conso,1.5,1.528546356685268,0.02854635668526795,1.4042036751388585,1.6695146449454763,0.26531096980661784,True,True,True,True,True,True,
1.5,0,¬sig_conso,1.5,1.4803184061470405,-0.019681593852959534,1.3206477921894044,1.612841741466691,0.2921939492772865,True,True,True,True,True,True,
1.5,0,sig_lead_in_lag,1.5,1.5831635018402441,0.08316350184024413,1.3936584913366328,1.7405937932177498,0.346935301881117,True,True,True,True,True,True,
1.5,0,¬sig_lead_in_lag,1.5,1.3925306645871567,-0.10746933541284331,1.2285453433585107,1.58926212285944,0.3607167795009292,True,True,True,True,True,True,
1.5,0,sig_h1_dr,1.5,1.4920454971033932,-0.007954502896606819,1.3262215458465894,1.667489537465039,0.34126799161844956,True,True,True,True,True,True,
1.5,0,¬sig_h1_dr,1.5,1.50463351847821,0.00463351847821003,1.3040377989171634,1.7080418688019492,0.40400406988478577,True,True,True,True,True,True,
1.5,0,sig_macro_vix_up,1.5,1.352936818398786,-0.147063181601214,0.8895364017246282,1.8172130195669733,0.9276766178423451,True,True,True,True,True,True,
1.5,0,¬sig_macro_vix_up,1.5,1.6916021820407061,0.19160218204070611,1.1495227674078339,2.199039641902328,1.0495168744944943,True,True,True,True,True,True,
1.5,0,sig_rs_intact+sig_conso,1.5,1.493303270207243,-0.006696729792756928,1.346392456952815,1.6402260812000224,0.2938336242472075,True,True,True,True,True,True,
1.5,0,sig_rs_intact+sig_macro_vix_up,1.5,1.483351402592863,-0.01664859740713709,1.0215583942989441,1.9401954148653622,0.918637020566418,True,True,True,True,True,True,
1.5,0,sig_conso+sig_lead_in_lag,1.5,1.5539212918662806,0.053921291866280585,1.3699739834495046,1.6944773508298236,0.32450336738031904,True,True,True,True,True,True,
1.5,0,sig_conso+sig_h1_dr,1.5,1.4841565882876884,-0.015843411712311628,1.2990318670360053,1.6927778219148222,0.3937459548788169,True,True,True,True,True,True,
1.5,0,sig_conso+sig_macro_vix_up,1.5,1.2656274232566622,-0.23437257674333778,0.8492644182112209,1.7652165788480576,0.9159521606368367,True,True,True,True,True,True,
1.5,0,sig_lead_in_lag+sig_h1_dr,1.5,1.6510852676384442,0.1510852676384442,1.3524523600112666,1.8157438150784988,0.46329145506723224,True,True,True,True,True,True,
1.5,0,sig_lead_in_lag+sig_macro_vix_up,1.5,1.4266443594199776,-0.07335564058002242,0.9706009489912575,1.8986057377813674,0.92800478879011,True,True,True,True,True,True,
1.5,0,sig_h1_dr+sig_macro_vix_up,1.5,1.4064503046392756,-0.09354969536072444,0.8482446990404656,1.9548212544677543,1.1065765554272886,True,True,True,True,True,True,
1.5,0,sig_conso+sig_lead_in_lag+sig_h1_dr,1.5,1.6366908774589277,0.13669087745892772,1.370178354044092,1.8097871971858959,0.43960884314180393,True,True,True,True,True,True,
1.5,0,rsi<35,1.5,1.513013193816042,0.013013193816042046,1.3181535247979466,1.6892600361251517,0.3711065113272052,True,True,True,True,True,True,
1.5,0,rsi35-50,1.5,1.4211231220843916,-0.07887687791560838,1.312422737155609,1.5338242142751097,0.22140147711950076,True,True,True,True,True,True,
1.5,0,rsi50-65,1.5,1.5722246391758181,0.07222463917581812,1.4424210976157963,1.710773705278789,0.26835260766299274,True,True,True,True,True,True,
1.5,0,rsi>=65,1.5,1.4488703531607963,-0.051129646839203735,1.2764347220327692,1.6161226895091243,0.3396879674763551,True,True,True,True,True,True,
1.5,0,adx-1,1.5,1.7196156574704848,0.21961565747048484,1.1625048415612569,2.4379849632147694,1.2754801216535125,True,True,True,True,True,True,
1.5,0,adx0,1.5,1.4806183469205996,-0.01938165307940043,1.3857083737859603,1.5509402398228984,0.16523186603693807,True,True,True,True,True,True,
1.5,0,adx1,1.5,1.4709455900059276,-0.029054409994072383,1.3035540715190166,1.61940619159115,0.31585212007213337,True,True,True,True,True,True,
1.5,0,adx2,1.5,1.4836856224786104,-0.016314377521389645,1.351412042043999,1.6113015195441576,0.25988947750015856,True,True,True,True,True,True,
1.5,0,adx3,1.5,1.5040186417850423,0.004018641785042298,1.4032433560671116,1.6196676040080185,0.21642424794090687,True,True,True,True,True,True,
1.5,0,rsi<35&rs,1.5,1.6647472800726275,0.1647472800726275,1.3319737811061387,2.0006278552925036,0.6686540741863649,True,True,True,True,True,True,
1.5,0,rsi35-50&rs,1.5,1.4327649743803461,-0.06723502561965389,1.2317181873816174,1.5910777571674828,0.35935956978586536,True,True,True,True,True,True,
1.5,0,rsi50-65&rs,1.5,1.5348810638678134,0.03488106386781342,1.382280757588289,1.6863584480450489,0.3040776904567599,True,True,True,True,True,True,
1.5,0,rsi<35&conso,1.5,1.4591819941428292,-0.04081800585717077,1.1841150236357518,1.7273895396031471,0.5432745159673953,True,True,True,True,True,True,
1.5,0,rsi35-50&conso,1.5,1.4821802275002458,-0.017819772499754194,1.3508893431072306,1.6309217336582331,0.2800323905510025,True,True,True,True,True,True,
1.5,0,rsi50-65&conso,1.5,1.5726260165620938,0.07262601656209378,1.4567954802268923,1.7036110340436332,0.24681555381674092,True,True,True,True,True,True,
1.5,0,adx1&rs,1.5,1.4072115165286032,-0.09278848347139679,1.2188561472138748,1.5931751869375452,0.3743190397236704,True,True,True,True,True,True,
1.5,0,adx2&rs,1.5,1.6381007645105554,0.13810076451055542,1.4313305556786966,1.8276043502006254,0.3962737945219288,True,True,True,True,True,True,
1.5,0,adx3&rs,1.5,1.5313506634846086,0.031350663484608576,1.3679997557090262,1.6790671386366292,0.31106738292760294,True,True,True,True,True,True,
1.5,1,sig_rs_intact,1.5,1.6657236008467804,0.1657236008467804,1.4897722521773906,1.8567155419804757,0.3669432898030851,True,True,True,True,True,True,
1.5,1,¬sig_rs_intact,1.5,1.3849777793759148,-0.11502222062408518,1.2120326556303038,1.551429390812609,0.3393967351823053,True,True,True,True,True,True,
1.5,1,sig_conso,1.5,1.4871371703120684,-0.01286282968793162,1.3735816306560278,1.6280366903700112,0.2544550597139834,True,True,True,True,True,True,
1.5,1,¬sig_conso,1.5,1.4794453898528235,-0.020554610147176522,1.3320286703687836,1.6610361664474511,0.3290074960786675,True,True,True,True,True,True,
1.5,1,sig_lead_in_lag,1.5,1.573416242490756,0.07341624249075607,1.4104912293120218,1.7312069516990956,0.3207157223870738,True,True,True,True,True,True,
1.5,1,¬sig_lead_in_lag,1.5,1.40315230484481,-0.09684769515518998,1.233066705438227,1.5614000219854471,0.3283333165472202,True,True,True,True,True,True,
1.5,1,sig_h1_dr,1.5,1.6997067699787267,0.19970676997872672,1.5191138332355634,1.8518688831613854,0.33275504992582206,False,True,True,True,True,True,
1.5,1,¬sig_h1_dr,1.5,1.2279295686581109,-0.27207043134188913,1.0863664483691928,1.4130229159398073,0.3266564675706145,False,True,True,True,True,True,
1.5,1,sig_macro_vix_up,1.5,1.7815332132995414,0.2815332132995414,1.3037707437966253,2.2016941765058653,0.89792343270924,True,True,True,True,True,True,
1.5,1,¬sig_macro_vix_up,1.5,1.2679131646627608,-0.23208683533723917,0.7858501236502086,1.7754163703943338,0.9895662467441252,True,True,True,True,True,True,
1.5,1,sig_rs_intact+sig_conso,1.5,1.688733882006858,0.18873388200685803,1.5474387289116927,1.802689501756121,0.25525077284442843,False,True,True,True,True,True,
1.5,1,sig_rs_intact+sig_macro_vix_up,1.5,1.8286822701909349,0.3286822701909349,1.2896575022383636,2.303931895764254,1.0142743935258902,True,True,True,True,True,True,
1.5,1,sig_conso+sig_lead_in_lag,1.5,1.649640632749646,0.149640632749646,1.4351176503757384,1.8110066167781786,0.3758889664024403,True,True,True,True,True,True,
1.5,1,sig_conso+sig_h1_dr,1.5,1.7400779971946227,0.24007799719462275,1.5589677018759582,1.8827983063143532,0.32383060443839495,False,True,True,True,True,True,
1.5,1,sig_conso+sig_macro_vix_up,1.5,1.7399685173725723,0.2399685173725723,1.2919450417396556,2.2232802969291976,0.931335255189542,True,True,True,True,True,True,
1.5,1,sig_lead_in_lag+sig_h1_dr,1.5,1.6420484897166436,0.14204848971664363,1.4059636153115351,1.848305766242452,0.4423421509309169,True,True,True,True,True,True,
1.5,1,sig_lead_in_lag+sig_macro_vix_up,1.5,1.9602462504375835,0.4602462504375835,1.4471074662406793,2.480590986029075,1.0334835197883958,True,True,True,True,True,True,
1.5,1,sig_h1_dr+sig_macro_vix_up,1.5,1.9836115753431083,0.4836115753431083,1.4115313288928963,2.500147695041076,1.0886163661481796,True,True,True,True,True,True,
1.5,1,sig_conso+sig_lead_in_lag+sig_h1_dr,1.5,1.707156591235446,0.20715659123544605,1.4516810918292218,1.9172199671692902,0.46553887534006844,True,True,True,True,True,True,
1.5,1,rsi<35,1.5,1.5504121839098841,0.05041218390988411,1.3493425087175581,1.7429871392727267,0.39364463055516863,True,True,True,True,True,True,
1.5,1,rsi35-50,1.5,1.5467157717725097,0.04671577177250974,1.446104942011491,1.6555205174360392,0.20941557542454814,True,True,True,True,True,True,
1.5,1,rsi50-65,1.5,1.4797472393055708,-0.02025276069442916,1.3594051317340394,1.5993557523640938,0.23995062063005435,True,True,True,True,True,True,
1.5,1,rsi>=65,1.5,1.4937795487680618,-0.006220451231938151,1.3127773475587965,1.6755469619483434,0.3627696143895469,True,True,True,True,True,True,
1.5,1,adx-1,1.5,0.9901836062619191,-0.5098163937380809,0.46417088528234857,1.6845274848788665,1.220356599596518,True,True,True,False,True,False,MATERIALITY
1.5,1,adx0,1.5,1.5575606280781775,0.05756062807817752,1.465782257906203,1.6488727666588827,0.18309050875267974,True,True,True,True,True,True,
1.5,1,adx1,1.5,1.5590883909174142,0.059088390917414246,1.3546019114409806,1.7120028113756907,0.35740089993471,True,True,True,True,True,True,
1.5,1,adx2,1.5,1.5409381206635806,0.0409381206635806,1.3724446384835143,1.6609160161149341,0.28847137763141983,True,True,True,True,True,True,
1.5,1,adx3,1.5,1.5082472331585655,0.008247233158565459,1.4068621119229237,1.6032529515903007,0.19639083966737703,True,True,True,True,True,True,
1.5,1,rsi<35&rs,1.5,1.5948926526956728,0.09489265269567282,1.2046953974962586,1.9542767415873665,0.7495813440911079,True,True,True,True,True,True,
1.5,1,rsi35-50&rs,1.5,1.5323497463395492,0.032349746339549235,1.3638826350116613,1.6714489476811147,0.30756631266945345,True,True,True,True,True,True,
1.5,1,rsi50-65&rs,1.5,1.637503454993365,0.13750345499336492,1.4891310190476883,1.7990499586815123,0.309918939633824,True,True,True,True,True,True,
1.5,1,rsi<35&conso,1.5,1.4859516526285248,-0.0140483473714752,1.1695248790678865,1.766043825972075,0.5965189469041885,True,True,True,True,True,True,
1.5,1,rsi35-50&conso,1.5,1.513252447905108,0.013252447905107934,1.3944686621387135,1.6327503906325849,0.23828172849387141,True,True,True,True,True,True,
1.5,1,rsi50-65&conso,1.5,1.4780597834590499,-0.02194021654095013,1.3554449685815302,1.6006484816127855,0.24520351303125532,True,True,True,True,True,True,
1.5,1,adx1&rs,1.5,1.5962705200890939,0.09627052008909387,1.3866273276051437,1.7402579992659397,0.353630671660796,True,True,True,True,True,True,
1.5,1,adx2&rs,1.5,1.6918442221563537,0.19184422215635366,1.4896381836919987,1.8987202221927904,0.4090820385007916,True,True,True,True,True,True,
1.5,1,adx3&rs,1.5,1.5388364122525688,0.03883641225256884,1.3482216346681355,1.6770673962785978,0.3288457616104623,True,True,True,True,True,True,
1.5,2,sig_rs_intact,1.5,1.4175699015139953,-0.08243009848600469,1.2812853157275972,1.5636398324883523,0.28235451676075507,True,True,True,True,True,True,
1.5,2,¬sig_rs_intact,1.5,1.5753425809998205,0.0753425809998205,1.4131913557132236,1.7078260939426486,0.294634738229425,True,True,True,True,True,True,
1.5,2,sig_conso,1.5,1.5197050014540194,0.019705001454019433,1.3942244727764943,1.6358200550819622,0.24159558230546785,True,True,True,True,True,True,
1.5,2,¬sig_conso,1.5,1.4760138720168285,-0.023986127983171457,1.3452807920965888,1.586658962704708,0.24137817060811928,True,True,True,True,True,True,
1.5,2,sig_lead_in_lag,1.5,1.50237599979189,0.00237599979188996,1.3079160612634557,1.6207040092363285,0.3127879479728728,True,True,True,True,True,True,
1.5,2,¬sig_lead_in_lag,1.5,1.532913852738043,0.03291385273804304,1.3836577064553368,1.724366444394086,0.34070873793874923,True,True,True,True,True,True,
1.5,2,sig_h1_dr,1.5,1.4346191727293733,-0.06538082727062666,1.2677848628232757,1.6190620175823691,0.3512771547590934,True,True,True,True,True,True,
1.5,2,¬sig_h1_dr,1.5,1.5985368789864487,0.0985368789864487,1.4154913849686843,1.7578284493436513,0.342337064374967,True,True,True,True,True,True,
1.5,2,sig_macro_vix_up,1.5,1.3871180725623435,-0.11288192743765646,0.9209104274589476,1.8226908834186593,0.9017804559597117,True,True,True,True,True,True,
1.5,2,¬sig_macro_vix_up,1.5,1.6237165730457293,0.12371657304572925,1.141375323586924,2.102487637853291,0.9611123142663671,True,True,True,True,True,True,
1.5,2,sig_rs_intact+sig_conso,1.5,1.4515798206861683,-0.04842017931383169,1.322242795359685,1.5871371989986347,0.2648944036389498,True,True,True,True,True,True,
1.5,2,sig_rs_intact+sig_macro_vix_up,1.5,1.2677109551334502,-0.23228904486654978,0.8304129306992027,1.7666769494376378,0.936264018738435,True,True,True,True,True,True,
1.5,2,sig_conso+sig_lead_in_lag,1.5,1.519856658458847,0.0198566584588471,1.322339547508597,1.6734470751757462,0.35110752766714914,True,True,True,True,True,True,
1.5,2,sig_conso+sig_h1_dr,1.5,1.4532447325268965,-0.046755267473103546,1.2735743442871685,1.6287727087792034,0.3551983644920349,True,True,True,True,True,True,
1.5,2,sig_conso+sig_macro_vix_up,1.5,1.3854738386356635,-0.11452616136433647,1.0470959353941356,1.8068512726957298,0.7597553373015942,True,True,True,True,True,True,
1.5,2,sig_lead_in_lag+sig_h1_dr,1.5,1.4773759310896104,-0.022624068910389594,1.2539423357055504,1.6594562317975623,0.40551389609201194,True,True,True,True,True,True,
1.5,2,sig_lead_in_lag+sig_macro_vix_up,1.5,1.2671358866419082,-0.23286411335809176,0.7557850921981221,1.714291661366393,0.9585065691682709,True,True,True,True,True,True,
1.5,2,sig_h1_dr+sig_macro_vix_up,1.5,1.2927600003932005,-0.2072399996067995,0.7934535896671434,1.8375047005922513,1.0440511109251078,True,True,True,True,True,True,
1.5,2,sig_conso+sig_lead_in_lag+sig_h1_dr,1.5,1.4824983262680056,-0.017501673731994405,1.2631721748483915,1.6948681592728736,0.4316959844244821,True,True,True,True,True,True,
1.5,2,rsi<35,1.5,1.4099351662947432,-0.09006483370525675,1.2094359515568687,1.5818928179865708,0.3724568664297021,True,True,True,True,True,True,
1.5,2,rsi35-50,1.5,1.5831388483006716,0.08313884830067164,1.4337968259307186,1.702507750757474,0.2687109248267554,True,True,True,True,True,True,
1.5,2,rsi50-65,1.5,1.4323589741872595,-0.06764102581274045,1.3375720245719482,1.5548789803626115,0.21730695579066328,True,True,True,True,True,True,
1.5,2,rsi>=65,1.5,1.47439620837402,-0.02560379162597992,1.2977520951554569,1.649455033448912,0.3517029382934551,True,True,True,True,True,True,
1.5,2,adx-1,1.5,1.4261404010442271,-0.07385959895577288,0.769860936769769,2.4239476474296278,1.654086710659859,True,True,True,True,True,True,
1.5,2,adx0,1.5,1.5134064169815646,0.01340641698156464,1.4381044338243143,1.5959791702617319,0.15787473643741756,True,True,True,True,True,True,
1.5,2,adx1,1.5,1.4817734857528109,-0.01822651424718913,1.3255681683038172,1.6194873622837984,0.29391919397998123,True,True,True,True,True,True,
1.5,2,adx2,1.5,1.5649425573028668,0.0649425573028668,1.4378449162485705,1.711652469926184,0.27380755367761345,True,True,True,True,True,True,
1.5,2,adx3,1.5,1.478942351254254,-0.021057648745745894,1.358419516295601,1.5889379642896453,0.2305184479940443,True,True,True,True,True,True,
1.5,2,rsi<35&rs,1.5,1.2664222223484938,-0.23357777765150622,0.9256389818168373,1.5524091034564351,0.6267701216395978,True,True,True,True,True,True,
1.5,2,rsi35-50&rs,1.5,1.601706909417977,0.101706909417977,1.4467067682306554,1.7445306294158818,0.2978238611852264,True,True,True,True,True,True,
1.5,2,rsi50-65&rs,1.5,1.3716565608209863,-0.1283434391790137,1.2169550628270442,1.5205021764919462,0.30354711366490195,True,True,True,True,True,True,
1.5,2,rsi<35&conso,1.5,1.3891188715396021,-0.11088112846039788,1.153997414082636,1.6426836785276238,0.48868626444498786,True,True,True,True,True,True,
1.5,2,rsi35-50&conso,1.5,1.5645250715751637,0.06452507157516374,1.4341948617132723,1.6740015346297972,0.2398066729165249,True,True,True,True,True,True,
1.5,2,rsi50-65&conso,1.5,1.5105747599968575,0.01057475999685753,1.4019718978448703,1.6104221961295935,0.20845029828472317,True,True,True,True,True,True,
1.5,2,adx1&rs,1.5,1.4459579952539652,-0.05404200474603482,1.2874165207203692,1.5866678734244561,0.299251352704087,True,True,True,True,True,True,
1.5,2,adx2&rs,1.5,1.5774073869210978,0.07740738692109783,1.3634727453201128,1.8086964325925818,0.4452236872724691,True,True,True,True,True,True,
1.5,2,adx3&rs,1.5,1.3850842999074662,-0.11491570009253382,1.2718290965777945,1.5368382638565454,0.2650091672787509,True,True,True,True,True,True,
1.5,3,sig_rs_intact,1.5,1.5742348103075419,0.07423481030754187,1.4170142804698032,1.7202377757024336,0.3032234952326305,True,True,True,True,True,True,
1.5,3,¬sig_rs_intact,1.5,1.4041537932407766,-0.0958462067592234,1.2453466489838436,1.5960625297424742,0.3507158807586306,True,True,True,True,True,True,
1.5,3,sig_conso,1.5,1.5459952544503661,0.04599525445036612,1.4338891452448257,1.6778418613365924,0.24395271609176672,True,True,True,True,True,True,
1.5,3,¬sig_conso,1.5,1.4115783349724413,-0.08842166502755866,1.268453076078743,1.5645822680248282,0.29612919194608534,True,True,True,True,True,True,
1.5,3,sig_lead_in_lag,1.5,1.5358293658256532,0.035829365825653214,1.3670683600282632,1.6827953092067556,0.3157269491784924,True,True,True,True,True,True,
1.5,3,¬sig_lead_in_lag,1.5,1.4444687339495335,-0.05553126605046654,1.288121743826127,1.6300318252198653,0.34191008139373835,True,True,True,True,True,True,
1.5,3,sig_h1_dr,1.5,1.4900855480183348,-0.009914451981665184,1.3231031477044672,1.6513924791671462,0.3282893314626789,True,True,True,True,True,True,
1.5,3,¬sig_h1_dr,1.5,1.4793972760125138,-0.020602723987486193,1.291736996896919,1.659005729678743,0.36726873278182404,True,True,True,True,True,True,
1.5,3,sig_macro_vix_up,1.5,1.5047736800800358,0.004773680080035758,0.9864547162080706,2.024192136113521,1.0377374199054505,True,True,True,True,True,True,
1.5,3,¬sig_macro_vix_up,1.5,1.4743954286243794,-0.025604571375620555,1.0185791813082137,1.9559068694122497,0.937327688104036,True,True,True,True,True,True,
1.5,3,sig_rs_intact+sig_conso,1.5,1.5650058262617264,0.06500582626172635,1.452970309975106,1.7027539008473513,0.24978359087224544,True,True,True,True,True,True,
1.5,3,sig_rs_intact+sig_macro_vix_up,1.5,1.5272199097719132,0.027219909771913242,1.002394486105325,1.9705636774552173,0.9681691913498922,True,True,True,True,True,True,
1.5,3,sig_conso+sig_lead_in_lag,1.5,1.5757937435738143,0.0757937435738143,1.3714792717762958,1.7363485233342426,0.3648692515579468,True,True,True,True,True,True,
1.5,3,sig_conso+sig_h1_dr,1.5,1.5468476087269636,0.046847608726963585,1.360365957907276,1.7121585145306426,0.3517925566233666,True,True,True,True,True,True,
1.5,3,sig_conso+sig_macro_vix_up,1.5,1.4295800914739485,-0.07041990852605151,0.9631208975126719,1.824754515439429,0.861633617926757,True,True,True,True,True,True,
1.5,3,sig_lead_in_lag+sig_h1_dr,1.5,1.5824217343853497,0.08242173438534972,1.3572842500755402,1.7945173560073047,0.43723310593176445,True,True,True,True,True,True,
1.5,3,sig_lead_in_lag+sig_macro_vix_up,1.5,1.442128978600817,-0.0578710213991831,0.9371377474146769,2.02783704785916,1.0906993004444832,True,True,True,True,True,True,
1.5,3,sig_h1_dr+sig_macro_vix_up,1.5,1.3204742067162472,-0.17952579328375284,0.8228728073558169,1.8700577096450262,1.0471849022892092,True,True,True,True,True,True,
1.5,3,sig_conso+sig_lead_in_lag+sig_h1_dr,1.5,1.6703247945640036,0.17032479456400362,1.399163323102101,1.9180249088647758,0.5188615857626748,True,True,True,True,True,True,
1.5,3,rsi<35,1.5,1.5038508480501722,0.0038508480501722175,1.3076878403752341,1.7065776601914953,0.39888981981626115,True,True,True,True,True,True,
1.5,3,rsi35-50,1.5,1.434267137414253,-0.06573286258574695,1.300435463198705,1.565967745409915,0.26553228221121006,True,True,True,True,True,True,
1.5,3,rsi50-65,1.5,1.515684838086185,0.015684838086184927,1.4062598990683537,1.6495164674925133,0.24325656842415966,True,True,True,True,True,True,
1.5,3,rsi>=65,1.5,1.541968252364941,0.04196825236494095,1.3923999721609441,1.7115987777559312,0.31919880559498703,True,True,True,True,True,True,
1.5,3,adx-1,1.5,1.763921934475885,0.26392193447588497,1.113878951881647,2.3807596981670476,1.2668807462854006,True,True,True,True,True,True,
1.5,3,adx0,1.5,1.4513410173475907,-0.04865898265240931,1.3713749775216444,1.5415031432104433,0.17012816568879896,True,True,True,True,True,True,
1.5,3,adx1,1.5,1.3719120821360045,-0.12808791786399554,1.2088384418009401,1.532762990524044,0.32392454872310394,True,True,True,True,True,True,
1.5,3,adx2,1.5,1.5270851167828896,0.027085116782889607,1.3865558017994748,1.6379928869533347,0.2514370851538599,True,True,True,True,True,True,
1.5,3,adx3,1.5,1.4948839242919785,-0.005116075708021528,1.4284386323620404,1.6006592974169045,0.1722206650548641,True,True,True,True,True,True,
1.5,3,rsi<35&rs,1.5,1.630099674442588,0.13009967444258796,1.1591028959608787,2.0785348690880614,0.9194319731271827,True,True,True,True,True,True,
1.5,3,rsi35-50&rs,1.5,1.5609617121968231,0.060961712196823115,1.4278917402411586,1.747848708351717,0.3199569681105583,True,True,True,True,True,True,
1.5,3,rsi50-65&rs,1.5,1.4933732537931632,-0.006626746206836787,1.3513814408706846,1.6501320801995742,0.2987506393288897,True,True,True,True,True,True,
1.5,3,rsi<35&conso,1.5,1.5258457580562619,0.02584575805626188,1.2733763234027964,1.7467600759879345,0.4733837525851381,True,True,True,True,True,True,
1.5,3,rsi35-50&conso,1.5,1.5256947093811282,0.025694709381128167,1.401496844003237,1.6515212680008102,0.2500244239975733,True,True,True,True,True,True,
1.5,3,rsi50-65&conso,1.5,1.5545283662035225,0.05452836620352253,1.4322480975865757,1.6676143733778397,0.235366275791264,True,True,True,True,True,True,
1.5,3,adx1&rs,1.5,1.4241605116820115,-0.07583948831798848,1.2676279830583024,1.5843468613900402,0.31671887833173784,True,True,True,True,True,True,
1.5,3,adx2&rs,1.5,1.5572201303695756,0.05722013036957563,1.342889361477032,1.7580785527301923,0.41518919125316023,True,True,True,True,True,True,
1.5,3,adx3&rs,1.5,1.5867318664632848,0.08673186646328479,1.410384721026436,1.762191101967112,0.35180638094067596,True,True,True,True,True,True,
1.5,4,sig_rs_intact,1.5,1.607805461815102,0.10780546181510209,1.460635246370614,1.7726905547290197,0.31205530835840567,True,True,True,True,True,True,
1.5,4,¬sig_rs_intact,1.5,1.4090418997910565,-0.09095810020894346,1.2162198272472249,1.5906332291936207,0.37441340194639583,True,True,True,True,True,True,
1.5,4,sig_conso,1.5,1.5198127742477738,0.019812774247773834,1.405468170747733,1.6496509427874244,0.2441827720396914,True,True,True,True,True,True,
1.5,4,¬sig_conso,1.5,1.5302291926232046,0.03022919262320456,1.410711303815454,1.6482427021666586,0.23753139835120463,True,True,True,True,True,True,
1.5,4,sig_lead_in_lag,1.5,1.5505466981254632,0.050546698125463196,1.3907371462708957,1.7418139363606535,0.3510767900897578,True,True,True,True,True,True,
1.5,4,¬sig_lead_in_lag,1.5,1.4127332217584494,-0.0872667782415506,1.2576889009528338,1.577152035628522,0.3194631346756882,True,True,True,True,True,True,
1.5,4,sig_h1_dr,1.5,1.5812814326906681,0.08128143269066812,1.391386725510575,1.7492808582251427,0.3578941327145677,True,True,True,True,True,True,
1.5,4,¬sig_h1_dr,1.5,1.4557104692694867,-0.04428953073051334,1.2806165881317388,1.6179068693953775,0.3372902812636387,True,True,True,True,True,True,
1.5,4,sig_macro_vix_up,1.5,1.1480806563129542,-0.3519193436870458,0.6538200055644211,1.5728114919931206,0.9189914864286995,True,True,True,True,True,True,
1.5,4,¬sig_macro_vix_up,1.5,1.856465953097907,0.3564659530979071,1.4010853911418872,2.3460220356163393,0.944936644474452,True,True,True,True,True,True,
1.5,4,sig_rs_intact+sig_conso,1.5,1.5619050247136246,0.06190502471362458,1.4298028431487255,1.6893284245866416,0.25952558143791604,True,True,True,True,True,True,
1.5,4,sig_rs_intact+sig_macro_vix_up,1.5,1.24603403190645,-0.25396596809355,0.8102357317213773,1.6366587575953662,0.8264230258739889,True,True,True,True,True,True,
1.5,4,sig_conso+sig_lead_in_lag,1.5,1.4778369308613424,-0.02216306913865762,1.308318449541112,1.6278540500726337,0.31953560053152175,True,True,True,True,True,True,
1.5,4,sig_conso+sig_h1_dr,1.5,1.513759901065115,0.013759901065115043,1.3313391513204509,1.6780746586057964,0.3467355072853455,True,True,True,True,True,True,
1.5,4,sig_conso+sig_macro_vix_up,1.5,1.2065745802768362,-0.2934254197231638,0.7768460561348375,1.5815624586421708,0.8047164025073333,True,True,True,True,True,True,
1.5,4,sig_lead_in_lag+sig_h1_dr,1.5,1.588063567142098,0.08806356714209795,1.3906921833823824,1.7862424411863367,0.39555025780395425,True,True,True,True,True,True,
1.5,4,sig_lead_in_lag+sig_macro_vix_up,1.5,1.3234277945817041,-0.17657220541829588,0.8392214395334618,1.7466034888847906,0.9073820493513287,True,True,True,True,True,True,
1.5,4,sig_h1_dr+sig_macro_vix_up,1.5,1.3202164750625922,-0.1797835249374078,0.883533028804561,1.7496188016211758,0.8660857728166148,True,True,True,True,True,True,
1.5,4,sig_conso+sig_lead_in_lag+sig_h1_dr,1.5,1.5343985002875111,0.034398500287511125,1.2186999072087925,1.7507426649689353,0.5320427577601428,True,True,True,True,True,True,
1.5,4,rsi<35,1.5,1.6057024597205838,0.10570245972058379,1.3991297885288503,1.7910164803422577,0.3918866918134074,True,True,True,True,True,True,
1.5,4,rsi35-50,1.5,1.5021740779734474,0.0021740779734473747,1.3815614519753139,1.6253565731606776,0.24379512118536373,True,True,True,True,True,True,
1.5,4,rsi50-65,1.5,1.5920631938356322,0.09206319383563222,1.4697494569156222,1.7198769807274843,0.2501275238118621,True,True,True,True,True,True,
1.5,4,rsi>=65,1.5,1.3305578640925757,-0.1694421359074243,1.1569266395414648,1.5268185204984202,0.36989188095695535,True,True,True,True,True,True,
1.5,4,adx-1,1.5,1.0265578458596407,-0.4734421541403593,0.3329284598630026,1.8235383885074805,1.4906099286444778,True,True,True,False,True,False,MATERIALITY
1.5,4,adx0,1.5,1.4782004009520415,-0.021799599047958473,1.3817756164708286,1.564971778711558,0.18319616224072943,True,True,True,True,True,True,
1.5,4,adx1,1.5,1.4606393453907294,-0.03936065460927063,1.294292920103304,1.6709159380455285,0.3766230179422245,True,True,True,True,True,True,
1.5,4,adx2,1.5,1.6331928330821186,0.1331928330821186,1.4969449297374318,1.7682859848778707,0.27134105514043894,True,True,True,True,True,True,
1.5,4,adx3,1.5,1.5268196341810794,0.026819634181079355,1.4322612056154023,1.6341318471973652,0.20187064158196288,True,True,True,True,True,True,
1.5,4,rsi<35&rs,1.5,1.483586376142356,-0.016413623857644,1.0771567451170272,1.8352391254052411,0.758082380288214,True,True,True,True,True,True,
1.5,4,rsi35-50&rs,1.5,1.5941573581059028,0.09415735810590276,1.4074736764547926,1.7796853979597769,0.37221172150498427,True,True,True,True,True,True,
1.5,4,rsi50-65&rs,1.5,1.618445880218127,0.11844588021812696,1.456902426328489,1.7757900894795282,0.3188876631510391,True,True,True,True,True,True,
1.5,4,rsi<35&conso,1.5,1.5340682120586868,0.03406821205868682,1.295063182573013,1.8137463660802144,0.5186831835072014,True,True,True,True,True,True,
1.5,4,rsi35-50&conso,1.5,1.4887733457254053,-0.011226654274594683,1.3831737499778505,1.59773562979022,0.21456187981236963,True,True,True,True,True,True,
1.5,4,rsi50-65&conso,1.5,1.5979139929091137,0.09791399290911373,1.4852606721395305,1.705758596824273,0.2204979246847425,True,True,True,True,True,True,
1.5,4,adx1&rs,1.5,1.5444492340857605,0.044449234085760514,1.3311602546607655,1.7258140695848097,0.39465381492404417,True,True,True,True,True,True,
1.5,4,adx2&rs,1.5,1.661706999110217,0.1617069991102169,1.4441344070298225,1.8560763307949153,0.41194192376509275,True,True,True,True,True,True,
1.5,4,adx3&rs,1.5,1.5825026811848384,0.08250268118483839,1.4400198097741828,1.722211842453158,0.2821920326789753,True,True,True,True,True,True,
3.0,0,sig_rs_intact,3.0,2.9942101590732726,-0.005789840926727408,2.8311819439152934,3.1195203886412872,0.2883384447259938,True,True,True,True,True,True,
3.0,0,¬sig_rs_intact,3.0,2.9727972474716253,-0.027202752528374674,2.7995591809617433,3.121400545511641,0.32184136454989787,True,True,True,True,True,True,
3.0,0,sig_conso,3.0,3.0285463566852675,0.028546356685267504,2.8927185065454664,3.159594575863784,0.26687606931831764,True,True,True,True,True,True,
3.0,0,¬sig_conso,3.0,2.9803184061470405,-0.019681593852959534,2.8555884199000157,3.133396797622387,0.27780837772237144,True,True,True,True,True,True,
3.0,0,sig_lead_in_lag,3.0,3.083163501840244,0.0831635018402439,2.9208186135844865,3.2318685281373036,0.31104991455281716,True,True,True,True,True,True,
3.0,0,¬sig_lead_in_lag,3.0,2.8925306645871567,-0.10746933541284331,2.7596022067966888,3.062689378109458,0.3030871713127694,True,True,True,True,True,True,
3.0,0,sig_h1_dr,3.0,2.992045497103393,-0.007954502896606819,2.817998451949308,3.163843469860328,0.34584501791101996,True,True,True,True,True,True,
3.0,0,¬sig_h1_dr,3.0,3.00463351847821,0.004633518478209808,2.8439041515295025,3.232429665187031,0.3885255136575285,True,True,True,True,True,True,
3.0,0,sig_macro_vix_up,3.0,2.852936818398786,-0.1470631816012138,2.449850088969784,3.477291783877159,1.0274416949073748,True,True,True,True,True,True,
3.0,0,¬sig_macro_vix_up,3.0,3.1916021820407057,0.19160218204070567,2.732205764162069,3.63896812131681,0.906762357154741,True,True,True,True,True,True,
3.0,0,sig_rs_intact+sig_conso,3.0,2.993303270207243,-0.00669672979275715,2.845199439070526,3.1090194452419944,0.26382000617146817,True,True,True,True,True,True,
3.0,0,sig_rs_intact+sig_macro_vix_up,3.0,2.983351402592863,-0.01664859740713709,2.4717941110258783,3.541656796422351,1.0698626853964726,True,True,True,True,True,True,
3.0,0,sig_conso+sig_lead_in_lag,3.0,3.053921291866281,0.05392129186628081,2.871070480947724,3.2004757434619022,0.32940526251417834,True,True,True,True,True,True,
3.0,0,sig_conso+sig_h1_dr,3.0,2.984156588287688,-0.015843411712312072,2.7895129687251843,3.2107101879784885,0.4211972192533042,True,True,True,True,True,True,
3.0,0,sig_conso+sig_macro_vix_up,3.0,2.7656274232566616,-0.23437257674333845,2.242732084323829,3.185148373942795,0.9424162896189658,True,True,True,True,True,True,
3.0,0,sig_lead_in_lag+sig_h1_dr,3.0,3.151085267638444,0.151085267638444,2.904807603706479,3.295084289805658,0.39027668609917887,True,True,True,True,True,True,
3.0,0,sig_lead_in_lag+sig_macro_vix_up,3.0,2.9266443594199774,-0.07335564058002264,2.4510641382021365,3.4172316897102775,0.9661675515081409,True,True,True,True,True,True,
3.0,0,sig_h1_dr+sig_macro_vix_up,3.0,2.9064503046392756,-0.09354969536072444,2.4088694593321303,3.404765088951248,0.9958956296191177,True,True,True,True,True,True,
3.0,0,sig_conso+sig_lead_in_lag+sig_h1_dr,3.0,3.136690877458928,0.13669087745892794,2.8755532211507537,3.3470336017020785,0.4714803805513248,True,True,True,True,True,True,
3.0,0,rsi<35,3.0,3.013013193816042,0.013013193816041824,2.8410315919225737,3.2121730510439774,0.3711414591214037,True,True,True,True,True,True,
3.0,0,rsi35-50,3.0,2.9211231220843916,-0.07887687791560838,2.7947128385339517,3.059938537434655,0.26522569890070313,True,True,True,True,True,True,
3.0,0,rsi50-65,3.0,3.072224639175819,0.07222463917581878,2.9442222154528217,3.1892377398175196,0.24501552436469787,True,True,True,True,True,True,
3.0,0,rsi>=65,3.0,2.9488703531607965,-0.05112964683920351,2.7331002000377893,3.1049846119321014,0.3718844118943121,True,True,True,True,True,True,
3.0,0,adx-1,3.0,3.219615657470485,0.21961565747048484,2.4347650775859457,3.949097238457267,1.5143321608713212,True,True,True,True,True,True,
3.0,0,adx0,3.0,2.9806183469205996,-0.01938165307940043,2.8722508923742978,3.0687015513013423,0.1964506589270445,True,True,True,True,True,True,
3.0,0,adx1,3.0,2.970945590005928,-0.02905440999407194,2.779259288274525,3.1151483762670793,0.33588908799255446,True,True,True,True,True,True,
3.0,0,adx2,3.0,2.9836856224786104,-0.016314377521389645,2.847322044000589,3.107663889738143,0.2603418457375537,True,True,True,True,True,True,
3.0,0,adx3,3.0,3.004018641785042,0.004018641785041854,2.900798363109466,3.1302077382557694,0.22940937514630333,True,True,True,True,True,True,
3.0,0,rsi<35&rs,3.0,3.164747280072627,0.16474728007262707,2.8384686391668135,3.4944640175566017,0.6559953783897883,True,True,True,True,True,True,
3.0,0,rsi35-50&rs,3.0,2.932764974380347,-0.06723502561965322,2.7442441662428187,3.1123234364467676,0.3680792702039488,True,True,True,True,True,True,
3.0,0,rsi50-65&rs,3.0,3.034881063867813,0.0348810638678132,2.9021100691860817,3.174090462770447,0.2719803935843652,True,True,True,True,True,True,
3.0,0,rsi<35&conso,3.0,2.9591819941428295,-0.04081800585717055,2.7005877111234415,3.1925986399933977,0.4920109288699561,True,True,True,True,True,True,
3.0,0,rsi35-50&conso,3.0,2.982180227500246,-0.017819772499754194,2.8620552115216533,3.1280356257776734,0.26598041425602004,True,True,True,True,True,True,
3.0,0,rsi50-65&conso,3.0,3.0726260165620936,0.07262601656209355,2.959951679676087,3.2109002186505173,0.25094853897443015,True,True,True,True,True,True,
3.0,0,adx1&rs,3.0,2.9072115165286028,-0.09278848347139723,2.7091730985210294,3.062127092417176,0.35295399389614657,True,True,True,True,True,True,
3.0,0,adx2&rs,3.0,3.1381007645105554,0.13810076451055542,2.9204641420300863,3.356706355663239,0.4362422136331525,True,True,True,True,True,True,
3.0,0,adx3&rs,3.0,3.031350663484609,0.0313506634846088,2.8768461742018165,3.181008073613598,0.3041618994117816,True,True,True,True,True,True,
3.0,1,sig_rs_intact,3.0,3.1657236008467806,0.16572360084678062,2.9800220554623347,3.3283512873702543,0.34832923190791965,True,True,True,True,True,True,
3.0,1,¬sig_rs_intact,3.0,2.8849777793759146,-0.1150222206240854,2.735123286613019,3.0744371333557963,0.3393138467427774,True,True,True,True,True,True,
3.0,1,sig_conso,3.0,2.987137170312068,-0.012862829687931843,2.8747660010627243,3.1269511126028156,0.25218511154009127,True,True,True,True,True,True,
3.0,1,¬sig_conso,3.0,2.979445389852824,-0.020554610147176078,2.8423579691485448,3.1231964752847703,0.2808385061362255,True,True,True,True,True,True,
3.0,1,sig_lead_in_lag,3.0,3.0734162424907567,0.07341624249075673,2.8877659896005357,3.2119149007666454,0.3241489111661098,True,True,True,True,True,True,
3.0,1,¬sig_lead_in_lag,3.0,2.9031523048448102,-0.09684769515518976,2.764004625675284,3.1086253743855865,0.34462074871030257,True,True,True,True,True,True,
3.0,1,sig_h1_dr,3.0,3.1997067699787265,0.1997067699787265,3.034791011715022,3.4105409930165904,0.37574998130156834,False,True,True,True,True,True,
3.0,1,¬sig_h1_dr,3.0,2.727929568658111,-0.27207043134188913,2.5416446286355736,2.93686243777405,0.3952178091384764,False,True,True,True,True,True,
3.0,1,sig_macro_vix_up,3.0,3.2815332132995416,0.2815332132995416,2.7938486163091785,3.7198111551430686,0.9259625388338901,True,True,True,True,True,True,
3.0,1,¬sig_macro_vix_up,3.0,2.767913164662761,-0.23208683533723917,2.1580641739377513,3.2157966552875306,1.0577324813497793,True,True,True,True,True,True,
3.0,1,sig_rs_intact+sig_conso,3.0,3.1887338820068574,0.18873388200685737,3.0465701721242406,3.316671074804125,0.2701009026798844,False,True,True,True,True,True,
3.0,1,sig_rs_intact+sig_macro_vix_up,3.0,3.3286822701909347,0.32868227019093466,2.792659650784094,3.7621686670339787,0.9695090162498845,True,True,True,True,True,True,
3.0,1,sig_conso+sig_lead_in_lag,3.0,3.149640632749646,0.14964063274964579,2.963636361142769,3.30464722601479,0.3410108648720209,True,True,True,True,True,True,
3.0,1,sig_conso+sig_h1_dr,3.0,3.2400779971946227,0.24007799719462275,3.024559245412096,3.4005536841449775,0.3759944387328815,False,True,True,True,True,True,
3.0,1,sig_conso+sig_macro_vix_up,3.0,3.2399685173725725,0.23996851737257252,2.8778467312812563,3.6652355478215792,0.7873888165403229,True,True,True,True,True,True,
3.0,1,sig_lead_in_lag+sig_h1_dr,3.0,3.142048489716644,0.14204848971664408,2.929930239013132,3.3371207930371676,0.4071905540240355,True,True,True,True,True,True,
3.0,1,sig_lead_in_lag+sig_macro_vix_up,3.0,3.4602462504375833,0.46024625043758327,2.9242735185738957,4.0471604049464585,1.1228868863725627,True,True,True,True,True,True,
3.0,1,sig_h1_dr+sig_macro_vix_up,3.0,3.483611575343109,0.48361157534310895,2.933096059781055,4.0758215254253765,1.1427254656443213,True,True,True,True,True,True,
3.0,1,sig_conso+sig_lead_in_lag+sig_h1_dr,3.0,3.207156591235446,0.20715659123544583,2.9523806184763157,3.4938079780939053,0.5414273596175896,True,True,True,True,True,True,
3.0,1,rsi<35,3.0,3.0504121839098843,0.050412183909884334,2.864283421885095,3.241265425943341,0.37698200405824567,True,True,True,True,True,True,
3.0,1,rsi35-50,3.0,3.04671577177251,0.046715771772510184,2.9361497060836217,3.1500106858136423,0.2138609797300206,True,True,True,True,True,True,
3.0,1,rsi50-65,3.0,2.97974723930557,-0.020252760694429828,2.8576073344270556,3.1036796734843404,0.24607233905728476,True,True,True,True,True,True,
3.0,1,rsi>=65,3.0,2.9937795487680616,-0.006220451231938373,2.8267600225410683,3.168519131340368,0.3417591087992995,True,True,True,True,True,True,
3.0,1,adx-1,3.0,2.4901836062619194,-0.5098163937380806,1.809542051686198,3.1947194278586633,1.3851773761724653,True,True,True,True,True,True,
3.0,1,adx0,3.0,3.0575606280781775,0.05756062807817752,2.9638520284648715,3.1595594120173622,0.19570738355249073,True,True,True,True,True,True,
3.0,1,adx1,3.0,3.059088390917414,0.059088390917414024,2.8594774936273155,3.1806056054719845,0.32112811184466894,True,True,True,True,True,True,
3.0,1,adx2,3.0,3.0409381206635806,0.0409381206635806,2.91587474271244,3.168747093292779,0.25287235058033897,True,True,True,True,True,True,
3.0,1,adx3,3.0,3.0082472331585652,0.008247233158565237,2.909886859971991,3.1400675942881784,0.23018073431618724,True,True,True,True,True,True,
3.0,1,rsi<35&rs,3.0,3.0948926526956724,0.09489265269567237,2.786495464423785,3.4742781000461145,0.6877826356223293,True,True,True,True,True,True,
3.0,1,rsi35-50&rs,3.0,3.0323497463395492,0.032349746339549235,2.8634356131132663,3.169695744122844,0.30626013100957783,True,True,True,True,True,True,
3.0,1,rsi50-65&rs,3.0,3.137503454993366,0.1375034549933658,2.960775660697744,3.3259774748328796,0.36520181413513564,True,True,True,True,True,True,
3.0,1,rsi<35&conso,3.0,2.985951652628524,-0.014048347371475867,2.7024353061485322,3.268184740873472,0.5657494347249399,True,True,True,True,True,True,
3.0,1,rsi35-50&conso,3.0,3.0132524479051086,0.0132524479051086,2.8707580282952336,3.1432376356011558,0.27247960730592213,True,True,True,True,True,True,
3.0,1,rsi50-65&conso,3.0,2.9780597834590496,-0.021940216540950352,2.8674991161917704,3.089589801679315,0.22209068548754463,True,True,True,True,True,True,
3.0,1,adx1&rs,3.0,3.096270520089094,0.09627052008909409,2.9235075208814116,3.2539424393235263,0.3304349184421147,True,True,True,True,True,True,
3.0,1,adx2&rs,3.0,3.1918442221563534,0.19184422215635344,3.0080691887372053,3.4057220051574855,0.39765281642028016,False,True,True,True,True,True,
3.0,1,adx3&rs,3.0,3.038836412252569,0.03883641225256884,2.8484721610813586,3.1930819299302327,0.34460976884887407,True,True,True,True,True,True,
3.0,2,sig_rs_intact,3.0,2.9175699015139953,-0.08243009848600469,2.7723220977266765,3.0627988477618473,0.2904767500351708,True,True,True,True,True,True,
3.0,2,¬sig_rs_intact,3.0,3.0753425809998203,0.07534258099982027,2.934500101255417,3.251541180173593,0.3170410789181761,True,True,True,True,True,True,
3.0,2,sig_conso,3.0,3.0197050014540197,0.019705001454019655,2.926443797312646,3.149348296578726,0.2229044992660798,True,True,True,True,True,True,
3.0,2,¬sig_conso,3.0,2.976013872016829,-0.023986127983171013,2.836206475803094,3.101566363987314,0.26535988818422007,True,True,True,True,True,True,
3.0,2,sig_lead_in_lag,3.0,3.00237599979189,0.00237599979188996,2.8249812760540096,3.145918743408091,0.32093746735408146,True,True,True,True,True,True,
3.0,2,¬sig_lead_in_lag,3.0,3.0329138527380426,0.03291385273804259,2.8742199172756426,3.1816313277830637,0.30741141050742105,True,True,True,True,True,True,
3.0,2,sig_h1_dr,3.0,2.9346191727293736,-0.06538082727062644,2.754414200239644,3.1287963256649705,0.37438212542532634,True,True,True,True,True,True,
3.0,2,¬sig_h1_dr,3.0,3.098536878986449,0.09853687898644914,2.9021375060570547,3.274078564298551,0.37194105824149615,True,True,True,True,True,True,
3.0,2,sig_macro_vix_up,3.0,2.8871180725623433,-0.11288192743765668,2.5079787527636923,3.328814884138253,0.8208361313745609,True,True,True,True,True,True,
3.0,2,¬sig_macro_vix_up,3.0,3.123716573045729,0.12371657304572903,2.6875450289604155,3.604871928288752,0.9173268993283363,True,True,True,True,True,True,
3.0,2,sig_rs_intact+sig_conso,3.0,2.9515798206861685,-0.04842017931383147,2.8344646490659184,3.0952723245818414,0.260807675515923,True,True,True,True,True,True,
3.0,2,sig_rs_intact+sig_macro_vix_up,3.0,2.76771095513345,-0.23228904486655022,2.316895410956847,3.2809051724368556,0.9640097614800087,True,True,True,True,True,True,
3.0,2,sig_conso+sig_lead_in_lag,3.0,3.019856658458847,0.019856658458846876,2.8102173392040606,3.1628635642632155,0.3526462250591549,True,True,True,True,True,True,
3.0,2,sig_conso+sig_h1_dr,3.0,2.9532447325268967,-0.046755267473103324,2.7788575405439286,3.1310484907853224,0.3521909502413938,True,True,True,True,True,True,
3.0,2,sig_conso+sig_macro_vix_up,3.0,2.8854738386356638,-0.11452616136433624,2.4820358429369036,3.2437221023940226,0.761686259457119,True,True,True,True,True,True,
3.0,2,sig_lead_in_lag+sig_h1_dr,3.0,2.9773759310896097,-0.02262406891039026,2.785864119166653,3.162721112676852,0.3768569935101991,True,True,True,True,True,True,
3.0,2,sig_lead_in_lag+sig_macro_vix_up,3.0,2.7671358866419085,-0.23286411335809154,2.2034567234059668,3.3537978129717394,1.1503410895657726,True,True,True,True,True,True,
3.0,2,sig_h1_dr+sig_macro_vix_up,3.0,2.7927600003932005,-0.2072399996067995,2.233143491460554,3.2973478825400746,1.0642043910795205,True,True,True,True,True,True,
3.0,2,sig_conso+sig_lead_in_lag+sig_h1_dr,3.0,2.9824983262680056,-0.017501673731994405,2.7137359152697798,3.1853702295684982,0.4716343142987185,True,True,True,True,True,True,
3.0,2,rsi<35,3.0,2.909935166294743,-0.0900648337052572,2.7303912989952908,3.099537429492296,0.3691461304970054,True,True,True,True,True,True,
3.0,2,rsi35-50,3.0,3.0831388483006714,0.08313884830067142,2.9522055511287726,3.197957985703416,0.24575243457464335,True,True,True,True,True,True,
3.0,2,rsi50-65,3.0,2.932358974187259,-0.0676410258127409,2.8240229529679604,3.0671472503696235,0.2431242974016632,True,True,True,True,True,True,
3.0,2,rsi>=65,3.0,2.97439620837402,-0.025603791625980143,2.807738337832501,3.1474690271165784,0.33973068928407724,True,True,True,True,True,True,
3.0,2,adx-1,3.0,2.9261404010442273,-0.07385959895577265,2.2803792641559295,3.7568301742520056,1.476450910096076,True,True,True,True,True,True,
3.0,2,adx0,3.0,3.0134064169815646,0.01340641698156464,2.9199418507130215,3.1126058215426045,0.19266397082958298,True,True,True,True,True,True,
3.0,2,adx1,3.0,2.981773485752811,-0.01822651424718913,2.835374131197402,3.124584482088295,0.289210350890893,True,True,True,True,True,True,
3.0,2,adx2,3.0,3.064942557302867,0.0649425573028668,2.929591532601666,3.2113526738242246,0.28176114122255846,True,True,True,True,True,True,
3.0,2,adx3,3.0,2.9789423512542537,-0.021057648745746338,2.83596052205814,3.0912856145199714,0.25532509246183155,True,True,True,True,True,True,
3.0,2,rsi<35&rs,3.0,2.7664222223484938,-0.23357777765150622,2.500615936097033,2.9830447122963117,0.4824287761992787,False,True,True,True,True,True,
3.0,2,rsi35-50&rs,3.0,3.101706909417977,0.101706909417977,2.953352574343027,3.2597646496489876,0.3064120753059605,True,True,True,True,True,True,
3.0,2,rsi50-65&rs,3.0,2.871656560820986,-0.12834343917901414,2.728714069630471,3.0358209823691236,0.30710691273865276,True,True,True,True,True,True,
3.0,2,rsi<35&conso,3.0,2.8891188715396017,-0.11088112846039833,2.6472948012015034,3.1767435565338737,0.5294487553323703,True,True,True,True,True,True,
3.0,2,rsi35-50&conso,3.0,3.0645250715751637,0.06452507157516374,2.9420871983720254,3.1815046955642403,0.23941749719221495,True,True,True,True,True,True,
3.0,2,rsi50-65&conso,3.0,3.0105747599968575,0.01057475999685753,2.8950957225179064,3.123578057793873,0.22848233527596662,True,True,True,True,True,True,
3.0,2,adx1&rs,3.0,2.945957995253965,-0.054042004746035044,2.7738083974019254,3.122161531538446,0.34835313413652047,True,True,True,True,True,True,
3.0,2,adx2&rs,3.0,3.077407386921098,0.07740738692109783,2.872947296290418,3.2602456474333352,0.38729835114291733,True,True,True,True,True,True,
3.0,2,adx3&rs,3.0,2.885084299907467,-0.11491570009253316,2.748262315822604,3.0191843889645624,0.2709220731419584,True,True,True,True,True,True,
3.0,3,sig_rs_intact,3.0,3.074234810307542,0.07423481030754209,2.9323137565057724,3.2324431884018585,0.3001294318960861,True,True,True,True,True,True,
3.0,3,¬sig_rs_intact,3.0,2.904153793240777,-0.09584620675922295,2.737978871375299,3.057766163471416,0.3197872920961169,True,True,True,True,True,True,
3.0,3,sig_conso,3.0,3.0459952544503666,0.04599525445036656,2.8878372556535448,3.1841317058498775,0.2962944501963327,True,True,True,True,True,True,
3.0,3,¬sig_conso,3.0,2.9115783349724422,-0.08842166502755777,2.776827901984875,3.0225270679208283,0.2456991659359531,True,True,True,True,True,True,
3.0,3,sig_lead_in_lag,3.0,3.0358293658256534,0.035829365825653436,2.8596387016472273,3.2005004917575763,0.340861790110349,True,True,True,True,True,True,
3.0,3,¬sig_lead_in_lag,3.0,2.9444687339495337,-0.05553126605046632,2.783664330733183,3.135693161908279,0.3520288311750961,True,True,True,True,True,True,
3.0,3,sig_h1_dr,3.0,2.9900855480183344,-0.009914451981665628,2.8350637959854152,3.145955783389187,0.3108919874037719,True,True,True,True,True,True,
3.0,3,¬sig_h1_dr,3.0,2.979397276012514,-0.020602723987486193,2.8085391497084635,3.159130915520156,0.3505917658116924,True,True,True,True,True,True,
3.0,3,sig_macro_vix_up,3.0,3.0047736800800364,0.004773680080036424,2.5501777754231574,3.443916273876277,0.8937384984531196,True,True,True,True,True,True,
3.0,3,¬sig_macro_vix_up,3.0,2.974395428624379,-0.025604571375621,2.421130576077053,3.386161424568555,0.965030848491502,True,True,True,True,True,True,
3.0,3,sig_rs_intact+sig_conso,3.0,3.0650058262617255,0.06500582626172546,2.9263482970442474,3.1760283349041005,0.24968003785985315,True,True,True,True,True,True,
3.0,3,sig_rs_intact+sig_macro_vix_up,3.0,3.027219909771914,0.027219909771913908,2.543871323160446,3.47110294307531,0.9272316199148638,True,True,True,True,True,True,
3.0,3,sig_conso+sig_lead_in_lag,3.0,3.0757937435738145,0.07579374357381452,2.868498825928101,3.221719649718912,0.353220823790811,True,True,True,True,True,True,
3.0,3,sig_conso+sig_h1_dr,3.0,3.0468476087269636,0.046847608726963585,2.8825627829923937,3.224015234774447,0.3414524517820534,True,True,True,True,True,True,
3.0,3,sig_conso+sig_macro_vix_up,3.0,2.9295800914739485,-0.07041990852605151,2.4879707686640753,3.3630630663572894,0.8750922976932141,True,True,True,True,True,True,
3.0,3,sig_lead_in_lag+sig_h1_dr,3.0,3.0824217343853495,0.0824217343853495,2.8559752927247812,3.3149496132628578,0.4589743205380765,True,True,True,True,True,True,
3.0,3,sig_lead_in_lag+sig_macro_vix_up,3.0,2.9421289786008167,-0.05787102139918332,2.403038396435947,3.5436278399467467,1.1405894435107995,True,True,True,True,True,True,
3.0,3,sig_h1_dr+sig_macro_vix_up,3.0,2.8204742067162476,-0.1795257932837524,2.341850465237851,3.227349237650384,0.8854987724125332,True,True,True,True,True,True,
3.0,3,sig_conso+sig_lead_in_lag+sig_h1_dr,3.0,3.170324794564004,0.17032479456400385,2.9122217664700654,3.369179918358501,0.4569581518884358,True,True,True,True,True,True,
3.0,3,rsi<35,3.0,3.003850848050172,0.0038508480501722175,2.7956597796713254,3.2094748880829287,0.4138151084116033,True,True,True,True,True,True,
3.0,3,rsi35-50,3.0,2.934267137414253,-0.06573286258574695,2.8054587560667743,3.0732037498334415,0.26774499376666716,True,True,True,True,True,True,
3.0,3,rsi50-65,3.0,3.0156848380861856,0.015684838086185593,2.8928948598514324,3.1264536724504333,0.2335588125990009,True,True,True,True,True,True,
3.0,3,rsi>=65,3.0,3.0419682523649407,0.04196825236494073,2.8409578318611457,3.2024634037417377,0.36150557188059196,True,True,True,True,True,True,
3.0,3,adx-1,3.0,3.263921934475885,0.26392193447588497,2.5056304021218145,3.8460583931760626,1.340427991054248,True,True,True,True,True,True,
3.0,3,adx0,3.0,2.951341017347591,-0.048658982652408866,2.872014224578873,3.030730954983849,0.15871673040497614,True,True,True,True,True,True,
3.0,3,adx1,3.0,2.8719120821360042,-0.12808791786399576,2.7152933545904254,3.0328835769691262,0.3175902223787008,True,True,True,True,True,True,
3.0,3,adx2,3.0,3.0270851167828896,0.027085116782889607,2.8880022221038266,3.1536666251434418,0.26566440303961514,True,True,True,True,True,True,
3.0,3,adx3,3.0,2.9948839242919787,-0.005116075708021306,2.896173748526836,3.0919859954301883,0.19581224690335208,True,True,True,True,True,True,
3.0,3,rsi<35&rs,3.0,3.1300996744425875,0.13009967444258752,2.6685607868811374,3.5232134573509444,0.854652670469807,True,True,True,True,True,True,
3.0,3,rsi35-50&rs,3.0,3.0609617121968227,0.06096171219682267,2.890196266552967,3.2282050354344065,0.3380087688814397,True,True,True,True,True,True,
3.0,3,rsi50-65&rs,3.0,2.9933732537931625,-0.006626746206837453,2.8436137267424377,3.122362915168675,0.2787491884262372,True,True,True,True,True,True,
3.0,3,rsi<35&conso,3.0,3.025845758056262,0.025845758056262103,2.7533412736678744,3.264818759782792,0.5114774861149174,True,True,True,True,True,True,
3.0,3,rsi35-50&conso,3.0,3.025694709381128,0.025694709381128167,2.8998876840984296,3.1511854300778563,0.2512977459794268,True,True,True,True,True,True,
3.0,3,rsi50-65&conso,3.0,3.054528366203522,0.05452836620352208,2.924277678517093,3.1685632701731126,0.24428559165601937,True,True,True,True,True,True,
3.0,3,adx1&rs,3.0,2.924160511682011,-0.07583948831798892,2.741724393503174,3.091772787333026,0.350048393829852,True,True,True,True,True,True,
3.0,3,adx2&rs,3.0,3.0572201303695756,0.05722013036957563,2.828672372217882,3.2780224137288454,0.44935004151096347,True,True,True,True,True,True,
3.0,3,adx3&rs,3.0,3.086731866463284,0.08673186646328412,2.9252156939645175,3.2281276390066136,0.30291194504209606,True,True,True,True,True,True,
3.0,4,sig_rs_intact,3.0,3.1078054618151016,0.10780546181510164,2.956969716509946,3.2491967639314705,0.2922270474215245,True,True,True,True,True,True,
3.0,4,¬sig_rs_intact,3.0,2.9090418997910565,-0.09095810020894346,2.7438617654079467,3.0678553631431535,0.32399359773520686,True,True,True,True,True,True,
3.0,4,sig_conso,3.0,3.019812774247774,0.019812774247773834,2.9277135879793863,3.1580973697896497,0.23038378181026342,True,True,True,True,True,True,
3.0,4,¬sig_conso,3.0,3.0302291926232043,0.030229192623204337,2.887786681659264,3.1605995109401652,0.27281282928090134,True,True,True,True,True,True,
3.0,4,sig_lead_in_lag,3.0,3.050546698125463,0.050546698125462974,2.876807976108806,3.1918671524104885,0.31505917630168234,True,True,True,True,True,True,
3.0,4,¬sig_lead_in_lag,3.0,2.9127332217584496,-0.08726677824155038,2.741712074903583,3.1007952499605334,0.3590831750569503,True,True,True,True,True,True,
3.0,4,sig_h1_dr,3.0,3.081281432690668,0.0812814326906679,2.912264402905273,3.2508724702152114,0.3386080673099383,True,True,True,True,True,True,
3.0,4,¬sig_h1_dr,3.0,2.955710469269487,-0.044289530730512894,2.7932565151262416,3.1291223950166533,0.3358658798904117,True,True,True,True,True,True,
3.0,4,sig_macro_vix_up,3.0,2.6480806563129544,-0.3519193436870456,2.245008061907217,3.118022098016897,0.8730140361096801,True,True,True,True,True,True,
3.0,4,¬sig_macro_vix_up,3.0,3.3564659530979073,0.3564659530979073,2.896325019258942,3.913223248562205,1.016898229303263,True,True,True,True,True,True,
3.0,4,sig_rs_intact+sig_conso,3.0,3.0619050247136244,0.06190502471362436,2.9053526548931328,3.200306943290027,0.2949542883968941,True,True,True,True,True,True,
3.0,4,sig_rs_intact+sig_macro_vix_up,3.0,2.7460340319064507,-0.2539659680935493,2.240812180208521,3.1457154887860206,0.9049033085774996,True,True,True,True,True,True,
3.0,4,sig_conso+sig_lead_in_lag,3.0,2.977836930861342,-0.022163069138657843,2.8282043212235375,3.156039373949865,0.3278350527263276,True,True,True,True,True,True,
3.0,4,sig_conso+sig_h1_dr,3.0,3.013759901065115,0.013759901065114821,2.8210811038370136,3.1797705352264747,0.3586894313894611,True,True,True,True,True,True,
3.0,4,sig_conso+sig_macro_vix_up,3.0,2.7065745802768366,-0.2934254197231634,2.262718195313012,3.156775762496389,0.8940575671833768,True,True,True,True,True,True,
3.0,4,sig_lead_in_lag+sig_h1_dr,3.0,3.0880635671420986,0.08806356714209862,2.913295661789045,3.265790872858386,0.3524952110693409,True,True,True,True,True,True,
3.0,4,sig_lead_in_lag+sig_macro_vix_up,3.0,2.823427794581704,-0.17657220541829588,2.3252147870943505,3.2160195113021746,0.8908047242078241,True,True,True,True,True,True,
3.0,4,sig_h1_dr+sig_macro_vix_up,3.0,2.820216475062592,-0.1797835249374078,2.3902612054402983,3.265139646884016,0.8748784414437178,True,True,True,True,True,True,
3.0,4,sig_conso+sig_lead_in_lag+sig_h1_dr,3.0,3.034398500287511,0.0343985002875109,2.7770369799791026,3.2133137845275974,0.4362768045484948,True,True,True,True,True,True,
3.0,4,rsi<35,3.0,3.105702459720584,0.10570245972058379,2.9303459094591515,3.3213397512074447,0.3909938417482932,True,True,True,True,True,True,
3.0,4,rsi35-50,3.0,3.0021740779734474,0.0021740779734473747,2.886814286312091,3.1227032462655506,0.2358889599534595,True,True,True,True,True,True,
3.0,4,rsi50-65,3.0,3.0920631938356324,0.09206319383563244,2.9550810869284785,3.207479558237481,0.2523984713090024,True,True,True,True,True,True,
3.0,4,rsi>=65,3.0,2.8305578640925755,-0.16944213590742452,2.667245929744236,2.999838476447017,0.3325925467027808,False,True,True,True,True,True,
3.0,4,adx-1,3.0,2.526557845859641,-0.47344215414035906,1.9520264544267578,3.18625597648384,1.2342295220570823,True,True,True,True,True,True,
3.0,4,adx0,3.0,2.9782004009520415,-0.021799599047958473,2.8928161078926986,3.066180938606199,0.1733648307135005,True,True,True,True,True,True,
3.0,4,adx1,3.0,2.9606393453907294,-0.03936065460927063,2.811893156383814,3.112471480152577,0.30057832376876314,True,True,True,True,True,True,
3.0,4,adx2,3.0,3.1331928330821186,0.1331928330821186,2.996074890425942,3.279525792451138,0.28345090202519607,True,True,True,True,True,True,
3.0,4,adx3,3.0,3.026819634181078,0.026819634181078023,2.922718464340356,3.1485339332262043,0.22581546888584825,True,True,True,True,True,True,
3.0,4,rsi<35&rs,3.0,2.9835863761423562,-0.016413623857643778,2.6640145991768933,3.3041673050405413,0.640152705863648,True,True,True,True,True,True,
3.0,4,rsi35-50&rs,3.0,3.0941573581059023,0.09415735810590231,2.906387274033159,3.269111408626487,0.3627241345933281,True,True,True,True,True,True,
3.0,4,rsi50-65&rs,3.0,3.1184458802181267,0.11844588021812674,2.9565998695798155,3.2457013781140303,0.2891015085342148,True,True,True,True,True,True,
3.0,4,rsi<35&conso,3.0,3.0340682120586866,0.0340682120586866,2.77591032035626,3.3260514535391805,0.5501411331829207,True,True,True,True,True,True,
3.0,4,rsi35-50&conso,3.0,2.988773345725405,-0.011226654274595127,2.864196910222466,3.1144362036582667,0.25023929343580065,True,True,True,True,True,True,
3.0,4,rsi50-65&conso,3.0,3.097913992909114,0.09791399290911418,2.9645256442258137,3.204849199940467,0.24032355571465347,True,True,True,True,True,True,
3.0,4,adx1&rs,3.0,3.0444492340857607,0.044449234085760736,2.8453810547589002,3.2095133339832853,0.36413227922438507,True,True,True,True,True,True,
3.0,4,adx2&rs,3.0,3.1617069991102174,0.16170699911021735,2.9129709147068965,3.364741978418423,0.45177106371152664,True,True,True,True,True,True,
3.0,4,adx3&rs,3.0,3.082502681184838,0.08250268118483817,2.9308626883769047,3.2364923457466164,0.3056296573697117,True,True,True,True,True,True,
6.0,0,sig_rs_intact,6.0,5.994210159073273,-0.005789840926727408,5.861193297416421,6.156591534013948,0.29539823659752695,True,True,True,True,True,True,
6.0,0,¬sig_rs_intact,6.0,5.972797247471625,-0.027202752528374674,5.777623300879597,6.145200776640891,0.3675774757612942,True,True,True,True,True,True,
6.0,0,sig_conso,6.0,6.0285463566852675,0.028546356685267504,5.907783129975897,6.158459370245963,0.2506762402700664,True,True,True,True,True,True,
6.0,0,¬sig_conso,6.0,5.98031840614704,-0.019681593852959978,5.8302976972372536,6.1263765086438,0.296078811406546,True,True,True,True,True,True,
6.0,0,sig_lead_in_lag,6.0,6.083163501840244,0.0831635018402439,5.92374574672807,6.212225474699162,0.288479727971092,True,True,True,True,True,True,
6.0,0,¬sig_lead_in_lag,6.0,5.892530664587157,-0.10746933541284331,5.737455425473253,6.067506234448299,0.330050808975046,True,True,True,True,True,True,
6.0,0,sig_h1_dr,6.0,5.992045497103393,-0.007954502896606819,5.800965650308315,6.181631786600164,0.38066613629184864,True,True,True,True,True,True,
6.0,0,¬sig_h1_dr,6.0,6.00463351847821,0.004633518478209808,5.790865888070024,6.168568860194412,0.3777029721243883,True,True,True,True,True,True,
6.0,0,sig_macro_vix_up,6.0,5.852936818398786,-0.14706318160121423,5.436197572090432,6.324042859764946,0.887845287674514,True,True,True,True,True,True,
6.0,0,¬sig_macro_vix_up,6.0,6.191602182040706,0.19160218204070567,5.755238130827449,6.658507415074624,0.903269284247175,True,True,True,True,True,True,
6.0,0,sig_rs_intact+sig_conso,6.0,5.993303270207242,-0.006696729792757594,5.851699737860566,6.104256586521573,0.2525568486610066,True,True,True,True,True,True,
6.0,0,sig_rs_intact+sig_macro_vix_up,6.0,5.983351402592863,-0.01664859740713709,5.470381810580668,6.435420185913289,0.9650383753326208,True,True,True,True,True,True,
6.0,0,sig_conso+sig_lead_in_lag,6.0,6.0539212918662795,0.053921291866279475,5.875547289380808,6.213213641239151,0.33766635185834293,True,True,True,True,True,True,
6.0,0,sig_conso+sig_h1_dr,6.0,5.9841565882876875,-0.015843411712312516,5.798163507064251,6.173750475419084,0.37558696835483296,True,True,True,True,True,True,
6.0,0,sig_conso+sig_macro_vix_up,6.0,5.765627423256662,-0.234372576743338,5.305388576321748,6.227289599302851,0.9219010229811024,True,True,True,True,True,True,
6.0,0,sig_lead_in_lag+sig_h1_dr,6.0,6.151085267638445,0.15108526763844488,5.883061644116203,6.326621228471983,0.44355958435578025,True,True,True,True,True,True,
6.0,0,sig_lead_in_lag+sig_macro_vix_up,6.0,5.926644359419978,-0.0733556405800222,5.420361845781882,6.404570299351198,0.9842084535693161,True,True,True,True,True,True,
6.0,0,sig_h1_dr+sig_macro_vix_up,6.0,5.906450304639275,-0.09354969536072488,5.416747961595037,6.455982388197384,1.0392344266023468,True,True,True,True,True,True,
6.0,0,sig_conso+sig_lead_in_lag+sig_h1_dr,6.0,6.1366908774589275,0.1366908774589275,5.864811894371398,6.321681989720943,0.4568700953495455,True,True,True,True,True,True,
6.0,0,rsi<35,6.0,6.013013193816042,0.013013193816042268,5.830165208772727,6.154950688850231,0.3247854800775043,True,True,True,True,True,True,
6.0,0,rsi35-50,6.0,5.921123122084392,-0.07887687791560793,5.809513424212012,6.049228841090116,0.23971541687810394,True,True,True,True,True,True,
6.0,0,rsi50-65,6.0,6.0722246391758175,0.07222463917581745,5.945494247757438,6.185390938476066,0.23989669071862796,True,True,True,True,True,True,
6.0,0,rsi>=65,6.0,5.948870353160796,-0.05112964683920396,5.779666422117703,6.102108558671263,0.32244213655356013,True,True,True,True,True,True,
6.0,0,adx-1,6.0,6.219615657470485,0.21961565747048528,5.625625745139534,6.93281157875001,1.3071858336104754,True,True,True,True,True,True,
6.0,0,adx0,6.0,5.9806183469206005,-0.01938165307939954,5.885144681179067,6.054038295450422,0.1688936142713544,True,True,True,True,True,True,
6.0,0,adx1,6.0,5.970945590005927,-0.029054409994072827,5.8139680376737815,6.1322235199221184,0.318255482248337,True,True,True,True,True,True,
6.0,0,adx2,6.0,5.98368562247861,-0.016314377521389645,5.8466416689057965,6.107096084485821,0.2604544155800248,True,True,True,True,True,True,
6.0,0,adx3,6.0,6.004018641785042,0.004018641785042298,5.8990748274945695,6.10962762198503,0.21055279449046083,True,True,True,True,True,True,
6.0,0,rsi<35&rs,6.0,6.164747280072627,0.16474728007262662,5.853687384642145,6.484522204712749,0.6308348200706044,True,True,True,True,True,True,
6.0,0,rsi35-50&rs,6.0,5.932764974380347,-0.06723502561965322,5.724253995431887,6.113727664735338,0.3894736693034506,True,True,True,True,True,True,
6.0,0,rsi50-65&rs,6.0,6.034881063867814,0.034881063867813644,5.869724778980285,6.191331557149956,0.321606778169671,True,True,True,True,True,True,
6.0,0,rsi<35&conso,6.0,5.95918199414283,-0.04081800585716966,5.718471099971477,6.220767039256546,0.5022959392850685,True,True,True,True,True,True,
6.0,0,rsi35-50&conso,6.0,5.982180227500246,-0.017819772499754194,5.859038039494251,6.127673286485979,0.26863524699172725,True,True,True,True,True,True,
6.0,0,rsi50-65&conso,6.0,6.072626016562094,0.07262601656209444,5.967386372081566,6.233568732646446,0.26618236056487987,True,True,True,True,True,True,
6.0,0,adx1&rs,6.0,5.907211516528602,-0.09278848347139768,5.737674237822956,6.088313483737698,0.35063924591474205,True,True,True,True,True,True,
6.0,0,adx2&rs,6.0,6.138100764510557,0.13810076451055675,5.888621578554027,6.312982567684902,0.42436098913087505,True,True,True,True,True,True,
6.0,0,adx3&rs,6.0,6.031350663484608,0.031350663484608354,5.872821379515104,6.196650219729795,0.3238288402146914,True,True,True,True,True,True,
6.0,1,sig_rs_intact,6.0,6.16572360084678,0.16572360084678017,5.988551480326042,6.307353777077264,0.3188022967512216,True,True,True,True,True,True,
6.0,1,¬sig_rs_intact,6.0,5.884977779375915,-0.11502222062408496,5.745483622982536,6.051099075782261,0.30561545279972524,True,True,True,True,True,True,
6.0,1,sig_conso,6.0,5.987137170312068,-0.012862829687931843,5.848379403456496,6.112695574396839,0.26431617094034277,True,True,True,True,True,True,
6.0,1,¬sig_conso,6.0,5.979445389852824,-0.020554610147176078,5.831091269138659,6.12518093550038,0.29408966636172096,True,True,True,True,True,True,
6.0,1,sig_lead_in_lag,6.0,6.073416242490756,0.07341624249075629,5.88387047259361,6.2166054694444055,0.3327349968507951,True,True,True,True,True,True,
6.0,1,¬sig_lead_in_lag,6.0,5.903152304844809,-0.09684769515519065,5.773729663903771,6.089485681803572,0.31575601789980023,True,True,True,True,True,True,
6.0,1,sig_h1_dr,6.0,6.199706769978728,0.19970676997872783,5.980825905438364,6.36625817782991,0.3854322723915464,True,True,True,True,True,True,
6.0,1,¬sig_h1_dr,6.0,5.7279295686581095,-0.27207043134189046,5.574493768283944,5.947254690096216,0.3727609218122714,False,True,True,True,True,True,
6.0,1,sig_macro_vix_up,6.0,6.281533213299541,0.2815332132995412,5.799176102025775,6.731445903840877,0.9322698018151021,True,True,True,True,True,True,
6.0,1,¬sig_macro_vix_up,6.0,5.76791316466276,-0.23208683533724006,5.292012552926706,6.292758812240332,1.000746259313626,True,True,True,True,True,True,
6.0,1,sig_rs_intact+sig_conso,6.0,6.188733882006858,0.1887338820068578,6.057465477991929,6.303608433002373,0.24614295501044392,False,True,True,True,True,True,
6.0,1,sig_rs_intact+sig_macro_vix_up,6.0,6.328682270190935,0.3286822701909351,5.7941502267872655,6.740644327153938,0.9464941003666727,True,True,True,True,True,True,
6.0,1,sig_conso+sig_lead_in_lag,6.0,6.149640632749646,0.14964063274964623,5.932468378583068,6.333824407290459,0.40135602870739095,True,True,True,True,True,True,
6.0,1,sig_conso+sig_h1_dr,6.0,6.240077997194622,0.2400779971946223,6.0495996108671575,6.43998059471944,0.3903809838522827,False,True,True,True,True,True,
6.0,1,sig_conso+sig_macro_vix_up,6.0,6.2399685173725725,0.23996851737257252,5.804926190670411,6.664196886202602,0.8592706955321914,True,True,True,True,True,True,
6.0,1,sig_lead_in_lag+sig_h1_dr,6.0,6.142048489716644,0.14204848971664408,5.919206809463969,6.337499194580217,0.41829238511624833,True,True,True,True,True,True,
6.0,1,sig_lead_in_lag+sig_macro_vix_up,6.0,6.460246250437584,0.46024625043758416,5.937044655244303,7.043369256758719,1.1063246015144168,True,True,True,True,True,True,
6.0,1,sig_h1_dr+sig_macro_vix_up,6.0,6.483611575343108,0.48361157534310806,6.002924901619724,7.017026330782471,1.0141014291627473,False,True,True,True,True,True,
6.0,1,sig_conso+sig_lead_in_lag+sig_h1_dr,6.0,6.207156591235446,0.20715659123544583,5.944822008520263,6.427833618631833,0.48301161011156957,True,True,True,True,True,True,
6.0,1,rsi<35,6.0,6.050412183909884,0.050412183909884334,5.839219378887053,6.195775121718919,0.35655574283186553,True,True,True,True,True,True,
6.0,1,rsi35-50,6.0,6.046715771772509,0.04671577177250885,5.932501304140957,6.16605347083993,0.23355216669897327,True,True,True,True,True,True,
6.0,1,rsi50-65,6.0,5.979747239305571,-0.020252760694429384,5.855311475865793,6.102423090261417,0.24711161439562357,True,True,True,True,True,True,
6.0,1,rsi>=65,6.0,5.993779548768061,-0.006220451231938817,5.809464181808816,6.185766122887839,0.3763019410790225,True,True,True,True,True,True,
6.0,1,adx-1,6.0,5.49018360626192,-0.5098163937380802,4.930557281785223,6.118424856648734,1.1878675748635112,True,True,True,True,True,True,
6.0,1,adx0,6.0,6.057560628078177,0.057560628078176634,5.964018716674649,6.148243246890823,0.18422453021617446,True,True,True,True,True,True,
6.0,1,adx1,6.0,6.059088390917414,0.059088390917414024,5.885513845831018,6.193763636634808,0.30824979080378956,True,True,True,True,True,True,
6.0,1,adx2,6.0,6.04093812066358,0.04093812066358016,5.884870529982426,6.172910217433203,0.2880396874507767,True,True,True,True,True,True,
6.0,1,adx3,6.0,6.008247233158565,0.008247233158565237,5.899480846499661,6.130766319623567,0.23128547312390602,True,True,True,True,True,True,
6.0,1,rsi<35&rs,6.0,6.0948926526956715,0.09489265269567149,5.736598580010729,6.438291050704799,0.7016924706940699,True,True,True,True,True,True,
6.0,1,rsi35-50&rs,6.0,6.032349746339549,0.032349746339549235,5.862479801082614,6.172940751017521,0.3104609499349067,True,True,True,True,True,True,
6.0,1,rsi50-65&rs,6.0,6.137503454993365,0.13750345499336536,5.992946601552535,6.300397241611839,0.30745064005930445,True,True,True,True,True,True,
6.0,1,rsi<35&conso,6.0,5.985951652628525,-0.014048347371475423,5.723969089225728,6.290844533872862,0.5668754446471347,True,True,True,True,True,True,
6.0,1,rsi35-50&conso,6.0,6.013252447905108,0.013252447905108156,5.894240120420799,6.124306709069255,0.23006658864845608,True,True,True,True,True,True,
6.0,1,rsi50-65&conso,6.0,5.978059783459049,-0.02194021654095124,5.860890569734839,6.100851693107207,0.23996112337236752,True,True,True,True,True,True,
6.0,1,adx1&rs,6.0,6.096270520089093,0.0962705200890932,5.930663764617974,6.261505161941195,0.33084139732322093,True,True,True,True,True,True,
6.0,1,adx2&rs,6.0,6.191844222156354,0.19184422215635433,6.004967026926237,6.3789476503698115,0.3739806234435745,False,True,True,True,True,True,
6.0,1,adx3&rs,6.0,6.03883641225257,0.03883641225256973,5.876151236170147,6.175406275570853,0.2992550394007063,True,True,True,True,True,True,
6.0,2,sig_rs_intact,6.0,5.917569901513995,-0.08243009848600469,5.794842035603282,6.061822960261293,0.2669809246580108,True,True,True,True,True,True,
6.0,2,¬sig_rs_intact,6.0,6.07534258099982,0.07534258099981983,5.9379004828883195,6.2534976030634475,0.315597120175128,True,True,True,True,True,True,
6.0,2,sig_conso,6.0,6.019705001454019,0.01970500145401921,5.906758145898022,6.15007673587639,0.24331858997836875,True,True,True,True,True,True,
6.0,2,¬sig_conso,6.0,5.9760138720168285,-0.023986127983171457,5.850324839180326,6.117676034284432,0.2673511951041059,True,True,True,True,True,True,
6.0,2,sig_lead_in_lag,6.0,6.002375999791891,0.002375999791890848,5.838043979223744,6.195584413541751,0.3575404343180075,True,True,True,True,True,True,
6.0,2,¬sig_lead_in_lag,6.0,6.032913852738042,0.032913852738041705,5.8979375178288,6.202434552759041,0.3044970349302414,True,True,True,True,True,True,
6.0,2,sig_h1_dr,6.0,5.934619172729374,-0.06538082727062644,5.771172152274266,6.112779371350175,0.3416072190759092,True,True,True,True,True,True,
6.0,2,¬sig_h1_dr,6.0,6.098536878986449,0.09853687898644914,5.9360408348451905,6.277778446464296,0.34173761161910576,True,True,True,True,True,True,
6.0,2,sig_macro_vix_up,6.0,5.887118072562343,-0.11288192743765713,5.377894292500107,6.395467998894754,1.0175737063946464,True,True,True,True,True,True,
6.0,2,¬sig_macro_vix_up,6.0,6.123716573045729,0.12371657304572903,5.6885557750723175,6.541122913818555,0.8525671387462372,True,True,True,True,True,True,
6.0,2,sig_rs_intact+sig_conso,6.0,5.951579820686169,-0.04842017931383058,5.8177801831843095,6.087825073391681,0.2700448902073713,True,True,True,True,True,True,
6.0,2,sig_rs_intact+sig_macro_vix_up,6.0,5.7677109551334516,-0.23228904486654844,5.238677769769547,6.221434011077444,0.9827562413078974,True,True,True,True,True,True,
6.0,2,sig_conso+sig_lead_in_lag,6.0,6.019856658458847,0.01985665845884732,5.818455771658214,6.1782198160277755,0.35976404436956155,True,True,True,True,True,True,
6.0,2,sig_conso+sig_h1_dr,6.0,5.953244732526898,-0.046755267473102435,5.784051042874407,6.119256658312236,0.3352056154378289,True,True,True,True,True,True,
6.0,2,sig_conso+sig_macro_vix_up,6.0,5.885473838635664,-0.1145261613643358,5.449697916405212,6.3611730779757405,0.9114751615705288,True,True,True,True,True,True,
6.0,2,sig_lead_in_lag+sig_h1_dr,6.0,5.977375931089611,-0.022624068910388928,5.743717516273493,6.148213164164573,0.40449564789108017,True,True,True,True,True,True,
6.0,2,sig_lead_in_lag+sig_macro_vix_up,6.0,5.767135886641908,-0.23286411335809198,5.123245520650963,6.335903831736934,1.2126583110859706,True,True,True,True,True,True,
6.0,2,sig_h1_dr+sig_macro_vix_up,6.0,5.7927600003932005,-0.2072399996067995,5.181891910451353,6.1991815223276,1.0172896118762473,True,True,True,True,True,True,
6.0,2,sig_conso+sig_lead_in_lag+sig_h1_dr,6.0,5.982498326268005,-0.01750167373199485,5.717932404498471,6.168318765067145,0.45038636056867354,True,True,True,True,True,True,
6.0,2,rsi<35,6.0,5.909935166294742,-0.09006483370525764,5.7786679022195635,6.073168663541698,0.29450076132213443,True,True,True,True,True,True,
6.0,2,rsi35-50,6.0,6.083138848300672,0.08313884830067231,5.964467955382706,6.197454426911562,0.23298647152885543,True,True,True,True,True,True,
6.0,2,rsi50-65,6.0,5.932358974187259,-0.06764102581274134,5.815562642088912,6.052169158033311,0.2366065159443993,True,True,True,True,True,True,
6.0,2,rsi>=65,6.0,5.974396208374021,-0.025603791625979255,5.800649584540951,6.113022298798402,0.3123727142574513,True,True,True,True,True,True,
6.0,2,adx-1,6.0,5.926140401044227,-0.07385959895577265,5.1266425453260736,6.859169597644148,1.7325270523180745,True,True,True,True,True,True,
6.0,2,adx0,6.0,6.013406416981565,0.01340641698156464,5.920145527522182,6.109896366107197,0.18975083858501485,True,True,True,True,True,True,
6.0,2,adx1,6.0,5.98177348575281,-0.018226514247190018,5.842060947652181,6.132932126451905,0.29087117879972446,True,True,True,True,True,True,
6.0,2,adx2,6.0,6.064942557302867,0.06494255730286724,5.930997803540789,6.215073011734112,0.28407520819332266,True,True,True,True,True,True,
6.0,2,adx3,6.0,5.978942351254255,-0.021057648745745006,5.859677510916008,6.100484436938059,0.24080692602205112,True,True,True,True,True,True,
6.0,2,rsi<35&rs,6.0,5.766422222348494,-0.23357777765150622,5.475118927279362,6.055952873328638,0.5808339460492764,True,True,True,True,True,True,
6.0,2,rsi35-50&rs,6.0,6.1017069094179766,0.10170690941797655,5.9233869140283275,6.2275548076338225,0.304167893605495,True,True,True,True,True,True,
6.0,2,rsi50-65&rs,6.0,5.871656560820985,-0.12834343917901503,5.721649783279268,6.014047410726402,0.2923976274471336,True,True,True,True,True,True,
6.0,2,rsi<35&conso,6.0,5.889118871539602,-0.11088112846039788,5.639086814216114,6.143732699700477,0.5046458854843632,True,True,True,True,True,True,
6.0,2,rsi35-50&conso,6.0,6.064525071575163,0.0645250715751633,5.944952111133559,6.187119688785833,0.2421675776522738,True,True,True,True,True,True,
6.0,2,rsi50-65&conso,6.0,6.010574759996856,0.010574759996855754,5.877036091629117,6.139666833500334,0.2626307418712166,True,True,True,True,True,True,
6.0,2,adx1&rs,6.0,5.9459579952539645,-0.05404200474603549,5.772052363301065,6.087849962891356,0.3157975995902911,True,True,True,True,True,True,
6.0,2,adx2&rs,6.0,6.077407386921098,0.07740738692109783,5.874148263457238,6.263365074443051,0.38921681098581296,True,True,True,True,True,True,
6.0,2,adx3&rs,6.0,5.885084299907467,-0.11491570009253316,5.7213685908548495,6.038725508254067,0.31735691739921723,True,True,True,True,True,True,
6.0,3,sig_rs_intact,6.0,6.074234810307542,0.07423481030754164,5.942445320191523,6.211707929407389,0.26926260921586564,True,True,True,True,True,True,
6.0,3,¬sig_rs_intact,6.0,5.904153793240776,-0.09584620675922384,5.741399319543135,6.057992688621203,0.3165933690780678,True,True,True,True,True,True,
6.0,3,sig_conso,6.0,6.045995254450366,0.04599525445036612,5.92122932681482,6.184496740722071,0.2632674139072506,True,True,True,True,True,True,
6.0,3,¬sig_conso,6.0,5.9115783349724405,-0.08842166502755955,5.752117309853179,6.033834825007337,0.281717515154158,True,True,True,True,True,True,
6.0,3,sig_lead_in_lag,6.0,6.035829365825652,0.035829365825652104,5.841870673484366,6.194659266977122,0.3527885934927557,True,True,True,True,True,True,
6.0,3,¬sig_lead_in_lag,6.0,5.944468733949534,-0.05553126605046632,5.767446155247325,6.1418154016994215,0.3743692464520967,True,True,True,True,True,True,
6.0,3,sig_h1_dr,6.0,5.990085548018334,-0.009914451981665628,5.829161711123798,6.160221377487818,0.33105966636401973,True,True,True,True,True,True,
6.0,3,¬sig_h1_dr,6.0,5.979397276012514,-0.020602723987486193,5.799872683568743,6.160662610266914,0.3607899266981711,True,True,True,True,True,True,
6.0,3,sig_macro_vix_up,6.0,6.004773680080035,0.004773680080035092,5.4344590181171615,6.585298056367187,1.1508390382500258,True,True,True,True,True,True,
6.0,3,¬sig_macro_vix_up,6.0,5.97439542862438,-0.02560457137562011,5.5046127419835456,6.465002348756164,0.9603896067726181,True,True,True,True,True,True,
6.0,3,sig_rs_intact+sig_conso,6.0,6.065005826261726,0.06500582626172591,5.944046910035201,6.2040464176542525,0.25999950761905133,True,True,True,True,True,True,
6.0,3,sig_rs_intact+sig_macro_vix_up,6.0,6.027219909771913,0.027219909771912576,5.525334362918894,6.447119356274434,0.9217849933555398,True,True,True,True,True,True,
6.0,3,sig_conso+sig_lead_in_lag,6.0,6.075793743573814,0.07579374357381408,5.892236599743575,6.224657090357659,0.3324204906140835,True,True,True,True,True,True,
6.0,3,sig_conso+sig_h1_dr,6.0,6.046847608726964,0.046847608726963585,5.879610657489653,6.209058594739793,0.32944793725013977,True,True,True,True,True,True,
6.0,3,sig_conso+sig_macro_vix_up,6.0,5.929580091473949,-0.07041990852605107,5.421716788035394,6.402249675912018,0.980532887876624,True,True,True,True,True,True,
6.0,3,sig_lead_in_lag+sig_h1_dr,6.0,6.08242173438535,0.08242173438534994,5.786407941596668,6.290818631370205,0.504410689773537,True,True,True,True,True,True,
6.0,3,sig_lead_in_lag+sig_macro_vix_up,6.0,5.942128978600817,-0.05787102139918332,5.331157842826719,6.617686190200509,1.2865283473737898,True,True,True,True,True,True,
6.0,3,sig_h1_dr+sig_macro_vix_up,6.0,5.820474206716248,-0.1795257932837524,5.265781182271664,6.298371778932041,1.032590596660377,True,True,True,True,True,True,
6.0,3,sig_conso+sig_lead_in_lag+sig_h1_dr,6.0,6.170324794564004,0.17032479456400385,5.863000025010526,6.398491616423936,0.5354915914134102,True,True,True,True,True,True,
6.0,3,rsi<35,6.0,6.003850848050172,0.0038508480501722175,5.797470027726291,6.181289628801568,0.3838196010752766,True,True,True,True,True,True,
6.0,3,rsi35-50,6.0,5.9342671374142535,-0.06573286258574651,5.793716834062112,6.085437487811294,0.29172065374918255,True,True,True,True,True,True,
6.0,3,rsi50-65,6.0,6.015684838086185,0.015684838086184705,5.873525334036798,6.1363873572192835,0.2628620231824854,True,True,True,True,True,True,
6.0,3,rsi>=65,6.0,6.041968252364941,0.04196825236494117,5.859158961091386,6.201911034219542,0.3427520731281559,True,True,True,True,True,True,
6.0,3,adx-1,6.0,6.263921934475885,0.26392193447588497,5.584566657347912,6.9120069777366595,1.3274403203887477,True,True,True,True,True,True,
6.0,3,adx0,6.0,5.951341017347591,-0.048658982652408866,5.860060661842128,6.053243992138465,0.19318333029633727,True,True,True,True,True,True,
6.0,3,adx1,6.0,5.871912082136005,-0.12808791786399532,5.723764897026465,6.007838575397887,0.2840736783714224,True,True,True,True,True,True,
6.0,3,adx2,6.0,6.02708511678289,0.027085116782889607,5.881152989318085,6.163820736120138,0.2826677468020522,True,True,True,True,True,True,
6.0,3,adx3,6.0,5.994883924291978,-0.005116075708022194,5.875142280054321,6.099745261150239,0.22460298109591736,True,True,True,True,True,True,
6.0,3,rsi<35&rs,6.0,6.1300996744425875,0.13009967444258752,5.7044050985405725,6.599274525084394,0.8948694265438215,True,True,True,True,True,True,
6.0,3,rsi35-50&rs,6.0,6.060961712196823,0.060961712196823115,5.907210653380915,6.239873134011178,0.3326624806302636,True,True,True,True,True,True,
6.0,3,rsi50-65&rs,6.0,5.993373253793163,-0.006626746206836565,5.84846477426135,6.15857540158519,0.31011062732383987,True,True,True,True,True,True,
6.0,3,rsi<35&conso,6.0,6.025845758056262,0.02584575805626166,5.7395177779734015,6.298193341379624,0.5586755634062222,True,True,True,True,True,True,
6.0,3,rsi35-50&conso,6.0,6.025694709381128,0.025694709381127723,5.893770736521703,6.164806125799842,0.27103538927813897,True,True,True,True,True,True,
6.0,3,rsi50-65&conso,6.0,6.054528366203524,0.05452836620352386,5.954496925704172,6.169049518803691,0.21455259309951913,True,True,True,True,True,True,
6.0,3,adx1&rs,6.0,5.924160511682011,-0.07583948831798892,5.782130510781812,6.109823260289552,0.3276927495077402,True,True,True,True,True,True,
6.0,3,adx2&rs,6.0,6.057220130369576,0.05722013036957563,5.831297302779723,6.24306400824177,0.4117667054620471,True,True,True,True,True,True,
6.0,3,adx3&rs,6.0,6.0867318664632855,0.08673186646328546,5.902638775015315,6.214459298500694,0.3118205234853795,True,True,True,True,True,True,
6.0,4,sig_rs_intact,6.0,6.107805461815102,0.10780546181510164,5.950434595959578,6.24136830478103,0.2909337088214521,True,True,True,True,True,True,
6.0,4,¬sig_rs_intact,6.0,5.909041899791057,-0.09095810020894302,5.734493397434288,6.059832784862105,0.32533938742781743,True,True,True,True,True,True,
6.0,4,sig_conso,6.0,6.019812774247774,0.01981277424777428,5.900485779874721,6.1455960539881955,0.24511027411347452,True,True,True,True,True,True,
6.0,4,¬sig_conso,6.0,6.030229192623205,0.03022919262320478,5.892707519577273,6.1682913131902275,0.27558379361295415,True,True,True,True,True,True,
6.0,4,sig_lead_in_lag,6.0,6.050546698125463,0.050546698125462974,5.8790606573211255,6.205620429600404,0.32655977227927835,True,True,True,True,True,True,
6.0,4,¬sig_lead_in_lag,6.0,5.912733221758449,-0.08726677824155082,5.728402555138567,6.042575711679318,0.3141731565407513,True,True,True,True,True,True,
6.0,4,sig_h1_dr,6.0,6.081281432690669,0.08128143269066879,5.91099739877945,6.257380953328202,0.34638355454875125,True,True,True,True,True,True,
6.0,4,¬sig_h1_dr,6.0,5.955710469269487,-0.044289530730512894,5.767075225155257,6.150026486566535,0.3829512614112778,True,True,True,True,True,True,
6.0,4,sig_macro_vix_up,6.0,5.648080656312954,-0.3519193436870456,5.227352922316696,6.111046009655659,0.8836930873389637,True,True,True,True,True,True,
6.0,4,¬sig_macro_vix_up,6.0,6.356465953097906,0.3564659530979064,5.9544765830734425,6.8997822702278295,0.945305687154387,True,True,True,True,True,True,
6.0,4,sig_rs_intact+sig_conso,6.0,6.061905024713625,0.061905024713625245,5.932674442732584,6.190096376148835,0.25742193341625086,True,True,True,True,True,True,
6.0,4,sig_rs_intact+sig_macro_vix_up,6.0,5.74603403190645,-0.2539659680935502,5.235634036701394,6.166200877129579,0.9305668404281846,True,True,True,True,True,True,
6.0,4,sig_conso+sig_lead_in_lag,6.0,5.977836930861342,-0.022163069138658287,5.834445070536234,6.1534414266471895,0.3189963561109552,True,True,True,True,True,True,
6.0,4,sig_conso+sig_h1_dr,6.0,6.013759901065114,0.013759901065114377,5.799345077733976,6.165139223356906,0.3657941456229299,True,True,True,True,True,True,
6.0,4,sig_conso+sig_macro_vix_up,6.0,5.706574580276835,-0.2934254197231647,5.239841973669086,6.09127051323886,0.851428539569774,True,True,True,True,True,True,
6.0,4,sig_lead_in_lag+sig_h1_dr,6.0,6.088063567142099,0.08806356714209862,5.882432318508762,6.308814042002109,0.42638172349334713,True,True,True,True,True,True,
6.0,4,sig_lead_in_lag+sig_macro_vix_up,6.0,5.823427794581705,-0.176572205418295,5.329535338894709,6.269538849401076,0.9400035105063678,True,True,True,True,True,True,
6.0,4,sig_h1_dr+sig_macro_vix_up,6.0,5.820216475062592,-0.1797835249374078,5.440876800017225,6.1974257279518286,0.7565489279346034,True,True,True,True,True,True,
6.0,4,sig_conso+sig_lead_in_lag+sig_h1_dr,6.0,6.034398500287511,0.03439850028751135,5.81467774411037,6.228917736283519,0.41423999217314833,True,True,True,True,True,True,
6.0,4,rsi<35,6.0,6.105702459720584,0.10570245972058423,5.898578499933362,6.276802539799597,0.3782240398662351,True,True,True,True,True,True,
6.0,4,rsi35-50,6.0,6.002174077973448,0.002174077973448263,5.894199874823749,6.128511853204966,0.23431197838121687,True,True,True,True,True,True,
6.0,4,rsi50-65,6.0,6.0920631938356316,0.09206319383563155,5.985190756182613,6.233897676429441,0.2487069202468284,True,True,True,True,True,True,
6.0,4,rsi>=65,6.0,5.830557864092575,-0.16944213590742496,5.667544644987391,6.006642137293783,0.33909749230639186,True,True,True,True,True,True,
6.0,4,adx-1,6.0,5.526557845859641,-0.4734421541403586,4.842661868353933,6.20327785285375,1.360615984499817,True,True,True,True,True,True,
6.0,4,adx0,6.0,5.978200400952042,-0.021799599047957585,5.883610912729777,6.06583669456063,0.18222578183085325,True,True,True,True,True,True,
6.0,4,adx1,6.0,5.960639345390731,-0.0393606546092693,5.801056865922848,6.1446330458631815,0.3435761799403334,True,True,True,True,True,True,
6.0,4,adx2,6.0,6.133192833082118,0.13319283308211816,5.9592803315314935,6.260377052465453,0.3010967209339599,True,True,True,True,True,True,
6.0,4,adx3,6.0,6.026819634181078,0.026819634181078023,5.905857175618802,6.130345474162473,0.2244882985436707,True,True,True,True,True,True,
6.0,4,rsi<35&rs,6.0,5.983586376142356,-0.016413623857643778,5.608702127440409,6.2884335685240975,0.6797314410836881,True,True,True,True,True,True,
6.0,4,rsi35-50&rs,6.0,6.094157358105901,0.09415735810590142,5.946479355112221,6.274905686326078,0.32842633121385756,True,True,True,True,True,True,
6.0,4,rsi50-65&rs,6.0,6.118445880218127,0.11844588021812719,5.9593381824977145,6.281437046955361,0.32209886445764635,True,True,True,True,True,True,
6.0,4,rsi<35&conso,6.0,6.034068212058687,0.0340682120586866,5.75238595101965,6.308204214749237,0.555818263729587,True,True,True,True,True,True,
6.0,4,rsi35-50&conso,6.0,5.988773345725405,-0.011226654274595127,5.882465745696853,6.102492681858731,0.22002693616187763,True,True,True,True,True,True,
6.0,4,rsi50-65&conso,6.0,6.097913992909113,0.09791399290911329,5.978573874504036,6.210844939022103,0.23227106451806723,True,True,True,True,True,True,
6.0,4,adx1&rs,6.0,6.04444923408576,0.04444923408575985,5.821976095641406,6.188333017161545,0.366356921520139,True,True,True,True,True,True,
6.0,4,adx2&rs,6.0,6.161706999110217,0.16170699911021735,5.94238033546082,6.363282576584054,0.42090224112323416,True,True,True,True,True,True,
6.0,4,adx3&rs,6.0,6.082502681184838,0.08250268118483817,5.928689745285985,6.247337000737916,0.31864725545193107,True,True,True,True,True,True,
