cell,setup,n_cell,n_ctl,dates_cell,dates_ctl,top_date_share_cell,top_date_share_ctl
sig_rs_intact,Atomic,8658,13617,902,1140,0.015361515361515362,0.013659396342806785
sig_rs_intact,Atomic-R,58,92,39,61,0.15517241379310345,0.043478260869565216
sig_rs_intact,D+L1,945,2075,406,703,0.033862433862433865,0.02216867469879518
sig_rs_intact,Engulf-Abs,83,527,57,237,0.12048192771084337,0.18785578747628084
sig_rs_intact,FailedBear-Turn,39,140,36,106,0.05128205128205128,0.05714285714285714
sig_rs_intact,G3+RL,202,612,109,205,0.054455445544554455,0.08006535947712418
sig_rs_intact,G3-Abs,50,151,36,111,0.14,0.039735099337748346
sig_rs_intact,G3-gap,1653,5467,383,978,0.0514216575922565,0.02743735138101335
sig_rs_intact,G3→G3,2146,3181,640,805,0.033550792171481825,0.034580320653882425
sig_rs_intact,G3→G3→RL,109,286,41,109,0.3669724770642202,0.2902097902097902
sig_rs_intact,G3→L46 🕐,3754,6898,785,1068,0.02743740010655301,0.024644824586836766
sig_rs_intact,HighBase-15mDip,4372,2707,883,745,0.014181152790484904,0.009604728481714075
sig_rs_intact,L34camp→REV,38,181,30,146,0.07894736842105263,0.027624309392265192
sig_rs_intact,L43-TRIPLE,169,765,72,291,0.07692307692307693,0.06535947712418301
sig_rs_intact,ND→SC→L46 🕐,26,122,12,77,0.3076923076923077,0.12295081967213115
sig_rs_intact,NS→SC,38,281,30,168,0.10526315789473684,0.06761565836298933
sig_rs_intact,P55,4947,11609,931,1184,0.016171417020416416,0.008958566629339306
sig_rs_intact,Parabola,29702,19600,1144,1202,0.004511480708369806,0.005459183673469388
sig_rs_intact,QZ-Capit,1543,5214,580,1057,0.018794556059624108,0.01802838511699271
sig_rs_intact,QZ-Capit-Rev,7273,29010,942,1253,0.011549566891241578,0.010961737331954498
sig_rs_intact,RTB-Base,2668,17188,588,1248,0.025112443778110945,0.009367000232720503
sig_rs_intact,Spring,145,1132,93,576,0.05517241379310345,0.012367491166077738
sig_rs_intact,T1-CapBounce,25,120,22,104,0.08,0.025
sig_rs_intact,Washout,1568,12515,432,1168,0.05357142857142857,0.016060727127447064
sig_rs_intact,Z-Absorb-Turn,9,24,9,22,0.1111111111111111,0.08333333333333333
sig_rs_intact,Z11-T11,57,278,35,143,0.14035087719298245,0.07194244604316546
sig_rs_intact,ZRT,517,1652,252,586,0.0425531914893617,0.021791767554479417
sig_rs_intact,ZRT🟢,4,8,4,7,0.25,0.25
sig_rs_intact,Zone-Retest,15084,49696,1091,1279,0.01213206046141607,0.008048937540244688
sig_rs_intact,ppr×NS,588,1117,326,488,0.027210884353741496,0.02954341987466428
sig_rs_intact,⚡G3-Abs,1,4,1,4,1.0,0.25
sig_rs_intact,🌉Z1G→T4,14,61,14,27,0.07142857142857142,0.3114754098360656
sig_rs_intact,🌉v2 Z1G→T3/T6,15,60,13,28,0.2,0.35
sig_rs_intact,🎯Cluster,232,387,163,230,0.034482758620689655,0.025839793281653745
sig_rs_intact,🎯Confluence,1,1,1,1,1.0,1.0
sig_rs_intact,🎯Confluence≥3,261,1378,162,605,0.038314176245210725,0.03193033381712627
sig_rs_intact,🎯Confluence≥4,27,142,25,109,0.07407407407407407,0.1056338028169014
sig_rs_intact,🏆L34→L34,92,134,74,114,0.03260869565217391,0.022388059701492536
sig_rs_intact,👑Z1G-CROWN,88,308,41,122,0.375,0.41883116883116883
sig_rs_intact,🧲Z9-HL,23,127,17,48,0.30434782608695654,0.4015748031496063
sig_rs_intact,🧺SEQ-20,105,166,79,118,0.05714285714285714,0.05421686746987952
¬sig_rs_intact,Atomic,13617,8658,1140,902,0.013659396342806785,0.015361515361515362
¬sig_rs_intact,Atomic-R,92,58,61,39,0.043478260869565216,0.15517241379310345
¬sig_rs_intact,D+L1,2075,945,703,406,0.02216867469879518,0.033862433862433865
¬sig_rs_intact,Engulf-Abs,527,83,237,57,0.18785578747628084,0.12048192771084337
¬sig_rs_intact,FailedBear-Turn,140,39,106,36,0.05714285714285714,0.05128205128205128
¬sig_rs_intact,G3+RL,612,202,205,109,0.08006535947712418,0.054455445544554455
¬sig_rs_intact,G3-Abs,151,50,111,36,0.039735099337748346,0.14
¬sig_rs_intact,G3-gap,5467,1653,978,383,0.02743735138101335,0.0514216575922565
¬sig_rs_intact,G3→G3,3181,2146,805,640,0.034580320653882425,0.033550792171481825
¬sig_rs_intact,G3→G3→RL,286,109,109,41,0.2902097902097902,0.3669724770642202
¬sig_rs_intact,G3→L46 🕐,6898,3754,1068,785,0.024644824586836766,0.02743740010655301
¬sig_rs_intact,HighBase-15mDip,2707,4372,745,883,0.009604728481714075,0.014181152790484904
¬sig_rs_intact,L34camp→REV,181,38,146,30,0.027624309392265192,0.07894736842105263
¬sig_rs_intact,L43-TRIPLE,765,169,291,72,0.06535947712418301,0.07692307692307693
¬sig_rs_intact,ND→SC→L46 🕐,122,26,77,12,0.12295081967213115,0.3076923076923077
¬sig_rs_intact,NS→SC,281,38,168,30,0.06761565836298933,0.10526315789473684
¬sig_rs_intact,P55,11609,4947,1184,931,0.008958566629339306,0.016171417020416416
¬sig_rs_intact,Parabola,19600,29702,1202,1144,0.005459183673469388,0.004511480708369806
¬sig_rs_intact,QZ-Capit,5214,1543,1057,580,0.01802838511699271,0.018794556059624108
¬sig_rs_intact,QZ-Capit-Rev,29010,7273,1253,942,0.010961737331954498,0.011549566891241578
¬sig_rs_intact,RTB-Base,17188,2668,1248,588,0.009367000232720503,0.025112443778110945
¬sig_rs_intact,Spring,1132,145,576,93,0.012367491166077738,0.05517241379310345
¬sig_rs_intact,T1-CapBounce,120,25,104,22,0.025,0.08
¬sig_rs_intact,Washout,12515,1568,1168,432,0.016060727127447064,0.05357142857142857
¬sig_rs_intact,Z-Absorb-Turn,24,9,22,9,0.08333333333333333,0.1111111111111111
¬sig_rs_intact,Z11-T11,278,57,143,35,0.07194244604316546,0.14035087719298245
¬sig_rs_intact,ZRT,1652,517,586,252,0.021791767554479417,0.0425531914893617
¬sig_rs_intact,ZRT🟢,8,4,7,4,0.25,0.25
¬sig_rs_intact,Zone-Retest,49696,15084,1279,1091,0.008048937540244688,0.01213206046141607
¬sig_rs_intact,ppr×NS,1117,588,488,326,0.02954341987466428,0.027210884353741496
¬sig_rs_intact,⚡G3-Abs,4,1,4,1,0.25,1.0
¬sig_rs_intact,🌉Z1G→T4,61,14,27,14,0.3114754098360656,0.07142857142857142
¬sig_rs_intact,🌉v2 Z1G→T3/T6,60,15,28,13,0.35,0.2
¬sig_rs_intact,🎯Cluster,387,232,230,163,0.025839793281653745,0.034482758620689655
¬sig_rs_intact,🎯Confluence,1,1,1,1,1.0,1.0
¬sig_rs_intact,🎯Confluence≥3,1378,261,605,162,0.03193033381712627,0.038314176245210725
¬sig_rs_intact,🎯Confluence≥4,142,27,109,25,0.1056338028169014,0.07407407407407407
¬sig_rs_intact,🏆L34→L34,134,92,114,74,0.022388059701492536,0.03260869565217391
¬sig_rs_intact,👑Z1G-CROWN,308,88,122,41,0.41883116883116883,0.375
¬sig_rs_intact,🧲Z9-HL,127,23,48,17,0.4015748031496063,0.30434782608695654
¬sig_rs_intact,🧺SEQ-20,166,105,118,79,0.05421686746987952,0.05714285714285714
sig_conso,Atomic,16332,5943,1161,859,0.01414401175606172,0.020023557126030624
sig_conso,Atomic-R,112,38,73,26,0.07142857142857142,0.10526315789473684
sig_conso,D+L1,2773,247,781,170,0.015146051208077894,0.05668016194331984
sig_conso,Engulf-Abs,212,398,155,149,0.0330188679245283,0.2663316582914573
sig_conso,FailedBear-Turn,141,38,113,30,0.04964539007092199,0.07894736842105263
sig_conso,G3+RL,589,225,211,101,0.0831918505942275,0.07555555555555556
sig_conso,G3-Abs,134,67,97,51,0.07462686567164178,0.07462686567164178
sig_conso,G3-gap,4904,2216,891,535,0.03364600326264274,0.03203971119133574
sig_conso,G3→G3,3652,1675,858,597,0.03477546549835706,0.056119402985074625
sig_conso,G3→G3→RL,167,228,79,71,0.17964071856287425,0.40789473684210525
sig_conso,G3→L46 🕐,7898,2754,1067,769,0.02557609521397822,0.02578068264342774
sig_conso,HighBase-15mDip,6107,972,1016,492,0.01015228426395939,0.01440329218106996
sig_conso,L34camp→REV,118,101,99,84,0.025423728813559324,0.039603960396039604
sig_conso,L43-TRIPLE,479,455,194,186,0.05219206680584551,0.10329670329670329
sig_conso,ND→SC→L46 🕐,93,55,65,23,0.053763440860215055,0.32727272727272727
sig_conso,NS→SC,187,132,121,89,0.08021390374331551,0.14393939393939395
sig_conso,P55,14635,1921,1258,724,0.007106252135292108,0.015616866215512754
sig_conso,Parabola,38350,10952,1273,1217,0.004823989569752282,0.00547845142439737
sig_conso,QZ-Capit,4047,2710,979,807,0.015814183345688165,0.016605166051660517
sig_conso,QZ-Capit-Rev,26669,9614,1246,1129,0.010274101016161085,0.012065737466195133
sig_conso,RTB-Base,17678,2178,1223,803,0.009107365086548252,0.008723599632690543
sig_conso,Spring,820,457,496,264,0.01097560975609756,0.024070021881838075
sig_conso,T1-CapBounce,98,47,89,42,0.030612244897959183,0.0425531914893617
sig_conso,Washout,5689,8394,937,1073,0.020390226753383724,0.02013342863950441
sig_conso,Z-Absorb-Turn,28,5,27,5,0.07142857142857142,0.2
sig_conso,Z11-T11,209,126,122,67,0.08133971291866028,0.1111111111111111
sig_conso,ZRT,1658,511,576,279,0.025934861278648975,0.03913894324853229
sig_conso,ZRT🟢,11,1,10,1,0.18181818181818182,1.0
sig_conso,Zone-Retest,44519,20261,1275,1235,0.004986634919921831,0.021617886580129312
sig_conso,coil_floor,210,183,127,117,0.06666666666666667,0.03825136612021858
sig_conso,g3g3rl,1,4,1,3,1.0,0.5
sig_conso,ppr×NS,1483,222,585,151,0.01820633850303439,0.05405405405405406
sig_conso,⚡G3-Abs,2,3,2,3,0.5,0.3333333333333333
sig_conso,🌀Engulf-AbsRev,1709,231,639,170,0.012287887653598596,0.021645021645021644
sig_conso,🌉Z1G→T4,33,42,26,15,0.12121212121212122,0.4523809523809524
sig_conso,🌉v2 Z1G→T3/T6,34,41,28,14,0.11764705882352941,0.5121951219512195
sig_conso,🎬StopVol-Confirm,818,395,453,264,0.018337408312958436,0.017721518987341773
sig_conso,🎯Cluster,293,326,216,187,0.023890784982935155,0.03374233128834356
sig_conso,🎯Confluence≥3,938,701,487,337,0.01812366737739872,0.06562054208273894
sig_conso,🎯Confluence≥4,94,75,86,55,0.031914893617021274,0.2
sig_conso,🎯T1-RS-Dip,366,339,212,187,0.03551912568306011,0.029498525073746312
sig_conso,🎯T3-RS-Dip,979,390,419,208,0.026557711950970377,0.028205128205128206
sig_conso,🏆L34→L34,187,39,146,36,0.0213903743315508,0.07692307692307693
sig_conso,👑Z1G-CROWN,163,233,106,62,0.08588957055214724,0.6351931330472103
sig_conso,📐RSI-Div,695,189,311,113,0.03597122302158273,0.047619047619047616
sig_conso,🔄DualReclaim,346,464,179,225,0.031791907514450865,0.034482758620689655
sig_conso,🔄DualReclaim deep,53,78,43,57,0.05660377358490566,0.07692307692307693
sig_conso,🥪T2G-Sandwich,80,88,69,68,0.0375,0.06818181818181818
sig_conso,🧊Coil-Floor,4307,911,830,379,0.014395170652426282,0.03512623490669594
sig_conso,🧲Z9-HL,51,99,43,22,0.058823529411764705,0.5656565656565656
sig_conso,🧺SEQ-20,179,92,133,65,0.03910614525139665,0.10869565217391304
sig_conso,🪨T1G-NB,194,64,153,60,0.030927835051546393,0.046875
¬sig_conso,Atomic,5943,16332,859,1161,0.020023557126030624,0.01414401175606172
¬sig_conso,Atomic-R,38,112,26,73,0.10526315789473684,0.07142857142857142
¬sig_conso,D+L1,247,2773,170,781,0.05668016194331984,0.015146051208077894
¬sig_conso,Engulf-Abs,398,212,149,155,0.2663316582914573,0.0330188679245283
¬sig_conso,FailedBear-Turn,38,141,30,113,0.07894736842105263,0.04964539007092199
¬sig_conso,G3+RL,225,589,101,211,0.07555555555555556,0.0831918505942275
¬sig_conso,G3-Abs,67,134,51,97,0.07462686567164178,0.07462686567164178
¬sig_conso,G3-gap,2216,4904,535,891,0.03203971119133574,0.03364600326264274
¬sig_conso,G3→G3,1675,3652,597,858,0.056119402985074625,0.03477546549835706
¬sig_conso,G3→G3→RL,228,167,71,79,0.40789473684210525,0.17964071856287425
¬sig_conso,G3→L46 🕐,2754,7898,769,1067,0.02578068264342774,0.02557609521397822
¬sig_conso,HighBase-15mDip,972,6107,492,1016,0.01440329218106996,0.01015228426395939
¬sig_conso,L34camp→REV,101,118,84,99,0.039603960396039604,0.025423728813559324
¬sig_conso,L43-TRIPLE,455,479,186,194,0.10329670329670329,0.05219206680584551
¬sig_conso,ND→SC→L46 🕐,55,93,23,65,0.32727272727272727,0.053763440860215055
¬sig_conso,NS→SC,132,187,89,121,0.14393939393939395,0.08021390374331551
¬sig_conso,P55,1921,14635,724,1258,0.015616866215512754,0.007106252135292108
¬sig_conso,Parabola,10952,38350,1217,1273,0.00547845142439737,0.004823989569752282
¬sig_conso,QZ-Capit,2710,4047,807,979,0.016605166051660517,0.015814183345688165
¬sig_conso,QZ-Capit-Rev,9614,26669,1129,1246,0.012065737466195133,0.010274101016161085
¬sig_conso,RTB-Base,2178,17678,803,1223,0.008723599632690543,0.009107365086548252
¬sig_conso,Spring,457,820,264,496,0.024070021881838075,0.01097560975609756
¬sig_conso,T1-CapBounce,47,98,42,89,0.0425531914893617,0.030612244897959183
¬sig_conso,Washout,8394,5689,1073,937,0.02013342863950441,0.020390226753383724
¬sig_conso,Z-Absorb-Turn,5,28,5,27,0.2,0.07142857142857142
¬sig_conso,Z11-T11,126,209,67,122,0.1111111111111111,0.08133971291866028
¬sig_conso,ZRT,511,1658,279,576,0.03913894324853229,0.025934861278648975
¬sig_conso,ZRT🟢,1,11,1,10,1.0,0.18181818181818182
¬sig_conso,Zone-Retest,20261,44519,1235,1275,0.021617886580129312,0.004986634919921831
¬sig_conso,coil_floor,183,210,117,127,0.03825136612021858,0.06666666666666667
¬sig_conso,g3g3rl,4,1,3,1,0.5,1.0
¬sig_conso,ppr×NS,222,1483,151,585,0.05405405405405406,0.01820633850303439
¬sig_conso,⚡G3-Abs,3,2,3,2,0.3333333333333333,0.5
¬sig_conso,🌀Engulf-AbsRev,231,1709,170,639,0.021645021645021644,0.012287887653598596
¬sig_conso,🌉Z1G→T4,42,33,15,26,0.4523809523809524,0.12121212121212122
¬sig_conso,🌉v2 Z1G→T3/T6,41,34,14,28,0.5121951219512195,0.11764705882352941
¬sig_conso,🎬StopVol-Confirm,395,818,264,453,0.017721518987341773,0.018337408312958436
¬sig_conso,🎯Cluster,326,293,187,216,0.03374233128834356,0.023890784982935155
¬sig_conso,🎯Confluence≥3,701,938,337,487,0.06562054208273894,0.01812366737739872
¬sig_conso,🎯Confluence≥4,75,94,55,86,0.2,0.031914893617021274
¬sig_conso,🎯T1-RS-Dip,339,366,187,212,0.029498525073746312,0.03551912568306011
¬sig_conso,🎯T3-RS-Dip,390,979,208,419,0.028205128205128206,0.026557711950970377
¬sig_conso,🏆L34→L34,39,187,36,146,0.07692307692307693,0.0213903743315508
¬sig_conso,👑Z1G-CROWN,233,163,62,106,0.6351931330472103,0.08588957055214724
¬sig_conso,📐RSI-Div,189,695,113,311,0.047619047619047616,0.03597122302158273
¬sig_conso,🔄DualReclaim,464,346,225,179,0.034482758620689655,0.031791907514450865
¬sig_conso,🔄DualReclaim deep,78,53,57,43,0.07692307692307693,0.05660377358490566
¬sig_conso,🥪T2G-Sandwich,88,80,68,69,0.06818181818181818,0.0375
¬sig_conso,🧊Coil-Floor,911,4307,379,830,0.03512623490669594,0.014395170652426282
¬sig_conso,🧲Z9-HL,99,51,22,43,0.5656565656565656,0.058823529411764705
¬sig_conso,🧺SEQ-20,92,179,65,133,0.10869565217391304,0.03910614525139665
¬sig_conso,🪨T1G-NB,64,194,60,153,0.046875,0.030927835051546393
sig_lead_in_lag,Atomic,2624,19651,580,1203,0.018673780487804877,0.013739758790901226
sig_lead_in_lag,Atomic-R,16,134,13,80,0.1875,0.07462686567164178
sig_lead_in_lag,D+L1,377,2643,229,772,0.026525198938992044,0.02043132803632236
sig_lead_in_lag,Engulf-Abs,37,573,35,249,0.05405405405405406,0.18848167539267016
sig_lead_in_lag,FailedBear-Turn,19,160,18,119,0.10526315789473684,0.05
sig_lead_in_lag,G3+RL,70,744,46,245,0.08571428571428572,0.06586021505376344
sig_lead_in_lag,G3-Abs,20,181,18,121,0.1,0.06077348066298342
sig_lead_in_lag,G3-gap,671,6449,218,1001,0.05961251862891207,0.031787874089006046
sig_lead_in_lag,G3→G3,568,4759,276,953,0.06338028169014084,0.03509140575751208
sig_lead_in_lag,G3→G3→RL,39,356,18,124,0.358974358974359,0.3061797752808989
sig_lead_in_lag,G3→L46 🕐,1104,9548,430,1140,0.029891304347826088,0.027545035609551738
sig_lead_in_lag,HighBase-15mDip,1509,5570,554,1003,0.02253147779986746,0.010412926391382405
sig_lead_in_lag,L34camp→REV,13,206,12,156,0.15384615384615385,0.02912621359223301
sig_lead_in_lag,L43-TRIPLE,93,841,47,302,0.12903225806451613,0.06896551724137931
sig_lead_in_lag,ND→SC→L46 🕐,10,138,4,81,0.4,0.13768115942028986
sig_lead_in_lag,NS→SC,16,303,14,176,0.1875,0.07590759075907591
sig_lead_in_lag,P55,1881,14675,668,1254,0.014885699096225412,0.007086882453151619
sig_lead_in_lag,Parabola,7837,41465,1021,1278,0.010207987750414699,0.004099843241287833
sig_lead_in_lag,QZ-Capit,689,6068,360,1083,0.023222060957910014,0.015491100856954515
sig_lead_in_lag,QZ-Capit-Rev,3256,33027,739,1256,0.012592137592137592,0.011324068186635177
sig_lead_in_lag,RTB-Base,1176,18680,430,1249,0.026360544217687076,0.008618843683083511
sig_lead_in_lag,Spring,75,1202,55,586,0.09333333333333334,0.012479201331114808
sig_lead_in_lag,T1-CapBounce,12,133,12,111,0.08333333333333333,0.03007518796992481
sig_lead_in_lag,Washout,757,13326,298,1178,0.03963011889035667,0.019135524538496172
sig_lead_in_lag,Z-Absorb-Turn,7,26,7,24,0.14285714285714285,0.07692307692307693
sig_lead_in_lag,Z11-T11,28,307,18,156,0.21428571428571427,0.08469055374592833
sig_lead_in_lag,ZRT,222,1947,139,629,0.05855855855855856,0.02465331278890601
sig_lead_in_lag,ZRT🟢,3,9,3,8,0.3333333333333333,0.2222222222222222
sig_lead_in_lag,Zone-Retest,6765,58015,949,1283,0.01359940872135994,0.00844609152805309
sig_lead_in_lag,coil_floor,177,216,116,124,0.03389830508474576,0.0787037037037037
sig_lead_in_lag,engulf_absorb_rev,2,1,2,1,0.5,1.0
sig_lead_in_lag,ppr×NS,200,1505,142,589,0.035,0.021926910299003323
sig_lead_in_lag,🌀Engulf-AbsRev,733,1207,388,534,0.023192360163710776,0.015741507870753936
sig_lead_in_lag,🌉Z1G→T4,7,68,7,31,0.14285714285714285,0.29411764705882354
sig_lead_in_lag,🌉v2 Z1G→T3/T6,1,74,1,38,1.0,0.28378378378378377
sig_lead_in_lag,🎬StopVol-Confirm,392,821,238,455,0.02806122448979592,0.018270401948842874
sig_lead_in_lag,🎯Cluster,105,514,85,293,0.02857142857142857,0.029182879377431907
sig_lead_in_lag,🎯Confluence≥3,141,1498,100,622,0.05673758865248227,0.03137516688918558
sig_lead_in_lag,🎯Confluence≥4,16,153,15,117,0.125,0.09803921568627451
sig_lead_in_lag,🎯T1-RS-Dip,325,380,204,207,0.03076923076923077,0.04473684210526316
sig_lead_in_lag,🎯T3-RS-Dip,608,761,313,325,0.04276315789473684,0.02890932982917214
sig_lead_in_lag,🏆L34→L34,24,202,22,153,0.08333333333333333,0.024752475247524754
sig_lead_in_lag,👑Z1G-CROWN,23,373,12,142,0.43478260869565216,0.4075067024128686
sig_lead_in_lag,📐RSI-Div,362,522,210,234,0.06906077348066299,0.04597701149425287
sig_lead_in_lag,🔄DualReclaim,395,415,198,205,0.035443037974683546,0.03614457831325301
sig_lead_in_lag,🔄DualReclaim deep,63,68,50,53,0.07936507936507936,0.07352941176470588
sig_lead_in_lag,🥪T2G-Sandwich,32,136,30,105,0.0625,0.04411764705882353
sig_lead_in_lag,🧊Coil-Floor,2440,2778,720,636,0.015163934426229509,0.016918646508279338
sig_lead_in_lag,🧲Z9-HL,13,137,11,54,0.23076923076923078,0.40145985401459855
sig_lead_in_lag,🧺SEQ-20,34,237,29,156,0.11764705882352941,0.04219409282700422
sig_lead_in_lag,🪨T1G-NB,89,169,77,132,0.033707865168539325,0.03550295857988166
¬sig_lead_in_lag,Atomic,19651,2624,1203,580,0.013739758790901226,0.018673780487804877
¬sig_lead_in_lag,Atomic-R,134,16,80,13,0.07462686567164178,0.1875
¬sig_lead_in_lag,D+L1,2643,377,772,229,0.02043132803632236,0.026525198938992044
¬sig_lead_in_lag,Engulf-Abs,573,37,249,35,0.18848167539267016,0.05405405405405406
¬sig_lead_in_lag,FailedBear-Turn,160,19,119,18,0.05,0.10526315789473684
¬sig_lead_in_lag,G3+RL,744,70,245,46,0.06586021505376344,0.08571428571428572
¬sig_lead_in_lag,G3-Abs,181,20,121,18,0.06077348066298342,0.1
¬sig_lead_in_lag,G3-gap,6449,671,1001,218,0.031787874089006046,0.05961251862891207
¬sig_lead_in_lag,G3→G3,4759,568,953,276,0.03509140575751208,0.06338028169014084
¬sig_lead_in_lag,G3→G3→RL,356,39,124,18,0.3061797752808989,0.358974358974359
¬sig_lead_in_lag,G3→L46 🕐,9548,1104,1140,430,0.027545035609551738,0.029891304347826088
¬sig_lead_in_lag,HighBase-15mDip,5570,1509,1003,554,0.010412926391382405,0.02253147779986746
¬sig_lead_in_lag,L34camp→REV,206,13,156,12,0.02912621359223301,0.15384615384615385
¬sig_lead_in_lag,L43-TRIPLE,841,93,302,47,0.06896551724137931,0.12903225806451613
¬sig_lead_in_lag,ND→SC→L46 🕐,138,10,81,4,0.13768115942028986,0.4
¬sig_lead_in_lag,NS→SC,303,16,176,14,0.07590759075907591,0.1875
¬sig_lead_in_lag,P55,14675,1881,1254,668,0.007086882453151619,0.014885699096225412
¬sig_lead_in_lag,Parabola,41465,7837,1278,1021,0.004099843241287833,0.010207987750414699
¬sig_lead_in_lag,QZ-Capit,6068,689,1083,360,0.015491100856954515,0.023222060957910014
¬sig_lead_in_lag,QZ-Capit-Rev,33027,3256,1256,739,0.011324068186635177,0.012592137592137592
¬sig_lead_in_lag,RTB-Base,18680,1176,1249,430,0.008618843683083511,0.026360544217687076
¬sig_lead_in_lag,Spring,1202,75,586,55,0.012479201331114808,0.09333333333333334
¬sig_lead_in_lag,T1-CapBounce,133,12,111,12,0.03007518796992481,0.08333333333333333
¬sig_lead_in_lag,Washout,13326,757,1178,298,0.019135524538496172,0.03963011889035667
¬sig_lead_in_lag,Z-Absorb-Turn,26,7,24,7,0.07692307692307693,0.14285714285714285
¬sig_lead_in_lag,Z11-T11,307,28,156,18,0.08469055374592833,0.21428571428571427
¬sig_lead_in_lag,ZRT,1947,222,629,139,0.02465331278890601,0.05855855855855856
¬sig_lead_in_lag,ZRT🟢,9,3,8,3,0.2222222222222222,0.3333333333333333
¬sig_lead_in_lag,Zone-Retest,58015,6765,1283,949,0.00844609152805309,0.01359940872135994
¬sig_lead_in_lag,coil_floor,216,177,124,116,0.0787037037037037,0.03389830508474576
¬sig_lead_in_lag,engulf_absorb_rev,1,2,1,2,1.0,0.5
¬sig_lead_in_lag,ppr×NS,1505,200,589,142,0.021926910299003323,0.035
¬sig_lead_in_lag,🌀Engulf-AbsRev,1207,733,534,388,0.015741507870753936,0.023192360163710776
¬sig_lead_in_lag,🌉Z1G→T4,68,7,31,7,0.29411764705882354,0.14285714285714285
¬sig_lead_in_lag,🌉v2 Z1G→T3/T6,74,1,38,1,0.28378378378378377,1.0
¬sig_lead_in_lag,🎬StopVol-Confirm,821,392,455,238,0.018270401948842874,0.02806122448979592
¬sig_lead_in_lag,🎯Cluster,514,105,293,85,0.029182879377431907,0.02857142857142857
¬sig_lead_in_lag,🎯Confluence≥3,1498,141,622,100,0.03137516688918558,0.05673758865248227
¬sig_lead_in_lag,🎯Confluence≥4,153,16,117,15,0.09803921568627451,0.125
¬sig_lead_in_lag,🎯T1-RS-Dip,380,325,207,204,0.04473684210526316,0.03076923076923077
¬sig_lead_in_lag,🎯T3-RS-Dip,761,608,325,313,0.02890932982917214,0.04276315789473684
¬sig_lead_in_lag,🏆L34→L34,202,24,153,22,0.024752475247524754,0.08333333333333333
¬sig_lead_in_lag,👑Z1G-CROWN,373,23,142,12,0.4075067024128686,0.43478260869565216
¬sig_lead_in_lag,📐RSI-Div,522,362,234,210,0.04597701149425287,0.06906077348066299
¬sig_lead_in_lag,🔄DualReclaim,415,395,205,198,0.03614457831325301,0.035443037974683546
¬sig_lead_in_lag,🔄DualReclaim deep,68,63,53,50,0.07352941176470588,0.07936507936507936
¬sig_lead_in_lag,🥪T2G-Sandwich,136,32,105,30,0.04411764705882353,0.0625
¬sig_lead_in_lag,🧊Coil-Floor,2778,2440,636,720,0.016918646508279338,0.015163934426229509
¬sig_lead_in_lag,🧲Z9-HL,137,13,54,11,0.40145985401459855,0.23076923076923078
¬sig_lead_in_lag,🧺SEQ-20,237,34,156,29,0.04219409282700422,0.11764705882352941
¬sig_lead_in_lag,🪨T1G-NB,169,89,132,77,0.03550295857988166,0.033707865168539325
sig_h1_dr,Atomic,2909,19366,577,1195,0.026813337916809902,0.013735412578746256
sig_h1_dr,Atomic-R,36,114,25,71,0.25,0.03508771929824561
sig_h1_dr,D+L1,334,2686,199,778,0.05089820359281437,0.020476545048399106
sig_h1_dr,Engulf-Abs,52,558,35,251,0.17307692307692307,0.17921146953405018
sig_h1_dr,FailedBear-Turn,28,151,26,114,0.07142857142857142,0.052980132450331126
sig_h1_dr,G3+RL,113,701,68,235,0.07964601769911504,0.06990014265335236
sig_h1_dr,G3-Abs,20,181,11,126,0.35,0.03867403314917127
sig_h1_dr,G3-gap,1070,6050,262,997,0.07663551401869159,0.024793388429752067
sig_h1_dr,G3→G3,651,4676,237,971,0.10138248847926268,0.031009409751924722
sig_h1_dr,G3→G3→RL,82,313,31,119,0.4634146341463415,0.2715654952076677
sig_h1_dr,G3→L46 🕐,969,9683,369,1135,0.033023735810113516,0.028193741609005472
sig_h1_dr,HighBase-15mDip,2179,4900,641,974,0.01973382285452042,0.013265306122448979
sig_h1_dr,L34camp→REV,13,206,11,158,0.15384615384615385,0.02912621359223301
sig_h1_dr,L43-TRIPLE,122,812,52,299,0.09836065573770492,0.06280788177339902
sig_h1_dr,ND→SC→L46 🕐,2,146,2,83,0.5,0.1506849315068493
sig_h1_dr,NS→SC,3,316,2,183,0.6666666666666666,0.07278481012658228
sig_h1_dr,P55,1311,15245,492,1254,0.04958047292143402,0.006821908822564776
sig_h1_dr,Parabola,4202,45100,833,1274,0.012613041408852927,0.004523281596452328
sig_h1_dr,QZ-Capit,911,5846,422,1083,0.014270032930845226,0.016079370509750255
sig_h1_dr,QZ-Capit-Rev,3815,32468,800,1257,0.01363040629095675,0.010718245657262536
sig_h1_dr,RTB-Base,1484,18372,431,1249,0.04177897574123989,0.008763335510559547
sig_h1_dr,Spring,63,1214,44,593,0.07936507936507936,0.012355848434925865
sig_h1_dr,T1-CapBounce,14,131,13,110,0.14285714285714285,0.030534351145038167
sig_h1_dr,Washout,1148,12935,351,1171,0.029616724738675958,0.019404715887127947
sig_h1_dr,Z-Absorb-Turn,1,32,1,30,1.0,0.0625
sig_h1_dr,Z11-T11,36,299,22,150,0.2222222222222222,0.06688963210702341
sig_h1_dr,ZRT,107,2062,82,641,0.06542056074766354,0.024733268671193017
sig_h1_dr,ZRT🟢,2,10,2,9,0.5,0.2
sig_h1_dr,Zone-Retest,8647,56133,986,1283,0.013877645426159362,0.007998859850711703
sig_h1_dr,coil_floor,200,193,125,116,0.065,0.03626943005181347
sig_h1_dr,engulf_absorb_rev,1,2,1,2,1.0,0.5
sig_h1_dr,ppr×NS,217,1488,148,588,0.041474654377880185,0.02217741935483871
sig_h1_dr,⚡G3-Abs,1,4,1,4,1.0,0.25
sig_h1_dr,🌀Engulf-AbsRev,432,1508,260,595,0.02546296296296296,0.015251989389920425
sig_h1_dr,🌉Z1G→T4,6,69,6,33,0.16666666666666666,0.2753623188405797
sig_h1_dr,🎬StopVol-Confirm,485,728,304,419,0.020618556701030927,0.016483516483516484
sig_h1_dr,🎯Cluster,78,541,60,305,0.10256410256410256,0.027726432532347505
sig_h1_dr,🎯Confluence≥3,88,1551,68,624,0.045454545454545456,0.03159252095422308
sig_h1_dr,🎯Confluence≥4,10,159,10,122,0.1,0.09433962264150944
sig_h1_dr,🎯T1-RS-Dip,348,357,204,201,0.04885057471264368,0.047619047619047616
sig_h1_dr,🎯T3-RS-Dip,821,548,356,295,0.03532277710109622,0.023722627737226276
sig_h1_dr,🏆L34→L34,2,224,2,168,0.5,0.022321428571428572
sig_h1_dr,👑Z1G-CROWN,55,341,19,140,0.5818181818181818,0.3812316715542522
sig_h1_dr,📐RSI-Div,22,862,20,350,0.09090909090909091,0.0382830626450116
sig_h1_dr,🔄DualReclaim,459,351,227,177,0.026143790849673203,0.045584045584045586
sig_h1_dr,🔄DualReclaim deep,88,43,63,38,0.06818181818181818,0.046511627906976744
sig_h1_dr,🥪T2G-Sandwich,1,167,1,123,1.0,0.041916167664670656
sig_h1_dr,🧊Coil-Floor,2574,2644,687,709,0.015151515151515152,0.02118003025718608
sig_h1_dr,🧺SEQ-20,7,264,7,170,0.14285714285714285,0.041666666666666664
sig_h1_dr,🪨T1G-NB,26,232,24,179,0.11538461538461539,0.02586206896551724
¬sig_h1_dr,Atomic,19366,2909,1195,577,0.013735412578746256,0.026813337916809902
¬sig_h1_dr,Atomic-R,114,36,71,25,0.03508771929824561,0.25
¬sig_h1_dr,D+L1,2686,334,778,199,0.020476545048399106,0.05089820359281437
¬sig_h1_dr,Engulf-Abs,558,52,251,35,0.17921146953405018,0.17307692307692307
¬sig_h1_dr,FailedBear-Turn,151,28,114,26,0.052980132450331126,0.07142857142857142
¬sig_h1_dr,G3+RL,701,113,235,68,0.06990014265335236,0.07964601769911504
¬sig_h1_dr,G3-Abs,181,20,126,11,0.03867403314917127,0.35
¬sig_h1_dr,G3-gap,6050,1070,997,262,0.024793388429752067,0.07663551401869159
¬sig_h1_dr,G3→G3,4676,651,971,237,0.031009409751924722,0.10138248847926268
¬sig_h1_dr,G3→G3→RL,313,82,119,31,0.2715654952076677,0.4634146341463415
¬sig_h1_dr,G3→L46 🕐,9683,969,1135,369,0.028193741609005472,0.033023735810113516
¬sig_h1_dr,HighBase-15mDip,4900,2179,974,641,0.013265306122448979,0.01973382285452042
¬sig_h1_dr,L34camp→REV,206,13,158,11,0.02912621359223301,0.15384615384615385
¬sig_h1_dr,L43-TRIPLE,812,122,299,52,0.06280788177339902,0.09836065573770492
¬sig_h1_dr,ND→SC→L46 🕐,146,2,83,2,0.1506849315068493,0.5
¬sig_h1_dr,NS→SC,316,3,183,2,0.07278481012658228,0.6666666666666666
¬sig_h1_dr,P55,15245,1311,1254,492,0.006821908822564776,0.04958047292143402
¬sig_h1_dr,Parabola,45100,4202,1274,833,0.004523281596452328,0.012613041408852927
¬sig_h1_dr,QZ-Capit,5846,911,1083,422,0.016079370509750255,0.014270032930845226
¬sig_h1_dr,QZ-Capit-Rev,32468,3815,1257,800,0.010718245657262536,0.01363040629095675
¬sig_h1_dr,RTB-Base,18372,1484,1249,431,0.008763335510559547,0.04177897574123989
¬sig_h1_dr,Spring,1214,63,593,44,0.012355848434925865,0.07936507936507936
¬sig_h1_dr,T1-CapBounce,131,14,110,13,0.030534351145038167,0.14285714285714285
¬sig_h1_dr,Washout,12935,1148,1171,351,0.019404715887127947,0.029616724738675958
¬sig_h1_dr,Z-Absorb-Turn,32,1,30,1,0.0625,1.0
¬sig_h1_dr,Z11-T11,299,36,150,22,0.06688963210702341,0.2222222222222222
¬sig_h1_dr,ZRT,2062,107,641,82,0.024733268671193017,0.06542056074766354
¬sig_h1_dr,ZRT🟢,10,2,9,2,0.2,0.5
¬sig_h1_dr,Zone-Retest,56133,8647,1283,986,0.007998859850711703,0.013877645426159362
¬sig_h1_dr,coil_floor,193,200,116,125,0.03626943005181347,0.065
¬sig_h1_dr,engulf_absorb_rev,2,1,2,1,0.5,1.0
¬sig_h1_dr,ppr×NS,1488,217,588,148,0.02217741935483871,0.041474654377880185
¬sig_h1_dr,⚡G3-Abs,4,1,4,1,0.25,1.0
¬sig_h1_dr,🌀Engulf-AbsRev,1508,432,595,260,0.015251989389920425,0.02546296296296296
¬sig_h1_dr,🌉Z1G→T4,69,6,33,6,0.2753623188405797,0.16666666666666666
¬sig_h1_dr,🎬StopVol-Confirm,728,485,419,304,0.016483516483516484,0.020618556701030927
¬sig_h1_dr,🎯Cluster,541,78,305,60,0.027726432532347505,0.10256410256410256
¬sig_h1_dr,🎯Confluence≥3,1551,88,624,68,0.03159252095422308,0.045454545454545456
¬sig_h1_dr,🎯Confluence≥4,159,10,122,10,0.09433962264150944,0.1
¬sig_h1_dr,🎯T1-RS-Dip,357,348,201,204,0.047619047619047616,0.04885057471264368
¬sig_h1_dr,🎯T3-RS-Dip,548,821,295,356,0.023722627737226276,0.03532277710109622
¬sig_h1_dr,🏆L34→L34,224,2,168,2,0.022321428571428572,0.5
¬sig_h1_dr,👑Z1G-CROWN,341,55,140,19,0.3812316715542522,0.5818181818181818
¬sig_h1_dr,📐RSI-Div,862,22,350,20,0.0382830626450116,0.09090909090909091
¬sig_h1_dr,🔄DualReclaim,351,459,177,227,0.045584045584045586,0.026143790849673203
¬sig_h1_dr,🔄DualReclaim deep,43,88,38,63,0.046511627906976744,0.06818181818181818
¬sig_h1_dr,🥪T2G-Sandwich,167,1,123,1,0.041916167664670656,1.0
¬sig_h1_dr,🧊Coil-Floor,2644,2574,709,687,0.02118003025718608,0.015151515151515152
¬sig_h1_dr,🧺SEQ-20,264,7,170,7,0.041666666666666664,0.14285714285714285
¬sig_h1_dr,🪨T1G-NB,232,26,179,24,0.02586206896551724,0.11538461538461539
sig_macro_vix_up,Atomic,4471,17804,190,1024,0.05546857526280474,0.016625477420804315
sig_macro_vix_up,Atomic-R,43,107,28,57,0.11627906976744186,0.11214953271028037
sig_macro_vix_up,D+L1,546,2474,131,680,0.07142857142857142,0.02263540824575586
sig_macro_vix_up,Engulf-Abs,203,407,66,198,0.1724137931034483,0.2678132678132678
sig_macro_vix_up,FailedBear-Turn,44,135,34,99,0.09090909090909091,0.05925925925925926
sig_macro_vix_up,G3+RL,163,651,62,203,0.11042944785276074,0.07526881720430108
sig_macro_vix_up,G3-Abs,34,167,27,104,0.11764705882352941,0.0658682634730539
sig_macro_vix_up,G3-gap,1823,5297,184,832,0.117937465715853,0.03284878232962054
sig_macro_vix_up,G3→G3,903,4424,162,836,0.13510520487264674,0.039783001808318265
sig_macro_vix_up,G3→G3→RL,115,280,37,93,0.24347826086956523,0.4392857142857143
sig_macro_vix_up,G3→L46 🕐,1880,8772,186,967,0.09148936170212765,0.03112175102599179
sig_macro_vix_up,HighBase-15mDip,1640,5439,181,883,0.046341463414634146,0.012134583563154992
sig_macro_vix_up,L34camp→REV,29,190,19,144,0.13793103448275862,0.031578947368421054
sig_macro_vix_up,L43-TRIPLE,169,765,57,253,0.1242603550295858,0.0784313725490196
sig_macro_vix_up,ND→SC→L46 🕐,10,138,9,74,0.2,0.16666666666666666
sig_macro_vix_up,NS→SC,21,298,17,167,0.09523809523809523,0.07718120805369127
sig_macro_vix_up,P55,2445,14111,206,1059,0.03353783231083845,0.0073701367727304935
sig_macro_vix_up,Parabola,7067,42235,209,1070,0.019102872506013866,0.005185272877944833
sig_macro_vix_up,QZ-Capit,1797,4960,200,908,0.035614913745130775,0.018951612903225806
sig_macro_vix_up,QZ-Capit-Rev,7407,28876,210,1047,0.02443634399891994,0.01350602576534146
sig_macro_vix_up,RTB-Base,4617,15239,204,1047,0.025124539744422785,0.010564997703261369
sig_macro_vix_up,Spring,268,1009,112,491,0.06343283582089553,0.014866204162537165
sig_macro_vix_up,T1-CapBounce,39,106,29,90,0.07692307692307693,0.03773584905660377
sig_macro_vix_up,Washout,4480,9603,204,979,0.030357142857142857,0.029678225554514215
sig_macro_vix_up,Z-Absorb-Turn,4,29,4,27,0.25,0.06896551724137931
sig_macro_vix_up,Z11-T11,77,258,27,135,0.2857142857142857,0.10077519379844961
sig_macro_vix_up,ZRT,392,1777,110,541,0.07908163265306123,0.032639279684862126
sig_macro_vix_up,ZRT🟢,2,10,1,10,1.0,0.1
sig_macro_vix_up,Zone-Retest,16546,48234,210,1074,0.0263507796446271,0.011340548161048224
sig_macro_vix_up,coil_floor,118,275,48,152,0.11016949152542373,0.07272727272727272
sig_macro_vix_up,engulf_absorb_rev,1,2,1,2,1.0,0.5
sig_macro_vix_up,g3g3rl,2,3,2,2,0.5,0.6666666666666666
sig_macro_vix_up,ppr×NS,233,1472,89,538,0.07725321888412018,0.02309782608695652
sig_macro_vix_up,🌀Engulf-AbsRev,376,1564,114,569,0.047872340425531915,0.016624040920716114
sig_macro_vix_up,🌉Z1G→T4,10,65,8,28,0.3,0.3076923076923077
sig_macro_vix_up,🌉v2 Z1G→T3/T6,9,66,8,30,0.2222222222222222,0.3181818181818182
sig_macro_vix_up,🎬StopVol-Confirm,240,973,107,453,0.06666666666666667,0.01644398766700925
sig_macro_vix_up,🎯Cluster,155,464,81,252,0.06451612903225806,0.034482758620689655
sig_macro_vix_up,🎯Confluence,1,1,1,1,1.0,1.0
sig_macro_vix_up,🎯Confluence≥3,335,1304,121,520,0.056716417910447764,0.037576687116564415
sig_macro_vix_up,🎯Confluence≥4,22,147,22,106,0.045454545454545456,0.10204081632653061
sig_macro_vix_up,🎯T1-RS-Dip,165,540,61,270,0.10303030303030303,0.03333333333333333
sig_macro_vix_up,🎯T3-RS-Dip,434,935,109,386,0.07603686635944701,0.020320855614973262
sig_macro_vix_up,🏆L34→L34,29,197,21,147,0.10344827586206896,0.025380710659898477
sig_macro_vix_up,👑Z1G-CROWN,70,326,35,115,0.08571428571428572,0.49693251533742333
sig_macro_vix_up,📐RSI-Div,77,807,41,317,0.12987012987012986,0.042131350681536554
sig_macro_vix_up,🔄DualReclaim,256,554,79,241,0.0546875,0.036101083032490974
sig_macro_vix_up,🔄DualReclaim deep,44,87,28,61,0.11363636363636363,0.06896551724137931
sig_macro_vix_up,🥪T2G-Sandwich,22,146,17,106,0.09090909090909091,0.04794520547945205
sig_macro_vix_up,🧊Coil-Floor,1246,3972,158,740,0.058587479935794544,0.01863041289023162
sig_macro_vix_up,🧲Z9-HL,11,139,10,50,0.18181818181818182,0.4172661870503597
sig_macro_vix_up,🧺SEQ-20,48,223,33,142,0.125,0.04932735426008968
sig_macro_vix_up,🪨T1G-NB,51,207,34,161,0.11764705882352941,0.028985507246376812
¬sig_macro_vix_up,Atomic,17804,4471,1024,190,0.016625477420804315,0.05546857526280474
¬sig_macro_vix_up,Atomic-R,107,43,57,28,0.11214953271028037,0.11627906976744186
¬sig_macro_vix_up,D+L1,2474,546,680,131,0.02263540824575586,0.07142857142857142
¬sig_macro_vix_up,Engulf-Abs,407,203,198,66,0.2678132678132678,0.1724137931034483
¬sig_macro_vix_up,FailedBear-Turn,135,44,99,34,0.05925925925925926,0.09090909090909091
¬sig_macro_vix_up,G3+RL,651,163,203,62,0.07526881720430108,0.11042944785276074
¬sig_macro_vix_up,G3-Abs,167,34,104,27,0.0658682634730539,0.11764705882352941
¬sig_macro_vix_up,G3-gap,5297,1823,832,184,0.03284878232962054,0.117937465715853
¬sig_macro_vix_up,G3→G3,4424,903,836,162,0.039783001808318265,0.13510520487264674
¬sig_macro_vix_up,G3→G3→RL,280,115,93,37,0.4392857142857143,0.24347826086956523
¬sig_macro_vix_up,G3→L46 🕐,8772,1880,967,186,0.03112175102599179,0.09148936170212765
¬sig_macro_vix_up,HighBase-15mDip,5439,1640,883,181,0.012134583563154992,0.046341463414634146
¬sig_macro_vix_up,L34camp→REV,190,29,144,19,0.031578947368421054,0.13793103448275862
¬sig_macro_vix_up,L43-TRIPLE,765,169,253,57,0.0784313725490196,0.1242603550295858
¬sig_macro_vix_up,ND→SC→L46 🕐,138,10,74,9,0.16666666666666666,0.2
¬sig_macro_vix_up,NS→SC,298,21,167,17,0.07718120805369127,0.09523809523809523
¬sig_macro_vix_up,P55,14111,2445,1059,206,0.0073701367727304935,0.03353783231083845
¬sig_macro_vix_up,Parabola,42235,7067,1070,209,0.005185272877944833,0.019102872506013866
¬sig_macro_vix_up,QZ-Capit,4960,1797,908,200,0.018951612903225806,0.035614913745130775
¬sig_macro_vix_up,QZ-Capit-Rev,28876,7407,1047,210,0.01350602576534146,0.02443634399891994
¬sig_macro_vix_up,RTB-Base,15239,4617,1047,204,0.010564997703261369,0.025124539744422785
¬sig_macro_vix_up,Spring,1009,268,491,112,0.014866204162537165,0.06343283582089553
¬sig_macro_vix_up,T1-CapBounce,106,39,90,29,0.03773584905660377,0.07692307692307693
¬sig_macro_vix_up,Washout,9603,4480,979,204,0.029678225554514215,0.030357142857142857
¬sig_macro_vix_up,Z-Absorb-Turn,29,4,27,4,0.06896551724137931,0.25
¬sig_macro_vix_up,Z11-T11,258,77,135,27,0.10077519379844961,0.2857142857142857
¬sig_macro_vix_up,ZRT,1777,392,541,110,0.032639279684862126,0.07908163265306123
¬sig_macro_vix_up,ZRT🟢,10,2,10,1,0.1,1.0
¬sig_macro_vix_up,Zone-Retest,48234,16546,1074,210,0.011340548161048224,0.0263507796446271
¬sig_macro_vix_up,coil_floor,275,118,152,48,0.07272727272727272,0.11016949152542373
¬sig_macro_vix_up,engulf_absorb_rev,2,1,2,1,0.5,1.0
¬sig_macro_vix_up,g3g3rl,3,2,2,2,0.6666666666666666,0.5
¬sig_macro_vix_up,ppr×NS,1472,233,538,89,0.02309782608695652,0.07725321888412018
¬sig_macro_vix_up,🌀Engulf-AbsRev,1564,376,569,114,0.016624040920716114,0.047872340425531915
¬sig_macro_vix_up,🌉Z1G→T4,65,10,28,8,0.3076923076923077,0.3
¬sig_macro_vix_up,🌉v2 Z1G→T3/T6,66,9,30,8,0.3181818181818182,0.2222222222222222
¬sig_macro_vix_up,🎬StopVol-Confirm,973,240,453,107,0.01644398766700925,0.06666666666666667
¬sig_macro_vix_up,🎯Cluster,464,155,252,81,0.034482758620689655,0.06451612903225806
¬sig_macro_vix_up,🎯Confluence,1,1,1,1,1.0,1.0
¬sig_macro_vix_up,🎯Confluence≥3,1304,335,520,121,0.037576687116564415,0.056716417910447764
¬sig_macro_vix_up,🎯Confluence≥4,147,22,106,22,0.10204081632653061,0.045454545454545456
¬sig_macro_vix_up,🎯T1-RS-Dip,540,165,270,61,0.03333333333333333,0.10303030303030303
¬sig_macro_vix_up,🎯T3-RS-Dip,935,434,386,109,0.020320855614973262,0.07603686635944701
¬sig_macro_vix_up,🏆L34→L34,197,29,147,21,0.025380710659898477,0.10344827586206896
¬sig_macro_vix_up,👑Z1G-CROWN,326,70,115,35,0.49693251533742333,0.08571428571428572
¬sig_macro_vix_up,📐RSI-Div,807,77,317,41,0.042131350681536554,0.12987012987012986
¬sig_macro_vix_up,🔄DualReclaim,554,256,241,79,0.036101083032490974,0.0546875
¬sig_macro_vix_up,🔄DualReclaim deep,87,44,61,28,0.06896551724137931,0.11363636363636363
¬sig_macro_vix_up,🥪T2G-Sandwich,146,22,106,17,0.04794520547945205,0.09090909090909091
¬sig_macro_vix_up,🧊Coil-Floor,3972,1246,740,158,0.01863041289023162,0.058587479935794544
¬sig_macro_vix_up,🧲Z9-HL,139,11,50,10,0.4172661870503597,0.18181818181818182
¬sig_macro_vix_up,🧺SEQ-20,223,48,142,33,0.04932735426008968,0.125
¬sig_macro_vix_up,🪨T1G-NB,207,51,161,34,0.028985507246376812,0.11764705882352941
sig_rs_intact+sig_conso,Atomic,6157,16118,846,1170,0.015916842618158195,0.012904826901600695
sig_rs_intact+sig_conso,Atomic-R,41,109,32,64,0.12195121951219512,0.06422018348623854
sig_rs_intact+sig_conso,D+L1,844,2176,386,711,0.031990521327014215,0.022518382352941176
sig_rs_intact+sig_conso,Engulf-Abs,51,559,42,245,0.058823529411764705,0.19141323792486584
sig_rs_intact+sig_conso,FailedBear-Turn,34,145,33,109,0.058823529411764705,0.05517241379310345
sig_rs_intact+sig_conso,G3+RL,163,651,90,220,0.05521472392638037,0.07526881720430108
sig_rs_intact+sig_conso,G3-Abs,37,164,27,115,0.16216216216216217,0.036585365853658534
sig_rs_intact+sig_conso,G3-gap,1308,5812,330,989,0.06422018348623854,0.025808671713695802
sig_rs_intact+sig_conso,G3→G3,1441,3886,505,894,0.04302567661346287,0.0319094184251158
sig_rs_intact+sig_conso,G3→G3→RL,74,321,36,112,0.22972972972972974,0.3302180685358255
sig_rs_intact+sig_conso,G3→L46 🕐,2767,7885,698,1102,0.027105168052041922,0.025110970196575776
sig_rs_intact+sig_conso,HighBase-15mDip,3673,3406,822,846,0.01524639259460931,0.008220786846741044
sig_rs_intact+sig_conso,L34camp→REV,24,195,21,153,0.08333333333333333,0.02564102564102564
sig_rs_intact+sig_conso,L43-TRIPLE,101,833,48,300,0.1188118811881188,0.06722689075630252
sig_rs_intact+sig_conso,ND→SC→L46 🕐,12,136,9,78,0.3333333333333333,0.16176470588235295
sig_rs_intact+sig_conso,NS→SC,30,289,27,170,0.1,0.07612456747404844
sig_rs_intact+sig_conso,P55,4102,12454,877,1206,0.01901511457825451,0.008350730688935281
sig_rs_intact+sig_conso,Parabola,22630,26672,1137,1257,0.004507291206363235,0.004874025194961008
sig_rs_intact+sig_conso,QZ-Capit,1195,5562,514,1076,0.013389121338912133,0.01690039554117224
sig_rs_intact+sig_conso,QZ-Capit-Rev,6313,29970,921,1254,0.010613020750831618,0.010777444110777443
sig_rs_intact+sig_conso,RTB-Base,2509,17347,562,1249,0.026703866082104424,0.009281143713610423
sig_rs_intact+sig_conso,Spring,98,1179,74,581,0.04081632653061224,0.011874469889737066
sig_rs_intact+sig_conso,T1-CapBounce,21,124,18,106,0.09523809523809523,0.024193548387096774
sig_rs_intact+sig_conso,Washout,883,13200,305,1175,0.07021517553793885,0.016893939393939395
sig_rs_intact+sig_conso,Z-Absorb-Turn,9,24,9,22,0.1111111111111111,0.08333333333333333
sig_rs_intact+sig_conso,Z11-T11,45,290,29,145,0.17777777777777778,0.07241379310344828
sig_rs_intact+sig_conso,ZRT,451,1718,230,601,0.04434589800443459,0.02211874272409779
sig_rs_intact+sig_conso,ZRT🟢,4,8,4,7,0.25,0.25
sig_rs_intact+sig_conso,Zone-Retest,12168,52612,1077,1282,0.00821827744904668,0.00916140804379229
sig_rs_intact+sig_conso,coil_floor,210,183,127,117,0.06666666666666667,0.03825136612021858
sig_rs_intact+sig_conso,ppr×NS,497,1208,294,516,0.03219315895372234,0.027317880794701987
sig_rs_intact+sig_conso,🌀Engulf-AbsRev,1709,231,639,170,0.012287887653598596,0.021645021645021644
sig_rs_intact+sig_conso,🌉Z1G→T4,9,66,9,29,0.1111111111111111,0.30303030303030304
sig_rs_intact+sig_conso,🌉v2 Z1G→T3/T6,12,63,11,29,0.16666666666666666,0.3333333333333333
sig_rs_intact+sig_conso,🎬StopVol-Confirm,818,395,453,264,0.018337408312958436,0.017721518987341773
sig_rs_intact+sig_conso,🎯Cluster,151,468,121,263,0.026490066225165563,0.027777777777777776
sig_rs_intact+sig_conso,🎯Confluence,1,1,1,1,1.0,1.0
sig_rs_intact+sig_conso,🎯Confluence≥3,176,1463,123,615,0.03977272727272727,0.03349282296650718
sig_rs_intact+sig_conso,🎯Confluence≥4,19,150,18,114,0.10526315789473684,0.1
sig_rs_intact+sig_conso,🎯T1-RS-Dip,366,339,212,187,0.03551912568306011,0.029498525073746312
sig_rs_intact+sig_conso,🎯T3-RS-Dip,979,390,419,208,0.026557711950970377,0.028205128205128206
sig_rs_intact+sig_conso,🏆L34→L34,77,149,64,124,0.03896103896103896,0.026845637583892617
sig_rs_intact+sig_conso,👑Z1G-CROWN,40,356,24,135,0.225,0.4297752808988764
sig_rs_intact+sig_conso,📐RSI-Div,695,189,311,113,0.03597122302158273,0.047619047619047616
sig_rs_intact+sig_conso,🔄DualReclaim,346,464,179,225,0.031791907514450865,0.034482758620689655
sig_rs_intact+sig_conso,🔄DualReclaim deep,53,78,43,57,0.05660377358490566,0.07692307692307693
sig_rs_intact+sig_conso,🥪T2G-Sandwich,80,88,69,68,0.0375,0.06818181818181818
sig_rs_intact+sig_conso,🧊Coil-Floor,4307,911,830,379,0.014395170652426282,0.03512623490669594
sig_rs_intact+sig_conso,🧲Z9-HL,12,138,12,52,0.08333333333333333,0.41304347826086957
sig_rs_intact+sig_conso,🧺SEQ-20,79,192,60,133,0.06329113924050633,0.052083333333333336
sig_rs_intact+sig_conso,🪨T1G-NB,194,64,153,60,0.030927835051546393,0.046875
sig_rs_intact+sig_lead_in_lag,Atomic,2624,19651,580,1203,0.018673780487804877,0.013739758790901226
sig_rs_intact+sig_lead_in_lag,Atomic-R,16,134,13,80,0.1875,0.07462686567164178
sig_rs_intact+sig_lead_in_lag,D+L1,377,2643,229,772,0.026525198938992044,0.02043132803632236
sig_rs_intact+sig_lead_in_lag,Engulf-Abs,37,573,35,249,0.05405405405405406,0.18848167539267016
sig_rs_intact+sig_lead_in_lag,FailedBear-Turn,19,160,18,119,0.10526315789473684,0.05
sig_rs_intact+sig_lead_in_lag,G3+RL,70,744,46,245,0.08571428571428572,0.06586021505376344
sig_rs_intact+sig_lead_in_lag,G3-Abs,20,181,18,121,0.1,0.06077348066298342
sig_rs_intact+sig_lead_in_lag,G3-gap,671,6449,218,1001,0.05961251862891207,0.031787874089006046
sig_rs_intact+sig_lead_in_lag,G3→G3,568,4759,276,953,0.06338028169014084,0.03509140575751208
sig_rs_intact+sig_lead_in_lag,G3→G3→RL,39,356,18,124,0.358974358974359,0.3061797752808989
sig_rs_intact+sig_lead_in_lag,G3→L46 🕐,1104,9548,430,1140,0.029891304347826088,0.027545035609551738
sig_rs_intact+sig_lead_in_lag,HighBase-15mDip,1509,5570,554,1003,0.02253147779986746,0.010412926391382405
sig_rs_intact+sig_lead_in_lag,L34camp→REV,13,206,12,156,0.15384615384615385,0.02912621359223301
sig_rs_intact+sig_lead_in_lag,L43-TRIPLE,93,841,47,302,0.12903225806451613,0.06896551724137931
sig_rs_intact+sig_lead_in_lag,ND→SC→L46 🕐,10,138,4,81,0.4,0.13768115942028986
sig_rs_intact+sig_lead_in_lag,NS→SC,16,303,14,176,0.1875,0.07590759075907591
sig_rs_intact+sig_lead_in_lag,P55,1881,14675,668,1254,0.014885699096225412,0.007086882453151619
sig_rs_intact+sig_lead_in_lag,Parabola,7837,41465,1021,1278,0.010207987750414699,0.004099843241287833
sig_rs_intact+sig_lead_in_lag,QZ-Capit,689,6068,360,1083,0.023222060957910014,0.015491100856954515
sig_rs_intact+sig_lead_in_lag,QZ-Capit-Rev,3256,33027,739,1256,0.012592137592137592,0.011324068186635177
sig_rs_intact+sig_lead_in_lag,RTB-Base,1176,18680,430,1249,0.026360544217687076,0.008618843683083511
sig_rs_intact+sig_lead_in_lag,Spring,75,1202,55,586,0.09333333333333334,0.012479201331114808
sig_rs_intact+sig_lead_in_lag,T1-CapBounce,12,133,12,111,0.08333333333333333,0.03007518796992481
sig_rs_intact+sig_lead_in_lag,Washout,757,13326,298,1178,0.03963011889035667,0.019135524538496172
sig_rs_intact+sig_lead_in_lag,Z-Absorb-Turn,7,26,7,24,0.14285714285714285,0.07692307692307693
sig_rs_intact+sig_lead_in_lag,Z11-T11,28,307,18,156,0.21428571428571427,0.08469055374592833
sig_rs_intact+sig_lead_in_lag,ZRT,222,1947,139,629,0.05855855855855856,0.02465331278890601
sig_rs_intact+sig_lead_in_lag,ZRT🟢,3,9,3,8,0.3333333333333333,0.2222222222222222
sig_rs_intact+sig_lead_in_lag,Zone-Retest,6765,58015,949,1283,0.01359940872135994,0.00844609152805309
sig_rs_intact+sig_lead_in_lag,coil_floor,177,216,116,124,0.03389830508474576,0.0787037037037037
sig_rs_intact+sig_lead_in_lag,engulf_absorb_rev,2,1,2,1,0.5,1.0
sig_rs_intact+sig_lead_in_lag,ppr×NS,200,1505,142,589,0.035,0.021926910299003323
sig_rs_intact+sig_lead_in_lag,🌀Engulf-AbsRev,733,1207,388,534,0.023192360163710776,0.015741507870753936
sig_rs_intact+sig_lead_in_lag,🌉Z1G→T4,7,68,7,31,0.14285714285714285,0.29411764705882354
sig_rs_intact+sig_lead_in_lag,🌉v2 Z1G→T3/T6,1,74,1,38,1.0,0.28378378378378377
sig_rs_intact+sig_lead_in_lag,🎬StopVol-Confirm,392,821,238,455,0.02806122448979592,0.018270401948842874
sig_rs_intact+sig_lead_in_lag,🎯Cluster,105,514,85,293,0.02857142857142857,0.029182879377431907
sig_rs_intact+sig_lead_in_lag,🎯Confluence≥3,141,1498,100,622,0.05673758865248227,0.03137516688918558
sig_rs_intact+sig_lead_in_lag,🎯Confluence≥4,16,153,15,117,0.125,0.09803921568627451
sig_rs_intact+sig_lead_in_lag,🎯T1-RS-Dip,325,380,204,207,0.03076923076923077,0.04473684210526316
sig_rs_intact+sig_lead_in_lag,🎯T3-RS-Dip,608,761,313,325,0.04276315789473684,0.02890932982917214
sig_rs_intact+sig_lead_in_lag,🏆L34→L34,24,202,22,153,0.08333333333333333,0.024752475247524754
sig_rs_intact+sig_lead_in_lag,👑Z1G-CROWN,23,373,12,142,0.43478260869565216,0.4075067024128686
sig_rs_intact+sig_lead_in_lag,📐RSI-Div,362,522,210,234,0.06906077348066299,0.04597701149425287
sig_rs_intact+sig_lead_in_lag,🔄DualReclaim,395,415,198,205,0.035443037974683546,0.03614457831325301
sig_rs_intact+sig_lead_in_lag,🔄DualReclaim deep,63,68,50,53,0.07936507936507936,0.07352941176470588
sig_rs_intact+sig_lead_in_lag,🥪T2G-Sandwich,32,136,30,105,0.0625,0.04411764705882353
sig_rs_intact+sig_lead_in_lag,🧊Coil-Floor,2440,2778,720,636,0.015163934426229509,0.016918646508279338
sig_rs_intact+sig_lead_in_lag,🧲Z9-HL,13,137,11,54,0.23076923076923078,0.40145985401459855
sig_rs_intact+sig_lead_in_lag,🧺SEQ-20,34,237,29,156,0.11764705882352941,0.04219409282700422
sig_rs_intact+sig_lead_in_lag,🪨T1G-NB,89,169,77,132,0.033707865168539325,0.03550295857988166
sig_rs_intact+sig_h1_dr,Atomic,2909,19366,577,1195,0.026813337916809902,0.013735412578746256
sig_rs_intact+sig_h1_dr,Atomic-R,36,114,25,71,0.25,0.03508771929824561
sig_rs_intact+sig_h1_dr,D+L1,334,2686,199,778,0.05089820359281437,0.020476545048399106
sig_rs_intact+sig_h1_dr,Engulf-Abs,52,558,35,251,0.17307692307692307,0.17921146953405018
sig_rs_intact+sig_h1_dr,FailedBear-Turn,28,151,26,114,0.07142857142857142,0.052980132450331126
sig_rs_intact+sig_h1_dr,G3+RL,113,701,68,235,0.07964601769911504,0.06990014265335236
sig_rs_intact+sig_h1_dr,G3-Abs,20,181,11,126,0.35,0.03867403314917127
sig_rs_intact+sig_h1_dr,G3-gap,1070,6050,262,997,0.07663551401869159,0.024793388429752067
sig_rs_intact+sig_h1_dr,G3→G3,651,4676,237,971,0.10138248847926268,0.031009409751924722
sig_rs_intact+sig_h1_dr,G3→G3→RL,82,313,31,119,0.4634146341463415,0.2715654952076677
sig_rs_intact+sig_h1_dr,G3→L46 🕐,969,9683,369,1135,0.033023735810113516,0.028193741609005472
sig_rs_intact+sig_h1_dr,HighBase-15mDip,2179,4900,641,974,0.01973382285452042,0.013265306122448979
sig_rs_intact+sig_h1_dr,L34camp→REV,13,206,11,158,0.15384615384615385,0.02912621359223301
sig_rs_intact+sig_h1_dr,L43-TRIPLE,122,812,52,299,0.09836065573770492,0.06280788177339902
sig_rs_intact+sig_h1_dr,ND→SC→L46 🕐,2,146,2,83,0.5,0.1506849315068493
sig_rs_intact+sig_h1_dr,NS→SC,3,316,2,183,0.6666666666666666,0.07278481012658228
sig_rs_intact+sig_h1_dr,P55,1311,15245,492,1254,0.04958047292143402,0.006821908822564776
sig_rs_intact+sig_h1_dr,Parabola,4202,45100,833,1274,0.012613041408852927,0.004523281596452328
sig_rs_intact+sig_h1_dr,QZ-Capit,911,5846,422,1083,0.014270032930845226,0.016079370509750255
sig_rs_intact+sig_h1_dr,QZ-Capit-Rev,3815,32468,800,1257,0.01363040629095675,0.010718245657262536
sig_rs_intact+sig_h1_dr,RTB-Base,1484,18372,431,1249,0.04177897574123989,0.008763335510559547
sig_rs_intact+sig_h1_dr,Spring,63,1214,44,593,0.07936507936507936,0.012355848434925865
sig_rs_intact+sig_h1_dr,T1-CapBounce,14,131,13,110,0.14285714285714285,0.030534351145038167
sig_rs_intact+sig_h1_dr,Washout,1148,12935,351,1171,0.029616724738675958,0.019404715887127947
sig_rs_intact+sig_h1_dr,Z-Absorb-Turn,1,32,1,30,1.0,0.0625
sig_rs_intact+sig_h1_dr,Z11-T11,36,299,22,150,0.2222222222222222,0.06688963210702341
sig_rs_intact+sig_h1_dr,ZRT,107,2062,82,641,0.06542056074766354,0.024733268671193017
sig_rs_intact+sig_h1_dr,ZRT🟢,2,10,2,9,0.5,0.2
sig_rs_intact+sig_h1_dr,Zone-Retest,8647,56133,986,1283,0.013877645426159362,0.007998859850711703
sig_rs_intact+sig_h1_dr,coil_floor,200,193,125,116,0.065,0.03626943005181347
sig_rs_intact+sig_h1_dr,engulf_absorb_rev,1,2,1,2,1.0,0.5
sig_rs_intact+sig_h1_dr,ppr×NS,217,1488,148,588,0.041474654377880185,0.02217741935483871
sig_rs_intact+sig_h1_dr,⚡G3-Abs,1,4,1,4,1.0,0.25
sig_rs_intact+sig_h1_dr,🌀Engulf-AbsRev,432,1508,260,595,0.02546296296296296,0.015251989389920425
sig_rs_intact+sig_h1_dr,🌉Z1G→T4,6,69,6,33,0.16666666666666666,0.2753623188405797
sig_rs_intact+sig_h1_dr,🎬StopVol-Confirm,485,728,304,419,0.020618556701030927,0.016483516483516484
sig_rs_intact+sig_h1_dr,🎯Cluster,78,541,60,305,0.10256410256410256,0.027726432532347505
sig_rs_intact+sig_h1_dr,🎯Confluence≥3,88,1551,68,624,0.045454545454545456,0.03159252095422308
sig_rs_intact+sig_h1_dr,🎯Confluence≥4,10,159,10,122,0.1,0.09433962264150944
sig_rs_intact+sig_h1_dr,🎯T1-RS-Dip,348,357,204,201,0.04885057471264368,0.047619047619047616
sig_rs_intact+sig_h1_dr,🎯T3-RS-Dip,821,548,356,295,0.03532277710109622,0.023722627737226276
sig_rs_intact+sig_h1_dr,🏆L34→L34,2,224,2,168,0.5,0.022321428571428572
sig_rs_intact+sig_h1_dr,👑Z1G-CROWN,55,341,19,140,0.5818181818181818,0.3812316715542522
sig_rs_intact+sig_h1_dr,📐RSI-Div,22,862,20,350,0.09090909090909091,0.0382830626450116
sig_rs_intact+sig_h1_dr,🔄DualReclaim,459,351,227,177,0.026143790849673203,0.045584045584045586
sig_rs_intact+sig_h1_dr,🔄DualReclaim deep,88,43,63,38,0.06818181818181818,0.046511627906976744
sig_rs_intact+sig_h1_dr,🥪T2G-Sandwich,1,167,1,123,1.0,0.041916167664670656
sig_rs_intact+sig_h1_dr,🧊Coil-Floor,2574,2644,687,709,0.015151515151515152,0.02118003025718608
sig_rs_intact+sig_h1_dr,🧺SEQ-20,7,264,7,170,0.14285714285714285,0.041666666666666664
sig_rs_intact+sig_h1_dr,🪨T1G-NB,26,232,24,179,0.11538461538461539,0.02586206896551724
sig_rs_intact+sig_macro_vix_up,Atomic,1904,20371,144,1205,0.06407563025210083,0.014530459967601002
sig_rs_intact+sig_macro_vix_up,Atomic-R,15,135,12,77,0.13333333333333333,0.08888888888888889
sig_rs_intact+sig_macro_vix_up,D+L1,228,2792,77,786,0.14035087719298245,0.02005730659025788
sig_rs_intact+sig_macro_vix_up,Engulf-Abs,32,578,21,259,0.125,0.18858131487889274
sig_rs_intact+sig_macro_vix_up,FailedBear-Turn,10,169,9,127,0.2,0.047337278106508875
sig_rs_intact+sig_macro_vix_up,G3+RL,52,762,28,250,0.17307692307692307,0.06430446194225722
sig_rs_intact+sig_macro_vix_up,G3-Abs,8,193,7,126,0.25,0.05699481865284974
sig_rs_intact+sig_macro_vix_up,G3-gap,498,6622,91,1007,0.1706827309236948,0.026276049531863487
sig_rs_intact+sig_macro_vix_up,G3→G3,355,4972,110,968,0.2028169014084507,0.035398230088495575
sig_rs_intact+sig_macro_vix_up,G3→G3→RL,27,368,14,125,0.18518518518518517,0.3342391304347826
sig_rs_intact+sig_macro_vix_up,G3→L46 🕐,603,10049,124,1151,0.087893864013267,0.027166882276843468
sig_rs_intact+sig_macro_vix_up,HighBase-15mDip,1109,5970,151,1016,0.05590622182146077,0.011055276381909548
sig_rs_intact+sig_macro_vix_up,L34camp→REV,9,210,6,162,0.3333333333333333,0.02857142857142857
sig_rs_intact+sig_macro_vix_up,L43-TRIPLE,33,901,14,306,0.3939393939393939,0.06659267480577137
sig_rs_intact+sig_macro_vix_up,NS→SC,5,314,5,180,0.2,0.0732484076433121
sig_rs_intact+sig_macro_vix_up,P55,830,15726,155,1249,0.04216867469879518,0.006613251939463309
sig_rs_intact+sig_macro_vix_up,Parabola,4426,44876,187,1264,0.019430637144148215,0.004880114092165077
sig_rs_intact+sig_macro_vix_up,QZ-Capit,442,6315,124,1104,0.06561085972850679,0.014885193982581157
sig_rs_intact+sig_macro_vix_up,QZ-Capit-Rev,1697,34586,173,1256,0.03830288744843842,0.011276238940611808
sig_rs_intact+sig_macro_vix_up,RTB-Base,858,18998,135,1251,0.07342657342657342,0.00847457627118644
sig_rs_intact+sig_macro_vix_up,Spring,38,1239,25,596,0.18421052631578946,0.012106537530266344
sig_rs_intact+sig_macro_vix_up,T1-CapBounce,13,132,12,110,0.15384615384615385,0.030303030303030304
sig_rs_intact+sig_macro_vix_up,Washout,556,13527,112,1182,0.06294964028776978,0.021068973164781547
sig_rs_intact+sig_macro_vix_up,Z-Absorb-Turn,2,31,2,29,0.5,0.06451612903225806
sig_rs_intact+sig_macro_vix_up,Z11-T11,18,317,8,159,0.4444444444444444,0.08201892744479496
sig_rs_intact+sig_macro_vix_up,ZRT,106,2063,50,638,0.16037735849056603,0.028114396509936985
sig_rs_intact+sig_macro_vix_up,Zone-Retest,4484,60296,187,1284,0.04081177520071365,0.009071911901286984
sig_rs_intact+sig_macro_vix_up,coil_floor,118,275,48,152,0.11016949152542373,0.07272727272727272
sig_rs_intact+sig_macro_vix_up,engulf_absorb_rev,1,2,1,2,1.0,0.5
sig_rs_intact+sig_macro_vix_up,ppr×NS,100,1605,54,597,0.08,0.02118380062305296
sig_rs_intact+sig_macro_vix_up,🌀Engulf-AbsRev,376,1564,114,569,0.047872340425531915,0.016624040920716114
sig_rs_intact+sig_macro_vix_up,🌉Z1G→T4,1,74,1,35,1.0,0.2702702702702703
sig_rs_intact+sig_macro_vix_up,🌉v2 Z1G→T3/T6,4,71,4,35,0.25,0.29577464788732394
sig_rs_intact+sig_macro_vix_up,🎬StopVol-Confirm,240,973,107,453,0.06666666666666667,0.01644398766700925
sig_rs_intact+sig_macro_vix_up,🎯Cluster,59,560,40,305,0.13559322033898305,0.02857142857142857
sig_rs_intact+sig_macro_vix_up,🎯Confluence,1,1,1,1,1.0,1.0
sig_rs_intact+sig_macro_vix_up,🎯Confluence≥3,53,1586,34,638,0.1509433962264151,0.0308953341740227
sig_rs_intact+sig_macro_vix_up,🎯Confluence≥4,2,167,2,126,0.5,0.08982035928143713
sig_rs_intact+sig_macro_vix_up,🎯T1-RS-Dip,165,540,61,270,0.10303030303030303,0.03333333333333333
sig_rs_intact+sig_macro_vix_up,🎯T3-RS-Dip,434,935,109,386,0.07603686635944701,0.020320855614973262
sig_rs_intact+sig_macro_vix_up,🏆L34→L34,15,211,11,160,0.13333333333333333,0.023696682464454975
sig_rs_intact+sig_macro_vix_up,👑Z1G-CROWN,11,385,9,146,0.18181818181818182,0.42077922077922075
sig_rs_intact+sig_macro_vix_up,📐RSI-Div,77,807,41,317,0.12987012987012986,0.042131350681536554
sig_rs_intact+sig_macro_vix_up,🔄DualReclaim,256,554,79,241,0.0546875,0.036101083032490974
sig_rs_intact+sig_macro_vix_up,🔄DualReclaim deep,44,87,28,61,0.11363636363636363,0.06896551724137931
sig_rs_intact+sig_macro_vix_up,🥪T2G-Sandwich,22,146,17,106,0.09090909090909091,0.04794520547945205
sig_rs_intact+sig_macro_vix_up,🧊Coil-Floor,1246,3972,158,740,0.058587479935794544,0.01863041289023162
sig_rs_intact+sig_macro_vix_up,🧲Z9-HL,5,145,5,56,0.2,0.4
sig_rs_intact+sig_macro_vix_up,🧺SEQ-20,25,246,16,162,0.2,0.044715447154471545
sig_rs_intact+sig_macro_vix_up,🪨T1G-NB,51,207,34,161,0.11764705882352941,0.028985507246376812
sig_conso+sig_lead_in_lag,Atomic,1925,20350,507,1207,0.019740259740259742,0.013857493857493857
sig_conso+sig_lead_in_lag,Atomic-R,13,137,10,80,0.23076923076923078,0.072992700729927
sig_conso+sig_lead_in_lag,D+L1,335,2685,209,774,0.029850746268656716,0.02011173184357542
sig_conso+sig_lead_in_lag,Engulf-Abs,24,586,24,254,0.041666666666666664,0.18600682593856654
sig_conso+sig_lead_in_lag,FailedBear-Turn,16,163,16,121,0.0625,0.049079754601226995
sig_conso+sig_lead_in_lag,G3+RL,57,757,39,250,0.08771929824561403,0.06472919418758256
sig_conso+sig_lead_in_lag,G3-Abs,14,187,13,122,0.14285714285714285,0.058823529411764705
sig_conso+sig_lead_in_lag,G3-gap,510,6610,188,1005,0.07647058823529412,0.031013615733736764
sig_conso+sig_lead_in_lag,G3→G3,396,4931,205,974,0.08838383838383838,0.03467856418576354
sig_conso+sig_lead_in_lag,G3→G3→RL,23,372,16,125,0.13043478260869565,0.32526881720430106
sig_conso+sig_lead_in_lag,G3→L46 🕐,836,9816,364,1143,0.039473684210526314,0.02689486552567237
sig_conso+sig_lead_in_lag,HighBase-15mDip,1292,5787,514,1018,0.02476780185758514,0.010195265249697598
sig_conso+sig_lead_in_lag,L34camp→REV,10,209,9,157,0.2,0.028708133971291867
sig_conso+sig_lead_in_lag,L43-TRIPLE,55,879,32,305,0.2,0.0671217292377702
sig_conso+sig_lead_in_lag,ND→SC→L46 🕐,1,147,1,82,1.0,0.1564625850340136
sig_conso+sig_lead_in_lag,NS→SC,15,304,13,177,0.2,0.0756578947368421
sig_conso+sig_lead_in_lag,P55,1564,14992,604,1255,0.017263427109974423,0.006937033084311633
sig_conso+sig_lead_in_lag,Parabola,5921,43381,978,1279,0.011315656139165681,0.004010972545584472
sig_conso+sig_lead_in_lag,QZ-Capit,518,6239,310,1088,0.015444015444015444,0.015066517070043276
sig_conso+sig_lead_in_lag,QZ-Capit-Rev,2787,33496,705,1256,0.010764262648008612,0.011255075232863626
sig_conso+sig_lead_in_lag,RTB-Base,1100,18756,412,1250,0.028181818181818183,0.008583919812326722
sig_conso+sig_lead_in_lag,Spring,46,1231,40,588,0.06521739130434782,0.012185215272136474
sig_conso+sig_lead_in_lag,T1-CapBounce,10,135,10,112,0.1,0.02962962962962963
sig_conso+sig_lead_in_lag,Washout,394,13689,196,1180,0.05583756345177665,0.019358609102198845
sig_conso+sig_lead_in_lag,Z-Absorb-Turn,7,26,7,24,0.14285714285714285,0.07692307692307693
sig_conso+sig_lead_in_lag,Z11-T11,20,315,14,157,0.3,0.08253968253968254
sig_conso+sig_lead_in_lag,ZRT,195,1974,128,633,0.05128205128205128,0.025329280648429583
sig_conso+sig_lead_in_lag,ZRT🟢,3,9,3,8,0.3333333333333333,0.2222222222222222
sig_conso+sig_lead_in_lag,Zone-Retest,5374,59406,904,1284,0.010978786751023446,0.008955324378008955
sig_conso+sig_lead_in_lag,coil_floor,82,311,60,169,0.04878048780487805,0.06109324758842444
sig_conso+sig_lead_in_lag,engulf_absorb_rev,2,1,2,1,0.5,1.0
sig_conso+sig_lead_in_lag,ppr×NS,168,1537,124,597,0.041666666666666664,0.02147039687703318
sig_conso+sig_lead_in_lag,🌀Engulf-AbsRev,648,1292,352,559,0.023148148148148147,0.016253869969040248
sig_conso+sig_lead_in_lag,🌉Z1G→T4,7,68,7,31,0.14285714285714285,0.29411764705882354
sig_conso+sig_lead_in_lag,🎬StopVol-Confirm,276,937,189,497,0.021739130434782608,0.016008537886873
sig_conso+sig_lead_in_lag,🎯Cluster,71,548,61,304,0.04225352112676056,0.02737226277372263
sig_conso+sig_lead_in_lag,🎯Confluence≥3,95,1544,73,627,0.07368421052631578,0.03173575129533679
sig_conso+sig_lead_in_lag,🎯Confluence≥4,10,159,10,121,0.1,0.09433962264150944
sig_conso+sig_lead_in_lag,🎯T1-RS-Dip,175,530,129,261,0.03428571428571429,0.03207547169811321
sig_conso+sig_lead_in_lag,🎯T3-RS-Dip,425,944,253,374,0.04470588235294118,0.02754237288135593
sig_conso+sig_lead_in_lag,🏆L34→L34,20,206,18,156,0.1,0.024271844660194174
sig_conso+sig_lead_in_lag,👑Z1G-CROWN,8,388,8,145,0.125,0.41494845360824745
sig_conso+sig_lead_in_lag,📐RSI-Div,274,610,173,264,0.06204379562043796,0.03934426229508197
sig_conso+sig_lead_in_lag,🔄DualReclaim,167,643,110,273,0.041916167664670656,0.027993779160186624
sig_conso+sig_lead_in_lag,🔄DualReclaim deep,25,106,23,73,0.08,0.05660377358490566
sig_conso+sig_lead_in_lag,🥪T2G-Sandwich,13,155,12,115,0.15384615384615385,0.04516129032258064
sig_conso+sig_lead_in_lag,🧊Coil-Floor,1986,3232,660,699,0.01812688821752266,0.017326732673267328
sig_conso+sig_lead_in_lag,🧲Z9-HL,7,143,7,56,0.14285714285714285,0.40559440559440557
sig_conso+sig_lead_in_lag,🧺SEQ-20,21,250,18,165,0.14285714285714285,0.044
sig_conso+sig_lead_in_lag,🪨T1G-NB,65,193,58,150,0.03076923076923077,0.031088082901554404
sig_conso+sig_h1_dr,Atomic,2151,20124,508,1201,0.0199907019990702,0.01366527529318227
sig_conso+sig_h1_dr,Atomic-R,23,127,18,74,0.21739130434782608,0.05511811023622047
sig_conso+sig_h1_dr,D+L1,307,2713,187,780,0.05537459283387622,0.020641356431994103
sig_conso+sig_h1_dr,Engulf-Abs,32,578,29,253,0.0625,0.185121107266436
sig_conso+sig_h1_dr,FailedBear-Turn,24,155,24,117,0.041666666666666664,0.05161290322580645
sig_conso+sig_h1_dr,G3+RL,94,720,59,242,0.06382978723404255,0.06805555555555555
sig_conso+sig_h1_dr,G3-Abs,16,185,9,127,0.375,0.03783783783783784
sig_conso+sig_h1_dr,G3-gap,911,6209,235,1001,0.0889132821075741,0.024158479626348848
sig_conso+sig_h1_dr,G3→G3,482,4845,187,977,0.11618257261410789,0.031166150670794635
sig_conso+sig_h1_dr,G3→G3→RL,52,343,28,120,0.28846153846153844,0.31486880466472306
sig_conso+sig_h1_dr,G3→L46 🕐,722,9930,297,1139,0.04293628808864266,0.027492447129909364
sig_conso+sig_h1_dr,HighBase-15mDip,1790,5289,582,1003,0.021787709497206705,0.012289657780298733
sig_conso+sig_h1_dr,L34camp→REV,10,209,9,159,0.2,0.028708133971291867
sig_conso+sig_h1_dr,L43-TRIPLE,76,858,36,305,0.14473684210526316,0.06643356643356643
sig_conso+sig_h1_dr,NS→SC,2,317,1,184,1.0,0.07255520504731862
sig_conso+sig_h1_dr,P55,1134,15422,446,1255,0.05555555555555555,0.006743613020360524
sig_conso+sig_h1_dr,Parabola,3081,46221,757,1276,0.011684518013631937,0.004543389368468878
sig_conso+sig_h1_dr,QZ-Capit,715,6042,373,1090,0.016783216783216783,0.015557762330354188
sig_conso+sig_h1_dr,QZ-Capit-Rev,3326,32957,773,1257,0.014732411304870716,0.010650241223412325
sig_conso+sig_h1_dr,RTB-Base,1405,18451,414,1249,0.04412811387900356,0.0087258143190071
sig_conso+sig_h1_dr,Spring,46,1231,37,593,0.06521739130434782,0.012185215272136474
sig_conso+sig_h1_dr,T1-CapBounce,11,134,10,111,0.18181818181818182,0.029850746268656716
sig_conso+sig_h1_dr,Washout,619,13464,243,1177,0.03877221324717286,0.0196078431372549
sig_conso+sig_h1_dr,Z-Absorb-Turn,1,32,1,30,1.0,0.0625
sig_conso+sig_h1_dr,Z11-T11,31,304,18,152,0.25806451612903225,0.06907894736842106
sig_conso+sig_h1_dr,ZRT,93,2076,76,645,0.06451612903225806,0.025048169556840076
sig_conso+sig_h1_dr,ZRT🟢,2,10,2,9,0.5,0.2
sig_conso+sig_h1_dr,Zone-Retest,6974,57806,963,1283,0.009033553197591053,0.008493927965955092
sig_conso+sig_h1_dr,coil_floor,108,285,81,156,0.08333333333333333,0.03859649122807018
sig_conso+sig_h1_dr,engulf_absorb_rev,1,2,1,2,1.0,0.5
sig_conso+sig_h1_dr,ppr×NS,170,1535,126,595,0.052941176470588235,0.021498371335504887
sig_conso+sig_h1_dr,🌀Engulf-AbsRev,370,1570,232,614,0.024324324324324326,0.015286624203821656
sig_conso+sig_h1_dr,🌉Z1G→T4,3,72,3,34,0.3333333333333333,0.2777777777777778
sig_conso+sig_h1_dr,🎬StopVol-Confirm,358,855,248,460,0.0223463687150838,0.01871345029239766
sig_conso+sig_h1_dr,🎯Cluster,41,578,40,315,0.04878048780487805,0.025951557093425604
sig_conso+sig_h1_dr,🎯Confluence≥3,55,1584,46,630,0.05454545454545454,0.030934343434343436
sig_conso+sig_h1_dr,🎯Confluence≥4,6,163,6,124,0.16666666666666666,0.09202453987730061
sig_conso+sig_h1_dr,🎯T1-RS-Dip,214,491,138,250,0.06074766355140187,0.034623217922606926
sig_conso+sig_h1_dr,🎯T3-RS-Dip,636,733,308,345,0.03459119496855346,0.021828103683492497
sig_conso+sig_h1_dr,🏆L34→L34,2,224,2,168,0.5,0.022321428571428572
sig_conso+sig_h1_dr,👑Z1G-CROWN,18,378,8,147,0.5,0.40476190476190477
sig_conso+sig_h1_dr,📐RSI-Div,13,871,12,354,0.15384615384615385,0.03788748564867968
sig_conso+sig_h1_dr,🔄DualReclaim,224,586,129,261,0.044642857142857144,0.02901023890784983
sig_conso+sig_h1_dr,🔄DualReclaim deep,35,96,30,69,0.05714285714285714,0.0625
sig_conso+sig_h1_dr,🧊Coil-Floor,2221,2997,638,749,0.01620891490319676,0.020353687020353686
sig_conso+sig_h1_dr,🧺SEQ-20,4,267,4,173,0.25,0.04119850187265917
sig_conso+sig_h1_dr,🪨T1G-NB,21,237,19,181,0.14285714285714285,0.02531645569620253
sig_conso+sig_macro_vix_up,Atomic,3393,18882,179,1162,0.0618921308576481,0.01567630547611482
sig_conso+sig_macro_vix_up,Atomic-R,29,121,23,67,0.13793103448275862,0.09917355371900827
sig_conso+sig_macro_vix_up,D+L1,510,2510,130,703,0.06666666666666667,0.022310756972111555
sig_conso+sig_macro_vix_up,Engulf-Abs,67,543,40,241,0.1044776119402985,0.2007366482504604
sig_conso+sig_macro_vix_up,FailedBear-Turn,37,142,33,104,0.08108108108108109,0.056338028169014086
sig_conso+sig_macro_vix_up,G3+RL,109,705,43,235,0.14678899082568808,0.06950354609929078
sig_conso+sig_macro_vix_up,G3-Abs,28,173,24,109,0.07142857142857142,0.06358381502890173
sig_conso+sig_macro_vix_up,G3-gap,1327,5793,164,946,0.12434061793519216,0.03003625064733299
sig_conso+sig_macro_vix_up,G3→G3,612,4715,141,942,0.13725490196078433,0.03732767762460233
sig_conso+sig_macro_vix_up,G3→G3→RL,58,337,23,116,0.1724137931034483,0.3649851632047478
sig_conso+sig_macro_vix_up,G3→L46 🕐,1364,9288,176,1093,0.10337243401759531,0.029392764857881136
sig_conso+sig_macro_vix_up,HighBase-15mDip,1380,5699,169,988,0.04492753623188406,0.011580979119143709
sig_conso+sig_macro_vix_up,L34camp→REV,15,204,14,155,0.13333333333333333,0.029411764705882353
sig_conso+sig_macro_vix_up,L43-TRIPLE,94,840,39,287,0.18085106382978725,0.07142857142857142
sig_conso+sig_macro_vix_up,ND→SC→L46 🕐,6,142,6,77,0.16666666666666666,0.1619718309859155
sig_conso+sig_macro_vix_up,NS→SC,11,308,10,176,0.18181818181818182,0.07467532467532467
sig_conso+sig_macro_vix_up,P55,2141,14415,203,1175,0.03503035964502569,0.007214706902532084
sig_conso+sig_macro_vix_up,Parabola,5415,43887,209,1266,0.017174515235457065,0.004990088181010322
sig_conso+sig_macro_vix_up,QZ-Capit,1040,5717,189,1069,0.04423076923076923,0.01644218995976911
sig_conso+sig_macro_vix_up,QZ-Capit-Rev,5301,30982,208,1246,0.02037351443123939,0.012587954296042864
sig_conso+sig_macro_vix_up,RTB-Base,4115,15741,204,1192,0.026731470230862697,0.010228066831840417
sig_conso+sig_macro_vix_up,Spring,161,1116,90,548,0.037267080745341616,0.013440860215053764
sig_conso+sig_macro_vix_up,T1-CapBounce,26,119,22,100,0.11538461538461539,0.03361344537815126
sig_conso+sig_macro_vix_up,Washout,1716,12367,184,1177,0.04079254079254079,0.02304520093798011
sig_conso+sig_macro_vix_up,Z-Absorb-Turn,4,29,4,27,0.25,0.06896551724137931
sig_conso+sig_macro_vix_up,Z11-T11,54,281,24,145,0.3148148148148148,0.09252669039145907
sig_conso+sig_macro_vix_up,ZRT,290,1879,100,593,0.05172413793103448,0.030867482703565728
sig_conso+sig_macro_vix_up,ZRT🟢,2,10,1,10,1.0,0.1
sig_conso+sig_macro_vix_up,Zone-Retest,11147,53633,210,1282,0.01901857001883915,0.0101989446795816
sig_conso+sig_macro_vix_up,coil_floor,65,328,34,182,0.1076923076923077,0.06097560975609756
sig_conso+sig_macro_vix_up,engulf_absorb_rev,1,2,1,2,1.0,0.5
sig_conso+sig_macro_vix_up,ppr×NS,200,1505,81,563,0.085,0.022591362126245847
sig_conso+sig_macro_vix_up,🌀Engulf-AbsRev,318,1622,102,610,0.04716981132075472,0.016029593094944512
sig_conso+sig_macro_vix_up,🌉Z1G→T4,6,69,4,32,0.5,0.2898550724637681
sig_conso+sig_macro_vix_up,🌉v2 Z1G→T3/T6,6,69,6,32,0.16666666666666666,0.30434782608695654
sig_conso+sig_macro_vix_up,🎬StopVol-Confirm,166,1047,89,502,0.07228915662650602,0.015281757402101241
sig_conso+sig_macro_vix_up,🎯Cluster,69,550,47,299,0.08695652173913043,0.02909090909090909
sig_conso+sig_macro_vix_up,🎯Confluence,1,1,1,1,1.0,1.0
sig_conso+sig_macro_vix_up,🎯Confluence≥3,164,1475,83,604,0.07317073170731707,0.033220338983050844
sig_conso+sig_macro_vix_up,🎯Confluence≥4,10,159,10,118,0.1,0.09433962264150944
sig_conso+sig_macro_vix_up,🎯T1-RS-Dip,95,610,44,307,0.1368421052631579,0.029508196721311476
sig_conso+sig_macro_vix_up,🎯T3-RS-Dip,339,1030,96,438,0.07669616519174041,0.018446601941747572
sig_conso+sig_macro_vix_up,🏆L34→L34,25,201,19,151,0.12,0.024875621890547265
sig_conso+sig_macro_vix_up,👑Z1G-CROWN,45,351,31,132,0.08888888888888889,0.46153846153846156
sig_conso+sig_macro_vix_up,📐RSI-Div,62,822,34,330,0.14516129032258066,0.0413625304136253
sig_conso+sig_macro_vix_up,🔄DualReclaim,112,698,54,298,0.0625,0.02865329512893983
sig_conso+sig_macro_vix_up,🔄DualReclaim deep,15,116,11,84,0.2,0.05172413793103448
sig_conso+sig_macro_vix_up,🥪T2G-Sandwich,11,157,10,115,0.18181818181818182,0.044585987261146494
sig_conso+sig_macro_vix_up,🧊Coil-Floor,1036,4182,151,813,0.03957528957528957,0.017694882831181254
sig_conso+sig_macro_vix_up,🧲Z9-HL,6,144,5,55,0.3333333333333333,0.4027777777777778
sig_conso+sig_macro_vix_up,🧺SEQ-20,33,238,23,155,0.18181818181818182,0.046218487394957986
sig_conso+sig_macro_vix_up,🪨T1G-NB,40,218,27,171,0.15,0.027522935779816515
sig_lead_in_lag+sig_h1_dr,Atomic,905,21370,327,1209,0.028729281767955802,0.01357042583060365
sig_lead_in_lag+sig_h1_dr,Atomic-R,8,142,7,82,0.25,0.07042253521126761
sig_lead_in_lag+sig_h1_dr,D+L1,127,2893,96,803,0.07874015748031496,0.01935706878672658
sig_lead_in_lag+sig_h1_dr,Engulf-Abs,20,590,20,257,0.05,0.1847457627118644
sig_lead_in_lag+sig_h1_dr,FailedBear-Turn,12,167,11,124,0.16666666666666666,0.04790419161676647
sig_lead_in_lag+sig_h1_dr,G3+RL,43,771,31,255,0.06976744186046512,0.06355382619974059
sig_lead_in_lag+sig_h1_dr,G3-Abs,5,196,4,130,0.4,0.05612244897959184
sig_lead_in_lag+sig_h1_dr,G3-gap,423,6697,144,1008,0.08983451536643026,0.030610721218456025
sig_lead_in_lag+sig_h1_dr,G3→G3,185,5142,83,994,0.16756756756756758,0.033644496304939715
sig_lead_in_lag+sig_h1_dr,G3→G3→RL,30,365,13,126,0.4666666666666667,0.29863013698630136
sig_lead_in_lag+sig_h1_dr,G3→L46 🕐,313,10339,177,1146,0.04472843450479233,0.026404874746106973
sig_lead_in_lag+sig_h1_dr,HighBase-15mDip,735,6344,366,1042,0.0326530612244898,0.010403530895334174
sig_lead_in_lag+sig_h1_dr,L34camp→REV,5,214,4,161,0.4,0.028037383177570093
sig_lead_in_lag+sig_h1_dr,L43-TRIPLE,70,864,34,305,0.17142857142857143,0.06712962962962964
sig_lead_in_lag+sig_h1_dr,ND→SC→L46 🕐,2,146,2,83,0.5,0.1506849315068493
sig_lead_in_lag+sig_h1_dr,NS→SC,3,316,2,183,0.6666666666666666,0.07278481012658228
sig_lead_in_lag+sig_h1_dr,P55,493,16063,288,1263,0.02434077079107505,0.006474506630143808
sig_lead_in_lag+sig_h1_dr,Parabola,1243,48059,487,1279,0.0249396621078037,0.00434882124055848
sig_lead_in_lag+sig_h1_dr,QZ-Capit,414,6343,251,1093,0.021739130434782608,0.01481948604761154
sig_lead_in_lag+sig_h1_dr,QZ-Capit-Rev,1709,34574,579,1257,0.016383850204798128,0.011077688436397292
sig_lead_in_lag+sig_h1_dr,RTB-Base,655,19201,303,1250,0.03206106870229008,0.008384979948960992
sig_lead_in_lag+sig_h1_dr,Spring,35,1242,25,598,0.14285714285714285,0.012077294685990338
sig_lead_in_lag+sig_h1_dr,T1-CapBounce,7,138,7,115,0.14285714285714285,0.028985507246376812
sig_lead_in_lag+sig_h1_dr,Washout,574,13509,240,1179,0.04006968641114982,0.019986675549633577
sig_lead_in_lag+sig_h1_dr,Z-Absorb-Turn,1,32,1,30,1.0,0.0625
sig_lead_in_lag+sig_h1_dr,Z11-T11,16,319,11,159,0.375,0.08150470219435736
sig_lead_in_lag+sig_h1_dr,ZRT,56,2113,44,646,0.08928571428571429,0.025082820634169428
sig_lead_in_lag+sig_h1_dr,ZRT🟢,2,10,2,9,0.5,0.2
sig_lead_in_lag+sig_h1_dr,Zone-Retest,3898,60882,789,1284,0.013853258081067214,0.008344009723727867
sig_lead_in_lag+sig_h1_dr,coil_floor,82,311,65,167,0.04878048780487805,0.05466237942122187
sig_lead_in_lag+sig_h1_dr,engulf_absorb_rev,1,2,1,2,1.0,0.5
sig_lead_in_lag+sig_h1_dr,ppr×NS,76,1629,64,614,0.05263157894736842,0.020257826887661142
sig_lead_in_lag+sig_h1_dr,🌀Engulf-AbsRev,152,1788,111,655,0.05263157894736842,0.013982102908277404
sig_lead_in_lag+sig_h1_dr,🌉Z1G→T4,1,74,1,36,1.0,0.2702702702702703
sig_lead_in_lag+sig_h1_dr,🎬StopVol-Confirm,165,1048,122,524,0.03636363636363636,0.01431297709923664
sig_lead_in_lag+sig_h1_dr,🎯Cluster,40,579,35,319,0.075,0.025906735751295335
sig_lead_in_lag+sig_h1_dr,🎯Confluence≥3,53,1586,43,630,0.07547169811320754,0.0308953341740227
sig_lead_in_lag+sig_h1_dr,🎯Confluence≥4,7,162,7,124,0.14285714285714285,0.09259259259259259
sig_lead_in_lag+sig_h1_dr,🎯T1-RS-Dip,160,545,116,267,0.0375,0.031192660550458717
sig_lead_in_lag+sig_h1_dr,🎯T3-RS-Dip,364,1005,209,416,0.06593406593406594,0.023880597014925373
sig_lead_in_lag+sig_h1_dr,👑Z1G-CROWN,16,380,6,147,0.625,0.4
sig_lead_in_lag+sig_h1_dr,📐RSI-Div,9,875,9,355,0.1111111111111111,0.037714285714285714
sig_lead_in_lag+sig_h1_dr,🔄DualReclaim,224,586,137,246,0.03125,0.02901023890784983
sig_lead_in_lag+sig_h1_dr,🔄DualReclaim deep,45,86,37,66,0.1111111111111111,0.05813953488372093
sig_lead_in_lag+sig_h1_dr,🧊Coil-Floor,1209,4009,508,806,0.013234077750206782,0.017460713394861563
sig_lead_in_lag+sig_h1_dr,🧺SEQ-20,4,267,4,172,0.25,0.04119850187265917
sig_lead_in_lag+sig_h1_dr,🪨T1G-NB,10,248,10,189,0.1,0.024193548387096774
sig_lead_in_lag+sig_macro_vix_up,Atomic,548,21727,101,1212,0.06751824817518248,0.013623601969899203
sig_lead_in_lag+sig_macro_vix_up,Atomic-R,2,148,2,84,0.5,0.08108108108108109
sig_lead_in_lag+sig_macro_vix_up,D+L1,62,2958,35,804,0.16129032258064516,0.018931710615280595
sig_lead_in_lag+sig_macro_vix_up,Engulf-Abs,12,598,10,263,0.16666666666666666,0.18227424749163879
sig_lead_in_lag+sig_macro_vix_up,FailedBear-Turn,4,175,3,131,0.5,0.045714285714285714
sig_lead_in_lag+sig_macro_vix_up,G3+RL,17,797,8,263,0.35294117647058826,0.06148055207026349
sig_lead_in_lag+sig_macro_vix_up,G3-Abs,2,199,2,130,0.5,0.05527638190954774
sig_lead_in_lag+sig_macro_vix_up,G3-gap,171,6949,51,1012,0.07017543859649122,0.029500647575190674
sig_lead_in_lag+sig_macro_vix_up,G3→G3,81,5246,40,992,0.2222222222222222,0.0335493709492947
sig_lead_in_lag+sig_macro_vix_up,G3→G3→RL,9,386,6,128,0.3333333333333333,0.31865284974093266
sig_lead_in_lag+sig_macro_vix_up,G3→L46 🕐,152,10500,76,1152,0.07236842105263158,0.026
sig_lead_in_lag+sig_macro_vix_up,HighBase-15mDip,304,6775,91,1055,0.1118421052631579,0.00974169741697417
sig_lead_in_lag+sig_macro_vix_up,L34camp→REV,3,216,2,163,0.6666666666666666,0.027777777777777776
sig_lead_in_lag+sig_macro_vix_up,L43-TRIPLE,22,912,8,310,0.5454545454545454,0.06578947368421052
sig_lead_in_lag+sig_macro_vix_up,NS→SC,3,316,3,181,0.3333333333333333,0.07278481012658228
sig_lead_in_lag+sig_macro_vix_up,P55,259,16297,106,1262,0.03861003861003861,0.006381542615205253
sig_lead_in_lag+sig_macro_vix_up,Parabola,985,48317,155,1279,0.04060913705583756,0.004532566177535857
sig_lead_in_lag+sig_macro_vix_up,QZ-Capit,184,6573,80,1105,0.08695652173913043,0.014300928038947208
sig_lead_in_lag+sig_macro_vix_up,QZ-Capit-Rev,690,35593,142,1257,0.0463768115942029,0.010957210687494731
sig_lead_in_lag+sig_macro_vix_up,RTB-Base,315,19541,101,1251,0.06984126984126984,0.008239087047745765
sig_lead_in_lag+sig_macro_vix_up,Spring,22,1255,12,600,0.3181818181818182,0.01195219123505976
sig_lead_in_lag+sig_macro_vix_up,T1-CapBounce,4,141,4,116,0.25,0.028368794326241134
sig_lead_in_lag+sig_macro_vix_up,Washout,213,13870,72,1183,0.06103286384976526,0.02054794520547945
sig_lead_in_lag+sig_macro_vix_up,Z-Absorb-Turn,2,31,2,29,0.5,0.06451612903225806
sig_lead_in_lag+sig_macro_vix_up,Z11-T11,11,324,5,161,0.5454545454545454,0.08024691358024691
sig_lead_in_lag+sig_macro_vix_up,ZRT,38,2131,26,647,0.13157894736842105,0.02721726888784608
sig_lead_in_lag+sig_macro_vix_up,Zone-Retest,1731,63049,171,1284,0.05025996533795494,0.008675791844438452
sig_lead_in_lag+sig_macro_vix_up,coil_floor,51,342,27,184,0.11764705882352941,0.05847953216374269
sig_lead_in_lag+sig_macro_vix_up,engulf_absorb_rev,1,2,1,2,1.0,0.5
sig_lead_in_lag+sig_macro_vix_up,ppr×NS,29,1676,22,616,0.10344827586206896,0.02028639618138425
sig_lead_in_lag+sig_macro_vix_up,🌀Engulf-AbsRev,127,1813,69,657,0.05511811023622047,0.014340871483728626
sig_lead_in_lag+sig_macro_vix_up,🎬StopVol-Confirm,59,1154,38,545,0.06779661016949153,0.01386481802426343
sig_lead_in_lag+sig_macro_vix_up,🎯Cluster,25,594,21,322,0.08,0.026936026936026935
sig_lead_in_lag+sig_macro_vix_up,🎯Confluence≥3,31,1608,20,638,0.25806451612903225,0.030472636815920398
sig_lead_in_lag+sig_macro_vix_up,🎯Confluence≥4,2,167,2,126,0.5,0.08982035928143713
sig_lead_in_lag+sig_macro_vix_up,🎯T1-RS-Dip,55,650,34,318,0.10909090909090909,0.027692307692307693
sig_lead_in_lag+sig_macro_vix_up,🎯T3-RS-Dip,164,1205,72,470,0.15853658536585366,0.018257261410788383
sig_lead_in_lag+sig_macro_vix_up,🏆L34→L34,4,222,4,165,0.25,0.02252252252252252
sig_lead_in_lag+sig_macro_vix_up,👑Z1G-CROWN,3,393,3,148,0.3333333333333333,0.4122137404580153
sig_lead_in_lag+sig_macro_vix_up,📐RSI-Div,31,853,22,343,0.16129032258064516,0.03985932004689332
sig_lead_in_lag+sig_macro_vix_up,🔄DualReclaim,117,693,55,295,0.1111111111111111,0.02886002886002886
sig_lead_in_lag+sig_macro_vix_up,🔄DualReclaim deep,18,113,16,80,0.1111111111111111,0.05309734513274336
sig_lead_in_lag+sig_macro_vix_up,🥪T2G-Sandwich,2,166,2,122,0.5,0.04216867469879518
sig_lead_in_lag+sig_macro_vix_up,🧊Coil-Floor,496,4722,129,863,0.06048387096774194,0.015671325709445152
sig_lead_in_lag+sig_macro_vix_up,🧲Z9-HL,4,146,4,57,0.25,0.3972602739726027
sig_lead_in_lag+sig_macro_vix_up,🧺SEQ-20,8,263,8,168,0.125,0.04182509505703422
sig_lead_in_lag+sig_macro_vix_up,🪨T1G-NB,14,244,12,185,0.21428571428571427,0.02459016393442623
sig_h1_dr+sig_macro_vix_up,Atomic,872,21403,105,1211,0.058486238532110095,0.013829836938746905
sig_h1_dr+sig_macro_vix_up,Atomic-R,10,140,9,80,0.2,0.08571428571428572
sig_h1_dr+sig_macro_vix_up,D+L1,115,2905,46,801,0.14782608695652175,0.01927710843373494
sig_h1_dr+sig_macro_vix_up,Engulf-Abs,22,588,17,260,0.13636363636363635,0.18537414965986396
sig_h1_dr+sig_macro_vix_up,FailedBear-Turn,9,170,8,128,0.2222222222222222,0.047058823529411764
sig_h1_dr+sig_macro_vix_up,G3+RL,33,781,20,255,0.15151515151515152,0.06274007682458387
sig_h1_dr+sig_macro_vix_up,G3-Abs,6,195,5,127,0.3333333333333333,0.05641025641025641
sig_h1_dr+sig_macro_vix_up,G3-gap,380,6740,68,1014,0.21578947368421053,0.025816023738872405
sig_h1_dr+sig_macro_vix_up,G3→G3,170,5157,58,991,0.38823529411764707,0.034128369206903236
sig_h1_dr+sig_macro_vix_up,G3→G3→RL,19,376,11,127,0.21052631578947367,0.3271276595744681
sig_h1_dr+sig_macro_vix_up,G3→L46 🕐,281,10371,78,1152,0.11387900355871886,0.02632340179346254
sig_h1_dr+sig_macro_vix_up,HighBase-15mDip,716,6363,125,1045,0.06005586592178771,0.010372465818010372
sig_h1_dr+sig_macro_vix_up,L34camp→REV,4,215,3,163,0.5,0.027906976744186046
sig_h1_dr+sig_macro_vix_up,L43-TRIPLE,25,909,8,309,0.48,0.066006600660066
sig_h1_dr+sig_macro_vix_up,P55,346,16210,109,1260,0.07514450867052024,0.0064157927205428745
sig_h1_dr+sig_macro_vix_up,Parabola,1052,48250,161,1276,0.034220532319391636,0.004538860103626943
sig_h1_dr+sig_macro_vix_up,QZ-Capit,294,6463,104,1106,0.04081632653061224,0.014544329258858115
sig_h1_dr+sig_macro_vix_up,QZ-Capit-Rev,989,35294,157,1257,0.04044489383215369,0.011050036833456112
sig_h1_dr+sig_macro_vix_up,RTB-Base,474,19382,105,1251,0.08227848101265822,0.008306676297595707
sig_h1_dr+sig_macro_vix_up,Spring,24,1253,15,599,0.20833333333333334,0.011971268954509178
sig_h1_dr+sig_macro_vix_up,T1-CapBounce,6,139,6,114,0.16666666666666666,0.02877697841726619
sig_h1_dr+sig_macro_vix_up,Washout,430,13653,92,1182,0.06744186046511629,0.020874533069655022
sig_h1_dr+sig_macro_vix_up,Z-Absorb-Turn,1,32,1,30,1.0,0.0625
sig_h1_dr+sig_macro_vix_up,Z11-T11,15,320,6,160,0.5333333333333333,0.08125
sig_h1_dr+sig_macro_vix_up,ZRT,21,2148,17,649,0.09523809523809523,0.027001862197392923
sig_h1_dr+sig_macro_vix_up,Zone-Retest,2928,61852,183,1284,0.040983606557377046,0.008843691392355947
sig_h1_dr+sig_macro_vix_up,coil_floor,65,328,34,179,0.09230769230769231,0.06097560975609756
sig_h1_dr+sig_macro_vix_up,engulf_absorb_rev,1,2,1,2,1.0,0.5
sig_h1_dr+sig_macro_vix_up,ppr×NS,42,1663,25,618,0.11904761904761904,0.020444978953698137
sig_h1_dr+sig_macro_vix_up,🌀Engulf-AbsRev,136,1804,65,657,0.0661764705882353,0.014412416851441241
sig_h1_dr+sig_macro_vix_up,🌉Z1G→T4,1,74,1,35,1.0,0.2702702702702703
sig_h1_dr+sig_macro_vix_up,🎬StopVol-Confirm,105,1108,59,533,0.08571428571428572,0.01444043321299639
sig_h1_dr+sig_macro_vix_up,🎯Cluster,29,590,20,322,0.27586206896551724,0.02711864406779661
sig_h1_dr+sig_macro_vix_up,🎯Confluence≥3,22,1617,18,638,0.18181818181818182,0.030303030303030304
sig_h1_dr+sig_macro_vix_up,🎯Confluence≥4,2,167,2,126,0.5,0.08982035928143713
sig_h1_dr+sig_macro_vix_up,🎯T1-RS-Dip,97,608,42,306,0.17525773195876287,0.029605263157894735
sig_h1_dr+sig_macro_vix_up,🎯T3-RS-Dip,316,1053,90,448,0.09177215189873418,0.018043684710351376
sig_h1_dr+sig_macro_vix_up,🏆L34→L34,1,225,1,168,1.0,0.022222222222222223
sig_h1_dr+sig_macro_vix_up,👑Z1G-CROWN,7,389,5,149,0.2857142857142857,0.41645244215938304
sig_h1_dr+sig_macro_vix_up,📐RSI-Div,3,881,3,356,0.3333333333333333,0.03859250851305335
sig_h1_dr+sig_macro_vix_up,🔄DualReclaim,175,635,65,282,0.06857142857142857,0.031496062992125984
sig_h1_dr+sig_macro_vix_up,🔄DualReclaim deep,33,98,24,70,0.15151515151515152,0.061224489795918366
sig_h1_dr+sig_macro_vix_up,🥪T2G-Sandwich,1,167,1,123,1.0,0.041916167664670656
sig_h1_dr+sig_macro_vix_up,🧊Coil-Floor,660,4558,136,865,0.03484848484848485,0.016235190873189996
sig_h1_dr+sig_macro_vix_up,🧺SEQ-20,2,269,2,173,0.5,0.040892193308550186
sig_h1_dr+sig_macro_vix_up,🪨T1G-NB,12,246,10,188,0.25,0.024390243902439025
sig_rs_intact+sig_conso+sig_lead_in_lag,Atomic,1925,20350,507,1207,0.019740259740259742,0.013857493857493857
sig_rs_intact+sig_conso+sig_lead_in_lag,Atomic-R,13,137,10,80,0.23076923076923078,0.072992700729927
sig_rs_intact+sig_conso+sig_lead_in_lag,D+L1,335,2685,209,774,0.029850746268656716,0.02011173184357542
sig_rs_intact+sig_conso+sig_lead_in_lag,Engulf-Abs,24,586,24,254,0.041666666666666664,0.18600682593856654
sig_rs_intact+sig_conso+sig_lead_in_lag,FailedBear-Turn,16,163,16,121,0.0625,0.049079754601226995
sig_rs_intact+sig_conso+sig_lead_in_lag,G3+RL,57,757,39,250,0.08771929824561403,0.06472919418758256
sig_rs_intact+sig_conso+sig_lead_in_lag,G3-Abs,14,187,13,122,0.14285714285714285,0.058823529411764705
sig_rs_intact+sig_conso+sig_lead_in_lag,G3-gap,510,6610,188,1005,0.07647058823529412,0.031013615733736764
sig_rs_intact+sig_conso+sig_lead_in_lag,G3→G3,396,4931,205,974,0.08838383838383838,0.03467856418576354
sig_rs_intact+sig_conso+sig_lead_in_lag,G3→G3→RL,23,372,16,125,0.13043478260869565,0.32526881720430106
sig_rs_intact+sig_conso+sig_lead_in_lag,G3→L46 🕐,836,9816,364,1143,0.039473684210526314,0.02689486552567237
sig_rs_intact+sig_conso+sig_lead_in_lag,HighBase-15mDip,1292,5787,514,1018,0.02476780185758514,0.010195265249697598
sig_rs_intact+sig_conso+sig_lead_in_lag,L34camp→REV,10,209,9,157,0.2,0.028708133971291867
sig_rs_intact+sig_conso+sig_lead_in_lag,L43-TRIPLE,55,879,32,305,0.2,0.0671217292377702
sig_rs_intact+sig_conso+sig_lead_in_lag,ND→SC→L46 🕐,1,147,1,82,1.0,0.1564625850340136
sig_rs_intact+sig_conso+sig_lead_in_lag,NS→SC,15,304,13,177,0.2,0.0756578947368421
sig_rs_intact+sig_conso+sig_lead_in_lag,P55,1564,14992,604,1255,0.017263427109974423,0.006937033084311633
sig_rs_intact+sig_conso+sig_lead_in_lag,Parabola,5921,43381,978,1279,0.011315656139165681,0.004010972545584472
sig_rs_intact+sig_conso+sig_lead_in_lag,QZ-Capit,518,6239,310,1088,0.015444015444015444,0.015066517070043276
sig_rs_intact+sig_conso+sig_lead_in_lag,QZ-Capit-Rev,2787,33496,705,1256,0.010764262648008612,0.011255075232863626
sig_rs_intact+sig_conso+sig_lead_in_lag,RTB-Base,1100,18756,412,1250,0.028181818181818183,0.008583919812326722
sig_rs_intact+sig_conso+sig_lead_in_lag,Spring,46,1231,40,588,0.06521739130434782,0.012185215272136474
sig_rs_intact+sig_conso+sig_lead_in_lag,T1-CapBounce,10,135,10,112,0.1,0.02962962962962963
sig_rs_intact+sig_conso+sig_lead_in_lag,Washout,394,13689,196,1180,0.05583756345177665,0.019358609102198845
sig_rs_intact+sig_conso+sig_lead_in_lag,Z-Absorb-Turn,7,26,7,24,0.14285714285714285,0.07692307692307693
sig_rs_intact+sig_conso+sig_lead_in_lag,Z11-T11,20,315,14,157,0.3,0.08253968253968254
sig_rs_intact+sig_conso+sig_lead_in_lag,ZRT,195,1974,128,633,0.05128205128205128,0.025329280648429583
sig_rs_intact+sig_conso+sig_lead_in_lag,ZRT🟢,3,9,3,8,0.3333333333333333,0.2222222222222222
sig_rs_intact+sig_conso+sig_lead_in_lag,Zone-Retest,5374,59406,904,1284,0.010978786751023446,0.008955324378008955
sig_rs_intact+sig_conso+sig_lead_in_lag,coil_floor,82,311,60,169,0.04878048780487805,0.06109324758842444
sig_rs_intact+sig_conso+sig_lead_in_lag,engulf_absorb_rev,2,1,2,1,0.5,1.0
sig_rs_intact+sig_conso+sig_lead_in_lag,ppr×NS,168,1537,124,597,0.041666666666666664,0.02147039687703318
sig_rs_intact+sig_conso+sig_lead_in_lag,🌀Engulf-AbsRev,648,1292,352,559,0.023148148148148147,0.016253869969040248
sig_rs_intact+sig_conso+sig_lead_in_lag,🌉Z1G→T4,7,68,7,31,0.14285714285714285,0.29411764705882354
sig_rs_intact+sig_conso+sig_lead_in_lag,🎬StopVol-Confirm,276,937,189,497,0.021739130434782608,0.016008537886873
sig_rs_intact+sig_conso+sig_lead_in_lag,🎯Cluster,71,548,61,304,0.04225352112676056,0.02737226277372263
sig_rs_intact+sig_conso+sig_lead_in_lag,🎯Confluence≥3,95,1544,73,627,0.07368421052631578,0.03173575129533679
sig_rs_intact+sig_conso+sig_lead_in_lag,🎯Confluence≥4,10,159,10,121,0.1,0.09433962264150944
sig_rs_intact+sig_conso+sig_lead_in_lag,🎯T1-RS-Dip,175,530,129,261,0.03428571428571429,0.03207547169811321
sig_rs_intact+sig_conso+sig_lead_in_lag,🎯T3-RS-Dip,425,944,253,374,0.04470588235294118,0.02754237288135593
sig_rs_intact+sig_conso+sig_lead_in_lag,🏆L34→L34,20,206,18,156,0.1,0.024271844660194174
sig_rs_intact+sig_conso+sig_lead_in_lag,👑Z1G-CROWN,8,388,8,145,0.125,0.41494845360824745
sig_rs_intact+sig_conso+sig_lead_in_lag,📐RSI-Div,274,610,173,264,0.06204379562043796,0.03934426229508197
sig_rs_intact+sig_conso+sig_lead_in_lag,🔄DualReclaim,167,643,110,273,0.041916167664670656,0.027993779160186624
sig_rs_intact+sig_conso+sig_lead_in_lag,🔄DualReclaim deep,25,106,23,73,0.08,0.05660377358490566
sig_rs_intact+sig_conso+sig_lead_in_lag,🥪T2G-Sandwich,13,155,12,115,0.15384615384615385,0.04516129032258064
sig_rs_intact+sig_conso+sig_lead_in_lag,🧊Coil-Floor,1986,3232,660,699,0.01812688821752266,0.017326732673267328
sig_rs_intact+sig_conso+sig_lead_in_lag,🧲Z9-HL,7,143,7,56,0.14285714285714285,0.40559440559440557
sig_rs_intact+sig_conso+sig_lead_in_lag,🧺SEQ-20,21,250,18,165,0.14285714285714285,0.044
sig_rs_intact+sig_conso+sig_lead_in_lag,🪨T1G-NB,65,193,58,150,0.03076923076923077,0.031088082901554404
sig_rs_intact+sig_conso+sig_h1_dr,Atomic,2151,20124,508,1201,0.0199907019990702,0.01366527529318227
sig_rs_intact+sig_conso+sig_h1_dr,Atomic-R,23,127,18,74,0.21739130434782608,0.05511811023622047
sig_rs_intact+sig_conso+sig_h1_dr,D+L1,307,2713,187,780,0.05537459283387622,0.020641356431994103
sig_rs_intact+sig_conso+sig_h1_dr,Engulf-Abs,32,578,29,253,0.0625,0.185121107266436
sig_rs_intact+sig_conso+sig_h1_dr,FailedBear-Turn,24,155,24,117,0.041666666666666664,0.05161290322580645
sig_rs_intact+sig_conso+sig_h1_dr,G3+RL,94,720,59,242,0.06382978723404255,0.06805555555555555
sig_rs_intact+sig_conso+sig_h1_dr,G3-Abs,16,185,9,127,0.375,0.03783783783783784
sig_rs_intact+sig_conso+sig_h1_dr,G3-gap,911,6209,235,1001,0.0889132821075741,0.024158479626348848
sig_rs_intact+sig_conso+sig_h1_dr,G3→G3,482,4845,187,977,0.11618257261410789,0.031166150670794635
sig_rs_intact+sig_conso+sig_h1_dr,G3→G3→RL,52,343,28,120,0.28846153846153844,0.31486880466472306
sig_rs_intact+sig_conso+sig_h1_dr,G3→L46 🕐,722,9930,297,1139,0.04293628808864266,0.027492447129909364
sig_rs_intact+sig_conso+sig_h1_dr,HighBase-15mDip,1790,5289,582,1003,0.021787709497206705,0.012289657780298733
sig_rs_intact+sig_conso+sig_h1_dr,L34camp→REV,10,209,9,159,0.2,0.028708133971291867
sig_rs_intact+sig_conso+sig_h1_dr,L43-TRIPLE,76,858,36,305,0.14473684210526316,0.06643356643356643
sig_rs_intact+sig_conso+sig_h1_dr,NS→SC,2,317,1,184,1.0,0.07255520504731862
sig_rs_intact+sig_conso+sig_h1_dr,P55,1134,15422,446,1255,0.05555555555555555,0.006743613020360524
sig_rs_intact+sig_conso+sig_h1_dr,Parabola,3081,46221,757,1276,0.011684518013631937,0.004543389368468878
sig_rs_intact+sig_conso+sig_h1_dr,QZ-Capit,715,6042,373,1090,0.016783216783216783,0.015557762330354188
sig_rs_intact+sig_conso+sig_h1_dr,QZ-Capit-Rev,3326,32957,773,1257,0.014732411304870716,0.010650241223412325
sig_rs_intact+sig_conso+sig_h1_dr,RTB-Base,1405,18451,414,1249,0.04412811387900356,0.0087258143190071
sig_rs_intact+sig_conso+sig_h1_dr,Spring,46,1231,37,593,0.06521739130434782,0.012185215272136474
sig_rs_intact+sig_conso+sig_h1_dr,T1-CapBounce,11,134,10,111,0.18181818181818182,0.029850746268656716
sig_rs_intact+sig_conso+sig_h1_dr,Washout,619,13464,243,1177,0.03877221324717286,0.0196078431372549
sig_rs_intact+sig_conso+sig_h1_dr,Z-Absorb-Turn,1,32,1,30,1.0,0.0625
sig_rs_intact+sig_conso+sig_h1_dr,Z11-T11,31,304,18,152,0.25806451612903225,0.06907894736842106
sig_rs_intact+sig_conso+sig_h1_dr,ZRT,93,2076,76,645,0.06451612903225806,0.025048169556840076
sig_rs_intact+sig_conso+sig_h1_dr,ZRT🟢,2,10,2,9,0.5,0.2
sig_rs_intact+sig_conso+sig_h1_dr,Zone-Retest,6974,57806,963,1283,0.009033553197591053,0.008493927965955092
sig_rs_intact+sig_conso+sig_h1_dr,coil_floor,108,285,81,156,0.08333333333333333,0.03859649122807018
sig_rs_intact+sig_conso+sig_h1_dr,engulf_absorb_rev,1,2,1,2,1.0,0.5
sig_rs_intact+sig_conso+sig_h1_dr,ppr×NS,170,1535,126,595,0.052941176470588235,0.021498371335504887
sig_rs_intact+sig_conso+sig_h1_dr,🌀Engulf-AbsRev,370,1570,232,614,0.024324324324324326,0.015286624203821656
sig_rs_intact+sig_conso+sig_h1_dr,🌉Z1G→T4,3,72,3,34,0.3333333333333333,0.2777777777777778
sig_rs_intact+sig_conso+sig_h1_dr,🎬StopVol-Confirm,358,855,248,460,0.0223463687150838,0.01871345029239766
sig_rs_intact+sig_conso+sig_h1_dr,🎯Cluster,41,578,40,315,0.04878048780487805,0.025951557093425604
sig_rs_intact+sig_conso+sig_h1_dr,🎯Confluence≥3,55,1584,46,630,0.05454545454545454,0.030934343434343436
sig_rs_intact+sig_conso+sig_h1_dr,🎯Confluence≥4,6,163,6,124,0.16666666666666666,0.09202453987730061
sig_rs_intact+sig_conso+sig_h1_dr,🎯T1-RS-Dip,214,491,138,250,0.06074766355140187,0.034623217922606926
sig_rs_intact+sig_conso+sig_h1_dr,🎯T3-RS-Dip,636,733,308,345,0.03459119496855346,0.021828103683492497
sig_rs_intact+sig_conso+sig_h1_dr,🏆L34→L34,2,224,2,168,0.5,0.022321428571428572
sig_rs_intact+sig_conso+sig_h1_dr,👑Z1G-CROWN,18,378,8,147,0.5,0.40476190476190477
sig_rs_intact+sig_conso+sig_h1_dr,📐RSI-Div,13,871,12,354,0.15384615384615385,0.03788748564867968
sig_rs_intact+sig_conso+sig_h1_dr,🔄DualReclaim,224,586,129,261,0.044642857142857144,0.02901023890784983
sig_rs_intact+sig_conso+sig_h1_dr,🔄DualReclaim deep,35,96,30,69,0.05714285714285714,0.0625
sig_rs_intact+sig_conso+sig_h1_dr,🧊Coil-Floor,2221,2997,638,749,0.01620891490319676,0.020353687020353686
sig_rs_intact+sig_conso+sig_h1_dr,🧺SEQ-20,4,267,4,173,0.25,0.04119850187265917
sig_rs_intact+sig_conso+sig_h1_dr,🪨T1G-NB,21,237,19,181,0.14285714285714285,0.02531645569620253
sig_rs_intact+sig_lead_in_lag+sig_h1_dr,Atomic,905,21370,327,1209,0.028729281767955802,0.01357042583060365
sig_rs_intact+sig_lead_in_lag+sig_h1_dr,Atomic-R,8,142,7,82,0.25,0.07042253521126761
sig_rs_intact+sig_lead_in_lag+sig_h1_dr,D+L1,127,2893,96,803,0.07874015748031496,0.01935706878672658
sig_rs_intact+sig_lead_in_lag+sig_h1_dr,Engulf-Abs,20,590,20,257,0.05,0.1847457627118644
sig_rs_intact+sig_lead_in_lag+sig_h1_dr,FailedBear-Turn,12,167,11,124,0.16666666666666666,0.04790419161676647
sig_rs_intact+sig_lead_in_lag+sig_h1_dr,G3+RL,43,771,31,255,0.06976744186046512,0.06355382619974059
sig_rs_intact+sig_lead_in_lag+sig_h1_dr,G3-Abs,5,196,4,130,0.4,0.05612244897959184
sig_rs_intact+sig_lead_in_lag+sig_h1_dr,G3-gap,423,6697,144,1008,0.08983451536643026,0.030610721218456025
sig_rs_intact+sig_lead_in_lag+sig_h1_dr,G3→G3,185,5142,83,994,0.16756756756756758,0.033644496304939715
sig_rs_intact+sig_lead_in_lag+sig_h1_dr,G3→G3→RL,30,365,13,126,0.4666666666666667,0.29863013698630136
sig_rs_intact+sig_lead_in_lag+sig_h1_dr,G3→L46 🕐,313,10339,177,1146,0.04472843450479233,0.026404874746106973
sig_rs_intact+sig_lead_in_lag+sig_h1_dr,HighBase-15mDip,735,6344,366,1042,0.0326530612244898,0.010403530895334174
sig_rs_intact+sig_lead_in_lag+sig_h1_dr,L34camp→REV,5,214,4,161,0.4,0.028037383177570093
sig_rs_intact+sig_lead_in_lag+sig_h1_dr,L43-TRIPLE,70,864,34,305,0.17142857142857143,0.06712962962962964
sig_rs_intact+sig_lead_in_lag+sig_h1_dr,ND→SC→L46 🕐,2,146,2,83,0.5,0.1506849315068493
sig_rs_intact+sig_lead_in_lag+sig_h1_dr,NS→SC,3,316,2,183,0.6666666666666666,0.07278481012658228
sig_rs_intact+sig_lead_in_lag+sig_h1_dr,P55,493,16063,288,1263,0.02434077079107505,0.006474506630143808
sig_rs_intact+sig_lead_in_lag+sig_h1_dr,Parabola,1243,48059,487,1279,0.0249396621078037,0.00434882124055848
sig_rs_intact+sig_lead_in_lag+sig_h1_dr,QZ-Capit,414,6343,251,1093,0.021739130434782608,0.01481948604761154
sig_rs_intact+sig_lead_in_lag+sig_h1_dr,QZ-Capit-Rev,1709,34574,579,1257,0.016383850204798128,0.011077688436397292
sig_rs_intact+sig_lead_in_lag+sig_h1_dr,RTB-Base,655,19201,303,1250,0.03206106870229008,0.008384979948960992
sig_rs_intact+sig_lead_in_lag+sig_h1_dr,Spring,35,1242,25,598,0.14285714285714285,0.012077294685990338
sig_rs_intact+sig_lead_in_lag+sig_h1_dr,T1-CapBounce,7,138,7,115,0.14285714285714285,0.028985507246376812
sig_rs_intact+sig_lead_in_lag+sig_h1_dr,Washout,574,13509,240,1179,0.04006968641114982,0.019986675549633577
sig_rs_intact+sig_lead_in_lag+sig_h1_dr,Z-Absorb-Turn,1,32,1,30,1.0,0.0625
sig_rs_intact+sig_lead_in_lag+sig_h1_dr,Z11-T11,16,319,11,159,0.375,0.08150470219435736
sig_rs_intact+sig_lead_in_lag+sig_h1_dr,ZRT,56,2113,44,646,0.08928571428571429,0.025082820634169428
sig_rs_intact+sig_lead_in_lag+sig_h1_dr,ZRT🟢,2,10,2,9,0.5,0.2
sig_rs_intact+sig_lead_in_lag+sig_h1_dr,Zone-Retest,3898,60882,789,1284,0.013853258081067214,0.008344009723727867
sig_rs_intact+sig_lead_in_lag+sig_h1_dr,coil_floor,82,311,65,167,0.04878048780487805,0.05466237942122187
sig_rs_intact+sig_lead_in_lag+sig_h1_dr,engulf_absorb_rev,1,2,1,2,1.0,0.5
sig_rs_intact+sig_lead_in_lag+sig_h1_dr,ppr×NS,76,1629,64,614,0.05263157894736842,0.020257826887661142
sig_rs_intact+sig_lead_in_lag+sig_h1_dr,🌀Engulf-AbsRev,152,1788,111,655,0.05263157894736842,0.013982102908277404
sig_rs_intact+sig_lead_in_lag+sig_h1_dr,🌉Z1G→T4,1,74,1,36,1.0,0.2702702702702703
sig_rs_intact+sig_lead_in_lag+sig_h1_dr,🎬StopVol-Confirm,165,1048,122,524,0.03636363636363636,0.01431297709923664
sig_rs_intact+sig_lead_in_lag+sig_h1_dr,🎯Cluster,40,579,35,319,0.075,0.025906735751295335
sig_rs_intact+sig_lead_in_lag+sig_h1_dr,🎯Confluence≥3,53,1586,43,630,0.07547169811320754,0.0308953341740227
sig_rs_intact+sig_lead_in_lag+sig_h1_dr,🎯Confluence≥4,7,162,7,124,0.14285714285714285,0.09259259259259259
sig_rs_intact+sig_lead_in_lag+sig_h1_dr,🎯T1-RS-Dip,160,545,116,267,0.0375,0.031192660550458717
sig_rs_intact+sig_lead_in_lag+sig_h1_dr,🎯T3-RS-Dip,364,1005,209,416,0.06593406593406594,0.023880597014925373
sig_rs_intact+sig_lead_in_lag+sig_h1_dr,👑Z1G-CROWN,16,380,6,147,0.625,0.4
sig_rs_intact+sig_lead_in_lag+sig_h1_dr,📐RSI-Div,9,875,9,355,0.1111111111111111,0.037714285714285714
sig_rs_intact+sig_lead_in_lag+sig_h1_dr,🔄DualReclaim,224,586,137,246,0.03125,0.02901023890784983
sig_rs_intact+sig_lead_in_lag+sig_h1_dr,🔄DualReclaim deep,45,86,37,66,0.1111111111111111,0.05813953488372093
sig_rs_intact+sig_lead_in_lag+sig_h1_dr,🧊Coil-Floor,1209,4009,508,806,0.013234077750206782,0.017460713394861563
sig_rs_intact+sig_lead_in_lag+sig_h1_dr,🧺SEQ-20,4,267,4,172,0.25,0.04119850187265917
sig_rs_intact+sig_lead_in_lag+sig_h1_dr,🪨T1G-NB,10,248,10,189,0.1,0.024193548387096774
sig_conso+sig_lead_in_lag+sig_h1_dr,Atomic,694,21581,271,1212,0.03025936599423631,0.01357675733283907
sig_conso+sig_lead_in_lag+sig_h1_dr,Atomic-R,7,143,6,82,0.2857142857142857,0.06993006993006994
sig_conso+sig_lead_in_lag+sig_h1_dr,D+L1,117,2903,87,803,0.08547008547008547,0.019290389252497417
sig_conso+sig_lead_in_lag+sig_h1_dr,Engulf-Abs,14,596,14,259,0.07142857142857142,0.18288590604026847
sig_conso+sig_lead_in_lag+sig_h1_dr,FailedBear-Turn,9,170,9,126,0.1111111111111111,0.047058823529411764
sig_conso+sig_lead_in_lag+sig_h1_dr,G3+RL,37,777,27,257,0.08108108108108109,0.06306306306306306
sig_conso+sig_lead_in_lag+sig_h1_dr,G3-Abs,4,197,4,130,0.25,0.05583756345177665
sig_conso+sig_lead_in_lag+sig_h1_dr,G3-gap,352,6768,135,1010,0.10795454545454546,0.030289598108747044
sig_conso+sig_lead_in_lag+sig_h1_dr,G3→G3,149,5178,69,995,0.20134228187919462,0.03360370799536501
sig_conso+sig_lead_in_lag+sig_h1_dr,G3→G3→RL,17,378,13,126,0.17647058823529413,0.3201058201058201
sig_conso+sig_lead_in_lag+sig_h1_dr,G3→L46 🕐,237,10415,145,1146,0.05907172995780591,0.026212193951032164
sig_conso+sig_lead_in_lag+sig_h1_dr,HighBase-15mDip,607,6472,322,1048,0.036243822075782535,0.01019777503090235
sig_conso+sig_lead_in_lag+sig_h1_dr,L34camp→REV,5,214,4,161,0.4,0.028037383177570093
sig_conso+sig_lead_in_lag+sig_h1_dr,L43-TRIPLE,44,890,24,307,0.25,0.06629213483146068
sig_conso+sig_lead_in_lag+sig_h1_dr,NS→SC,2,317,1,184,1.0,0.07255520504731862
sig_conso+sig_lead_in_lag+sig_h1_dr,P55,423,16133,259,1263,0.026004728132387706,0.0064464141821112
sig_conso+sig_lead_in_lag+sig_h1_dr,Parabola,915,48387,414,1279,0.030601092896174863,0.004402008804017608
sig_conso+sig_lead_in_lag+sig_h1_dr,QZ-Capit,313,6444,212,1095,0.022364217252396165,0.014587212911235258
sig_conso+sig_lead_in_lag+sig_h1_dr,QZ-Capit-Rev,1462,34821,546,1257,0.01709986320109439,0.011056546336980558
sig_conso+sig_lead_in_lag+sig_h1_dr,RTB-Base,618,19238,286,1250,0.03398058252427184,0.008368853311155005
sig_conso+sig_lead_in_lag+sig_h1_dr,Spring,22,1255,19,598,0.13636363636363635,0.01195219123505976
sig_conso+sig_lead_in_lag+sig_h1_dr,T1-CapBounce,6,139,6,115,0.16666666666666666,0.02877697841726619
sig_conso+sig_lead_in_lag+sig_h1_dr,Washout,279,13804,150,1181,0.07885304659498207,0.02006664734859461
sig_conso+sig_lead_in_lag+sig_h1_dr,Z-Absorb-Turn,1,32,1,30,1.0,0.0625
sig_conso+sig_lead_in_lag+sig_h1_dr,Z11-T11,13,322,8,160,0.46153846153846156,0.08074534161490683
sig_conso+sig_lead_in_lag+sig_h1_dr,ZRT,49,2120,40,648,0.08163265306122448,0.02547169811320755
sig_conso+sig_lead_in_lag+sig_h1_dr,ZRT🟢,2,10,2,9,0.5,0.2
sig_conso+sig_lead_in_lag+sig_h1_dr,Zone-Retest,3117,61663,744,1284,0.015720243824189926,0.00865997437685484
sig_conso+sig_lead_in_lag+sig_h1_dr,coil_floor,38,355,32,183,0.07894736842105263,0.05352112676056338
sig_conso+sig_lead_in_lag+sig_h1_dr,engulf_absorb_rev,1,2,1,2,1.0,0.5
sig_conso+sig_lead_in_lag+sig_h1_dr,ppr×NS,63,1642,52,615,0.06349206349206349,0.020097442143727162
sig_conso+sig_lead_in_lag+sig_h1_dr,🌀Engulf-AbsRev,137,1803,98,657,0.058394160583941604,0.013865779256794232
sig_conso+sig_lead_in_lag+sig_h1_dr,🌉Z1G→T4,1,74,1,36,1.0,0.2702702702702703
sig_conso+sig_lead_in_lag+sig_h1_dr,🎬StopVol-Confirm,121,1092,99,534,0.03305785123966942,0.014652014652014652
sig_conso+sig_lead_in_lag+sig_h1_dr,🎯Cluster,23,596,23,321,0.043478260869565216,0.025167785234899327
sig_conso+sig_lead_in_lag+sig_h1_dr,🎯Confluence≥3,34,1605,29,633,0.08823529411764706,0.030529595015576325
sig_conso+sig_lead_in_lag+sig_h1_dr,🎯Confluence≥4,4,165,4,125,0.25,0.09090909090909091
sig_conso+sig_lead_in_lag+sig_h1_dr,🎯T1-RS-Dip,98,607,80,286,0.04081632653061224,0.02800658978583196
sig_conso+sig_lead_in_lag+sig_h1_dr,🎯T3-RS-Dip,271,1098,176,429,0.06273062730627306,0.023679417122040074
sig_conso+sig_lead_in_lag+sig_h1_dr,👑Z1G-CROWN,3,393,3,149,0.3333333333333333,0.40966921119592875
sig_conso+sig_lead_in_lag+sig_h1_dr,📐RSI-Div,5,879,5,357,0.2,0.03754266211604096
sig_conso+sig_lead_in_lag+sig_h1_dr,🔄DualReclaim,104,706,72,285,0.04807692307692308,0.026912181303116147
sig_conso+sig_lead_in_lag+sig_h1_dr,🔄DualReclaim deep,18,113,17,77,0.1111111111111111,0.05309734513274336
sig_conso+sig_lead_in_lag+sig_h1_dr,🧊Coil-Floor,1045,4173,472,821,0.015311004784688996,0.017014138509465614
sig_conso+sig_lead_in_lag+sig_h1_dr,🧺SEQ-20,1,270,1,175,1.0,0.040740740740740744
sig_conso+sig_lead_in_lag+sig_h1_dr,🪨T1G-NB,7,251,7,190,0.14285714285714285,0.02390438247011952
rsi<35,Atomic,1180,21095,428,1197,0.0288135593220339,0.01398435648257881
rsi<35,Atomic-R,29,121,25,72,0.13793103448275862,0.09090909090909091
rsi<35,D+L1,58,2962,31,809,0.20689655172413793,0.018568534773801486
rsi<35,Engulf-Abs,149,461,105,200,0.06711409395973154,0.21475054229934923
rsi<35,FailedBear-Turn,11,168,11,126,0.09090909090909091,0.047619047619047616
rsi<35,G3+RL,357,457,137,183,0.06162464985994398,0.10065645514223195
rsi<35,G3-Abs,8,193,8,125,0.125,0.05699481865284974
rsi<35,G3-gap,985,6135,349,968,0.08223350253807106,0.02950285248573757
rsi<35,G3→G3,553,4774,189,968,0.23688969258589512,0.02618349392542941
rsi<35,G3→G3→RL,289,106,85,62,0.4083044982698962,0.0660377358490566
rsi<35,G3→L46 🕐,1172,9480,441,1129,0.031569965870307165,0.02879746835443038
rsi<35,L34camp→REV,18,201,18,151,0.05555555555555555,0.029850746268656716
rsi<35,L43-TRIPLE,405,529,173,217,0.1259259259259259,0.05860113421550094
rsi<35,ND→SC→L46 🕐,18,130,13,75,0.2777777777777778,0.17692307692307693
rsi<35,NS→SC,37,282,27,175,0.13513513513513514,0.06382978723404255
rsi<35,P55,218,16338,93,1265,0.17889908256880735,0.006365528216427959
rsi<35,Parabola,8,49294,7,1279,0.25,0.004442731366900637
rsi<35,QZ-Capit,2662,4095,718,1027,0.024417731029301278,0.009523809523809525
rsi<35,QZ-Capit-Rev,10902,25381,1137,1246,0.02412401394239589,0.005870533075922934
rsi<35,Spring,33,1244,29,593,0.09090909090909091,0.013665594855305467
rsi<35,T1-CapBounce,10,135,9,114,0.2,0.02962962962962963
rsi<35,Washout,12029,2054,1157,733,0.02269515337933328,0.011684518013631937
rsi<35,Z11-T11,98,237,59,130,0.23469387755102042,0.06329113924050633
rsi<35,ZRT,233,1936,153,621,0.04721030042918455,0.029442148760330578
rsi<35,ZRT🟢,2,10,2,10,0.5,0.1
rsi<35,Zone-Retest,7271,57509,1093,1281,0.016228854352908814,0.009042062981446383
rsi<35,coil_floor,154,239,91,153,0.07142857142857142,0.03765690376569038
rsi<35,g3g3rl,4,1,3,1,0.5,1.0
rsi<35,ppr×NS,11,1694,11,622,0.09090909090909091,0.020070838252656435
rsi<35,⚡G3-Abs,2,3,2,3,0.5,0.3333333333333333
rsi<35,🌀Engulf-AbsRev,30,1910,26,677,0.06666666666666667,0.013612565445026177
rsi<35,🌉Z1G→T4,20,55,4,33,0.85,0.2
rsi<35,🌉v2 Z1G→T3/T6,24,51,4,35,0.875,0.21568627450980393
rsi<35,🎬StopVol-Confirm,1,1212,1,560,1.0,0.013201320132013201
rsi<35,🎯Cluster,107,512,82,297,0.056074766355140186,0.02734375
rsi<35,🎯Confluence≥3,477,1162,272,524,0.0440251572327044,0.024096385542168676
rsi<35,🎯Confluence≥4,53,116,39,101,0.18867924528301888,0.04310344827586207
rsi<35,🎯T1-RS-Dip,12,693,9,327,0.25,0.025974025974025976
rsi<35,🎯T3-RS-Dip,60,1309,47,492,0.13333333333333333,0.020626432391138275
rsi<35,🏆L34→L34,4,222,4,164,0.25,0.02252252252252252
rsi<35,👑Z1G-CROWN,197,199,40,126,0.766497461928934,0.06030150753768844
rsi<35,📐RSI-Div,8,876,8,357,0.125,0.03767123287671233
rsi<35,🔄DualReclaim deep,112,19,76,15,0.05357142857142857,0.10526315789473684
rsi<35,🧊Coil-Floor,859,4359,329,869,0.027939464493597205,0.013764624913971095
rsi<35,🧲Z9-HL,16,134,5,57,0.5625,0.3656716417910448
rsi<35,🧺SEQ-20,17,254,9,169,0.5294117647058824,0.04330708661417323
rsi35-50,Atomic,9636,12639,1018,1121,0.013283520132835201,0.016456998180235778
rsi35-50,Atomic-R,89,61,57,44,0.10112359550561797,0.08196721311475409
rsi35-50,D+L1,1656,1364,623,571,0.024154589371980676,0.01686217008797654
rsi35-50,Engulf-Abs,461,149,200,105,0.21475054229934923,0.06711409395973154
rsi35-50,FailedBear-Turn,168,11,126,11,0.047619047619047616,0.09090909090909091
rsi35-50,G3+RL,337,477,153,167,0.05341246290801187,0.10272536687631027
rsi35-50,G3-Abs,102,99,75,76,0.058823529411764705,0.09090909090909091
rsi35-50,G3-gap,6135,985,968,349,0.02950285248573757,0.08223350253807106
rsi35-50,G3→G3,1576,3751,494,898,0.06789340101522842,0.035723806984804055
rsi35-50,G3→G3→RL,98,297,55,92,0.07142857142857142,0.39730639730639733
rsi35-50,G3→L46 🕐,4737,5915,912,1041,0.02786573780873971,0.041758241758241756
rsi35-50,HighBase-15mDip,2181,4898,739,976,0.016506189821182942,0.011024908125765618
rsi35-50,L34camp→REV,183,36,139,35,0.03278688524590164,0.05555555555555555
rsi35-50,L43-TRIPLE,529,405,217,173,0.05860113421550094,0.1259259259259259
rsi35-50,ND→SC→L46 🕐,102,46,59,37,0.22549019607843138,0.10869565217391304
rsi35-50,NS→SC,198,121,124,91,0.08080808080808081,0.05785123966942149
rsi35-50,P55,3675,12881,988,1240,0.008979591836734694,0.008073907305333437
rsi35-50,Parabola,68,49234,54,1279,0.04411764705882353,0.004448145590445627
rsi35-50,QZ-Capit,3708,3049,978,829,0.009978425026968716,0.021318465070514922
rsi35-50,QZ-Capit-Rev,25381,10902,1246,1137,0.005870533075922934,0.02412401394239589
rsi35-50,Spring,943,334,505,252,0.013785790031813362,0.017964071856287425
rsi35-50,T1-CapBounce,135,10,114,9,0.02962962962962963,0.2
rsi35-50,Washout,2054,12029,733,1157,0.011684518013631937,0.02269515337933328
rsi35-50,Z-Absorb-Turn,13,20,13,20,0.07692307692307693,0.05
rsi35-50,Z11-T11,237,98,130,59,0.06329113924050633,0.23469387755102042
rsi35-50,ZRT,1804,365,599,231,0.02827050997782705,0.030136986301369864
rsi35-50,ZRT🟢,9,3,9,3,0.1111111111111111,0.3333333333333333
rsi35-50,Zone-Retest,50573,14207,1280,1237,0.009609870879718426,0.009643133666502428
rsi35-50,coil_floor,239,154,153,91,0.03765690376569038,0.07142857142857142
rsi35-50,engulf_absorb_rev,1,2,1,2,1.0,0.5
rsi35-50,g3g3rl,1,4,1,3,1.0,0.5
rsi35-50,ppr×NS,767,938,389,467,0.03129074315514994,0.019189765458422176
rsi35-50,⚡G3-Abs,3,2,3,2,0.3333333333333333,0.5
rsi35-50,🌀Engulf-AbsRev,634,1306,360,563,0.028391167192429023,0.011485451761102604
rsi35-50,🌉Z1G→T4,24,51,14,27,0.25,0.3333333333333333
rsi35-50,🌉v2 Z1G→T3/T6,20,55,12,28,0.4,0.38181818181818183
rsi35-50,🎬StopVol-Confirm,267,946,196,493,0.026217228464419477,0.015856236786469344
rsi35-50,🎯Cluster,450,169,271,130,0.028888888888888888,0.04142011834319527
rsi35-50,🎯Confluence≥3,1079,560,502,330,0.025949953660797033,0.0375
rsi35-50,🎯Confluence≥4,105,64,93,49,0.047619047619047616,0.15625
rsi35-50,🎯T1-RS-Dip,693,12,327,9,0.025974025974025976,0.25
rsi35-50,🎯T3-RS-Dip,1309,60,492,47,0.020626432391138275,0.13333333333333333
rsi35-50,🏆L34→L34,48,178,46,136,0.041666666666666664,0.028089887640449437
rsi35-50,👑Z1G-CROWN,148,248,89,83,0.07432432432432433,0.6088709677419355
rsi35-50,📐RSI-Div,471,413,229,226,0.050955414012738856,0.03389830508474576
rsi35-50,🔄DualReclaim,769,41,300,39,0.02600780234070221,0.04878048780487805
rsi35-50,🔄DualReclaim deep,19,112,15,76,0.10526315789473684,0.05357142857142857
rsi35-50,🧊Coil-Floor,4359,859,869,329,0.013764624913971095,0.027939464493597205
rsi35-50,🧲Z9-HL,90,60,21,44,0.5333333333333333,0.16666666666666666
rsi35-50,🧺SEQ-20,84,187,64,131,0.11904761904761904,0.0481283422459893
rsi35-50,🪨T1G-NB,40,218,33,168,0.1,0.027522935779816515
rsi50-65,Atomic,9647,12628,1041,1118,0.01948792370685187,0.010769718086791258
rsi50-65,Atomic-R,30,120,24,73,0.06666666666666667,0.08333333333333333
rsi50-65,D+L1,1266,1754,549,637,0.018167456556082148,0.02394526795895097
rsi50-65,G3+RL,28,786,25,251,0.10714285714285714,0.062340966921119595
rsi50-65,G3-Abs,86,115,64,84,0.10465116279069768,0.05217391304347826
rsi50-65,G3→G3,2020,3307,650,842,0.03910891089108911,0.05231327487148473
rsi50-65,G3→G3→RL,4,391,4,128,0.25,0.3145780051150895
rsi50-65,G3→L46 🕐,3737,6915,878,1049,0.026491838373026492,0.0274765003615329
rsi50-65,HighBase-15mDip,4898,2181,976,739,0.011024908125765618,0.016506189821182942
rsi50-65,L34camp→REV,18,201,17,151,0.1111111111111111,0.029850746268656716
rsi50-65,ND→SC→L46 🕐,28,120,26,68,0.07142857142857142,0.19166666666666668
rsi50-65,NS→SC,79,240,66,140,0.06329113924050633,0.0875
rsi50-65,P55,11887,4669,1229,1045,0.005972911584083453,0.02227457699721568
rsi50-65,Parabola,29078,20224,1274,1240,0.004986587798335511,0.006576344936708861
rsi50-65,QZ-Capit,347,6410,237,1081,0.020172910662824207,0.014664586583463339
rsi50-65,Spring,301,976,228,515,0.019933554817275746,0.01331967213114754
rsi50-65,Z-Absorb-Turn,19,14,19,14,0.05263157894736842,0.07142857142857142
rsi50-65,ZRT,124,2045,105,633,0.04838709677419355,0.025427872860635695
rsi50-65,ZRT🟢,1,11,1,10,1.0,0.18181818181818182
rsi50-65,Zone-Retest,6707,58073,1097,1283,0.014015207991650515,0.008833709296919394
rsi50-65,engulf_absorb_rev,2,1,2,1,0.5,1.0
rsi50-65,ppr×NS,907,798,447,407,0.019845644983461964,0.03007518796992481
rsi50-65,🌀Engulf-AbsRev,1276,664,549,370,0.011755485893416929,0.02710843373493976
rsi50-65,🌉Z1G→T4,28,47,21,19,0.17857142857142858,0.425531914893617
rsi50-65,🌉v2 Z1G→T3/T6,24,51,19,22,0.125,0.4117647058823529
rsi50-65,🎬StopVol-Confirm,553,660,340,398,0.0216998191681736,0.013636363636363636
rsi50-65,🎯Cluster,62,557,54,308,0.08064516129032258,0.025134649910233394
rsi50-65,🎯Confluence≥3,83,1556,79,622,0.03614457831325301,0.031491002570694086
rsi50-65,🎯Confluence≥4,11,158,10,120,0.18181818181818182,0.0949367088607595
rsi50-65,🏆L34→L34,119,107,98,89,0.04201680672268908,0.037383177570093455
rsi50-65,👑Z1G-CROWN,45,351,41,118,0.06666666666666667,0.46153846153846156
rsi50-65,📐RSI-Div,372,512,202,254,0.03763440860215054,0.048828125
rsi50-65,🔄DualReclaim,31,779,29,305,0.06451612903225806,0.025673940949935817
rsi50-65,🧲Z9-HL,36,114,32,32,0.05555555555555555,0.5
rsi50-65,🧺SEQ-20,126,145,91,108,0.05555555555555555,0.06896551724137931
rsi50-65,🪨T1G-NB,145,113,115,99,0.034482758620689655,0.035398230088495575
rsi>=65,Atomic,1812,20463,559,1196,0.02207505518763797,0.013536627083027905
rsi>=65,Atomic-R,2,148,2,83,0.5,0.08108108108108109
rsi>=65,D+L1,40,2980,27,807,0.1,0.018456375838926176
rsi>=65,G3+RL,92,722,15,253,0.5,0.04293628808864266
rsi>=65,G3-Abs,5,196,5,128,0.2,0.05612244897959184
rsi>=65,G3→G3,1178,4149,522,863,0.022071307300509338,0.042419860207278864
rsi>=65,G3→G3→RL,4,391,4,126,0.25,0.3145780051150895
rsi>=65,G3→L46 🕐,1002,9650,399,1129,0.16367265469061876,0.01782383419689119
rsi>=65,NS→SC,5,314,5,181,0.2,0.0732484076433121
rsi>=65,P55,776,15780,306,1261,0.13402061855670103,0.0057667934093789605
rsi>=65,Parabola,20148,29154,1238,1275,0.006601151479054993,0.004973588529875832
rsi>=65,QZ-Capit,40,6717,39,1105,0.05,0.01399434271252047
rsi>=65,Z-Absorb-Turn,1,32,1,30,1.0,0.0625
rsi>=65,ZRT,8,2161,8,650,0.125,0.026839426191577972
rsi>=65,Zone-Retest,227,64553,162,1284,0.09251101321585903,0.008473657304850278
rsi>=65,ppr×NS,20,1685,17,619,0.2,0.020178041543026708
rsi>=65,🌉Z1G→T4,3,72,3,35,0.3333333333333333,0.2777777777777778
rsi>=65,🌉v2 Z1G→T3/T6,7,68,7,33,0.14285714285714285,0.3088235294117647
rsi>=65,🎬StopVol-Confirm,392,821,274,429,0.017857142857142856,0.018270401948842874
rsi>=65,🏆L34→L34,55,171,46,138,0.07272727272727272,0.029239766081871343
rsi>=65,👑Z1G-CROWN,6,390,6,145,0.16666666666666666,0.4153846153846154
rsi>=65,📐RSI-Div,33,851,32,343,0.06060606060606061,0.0399529964747356
rsi>=65,🔄DualReclaim,10,800,10,315,0.1,0.025
rsi>=65,🧲Z9-HL,8,142,8,52,0.125,0.4084507042253521
rsi>=65,🧺SEQ-20,44,227,40,143,0.045454545454545456,0.048458149779735685
rsi>=65,🪨T1G-NB,73,185,67,143,0.0410958904109589,0.02702702702702703
adx-1,Atomic,928,21347,246,1167,0.20043103448275862,0.013819272028856513
adx-1,Atomic-R,8,142,7,78,0.25,0.08450704225352113
adx-1,D+L1,127,2893,57,775,0.09448818897637795,0.01935706878672658
adx-1,Engulf-Abs,25,585,23,245,0.08,0.18632478632478633
adx-1,FailedBear-Turn,15,164,6,127,0.5333333333333333,0.024390243902439025
adx-1,G3+RL,151,663,34,237,0.32450331125827814,0.04524886877828054
adx-1,G3-Abs,17,184,11,120,0.23529411764705882,0.059782608695652176
adx-1,G3-gap,448,6672,109,966,0.26785714285714285,0.03192446043165468
adx-1,G3→G3,284,5043,138,943,0.24647887323943662,0.034304977196113424
adx-1,G3→G3→RL,12,383,12,118,0.08333333333333333,0.32114882506527415
adx-1,G3→L46 🕐,565,10087,266,1102,0.07610619469026549,0.026866263507484882
adx-1,HighBase-15mDip,137,6942,53,1053,0.1678832116788321,0.010947853644482858
adx-1,L34camp→REV,5,214,5,160,0.2,0.028037383177570093
adx-1,L43-TRIPLE,49,885,21,294,0.5510204081632653,0.06779661016949153
adx-1,ND→SC→L46 🕐,3,145,3,81,0.3333333333333333,0.15862068965517243
adx-1,NS→SC,11,308,9,177,0.2727272727272727,0.07467532467532467
adx-1,P55,1656,14900,382,1222,0.06280193236714976,0.00610738255033557
adx-1,Parabola,1249,48053,423,1257,0.07686148919135308,0.004495036730276986
adx-1,QZ-Capit,127,6630,70,1092,0.10236220472440945,0.014027149321266969
adx-1,QZ-Capit-Rev,857,35426,209,1241,0.147024504084014,0.011008863546547733
adx-1,RTB-Base,2187,17669,495,1199,0.07361682670324646,0.007697096609881713
adx-1,Spring,23,1254,19,592,0.13043478260869565,0.013556618819776715
adx-1,T1-CapBounce,5,140,5,114,0.2,0.02857142857142857
adx-1,Washout,840,13243,232,1137,0.11666666666666667,0.021369780261270104
adx-1,Z-Absorb-Turn,3,30,2,29,0.6666666666666666,0.06666666666666667
adx-1,Z11-T11,6,329,6,159,0.16666666666666666,0.07598784194528875
adx-1,ZRT,90,2079,31,631,0.18888888888888888,0.027898027898027897
adx-1,Zone-Retest,2592,62188,329,1260,0.1404320987654321,0.008747668360455393
adx-1,ppr×NS,53,1652,43,601,0.09433962264150944,0.020581113801452784
adx-1,🎯Cluster,13,606,7,328,0.38461538461538464,0.024752475247524754
adx-1,🎯Confluence≥3,65,1574,24,626,0.27692307692307694,0.031130876747141042
adx-1,🎯Confluence≥4,6,163,5,124,0.3333333333333333,0.09202453987730061
adx-1,🏆L34→L34,22,204,19,151,0.13636363636363635,0.024509803921568627
adx-1,👑Z1G-CROWN,5,391,5,145,0.2,0.4143222506393862
adx-1,🧲Z9-HL,3,147,3,57,0.3333333333333333,0.3945578231292517
adx-1,🧺SEQ-20,3,268,3,174,0.3333333333333333,0.041044776119402986
adx0,Atomic,4451,17824,838,1189,0.017524151875982927,0.012230700179533214
adx0,Atomic-R,29,121,24,74,0.10344827586206896,0.0743801652892562
adx0,D+L1,666,2354,381,736,0.018018018018018018,0.018691588785046728
adx0,Engulf-Abs,130,480,83,226,0.2076923076923077,0.17083333333333334
adx0,FailedBear-Turn,29,150,25,116,0.10344827586206896,0.05333333333333334
adx0,G3+RL,147,667,72,238,0.08163265306122448,0.0734632683658171
adx0,G3-Abs,39,162,34,112,0.07692307692307693,0.05555555555555555
adx0,G3-gap,1489,5631,490,947,0.03022162525184688,0.031610726336352334
adx0,G3→G3,1053,4274,451,933,0.03133903133903134,0.033926064576509124
adx0,G3→G3→RL,116,279,49,103,0.3879310344827586,0.27956989247311825
adx0,G3→L46 🕐,2191,8461,673,1123,0.023733455043359195,0.02623803332939369
adx0,HighBase-15mDip,1511,5568,630,995,0.013236267372600927,0.010057471264367816
adx0,L34camp→REV,46,173,44,135,0.043478260869565216,0.028901734104046242
adx0,L43-TRIPLE,195,739,108,272,0.06666666666666667,0.06359945872801083
adx0,ND→SC→L46 🕐,27,121,22,72,0.1111111111111111,0.17355371900826447
adx0,NS→SC,56,263,49,157,0.03571428571428571,0.08745247148288973
adx0,P55,3049,13507,948,1249,0.0065595277140045915,0.007699711260827719
adx0,Parabola,9822,39480,1185,1277,0.006617796782732641,0.004052684903748734
adx0,QZ-Capit,1623,5134,688,1051,0.02279728897104128,0.011102454226723802
adx0,QZ-Capit-Rev,7781,28502,1122,1247,0.010924045752473976,0.010701003438355203
adx0,RTB-Base,4300,15556,938,1233,0.012093023255813953,0.010349704294163023
adx0,Spring,312,965,222,527,0.02564102564102564,0.012435233160621761
adx0,T1-CapBounce,22,123,21,103,0.09090909090909091,0.032520325203252036
adx0,Washout,2980,11103,774,1144,0.028859060402684565,0.017923083851211385
adx0,Z-Absorb-Turn,8,25,8,24,0.125,0.08
adx0,Z11-T11,75,260,50,140,0.06666666666666667,0.08076923076923077
adx0,ZRT,416,1753,260,592,0.026442307692307692,0.027381631488876214
adx0,ZRT🟢,1,11,1,11,1.0,0.09090909090909091
adx0,Zone-Retest,13661,51119,1224,1282,0.010906961423029061,0.00778575480741016
adx0,coil_floor,121,272,81,151,0.049586776859504134,0.051470588235294115
adx0,engulf_absorb_rev,1,2,1,2,1.0,0.5
adx0,g3g3rl,1,4,1,4,1.0,0.25
adx0,g3rl,1,3,1,2,1.0,0.6666666666666666
adx0,ppr×NS,339,1366,221,558,0.029498525073746312,0.017569546120058566
adx0,⚡G3-Abs,1,4,1,4,1.0,0.25
adx0,🌀Engulf-AbsRev,417,1523,276,625,0.014388489208633094,0.013788575180564675
adx0,🌉Z1G→T4,14,61,7,33,0.35714285714285715,0.26229508196721313
adx0,🌉v2 Z1G→T3/T6,13,62,8,32,0.3076923076923077,0.2903225806451613
adx0,🎬StopVol-Confirm,264,949,202,487,0.015151515151515152,0.0136986301369863
adx0,🎯Cluster,141,478,111,288,0.028368794326241134,0.027196652719665274
adx0,🎯Confluence≥3,376,1263,261,558,0.0398936170212766,0.026920031670625493
adx0,🎯Confluence≥4,32,137,28,110,0.09375,0.08759124087591241
adx0,🎯T1-RS-Dip,195,510,130,275,0.041025641025641026,0.029411764705882353
adx0,🎯T3-RS-Dip,381,988,234,424,0.031496062992125984,0.024291497975708502
adx0,🏆L34→L34,41,185,35,149,0.04878048780487805,0.021621621621621623
adx0,👑Z1G-CROWN,79,317,39,129,0.4430379746835443,0.40063091482649843
adx0,📐RSI-Div,205,679,136,306,0.04878048780487805,0.035346097201767304
adx0,🔄DualReclaim,231,579,143,268,0.030303030303030304,0.022452504317789293
adx0,🔄DualReclaim deep,32,99,26,72,0.125,0.04040404040404041
adx0,🥇G3,1,1,1,1,1.0,1.0
adx0,🥪T2G-Sandwich,29,139,26,107,0.10344827586206896,0.02877697841726619
adx0,🧊Coil-Floor,1370,3848,542,813,0.01970802919708029,0.013253638253638254
adx0,🧲Z9-HL,21,129,14,51,0.23809523809523808,0.4108527131782946
adx0,🧺SEQ-20,60,211,54,139,0.05,0.04739336492890995
adx0,🪨T1G-NB,48,210,41,168,0.0625,0.023809523809523808
adx1,Atomic,4748,17527,800,1176,0.02295703454085931,0.013122610829006676
adx1,Atomic-R,15,135,12,81,0.26666666666666666,0.05925925925925926
adx1,D+L1,165,2855,127,799,0.04242424242424243,0.017162872154115588
adx1,Engulf-Abs,3,607,3,262,0.3333333333333333,0.17957166392092258
adx1,FailedBear-Turn,2,177,2,131,0.5,0.04519774011299435
adx1,G3+RL,59,755,44,244,0.06779661016949153,0.06490066225165562
adx1,G3-Abs,7,194,7,127,0.14285714285714285,0.05670103092783505
adx1,G3-gap,18,7102,16,1016,0.1111111111111111,0.030273162489439596
adx1,G3→G3,1240,4087,513,892,0.03951612903225806,0.042084658673843894
adx1,G3→G3→RL,5,390,5,127,0.2,0.3153846153846154
adx1,G3→L46 🕐,2090,8562,640,1102,0.07416267942583732,0.019738378883438448
adx1,HighBase-15mDip,1258,5821,551,1013,0.012718600953895072,0.011166466242913588
adx1,L34camp→REV,5,214,5,159,0.2,0.028037383177570093
adx1,L43-TRIPLE,2,932,2,309,0.5,0.06330472103004292
adx1,ND→SC→L46 🕐,4,144,4,81,0.25,0.1597222222222222
adx1,NS→SC,11,308,11,177,0.09090909090909091,0.07467532467532467
adx1,P55,791,15765,471,1261,0.020227560050568902,0.006596891849032668
adx1,Parabola,19383,29919,1222,1272,0.005055976886962802,0.005514890203549584
adx1,QZ-Capit,52,6705,50,1108,0.038461538461538464,0.014019388516032811
adx1,QZ-Capit-Rev,276,36007,204,1257,0.021739130434782608,0.010831227261365846
adx1,RTB-Base,26,19830,20,1251,0.11538461538461539,0.008119011598587998
adx1,Spring,11,1266,10,601,0.18181818181818182,0.01263823064770932
adx1,T1-CapBounce,3,142,3,116,0.3333333333333333,0.028169014084507043
adx1,Washout,9,14074,9,1183,0.1111111111111111,0.020250106579508313
adx1,ZRT,30,2139,28,646,0.06666666666666667,0.027115474520804116
adx1,ZRT🟢,2,10,2,9,0.5,0.2
adx1,Zone-Retest,819,63961,516,1284,0.007326007326007326,0.008473913791216522
adx1,coil_floor,1,392,1,200,1.0,0.05102040816326531
adx1,ppr×NS,271,1434,196,573,0.02952029520295203,0.02092050209205021
adx1,🌀Engulf-AbsRev,249,1691,179,651,0.040160642570281124,0.01537551744529864
adx1,🌉Z1G→T4,12,63,11,28,0.16666666666666666,0.31746031746031744
adx1,🌉v2 Z1G→T3/T6,8,67,8,33,0.125,0.31343283582089554
adx1,🎬StopVol-Confirm,423,790,279,434,0.02127659574468085,0.017721518987341773
adx1,🎯Cluster,6,613,6,330,0.16666666666666666,0.026101141924959218
adx1,🎯Confluence≥3,8,1631,8,639,0.125,0.030042918454935622
adx1,🎯Confluence≥4,2,167,2,128,0.5,0.08982035928143713
adx1,🎯T1-RS-Dip,2,703,2,330,0.5,0.025604551920341393
adx1,🎯T3-RS-Dip,15,1354,14,491,0.13333333333333333,0.024372230428360415
adx1,🏆L34→L34,56,170,50,139,0.03571428571428571,0.023529411764705882
adx1,👑Z1G-CROWN,33,363,31,129,0.06060606060606061,0.44352617079889806
adx1,📐RSI-Div,46,838,36,350,0.10869565217391304,0.0405727923627685
adx1,🔄DualReclaim,18,792,18,310,0.05555555555555555,0.025252525252525252
adx1,🔄DualReclaim deep,2,129,2,87,0.5,0.046511627906976744
adx1,🥪T2G-Sandwich,127,41,100,36,0.031496062992125984,0.0975609756097561
adx1,🧊Coil-Floor,15,5203,14,897,0.13333333333333333,0.01422256390543917
adx1,🧲Z9-HL,14,136,14,47,0.07142857142857142,0.4264705882352941
adx1,🧺SEQ-20,54,217,52,139,0.037037037037037035,0.05069124423963134
adx1,🪨T1G-NB,91,167,83,129,0.03296703296703297,0.029940119760479042
adx2,Atomic,2946,19329,680,1184,0.017311608961303463,0.014537741217859175
adx2,Atomic-R,37,113,28,71,0.08108108108108109,0.07964601769911504
adx2,D+L1,244,2776,147,793,0.0860655737704918,0.01260806916426513
adx2,Engulf-Abs,365,245,167,149,0.2,0.1469387755102041
adx2,FailedBear-Turn,44,135,38,105,0.06818181818181818,0.05925925925925926
adx2,G3+RL,232,582,105,212,0.05603448275862069,0.08419243986254296
adx2,G3-Abs,48,153,38,106,0.10416666666666667,0.0718954248366013
adx2,G3-gap,2627,4493,638,866,0.02893033878949372,0.03294012908969508
adx2,G3→G3,745,4582,277,961,0.10469798657718121,0.028153644696639023
adx2,G3→G3→RL,176,219,58,95,0.3181818181818182,0.3059360730593607
adx2,G3→L46 🕐,1566,9086,533,1125,0.02490421455938697,0.029165749504732556
adx2,HighBase-15mDip,670,6409,378,1034,0.019402985074626865,0.011390232485567172
adx2,L34camp→REV,101,118,80,104,0.039603960396039604,0.025423728813559324
adx2,L43-TRIPLE,451,483,187,203,0.07760532150776053,0.055900621118012424
adx2,ND→SC→L46 🕐,58,90,31,64,0.29310344827586204,0.06666666666666667
adx2,NS→SC,131,188,76,138,0.1450381679389313,0.03723404255319149
adx2,P55,995,15561,513,1261,0.016080402010050253,0.006683375104427736
adx2,Parabola,265,49037,195,1279,0.022641509433962263,0.004466015457715603
adx2,QZ-Capit,2253,4504,757,1015,0.013759431868619618,0.014209591474245116
adx2,QZ-Capit-Rev,10945,25338,1146,1241,0.013887619917770672,0.009393006551424738
adx2,RTB-Base,7943,11913,1112,1180,0.0054135716983507495,0.013514647863678335
adx2,Spring,352,925,242,502,0.017045454545454544,0.016216216216216217
adx2,T1-CapBounce,46,99,42,88,0.043478260869565216,0.030303030303030304
adx2,Washout,7919,6164,1036,1006,0.014900871322136633,0.027255029201817
adx2,Z-Absorb-Turn,2,31,2,29,0.5,0.06451612903225806
adx2,Z11-T11,130,205,82,115,0.07692307692307693,0.07804878048780488
adx2,ZRT,668,1501,341,552,0.04341317365269461,0.033311125916055964
adx2,ZRT🟢,3,9,3,8,0.3333333333333333,0.2222222222222222
adx2,Zone-Retest,20887,43893,1229,1278,0.013932110882367022,0.008292894083339029
adx2,coil_floor,144,249,97,146,0.034722222222222224,0.060240963855421686
adx2,engulf_absorb_rev,1,2,1,2,1.0,0.5
adx2,g3g3rl,3,2,3,2,0.3333333333333333,0.5
adx2,g3rl,3,1,2,1,0.6666666666666666,1.0
adx2,ppr×NS,136,1569,100,599,0.08088235294117647,0.021669853409815167
adx2,⚡G3-Abs,2,3,2,3,0.5,0.3333333333333333
adx2,🌀Engulf-AbsRev,204,1736,148,651,0.024509803921568627,0.013248847926267281
adx2,🌉Z1G→T4,20,55,5,34,0.65,0.14545454545454545
adx2,🌉v2 Z1G→T3/T6,31,44,11,31,0.5483870967741935,0.1590909090909091
adx2,🎬StopVol-Confirm,118,1095,100,531,0.03389830508474576,0.0136986301369863
adx2,🎯Cluster,264,355,171,239,0.03409090909090909,0.030985915492957747
adx2,🎯Confluence≥3,731,908,375,468,0.038303693570451436,0.023127753303964757
adx2,🎯Confluence≥4,87,82,69,70,0.11494252873563218,0.06097560975609756
adx2,🎯T1-RS-Dip,299,406,190,231,0.033444816053511704,0.034482758620689655
adx2,🎯T3-RS-Dip,405,964,235,414,0.04197530864197531,0.016597510373443983
adx2,🏆L34→L34,13,213,13,160,0.07692307692307693,0.023474178403755867
adx2,👑Z1G-CROWN,162,234,43,124,0.6666666666666666,0.23076923076923078
adx2,📐RSI-Div,212,672,118,314,0.06132075471698113,0.03125
adx2,🔄DualReclaim,393,417,187,223,0.030534351145038167,0.02877697841726619
adx2,🔄DualReclaim deep,88,43,63,35,0.045454545454545456,0.09302325581395349
adx2,🥇G3,1,1,1,1,1.0,1.0
adx2,🧊Coil-Floor,1489,3729,533,807,0.014103425117528543,0.017162778224725127
adx2,🧲Z9-HL,78,72,13,53,0.6153846153846154,0.1388888888888889
adx2,🧺SEQ-20,57,214,36,155,0.12280701754385964,0.028037383177570093
adx2,🪨T1G-NB,10,248,10,188,0.1,0.024193548387096774
adx3,Atomic,9202,13073,1007,1128,0.01477939578352532,0.014227797751090033
adx3,Atomic-R,61,89,44,56,0.06557377049180328,0.11235955056179775
adx3,D+L1,1818,1202,648,510,0.01155115511551155,0.033277870216306155
adx3,Engulf-Abs,87,523,63,232,0.10344827586206896,0.19120458891013384
adx3,FailedBear-Turn,89,90,78,67,0.033707865168539325,0.08888888888888889
adx3,G3+RL,225,589,125,194,0.044444444444444446,0.0831918505942275
adx3,G3-Abs,90,111,68,82,0.1,0.04504504504504504
adx3,G3-gap,2538,4582,636,849,0.042947202521670606,0.026625927542557836
adx3,G3→G3,2005,3322,628,849,0.04837905236907731,0.034918723660445516
adx3,G3→G3→RL,86,309,45,105,0.2558139534883721,0.3268608414239482
adx3,G3→L46 🕐,4240,6412,869,1044,0.021933962264150942,0.03368683718028696
adx3,HighBase-15mDip,3503,3576,845,897,0.011418783899514702,0.010067114093959731
adx3,L34camp→REV,62,157,58,120,0.03225806451612903,0.03184713375796178
adx3,L43-TRIPLE,237,697,126,254,0.046413502109704644,0.0703012912482066
adx3,ND→SC→L46 🕐,56,92,45,51,0.07142857142857142,0.20652173913043478
adx3,NS→SC,110,209,87,124,0.045454545454545456,0.09090909090909091
adx3,P55,10065,6491,1182,1129,0.007054148037754595,0.01602218456324141
adx3,Parabola,18583,30719,1231,1268,0.005058386697519238,0.004394674305804225
adx3,QZ-Capit,2702,4055,862,968,0.014433752775721688,0.016769420468557335
adx3,QZ-Capit-Rev,16424,19859,1195,1231,0.00931563565513882,0.011934135656377461
adx3,RTB-Base,5400,14456,954,1232,0.014074074074074074,0.011137244050913115
adx3,Spring,579,698,380,400,0.015544041450777202,0.015759312320916905
adx3,T1-CapBounce,69,76,63,70,0.043478260869565216,0.02631578947368421
adx3,Washout,2335,11748,697,1152,0.034261241970021415,0.017449778685733743
adx3,Z-Absorb-Turn,20,13,20,12,0.05,0.15384615384615385
adx3,Z11-T11,124,211,79,113,0.08064516129032258,0.07582938388625593
adx3,ZRT,965,1204,441,496,0.04145077720207254,0.03239202657807309
adx3,ZRT🟢,6,6,6,6,0.16666666666666666,0.16666666666666666
adx3,Zone-Retest,26821,37959,1238,1276,0.005928190596920324,0.011802207645090755
adx3,coil_floor,127,266,90,155,0.07086614173228346,0.041353383458646614
adx3,engulf_absorb_rev,1,2,1,2,1.0,0.5
adx3,g3g3rl,1,4,1,3,1.0,0.5
adx3,ppr×NS,906,799,422,432,0.018763796909492272,0.023779724655819776
adx3,⚡G3-Abs,2,3,2,3,0.5,0.3333333333333333
adx3,🌀Engulf-AbsRev,1070,870,518,436,0.016822429906542057,0.013793103448275862
adx3,🌉Z1G→T4,29,46,23,20,0.10344827586206896,0.3695652173913043
adx3,🌉v2 Z1G→T3/T6,23,52,19,24,0.13043478260869565,0.38461538461538464
adx3,🎬StopVol-Confirm,408,805,277,448,0.024509803921568627,0.012422360248447204
adx3,🎯Cluster,195,424,149,243,0.035897435897435895,0.025943396226415096
adx3,🎯Confluence≥3,459,1180,295,516,0.0196078431372549,0.036440677966101696
adx3,🎯Confluence≥4,42,127,40,94,0.047619047619047616,0.10236220472440945
adx3,🎯T1-RS-Dip,209,496,146,263,0.03349282296650718,0.02620967741935484
adx3,🎯T3-RS-Dip,568,801,309,370,0.02112676056338028,0.03620474406991261
adx3,🏆L34→L34,94,132,85,100,0.031914893617021274,0.030303030303030304
adx3,👑Z1G-CROWN,117,279,71,98,0.15384615384615385,0.5161290322580645
adx3,📐RSI-Div,421,463,241,227,0.026128266033254157,0.04967602591792657
adx3,🔄DualReclaim,168,642,122,270,0.03571428571428571,0.029595015576323987
adx3,🔄DualReclaim deep,9,122,9,83,0.1111111111111111,0.04918032786885246
adx3,🥪T2G-Sandwich,12,156,12,117,0.08333333333333333,0.038461538461538464
adx3,🧊Coil-Floor,2344,2874,663,738,0.017918088737201365,0.015309672929714684
adx3,🧲Z9-HL,34,116,27,40,0.14705882352941177,0.45689655172413796
adx3,🧺SEQ-20,97,174,74,127,0.05154639175257732,0.05172413793103448
adx3,🪨T1G-NB,109,149,92,128,0.03669724770642202,0.026845637583892617
sig_rs_intact&rs,Atomic,8658,13617,902,1140,0.015361515361515362,0.013659396342806785
sig_rs_intact&rs,Atomic-R,58,92,39,61,0.15517241379310345,0.043478260869565216
sig_rs_intact&rs,D+L1,945,2075,406,703,0.033862433862433865,0.02216867469879518
sig_rs_intact&rs,Engulf-Abs,83,527,57,237,0.12048192771084337,0.18785578747628084
sig_rs_intact&rs,FailedBear-Turn,39,140,36,106,0.05128205128205128,0.05714285714285714
sig_rs_intact&rs,G3+RL,202,612,109,205,0.054455445544554455,0.08006535947712418
sig_rs_intact&rs,G3-Abs,50,151,36,111,0.14,0.039735099337748346
sig_rs_intact&rs,G3-gap,1653,5467,383,978,0.0514216575922565,0.02743735138101335
sig_rs_intact&rs,G3→G3,2146,3181,640,805,0.033550792171481825,0.034580320653882425
sig_rs_intact&rs,G3→G3→RL,109,286,41,109,0.3669724770642202,0.2902097902097902
sig_rs_intact&rs,G3→L46 🕐,3754,6898,785,1068,0.02743740010655301,0.024644824586836766
sig_rs_intact&rs,HighBase-15mDip,4372,2707,883,745,0.014181152790484904,0.009604728481714075
sig_rs_intact&rs,L34camp→REV,38,181,30,146,0.07894736842105263,0.027624309392265192
sig_rs_intact&rs,L43-TRIPLE,169,765,72,291,0.07692307692307693,0.06535947712418301
sig_rs_intact&rs,ND→SC→L46 🕐,26,122,12,77,0.3076923076923077,0.12295081967213115
sig_rs_intact&rs,NS→SC,38,281,30,168,0.10526315789473684,0.06761565836298933
sig_rs_intact&rs,P55,4947,11609,931,1184,0.016171417020416416,0.008958566629339306
sig_rs_intact&rs,Parabola,29702,19600,1144,1202,0.004511480708369806,0.005459183673469388
sig_rs_intact&rs,QZ-Capit,1543,5214,580,1057,0.018794556059624108,0.01802838511699271
sig_rs_intact&rs,QZ-Capit-Rev,7273,29010,942,1253,0.011549566891241578,0.010961737331954498
sig_rs_intact&rs,RTB-Base,2668,17188,588,1248,0.025112443778110945,0.009367000232720503
sig_rs_intact&rs,Spring,145,1132,93,576,0.05517241379310345,0.012367491166077738
sig_rs_intact&rs,T1-CapBounce,25,120,22,104,0.08,0.025
sig_rs_intact&rs,Washout,1568,12515,432,1168,0.05357142857142857,0.016060727127447064
sig_rs_intact&rs,Z-Absorb-Turn,9,24,9,22,0.1111111111111111,0.08333333333333333
sig_rs_intact&rs,Z11-T11,57,278,35,143,0.14035087719298245,0.07194244604316546
sig_rs_intact&rs,ZRT,517,1652,252,586,0.0425531914893617,0.021791767554479417
sig_rs_intact&rs,ZRT🟢,4,8,4,7,0.25,0.25
sig_rs_intact&rs,Zone-Retest,15084,49696,1091,1279,0.01213206046141607,0.008048937540244688
sig_rs_intact&rs,ppr×NS,588,1117,326,488,0.027210884353741496,0.02954341987466428
sig_rs_intact&rs,⚡G3-Abs,1,4,1,4,1.0,0.25
sig_rs_intact&rs,🌉Z1G→T4,14,61,14,27,0.07142857142857142,0.3114754098360656
sig_rs_intact&rs,🌉v2 Z1G→T3/T6,15,60,13,28,0.2,0.35
sig_rs_intact&rs,🎯Cluster,232,387,163,230,0.034482758620689655,0.025839793281653745
sig_rs_intact&rs,🎯Confluence,1,1,1,1,1.0,1.0
sig_rs_intact&rs,🎯Confluence≥3,261,1378,162,605,0.038314176245210725,0.03193033381712627
sig_rs_intact&rs,🎯Confluence≥4,27,142,25,109,0.07407407407407407,0.1056338028169014
sig_rs_intact&rs,🏆L34→L34,92,134,74,114,0.03260869565217391,0.022388059701492536
sig_rs_intact&rs,👑Z1G-CROWN,88,308,41,122,0.375,0.41883116883116883
sig_rs_intact&rs,🧲Z9-HL,23,127,17,48,0.30434782608695654,0.4015748031496063
sig_rs_intact&rs,🧺SEQ-20,105,166,79,118,0.05714285714285714,0.05421686746987952
sig_conso&rs,Atomic,6157,16118,846,1170,0.015916842618158195,0.012904826901600695
sig_conso&rs,Atomic-R,41,109,32,64,0.12195121951219512,0.06422018348623854
sig_conso&rs,D+L1,844,2176,386,711,0.031990521327014215,0.022518382352941176
sig_conso&rs,Engulf-Abs,51,559,42,245,0.058823529411764705,0.19141323792486584
sig_conso&rs,FailedBear-Turn,34,145,33,109,0.058823529411764705,0.05517241379310345
sig_conso&rs,G3+RL,163,651,90,220,0.05521472392638037,0.07526881720430108
sig_conso&rs,G3-Abs,37,164,27,115,0.16216216216216217,0.036585365853658534
sig_conso&rs,G3-gap,1308,5812,330,989,0.06422018348623854,0.025808671713695802
sig_conso&rs,G3→G3,1441,3886,505,894,0.04302567661346287,0.0319094184251158
sig_conso&rs,G3→G3→RL,74,321,36,112,0.22972972972972974,0.3302180685358255
sig_conso&rs,G3→L46 🕐,2767,7885,698,1102,0.027105168052041922,0.025110970196575776
sig_conso&rs,HighBase-15mDip,3673,3406,822,846,0.01524639259460931,0.008220786846741044
sig_conso&rs,L34camp→REV,24,195,21,153,0.08333333333333333,0.02564102564102564
sig_conso&rs,L43-TRIPLE,101,833,48,300,0.1188118811881188,0.06722689075630252
sig_conso&rs,ND→SC→L46 🕐,12,136,9,78,0.3333333333333333,0.16176470588235295
sig_conso&rs,NS→SC,30,289,27,170,0.1,0.07612456747404844
sig_conso&rs,P55,4102,12454,877,1206,0.01901511457825451,0.008350730688935281
sig_conso&rs,Parabola,22630,26672,1137,1257,0.004507291206363235,0.004874025194961008
sig_conso&rs,QZ-Capit,1195,5562,514,1076,0.013389121338912133,0.01690039554117224
sig_conso&rs,QZ-Capit-Rev,6313,29970,921,1254,0.010613020750831618,0.010777444110777443
sig_conso&rs,RTB-Base,2509,17347,562,1249,0.026703866082104424,0.009281143713610423
sig_conso&rs,Spring,98,1179,74,581,0.04081632653061224,0.011874469889737066
sig_conso&rs,T1-CapBounce,21,124,18,106,0.09523809523809523,0.024193548387096774
sig_conso&rs,Washout,883,13200,305,1175,0.07021517553793885,0.016893939393939395
sig_conso&rs,Z-Absorb-Turn,9,24,9,22,0.1111111111111111,0.08333333333333333
sig_conso&rs,Z11-T11,45,290,29,145,0.17777777777777778,0.07241379310344828
sig_conso&rs,ZRT,451,1718,230,601,0.04434589800443459,0.02211874272409779
sig_conso&rs,ZRT🟢,4,8,4,7,0.25,0.25
sig_conso&rs,Zone-Retest,12168,52612,1077,1282,0.00821827744904668,0.00916140804379229
sig_conso&rs,coil_floor,210,183,127,117,0.06666666666666667,0.03825136612021858
sig_conso&rs,ppr×NS,497,1208,294,516,0.03219315895372234,0.027317880794701987
sig_conso&rs,🌀Engulf-AbsRev,1709,231,639,170,0.012287887653598596,0.021645021645021644
sig_conso&rs,🌉Z1G→T4,9,66,9,29,0.1111111111111111,0.30303030303030304
sig_conso&rs,🌉v2 Z1G→T3/T6,12,63,11,29,0.16666666666666666,0.3333333333333333
sig_conso&rs,🎬StopVol-Confirm,818,395,453,264,0.018337408312958436,0.017721518987341773
sig_conso&rs,🎯Cluster,151,468,121,263,0.026490066225165563,0.027777777777777776
sig_conso&rs,🎯Confluence,1,1,1,1,1.0,1.0
sig_conso&rs,🎯Confluence≥3,176,1463,123,615,0.03977272727272727,0.03349282296650718
sig_conso&rs,🎯Confluence≥4,19,150,18,114,0.10526315789473684,0.1
sig_conso&rs,🎯T1-RS-Dip,366,339,212,187,0.03551912568306011,0.029498525073746312
sig_conso&rs,🎯T3-RS-Dip,979,390,419,208,0.026557711950970377,0.028205128205128206
sig_conso&rs,🏆L34→L34,77,149,64,124,0.03896103896103896,0.026845637583892617
sig_conso&rs,👑Z1G-CROWN,40,356,24,135,0.225,0.4297752808988764
sig_conso&rs,📐RSI-Div,695,189,311,113,0.03597122302158273,0.047619047619047616
sig_conso&rs,🔄DualReclaim,346,464,179,225,0.031791907514450865,0.034482758620689655
sig_conso&rs,🔄DualReclaim deep,53,78,43,57,0.05660377358490566,0.07692307692307693
sig_conso&rs,🥪T2G-Sandwich,80,88,69,68,0.0375,0.06818181818181818
sig_conso&rs,🧊Coil-Floor,4307,911,830,379,0.014395170652426282,0.03512623490669594
sig_conso&rs,🧲Z9-HL,12,138,12,52,0.08333333333333333,0.41304347826086957
sig_conso&rs,🧺SEQ-20,79,192,60,133,0.06329113924050633,0.052083333333333336
sig_conso&rs,🪨T1G-NB,194,64,153,60,0.030927835051546393,0.046875
sig_lead_in_lag&rs,Atomic,2624,19651,580,1203,0.018673780487804877,0.013739758790901226
sig_lead_in_lag&rs,Atomic-R,16,134,13,80,0.1875,0.07462686567164178
sig_lead_in_lag&rs,D+L1,377,2643,229,772,0.026525198938992044,0.02043132803632236
sig_lead_in_lag&rs,Engulf-Abs,37,573,35,249,0.05405405405405406,0.18848167539267016
sig_lead_in_lag&rs,FailedBear-Turn,19,160,18,119,0.10526315789473684,0.05
sig_lead_in_lag&rs,G3+RL,70,744,46,245,0.08571428571428572,0.06586021505376344
sig_lead_in_lag&rs,G3-Abs,20,181,18,121,0.1,0.06077348066298342
sig_lead_in_lag&rs,G3-gap,671,6449,218,1001,0.05961251862891207,0.031787874089006046
sig_lead_in_lag&rs,G3→G3,568,4759,276,953,0.06338028169014084,0.03509140575751208
sig_lead_in_lag&rs,G3→G3→RL,39,356,18,124,0.358974358974359,0.3061797752808989
sig_lead_in_lag&rs,G3→L46 🕐,1104,9548,430,1140,0.029891304347826088,0.027545035609551738
sig_lead_in_lag&rs,HighBase-15mDip,1509,5570,554,1003,0.02253147779986746,0.010412926391382405
sig_lead_in_lag&rs,L34camp→REV,13,206,12,156,0.15384615384615385,0.02912621359223301
sig_lead_in_lag&rs,L43-TRIPLE,93,841,47,302,0.12903225806451613,0.06896551724137931
sig_lead_in_lag&rs,ND→SC→L46 🕐,10,138,4,81,0.4,0.13768115942028986
sig_lead_in_lag&rs,NS→SC,16,303,14,176,0.1875,0.07590759075907591
sig_lead_in_lag&rs,P55,1881,14675,668,1254,0.014885699096225412,0.007086882453151619
sig_lead_in_lag&rs,Parabola,7837,41465,1021,1278,0.010207987750414699,0.004099843241287833
sig_lead_in_lag&rs,QZ-Capit,689,6068,360,1083,0.023222060957910014,0.015491100856954515
sig_lead_in_lag&rs,QZ-Capit-Rev,3256,33027,739,1256,0.012592137592137592,0.011324068186635177
sig_lead_in_lag&rs,RTB-Base,1176,18680,430,1249,0.026360544217687076,0.008618843683083511
sig_lead_in_lag&rs,Spring,75,1202,55,586,0.09333333333333334,0.012479201331114808
sig_lead_in_lag&rs,T1-CapBounce,12,133,12,111,0.08333333333333333,0.03007518796992481
sig_lead_in_lag&rs,Washout,757,13326,298,1178,0.03963011889035667,0.019135524538496172
sig_lead_in_lag&rs,Z-Absorb-Turn,7,26,7,24,0.14285714285714285,0.07692307692307693
sig_lead_in_lag&rs,Z11-T11,28,307,18,156,0.21428571428571427,0.08469055374592833
sig_lead_in_lag&rs,ZRT,222,1947,139,629,0.05855855855855856,0.02465331278890601
sig_lead_in_lag&rs,ZRT🟢,3,9,3,8,0.3333333333333333,0.2222222222222222
sig_lead_in_lag&rs,Zone-Retest,6765,58015,949,1283,0.01359940872135994,0.00844609152805309
sig_lead_in_lag&rs,coil_floor,177,216,116,124,0.03389830508474576,0.0787037037037037
sig_lead_in_lag&rs,engulf_absorb_rev,2,1,2,1,0.5,1.0
sig_lead_in_lag&rs,ppr×NS,200,1505,142,589,0.035,0.021926910299003323
sig_lead_in_lag&rs,🌀Engulf-AbsRev,733,1207,388,534,0.023192360163710776,0.015741507870753936
sig_lead_in_lag&rs,🌉Z1G→T4,7,68,7,31,0.14285714285714285,0.29411764705882354
sig_lead_in_lag&rs,🌉v2 Z1G→T3/T6,1,74,1,38,1.0,0.28378378378378377
sig_lead_in_lag&rs,🎬StopVol-Confirm,392,821,238,455,0.02806122448979592,0.018270401948842874
sig_lead_in_lag&rs,🎯Cluster,105,514,85,293,0.02857142857142857,0.029182879377431907
sig_lead_in_lag&rs,🎯Confluence≥3,141,1498,100,622,0.05673758865248227,0.03137516688918558
sig_lead_in_lag&rs,🎯Confluence≥4,16,153,15,117,0.125,0.09803921568627451
sig_lead_in_lag&rs,🎯T1-RS-Dip,325,380,204,207,0.03076923076923077,0.04473684210526316
sig_lead_in_lag&rs,🎯T3-RS-Dip,608,761,313,325,0.04276315789473684,0.02890932982917214
sig_lead_in_lag&rs,🏆L34→L34,24,202,22,153,0.08333333333333333,0.024752475247524754
sig_lead_in_lag&rs,👑Z1G-CROWN,23,373,12,142,0.43478260869565216,0.4075067024128686
sig_lead_in_lag&rs,📐RSI-Div,362,522,210,234,0.06906077348066299,0.04597701149425287
sig_lead_in_lag&rs,🔄DualReclaim,395,415,198,205,0.035443037974683546,0.03614457831325301
sig_lead_in_lag&rs,🔄DualReclaim deep,63,68,50,53,0.07936507936507936,0.07352941176470588
sig_lead_in_lag&rs,🥪T2G-Sandwich,32,136,30,105,0.0625,0.04411764705882353
sig_lead_in_lag&rs,🧊Coil-Floor,2440,2778,720,636,0.015163934426229509,0.016918646508279338
sig_lead_in_lag&rs,🧲Z9-HL,13,137,11,54,0.23076923076923078,0.40145985401459855
sig_lead_in_lag&rs,🧺SEQ-20,34,237,29,156,0.11764705882352941,0.04219409282700422
sig_lead_in_lag&rs,🪨T1G-NB,89,169,77,132,0.033707865168539325,0.03550295857988166
sig_h1_dr&rs,Atomic,2909,19366,577,1195,0.026813337916809902,0.013735412578746256
sig_h1_dr&rs,Atomic-R,36,114,25,71,0.25,0.03508771929824561
sig_h1_dr&rs,D+L1,334,2686,199,778,0.05089820359281437,0.020476545048399106
sig_h1_dr&rs,Engulf-Abs,52,558,35,251,0.17307692307692307,0.17921146953405018
sig_h1_dr&rs,FailedBear-Turn,28,151,26,114,0.07142857142857142,0.052980132450331126
sig_h1_dr&rs,G3+RL,113,701,68,235,0.07964601769911504,0.06990014265335236
sig_h1_dr&rs,G3-Abs,20,181,11,126,0.35,0.03867403314917127
sig_h1_dr&rs,G3-gap,1070,6050,262,997,0.07663551401869159,0.024793388429752067
sig_h1_dr&rs,G3→G3,651,4676,237,971,0.10138248847926268,0.031009409751924722
sig_h1_dr&rs,G3→G3→RL,82,313,31,119,0.4634146341463415,0.2715654952076677
sig_h1_dr&rs,G3→L46 🕐,969,9683,369,1135,0.033023735810113516,0.028193741609005472
sig_h1_dr&rs,HighBase-15mDip,2179,4900,641,974,0.01973382285452042,0.013265306122448979
sig_h1_dr&rs,L34camp→REV,13,206,11,158,0.15384615384615385,0.02912621359223301
sig_h1_dr&rs,L43-TRIPLE,122,812,52,299,0.09836065573770492,0.06280788177339902
sig_h1_dr&rs,ND→SC→L46 🕐,2,146,2,83,0.5,0.1506849315068493
sig_h1_dr&rs,NS→SC,3,316,2,183,0.6666666666666666,0.07278481012658228
sig_h1_dr&rs,P55,1311,15245,492,1254,0.04958047292143402,0.006821908822564776
sig_h1_dr&rs,Parabola,4202,45100,833,1274,0.012613041408852927,0.004523281596452328
sig_h1_dr&rs,QZ-Capit,911,5846,422,1083,0.014270032930845226,0.016079370509750255
sig_h1_dr&rs,QZ-Capit-Rev,3815,32468,800,1257,0.01363040629095675,0.010718245657262536
sig_h1_dr&rs,RTB-Base,1484,18372,431,1249,0.04177897574123989,0.008763335510559547
sig_h1_dr&rs,Spring,63,1214,44,593,0.07936507936507936,0.012355848434925865
sig_h1_dr&rs,T1-CapBounce,14,131,13,110,0.14285714285714285,0.030534351145038167
sig_h1_dr&rs,Washout,1148,12935,351,1171,0.029616724738675958,0.019404715887127947
sig_h1_dr&rs,Z-Absorb-Turn,1,32,1,30,1.0,0.0625
sig_h1_dr&rs,Z11-T11,36,299,22,150,0.2222222222222222,0.06688963210702341
sig_h1_dr&rs,ZRT,107,2062,82,641,0.06542056074766354,0.024733268671193017
sig_h1_dr&rs,ZRT🟢,2,10,2,9,0.5,0.2
sig_h1_dr&rs,Zone-Retest,8647,56133,986,1283,0.013877645426159362,0.007998859850711703
sig_h1_dr&rs,coil_floor,200,193,125,116,0.065,0.03626943005181347
sig_h1_dr&rs,engulf_absorb_rev,1,2,1,2,1.0,0.5
sig_h1_dr&rs,ppr×NS,217,1488,148,588,0.041474654377880185,0.02217741935483871
sig_h1_dr&rs,⚡G3-Abs,1,4,1,4,1.0,0.25
sig_h1_dr&rs,🌀Engulf-AbsRev,432,1508,260,595,0.02546296296296296,0.015251989389920425
sig_h1_dr&rs,🌉Z1G→T4,6,69,6,33,0.16666666666666666,0.2753623188405797
sig_h1_dr&rs,🎬StopVol-Confirm,485,728,304,419,0.020618556701030927,0.016483516483516484
sig_h1_dr&rs,🎯Cluster,78,541,60,305,0.10256410256410256,0.027726432532347505
sig_h1_dr&rs,🎯Confluence≥3,88,1551,68,624,0.045454545454545456,0.03159252095422308
sig_h1_dr&rs,🎯Confluence≥4,10,159,10,122,0.1,0.09433962264150944
sig_h1_dr&rs,🎯T1-RS-Dip,348,357,204,201,0.04885057471264368,0.047619047619047616
sig_h1_dr&rs,🎯T3-RS-Dip,821,548,356,295,0.03532277710109622,0.023722627737226276
sig_h1_dr&rs,🏆L34→L34,2,224,2,168,0.5,0.022321428571428572
sig_h1_dr&rs,👑Z1G-CROWN,55,341,19,140,0.5818181818181818,0.3812316715542522
sig_h1_dr&rs,📐RSI-Div,22,862,20,350,0.09090909090909091,0.0382830626450116
sig_h1_dr&rs,🔄DualReclaim,459,351,227,177,0.026143790849673203,0.045584045584045586
sig_h1_dr&rs,🔄DualReclaim deep,88,43,63,38,0.06818181818181818,0.046511627906976744
sig_h1_dr&rs,🥪T2G-Sandwich,1,167,1,123,1.0,0.041916167664670656
sig_h1_dr&rs,🧊Coil-Floor,2574,2644,687,709,0.015151515151515152,0.02118003025718608
sig_h1_dr&rs,🧺SEQ-20,7,264,7,170,0.14285714285714285,0.041666666666666664
sig_h1_dr&rs,🪨T1G-NB,26,232,24,179,0.11538461538461539,0.02586206896551724
rsi<35&rs,Atomic,73,22202,41,1214,0.1232876712328767,0.013332132240338709
rsi<35&rs,Atomic-R,5,145,5,82,0.2,0.08275862068965517
rsi<35&rs,D+L1,18,3002,13,811,0.2777777777777778,0.018654230512991338
rsi<35&rs,Engulf-Abs,8,602,8,260,0.125,0.18106312292358803
rsi<35&rs,G3+RL,53,761,26,255,0.1320754716981132,0.06438896189224705
rsi<35&rs,G3-gap,92,7028,41,1016,0.18478260869565216,0.03002276607854297
rsi<35&rs,G3→G3,75,5252,22,997,0.37333333333333335,0.02817974105102818
rsi<35&rs,G3→G3→RL,56,339,14,126,0.6428571428571429,0.25663716814159293
rsi<35&rs,G3→L46 🕐,122,10530,64,1152,0.10655737704918032,0.025925925925925925
rsi<35&rs,L34camp→REV,4,215,4,162,0.25,0.027906976744186046
rsi<35&rs,L43-TRIPLE,55,879,34,302,0.12727272727272726,0.06029579067121729
rsi<35&rs,ND→SC→L46 🕐,4,144,2,82,0.75,0.1597222222222222
rsi<35&rs,Parabola,1,49301,1,1279,1.0,0.004442100565911442
rsi<35&rs,QZ-Capit,316,6441,169,1104,0.03164556962025317,0.014594007141748177
rsi<35&rs,QZ-Capit-Rev,900,35383,325,1257,0.03333333333333333,0.010598309922844303
rsi<35&rs,RTB-Base,2668,17188,588,1248,0.025112443778110945,0.009367000232720503
rsi<35&rs,Spring,3,1274,3,602,0.3333333333333333,0.013343799058084773
rsi<35&rs,T1-CapBounce,1,144,1,119,1.0,0.027777777777777776
rsi<35&rs,Washout,1238,12845,362,1171,0.05977382875605816,0.016426625145971194
rsi<35&rs,Z11-T11,10,325,6,161,0.5,0.06461538461538462
rsi<35&rs,ZRT,11,2158,9,649,0.2727272727272727,0.026876737720111215
rsi<35&rs,Zone-Retest,461,64319,216,1283,0.039045553145336226,0.00845784293910042
rsi<35&rs,coil_floor,154,239,91,153,0.07142857142857142,0.03765690376569038
rsi<35&rs,🌀Engulf-AbsRev,30,1910,26,677,0.06666666666666667,0.013612565445026177
rsi<35&rs,🎬StopVol-Confirm,1,1212,1,560,1.0,0.013201320132013201
rsi<35&rs,🎯Cluster,23,596,18,326,0.21739130434782608,0.025167785234899327
rsi<35&rs,🎯Confluence≥3,39,1600,33,634,0.05128205128205128,0.030625
rsi<35&rs,🎯Confluence≥4,3,166,3,127,0.3333333333333333,0.09036144578313253
rsi<35&rs,🎯T1-RS-Dip,12,693,9,327,0.25,0.025974025974025976
rsi<35&rs,🎯T3-RS-Dip,60,1309,47,492,0.13333333333333333,0.020626432391138275
rsi<35&rs,👑Z1G-CROWN,26,370,3,149,0.9230769230769231,0.372972972972973
rsi<35&rs,📐RSI-Div,8,876,8,357,0.125,0.03767123287671233
rsi<35&rs,🔄DualReclaim deep,112,19,76,15,0.05357142857142857,0.10526315789473684
rsi<35&rs,🧊Coil-Floor,859,4359,329,869,0.027939464493597205,0.013764624913971095
rsi<35&rs,🧲Z9-HL,1,149,1,59,1.0,0.38926174496644295
rsi<35&rs,🧺SEQ-20,1,270,1,174,1.0,0.040740740740740744
rsi35-50&rs,Atomic,2680,19595,563,1199,0.02126865671641791,0.014136259249808625
rsi35-50&rs,Atomic-R,36,114,25,70,0.19444444444444445,0.043859649122807015
rsi35-50&rs,D+L1,627,2393,320,740,0.03987240829346093,0.020058503969912243
rsi35-50&rs,Engulf-Abs,75,535,52,241,0.13333333333333333,0.18504672897196262
rsi35-50&rs,FailedBear-Turn,39,140,36,106,0.05128205128205128,0.05714285714285714
rsi35-50&rs,G3+RL,130,684,80,229,0.06923076923076923,0.07163742690058479
rsi35-50&rs,G3-Abs,23,178,20,120,0.08695652173913043,0.06179775280898876
rsi35-50&rs,G3-gap,1561,5559,380,978,0.051889814221652786,0.026983270372369132
rsi35-50&rs,G3→G3,483,4844,188,980,0.11801242236024845,0.029108175061932286
rsi35-50&rs,G3→G3→RL,50,345,30,114,0.08,0.34492753623188405
rsi35-50&rs,G3→L46 🕐,1270,9382,425,1139,0.03622047244094488,0.028671924962694523
rsi35-50&rs,HighBase-15mDip,1261,5818,527,1014,0.022204599524187154,0.00979718116191131
rsi35-50&rs,L34camp→REV,32,187,27,150,0.09375,0.026737967914438502
rsi35-50&rs,L43-TRIPLE,114,820,56,299,0.07017543859649122,0.06951219512195123
rsi35-50&rs,ND→SC→L46 🕐,17,131,7,80,0.47058823529411764,0.11450381679389313
rsi35-50&rs,NS→SC,22,297,15,178,0.18181818181818182,0.06734006734006734
rsi35-50&rs,P55,1431,15125,569,1253,0.013976240391334731,0.00687603305785124
rsi35-50&rs,Parabola,11,49291,10,1279,0.18181818181818182,0.004443001765028098
rsi35-50&rs,QZ-Capit,1102,5655,492,1073,0.019963702359346643,0.016622458001768346
rsi35-50&rs,QZ-Capit-Rev,6373,29910,929,1254,0.009571630315393065,0.011133400200601806
rsi35-50&rs,Spring,105,1172,71,584,0.0761904761904762,0.011945392491467578
rsi35-50&rs,T1-CapBounce,24,121,22,104,0.08333333333333333,0.024793388429752067
rsi35-50&rs,Washout,330,13753,201,1181,0.030303030303030304,0.0199956373154948
rsi35-50&rs,Z-Absorb-Turn,2,31,2,29,0.5,0.06451612903225806
rsi35-50&rs,Z11-T11,47,288,33,144,0.14893617021276595,0.08680555555555555
rsi35-50&rs,ZRT,434,1735,218,601,0.03917050691244239,0.02363112391930836
rsi35-50&rs,ZRT🟢,4,8,4,7,0.25,0.25
rsi35-50&rs,Zone-Retest,11865,52915,1054,1283,0.01390644753476612,0.008088443730511197
rsi35-50&rs,coil_floor,239,154,153,91,0.03765690376569038,0.07142857142857142
rsi35-50&rs,engulf_absorb_rev,1,2,1,2,1.0,0.5
rsi35-50&rs,ppr×NS,188,1517,131,592,0.05319148936170213,0.02241265655899802
rsi35-50&rs,⚡G3-Abs,1,4,1,4,1.0,0.25
rsi35-50&rs,🌀Engulf-AbsRev,634,1306,360,563,0.028391167192429023,0.011485451761102604
rsi35-50&rs,🌉Z1G→T4,3,72,3,34,0.3333333333333333,0.2638888888888889
rsi35-50&rs,🌉v2 Z1G→T3/T6,2,73,2,37,0.5,0.2876712328767123
rsi35-50&rs,🎬StopVol-Confirm,267,946,196,493,0.026217228464419477,0.015856236786469344
rsi35-50&rs,🎯Cluster,172,447,132,259,0.029069767441860465,0.026845637583892617
rsi35-50&rs,🎯Confluence,1,1,1,1,1.0,1.0
rsi35-50&rs,🎯Confluence≥3,200,1439,130,616,0.05,0.030576789437109102
rsi35-50&rs,🎯Confluence≥4,22,147,20,112,0.09090909090909091,0.10204081632653061
rsi35-50&rs,🎯T1-RS-Dip,693,12,327,9,0.025974025974025976,0.25
rsi35-50&rs,🎯T3-RS-Dip,1309,60,492,47,0.020626432391138275,0.13333333333333333
rsi35-50&rs,🏆L34→L34,7,219,7,165,0.14285714285714285,0.0228310502283105
rsi35-50&rs,👑Z1G-CROWN,42,354,23,137,0.21428571428571427,0.4322033898305085
rsi35-50&rs,📐RSI-Div,471,413,229,226,0.050955414012738856,0.03389830508474576
rsi35-50&rs,🔄DualReclaim,769,41,300,39,0.02600780234070221,0.04878048780487805
rsi35-50&rs,🔄DualReclaim deep,19,112,15,76,0.10526315789473684,0.05357142857142857
rsi35-50&rs,🧊Coil-Floor,4359,859,869,329,0.013764624913971095,0.027939464493597205
rsi35-50&rs,🧲Z9-HL,10,140,4,58,0.7,0.36428571428571427
rsi35-50&rs,🧺SEQ-20,12,259,10,170,0.16666666666666666,0.03861003861003861
rsi35-50&rs,🪨T1G-NB,40,218,33,168,0.1,0.027522935779816515
rsi50-65&rs,Atomic,4697,17578,751,1186,0.020864381520119227,0.011264080100125156
rsi50-65&rs,Atomic-R,17,133,14,79,0.11764705882352941,0.07518796992481203
rsi50-65&rs,D+L1,298,2722,188,788,0.05704697986577181,0.019838354151359296
rsi50-65&rs,G3+RL,19,795,18,253,0.10526315789473684,0.061635220125786164
rsi50-65&rs,G3-Abs,25,176,17,123,0.28,0.03409090909090909
rsi50-65&rs,G3→G3,870,4457,375,939,0.03218390804597701,0.03881534664572583
rsi50-65&rs,G3→G3→RL,3,392,3,129,0.3333333333333333,0.3137755102040816
rsi50-65&rs,G3→L46 🕐,1763,8889,583,1116,0.019285309132161088,0.029249634379570254
rsi50-65&rs,HighBase-15mDip,3111,3968,792,890,0.01639344262295082,0.010584677419354838
rsi50-65&rs,L34camp→REV,2,217,2,162,0.5,0.027649769585253458
rsi50-65&rs,ND→SC→L46 🕐,5,143,5,81,0.2,0.16083916083916083
rsi50-65&rs,NS→SC,16,303,16,174,0.0625,0.07260726072607261
rsi50-65&rs,P55,3466,13090,817,1223,0.017022504327755338,0.007944996180290298
rsi50-65&rs,Parabola,16604,32698,1139,1258,0.005781739339918092,0.0051073460150467915
rsi50-65&rs,QZ-Capit,107,6650,92,1102,0.028037383177570093,0.014135338345864662
rsi50-65&rs,Spring,37,1240,29,596,0.08108108108108109,0.012096774193548387
rsi50-65&rs,Z-Absorb-Turn,7,26,7,24,0.14285714285714285,0.07692307692307693
rsi50-65&rs,ZRT,68,2101,58,642,0.07352941176470588,0.025226082817705855
rsi50-65&rs,Zone-Retest,2660,62120,787,1283,0.012781954887218045,0.008403090792015453
rsi50-65&rs,engulf_absorb_rev,2,1,2,1,0.5,1.0
rsi50-65&rs,ppr×NS,398,1307,260,535,0.017587939698492462,0.0252486610558531
rsi50-65&rs,🌀Engulf-AbsRev,1276,664,549,370,0.011755485893416929,0.02710843373493976
rsi50-65&rs,🌉Z1G→T4,9,66,9,29,0.1111111111111111,0.30303030303030304
rsi50-65&rs,🌉v2 Z1G→T3/T6,7,68,6,33,0.2857142857142857,0.3088235294117647
rsi50-65&rs,🎬StopVol-Confirm,553,660,340,398,0.0216998191681736,0.013636363636363636
rsi50-65&rs,🎯Cluster,37,582,33,322,0.05405405405405406,0.024054982817869417
rsi50-65&rs,🎯Confluence≥3,22,1617,22,638,0.045454545454545456,0.030303030303030304
rsi50-65&rs,🎯Confluence≥4,2,167,2,126,0.5,0.08982035928143713
rsi50-65&rs,🏆L34→L34,49,177,42,140,0.061224489795918366,0.022598870056497175
rsi50-65&rs,👑Z1G-CROWN,17,379,15,139,0.17647058823529413,0.42744063324538256
rsi50-65&rs,📐RSI-Div,372,512,202,254,0.03763440860215054,0.048828125
rsi50-65&rs,🔄DualReclaim,31,779,29,305,0.06451612903225806,0.025673940949935817
rsi50-65&rs,🧲Z9-HL,10,140,10,53,0.1,0.4142857142857143
rsi50-65&rs,🧺SEQ-20,57,214,42,152,0.08771929824561403,0.04672897196261682
rsi50-65&rs,🪨T1G-NB,145,113,115,99,0.034482758620689655,0.035398230088495575
rsi<35&conso,Atomic,442,21833,253,1207,0.029411764705882353,0.013511656666513992
rsi<35&conso,Atomic-R,12,138,12,80,0.08333333333333333,0.07971014492753623
rsi<35&conso,D+L1,51,2969,26,809,0.23529411764705882,0.018524755810037048
rsi<35&conso,Engulf-Abs,51,559,48,234,0.058823529411764705,0.19499105545617174
rsi<35&conso,FailedBear-Turn,6,173,6,129,0.16666666666666666,0.046242774566473986
rsi<35&conso,G3+RL,178,636,94,221,0.056179775280898875,0.07232704402515723
rsi<35&conso,G3-Abs,5,196,5,127,0.2,0.05612244897959184
rsi<35&conso,G3-gap,421,6699,208,989,0.047505938242280284,0.029407374234960443
rsi<35&conso,G3→G3,284,5043,126,979,0.16549295774647887,0.02577830656355344
rsi<35&conso,G3→G3→RL,72,323,32,113,0.3472222222222222,0.30340557275541796
rsi<35&conso,G3→L46 🕐,494,10158,259,1148,0.03643724696356275,0.02687536916715889
rsi<35&conso,L34camp→REV,6,213,6,158,0.16666666666666666,0.028169014084507043
rsi<35&conso,L43-TRIPLE,154,780,92,277,0.07792207792207792,0.06923076923076923
rsi<35&conso,ND→SC→L46 🕐,2,146,2,81,0.5,0.15753424657534246
rsi<35&conso,NS→SC,5,314,5,183,0.2,0.0732484076433121
rsi<35&conso,P55,208,16348,85,1265,0.1875,0.006361634450697333
rsi<35&conso,Parabola,7,49295,6,1279,0.2857142857142857,0.004442641241505224
rsi<35&conso,QZ-Capit,855,5902,399,1091,0.04093567251461988,0.010504913588614028
rsi<35&conso,QZ-Capit-Rev,4367,31916,897,1253,0.03618044424089764,0.007269081338513598
rsi<35&conso,RTB-Base,17678,2178,1223,803,0.009107365086548252,0.008723599632690543
rsi<35&conso,Spring,15,1262,13,599,0.2,0.01347068145800317
rsi<35&conso,T1-CapBounce,4,141,4,116,0.25,0.028368794326241134
rsi<35&conso,Washout,4634,9449,883,1115,0.022874406560207165,0.018943803577098104
rsi<35&conso,Z11-T11,43,292,31,146,0.20930232558139536,0.06506849315068493
rsi<35&conso,ZRT,89,2080,67,641,0.10112359550561797,0.027884615384615386
rsi<35&conso,ZRT🟢,1,11,1,11,1.0,0.09090909090909091
rsi<35&conso,Zone-Retest,2329,62451,690,1284,0.017604121940747102,0.008758866951690125
rsi<35&conso,coil_floor,44,349,29,188,0.13636363636363635,0.04011461318051576
rsi<35&conso,ppr×NS,10,1695,10,623,0.1,0.020058997050147492
rsi<35&conso,⚡G3-Abs,1,4,1,4,1.0,0.25
rsi<35&conso,🌀Engulf-AbsRev,11,1929,10,681,0.18181818181818182,0.01347848626231208
rsi<35&conso,🌉Z1G→T4,1,74,1,36,1.0,0.25675675675675674
rsi<35&conso,🎯Cluster,17,602,17,321,0.058823529411764705,0.026578073089700997
rsi<35&conso,🎯Confluence≥3,164,1475,129,601,0.036585365853658534,0.033220338983050844
rsi<35&conso,🎯Confluence≥4,12,157,12,123,0.08333333333333333,0.09554140127388536
rsi<35&conso,🎯T1-RS-Dip,6,699,5,327,0.3333333333333333,0.02575107296137339
rsi<35&conso,🎯T3-RS-Dip,27,1342,23,493,0.1111111111111111,0.022354694485842028
rsi<35&conso,🏆L34→L34,2,224,2,166,0.5,0.022321428571428572
rsi<35&conso,👑Z1G-CROWN,21,375,15,142,0.2857142857142857,0.416
rsi<35&conso,📐RSI-Div,3,881,3,358,0.3333333333333333,0.03745743473325766
rsi<35&conso,🔄DualReclaim deep,43,88,35,65,0.06976744186046512,0.06818181818181818
rsi<35&conso,🧊Coil-Floor,524,4694,249,883,0.03435114503816794,0.014273540690242864
rsi<35&conso,🧺SEQ-20,2,269,2,174,0.5,0.040892193308550186
rsi35-50&conso,Atomic,8053,14222,981,1141,0.01465292437600894,0.015117423709745465
rsi35-50&conso,Atomic-R,77,73,54,48,0.06493506493506493,0.0958904109589041
rsi35-50&conso,D+L1,1498,1522,590,605,0.018691588785046728,0.018396846254927726
rsi35-50&conso,Engulf-Abs,161,449,117,183,0.043478260869565216,0.23608017817371937
rsi35-50&conso,FailedBear-Turn,135,44,109,36,0.05185185185185185,0.06818181818181818
rsi35-50&conso,G3+RL,302,512,134,185,0.056291390728476824,0.095703125
rsi35-50&conso,G3-Abs,51,150,44,102,0.0392156862745098,0.06
rsi35-50&conso,G3-gap,4483,2637,854,619,0.03279054204773589,0.03450891164201744
rsi35-50&conso,G3→G3,1198,4129,423,922,0.07595993322203673,0.03463308307096149
rsi35-50&conso,G3→G3→RL,89,306,52,96,0.06741573033707865,0.38562091503267976
rsi35-50&conso,G3→L46 🕐,4014,6638,850,1074,0.027902341803687097,0.037511298583910814
rsi35-50&conso,HighBase-15mDip,2064,5015,721,980,0.01695736434108527,0.011365902293120638
rsi35-50&conso,L34camp→REV,99,120,83,99,0.030303030303030304,0.03333333333333333
rsi35-50&conso,L43-TRIPLE,325,609,151,233,0.06153846153846154,0.08702791461412152
rsi35-50&conso,ND→SC→L46 🕐,64,84,48,49,0.078125,0.21428571428571427
rsi35-50&conso,NS→SC,106,213,69,141,0.12264150943396226,0.09859154929577464
rsi35-50&conso,P55,2925,13631,910,1247,0.01094017094017094,0.007629667669283252
rsi35-50&conso,Parabola,59,49243,46,1279,0.05084745762711865,0.004447332615803262
rsi35-50&conso,QZ-Capit,2860,3897,867,943,0.011538461538461539,0.01667949704901206
rsi35-50&conso,QZ-Capit-Rev,22302,13981,1236,1187,0.006098107793023048,0.019598025892282385
rsi35-50&conso,Spring,556,721,382,397,0.012589928057553957,0.018030513176144243
rsi35-50&conso,T1-CapBounce,94,51,86,45,0.031914893617021274,0.0392156862745098
rsi35-50&conso,Washout,1055,13028,497,1174,0.012322274881516588,0.021108381946576604
rsi35-50&conso,Z-Absorb-Turn,10,23,10,22,0.1,0.08695652173913043
rsi35-50&conso,Z11-T11,166,169,103,91,0.08433734939759036,0.13609467455621302
rsi35-50&conso,ZRT,1439,730,538,368,0.02571230020847811,0.030136986301369864
rsi35-50&conso,ZRT🟢,9,3,9,3,0.1111111111111111,0.3333333333333333
rsi35-50&conso,Zone-Retest,35578,29202,1270,1272,0.005143628084771488,0.015683857270049995
rsi35-50&conso,coil_floor,166,227,111,131,0.04819277108433735,0.05286343612334802
rsi35-50&conso,engulf_absorb_rev,1,2,1,2,1.0,0.5
rsi35-50&conso,g3g3rl,1,4,1,3,1.0,0.5
rsi35-50&conso,ppr×NS,711,994,372,489,0.029535864978902954,0.022132796780684104
rsi35-50&conso,⚡G3-Abs,1,4,1,4,1.0,0.25
rsi35-50&conso,🌀Engulf-AbsRev,508,1432,305,593,0.027559055118110236,0.011871508379888268
rsi35-50&conso,🌉Z1G→T4,10,65,8,28,0.3,0.3076923076923077
rsi35-50&conso,🌉v2 Z1G→T3/T6,9,66,9,31,0.1111111111111111,0.3181818181818182
rsi35-50&conso,🎬StopVol-Confirm,231,982,181,502,0.030303030303030304,0.016293279022403257
rsi35-50&conso,🎯Cluster,221,398,169,233,0.027149321266968326,0.03015075376884422
rsi35-50&conso,🎯Confluence≥3,695,944,395,448,0.017266187050359712,0.048728813559322036
rsi35-50&conso,🎯Confluence≥4,71,98,66,70,0.04225352112676056,0.15306122448979592
rsi35-50&conso,🎯T1-RS-Dip,360,345,208,191,0.03333333333333333,0.028985507246376812
rsi35-50&conso,🎯T3-RS-Dip,952,417,414,221,0.02415966386554622,0.02877697841726619
rsi35-50&conso,🏆L34→L34,34,192,34,144,0.029411764705882353,0.026041666666666668
rsi35-50&conso,👑Z1G-CROWN,112,284,74,99,0.07142857142857142,0.5422535211267606
rsi35-50&conso,📐RSI-Div,320,564,175,276,0.05625,0.031914893617021274
rsi35-50&conso,🔄DualReclaim,332,478,170,233,0.03313253012048193,0.03347280334728033
rsi35-50&conso,🔄DualReclaim deep,10,121,8,81,0.2,0.049586776859504134
rsi35-50&conso,🧊Coil-Floor,3783,1435,805,484,0.014538725878932065,0.029965156794425088
rsi35-50&conso,🧲Z9-HL,17,133,15,50,0.11764705882352941,0.42857142857142855
rsi35-50&conso,🧺SEQ-20,38,233,35,154,0.07894736842105263,0.04721030042918455
rsi35-50&conso,🪨T1G-NB,31,227,27,173,0.0967741935483871,0.02643171806167401
rsi50-65&conso,Atomic,6866,15409,955,1157,0.02140984561607923,0.010837822052047504
rsi50-65&conso,Atomic-R,21,129,17,75,0.09523809523809523,0.07751937984496124
rsi50-65&conso,D+L1,1196,1824,532,654,0.01839464882943144,0.023574561403508772
rsi50-65&conso,G3+RL,20,794,20,252,0.05,0.061712846347607056
rsi50-65&conso,G3-Abs,74,127,56,92,0.10810810810810811,0.047244094488188976
rsi50-65&conso,G3→G3,1520,3807,551,892,0.04276315789473684,0.045705279747832936
rsi50-65&conso,G3→G3→RL,2,393,2,129,0.5,0.31297709923664124
rsi50-65&conso,G3→L46 🕐,2789,7863,780,1086,0.032628182144137687,0.026071473992114968
rsi50-65&conso,HighBase-15mDip,4043,3036,900,859,0.012861736334405145,0.016139657444005272
rsi50-65&conso,L34camp→REV,13,206,13,155,0.07692307692307693,0.02912621359223301
rsi50-65&conso,ND→SC→L46 🕐,27,121,25,68,0.07407407407407407,0.19008264462809918
rsi50-65&conso,NS→SC,72,247,60,144,0.06944444444444445,0.08502024291497975
rsi50-65&conso,P55,10769,5787,1217,1108,0.006407280156003343,0.017971315016416106
rsi50-65&conso,Parabola,24113,25189,1270,1265,0.004230083357524986,0.005399182182698797
rsi50-65&conso,QZ-Capit,299,6458,212,1084,0.023411371237458192,0.014555589965933726
rsi50-65&conso,Spring,249,1028,198,526,0.01606425702811245,0.014591439688715954
rsi50-65&conso,Z-Absorb-Turn,18,15,18,15,0.05555555555555555,0.06666666666666667
rsi50-65&conso,ZRT,122,2047,104,633,0.04918032786885246,0.025403028822667317
rsi50-65&conso,ZRT🟢,1,11,1,10,1.0,0.18181818181818182
rsi50-65&conso,Zone-Retest,6417,58363,1087,1283,0.011843540595293751,0.009029693470178023
rsi50-65&conso,engulf_absorb_rev,2,1,2,1,0.5,1.0
rsi50-65&conso,ppr×NS,743,962,401,455,0.017496635262449527,0.02494802494802495
rsi50-65&conso,🌀Engulf-AbsRev,1190,750,527,405,0.012605042016806723,0.025333333333333333
rsi50-65&conso,🌉Z1G→T4,21,54,16,24,0.19047619047619047,0.37037037037037035
rsi50-65&conso,🌉v2 Z1G→T3/T6,21,54,17,25,0.14285714285714285,0.3888888888888889
rsi50-65&conso,🎬StopVol-Confirm,407,806,273,450,0.02702702702702703,0.01240694789081886
rsi50-65&conso,🎯Cluster,55,564,50,311,0.05454545454545454,0.024822695035460994
rsi50-65&conso,🎯Confluence≥3,79,1560,76,622,0.0379746835443038,0.03141025641025641
rsi50-65&conso,🎯Confluence≥4,11,158,10,120,0.18181818181818182,0.0949367088607595
rsi50-65&conso,🏆L34→L34,111,115,94,96,0.036036036036036036,0.034782608695652174
rsi50-65&conso,👑Z1G-CROWN,28,368,26,130,0.07142857142857142,0.44021739130434784
rsi50-65&conso,📐RSI-Div,345,539,194,261,0.04057971014492753,0.04823747680890538
rsi50-65&conso,🔄DualReclaim,11,799,11,314,0.09090909090909091,0.025031289111389236
rsi50-65&conso,🧲Z9-HL,29,121,26,39,0.06896551724137931,0.47107438016528924
rsi50-65&conso,🧺SEQ-20,112,159,83,115,0.0625,0.06289308176100629
rsi50-65&conso,🪨T1G-NB,123,135,101,119,0.04065040650406504,0.02962962962962963
adx1&rs,Atomic,3141,19134,636,1189,0.026424705507800062,0.013013483850736907
adx1&rs,Atomic-R,12,138,9,82,0.3333333333333333,0.057971014492753624
adx1&rs,D+L1,50,2970,48,806,0.04,0.018518518518518517
adx1&rs,Engulf-Abs,3,607,3,262,0.3333333333333333,0.17957166392092258
adx1&rs,G3+RL,36,778,31,249,0.05555555555555555,0.06298200514138817
adx1&rs,G3-Abs,4,197,4,129,0.25,0.05583756345177665
adx1&rs,G3-gap,9,7111,9,1016,0.1111111111111111,0.03023484741949093
adx1&rs,G3→G3,793,4534,391,924,0.031525851197982346,0.037935597706219674
adx1&rs,G3→G3→RL,3,392,3,129,0.3333333333333333,0.3137755102040816
adx1&rs,G3→L46 🕐,1346,9306,489,1119,0.06537890044576523,0.019879647539222008
adx1&rs,HighBase-15mDip,894,6185,438,1032,0.015659955257270694,0.010509296685529508
adx1&rs,ND→SC→L46 🕐,1,147,1,82,1.0,0.1564625850340136
adx1&rs,P55,206,16350,150,1263,0.024271844660194174,0.00636085626911315
adx1&rs,Parabola,13687,35615,1107,1275,0.004895155987433331,0.004997894145725116
adx1&rs,QZ-Capit,25,6732,24,1108,0.08,0.013963161021984551
adx1&rs,QZ-Capit-Rev,123,36160,103,1257,0.024390243902439025,0.010785398230088495
adx1&rs,RTB-Base,10,19846,8,1251,0.2,0.008112465988108435
adx1&rs,Spring,1,1276,1,603,1.0,0.012539184952978056
adx1&rs,T1-CapBounce,1,144,1,118,1.0,0.027777777777777776
adx1&rs,Washout,3,14080,3,1183,0.3333333333333333,0.020241477272727272
adx1&rs,ZRT,21,2148,20,647,0.09523809523809523,0.027001862197392923
adx1&rs,Zone-Retest,483,64297,349,1284,0.010351966873706004,0.008460736892856587
adx1&rs,coil_floor,1,392,1,200,1.0,0.05102040816326531
adx1&rs,ppr×NS,164,1541,133,593,0.024390243902439025,0.021414665801427646
adx1&rs,🌀Engulf-AbsRev,249,1691,179,651,0.040160642570281124,0.01537551744529864
adx1&rs,🌉Z1G→T4,8,67,8,31,0.125,0.29850746268656714
adx1&rs,🌉v2 Z1G→T3/T6,4,71,4,36,0.25,0.29577464788732394
adx1&rs,🎬StopVol-Confirm,423,790,279,434,0.02127659574468085,0.017721518987341773
adx1&rs,🎯Cluster,3,616,3,332,0.3333333333333333,0.025974025974025976
adx1&rs,🎯Confluence≥3,1,1638,1,641,1.0,0.029914529914529916
adx1&rs,🎯Confluence≥4,1,168,1,128,1.0,0.08928571428571429
adx1&rs,🎯T1-RS-Dip,2,703,2,330,0.5,0.025604551920341393
adx1&rs,🎯T3-RS-Dip,15,1354,14,491,0.13333333333333333,0.024372230428360415
adx1&rs,🏆L34→L34,43,183,39,147,0.046511627906976744,0.0273224043715847
adx1&rs,👑Z1G-CROWN,16,380,16,141,0.0625,0.4263157894736842
adx1&rs,📐RSI-Div,46,838,36,350,0.10869565217391304,0.0405727923627685
adx1&rs,🔄DualReclaim,18,792,18,310,0.05555555555555555,0.025252525252525252
adx1&rs,🔄DualReclaim deep,2,129,2,87,0.5,0.046511627906976744
adx1&rs,🥪T2G-Sandwich,127,41,100,36,0.031496062992125984,0.0975609756097561
adx1&rs,🧊Coil-Floor,15,5203,14,897,0.13333333333333333,0.01422256390543917
adx1&rs,🧲Z9-HL,4,146,4,56,0.25,0.3972602739726027
adx1&rs,🧺SEQ-20,38,233,36,149,0.05263157894736842,0.04721030042918455
adx1&rs,🪨T1G-NB,91,167,83,129,0.03296703296703297,0.029940119760479042
adx2&rs,Atomic,710,21565,267,1208,0.029577464788732393,0.013540459077208439
adx2&rs,Atomic-R,15,135,13,80,0.2,0.06666666666666667
adx2&rs,D+L1,111,2909,71,804,0.10810810810810811,0.018219319353729804
adx2&rs,Engulf-Abs,34,576,26,251,0.14705882352941177,0.18055555555555555
adx2&rs,FailedBear-Turn,11,168,11,125,0.09090909090909091,0.047619047619047616
adx2&rs,G3+RL,48,766,34,251,0.08333333333333333,0.0639686684073107
adx2&rs,G3-Abs,8,193,7,130,0.25,0.05699481865284974
adx2&rs,G3-gap,498,6622,182,1006,0.09236947791164658,0.0306553911205074
adx2&rs,G3→G3,190,5137,90,992,0.15789473684210525,0.031535915904224256
adx2&rs,G3→G3→RL,38,357,20,123,0.2631578947368421,0.3165266106442577
adx2&rs,G3→L46 🕐,325,10327,174,1149,0.043076923076923075,0.026435557277040767
adx2&rs,HighBase-15mDip,463,6616,282,1042,0.028077753779697623,0.011033857315598548
adx2&rs,L34camp→REV,17,202,14,161,0.17647058823529413,0.024752475247524754
adx2&rs,L43-TRIPLE,69,865,39,302,0.10144927536231885,0.06242774566473988
adx2&rs,ND→SC→L46 🕐,11,137,4,81,0.45454545454545453,0.13138686131386862
adx2&rs,NS→SC,12,307,6,183,0.3333333333333333,0.06514657980456026
adx2&rs,P55,465,16091,278,1263,0.025806451612903226,0.006463240320676154
adx2&rs,Parabola,188,49114,143,1279,0.031914893617021274,0.004459013723174655
adx2&rs,QZ-Capit,404,6353,248,1095,0.017326732673267328,0.014796159294821344
adx2&rs,QZ-Capit-Rev,1719,34564,562,1255,0.012216404886561954,0.011167688924892952
adx2&rs,RTB-Base,1024,18832,383,1249,0.0205078125,0.00854927782497876
adx2&rs,Spring,30,1247,26,598,0.1,0.012830793905372895
adx2&rs,T1-CapBounce,4,141,4,117,0.25,0.028368794326241134
adx2&rs,Washout,801,13282,313,1176,0.024968789013732832,0.020177684083722332
adx2&rs,Z11-T11,14,321,11,160,0.21428571428571427,0.0778816199376947
adx2&rs,ZRT,103,2066,73,638,0.07766990291262135,0.026621490803484995
adx2&rs,Zone-Retest,3381,61399,755,1282,0.014788524105294291,0.00812716819492174
adx2&rs,coil_floor,144,249,97,146,0.034722222222222224,0.060240963855421686
adx2&rs,engulf_absorb_rev,1,2,1,2,1.0,0.5
adx2&rs,ppr×NS,26,1679,22,621,0.11538461538461539,0.02025014889815366
adx2&rs,🌀Engulf-AbsRev,204,1736,148,651,0.024509803921568627,0.013248847926267281
adx2&rs,🌉v2 Z1G→T3/T6,1,74,1,37,1.0,0.28378378378378377
adx2&rs,🎬StopVol-Confirm,118,1095,100,531,0.03389830508474576,0.0136986301369863
adx2&rs,🎯Cluster,72,547,55,308,0.05555555555555555,0.025594149908592323
adx2&rs,🎯Confluence≥3,91,1548,68,629,0.04395604395604396,0.031007751937984496
adx2&rs,🎯Confluence≥4,19,150,18,114,0.10526315789473684,0.1
adx2&rs,🎯T1-RS-Dip,299,406,190,231,0.033444816053511704,0.034482758620689655
adx2&rs,🎯T3-RS-Dip,405,964,235,414,0.04197530864197531,0.016597510373443983
adx2&rs,🏆L34→L34,2,224,2,167,0.5,0.022321428571428572
adx2&rs,👑Z1G-CROWN,18,378,4,148,0.7222222222222222,0.3941798941798942
adx2&rs,📐RSI-Div,212,672,118,314,0.06132075471698113,0.03125
adx2&rs,🔄DualReclaim,393,417,187,223,0.030534351145038167,0.02877697841726619
adx2&rs,🔄DualReclaim deep,88,43,63,35,0.045454545454545456,0.09302325581395349
adx2&rs,🥇G3,1,1,1,1,1.0,1.0
adx2&rs,🧊Coil-Floor,1489,3729,533,807,0.014103425117528543,0.017162778224725127
adx2&rs,🧲Z9-HL,5,145,4,58,0.4,0.38620689655172413
adx2&rs,🧺SEQ-20,9,262,7,174,0.3333333333333333,0.03816793893129771
adx2&rs,🪨T1G-NB,10,248,10,188,0.1,0.024193548387096774
adx3&rs,Atomic,3104,19171,652,1201,0.01610824742268041,0.01283188148766366
adx3&rs,Atomic-R,18,132,16,75,0.1111111111111111,0.08333333333333333
adx3&rs,D+L1,536,2484,299,754,0.027985074626865673,0.021739130434782608
adx3&rs,Engulf-Abs,17,593,15,261,0.11764705882352941,0.1821247892074199
adx3&rs,FailedBear-Turn,24,155,23,117,0.08333333333333333,0.05161290322580645
adx3&rs,G3+RL,73,741,52,243,0.0684931506849315,0.06612685560053981
adx3&rs,G3-Abs,30,171,22,118,0.2,0.03508771929824561
adx3&rs,G3-gap,713,6407,221,999,0.08415147265077139,0.02434836897143749
adx3&rs,G3→G3,727,4600,325,951,0.06464924346629987,0.030217391304347824
adx3&rs,G3→G3→RL,34,361,18,123,0.38235294117647056,0.3047091412742382
adx3&rs,G3→L46 🕐,1359,9293,459,1134,0.03016924208977189,0.028946518885182397
adx3&rs,HighBase-15mDip,2038,5041,646,972,0.01815505397448479,0.008728426899424718
adx3&rs,L34camp→REV,13,206,13,155,0.07692307692307693,0.02912621359223301
adx3&rs,L43-TRIPLE,51,883,32,305,0.11764705882352941,0.06568516421291053
adx3&rs,ND→SC→L46 🕐,9,139,7,81,0.3333333333333333,0.14388489208633093
adx3&rs,NS→SC,20,299,20,173,0.05,0.07357859531772576
adx3&rs,P55,3194,13362,813,1231,0.020037570444583593,0.007783265978146984
adx3&rs,Parabola,10038,39264,1101,1270,0.00617652918908149,0.0043551344743276285
adx3&rs,QZ-Capit,692,6065,397,1084,0.02023121387283237,0.01549876339653751
adx3&rs,QZ-Capit-Rev,3628,32655,792,1256,0.012403528114663727,0.010564997703261369
adx3&rs,RTB-Base,864,18992,305,1251,0.03819444444444445,0.008477253580454928
adx3&rs,Spring,75,1202,59,585,0.05333333333333334,0.012479201331114808
adx3&rs,T1-CapBounce,19,126,17,107,0.10526315789473684,0.023809523809523808
adx3&rs,Washout,333,13750,164,1178,0.10510510510510511,0.01818181818181818
adx3&rs,Z-Absorb-Turn,7,26,7,24,0.14285714285714285,0.07692307692307693
adx3&rs,Z11-T11,23,312,18,151,0.17391304347826086,0.07371794871794872
adx3&rs,ZRT,279,1890,172,625,0.05017921146953405,0.023809523809523808
adx3&rs,ZRT🟢,4,8,4,7,0.25,0.25
adx3&rs,Zone-Retest,7465,57315,1009,1282,0.010850636302746148,0.008793509552473175
adx3&rs,coil_floor,127,266,90,155,0.07086614173228346,0.041353383458646614
adx3&rs,engulf_absorb_rev,1,2,1,2,1.0,0.5
adx3&rs,ppr×NS,285,1420,179,571,0.0456140350877193,0.023943661971830985
adx3&rs,⚡G3-Abs,1,4,1,4,1.0,0.25
adx3&rs,🌀Engulf-AbsRev,1070,870,518,436,0.016822429906542057,0.013793103448275862
adx3&rs,🌉Z1G→T4,5,70,5,33,0.2,0.2714285714285714
adx3&rs,🌉v2 Z1G→T3/T6,4,71,4,35,0.25,0.29577464788732394
adx3&rs,🎬StopVol-Confirm,408,805,277,448,0.024509803921568627,0.012422360248447204
adx3&rs,🎯Cluster,103,516,84,292,0.04854368932038835,0.023255813953488372
adx3&rs,🎯Confluence,1,1,1,1,1.0,1.0
adx3&rs,🎯Confluence≥3,92,1547,72,627,0.06521739130434782,0.030381383322559793
adx3&rs,🎯Confluence≥4,5,164,5,124,0.2,0.09146341463414634
adx3&rs,🎯T1-RS-Dip,209,496,146,263,0.03349282296650718,0.02620967741935484
adx3&rs,🎯T3-RS-Dip,568,801,309,370,0.02112676056338028,0.03620474406991261
adx3&rs,🏆L34→L34,28,198,27,150,0.07142857142857142,0.025252525252525252
adx3&rs,👑Z1G-CROWN,35,361,22,137,0.2571428571428571,0.42382271468144045
adx3&rs,📐RSI-Div,421,463,241,227,0.026128266033254157,0.04967602591792657
adx3&rs,🔄DualReclaim,168,642,122,270,0.03571428571428571,0.029595015576323987
adx3&rs,🔄DualReclaim deep,9,122,9,83,0.1111111111111111,0.04918032786885246
adx3&rs,🥪T2G-Sandwich,12,156,12,117,0.08333333333333333,0.038461538461538464
adx3&rs,🧊Coil-Floor,2344,2874,663,738,0.017918088737201365,0.015309672929714684
adx3&rs,🧲Z9-HL,6,144,4,58,0.5,0.3819444444444444
adx3&rs,🧺SEQ-20,33,238,26,162,0.12121212121212122,0.046218487394957986
adx3&rs,🪨T1G-NB,109,149,92,128,0.03669724770642202,0.026845637583892617
