family,primitive,source_layer,eligible_rows,events,tickers,precision8,matched_base8,delta_pp,lift,y2021_delta,y2022_delta,y2023_delta,top5_share,coverage_pct,y8_available,y8_missing,median_dvol_available,median_dvol_missing,survivor_flag,partial_coverage,y2021_n,y2022_n,y2023_n,pos_years,med_mfe,verdict,y8_gap_pp,tickers_avail,tickers_missing,duplicate_group_id,canonical_primitive,is_duplicate,group_size
VOL_ABSORB,vol_bucket=N,vol_bucket,1668766,39825,2862,8.95,8.62,0.34,1.039,1.65,-0.14,0.07,0.3,100.0,,,,,False,False,9290.0,15000.0,15535.0,2.0,1.675,DROP,,,,,vol_bucket=N,False,1
VOL_ABSORB,vol_bucket=B,vol_bucket,1668766,53968,2869,9.56,8.62,0.95,1.11,2.19,0.14,1.01,0.27,100.0,,,,,False,False,12420.0,20270.0,21278.0,3.0,1.853,DROP,,,,,vol_bucket=B,False,1
VOL_ABSORB,vol_bucket=W,vol_bucket,1668766,42330,2826,8.39,8.53,-0.14,0.984,-0.18,-0.38,0.18,0.32,100.0,,,,,False,False,9445.0,16175.0,16710.0,1.0,1.755,DROP,,,,,vol_bucket=W,False,1
VOL_ABSORB,vol_bucket=VB,vol_bucket,1668766,34367,2837,9.24,8.65,0.59,1.069,-0.3,1.31,0.26,0.36,100.0,,,,,False,False,7255.0,12499.0,14613.0,2.0,1.659,DROP,,,,,vol_bucket=VB,False,1
RTB,rtb_phase=A,rtb_phase,1668766,34168,2868,8.28,8.63,-0.35,0.959,0.58,-0.24,-0.83,0.36,100.0,,,,,False,False,7551.0,13503.0,13114.0,1.0,1.494,DROP,,,,,rtb_phase=A,False,1
RTB,rtb_phase=D,rtb_phase,1668766,47827,2825,9.26,8.61,0.65,1.076,0.53,-0.17,1.57,0.27,100.0,,,,,False,False,9434.0,18998.0,19395.0,2.0,1.734,DROP,,,,,rtb_phase=D,False,1
RTB,rtb_phase=B,rtb_phase,1668766,40550,2825,8.89,8.61,0.28,1.032,0.88,0.12,0.01,0.35,100.0,,,,,False,False,10093.0,14554.0,15903.0,3.0,1.856,DROP,,,,,rtb_phase=B,False,1
RTB,rtb_phase=C,rtb_phase,1668766,18306,2711,8.98,8.53,0.45,1.053,0.01,-0.0,0.84,0.5,100.0,,,,,False,False,3659.0,6672.0,7975.0,2.0,1.88,DROP,,,,,rtb_phase=C,False,1
GOG_GAP,gog_tier=G1L,gog_tier,107479,39731,2789,8.89,9.06,-0.17,0.981,-0.84,-0.16,0.23,0.33,6.44,9.05,8.59,9.25,4.49,False,True,8522.0,15488.0,15721.0,1.0,1.859,DROP,0.47,2839.0,2870.0,,gog_tier=G1L,False,1
GOG_GAP,gog_tier=G1C,gog_tier,107479,12366,2635,9.01,8.79,0.22,1.025,0.48,-0.2,0.53,0.57,6.44,9.05,8.59,9.25,4.49,False,True,2628.0,4914.0,4824.0,2.0,1.758,DROP,0.47,2839.0,2870.0,,gog_tier=G1C,False,1
GOG_GAP,gog_tier=GOG1,gog_tier,107479,9118,2663,9.36,9.5,-0.14,0.985,0.01,-0.03,-0.53,0.55,6.44,9.05,8.59,9.25,4.49,False,True,2190.0,3258.0,3670.0,1.0,1.738,DROP,0.47,2839.0,2870.0,,gog_tier=GOG1,False,1
GOG_GAP,gog_tier=G1P,gog_tier,107479,5775,2290,9.66,8.9,0.76,1.085,0.18,1.67,0.17,0.76,6.44,9.05,8.59,9.25,4.49,False,True,1061.0,2412.0,2302.0,3.0,2.102,DROP,0.47,2839.0,2870.0,,gog_tier=G1P,False,1
TZ,t_sig=T2G,t_sig,785410,55406,2844,8.9,8.56,0.34,1.04,-0.37,0.18,1.0,0.27,47.07,8.57,8.67,6.09,3.73,False,True,12418.0,21261.0,21727.0,2.0,1.771,DROP,-0.1,2864.0,2870.0,,t_sig=T2G,False,1
TZ,t_sig=T2,t_sig,785410,53444,2850,8.53,8.56,-0.02,0.997,0.12,0.05,-0.11,0.28,47.07,8.57,8.67,6.09,3.73,False,True,11438.0,20575.0,21431.0,2.0,1.653,DROP,-0.1,2864.0,2870.0,,t_sig=T2,False,1
TZ,t_sig=T4,t_sig,785410,48955,2844,8.45,8.57,-0.13,0.985,-0.25,0.23,-0.38,0.29,47.07,8.57,8.67,6.09,3.73,False,True,10093.0,18842.0,20020.0,1.0,1.596,DROP,-0.1,2864.0,2870.0,,t_sig=T4,False,1
TZ,t_sig=T9,t_sig,785410,48378,2839,8.55,8.56,-0.01,0.998,-0.29,0.08,-0.0,0.29,47.07,8.57,8.67,6.09,3.73,False,True,10990.0,17757.0,19631.0,1.0,1.741,DROP,-0.1,2864.0,2870.0,,t_sig=T9,False,1
TZ,t_sig=T3,t_sig,785410,45910,2827,8.1,8.53,-0.43,0.95,-0.56,0.15,-0.81,0.3,47.07,8.57,8.67,6.09,3.73,False,True,9822.0,17913.0,18175.0,1.0,1.636,DROP,-0.1,2864.0,2870.0,,t_sig=T3,False,1
TZ,t_sig=T1,t_sig,785410,45640,2824,8.67,8.55,0.12,1.014,0.08,0.2,0.14,0.3,47.07,8.57,8.67,6.09,3.73,False,True,10685.0,17110.0,17845.0,3.0,1.829,DROP,-0.1,2864.0,2870.0,,t_sig=T1,False,1
TZ,t_sig=T5,t_sig,785410,42105,2848,8.37,8.57,-0.2,0.977,-0.19,0.18,-0.41,0.31,47.07,8.57,8.67,6.09,3.73,False,True,8497.0,16947.0,16661.0,1.0,1.717,DROP,-0.1,2864.0,2870.0,,t_sig=T5,False,1
TZ,t_sig=T1G,t_sig,785410,38446,2828,9.12,8.57,0.55,1.064,-0.06,0.45,1.07,0.34,47.07,8.57,8.67,6.09,3.73,False,True,8431.0,14832.0,15183.0,2.0,1.812,DROP,-0.1,2864.0,2870.0,,t_sig=T1G,False,1
TZ,t_sig=T10,t_sig,785410,27957,2824,8.82,8.56,0.27,1.031,-0.32,0.59,0.42,0.39,47.07,8.57,8.67,6.09,3.73,False,True,5037.0,11737.0,11183.0,2.0,1.711,DROP,-0.1,2864.0,2870.0,,t_sig=T10,False,1
TZ,t_sig=T6,t_sig,785410,27369,2822,8.63,8.59,0.04,1.005,0.17,0.65,-0.57,0.4,47.07,8.57,8.67,6.09,3.73,False,True,4869.0,10950.0,11550.0,2.0,1.69,DROP,-0.1,2864.0,2870.0,,t_sig=T6,False,1
TZ,t_sig=T12,t_sig,785410,12681,2689,8.07,8.31,-0.24,0.971,-0.15,0.52,-1.0,0.72,47.07,8.57,8.67,6.09,3.73,False,True,2339.0,5102.0,5240.0,1.0,1.76,DROP,-0.1,2864.0,2870.0,,t_sig=T12,False,1
TZ,t_sig=T11,t_sig,785410,11564,2683,8.4,8.42,-0.02,0.998,-0.15,0.62,-0.53,0.65,47.07,8.57,8.67,6.09,3.73,False,True,1972.0,4869.0,4723.0,1.0,1.671,DROP,-0.1,2864.0,2870.0,,t_sig=T11,False,1
TZ,z_sig=Z2G,z_sig,879693,56733,2855,8.48,8.63,-0.15,0.982,0.26,-0.49,-0.07,0.27,52.72,8.64,8.59,3.74,6.07,False,True,12419.0,21596.0,22718.0,1.0,1.726,DROP,0.05,2869.0,2866.0,,z_sig=Z2G,False,1
TZ,z_sig=Z2,z_sig,879693,54758,2843,8.34,8.59,-0.25,0.971,0.27,-0.47,-0.29,0.27,52.72,8.64,8.59,3.74,6.07,False,True,12279.0,20854.0,21625.0,1.0,1.686,DROP,0.05,2869.0,2866.0,,z_sig=Z2,False,1
TZ,z_sig=Z4,z_sig,879693,49264,2836,8.56,8.61,-0.05,0.995,0.01,-0.28,0.07,0.29,52.72,8.64,8.59,3.74,6.07,False,True,11247.0,18166.0,19851.0,2.0,1.73,DROP,0.05,2869.0,2866.0,,z_sig=Z4,False,1
TZ,z_sig=Z3,z_sig,879693,46643,2822,8.49,8.54,-0.05,0.994,0.55,-0.2,-0.38,0.3,52.72,8.64,8.59,3.74,6.07,False,True,10999.0,16752.0,18892.0,1.0,1.752,DROP,0.05,2869.0,2866.0,,z_sig=Z3,False,1
TZ,z_sig=Z9,z_sig,879693,47111,2840,8.36,8.61,-0.25,0.971,-0.06,-0.34,-0.33,0.29,52.72,8.64,8.59,3.74,6.07,False,True,9846.0,17944.0,19321.0,0.0,1.656,DROP,0.05,2869.0,2866.0,,z_sig=Z9,False,1
TZ,z_sig=Z1,z_sig,879693,42094,2801,8.21,8.5,-0.29,0.966,0.08,-0.52,-0.14,0.33,52.72,8.64,8.59,3.74,6.07,False,True,8975.0,16686.0,16433.0,1.0,1.661,DROP,0.05,2869.0,2866.0,,z_sig=Z1,False,1
TZ,z_sig=Z5,z_sig,879693,40832,2838,8.75,8.62,0.14,1.016,0.54,-0.47,0.35,0.33,52.72,8.64,8.59,3.74,6.07,False,True,8889.0,15100.0,16843.0,2.0,1.837,DROP,0.05,2869.0,2866.0,,z_sig=Z5,False,1
TZ,z_sig=Z6,z_sig,879693,35968,2839,8.88,8.64,0.25,1.029,0.65,0.24,-0.03,0.37,52.72,8.64,8.59,3.74,6.07,False,True,7871.0,13438.0,14659.0,2.0,1.744,DROP,0.05,2869.0,2866.0,,z_sig=Z6,False,1
TZ,z_sig=Z1G,z_sig,879693,34460,2810,8.24,8.57,-0.33,0.961,-0.12,-0.48,-0.01,0.38,52.72,8.64,8.59,3.74,6.07,False,True,6814.0,14550.0,13096.0,0.0,1.752,DROP,0.05,2869.0,2866.0,,z_sig=Z1G,False,1
TZ,z_sig=Z7,z_sig,879693,21139,2649,9.27,8.41,0.86,1.103,0.95,0.94,0.63,0.64,52.72,8.64,8.59,3.74,6.07,False,True,3971.0,7725.0,9443.0,3.0,1.544,DROP,0.05,2869.0,2866.0,,z_sig=Z7,False,1
TZ,z_sig=Z10,z_sig,879693,29757,2814,8.88,8.63,0.25,1.029,0.29,-0.2,0.53,0.38,52.72,8.64,8.59,3.74,6.07,False,True,6424.0,11035.0,12298.0,2.0,1.753,DROP,0.05,2869.0,2866.0,,z_sig=Z10,False,1
TZ,z_sig=Z11,z_sig,879693,24531,2824,8.94,8.7,0.24,1.028,0.61,-0.21,0.41,0.49,52.72,8.64,8.59,3.74,6.07,False,True,4883.0,9443.0,10205.0,2.0,1.743,DROP,0.05,2869.0,2866.0,,z_sig=Z11,False,1
L_VSA,l_sig=L12,l_sig,1668476,22595,2864,9.2,8.58,0.62,1.072,1.5,0.53,0.27,0.42,99.98,,,,,False,True,6125.0,8473.0,7997.0,3.0,1.641,DROP,,,,,l_sig=L12,False,1
L_VSA,l_sig=L46,l_sig,1668476,25083,2862,8.98,8.65,0.33,1.038,1.46,-0.56,0.23,0.37,99.98,,,,,False,True,6828.0,8478.0,9777.0,2.0,1.553,DROP,,,,,l_sig=L46,False,1
L_VSA,l_sig=L25,l_sig,1668476,45954,2860,8.52,8.61,-0.09,0.989,0.24,-0.15,-0.17,0.3,99.98,,,,,False,True,10613.0,17386.0,17955.0,1.0,1.789,DROP,,,,,l_sig=L25,False,1
L_VSA,l_sig=L3,l_sig,1668476,52861,2861,9.01,8.61,0.4,1.046,0.51,0.25,0.59,0.28,99.98,,,,,False,True,12403.0,20200.0,20258.0,3.0,1.698,DROP,,,,,l_sig=L3,False,1
L_VSA,l_sig=L5,l_sig,1668476,57333,2859,8.4,8.62,-0.22,0.975,0.06,-0.3,-0.29,0.27,99.98,,,,,False,True,12719.0,21671.0,22943.0,1.0,1.688,DROP,,,,,l_sig=L5,False,1
L_VSA,l_sig=L34,l_sig,1668476,57768,2855,8.67,8.61,0.07,1.008,0.21,0.08,-0.01,0.27,99.98,,,,,False,True,12817.0,21900.0,23051.0,2.0,1.726,DROP,,,,,l_sig=L34,False,1
L_VSA,l_sig=L2,l_sig,1668476,14656,2448,9.48,8.52,0.97,1.114,0.76,1.33,0.66,0.74,99.98,,,,,False,True,2660.0,5308.0,6688.0,3.0,1.535,DROP,,,,,l_sig=L2,False,1
L_VSA,l_sig=L4,l_sig,1668476,10956,2272,9.92,8.38,1.54,1.183,1.15,1.93,1.32,0.94,99.98,,,,,True,True,1940.0,3995.0,5021.0,3.0,1.569,RETAIN,,,,,l_sig=L4,False,1
FLY,fly_sig=FLY,fly_sig,353822,36384,2793,8.65,8.5,0.15,1.018,-0.15,0.42,0.29,0.32,21.2,8.51,8.65,6.87,4.23,False,True,6804.0,14715.0,14865.0,2.0,1.72,DROP,-0.13,2805.0,2870.0,,fly_sig=FLY,False,1
FLY,fly_sig=FLY-CD,fly_sig,353822,10481,2695,8.88,9.16,-0.28,0.969,-0.75,0.02,-0.66,0.52,21.2,8.51,8.65,6.87,4.23,False,True,1373.0,4001.0,5107.0,1.0,1.589,DROP,-0.13,2805.0,2870.0,,fly_sig=FLY-CD,False,1
B_BREAK,sig_best,sig_best,1668766,22064,2803,9.32,8.5,0.81,1.096,0.47,1.01,0.86,0.42,100.0,,,,,False,False,4435.0,8745.0,8884.0,3.0,1.862,DROP,,,,,sig_best,False,1
VOL_ABSORB,sig_abs,sig_abs,1668766,58842,2870,9.47,8.62,0.85,1.099,1.57,0.32,0.96,0.25,100.0,,,,,False,False,13601.0,22052.0,23189.0,3.0,1.818,DROP,,,,,sig_abs,False,1
VOL_ABSORB,sig_clm,sig_clm,1668766,38866,2829,9.3,8.62,0.68,1.078,0.71,-0.08,1.41,0.31,100.0,,,,,False,False,8153.0,15062.0,15651.0,2.0,1.849,DROP,,,,,sig_clm,False,1
VOL_ABSORB,sig_ns_vabs,sig_ns_vabs,1668766,46529,2861,8.24,8.61,-0.37,0.957,-1.36,0.37,-0.55,0.29,100.0,,,,,False,False,9501.0,18269.0,18759.0,1.0,1.621,DROP,,,,,sig_ns_vabs,False,1
VOL_ABSORB,sig_nd_vabs,sig_nd_vabs,1668766,46969,2858,8.05,8.61,-0.56,0.935,-0.68,-0.51,-0.66,0.28,100.0,,,,,False,False,10321.0,17243.0,19405.0,0.0,1.661,DROP,,,,,sig_nd_vabs,False,1
VOL_ABSORB,sig_sc,sig_sc,1668766,8301,2570,8.14,8.37,-0.22,0.973,-0.21,-0.13,-0.3,0.67,100.0,,,,,False,False,1764.0,3029.0,3508.0,0.0,1.681,DROP,,,,,sig_sc,False,1
B_BREAK,sig_bc,sig_bc,1668766,8782,2546,10.21,9.75,0.46,1.047,-1.29,0.8,0.83,0.61,100.0,,,,,False,False,1791.0,3121.0,3870.0,2.0,1.379,DROP,,,,,sig_bc,False,1
B_BREAK,sig_best_up,sig_best_up,1668766,2460,1575,7.64,7.79,-0.15,0.981,0.16,1.04,-1.55,1.06,100.0,,,,,False,False,384.0,1115.0,961.0,2.0,1.537,DROP,,,,,sig_best_up,False,1
F,sig_fbo_up,sig_fbo_up,1668766,42164,2831,8.14,8.57,-0.43,0.949,-0.24,0.07,-0.76,0.29,100.0,,,,,False,False,8915.0,17586.0,15663.0,1.0,1.659,DROP,,,,,sig_fbo_up,False,1
F,sig_fbo_dn,sig_fbo_dn,1668766,40227,2825,9.26,8.61,0.65,1.076,1.1,-0.22,0.98,0.33,100.0,,,,,False,False,9485.0,14200.0,16542.0,2.0,1.939,DROP,,,,,sig_fbo_dn,False,1
LEVEL_BREAK,sig_vbo_dn,sig_vbo_dn,1668766,53794,2857,8.57,8.62,-0.05,0.994,0.34,-0.14,-0.06,0.26,100.0,,,,,False,False,11754.0,21077.0,20963.0,1.0,1.745,DROP,,,,,sig_vbo_dn,False,1
L_VSA,sig_fri34,sig_fri34,1668766,12149,2685,9.66,8.38,1.29,1.154,0.66,1.06,2.05,0.5,100.0,,,,,True,False,2593.0,4951.0,4605.0,3.0,1.928,RETAIN,,,,,sig_fri34,False,1
L_VSA,sig_fri43,sig_fri43,1668766,5387,2295,8.95,7.99,0.96,1.12,0.33,0.73,1.56,0.67,100.0,,,,,False,False,920.0,2405.0,2062.0,3.0,1.972,DROP,,,,,sig_fri43,False,1
L_VSA,sig_fri64,sig_fri64,1668766,23641,2806,9.29,8.5,0.79,1.093,0.83,0.19,1.46,0.37,100.0,,,,,False,False,4611.0,9471.0,9559.0,3.0,1.967,DROP,,,,,sig_fri64,False,1
L_VSA,sig_l555,sig_l555,1668766,10860,2685,7.47,8.55,-1.09,0.873,-1.23,-0.71,-1.32,0.64,100.0,,,,,False,False,2095.0,4317.0,4448.0,0.0,1.427,DROP,,,,,sig_l555,False,1
L_VSA,sig_blue,sig_blue,1668766,39436,2839,9.43,8.61,0.82,1.095,0.44,0.4,1.52,0.3,100.0,,,,,False,False,8229.0,15528.0,15679.0,3.0,1.89,DROP,,,,,sig_blue,False,1
L_VSA,sig_pp,sig_pp,1668766,16585,2864,7.92,8.4,-0.48,0.943,-0.42,-1.72,0.86,0.46,100.0,,,,,False,False,4962.0,5988.0,5635.0,1.0,1.73,DROP,,,,,sig_pp,False,1
L_VSA,sig_l_any,sig_l_any,1668766,8959,2867,10.65,9.46,1.18,1.125,3.82,-0.19,-0.54,0.55,100.0,,,,,False,False,3611.0,2362.0,2986.0,1.0,1.555,DROP,,,,,sig_l_any,False,1
B_BREAK,sig_be_any,sig_be_any,1668766,47639,2861,8.68,8.61,0.08,1.009,0.58,-0.09,-0.07,0.29,100.0,,,,,False,False,11269.0,17554.0,18816.0,1.0,1.705,DROP,,,,,sig_be_any,False,1
L_VSA,l34,l34,1668766,56792,2852,8.73,8.6,0.13,1.015,0.25,0.21,0.01,0.27,100.0,,,,,False,False,12628.0,21607.0,22557.0,3.0,1.726,DROP,,,,,l34,False,1
L_VSA,l43,l43,1668766,35745,2834,8.6,8.62,-0.02,0.998,0.26,0.11,-0.11,0.36,100.0,,,,,False,False,6778.0,14814.0,14153.0,2.0,1.786,DROP,,,,,l43,False,1
L_VSA,l22,l22,1668766,29180,2811,8.87,8.56,0.3,1.035,0.59,-0.13,0.51,0.4,100.0,,,,,False,False,6162.0,11070.0,11948.0,2.0,1.846,DROP,,,,,l22,False,1
LEVEL_BREAK,be_up,be_up,1668766,41958,2832,8.98,8.61,0.38,1.044,0.46,-0.03,0.71,0.3,100.0,,,,,False,False,8541.0,16275.0,17142.0,2.0,1.707,DROP,,,,,be_up,False,1
LEVEL_BREAK,bo_up,bo_up,1668766,52164,2842,8.99,8.61,0.39,1.045,0.21,0.07,0.8,0.28,100.0,,,,,False,False,11225.0,19979.0,20960.0,3.0,1.709,DROP,,,,,bo_up,False,1
LEVEL_BREAK,bx_up,bx_up,1668766,37086,2822,9.1,8.65,0.44,1.051,0.26,0.04,0.93,0.35,100.0,,,,,False,False,6943.0,14785.0,15358.0,3.0,1.81,DROP,,,,,bx_up,False,1
LEVEL_BREAK,vbo_up,vbo_up,1668766,52263,2839,9.14,8.63,0.51,1.06,0.65,-0.18,1.2,0.29,100.0,,,,,False,False,11936.0,20002.0,20325.0,2.0,1.819,DROP,,,,,vbo_up,False,1
GOG_GAP,sig_g1,sig_g1,1668766,13571,2729,8.97,8.57,0.4,1.046,0.41,-0.03,0.7,0.49,100.0,,,,,False,False,3161.0,4836.0,5574.0,2.0,1.844,DROP,,,,,sig_g1,False,1
GOG_GAP,sig_g2,sig_g2,1668766,13759,2722,9.4,8.65,0.75,1.086,0.39,-0.27,1.94,0.63,100.0,,,,,False,False,2940.0,5315.0,5504.0,2.0,1.832,DROP,,,,,sig_g2,False,1
GOG_GAP,sig_g4,sig_g4,1668766,17845,2795,8.94,8.65,0.29,1.034,-0.04,0.44,0.24,0.5,100.0,,,,,False,False,3372.0,6864.0,7609.0,2.0,1.592,DROP,,,,,sig_g4,False,1
GOG_GAP,sig_g6,sig_g6,1668766,4229,2072,9.08,8.38,0.7,1.084,0.18,0.6,0.99,1.02,100.0,,,,,False,False,734.0,1667.0,1828.0,3.0,1.641,DROP,,,,,sig_g6,False,1
GOG_GAP,sig_g11,sig_g11,1668766,24674,2792,8.75,8.6,0.15,1.017,-0.08,0.2,0.29,0.34,100.0,,,,,False,False,4325.0,10186.0,10163.0,2.0,1.875,DROP,,,,,sig_g11,False,1
GOG_GAP,sig_gog_plus,sig_gog_plus,1668766,5775,2290,9.66,8.56,1.11,1.129,0.31,1.82,0.84,0.76,100.0,,,,,True,False,1061.0,2412.0,2302.0,3.0,2.102,RETAIN,,,,G004,g1p,True,2
GOG_GAP,g1p,g1p,1668766,5775,2290,9.66,8.56,1.11,1.129,0.31,1.82,0.84,0.76,100.0,,,,,True,False,1061.0,2412.0,2302.0,3.0,2.102,RETAIN,,,,G004,g1p,False,2
GOG_GAP,g1l,g1l,1668766,39731,2789,8.89,8.65,0.23,1.027,-0.13,-0.16,0.89,0.33,100.0,,,,,False,False,8522.0,15488.0,15721.0,1.0,1.859,DROP,,,,,g1l,False,1
GOG_GAP,g1c,g1c,1668766,12366,2635,9.01,8.63,0.38,1.044,0.98,-0.52,1.04,0.57,100.0,,,,,False,False,2628.0,4914.0,4824.0,2.0,1.758,DROP,,,,,g1c,False,1
B_BREAK,sig_b1,sig_b1,1668766,32929,2816,8.52,8.58,-0.06,0.993,0.02,-0.42,0.19,0.33,100.0,,,,,False,False,7227.0,12355.0,13347.0,2.0,1.731,DROP,,,,,sig_b1,False,1
B_BREAK,sig_b2,sig_b2,1668766,49285,2844,8.45,8.61,-0.16,0.982,0.18,-0.16,-0.32,0.28,100.0,,,,,False,False,10063.0,19173.0,20049.0,1.0,1.638,DROP,,,,,sig_b2,False,1
B_BREAK,sig_b3,sig_b3,1668766,19491,2772,8.74,8.63,0.12,1.013,0.14,0.09,0.07,0.42,100.0,,,,,False,False,4415.0,7214.0,7862.0,3.0,1.755,DROP,,,,,sig_b3,False,1
B_BREAK,sig_b5,sig_b5,1668766,5889,2358,8.71,8.21,0.5,1.061,-0.42,0.73,0.87,0.78,100.0,,,,,False,False,1435.0,2365.0,2089.0,2.0,1.839,DROP,,,,,sig_b5,False,1
B_BREAK,sig_b6,sig_b6,1668766,3399,1913,8.83,8.64,0.19,1.022,-0.34,0.22,0.53,0.91,100.0,,,,,False,False,774.0,1159.0,1466.0,2.0,1.696,DROP,,,,,sig_b6,False,1
B_BREAK,sig_b7,sig_b7,1668766,42249,2817,8.94,8.59,0.35,1.041,0.29,-0.21,0.87,0.31,100.0,,,,,False,False,9178.0,15920.0,17151.0,2.0,1.752,DROP,,,,,sig_b7,False,1
B_BREAK,sig_b8,sig_b8,1668766,26267,2795,8.69,8.56,0.13,1.016,-0.34,-0.14,1.0,0.39,100.0,,,,,False,False,5763.0,10696.0,9808.0,1.0,1.865,DROP,,,,,sig_b8,False,1
B_BREAK,sig_b10,sig_b10,1668766,10376,2687,9.69,8.52,1.17,1.137,1.08,0.77,1.42,0.51,100.0,,,,,True,False,2207.0,3725.0,4444.0,3.0,1.745,RETAIN,,,,,sig_b10,False,1
B_BREAK,sig_b11,sig_b11,1668766,10561,2681,8.32,8.65,-0.33,0.962,-0.22,-0.15,-0.63,0.51,100.0,,,,,False,False,2107.0,4009.0,4445.0,0.0,1.62,DROP,,,,,sig_b11,False,1
F,sig_f1,sig_f1,1668766,55778,2838,8.68,8.56,0.12,1.014,0.11,0.08,0.27,0.28,100.0,,,,,False,False,12503.0,21508.0,21767.0,3.0,1.746,DROP,,,,,sig_f1,False,1
F,sig_f2,sig_f2,1668766,27205,2802,8.65,8.62,0.03,1.003,-0.13,0.31,-0.27,0.36,100.0,,,,,False,False,5430.0,10276.0,11499.0,1.0,1.623,DROP,,,,,sig_f2,False,1
F,sig_f3,sig_f3,1668766,42840,2836,8.39,8.62,-0.22,0.974,0.39,-0.3,-0.54,0.3,100.0,,,,,False,False,8747.0,16230.0,17863.0,1.0,1.637,DROP,,,,,sig_f3,False,1
F,sig_f4,sig_f4,1668766,30284,2823,8.53,8.64,-0.12,0.986,0.09,-0.16,-0.34,0.35,100.0,,,,,False,False,6234.0,11203.0,12847.0,1.0,1.612,DROP,,,,,sig_f4,False,1
F,sig_f5,sig_f5,1668766,18644,2770,8.07,8.54,-0.47,0.945,0.44,-0.61,-0.87,0.42,100.0,,,,,False,False,3894.0,7031.0,7719.0,1.0,1.638,DROP,,,,,sig_f5,False,1
F,sig_f6,sig_f6,1668766,27356,2822,8.61,8.63,-0.01,0.998,0.21,0.47,-0.58,0.4,100.0,,,,,False,False,4848.0,10952.0,11556.0,2.0,1.691,DROP,,,,,sig_f6,False,1
F,sig_f7,sig_f7,1668766,56226,2833,8.85,8.58,0.27,1.031,-0.12,-0.09,0.9,0.27,100.0,,,,,False,False,12568.0,21558.0,22100.0,1.0,1.76,DROP,,,,,sig_f7,False,1
F,sig_f8,sig_f8,1668766,10852,2646,8.86,8.5,0.36,1.042,-0.13,0.92,-0.07,0.76,100.0,,,,,False,False,1849.0,4233.0,4770.0,1.0,1.707,DROP,,,,G006,f8,True,2
F,sig_f9,sig_f9,1668766,15333,2725,8.56,8.49,0.07,1.008,-0.23,-0.36,0.48,0.48,100.0,,,,,False,False,3749.0,5331.0,6253.0,1.0,1.757,DROP,,,,,sig_f9,False,1
F,sig_f10,sig_f10,1668766,21923,2771,8.94,8.61,0.33,1.038,0.07,-0.47,1.33,0.43,100.0,,,,,False,False,4834.0,8509.0,8580.0,2.0,1.895,DROP,,,,,sig_f10,False,1
F,sig_f11,sig_f11,1668766,30265,2822,8.14,8.59,-0.45,0.947,-0.58,-0.11,-0.69,0.35,100.0,,,,,False,False,6003.0,11943.0,12319.0,0.0,1.552,DROP,,,,,sig_f11,False,1
F,sig_fly_abcd,sig_fly_abcd,1668766,36384,2793,8.65,8.58,0.07,1.008,-0.56,0.18,0.32,0.32,100.0,,,,,False,False,6804.0,14715.0,14865.0,2.0,1.72,DROP,,,,,sig_fly_abcd,False,1
F,sig_fly_cd,sig_fly_cd,1668766,33967,2801,8.88,8.61,0.27,1.031,-0.42,0.35,0.63,0.34,100.0,,,,,False,False,6595.0,13763.0,13609.0,2.0,1.75,DROP,,,,,sig_fly_cd,False,1
F,sig_fly_bd,sig_fly_bd,1668766,33553,2805,8.91,8.61,0.3,1.035,-0.43,0.33,0.73,0.34,100.0,,,,,False,False,6556.0,13565.0,13432.0,2.0,1.749,DROP,,,,,sig_fly_bd,False,1
F,sig_fly_ad,sig_fly_ad,1668766,35900,2799,8.67,8.59,0.08,1.009,-0.57,0.16,0.35,0.33,100.0,,,,,False,False,6853.0,14393.0,14654.0,2.0,1.699,DROP,,,,,sig_fly_ad,False,1
TZ,sig_wk_up,sig_wk_up,1668766,38869,2823,9.09,8.59,0.5,1.059,0.62,-0.03,0.96,0.31,100.0,,,,,False,False,8460.0,14819.0,15590.0,2.0,1.782,DROP,,,,,sig_wk_up,False,1
TZ,sig_wk_dn,sig_wk_dn,1668766,40942,2817,8.78,8.53,0.25,1.029,0.35,0.25,0.33,0.31,100.0,,,,,False,False,8892.0,16146.0,15904.0,3.0,1.71,DROP,,,,,sig_wk_dn,False,1
TZ,sig_t,sig_t,1668766,4698,2864,11.71,8.7,3.01,1.346,4.03,2.47,1.03,1.13,100.0,,,,,True,False,2755.0,944.0,999.0,3.0,1.605,RETAIN,,,,G008,sig_t,False,2
TZ,sig_z,sig_z,1668766,4719,2869,10.19,8.8,1.4,1.159,4.08,-1.67,-2.73,0.57,100.0,,,,,False,False,2759.0,999.0,961.0,1.0,1.605,DROP,,,,,sig_z,False,1
TZ,sig_tz3,sig_tz3,1668766,32499,2809,9.56,8.69,0.87,1.1,1.41,-0.58,1.45,0.36,100.0,,,,,False,False,7568.0,11078.0,13853.0,2.0,1.863,DROP,,,,,sig_tz3,False,1
TZ,sig_tz2,sig_tz2,1668766,38686,2850,9.47,8.61,0.86,1.1,0.25,0.37,1.73,0.29,100.0,,,,,False,False,9130.0,14400.0,15156.0,3.0,1.801,DROP,,,,,sig_tz2,False,1
TZ,sig_tz_flip,sig_tz_flip,1668766,33685,2809,9.51,8.69,0.81,1.094,1.45,-0.64,1.35,0.36,100.0,,,,,False,False,7812.0,11491.0,14382.0,2.0,1.844,DROP,,,,,sig_tz_flip,False,1
TZ,sig_bias_up,sig_bias_up,1668766,763,475,14.29,11.41,2.88,1.252,-0.2,5.99,2.56,4.98,100.0,,,,,False,False,177.0,260.0,326.0,2.0,1.603,DROP,,,,,sig_bias_up,False,1
TZ,sig_bias_dn,sig_bias_dn,1668766,3021,1224,8.41,9.26,-0.85,0.908,-3.44,0.36,-0.84,1.72,100.0,,,,,False,False,454.0,1151.0,1416.0,1.0,0.948,DROP,,,,,sig_bias_dn,False,1
EMA_CROSS,sig_p2,sig_p2,1668766,32102,2826,9.11,8.6,0.51,1.059,0.17,0.67,0.62,0.36,100.0,,,,,False,False,6832.0,12575.0,12695.0,3.0,1.704,DROP,,,,,sig_p2,False,1
EMA_CROSS,sig_p3,sig_p3,1668766,18067,2774,8.92,8.46,0.46,1.054,1.29,0.0,0.32,0.49,100.0,,,,,False,False,4949.0,6346.0,6772.0,3.0,1.524,DROP,,,,,sig_p3,False,1
EMA_CROSS,sig_p50,sig_p50,1668766,21325,2776,8.59,8.52,0.07,1.008,0.07,-0.99,1.15,0.39,100.0,,,,,False,False,4385.0,8338.0,8602.0,2.0,1.747,DROP,,,,,sig_p50,False,1
EMA_CROSS,sig_p55,sig_p55,1668766,20247,2769,8.68,8.68,-0.0,1.0,1.1,-0.52,-0.37,0.47,100.0,,,,,False,False,5880.0,6692.0,7675.0,1.0,1.565,DROP,,,,,sig_p55,False,1
EMA_CROSS,sig_p66,sig_p66,1668766,12630,2670,8.43,8.97,-0.54,0.94,1.33,-1.31,-1.5,0.67,100.0,,,,,False,False,4470.0,3782.0,4378.0,1.0,1.598,DROP,,,,,sig_p66,False,1
EMA_CROSS,sig_p89,sig_p89,1668766,27091,2797,8.53,8.67,-0.15,0.983,0.73,-1.05,0.03,0.38,100.0,,,,,False,False,6976.0,9436.0,10679.0,2.0,1.628,DROP,,,,,sig_p89,False,1
EMA_CROSS,sig_d2,sig_d2,1668766,42487,2842,8.71,8.59,0.12,1.014,0.44,0.04,0.16,0.31,100.0,,,,,False,False,10071.0,16361.0,16055.0,3.0,1.719,DROP,,,,,sig_d2,False,1
EMA_CROSS,sig_d3,sig_d3,1668766,19209,2794,8.11,8.35,-0.24,0.972,0.87,-0.28,-0.93,0.45,100.0,,,,,False,False,5466.0,6851.0,6892.0,1.0,1.586,DROP,,,,,sig_d3,False,1
EMA_CROSS,sig_d50,sig_d50,1668766,35186,2833,8.2,8.57,-0.37,0.957,0.43,-0.51,-0.63,0.32,100.0,,,,,False,False,8744.0,13164.0,13278.0,1.0,1.643,DROP,,,,,sig_d50,False,1
EMA_CROSS,sig_d55,sig_d55,1668766,21327,2790,7.82,8.52,-0.7,0.918,0.7,-1.0,-1.4,0.45,100.0,,,,,False,False,6328.0,7337.0,7662.0,1.0,1.559,DROP,,,,,sig_d55,False,1
EMA_CROSS,sig_d66,sig_d66,1668766,13560,2726,7.52,8.63,-1.1,0.872,0.75,-1.55,-2.36,0.62,100.0,,,,,False,False,4943.0,4149.0,4468.0,1.0,1.584,DROP,,,,,sig_d66,False,1
EMA_CROSS,sig_d89,sig_d89,1668766,27392,2802,7.89,8.62,-0.73,0.915,0.52,-1.09,-1.21,0.39,100.0,,,,,False,False,7382.0,9672.0,10338.0,1.0,1.604,DROP,,,,,sig_d89,False,1
B_BREAK,sig_buy,sig_buy,1668766,12369,2528,8.81,9.83,-1.02,0.896,-2.25,-0.39,-1.42,0.57,100.0,,,,,False,False,2299.0,3983.0,6087.0,0.0,1.706,DROP,,,,,sig_buy,False,1
VOL_ABSORB,sig_svs,sig_svs,1668766,48846,2850,9.51,8.62,0.89,1.103,0.6,0.51,1.41,0.29,100.0,,,,,False,False,10460.0,18768.0,19618.0,3.0,1.737,DROP,,,,G003,sig_svs,False,2
VOL_ABSORB,svs,svs,1668766,48846,2850,9.51,8.62,0.89,1.103,0.6,0.51,1.41,0.29,100.0,,,,,False,False,10460.0,18768.0,19618.0,3.0,1.737,DROP,,,,G003,sig_svs,True,2
VOL_ABSORB,sq,sq,1668766,35010,2844,9.26,8.59,0.68,1.079,0.3,0.73,0.86,0.34,100.0,,,,,False,False,6779.0,13984.0,14247.0,3.0,1.878,DROP,,,,,sq,False,1
VOL_ABSORB,load,load,1668766,53981,2827,9.3,8.63,0.67,1.078,0.68,0.05,1.3,0.27,100.0,,,,,False,False,11693.0,20784.0,21504.0,3.0,1.836,DROP,,,,,load,False,1
F,f8,f8,1668766,10852,2646,8.86,8.5,0.36,1.042,-0.13,0.92,-0.07,0.76,100.0,,,,,False,False,1849.0,4233.0,4770.0,1.0,1.707,DROP,,,,G006,f8,False,2
VOL_ABSORB,sig_va,sig_va,1668766,47449,2850,9.38,8.62,0.76,1.088,0.41,0.81,0.8,0.29,100.0,,,,,False,False,10175.0,17645.0,19629.0,3.0,1.77,DROP,,,,,sig_va,False,1
VOL_ABSORB,sig_vol_5x,sig_vol_5x,1668766,20432,2498,9.12,8.88,0.24,1.027,0.15,0.91,-0.29,0.71,100.0,,,,,False,False,4315.0,7283.0,8834.0,2.0,1.392,DROP,,,,,sig_vol_5x,False,1
VOL_ABSORB,sig_vol_10x,sig_vol_10x,1668766,10376,1805,9.6,9.25,0.34,1.037,-0.38,0.64,0.48,1.14,100.0,,,,,False,False,1895.0,3777.0,4704.0,2.0,1.27,DROP,,,,,sig_vol_10x,False,1
VOL_ABSORB,sig_vol_20x,sig_vol_20x,1668766,5280,1309,10.85,9.61,1.24,1.129,-1.06,2.09,1.52,1.67,100.0,,,,,True,False,886.0,1928.0,2466.0,2.0,1.169,RETAIN,,,,,sig_vol_20x,False,1
EMA_CROSS,price_gt_20,price_gt_20,1668766,31530,2859,9.84,8.56,1.29,1.15,0.89,0.3,2.65,0.31,100.0,,,,,True,False,7742.0,11873.0,11915.0,3.0,1.843,RETAIN,,,,,price_gt_20,False,1
EMA_CROSS,price_gt_50,price_gt_50,1668766,24405,2849,9.97,8.55,1.42,1.166,1.82,-0.62,3.07,0.33,100.0,,,,,True,False,6307.0,8782.0,9316.0,2.0,1.87,RETAIN,,,,,price_gt_50,False,1
EMA_CROSS,price_gt_89,price_gt_89,1668766,19572,2828,9.6,8.64,0.96,1.111,1.96,-1.0,1.86,0.36,100.0,,,,,False,False,5429.0,6575.0,7568.0,2.0,1.806,DROP,,,,,price_gt_89,False,1
EMA_CROSS,price_gt_200,price_gt_200,1668766,13844,2801,9.21,9.15,0.06,1.007,2.51,-1.84,-0.59,0.48,100.0,,,,,False,False,4693.0,3986.0,5165.0,1.0,1.722,DROP,,,,,price_gt_200,False,1
OSCILLATOR,rsi_le_35,rsi_le_35,1668766,23955,2835,8.24,8.38,-0.13,0.984,1.44,0.21,-0.95,0.34,100.0,,,,,False,False,5074.0,10285.0,8596.0,2.0,1.89,DROP,,,,,rsi_le_35,False,1
OSCILLATOR,rsi_ge_70,rsi_ge_70,1668766,13988,2776,9.94,9.68,0.25,1.026,1.48,-0.67,-0.24,0.44,100.0,,,,,False,False,3912.0,3922.0,6154.0,1.0,1.632,DROP,,,,,rsi_ge_70,False,1
F,sig_flp_up,sig_flp_up,1668766,51073,2850,8.69,8.62,0.07,1.008,-0.02,0.02,0.22,0.27,100.0,,,,,False,False,10695.0,19991.0,20387.0,2.0,1.691,DROP,,,,,sig_flp_up,False,1
EMA_CROSS,sig_dd_up_red,sig_dd_up_red,1668766,8954,2632,9.88,8.69,1.2,1.138,1.22,0.68,1.63,0.76,100.0,,,,,True,False,2004.0,3238.0,3712.0,3.0,1.646,RETAIN,,,,,sig_dd_up_red,False,1
EMA_CROSS,sig_d_up_red,sig_d_up_red,1668766,16165,2751,8.49,8.45,0.04,1.005,-0.15,-0.1,0.18,0.48,100.0,,,,,False,False,3461.0,5956.0,6748.0,1.0,1.62,DROP,,,,,sig_d_up_red,False,1
EMA_CROSS,sig_d_dn_green,sig_d_dn_green,1668766,17029,2783,8.7,8.61,0.08,1.01,-0.87,0.62,0.03,0.49,100.0,,,,,False,False,3684.0,6311.0,7034.0,2.0,1.744,DROP,,,,,sig_d_dn_green,False,1
EMA_CROSS,sig_dd_dn_green,sig_dd_dn_green,1668766,10337,2668,9.34,8.68,0.65,1.075,0.71,0.64,0.61,0.7,100.0,,,,,False,False,2334.0,3716.0,4287.0,3.0,1.614,DROP,,,,,sig_dd_dn_green,False,1
CISD,sig_cisd_cplus,sig_cisd_cplus,1668766,28720,2834,8.05,8.3,-0.25,0.97,0.2,-0.34,0.1,0.42,100.0,,,,,False,False,9667.0,11961.0,7092.0,2.0,1.748,DROP,,,,,sig_cisd_cplus,False,1
CISD,sig_cisd_cplus_minus,sig_cisd_cplus_minus,1668766,7776,2488,8.82,6.97,1.85,1.265,1.03,0.65,5.56,0.8,100.0,,,,,True,False,2308.0,3543.0,1925.0,3.0,1.712,RETAIN,,,,,sig_cisd_cplus_minus,False,1
CISD,sig_cisd_cplus_mm,sig_cisd_cplus_mm,1668766,5236,1891,9.3,11.81,-2.51,0.787,-0.49,-3.33,-6.55,1.15,100.0,,,,,False,False,2818.0,1283.0,1135.0,0.0,1.884,DROP,,,,,sig_cisd_cplus_mm,False,1
PARA,sig_para_prep,sig_para_prep,1668766,27759,2660,8.51,8.85,-0.33,0.962,0.69,-0.56,-1.01,0.43,100.0,,,,,False,False,6594.0,9285.0,11880.0,1.0,1.798,DROP,,,,,sig_para_prep,False,1
PARA,sig_para_start,sig_para_start,1668766,18712,2597,9.03,9.1,-0.07,0.992,0.32,-0.15,-0.57,0.48,100.0,,,,,False,False,4264.0,6102.0,8346.0,1.0,1.916,DROP,,,,,sig_para_start,False,1
PARA,sig_para_plus,sig_para_plus,1668766,19203,2597,9.02,9.1,-0.07,0.992,0.49,-0.17,-0.67,0.47,100.0,,,,,False,False,4390.0,6224.0,8589.0,1.0,1.919,DROP,,,,,sig_para_plus,False,1
PARA,sig_para_retest,sig_para_retest,1668766,12591,2368,8.27,9.41,-1.14,0.878,-0.14,-1.14,-2.02,0.58,100.0,,,,,False,False,2735.0,4033.0,5823.0,0.0,1.829,DROP,,,,,sig_para_retest,False,1
WYCKOFF,wyc_phase=MARKUP,wyc_phase,1668766,7031,2688,9.8,10.31,-0.51,0.951,3.25,-2.52,-3.57,0.51,100.0,,,,,False,False,3248.0,1549.0,2234.0,1.0,1.644,DROP,,,,,wyc_phase=MARKUP,False,1
WYCKOFF,wyc_phase=ACC_TR,wyc_phase,1668766,3491,1359,9.77,8.61,1.16,1.134,1.0,1.98,0.76,1.46,100.0,,,,,True,False,526.0,1438.0,1527.0,3.0,1.089,RETAIN,,,,,wyc_phase=ACC_TR,False,1
WYCKOFF,wyc_phase=DIST_TR,wyc_phase,1668766,728,511,12.64,13.25,-0.61,0.954,-2.39,3.23,0.1,3.43,100.0,,,,,False,False,272.0,208.0,248.0,2.0,1.448,DROP,,,,,wyc_phase=DIST_TR,False,1
WYCKOFF,wyc_in_tr,wyc_in_tr,1668766,3956,1485,10.39,9.16,1.23,1.134,-0.4,2.43,1.15,1.29,100.0,,,,,True,False,710.0,1561.0,1685.0,2.0,1.142,RETAIN,,,,,wyc_in_tr,False,1
TZ,sig_t1g,sig_t1g,1668766,38446,2828,9.12,8.63,0.49,1.057,0.05,0.25,1.04,0.34,100.0,,,,,False,False,8431.0,14832.0,15183.0,3.0,1.812,DROP,,,,,sig_t1g,False,1
TZ,sig_t2g,sig_t2g,1668766,55406,2844,8.9,8.59,0.31,1.036,-0.24,0.01,0.98,0.27,100.0,,,,,False,False,12418.0,21261.0,21727.0,2.0,1.771,DROP,,,,,sig_t2g,False,1
TZ,sig_t1,sig_t1,1668766,45640,2824,8.67,8.58,0.1,1.011,0.21,0.05,0.12,0.3,100.0,,,,,False,False,10685.0,17110.0,17845.0,3.0,1.829,DROP,,,,,sig_t1,False,1
TZ,sig_t2,sig_t2,1668766,53444,2850,8.53,8.59,-0.06,0.993,0.24,-0.13,-0.13,0.28,100.0,,,,,False,False,11438.0,20575.0,21431.0,1.0,1.653,DROP,,,,,sig_t2,False,1
TZ,sig_t3,sig_t3,1668766,45910,2827,8.1,8.54,-0.44,0.948,-0.44,0.03,-0.82,0.3,100.0,,,,,False,False,9822.0,17913.0,18175.0,1.0,1.636,DROP,,,,,sig_t3,False,1
TZ,sig_t4,sig_t4,1668766,48955,2844,8.45,8.63,-0.18,0.979,-0.13,0.02,-0.41,0.29,100.0,,,,,False,False,10093.0,18842.0,20020.0,1.0,1.596,DROP,,,,,sig_t4,False,1
TZ,sig_t5,sig_t5,1668766,42105,2848,8.37,8.62,-0.25,0.971,-0.07,-0.02,-0.45,0.31,100.0,,,,,False,False,8497.0,16947.0,16661.0,0.0,1.717,DROP,,,,,sig_t5,False,1
TZ,sig_t6,sig_t6,1668766,27369,2822,8.63,8.62,0.01,1.001,0.31,0.48,-0.58,0.4,100.0,,,,,False,False,4869.0,10950.0,11550.0,2.0,1.69,DROP,,,,,sig_t6,False,1
TZ,sig_t9,sig_t9,1668766,48378,2839,8.55,8.59,-0.05,0.995,-0.16,-0.09,-0.02,0.29,100.0,,,,,False,False,10990.0,17757.0,19631.0,0.0,1.741,DROP,,,,,sig_t9,False,1
TZ,sig_t10,sig_t10,1668766,27957,2824,8.82,8.61,0.21,1.025,-0.23,0.41,0.39,0.39,100.0,,,,,False,False,5037.0,11737.0,11183.0,2.0,1.711,DROP,,,,,sig_t10,False,1
TZ,sig_t11,sig_t11,1668766,11564,2683,8.4,8.49,-0.09,0.989,-0.06,0.45,-0.6,0.65,100.0,,,,,False,False,1972.0,4869.0,4723.0,1.0,1.671,DROP,,,,,sig_t11,False,1
TZ,sig_t12,sig_t12,1668766,12681,2689,8.07,8.36,-0.29,0.965,-0.11,0.38,-1.04,0.72,100.0,,,,,False,False,2339.0,5102.0,5240.0,1.0,1.76,DROP,,,,,sig_t12,False,1
TZ,sig_z1g,sig_z1g,1668766,34460,2810,8.24,8.57,-0.33,0.962,-0.32,-0.34,-0.0,0.38,100.0,,,,,False,False,6814.0,14550.0,13096.0,0.0,1.752,DROP,,,,,sig_z1g,False,1
TZ,sig_z2g,sig_z2g,1668766,56733,2855,8.48,8.61,-0.13,0.985,0.06,-0.31,-0.05,0.27,100.0,,,,,False,False,12419.0,21596.0,22718.0,1.0,1.726,DROP,,,,,sig_z2g,False,1
TZ,sig_z1,sig_z1,1668766,42094,2801,8.21,8.53,-0.31,0.963,-0.13,-0.43,-0.15,0.33,100.0,,,,,False,False,8975.0,16686.0,16433.0,0.0,1.661,DROP,,,,,sig_z1,False,1
TZ,sig_z2,sig_z2,1668766,54758,2843,8.34,8.58,-0.24,0.972,0.06,-0.33,-0.28,0.27,100.0,,,,,False,False,12279.0,20854.0,21625.0,1.0,1.686,DROP,,,,,sig_z2,False,1
TZ,sig_z3,sig_z3,1668766,46643,2822,8.49,8.55,-0.06,0.993,0.34,-0.1,-0.37,0.3,100.0,,,,,False,False,10999.0,16752.0,18892.0,1.0,1.752,DROP,,,,,sig_z3,False,1
TZ,sig_z4,sig_z4,1668766,49264,2836,8.56,8.59,-0.04,0.996,-0.2,-0.13,0.09,0.29,100.0,,,,,False,False,11247.0,18166.0,19851.0,1.0,1.73,DROP,,,,,sig_z4,False,1
TZ,sig_z5,sig_z5,1668766,40832,2838,8.75,8.6,0.15,1.017,0.33,-0.32,0.37,0.33,100.0,,,,,False,False,8889.0,15100.0,16843.0,2.0,1.837,DROP,,,,,sig_z5,False,1
TZ,sig_z6,sig_z6,1668766,35968,2839,8.88,8.61,0.27,1.032,0.45,0.42,-0.01,0.37,100.0,,,,,False,False,7871.0,13438.0,14659.0,2.0,1.744,DROP,,,,,sig_z6,False,1
TZ,sig_z7,sig_z7,1668766,21139,2649,9.27,8.42,0.85,1.101,0.8,1.06,0.57,0.64,100.0,,,,,False,False,3971.0,7725.0,9443.0,3.0,1.544,DROP,,,,,sig_z7,False,1
TZ,sig_z9,sig_z9,1668766,47111,2840,8.36,8.59,-0.24,0.973,-0.27,-0.19,-0.31,0.29,100.0,,,,,False,False,9846.0,17944.0,19321.0,0.0,1.656,DROP,,,,,sig_z9,False,1
TZ,sig_z10,sig_z10,1668766,29757,2814,8.88,8.6,0.27,1.032,0.08,-0.03,0.54,0.38,100.0,,,,,False,False,6424.0,11035.0,12298.0,2.0,1.753,DROP,,,,,sig_z10,False,1
TZ,sig_z11,sig_z11,1668766,24531,2824,8.94,8.65,0.29,1.033,0.42,-0.02,0.44,0.49,100.0,,,,,False,False,4883.0,9443.0,10205.0,2.0,1.743,DROP,,,,,sig_z11,False,1
TZ,sig_z12,sig_z12,1668766,4512,1858,9.95,8.48,1.47,1.174,0.79,1.51,1.95,1.13,100.0,,,,,True,False,818.0,1676.0,2018.0,3.0,1.524,RETAIN,,,,,sig_z12,False,1
BAR_TAXONOMY,wick_suffix=D,wick_suffix,1391733,10599,2867,9.87,9.18,0.69,1.075,3.56,-0.78,-1.02,0.52,83.4,8.53,9.07,5.99,1.14,False,True,3956.0,2791.0,3852.0,1.0,1.666,DROP,-0.55,2869.0,2870.0,,wick_suffix=D,False,1
BAR_TAXONOMY,wick_suffix=U,wick_suffix,1391733,13089,2866,9.47,8.3,1.17,1.141,2.27,0.89,0.36,0.63,83.4,8.53,9.07,5.99,1.14,True,True,4240.0,4421.0,4428.0,3.0,1.573,RETAIN,-0.55,2869.0,2870.0,,wick_suffix=U,False,1
BAR_TAXONOMY,wick_suffix=B,wick_suffix,1391733,57550,2850,8.96,8.52,0.43,1.051,0.66,0.22,0.5,0.27,83.4,8.53,9.07,5.99,1.14,False,True,12861.0,21909.0,22780.0,3.0,1.749,DROP,-0.55,2869.0,2870.0,,wick_suffix=B,False,1
BAR_TAXONOMY,penetration_suffix=P,penetration_suffix,668649,43848,2863,8.73,8.84,-0.11,0.988,0.58,-0.41,0.02,0.33,40.07,8.84,8.47,2.55,7.01,False,True,10225.0,16757.0,16866.0,2.0,1.784,DROP,0.37,2867.0,2870.0,,penetration_suffix=P,False,1
BAR_TAXONOMY,penetration_suffix=R,penetration_suffix,668649,43997,2861,8.37,8.84,-0.48,0.946,0.51,-0.79,-0.42,0.31,40.07,8.84,8.47,2.55,7.01,False,True,10242.0,17205.0,16550.0,1.0,1.754,DROP,0.37,2867.0,2870.0,,penetration_suffix=R,False,1
BAR_TAXONOMY,penetration_suffix=H,penetration_suffix,668649,49439,2857,8.6,8.84,-0.24,0.973,0.04,-0.17,-0.37,0.3,40.07,8.84,8.47,2.55,7.01,False,True,11160.0,18300.0,19979.0,1.0,1.644,DROP,0.37,2867.0,2870.0,,penetration_suffix=H,False,1
BAR_TAXONOMY,close_suffix=O,close_suffix,1665935,11313,2869,9.94,9.19,0.75,1.082,3.25,-0.4,-0.69,0.55,99.83,8.61,14.02,4.71,7.95,False,True,4119.0,3046.0,4148.0,1.0,1.604,DROP,-5.41,2869.0,2831.0,,close_suffix=O,False,1
BAR_TAXONOMY,close_suffix=A,close_suffix,1665935,14386,2866,9.79,8.43,1.36,1.161,2.14,1.7,0.3,0.54,99.83,8.61,14.02,4.71,7.95,True,True,4694.0,4776.0,4916.0,3.0,1.609,RETAIN,-5.41,2869.0,2831.0,,close_suffix=A,False,1
BAR_TAXONOMY,close_suffix=I,close_suffix,1665935,20071,2865,8.43,8.56,-0.14,0.984,1.23,-0.15,-0.99,0.48,99.83,8.61,14.02,4.71,7.95,False,True,5974.0,7485.0,6612.0,1.0,1.752,DROP,-5.41,2869.0,2831.0,,close_suffix=I,False,1
BAR_TAXONOMY,full_suffix=ED,full_suffix,1665935,48598,2858,8.3,8.59,-0.29,0.966,0.34,-0.74,-0.42,0.29,99.83,8.61,14.02,4.71,7.95,False,True,11322.0,17184.0,20092.0,1.0,1.612,DROP,-5.41,2869.0,2831.0,G014,composite_full_suffix=ED,True,2
BAR_TAXONOMY,full_suffix=EU,full_suffix,1665935,50726,2859,9.13,8.59,0.54,1.063,0.27,0.4,0.94,0.29,99.83,8.61,14.02,4.71,7.95,False,True,12074.0,19159.0,19493.0,3.0,1.673,DROP,-5.41,2869.0,2831.0,G012,composite_full_suffix=EU,True,2
BAR_TAXONOMY,full_suffix=ND,full_suffix,1665935,57441,2853,8.22,8.58,-0.36,0.958,-0.53,-0.32,-0.26,0.27,99.83,8.61,14.02,4.71,7.95,False,True,12552.0,22027.0,22862.0,0.0,1.633,DROP,-5.41,2869.0,2831.0,,full_suffix=ND,False,1
BAR_TAXONOMY,full_suffix=NU,full_suffix,1665935,57404,2851,8.53,8.59,-0.06,0.993,0.3,-0.1,-0.27,0.26,99.83,8.61,14.02,4.71,7.95,False,True,12842.0,21432.0,23130.0,1.0,1.767,DROP,-5.41,2869.0,2831.0,,full_suffix=NU,False,1
BAR_TAXONOMY,full_suffix=NUR,full_suffix,1665935,56705,2851,8.64,8.6,0.04,1.005,-0.17,-0.01,0.21,0.27,99.83,8.61,14.02,4.71,7.95,False,True,12766.0,21235.0,22704.0,1.0,1.759,DROP,-5.41,2869.0,2831.0,,full_suffix=NUR,False,1
BAR_TAXONOMY,full_suffix=NDP,full_suffix,1665935,55876,2850,8.64,8.59,0.05,1.006,-0.06,0.15,0.02,0.27,99.83,8.61,14.02,4.71,7.95,False,True,12440.0,21067.0,22369.0,2.0,1.718,DROP,-5.41,2869.0,2831.0,,full_suffix=NDP,False,1
BAR_TAXONOMY,full_suffix=NH,full_suffix,1665935,49439,2857,8.6,8.6,-0.0,1.0,-0.07,0.3,-0.29,0.3,99.83,8.61,14.02,4.71,7.95,False,True,11160.0,18300.0,19979.0,1.0,1.644,DROP,-5.41,2869.0,2831.0,,full_suffix=NH,False,1
BAR_TAXONOMY,full_suffix=EDP,full_suffix,1665935,52348,2848,8.64,8.6,0.05,1.005,0.07,0.03,0.02,0.28,99.83,8.61,14.02,4.71,7.95,False,True,11637.0,19624.0,21087.0,3.0,1.701,DROP,-5.41,2869.0,2831.0,G013,composite_full_suffix=EDP,True,2
BAR_TAXONOMY,full_suffix=EB,full_suffix,1665935,52440,2843,8.66,8.6,0.06,1.007,0.3,0.14,-0.07,0.28,99.83,8.61,14.02,4.71,7.95,False,True,11145.0,20533.0,20762.0,2.0,1.746,DROP,-5.41,2869.0,2831.0,,full_suffix=EB,False,1
BAR_TAXONOMY,full_suffix=EUR,full_suffix,1665935,50467,2848,8.68,8.61,0.08,1.009,0.21,0.04,-0.02,0.29,99.83,8.61,14.02,4.71,7.95,False,True,11217.0,18750.0,20500.0,2.0,1.632,DROP,-5.41,2869.0,2831.0,G011,composite_full_suffix=EUR,True,2
BAR_TAXONOMY,full_suffix=NR,full_suffix,1665935,46078,2855,8.69,8.6,0.09,1.01,-0.08,0.5,-0.29,0.3,99.83,8.61,14.02,4.71,7.95,False,True,9706.0,17348.0,19024.0,1.0,1.612,DROP,-5.41,2869.0,2831.0,,full_suffix=NR,False,1
BAR_TAXONOMY,full_suffix=NB,full_suffix,1665935,46995,2829,8.59,8.56,0.03,1.004,0.06,-0.24,0.29,0.29,99.83,8.61,14.02,4.71,7.95,False,True,10224.0,17942.0,18829.0,2.0,1.713,DROP,-5.41,2869.0,2831.0,,full_suffix=NB,False,1
BAR_TAXONOMY,full_suffix=NP,full_suffix,1665935,44482,2857,8.89,8.61,0.28,1.033,-0.45,0.62,0.23,0.31,99.83,8.61,14.02,4.71,7.95,False,True,9875.0,16105.0,18502.0,2.0,1.707,DROP,-5.41,2869.0,2831.0,,full_suffix=NP,False,1
BAR_TAXONOMY,full_suffix=N,full_suffix,1665935,22705,2815,8.43,8.67,-0.24,0.972,-0.13,0.02,-0.55,0.55,99.83,8.61,14.02,4.71,7.95,False,True,4280.0,8962.0,9463.0,1.0,1.699,DROP,-5.41,2869.0,2831.0,G010,composite_full_suffix=N,True,2
BAR_TAXONOMY,composite_full_suffix=ED,composite_full_suffix,1665935,48598,2858,8.3,8.59,-0.29,0.966,0.34,-0.74,-0.42,0.29,99.83,8.61,14.02,4.71,7.95,False,True,11322.0,17184.0,20092.0,1.0,1.612,DROP,-5.41,2869.0,2831.0,G014,composite_full_suffix=ED,False,2
BAR_TAXONOMY,composite_full_suffix=EU,composite_full_suffix,1665935,50726,2859,9.13,8.59,0.54,1.063,0.27,0.4,0.94,0.29,99.83,8.61,14.02,4.71,7.95,False,True,12074.0,19159.0,19493.0,3.0,1.673,DROP,-5.41,2869.0,2831.0,G012,composite_full_suffix=EU,False,2
BAR_TAXONOMY,composite_full_suffix=EDP,composite_full_suffix,1665935,52348,2848,8.64,8.6,0.05,1.005,0.07,0.03,0.02,0.28,99.83,8.61,14.02,4.71,7.95,False,True,11637.0,19624.0,21087.0,3.0,1.701,DROP,-5.41,2869.0,2831.0,G013,composite_full_suffix=EDP,False,2
BAR_TAXONOMY,composite_full_suffix=EUR,composite_full_suffix,1665935,50467,2848,8.68,8.61,0.08,1.009,0.21,0.04,-0.02,0.29,99.83,8.61,14.02,4.71,7.95,False,True,11217.0,18750.0,20500.0,2.0,1.632,DROP,-5.41,2869.0,2831.0,G011,composite_full_suffix=EUR,False,2
BAR_TAXONOMY,composite_full_suffix=NDI,composite_full_suffix,1665935,48180,2834,8.13,8.58,-0.45,0.948,-0.5,-0.44,-0.34,0.29,99.83,8.61,14.02,4.71,7.95,False,True,10233.0,18929.0,19018.0,0.0,1.666,DROP,-5.41,2869.0,2831.0,,composite_full_suffix=NDI,False,1
BAR_TAXONOMY,composite_full_suffix=NUI,composite_full_suffix,1665935,47456,2841,8.56,8.59,-0.03,0.996,0.54,-0.14,-0.32,0.3,99.83,8.61,14.02,4.71,7.95,False,True,10430.0,17621.0,19405.0,1.0,1.819,DROP,-5.41,2869.0,2831.0,,composite_full_suffix=NUI,False,1
BAR_TAXONOMY,composite_full_suffix=NDO,composite_full_suffix,1665935,42699,2820,8.09,8.52,-0.43,0.95,-0.82,0.11,-0.67,0.31,99.83,8.61,14.02,4.71,7.95,False,True,9131.0,16658.0,16910.0,1.0,1.613,DROP,-5.41,2869.0,2831.0,,composite_full_suffix=NDO,False,1
BAR_TAXONOMY,composite_full_suffix=NUA,composite_full_suffix,1665935,41009,2808,8.46,8.53,-0.07,0.992,0.26,-0.19,-0.18,0.31,99.83,8.61,14.02,4.71,7.95,False,True,9270.0,15205.0,16534.0,1.0,1.834,DROP,-5.41,2869.0,2831.0,,composite_full_suffix=NUA,False,1
BAR_TAXONOMY,composite_full_suffix=NURI,composite_full_suffix,1665935,36851,2830,8.95,8.6,0.35,1.041,-0.17,0.52,0.43,0.34,99.83,8.61,14.02,4.71,7.95,False,True,8125.0,13729.0,14997.0,2.0,1.726,DROP,-5.41,2869.0,2831.0,,composite_full_suffix=NURI,False,1
BAR_TAXONOMY,composite_full_suffix=NDPI,composite_full_suffix,1665935,36309,2835,8.74,8.59,0.15,1.018,0.15,0.25,-0.0,0.33,99.83,8.61,14.02,4.71,7.95,False,True,7914.0,13537.0,14858.0,2.0,1.692,DROP,-5.41,2869.0,2831.0,,composite_full_suffix=NDPI,False,1
BAR_TAXONOMY,composite_full_suffix=EBO,composite_full_suffix,1665935,36832,2831,8.35,8.59,-0.23,0.973,-0.08,-0.0,-0.46,0.33,99.83,8.61,14.02,4.71,7.95,False,True,7696.0,14531.0,14605.0,0.0,1.773,DROP,-5.41,2869.0,2831.0,,composite_full_suffix=EBO,False,1
BAR_TAXONOMY,composite_full_suffix=NHI,composite_full_suffix,1665935,31081,2840,8.81,8.63,0.18,1.021,-0.25,0.63,-0.16,0.43,99.83,8.61,14.02,4.71,7.95,False,True,6852.0,11094.0,13135.0,1.0,1.583,DROP,-5.41,2869.0,2831.0,,composite_full_suffix=NHI,False,1
BAR_TAXONOMY,composite_full_suffix=NRI,composite_full_suffix,1665935,33537,2838,8.92,8.6,0.32,1.038,-0.01,0.69,0.03,0.36,99.83,8.61,14.02,4.71,7.95,False,True,6825.0,12535.0,14177.0,2.0,1.643,DROP,-5.41,2869.0,2831.0,,composite_full_suffix=NRI,False,1
BAR_TAXONOMY,composite_full_suffix=EBA,composite_full_suffix,1665935,33296,2827,8.6,8.64,-0.03,0.996,0.24,0.01,-0.13,0.37,99.83,8.61,14.02,4.71,7.95,False,True,6808.0,13220.0,13268.0,2.0,1.626,DROP,-5.41,2869.0,2831.0,,composite_full_suffix=EBA,False,1
BAR_TAXONOMY,composite_full_suffix=NPI,composite_full_suffix,1665935,32438,2846,9.03,8.59,0.44,1.051,-0.26,0.92,0.22,0.37,99.83,8.61,14.02,4.71,7.95,False,True,7148.0,11651.0,13639.0,2.0,1.686,DROP,-5.41,2869.0,2831.0,,composite_full_suffix=NPI,False,1
BAR_TAXONOMY,composite_full_suffix=NDPO,composite_full_suffix,1665935,28700,2771,8.57,8.47,0.1,1.011,-0.2,0.26,0.08,0.37,99.83,8.61,14.02,4.71,7.95,False,True,6657.0,10578.0,11465.0,2.0,1.687,DROP,-5.41,2869.0,2831.0,,composite_full_suffix=NDPO,False,1
BAR_TAXONOMY,composite_full_suffix=NURA,composite_full_suffix,1665935,27990,2770,8.55,8.55,-0.0,1.0,-0.2,-0.1,0.08,0.37,99.83,8.61,14.02,4.71,7.95,False,True,6422.0,10118.0,11450.0,1.0,1.717,DROP,-5.41,2869.0,2831.0,,composite_full_suffix=NURA,False,1
BAR_TAXONOMY,composite_full_suffix=NURO,composite_full_suffix,1665935,28362,2776,8.29,8.55,-0.26,0.97,-0.31,0.18,-0.58,0.37,99.83,8.61,14.02,4.71,7.95,False,True,6605.0,10735.0,11022.0,1.0,1.802,DROP,-5.41,2869.0,2831.0,,composite_full_suffix=NURO,False,1
BAR_TAXONOMY,composite_full_suffix=NRO,composite_full_suffix,1665935,25837,2835,8.33,8.55,-0.22,0.974,-0.36,0.16,-0.6,0.48,99.83,8.61,14.02,4.71,7.95,False,True,5323.0,9640.0,10874.0,1.0,1.514,DROP,-5.41,2869.0,2831.0,,composite_full_suffix=NRO,False,1
BAR_TAXONOMY,composite_full_suffix=NDPA,composite_full_suffix,1665935,26648,2787,8.27,8.56,-0.29,0.966,-0.27,-0.3,-0.17,0.38,99.83,8.61,14.02,4.71,7.95,False,True,5618.0,10553.0,10477.0,0.0,1.636,DROP,-5.41,2869.0,2831.0,,composite_full_suffix=NDPA,False,1
BAR_TAXONOMY,composite_full_suffix=NBI,composite_full_suffix,1665935,24827,2804,8.78,8.56,0.21,1.025,0.13,-0.11,0.44,0.43,99.83,8.61,14.02,4.71,7.95,False,True,5194.0,9252.0,10381.0,2.0,1.708,DROP,-5.41,2869.0,2831.0,,composite_full_suffix=NBI,False,1
BAR_TAXONOMY,composite_full_suffix=N,composite_full_suffix,1665935,22705,2815,8.43,8.67,-0.24,0.972,-0.13,0.02,-0.55,0.55,99.83,8.61,14.02,4.71,7.95,False,True,4280.0,8962.0,9463.0,1.0,1.699,DROP,-5.41,2869.0,2831.0,G010,composite_full_suffix=N,False,2
BAR_TAXONOMY,composite_full_suffix=NPA,composite_full_suffix,1665935,23296,2828,8.59,8.65,-0.07,0.992,-0.81,0.22,-0.06,0.48,99.83,8.61,14.02,4.71,7.95,False,True,5029.0,8376.0,9891.0,1.0,1.705,DROP,-5.41,2869.0,2831.0,,composite_full_suffix=NPA,False,1
BAR_TAXONOMY,composite_full_suffix=NHO,composite_full_suffix,1665935,23000,2810,8.62,8.5,0.11,1.014,0.13,0.44,-0.23,0.45,99.83,8.61,14.02,4.71,7.95,False,True,5249.0,8426.0,9325.0,2.0,1.61,DROP,-5.41,2869.0,2831.0,,composite_full_suffix=NHO,False,1
BAR_TAXONOMY,composite_full_suffix=NHA,composite_full_suffix,1665935,21542,2798,8.51,8.63,-0.12,0.986,-0.48,0.24,-0.4,0.44,99.83,8.61,14.02,4.71,7.95,False,True,4699.0,7678.0,9165.0,1.0,1.584,DROP,-5.41,2869.0,2831.0,,composite_full_suffix=NHA,False,1
BAR_TAXONOMY,composite_full_suffix=NBO,composite_full_suffix,1665935,20120,2749,8.27,8.43,-0.16,0.981,-0.53,-0.06,0.01,0.44,99.83,8.61,14.02,4.71,7.95,False,True,4466.0,7711.0,7943.0,1.0,1.758,DROP,-5.41,2869.0,2831.0,,composite_full_suffix=NBO,False,1
BAR_TAXONOMY,composite_full_suffix=NBA,composite_full_suffix,1665935,18589,2733,8.26,8.47,-0.21,0.975,0.01,-0.19,-0.28,0.45,99.83,8.61,14.02,4.71,7.95,False,True,4119.0,7225.0,7245.0,1.0,1.651,DROP,-5.41,2869.0,2831.0,,composite_full_suffix=NBA,False,1
BAR_TAXONOMY,bar_body_wick=XF,bar_body_wick,1668766,27829,2865,8.78,8.61,0.16,1.019,0.7,0.45,-0.49,0.39,100.0,,,,,False,False,7633.0,9627.0,10569.0,2.0,1.622,DROP,,,,,bar_body_wick=XF,False,1
BAR_TAXONOMY,bar_body_wick=MJ,bar_body_wick,1668766,39232,2866,8.42,8.54,-0.11,0.987,0.57,-0.28,-0.31,0.31,100.0,,,,,False,False,9546.0,14626.0,15060.0,1.0,1.691,DROP,,,,,bar_body_wick=MJ,False,1
BAR_TAXONOMY,bar_body_wick=S,bar_body_wick,1668766,56678,2849,8.38,8.57,-0.19,0.978,0.18,-0.42,-0.18,0.27,100.0,,,,,False,False,12888.0,21246.0,22544.0,1.0,1.708,DROP,,,,,bar_body_wick=S,False,1
BAR_TAXONOMY,bar_body_wick=X,bar_body_wick,1668766,56739,2857,8.59,8.61,-0.02,0.998,0.67,-0.26,-0.15,0.26,100.0,,,,,False,False,12677.0,21447.0,22615.0,1.0,1.714,DROP,,,,,bar_body_wick=X,False,1
BAR_TAXONOMY,bar_body_wick=SF,bar_body_wick,1668766,58103,2861,8.58,8.61,-0.03,0.997,0.38,-0.24,-0.06,0.26,100.0,,,,,False,False,13210.0,21808.0,23085.0,1.0,1.726,DROP,,,,,bar_body_wick=SF,False,1
BAR_TAXONOMY,bar_body_wick=M,bar_body_wick,1668766,54125,2843,8.18,8.55,-0.37,0.956,-0.17,-0.53,-0.31,0.27,100.0,,,,,False,False,11867.0,20640.0,21618.0,0.0,1.714,DROP,,,,,bar_body_wick=M,False,1
BAR_TAXONOMY,bar_body_wick=SJ,bar_body_wick,1668766,35542,2822,8.67,8.54,0.13,1.015,0.28,0.32,-0.15,0.33,100.0,,,,,False,False,8200.0,13172.0,14170.0,2.0,1.731,DROP,,,,,bar_body_wick=SJ,False,1
BAR_TAXONOMY,bar_body_wick=STB,bar_body_wick,1668766,35247,2827,8.41,8.55,-0.14,0.983,-0.23,-0.12,-0.15,0.34,100.0,,,,,False,False,7673.0,13258.0,14316.0,0.0,1.757,DROP,,,,,bar_body_wick=STB,False,1
BAR_TAXONOMY,bar_body_wick=MTB,bar_body_wick,1668766,36019,2827,8.35,8.58,-0.23,0.973,-0.09,-0.14,-0.43,0.33,100.0,,,,,False,False,7384.0,13709.0,14926.0,0.0,1.728,DROP,,,,,bar_body_wick=MTB,False,1
BAR_TAXONOMY,bar_body_wick=SBB,bar_body_wick,1668766,34305,2821,8.45,8.58,-0.13,0.985,0.15,-0.11,-0.29,0.35,100.0,,,,,False,False,7675.0,12970.0,13660.0,1.0,1.637,DROP,,,,,bar_body_wick=SBB,False,1
BAR_TAXONOMY,bar_body_wick=MBB,bar_body_wick,1668766,35286,2824,8.63,8.56,0.07,1.008,-0.16,0.14,0.16,0.34,100.0,,,,,False,False,7564.0,13641.0,14081.0,2.0,1.659,DROP,,,,,bar_body_wick=MBB,False,1
BAR_TAXONOMY,bar_body_wick=XTB,bar_body_wick,1668766,29786,2842,9.03,8.61,0.42,1.049,-0.68,0.83,0.53,0.39,100.0,,,,,False,False,6231.0,11268.0,12287.0,2.0,1.745,DROP,,,,,bar_body_wick=XTB,False,1
BAR_TAXONOMY,bar_body_wick=XBB,bar_body_wick,1668766,28002,2817,8.99,8.61,0.38,1.044,-0.17,0.35,0.62,0.39,100.0,,,,,False,False,5917.0,10583.0,11502.0,2.0,1.65,DROP,,,,,bar_body_wick=XBB,False,1
BAR_TAXONOMY,bar_body_wick=XJ,bar_body_wick,1668766,24721,2817,8.79,8.54,0.25,1.029,-0.28,0.26,0.42,0.4,100.0,,,,,False,False,5338.0,9138.0,10245.0,2.0,1.714,DROP,,,,,bar_body_wick=XJ,False,1
BAR_TAXONOMY,bar_body_wick=MF,bar_body_wick,1668766,23121,2821,8.61,8.64,-0.03,0.996,-0.2,0.09,-0.1,0.5,100.0,,,,,False,False,4535.0,8983.0,9603.0,1.0,1.669,DROP,,,,,bar_body_wick=MF,False,1
BAR_TAXONOMY,bar_gap_range=G2-N,bar_gap_range,1668766,53181,2828,8.61,8.6,0.01,1.001,0.26,-0.54,0.42,0.28,100.0,,,,,False,False,11616.0,20376.0,21189.0,2.0,1.776,DROP,,,,,bar_gap_range=G2-N,False,1
BAR_TAXONOMY,bar_gap_range=C,bar_gap_range,1668766,44197,2865,7.83,8.58,-0.75,0.913,-1.97,-0.38,-0.55,0.31,100.0,,,,,False,False,9247.0,16627.0,18323.0,0.0,1.552,DROP,,,,,bar_gap_range=C,False,1
BAR_TAXONOMY,bar_gap_range=V,bar_gap_range,1668766,45803,2827,9.49,8.63,0.86,1.1,1.76,0.52,0.54,0.3,100.0,,,,,False,False,10510.0,16507.0,18786.0,3.0,1.774,DROP,,,,,bar_gap_range=V,False,1
BAR_TAXONOMY,bar_gap_range=G1-N,bar_gap_range,1668766,48274,2812,8.18,8.54,-0.36,0.957,-0.04,-0.54,-0.3,0.29,100.0,,,,,False,False,10383.0,18709.0,19182.0,0.0,1.721,DROP,,,,,bar_gap_range=G1-N,False,1
BAR_TAXONOMY,bar_gap_range=G3-N,bar_gap_range,1668766,40154,2816,8.75,8.64,0.11,1.013,1.14,-0.34,0.19,0.35,100.0,,,,,False,False,8424.0,16167.0,15563.0,2.0,1.929,DROP,,,,,bar_gap_range=G3-N,False,1
BAR_TAXONOMY,bar_gap_range=G3-V,bar_gap_range,1668766,21598,2771,8.96,8.82,0.14,1.016,0.02,0.42,-0.15,0.45,100.0,,,,,False,False,4529.0,8005.0,9064.0,2.0,1.809,DROP,,,,,bar_gap_range=G3-V,False,1
BAR_TAXONOMY,bar_gap_range=G2-C,bar_gap_range,1668766,13558,2724,8.01,8.55,-0.54,0.936,-0.89,-0.05,-0.9,0.84,100.0,,,,,False,False,2065.0,5691.0,5802.0,0.0,1.578,DROP,,,,,bar_gap_range=G2-C,False,1
BAR_TAXONOMY,bar_gap_range=G1-C,bar_gap_range,1668766,10957,2706,7.55,8.55,-1.01,0.882,-1.55,0.03,-1.69,0.96,100.0,,,,,False,False,2042.0,4213.0,4702.0,1.0,1.311,DROP,,,,,bar_gap_range=G1-C,False,1
BAR_TAXONOMY,bar_gap_range=G2-V,bar_gap_range,1668766,13490,2725,9.41,8.85,0.56,1.063,-0.26,0.62,0.79,0.48,100.0,,,,,False,False,2744.0,5043.0,5703.0,2.0,1.872,DROP,,,,,bar_gap_range=G2-V,False,1
BAR_TAXONOMY,bar_gap_range=G3-C,bar_gap_range,1668766,5086,1575,10.13,8.21,1.92,1.233,0.38,2.16,2.13,1.91,100.0,,,,,True,False,702.0,2314.0,2070.0,3.0,1.702,RETAIN,,,,,bar_gap_range=G3-C,False,1
BAR_TAXONOMY,bar_gap_class=G2,bar_gap_class,404900,53339,2850,8.71,8.63,0.08,1.01,-0.18,-0.49,0.57,0.28,24.26,8.63,8.62,8.41,4.05,False,True,12043.0,19980.0,21316.0,1.0,1.728,DROP,0.01,2866.0,2870.0,,bar_gap_class=G2,False,1
BAR_TAXONOMY,bar_gap_class=G3,bar_gap_class,404900,46606,2832,8.7,8.57,0.13,1.015,0.64,-0.48,0.32,0.3,24.26,8.63,8.62,8.41,4.05,False,True,10126.0,18071.0,18409.0,2.0,1.864,DROP,0.01,2866.0,2870.0,,bar_gap_class=G3,False,1
BAR_TAXONOMY,bar_gap_class=G1,bar_gap_class,404900,52819,2844,8.25,8.55,-0.3,0.965,-0.71,-0.29,-0.25,0.28,24.26,8.63,8.62,8.41,4.05,False,True,11399.0,20306.0,21114.0,0.0,1.684,DROP,0.01,2866.0,2870.0,,bar_gap_class=G1,False,1
BAR_TAXONOMY,bar_range_class=C,bar_range_class,1668766,45569,2866,7.71,8.56,-0.85,0.901,-1.54,-0.7,-0.69,0.29,100.0,,,,,False,False,9712.0,17231.0,18626.0,0.0,1.566,DROP,,,,,bar_range_class=C,False,1
BAR_TAXONOMY,bar_range_class=V,bar_range_class,1668766,54369,2838,9.58,8.63,0.95,1.111,1.91,0.72,0.57,0.27,100.0,,,,,False,False,11933.0,20191.0,22245.0,3.0,1.837,DROP,,,,,bar_range_class=V,False,1
BAR_TAXONOMY,bar_line5=PB-R2H,bar_line5,1668766,50150,2849,9.38,8.62,0.76,1.089,0.36,0.06,1.75,0.27,100.0,,,,,False,False,11484.0,19103.0,19563.0,3.0,1.776,DROP,,,,,bar_line5=PB-R2H,False,1
BAR_TAXONOMY,bar_line5=PB,bar_line5,1668766,52133,2853,8.88,8.62,0.25,1.029,0.15,0.07,0.49,0.26,100.0,,,,,False,False,12241.0,19309.0,20583.0,3.0,1.806,DROP,,,,,bar_line5=PB,False,1
BAR_TAXONOMY,bar_line5=PS,bar_line5,1668766,52124,2849,8.23,8.61,-0.38,0.956,-0.58,0.07,-0.61,0.27,100.0,,,,,False,False,11496.0,20312.0,20316.0,1.0,1.664,DROP,,,,,bar_line5=PS,False,1
BAR_TAXONOMY,bar_line5=PS-R2L,bar_line5,1668766,48541,2833,8.4,8.59,-0.18,0.979,-0.19,-0.13,-0.05,0.27,100.0,,,,,False,False,9246.0,20129.0,19166.0,0.0,1.737,DROP,,,,,bar_line5=PS-R2L,False,1
BAR_TAXONOMY,bar_line5=PB-R2D,bar_line5,1668766,54989,2845,8.96,8.62,0.35,1.04,0.1,-0.07,0.89,0.26,100.0,,,,,False,False,12393.0,20752.0,21844.0,2.0,1.811,DROP,,,,,bar_line5=PB-R2D,False,1
BAR_TAXONOMY,bar_line5=PS-R2X,bar_line5,1668766,49862,2837,8.63,8.6,0.03,1.004,0.19,0.2,-0.07,0.27,100.0,,,,,False,False,10128.0,20179.0,19555.0,2.0,1.732,DROP,,,,,bar_line5=PS-R2X,False,1
BAR_TAXONOMY,bar_line5=VR-PS-R2L,bar_line5,1668766,24555,2846,7.73,8.55,-0.82,0.904,0.13,-0.08,-2.01,0.33,100.0,,,,,False,False,6693.0,9384.0,8478.0,1.0,1.663,DROP,,,,,bar_line5=VR-PS-R2L,False,1
BAR_TAXONOMY,bar_line5=VX-PS-R2L,bar_line5,1668766,32167,2814,7.86,8.58,-0.71,0.917,-0.19,-0.36,-1.22,0.28,100.0,,,,,False,False,7584.0,12495.0,12088.0,0.0,1.682,DROP,,,,,bar_line5=VX-PS-R2L,False,1
BAR_TAXONOMY,bar_line5=PS-R2H,bar_line5,1668766,40264,2837,8.56,8.61,-0.06,0.993,-0.58,-0.11,0.38,0.3,100.0,,,,,False,False,8489.0,15895.0,15880.0,1.0,1.673,DROP,,,,,bar_line5=PS-R2H,False,1
BAR_TAXONOMY,bar_line5=PB-R2L,bar_line5,1668766,38964,2829,8.88,8.6,0.29,1.033,0.07,0.04,0.74,0.31,100.0,,,,,False,False,8031.0,15468.0,15465.0,3.0,1.857,DROP,,,,,bar_line5=PB-R2L,False,1
BAR_TAXONOMY,bar_line5=VR-PS,bar_line5,1668766,20054,2827,7.55,8.57,-1.02,0.881,-0.15,-0.17,-2.28,0.34,100.0,,,,,False,False,5460.0,7641.0,6953.0,0.0,1.651,DROP,,,,,bar_line5=VR-PS,False,1
BAR_TAXONOMY,bar_line5=VR-PS-R2X,bar_line5,1668766,24014,2825,7.45,8.51,-1.06,0.875,-0.97,-0.1,-1.82,0.32,100.0,,,,,False,False,6286.0,9314.0,8414.0,0.0,1.593,DROP,,,,,bar_line5=VR-PS-R2X,False,1
BAR_TAXONOMY,bar_line5=PS-R2D,bar_line5,1668766,28927,2819,8.5,8.57,-0.07,0.992,-0.57,0.41,-0.24,0.36,100.0,,,,,False,False,5741.0,11468.0,11718.0,1.0,1.642,DROP,,,,,bar_line5=PS-R2D,False,1
BAR_TAXONOMY,bar_line5=PB-R2X,bar_line5,1668766,27997,2816,8.88,8.59,0.29,1.034,-0.1,-0.02,0.76,0.36,100.0,,,,,False,False,5721.0,10789.0,11487.0,1.0,1.794,DROP,,,,,bar_line5=PB-R2X,False,1
BAR_TAXONOMY,bar_line5=VX-PS-R2X,bar_line5,1668766,12986,2690,6.91,8.52,-1.62,0.81,-0.84,-0.96,-2.66,0.43,100.0,,,,,False,False,3142.0,5084.0,4760.0,0.0,1.537,DROP,,,,,bar_line5=VX-PS-R2X,False,1
BAR_TAXONOMY,bar_line5=VR-PB,bar_line5,1668766,5105,2468,9.56,8.43,1.13,1.134,2.38,0.06,0.09,0.67,100.0,,,,,True,False,2531.0,1350.0,1224.0,3.0,1.678,RETAIN,,,,,bar_line5=VR-PB,False,1
OSCILLATOR,rsi2_state=R2L,rsi2_state,1124244,45054,2864,8.44,8.66,-0.22,0.974,0.97,-0.8,-0.5,0.29,67.37,8.67,8.52,5.51,3.37,False,True,10579.0,16363.0,18112.0,1.0,1.66,DROP,0.14,2868.0,2870.0,,rsi2_state=R2L,False,1
OSCILLATOR,rsi2_state=R2H,rsi2_state,1124244,49976,2861,8.98,8.65,0.33,1.038,-0.32,0.1,1.04,0.28,67.37,8.67,8.52,5.51,3.37,False,True,11622.0,19181.0,19173.0,2.0,1.72,DROP,0.14,2868.0,2870.0,,rsi2_state=R2H,False,1
OSCILLATOR,rsi2_state=R2X,rsi2_state,1124244,54717,2858,8.29,8.66,-0.37,0.957,0.22,-0.25,-0.82,0.27,67.37,8.67,8.52,5.51,3.37,False,True,12430.0,20803.0,21484.0,1.0,1.643,DROP,0.14,2868.0,2870.0,,rsi2_state=R2X,False,1
OSCILLATOR,rsi2_state=R2D,rsi2_state,1124244,58011,2856,8.66,8.66,0.0,1.0,-0.54,-0.08,0.42,0.26,67.37,8.67,8.52,5.51,3.37,False,True,13300.0,21958.0,22753.0,1.0,1.733,DROP,0.14,2868.0,2870.0,,rsi2_state=R2D,False,1
OSCILLATOR,wvf_spike,wvf_spike,1668766,38523,2870,8.58,8.61,-0.03,0.997,1.72,-0.16,-1.05,0.28,100.0,,,,,False,False,10314.0,13941.0,14268.0,1.0,1.702,DROP,,,,,wvf_spike,False,1
OSCILLATOR,vix_range,vix_range,1668766,27526,2867,8.2,8.61,-0.41,0.952,1.67,-0.17,-1.96,0.29,100.0,,,,,False,False,7535.0,10448.0,9543.0,1.0,1.673,DROP,,,,,vix_range,False,1
OSCILLATOR,psar_bull,psar_bull,1668766,43229,2863,9.28,8.61,0.67,1.078,0.81,0.07,1.27,0.27,100.0,,,,,False,False,10455.0,16264.0,16510.0,3.0,1.768,DROP,,,,,psar_bull,False,1
L_VSA,sig_l1,sig_l1,1668766,22595,2864,9.2,8.58,0.62,1.072,1.5,0.53,0.27,0.42,100.0,,,,,False,False,6125.0,8473.0,7997.0,3.0,1.641,DROP,,,,,sig_l1,False,1
L_VSA,sig_l2,sig_l2,1668766,4050,2867,11.6,8.17,3.43,1.42,4.19,1.12,2.87,0.86,100.0,,,,,True,False,2662.0,766.0,622.0,3.0,1.784,RETAIN,,,,,sig_l2,False,1
L_VSA,sig_l3,sig_l3,1668766,26623,2865,8.63,8.57,0.06,1.007,0.53,0.53,-0.61,0.38,100.0,,,,,False,False,7074.0,9764.0,9785.0,2.0,1.69,DROP,,,,,sig_l3,False,1
L_VSA,sig_l4,sig_l4,1668766,9029,2866,10.18,9.38,0.8,1.085,3.65,-1.07,-0.85,0.56,100.0,,,,,False,False,3637.0,2395.0,2997.0,1.0,1.486,DROP,,,,,sig_l4,False,1
L_VSA,sig_l5,sig_l5,1668766,18370,2867,9.25,8.68,0.58,1.067,1.62,0.09,0.12,0.48,100.0,,,,,False,False,5406.0,5933.0,7031.0,3.0,1.819,DROP,,,,,sig_l5,False,1
L_VSA,sig_l6,sig_l6,1668766,25083,2862,8.98,8.65,0.33,1.038,1.46,-0.56,0.23,0.37,100.0,,,,,False,False,6828.0,8478.0,9777.0,2.0,1.553,DROP,,,,,sig_l6,False,1
TZ,tz_bull,tz_bull,1668766,4698,2864,11.71,8.7,3.01,1.346,4.03,2.47,1.03,1.13,100.0,,,,,True,False,2755.0,944.0,999.0,3.0,1.605,RETAIN,,,,G008,sig_t,True,2
OSCILLATOR,rsi_14>p90,rsi_14,1665935,19693,2811,9.84,8.92,0.92,1.103,2.19,-0.35,0.73,0.39,99.83,8.61,14.02,4.71,7.95,False,True,5002.0,6138.0,8553.0,2.0,1.763,DROP,-5.41,2869.0,2831.0,,rsi_14>p90,False,1
OSCILLATOR,rsi_14<p10,rsi_14,1665935,19911,2828,8.57,8.21,0.36,1.044,1.76,0.99,-0.71,0.42,99.83,8.61,14.02,4.71,7.95,False,True,4180.0,8531.0,7200.0,2.0,1.928,DROP,-5.41,2869.0,2831.0,,rsi_14<p10,False,1
OSCILLATOR,cci_20>p90,cci_20,1668766,29882,2847,10.06,8.63,1.43,1.165,2.15,0.17,1.72,0.32,100.0,,,,,True,False,7598.0,9887.0,12397.0,3.0,1.869,RETAIN,,,,,cci_20>p90,False,1
OSCILLATOR,cci_20<p10,cci_20,1668766,31870,2854,8.39,8.56,-0.17,0.981,1.14,-0.12,-0.69,0.3,100.0,,,,,False,False,7770.0,12873.0,11227.0,1.0,1.799,DROP,,,,,cci_20<p10,False,1
L_VSA,sig_l88,sig_l88,1668766,12136,2629,8.95,8.8,0.15,1.017,-0.76,0.51,0.22,0.73,100.0,,,,,False,False,2326.0,4565.0,5245.0,2.0,1.51,DROP,,,,,sig_l88,False,1
PARA,para_prep,para_prep,1668766,27758,2660,8.51,8.85,-0.34,0.961,0.69,-0.57,-1.01,0.43,100.0,,,,,False,False,6597.0,9281.0,11880.0,1.0,1.798,DROP,,,,,para_prep,False,1
PARA,para_start,para_start,1668766,18704,2596,9.03,9.09,-0.06,0.993,0.31,-0.12,-0.57,0.48,100.0,,,,,False,False,4264.0,6105.0,8335.0,1.0,1.916,DROP,,,,,para_start,False,1
PARA,para_plus,para_plus,1668766,19191,2596,9.02,9.09,-0.07,0.992,0.5,-0.13,-0.69,0.47,100.0,,,,,False,False,4391.0,6225.0,8575.0,1.0,1.919,DROP,,,,,para_plus,False,1
PARA,para_retest,para_retest,1668766,12560,2366,8.26,9.43,-1.17,0.876,-0.11,-1.27,-2.0,0.58,100.0,,,,,False,False,2728.0,4019.0,5813.0,0.0,1.83,DROP,,,,,para_retest,False,1
FLY,fly_abcd,fly_abcd,1668766,35714,2791,8.57,8.55,0.02,1.003,-0.52,0.08,0.29,0.32,100.0,,,,,False,False,6769.0,14420.0,14525.0,2.0,1.718,DROP,,,,,fly_abcd,False,1
FLY,fly_cd,fly_cd,1668766,33925,2801,8.83,8.6,0.22,1.026,-0.42,0.26,0.62,0.32,100.0,,,,,False,False,6594.0,13748.0,13583.0,2.0,1.748,DROP,,,,,fly_cd,False,1
FLY,fly_bd,fly_bd,1668766,33109,2805,8.9,8.61,0.29,1.034,-0.47,0.34,0.71,0.34,100.0,,,,,False,False,6539.0,13347.0,13223.0,2.0,1.748,DROP,,,,,fly_bd,False,1
FLY,fly_ad,fly_ad,1668766,35809,2798,8.59,8.58,0.0,1.001,-0.63,0.04,0.32,0.32,100.0,,,,,False,False,6854.0,14353.0,14602.0,2.0,1.698,DROP,,,,,fly_ad,False,1
BAR_TAXONOMY,composite_vol=Z2GL5ED·L,composite_vol,1665103,25909,2811,7.88,8.51,-0.63,0.926,-0.15,-0.61,-0.67,0.39,99.78,8.61,13.81,4.72,3.36,False,True,5173.0,10719.0,10017.0,0.0,1.669,DROP,-5.21,2870.0,2807.0,,composite_vol=Z2GL5ED·L,False,1
BAR_TAXONOMY,composite_vol=T2GL12EU·L,composite_vol,1665103,24291,2727,7.97,8.63,-0.66,0.923,-0.02,-0.79,-0.72,0.42,99.78,8.61,13.81,4.72,3.36,False,True,5867.0,9524.0,8900.0,0.0,1.856,DROP,-5.21,2870.0,2807.0,,composite_vol=T2GL12EU·L,False,1
BAR_TAXONOMY,composite_vol=Z2GL46ED·L,composite_vol,1665103,23481,2797,8.29,8.49,-0.2,0.977,-0.16,0.5,-0.6,0.39,99.78,8.61,13.81,4.72,3.36,False,True,4899.0,10014.0,8568.0,1.0,1.776,DROP,-5.21,2870.0,2807.0,,composite_vol=Z2GL46ED·L,False,1
BAR_TAXONOMY,composite_vol=T2GL3EU·L,composite_vol,1665103,19985,2731,8.21,8.68,-0.47,0.945,0.29,-0.64,-0.75,0.45,99.78,8.61,13.81,4.72,3.36,False,True,4493.0,7554.0,7938.0,1.0,1.781,DROP,-5.21,2870.0,2807.0,,composite_vol=T2GL3EU·L,False,1
BAR_TAXONOMY,composite_vol=Z2GL46ED·N,composite_vol,1665103,18806,2735,8.33,8.43,-0.1,0.988,-0.08,0.06,0.12,0.45,99.78,8.61,13.81,4.72,3.36,False,True,3663.0,8201.0,6942.0,2.0,1.98,DROP,-5.21,2870.0,2807.0,,composite_vol=Z2GL46ED·N,False,1
BAR_TAXONOMY,composite_vol=Z2L5ED·L,composite_vol,1665103,18328,2768,8.17,8.48,-0.31,0.963,-0.05,-0.11,-0.66,0.49,99.78,8.61,13.81,4.72,3.36,False,True,4146.0,6792.0,7390.0,0.0,1.567,DROP,-5.21,2870.0,2807.0,,composite_vol=Z2L5ED·L,False,1
BAR_TAXONOMY,composite_vol=T2GL3EU·N,composite_vol,1665103,17811,2663,8.9,8.68,0.22,1.025,1.36,-1.23,0.75,0.48,99.78,8.61,13.81,4.72,3.36,False,True,4012.0,6493.0,7306.0,2.0,1.954,DROP,-5.21,2870.0,2807.0,,composite_vol=T2GL3EU·N,False,1
BAR_TAXONOMY,composite_vol=Z2GL46ED·B,composite_vol,1665103,14438,2594,8.8,8.29,0.52,1.062,0.91,-0.17,1.57,0.55,99.78,8.61,13.81,4.72,3.36,False,True,3006.0,6300.0,5132.0,2.0,2.237,DROP,-5.21,2870.0,2807.0,,composite_vol=Z2GL46ED·B,False,1
BAR_TAXONOMY,composite_vol=T2L12EU·L,composite_vol,1665103,15109,2734,8.11,8.67,-0.56,0.936,-0.74,-0.34,-0.67,0.49,99.78,8.61,13.81,4.72,3.36,False,True,2888.0,6024.0,6197.0,0.0,1.717,DROP,-5.21,2870.0,2807.0,,composite_vol=T2L12EU·L,False,1
BAR_TAXONOMY,composite_vol=Z2L46ED·L,composite_vol,1665103,13806,2724,8.34,8.48,-0.13,0.984,-0.09,0.27,-0.46,0.55,99.78,8.61,13.81,4.72,3.36,False,True,3291.0,4968.0,5547.0,1.0,1.567,DROP,-5.21,2870.0,2807.0,,composite_vol=Z2L46ED·L,False,1
BAR_TAXONOMY,composite_vol=T2GL3EU·B,composite_vol,1665103,13356,2564,10.02,8.85,1.17,1.132,0.89,-0.09,2.07,0.56,99.78,8.61,13.81,4.72,3.36,True,True,2805.0,4762.0,5789.0,2.0,1.876,RETAIN,-5.21,2870.0,2807.0,,composite_vol=T2GL3EU·B,False,1
BAR_TAXONOMY,composite_vol=Z3L25NUI·L,composite_vol,1665103,12166,2646,7.97,8.64,-0.66,0.923,0.11,-0.22,-1.61,0.51,99.78,8.61,13.81,4.72,3.36,False,True,3055.0,4396.0,4715.0,1.0,1.839,DROP,-5.21,2870.0,2807.0,,composite_vol=Z3L25NUI·L,False,1
BAR_TAXONOMY,composite_vol=T3L12NDI·L,composite_vol,1665103,11339,2642,7.5,8.58,-1.08,0.874,-1.23,-0.36,-1.65,0.54,99.78,8.61,13.81,4.72,3.36,False,True,2430.0,4340.0,4569.0,0.0,1.545,DROP,-5.21,2870.0,2807.0,,composite_vol=T3L12NDI·L,False,1
BAR_TAXONOMY,composite_vol=T2L3EU·L,composite_vol,1665103,10506,2693,8.15,8.86,-0.71,0.919,-0.17,-0.56,-1.27,0.56,99.78,8.61,13.81,4.72,3.36,False,True,2019.0,3898.0,4589.0,0.0,1.57,DROP,-5.21,2870.0,2807.0,,composite_vol=T2L3EU·L,False,1
BAR_TAXONOMY,composite_vol=Z2L46ED·N,composite_vol,1665103,10169,2614,8.79,8.27,0.52,1.063,0.96,-0.13,0.96,0.63,99.78,8.61,13.81,4.72,3.36,False,True,2242.0,3871.0,4056.0,2.0,1.732,DROP,-5.21,2870.0,2807.0,,composite_vol=Z2L46ED·N,False,1
BAR_TAXONOMY,composite_vol=T2GL12EU·N,composite_vol,1665103,8999,2382,9.1,8.87,0.23,1.026,-0.45,0.12,0.61,0.64,99.78,8.61,13.81,4.72,3.36,False,True,1844.0,3510.0,3645.0,2.0,1.931,DROP,-5.21,2870.0,2807.0,,composite_vol=T2GL12EU·N,False,1
BAR_TAXONOMY,composite_vol=Z2GL5ED·N,composite_vol,1665103,8784,2539,7.75,8.18,-0.43,0.948,-0.68,0.3,-0.87,0.59,99.78,8.61,13.81,4.72,3.36,False,True,1668.0,3774.0,3342.0,1.0,1.908,DROP,-5.21,2870.0,2807.0,,composite_vol=Z2GL5ED·N,False,1
BAR_TAXONOMY,composite_vol=T2L3EU·N,composite_vol,1665103,8277,2554,9.01,8.96,0.06,1.006,0.35,-0.46,0.31,0.59,99.78,8.61,13.81,4.72,3.36,False,True,1449.0,3232.0,3596.0,2.0,1.551,DROP,-5.21,2870.0,2807.0,,composite_vol=T2L3EU·N,False,1
WYCKOFF,w2_sc,w2_sc,1668766,12844,2776,8.87,8.08,0.79,1.097,0.62,-0.15,2.21,0.4,100.0,,,,,False,False,2992.0,5124.0,4728.0,2.0,1.891,DROP,,,,,w2_sc,False,1
WYCKOFF,w2_ar,w2_ar,1668766,8702,2694,7.77,7.98,-0.21,0.973,0.8,-0.94,0.4,0.41,100.0,,,,,False,False,1645.0,3780.0,3277.0,2.0,1.68,DROP,,,,,w2_ar,False,1
WYCKOFF,w2_st,w2_st,1668766,2644,1753,8.21,6.51,1.69,1.26,3.13,0.54,2.65,0.87,100.0,,,,,True,False,521.0,1196.0,927.0,3.0,1.711,RETAIN,,,,,w2_st,False,1
WYCKOFF,w2_spring,w2_spring,1668766,3092,1697,7.83,6.35,1.48,1.233,1.87,0.25,3.93,1.23,100.0,,,,,True,False,503.0,1640.0,949.0,3.0,1.796,RETAIN,,,,,w2_spring,False,1
WYCKOFF,w2_sos,w2_sos,1668766,3731,1795,8.01,10.17,-2.15,0.788,-3.12,-0.76,-3.23,1.07,100.0,,,,,False,False,519.0,1442.0,1770.0,0.0,1.626,DROP,,,,,w2_sos,False,1
WYCKOFF,w2_jac,w2_jac,1668766,3515,1790,9.5,10.76,-1.25,0.884,-1.85,0.19,-2.32,1.14,100.0,,,,,False,False,512.0,1245.0,1758.0,1.0,1.53,DROP,,,,,w2_jac,False,1
WYCKOFF,w2_evr,w2_evr,1668766,5616,2089,8.89,6.91,1.98,1.286,4.61,0.95,2.39,0.89,100.0,,,,,True,False,823.0,2562.0,2231.0,3.0,1.971,RETAIN,,,,,w2_evr,False,1
WYCKOFF,w2_accum,w2_accum,1668766,10882,2776,9.09,8.08,1.01,1.125,0.64,0.25,2.37,0.41,100.0,,,,,True,False,2704.0,4217.0,3961.0,3.0,1.902,RETAIN,,,,,w2_accum,False,1
WYCKOFF,w2_break,w2_break,1668766,3463,2097,8.84,9.99,-1.15,0.885,-0.44,-1.32,-1.36,0.58,100.0,,,,,False,False,525.0,1334.0,1604.0,0.0,1.56,DROP,,,,,w2_break,False,1
WYCKOFF,w2_state>p90,w2_state,1668766,0,0,,,,,,,,,100.0,,,,,,False,,,,,,INSUFFICIENT,,,,G007,consec_up<p10,True,5
WYCKOFF,w2_state<p10,w2_state,1668766,0,0,,,,,,,,,100.0,,,,,,False,,,,,,INSUFFICIENT,,,,G007,consec_up<p10,True,5
WYCKOFF,wt_sos,wt_sos,1668766,2636,1561,10.66,11.16,-0.5,0.956,-2.54,-0.16,0.15,1.14,100.0,,,,,False,False,707.0,793.0,1136.0,1.0,1.221,DROP,,,,,wt_sos,False,1
WYCKOFF,wt_spring,wt_spring,1668766,9565,2547,8.51,7.79,0.72,1.092,0.78,0.08,1.52,0.71,100.0,,,,,False,False,2394.0,3514.0,3657.0,3.0,1.791,DROP,,,,,wt_spring,False,1
WYCKOFF,wt_lps,wt_lps,1668766,25309,2756,8.36,8.45,-0.09,0.989,0.2,0.09,-0.29,0.38,100.0,,,,,False,False,6556.0,9453.0,9300.0,2.0,1.743,DROP,,,,,wt_lps,False,1
WYCKOFF,wt_evr,wt_evr,1668766,17917,2680,8.67,8.06,0.61,1.076,1.06,0.31,0.81,0.55,100.0,,,,,False,False,4665.0,6557.0,6695.0,3.0,1.885,DROP,,,,,wt_evr,False,1
WYCKOFF,w2_tr_quality>p90,w2_tr_quality,1668766,5851,1426,8.1,7.46,0.65,1.087,2.3,-0.34,0.75,0.92,100.0,,,,,False,False,970.0,2099.0,2782.0,2.0,2.189,DROP,,,,,w2_tr_quality>p90,False,1
WYCKOFF,w2_tr_quality<p10,w2_tr_quality,1668766,4073,2067,10.73,9.37,1.36,1.145,4.61,-2.05,0.58,0.74,100.0,,,,,True,False,1587.0,1212.0,1274.0,2.0,1.808,RETAIN,,,,,w2_tr_quality<p10,False,1
WYCKOFF,wt_quality>p90,wt_quality,1668766,14435,2697,8.19,8.64,-0.45,0.948,0.07,-0.92,-0.23,0.55,100.0,,,,,False,False,3934.0,5235.0,5266.0,1.0,1.589,DROP,,,,,wt_quality>p90,False,1
WYCKOFF,wt_quality<p10,wt_quality,1668766,10983,2854,10.47,9.29,1.18,1.127,4.72,-0.19,-0.05,0.56,100.0,,,,,False,False,3179.0,4015.0,3789.0,1.0,1.601,DROP,,,,,wt_quality<p10,False,1
WYCKOFF,wt_support>p90,wt_support,1668766,586,475,14.85,10.3,4.54,1.441,9.76,-3.04,-5.96,2.9,100.0,,,,,False,False,370.0,109.0,107.0,1.0,1.669,DROP,,,,,wt_support>p90,False,1
WYCKOFF,wt_support<p10,wt_support,1668766,783,619,12.01,8.74,3.27,1.374,15.03,1.82,-0.09,2.3,100.0,,,,,False,False,133.0,326.0,324.0,2.0,1.748,DROP,,,,,wt_support<p10,False,1
WYCKOFF,wt_resistance>p90,wt_resistance,1668766,589,479,13.58,10.04,3.55,1.353,8.38,-1.18,-8.47,3.23,100.0,,,,,False,False,367.0,116.0,106.0,1.0,1.464,DROP,,,,,wt_resistance>p90,False,1
WYCKOFF,wt_resistance<p10,wt_resistance,1668766,805,607,13.17,9.04,4.12,1.456,13.65,3.05,0.33,2.98,100.0,,,,,False,False,166.0,308.0,331.0,3.0,2.155,DROP,,,,,wt_resistance<p10,False,1
LEVEL_BREAK,bo_dn,bo_dn,1582098,48613,2833,8.22,8.5,-0.28,0.967,-0.11,-0.02,-0.46,0.27,94.81,8.54,10.12,4.49,9.71,False,True,8186.0,20481.0,19946.0,0.0,1.682,DROP,-1.58,2867.0,2273.0,,bo_dn,False,1
LEVEL_BREAK,bx_dn,bx_dn,1582098,34422,2811,8.26,8.46,-0.2,0.976,0.01,-0.03,-0.22,0.33,94.81,8.54,10.12,4.49,9.71,False,True,4649.0,15548.0,14225.0,1.0,1.768,DROP,-1.58,2867.0,2273.0,,bx_dn,False,1
LEVEL_BREAK,be_dn,be_dn,1582098,45342,2832,8.33,8.48,-0.15,0.982,-0.28,-0.1,-0.08,0.29,94.81,8.54,10.12,4.49,9.71,False,True,7563.0,18733.0,19046.0,0.0,1.722,DROP,-1.58,2867.0,2273.0,,be_dn,False,1
VOL_ABSORB,rtv,rtv,1582098,35926,2835,7.44,8.48,-1.04,0.877,-0.34,-0.43,-1.75,0.3,94.81,8.54,10.12,4.49,9.71,False,True,7758.0,14431.0,13737.0,0.0,1.628,DROP,-1.58,2867.0,2273.0,,rtv,False,1
VOL_ABSORB,svs_raw,svs_raw,1582098,46412,2844,9.43,8.54,0.89,1.104,0.57,0.51,1.41,0.28,94.81,8.54,10.12,4.49,9.71,False,True,8026.0,18768.0,19618.0,3.0,1.74,DROP,-1.58,2867.0,2273.0,,svs_raw,False,1
VOL_ABSORB,cons_atr,cons_atr,1582098,3545,1349,9.65,9.52,0.13,1.013,-1.48,1.21,-0.02,1.52,94.81,8.54,10.12,4.49,9.71,False,True,471.0,1372.0,1702.0,1.0,1.088,DROP,-1.58,2867.0,2273.0,,cons_atr,False,1
GOG_GAP,gog1,gog1,1582098,46439,2810,8.87,8.56,0.31,1.037,-0.22,-0.16,1.13,0.3,94.81,8.54,10.12,4.49,9.71,False,True,8302.0,19002.0,19135.0,1.0,1.849,DROP,-1.58,2867.0,2273.0,,gog1,False,1
GOG_GAP,setup_tokens=N,setup_tokens,321668,44792,2839,8.14,8.57,-0.43,0.95,-0.67,-0.18,-0.53,0.29,19.28,8.59,8.63,5.81,4.49,False,True,8015.0,17941.0,18836.0,0.0,1.677,DROP,-0.04,2863.0,2870.0,,setup_tokens=N,False,1
GOG_GAP,setup_tokens=A SM N MX,setup_tokens,321668,40809,2828,8.69,8.61,0.09,1.01,-0.34,0.16,0.22,0.3,19.28,8.59,8.63,5.81,4.49,False,True,6939.0,16569.0,17301.0,2.0,1.75,DROP,-0.04,2863.0,2870.0,,setup_tokens=A SM N MX,False,1
GOG_GAP,setup_tokens=A SM MX,setup_tokens,321668,23809,2783,8.0,8.54,-0.54,0.937,-1.04,-0.44,-0.4,0.36,19.28,8.59,8.63,5.81,4.49,False,True,3983.0,9677.0,10149.0,0.0,1.63,DROP,-0.04,2863.0,2870.0,,setup_tokens=A SM MX,False,1
GOG_GAP,setup_tokens=MX,setup_tokens,321668,16279,2797,8.85,8.55,0.3,1.035,0.21,0.2,0.74,0.43,19.28,8.59,8.63,5.81,4.49,False,True,3331.0,6590.0,6358.0,3.0,1.839,DROP,-0.04,2863.0,2870.0,,setup_tokens=MX,False,1
GOG_GAP,setup_tokens=SM,setup_tokens,321668,14639,2769,8.97,8.81,0.16,1.018,-0.45,0.52,0.14,0.42,19.28,8.59,8.63,5.81,4.49,False,True,2748.0,5797.0,6094.0,2.0,1.782,DROP,-0.04,2863.0,2870.0,,setup_tokens=SM,False,1
GOG_GAP,setup_tokens=SM N,setup_tokens,321668,9437,2640,8.87,8.59,0.28,1.033,-0.24,0.12,0.62,0.55,19.28,8.59,8.63,5.81,4.49,False,True,1751.0,3713.0,3973.0,2.0,1.844,DROP,-0.04,2863.0,2870.0,,setup_tokens=SM N,False,1
GOG_GAP,setup_tokens=SM MX,setup_tokens,321668,9526,2652,9.36,8.59,0.77,1.09,0.31,0.35,1.45,0.55,19.28,8.59,8.63,5.81,4.49,False,True,1531.0,3952.0,4043.0,3.0,1.772,DROP,-0.04,2863.0,2870.0,,setup_tokens=SM MX,False,1
GOG_GAP,setup_tokens=A,setup_tokens,321668,9439,2675,8.64,8.78,-0.14,0.984,-0.45,0.29,-0.38,0.6,19.28,8.59,8.63,5.81,4.49,False,True,1489.0,3936.0,4014.0,1.0,1.659,DROP,-0.04,2863.0,2870.0,,setup_tokens=A,False,1
GOG_GAP,setup_tokens=SM N MX,setup_tokens,321668,9115,2670,8.79,8.64,0.14,1.017,1.02,0.14,-0.1,0.56,19.28,8.59,8.63,5.81,4.49,False,True,1470.0,3705.0,3940.0,2.0,1.648,DROP,-0.04,2863.0,2870.0,,setup_tokens=SM N MX,False,1
GOG_GAP,setup_tokens=N MX,setup_tokens,321668,8412,2629,9.03,8.57,0.47,1.054,0.34,1.02,0.04,0.65,19.28,8.59,8.63,5.81,4.49,False,True,1314.0,3479.0,3619.0,3.0,1.7,DROP,-0.04,2863.0,2870.0,,setup_tokens=N MX,False,1
GOG_GAP,setup_tokens=A SM N,setup_tokens,321668,8353,2628,8.58,8.37,0.21,1.025,-0.01,-0.14,0.88,0.56,19.28,8.59,8.63,5.81,4.49,False,True,1542.0,3528.0,3283.0,1.0,1.727,DROP,-0.04,2863.0,2870.0,,setup_tokens=A SM N,False,1
GOG_GAP,setup_tokens=A N MX,setup_tokens,321668,7970,2604,8.75,9.04,-0.29,0.967,-1.34,-0.34,0.19,0.58,19.28,8.59,8.63,5.81,4.49,False,True,1395.0,3097.0,3478.0,1.0,1.559,DROP,-0.04,2863.0,2870.0,,setup_tokens=A N MX,False,1
GOG_GAP,setup_tokens=A MX,setup_tokens,321668,7467,2542,8.8,9.05,-0.25,0.972,-0.78,-0.24,0.01,0.56,19.28,8.59,8.63,5.81,4.49,False,True,1377.0,2858.0,3232.0,1.0,1.632,DROP,-0.04,2863.0,2870.0,,setup_tokens=A MX,False,1
GOG_GAP,context_tokens=WRC,context_tokens,310360,41931,2826,8.24,8.79,-0.55,0.938,-0.68,-0.48,-0.56,0.31,18.6,8.87,8.56,5.05,4.64,False,True,7606.0,16938.0,17387.0,0.0,1.727,DROP,0.31,2859.0,2870.0,,context_tokens=WRC,False,1
GOG_GAP,context_tokens=LD,context_tokens,310360,36494,2788,9.05,8.88,0.17,1.019,0.58,-0.19,0.35,0.33,18.6,8.87,8.56,5.05,4.64,False,True,6723.0,14669.0,15102.0,2.0,1.917,DROP,0.31,2859.0,2870.0,,context_tokens=LD,False,1
GOG_GAP,context_tokens=LRC,context_tokens,310360,37338,2816,8.54,8.81,-0.27,0.97,-0.29,0.24,-0.75,0.32,18.6,8.87,8.56,5.05,4.64,False,True,6465.0,15319.0,15554.0,1.0,1.729,DROP,0.31,2859.0,2870.0,,context_tokens=LRC,False,1
GOG_GAP,context_tokens=SVS,context_tokens,310360,26897,2833,9.73,8.96,0.77,1.086,0.29,0.81,0.68,0.39,18.6,8.87,8.56,5.05,4.64,False,True,4674.0,10243.0,11980.0,3.0,1.576,DROP,0.31,2859.0,2870.0,,context_tokens=SVS,False,1
GOG_GAP,context_tokens=LD LDS SVS,context_tokens,310360,23515,2774,9.19,8.89,0.29,1.033,0.27,0.09,0.56,0.4,18.6,8.87,8.56,5.05,4.64,False,True,3810.0,9845.0,9860.0,3.0,1.797,DROP,0.31,2859.0,2870.0,,context_tokens=LD LDS SVS,False,1
GOG_GAP,context_tokens=SQB,context_tokens,310360,11394,2736,9.3,8.69,0.61,1.071,1.39,1.09,-0.06,0.54,18.6,8.87,8.56,5.05,4.64,False,True,1725.0,4711.0,4958.0,2.0,1.939,DROP,0.31,2859.0,2870.0,,context_tokens=SQB,False,1
PHYS,phys_r=RF,phys_r,1585992,29898,2841,7.93,8.57,-0.63,0.926,-0.32,-0.02,-1.26,0.33,95.04,8.59,9.19,4.65,5.82,False,True,7097.0,11268.0,11533.0,0.0,1.677,DROP,-0.6,2841.0,2870.0,,phys_r=RF,False,1
PHYS,phys_r=RA,phys_r,1585992,25230,2836,8.5,8.58,-0.08,0.99,-0.06,-0.15,0.06,0.34,95.04,8.59,9.19,4.65,5.82,False,True,5924.0,9349.0,9957.0,1.0,1.669,DROP,-0.6,2841.0,2870.0,,phys_r=RA,False,1
PHYS,phys_c=C0,phys_c,1529350,32882,2806,8.79,8.61,0.18,1.021,0.68,0.08,0.13,0.31,91.65,8.6,8.8,4.67,5.17,False,True,5521.0,13347.0,14014.0,3.0,1.785,DROP,-0.2,2822.0,2870.0,,phys_c=C0,False,1
PHYS,phys_c=C2,phys_c,1529350,32154,2809,8.65,8.61,0.04,1.005,-1.0,-0.1,0.7,0.31,91.65,8.6,8.8,4.67,5.17,False,True,5803.0,12846.0,13505.0,1.0,1.755,DROP,-0.2,2822.0,2870.0,,phys_c=C2,False,1
PHYS,phys_h=H0,phys_h,1614460,32227,2838,7.79,8.56,-0.78,0.909,-0.15,-0.63,-1.26,0.29,96.75,8.57,10.05,4.67,5.85,False,True,6783.0,12160.0,13284.0,0.0,1.612,DROP,-1.48,2851.0,2870.0,,phys_h=H0,False,1
PHYS,phys_h=H2,phys_h,1614460,34802,2817,8.26,8.55,-0.29,0.966,-0.02,-0.43,-0.23,0.29,96.75,8.57,10.05,4.67,5.85,False,True,7294.0,13486.0,14022.0,0.0,1.691,DROP,-1.48,2851.0,2870.0,,phys_h=H2,False,1
PHYS,phys_line6=RN·D·C1·H1,phys_line6,1585992,30143,2770,7.79,8.46,-0.67,0.921,-0.15,-0.39,-0.94,0.34,95.04,8.59,9.19,4.65,5.82,False,True,4912.0,13071.0,12160.0,0.0,1.664,DROP,-0.6,2841.0,2870.0,,phys_line6=RN·D·C1·H1,False,1
PHYS,phys_line6=RN·U·C1·H1,phys_line6,1585992,29745,2765,9.08,8.57,0.51,1.06,0.33,-0.22,1.21,0.34,95.04,8.59,9.19,4.65,5.82,False,True,4950.0,11914.0,12881.0,2.0,1.867,DROP,-0.6,2841.0,2870.0,,phys_line6=RN·U·C1·H1,False,1
PHYS,phys_line6=RN·D·C1·H0,phys_line6,1585992,21138,2758,8.17,8.33,-0.16,0.981,-0.58,0.11,-0.13,0.36,95.04,8.59,9.19,4.65,5.82,False,True,3365.0,8913.0,8860.0,1.0,1.737,DROP,-0.6,2841.0,2870.0,,phys_line6=RN·D·C1·H0,False,1
PHYS,phys_line6=RN·D·C0·H0,phys_line6,1585992,13853,2722,8.61,7.98,0.63,1.079,0.53,0.71,0.88,0.44,95.04,8.59,9.19,4.65,5.82,False,True,2013.0,6096.0,5744.0,3.0,1.812,DROP,-0.6,2841.0,2870.0,,phys_line6=RN·D·C0·H0,False,1
PHYS,phys_line6=RA·D·C1·H1,phys_line6,1585992,23537,2754,8.07,8.4,-0.33,0.961,0.28,0.15,-0.84,0.37,95.04,8.59,9.19,4.65,5.82,False,True,3694.0,10266.0,9577.0,2.0,1.631,DROP,-0.6,2841.0,2870.0,,phys_line6=RA·D·C1·H1,False,1
PHYS,phys_line6=RN·D·C2·H1,phys_line6,1585992,19690,2744,8.02,8.58,-0.56,0.935,0.1,-0.12,-1.09,0.38,95.04,8.59,9.19,4.65,5.82,False,True,3405.0,8353.0,7932.0,1.0,1.69,DROP,-0.6,2841.0,2870.0,,phys_line6=RN·D·C2·H1,False,1
PHYS,phys_line6=RF·D·C1·H1,phys_line6,1585992,24110,2753,7.76,8.35,-0.59,0.93,0.62,-0.14,-1.29,0.37,95.04,8.59,9.19,4.65,5.82,False,True,3815.0,10573.0,9722.0,1.0,1.67,DROP,-0.6,2841.0,2870.0,,phys_line6=RF·D·C1·H1,False,1
PHYS,phys_line6=RN·D·C1·H2,phys_line6,1585992,18728,2722,7.66,8.29,-0.63,0.924,1.12,-0.37,-1.29,0.38,95.04,8.59,9.19,4.65,5.82,False,True,3084.0,8253.0,7391.0,1.0,1.622,DROP,-0.6,2841.0,2870.0,,phys_line6=RN·D·C1·H2,False,1
PHYS,phys_line6=RF·U·C1·H1,phys_line6,1585992,23871,2766,9.13,8.58,0.54,1.063,0.6,-0.33,1.3,0.38,95.04,8.59,9.19,4.65,5.82,False,True,3748.0,9674.0,10449.0,2.0,1.83,DROP,-0.6,2841.0,2870.0,,phys_line6=RF·U·C1·H1,False,1
PHYS,phys_line6=RN·U·C1·H0,phys_line6,1585992,17269,2726,8.62,8.97,-0.35,0.961,-1.66,-1.04,0.37,0.41,95.04,8.59,9.19,4.65,5.82,False,True,2714.0,6457.0,8098.0,1.0,1.649,DROP,-0.6,2841.0,2870.0,,phys_line6=RN·U·C1·H0,False,1
PHYS,phys_line6=RN·U·C0·H0,phys_line6,1585992,10933,2641,8.24,9.78,-1.54,0.842,-3.63,-1.43,-1.48,0.48,95.04,8.59,9.19,4.65,5.82,False,True,1702.0,3711.0,5520.0,0.0,1.538,DROP,-0.6,2841.0,2870.0,,phys_line6=RN·U·C0·H0,False,1
PHYS,phys_line6=RN·U·C1·H2,phys_line6,1585992,18762,2722,9.07,8.43,0.64,1.076,1.03,-0.21,1.37,0.45,95.04,8.59,9.19,4.65,5.82,False,True,3060.0,7722.0,7980.0,2.0,1.909,DROP,-0.6,2841.0,2870.0,,phys_line6=RN·U·C1·H2,False,1
PHYS,phys_line6=RA·U·C1·H1,phys_line6,1585992,22151,2751,8.9,8.52,0.38,1.045,0.03,-0.09,0.94,0.38,95.04,8.59,9.19,4.65,5.82,False,True,3645.0,8920.0,9586.0,2.0,1.876,DROP,-0.6,2841.0,2870.0,,phys_line6=RA·U·C1·H1,False,1
PHYS,phys_line6=RN·U·C2·H1,phys_line6,1585992,18567,2745,9.14,8.62,0.52,1.06,-0.86,-0.37,1.91,0.38,95.04,8.59,9.19,4.65,5.82,False,True,3378.0,7277.0,7912.0,1.0,1.839,DROP,-0.6,2841.0,2870.0,,phys_line6=RN·U·C2·H1,False,1
PHYS,phys_line6=RA·D·C1·H0,phys_line6,1585992,16638,2735,8.85,8.23,0.62,1.075,0.02,0.98,0.64,0.45,95.04,8.59,9.19,4.65,5.82,False,True,2542.0,7089.0,7007.0,3.0,1.839,DROP,-0.6,2841.0,2870.0,,phys_line6=RA·D·C1·H0,False,1
PHYS,phys_line6=RF·D·C1·H0,phys_line6,1585992,18269,2748,8.24,8.31,-0.07,0.991,0.42,0.23,-0.43,0.42,95.04,8.59,9.19,4.65,5.82,False,True,2635.0,7897.0,7737.0,2.0,1.775,DROP,-0.6,2841.0,2870.0,,phys_line6=RF·D·C1·H0,False,1
PHYS,phys_line6=RN·D·C2·H0,phys_line6,1585992,13311,2709,8.56,8.7,-0.13,0.985,-0.77,0.68,-0.55,0.52,95.04,8.59,9.19,4.65,5.82,False,True,2261.0,5468.0,5582.0,1.0,1.781,DROP,-0.6,2841.0,2870.0,,phys_line6=RN·D·C2·H0,False,1
PHYS,phys_line6=RA·D·C0·H0,phys_line6,1585992,11919,2699,9.08,7.74,1.34,1.172,1.46,1.03,1.97,0.5,95.04,8.59,9.19,4.65,5.82,True,True,1634.0,5347.0,4938.0,3.0,1.919,RETAIN,-0.6,2841.0,2870.0,,phys_line6=RA·D·C0·H0,False,1
PHYS,phys_line6=RF·D·C0·H0,phys_line6,1585992,12327,2716,8.79,8.02,0.77,1.096,1.12,1.33,0.28,0.5,95.04,8.59,9.19,4.65,5.82,False,True,1660.0,5437.0,5230.0,3.0,1.818,DROP,-0.6,2841.0,2870.0,,phys_line6=RF·D·C0·H0,False,1
PHYS,phys_line6=RN·D·C0·H1,phys_line6,1585992,14266,2702,7.68,8.06,-0.37,0.954,0.84,0.05,-0.9,0.43,95.04,8.59,9.19,4.65,5.82,False,True,2071.0,6531.0,5664.0,2.0,1.718,DROP,-0.6,2841.0,2870.0,,phys_line6=RN·D·C0·H1,False,1
PHYS,phys_line6=RN·U·C0·H1,phys_line6,1585992,13805,2713,8.6,9.03,-0.43,0.952,-1.63,-0.68,-0.03,0.49,95.04,8.59,9.19,4.65,5.82,False,True,2182.0,5200.0,6423.0,0.0,1.699,DROP,-0.6,2841.0,2870.0,,phys_line6=RN·U·C0·H1,False,1
PHYS,phys_line6=RA·D·C2·H1,phys_line6,1585992,14072,2740,8.46,8.65,-0.19,0.978,0.09,0.66,-1.0,0.42,95.04,8.59,9.19,4.65,5.82,False,True,2448.0,5953.0,5671.0,2.0,1.664,DROP,-0.6,2841.0,2870.0,,phys_line6=RA·D·C2·H1,False,1
PHYS,phys_line6=RA·D·C1·H2,phys_line6,1585992,13869,2708,8.01,8.17,-0.16,0.98,2.06,0.53,-1.49,0.45,95.04,8.59,9.19,4.65,5.82,False,True,2272.0,6140.0,5457.0,2.0,1.642,DROP,-0.6,2841.0,2870.0,,phys_line6=RA·D·C1·H2,False,1
PHYS,phys_line6=RF·U·C1·H0,phys_line6,1585992,14966,2700,8.86,9.05,-0.19,0.979,-1.55,0.1,-0.28,0.45,95.04,8.59,9.19,4.65,5.82,False,True,2200.0,5675.0,7091.0,1.0,1.748,DROP,-0.6,2841.0,2870.0,,phys_line6=RF·U·C1·H0,False,1
PHYS,phys_line6=RF·U·C0·H0,phys_line6,1585992,9952,2636,8.36,9.98,-1.62,0.838,-3.85,-1.15,-1.86,0.51,95.04,8.59,9.19,4.65,5.82,False,True,1419.0,3396.0,5137.0,0.0,1.574,DROP,-0.6,2841.0,2870.0,,phys_line6=RF·U·C0·H0,False,1
PHYS,phys_line6=RN·D·C2·H2,phys_line6,1585992,11867,2681,7.64,8.62,-0.97,0.887,-0.27,-0.41,-1.65,0.46,95.04,8.59,9.19,4.65,5.82,False,True,2164.0,5045.0,4658.0,0.0,1.648,DROP,-0.6,2841.0,2870.0,,phys_line6=RN·D·C2·H2,False,1
PHYS,phys_line6=RF·D·C2·H1,phys_line6,1585992,14610,2738,8.47,8.56,-0.08,0.99,0.87,0.25,-0.57,0.43,95.04,8.59,9.19,4.65,5.82,False,True,2481.0,6289.0,5840.0,2.0,1.777,DROP,-0.6,2841.0,2870.0,,phys_line6=RF·D·C2·H1,False,1
PHYS,phys_line6=RF·U·C1·H2,phys_line6,1585992,14166,2717,9.01,8.43,0.57,1.068,1.33,-0.35,1.25,0.46,95.04,8.59,9.19,4.65,5.82,False,True,2198.0,5844.0,6124.0,2.0,1.885,DROP,-0.6,2841.0,2870.0,,phys_line6=RF·U·C1·H2,False,1
PHYS,phys_line6=RA·U·C1·H0,phys_line6,1585992,11552,2661,8.64,9.33,-0.69,0.926,-2.62,-0.99,-0.21,0.5,95.04,8.59,9.19,4.65,5.82,False,True,1839.0,4127.0,5586.0,0.0,1.546,DROP,-0.6,2841.0,2870.0,,phys_line6=RA·U·C1·H0,False,1
PHYS,phys_line6=RA·U·C1·H2,phys_line6,1585992,13433,2679,8.83,8.41,0.42,1.05,0.89,-0.33,1.02,0.51,95.04,8.59,9.19,4.65,5.82,False,True,2159.0,5496.0,5778.0,2.0,1.962,DROP,-0.6,2841.0,2870.0,,phys_line6=RA·U·C1·H2,False,1
PHYS,phys_line6=RF·D·C1·H2,phys_line6,1585992,13368,2694,7.84,8.03,-0.19,0.976,2.05,0.15,-1.11,0.46,95.04,8.59,9.19,4.65,5.82,False,True,2169.0,6021.0,5178.0,2.0,1.711,DROP,-0.6,2841.0,2870.0,,phys_line6=RF·D·C1·H2,False,1
PHYS,phys_line6=RA·U·C0·H0,phys_line6,1585992,8707,2539,8.14,10.41,-2.26,0.782,-5.89,-1.68,-2.07,0.53,95.04,8.59,9.19,4.65,5.82,False,True,1361.0,2901.0,4445.0,0.0,1.474,DROP,-0.6,2841.0,2870.0,,phys_line6=RA·U·C0·H0,False,1
PHYS,phys_line6=RF·U·C2·H1,phys_line6,1585992,14147,2730,9.2,8.7,0.51,1.058,-0.78,-0.13,1.57,0.45,95.04,8.59,9.19,4.65,5.82,False,True,2394.0,5620.0,6133.0,1.0,1.85,DROP,-0.6,2841.0,2870.0,,phys_line6=RF·U·C2·H1,False,1
PHYS,phys_line6=RA·U·C2·H1,phys_line6,1585992,12667,2720,9.42,8.66,0.76,1.087,-0.44,-0.5,2.33,0.48,95.04,8.59,9.19,4.65,5.82,False,True,2299.0,4883.0,5485.0,1.0,1.777,DROP,-0.6,2841.0,2870.0,,phys_line6=RA·U·C2·H1,False,1
PHYS,phys_line6=RN·U·C2·H2,phys_line6,1585992,11419,2678,9.07,8.49,0.59,1.069,0.75,-0.84,1.99,0.45,95.04,8.59,9.19,4.65,5.82,False,True,1996.0,4637.0,4786.0,2.0,1.859,DROP,-0.6,2841.0,2870.0,,phys_line6=RN·U·C2·H2,False,1
PHYS,phys_line6=RA·D·C2·H0,phys_line6,1585992,9383,2619,8.7,8.68,0.02,1.002,-1.27,0.79,-0.1,0.63,95.04,8.59,9.19,4.65,5.82,False,True,1532.0,3921.0,3930.0,1.0,1.737,DROP,-0.6,2841.0,2870.0,,phys_line6=RA·D·C2·H0,False,1
PHYS,phys_line6=RN·U·C2·H0,phys_line6,1585992,10333,2662,9.25,9.31,-0.06,0.994,-2.51,-0.61,1.12,0.54,95.04,8.59,9.19,4.65,5.82,False,True,1863.0,3768.0,4702.0,1.0,1.69,DROP,-0.6,2841.0,2870.0,,phys_line6=RN·U·C2·H0,False,1
PHYS,phys_line6=RF·D·C2·H0,phys_line6,1585992,10922,2687,9.02,8.8,0.22,1.025,0.38,0.75,-0.26,0.52,95.04,8.59,9.19,4.65,5.82,False,True,1685.0,4507.0,4730.0,2.0,1.822,DROP,-0.6,2841.0,2870.0,,phys_line6=RF·D·C2·H0,False,1
PHYS,phys_line6=RF·D·C0·H1,phys_line6,1585992,10567,2673,7.65,7.79,-0.14,0.982,2.12,-0.02,-0.76,0.54,95.04,8.59,9.19,4.65,5.82,False,True,1504.0,4745.0,4318.0,1.0,1.689,DROP,-0.6,2841.0,2870.0,,phys_line6=RF·D·C0·H1,False,1
PHYS,phys_line6=RF·U·C0·H1,phys_line6,1585992,10919,2694,8.79,9.16,-0.37,0.959,-1.7,-0.48,-0.05,0.5,95.04,8.59,9.19,4.65,5.82,False,True,1696.0,4071.0,5152.0,0.0,1.687,DROP,-0.6,2841.0,2870.0,,phys_line6=RF·U·C0·H1,False,1
PHYS,phys_line6=RA·D·C0·H1,phys_line6,1585992,10105,2647,7.81,7.75,0.05,1.007,1.42,-0.54,0.72,0.51,95.04,8.59,9.19,4.65,5.82,False,True,1449.0,4673.0,3983.0,2.0,1.69,DROP,-0.6,2841.0,2870.0,,phys_line6=RA·D·C0·H1,False,1
PHYS,phys_line6=RA·U·C0·H1,phys_line6,1585992,9486,2639,8.65,9.34,-0.69,0.926,-1.97,-0.43,-0.69,0.58,95.04,8.59,9.19,4.65,5.82,False,True,1507.0,3619.0,4360.0,0.0,1.739,DROP,-0.6,2841.0,2870.0,,phys_line6=RA·U·C0·H1,False,1
PHYS,phys_line6=RA·D·C2·H2,phys_line6,1585992,8181,2619,7.81,8.68,-0.87,0.9,0.92,-0.36,-1.98,0.49,95.04,8.59,9.19,4.65,5.82,False,True,1456.0,3443.0,3282.0,1.0,1.631,DROP,-0.6,2841.0,2870.0,,phys_line6=RA·D·C2·H2,False,1
PHYS,phys_line6=RF·U·C2·H0,phys_line6,1585992,8471,2608,9.63,9.52,0.12,1.012,-3.59,-0.12,1.25,0.57,95.04,8.59,9.19,4.65,5.82,False,True,1391.0,3166.0,3914.0,1.0,1.854,DROP,-0.6,2841.0,2870.0,,phys_line6=RF·U·C2·H0,False,1
PHYS,phys_line6=RN·D·C0·H2,phys_line6,1585992,6762,2494,7.32,7.6,-0.28,0.963,2.01,-0.09,-0.89,0.64,95.04,8.59,9.19,4.65,5.82,False,True,989.0,3120.0,2653.0,1.0,1.625,DROP,-0.6,2841.0,2870.0,,phys_line6=RN·D·C0·H2,False,1
PHYS,phys_line6=RN·U·C0·H2,phys_line6,1585992,7054,2511,8.86,9.02,-0.16,0.982,0.7,-0.32,-0.41,0.64,95.04,8.59,9.19,4.65,5.82,False,True,1068.0,2760.0,3226.0,1.0,1.863,DROP,-0.6,2841.0,2870.0,,phys_line6=RN·U·C0·H2,False,1
PHYS,phys_line6=RA·U·C2·H2,phys_line6,1585992,7484,2572,8.79,8.49,0.3,1.036,1.27,-1.17,1.44,0.55,95.04,8.59,9.19,4.65,5.82,False,True,1336.0,3020.0,3128.0,2.0,1.82,DROP,-0.6,2841.0,2870.0,,phys_line6=RA·U·C2·H2,False,1
PHYS,phys_line6=RF·U·C2·H2,phys_line6,1585992,8209,2617,9.01,8.6,0.41,1.048,0.04,-0.64,1.56,0.52,95.04,8.59,9.19,4.65,5.82,False,True,1323.0,3288.0,3598.0,2.0,1.96,DROP,-0.6,2841.0,2870.0,,phys_line6=RF·U·C2·H2,False,1
PHYS,phys_line6=RA·U·C2·H0,phys_line6,1585992,6224,2456,9.3,10.0,-0.7,0.93,-4.04,-0.43,-0.11,0.66,95.04,8.59,9.19,4.65,5.82,False,True,1118.0,2145.0,2961.0,0.0,1.603,DROP,-0.6,2841.0,2870.0,,phys_line6=RA·U·C2·H0,False,1
PHYS,phys_line6=RF·D·C2·H2,phys_line6,1585992,8017,2561,7.81,8.42,-0.61,0.927,1.25,-0.04,-1.74,0.52,95.04,8.59,9.19,4.65,5.82,False,True,1415.0,3479.0,3123.0,1.0,1.807,DROP,-0.6,2841.0,2870.0,,phys_line6=RF·D·C2·H2,False,1
PHYS,phys_line6=RF·U·C0·H2,phys_line6,1585992,5403,2387,9.29,9.29,0.0,1.0,-1.13,1.04,-0.66,0.65,95.04,8.59,9.19,4.65,5.82,False,True,784.0,2158.0,2461.0,1.0,1.81,DROP,-0.6,2841.0,2870.0,,phys_line6=RF·U·C0·H2,False,1
PHYS,phys_m=M2,phys_m,1254757,21878,2718,8.48,8.74,-0.26,0.97,-0.77,-0.04,-0.11,0.33,75.19,8.71,8.34,4.71,4.76,False,True,569.0,10276.0,11033.0,0.0,1.771,DROP,0.37,2735.0,2870.0,,phys_m=M2,False,1
PHYS,phys_m=M0,phys_m,1254757,34390,2722,8.58,8.73,-0.15,0.982,-0.51,-0.15,0.21,0.3,75.19,8.71,8.34,4.71,4.76,False,True,841.0,16456.0,17093.0,1.0,1.707,DROP,0.37,2735.0,2870.0,,phys_m=M0,False,1
PHYS,phys_e=E1,phys_e,1489917,33405,2800,7.99,8.66,-0.68,0.922,-0.28,-0.91,-0.65,0.29,89.28,8.66,8.28,4.69,4.96,False,True,5459.0,13250.0,14696.0,0.0,1.693,DROP,0.38,2805.0,2870.0,,phys_e=E1,False,1
PHYS,phys_e=E2,phys_e,1489917,18397,2725,8.24,8.65,-0.42,0.952,-0.93,-0.19,-0.17,0.34,89.28,8.66,8.28,4.69,4.96,False,True,3436.0,7469.0,7492.0,0.0,1.75,DROP,0.38,2805.0,2870.0,,phys_e=E2,False,1
PHYS,phys_e=E0,phys_e,1489917,21019,2758,8.13,8.66,-0.53,0.938,-1.22,-0.81,-0.28,0.32,89.28,8.66,8.28,4.69,4.96,False,True,3303.0,7965.0,9751.0,0.0,1.709,DROP,0.38,2805.0,2870.0,,phys_e=E0,False,1
PHYS,phys_e=E2★,phys_e,1489917,16356,2657,8.46,8.67,-0.22,0.975,3.07,-0.64,-0.86,0.43,89.28,8.66,8.28,4.69,4.96,False,True,2569.0,6779.0,7008.0,1.0,1.706,DROP,0.38,2805.0,2870.0,,phys_e=E2★,False,1
PHYS,phys_k=K1D,phys_k,1668766,33578,2818,7.79,8.58,-0.79,0.908,0.37,-0.37,-1.64,0.29,100.0,,,,,False,False,7777.0,13633.0,12168.0,1.0,1.639,DROP,,,,,phys_k=K1D,False,1
PHYS,phys_k=K1U,phys_k,1668766,31741,2829,9.94,8.64,1.31,1.151,1.48,-0.15,2.35,0.3,100.0,,,,,True,False,7403.0,11350.0,12988.0,2.0,1.889,RETAIN,,,,,phys_k=K1U,False,1
PHYS,phys_k=K2U,phys_k,1668766,7381,2566,11.16,12.29,-1.13,0.908,-2.09,-1.54,-1.11,0.6,100.0,,,,,False,False,1561.0,2070.0,3750.0,0.0,1.727,DROP,,,,,phys_k=K2U,False,1
PHYS,phys_k=K2D,phys_k,1668766,6241,2393,7.11,7.59,-0.48,0.937,1.68,-0.13,-1.49,0.82,100.0,,,,,False,False,1030.0,2690.0,2521.0,1.0,2.031,DROP,,,,,phys_k=K2D,False,1
PHYS,phys_s=S2D,phys_s,1668766,31760,2825,8.44,8.48,-0.05,0.995,-0.12,-0.6,0.66,0.33,100.0,,,,,False,False,6648.0,12577.0,12535.0,1.0,1.68,DROP,,,,,phys_s=S2D,False,1
PHYS,phys_s=S3U,phys_s,1668766,11498,2700,9.85,10.05,-0.2,0.98,3.06,-1.23,-2.51,0.53,100.0,,,,,False,False,4395.0,2883.0,4220.0,1.0,1.815,DROP,,,,,phys_s=S3U,False,1
PHYS,phys_s=S2U,phys_s,1668766,25053,2794,8.33,8.81,-0.48,0.946,0.21,-1.21,-0.47,0.4,100.0,,,,,False,False,6480.0,8416.0,10157.0,1.0,1.729,DROP,,,,,phys_s=S2U,False,1
PHYS,phys_gap_true=G1,phys_gap_true,404900,49972,2856,8.9,8.56,0.34,1.04,-0.05,0.05,0.55,0.29,24.26,8.63,8.62,8.41,4.05,False,True,11912.0,18032.0,20028.0,2.0,1.656,DROP,0.01,2866.0,2870.0,,phys_gap_true=G1,False,1
PHYS,phys_gap_true=G2,phys_gap_true,404900,48806,2831,8.79,8.64,0.15,1.017,0.08,-0.49,0.71,0.3,24.26,8.63,8.62,8.41,4.05,False,True,10090.0,19203.0,19513.0,2.0,1.902,DROP,0.01,2866.0,2870.0,,phys_gap_true=G2,False,1
PHYS,phys_gap_true=G3,phys_gap_true,404900,30625,2798,8.71,8.61,0.1,1.012,0.3,-0.35,0.37,0.42,24.26,8.63,8.62,8.41,4.05,False,True,6469.0,12084.0,12072.0,2.0,1.927,DROP,0.01,2866.0,2870.0,,phys_gap_true=G3,False,1
PHYS,phys_ad=★★,phys_ad,123471,30635,2796,7.95,8.04,-0.09,0.988,-0.06,-0.07,-0.13,0.35,7.4,8.06,8.66,4.45,4.74,False,True,5818.0,12915.0,11902.0,0.0,1.585,DROP,-0.6,2823.0,2870.0,,phys_ad=★★,False,1
PHYS,phys_ad=★,phys_ad,123471,41739,2820,7.96,8.07,-0.11,0.987,0.39,-0.2,-0.24,0.33,7.4,8.06,8.66,4.45,4.74,False,True,8234.0,17357.0,16148.0,1.0,1.603,DROP,-0.6,2823.0,2870.0,,phys_ad=★,False,1
PHYS,phys_wyc=MARKUP,phys_wyc,1665875,7025,2688,9.75,10.3,-0.55,0.946,3.31,-2.7,-3.63,0.51,99.83,8.61,14.15,4.71,7.49,False,True,3248.0,1544.0,2233.0,1.0,1.644,DROP,-5.54,2869.0,2832.0,,phys_wyc=MARKUP,False,1
PHYS,phys_wyc=ACC-TR,phys_wyc,1665875,3487,1358,9.87,8.63,1.24,1.144,1.05,2.01,0.93,1.46,99.83,8.61,14.15,4.71,7.49,True,True,524.0,1434.0,1529.0,3.0,1.092,RETAIN,-5.54,2869.0,2832.0,,phys_wyc=ACC-TR,False,1
PHYS,phys_wyc=DIST-TR,phys_wyc,1665875,726,509,12.95,13.14,-0.19,0.985,-1.77,3.82,0.18,3.44,99.83,8.61,14.15,4.71,7.49,False,True,270.0,209.0,247.0,2.0,1.448,DROP,-5.54,2869.0,2832.0,,phys_wyc=DIST-TR,False,1
PHYS,phys_wyc=SPRING,phys_wyc,1665875,8332,2458,7.73,6.96,0.77,1.111,2.88,0.75,0.48,0.66,99.83,8.61,14.15,4.71,7.49,False,True,1361.0,4284.0,2687.0,3.0,1.727,DROP,-5.54,2869.0,2832.0,,phys_wyc=SPRING,False,1
PHYS,phys_wyc=SPRING★,phys_wyc,1665875,8026,2451,8.85,7.05,1.8,1.255,1.53,1.48,2.94,0.65,99.83,8.61,14.15,4.71,7.49,True,True,1108.0,4119.0,2799.0,3.0,1.759,RETAIN,-5.54,2869.0,2832.0,,phys_wyc=SPRING★,False,1
PHYS,phys_wyc=UTAD,phys_wyc,1665875,7011,1979,9.44,11.53,-2.09,0.819,-2.06,-1.84,-2.67,0.98,99.83,8.61,14.15,4.71,7.49,False,True,1940.0,1920.0,3151.0,0.0,2.076,DROP,-5.54,2869.0,2832.0,,phys_wyc=UTAD,False,1
PHYS,phys_r_raw>p90,phys_r_raw,1668766,57453,2870,9.04,8.62,0.42,1.048,1.2,0.22,0.18,0.27,100.0,,,,,False,False,13225.0,21622.0,22606.0,3.0,1.783,DROP,,,,,phys_r_raw>p90,False,1
PHYS,phys_r_raw<p10,phys_r_raw,1668766,46801,2845,8.58,8.57,0.01,1.001,0.78,-0.19,-0.15,0.3,100.0,,,,,False,False,10316.0,18076.0,18409.0,1.0,1.815,DROP,,,,,phys_r_raw<p10,False,1
PHYS,phys_c_raw>p90,phys_c_raw,1668766,25536,2844,8.84,8.61,0.23,1.027,0.18,0.2,0.38,0.4,100.0,,,,,False,False,6441.0,9397.0,9698.0,3.0,1.582,DROP,,,,,phys_c_raw>p90,False,1
PHYS,phys_c_raw<p10,phys_c_raw,1668766,21509,2870,9.66,8.78,0.88,1.1,2.85,0.35,-0.31,0.37,100.0,,,,,False,False,6621.0,6879.0,8009.0,2.0,1.835,DROP,,,,,phys_c_raw<p10,False,1
PHYS,phys_h_raw>p90,phys_h_raw,1614460,37261,2811,8.12,8.54,-0.42,0.951,0.18,-0.47,-0.6,0.3,96.75,8.57,10.05,4.67,5.85,False,True,7454.0,14713.0,15094.0,1.0,1.687,DROP,-1.48,2851.0,2870.0,,phys_h_raw>p90,False,1
PHYS,phys_h_raw<p10,phys_h_raw,1614460,0,0,,,,,,,,,96.75,8.57,10.05,4.67,5.85,,True,,,,,,INSUFFICIENT,-1.48,2851.0,2870.0,,phys_h_raw<p10,False,1
PHYS,phys_m_raw>p90,phys_m_raw,1389640,12569,2680,7.35,9.22,-1.87,0.797,-2.26,-1.21,-2.42,0.45,83.27,8.43,9.57,4.71,4.74,False,True,1285.0,4710.0,6574.0,0.0,1.699,DROP,-1.14,2769.0,2870.0,,phys_m_raw>p90,False,1
PHYS,phys_m_raw<p10,phys_m_raw,1389640,34190,2746,8.52,8.42,0.1,1.012,1.85,-0.14,0.29,0.32,83.27,8.43,9.57,4.71,4.74,False,True,3278.0,15460.0,15452.0,2.0,1.701,DROP,-1.14,2769.0,2870.0,,phys_m_raw<p10,False,1
PHYS,phys_e_raw>p90,phys_e_raw,1628724,5178,1881,10.53,8.85,1.68,1.19,1.28,2.61,1.37,0.85,97.6,8.57,10.54,4.69,5.77,True,True,863.0,2125.0,2190.0,3.0,1.37,RETAIN,-1.97,2855.0,2870.0,,phys_e_raw>p90,False,1
PHYS,phys_e_raw<p10,phys_e_raw,1628724,0,0,,,,,,,,,97.6,8.57,10.54,4.69,5.77,,True,,,,,,INSUFFICIENT,-1.97,2855.0,2870.0,,phys_e_raw<p10,False,1
PHYS,phys_k_x>p90,phys_k_x,1668766,24125,2807,10.11,8.78,1.34,1.152,2.03,-0.0,1.69,0.36,100.0,,,,,True,False,5371.0,8196.0,10558.0,2.0,1.905,RETAIN,,,,G005,dist_ema20_atr>p90,True,2
PHYS,phys_k_x<p10,phys_k_x,1668766,25276,2778,8.05,8.46,-0.41,0.952,0.14,-0.08,-0.59,0.34,100.0,,,,,False,False,5346.0,10924.0,9006.0,1.0,1.898,DROP,,,,G009,dist_ema20_atr<p10,True,2
PHYS,phys_e_release,phys_e_release,1668766,17236,2662,8.45,8.69,-0.24,0.973,2.68,-0.68,-0.83,0.41,100.0,,,,,False,False,2690.0,7106.0,7440.0,1.0,1.704,DROP,,,,,phys_e_release,False,1
PHYS,phys_s_net>p90,phys_s_net,1668766,0,0,,,,,,,,,100.0,,,,,,False,,,,,,INSUFFICIENT,,,,G007,consec_up<p10,True,5
PHYS,phys_s_net<p10,phys_s_net,1668766,0,0,,,,,,,,,100.0,,,,,,False,,,,,,INSUFFICIENT,,,,G007,consec_up<p10,True,5
CISD,sig_cisd_plus_struct,sig_cisd_plus_struct,1668766,17886,2754,7.95,7.21,0.74,1.103,0.43,0.41,2.35,0.6,100.0,,,,,False,False,5811.0,8015.0,4060.0,3.0,1.777,DROP,,,,,sig_cisd_plus_struct,False,1
CISD,sig_cisd_minus_struct,sig_cisd_minus_struct,1668766,8217,2472,9.88,10.48,-0.6,0.943,1.96,-2.46,-5.32,0.92,100.0,,,,,False,False,4906.0,1770.0,1541.0,1.0,1.755,DROP,,,,,sig_cisd_minus_struct,False,1
CISD,sig_cisd_mpm,sig_cisd_mpm,1668766,10182,2656,9.27,8.64,0.63,1.073,1.0,-0.11,1.1,0.65,100.0,,,,,False,False,3615.0,3828.0,2739.0,2.0,1.837,DROP,,,,,sig_cisd_mpm,False,1
PRICE_DERIVED,pct_change_1d>p90,pct_change_1d,1665925,39106,2825,8.76,8.62,0.14,1.016,-0.88,0.24,0.68,0.35,99.83,8.61,14.33,4.71,7.9,False,True,8530.0,15133.0,15443.0,2.0,1.718,DROP,-5.72,2869.0,2831.0,,pct_change_1d>p90,False,1
PRICE_DERIVED,pct_change_1d<p10,pct_change_1d,1665925,34552,2823,7.93,8.53,-0.6,0.93,-0.7,-0.46,-0.54,0.39,99.83,8.61,14.33,4.71,7.9,False,True,7400.0,13561.0,13591.0,0.0,1.619,DROP,-5.72,2869.0,2831.0,,pct_change_1d<p10,False,1
PRICE_DERIVED,pct_change_3d>p90,pct_change_3d,1660199,38705,2808,8.83,8.71,0.12,1.014,-1.08,-0.11,1.13,0.35,99.49,8.6,13.21,4.71,6.89,False,True,7713.0,15783.0,15209.0,1.0,1.541,DROP,-4.62,2868.0,2868.0,,pct_change_3d>p90,False,1
PRICE_DERIVED,pct_change_3d<p10,pct_change_3d,1660199,32846,2807,7.68,8.48,-0.8,0.905,-0.87,-0.35,-0.99,0.4,99.49,8.6,13.21,4.71,6.89,False,True,6317.0,13846.0,12683.0,0.0,1.55,DROP,-4.62,2868.0,2868.0,,pct_change_3d<p10,False,1
PRICE_DERIVED,pct_change_5d>p90,pct_change_5d,1654465,34290,2787,8.98,8.77,0.21,1.024,-1.18,-0.32,1.51,0.37,99.14,8.59,12.35,4.7,6.57,False,True,6621.0,13926.0,13743.0,1.0,1.5,DROP,-3.76,2865.0,2870.0,,pct_change_5d>p90,False,1
PRICE_DERIVED,pct_change_5d<p10,pct_change_5d,1654465,29183,2760,7.24,8.44,-1.2,0.858,-1.34,-0.35,-1.68,0.42,99.14,8.59,12.35,4.7,6.57,False,True,5482.0,12801.0,10900.0,0.0,1.468,DROP,-3.76,2865.0,2870.0,,pct_change_5d<p10,False,1
PRICE_DERIVED,pct_change_10d>p90,pct_change_10d,1640156,25579,2742,9.39,9.01,0.38,1.042,-0.8,-0.39,1.52,0.4,98.29,8.58,11.15,4.69,5.95,False,True,4420.0,10255.0,10904.0,1.0,1.554,DROP,-2.58,2860.0,2870.0,,pct_change_10d>p90,False,1
PRICE_DERIVED,pct_change_10d<p10,pct_change_10d,1640156,22604,2645,7.12,8.51,-1.38,0.837,-2.13,-0.19,-1.96,0.52,98.29,8.58,11.15,4.69,5.95,False,True,3835.0,10527.0,8242.0,0.0,1.399,DROP,-2.58,2860.0,2870.0,,pct_change_10d<p10,False,1
PRICE_DERIVED,pct_from_20d_high>p90,pct_from_20d_high,1611609,31171,2814,9.76,8.62,1.13,1.132,0.9,-0.06,1.98,0.33,96.57,8.57,9.96,4.67,5.83,True,True,6402.0,11149.0,13620.0,2.0,1.911,RETAIN,-1.39,2850.0,2870.0,,pct_from_20d_high>p90,False,1
PRICE_DERIVED,pct_from_20d_high<p10,pct_from_20d_high,1611609,10357,1879,6.14,8.61,-2.46,0.714,-2.93,-1.29,-3.26,0.76,96.57,8.57,9.96,4.67,5.83,False,True,1751.0,4848.0,3758.0,0.0,1.125,DROP,-1.39,2850.0,2870.0,,pct_from_20d_high<p10,False,1
PRICE_DERIVED,pct_from_20d_low>p90,pct_from_20d_low,1611599,13365,2231,9.85,10.0,-0.14,0.986,-3.41,-0.34,1.29,0.64,96.57,8.57,9.97,4.67,5.83,False,True,1935.0,5748.0,5682.0,1.0,1.3,DROP,-1.4,2850.0,2870.0,,pct_from_20d_low>p90,False,1
PRICE_DERIVED,pct_from_20d_low<p10,pct_from_20d_low,1611599,36108,2828,7.97,8.53,-0.56,0.935,-0.0,-0.12,-0.95,0.3,96.57,8.57,9.97,4.67,5.83,False,True,7314.0,15238.0,13556.0,0.0,1.717,DROP,-1.4,2850.0,2870.0,,pct_from_20d_low<p10,False,1
PRICE_DERIVED,pct_from_60d_high>p90,pct_from_60d_high,1498345,15894,2698,8.97,9.32,-0.35,0.962,-1.28,-0.9,-0.13,0.43,89.79,8.65,8.35,4.68,5.0,False,True,2688.0,5574.0,7632.0,0.0,1.767,DROP,0.3,2811.0,2870.0,,pct_from_60d_high>p90,False,1
PRICE_DERIVED,pct_from_60d_high<p10,pct_from_60d_high,1498345,4873,1408,5.95,8.99,-3.04,0.662,-2.9,-2.33,-2.99,1.03,89.79,8.65,8.35,4.68,5.0,False,True,651.0,2478.0,1744.0,0.0,1.276,DROP,0.3,2811.0,2870.0,,pct_from_60d_high<p10,False,1
PRICE_DERIVED,dist_ema20_atr>p90,dist_ema20_atr,1668766,24125,2807,10.11,8.78,1.34,1.152,2.03,-0.0,1.69,0.36,100.0,,,,,True,False,5371.0,8196.0,10558.0,2.0,1.905,RETAIN,,,,G005,dist_ema20_atr>p90,False,2
PRICE_DERIVED,dist_ema20_atr<p10,dist_ema20_atr,1668766,25276,2778,8.05,8.46,-0.41,0.952,0.14,-0.08,-0.59,0.34,100.0,,,,,False,False,5346.0,10924.0,9006.0,1.0,1.898,DROP,,,,G009,dist_ema20_atr<p10,False,2
PRICE_DERIVED,dist_ema50_atr>p90,dist_ema50_atr,1668766,15232,2736,9.8,9.6,0.2,1.021,1.32,-0.44,-0.3,0.45,100.0,,,,,False,False,3571.0,4777.0,6884.0,1.0,1.751,DROP,,,,,dist_ema50_atr>p90,False,1
PRICE_DERIVED,dist_ema50_atr<p10,dist_ema50_atr,1668766,13710,2733,8.07,7.75,0.31,1.04,1.47,0.46,0.23,0.49,100.0,,,,,False,False,2455.0,6424.0,4831.0,3.0,2.019,DROP,,,,,dist_ema50_atr<p10,False,1
PRICE_DERIVED,dist_ema200_atr>p90,dist_ema200_atr,1668766,7937,2304,9.89,12.21,-2.32,0.81,-0.62,-2.25,-3.64,0.69,100.0,,,,,False,False,2294.0,2158.0,3485.0,0.0,1.785,DROP,,,,,dist_ema200_atr>p90,False,1
PRICE_DERIVED,dist_ema200_atr<p10,dist_ema200_atr,1668766,4011,1647,8.85,7.42,1.43,1.193,4.31,1.82,0.69,1.05,100.0,,,,,True,False,330.0,2101.0,1580.0,3.0,1.755,RETAIN,,,,,dist_ema200_atr<p10,False,1
PRICE_DERIVED,range_pct>p90,range_pct,1668755,21306,2467,8.26,8.86,-0.61,0.931,-1.18,-0.5,-0.15,0.59,100.0,,,,,False,True,4579.0,8327.0,8400.0,0.0,1.389,DROP,,,,,range_pct>p90,False,1
PRICE_DERIVED,range_pct<p10,range_pct,1668755,19689,2228,8.43,8.39,0.04,1.005,0.46,-0.52,0.21,0.6,100.0,,,,,False,True,4871.0,6569.0,8249.0,2.0,1.966,DROP,,,,,range_pct<p10,False,1
PRICE_DERIVED,body_pct>p90,body_pct,1654214,54697,2860,8.39,8.53,-0.15,0.983,0.53,-0.34,-0.29,0.27,99.13,8.54,18.05,4.91,0.01,False,True,12048.0,20937.0,21712.0,1.0,1.695,DROP,-9.52,2869.0,512.0,,body_pct>p90,False,1
PRICE_DERIVED,body_pct<p10,body_pct,1654214,58684,2862,8.63,8.54,0.09,1.011,0.56,0.04,-0.12,0.26,99.13,8.54,18.05,4.91,0.01,False,True,13042.0,22102.0,23540.0,2.0,1.722,DROP,-9.52,2869.0,512.0,,body_pct<p10,False,1
PRICE_DERIVED,upper_wick_pct>p90,upper_wick_pct,1654214,56669,2862,8.52,8.54,-0.02,0.998,0.25,0.17,-0.32,0.27,99.13,8.54,18.05,4.91,0.01,False,True,12762.0,21495.0,22412.0,2.0,1.749,DROP,-9.52,2869.0,512.0,,upper_wick_pct>p90,False,1
PRICE_DERIVED,upper_wick_pct<p10,upper_wick_pct,1654214,0,0,,,,,,,,,99.13,8.54,18.05,4.91,0.01,,True,,,,,,INSUFFICIENT,-9.52,2869.0,512.0,G001,lower_wick_pct<p10,True,2
PRICE_DERIVED,lower_wick_pct>p90,lower_wick_pct,1654214,57513,2858,8.7,8.54,0.16,1.019,0.05,0.14,0.29,0.26,99.13,8.54,18.05,4.91,0.01,False,True,12853.0,21949.0,22711.0,3.0,1.689,DROP,-9.52,2869.0,512.0,,lower_wick_pct>p90,False,1
PRICE_DERIVED,lower_wick_pct<p10,lower_wick_pct,1654214,0,0,,,,,,,,,99.13,8.54,18.05,4.91,0.01,,True,,,,,,INSUFFICIENT,-9.52,2869.0,512.0,G001,lower_wick_pct<p10,False,2
PRICE_DERIVED,atr_pct>p90,atr_pct,1668766,5235,1336,6.07,9.2,-3.13,0.66,-4.57,-2.2,-3.19,1.24,100.0,,,,,False,False,947.0,2376.0,1912.0,0.0,0.99,DROP,,,,,atr_pct>p90,False,1
PRICE_DERIVED,atr_pct<p10,atr_pct,1668766,4701,1177,10.91,8.55,2.37,1.277,5.78,0.56,0.29,1.32,100.0,,,,,True,False,1633.0,1128.0,1940.0,3.0,2.081,RETAIN,,,,,atr_pct<p10,False,1
PRICE_DERIVED,atr_pct_chg_20d>p90,atr_pct_chg_20d,1611609,17229,2784,6.76,8.54,-1.79,0.791,-2.1,-1.37,-1.69,0.4,96.57,8.57,9.96,4.67,5.83,False,True,4026.0,6983.0,6220.0,0.0,1.613,DROP,-1.39,2850.0,2870.0,,atr_pct_chg_20d>p90,False,1
PRICE_DERIVED,atr_pct_chg_20d<p10,atr_pct_chg_20d,1611609,19437,2842,8.9,8.5,0.4,1.047,0.58,-0.15,0.8,0.41,96.57,8.57,9.96,4.67,5.83,False,True,2883.0,7933.0,8621.0,2.0,1.46,DROP,-1.39,2850.0,2870.0,,atr_pct_chg_20d<p10,False,1
PRICE_DERIVED,vol_ratio_20d>p90,vol_ratio_20d,1664532,54423,2855,9.46,8.62,0.84,1.097,0.92,0.4,1.19,0.26,99.75,8.63,5.41,4.78,0.0,False,True,11842.0,20615.0,21966.0,3.0,1.854,DROP,3.22,2868.0,31.0,,vol_ratio_20d>p90,False,1
PRICE_DERIVED,vol_ratio_20d<p10,vol_ratio_20d,1664532,23033,2827,8.31,8.58,-0.26,0.969,-0.91,-0.13,-0.02,0.51,99.75,8.63,5.41,4.78,0.0,False,True,5003.0,8531.0,9499.0,0.0,1.507,DROP,3.22,2868.0,31.0,,vol_ratio_20d<p10,False,1
PRICE_DERIVED,dollar_volume>p90,dollar_volume,1668766,6513,1195,9.12,10.21,-1.09,0.893,0.29,-1.92,-1.68,1.92,100.0,,,,,False,False,1888.0,2157.0,2468.0,1.0,2.139,DROP,,,,,dollar_volume>p90,False,1
PRICE_DERIVED,dollar_volume<p10,dollar_volume,1668766,5124,1110,9.09,8.89,0.21,1.024,4.03,-0.32,-0.71,1.66,100.0,,,,,False,False,956.0,2062.0,2106.0,1.0,1.205,DROP,,,,,dollar_volume<p10,False,1
PRICE_DERIVED,gap_pct>p90,gap_pct,1665925,39306,2844,8.52,8.57,-0.05,0.994,-0.34,-0.4,0.77,0.36,99.83,8.61,14.33,4.71,7.9,False,True,8174.0,16299.0,14833.0,1.0,1.783,DROP,-5.72,2869.0,2831.0,,gap_pct>p90,False,1
PRICE_DERIVED,gap_pct<p10,gap_pct,1665925,37749,2836,7.84,8.54,-0.7,0.918,-0.16,-0.51,-0.89,0.36,99.83,8.61,14.33,4.71,7.9,False,True,9171.0,14977.0,13601.0,0.0,1.653,DROP,-5.72,2869.0,2831.0,,gap_pct<p10,False,1
VOL_ABSORB,consec_up>p90,consec_up,1668766,34878,2815,8.89,8.62,0.28,1.032,0.5,-0.95,1.13,0.34,100.0,,,,,False,False,7665.0,12802.0,14411.0,2.0,1.779,DROP,,,,,consec_up>p90,False,1
VOL_ABSORB,consec_up<p10,consec_up,1668766,0,0,,,,,,,,,100.0,,,,,,False,,,,,,INSUFFICIENT,,,,G007,consec_up<p10,False,5
PRICE_DERIVED,hi20_age>p90,hi20_age,1541342,6285,2527,10.34,7.82,2.52,1.323,4.69,0.86,4.31,0.48,92.36,8.66,8.16,4.85,3.61,True,True,505.0,2987.0,2793.0,3.0,2.228,RETAIN,0.5,2829.0,2870.0,,hi20_age>p90,False,1
PRICE_DERIVED,hi20_age<p10,hi20_age,1541342,0,0,,,,,,,,,92.36,8.66,8.16,4.85,3.61,,True,,,,,,INSUFFICIENT,0.5,2829.0,2870.0,,hi20_age<p10,False,1
PRICE_DERIVED,close_pos_20d>p90,close_pos_20d,1611609,30980,2817,9.69,8.63,1.07,1.124,0.92,-0.1,1.89,0.32,96.57,8.57,9.96,4.67,5.83,True,True,6302.0,11172.0,13506.0,2.0,1.888,RETAIN,-1.39,2850.0,2870.0,,close_pos_20d>p90,False,1
PRICE_DERIVED,close_pos_20d<p10,close_pos_20d,1611609,35188,2824,7.96,8.52,-0.56,0.934,0.04,-0.06,-1.05,0.3,96.57,8.57,9.96,4.67,5.83,False,True,7037.0,14904.0,13247.0,1.0,1.729,DROP,-1.39,2850.0,2870.0,,close_pos_20d<p10,False,1
DISPLAY,LBAL_UDN=U,LBAL_UDN,1062392,4402,1789,9.31,8.91,0.41,1.046,0.35,0.46,0.59,1.66,63.66,8.87,8.18,21.63,0.26,False,True,2245.0,1064.0,1093.0,3.0,2.055,DROP,0.69,1790.0,2795.0,,LBAL_UDN=U,False,1
DISPLAY,LBAL_UDN=D,LBAL_UDN,1062392,4620,1788,9.65,9.09,0.56,1.062,0.37,0.79,0.84,1.47,63.66,8.87,8.18,21.63,0.26,False,True,2078.0,1239.0,1303.0,3.0,1.923,DROP,0.69,1790.0,2795.0,,LBAL_UDN=D,False,1
DISPLAY,LBAL_UDN=N,LBAL_UDN,1062392,30958,1788,8.92,8.87,0.05,1.006,0.11,0.4,-0.3,0.43,63.66,8.87,8.18,21.63,0.26,False,True,6732.0,11975.0,12251.0,2.0,2.057,DROP,0.69,1790.0,2795.0,,LBAL_UDN=N,False,1
DISPLAY,LBAL_STAR=True,LBAL_STAR,1071647,15063,1789,8.74,8.93,-0.18,0.979,0.66,-0.3,-0.65,0.7,64.22,8.91,8.1,20.95,0.27,False,True,3923.0,5502.0,5638.0,1.0,1.889,DROP,0.81,1792.0,2757.0,,LBAL_STAR=True,False,1
DISPLAY,LVX_TIER>p90,LVX_TIER,541959,0,0,,,,,,,,,32.48,8.6,8.63,5.27,4.48,,True,,,,,,INSUFFICIENT,-0.02,2845.0,2870.0,G002,LVX_TIER<p10,True,2
DISPLAY,LVX_TIER<p10,LVX_TIER,541959,0,0,,,,,,,,,32.48,8.6,8.63,5.27,4.48,,True,,,,,,INSUFFICIENT,-0.02,2845.0,2870.0,G002,LVX_TIER<p10,False,2
DISPLAY,VOL7_MR>p90,VOL7_MR,1614460,39609,2830,9.1,8.58,0.52,1.06,0.13,0.85,0.29,0.32,96.75,8.57,10.05,4.67,5.85,False,True,8082.0,14600.0,16927.0,3.0,1.701,DROP,-1.48,2851.0,2870.0,,VOL7_MR>p90,False,1
DISPLAY,VOL7_MR<p10,VOL7_MR,1614460,21747,2790,8.58,8.68,-0.1,0.989,-1.22,0.14,0.12,0.57,96.75,8.57,10.05,4.67,5.85,False,True,3921.0,8296.0,9530.0,2.0,1.486,DROP,-1.48,2851.0,2870.0,,VOL7_MR<p10,False,1
DISPLAY,VOL7_SG>p90,VOL7_SG,1614460,53050,2835,9.43,8.57,0.86,1.1,0.58,0.33,1.5,0.26,96.75,8.57,10.05,4.67,5.85,False,True,10413.0,20755.0,21882.0,3.0,1.853,DROP,-1.48,2851.0,2870.0,,VOL7_SG>p90,False,1
DISPLAY,VOL7_SG<p10,VOL7_SG,1614460,41817,2796,8.31,8.49,-0.17,0.98,-0.33,-0.26,0.05,0.32,96.75,8.57,10.05,4.67,5.85,False,True,8428.0,16345.0,17044.0,1.0,1.759,DROP,-1.48,2851.0,2870.0,,VOL7_SG<p10,False,1
DISPLAY,VOL7_CONS=Σ+,VOL7_CONS,935019,41770,2839,8.64,8.59,0.05,1.006,0.19,-0.45,0.54,0.3,56.03,8.61,8.63,5.69,3.71,False,True,7998.0,16711.0,17061.0,2.0,1.759,DROP,-0.02,2851.0,2870.0,,VOL7_CONS=Σ+,False,1
DISPLAY,VOL7_CONS=MR+,VOL7_CONS,935019,7432,1990,8.75,9.42,-0.67,0.929,-1.49,-0.13,-0.77,1.16,56.03,8.61,8.63,5.69,3.71,False,True,1314.0,2785.0,3333.0,0.0,1.076,DROP,-0.02,2851.0,2870.0,,VOL7_CONS=MR+,False,1
DISPLAY,SHAPE_CODE=WRP,SHAPE_CODE,276391,46817,2844,8.66,9.2,-0.54,0.941,-0.21,-0.6,-0.44,0.29,16.56,9.21,8.5,2.36,5.36,False,True,9921.0,18181.0,18715.0,0.0,1.685,DROP,0.7,2862.0,2870.0,,SHAPE_CODE=WRP,False,1
DISPLAY,SHAPE_CODE=LST,SHAPE_CODE,276391,43758,2846,8.72,9.2,-0.49,0.947,-0.02,-0.53,-0.59,0.31,16.56,9.21,8.5,2.36,5.36,False,True,9240.0,16476.0,18042.0,0.0,1.661,DROP,0.7,2862.0,2870.0,,SHAPE_CODE=LST,False,1
DISPLAY,SHAPE_CODE=MID,SHAPE_CODE,276391,36214,2849,8.7,9.21,-0.51,0.945,-0.33,-0.54,-0.55,0.34,16.56,9.21,8.5,2.36,5.36,False,True,7419.0,13491.0,15304.0,0.0,1.668,DROP,0.7,2862.0,2870.0,,SHAPE_CODE=MID,False,1
DISPLAY,SHAPE_CODE=CL4,SHAPE_CODE,276391,30093,2831,8.95,9.24,-0.3,0.968,0.73,-0.83,-0.37,0.36,16.56,9.21,8.5,2.36,5.36,False,True,6165.0,10932.0,12996.0,1.0,1.672,DROP,0.7,2862.0,2870.0,,SHAPE_CODE=CL4,False,1
DISPLAY,SHAPE_CODE=MTH,SHAPE_CODE,276391,17102,2791,9.84,9.33,0.5,1.054,0.2,-0.2,1.18,0.42,16.56,9.21,8.5,2.36,5.36,False,True,3541.0,6041.0,7520.0,2.0,1.717,DROP,0.7,2862.0,2870.0,,SHAPE_CODE=MTH,False,1
DISPLAY,SHAPE_CODE=CON,SHAPE_CODE,276391,15766,2788,9.91,9.3,0.61,1.065,0.31,0.73,0.67,0.56,16.56,9.21,8.5,2.36,5.36,False,True,3301.0,5587.0,6878.0,3.0,1.707,DROP,0.7,2862.0,2870.0,,SHAPE_CODE=CON,False,1
DISPLAY,SHAPE_CODE=EXP,SHAPE_CODE,276391,12455,2736,9.47,9.46,0.01,1.001,-0.85,0.35,0.24,0.63,16.56,9.21,8.5,2.36,5.36,False,True,2521.0,4560.0,5374.0,2.0,1.7,DROP,0.7,2862.0,2870.0,,SHAPE_CODE=EXP,False,1
DISPLAY,SHAPE_TOUCHES>p90,SHAPE_TOUCHES,1350792,15039,2784,8.78,8.91,-0.13,0.985,-0.78,0.09,-0.18,0.47,80.95,8.67,8.42,3.85,10.34,False,True,2812.0,5495.0,6732.0,1.0,1.409,DROP,0.25,2862.0,2870.0,,SHAPE_TOUCHES>p90,False,1
DISPLAY,SHAPE_TOUCHES<p10,SHAPE_TOUCHES,1350792,2713,2713,9.92,8.32,1.6,1.192,2.25,-1.35,-4.23,0.18,80.95,8.67,8.42,3.85,10.34,False,True,2342.0,211.0,160.0,1.0,1.157,DROP,0.25,2862.0,2870.0,,SHAPE_TOUCHES<p10,False,1
DISPLAY,SHAPE_LSTUP_VETO=True,SHAPE_LSTUP_VETO,1350792,23630,2818,8.78,8.69,0.08,1.01,0.26,0.38,-0.24,0.41,80.95,8.67,8.42,3.85,10.34,False,True,4339.0,9347.0,9944.0,2.0,1.612,DROP,0.25,2862.0,2870.0,,SHAPE_LSTUP_VETO=True,False,1
DISPLAY,SHAPE_GRADE>p90,SHAPE_GRADE,1350792,34248,2837,9.24,8.64,0.59,1.069,0.34,0.63,0.73,0.35,80.95,8.67,8.42,3.85,10.34,False,True,6526.0,13536.0,14186.0,3.0,1.818,DROP,0.25,2862.0,2870.0,,SHAPE_GRADE>p90,False,1
DISPLAY,SHAPE_GRADE<p10,SHAPE_GRADE,1350792,0,0,,,,,,,,,80.95,8.67,8.42,3.85,10.34,,True,,,,,,INSUFFICIENT,0.25,2862.0,2870.0,,SHAPE_GRADE<p10,False,1
DISPLAY,OVD_TOKENS=CD·30 CD·60,OVD_TOKENS,391608,30202,1727,8.57,8.77,-0.21,0.977,-0.36,-0.39,0.0,0.43,23.47,8.78,8.57,36.86,1.92,False,True,5223.0,12596.0,12383.0,1.0,1.989,DROP,0.21,1733.0,2870.0,,OVD_TOKENS=CD·30 CD·60,False,1
DISPLAY,OVD_TOKENS=OB·60,OVD_TOKENS,391608,28800,1704,8.52,8.79,-0.27,0.969,-0.33,-0.14,-0.56,0.45,23.47,8.78,8.57,36.86,1.92,False,True,4947.0,11690.0,12163.0,0.0,2.055,DROP,0.21,1733.0,2870.0,,OVD_TOKENS=OB·60,False,1
DISPLAY,OVD_TOKENS=OB·30 OB·60,OVD_TOKENS,391608,18280,1671,8.33,8.8,-0.48,0.946,-1.05,-0.42,-0.46,0.62,23.47,8.78,8.57,36.86,1.92,False,True,3180.0,7430.0,7670.0,0.0,1.938,DROP,0.21,1733.0,2870.0,,OVD_TOKENS=OB·30 OB·60,False,1
DISPLAY,OVD_TOKENS=CD·30,OVD_TOKENS,391608,15852,1728,8.82,8.75,0.07,1.008,-0.09,0.65,-0.45,0.64,23.47,8.78,8.57,36.86,1.92,False,True,2651.0,6686.0,6515.0,1.0,1.981,DROP,0.21,1733.0,2870.0,,OVD_TOKENS=CD·30,False,1
DISPLAY,OVD_TOKENS=OB·60 CD·30 CD·60,OVD_TOKENS,391608,11837,1614,8.95,8.56,0.4,1.046,1.33,0.49,0.07,0.69,23.47,8.78,8.57,36.86,1.92,False,True,1922.0,5247.0,4668.0,3.0,2.131,DROP,0.21,1733.0,2870.0,,OVD_TOKENS=OB·60 CD·30 CD·60,False,1
DISPLAY,OVD_TOKENS=CD·60,OVD_TOKENS,391608,11457,1699,9.07,8.65,0.42,1.048,0.3,0.76,0.15,0.66,23.47,8.78,8.57,36.86,1.92,False,True,1749.0,5012.0,4696.0,3.0,2.1,DROP,0.21,1733.0,2870.0,,OVD_TOKENS=CD·60,False,1
DISPLAY,OVD_TOKENS=NM?,OVD_TOKENS,391608,9958,1633,8.73,8.69,0.04,1.004,-0.41,-0.68,0.77,0.72,23.47,8.78,8.57,36.86,1.92,False,True,1431.0,4201.0,4326.0,1.0,2.316,DROP,0.21,1733.0,2870.0,,OVD_TOKENS=NM?,False,1
DISPLAY,OVD_TOKENS=RC·30 RC·60,OVD_TOKENS,391608,7157,1634,9.28,9.12,0.16,1.017,-1.8,-0.41,0.91,0.84,23.47,8.78,8.57,36.86,1.92,False,True,1078.0,2742.0,3337.0,1.0,2.013,DROP,0.21,1733.0,2870.0,,OVD_TOKENS=RC·30 RC·60,False,1
DISPLAY,OVD_TOKENS=RC·60,OVD_TOKENS,391608,8250,1671,9.24,8.9,0.34,1.038,-0.69,0.18,0.44,0.86,23.47,8.78,8.57,36.86,1.92,False,True,1231.0,3190.0,3829.0,2.0,2.069,DROP,0.21,1733.0,2870.0,,OVD_TOKENS=RC·60,False,1
