family,primitive,source_layer,eligible_rows,events,tickers,precision8,matched_base8,delta_pp,lift,y2021_delta,y2022_delta,y2023_delta,top5_share,coverage_pct,y8_available,y8_missing,median_dvol_available,median_dvol_missing,survivor_flag,partial_coverage,min_history,min_history_why,raw_rate,events_per_ticker,y2021_n,y2022_n,y2023_n,pos_years,med_mfe,verdict,y8_gap_pp,tickers_avail,tickers_missing,duplicate_group_id,canonical_primitive,is_duplicate,group_size
VOL_ABSORB,vol_bucket=N,vol_bucket,1439606,34252,2780,9.0,8.6,0.39,1.045,3.65,-0.22,0.09,0.31,100.0,,,,,False,False,81,"vabs_engine _MA_PERIOD=20, _VOL_LEN=20, _BREAK_BARS=10 over ATR14 RMA",22.05,12.32,4612.0,14466.0,15174.0,2.0,1.766,DROP,,,,,vol_bucket=N,False,1
VOL_ABSORB,vol_bucket=B,vol_bucket,1439606,45729,2770,9.3,8.61,0.7,1.081,1.56,0.17,1.01,0.27,100.0,,,,,False,False,81,"vabs_engine _MA_PERIOD=20, _VOL_LEN=20, _BREAK_BARS=10 over ATR14 RMA",11.09,16.51,5273.0,19654.0,20802.0,3.0,1.863,DROP,,,,,vol_bucket=B,False,1
VOL_ABSORB,vol_bucket=W,vol_bucket,1439606,36878,2733,8.37,8.49,-0.12,0.986,-0.0,-0.38,0.2,0.33,100.0,,,,,False,False,81,"vabs_engine _MA_PERIOD=20, _VOL_LEN=20, _BREAK_BARS=10 over ATR14 RMA",8.8,13.49,4619.0,15818.0,16441.0,1.0,1.77,DROP,,,,,vol_bucket=W,False,1
VOL_ABSORB,vol_bucket=VB,vol_bucket,1439606,29374,2765,9.26,8.69,0.57,1.066,-1.22,1.29,0.2,0.37,100.0,,,,,False,False,81,"vabs_engine _MA_PERIOD=20, _VOL_LEN=20, _BREAK_BARS=10 over ATR14 RMA",3.11,10.62,3123.0,11963.0,14288.0,2.0,1.681,DROP,,,,,vol_bucket=VB,False,1
RTB,rtb_phase=A,rtb_phase,1611609,33133,2844,7.94,8.59,-0.64,0.925,-0.71,-0.27,-0.8,0.36,100.0,,,,,False,False,20,rtb_engine is a phase state machine with no window and no declared warm-up; global floor,32.22,11.65,6784.0,13361.0,12988.0,0.0,1.493,DROP,,,,,rtb_phase=A,False,1
RTB,rtb_phase=D,rtb_phase,1611609,47144,2813,9.18,8.56,0.63,1.073,0.49,-0.18,1.54,0.28,100.0,,,,,False,False,20,rtb_engine is a phase state machine with no window and no declared warm-up; global floor,15.55,16.76,8827.0,18957.0,19360.0,2.0,1.74,DROP,,,,,rtb_phase=D,False,1
RTB,rtb_phase=B,rtb_phase,1611609,38909,2805,8.82,8.57,0.26,1.03,0.95,0.1,0.01,0.35,100.0,,,,,False,False,20,rtb_engine is a phase state machine with no window and no declared warm-up; global floor,5.45,13.87,8623.0,14454.0,15832.0,3.0,1.887,DROP,,,,,rtb_phase=B,False,1
RTB,rtb_phase=C,rtb_phase,1611609,18008,2695,8.93,8.48,0.45,1.053,0.02,-0.03,0.85,0.49,100.0,,,,,False,False,20,rtb_engine is a phase state machine with no window and no declared warm-up; global floor,2.08,6.68,3397.0,6656.0,7955.0,2.0,1.883,DROP,,,,,rtb_phase=C,False,1
GOG_GAP,gog_tier=G1C,gog_tier,93387,10764,2550,8.74,8.62,0.12,1.014,0.11,-0.15,0.56,0.58,6.44,9.05,8.59,9.25,4.49,False,True,81,"gog_engine _SEQ_LOOKBACK=24, _SUPPORT_LOOKBACK=18, rolling(20), _RSI_LENGTH=14 RMA",14.9,4.22,1206.0,4808.0,4750.0,2.0,1.757,DROP,0.47,2839.0,2870.0,,gog_tier=G1C,False,1
GOG_GAP,gog_tier=GOG1,gog_tier,93387,7627,2537,9.19,9.33,-0.14,0.985,0.15,0.04,-0.45,0.59,6.44,9.05,8.59,9.25,4.49,False,True,81,"gog_engine _SEQ_LOOKBACK=24, _SUPPORT_LOOKBACK=18, rolling(20), _RSI_LENGTH=14 RMA",9.84,3.01,928.0,3129.0,3570.0,2.0,1.751,DROP,0.47,2839.0,2870.0,,gog_tier=GOG1,False,1
GOG_GAP,gog_tier=G1P,gog_tier,93387,5212,2210,9.69,8.84,0.85,1.097,0.58,1.83,0.25,0.79,6.44,9.05,8.59,9.25,4.49,False,True,81,"gog_engine _SEQ_LOOKBACK=24, _SUPPORT_LOOKBACK=18, rolling(20), _RSI_LENGTH=14 RMA",8.06,2.36,590.0,2354.0,2268.0,3.0,2.144,DROP,0.47,2839.0,2870.0,,gog_tier=G1P,False,1
TZ,t_sig=T2G,t_sig,760336,53592,2824,8.82,8.5,0.32,1.037,-0.6,0.18,1.02,0.27,47.07,8.57,8.67,6.09,3.73,False,True,20,two-bar candle pattern (signal_logic T/Z raws),20.85,18.98,10796.0,21169.0,21627.0,2.0,1.778,DROP,-0.1,2864.0,2870.0,,t_sig=T2G,False,1
TZ,t_sig=T2,t_sig,760336,51694,2834,8.41,8.5,-0.1,0.988,-0.27,0.05,-0.11,0.28,47.07,8.57,8.67,6.09,3.73,False,True,20,two-bar candle pattern (signal_logic T/Z raws),14.68,18.24,9912.0,20448.0,21334.0,1.0,1.66,DROP,-0.1,2864.0,2870.0,,t_sig=T2,False,1
TZ,t_sig=T4,t_sig,760336,47520,2834,8.42,8.52,-0.09,0.989,-0.07,0.21,-0.37,0.29,47.07,8.57,8.67,6.09,3.73,False,True,20,two-bar candle pattern (signal_logic T/Z raws),10.01,16.77,8865.0,18723.0,19932.0,1.0,1.607,DROP,-0.1,2864.0,2870.0,,t_sig=T4,False,1
TZ,t_sig=T9,t_sig,760336,46750,2822,8.54,8.5,0.04,1.005,-0.11,0.08,0.02,0.29,47.07,8.57,8.67,6.09,3.73,False,True,20,two-bar candle pattern (signal_logic T/Z raws),9.68,16.57,9552.0,17660.0,19538.0,2.0,1.759,DROP,-0.1,2864.0,2870.0,,t_sig=T9,False,1
TZ,t_sig=T3,t_sig,760336,44521,2811,8.11,8.48,-0.37,0.956,-0.34,0.16,-0.79,0.3,47.07,8.57,8.67,6.09,3.73,False,True,20,two-bar candle pattern (signal_logic T/Z raws),8.88,15.84,8644.0,17801.0,18076.0,1.0,1.657,DROP,-0.1,2864.0,2870.0,,t_sig=T3,False,1
TZ,t_sig=T1,t_sig,760336,44150,2807,8.57,8.5,0.07,1.009,-0.12,0.2,0.13,0.3,47.07,8.57,8.67,6.09,3.73,False,True,20,two-bar candle pattern (signal_logic T/Z raws),8.73,15.73,9337.0,17027.0,17786.0,2.0,1.842,DROP,-0.1,2864.0,2870.0,,t_sig=T1,False,1
TZ,t_sig=T5,t_sig,760336,40842,2827,8.29,8.52,-0.23,0.973,-0.37,0.17,-0.4,0.31,47.07,8.57,8.67,6.09,3.73,False,True,20,two-bar candle pattern (signal_logic T/Z raws),7.81,14.45,7468.0,16817.0,16557.0,1.0,1.736,DROP,-0.1,2864.0,2870.0,,t_sig=T5,False,1
TZ,t_sig=T1G,t_sig,760336,37100,2816,9.04,8.53,0.5,1.059,-0.26,0.41,1.06,0.34,47.07,8.57,8.67,6.09,3.73,False,True,20,two-bar candle pattern (signal_logic T/Z raws),6.72,13.17,7231.0,14741.0,15128.0,2.0,1.83,DROP,-0.1,2864.0,2870.0,,t_sig=T1G,False,1
TZ,t_sig=T10,t_sig,760336,27157,2800,8.82,8.5,0.32,1.038,-0.16,0.61,0.43,0.39,47.07,8.57,8.67,6.09,3.73,False,True,20,two-bar candle pattern (signal_logic T/Z raws),4.57,9.7,4375.0,11668.0,11114.0,2.0,1.72,DROP,-0.1,2864.0,2870.0,,t_sig=T10,False,1
TZ,t_sig=T6,t_sig,760336,26587,2805,8.56,8.56,0.01,1.001,0.08,0.64,-0.6,0.41,47.07,8.57,8.67,6.09,3.73,False,True,20,two-bar candle pattern (signal_logic T/Z raws),4.47,9.48,4214.0,10898.0,11475.0,2.0,1.701,DROP,-0.1,2864.0,2870.0,,t_sig=T6,False,1
TZ,t_sig=T12,t_sig,760336,12417,2667,8.03,8.25,-0.22,0.974,-0.02,0.52,-0.96,0.7,47.07,8.57,8.67,6.09,3.73,False,True,20,two-bar candle pattern (signal_logic T/Z raws),1.88,4.66,2155.0,5058.0,5204.0,1.0,1.775,DROP,-0.1,2864.0,2870.0,,t_sig=T12,False,1
TZ,t_sig=T11,t_sig,760336,11300,2657,8.42,8.38,0.04,1.005,0.12,0.65,-0.51,0.65,47.07,8.57,8.67,6.09,3.73,False,True,20,two-bar candle pattern (signal_logic T/Z raws),1.71,4.25,1781.0,4831.0,4688.0,2.0,1.687,DROP,-0.1,2864.0,2870.0,,t_sig=T11,False,1
TZ,z_sig=Z2G,z_sig,850419,54995,2837,8.44,8.62,-0.18,0.979,0.18,-0.49,-0.06,0.27,52.72,8.64,8.59,3.74,6.07,False,True,20,two-bar candle pattern (signal_logic T/Z raws),20.65,19.38,10937.0,21457.0,22601.0,1.0,1.737,DROP,0.05,2869.0,2866.0,,z_sig=Z2G,False,1
TZ,z_sig=Z2,z_sig,850419,53037,2828,8.26,8.57,-0.31,0.964,0.0,-0.45,-0.29,0.27,52.72,8.64,8.59,3.74,6.07,False,True,20,two-bar candle pattern (signal_logic T/Z raws),16.12,18.75,10767.0,20749.0,21521.0,1.0,1.704,DROP,0.05,2869.0,2866.0,,z_sig=Z2,False,1
TZ,z_sig=Z4,z_sig,850419,47522,2824,8.5,8.58,-0.08,0.991,-0.15,-0.27,0.07,0.29,52.72,8.64,8.59,3.74,6.07,False,True,20,two-bar candle pattern (signal_logic T/Z raws),8.83,16.83,9690.0,18057.0,19775.0,1.0,1.747,DROP,0.05,2869.0,2866.0,,z_sig=Z4,False,1
TZ,z_sig=Z3,z_sig,850419,44960,2804,8.4,8.51,-0.12,0.986,0.31,-0.16,-0.4,0.3,52.72,8.64,8.59,3.74,6.07,False,True,20,two-bar candle pattern (signal_logic T/Z raws),8.1,16.03,9517.0,16652.0,18791.0,1.0,1.771,DROP,0.05,2869.0,2866.0,,z_sig=Z3,False,1
TZ,z_sig=Z9,z_sig,850419,45569,2819,8.31,8.6,-0.29,0.967,-0.26,-0.33,-0.33,0.29,52.72,8.64,8.59,3.74,6.07,False,True,20,two-bar candle pattern (signal_logic T/Z raws),8.05,16.16,8506.0,17845.0,19218.0,0.0,1.673,DROP,0.05,2869.0,2866.0,,z_sig=Z9,False,1
TZ,z_sig=Z1,z_sig,850419,40908,2783,8.14,8.47,-0.33,0.961,-0.15,-0.48,-0.14,0.32,52.72,8.64,8.59,3.74,6.07,False,True,20,two-bar candle pattern (signal_logic T/Z raws),6.98,14.7,7933.0,16601.0,16374.0,0.0,1.673,DROP,0.05,2869.0,2866.0,,z_sig=Z1,False,1
TZ,z_sig=Z5,z_sig,850419,39300,2821,8.69,8.6,0.08,1.01,0.31,-0.44,0.34,0.33,52.72,8.64,8.59,3.74,6.07,False,True,20,two-bar candle pattern (signal_logic T/Z raws),6.51,13.93,7528.0,15009.0,16763.0,2.0,1.86,DROP,0.05,2869.0,2866.0,,z_sig=Z5,False,1
TZ,z_sig=Z6,z_sig,850419,34690,2825,8.83,8.61,0.22,1.026,0.72,0.17,-0.03,0.37,52.72,8.64,8.59,3.74,6.07,False,True,20,two-bar candle pattern (signal_logic T/Z raws),5.85,12.28,6745.0,13343.0,14602.0,2.0,1.766,DROP,0.05,2869.0,2866.0,,z_sig=Z6,False,1
TZ,z_sig=Z1G,z_sig,850419,33558,2796,8.18,8.54,-0.36,0.958,-0.27,-0.46,-0.0,0.38,52.72,8.64,8.59,3.74,6.07,False,True,20,two-bar candle pattern (signal_logic T/Z raws),5.23,12.0,6060.0,14468.0,13030.0,0.0,1.769,DROP,0.05,2869.0,2866.0,,z_sig=Z1G,False,1
TZ,z_sig=Z7,z_sig,850419,20487,2608,9.17,8.44,0.74,1.087,0.46,0.9,0.59,0.64,52.72,8.64,8.59,3.74,6.07,False,True,20,two-bar candle pattern (signal_logic T/Z raws),5.06,7.86,3422.0,7671.0,9394.0,3.0,1.547,DROP,0.05,2869.0,2866.0,,z_sig=Z7,False,1
TZ,z_sig=Z10,z_sig,850419,28711,2802,8.87,8.6,0.27,1.031,0.28,-0.17,0.55,0.38,52.72,8.64,8.59,3.74,6.07,False,True,20,two-bar candle pattern (signal_logic T/Z raws),4.39,10.25,5503.0,10959.0,12249.0,2.0,1.776,DROP,0.05,2869.0,2866.0,,z_sig=Z10,False,1
TZ,z_sig=Z11,z_sig,850419,23710,2808,8.87,8.69,0.18,1.021,0.34,-0.2,0.39,0.49,52.72,8.64,8.59,3.74,6.07,False,True,20,two-bar candle pattern (signal_logic T/Z raws),3.69,8.44,4178.0,9375.0,10157.0,2.0,1.773,DROP,0.05,2869.0,2866.0,,z_sig=Z11,False,1
TZ,z_sig=Z12,z_sig,850419,4421,1838,9.91,8.42,1.49,1.177,0.76,1.45,2.1,1.13,52.72,8.64,8.59,3.74,6.07,True,True,20,two-bar candle pattern (signal_logic T/Z raws),0.55,2.41,745.0,1666.0,2010.0,3.0,1.537,RETAIN,0.05,2869.0,2866.0,,z_sig=Z12,False,1
L_VSA,l_sig=L12,l_sig,1608493,21874,2845,8.78,8.53,0.25,1.03,0.32,0.46,0.29,0.42,99.98,,,,,False,True,21,"WLNBB_MA_PERIOD=20 volume Bollinger + previous bar; below 20 the bands are NaN and signal_extraction substitutes 0.0, which forces one bucket for the whole warm-up",24.25,7.69,5524.0,8413.0,7937.0,3.0,1.631,DROP,,,,,l_sig=L12,False,1
L_VSA,l_sig=L46,l_sig,1608493,24247,2845,8.61,8.61,0.01,1.001,0.47,-0.64,0.25,0.37,99.98,,,,,False,True,21,"WLNBB_MA_PERIOD=20 volume Bollinger + previous bar; below 20 the bands are NaN and signal_extraction substitutes 0.0, which forces one bucket for the whole warm-up",24.2,8.52,6117.0,8412.0,9718.0,2.0,1.56,DROP,,,,,l_sig=L46,False,1
L_VSA,l_sig=L25,l_sig,1608493,44478,2842,8.31,8.57,-0.26,0.969,-0.47,-0.17,-0.17,0.3,99.98,,,,,False,True,21,"WLNBB_MA_PERIOD=20 volume Bollinger + previous bar; below 20 the bands are NaN and signal_extraction substitutes 0.0, which forces one bucket for the whole warm-up",15.63,15.65,9307.0,17290.0,17881.0,0.0,1.787,DROP,,,,,l_sig=L25,False,1
L_VSA,l_sig=L3,l_sig,1608493,50908,2845,8.85,8.57,0.28,1.032,0.1,0.23,0.56,0.28,99.98,,,,,False,True,21,"WLNBB_MA_PERIOD=20 volume Bollinger + previous bar; below 20 the bands are NaN and signal_extraction substitutes 0.0, which forces one bucket for the whole warm-up",13.61,17.89,10686.0,20073.0,20149.0,3.0,1.708,DROP,,,,,l_sig=L3,False,1
L_VSA,l_sig=L5,l_sig,1608493,55493,2836,8.3,8.57,-0.28,0.968,-0.16,-0.3,-0.29,0.27,99.98,,,,,False,True,21,"WLNBB_MA_PERIOD=20 volume Bollinger + previous bar; below 20 the bands are NaN and signal_extraction substitutes 0.0, which forces one bucket for the whole warm-up",10.53,19.57,11148.0,21527.0,22818.0,0.0,1.704,DROP,,,,,l_sig=L5,False,1
L_VSA,l_sig=L34,l_sig,1608493,55763,2839,8.57,8.56,0.01,1.002,-0.02,0.08,-0.01,0.27,99.98,,,,,False,True,21,"WLNBB_MA_PERIOD=20 volume Bollinger + previous bar; below 20 the bands are NaN and signal_extraction substitutes 0.0, which forces one bucket for the whole warm-up",9.7,19.64,11067.0,21761.0,22935.0,1.0,1.74,DROP,,,,,l_sig=L34,False,1
L_VSA,l_sig=L2,l_sig,1608493,14163,2416,9.49,8.52,0.97,1.114,1.09,1.25,0.62,0.74,99.98,,,,,False,True,21,"WLNBB_MA_PERIOD=20 volume Bollinger + previous bar; below 20 the bands are NaN and signal_extraction substitutes 0.0, which forces one bucket for the whole warm-up",1.21,5.86,2266.0,5246.0,6651.0,3.0,1.546,DROP,,,,,l_sig=L2,False,1
L_VSA,l_sig=L4,l_sig,1608493,10619,2247,9.84,8.43,1.41,1.167,1.18,1.74,1.23,0.92,99.98,,,,,True,True,21,"WLNBB_MA_PERIOD=20 volume Bollinger + previous bar; below 20 the bands are NaN and signal_extraction substitutes 0.0, which forces one bucket for the whole warm-up",0.85,4.73,1680.0,3947.0,4992.0,3.0,1.578,RETAIN,,,,,l_sig=L4,False,1
FLY,fly_sig=FLY-CD,fly_sig,30299,1011,915,18.6,21.95,-3.36,0.847,,,-3.36,1.09,21.2,8.51,8.65,6.87,4.23,False,True,600,fly_engine LOOKBACK=30/WIN_AB=30 over _ema(9..200),11.02,1.1,,,1011.0,0.0,3.843,DROP,-0.13,2805.0,2870.0,,fly_sig=FLY-CD,False,1
FLY,fly_sig=FLY-BD,fly_sig,30299,181,178,,,,,,,,,21.2,8.51,8.65,6.87,4.23,,True,600,fly_engine LOOKBACK=30/WIN_AB=30 over _ema(9..200),1.52,1.02,,,,,,INSUFFICIENT,-0.13,2805.0,2870.0,,fly_sig=FLY-BD,False,1
B_BREAK,sig_best,sig_best,1439606,19292,2733,9.34,8.53,0.81,1.095,0.34,1.03,0.88,0.45,100.0,,,,,False,False,81,"gog_engine _SEQ_LOOKBACK=24, _SUPPORT_LOOKBACK=18, rolling(20), _RSI_LENGTH=14 RMA",1.95,7.06,2079.0,8503.0,8710.0,3.0,1.894,DROP,,,,,sig_best,False,1
VOL_ABSORB,sig_abs,sig_abs,1439606,49554,2772,9.29,8.61,0.68,1.079,1.12,0.32,0.93,0.27,100.0,,,,,False,False,81,"vabs_engine _MA_PERIOD=20, _VOL_LEN=20, _BREAK_BARS=10 over ATR14 RMA",6.97,17.88,5613.0,21296.0,22645.0,3.0,1.825,DROP,,,,,sig_abs,False,1
VOL_ABSORB,sig_clm,sig_clm,1439606,33877,2761,9.29,8.59,0.7,1.081,0.87,-0.04,1.41,0.32,100.0,,,,,False,False,81,"vabs_engine _MA_PERIOD=20, _VOL_LEN=20, _BREAK_BARS=10 over ATR14 RMA",3.32,12.27,3779.0,14686.0,15412.0,2.0,1.891,DROP,,,,,sig_clm,False,1
VOL_ABSORB,sig_ns_vabs,sig_ns_vabs,1439606,40427,2771,8.45,8.6,-0.16,0.982,-0.72,0.4,-0.48,0.31,100.0,,,,,False,False,81,"vabs_engine _MA_PERIOD=20, _VOL_LEN=20, _BREAK_BARS=10 over ATR14 RMA",5.25,14.59,4432.0,17675.0,18320.0,1.0,1.685,DROP,,,,,sig_ns_vabs,False,1
VOL_ABSORB,sig_nd_vabs,sig_nd_vabs,1439606,40787,2768,8.18,8.59,-0.42,0.952,0.44,-0.49,-0.65,0.29,100.0,,,,,False,False,81,"vabs_engine _MA_PERIOD=20, _VOL_LEN=20, _BREAK_BARS=10 over ATR14 RMA",5.2,14.74,5166.0,16665.0,18956.0,1.0,1.706,DROP,,,,,sig_nd_vabs,False,1
VOL_ABSORB,sig_sc,sig_sc,1439606,7184,2452,7.99,8.39,-0.4,0.953,0.88,-0.42,-0.41,0.72,100.0,,,,,False,False,81,"vabs_engine _MA_PERIOD=20, _VOL_LEN=20, _BREAK_BARS=10 over ATR14 RMA",0.55,2.93,824.0,2922.0,3438.0,1.0,1.647,DROP,,,,,sig_sc,False,1
B_BREAK,sig_bc,sig_bc,1439606,7607,2457,10.23,9.8,0.42,1.043,-3.76,0.66,0.77,0.63,100.0,,,,,False,False,81,"vabs_engine _MA_PERIOD=20, _VOL_LEN=20, _BREAK_BARS=10 over ATR14 RMA",0.61,3.1,795.0,3009.0,3803.0,2.0,1.398,DROP,,,,,sig_bc,False,1
B_BREAK,sig_best_up,sig_best_up,1439606,2180,1453,7.52,7.76,-0.23,0.97,0.1,1.09,-1.58,1.19,100.0,,,,,False,False,81,"gog_engine _SEQ_LOOKBACK=24, _SUPPORT_LOOKBACK=18, rolling(20), _RSI_LENGTH=14 RMA",0.15,1.5,158.0,1080.0,942.0,2.0,1.578,DROP,,,,,sig_best_up,False,1
F,sig_fbo_up,sig_fbo_up,115669,2247,1643,25.28,19.69,5.58,1.284,,,5.58,0.76,100.0,,,,,False,False,600,fly_engine LOOKBACK=30/WIN_AB=30 over _ema(9..200),2.65,1.37,,,2247.0,1.0,4.359,DROP,,,,,sig_fbo_up,False,1
F,sig_fbo_dn,sig_fbo_dn,115669,3354,1987,19.23,22.27,-3.04,0.864,,,-3.04,0.6,100.0,,,,,False,False,600,fly_engine LOOKBACK=30/WIN_AB=30 over _ema(9..200),5.09,1.69,,,3354.0,0.0,4.263,DROP,,,,,sig_fbo_dn,False,1
LEVEL_BREAK,sig_vbo_dn,sig_vbo_dn,1439606,46431,2773,8.6,8.6,-0.0,1.0,1.02,-0.13,-0.01,0.28,100.0,,,,,False,False,81,"gog_engine _SEQ_LOOKBACK=24, _SUPPORT_LOOKBACK=18, rolling(20), _RSI_LENGTH=14 RMA",6.6,16.74,5430.0,20444.0,20557.0,1.0,1.783,DROP,,,,,sig_vbo_dn,False,1
L_VSA,sig_fri34,sig_fri34,1608759,11818,2670,9.67,8.33,1.34,1.161,0.93,1.07,2.07,0.52,100.0,,,,,True,False,21,"WLNBB_MA_PERIOD=20 volume Bollinger + previous bar; below 20 the bands are NaN and signal_extraction substitutes 0.0, which forces one bucket for the whole warm-up",0.82,4.43,2288.0,4933.0,4597.0,3.0,1.942,RETAIN,,,,,sig_fri34,False,1
L_VSA,sig_fri43,sig_fri43,1608759,5235,2270,8.84,7.94,0.9,1.114,0.01,0.73,1.55,0.69,100.0,,,,,False,False,21,"WLNBB_MA_PERIOD=20 volume Bollinger + previous bar; below 20 the bands are NaN and signal_extraction substitutes 0.0, which forces one bucket for the whole warm-up",0.34,2.31,774.0,2400.0,2061.0,3.0,1.999,DROP,,,,,sig_fri43,False,1
L_VSA,sig_fri64,sig_fri64,1608759,23046,2795,9.23,8.44,0.79,1.093,0.88,0.17,1.46,0.37,100.0,,,,,False,False,21,"WLNBB_MA_PERIOD=20 volume Bollinger + previous bar; below 20 the bands are NaN and signal_extraction substitutes 0.0, which forces one bucket for the whole warm-up",1.86,8.25,4092.0,9418.0,9536.0,3.0,1.986,DROP,,,,,sig_fri64,False,1
L_VSA,sig_l555,sig_l555,1608759,10422,2646,7.45,8.53,-1.08,0.873,-1.38,-0.66,-1.27,0.64,100.0,,,,,False,False,21,"WLNBB_MA_PERIOD=20 volume Bollinger + previous bar; below 20 the bands are NaN and signal_extraction substitutes 0.0, which forces one bucket for the whole warm-up",0.81,3.94,1789.0,4251.0,4382.0,0.0,1.48,DROP,,,,,sig_l555,False,1
L_VSA,sig_blue,sig_blue,1608759,38170,2825,9.36,8.57,0.79,1.092,0.32,0.36,1.51,0.31,100.0,,,,,False,False,21,"WLNBB_MA_PERIOD=20 volume Bollinger + previous bar; below 20 the bands are NaN and signal_extraction substitutes 0.0, which forces one bucket for the whole warm-up",4.03,13.51,7105.0,15434.0,15631.0,3.0,1.911,DROP,,,,,sig_blue,False,1
L_VSA,sig_pp,sig_pp,1608759,16524,2846,7.66,8.33,-0.67,0.919,-0.87,-1.76,0.83,0.46,100.0,,,,,False,False,21,"WLNBB_MA_PERIOD=20 volume Bollinger + previous bar; below 20 the bands are NaN and signal_extraction substitutes 0.0, which forces one bucket for the whole warm-up",11.73,5.81,4892.0,6006.0,5626.0,1.0,1.727,DROP,,,,,sig_pp,False,1
L_VSA,sig_l_any,sig_l_any,1608759,8682,2846,9.03,9.43,-0.4,0.958,0.4,-0.57,-0.59,0.56,100.0,,,,,False,False,21,"WLNBB_MA_PERIOD=20 volume Bollinger + previous bar; below 20 the bands are NaN and signal_extraction substitutes 0.0, which forces one bucket for the whole warm-up",34.7,3.05,3366.0,2353.0,2963.0,1.0,1.477,DROP,,,,,sig_l_any,False,1
B_BREAK,sig_be_any,sig_be_any,1439606,41174,2779,8.79,8.59,0.2,1.023,2.14,-0.11,-0.06,0.29,100.0,,,,,False,False,81,"gog_engine _SEQ_LOOKBACK=24, _SUPPORT_LOOKBACK=18, rolling(20), _RSI_LENGTH=14 RMA",16.1,14.82,5722.0,17037.0,18415.0,1.0,1.787,DROP,,,,,sig_be_any,False,1
L_VSA,l34,l34,1608759,54893,2838,8.65,8.55,0.1,1.011,0.2,0.21,-0.02,0.27,100.0,,,,,False,False,21,"WLNBB_MA_PERIOD=20 volume Bollinger + previous bar; below 20 the bands are NaN and signal_extraction substitutes 0.0, which forces one bucket for the whole warm-up",7.47,19.34,10968.0,21476.0,22449.0,2.0,1.741,DROP,,,,,l34,False,1
L_VSA,l43,l43,1608759,34741,2813,8.51,8.58,-0.07,0.992,0.07,0.09,-0.11,0.36,100.0,,,,,False,False,21,"WLNBB_MA_PERIOD=20 volume Bollinger + previous bar; below 20 the bands are NaN and signal_extraction substitutes 0.0, which forces one bucket for the whole warm-up",3.11,12.35,5945.0,14722.0,14074.0,2.0,1.805,DROP,,,,,l43,False,1
L_VSA,l22,l22,1608759,28072,2790,8.81,8.53,0.28,1.033,0.54,-0.11,0.51,0.4,100.0,,,,,False,False,21,"WLNBB_MA_PERIOD=20 volume Bollinger + previous bar; below 20 the bands are NaN and signal_extraction substitutes 0.0, which forces one bucket for the whole warm-up",2.23,10.06,5186.0,10999.0,11887.0,2.0,1.865,DROP,,,,,l22,False,1
LEVEL_BREAK,be_up,be_up,1439606,37024,2755,8.96,8.59,0.37,1.043,0.5,0.0,0.73,0.31,100.0,,,,,False,False,81,"gog_engine _SEQ_LOOKBACK=24, _SUPPORT_LOOKBACK=18, rolling(20), _RSI_LENGTH=14 RMA",4.06,13.44,4320.0,15878.0,16826.0,3.0,1.722,DROP,,,,,be_up,False,1
LEVEL_BREAK,bo_up,bo_up,1439606,45740,2767,9.1,8.6,0.5,1.058,0.88,0.11,0.82,0.29,100.0,,,,,False,False,81,"gog_engine _SEQ_LOOKBACK=24, _SUPPORT_LOOKBACK=18, rolling(20), _RSI_LENGTH=14 RMA",6.56,16.53,5652.0,19504.0,20584.0,3.0,1.755,DROP,,,,,bo_up,False,1
LEVEL_BREAK,bx_up,bx_up,1439606,33173,2752,9.11,8.65,0.46,1.054,0.73,-0.0,0.92,0.35,100.0,,,,,False,False,81,"gog_engine _SEQ_LOOKBACK=24, _SUPPORT_LOOKBACK=18, rolling(20), _RSI_LENGTH=14 RMA",4.47,12.05,3608.0,14451.0,15114.0,2.0,1.83,DROP,,,,,bx_up,False,1
LEVEL_BREAK,vbo_up,vbo_up,1439606,45292,2766,9.07,8.62,0.44,1.051,0.48,-0.21,1.19,0.3,100.0,,,,,False,False,81,"gog_engine _SEQ_LOOKBACK=24, _SUPPORT_LOOKBACK=18, rolling(20), _RSI_LENGTH=14 RMA",6.49,16.37,5742.0,19525.0,20025.0,2.0,1.868,DROP,,,,,vbo_up,False,1
GOG_GAP,sig_g1,sig_g1,1439606,11806,2678,8.98,8.62,0.36,1.041,0.82,-0.07,0.71,0.5,100.0,,,,,False,False,81,"gog_engine _SEQ_LOOKBACK=24, _SUPPORT_LOOKBACK=18, rolling(20), _RSI_LENGTH=14 RMA",0.86,4.41,1637.0,4709.0,5460.0,2.0,1.887,DROP,,,,,sig_g1,False,1
GOG_GAP,sig_g2,sig_g2,1439606,12097,2649,9.39,8.66,0.73,1.085,0.22,-0.29,1.9,0.65,100.0,,,,,False,False,81,"gog_engine _SEQ_LOOKBACK=24, _SUPPORT_LOOKBACK=18, rolling(20), _RSI_LENGTH=14 RMA",0.9,4.57,1529.0,5165.0,5403.0,2.0,1.886,DROP,,,,,sig_g2,False,1
GOG_GAP,sig_g4,sig_g4,1439606,15611,2728,9.02,8.67,0.35,1.04,0.34,0.48,0.23,0.53,100.0,,,,,False,False,81,"gog_engine _SEQ_LOOKBACK=24, _SUPPORT_LOOKBACK=18, rolling(20), _RSI_LENGTH=14 RMA",1.17,5.72,1559.0,6602.0,7450.0,3.0,1.596,DROP,,,,,sig_g4,False,1
GOG_GAP,sig_g6,sig_g6,1439606,3757,1945,9.42,8.36,1.07,1.127,3.18,0.7,1.12,1.06,100.0,,,,,True,False,81,"gog_engine _SEQ_LOOKBACK=24, _SUPPORT_LOOKBACK=18, rolling(20), _RSI_LENGTH=14 RMA",0.27,1.93,365.0,1603.0,1789.0,3.0,1.667,RETAIN,,,,,sig_g6,False,1
GOG_GAP,sig_g11,sig_g11,1439606,22265,2724,8.86,8.61,0.25,1.029,0.75,0.22,0.34,0.35,100.0,,,,,False,False,81,"gog_engine _SEQ_LOOKBACK=24, _SUPPORT_LOOKBACK=18, rolling(20), _RSI_LENGTH=14 RMA",1.63,8.17,2273.0,10000.0,9992.0,3.0,1.904,DROP,,,,,sig_g11,False,1
GOG_GAP,sig_gog_plus,sig_gog_plus,1439606,5212,2210,9.69,8.53,1.16,1.136,0.51,1.89,0.91,0.79,100.0,,,,,True,False,81,"gog_engine _SEQ_LOOKBACK=24, _SUPPORT_LOOKBACK=18, rolling(20), _RSI_LENGTH=14 RMA",0.52,2.36,590.0,2354.0,2268.0,3.0,2.144,RETAIN,,,,G007,g1p,True,2
GOG_GAP,g1p,g1p,1439606,5212,2210,9.69,8.53,1.16,1.136,0.51,1.89,0.91,0.79,100.0,,,,,True,False,81,"gog_engine _SEQ_LOOKBACK=24, _SUPPORT_LOOKBACK=18, rolling(20), _RSI_LENGTH=14 RMA",0.52,2.36,590.0,2354.0,2268.0,3.0,2.144,RETAIN,,,,G007,g1p,False,2
GOG_GAP,g1l,g1l,1439606,35155,2747,8.88,8.63,0.25,1.029,-0.02,-0.19,0.89,0.33,100.0,,,,,False,False,81,"gog_engine _SEQ_LOOKBACK=24, _SUPPORT_LOOKBACK=18, rolling(20), _RSI_LENGTH=14 RMA",4.36,12.8,4385.0,15190.0,15580.0,1.0,1.906,DROP,,,,,g1l,False,1
GOG_GAP,g1c,g1c,1439606,10764,2550,8.74,8.62,0.12,1.014,-0.49,-0.5,1.03,0.58,100.0,,,,,False,False,81,"gog_engine _SEQ_LOOKBACK=24, _SUPPORT_LOOKBACK=18, rolling(20), _RSI_LENGTH=14 RMA",0.97,4.22,1206.0,4808.0,4750.0,1.0,1.757,DROP,,,,,g1c,False,1
B_BREAK,sig_b1,sig_b1,1439606,28598,2738,8.56,8.58,-0.01,0.999,0.39,-0.34,0.19,0.35,100.0,,,,,False,False,81,"gog_engine _SEQ_LOOKBACK=24, _SUPPORT_LOOKBACK=18, rolling(20), _RSI_LENGTH=14 RMA",2.49,10.44,3442.0,12046.0,13110.0,2.0,1.786,DROP,,,,,sig_b1,False,1
B_BREAK,sig_b2,sig_b2,1439606,42925,2765,8.45,8.61,-0.16,0.982,0.54,-0.12,-0.34,0.29,100.0,,,,,False,False,81,"gog_engine _SEQ_LOOKBACK=24, _SUPPORT_LOOKBACK=18, rolling(20), _RSI_LENGTH=14 RMA",4.99,15.52,4687.0,18586.0,19652.0,1.0,1.669,DROP,,,,,sig_b2,False,1
B_BREAK,sig_b3,sig_b3,1439606,16917,2691,8.56,8.62,-0.06,0.993,-0.97,0.11,0.05,0.43,100.0,,,,,False,False,81,"gog_engine _SEQ_LOOKBACK=24, _SUPPORT_LOOKBACK=18, rolling(20), _RSI_LENGTH=14 RMA",1.35,6.29,2171.0,7039.0,7707.0,2.0,1.761,DROP,,,,,sig_b3,False,1
B_BREAK,sig_b5,sig_b5,1439606,4935,2223,8.77,8.17,0.61,1.074,-0.71,0.74,0.9,0.83,100.0,,,,,False,False,81,"gog_engine _SEQ_LOOKBACK=24, _SUPPORT_LOOKBACK=18, rolling(20), _RSI_LENGTH=14 RMA",0.35,2.22,567.0,2315.0,2053.0,2.0,1.886,DROP,,,,,sig_b5,False,1
B_BREAK,sig_b6,sig_b6,1439606,2937,1749,9.26,8.71,0.56,1.064,2.77,0.3,0.52,1.06,100.0,,,,,False,False,81,"gog_engine _SEQ_LOOKBACK=24, _SUPPORT_LOOKBACK=18, rolling(20), _RSI_LENGTH=14 RMA",0.21,1.68,388.0,1121.0,1428.0,3.0,1.7,DROP,,,,,sig_b6,False,1
B_BREAK,sig_b7,sig_b7,1439606,36717,2744,8.94,8.63,0.31,1.036,0.04,-0.23,0.87,0.32,100.0,,,,,False,False,81,"gog_engine _SEQ_LOOKBACK=24, _SUPPORT_LOOKBACK=18, rolling(20), _RSI_LENGTH=14 RMA",3.89,13.38,4304.0,15555.0,16858.0,2.0,1.795,DROP,,,,,sig_b7,False,1
B_BREAK,sig_b8,sig_b8,1439606,22966,2726,8.84,8.55,0.29,1.034,0.52,-0.08,1.03,0.41,100.0,,,,,False,False,81,"gog_engine _SEQ_LOOKBACK=24, _SUPPORT_LOOKBACK=18, rolling(20), _RSI_LENGTH=14 RMA",1.92,8.42,2916.0,10414.0,9636.0,2.0,1.938,DROP,,,,,sig_b8,False,1
B_BREAK,sig_b10,sig_b10,1439606,9056,2609,9.79,8.56,1.24,1.144,1.66,0.77,1.5,0.55,100.0,,,,,True,False,81,"gog_engine _SEQ_LOOKBACK=24, _SUPPORT_LOOKBACK=18, rolling(20), _RSI_LENGTH=14 RMA",0.67,3.47,1067.0,3621.0,4368.0,3.0,1.764,RETAIN,,,,,sig_b10,False,1
B_BREAK,sig_b11,sig_b11,1439606,9285,2604,8.36,8.61,-0.25,0.971,0.46,-0.13,-0.61,0.56,100.0,,,,,False,False,81,"gog_engine _SEQ_LOOKBACK=24, _SUPPORT_LOOKBACK=18, rolling(20), _RSI_LENGTH=14 RMA",0.68,3.57,1023.0,3902.0,4360.0,1.0,1.66,DROP,,,,,sig_b11,False,1
F,sig_f1,sig_f1,1439606,48390,2756,8.77,8.55,0.22,1.026,0.85,0.13,0.27,0.29,100.0,,,,,False,False,81,"gog_engine _SEQ_LOOKBACK=24, _SUPPORT_LOOKBACK=18, rolling(20), _RSI_LENGTH=14 RMA",7.46,17.56,6057.0,20992.0,21341.0,3.0,1.801,DROP,,,,,sig_f1,False,1
F,sig_f2,sig_f2,1439606,23777,2720,8.66,8.6,0.06,1.007,-0.21,0.38,-0.22,0.39,100.0,,,,,False,False,81,"gog_engine _SEQ_LOOKBACK=24, _SUPPORT_LOOKBACK=18, rolling(20), _RSI_LENGTH=14 RMA",2.19,8.74,2519.0,9996.0,11262.0,1.0,1.646,DROP,,,,,sig_f2,False,1
F,sig_f3,sig_f3,1439606,37383,2757,8.35,8.62,-0.27,0.969,0.63,-0.27,-0.54,0.31,100.0,,,,,False,False,81,"gog_engine _SEQ_LOOKBACK=24, _SUPPORT_LOOKBACK=18, rolling(20), _RSI_LENGTH=14 RMA",4.12,13.56,4103.0,15764.0,17516.0,1.0,1.654,DROP,,,,,sig_f3,False,1
F,sig_f4,sig_f4,1439606,26439,2751,8.56,8.64,-0.08,0.991,0.81,-0.13,-0.34,0.36,100.0,,,,,False,False,81,"gog_engine _SEQ_LOOKBACK=24, _SUPPORT_LOOKBACK=18, rolling(20), _RSI_LENGTH=14 RMA",2.36,9.61,2982.0,10859.0,12598.0,1.0,1.652,DROP,,,,,sig_f4,False,1
F,sig_f5,sig_f5,1439606,16106,2696,7.75,8.56,-0.81,0.906,-1.18,-0.59,-0.91,0.43,100.0,,,,,False,False,81,"gog_engine _SEQ_LOOKBACK=24, _SUPPORT_LOOKBACK=18, rolling(20), _RSI_LENGTH=14 RMA",1.27,5.97,1719.0,6816.0,7571.0,0.0,1.618,DROP,,,,,sig_f5,False,1
F,sig_f6,sig_f6,1439606,24113,2740,8.6,8.62,-0.02,0.997,0.49,0.49,-0.57,0.41,100.0,,,,,False,False,81,"gog_engine _SEQ_LOOKBACK=24, _SUPPORT_LOOKBACK=18, rolling(20), _RSI_LENGTH=14 RMA",2.1,8.8,2196.0,10611.0,11306.0,2.0,1.701,DROP,,,,,sig_f6,False,1
F,sig_f7,sig_f7,1439606,48840,2760,9.0,8.57,0.43,1.05,0.78,-0.07,0.93,0.28,100.0,,,,,False,False,81,"gog_engine _SEQ_LOOKBACK=24, _SUPPORT_LOOKBACK=18, rolling(20), _RSI_LENGTH=14 RMA",7.24,17.7,6097.0,21046.0,21697.0,2.0,1.822,DROP,,,,,sig_f7,False,1
F,sig_f8,sig_f8,1439606,9563,2534,8.99,8.52,0.47,1.055,0.64,0.95,-0.08,0.77,100.0,,,,,False,False,81,"gog_engine _SEQ_LOOKBACK=24, _SUPPORT_LOOKBACK=18, rolling(20), _RSI_LENGTH=14 RMA",0.83,3.77,890.0,4056.0,4617.0,2.0,1.768,DROP,,,,G011,f8,True,2
F,sig_f9,sig_f9,1439606,13146,2654,8.79,8.51,0.29,1.034,1.52,-0.34,0.48,0.52,100.0,,,,,False,False,81,"gog_engine _SEQ_LOOKBACK=24, _SUPPORT_LOOKBACK=18, rolling(20), _RSI_LENGTH=14 RMA",0.99,4.95,1829.0,5178.0,6139.0,2.0,1.821,DROP,,,,,sig_f9,False,1
F,sig_f10,sig_f10,1439606,19161,2705,8.91,8.61,0.31,1.036,-0.13,-0.49,1.37,0.45,100.0,,,,,False,False,81,"gog_engine _SEQ_LOOKBACK=24, _SUPPORT_LOOKBACK=18, rolling(20), _RSI_LENGTH=14 RMA",1.55,7.08,2410.0,8308.0,8443.0,1.0,1.937,DROP,,,,,sig_f10,False,1
F,sig_f11,sig_f11,1439606,26277,2752,8.2,8.61,-0.41,0.952,-0.41,-0.04,-0.67,0.38,100.0,,,,,False,False,81,"gog_engine _SEQ_LOOKBACK=24, _SUPPORT_LOOKBACK=18, rolling(20), _RSI_LENGTH=14 RMA",2.21,9.55,2690.0,11533.0,12054.0,0.0,1.577,DROP,,,,,sig_f11,False,1
F,sig_fly_abcd,sig_fly_abcd,115669,3722,2203,20.5,21.32,-0.82,0.961,,,-0.82,0.54,100.0,,,,,False,False,600,fly_engine LOOKBACK=30/WIN_AB=30 over _ema(9..200),22.9,1.69,,,3722.0,0.0,3.984,DROP,,,,,sig_fly_abcd,False,1
F,sig_fly_cd,sig_fly_cd,115669,3606,2221,20.97,21.3,-0.33,0.984,,,-0.33,0.55,100.0,,,,,False,False,600,fly_engine LOOKBACK=30/WIN_AB=30 over _ema(9..200),25.48,1.62,,,3606.0,0.0,4.05,DROP,,,,,sig_fly_cd,False,1
F,sig_fly_bd,sig_fly_bd,115669,3568,2222,21.08,21.3,-0.22,0.99,,,-0.22,0.56,100.0,,,,,False,False,600,fly_engine LOOKBACK=30/WIN_AB=30 over _ema(9..200),25.8,1.61,,,3568.0,0.0,4.039,DROP,,,,,sig_fly_bd,False,1
F,sig_fly_ad,sig_fly_ad,115669,3699,2196,20.9,21.28,-0.38,0.982,,,-0.38,0.54,100.0,,,,,False,False,600,fly_engine LOOKBACK=30/WIN_AB=30 over _ema(9..200),22.34,1.68,,,3699.0,0.0,4.08,DROP,,,,,sig_fly_ad,False,1
TZ,sig_wk_up,sig_wk_up,1439606,33689,2746,9.14,8.61,0.53,1.062,0.96,-0.0,0.98,0.32,100.0,,,,,False,False,81,"combo_engine wick block, same inputs",5.99,12.27,3882.0,14493.0,15314.0,2.0,1.844,DROP,,,,,sig_wk_up,False,1
TZ,sig_wk_dn,sig_wk_dn,1439606,35582,2734,8.83,8.49,0.34,1.041,1.04,0.32,0.38,0.32,100.0,,,,,False,False,81,"combo_engine wick block, same inputs",6.45,13.01,4288.0,15703.0,15591.0,3.0,1.723,DROP,,,,,sig_wk_dn,False,1
TZ,sig_t,sig_t,1611609,4626,2849,8.8,8.57,0.22,1.026,-0.31,1.73,0.85,1.1,100.0,,,,,False,False,20,two-bar candle pattern (signal_logic T/Z raws),47.18,1.62,2693.0,945.0,988.0,2.0,1.252,DROP,,,,G003,sig_t,False,2
TZ,sig_z,sig_z,1611609,4638,2848,7.27,8.68,-1.41,0.837,-0.1,-2.47,-3.25,0.58,100.0,,,,,False,False,20,two-bar candle pattern (signal_logic T/Z raws),49.09,1.63,2683.0,1008.0,947.0,0.0,1.225,DROP,,,,,sig_z,False,1
TZ,sig_tz3,sig_tz3,1611609,31170,2791,9.4,8.69,0.72,1.082,0.89,-0.59,1.41,0.36,100.0,,,,,False,False,20,T/Z compared across two prior bars,6.18,11.17,6340.0,11029.0,13801.0,2.0,1.889,DROP,,,,,sig_tz3,False,1
TZ,sig_tz2,sig_tz2,1611609,37566,2839,9.36,8.56,0.8,1.093,-0.04,0.36,1.72,0.29,100.0,,,,,False,False,20,T/Z compared across two prior bars,25.49,13.23,8125.0,14338.0,15103.0,2.0,1.808,DROP,,,,,sig_tz2,False,1
TZ,sig_tz_flip,sig_tz_flip,1611609,32235,2790,9.34,8.69,0.65,1.075,0.9,-0.66,1.31,0.37,100.0,,,,,False,False,20,T/Z compared across two prior bars,3.23,11.55,6470.0,11439.0,14326.0,2.0,1.863,DROP,,,,,sig_tz_flip,False,1
TZ,sig_bias_up,sig_bias_up,1439606,494,320,17.0,11.59,5.42,1.468,,8.17,3.61,7.09,100.0,,,,,False,False,81,combo_engine bias = cons_atr & score; cons_atr is ATR14-based over a 20-bar window,0.12,1.54,,186.0,270.0,2.0,1.774,DROP,,,,,sig_bias_up,False,1
TZ,sig_bias_dn,sig_bias_dn,1439606,2337,1022,9.33,9.56,-0.24,0.975,-0.15,0.81,-0.81,2.05,100.0,,,,,False,False,81,combo_engine bias = cons_atr & score; cons_atr is ATR14-based over a 20-bar window,1.03,2.29,156.0,931.0,1250.0,1.0,1.05,DROP,,,,,sig_bias_dn,False,1
EMA_CROSS,sig_p2,sig_p2,1498345,29122,2773,9.18,8.59,0.59,1.069,0.5,0.68,0.65,0.36,100.0,,,,,False,False,60,raw_p2/d2 = cross of ema9 and ema20,3.1,10.5,4268.0,12345.0,12509.0,3.0,1.721,DROP,,,,,sig_p2,False,1
EMA_CROSS,sig_p3,sig_p3,1249287,12503,2613,8.85,8.54,0.32,1.037,,0.28,0.38,0.57,100.0,,,,,False,False,150,raw_p3/p50 involve ema50,1.47,4.78,,5909.0,6520.0,2.0,1.551,DROP,,,,,sig_p3,False,1
EMA_CROSS,sig_p50,sig_p50,1249287,16354,2650,8.68,8.64,0.04,1.005,,-0.94,1.13,0.42,100.0,,,,,False,False,150,raw_p3/p50 involve ema50,1.74,6.17,,7939.0,8337.0,1.0,1.818,DROP,,,,,sig_p50,False,1
EMA_CROSS,sig_p55,sig_p55,935263,10633,2479,9.62,10.06,-0.44,0.956,,-0.36,-0.37,0.58,100.0,,,,,False,False,267,raw_p55 / P89 involve ema89,1.83,4.29,,3482.0,7151.0,0.0,1.96,DROP,,,,,sig_p55,False,1
EMA_CROSS,sig_p66,sig_p66,115669,769,668,16.91,21.85,-4.95,0.774,,,-4.95,1.69,100.0,,,,,False,False,600,raw_p66/d66 require cross_ema200,0.95,1.15,,,769.0,0.0,4.207,DROP,,,,,sig_p66,False,1
EMA_CROSS,sig_p89,sig_p89,935263,15107,2543,9.6,10.07,-0.47,0.953,,-1.44,0.1,0.46,100.0,,,,,False,False,267,raw_p55 / P89 involve ema89,2.93,5.94,,5097.0,10010.0,1.0,2.04,DROP,,,,,sig_p89,False,1
EMA_CROSS,sig_d2,sig_d2,1498345,37363,2773,8.61,8.6,0.02,1.002,-0.09,0.04,0.19,0.32,100.0,,,,,False,False,60,raw_p2/d2 = cross of ema9 and ema20,4.75,13.47,5557.0,16006.0,15800.0,2.0,1.738,DROP,,,,,sig_d2,False,1
EMA_CROSS,sig_d3,sig_d3,1249287,13014,2617,7.81,8.42,-0.61,0.928,,-0.23,-0.85,0.53,100.0,,,,,False,False,150,raw_p3/p50 involve ema50,1.52,4.97,,6367.0,6604.0,0.0,1.574,DROP,,,,,sig_d3,False,1
EMA_CROSS,sig_d50,sig_d50,1249287,25389,2685,8.09,8.68,-0.59,0.932,-0.06,-0.48,-0.55,0.35,100.0,,,,,False,False,150,raw_p3/p50 involve ema50,3.89,9.46,146.0,12446.0,12797.0,0.0,1.669,DROP,,,,,sig_d50,False,1
EMA_CROSS,sig_d55,sig_d55,935263,10797,2486,8.6,9.8,-1.2,0.878,,-0.67,-1.31,0.6,100.0,,,,,False,False,267,raw_p55 / P89 involve ema89,1.88,4.34,,3666.0,7131.0,0.0,1.797,DROP,,,,,sig_d55,False,1
EMA_CROSS,sig_d66,sig_d66,115669,620,530,19.35,17.91,1.45,1.081,,,1.45,2.42,100.0,,,,,False,False,600,raw_p66/d66 require cross_ema200,0.79,1.17,,,620.0,1.0,4.168,DROP,,,,,sig_d66,False,1
EMA_CROSS,sig_d89,sig_d89,935263,14651,2541,8.82,9.98,-1.16,0.884,,-1.2,-1.04,0.5,100.0,,,,,False,False,267,raw_p55 / P89 involve ema89,2.86,5.77,,4969.0,9682.0,0.0,1.888,DROP,,,,,sig_d89,False,1
B_BREAK,sig_buy,sig_buy,1439606,11414,2501,8.52,9.6,-1.08,0.888,-4.24,-0.4,-1.44,0.6,100.0,,,,,False,False,81,"gog_engine _SEQ_LOOKBACK=24, _SUPPORT_LOOKBACK=18, rolling(20), _RSI_LENGTH=14 RMA",0.96,4.56,1428.0,3943.0,6043.0,0.0,1.66,DROP,,,,,sig_buy,False,1
VOL_ABSORB,sig_svs,sig_svs,1439606,42103,2771,9.48,8.62,0.86,1.1,0.26,0.5,1.37,0.29,100.0,,,,,False,False,81,"vabs_engine _MA_PERIOD=20, _VOL_LEN=20, _BREAK_BARS=10 over ATR14 RMA",4.8,15.19,4657.0,18200.0,19246.0,3.0,1.767,DROP,,,,G008,sig_svs,False,3
VOL_ABSORB,svs,svs,1439606,42103,2771,9.48,8.62,0.86,1.1,0.26,0.5,1.37,0.29,100.0,,,,,False,False,81,"vabs_engine _MA_PERIOD=20, _VOL_LEN=20, _BREAK_BARS=10 over ATR14 RMA",4.8,15.19,4657.0,18200.0,19246.0,3.0,1.767,DROP,,,,G008,sig_svs,True,3
VOL_ABSORB,sq,sq,1439606,30469,2762,9.27,8.59,0.68,1.079,0.25,0.7,0.84,0.35,100.0,,,,,False,False,81,"vabs_engine _MA_PERIOD=20, _VOL_LEN=20, _BREAK_BARS=10 over ATR14 RMA",3.55,11.03,3036.0,13496.0,13937.0,3.0,1.913,DROP,,,,,sq,False,1
VOL_ABSORB,load,load,1439606,47057,2765,9.25,8.61,0.65,1.075,0.77,0.03,1.26,0.28,100.0,,,,,False,False,81,"vabs_engine _MA_PERIOD=20, _VOL_LEN=20, _BREAK_BARS=10 over ATR14 RMA",6.84,17.02,5468.0,20329.0,21260.0,3.0,1.855,DROP,,,,,load,False,1
F,f8,f8,1439606,9563,2534,8.99,8.52,0.47,1.055,0.64,0.95,-0.08,0.77,100.0,,,,,False,False,81,"gog_engine _SEQ_LOOKBACK=24, _SUPPORT_LOOKBACK=18, rolling(20), _RSI_LENGTH=14 RMA",0.83,3.77,890.0,4056.0,4617.0,2.0,1.768,DROP,,,,G011,f8,False,2
VOL_ABSORB,sig_va,sig_va,1439606,40793,2772,9.32,8.61,0.71,1.082,-0.36,0.8,0.78,0.3,100.0,,,,,False,False,81,"vabs_engine _MA_PERIOD=20, _VOL_LEN=20, _BREAK_BARS=10 over ATR14 RMA",4.82,14.72,4536.0,17024.0,19233.0,2.0,1.789,DROP,,,,,sig_va,False,1
VOL_ABSORB,sig_vol_5x,sig_vol_5x,1439606,16994,2344,9.22,9.1,0.12,1.013,-0.68,0.87,-0.28,0.75,100.0,,,,,False,False,81,"vabs_engine _MA_PERIOD=20, _VOL_LEN=20, _BREAK_BARS=10 over ATR14 RMA",2.28,7.25,1718.0,6814.0,8462.0,1.0,1.442,DROP,,,,,sig_vol_5x,False,1
VOL_ABSORB,sig_vol_10x,sig_vol_10x,1439606,8583,1655,9.91,9.6,0.32,1.033,-0.41,0.52,0.35,1.23,100.0,,,,,False,False,81,"vabs_engine _MA_PERIOD=20, _VOL_LEN=20, _BREAK_BARS=10 over ATR14 RMA",0.89,5.19,720.0,3410.0,4453.0,2.0,1.344,DROP,,,,,sig_vol_10x,False,1
VOL_ABSORB,sig_vol_20x,sig_vol_20x,1439606,4337,1199,11.39,9.95,1.44,1.144,-1.46,1.78,1.65,1.78,100.0,,,,,True,False,81,"vabs_engine _MA_PERIOD=20, _VOL_LEN=20, _BREAK_BARS=10 over ATR14 RMA",0.39,3.62,345.0,1678.0,2314.0,2.0,1.286,RETAIN,,,,,sig_vol_20x,False,1
EMA_CROSS,price_gt_20,price_gt_20,1498345,28460,2806,9.66,8.6,1.06,1.124,-0.42,0.26,2.66,0.32,100.0,,,,,True,False,60,close vs ewm(span=20),44.45,10.14,5095.0,11629.0,11736.0,2.0,1.883,RETAIN,,,,,price_gt_20,False,1
EMA_CROSS,price_gt_50,price_gt_50,1249287,18433,2717,9.71,8.72,0.99,1.113,-0.42,-0.52,3.16,0.35,100.0,,,,,False,False,150,close vs ewm(span=50),40.53,6.78,1091.0,8354.0,8988.0,1.0,1.897,DROP,,,,,price_gt_50,False,1
EMA_CROSS,price_gt_89,price_gt_89,935263,11112,2580,10.65,10.11,0.54,1.053,,-1.82,1.98,0.4,100.0,,,,,False,False,267,close vs ewm(span=89),40.46,4.31,,4018.0,7094.0,1.0,2.401,DROP,,,,,price_gt_89,False,1
EMA_CROSS,price_gt_200,price_gt_200,115669,1868,1628,16.54,26.0,-9.46,0.636,,,-9.46,0.8,100.0,,,,,False,False,600,close vs ewm(span=200),39.37,1.15,,,1868.0,0.0,4.098,DROP,,,,,price_gt_200,False,1
OSCILLATOR,rsi_le_35,rsi_le_35,1439606,21130,2734,8.14,8.29,-0.15,0.981,3.63,0.15,-0.93,0.36,100.0,,,,,False,False,81,RSI14 Wilder RMA seed -> 81,13.6,7.73,2684.0,10035.0,8411.0,2.0,1.911,DROP,,,,,rsi_le_35,False,1
OSCILLATOR,rsi_ge_70,rsi_ge_70,1439606,11130,2670,9.56,10.12,-0.56,0.945,-4.39,-0.77,-0.36,0.49,100.0,,,,,False,False,81,RSI14 Wilder RMA seed -> 81,4.51,4.17,1342.0,3766.0,6022.0,0.0,1.654,DROP,,,,,rsi_ge_70,False,1
F,sig_flp_up,sig_flp_up,115669,3687,2042,20.53,21.3,-0.77,0.964,,,-0.77,0.54,100.0,,,,,False,False,600,fly_engine LOOKBACK=30/WIN_AB=30 over _ema(9..200),4.63,1.81,,,3687.0,0.0,4.199,DROP,,,,,sig_flp_up,False,1
EMA_CROSS,sig_dd_up_red,sig_dd_up_red,115669,566,512,24.2,20.9,3.3,1.158,,,3.3,1.94,100.0,,,,,False,False,600,"predn_signal priority chain spans D66, i.e. ema200",0.52,1.11,,,566.0,1.0,4.056,DROP,,,,,sig_dd_up_red,False,1
EMA_CROSS,sig_d_up_red,sig_d_up_red,115669,1110,940,22.88,20.59,2.29,1.111,,,2.29,1.35,100.0,,,,,False,False,600,"predn_signal priority chain spans D66, i.e. ema200",1.07,1.18,,,1110.0,1.0,4.282,DROP,,,,,sig_d_up_red,False,1
EMA_CROSS,sig_d_dn_green,sig_d_dn_green,115669,1277,1033,19.5,20.5,-1.0,0.951,,,-1.0,1.25,100.0,,,,,False,False,600,"predn_signal priority chain spans D66, i.e. ema200",1.27,1.24,,,1277.0,0.0,3.94,DROP,,,,,sig_d_dn_green,False,1
EMA_CROSS,sig_dd_dn_green,sig_dd_dn_green,115669,680,599,18.97,21.88,-2.91,0.867,,,-2.91,2.21,100.0,,,,,False,False,600,"predn_signal priority chain spans D66, i.e. ema200",0.64,1.14,,,680.0,0.0,3.994,DROP,,,,,sig_dd_dn_green,False,1
CISD,sig_cisd_cplus,sig_cisd_cplus,1611609,26726,2805,7.77,8.23,-0.46,0.944,-0.31,-0.34,0.14,0.44,100.0,,,,,False,False,20,cisd_engine is a stateful structure tracker with no window and no declared warm-up; global floor,3.32,9.53,7907.0,11834.0,6985.0,1.0,1.776,DROP,,,,,sig_cisd_cplus,False,1
CISD,sig_cisd_cplus_minus,sig_cisd_cplus_minus,1611609,7461,2451,8.74,6.94,1.8,1.26,0.76,0.67,5.65,0.82,100.0,,,,,True,False,20,cisd_engine is a stateful structure tracker with no window and no declared warm-up; global floor,0.48,3.04,2034.0,3516.0,1911.0,3.0,1.716,RETAIN,,,,,sig_cisd_cplus_minus,False,1
CISD,sig_cisd_cplus_mm,sig_cisd_cplus_mm,1611609,4775,1749,8.71,12.11,-3.4,0.72,-2.01,-3.32,-6.65,1.21,100.0,,,,,False,False,20,cisd_engine is a stateful structure tracker with no window and no declared warm-up; global floor,0.31,2.73,2382.0,1269.0,1124.0,0.0,1.863,DROP,,,,,sig_cisd_cplus_mm,False,1
PARA,sig_para_prep,sig_para_prep,1439606,24466,2605,8.31,8.86,-0.55,0.938,0.25,-0.63,-1.01,0.44,100.0,,,,,False,False,81,para_engine BASE_LEN/BRK_LEN/VOL_LEN=20 over _rma(ATR_LEN=14),3.05,9.39,3519.0,9159.0,11788.0,1.0,1.798,DROP,,,,,sig_para_prep,False,1
PARA,sig_para_start,sig_para_start,1439606,16676,2543,8.96,9.06,-0.09,0.99,0.38,-0.19,-0.57,0.49,100.0,,,,,False,False,81,para_engine BASE_LEN/BRK_LEN/VOL_LEN=20 over _rma(ATR_LEN=14),2.66,6.56,2363.0,6023.0,8290.0,1.0,1.937,DROP,,,,,sig_para_start,False,1
PARA,sig_para_plus,sig_para_plus,1439606,17084,2541,8.9,9.05,-0.15,0.984,0.34,-0.2,-0.67,0.49,100.0,,,,,False,False,81,para_engine BASE_LEN/BRK_LEN/VOL_LEN=20 over _rma(ATR_LEN=14),2.5,6.72,2409.0,6144.0,8531.0,1.0,1.933,DROP,,,,,sig_para_plus,False,1
PARA,sig_para_retest,sig_para_retest,1439606,11260,2330,7.9,9.24,-1.34,0.855,-1.34,-1.14,-2.0,0.61,100.0,,,,,False,False,81,para_engine BASE_LEN/BRK_LEN/VOL_LEN=20 over _rma(ATR_LEN=14),1.06,4.83,1474.0,3995.0,5791.0,0.0,1.783,DROP,,,,,sig_para_retest,False,1
WYCKOFF,wyc_phase=MARKUP,wyc_phase,115669,1236,1142,14.48,26.56,-12.07,0.545,,,-12.07,0.81,100.0,,,,,False,False,600,signal_extraction.compute_wyc_phase uses ema50 and ema200,32.37,1.08,,,1236.0,0.0,3.469,DROP,,,,,wyc_phase=MARKUP,False,1
WYCKOFF,wyc_phase=ACC_TR,wyc_phase,115669,204,179,18.63,17.12,1.51,1.088,,,1.51,4.9,100.0,,,,,False,False,600,signal_extraction.compute_wyc_phase uses ema50 and ema200,2.26,1.14,,,204.0,1.0,2.679,DROP,,,,,wyc_phase=ACC_TR,False,1
WYCKOFF,wyc_in_tr,wyc_in_tr,115669,216,190,18.52,17.22,1.3,1.076,,,1.3,4.63,100.0,,,,,False,False,600,signal_extraction.compute_wyc_phase uses ema50 and ema200,2.33,1.14,,,216.0,1.0,2.679,DROP,,,,,wyc_in_tr,False,1
TZ,sig_t1g,sig_t1g,1611609,37100,2816,9.04,8.59,0.44,1.051,-0.16,0.21,1.02,0.34,100.0,,,,,False,False,20,two-bar candle pattern (signal_logic T/Z raws),3.17,13.17,7231.0,14741.0,15128.0,2.0,1.83,DROP,,,,,sig_t1g,False,1
TZ,sig_t2g,sig_t2g,1611609,53592,2824,8.82,8.55,0.27,1.032,-0.49,0.01,1.0,0.27,100.0,,,,,False,False,20,two-bar candle pattern (signal_logic T/Z raws),9.84,18.98,10796.0,21169.0,21627.0,2.0,1.778,DROP,,,,,sig_t2g,False,1
TZ,sig_t1,sig_t1,1611609,44150,2807,8.57,8.53,0.04,1.004,-0.01,0.06,0.11,0.3,100.0,,,,,False,False,20,two-bar candle pattern (signal_logic T/Z raws),4.12,15.73,9337.0,17027.0,17786.0,2.0,1.842,DROP,,,,,sig_t1,False,1
TZ,sig_t2,sig_t2,1611609,51694,2834,8.41,8.55,-0.14,0.983,-0.16,-0.11,-0.14,0.28,100.0,,,,,False,False,20,two-bar candle pattern (signal_logic T/Z raws),6.93,18.24,9912.0,20448.0,21334.0,0.0,1.66,DROP,,,,,sig_t2,False,1
TZ,sig_t3,sig_t3,1611609,44521,2811,8.11,8.5,-0.39,0.954,-0.23,0.04,-0.81,0.3,100.0,,,,,False,False,20,two-bar candle pattern (signal_logic T/Z raws),4.19,15.84,8644.0,17801.0,18076.0,1.0,1.657,DROP,,,,,sig_t3,False,1
TZ,sig_t4,sig_t4,1611609,47520,2834,8.42,8.58,-0.15,0.982,0.05,0.01,-0.41,0.29,100.0,,,,,False,False,20,two-bar candle pattern (signal_logic T/Z raws),4.72,16.77,8865.0,18723.0,19932.0,2.0,1.607,DROP,,,,,sig_t4,False,1
TZ,sig_t5,sig_t5,1611609,40842,2827,8.29,8.58,-0.29,0.966,-0.26,-0.02,-0.44,0.31,100.0,,,,,False,False,20,two-bar candle pattern (signal_logic T/Z raws),3.68,14.45,7468.0,16817.0,16557.0,0.0,1.736,DROP,,,,,sig_t5,False,1
TZ,sig_t6,sig_t6,1611609,26587,2805,8.56,8.61,-0.04,0.995,0.19,0.47,-0.62,0.41,100.0,,,,,False,False,20,two-bar candle pattern (signal_logic T/Z raws),2.11,9.48,4214.0,10898.0,11475.0,2.0,1.701,DROP,,,,,sig_t6,False,1
TZ,sig_t9,sig_t9,1611609,46750,2822,8.54,8.55,-0.01,0.999,0.01,-0.08,-0.01,0.29,100.0,,,,,False,False,20,two-bar candle pattern (signal_logic T/Z raws),4.57,16.57,9552.0,17660.0,19538.0,1.0,1.759,DROP,,,,,sig_t9,False,1
TZ,sig_t10,sig_t10,1611609,27157,2800,8.82,8.57,0.26,1.03,-0.08,0.44,0.38,0.39,100.0,,,,,False,False,20,two-bar candle pattern (signal_logic T/Z raws),2.16,9.7,4375.0,11668.0,11114.0,2.0,1.72,DROP,,,,,sig_t10,False,1
TZ,sig_t11,sig_t11,1611609,11300,2657,8.42,8.46,-0.04,0.995,0.19,0.49,-0.59,0.65,100.0,,,,,False,False,20,two-bar candle pattern (signal_logic T/Z raws),0.81,4.25,1781.0,4831.0,4688.0,2.0,1.687,DROP,,,,,sig_t11,False,1
TZ,sig_t12,sig_t12,1611609,12417,2667,8.03,8.31,-0.28,0.966,-0.01,0.39,-1.01,0.7,100.0,,,,,False,False,20,two-bar candle pattern (signal_logic T/Z raws),0.89,4.66,2155.0,5058.0,5204.0,1.0,1.775,DROP,,,,,sig_t12,False,1
TZ,sig_z1g,sig_z1g,1611609,33558,2796,8.18,8.51,-0.33,0.962,-0.36,-0.33,0.02,0.38,100.0,,,,,False,False,20,two-bar candle pattern (signal_logic T/Z raws),2.76,12.0,6060.0,14468.0,13030.0,1.0,1.769,DROP,,,,,sig_z1g,False,1
TZ,sig_z2g,sig_z2g,1611609,54995,2837,8.44,8.57,-0.13,0.985,0.08,-0.32,-0.03,0.27,100.0,,,,,False,False,20,two-bar candle pattern (signal_logic T/Z raws),10.9,19.38,10937.0,21457.0,22601.0,1.0,1.737,DROP,,,,,sig_z2g,False,1
TZ,sig_z1,sig_z1,1611609,40908,2783,8.14,8.47,-0.33,0.961,-0.26,-0.4,-0.15,0.32,100.0,,,,,False,False,20,two-bar candle pattern (signal_logic T/Z raws),3.68,14.7,7933.0,16601.0,16374.0,0.0,1.673,DROP,,,,,sig_z1,False,1
TZ,sig_z2,sig_z2,1611609,53037,2828,8.26,8.54,-0.27,0.968,-0.11,-0.31,-0.27,0.27,100.0,,,,,False,False,20,two-bar candle pattern (signal_logic T/Z raws),8.5,18.75,10767.0,20749.0,21521.0,0.0,1.704,DROP,,,,,sig_z2,False,1
TZ,sig_z3,sig_z3,1611609,44960,2804,8.4,8.5,-0.1,0.988,0.2,-0.07,-0.38,0.3,100.0,,,,,False,False,20,two-bar candle pattern (signal_logic T/Z raws),4.27,16.03,9517.0,16652.0,18791.0,1.0,1.771,DROP,,,,,sig_z3,False,1
TZ,sig_z4,sig_z4,1611609,47522,2824,8.5,8.55,-0.04,0.995,-0.26,-0.13,0.1,0.29,100.0,,,,,False,False,20,two-bar candle pattern (signal_logic T/Z raws),4.66,16.83,9690.0,18057.0,19775.0,1.0,1.747,DROP,,,,,sig_z4,False,1
TZ,sig_z5,sig_z5,1611609,39300,2821,8.69,8.56,0.12,1.014,0.22,-0.3,0.36,0.33,100.0,,,,,False,False,20,two-bar candle pattern (signal_logic T/Z raws),3.43,13.93,7528.0,15009.0,16763.0,2.0,1.86,DROP,,,,,sig_z5,False,1
TZ,sig_z6,sig_z6,1611609,34690,2825,8.83,8.56,0.27,1.032,0.62,0.35,-0.0,0.37,100.0,,,,,False,False,20,two-bar candle pattern (signal_logic T/Z raws),3.09,12.28,6745.0,13343.0,14602.0,2.0,1.766,DROP,,,,,sig_z6,False,1
TZ,sig_z7,sig_z7,1611609,20487,2608,9.17,8.44,0.73,1.087,0.37,1.01,0.54,0.64,100.0,,,,,False,False,20,two-bar candle pattern (signal_logic T/Z raws),2.67,7.86,3422.0,7671.0,9394.0,3.0,1.547,DROP,,,,,sig_z7,False,1
TZ,sig_z9,sig_z9,1611609,45569,2819,8.31,8.56,-0.25,0.971,-0.36,-0.18,-0.3,0.29,100.0,,,,,False,False,20,two-bar candle pattern (signal_logic T/Z raws),4.25,16.16,8506.0,17845.0,19218.0,0.0,1.673,DROP,,,,,sig_z9,False,1
TZ,sig_z10,sig_z10,1611609,28711,2802,8.87,8.55,0.32,1.037,0.2,-0.0,0.57,0.38,100.0,,,,,False,False,20,two-bar candle pattern (signal_logic T/Z raws),2.32,10.25,5503.0,10959.0,12249.0,2.0,1.776,DROP,,,,,sig_z10,False,1
TZ,sig_z11,sig_z11,1611609,23710,2808,8.87,8.62,0.25,1.029,0.25,-0.01,0.43,0.49,100.0,,,,,False,False,20,two-bar candle pattern (signal_logic T/Z raws),1.95,8.44,4178.0,9375.0,10157.0,2.0,1.773,DROP,,,,,sig_z11,False,1
TZ,sig_z12,sig_z12,1611609,4421,1838,9.91,8.5,1.41,1.165,0.69,1.51,1.92,1.13,100.0,,,,,True,False,20,two-bar candle pattern (signal_logic T/Z raws),0.29,2.41,745.0,1666.0,2010.0,3.0,1.537,RETAIN,,,,,sig_z12,False,1
BAR_TAXONOMY,wick_suffix=B,wick_suffix,1347420,55726,2839,8.85,8.48,0.37,1.043,0.38,0.2,0.52,0.27,83.4,8.53,9.07,5.99,1.14,False,True,20,previous-bar suffix logic,12.05,19.63,11254.0,21788.0,22684.0,3.0,1.768,DROP,-0.55,2869.0,2870.0,,wick_suffix=B,False,1
BAR_TAXONOMY,penetration_suffix=H,penetration_suffix,645247,47640,2842,8.5,8.82,-0.32,0.964,-0.22,-0.2,-0.38,0.3,40.07,8.84,8.47,2.55,7.01,False,True,20,previous-bar suffix logic,14.57,16.76,9609.0,18169.0,19862.0,0.0,1.657,DROP,0.37,2867.0,2870.0,,penetration_suffix=H,False,1
BAR_TAXONOMY,close_suffix=O,close_suffix,1611609,10992,2847,8.69,9.17,-0.48,0.948,0.4,-0.81,-0.74,0.56,99.83,8.61,14.02,4.71,7.95,False,True,20,previous-bar suffix logic,38.31,3.86,3830.0,3036.0,4126.0,1.0,1.511,DROP,-5.41,2869.0,2831.0,,close_suffix=O,False,1
BAR_TAXONOMY,close_suffix=A,close_suffix,1611609,14001,2847,8.99,8.38,0.61,1.072,-0.03,1.57,0.36,0.54,99.83,8.61,14.02,4.71,7.95,False,True,20,previous-bar suffix logic,35.22,4.92,4372.0,4755.0,4874.0,2.0,1.498,DROP,-5.41,2869.0,2831.0,,close_suffix=A,False,1
BAR_TAXONOMY,close_suffix=I,close_suffix,1611609,19481,2848,7.97,8.52,-0.55,0.935,0.05,-0.2,-1.01,0.48,99.83,8.61,14.02,4.71,7.95,False,True,20,previous-bar suffix logic,26.47,6.84,5444.0,7459.0,6578.0,1.0,1.725,DROP,-5.41,2869.0,2831.0,,close_suffix=I,False,1
BAR_TAXONOMY,full_suffix=ED,full_suffix,1611609,47061,2839,8.08,8.56,-0.48,0.944,-0.4,-0.79,-0.41,0.3,99.83,8.61,14.02,4.71,7.95,False,True,20,previous-bar suffix logic,16.33,16.58,9999.0,17080.0,19982.0,0.0,1.615,DROP,-5.41,2869.0,2831.0,,full_suffix=ED,False,1
BAR_TAXONOMY,full_suffix=EU,full_suffix,1611609,48933,2839,8.97,8.55,0.42,1.05,-0.23,0.37,0.94,0.3,99.83,8.61,14.02,4.71,7.95,False,True,20,previous-bar suffix logic,15.17,17.24,10501.0,19043.0,19389.0,2.0,1.682,DROP,-5.41,2869.0,2831.0,,full_suffix=EU,False,1
BAR_TAXONOMY,full_suffix=ND,full_suffix,1611609,55619,2830,8.18,8.55,-0.36,0.957,-0.61,-0.3,-0.26,0.26,99.83,8.61,14.02,4.71,7.95,False,True,20,previous-bar suffix logic,8.54,19.65,10982.0,21907.0,22730.0,0.0,1.657,DROP,-5.41,2869.0,2831.0,,full_suffix=ND,False,1
BAR_TAXONOMY,full_suffix=NU,full_suffix,1611609,55486,2840,8.48,8.55,-0.07,0.991,0.25,-0.05,-0.27,0.26,99.83,8.61,14.02,4.71,7.95,False,True,20,previous-bar suffix logic,8.11,19.54,11151.0,21316.0,23019.0,1.0,1.779,DROP,-5.41,2869.0,2831.0,,full_suffix=NU,False,1
BAR_TAXONOMY,full_suffix=NUR,full_suffix,1611609,54857,2831,8.6,8.56,0.04,1.005,-0.19,-0.03,0.22,0.27,99.83,8.61,14.02,4.71,7.95,False,True,20,previous-bar suffix logic,7.22,19.38,11137.0,21119.0,22601.0,1.0,1.771,DROP,-5.41,2869.0,2831.0,,full_suffix=NUR,False,1
BAR_TAXONOMY,full_suffix=NDP,full_suffix,1611609,54065,2835,8.57,8.55,0.02,1.003,-0.25,0.17,0.03,0.27,99.83,8.61,14.02,4.71,7.95,False,True,20,previous-bar suffix logic,7.16,19.07,10873.0,20939.0,22253.0,2.0,1.729,DROP,-5.41,2869.0,2831.0,,full_suffix=NDP,False,1
BAR_TAXONOMY,full_suffix=NH,full_suffix,1611609,47640,2842,8.5,8.56,-0.06,0.993,-0.28,0.26,-0.3,0.3,99.83,8.61,14.02,4.71,7.95,False,True,20,previous-bar suffix logic,5.83,16.76,9609.0,18169.0,19862.0,1.0,1.657,DROP,-5.41,2869.0,2831.0,,full_suffix=NH,False,1
BAR_TAXONOMY,full_suffix=EDP,full_suffix,1611609,50741,2836,8.59,8.56,0.03,1.003,-0.02,0.03,0.03,0.28,99.83,8.61,14.02,4.71,7.95,False,True,20,previous-bar suffix logic,5.8,17.89,10233.0,19498.0,21010.0,2.0,1.711,DROP,-5.41,2869.0,2831.0,,full_suffix=EDP,False,1
BAR_TAXONOMY,full_suffix=EB,full_suffix,1611609,50823,2834,8.57,8.57,0.01,1.001,0.1,0.14,-0.08,0.28,99.83,8.61,14.02,4.71,7.95,False,True,20,previous-bar suffix logic,5.63,17.93,9737.0,20410.0,20676.0,2.0,1.764,DROP,-5.41,2869.0,2831.0,,full_suffix=EB,False,1
BAR_TAXONOMY,full_suffix=EUR,full_suffix,1611609,48724,2829,8.6,8.57,0.03,1.004,0.06,0.05,-0.04,0.29,99.83,8.61,14.02,4.71,7.95,False,True,20,previous-bar suffix logic,5.2,17.22,9692.0,18641.0,20391.0,2.0,1.648,DROP,-5.41,2869.0,2831.0,,full_suffix=EUR,False,1
BAR_TAXONOMY,full_suffix=NR,full_suffix,1611609,44490,2833,8.65,8.57,0.08,1.01,-0.18,0.51,-0.27,0.3,99.83,8.61,14.02,4.71,7.95,False,True,20,previous-bar suffix logic,4.6,15.7,8381.0,17204.0,18905.0,1.0,1.635,DROP,-5.41,2869.0,2831.0,,full_suffix=NR,False,1
BAR_TAXONOMY,full_suffix=NB,full_suffix,1611609,45459,2815,8.55,8.53,0.02,1.002,-0.02,-0.22,0.29,0.29,99.83,8.61,14.02,4.71,7.95,False,True,20,previous-bar suffix logic,4.45,16.15,8860.0,17853.0,18746.0,1.0,1.73,DROP,-5.41,2869.0,2831.0,,full_suffix=NB,False,1
BAR_TAXONOMY,full_suffix=NP,full_suffix,1611609,42911,2838,8.86,8.58,0.28,1.033,-0.56,0.62,0.23,0.32,99.83,8.61,14.02,4.71,7.95,False,True,20,previous-bar suffix logic,4.23,15.12,8542.0,15980.0,18389.0,2.0,1.721,DROP,-5.41,2869.0,2831.0,,full_suffix=NP,False,1
BAR_TAXONOMY,full_suffix=N,full_suffix,1611609,21922,2797,8.42,8.66,-0.24,0.973,0.01,0.01,-0.57,0.54,99.83,8.61,14.02,4.71,7.95,False,True,20,previous-bar suffix logic,1.73,7.84,3634.0,8888.0,9400.0,2.0,1.714,DROP,-5.41,2869.0,2831.0,,full_suffix=N,False,1
BAR_TAXONOMY,composite_full_suffix=ED,composite_full_suffix,1608759,47017,2837,8.09,8.56,-0.47,0.945,-0.37,-0.79,-0.39,0.3,99.83,8.61,14.02,4.71,7.95,False,True,21,composite = T/Z + L + suffix; inherits L_VSA's 20,16.35,16.57,9970.0,17072.0,19975.0,0.0,1.615,DROP,-5.41,2869.0,2831.0,,composite_full_suffix=ED,False,1
BAR_TAXONOMY,composite_full_suffix=EU,composite_full_suffix,1608759,48777,2838,8.99,8.55,0.44,1.052,-0.15,0.38,0.94,0.3,99.83,8.61,14.02,4.71,7.95,False,True,21,composite = T/Z + L + suffix; inherits L_VSA's 20,15.16,17.19,10362.0,19031.0,19384.0,2.0,1.687,DROP,-5.41,2869.0,2831.0,,composite_full_suffix=EU,False,1
BAR_TAXONOMY,composite_full_suffix=EDP,composite_full_suffix,1608759,50683,2836,8.59,8.56,0.03,1.003,-0.01,0.03,0.03,0.28,99.83,8.61,14.02,4.71,7.95,False,True,21,composite = T/Z + L + suffix; inherits L_VSA's 20,5.81,17.87,10186.0,19491.0,21006.0,2.0,1.712,DROP,-5.41,2869.0,2831.0,,composite_full_suffix=EDP,False,1
BAR_TAXONOMY,composite_full_suffix=EUR,composite_full_suffix,1608759,48594,2829,8.61,8.57,0.04,1.005,0.08,0.05,-0.04,0.29,99.83,8.61,14.02,4.71,7.95,False,True,21,composite = T/Z + L + suffix; inherits L_VSA's 20,5.19,17.18,9575.0,18632.0,20387.0,2.0,1.65,DROP,-5.41,2869.0,2831.0,,composite_full_suffix=EUR,False,1
BAR_TAXONOMY,composite_full_suffix=NDI,composite_full_suffix,1608759,46604,2812,8.13,8.55,-0.43,0.95,-0.42,-0.42,-0.33,0.29,99.83,8.61,14.02,4.71,7.95,False,True,21,composite = T/Z + L + suffix; inherits L_VSA's 20,4.62,16.57,8853.0,18823.0,18928.0,0.0,1.684,DROP,-5.41,2869.0,2831.0,,composite_full_suffix=NDI,False,1
BAR_TAXONOMY,composite_full_suffix=NUI,composite_full_suffix,1608759,45843,2822,8.5,8.56,-0.06,0.993,0.46,-0.1,-0.34,0.31,99.83,8.61,14.02,4.71,7.95,False,True,21,composite = T/Z + L + suffix; inherits L_VSA's 20,4.44,16.24,9010.0,17520.0,19313.0,1.0,1.834,DROP,-5.41,2869.0,2831.0,,composite_full_suffix=NUI,False,1
BAR_TAXONOMY,composite_full_suffix=NDO,composite_full_suffix,1608759,41320,2802,8.08,8.47,-0.39,0.954,-0.71,0.13,-0.67,0.32,99.83,8.61,14.02,4.71,7.95,False,True,21,composite = T/Z + L + suffix; inherits L_VSA's 20,3.93,14.75,7959.0,16562.0,16799.0,1.0,1.638,DROP,-5.41,2869.0,2831.0,,composite_full_suffix=NDO,False,1
BAR_TAXONOMY,composite_full_suffix=NUA,composite_full_suffix,1608759,39544,2795,8.38,8.5,-0.12,0.986,0.05,-0.18,-0.17,0.31,99.83,8.61,14.02,4.71,7.95,False,True,21,composite = T/Z + L + suffix; inherits L_VSA's 20,3.67,14.15,7946.0,15135.0,16463.0,1.0,1.851,DROP,-5.41,2869.0,2831.0,,composite_full_suffix=NUA,False,1
BAR_TAXONOMY,composite_full_suffix=NURI,composite_full_suffix,1608759,35553,2817,8.91,8.56,0.35,1.04,-0.21,0.49,0.43,0.35,99.83,8.61,14.02,4.71,7.95,False,True,21,composite = T/Z + L + suffix; inherits L_VSA's 20,3.03,12.62,6985.0,13644.0,14924.0,2.0,1.748,DROP,-5.41,2869.0,2831.0,,composite_full_suffix=NURI,False,1
BAR_TAXONOMY,composite_full_suffix=NDPI,composite_full_suffix,1608759,35071,2816,8.71,8.56,0.15,1.018,0.13,0.25,0.01,0.34,99.83,8.61,14.02,4.71,7.95,False,True,21,composite = T/Z + L + suffix; inherits L_VSA's 20,3.0,12.45,6862.0,13438.0,14771.0,3.0,1.707,DROP,-5.41,2869.0,2831.0,,composite_full_suffix=NDPI,False,1
BAR_TAXONOMY,composite_full_suffix=EBO,composite_full_suffix,1608759,35604,2819,8.29,8.55,-0.26,0.97,-0.2,0.0,-0.45,0.34,99.83,8.61,14.02,4.71,7.95,False,True,21,composite = T/Z + L + suffix; inherits L_VSA's 20,2.99,12.63,6636.0,14427.0,14541.0,1.0,1.795,DROP,-5.41,2869.0,2831.0,,composite_full_suffix=EBO,False,1
BAR_TAXONOMY,composite_full_suffix=NHI,composite_full_suffix,1608759,29890,2816,8.77,8.58,0.19,1.022,-0.15,0.57,-0.17,0.43,99.83,8.61,14.02,4.71,7.95,False,True,21,composite = T/Z + L + suffix; inherits L_VSA's 20,2.67,10.61,5849.0,10994.0,13047.0,1.0,1.591,DROP,-5.41,2869.0,2831.0,,composite_full_suffix=NHI,False,1
BAR_TAXONOMY,composite_full_suffix=NRI,composite_full_suffix,1608759,32333,2817,8.91,8.57,0.34,1.039,-0.07,0.7,0.06,0.37,99.83,8.61,14.02,4.71,7.95,False,True,21,composite = T/Z + L + suffix; inherits L_VSA's 20,2.66,11.48,5837.0,12417.0,14079.0,2.0,1.667,DROP,-5.41,2869.0,2831.0,,composite_full_suffix=NRI,False,1
BAR_TAXONOMY,composite_full_suffix=EBA,composite_full_suffix,1608759,32174,2815,8.51,8.6,-0.08,0.99,0.07,-0.01,-0.13,0.37,99.83,8.61,14.02,4.71,7.95,False,True,21,composite = T/Z + L + suffix; inherits L_VSA's 20,2.64,11.43,5837.0,13132.0,13205.0,1.0,1.641,DROP,-5.41,2869.0,2831.0,,composite_full_suffix=EBA,False,1
BAR_TAXONOMY,composite_full_suffix=NPI,composite_full_suffix,1608759,31170,2825,9.03,8.56,0.48,1.056,-0.31,0.96,0.25,0.38,99.83,8.61,14.02,4.71,7.95,False,True,21,composite = T/Z + L + suffix; inherits L_VSA's 20,2.53,11.03,6093.0,11533.0,13544.0,2.0,1.71,DROP,-5.41,2869.0,2831.0,,composite_full_suffix=NPI,False,1
BAR_TAXONOMY,composite_full_suffix=NDPO,composite_full_suffix,1608759,27679,2748,8.54,8.45,0.09,1.011,-0.25,0.26,0.09,0.38,99.83,8.61,14.02,4.71,7.95,False,True,21,composite = T/Z + L + suffix; inherits L_VSA's 20,2.22,10.07,5762.0,10510.0,11407.0,2.0,1.71,DROP,-5.41,2869.0,2831.0,,composite_full_suffix=NDPO,False,1
BAR_TAXONOMY,composite_full_suffix=NURA,composite_full_suffix,1608759,26900,2750,8.55,8.53,0.02,1.002,-0.14,-0.1,0.11,0.38,99.83,8.61,14.02,4.71,7.95,False,True,21,composite = T/Z + L + suffix; inherits L_VSA's 20,2.12,9.78,5441.0,10069.0,11390.0,1.0,1.736,DROP,-5.41,2869.0,2831.0,,composite_full_suffix=NURA,False,1
BAR_TAXONOMY,composite_full_suffix=NURO,composite_full_suffix,1608759,27328,2765,8.25,8.52,-0.27,0.968,-0.38,0.2,-0.57,0.38,99.83,8.61,14.02,4.71,7.95,False,True,21,composite = T/Z + L + suffix; inherits L_VSA's 20,2.07,9.88,5664.0,10679.0,10985.0,1.0,1.815,DROP,-5.41,2869.0,2831.0,,composite_full_suffix=NURO,False,1
BAR_TAXONOMY,composite_full_suffix=NRO,composite_full_suffix,1608759,24873,2811,8.35,8.52,-0.16,0.981,-0.1,0.21,-0.6,0.48,99.83,8.61,14.02,4.71,7.95,False,True,21,composite = T/Z + L + suffix; inherits L_VSA's 20,1.95,8.85,4551.0,9538.0,10784.0,1.0,1.536,DROP,-5.41,2869.0,2831.0,,composite_full_suffix=NRO,False,1
BAR_TAXONOMY,composite_full_suffix=NDPA,composite_full_suffix,1608759,25807,2772,8.24,8.53,-0.29,0.966,-0.3,-0.28,-0.16,0.38,99.83,8.61,14.02,4.71,7.95,False,True,21,composite = T/Z + L + suffix; inherits L_VSA's 20,1.93,9.31,4882.0,10498.0,10427.0,0.0,1.653,DROP,-5.41,2869.0,2831.0,,composite_full_suffix=NDPA,False,1
BAR_TAXONOMY,composite_full_suffix=NBI,composite_full_suffix,1608759,23994,2783,8.69,8.53,0.17,1.02,-0.07,-0.1,0.44,0.43,99.83,8.61,14.02,4.71,7.95,False,True,21,composite = T/Z + L + suffix; inherits L_VSA's 20,1.8,8.62,4463.0,9204.0,10327.0,1.0,1.725,DROP,-5.41,2869.0,2831.0,,composite_full_suffix=NBI,False,1
BAR_TAXONOMY,composite_full_suffix=N,composite_full_suffix,1608759,21897,2797,8.42,8.65,-0.23,0.973,0.02,0.02,-0.57,0.54,99.83,8.61,14.02,4.71,7.95,False,True,21,composite = T/Z + L + suffix; inherits L_VSA's 20,1.73,7.83,3616.0,8882.0,9399.0,2.0,1.715,DROP,-5.41,2869.0,2831.0,,composite_full_suffix=N,False,1
BAR_TAXONOMY,composite_full_suffix=NPA,composite_full_suffix,1608759,22456,2809,8.58,8.64,-0.06,0.994,-0.76,0.19,-0.06,0.49,99.83,8.61,14.02,4.71,7.95,False,True,21,composite = T/Z + L + suffix; inherits L_VSA's 20,1.7,7.99,4330.0,8303.0,9823.0,1.0,1.723,DROP,-5.41,2869.0,2831.0,,composite_full_suffix=NPA,False,1
BAR_TAXONOMY,composite_full_suffix=NHO,composite_full_suffix,1608759,22099,2790,8.56,8.49,0.07,1.008,-0.05,0.45,-0.22,0.45,99.83,8.61,14.02,4.71,7.95,False,True,21,composite = T/Z + L + suffix; inherits L_VSA's 20,1.65,7.92,4482.0,8359.0,9258.0,1.0,1.636,DROP,-5.41,2869.0,2831.0,,composite_full_suffix=NHO,False,1
BAR_TAXONOMY,composite_full_suffix=NHA,composite_full_suffix,1608759,20741,2777,8.49,8.6,-0.11,0.987,-0.38,0.22,-0.43,0.44,99.83,8.61,14.02,4.71,7.95,False,True,21,composite = T/Z + L + suffix; inherits L_VSA's 20,1.52,7.47,3994.0,7639.0,9108.0,1.0,1.596,DROP,-5.41,2869.0,2831.0,,composite_full_suffix=NHA,False,1
BAR_TAXONOMY,composite_full_suffix=NBO,composite_full_suffix,1608759,19380,2728,8.26,8.4,-0.14,0.983,-0.38,-0.07,0.0,0.45,99.83,8.61,14.02,4.71,7.95,False,True,21,composite = T/Z + L + suffix; inherits L_VSA's 20,1.38,7.1,3809.0,7669.0,7902.0,1.0,1.768,DROP,-5.41,2869.0,2831.0,,composite_full_suffix=NBO,False,1
BAR_TAXONOMY,composite_full_suffix=NBA,composite_full_suffix,1608759,17924,2719,8.18,8.45,-0.26,0.969,-0.13,-0.18,-0.32,0.46,99.83,8.61,14.02,4.71,7.95,False,True,21,composite = T/Z + L + suffix; inherits L_VSA's 20,1.27,6.59,3523.0,7185.0,7216.0,0.0,1.665,DROP,-5.41,2869.0,2831.0,,composite_full_suffix=NBA,False,1
BAR_TAXONOMY,bar_body_wick=XF,bar_body_wick,1439606,24022,2778,9.15,8.6,0.55,1.064,3.55,0.3,-0.34,0.42,100.0,,,,,False,False,81,compute_bar_shape_fields divides range and gap by ATR14,20.55,8.65,4387.0,9334.0,10301.0,2.0,1.788,DROP,,,,,bar_body_wick=XF,False,1
BAR_TAXONOMY,bar_body_wick=MJ,bar_body_wick,1439606,34211,2778,8.44,8.54,-0.1,0.988,1.68,-0.37,-0.29,0.32,100.0,,,,,False,False,81,compute_bar_shape_fields divides range and gap by ATR14,17.65,12.31,5117.0,14319.0,14775.0,1.0,1.78,DROP,,,,,bar_body_wick=MJ,False,1
BAR_TAXONOMY,bar_body_wick=S,bar_body_wick,1439606,48981,2763,8.45,8.56,-0.11,0.987,1.16,-0.4,-0.15,0.28,100.0,,,,,False,False,81,compute_bar_shape_fields divides range and gap by ATR14,11.46,17.73,6249.0,20657.0,22075.0,1.0,1.752,DROP,,,,,bar_body_wick=S,False,1
BAR_TAXONOMY,bar_body_wick=X,bar_body_wick,1439606,49220,2772,8.62,8.59,0.03,1.003,1.73,-0.24,-0.15,0.27,100.0,,,,,False,False,81,compute_bar_shape_fields divides range and gap by ATR14,11.04,17.76,6254.0,20814.0,22152.0,1.0,1.768,DROP,,,,,bar_body_wick=X,False,1
BAR_TAXONOMY,bar_body_wick=SF,bar_body_wick,1439606,49901,2773,8.57,8.6,-0.02,0.997,1.01,-0.22,-0.09,0.27,100.0,,,,,False,False,81,compute_bar_shape_fields divides range and gap by ATR14,10.75,18.0,6205.0,21129.0,22567.0,1.0,1.768,DROP,,,,,bar_body_wick=SF,False,1
BAR_TAXONOMY,bar_body_wick=M,bar_body_wick,1439606,46842,2758,8.18,8.55,-0.37,0.956,-0.02,-0.51,-0.29,0.28,100.0,,,,,False,False,81,compute_bar_shape_fields divides range and gap by ATR14,6.05,16.98,5580.0,20077.0,21185.0,0.0,1.758,DROP,,,,,bar_body_wick=M,False,1
BAR_TAXONOMY,bar_body_wick=SJ,bar_body_wick,1439606,30256,2736,8.59,8.54,0.06,1.007,0.07,0.34,-0.18,0.34,100.0,,,,,False,False,81,compute_bar_shape_fields divides range and gap by ATR14,3.01,11.06,3667.0,12751.0,13838.0,2.0,1.756,DROP,,,,,bar_body_wick=SJ,False,1
BAR_TAXONOMY,bar_body_wick=STB,bar_body_wick,1439606,30513,2741,8.38,8.55,-0.17,0.98,-0.33,-0.09,-0.17,0.36,100.0,,,,,False,False,81,compute_bar_shape_fields divides range and gap by ATR14,2.99,11.13,3680.0,12853.0,13980.0,0.0,1.782,DROP,,,,,bar_body_wick=STB,False,1
BAR_TAXONOMY,bar_body_wick=MTB,bar_body_wick,1439606,31528,2750,8.37,8.58,-0.21,0.975,0.15,-0.07,-0.44,0.34,100.0,,,,,False,False,81,compute_bar_shape_fields divides range and gap by ATR14,2.95,11.46,3649.0,13287.0,14592.0,1.0,1.751,DROP,,,,,bar_body_wick=MTB,False,1
BAR_TAXONOMY,bar_body_wick=SBB,bar_body_wick,1439606,29330,2740,8.38,8.57,-0.19,0.977,-0.23,-0.05,-0.27,0.37,100.0,,,,,False,False,81,compute_bar_shape_fields divides range and gap by ATR14,2.79,10.7,3365.0,12583.0,13382.0,0.0,1.666,DROP,,,,,bar_body_wick=SBB,False,1
BAR_TAXONOMY,bar_body_wick=MBB,bar_body_wick,1439606,30342,2753,8.63,8.56,0.07,1.008,-0.29,0.19,0.13,0.35,100.0,,,,,False,False,81,compute_bar_shape_fields divides range and gap by ATR14,2.78,11.02,3307.0,13246.0,13789.0,2.0,1.695,DROP,,,,,bar_body_wick=MBB,False,1
BAR_TAXONOMY,bar_body_wick=XTB,bar_body_wick,1439606,25836,2751,9.23,8.6,0.63,1.073,-0.08,0.92,0.56,0.4,100.0,,,,,False,False,81,compute_bar_shape_fields divides range and gap by ATR14,2.32,9.39,3000.0,10865.0,11971.0,2.0,1.763,DROP,,,,,bar_body_wick=XTB,False,1
BAR_TAXONOMY,bar_body_wick=XBB,bar_body_wick,1439606,24112,2743,8.98,8.6,0.38,1.044,-0.31,0.27,0.64,0.4,100.0,,,,,False,False,81,compute_bar_shape_fields divides range and gap by ATR14,2.1,8.79,2614.0,10210.0,11288.0,2.0,1.681,DROP,,,,,bar_body_wick=XBB,False,1
BAR_TAXONOMY,bar_body_wick=XJ,bar_body_wick,1439606,21252,2739,8.84,8.54,0.29,1.034,-0.21,0.35,0.38,0.42,100.0,,,,,False,False,81,compute_bar_shape_fields divides range and gap by ATR14,1.82,7.76,2442.0,8821.0,9989.0,2.0,1.753,DROP,,,,,bar_body_wick=XJ,False,1
BAR_TAXONOMY,bar_body_wick=MF,bar_body_wick,1439606,20046,2740,8.7,8.65,0.05,1.006,0.4,0.12,-0.05,0.52,100.0,,,,,False,False,81,compute_bar_shape_fields divides range and gap by ATR14,1.75,7.32,2059.0,8616.0,9371.0,2.0,1.691,DROP,,,,,bar_body_wick=MF,False,1
BAR_TAXONOMY,bar_gap_range=G2-N,bar_gap_range,1439606,46337,2767,8.65,8.59,0.06,1.007,1.18,-0.54,0.4,0.28,100.0,,,,,False,False,81,compute_bar_shape_fields divides range and gap by ATR14,9.38,16.75,5557.0,19892.0,20888.0,2.0,1.803,DROP,,,,,bar_gap_range=G2-N,False,1
BAR_TAXONOMY,bar_gap_range=C,bar_gap_range,1439606,39143,2772,8.09,8.58,-0.5,0.942,-0.85,-0.38,-0.53,0.31,100.0,,,,,False,False,81,compute_bar_shape_fields divides range and gap by ATR14,8.34,14.12,4801.0,16288.0,18054.0,0.0,1.604,DROP,,,,,bar_gap_range=C,False,1
BAR_TAXONOMY,bar_gap_range=V,bar_gap_range,1439606,39330,2768,9.23,8.6,0.63,1.073,1.36,0.43,0.51,0.31,100.0,,,,,False,False,81,compute_bar_shape_fields divides range and gap by ATR14,5.28,14.21,4746.0,16071.0,18513.0,3.0,1.764,DROP,,,,,bar_gap_range=V,False,1
BAR_TAXONOMY,bar_gap_range=G1-N,bar_gap_range,1439606,42113,2745,8.13,8.53,-0.41,0.953,0.18,-0.53,-0.35,0.3,100.0,,,,,False,False,81,compute_bar_shape_fields divides range and gap by ATR14,5.12,15.34,4983.0,18245.0,18885.0,1.0,1.739,DROP,,,,,bar_gap_range=G1-N,False,1
BAR_TAXONOMY,bar_gap_range=G3-N,bar_gap_range,1439606,34919,2751,8.54,8.63,-0.09,0.989,0.68,-0.36,0.19,0.36,100.0,,,,,False,False,81,compute_bar_shape_fields divides range and gap by ATR14,4.72,12.69,3793.0,15776.0,15350.0,2.0,1.923,DROP,,,,,bar_gap_range=G3-N,False,1
BAR_TAXONOMY,bar_gap_range=G3-V,bar_gap_range,1439606,18760,2724,8.72,8.85,-0.13,0.985,-1.46,0.16,-0.18,0.45,100.0,,,,,False,False,81,compute_bar_shape_fields divides range and gap by ATR14,1.57,6.89,2078.0,7743.0,8939.0,1.0,1.809,DROP,,,,,bar_gap_range=G3-V,False,1
BAR_TAXONOMY,bar_gap_range=G2-C,bar_gap_range,1439606,11928,2612,8.13,8.57,-0.44,0.948,0.37,-0.12,-0.86,0.86,100.0,,,,,False,False,81,compute_bar_shape_fields divides range and gap by ATR14,1.1,4.57,960.0,5358.0,5610.0,1.0,1.609,DROP,,,,,bar_gap_range=G2-C,False,1
BAR_TAXONOMY,bar_gap_range=G2-V,bar_gap_range,1439606,11749,2654,9.36,8.76,0.61,1.069,-0.94,0.68,0.84,0.53,100.0,,,,,False,False,81,compute_bar_shape_fields divides range and gap by ATR14,0.91,4.43,1218.0,4914.0,5617.0,2.0,1.897,DROP,,,,,bar_gap_range=G2-V,False,1
BAR_TAXONOMY,bar_gap_range=G1-C,bar_gap_range,1439606,9188,2549,7.75,8.57,-0.82,0.904,0.28,0.03,-1.68,1.0,100.0,,,,,False,False,81,compute_bar_shape_fields divides range and gap by ATR14,0.82,3.6,941.0,3820.0,4427.0,2.0,1.42,DROP,,,,,bar_gap_range=G1-C,False,1
BAR_TAXONOMY,bar_gap_range=G3-C,bar_gap_range,1439606,4506,1488,9.9,8.21,1.69,1.206,-1.76,1.72,2.04,1.93,100.0,,,,,True,False,81,compute_bar_shape_fields divides range and gap by ATR14,0.6,3.03,315.0,2158.0,2033.0,2.0,1.748,RETAIN,,,,,bar_gap_range=G3-C,False,1
BAR_TAXONOMY,bar_gap_class=G3,bar_gap_class,354554,40477,2766,8.45,8.48,-0.03,0.996,0.19,-0.5,0.28,0.31,24.26,8.63,8.62,8.41,4.05,False,True,81,compute_bar_shape_fields divides range and gap by ATR14,27.95,14.63,4631.0,17687.0,18159.0,2.0,1.869,DROP,0.01,2866.0,2870.0,,bar_gap_class=G3,False,1
BAR_TAXONOMY,bar_gap_class=G1,bar_gap_class,354554,45810,2758,8.22,8.45,-0.22,0.974,-0.49,-0.2,-0.28,0.29,24.26,8.63,8.62,8.41,4.05,False,True,81,compute_bar_shape_fields divides range and gap by ATR14,25.83,16.61,5448.0,19685.0,20677.0,0.0,1.721,DROP,0.01,2866.0,2870.0,,bar_gap_class=G1,False,1
BAR_TAXONOMY,bar_range_class=C,bar_range_class,1439606,40425,2773,7.86,8.57,-0.7,0.918,-0.53,-0.77,-0.69,0.3,100.0,,,,,False,False,81,compute_bar_shape_fields divides range and gap by ATR14,10.86,14.58,5085.0,16953.0,18387.0,0.0,1.608,DROP,,,,,bar_range_class=C,False,1
BAR_TAXONOMY,bar_range_class=V,bar_range_class,1439606,47142,2776,9.35,8.61,0.74,1.086,1.74,0.61,0.55,0.28,100.0,,,,,False,False,81,compute_bar_shape_fields divides range and gap by ATR14,8.19,16.98,5528.0,19688.0,21926.0,3.0,1.842,DROP,,,,,bar_range_class=V,False,1
BAR_TAXONOMY,bar_line5=PB-R2H,bar_line5,1526528,46186,2804,9.31,8.61,0.71,1.082,0.01,0.04,1.75,0.27,100.0,,,,,False,False,50,"compute_line5 wvf_range_len=50 (also wvf_lookback=22, sdev_len=20)",16.64,16.47,7991.0,18835.0,19360.0,3.0,1.804,DROP,,,,,bar_line5=PB-R2H,False,1
BAR_TAXONOMY,bar_line5=PB,bar_line5,1526528,47744,2805,8.74,8.61,0.13,1.015,-0.49,0.07,0.48,0.27,100.0,,,,,False,False,50,"compute_line5 wvf_range_len=50 (also wvf_lookback=22, sdev_len=20)",15.07,17.02,8362.0,19023.0,20359.0,2.0,1.814,DROP,,,,,bar_line5=PB,False,1
BAR_TAXONOMY,bar_line5=PS,bar_line5,1526528,48170,2811,8.23,8.6,-0.37,0.957,-0.58,0.09,-0.61,0.27,100.0,,,,,False,False,50,"compute_line5 wvf_range_len=50 (also wvf_lookback=22, sdev_len=20)",13.69,17.14,8042.0,20020.0,20108.0,1.0,1.684,DROP,,,,,bar_line5=PS,False,1
BAR_TAXONOMY,bar_line5=PS-R2L,bar_line5,1526528,46142,2800,8.46,8.57,-0.11,0.987,0.32,-0.12,-0.04,0.28,100.0,,,,,False,False,50,"compute_line5 wvf_range_len=50 (also wvf_lookback=22, sdev_len=20)",10.56,16.48,7254.0,19879.0,19009.0,1.0,1.749,DROP,,,,,bar_line5=PS-R2L,False,1
BAR_TAXONOMY,bar_line5=PB-R2D,bar_line5,1526528,50888,2802,8.91,8.61,0.31,1.036,-0.11,-0.09,0.9,0.27,100.0,,,,,False,False,50,"compute_line5 wvf_range_len=50 (also wvf_lookback=22, sdev_len=20)",7.86,18.16,8776.0,20482.0,21630.0,1.0,1.842,DROP,,,,,bar_line5=PB-R2D,False,1
BAR_TAXONOMY,bar_line5=PS-R2X,bar_line5,1526528,46638,2805,8.61,8.59,0.02,1.003,0.29,0.21,-0.08,0.28,100.0,,,,,False,False,50,"compute_line5 wvf_range_len=50 (also wvf_lookback=22, sdev_len=20)",5.71,16.63,7388.0,19898.0,19352.0,2.0,1.747,DROP,,,,,bar_line5=PS-R2X,False,1
BAR_TAXONOMY,bar_line5=VR-PS-R2L,bar_line5,1526528,20859,2761,7.42,8.46,-1.04,0.877,-0.45,-0.11,-1.91,0.34,100.0,,,,,False,False,50,"compute_line5 wvf_range_len=50 (also wvf_lookback=22, sdev_len=20)",5.05,7.55,3465.0,9105.0,8289.0,0.0,1.714,DROP,,,,,bar_line5=VR-PS-R2L,False,1
BAR_TAXONOMY,bar_line5=VX-PS-R2L,bar_line5,1526528,28990,2787,7.85,8.55,-0.69,0.919,0.45,-0.39,-1.26,0.29,100.0,,,,,False,False,50,"compute_line5 wvf_range_len=50 (also wvf_lookback=22, sdev_len=20)",4.72,10.4,4700.0,12315.0,11975.0,1.0,1.703,DROP,,,,,bar_line5=VX-PS-R2L,False,1
BAR_TAXONOMY,bar_line5=PS-R2H,bar_line5,1526528,37374,2795,8.59,8.6,-0.01,0.999,-0.4,-0.12,0.39,0.31,100.0,,,,,False,False,50,"compute_line5 wvf_range_len=50 (also wvf_lookback=22, sdev_len=20)",4.27,13.37,5992.0,15681.0,15701.0,1.0,1.702,DROP,,,,,bar_line5=PS-R2H,False,1
BAR_TAXONOMY,bar_line5=PB-R2L,bar_line5,1526528,36335,2779,8.86,8.56,0.3,1.035,0.13,0.05,0.76,0.32,100.0,,,,,False,False,50,"compute_line5 wvf_range_len=50 (also wvf_lookback=22, sdev_len=20)",4.09,13.07,5787.0,15258.0,15290.0,3.0,1.87,DROP,,,,,bar_line5=PB-R2L,False,1
BAR_TAXONOMY,bar_line5=VR-PS,bar_line5,1526528,17058,2752,7.44,8.53,-1.09,0.873,-0.1,-0.09,-2.21,0.36,100.0,,,,,False,False,50,"compute_line5 wvf_range_len=50 (also wvf_lookback=22, sdev_len=20)",2.83,6.2,2842.0,7410.0,6806.0,0.0,1.723,DROP,,,,,bar_line5=VR-PS,False,1
BAR_TAXONOMY,bar_line5=VR-PS-R2X,bar_line5,1526528,20688,2754,7.57,8.45,-0.88,0.896,-0.19,-0.01,-1.74,0.35,100.0,,,,,False,False,50,"compute_line5 wvf_range_len=50 (also wvf_lookback=22, sdev_len=20)",2.36,7.51,3378.0,9082.0,8228.0,0.0,1.667,DROP,,,,,bar_line5=VR-PS-R2X,False,1
BAR_TAXONOMY,bar_line5=PS-R2D,bar_line5,1526528,26942,2780,8.64,8.55,0.09,1.01,0.22,0.43,-0.19,0.36,100.0,,,,,False,False,50,"compute_line5 wvf_range_len=50 (also wvf_lookback=22, sdev_len=20)",2.18,9.69,4076.0,11280.0,11586.0,2.0,1.67,DROP,,,,,bar_line5=PS-R2D,False,1
BAR_TAXONOMY,bar_line5=PB-R2X,bar_line5,1526528,25984,2774,8.87,8.6,0.28,1.032,-0.19,-0.08,0.78,0.35,100.0,,,,,False,False,50,"compute_line5 wvf_range_len=50 (also wvf_lookback=22, sdev_len=20)",2.11,9.37,3988.0,10622.0,11374.0,1.0,1.812,DROP,,,,,bar_line5=PB-R2X,False,1
BAR_TAXONOMY,bar_line5=VX-PS-R2X,bar_line5,1526528,11745,2664,6.78,8.48,-1.7,0.799,-0.56,-0.97,-2.7,0.47,100.0,,,,,False,False,50,"compute_line5 wvf_range_len=50 (also wvf_lookback=22, sdev_len=20)",0.84,4.41,1985.0,5035.0,4725.0,0.0,1.542,DROP,,,,,bar_line5=VX-PS-R2X,False,1
OSCILLATOR,rsi2_state=R2L,rsi2_state,1090667,43498,2842,8.15,8.63,-0.48,0.945,0.13,-0.89,-0.51,0.29,67.37,8.67,8.52,5.51,3.37,False,True,20,RSI2 = ewm(alpha=0.5),36.45,15.31,9210.0,16264.0,18024.0,1.0,1.653,DROP,0.14,2868.0,2870.0,,rsi2_state=R2L,False,1
OSCILLATOR,rsi2_state=R2H,rsi2_state,1090667,48639,2845,8.89,8.62,0.27,1.032,-0.56,0.11,1.01,0.28,67.37,8.67,8.52,5.51,3.37,False,True,20,RSI2 = ewm(alpha=0.5),31.6,17.1,10461.0,19087.0,19091.0,2.0,1.734,DROP,0.14,2868.0,2870.0,,rsi2_state=R2H,False,1
OSCILLATOR,rsi2_state=R2X,rsi2_state,1090667,52833,2843,8.13,8.63,-0.5,0.942,-0.2,-0.29,-0.82,0.27,67.37,8.67,8.52,5.51,3.37,False,True,20,RSI2 = ewm(alpha=0.5),16.48,18.58,10789.0,20673.0,21371.0,0.0,1.651,DROP,0.14,2868.0,2870.0,,rsi2_state=R2X,False,1
OSCILLATOR,rsi2_state=R2D,rsi2_state,1090667,56501,2844,8.6,8.63,-0.02,0.997,-0.66,-0.09,0.41,0.26,67.37,8.67,8.52,5.51,3.37,False,True,20,RSI2 = ewm(alpha=0.5),15.46,19.87,11971.0,21860.0,22670.0,1.0,1.753,DROP,0.14,2868.0,2870.0,,rsi2_state=R2D,False,1
OSCILLATOR,wvf_spike,wvf_spike,1526528,32883,2802,8.08,8.61,-0.52,0.939,0.32,-0.2,-1.08,0.29,100.0,,,,,False,False,50,compute_line5 wvf_range_len=50,6.33,11.74,5306.0,13592.0,13985.0,1.0,1.679,DROP,,,,,wvf_spike,False,1
OSCILLATOR,vix_range,vix_range,1526528,23599,2777,7.58,8.57,-0.99,0.885,-0.03,-0.17,-1.94,0.31,100.0,,,,,False,False,50,compute_line5 wvf_range_len=50,11.49,8.5,4092.0,10175.0,9332.0,0.0,1.68,DROP,,,,,vix_range,False,1
OSCILLATOR,psar_bull,psar_bull,1611609,41548,2843,9.04,8.56,0.48,1.056,0.09,0.04,1.25,0.28,100.0,,,,,False,False,20,"PSAR is a stateful recursive tracker with no declared warm-up; global floor, not a derived number",46.73,14.61,9023.0,16123.0,16402.0,3.0,1.761,DROP,,,,,psar_bull,False,1
L_VSA,sig_l1,sig_l1,1608759,21874,2845,8.78,8.53,0.25,1.029,0.31,0.46,0.29,0.42,100.0,,,,,False,False,21,"WLNBB_MA_PERIOD=20 volume Bollinger + previous bar; below 20 the bands are NaN and signal_extraction substitutes 0.0, which forces one bucket for the whole warm-up",24.25,7.69,5524.0,8413.0,7937.0,3.0,1.631,DROP,,,,,sig_l1,False,1
L_VSA,sig_l2,sig_l2,1608759,3991,2845,8.12,8.01,0.11,1.013,-0.35,0.05,2.26,0.83,100.0,,,,,False,False,21,"WLNBB_MA_PERIOD=20 volume Bollinger + previous bar; below 20 the bands are NaN and signal_extraction substitutes 0.0, which forces one bucket for the whole warm-up",41.09,1.4,2601.0,780.0,610.0,2.0,1.403,DROP,,,,,sig_l2,False,1
L_VSA,sig_l3,sig_l3,1608759,25716,2848,8.2,8.52,-0.32,0.962,-0.71,0.45,-0.65,0.38,100.0,,,,,False,False,21,"WLNBB_MA_PERIOD=20 volume Bollinger + previous bar; below 20 the bands are NaN and signal_extraction substitutes 0.0, which forces one bucket for the whole warm-up",23.31,9.03,6297.0,9692.0,9727.0,1.0,1.654,DROP,,,,,sig_l3,False,1
L_VSA,sig_l4,sig_l4,1608759,8752,2847,8.58,9.34,-0.76,0.918,0.23,-1.39,-0.87,0.55,100.0,,,,,False,False,21,"WLNBB_MA_PERIOD=20 volume Bollinger + previous bar; below 20 the bands are NaN and signal_extraction substitutes 0.0, which forces one bucket for the whole warm-up",34.75,3.07,3385.0,2396.0,2971.0,1.0,1.409,DROP,,,,,sig_l4,False,1
L_VSA,sig_l5,sig_l5,1608759,17775,2844,8.56,8.63,-0.07,0.991,-0.44,0.02,0.1,0.48,100.0,,,,,False,False,21,"WLNBB_MA_PERIOD=20 volume Bollinger + previous bar; below 20 the bands are NaN and signal_extraction substitutes 0.0, which forces one bucket for the whole warm-up",26.16,6.25,4863.0,5908.0,7004.0,2.0,1.755,DROP,,,,,sig_l5,False,1
L_VSA,sig_l6,sig_l6,1608759,24247,2845,8.61,8.61,0.0,1.0,0.46,-0.64,0.25,0.37,100.0,,,,,False,False,21,"WLNBB_MA_PERIOD=20 volume Bollinger + previous bar; below 20 the bands are NaN and signal_extraction substitutes 0.0, which forces one bucket for the whole warm-up",24.19,8.52,6117.0,8412.0,9718.0,2.0,1.56,DROP,,,,,sig_l6,False,1
TZ,tz_bull,tz_bull,1611609,4626,2849,8.8,8.57,0.22,1.026,-0.31,1.73,0.85,1.1,100.0,,,,,False,False,20,two-bar candle pattern (signal_logic T/Z raws),47.18,1.62,2693.0,945.0,988.0,2.0,1.252,DROP,,,,G003,sig_t,True,2
OSCILLATOR,rsi_14>p90,rsi_14,1439606,17753,2741,9.69,8.99,0.7,1.078,0.06,-0.28,1.11,0.41,99.83,8.61,14.02,4.71,7.95,False,True,81,RSI14 Wilder RMA seed -> 81,9.98,6.48,2206.0,6543.0,9004.0,2.0,1.861,DROP,-5.41,2869.0,2831.0,,rsi_14>p90,False,1
OSCILLATOR,rsi_14<p10,rsi_14,1439606,18042,2721,8.43,8.16,0.27,1.033,3.43,0.87,-0.59,0.4,99.83,8.61,14.02,4.71,7.95,False,True,81,RSI14 Wilder RMA seed -> 81,9.97,6.63,2182.0,8592.0,7268.0,2.0,1.944,DROP,-5.41,2869.0,2831.0,,rsi_14<p10,False,1
OSCILLATOR,cci_20>p90,cci_20,1611609,28283,2814,9.76,8.63,1.14,1.132,1.07,0.06,1.74,0.33,100.0,,,,,True,False,20,20-bar CCI,10.0,10.05,5836.0,9942.0,12505.0,3.0,1.875,RETAIN,,,,,cci_20>p90,False,1
OSCILLATOR,cci_20<p10,cci_20,1611609,30424,2804,8.15,8.47,-0.32,0.962,0.44,-0.15,-0.49,0.3,100.0,,,,,False,False,20,20-bar CCI,9.99,10.85,6328.0,12873.0,11223.0,1.0,1.819,DROP,,,,,cci_20<p10,False,1
L_VSA,sig_l88,sig_l88,1608759,11743,2603,8.92,8.77,0.15,1.017,-0.72,0.48,0.23,0.75,100.0,,,,,False,False,21,"WLNBB_MA_PERIOD=20 volume Bollinger + previous bar; below 20 the bands are NaN and signal_extraction substitutes 0.0, which forces one bucket for the whole warm-up",0.84,4.51,2018.0,4517.0,5208.0,2.0,1.526,DROP,,,,,sig_l88,False,1
PARA,para_prep,para_prep,1439606,24463,2605,8.3,8.86,-0.55,0.937,0.26,-0.63,-1.02,0.44,100.0,,,,,False,False,81,para_engine BASE_LEN/BRK_LEN/VOL_LEN=20 over _rma(ATR_LEN=14),3.05,9.39,3519.0,9156.0,11788.0,1.0,1.797,DROP,,,,,para_prep,False,1
PARA,para_start,para_start,1439606,16669,2542,8.96,9.05,-0.09,0.99,0.36,-0.15,-0.58,0.49,100.0,,,,,False,False,81,para_engine BASE_LEN/BRK_LEN/VOL_LEN=20 over _rma(ATR_LEN=14),2.65,6.56,2363.0,6027.0,8279.0,1.0,1.937,DROP,,,,,para_start,False,1
PARA,para_plus,para_plus,1439606,17072,2540,8.89,9.04,-0.15,0.983,0.32,-0.16,-0.7,0.49,100.0,,,,,False,False,81,para_engine BASE_LEN/BRK_LEN/VOL_LEN=20 over _rma(ATR_LEN=14),2.5,6.72,2409.0,6146.0,8517.0,1.0,1.933,DROP,,,,,para_plus,False,1
PARA,para_retest,para_retest,1439606,11237,2329,7.88,9.25,-1.37,0.852,-1.33,-1.25,-1.98,0.61,100.0,,,,,False,False,81,para_engine BASE_LEN/BRK_LEN/VOL_LEN=20 over _rma(ATR_LEN=14),1.06,4.82,1473.0,3983.0,5781.0,0.0,1.785,DROP,,,,,para_retest,False,1
FLY,fly_abcd,fly_abcd,115669,3676,2200,20.57,21.3,-0.73,0.966,,,-0.73,0.54,100.0,,,,,False,False,600,fly_engine LOOKBACK=30/WIN_AB=30 over _ema(9..200),23.08,1.67,,,3676.0,0.0,3.977,DROP,,,,,fly_abcd,False,1
FLY,fly_cd,fly_cd,115669,3595,2218,21.11,21.28,-0.17,0.992,,,-0.17,0.56,100.0,,,,,False,False,600,fly_engine LOOKBACK=30/WIN_AB=30 over _ema(9..200),25.43,1.62,,,3595.0,0.0,4.047,DROP,,,,,fly_cd,False,1
FLY,fly_bd,fly_bd,115669,3539,2222,20.99,21.3,-0.3,0.986,,,-0.3,0.57,100.0,,,,,False,False,600,fly_engine LOOKBACK=30/WIN_AB=30 over _ema(9..200),26.05,1.59,,,3539.0,0.0,4.042,DROP,,,,,fly_bd,False,1
FLY,fly_ad,fly_ad,115669,3682,2193,20.86,21.27,-0.42,0.98,,,-0.42,0.54,100.0,,,,,False,False,600,fly_engine LOOKBACK=30/WIN_AB=30 over _ema(9..200),22.22,1.68,,,3682.0,0.0,4.068,DROP,,,,,fly_ad,False,1
BAR_TAXONOMY,composite_vol=Z2GL5ED·L,composite_vol,1607905,25112,2777,7.92,8.52,-0.6,0.93,-0.03,-0.59,-0.6,0.4,99.78,8.61,13.81,4.72,3.36,False,True,21,composite = T/Z + L + suffix; inherits L_VSA's 20,1.98,9.04,4584.0,10616.0,9912.0,0.0,1.703,DROP,-5.21,2870.0,2807.0,,composite_vol=Z2GL5ED·L,False,1
BAR_TAXONOMY,composite_vol=T2GL12EU·L,composite_vol,1607905,23416,2708,7.8,8.61,-0.81,0.906,-0.51,-0.8,-0.73,0.43,99.78,8.61,13.81,4.72,3.36,False,True,21,composite = T/Z + L + suffix; inherits L_VSA's 20,1.82,8.65,5053.0,9494.0,8869.0,0.0,1.862,DROP,-5.21,2870.0,2807.0,,composite_vol=T2GL12EU·L,False,1
BAR_TAXONOMY,composite_vol=Z2GL46ED·L,composite_vol,1607905,22906,2780,8.29,8.48,-0.19,0.977,-0.2,0.54,-0.57,0.39,99.78,8.61,13.81,4.72,3.36,False,True,21,composite = T/Z + L + suffix; inherits L_VSA's 20,1.78,8.24,4460.0,9939.0,8507.0,1.0,1.801,DROP,-5.21,2870.0,2807.0,,composite_vol=Z2GL46ED·L,False,1
BAR_TAXONOMY,composite_vol=T2GL3EU·L,composite_vol,1607905,19367,2704,8.13,8.67,-0.54,0.937,0.13,-0.66,-0.76,0.44,99.78,8.61,13.81,4.72,3.36,False,True,21,composite = T/Z + L + suffix; inherits L_VSA's 20,1.48,7.16,3954.0,7516.0,7897.0,1.0,1.806,DROP,-5.21,2870.0,2807.0,,composite_vol=T2GL3EU·L,False,1
BAR_TAXONOMY,composite_vol=Z2GL46ED·N,composite_vol,1607905,18368,2718,8.34,8.38,-0.05,0.994,0.28,0.07,0.12,0.46,99.78,8.61,13.81,4.72,3.36,False,True,21,composite = T/Z + L + suffix; inherits L_VSA's 20,1.35,6.76,3269.0,8173.0,6926.0,3.0,1.995,DROP,-5.21,2870.0,2807.0,,composite_vol=Z2GL46ED·N,False,1
BAR_TAXONOMY,composite_vol=Z2L5ED·L,composite_vol,1607905,17638,2747,8.18,8.44,-0.26,0.969,0.15,-0.05,-0.64,0.5,99.78,8.61,13.81,4.72,3.36,False,True,21,composite = T/Z + L + suffix; inherits L_VSA's 20,1.29,6.42,3575.0,6727.0,7336.0,1.0,1.616,DROP,-5.21,2870.0,2807.0,,composite_vol=Z2L5ED·L,False,1
BAR_TAXONOMY,composite_vol=T2GL3EU·N,composite_vol,1607905,16977,2647,8.8,8.68,0.12,1.014,1.16,-1.22,0.73,0.48,99.78,8.61,13.81,4.72,3.36,False,True,21,composite = T/Z + L + suffix; inherits L_VSA's 20,1.24,6.41,3210.0,6477.0,7290.0,2.0,1.972,DROP,-5.21,2870.0,2807.0,,composite_vol=T2GL3EU·N,False,1
BAR_TAXONOMY,composite_vol=Z2GL46ED·B,composite_vol,1607905,13865,2577,8.79,8.22,0.57,1.07,1.34,-0.16,1.59,0.56,99.78,8.61,13.81,4.72,3.36,False,True,21,composite = T/Z + L + suffix; inherits L_VSA's 20,1.03,5.38,2465.0,6276.0,5124.0,2.0,2.238,DROP,-5.21,2870.0,2807.0,,composite_vol=Z2GL46ED·B,False,1
BAR_TAXONOMY,composite_vol=T2L12EU·L,composite_vol,1607905,14622,2706,8.04,8.64,-0.59,0.931,-1.06,-0.32,-0.65,0.49,99.78,8.61,13.81,4.72,3.36,False,True,21,composite = T/Z + L + suffix; inherits L_VSA's 20,1.03,5.4,2481.0,5980.0,6161.0,0.0,1.729,DROP,-5.21,2870.0,2807.0,,composite_vol=T2L12EU·L,False,1
BAR_TAXONOMY,composite_vol=Z2L46ED·L,composite_vol,1607905,13341,2700,8.37,8.45,-0.09,0.989,0.2,0.28,-0.44,0.56,99.78,8.61,13.81,4.72,3.36,False,True,21,composite = T/Z + L + suffix; inherits L_VSA's 20,0.96,4.94,2910.0,4925.0,5506.0,2.0,1.595,DROP,-5.21,2870.0,2807.0,,composite_vol=Z2L46ED·L,False,1
BAR_TAXONOMY,composite_vol=T2GL3EU·B,composite_vol,1607905,12812,2541,9.88,8.86,1.02,1.115,-0.01,-0.07,2.05,0.55,99.78,8.61,13.81,4.72,3.36,False,True,21,composite = T/Z + L + suffix; inherits L_VSA's 20,0.94,5.04,2287.0,4750.0,5775.0,1.0,1.886,DROP,-5.21,2870.0,2807.0,,composite_vol=T2GL3EU·B,False,1
BAR_TAXONOMY,composite_vol=Z3L25NUI·L,composite_vol,1607905,11641,2615,7.81,8.62,-0.81,0.906,-0.34,-0.22,-1.63,0.52,99.78,8.61,13.81,4.72,3.36,False,True,21,composite = T/Z + L + suffix; inherits L_VSA's 20,0.78,4.45,2592.0,4365.0,4684.0,0.0,1.857,DROP,-5.21,2870.0,2807.0,,composite_vol=Z3L25NUI·L,False,1
BAR_TAXONOMY,composite_vol=T3L12NDI·L,composite_vol,1607905,10982,2619,7.54,8.56,-1.02,0.881,-0.97,-0.31,-1.64,0.55,99.78,8.61,13.81,4.72,3.36,False,True,21,composite = T/Z + L + suffix; inherits L_VSA's 20,0.74,4.19,2139.0,4304.0,4539.0,0.0,1.583,DROP,-5.21,2870.0,2807.0,,composite_vol=T3L12NDI·L,False,1
BAR_TAXONOMY,composite_vol=T2L3EU·L,composite_vol,1607905,10184,2671,8.13,8.84,-0.71,0.92,-0.06,-0.54,-1.26,0.57,99.78,8.61,13.81,4.72,3.36,False,True,21,composite = T/Z + L + suffix; inherits L_VSA's 20,0.7,3.81,1765.0,3866.0,4553.0,0.0,1.577,DROP,-5.21,2870.0,2807.0,,composite_vol=T2L3EU·L,False,1
BAR_TAXONOMY,composite_vol=Z2L46ED·N,composite_vol,1607905,9761,2590,8.71,8.23,0.47,1.058,0.84,-0.1,0.98,0.66,99.78,8.61,13.81,4.72,3.36,False,True,21,composite = T/Z + L + suffix; inherits L_VSA's 20,0.67,3.77,1869.0,3851.0,4041.0,2.0,1.74,DROP,-5.21,2870.0,2807.0,,composite_vol=Z2L46ED·N,False,1
BAR_TAXONOMY,composite_vol=T2GL12EU·N,composite_vol,1607905,8734,2367,8.94,8.82,0.13,1.014,-1.09,0.13,0.61,0.64,99.78,8.61,13.81,4.72,3.36,False,True,21,composite = T/Z + L + suffix; inherits L_VSA's 20,0.6,3.69,1589.0,3504.0,3641.0,2.0,1.94,DROP,-5.21,2870.0,2807.0,,composite_vol=T2GL12EU·N,False,1
BAR_TAXONOMY,composite_vol=Z2GL5ED·N,composite_vol,1607905,8610,2529,7.75,8.17,-0.42,0.949,-0.57,0.32,-0.87,0.59,99.78,8.61,13.81,4.72,3.36,False,True,21,composite = T/Z + L + suffix; inherits L_VSA's 20,0.59,3.4,1506.0,3770.0,3334.0,1.0,1.92,DROP,-5.21,2870.0,2807.0,,composite_vol=Z2GL5ED·N,False,1
BAR_TAXONOMY,composite_vol=T2L3EU·N,composite_vol,1607905,7999,2532,8.81,8.92,-0.1,0.988,-0.54,-0.47,0.3,0.6,99.78,8.61,13.81,4.72,3.36,False,True,21,composite = T/Z + L + suffix; inherits L_VSA's 20,0.54,3.16,1205.0,3214.0,3580.0,1.0,1.559,DROP,-5.21,2870.0,2807.0,,composite_vol=T2L3EU·N,False,1
WYCKOFF,w2_sc,w2_sc,1221991,9133,2625,9.32,8.42,0.9,1.107,,-0.2,2.25,0.45,100.0,,,,,False,False,160,"wyckoff_v2_engine: declared refusal n < _Q_LOOKBACK(90)+_PIVOT_LEN(6)+2, _CYCLE_MAX=160, _EMA_SLOW=50",0.75,3.48,,4636.0,4497.0,1.0,2.106,DROP,,,,,w2_sc,False,1
WYCKOFF,w2_ar,w2_ar,1221991,6603,2557,7.98,8.34,-0.36,0.957,,-0.84,0.38,0.47,100.0,,,,,False,False,160,"wyckoff_v2_engine: declared refusal n < _Q_LOOKBACK(90)+_PIVOT_LEN(6)+2, _CYCLE_MAX=160, _EMA_SLOW=50",0.54,2.58,,3446.0,3157.0,1.0,1.75,DROP,,,,,w2_ar,False,1
WYCKOFF,w2_st,w2_st,1221991,2022,1488,8.36,6.9,1.46,1.211,,0.35,2.86,0.99,100.0,,,,,True,False,160,"wyckoff_v2_engine: declared refusal n < _Q_LOOKBACK(90)+_PIVOT_LEN(6)+2, _CYCLE_MAX=160, _EMA_SLOW=50",0.17,1.36,,1122.0,900.0,2.0,1.805,RETAIN,,,,,w2_st,False,1
WYCKOFF,w2_spring,w2_spring,1221991,2447,1476,8.66,6.88,1.79,1.26,,0.48,4.06,1.39,100.0,,,,,True,False,160,"wyckoff_v2_engine: declared refusal n < _Q_LOOKBACK(90)+_PIVOT_LEN(6)+2, _CYCLE_MAX=160, _EMA_SLOW=50",0.27,1.66,,1522.0,925.0,2.0,1.922,RETAIN,,,,,w2_spring,False,1
WYCKOFF,w2_sos,w2_sos,1221991,3110,1657,7.85,10.18,-2.34,0.77,,-1.16,-3.28,1.16,100.0,,,,,False,False,160,"wyckoff_v2_engine: declared refusal n < _Q_LOOKBACK(90)+_PIVOT_LEN(6)+2, _CYCLE_MAX=160, _EMA_SLOW=50",0.35,1.88,,1364.0,1746.0,0.0,1.629,DROP,,,,,w2_sos,False,1
WYCKOFF,w2_jac,w2_jac,1221991,2916,1635,9.47,10.8,-1.34,0.876,,-0.07,-2.28,1.34,100.0,,,,,False,False,160,"wyckoff_v2_engine: declared refusal n < _Q_LOOKBACK(90)+_PIVOT_LEN(6)+2, _CYCLE_MAX=160, _EMA_SLOW=50",0.33,1.78,,1182.0,1734.0,0.0,1.496,DROP,,,,,w2_jac,False,1
WYCKOFF,w2_evr,w2_evr,1221991,4622,1924,8.91,7.27,1.64,1.226,,1.03,2.44,1.0,100.0,,,,,True,False,160,"wyckoff_v2_engine: declared refusal n < _Q_LOOKBACK(90)+_PIVOT_LEN(6)+2, _CYCLE_MAX=160, _EMA_SLOW=50",0.62,2.4,,2437.0,2185.0,2.0,1.956,RETAIN,,,,,w2_evr,False,1
WYCKOFF,w2_accum,w2_accum,1221991,8970,2677,9.02,8.44,0.58,1.069,,-0.29,2.38,0.41,100.0,,,,,False,False,160,"wyckoff_v2_engine: declared refusal n < _Q_LOOKBACK(90)+_PIVOT_LEN(6)+2, _CYCLE_MAX=160, _EMA_SLOW=50",49.28,3.35,,5118.0,3852.0,1.0,1.811,DROP,,,,,w2_accum,False,1
WYCKOFF,w2_break,w2_break,1221991,3167,2033,8.08,9.75,-1.67,0.829,,-1.88,-1.32,0.63,100.0,,,,,False,False,160,"wyckoff_v2_engine: declared refusal n < _Q_LOOKBACK(90)+_PIVOT_LEN(6)+2, _CYCLE_MAX=160, _EMA_SLOW=50",11.68,1.56,,1576.0,1591.0,0.0,1.38,DROP,,,,,w2_break,False,1
WYCKOFF,w2_state>p90,w2_state,1221991,0,0,,,,,,,,,100.0,,,,,,False,160,"wyckoff_v2_engine: declared refusal n < _Q_LOOKBACK(90)+_PIVOT_LEN(6)+2, _CYCLE_MAX=160, _EMA_SLOW=50",0.0,,,,,,,INSUFFICIENT,,,,G005,w2_state<p10,True,2
WYCKOFF,w2_state<p10,w2_state,1221991,0,0,,,,,,,,,100.0,,,,,,False,160,"wyckoff_v2_engine: declared refusal n < _Q_LOOKBACK(90)+_PIVOT_LEN(6)+2, _CYCLE_MAX=160, _EMA_SLOW=50",0.0,,,,,,,INSUFFICIENT,,,,G005,w2_state<p10,False,2
WYCKOFF,wt_valid_tr,wt_valid_tr,1392409,14881,2714,8.35,8.57,-0.22,0.974,3.62,-0.76,-0.55,0.43,100.0,,,,,False,False,98,wyckoff_trig_engine declared refusal: n < _LOOKBACK(90) + 2*_SW_WIN(3) + 2,48.08,5.48,2422.0,5740.0,6719.0,1.0,1.691,DROP,,,,,wt_valid_tr,False,1
WYCKOFF,wt_sos,wt_sos,1392409,2012,1332,10.59,10.82,-0.23,0.978,-1.91,-0.03,0.18,1.24,100.0,,,,,False,False,98,wyckoff_trig_engine declared refusal: n < _LOOKBACK(90) + 2*_SW_WIN(3) + 2,0.16,1.51,197.0,741.0,1074.0,1.0,1.192,DROP,,,,,wt_sos,False,1
WYCKOFF,wt_spring,wt_spring,1392409,7622,2368,8.53,7.94,0.59,1.074,0.91,0.08,1.62,0.79,100.0,,,,,False,False,98,wyckoff_trig_engine declared refusal: n < _LOOKBACK(90) + 2*_SW_WIN(3) + 2,0.71,3.22,682.0,3364.0,3576.0,3.0,1.796,DROP,,,,,wt_spring,False,1
WYCKOFF,wt_lps,wt_lps,1392409,20610,2643,8.15,8.23,-0.08,0.99,1.94,0.17,-0.2,0.43,100.0,,,,,False,False,98,wyckoff_trig_engine declared refusal: n < _LOOKBACK(90) + 2*_SW_WIN(3) + 2,12.22,7.8,2353.0,9157.0,9100.0,2.0,1.74,DROP,,,,,wt_lps,False,1
WYCKOFF,wt_evr,wt_evr,1392409,14415,2527,8.57,8.01,0.57,1.071,2.7,0.4,0.85,0.59,100.0,,,,,False,False,98,wyckoff_trig_engine declared refusal: n < _LOOKBACK(90) + 2*_SW_WIN(3) + 2,1.94,5.7,1495.0,6352.0,6568.0,3.0,1.893,DROP,,,,,wt_evr,False,1
WYCKOFF,w2_tr_quality>p90,w2_tr_quality,1221991,5003,1324,8.0,7.47,0.53,1.07,,0.29,0.89,1.02,100.0,,,,,False,False,160,"wyckoff_v2_engine: declared refusal n < _Q_LOOKBACK(90)+_PIVOT_LEN(6)+2, _CYCLE_MAX=160, _EMA_SLOW=50",9.95,3.78,,2288.0,2715.0,2.0,1.941,DROP,,,,,w2_tr_quality>p90,False,1
WYCKOFF,w2_tr_quality<p10,w2_tr_quality,1221991,2535,1507,8.13,9.59,-1.46,0.848,,-2.38,-0.38,1.1,100.0,,,,,False,False,160,"wyckoff_v2_engine: declared refusal n < _Q_LOOKBACK(90)+_PIVOT_LEN(6)+2, _CYCLE_MAX=160, _EMA_SLOW=50",6.62,1.68,,1251.0,1284.0,0.0,1.383,DROP,,,,,w2_tr_quality<p10,False,1
WYCKOFF,wt_quality>p90,wt_quality,1392409,15116,2602,8.11,8.46,-0.35,0.959,1.93,-0.69,0.02,0.49,100.0,,,,,False,False,98,wyckoff_trig_engine declared refusal: n < _LOOKBACK(90) + 2*_SW_WIN(3) + 2,9.93,5.81,1485.0,6576.0,7055.0,2.0,1.623,DROP,,,,,wt_quality>p90,False,1
WYCKOFF,wt_quality<p10,wt_quality,1392409,7377,2087,8.74,9.83,-1.09,0.89,-3.83,-0.58,-0.51,0.77,100.0,,,,,False,False,98,wyckoff_trig_engine declared refusal: n < _LOOKBACK(90) + 2*_SW_WIN(3) + 2,9.98,3.53,609.0,3487.0,3281.0,0.0,1.44,DROP,,,,,wt_quality<p10,False,1
WYCKOFF,wt_support>p90,wt_support,1392409,525,435,9.71,8.44,1.28,1.152,6.52,0.19,-4.29,3.43,100.0,,,,,False,False,98,wyckoff_trig_engine declared refusal: n < _LOOKBACK(90) + 2*_SW_WIN(3) + 2,10.0,1.21,321.0,102.0,102.0,2.0,2.13,DROP,,,,,wt_support>p90,False,1
WYCKOFF,wt_support<p10,wt_support,1392409,684,548,12.87,9.38,3.49,1.372,,4.98,0.44,2.49,100.0,,,,,False,False,98,wyckoff_trig_engine declared refusal: n < _LOOKBACK(90) + 2*_SW_WIN(3) + 2,9.99,1.25,,298.0,301.0,2.0,1.943,DROP,,,,,wt_support<p10,False,1
WYCKOFF,wt_resistance>p90,wt_resistance,1392409,509,425,10.61,8.59,2.02,1.235,6.78,3.13,,3.14,100.0,,,,,False,False,98,wyckoff_trig_engine declared refusal: n < _LOOKBACK(90) + 2*_SW_WIN(3) + 2,10.0,1.2,308.0,102.0,,2.0,2.061,DROP,,,,,wt_resistance>p90,False,1
WYCKOFF,wt_resistance<p10,wt_resistance,1392409,693,541,12.27,9.54,2.73,1.286,,4.22,-0.65,2.6,100.0,,,,,False,False,98,wyckoff_trig_engine declared refusal: n < _LOOKBACK(90) + 2*_SW_WIN(3) + 2,9.98,1.28,,299.0,299.0,1.0,1.957,DROP,,,,,wt_resistance<p10,False,1
LEVEL_BREAK,bo_dn,bo_dn,1439606,44885,2763,8.35,8.55,-0.21,0.976,0.51,0.05,-0.46,0.29,94.81,8.54,10.12,4.49,9.71,False,True,81,"gog_engine _SEQ_LOOKBACK=24, _SUPPORT_LOOKBACK=18, rolling(20), _RSI_LENGTH=14 RMA",6.41,16.25,5407.0,19888.0,19590.0,2.0,1.704,DROP,-1.58,2867.0,2273.0,,bo_dn,False,1
LEVEL_BREAK,bx_dn,bx_dn,1439606,32350,2747,8.3,8.48,-0.19,0.978,0.52,0.02,-0.23,0.34,94.81,8.54,10.12,4.49,9.71,False,True,81,"gog_engine _SEQ_LOOKBACK=24, _SUPPORT_LOOKBACK=18, rolling(20), _RSI_LENGTH=14 RMA",4.22,11.78,3216.0,15160.0,13974.0,2.0,1.781,DROP,-1.58,2867.0,2273.0,,bx_dn,False,1
LEVEL_BREAK,be_dn,be_dn,1439606,41853,2756,8.45,8.53,-0.08,0.991,0.33,-0.07,-0.09,0.3,94.81,8.54,10.12,4.49,9.71,False,True,81,"gog_engine _SEQ_LOOKBACK=24, _SUPPORT_LOOKBACK=18, rolling(20), _RSI_LENGTH=14 RMA",5.09,15.19,4920.0,18241.0,18692.0,1.0,1.734,DROP,-1.58,2867.0,2273.0,,be_dn,False,1
VOL_ABSORB,rtv,rtv,1439606,31588,2751,7.55,8.52,-0.97,0.887,0.66,-0.41,-1.75,0.31,94.81,8.54,10.12,4.49,9.71,False,True,81,"vabs_engine _MA_PERIOD=20, _VOL_LEN=20, _BREAK_BARS=10 over ATR14 RMA",3.82,11.48,4224.0,13942.0,13422.0,1.0,1.649,DROP,-1.58,2867.0,2273.0,,rtv,False,1
VOL_ABSORB,svs_raw,svs_raw,1439606,42103,2771,9.48,8.62,0.86,1.1,0.26,0.5,1.37,0.29,94.81,8.54,10.12,4.49,9.71,False,True,81,"vabs_engine _MA_PERIOD=20, _VOL_LEN=20, _BREAK_BARS=10 over ATR14 RMA",4.8,15.19,4657.0,18200.0,19246.0,3.0,1.767,DROP,-1.58,2867.0,2273.0,G008,sig_svs,True,3
VOL_ABSORB,cons_atr,cons_atr,1439606,2845,1136,10.47,9.83,0.65,1.066,-0.08,1.43,0.33,1.79,94.81,8.54,10.12,4.49,9.71,False,True,81,"vabs_engine _MA_PERIOD=20, _VOL_LEN=20, _BREAK_BARS=10 over ATR14 RMA",1.32,2.5,204.0,1124.0,1517.0,2.0,1.163,DROP,-1.58,2867.0,2273.0,,cons_atr,False,1
GOG_GAP,gog1,gog1,1439606,42954,2762,9.02,8.62,0.4,1.047,0.37,-0.18,1.13,0.31,94.81,8.54,10.12,4.49,9.71,False,True,81,"gog_engine _SEQ_LOOKBACK=24, _SUPPORT_LOOKBACK=18, rolling(20), _RSI_LENGTH=14 RMA",5.89,15.55,5431.0,18606.0,18917.0,2.0,1.887,DROP,-1.58,2867.0,2273.0,,gog1,False,1
GOG_GAP,setup_tokens=N,setup_tokens,293516,40892,2761,8.26,8.63,-0.37,0.957,-0.32,-0.16,-0.51,0.3,19.28,8.59,8.63,5.81,4.49,False,True,81,"gog_engine _SEQ_LOOKBACK=24, _SUPPORT_LOOKBACK=18, rolling(20), _RSI_LENGTH=14 RMA",26.69,14.81,5052.0,17420.0,18420.0,0.0,1.717,DROP,-0.04,2863.0,2870.0,,setup_tokens=N,False,1
GOG_GAP,setup_tokens=A SM N MX,setup_tokens,293516,37450,2764,8.84,8.66,0.18,1.02,0.42,0.11,0.23,0.3,19.28,8.59,8.63,5.81,4.49,False,True,81,"gog_engine _SEQ_LOOKBACK=24, _SUPPORT_LOOKBACK=18, rolling(20), _RSI_LENGTH=14 RMA",20.89,13.55,4352.0,16106.0,16992.0,3.0,1.781,DROP,-0.04,2863.0,2870.0,,setup_tokens=A SM N MX,False,1
GOG_GAP,setup_tokens=A SM MX,setup_tokens,293516,21889,2703,8.13,8.61,-0.47,0.945,-0.93,-0.4,-0.35,0.38,19.28,8.59,8.63,5.81,4.49,False,True,81,"gog_engine _SEQ_LOOKBACK=24, _SUPPORT_LOOKBACK=18, rolling(20), _RSI_LENGTH=14 RMA",9.74,8.1,2480.0,9439.0,9970.0,0.0,1.668,DROP,-0.04,2863.0,2870.0,,setup_tokens=A SM MX,False,1
GOG_GAP,setup_tokens=MX,setup_tokens,293516,14178,2704,8.8,8.6,0.2,1.023,-0.79,0.19,0.77,0.46,19.28,8.59,8.63,5.81,4.49,False,True,81,"gog_engine _SEQ_LOOKBACK=24, _SUPPORT_LOOKBACK=18, rolling(20), _RSI_LENGTH=14 RMA",6.16,5.24,1643.0,6338.0,6197.0,2.0,1.842,DROP,-0.04,2863.0,2870.0,,setup_tokens=MX,False,1
GOG_GAP,setup_tokens=SM,setup_tokens,293516,13307,2712,9.09,8.84,0.25,1.029,0.08,0.45,0.2,0.44,19.28,8.59,8.63,5.81,4.49,False,True,81,"gog_engine _SEQ_LOOKBACK=24, _SUPPORT_LOOKBACK=18, rolling(20), _RSI_LENGTH=14 RMA",5.84,4.91,1685.0,5633.0,5989.0,3.0,1.822,DROP,-0.04,2863.0,2870.0,,setup_tokens=SM,False,1
GOG_GAP,setup_tokens=SM N,setup_tokens,293516,8611,2569,8.97,8.62,0.35,1.04,0.01,0.12,0.65,0.59,19.28,8.59,8.63,5.81,4.49,False,True,81,"gog_engine _SEQ_LOOKBACK=24, _SUPPORT_LOOKBACK=18, rolling(20), _RSI_LENGTH=14 RMA",3.71,3.35,1080.0,3620.0,3911.0,3.0,1.865,DROP,-0.04,2863.0,2870.0,,setup_tokens=SM N,False,1
GOG_GAP,setup_tokens=SM MX,setup_tokens,293516,8785,2584,9.4,8.56,0.84,1.098,0.54,0.42,1.5,0.56,19.28,8.59,8.63,5.81,4.49,False,True,81,"gog_engine _SEQ_LOOKBACK=24, _SUPPORT_LOOKBACK=18, rolling(20), _RSI_LENGTH=14 RMA",3.56,3.4,968.0,3845.0,3972.0,3.0,1.807,DROP,-0.04,2863.0,2870.0,,setup_tokens=SM MX,False,1
GOG_GAP,setup_tokens=A,setup_tokens,293516,8697,2597,8.66,8.76,-0.1,0.988,-0.37,0.28,-0.28,0.62,19.28,8.59,8.63,5.81,4.49,False,True,81,"gog_engine _SEQ_LOOKBACK=24, _SUPPORT_LOOKBACK=18, rolling(20), _RSI_LENGTH=14 RMA",3.54,3.35,963.0,3807.0,3927.0,1.0,1.67,DROP,-0.04,2863.0,2870.0,,setup_tokens=A,False,1
GOG_GAP,setup_tokens=SM N MX,setup_tokens,293516,8356,2596,8.88,8.66,0.22,1.026,2.09,0.03,0.02,0.57,19.28,8.59,8.63,5.81,4.49,False,True,81,"gog_engine _SEQ_LOOKBACK=24, _SUPPORT_LOOKBACK=18, rolling(20), _RSI_LENGTH=14 RMA",3.46,3.22,957.0,3553.0,3846.0,3.0,1.682,DROP,-0.04,2863.0,2870.0,,setup_tokens=SM N MX,False,1
GOG_GAP,setup_tokens=N MX,setup_tokens,293516,7672,2549,9.01,8.6,0.41,1.048,0.66,0.9,-0.0,0.68,19.28,8.59,8.63,5.81,4.49,False,True,81,"gog_engine _SEQ_LOOKBACK=24, _SUPPORT_LOOKBACK=18, rolling(20), _RSI_LENGTH=14 RMA",3.21,3.01,807.0,3348.0,3517.0,2.0,1.697,DROP,-0.04,2863.0,2870.0,,setup_tokens=N MX,False,1
GOG_GAP,setup_tokens=A SM N,setup_tokens,293516,7556,2545,8.59,8.42,0.17,1.02,-0.57,-0.11,0.88,0.6,19.28,8.59,8.63,5.81,4.49,False,True,81,"gog_engine _SEQ_LOOKBACK=24, _SUPPORT_LOOKBACK=18, rolling(20), _RSI_LENGTH=14 RMA",3.1,2.97,886.0,3442.0,3228.0,1.0,1.711,DROP,-0.04,2863.0,2870.0,,setup_tokens=A SM N,False,1
GOG_GAP,setup_tokens=A N MX,setup_tokens,293516,7193,2518,8.9,9.1,-0.2,0.978,-1.5,-0.28,0.24,0.6,19.28,8.59,8.63,5.81,4.49,False,True,81,"gog_engine _SEQ_LOOKBACK=24, _SUPPORT_LOOKBACK=18, rolling(20), _RSI_LENGTH=14 RMA",2.93,2.86,869.0,2947.0,3377.0,1.0,1.63,DROP,-0.04,2863.0,2870.0,,setup_tokens=A N MX,False,1
GOG_GAP,setup_tokens=A MX,setup_tokens,293516,6836,2472,8.97,9.13,-0.17,0.982,-0.9,-0.2,0.08,0.59,19.28,8.59,8.63,5.81,4.49,False,True,81,"gog_engine _SEQ_LOOKBACK=24, _SUPPORT_LOOKBACK=18, rolling(20), _RSI_LENGTH=14 RMA",2.74,2.77,858.0,2806.0,3172.0,1.0,1.66,DROP,-0.04,2863.0,2870.0,,setup_tokens=A MX,False,1
GOG_GAP,setup_tokens=A N,setup_tokens,293516,5546,2328,9.12,8.32,0.8,1.097,1.16,0.72,0.96,0.67,19.28,8.59,8.63,5.81,4.49,False,True,81,"gog_engine _SEQ_LOOKBACK=24, _SUPPORT_LOOKBACK=18, rolling(20), _RSI_LENGTH=14 RMA",2.24,2.38,580.0,2439.0,2527.0,3.0,1.879,DROP,-0.04,2863.0,2870.0,,setup_tokens=A N,False,1
GOG_GAP,setup_tokens=A SM,setup_tokens,293516,5484,2319,9.3,8.57,0.73,1.085,1.1,0.55,0.94,0.69,19.28,8.59,8.63,5.81,4.49,False,True,81,"gog_engine _SEQ_LOOKBACK=24, _SUPPORT_LOOKBACK=18, rolling(20), _RSI_LENGTH=14 RMA",2.18,2.36,613.0,2361.0,2510.0,3.0,1.712,DROP,-0.04,2863.0,2870.0,,setup_tokens=A SM,False,1
GOG_GAP,context_tokens=WRC,context_tokens,282385,38493,2738,8.38,8.82,-0.44,0.95,0.17,-0.48,-0.51,0.32,18.6,8.87,8.56,5.05,4.64,False,True,81,"gog_engine _SEQ_LOOKBACK=24, _SUPPORT_LOOKBACK=18, rolling(20), _RSI_LENGTH=14 RMA",30.43,14.06,4834.0,16552.0,17107.0,1.0,1.76,DROP,0.31,2859.0,2870.0,,context_tokens=WRC,False,1
GOG_GAP,context_tokens=LD,context_tokens,282385,33069,2750,9.01,8.92,0.09,1.01,0.66,-0.27,0.3,0.33,18.6,8.87,8.56,5.05,4.64,False,True,81,"gog_engine _SEQ_LOOKBACK=24, _SUPPORT_LOOKBACK=18, rolling(20), _RSI_LENGTH=14 RMA",16.5,12.03,3776.0,14331.0,14962.0,2.0,1.917,DROP,0.31,2859.0,2870.0,,context_tokens=LD,False,1
GOG_GAP,context_tokens=LRC,context_tokens,282385,34165,2739,8.65,8.84,-0.19,0.978,0.29,0.32,-0.74,0.33,18.6,8.87,8.56,5.05,4.64,False,True,81,"gog_engine _SEQ_LOOKBACK=24, _SUPPORT_LOOKBACK=18, rolling(20), _RSI_LENGTH=14 RMA",15.8,12.47,4029.0,14904.0,15232.0,2.0,1.75,DROP,0.31,2859.0,2870.0,,context_tokens=LRC,False,1
GOG_GAP,context_tokens=SVS,context_tokens,282385,24108,2760,9.77,9.06,0.71,1.078,-0.21,0.77,0.61,0.4,18.6,8.87,8.56,5.05,4.64,False,True,81,"gog_engine _SEQ_LOOKBACK=24, _SUPPORT_LOOKBACK=18, rolling(20), _RSI_LENGTH=14 RMA",10.85,8.73,2600.0,9828.0,11680.0,2.0,1.599,DROP,0.31,2859.0,2870.0,,context_tokens=SVS,False,1
GOG_GAP,context_tokens=LD LDS SVS,context_tokens,282385,21593,2723,9.24,8.99,0.26,1.029,-0.18,0.14,0.54,0.42,18.6,8.87,8.56,5.05,4.64,False,True,81,"gog_engine _SEQ_LOOKBACK=24, _SUPPORT_LOOKBACK=18, rolling(20), _RSI_LENGTH=14 RMA",9.1,7.93,2194.0,9637.0,9762.0,2.0,1.815,DROP,0.31,2859.0,2870.0,,context_tokens=LD LDS SVS,False,1
GOG_GAP,context_tokens=SQB,context_tokens,282385,10308,2657,9.21,8.72,0.49,1.056,0.72,1.12,-0.01,0.57,18.6,8.87,8.56,5.05,4.64,False,True,81,"gog_engine _SEQ_LOOKBACK=24, _SUPPORT_LOOKBACK=18, rolling(20), _RSI_LENGTH=14 RMA",4.04,3.88,973.0,4504.0,4831.0,2.0,1.941,DROP,0.31,2859.0,2870.0,,context_tokens=SQB,False,1
GOG_GAP,context_tokens=LD LDS,context_tokens,282385,5561,2246,9.06,9.55,-0.48,0.949,-2.65,-0.32,-0.28,1.08,18.6,8.87,8.56,5.05,4.64,False,True,81,"gog_engine _SEQ_LOOKBACK=24, _SUPPORT_LOOKBACK=18, rolling(20), _RSI_LENGTH=14 RMA",2.11,2.48,612.0,2206.0,2743.0,0.0,1.768,DROP,0.31,2859.0,2870.0,,context_tokens=LD LDS,False,1
GOG_GAP,context_tokens=LD LDC SQB,context_tokens,282385,5261,2263,9.39,8.39,1.0,1.119,0.6,1.56,0.87,0.74,18.6,8.87,8.56,5.05,4.64,True,True,81,"gog_engine _SEQ_LOOKBACK=24, _SUPPORT_LOOKBACK=18, rolling(20), _RSI_LENGTH=14 RMA",1.93,2.32,491.0,2394.0,2376.0,3.0,1.899,RETAIN,0.31,2859.0,2870.0,,context_tokens=LD LDC SQB,False,1
GOG_GAP,context_tokens=F8C,context_tokens,282385,4984,2104,9.35,8.73,0.62,1.071,0.65,0.9,0.29,1.0,18.6,8.87,8.56,5.05,4.64,False,True,81,"gog_engine _SEQ_LOOKBACK=24, _SUPPORT_LOOKBACK=18, rolling(20), _RSI_LENGTH=14 RMA",1.86,2.37,500.0,2097.0,2387.0,3.0,1.796,DROP,0.31,2859.0,2870.0,,context_tokens=F8C,False,1
GOG_GAP,context_tokens=LD LRC,context_tokens,282385,4220,2057,8.58,8.44,0.14,1.017,-0.85,0.33,0.78,0.95,18.6,8.87,8.56,5.05,4.64,False,True,81,"gog_engine _SEQ_LOOKBACK=24, _SUPPORT_LOOKBACK=18, rolling(20), _RSI_LENGTH=14 RMA",1.53,2.05,577.0,1898.0,1745.0,2.0,1.957,DROP,0.31,2859.0,2870.0,,context_tokens=LD LRC,False,1
GOG_GAP,context_tokens=LD LDS LRC SVS,context_tokens,282385,4171,2043,8.99,8.24,0.75,1.091,0.26,1.22,0.93,0.89,18.6,8.87,8.56,5.05,4.64,False,True,81,"gog_engine _SEQ_LOOKBACK=24, _SUPPORT_LOOKBACK=18, rolling(20), _RSI_LENGTH=14 RMA",1.52,2.04,562.0,1901.0,1708.0,3.0,1.957,DROP,0.31,2859.0,2870.0,,context_tokens=LD LDS LRC SVS,False,1
GOG_GAP,context_tokens=LRC SVS,context_tokens,282385,3118,1802,8.53,8.34,0.19,1.023,-0.68,0.26,0.73,1.03,18.6,8.87,8.56,5.05,4.64,False,True,81,"gog_engine _SEQ_LOOKBACK=24, _SUPPORT_LOOKBACK=18, rolling(20), _RSI_LENGTH=14 RMA",1.13,1.73,377.0,1448.0,1293.0,2.0,1.605,DROP,0.31,2859.0,2870.0,,context_tokens=LRC SVS,False,1
GOG_GAP,context_tokens=LD LDS LDC LDP LRC LRP SQB BCT SVS,context_tokens,282385,2607,1608,9.32,8.28,1.04,1.126,1.77,1.67,0.7,1.15,18.6,8.87,8.56,5.05,4.64,True,True,81,"gog_engine _SEQ_LOOKBACK=24, _SUPPORT_LOOKBACK=18, rolling(20), _RSI_LENGTH=14 RMA",0.94,1.62,272.0,1213.0,1122.0,3.0,1.998,RETAIN,0.31,2859.0,2870.0,,context_tokens=LD LDS LDC LDP LRC LRP SQB BCT SVS,False,1
PHYS,phys_r=RF,phys_r,1439606,26934,2781,8.4,8.6,-0.2,0.977,2.7,-0.08,-1.21,0.34,95.04,8.59,9.19,4.65,5.82,False,True,81,"R_VOL_LEN=20, R_MED_LEN=30, ATR14-normalised",26.69,9.69,4461.0,11090.0,11383.0,1.0,1.741,DROP,-0.6,2841.0,2870.0,,phys_r=RF,False,1
PHYS,phys_r=RA,phys_r,1439606,23051,2780,9.2,8.61,0.59,1.068,3.83,-0.14,0.11,0.36,95.04,8.59,9.19,4.65,5.82,False,True,81,"R_VOL_LEN=20, R_MED_LEN=30, ATR14-normalised",26.49,8.29,4119.0,9141.0,9791.0,2.0,1.786,DROP,-0.6,2841.0,2870.0,,phys_r=RA,False,1
PHYS,phys_c=C0,phys_c,1439606,31199,2772,8.97,8.61,0.36,1.042,2.49,0.02,0.13,0.3,91.65,8.6,8.8,4.67,5.17,False,True,81,"C_MED_LEN=50, C_PIV_LR=3, C_MAX_LVLS=12, ATR14-normalised",27.34,11.26,4098.0,13191.0,13910.0,3.0,1.824,DROP,-0.2,2822.0,2870.0,,phys_c=C0,False,1
PHYS,phys_c=C2,phys_c,1439606,30337,2775,9.07,8.61,0.46,1.054,1.72,-0.09,0.69,0.32,91.65,8.6,8.8,4.67,5.17,False,True,81,"C_MED_LEN=50, C_PIV_LR=3, C_MAX_LVLS=12, ATR14-normalised",25.11,10.93,4272.0,12677.0,13388.0,2.0,1.819,DROP,-0.2,2822.0,2870.0,,phys_c=C2,False,1
PHYS,phys_h=H0,phys_h,1439606,29072,2768,7.99,8.6,-0.62,0.928,1.41,-0.63,-1.21,0.3,96.75,8.57,10.05,4.67,5.85,False,True,81,"H_ENT_LEN=20, inside an ATR14-normalised module",37.4,10.5,4069.0,11922.0,13081.0,1.0,1.676,DROP,-1.48,2851.0,2870.0,,phys_h=H0,False,1
PHYS,phys_h=H2,phys_h,1439606,31271,2754,8.61,8.57,0.04,1.004,2.66,-0.45,-0.18,0.29,96.75,8.57,10.05,4.67,5.85,False,True,81,"H_ENT_LEN=20, inside an ATR14-normalised module",21.09,11.35,4216.0,13218.0,13837.0,1.0,1.75,DROP,-1.48,2851.0,2870.0,,phys_h=H2,False,1
PHYS,phys_line6=RN·D·C1·H1,phys_line6,1386871,27470,2717,7.61,8.33,-0.72,0.914,1.15,-0.34,-0.97,0.35,95.04,8.59,9.19,4.65,5.82,False,True,100,composite of every physics axis; module max M_VOL_SLOW=100,5.17,10.11,2600.0,12852.0,12018.0,1.0,1.604,DROP,-0.6,2841.0,2870.0,,phys_line6=RN·D·C1·H1,False,1
PHYS,phys_line6=RN·U·C1·H1,phys_line6,1386871,27113,2722,8.91,8.44,0.47,1.056,1.14,-0.2,1.18,0.35,95.04,8.59,9.19,4.65,5.82,False,True,100,composite of every physics axis; module max M_VOL_SLOW=100,4.7,9.96,2641.0,11717.0,12755.0,2.0,1.826,DROP,-0.6,2841.0,2870.0,,phys_line6=RN·U·C1·H1,False,1
PHYS,phys_line6=RN·D·C1·H0,phys_line6,1386871,19295,2711,8.1,8.31,-0.21,0.975,0.41,0.1,-0.08,0.37,95.04,8.59,9.19,4.65,5.82,False,True,100,composite of every physics axis; module max M_VOL_SLOW=100,4.35,7.12,1848.0,8704.0,8743.0,2.0,1.704,DROP,-0.6,2841.0,2870.0,,phys_line6=RN·D·C1·H0,False,1
PHYS,phys_line6=RN·D·C0·H0,phys_line6,1386871,12833,2685,8.48,8.09,0.38,1.048,0.47,0.74,0.83,0.45,95.04,8.59,9.19,4.65,5.82,False,True,100,composite of every physics axis; module max M_VOL_SLOW=100,4.18,4.78,1208.0,5954.0,5671.0,3.0,1.762,DROP,-0.6,2841.0,2870.0,,phys_line6=RN·D·C0·H0,False,1
PHYS,phys_line6=RA·D·C1·H1,phys_line6,1386871,21502,2716,7.83,8.33,-0.5,0.94,0.98,0.15,-0.88,0.38,95.04,8.59,9.19,4.65,5.82,False,True,100,composite of every physics axis; module max M_VOL_SLOW=100,3.0,7.92,1955.0,10069.0,9478.0,2.0,1.562,DROP,-0.6,2841.0,2870.0,,phys_line6=RA·D·C1·H1,False,1
PHYS,phys_line6=RF·D·C1·H1,phys_line6,1386871,21932,2712,7.48,8.29,-0.81,0.902,0.95,-0.14,-1.25,0.39,95.04,8.59,9.19,4.65,5.82,False,True,100,composite of every physics axis; module max M_VOL_SLOW=100,2.87,8.09,1990.0,10338.0,9604.0,1.0,1.598,DROP,-0.6,2841.0,2870.0,,phys_line6=RF·D·C1·H1,False,1
PHYS,phys_line6=RN·D·C2·H1,phys_line6,1386871,17499,2706,7.73,8.45,-0.72,0.914,0.93,-0.12,-1.09,0.42,95.04,8.59,9.19,4.65,5.82,False,True,100,composite of every physics axis; module max M_VOL_SLOW=100,2.85,6.47,1507.0,8170.0,7822.0,1.0,1.622,DROP,-0.6,2841.0,2870.0,,phys_line6=RN·D·C2·H1,False,1
PHYS,phys_line6=RN·U·C0·H0,phys_line6,1386871,10229,2602,8.08,9.37,-1.29,0.863,-0.75,-1.42,-1.47,0.5,95.04,8.59,9.19,4.65,5.82,False,True,100,composite of every physics axis; module max M_VOL_SLOW=100,2.76,3.93,1101.0,3651.0,5477.0,0.0,1.499,DROP,-0.6,2841.0,2870.0,,phys_line6=RN·U·C0·H0,False,1
PHYS,phys_line6=RN·D·C1·H2,phys_line6,1386871,16974,2672,7.28,8.24,-0.96,0.883,0.99,-0.36,-1.25,0.4,95.04,8.59,9.19,4.65,5.82,False,True,100,composite of every physics axis; module max M_VOL_SLOW=100,2.74,6.35,1556.0,8111.0,7307.0,1.0,1.544,DROP,-0.6,2841.0,2870.0,,phys_line6=RN·D·C1·H2,False,1
PHYS,phys_line6=RF·U·C1·H1,phys_line6,1386871,21802,2717,8.94,8.54,0.41,1.048,0.6,-0.35,1.3,0.39,95.04,8.59,9.19,4.65,5.82,False,True,100,composite of every physics axis; module max M_VOL_SLOW=100,2.72,8.02,1957.0,9510.0,10335.0,2.0,1.778,DROP,-0.6,2841.0,2870.0,,phys_line6=RF·U·C1·H1,False,1
PHYS,phys_line6=RN·U·C1·H0,phys_line6,1386871,15828,2681,8.4,8.75,-0.34,0.961,-0.97,-1.1,0.36,0.43,95.04,8.59,9.19,4.65,5.82,False,True,100,composite of every physics axis; module max M_VOL_SLOW=100,2.72,5.9,1449.0,6353.0,8026.0,1.0,1.61,DROP,-0.6,2841.0,2870.0,,phys_line6=RN·U·C1·H0,False,1
PHYS,phys_line6=RN·U·C1·H2,phys_line6,1386871,17053,2681,8.96,8.4,0.56,1.067,1.96,-0.15,1.35,0.45,95.04,8.59,9.19,4.65,5.82,False,True,100,composite of every physics axis; module max M_VOL_SLOW=100,2.6,6.36,1541.0,7606.0,7906.0,2.0,1.873,DROP,-0.6,2841.0,2870.0,,phys_line6=RN·U·C1·H2,False,1
PHYS,phys_line6=RA·U·C1·H1,phys_line6,1386871,20175,2706,8.79,8.46,0.33,1.039,0.57,-0.08,0.95,0.39,95.04,8.59,9.19,4.65,5.82,False,True,100,composite of every physics axis; module max M_VOL_SLOW=100,2.6,7.46,1916.0,8767.0,9492.0,2.0,1.847,DROP,-0.6,2841.0,2870.0,,phys_line6=RA·U·C1·H1,False,1
PHYS,phys_line6=RA·D·C1·H0,phys_line6,1386871,15164,2687,8.8,8.26,0.53,1.065,1.16,1.04,0.58,0.44,95.04,8.59,9.19,4.65,5.82,False,True,100,composite of every physics axis; module max M_VOL_SLOW=100,2.52,5.64,1372.0,6887.0,6905.0,3.0,1.813,DROP,-0.6,2841.0,2870.0,,phys_line6=RA·D·C1·H0,False,1
PHYS,phys_line6=RN·U·C2·H1,phys_line6,1386871,16422,2703,9.28,8.54,0.74,1.087,1.11,-0.33,1.93,0.41,95.04,8.59,9.19,4.65,5.82,False,True,100,composite of every physics axis; module max M_VOL_SLOW=100,2.48,6.08,1500.0,7111.0,7811.0,2.0,1.854,DROP,-0.6,2841.0,2870.0,,phys_line6=RN·U·C2·H1,False,1
PHYS,phys_line6=RF·D·C1·H0,phys_line6,1386871,16757,2706,8.07,8.33,-0.26,0.969,0.71,0.29,-0.44,0.42,95.04,8.59,9.19,4.65,5.82,False,True,100,composite of every physics axis; module max M_VOL_SLOW=100,2.43,6.19,1451.0,7682.0,7624.0,2.0,1.739,DROP,-0.6,2841.0,2870.0,,phys_line6=RF·D·C1·H0,False,1
PHYS,phys_line6=RA·D·C0·H0,phys_line6,1386871,11027,2657,8.97,7.92,1.05,1.133,0.89,1.07,1.91,0.5,95.04,8.59,9.19,4.65,5.82,True,True,100,composite of every physics axis; module max M_VOL_SLOW=100,2.34,4.15,952.0,5212.0,4863.0,3.0,1.877,RETAIN,-0.6,2841.0,2870.0,,phys_line6=RA·D·C0·H0,False,1
PHYS,phys_line6=RF·D·C0·H0,phys_line6,1386871,11441,2673,8.6,8.13,0.47,1.058,0.66,1.34,0.21,0.51,95.04,8.59,9.19,4.65,5.82,False,True,100,composite of every physics axis; module max M_VOL_SLOW=100,2.31,4.28,990.0,5294.0,5157.0,3.0,1.77,DROP,-0.6,2841.0,2870.0,,phys_line6=RF·D·C0·H0,False,1
PHYS,phys_line6=RN·D·C2·H0,phys_line6,1386871,11778,2650,8.33,8.62,-0.29,0.966,-0.07,0.78,-0.73,0.54,95.04,8.59,9.19,4.65,5.82,False,True,100,composite of every physics axis; module max M_VOL_SLOW=100,2.27,4.44,991.0,5301.0,5486.0,1.0,1.751,DROP,-0.6,2841.0,2870.0,,phys_line6=RN·D·C2·H0,False,1
PHYS,phys_line6=RN·D·C0·H1,phys_line6,1386871,13240,2659,7.45,8.16,-0.71,0.913,0.62,0.03,-0.9,0.44,95.04,8.59,9.19,4.65,5.82,False,True,100,composite of every physics axis; module max M_VOL_SLOW=100,2.21,4.98,1229.0,6414.0,5597.0,2.0,1.666,DROP,-0.6,2841.0,2870.0,,phys_line6=RN·D·C0·H1,False,1
PHYS,phys_line6=RN·U·C0·H1,phys_line6,1386871,12773,2669,8.42,8.84,-0.42,0.953,-0.9,-0.72,-0.01,0.49,95.04,8.59,9.19,4.65,5.82,False,True,100,composite of every physics axis; module max M_VOL_SLOW=100,2.01,4.79,1296.0,5121.0,6356.0,0.0,1.67,DROP,-0.6,2841.0,2870.0,,phys_line6=RN·U·C0·H1,False,1
PHYS,phys_line6=RA·D·C2·H1,phys_line6,1386871,12424,2691,8.15,8.54,-0.39,0.954,0.3,0.73,-1.01,0.42,95.04,8.59,9.19,4.65,5.82,False,True,100,composite of every physics axis; module max M_VOL_SLOW=100,1.68,4.62,1028.0,5812.0,5584.0,2.0,1.595,DROP,-0.6,2841.0,2870.0,,phys_line6=RA·D·C2·H1,False,1
PHYS,phys_line6=RF·U·C0·H0,phys_line6,1386871,9322,2597,8.11,9.58,-1.47,0.847,-1.17,-1.25,-1.87,0.51,95.04,8.59,9.19,4.65,5.82,False,True,100,composite of every physics axis; module max M_VOL_SLOW=100,1.61,3.59,891.0,3335.0,5096.0,0.0,1.535,DROP,-0.6,2841.0,2870.0,,phys_line6=RF·U·C0·H0,False,1
PHYS,phys_line6=RF·U·C1·H0,phys_line6,1386871,13761,2662,8.6,8.83,-0.23,0.974,-1.62,0.07,-0.3,0.45,95.04,8.59,9.19,4.65,5.82,False,True,100,composite of every physics axis; module max M_VOL_SLOW=100,1.59,5.17,1164.0,5575.0,7022.0,1.0,1.7,DROP,-0.6,2841.0,2870.0,,phys_line6=RF·U·C1·H0,False,1
PHYS,phys_line6=RA·D·C1·H2,phys_line6,1386871,12580,2656,7.52,8.19,-0.67,0.918,0.84,0.56,-1.53,0.47,95.04,8.59,9.19,4.65,5.82,False,True,100,composite of every physics axis; module max M_VOL_SLOW=100,1.58,4.74,1155.0,6035.0,5390.0,2.0,1.557,DROP,-0.6,2841.0,2870.0,,phys_line6=RA·D·C1·H2,False,1
PHYS,phys_line6=RF·U·C1·H2,phys_line6,1386871,12916,2664,8.91,8.45,0.47,1.055,2.24,-0.33,1.23,0.47,95.04,8.59,9.19,4.65,5.82,False,True,100,composite of every physics axis; module max M_VOL_SLOW=100,1.5,4.85,1123.0,5741.0,6052.0,2.0,1.851,DROP,-0.6,2841.0,2870.0,,phys_line6=RF·U·C1·H2,False,1
PHYS,phys_line6=RA·U·C1·H0,phys_line6,1386871,10570,2615,8.47,9.04,-0.57,0.937,-0.44,-1.17,-0.2,0.5,95.04,8.59,9.19,4.65,5.82,False,True,100,composite of every physics axis; module max M_VOL_SLOW=100,1.5,4.04,992.0,4047.0,5531.0,0.0,1.497,DROP,-0.6,2841.0,2870.0,,phys_line6=RA·U·C1·H0,False,1
PHYS,phys_line6=RA·U·C0·H0,phys_line6,1386871,8117,2488,8.08,9.93,-1.84,0.814,-1.69,-1.8,-1.99,0.55,95.04,8.59,9.19,4.65,5.82,False,True,100,composite of every physics axis; module max M_VOL_SLOW=100,1.49,3.26,853.0,2856.0,4408.0,0.0,1.419,DROP,-0.6,2841.0,2870.0,,phys_line6=RA·U·C0·H0,False,1
PHYS,phys_line6=RN·D·C2·H2,phys_line6,1386871,10483,2627,7.24,8.48,-1.24,0.854,0.42,-0.35,-1.66,0.48,95.04,8.59,9.19,4.65,5.82,False,True,100,composite of every physics axis; module max M_VOL_SLOW=100,1.48,3.99,946.0,4942.0,4595.0,1.0,1.569,DROP,-0.6,2841.0,2870.0,,phys_line6=RN·D·C2·H2,False,1
PHYS,phys_line6=RF·D·C2·H1,phys_line6,1386871,12942,2676,8.16,8.47,-0.31,0.963,1.31,0.3,-0.55,0.44,95.04,8.59,9.19,4.65,5.82,False,True,100,composite of every physics axis; module max M_VOL_SLOW=100,1.47,4.84,1077.0,6118.0,5747.0,2.0,1.687,DROP,-0.6,2841.0,2870.0,,phys_line6=RF·D·C2·H1,False,1
PHYS,phys_line6=RA·U·C1·H2,phys_line6,1386871,12218,2638,8.77,8.43,0.35,1.041,2.08,-0.35,1.04,0.49,95.04,8.59,9.19,4.65,5.82,False,True,100,composite of every physics axis; module max M_VOL_SLOW=100,1.47,4.63,1077.0,5414.0,5727.0,2.0,1.938,DROP,-0.6,2841.0,2870.0,,phys_line6=RA·U·C1·H2,False,1
PHYS,phys_line6=RF·D·C1·H2,phys_line6,1386871,12108,2642,7.42,8.09,-0.66,0.918,0.79,0.15,-1.03,0.48,95.04,8.59,9.19,4.65,5.82,False,True,100,composite of every physics axis; module max M_VOL_SLOW=100,1.46,4.58,1078.0,5907.0,5123.0,2.0,1.637,DROP,-0.6,2841.0,2870.0,,phys_line6=RF·D·C1·H2,False,1
PHYS,phys_line6=RF·U·C2·H1,phys_line6,1386871,12577,2677,9.13,8.61,0.51,1.06,-0.44,-0.22,1.61,0.47,95.04,8.59,9.19,4.65,5.82,False,True,100,composite of every physics axis; module max M_VOL_SLOW=100,1.41,4.7,1049.0,5472.0,6056.0,1.0,1.846,DROP,-0.6,2841.0,2870.0,,phys_line6=RF·U·C2·H1,False,1
PHYS,phys_line6=RN·U·C2·H2,phys_line6,1386871,10111,2634,9.08,8.44,0.64,1.076,2.39,-0.82,2.16,0.47,95.04,8.59,9.19,4.65,5.82,False,True,100,composite of every physics axis; module max M_VOL_SLOW=100,1.37,3.84,856.0,4526.0,4729.0,2.0,1.884,DROP,-0.6,2841.0,2870.0,,phys_line6=RN·U·C2·H2,False,1
PHYS,phys_line6=RA·U·C2·H1,phys_line6,1386871,11079,2660,9.5,8.63,0.87,1.101,1.07,-0.56,2.35,0.5,95.04,8.59,9.19,4.65,5.82,False,True,100,composite of every physics axis; module max M_VOL_SLOW=100,1.36,4.17,942.0,4733.0,5404.0,2.0,1.808,DROP,-0.6,2841.0,2870.0,,phys_line6=RA·U·C2·H1,False,1
PHYS,phys_line6=RA·D·C2·H0,phys_line6,1386871,8278,2548,8.61,8.66,-0.05,0.995,0.15,0.81,-0.2,0.66,95.04,8.59,9.19,4.65,5.82,False,True,100,composite of every physics axis; module max M_VOL_SLOW=100,1.35,3.25,652.0,3775.0,3851.0,2.0,1.731,DROP,-0.6,2841.0,2870.0,,phys_line6=RA·D·C2·H0,False,1
PHYS,phys_line6=RN·U·C2·H0,phys_line6,1386871,9079,2596,9.2,9.16,0.03,1.004,-1.89,-0.75,1.03,0.56,95.04,8.59,9.19,4.65,5.82,False,True,100,composite of every physics axis; module max M_VOL_SLOW=100,1.33,3.5,757.0,3677.0,4645.0,1.0,1.655,DROP,-0.6,2841.0,2870.0,,phys_line6=RN·U·C2·H0,False,1
PHYS,phys_line6=RF·D·C2·H0,phys_line6,1386871,9729,2620,8.66,8.71,-0.05,0.995,1.3,0.73,-0.45,0.53,95.04,8.59,9.19,4.65,5.82,False,True,100,composite of every physics axis; module max M_VOL_SLOW=100,1.27,3.71,722.0,4362.0,4645.0,2.0,1.788,DROP,-0.6,2841.0,2870.0,,phys_line6=RF·D·C2·H0,False,1
PHYS,phys_line6=RF·U·C0·H1,phys_line6,1386871,10090,2642,8.59,9.03,-0.44,0.951,-1.9,-0.6,0.01,0.53,95.04,8.59,9.19,4.65,5.82,False,True,100,composite of every physics axis; module max M_VOL_SLOW=100,1.27,3.82,988.0,4005.0,5097.0,1.0,1.646,DROP,-0.6,2841.0,2870.0,,phys_line6=RF·U·C0·H1,False,1
PHYS,phys_line6=RF·D·C0·H1,phys_line6,1386871,9772,2622,7.32,7.9,-0.58,0.926,1.23,-0.01,-0.81,0.56,95.04,8.59,9.19,4.65,5.82,False,True,100,composite of every physics axis; module max M_VOL_SLOW=100,1.26,3.73,885.0,4627.0,4260.0,1.0,1.63,DROP,-0.6,2841.0,2870.0,,phys_line6=RF·D·C0·H1,False,1
PHYS,phys_line6=RA·D·C0·H1,phys_line6,1386871,9397,2593,7.6,7.9,-0.3,0.962,0.94,-0.51,0.67,0.53,95.04,8.59,9.19,4.65,5.82,False,True,100,composite of every physics axis; module max M_VOL_SLOW=100,1.26,3.62,869.0,4591.0,3937.0,2.0,1.659,DROP,-0.6,2841.0,2870.0,,phys_line6=RA·D·C0·H1,False,1
PHYS,phys_line6=RA·U·C0·H1,phys_line6,1386871,8777,2583,8.43,9.11,-0.68,0.926,-1.19,-0.43,-0.69,0.57,95.04,8.59,9.19,4.65,5.82,False,True,100,composite of every physics axis; module max M_VOL_SLOW=100,1.09,3.4,894.0,3570.0,4313.0,0.0,1.709,DROP,-0.6,2841.0,2870.0,,phys_line6=RA·U·C0·H1,False,1
PHYS,phys_line6=RA·D·C2·H2,phys_line6,1386871,7208,2547,7.21,8.56,-1.35,0.843,1.21,-0.39,-1.97,0.53,95.04,8.59,9.19,4.65,5.82,False,True,100,composite of every physics axis; module max M_VOL_SLOW=100,0.88,2.83,616.0,3357.0,3235.0,1.0,1.546,DROP,-0.6,2841.0,2870.0,,phys_line6=RA·D·C2·H2,False,1
PHYS,phys_line6=RN·D·C0·H2,phys_line6,1386871,6270,2432,7.0,7.73,-0.73,0.906,0.7,-0.11,-0.84,0.64,95.04,8.59,9.19,4.65,5.82,False,True,100,composite of every physics axis; module max M_VOL_SLOW=100,0.84,2.58,576.0,3070.0,2624.0,1.0,1.56,DROP,-0.6,2841.0,2870.0,,phys_line6=RN·D·C0·H2,False,1
PHYS,phys_line6=RN·U·C0·H2,phys_line6,1386871,6509,2454,8.79,8.94,-0.15,0.983,2.25,-0.31,-0.36,0.68,95.04,8.59,9.19,4.65,5.82,False,True,100,composite of every physics axis; module max M_VOL_SLOW=100,0.83,2.65,601.0,2724.0,3184.0,1.0,1.841,DROP,-0.6,2841.0,2870.0,,phys_line6=RN·U·C0·H2,False,1
PHYS,phys_line6=RF·U·C2·H0,phys_line6,1386871,7519,2536,9.62,9.27,0.35,1.038,-2.25,-0.3,1.24,0.61,95.04,8.59,9.19,4.65,5.82,False,True,100,composite of every physics axis; module max M_VOL_SLOW=100,0.81,2.96,579.0,3084.0,3856.0,1.0,1.842,DROP,-0.6,2841.0,2870.0,,phys_line6=RF·U·C2·H0,False,1
PHYS,phys_line6=RA·U·C2·H2,phys_line6,1386871,6585,2488,8.78,8.46,0.32,1.038,3.84,-1.15,1.54,0.58,95.04,8.59,9.19,4.65,5.82,False,True,100,composite of every physics axis; module max M_VOL_SLOW=100,0.76,2.65,566.0,2928.0,3091.0,2.0,1.888,DROP,-0.6,2841.0,2870.0,,phys_line6=RA·U·C2·H2,False,1
PHYS,phys_line6=RF·U·C2·H2,phys_line6,1386871,7289,2542,8.92,8.59,0.32,1.038,-0.23,-0.63,1.61,0.55,95.04,8.59,9.19,4.65,5.82,False,True,100,composite of every physics axis; module max M_VOL_SLOW=100,0.76,2.87,544.0,3185.0,3560.0,1.0,1.952,DROP,-0.6,2841.0,2870.0,,phys_line6=RF·U·C2·H2,False,1
PHYS,phys_line6=RF·D·C2·H2,phys_line6,1386871,7040,2465,7.33,8.36,-1.03,0.876,1.02,0.02,-1.65,0.57,95.04,8.59,9.19,4.65,5.82,False,True,100,composite of every physics axis; module max M_VOL_SLOW=100,0.73,2.86,581.0,3382.0,3077.0,2.0,1.742,DROP,-0.6,2841.0,2870.0,,phys_line6=RF·D·C2·H2,False,1
PHYS,phys_line6=RA·U·C2·H0,phys_line6,1386871,5439,2348,9.21,9.72,-0.51,0.947,-2.41,-0.62,-0.15,0.72,95.04,8.59,9.19,4.65,5.82,False,True,100,composite of every physics axis; module max M_VOL_SLOW=100,0.73,2.32,443.0,2086.0,2910.0,0.0,1.569,DROP,-0.6,2841.0,2870.0,,phys_line6=RA·U·C2·H0,False,1
PHYS,phys_line6=RF·U·C0·H2,phys_line6,1386871,4992,2317,9.17,9.21,-0.04,0.996,-0.59,1.05,-0.77,0.68,95.04,8.59,9.19,4.65,5.82,False,True,100,composite of every physics axis; module max M_VOL_SLOW=100,0.56,2.15,457.0,2119.0,2416.0,1.0,1.785,DROP,-0.6,2841.0,2870.0,,phys_line6=RF·U·C0·H2,False,1
PHYS,phys_line6=RF·D·C0·H2,phys_line6,1386871,4503,2179,6.88,7.62,-0.73,0.904,1.26,-0.24,-1.02,0.78,95.04,8.59,9.19,4.65,5.82,False,True,100,composite of every physics axis; module max M_VOL_SLOW=100,0.52,2.07,399.0,2170.0,1934.0,1.0,1.506,DROP,-0.6,2841.0,2870.0,,phys_line6=RF·D·C0·H2,False,1
PHYS,phys_m=M2,phys_m,1254757,21878,2718,8.48,8.74,-0.26,0.97,-0.77,-0.04,-0.11,0.33,75.19,8.71,8.34,4.71,4.76,False,True,100,"M_VOL_SLOW=100, M_MED_LEN=50, M_SLOPE_BARS=10 over ATR14",24.76,8.05,569.0,10276.0,11033.0,0.0,1.771,DROP,0.37,2735.0,2870.0,,phys_m=M2,False,1
PHYS,phys_m=M0,phys_m,1254757,34390,2722,8.58,8.73,-0.15,0.982,-0.51,-0.15,0.21,0.3,75.19,8.71,8.34,4.71,4.76,False,True,100,"M_VOL_SLOW=100, M_MED_LEN=50, M_SLOPE_BARS=10 over ATR14",21.41,12.63,841.0,16456.0,17093.0,1.0,1.707,DROP,0.37,2735.0,2870.0,,phys_m=M0,False,1
PHYS,phys_e=E1,phys_e,1439606,32484,2779,8.16,8.61,-0.44,0.949,1.81,-0.94,-0.69,0.29,89.28,8.66,8.28,4.69,4.96,False,True,81,"E_AVG_LEN=50, E_MED_LEN=50, E_WIN=15, ATR14",39.48,11.69,4625.0,13200.0,14659.0,1.0,1.741,DROP,0.38,2805.0,2870.0,,phys_e=E1,False,1
PHYS,phys_e=E0,phys_e,1439606,20642,2748,8.28,8.63,-0.35,0.96,0.16,-0.81,-0.26,0.32,89.28,8.66,8.28,4.69,4.96,False,True,81,"E_AVG_LEN=50, E_MED_LEN=50, E_WIN=15, ATR14",29.22,7.51,2983.0,7931.0,9728.0,1.0,1.745,DROP,0.38,2805.0,2870.0,,phys_e=E0,False,1
PHYS,phys_e=E2,phys_e,1439606,17964,2716,9.11,8.59,0.52,1.061,4.97,-0.25,-0.14,0.34,89.28,8.66,8.28,4.69,4.96,False,True,81,"E_AVG_LEN=50, E_MED_LEN=50, E_WIN=15, ATR14",28.94,6.61,3045.0,7438.0,7481.0,1.0,1.934,DROP,0.38,2805.0,2870.0,,phys_e=E2,False,1
PHYS,phys_e=E2★,phys_e,1439606,15672,2648,8.29,8.62,-0.34,0.961,3.41,-0.64,-0.84,0.43,89.28,8.66,8.28,4.69,4.96,False,True,81,"E_AVG_LEN=50, E_MED_LEN=50, E_WIN=15, ATR14",2.17,5.92,1922.0,6751.0,6999.0,1.0,1.691,DROP,0.38,2805.0,2870.0,,phys_e=E2★,False,1
PHYS,phys_k=K1D,phys_k,1439606,29481,2756,7.91,8.51,-0.6,0.929,3.29,-0.42,-1.66,0.3,100.0,,,,,False,False,81,k_x = (close - ema(20)) / atr_14 — identical to dist_ema20_atr,24.46,10.7,4176.0,13321.0,11984.0,1.0,1.674,DROP,,,,,phys_k=K1D,False,1
PHYS,phys_k=K1U,phys_k,1439606,27369,2763,9.99,8.68,1.32,1.152,2.08,-0.24,2.35,0.31,100.0,,,,,True,False,81,k_x = (close - ema(20)) / atr_14 — identical to dist_ema20_atr,18.18,9.91,3506.0,11084.0,12779.0,2.0,1.981,RETAIN,,,,,phys_k=K1U,False,1
PHYS,phys_k=K2U,phys_k,1439606,6399,2456,10.44,12.22,-1.78,0.855,-9.84,-2.09,-1.23,0.64,100.0,,,,,False,False,81,k_x = (close - ema(20)) / atr_14 — identical to dist_ema20_atr,1.54,2.61,714.0,1991.0,3694.0,0.0,1.711,DROP,,,,,phys_k=K2U,False,1
PHYS,phys_k=K2D,phys_k,1439606,5674,2312,6.89,7.64,-0.75,0.902,4.82,-0.48,-1.65,0.83,100.0,,,,,False,False,81,k_x = (close - ema(20)) / atr_14 — identical to dist_ema20_atr,1.39,2.45,559.0,2619.0,2496.0,1.0,2.024,DROP,,,,,phys_k=K2D,False,1
PHYS,phys_s=S2D,phys_s,1386871,26996,2734,8.37,8.35,0.02,1.003,1.98,-0.58,0.59,0.33,100.0,,,,,False,False,100,composite of every physics axis; module max M_VOL_SLOW=100,22.03,9.87,2547.0,12181.0,12268.0,2.0,1.673,DROP,,,,,phys_s=S2D,False,1
PHYS,phys_s=S2U,phys_s,1386871,20486,2702,8.08,8.66,-0.58,0.933,1.39,-1.13,-0.42,0.42,100.0,,,,,False,False,100,composite of every physics axis; module max M_VOL_SLOW=100,20.32,7.58,2389.0,8154.0,9943.0,1.0,1.729,DROP,,,,,phys_s=S2U,False,1
PHYS,phys_s=S3U,phys_s,1386871,8341,2236,9.0,10.42,-1.41,0.864,3.14,-1.18,-2.53,0.65,100.0,,,,,False,False,100,composite of every physics axis; module max M_VOL_SLOW=100,16.95,3.73,1542.0,2713.0,4086.0,1.0,1.842,DROP,,,,,phys_s=S3U,False,1
PHYS,phys_gap_true=G2,phys_gap_true,354554,42538,2763,8.73,8.53,0.2,1.023,0.45,-0.44,0.67,0.3,24.26,8.63,8.62,8.41,4.05,False,True,81,gap measured in ATR14,27.9,15.4,4589.0,18707.0,19242.0,2.0,1.92,DROP,0.01,2866.0,2870.0,,phys_gap_true=G2,False,1
PHYS,phys_gap_true=G3,phys_gap_true,354554,26557,2743,8.38,8.55,-0.17,0.98,-1.42,-0.42,0.34,0.43,24.26,8.63,8.62,8.41,4.05,False,True,81,gap measured in ATR14,12.49,9.68,2855.0,11793.0,11909.0,1.0,1.908,DROP,0.01,2866.0,2870.0,,phys_gap_true=G3,False,1
PHYS,phys_ad=★,phys_ad,109731,36749,2743,8.12,8.24,-0.12,0.985,0.79,-0.24,-0.22,0.32,7.4,8.06,8.66,4.45,4.74,False,True,81,"AD_LOOKBACK=12, AD_CLUSTER_WIN=8, inside an ATR14-normalised module",35.45,13.4,4063.0,16866.0,15820.0,1.0,1.637,DROP,-0.6,2823.0,2870.0,,phys_ad=★,False,1
PHYS,phys_ad=★A,phys_ad,109731,3914,2024,8.23,7.99,0.24,1.03,0.11,-0.66,1.58,1.02,7.4,8.06,8.66,4.45,4.74,False,True,81,"AD_LOOKBACK=12, AD_CLUSTER_WIN=8, inside an ATR14-normalised module",3.61,1.93,471.0,1786.0,1657.0,2.0,1.413,DROP,-0.6,2823.0,2870.0,,phys_ad=★A,False,1
PHYS,phys_wyc=MARKUP,phys_wyc,1386871,4944,2273,8.96,10.75,-1.79,0.834,4.98,-2.54,-3.71,0.65,99.83,8.61,14.15,4.71,7.49,False,True,100,composite of every physics axis; module max M_VOL_SLOW=100,30.54,2.18,1399.0,1410.0,2135.0,1.0,1.738,DROP,-5.54,2869.0,2832.0,,phys_wyc=MARKUP,False,1
PHYS,phys_wyc=ACC-TR,phys_wyc,1386871,2917,1185,11.07,9.15,1.92,1.21,5.19,2.94,1.12,1.61,99.83,8.61,14.15,4.71,7.49,True,True,100,composite of every physics axis; module max M_VOL_SLOW=100,3.79,2.46,178.0,1315.0,1424.0,3.0,1.25,RETAIN,-5.54,2869.0,2832.0,,phys_wyc=ACC-TR,False,1
PHYS,phys_wyc=SPRING★,phys_wyc,1386871,7235,2353,8.89,7.34,1.55,1.211,-0.31,1.52,3.0,0.64,99.83,8.61,14.15,4.71,7.49,True,True,100,composite of every physics axis; module max M_VOL_SLOW=100,0.61,3.07,502.0,3989.0,2744.0,2.0,1.751,RETAIN,-5.54,2869.0,2832.0,,phys_wyc=SPRING★,False,1
PHYS,phys_wyc=SPRING,phys_wyc,1386871,7293,2352,7.46,7.26,0.2,1.027,1.07,0.72,0.43,0.73,99.83,8.61,14.15,4.71,7.49,False,True,100,composite of every physics axis; module max M_VOL_SLOW=100,0.6,3.1,546.0,4118.0,2629.0,3.0,1.71,DROP,-5.54,2869.0,2832.0,,phys_wyc=SPRING,False,1
PHYS,phys_wyc=UTAD,phys_wyc,1386871,5770,1776,8.94,10.99,-2.05,0.813,0.51,-1.81,-2.59,1.11,99.83,8.61,14.15,4.71,7.49,False,True,100,composite of every physics axis; module max M_VOL_SLOW=100,0.54,3.25,784.0,1881.0,3105.0,1.0,1.999,DROP,-5.54,2869.0,2832.0,,phys_wyc=UTAD,False,1
PHYS,phys_r_raw>p90,phys_r_raw,1439606,49032,2779,8.87,8.61,0.26,1.03,1.16,0.15,0.18,0.28,100.0,,,,,False,False,81,"R_VOL_LEN=20, R_MED_LEN=30, ATR14-normalised",10.0,17.64,5930.0,20989.0,22113.0,3.0,1.798,DROP,,,,,phys_r_raw>p90,False,1
PHYS,phys_r_raw<p10,phys_r_raw,1439606,41291,2774,8.37,8.57,-0.2,0.977,0.59,-0.31,-0.2,0.31,100.0,,,,,False,False,81,"R_VOL_LEN=20, R_MED_LEN=30, ATR14-normalised",10.0,14.89,5197.0,17814.0,18280.0,1.0,1.829,DROP,,,,,phys_r_raw<p10,False,1
PHYS,phys_c_raw>p90,phys_c_raw,1439606,23113,2753,9.01,8.55,0.46,1.054,2.16,0.1,0.52,0.4,100.0,,,,,False,False,81,"C_MED_LEN=50, C_PIV_LR=3, C_MAX_LVLS=12, ATR14-normalised",10.0,8.4,3010.0,9834.0,10269.0,3.0,1.693,DROP,,,,,phys_c_raw>p90,False,1
PHYS,phys_c_raw<p10,phys_c_raw,1439606,18388,2747,8.92,8.92,-0.0,1.0,-0.71,0.14,-0.11,0.39,100.0,,,,,False,False,81,"C_MED_LEN=50, C_PIV_LR=3, C_MAX_LVLS=12, ATR14-normalised",10.0,6.69,2266.0,7467.0,8655.0,1.0,1.886,DROP,,,,,phys_c_raw<p10,False,1
PHYS,phys_h_raw>p90,phys_h_raw,1439606,33352,2749,8.17,8.57,-0.4,0.953,0.8,-0.46,-0.56,0.32,96.75,8.57,10.05,4.67,5.85,False,True,81,"H_ENT_LEN=20, inside an ATR14-normalised module",4.24,12.13,4060.0,14401.0,14891.0,1.0,1.701,DROP,-1.48,2851.0,2870.0,,phys_h_raw>p90,False,1
PHYS,phys_h_raw<p10,phys_h_raw,1439606,0,0,,,,,,,,,96.75,8.57,10.05,4.67,5.85,,True,81,"H_ENT_LEN=20, inside an ATR14-normalised module",0.0,,,,,,,INSUFFICIENT,-1.48,2851.0,2870.0,G009,phys_e_raw<p10,True,2
PHYS,phys_m_raw>p90,phys_m_raw,1386871,12539,2680,7.35,9.22,-1.87,0.797,-2.13,-1.23,-2.42,0.45,83.27,8.43,9.57,4.71,4.74,False,True,100,"M_VOL_SLOW=100, M_MED_LEN=50, M_SLOPE_BARS=10 over ATR14",10.0,4.68,1262.0,4704.0,6573.0,0.0,1.695,DROP,-1.14,2769.0,2870.0,,phys_m_raw>p90,False,1
PHYS,phys_m_raw<p10,phys_m_raw,1386871,34113,2743,8.5,8.41,0.08,1.01,1.69,-0.14,0.3,0.32,83.27,8.43,9.57,4.71,4.74,False,True,100,"M_VOL_SLOW=100, M_MED_LEN=50, M_SLOPE_BARS=10 over ATR14",10.0,12.44,3200.0,15462.0,15451.0,2.0,1.695,DROP,-1.14,2769.0,2870.0,,phys_m_raw<p10,False,1
PHYS,phys_e_raw>p90,phys_e_raw,1439606,5211,1870,11.0,9.07,1.93,1.212,4.98,1.98,1.7,0.9,97.6,8.57,10.54,4.69,5.77,True,True,81,"E_AVG_LEN=50, E_MED_LEN=50, E_WIN=15, ATR14",10.0,2.79,539.0,2311.0,2361.0,3.0,1.524,RETAIN,-1.97,2855.0,2870.0,,phys_e_raw>p90,False,1
PHYS,phys_e_raw<p10,phys_e_raw,1439606,0,0,,,,,,,,,97.6,8.57,10.54,4.69,5.77,,True,81,"E_AVG_LEN=50, E_MED_LEN=50, E_WIN=15, ATR14",0.0,,,,,,,INSUFFICIENT,-1.97,2855.0,2870.0,G009,phys_e_raw<p10,False,2
PHYS,phys_k_x>p90,phys_k_x,1439606,20704,2746,9.86,8.88,0.98,1.111,0.36,-0.17,1.65,0.37,100.0,,,,,False,False,81,k_x = (close - ema(20)) / atr_14 — identical to dist_ema20_atr,10.0,7.54,2500.0,7882.0,10322.0,2.0,1.971,DROP,,,,G006,dist_ema20_atr>p90,True,2
PHYS,phys_k_x<p10,phys_k_x,1439606,21834,2734,8.12,8.34,-0.22,0.974,3.33,-0.12,-0.65,0.36,100.0,,,,,False,False,81,k_x = (close - ema(20)) / atr_14 — identical to dist_ema20_atr,10.0,7.99,2665.0,10445.0,8724.0,1.0,1.908,DROP,,,,G010,dist_ema20_atr<p10,True,2
PHYS,phys_e_release,phys_e_release,1439606,16557,2654,8.3,8.61,-0.3,0.965,3.62,-0.69,-0.83,0.4,100.0,,,,,False,False,81,"E_AVG_LEN=50, E_MED_LEN=50, E_WIN=15, ATR14",2.36,6.24,2046.0,7080.0,7431.0,1.0,1.693,DROP,,,,,phys_e_release,False,1
PHYS,phys_s_net>p90,phys_s_net,1386871,0,0,,,,,,,,,100.0,,,,,,False,100,composite of every physics axis; module max M_VOL_SLOW=100,0.0,,,,,,,INSUFFICIENT,,,,G001,phys_s_net<p10,True,2
PHYS,phys_s_net<p10,phys_s_net,1386871,0,0,,,,,,,,,100.0,,,,,,False,100,composite of every physics axis; module max M_VOL_SLOW=100,0.0,,,,,,,INSUFFICIENT,,,,G001,phys_s_net<p10,False,2
CISD,sig_cisd_plus_struct,sig_cisd_plus_struct,1611609,16276,2666,7.58,6.95,0.63,1.091,0.05,0.43,2.49,0.64,100.0,,,,,False,False,20,cisd_engine is a stateful structure tracker with no window and no declared warm-up; global floor,2.03,6.11,4420.0,7892.0,3964.0,3.0,1.795,DROP,,,,,sig_cisd_plus_struct,False,1
CISD,sig_cisd_minus_struct,sig_cisd_minus_struct,1611609,6463,1942,9.35,11.6,-2.26,0.805,-0.42,-2.68,-5.65,1.11,100.0,,,,,False,False,20,cisd_engine is a stateful structure tracker with no window and no declared warm-up; global floor,0.81,3.33,3287.0,1699.0,1477.0,0.0,1.841,DROP,,,,,sig_cisd_minus_struct,False,1
CISD,sig_cisd_mpm,sig_cisd_mpm,1611609,9695,2637,9.05,8.57,0.48,1.056,0.76,-0.16,1.08,0.66,100.0,,,,,False,False,20,cisd_engine is a stateful structure tracker with no window and no declared warm-up; global floor,0.62,3.68,3165.0,3803.0,2727.0,2.0,1.849,DROP,,,,,sig_cisd_mpm,False,1
PRICE_DERIVED,pct_change_1d>p90,pct_change_1d,1611599,37930,2803,8.6,8.6,-0.0,1.0,-1.57,0.2,0.65,0.35,99.83,8.61,14.33,4.71,7.9,False,True,20,needs the previous bar,10.0,13.53,7504.0,15065.0,15361.0,2.0,1.718,DROP,-5.72,2869.0,2831.0,,pct_change_1d>p90,False,1
PRICE_DERIVED,pct_change_1d<p10,pct_change_1d,1611599,33534,2803,7.85,8.5,-0.66,0.923,-0.8,-0.52,-0.57,0.39,99.83,8.61,14.33,4.71,7.9,False,True,20,needs the previous bar,10.0,11.96,6490.0,13512.0,13532.0,0.0,1.622,DROP,-5.72,2869.0,2831.0,,pct_change_1d<p10,False,1
PRICE_DERIVED,pct_change_3d>p90,pct_change_3d,1611601,37706,2792,8.74,8.7,0.03,1.004,-1.6,-0.11,1.1,0.35,99.49,8.6,13.21,4.71,6.89,False,True,20,close.shift(3),10.0,13.51,6866.0,15702.0,15138.0,1.0,1.55,DROP,-4.62,2868.0,2868.0,,pct_change_3d>p90,False,1
PRICE_DERIVED,pct_change_3d<p10,pct_change_3d,1611601,32002,2787,7.67,8.49,-0.81,0.904,-0.82,-0.36,-1.01,0.41,99.49,8.6,13.21,4.71,6.89,False,True,20,close.shift(3),10.0,11.48,5632.0,13763.0,12607.0,0.0,1.572,DROP,-4.62,2868.0,2868.0,,pct_change_3d<p10,False,1
PRICE_DERIVED,pct_change_5d>p90,pct_change_5d,1611603,33493,2774,8.92,8.78,0.14,1.016,-1.64,-0.32,1.48,0.37,99.14,8.59,12.35,4.7,6.57,False,True,20,close.shift(5),10.0,12.07,5939.0,13858.0,13696.0,1.0,1.506,DROP,-3.76,2865.0,2870.0,,pct_change_5d>p90,False,1
PRICE_DERIVED,pct_change_5d<p10,pct_change_5d,1611603,28518,2742,7.27,8.46,-1.19,0.859,-1.22,-0.37,-1.69,0.43,99.14,8.59,12.35,4.7,6.57,False,True,20,close.shift(5),10.0,10.4,4972.0,12724.0,10822.0,0.0,1.493,DROP,-3.76,2865.0,2870.0,,pct_change_5d<p10,False,1
PRICE_DERIVED,pct_change_10d>p90,pct_change_10d,1611608,25134,2737,9.34,9.03,0.31,1.034,-1.19,-0.38,1.46,0.41,98.29,8.58,11.15,4.69,5.95,False,True,20,close.shift(10),10.0,9.18,4000.0,10243.0,10891.0,1.0,1.569,DROP,-2.58,2860.0,2870.0,,pct_change_10d>p90,False,1
PRICE_DERIVED,pct_change_10d<p10,pct_change_10d,1611608,22265,2632,7.15,8.53,-1.38,0.838,-2.12,-0.19,-1.95,0.52,98.29,8.58,11.15,4.69,5.95,False,True,20,close.shift(10),10.0,8.46,3615.0,10460.0,8190.0,0.0,1.417,DROP,-2.58,2860.0,2870.0,,pct_change_10d<p10,False,1
PRICE_DERIVED,pct_from_20d_high>p90,pct_from_20d_high,1608759,31095,2814,9.73,8.63,1.11,1.129,0.79,-0.07,1.98,0.32,96.57,8.57,9.96,4.67,5.83,True,True,21,rolling(20).max/min on high/low shifted by 1,10.0,11.05,6332.0,11147.0,13616.0,2.0,1.914,RETAIN,-1.39,2850.0,2870.0,,pct_from_20d_high>p90,False,1
PRICE_DERIVED,pct_from_20d_high<p10,pct_from_20d_high,1608759,10332,1874,6.16,8.61,-2.45,0.715,-2.92,-1.28,-3.24,0.75,96.57,8.57,9.96,4.67,5.83,False,True,21,rolling(20).max/min on high/low shifted by 1,10.0,5.51,1739.0,4844.0,3749.0,0.0,1.129,DROP,-1.39,2850.0,2870.0,,pct_from_20d_high<p10,False,1
PRICE_DERIVED,pct_from_20d_low>p90,pct_from_20d_low,1608749,13323,2227,9.86,10.01,-0.16,0.984,-3.55,-0.35,1.29,0.65,96.57,8.57,9.97,4.67,5.83,False,True,21,rolling(20).max/min on high/low shifted by 1,10.0,5.98,1901.0,5743.0,5679.0,1.0,1.306,DROP,-1.4,2850.0,2870.0,,pct_from_20d_low>p90,False,1
PRICE_DERIVED,pct_from_20d_low<p10,pct_from_20d_low,1608749,36076,2828,7.98,8.53,-0.55,0.936,0.03,-0.12,-0.94,0.3,96.57,8.57,9.97,4.67,5.83,False,True,21,rolling(20).max/min on high/low shifted by 1,10.0,12.76,7288.0,15233.0,13555.0,1.0,1.717,DROP,-1.4,2850.0,2870.0,,pct_from_20d_low<p10,False,1
PRICE_DERIVED,pct_from_60d_high>p90,pct_from_60d_high,1495534,15878,2696,8.97,9.32,-0.35,0.962,-1.28,-0.89,-0.13,0.43,89.79,8.65,8.35,4.68,5.0,False,True,61,rolling(60).max on high shifted by 1,10.0,5.89,2677.0,5571.0,7630.0,0.0,1.766,DROP,0.3,2811.0,2870.0,,pct_from_60d_high>p90,False,1
PRICE_DERIVED,pct_from_60d_high<p10,pct_from_60d_high,1495534,4835,1405,5.92,9.0,-3.09,0.657,-3.07,-2.42,-2.96,1.03,89.79,8.65,8.35,4.68,5.0,False,True,61,rolling(60).max on high shifted by 1,10.0,3.44,628.0,2470.0,1737.0,0.0,1.257,DROP,0.3,2811.0,2870.0,,pct_from_60d_high<p10,False,1
PRICE_DERIVED,dist_ema20_atr>p90,dist_ema20_atr,1439606,20704,2746,9.86,8.88,0.98,1.111,0.36,-0.17,1.65,0.37,100.0,,,,,False,False,81,"ewm(span=20) -> 60, over ATR14",10.0,7.54,2500.0,7882.0,10322.0,2.0,1.971,DROP,,,,G006,dist_ema20_atr>p90,False,2
PRICE_DERIVED,dist_ema20_atr<p10,dist_ema20_atr,1439606,21834,2734,8.12,8.34,-0.22,0.974,3.33,-0.12,-0.65,0.36,100.0,,,,,False,False,81,"ewm(span=20) -> 60, over ATR14",10.0,7.99,2665.0,10445.0,8724.0,1.0,1.908,DROP,,,,G010,dist_ema20_atr<p10,False,2
PRICE_DERIVED,dist_ema50_atr>p90,dist_ema50_atr,1249287,11483,2610,8.9,9.51,-0.61,0.936,-0.71,-0.85,-0.46,0.51,100.0,,,,,False,False,150,"ewm(span=50) -> 150, over ATR14",10.0,4.4,289.0,4504.0,6690.0,0.0,1.73,DROP,,,,,dist_ema50_atr>p90,False,1
PRICE_DERIVED,dist_ema50_atr<p10,dist_ema50_atr,1249287,10405,2595,8.4,8.14,0.26,1.032,-0.16,0.63,0.69,0.5,100.0,,,,,False,False,150,"ewm(span=50) -> 150, over ATR14",10.0,4.01,214.0,5706.0,4485.0,2.0,2.049,DROP,,,,,dist_ema50_atr<p10,False,1
PRICE_DERIVED,dist_ema200_atr>p90,dist_ema200_atr,115669,849,752,13.66,34.55,-20.88,0.395,,,-20.88,1.77,100.0,,,,,False,False,600,"ewm(span=200) -> 600, over ATR14",10.0,1.13,,,849.0,0.0,3.425,DROP,,,,,dist_ema200_atr>p90,False,1
PRICE_DERIVED,dist_ema200_atr<p10,dist_ema200_atr,115669,535,496,22.99,20.91,2.08,1.099,,,2.08,2.06,100.0,,,,,False,False,600,"ewm(span=200) -> 600, over ATR14",10.0,1.08,,,535.0,1.0,3.902,DROP,,,,,dist_ema200_atr<p10,False,1
PRICE_DERIVED,range_pct>p90,range_pct,1611598,20643,2442,8.16,8.87,-0.71,0.92,-1.47,-0.53,-0.24,0.59,100.0,,,,,False,True,20,single-bar arithmetic,10.0,8.45,3997.0,8286.0,8360.0,0.0,1.397,DROP,,,,,range_pct>p90,False,1
PRICE_DERIVED,range_pct<p10,range_pct,1611598,19173,2212,8.26,8.3,-0.04,0.996,0.42,-0.6,0.19,0.61,100.0,,,,,False,True,20,single-bar arithmetic,10.0,8.67,4348.0,6605.0,8220.0,2.0,2.014,DROP,,,,,range_pct<p10,False,1
PRICE_DERIVED,body_pct>p90,body_pct,1597724,52830,2840,8.24,8.49,-0.25,0.971,0.16,-0.35,-0.29,0.27,99.13,8.54,18.05,4.91,0.01,False,True,20,single-bar arithmetic,10.0,18.6,10433.0,20819.0,21578.0,1.0,1.711,DROP,-9.52,2869.0,512.0,,body_pct>p90,False,1
PRICE_DERIVED,body_pct<p10,body_pct,1597724,56702,2842,8.49,8.5,-0.01,0.999,0.16,0.03,-0.12,0.27,99.13,8.54,18.05,4.91,0.01,False,True,20,single-bar arithmetic,10.0,19.95,11323.0,21968.0,23411.0,2.0,1.73,DROP,-9.52,2869.0,512.0,,body_pct<p10,False,1
PRICE_DERIVED,upper_wick_pct>p90,upper_wick_pct,1597724,54805,2846,8.37,8.49,-0.12,0.985,-0.15,0.16,-0.33,0.27,99.13,8.54,18.05,4.91,0.01,False,True,20,single-bar arithmetic,10.0,19.26,11142.0,21367.0,22296.0,1.0,1.757,DROP,-9.52,2869.0,512.0,,upper_wick_pct>p90,False,1
PRICE_DERIVED,upper_wick_pct<p10,upper_wick_pct,1597724,0,0,,,,,,,,,99.13,8.54,18.05,4.91,0.01,,True,20,single-bar arithmetic,0.0,,,,,,,INSUFFICIENT,-9.52,2869.0,512.0,G002,lower_wick_pct<p10,True,2
PRICE_DERIVED,lower_wick_pct>p90,lower_wick_pct,1597724,55565,2837,8.63,8.49,0.14,1.016,-0.06,0.12,0.31,0.26,99.13,8.54,18.05,4.91,0.01,False,True,20,single-bar arithmetic,10.0,19.59,11137.0,21827.0,22601.0,2.0,1.705,DROP,-9.52,2869.0,512.0,,lower_wick_pct>p90,False,1
PRICE_DERIVED,lower_wick_pct<p10,lower_wick_pct,1597724,0,0,,,,,,,,,99.13,8.54,18.05,4.91,0.01,,True,20,single-bar arithmetic,0.0,,,,,,,INSUFFICIENT,-9.52,2869.0,512.0,G002,lower_wick_pct<p10,False,2
PRICE_DERIVED,atr_pct>p90,atr_pct,1439606,4708,1210,6.58,9.51,-2.93,0.692,-3.7,-2.43,-2.8,1.27,100.0,,,,,False,False,81,ATR14 Wilder RMA seed -> 81,10.0,3.89,472.0,2361.0,1875.0,0.0,1.158,DROP,,,,,atr_pct>p90,False,1
PRICE_DERIVED,atr_pct<p10,atr_pct,1439606,4249,1033,9.91,8.19,1.72,1.21,4.37,-0.98,1.84,1.32,100.0,,,,,True,False,81,ATR14 Wilder RMA seed -> 81,10.0,4.11,939.0,1276.0,2034.0,2.0,2.191,RETAIN,,,,,atr_pct<p10,False,1
PRICE_DERIVED,atr_pct_chg_20d>p90,atr_pct_chg_20d,1384102,14822,2730,6.53,8.43,-1.89,0.775,-1.61,-1.34,-1.75,0.42,96.57,8.57,9.96,4.67,5.83,False,True,101,ATR14 RMA then a 20-bar ratio,10.0,5.43,1882.0,6783.0,6157.0,0.0,1.625,DROP,-1.39,2850.0,2870.0,,atr_pct_chg_20d>p90,False,1
PRICE_DERIVED,atr_pct_chg_20d<p10,atr_pct_chg_20d,1384102,17790,2751,9.08,8.59,0.49,1.057,2.65,-0.05,0.86,0.4,96.57,8.57,9.96,4.67,5.83,False,True,101,ATR14 RMA then a 20-bar ratio,10.0,6.47,1212.0,7873.0,8705.0,2.0,1.526,DROP,-1.39,2850.0,2870.0,,atr_pct_chg_20d<p10,False,1
PRICE_DERIVED,vol_ratio_20d>p90,vol_ratio_20d,1607566,53110,2838,9.28,8.58,0.71,1.082,0.5,0.34,1.16,0.26,99.75,8.63,5.41,4.78,0.0,False,True,20,avg_vol_20d — 20-bar mean from the DB,10.0,18.71,10760.0,20485.0,21865.0,3.0,1.844,DROP,3.22,2868.0,31.0,,vol_ratio_20d>p90,False,1
PRICE_DERIVED,vol_ratio_20d<p10,vol_ratio_20d,1607566,22829,2814,8.24,8.57,-0.33,0.962,-1.02,-0.26,0.01,0.52,99.75,8.63,5.41,4.78,0.0,False,True,20,avg_vol_20d — 20-bar mean from the DB,10.0,8.11,4730.0,8575.0,9524.0,1.0,1.522,DROP,3.22,2868.0,31.0,,vol_ratio_20d<p10,False,1
PRICE_DERIVED,dollar_volume>p90,dollar_volume,1611609,6185,1138,8.81,10.02,-1.21,0.88,0.08,-1.85,-1.74,1.97,100.0,,,,,False,False,20,single-bar arithmetic,10.0,5.43,1604.0,2124.0,2457.0,1.0,2.171,DROP,,,,,dollar_volume>p90,False,1
PRICE_DERIVED,dollar_volume<p10,dollar_volume,1611609,4978,1086,8.02,8.86,-0.84,0.905,0.54,-0.91,-0.93,1.63,100.0,,,,,False,False,20,single-bar arithmetic,10.0,4.58,818.0,2074.0,2086.0,1.0,1.158,DROP,,,,,dollar_volume<p10,False,1
PRICE_DERIVED,gap_pct>p90,gap_pct,1611599,38169,2823,8.47,8.55,-0.09,0.99,-0.55,-0.41,0.8,0.36,99.83,8.61,14.33,4.71,7.9,False,True,20,needs the previous bar,10.0,13.52,7227.0,16204.0,14738.0,1.0,1.794,DROP,-5.72,2869.0,2831.0,,gap_pct>p90,False,1
PRICE_DERIVED,gap_pct<p10,gap_pct,1611599,36496,2811,7.76,8.52,-0.76,0.911,-0.25,-0.54,-0.91,0.36,99.83,8.61,14.33,4.71,7.9,False,True,20,needs the previous bar,10.0,12.98,8088.0,14905.0,13503.0,0.0,1.667,DROP,-5.72,2869.0,2831.0,,gap_pct<p10,False,1
VOL_ABSORB,consec_up>p90,consec_up,1611609,33956,2792,8.83,8.58,0.25,1.03,0.48,-0.95,1.12,0.34,100.0,,,,,False,False,20,run length of close > close.shift(1),4.88,12.16,6850.0,12748.0,14358.0,2.0,1.793,DROP,,,,,consec_up>p90,False,1
VOL_ABSORB,consec_up<p10,consec_up,1611609,0,0,,,,,,,,,100.0,,,,,,False,20,run length of close > close.shift(1),0.0,,,,,,,INSUFFICIENT,,,,,consec_up<p10,False,1
PRICE_DERIVED,hi20_age>p90,hi20_age,1540956,6285,2527,10.34,7.82,2.52,1.323,4.69,0.86,4.31,0.48,92.36,8.66,8.16,4.85,3.61,True,True,21,rolling(20).max/min on high/low shifted by 1,9.9,2.49,505.0,2987.0,2793.0,3.0,2.228,RETAIN,0.5,2829.0,2870.0,,hi20_age>p90,False,1
PRICE_DERIVED,hi20_age<p10,hi20_age,1540956,0,0,,,,,,,,,92.36,8.66,8.16,4.85,3.61,,True,21,rolling(20).max/min on high/low shifted by 1,0.0,,,,,,,INSUFFICIENT,0.5,2829.0,2870.0,,hi20_age<p10,False,1
PRICE_DERIVED,close_pos_20d>p90,close_pos_20d,1608759,30913,2816,9.68,8.63,1.05,1.121,0.83,-0.11,1.89,0.32,96.57,8.57,9.96,4.67,5.83,True,True,21,rolling(20).max/min on high/low shifted by 1,10.0,10.98,6239.0,11172.0,13502.0,2.0,1.888,RETAIN,-1.39,2850.0,2870.0,,close_pos_20d>p90,False,1
PRICE_DERIVED,close_pos_20d<p10,close_pos_20d,1608759,35166,2823,7.97,8.52,-0.55,0.936,0.08,-0.06,-1.04,0.3,96.57,8.57,9.96,4.67,5.83,False,True,21,rolling(20).max/min on high/low shifted by 1,10.0,12.46,7026.0,14902.0,13238.0,1.0,1.729,DROP,-1.39,2850.0,2870.0,,close_pos_20d<p10,False,1
DISPLAY,LBAL_UDN=N,LBAL_UDN,1058421,30831,1786,8.94,8.89,0.05,1.006,0.11,0.38,-0.3,0.43,63.66,8.87,8.18,21.63,0.26,False,True,20,"lbal_build declares no window for these marks; global floor, flagged rather than invented",16.16,17.26,6668.0,11944.0,12219.0,2.0,2.069,DROP,0.69,1790.0,2795.0,,LBAL_UDN=N,False,1
DISPLAY,LBAL_STAR=True,LBAL_STAR,1067523,14994,1787,8.78,8.95,-0.17,0.981,0.76,-0.32,-0.65,0.7,64.22,8.91,8.1,20.95,0.27,False,True,20,"lbal_build declares no window for these marks; global floor, flagged rather than invented",26.37,8.39,3884.0,5487.0,5623.0,1.0,1.895,DROP,0.81,1792.0,2757.0,,LBAL_STAR=True,False,1
DISPLAY,LVX_TIER>p90,LVX_TIER,541959,0,0,,,,,,,,,32.48,8.6,8.63,5.27,4.48,,True,20,"lbal_build declares no window for these marks; global floor, flagged rather than invented",0.0,,,,,,,INSUFFICIENT,-0.02,2845.0,2870.0,G004,LVX_TIER<p10,True,2
DISPLAY,LVX_TIER<p10,LVX_TIER,541959,0,0,,,,,,,,,32.48,8.6,8.63,5.27,4.48,,True,20,"lbal_build declares no window for these marks; global floor, flagged rather than invented",0.0,,,,,,,INSUFFICIENT,-0.02,2845.0,2870.0,G004,LVX_TIER<p10,False,2
DISPLAY,VOL7_MR>p90,VOL7_MR,1611609,39575,2830,9.1,8.58,0.52,1.06,0.14,0.84,0.28,0.32,96.75,8.57,10.05,4.67,5.85,False,True,20,"lbal_build declares no window for these marks; global floor, flagged rather than invented",7.42,13.98,8057.0,14594.0,16924.0,3.0,1.702,DROP,-1.48,2851.0,2870.0,,VOL7_MR>p90,False,1
DISPLAY,VOL7_MR<p10,VOL7_MR,1611609,21709,2788,8.59,8.68,-0.09,0.99,-1.17,0.14,0.11,0.58,96.75,8.57,10.05,4.67,5.85,False,True,20,"lbal_build declares no window for these marks; global floor, flagged rather than invented",4.74,7.79,3889.0,8295.0,9525.0,2.0,1.489,DROP,-1.48,2851.0,2870.0,,VOL7_MR<p10,False,1
DISPLAY,VOL7_SG>p90,VOL7_SG,1611609,53013,2835,9.43,8.58,0.86,1.1,0.59,0.33,1.5,0.26,96.75,8.57,10.05,4.67,5.85,False,True,20,"lbal_build declares no window for these marks; global floor, flagged rather than invented",6.67,18.7,10381.0,20750.0,21882.0,3.0,1.853,DROP,-1.48,2851.0,2870.0,,VOL7_SG>p90,False,1
DISPLAY,VOL7_SG<p10,VOL7_SG,1611609,41742,2795,8.33,8.49,-0.15,0.982,-0.25,-0.26,0.05,0.32,96.75,8.57,10.05,4.67,5.85,False,True,20,"lbal_build declares no window for these marks; global floor, flagged rather than invented",9.48,14.93,8353.0,16346.0,17043.0,1.0,1.758,DROP,-1.48,2851.0,2870.0,,VOL7_SG<p10,False,1
DISPLAY,VOL7_CONS=Σ+,VOL7_CONS,933344,41700,2837,8.65,8.59,0.06,1.007,0.24,-0.45,0.54,0.3,56.03,8.61,8.63,5.69,3.71,False,True,20,"lbal_build declares no window for these marks; global floor, flagged rather than invented",15.37,14.7,7941.0,16704.0,17055.0,2.0,1.764,DROP,-0.02,2851.0,2870.0,,VOL7_CONS=Σ+,False,1
DISPLAY,VOL7_CONS=MR+,VOL7_CONS,933344,7413,1987,8.74,9.42,-0.68,0.928,-1.53,-0.16,-0.75,1.16,56.03,8.61,8.63,5.69,3.71,False,True,20,"lbal_build declares no window for these marks; global floor, flagged rather than invented",2.33,3.73,1304.0,2782.0,3327.0,0.0,1.076,DROP,-0.02,2851.0,2870.0,,VOL7_CONS=MR+,False,1
DISPLAY,SHAPE_CODE=WRP,SHAPE_CODE,185940,31623,2671,9.13,9.64,-0.51,0.947,,-0.41,-0.38,0.32,16.56,9.21,8.5,2.36,5.36,False,True,200,"shape_ctx_build declares ewm(span=RS_LEN=200, min_periods=RS_LEN) — a declared contract, so it wins",26.28,11.84,,13859.0,17764.0,0.0,1.842,DROP,0.7,2862.0,2870.0,,SHAPE_CODE=WRP,False,1
DISPLAY,SHAPE_CODE=LST,SHAPE_CODE,185940,29224,2667,9.18,9.63,-0.45,0.953,,-0.2,-0.57,0.35,16.56,9.21,8.5,2.36,5.36,False,True,200,"shape_ctx_build declares ewm(span=RS_LEN=200, min_periods=RS_LEN) — a declared contract, so it wins",21.97,10.96,,12128.0,17096.0,0.0,1.824,DROP,0.7,2862.0,2870.0,,SHAPE_CODE=LST,False,1
DISPLAY,SHAPE_CODE=MID,SHAPE_CODE,185940,24329,2671,9.17,9.66,-0.49,0.95,,-0.38,-0.54,0.38,16.56,9.21,8.5,2.36,5.36,False,True,200,"shape_ctx_build declares ewm(span=RS_LEN=200, min_periods=RS_LEN) — a declared contract, so it wins",18.89,9.11,,9927.0,14402.0,0.0,1.782,DROP,0.7,2862.0,2870.0,,SHAPE_CODE=MID,False,1
DISPLAY,SHAPE_CODE=CL4,SHAPE_CODE,185940,20591,2654,9.23,9.67,-0.43,0.955,,-0.63,-0.31,0.41,16.56,9.21,8.5,2.36,5.36,False,True,200,"shape_ctx_build declares ewm(span=RS_LEN=200, min_periods=RS_LEN) — a declared contract, so it wins",14.1,7.76,,8251.0,12340.0,0.0,1.804,DROP,0.7,2862.0,2870.0,,SHAPE_CODE=CL4,False,1
DISPLAY,SHAPE_CODE=MTH,SHAPE_CODE,185940,11723,2617,10.12,9.78,0.34,1.035,,-0.88,1.14,0.5,16.56,9.21,8.5,2.36,5.36,False,True,200,"shape_ctx_build declares ewm(span=RS_LEN=200, min_periods=RS_LEN) — a declared contract, so it wins",6.97,4.48,,4591.0,7132.0,1.0,1.871,DROP,0.7,2862.0,2870.0,,SHAPE_CODE=MTH,False,1
DISPLAY,SHAPE_CODE=CON,SHAPE_CODE,185940,10556,2570,10.37,9.85,0.52,1.053,,0.47,0.58,0.59,16.56,9.21,8.5,2.36,5.36,False,True,200,"shape_ctx_build declares ewm(span=RS_LEN=200, min_periods=RS_LEN) — a declared contract, so it wins",6.75,4.11,,4124.0,6432.0,2.0,1.833,DROP,0.7,2862.0,2870.0,,SHAPE_CODE=CON,False,1
DISPLAY,SHAPE_CODE=EXP,SHAPE_CODE,185940,8214,2479,10.18,9.96,0.22,1.022,,0.33,0.24,0.72,16.56,9.21,8.5,2.36,5.36,False,True,200,"shape_ctx_build declares ewm(span=RS_LEN=200, min_periods=RS_LEN) — a declared contract, so it wins",5.04,3.31,,3153.0,5061.0,2.0,1.884,DROP,0.7,2862.0,2870.0,,SHAPE_CODE=EXP,False,1
DISPLAY,SHAPE_TOUCHES>p90,SHAPE_TOUCHES,910553,10521,2582,9.08,9.39,-0.31,0.967,,-0.31,-0.29,0.53,80.95,8.67,8.42,3.85,10.34,False,True,200,"shape_ctx_build declares ewm(span=RS_LEN=200, min_periods=RS_LEN) — a declared contract, so it wins",9.02,4.07,,4220.0,6301.0,0.0,1.461,DROP,0.25,2862.0,2870.0,,SHAPE_TOUCHES>p90,False,1
DISPLAY,SHAPE_TOUCHES<p10,SHAPE_TOUCHES,910553,17488,2642,9.37,9.14,0.24,1.026,,0.64,0.12,0.39,80.95,8.67,8.42,3.85,10.34,False,True,200,"shape_ctx_build declares ewm(span=RS_LEN=200, min_periods=RS_LEN) — a declared contract, so it wins",8.96,6.62,,7800.0,9688.0,2.0,2.056,DROP,0.25,2862.0,2870.0,,SHAPE_TOUCHES<p10,False,1
DISPLAY,SHAPE_LSTUP_VETO=True,SHAPE_LSTUP_VETO,910553,16253,2644,9.22,9.16,0.06,1.007,,0.57,-0.26,0.46,80.95,8.67,8.42,3.85,10.34,False,True,200,"shape_ctx_build declares ewm(span=RS_LEN=200, min_periods=RS_LEN) — a declared contract, so it wins",2.08,6.15,,6846.0,9407.0,1.0,1.803,DROP,0.25,2862.0,2870.0,,SHAPE_LSTUP_VETO=True,False,1
DISPLAY,SHAPE_GRADE>p90,SHAPE_GRADE,910553,23629,2667,9.84,9.14,0.7,1.076,,0.71,0.78,0.37,80.95,8.67,8.42,3.85,10.34,False,True,200,"shape_ctx_build declares ewm(span=RS_LEN=200, min_periods=RS_LEN) — a declared contract, so it wins",4.39,8.86,,10182.0,13447.0,2.0,1.973,DROP,0.25,2862.0,2870.0,,SHAPE_GRADE>p90,False,1
DISPLAY,SHAPE_GRADE<p10,SHAPE_GRADE,910553,0,0,,,,,,,,,80.95,8.67,8.42,3.85,10.34,,True,200,"shape_ctx_build declares ewm(span=RS_LEN=200, min_periods=RS_LEN) — a declared contract, so it wins",0.0,,,,,,,INSUFFICIENT,0.25,2862.0,2870.0,,SHAPE_GRADE<p10,False,1
DISPLAY,OVD_TOKENS=CD·30 CD·60,OVD_TOKENS,391608,30202,1727,8.57,8.77,-0.21,0.977,-0.36,-0.39,0.0,0.43,23.47,8.78,8.57,36.86,1.92,False,True,20,"ovd_map_build RVOL_LEN=20, rolling(20).median with default min_periods",32.42,17.49,5223.0,12596.0,12383.0,1.0,1.989,DROP,0.21,1733.0,2870.0,,OVD_TOKENS=CD·30 CD·60,False,1
DISPLAY,OVD_TOKENS=OB·60,OVD_TOKENS,391608,28800,1704,8.52,8.79,-0.27,0.969,-0.33,-0.14,-0.56,0.45,23.47,8.78,8.57,36.86,1.92,False,True,20,"ovd_map_build RVOL_LEN=20, rolling(20).median with default min_periods",15.38,16.9,4947.0,11690.0,12163.0,0.0,2.055,DROP,0.21,1733.0,2870.0,,OVD_TOKENS=OB·60,False,1
DISPLAY,OVD_TOKENS=OB·30 OB·60,OVD_TOKENS,391608,18280,1671,8.33,8.8,-0.48,0.946,-1.05,-0.42,-0.46,0.62,23.47,8.78,8.57,36.86,1.92,False,True,20,"ovd_map_build RVOL_LEN=20, rolling(20).median with default min_periods",6.58,10.94,3180.0,7430.0,7670.0,0.0,1.938,DROP,0.21,1733.0,2870.0,,OVD_TOKENS=OB·30 OB·60,False,1
DISPLAY,OVD_TOKENS=CD·30,OVD_TOKENS,391608,15852,1728,8.82,8.75,0.07,1.008,-0.09,0.65,-0.45,0.64,23.47,8.78,8.57,36.86,1.92,False,True,20,"ovd_map_build RVOL_LEN=20, rolling(20).median with default min_periods",5.45,9.17,2651.0,6686.0,6515.0,1.0,1.981,DROP,0.21,1733.0,2870.0,,OVD_TOKENS=CD·30,False,1
DISPLAY,OVD_TOKENS=OB·60 CD·30 CD·60,OVD_TOKENS,391608,11837,1614,8.95,8.56,0.4,1.046,1.33,0.49,0.07,0.69,23.47,8.78,8.57,36.86,1.92,False,True,20,"ovd_map_build RVOL_LEN=20, rolling(20).median with default min_periods",3.94,7.33,1922.0,5247.0,4668.0,3.0,2.131,DROP,0.21,1733.0,2870.0,,OVD_TOKENS=OB·60 CD·30 CD·60,False,1
DISPLAY,OVD_TOKENS=CD·60,OVD_TOKENS,391608,11457,1699,9.07,8.65,0.42,1.048,0.3,0.76,0.15,0.66,23.47,8.78,8.57,36.86,1.92,False,True,20,"ovd_map_build RVOL_LEN=20, rolling(20).median with default min_periods",3.42,6.74,1749.0,5012.0,4696.0,3.0,2.1,DROP,0.21,1733.0,2870.0,,OVD_TOKENS=CD·60,False,1
DISPLAY,OVD_TOKENS=NM?,OVD_TOKENS,391608,9958,1633,8.73,8.69,0.04,1.004,-0.41,-0.68,0.77,0.72,23.47,8.78,8.57,36.86,1.92,False,True,20,"ovd_map_build RVOL_LEN=20, rolling(20).median with default min_periods",3.41,6.1,1431.0,4201.0,4326.0,1.0,2.316,DROP,0.21,1733.0,2870.0,,OVD_TOKENS=NM?,False,1
DISPLAY,OVD_TOKENS=RC·30 RC·60,OVD_TOKENS,391608,7157,1634,9.28,9.12,0.16,1.017,-1.8,-0.41,0.91,0.84,23.47,8.78,8.57,36.86,1.92,False,True,20,"ovd_map_build RVOL_LEN=20, rolling(20).median with default min_periods",3.22,4.38,1078.0,2742.0,3337.0,1.0,2.013,DROP,0.21,1733.0,2870.0,,OVD_TOKENS=RC·30 RC·60,False,1
DISPLAY,OVD_TOKENS=RC·60,OVD_TOKENS,391608,8250,1671,9.24,8.9,0.34,1.038,-0.69,0.18,0.44,0.86,23.47,8.78,8.57,36.86,1.92,False,True,20,"ovd_map_build RVOL_LEN=20, rolling(20).median with default min_periods",3.01,4.94,1231.0,3190.0,3829.0,2.0,2.069,DROP,0.21,1733.0,2870.0,,OVD_TOKENS=RC·60,False,1
DISPLAY,OVD_TOKENS=OB·30 OB·60 CD·30 CD·60,OVD_TOKENS,391608,6072,1460,8.32,8.26,0.05,1.007,1.99,-0.31,-0.24,0.92,23.47,8.78,8.57,36.86,1.92,False,True,20,"ovd_map_build RVOL_LEN=20, rolling(20).median with default min_periods",1.76,4.16,939.0,2683.0,2450.0,1.0,2.17,DROP,0.21,1733.0,2870.0,,OVD_TOKENS=OB·30 OB·60 CD·30 CD·60,False,1
DISPLAY,OVD_TOKENS=CD·30 CD·60 NM?,OVD_TOKENS,391608,5222,1435,8.6,7.85,0.75,1.095,2.38,0.09,1.34,1.01,23.47,8.78,8.57,36.86,1.92,False,True,20,"ovd_map_build RVOL_LEN=20, rolling(20).median with default min_periods",1.69,3.64,752.0,2465.0,2005.0,3.0,2.314,DROP,0.21,1733.0,2870.0,,OVD_TOKENS=CD·30 CD·60 NM?,False,1
DISPLAY,OVD_TOKENS=RC·60 CD·30 CD·60,OVD_TOKENS,391608,3220,1246,8.42,7.77,0.64,1.083,1.48,0.19,1.1,1.3,23.47,8.78,8.57,36.86,1.92,False,True,20,"ovd_map_build RVOL_LEN=20, rolling(20).median with default min_periods",1.04,2.58,457.0,1403.0,1360.0,3.0,2.127,DROP,0.21,1733.0,2870.0,,OVD_TOKENS=RC·60 CD·30 CD·60,False,1
DISPLAY,OVD_TOKENS=OB·30 OB·60 RC·30 RC·60,OVD_TOKENS,391608,3691,1427,8.94,9.41,-0.47,0.95,-0.79,-1.21,-0.06,1.14,23.47,8.78,8.57,36.86,1.92,False,True,20,"ovd_map_build RVOL_LEN=20, rolling(20).median with default min_periods",1.03,2.59,531.0,1403.0,1757.0,0.0,1.982,DROP,0.21,1733.0,2870.0,,OVD_TOKENS=OB·30 OB·60 RC·30 RC·60,False,1
DISPLAY,OVD_TOKENS=OB·60 RC·60,OVD_TOKENS,391608,3535,1402,9.45,9.0,0.45,1.05,0.79,-0.2,0.71,1.13,23.47,8.78,8.57,36.86,1.92,False,True,20,"ovd_map_build RVOL_LEN=20, rolling(20).median with default min_periods",0.99,2.52,543.0,1302.0,1690.0,2.0,2.164,DROP,0.21,1733.0,2870.0,,OVD_TOKENS=OB·60 RC·60,False,1
DISPLAY,OVD_TOKENS=HO·60,OVD_TOKENS,391608,3442,1161,8.05,8.87,-0.82,0.908,-2.07,-0.09,-0.85,1.74,23.47,8.78,8.57,36.86,1.92,False,True,20,"ovd_map_build RVOL_LEN=20, rolling(20).median with default min_periods",0.97,2.96,740.0,1489.0,1213.0,0.0,1.886,DROP,0.21,1733.0,2870.0,,OVD_TOKENS=HO·60,False,1
DISPLAY,OVD_TOKENS=CD·30 CD·60 HO·60,OVD_TOKENS,391608,3062,1198,9.99,8.52,1.48,1.173,2.44,1.33,1.36,1.6,23.47,8.78,8.57,36.86,1.92,True,True,20,"ovd_map_build RVOL_LEN=20, rolling(20).median with default min_periods",0.88,2.56,594.0,1392.0,1076.0,3.0,2.189,RETAIN,0.21,1733.0,2870.0,,OVD_TOKENS=CD·30 CD·60 HO·60,False,1
DISPLAY,OVD_TOKENS=OB·60 RC·30 RC·60,OVD_TOKENS,391608,2997,1334,8.68,9.36,-0.69,0.927,-2.19,-0.97,-0.15,1.23,23.47,8.78,8.57,36.86,1.92,False,True,20,"ovd_map_build RVOL_LEN=20, rolling(20).median with default min_periods",0.87,2.25,433.0,1194.0,1370.0,0.0,1.925,DROP,0.21,1733.0,2870.0,,OVD_TOKENS=OB·60 RC·30 RC·60,False,1
DISPLAY,OVD_TOKENS=RC·30 RC·60 CD·30 CD·60,OVD_TOKENS,391608,2428,1113,6.84,7.52,-0.69,0.909,2.02,-1.17,-0.73,1.44,23.47,8.78,8.57,36.86,1.92,False,True,20,"ovd_map_build RVOL_LEN=20, rolling(20).median with default min_periods",0.86,2.18,322.0,1057.0,1049.0,1.0,1.964,DROP,0.21,1733.0,2870.0,,OVD_TOKENS=RC·30 RC·60 CD·30 CD·60,False,1
DISPLAY,OVD_TOKENS=OB·60 NM?,OVD_TOKENS,391608,2966,1312,9.41,8.73,0.67,1.077,0.1,-0.21,1.43,1.21,23.47,8.78,8.57,36.86,1.92,False,True,20,"ovd_map_build RVOL_LEN=20, rolling(20).median with default min_periods",0.82,2.26,426.0,1252.0,1288.0,2.0,2.315,DROP,0.21,1733.0,2870.0,,OVD_TOKENS=OB·60 NM?,False,1
DISPLAY,OVD_TOKENS=HO·30 HO·60,OVD_TOKENS,391608,2648,902,8.31,9.42,-1.11,0.882,-0.37,-0.61,-1.53,2.64,23.47,8.78,8.57,36.86,1.92,False,True,20,"ovd_map_build RVOL_LEN=20, rolling(20).median with default min_periods",0.78,2.94,609.0,1157.0,882.0,0.0,1.93,DROP,0.21,1733.0,2870.0,,OVD_TOKENS=HO·30 HO·60,False,1
DISPLAY,OVD_TOKENS=OB·30 OB·60 NM?,OVD_TOKENS,391608,2370,1164,10.34,8.74,1.6,1.183,4.07,0.33,1.77,1.48,23.47,8.78,8.57,36.86,1.92,True,True,20,"ovd_map_build RVOL_LEN=20, rolling(20).median with default min_periods",0.63,2.04,334.0,1028.0,1008.0,3.0,2.428,RETAIN,0.21,1733.0,2870.0,,OVD_TOKENS=OB·30 OB·60 NM?,False,1
DISPLAY,OVD_TOKENS=HO·30,OVD_TOKENS,391608,2154,814,9.52,9.7,-0.18,0.982,-0.35,-0.43,0.99,2.69,23.47,8.78,8.57,36.86,1.92,False,True,20,"ovd_map_build RVOL_LEN=20, rolling(20).median with default min_periods",0.61,2.65,489.0,923.0,742.0,1.0,1.662,DROP,0.21,1733.0,2870.0,,OVD_TOKENS=HO·30,False,1
DISPLAY,OVD_TOKENS=OB·60 CD·30,OVD_TOKENS,391608,2249,1195,9.87,8.94,0.93,1.104,1.12,1.0,0.78,1.42,23.47,8.78,8.57,36.86,1.92,False,True,20,"ovd_map_build RVOL_LEN=20, rolling(20).median with default min_periods",0.59,1.88,425.0,969.0,855.0,3.0,2.04,DROP,0.21,1733.0,2870.0,,OVD_TOKENS=OB·60 CD·30,False,1
DISPLAY,OVD_TOKENS=OB·30 OB·60 RC·60,OVD_TOKENS,391608,2048,1156,10.74,9.36,1.38,1.148,0.18,0.6,2.02,1.27,23.47,8.78,8.57,36.86,1.92,True,True,20,"ovd_map_build RVOL_LEN=20, rolling(20).median with default min_periods",0.54,1.77,314.0,766.0,968.0,3.0,2.217,RETAIN,0.21,1733.0,2870.0,,OVD_TOKENS=OB·30 OB·60 RC·60,False,1
