ticker,date,open,high,low,close,volume,rsi_14,t_sig,z_sig,phys_wyc,atrp,ret5,ret20,dd60,pos60,e20,e50,e200,gc,spring,undercut,vr,elig,sector,ret10,bounce,low_age,rsi_chg5,spring10,tup3,dist
IRTC,2026-09-30,114.51,114.75,112.19,113.66,339817,47.1,,Z3,MKDN,0.038563264987593784,0.017091722595078185,-0.07102574581119736,-0.16848342965835106,0.2667940146450174,-0.004171683562541495,-0.02444920585789634,-0.10711776375185977,0.0,0.0,0.00972942920681974,0.8337262865292577,True,,0.016455016991593574,0.05318754633061529,7.0,5.200000000000003,1.0,1.0,0.2354106791454157
CSL,2026-09-28,322.71,328.19,320.95,326.32,463736,44.7,T10,,MKDN,0.03397996001406376,0.02664778983797378,-0.08473340251872208,-0.1703025680142385,0.19213605113979015,-0.014997363498413185,-0.04714864019954412,-0.0693264879383092,0.0,0.0,0.0036405812042914487,0.7885667210293692,True,Materials,-0.004879238838741196,0.05132252972067408,5.0,8.900000000000006,1.0,1.0,0.2988936665253541
SHEN,2026-09-25,11.94,12.16,11.55,11.76,1163156,42.9,,Z2G,MKDN,0.041697946710588456,0.016421780466724156,-0.03289473684210531,-0.20647773279352233,0.19895287958115176,-0.02358013517758839,-0.05870645991143575,-0.11808279380562947,0.0,0.0,0.03125000000000022,0.8392293025441883,True,Communication Services,-0.012594458438287215,0.050000000000000044,5.0,5.699999999999996,1.0,0.0,0.30247099552875556
TLN,2026-09-25,304.05,307.41,299.6,304.42,550712,47.7,T2G,,MKDN,0.043475068916226316,0.04146424905918589,-0.0005253135465229652,-0.26608645338605075,0.18256554584506018,0.0018075112532820459,-0.054144057210381624,-0.11711497165221751,0.0,0.0,0.021017264181291795,0.8476582456032835,True,Utilities,-0.026603568459423133,0.0881080887872181,8.0,8.200000000000003,1.0,1.0,0.3025458914406399
SITE,2026-09-24,93.21,94.3,91.59,92.18,1071253,44.2,,Z1G,MKDN,0.03409359878940503,0.0345679012345681,-0.04049130842094295,-0.20719016083254482,0.19886930495510494,-0.016207030956684965,-0.057542593698467925,-0.1884249596478602,0.0,0.0,0.020301624129930307,0.9399404639421668,True,,-0.027431947668284384,0.06937354988399069,7.0,9.200000000000003,1.0,1.0,0.31920614289145505
CRAI,2026-09-30,165.43,166.53,158.66,164.15,189816,46.6,,Z9,MKDN,0.03417824048963137,0.013146525120355523,-0.048295454545454475,-0.1555635577961828,0.3167645729778584,-0.0071816566559091966,-0.011506528489926171,-0.024176779309127316,0.0,0.0,0.01076638848187561,0.9893349181894942,True,,-0.001338443754943075,0.045741224437790606,5.0,4.5,1.0,1.0,0.31966971691270096
RVLV,2026-09-25,20.6,21.29,20.53,21.2,752205,46.1,T2,,MKDN,0.04064256011164965,0.02613746369796699,-0.0774586597040906,-0.22457937088515,0.24103831891223726,-0.007313641629852485,-0.04664548751061748,-0.08093646261177867,0.0,0.0,0.05714285714285716,0.8604187870471627,True,Consumer Discretionary,0.003312825366777128,0.04588061174148983,11.0,7.0,1.0,0.0,0.3212201051689223
PBH,2026-09-28,46.25,47.33,46.24,46.93,651764,43.7,T2,,MKDN,0.034044445310883575,0.002777777777777768,-0.10558414331999233,-0.16181460975174145,0.21422376409366858,-0.020050354674889803,-0.0479568302613298,-0.148819490165377,0.0,0.0,0.011470985155195734,0.9457871105373147,True,Healthcare,-0.014489710205795814,0.05555555555555558,5.0,3.8000000000000043,1.0,1.0,0.32143179106933756
PAHC,2026-09-29,35.46,35.72,34.7,35.45,170541,49.7,,Z9,MKDN,0.03909299157249338,0.008534850640113945,-0.0606783253842077,-0.12792127921279206,0.48051948051948085,0.0010819320595334414,-0.005240156630882731,-0.07024287104423244,0.0,1.0,-0.0313599062133646,0.9133885838903768,True,Healthcare,0.011989723094490534,0.07261724659606683,3.0,4.200000000000003,1.0,1.0,0.3229979712802104
RIVN,2026-09-25,15.45,15.65,15.18,15.47,16678170,47.4,T2G,,MARKUP,0.04334571710140181,0.03202134756504349,-0.07916666666666672,-0.23415841584158414,0.18448275862068975,-0.0065470785412635735,-0.0244868240574988,-0.020620709262944348,1.0,1.0,-0.0020229265003370855,0.9411754954229258,True,Industrials,-0.03493449781659397,0.04527027027027031,2.0,7.699999999999996,1.0,1.0,0.32928022237875887
GVA,2026-09-29,115.63,117.18,114.09,116.27,561219,46.8,T2,,MKDN,0.030278329279013166,0.016968424735414933,-0.03558394160583944,-0.2137012240481505,0.19979741706761203,-0.0025008587806125693,-0.03958720604417798,-0.054707051593477996,0.0,1.0,-0.020851818988465,0.976058923013159,True,,0.019375767140101585,0.05364748527412777,3.0,8.0,1.0,1.0,0.3296941559200524
WFRD,2026-09-25,83.29,86.0,83.25,85.08,1124075,43.6,T4,,MARKUP,0.03972606596710573,0.037181518956479254,-0.07491573339132329,-0.14406438631790752,0.34009216589861724,-0.02023595776744136,-0.04242880050896414,-0.03158335181715599,1.0,1.0,-0.010689869484151626,0.8607277073551162,True,Industrials,-0.04243106359032067,0.06897851488880513,4.0,8.800000000000004,1.0,1.0,0.33238710826167606
SNDX,2026-09-29,17.89,18.31,17.75,18.23,1499417,44.7,T1,,MKDN,0.04383364907884553,0.002750275027502802,-0.05495075168481067,-0.2777337559429477,0.139877300613497,-0.0152963553550437,-0.05700955353967185,-0.06762073862268692,0.0,1.0,-0.00927536231884063,0.9309639119538184,True,Healthcare,0.007739082365948002,0.06670567583382092,4.0,3.6000000000000014,1.0,1.0,0.3326984534267073
ECG,2026-09-25,117.46,117.76,114.85,116.94,331309,47.2,,Z5,MARKUP,0.04378207814827164,0.00836423212899895,-0.03387309980171849,-0.25033656003589977,0.18916112956810627,-0.002010091538905079,-0.055194147931909576,-0.03200801399307551,1.0,0.0,0.033956013619214076,0.8490062830734396,True,,-0.020767040696700767,0.07610196006257475,8.0,1.9000000000000057,1.0,1.0,0.33559661930654283
CRMD,2026-09-25,7.79,7.9,7.69,7.85,606640,47.0,T2G,,MKDN,0.03507574005347907,0.01683937823834203,-0.05535499398315291,-0.12583518930957693,0.3989361702127658,-0.008141544435891324,-0.01624582685939613,-0.07770145080532542,0.0,0.0,0.0,0.8414339674992302,True,Healthcare,0.0025542784163472554,0.030183727034120755,5.0,5.100000000000001,1.0,1.0,0.3380720825315171
TRI,2026-09-25,100.16,100.47,98.11,98.99,1212719,48.1,,Z9,MKDN,0.03994073991657427,0.04873397605678553,-0.055258637144493306,-0.12745702952842664,0.502921966311447,-0.01077859603602227,-0.0028026681599768732,-0.08271076475682682,0.0,1.0,-0.0017055750986034734,0.8852411353795352,True,,0.01684643040575251,0.05702082221035765,4.0,6.5,1.0,1.0,0.3430550368278284
LPX,2026-09-25,66.35,67.39,65.63,66.7,618075,44.0,T9,,MKDN,0.03496887113076602,0.021126760563380476,-0.05684389140271484,-0.18139420716740307,0.13007651559741065,-0.014107181299680915,-0.04959381123965856,-0.12410804525712471,0.0,0.0,0.00015506280043431353,0.9509297081215012,True,Materials,-0.00876801902214297,0.03426887889595309,5.0,7.200000000000003,1.0,0.0,0.3446000810899724
CARR,2026-09-28,56.04,56.25,54.64,55.87,5602457,41.6,,Z9,MKDN,0.0300036763459095,0.022885389967045144,-0.04966831093723423,-0.2119887165021157,0.16220735785953153,-0.013993225895898243,-0.06461206930059749,-0.1046409842807281,0.0,0.0,0.027190332326283873,0.8943398662312202,True,Industrials,-0.024275235766678338,0.054947129909365566,6.0,9.700000000000003,1.0,1.0,0.35159001942658574
ESI,2026-09-24,34.88,35.24,34.41,34.5,3277644,47.9,,Z1,MARKUP,0.04052782834930536,0.04041013268998794,-0.04219877845641318,-0.2710754278470314,0.19308176100628935,-0.0010893175092104856,-0.04637709864743811,-0.023288700086672942,1.0,0.0,0.034998409163219835,0.9275387210825441,True,Materials,0.009657594381035972,0.09767737830098633,7.0,8.0,1.0,1.0,0.3531944047977576
RHLD,2026-09-25,129.41,129.89,124.69,125.38,82386,47.1,,Z4,MKDN,0.05329481295596939,0.060295983086680716,-0.062439243251327214,-0.20348135442475068,0.22558027079303672,-0.010568170899705409,-0.030364618317192726,-0.046812285774219475,0.0,0.0,0.0019819043515725276,0.8219591249278168,True,Financials,-0.03657599508221909,0.08039638087031453,6.0,9.5,1.0,1.0,0.35393315383401996
H,2026-09-29,163.83,164.22,158.93,162.01,878818,46.0,,Z5,MARKUP,0.02959528395660263,0.026679340937896034,-0.029705935197939848,-0.16994569115688085,0.19137006338371507,-0.00027304279302564627,-0.042388804654514,-0.03600396909812942,1.0,0.0,0.007589517384535727,0.9293361557729937,True,Consumer Discretionary,0.011361508209001725,0.05092112091333667,7.0,9.899999999999999,1.0,1.0,0.3550142739299531
TNC,2026-09-28,67.61,68.77,67.16,68.21,142730,45.4,T2,,MKDN,0.03307946427776834,0.036153729302749404,-0.019689565967232037,-0.24185839724352565,0.13272220007971294,-0.0043614345858452586,-0.0586027584227663,-0.11889840136573793,0.0,1.0,-0.014131590943625705,0.8507655124117087,True,Industrials,-0.006843331391962915,0.051325524044389725,2.0,11.299999999999997,1.0,1.0,0.3565527443668839
PTON,2026-09-29,4.83,5.09,4.76,5.04,13774804,47.6,T1,,MKDN,0.04007042516695853,0.003984063745019917,-0.059701492537313494,-0.2511144130757801,0.17156862745098023,0.0023890853859882544,-0.04949767720523779,-0.10493582475419505,0.0,1.0,-0.01882845188284521,0.9722997052478473,True,,0.039175257731958846,0.07462686567164178,3.0,5.200000000000003,1.0,1.0,0.3613150528151856
CSW,2026-09-25,295.61,301.73,294.14,296.8,85267,45.6,T1G,,MARKUP,0.03288959954885608,0.03170189098998888,-0.0680440857851603,-0.1650725779228086,0.34516237027117513,-0.010775002627538166,-0.021573453711609347,0.016155553691181268,1.0,0.0,0.0031370060977760073,0.8307717022607743,True,Materials,-0.01300256060656435,0.04613866271897371,6.0,9.800000000000004,1.0,1.0,0.3629377362457078
CRI,2026-09-28,31.3,31.85,30.54,31.0,1472354,42.8,,Z9,MKDN,0.04234802614956321,0.010101010101010166,-0.07600596125186276,-0.25677295612562934,0.16653696498054477,-0.015028414266180512,-0.08809416663168679,-0.12389628064596825,0.0,0.0,0.027720027720027796,0.8776870581050912,True,Consumer Discretionary,0.016393442622950838,0.07415107415107425,9.0,5.799999999999997,1.0,1.0,0.36756611948561496
DFTX,2026-09-30,38.42,38.8,37.32,38.06,2380946,45.7,,Z6,MARKUP,0.05517167918452631,0.010889774236387817,-0.011428571428571344,-0.23420523138832994,0.17970401691331947,-0.018772799065680856,-0.033168109315991345,,0.0,1.0,-0.0324250681198911,1.0347777839664944,True,Healthcare,0.005548216644649884,0.0718107575330893,2.0,3.5,1.0,1.0,0.3700753026915233
LOAR,2026-09-25,65.76,66.31,64.5,65.04,636584,41.6,,Z3,MKDN,0.03960059211041505,0.009467639298463393,-0.11013818579833079,-0.21154079282337246,0.1516771998055423,-0.021500102653046693,-0.0521908806331457,-0.06410537016285867,0.0,1.0,-0.01854493580599148,1.0074323737306328,True,Industrials,-0.022101939557961137,0.050387596899224896,2.0,4.899999999999999,1.0,1.0,0.37014463059479297
INGM,2026-09-25,26.52,27.46,26.45,26.98,1961469,47.1,T1,,MARKUP,0.03783816872317637,0.011623547056617944,-0.07886650734038914,-0.1282714054927302,0.26345083487940657,-0.009455694576687934,-0.025814491838972553,0.03596509999220965,1.0,0.0,0.012071651090342694,0.8160696238110334,True,,-0.020689655172413834,0.050623052959501535,7.0,3.1000000000000014,1.0,1.0,0.3765223868118396
SUPN,2026-09-25,43.21,43.69,42.65,42.66,607569,43.9,,Z1G,MKDN,0.032160262536380074,0.01571428571428557,-0.03462321792260692,-0.1874285714285715,0.17931609674728927,-0.012996480318788639,-0.04303815320398563,-0.0756557842724701,0.0,0.0,0.028881757590718315,0.9799412680031001,True,Healthcare,0.02449567723342927,0.05307331523080716,8.0,5.100000000000001,1.0,0.0,0.3770500334484946
WWD,2026-09-25,327.73,331.03,325.8,330.31,337566,43.4,T2G,,MARKUP,0.029338391516721844,0.02663641449617704,-0.04628399838309172,-0.22931006323059333,0.15392561983471076,-0.006577646301471396,-0.054907013122630244,-0.052846657338408654,1.0,0.0,0.021060717600742462,0.8139197147743344,True,Industrials,-0.02060724663464386,0.057228819255513264,7.0,9.199999999999996,1.0,1.0,0.37879294930728064
RRX,2026-09-28,155.31,157.34,152.46,156.48,822891,44.8,T2,,MKDN,0.03844829801432544,0.038147681284415924,-0.006034427999746073,-0.29769758987478123,0.1367777199375324,-0.003186897068037542,-0.08173422300973798,-0.13600531305964314,0.0,0.0,0.015619647872850528,0.86116720674343,True,Industrials,0.016962370832520834,0.0720010961156401,6.0,9.699999999999996,1.0,1.0,0.38780724312800097
TTWO,2026-09-30,203.69,210.15,203.0,207.5,2448159,41.5,T2G,,MKDN,0.03235138244077848,0.005719271035285134,-0.04236662359239429,-0.2018923804761722,0.1328266975053691,-0.018258155086974148,-0.062331450835836244,-0.08641812978385544,0.0,1.0,-0.018357202618239032,0.8694355502914226,True,Technology,-0.02034842547566218,0.04030883385139883,2.0,5.399999999999999,1.0,1.0,0.38880503274292977
CMC,2026-09-25,64.27,66.03,64.16,65.73,959631,46.3,T1,,MARKUP,0.03046487840695814,0.019069767441860508,-0.04406631762652702,-0.14447481452557587,0.3420272673384709,-0.009694240348975924,-0.029341741802693222,-0.023338691101654985,1.0,1.0,-0.0076098773101414,0.9008868304117024,True,Materials,-0.0214381420276909,0.028638497652582195,2.0,5.899999999999999,1.0,1.0,0.3912885965098848
RYZ,2026-09-28,23.82,24.37,23.51,24.29,447604,43.7,T2,,MKDN,0.03850685567143481,0.014619883040935644,-0.04067930489731442,-0.24093750000000003,0.12086659064994285,-0.0173198745823967,-0.05655881631415893,,0.0,1.0,-0.0190033783783784,1.027010232951691,True,,0.013350020859407508,0.04563065002152378,2.0,4.800000000000004,1.0,1.0,0.39142766312697025
TREX,2026-09-28,44.56,45.13,43.52,44.44,2048378,49.1,,Z9,MKDN,0.034569027921788446,0.03589743589743577,-0.029058335154031112,-0.12794348508634223,0.295896328293736,0.001947699737246289,-0.010803661437961853,-0.011343481095856811,0.0,0.0,0.012071005917159816,1.0124509052925978,True,Materials,0.017865322950068707,0.05183431952662709,8.0,9.5,1.0,1.0,0.39733017803795057
ESE,2026-09-25,268.67,271.33,266.59,268.09,193964,43.1,,Z3,MARKUP,0.0320249036572143,0.0081603489771358,-0.04777296298927347,-0.21964779508077437,0.14054669703872408,-0.00805534366133831,-0.059880769727317484,-0.039115862296075554,1.0,0.0,0.009892473118279455,1.002712190472201,True,Industrials,-0.008176100628930927,0.0482502443792765,7.0,4.700000000000003,1.0,1.0,0.3990634068624621
AS,2026-09-25,26.77,27.78,26.72,27.77,6724244,42.7,T4,,MKDN,0.03716863516848622,0.038907594463150064,-0.09010484927916118,-0.26241699867197876,0.14458874458874446,-0.018745405606314325,-0.09358685633166675,-0.1797530622943082,0.0,0.0,0.014942528735632177,0.875341039423389,True,,-0.010687566797292547,0.06398467432950183,5.0,10.0,1.0,1.0,0.40026753690638034
CGNX,2026-09-29,59.52,59.7,58.5,59.67,870184,46.8,T2G,,MARKUP,0.036186447504801184,0.011870442597931241,-0.021161417322834608,-0.17922971114167818,0.16474358974358974,-0.009233014773868509,-0.02914782291270257,0.059175762428979706,1.0,1.0,-0.01211072664359858,0.9667945282296118,True,,0.00879120879120876,0.045008756567425534,3.0,3.6999999999999957,1.0,1.0,0.4004178359443244
VCEL,2026-09-28,39.78,41.05,39.65,40.24,643091,48.0,T2G,,MARKUP,0.03280218235502403,0.017446270543615805,-0.017338217338217388,-0.18410381184103808,0.24143692564745203,0.0019220950370331114,-0.023635868187489417,0.020462090554920875,1.0,0.0,0.023025435073627865,0.9257000043493454,True,Healthcare,0.016161616161616266,0.05312745354619208,11.0,7.600000000000001,1.0,1.0,0.40307416987606226
OMCL,2026-09-28,33.21,33.95,32.7,33.87,561812,48.5,T2,,MKDN,0.033539168489861104,0.04440333024976861,0.02388149939540507,-0.2952559300873908,0.11753731343283562,0.007920549200894023,-0.048543201686585435,-0.10580768498520443,0.0,0.0,0.013133208255159401,0.8599505600608897,True,Technology,0.0107430617726052,0.05909943714821764,5.0,11.100000000000001,1.0,1.0,0.4069872558004623
IDR,2026-09-25,29.92,30.45,29.38,30.39,116907,49.2,T2G,,MKDN,0.05185949742656459,0.061473978344394054,-0.10168489506355305,-0.16165517241379312,0.3510520487264675,0.0021277370338255164,-0.028594464622792803,-0.08701694277257921,0.0,0.0,0.03121597096188755,0.759620279017346,True,Materials,-0.01682303461662893,0.10308529945553535,7.0,9.0,1.0,1.0,0.40843043838855575
FSS,2026-09-25,113.28,115.3,112.66,114.75,369824,45.5,T2G,,MARKUP,0.02905360565227695,0.008082227883686288,-0.046768566207011086,-0.14690357594230907,0.196094385679414,-0.008667432696054966,-0.025871647825943755,-0.01081995575577277,1.0,0.0,0.01046120258346206,0.896852516133791,True,Industrials,0.006755571152833761,0.04384608387155464,9.0,4.5,1.0,1.0,0.4090817892563535
OPLN,2026-09-25,34.72,35.01,34.47,34.82,1355834,47.1,T2G,,MARKUP,0.025681715101753582,0.01604902246863138,-0.01943114615601238,-0.18435230733192776,0.17849686847599178,-0.002597417568555138,-0.027057016258683952,,0.0,0.0,0.026880096647538432,0.9596549869875346,True,Consumer Discretionary,-0.0130385487528345,0.028655834564254024,5.0,6.100000000000001,0.0,1.0,0.41021702206701754
GRC,2026-09-25,75.04,75.5,74.09,74.21,252343,45.1,,Z4,MARKUP,0.030238288940465093,0.013105802047781445,-0.043439030678009805,-0.16137416657249404,0.22769064359113006,-0.0061407790197893775,-0.03184562996985707,0.06406638234493656,1.0,0.0,0.044428571428571484,0.8415429925939254,True,Industrials,-0.0034913387941453156,0.060142857142857054,9.0,4.600000000000001,1.0,1.0,0.41109489545441763
PRIM,2026-09-30,74.57,76.35,72.94,74.52,1443176,46.5,,Z5,MKDN,0.04535014120773931,0.00539665407447365,0.031418685121107126,-0.20231213872832376,0.1895368782161235,-0.0060758978052941615,-0.07242829703040876,-0.28627213385250827,0.0,1.0,-0.00028522532800923095,0.996042745574006,True,,-0.031453080322329074,0.06305278174037099,3.0,4.399999999999999,1.0,1.0,0.41165807891110584
LION,2026-09-30,11.24,11.4,11.13,11.2,3620161,46.6,,Z5,MARKUP,0.03802750806861597,0.004484304932735439,0.02096627164995435,-0.23024054982817876,0.18092909535452284,-0.00420743689784242,-0.049844819702790755,-0.0024933282867273254,1.0,1.0,-0.020599250936329527,1.063642124584655,True,Communication Services,-0.00972590627763048,0.07074569789674934,3.0,2.8999999999999986,1.0,1.0,0.41209407761941164
FWRD,2026-09-30,15.24,15.73,14.9,15.25,421325,44.3,T9,,MKDN,0.057169726216094716,0.012616201859229736,-0.06898656898656896,-0.25862907146329606,0.3968253968253968,-0.026384337110296197,-0.04105452471680149,-0.134943714693593,0.0,0.0,0.008510638297872353,1.0076119784677084,True,Industrials,-0.015493867010974882,0.08156028368794321,7.0,4.099999999999994,0.0,1.0,0.41288124959412953
BELFA,2026-09-24,201.01,204.36,198.0,203.15,56791,46.9,T11,,MARKUP,0.04210279849814359,0.04275741710296699,-0.035832937826293265,-0.2905782930576897,0.1539400101677683,-0.0023948345242893465,-0.05185470085866195,-0.004159109046678822,1.0,0.0,0.029360140418063008,0.7605752764667969,True,Technology,0.005145712730691088,0.08052763150896247,7.0,8.0,1.0,1.0,0.41373363867816443
ATI,2026-09-30,188.24,190.18,183.06,189.4,1464565,44.8,T2,,MARKUP,0.041503677923459714,0.028341839504832267,-0.05747698432445869,-0.22240013137906967,0.21264534883720929,-0.015366286736398949,-0.035215519647191273,0.12468805565320973,1.0,1.0,-0.007405757558884174,0.8516458490991597,True,Materials,-0.0013182177695755248,0.06249298777067214,2.0,8.199999999999996,1.0,1.0,0.4165447605041128
DPZ,2026-09-29,291.4,302.08,289.22,301.81,884981,40.9,T2,,MKDN,0.032250362361297434,0.01578486806677426,-0.11766941472256331,-0.18903159931212388,0.18045200372786582,-0.024472523698262805,-0.06153873564502599,-0.14408338794375708,0.0,1.0,-0.024031087023212994,0.9555575001088817,True,,-0.028987838620423423,0.05410030734842142,1.0,7.0,1.0,0.0,0.4187066504171815
IP,2026-09-25,35.22,35.44,34.76,35.02,4465995,40.8,,Z10,MKDN,0.034790764681216314,0.014190558934260133,-0.12186559679037112,-0.21865238732708603,0.135802469135803,-0.027209469156991295,-0.05954953423399323,-0.09373556784157366,0.0,0.0,0.027479091995221028,0.8846702966686192,True,Materials,0.019208381839348254,0.04599761051373963,7.0,4.5,1.0,0.0,0.419011572037381
CEG,2026-09-29,261.73,270.12,261.22,264.58,1880542,45.7,T1,,MKDN,0.0340095420330555,0.004251119714567597,-0.03708556247042982,-0.1347939829954219,0.4046793760831886,-0.013547334126875699,-0.022335500794808172,-0.07720610537356631,0.0,0.0,0.027260027938535103,0.7385417213904821,True,Utilities,0.018046096425410774,0.05599680702454579,6.0,2.200000000000003,1.0,1.0,0.41901884047749055
Q,2026-09-25,122.58,125.39,121.8,124.69,829843,50.8,T2G,,MARKUP,0.041375851508861666,0.03865056226572272,-0.013138108428967121,-0.2037675606641124,0.2885172798216276,0.014841526844374453,-0.028369650855927686,-0.008560613708407883,1.0,0.0,0.07024608501118568,0.7969321784076665,True,Technology,-0.013528481012658244,0.1157941834451901,8.0,6.199999999999996,1.0,1.0,0.4191827669402586
OSIS,2026-09-24,202.0,205.15,200.15,201.3,134309,42.4,,Z9,MKDN,0.0325052874630878,0.004741702021462624,-0.04615238817285816,-0.1643835616438356,0.27205882352941196,-0.01477957240921779,-0.04866045479635894,-0.136512501073089,0.0,0.0,0.053243967828418226,0.8792899962003842,True,Technology,0.00024844720496908224,0.03061642432930589,7.0,3.8999999999999986,0.0,0.0,0.42007022607559086
MUX,2026-09-25,18.68,19.05,18.43,19.02,734135,48.0,T2G,,MKDN,0.04916427257271207,0.001052631578947416,-0.12188365650969535,-0.13269493844049252,0.5025641025641027,-0.012358205681825774,-0.014966673711057421,-0.02003446621363969,0.0,0.0,0.02540937323546011,0.7721229670584331,True,Materials,-0.02611367127496167,0.07396950875211727,7.0,1.1000000000000014,1.0,1.0,0.4209930201421448
ENS,2026-09-25,176.95,180.79,176.84,178.89,367610,45.5,T6,,MARKUP,0.030630835021427754,0.004322928362901379,-0.0633050581212693,-0.18715921483097064,0.1980140186915885,-0.005576602476012771,-0.04508152128876608,-0.014259183201612124,1.0,0.0,0.03775486012328111,0.7807726195500718,True,Industrials,-0.0031206464196155137,0.06027738264580362,9.0,2.0,1.0,1.0,0.42126558345630216
KSS,2026-09-24,17.09,17.75,16.89,17.24,4289114,47.0,T9,,MARKUP,0.05630803228843995,0.03233532934131733,-0.039018952062430445,-0.1610705596107057,0.31611570247933835,-0.01693389120956057,-0.025854659843332017,0.042296340203033855,1.0,0.0,0.028089887640449396,0.9948759877730305,True,Consumer Discretionary,0.026801667659321016,0.06354102405922246,6.0,5.799999999999997,0.0,1.0,0.423697330936983
DLTR,2026-09-28,112.9,116.89,112.25,116.02,2067034,42.8,T6,,MARKUP,0.035786099058230776,0.032849639455176716,-0.09543115546546077,-0.15357116801634196,0.18537151702786356,-0.01877874119538514,-0.04211630672201394,0.002433820838647849,1.0,0.0,0.008271149869639505,0.7643700954982386,True,Consumer Discretionary,-0.0264328270537888,0.043063921603883726,5.0,9.899999999999999,1.0,1.0,0.42541774803903126
MTH,2026-09-25,64.59,65.47,64.24,64.98,628310,44.6,T2G,,MKDN,0.03307014392985236,0.02735177865612659,-0.07868991918332624,-0.21502778448900695,0.1732466326056667,-0.01522682652556262,-0.052909376240184436,-0.06837553619489767,0.0,0.0,0.030857142857142916,1.0015226882987536,True,,0.01183431952662728,0.03421932197994604,11.0,7.899999999999999,1.0,1.0,0.4264933206070369
CBT,2026-09-25,78.52,80.11,78.43,78.76,413841,41.9,T6,,MARKUP,0.02744263396172932,0.017045454545454586,-0.06881059352092689,-0.15302720722658336,0.16096698113207578,-0.015596486763764017,-0.0450823228750965,-0.018128534542149577,1.0,0.0,0.0023674865184795113,0.8618075514469081,True,Materials,-0.011546184738955856,0.03590687886360655,5.0,8.299999999999997,1.0,1.0,0.4270056287279293
ALH,2026-09-25,21.4,21.91,21.4,21.86,1514763,43.0,T2G,,MKDN,0.032555059400881076,0.01297497683039861,-0.05938037865748702,-0.22564647538080063,0.15179760319573907,-0.009952613350078465,-0.06323591915406768,-0.09080987224327719,0.0,1.0,-0.006235011990407768,1.0600745311728088,True,Industrials,0.011568718186024896,0.055019305019305076,1.0,7.799999999999997,1.0,1.0,0.4282313737577027
ACHR,2026-09-25,5.73,5.8,5.61,5.61,26917818,49.7,,Z4,MKDN,0.05273506964258697,0.06653992395437269,-0.053962900505902134,-0.2304526748971193,0.4381270903010035,-2.2439234335980274e-05,-0.0009274446118842095,-0.12413709203417711,0.0,0.0,0.03125,0.9783584900978148,True,Industrials,0.005376344086021501,0.095703125,7.0,7.800000000000004,1.0,1.0,0.42932894393297016
APOG,2026-09-25,36.45,37.3,36.08,37.15,213927,41.8,T1,,MKDN,0.029696847681168034,0.009510869565217517,-0.0854258985721319,-0.16328828828828834,0.1723744292237441,-0.02234017305380742,-0.04991003511035408,-0.042011867755514354,1.0,1.0,-0.02516411378555805,0.9312146089672002,True,Materials,-0.01927138331573397,0.04236812570145898,1.0,6.5,1.0,1.0,0.4295637208209723
CMCO,2026-09-28,16.58,16.77,16.09,16.37,629171,45.4,,Z9,MARKUP,0.05297031273118989,0.05408886027044435,-0.0905555555555555,-0.2655899506505158,0.3903192584963956,-0.02570655546776679,-0.03348622484410946,0.0002027493462379848,1.0,0.0,0.027922077922077904,0.996411380993411,True,Industrials,-0.004863221884498392,0.06298701298701292,6.0,9.299999999999997,1.0,1.0,0.43208223942414914
AWI,2026-09-28,161.98,165.19,161.31,164.75,410227,46.5,T6,,MKDN,0.02476537770694591,0.017729182110205022,-0.05905534296647441,-0.12641179277798398,0.36511318242343554,-0.003278515574574814,-0.016572379882587418,-0.032904804069694094,0.0,0.0,0.02192339557708234,0.8736240827550114,True,Materials,0.02820944891718158,0.04996494805939711,9.0,7.5,1.0,1.0,0.43343278644777916
AVGO,2026-09-24,349.21,351.44,346.89,350.36,20945381,42.0,T5,,MARKUP,0.03254595523002336,0.008810826374892056,-0.0147079501673274,-0.19034964065352533,0.15012381345439546,-0.02618570250898067,-0.056879568430970195,-0.04409503064942255,1.0,0.0,0.032994848277299704,0.976202584731595,True,Technology,-0.029016434331956775,0.04332807242190517,6.0,3.5,1.0,1.0,0.43420370850336526
SGI,2026-09-25,62.63,64.19,61.94,63.95,2520706,45.6,T2G,,MKDN,0.036717721658083874,0.00931186868686873,0.023527528809219156,-0.19244854148251034,0.16263736263736273,-0.016105517289016102,-0.042480489318329484,-0.1255429298637325,0.0,1.0,-0.011026431003729575,0.7166931787325875,True,Materials,-0.04209107249850208,0.04853254631906867,1.0,4.0,1.0,1.0,0.43425214391816735
EMN,2026-09-25,66.44,66.99,66.22,66.97,993543,43.1,T1,,MKDN,0.02488295367608108,0.019485462018572042,-0.0781830695113559,-0.11590759075907597,0.22506619593998214,-0.015378118467637814,-0.038380498236741833,-0.052574279611588004,0.0,0.0,0.009158646383110813,0.9794048594364722,True,Materials,-0.01673763030392017,0.039583980130394325,7.0,8.899999999999999,1.0,1.0,0.4365856496246506
CALX,2026-09-30,33.62,34.55,33.33,34.36,1134046,41.0,T2G,,MKDN,0.03176978197604394,-0.005211349160393786,-0.08859416445623347,-0.1672321861366941,0.22558922558922545,-0.01953559466362409,-0.06096841517183749,-0.1974306942740951,0.0,1.0,-0.04712812960235646,0.9768085579002543,True,Communication Services,-0.030474040632054167,0.06213292117465219,2.0,5.899999999999999,1.0,1.0,0.436722253959551
AFRM,2026-09-25,72.11,72.34,70.19,71.52,2568150,47.9,,Z3,MARKUP,0.04962145443845925,0.004353321162757995,-0.07704219899341846,-0.20919946926138877,0.22490782466202358,-0.005914946124718323,-0.021129044731435842,0.03306733551358798,1.0,0.0,0.00908677873693775,0.7793386495481277,True,Financials,0.0011198208286673506,0.07339036470058535,11.0,2.1999999999999957,1.0,1.0,0.436997670442533
PPTA,2026-09-25,23.42,23.68,23.03,23.49,674045,48.6,T2,,MKDN,0.04840930916429286,0.01075731497418242,-0.1027501909854851,-0.147677793904209,0.6343216531895777,-0.01105149697596064,-0.0018903979864501874,-0.029414741949282286,0.0,0.0,0.03558394160583922,0.8161856347524468,True,Materials,-0.0059246720270842435,0.07162408759124061,7.0,1.7000000000000028,1.0,0.0,0.43978169160425384
PHR,2026-09-25,9.97,10.25,9.97,10.15,757838,41.4,T2,,MKDN,0.04018344925839649,0.010956175298804993,-0.14418212478920733,-0.21983089930822441,0.14880952380952384,-0.032636362423015375,-0.057628084334030216,-0.2066606982999738,0.0,1.0,-0.033066132264529036,0.983811333516262,True,Industrials,-0.015518913676042745,0.051813471502590636,2.0,6.600000000000001,1.0,0.0,0.44118132833345086
CAL,2026-09-24,12.41,12.55,12.22,12.49,388835,50.2,T9,,MKDN,0.0524031049147774,0.0339403973509933,-0.04583651642475173,-0.16342933690555927,0.3578947368421052,0.007752150000709834,-0.010131557928398482,-0.015546355770071685,0.0,0.0,0.025686448184233823,0.9665772733137046,True,Materials,0.05134680134680125,0.0785837651122625,10.0,6.100000000000001,1.0,1.0,0.4415379063374662
CTOS,2026-09-24,9.52,9.52,9.12,9.23,903638,45.2,,Z2,MARKUP,0.036561397165207614,0.01317233809001106,-0.037539103232533844,-0.24529844644317256,0.14772727272727262,-0.014176319016242389,-0.04427920415616993,0.06405345834140452,1.0,0.0,0.034443168771526755,0.9893148216840655,True,,0.021017699115044364,0.05970149253731338,7.0,3.200000000000003,1.0,1.0,0.441863735734172
ZM,2026-09-30,88.43,91.66,88.37,90.77,2891395,43.9,T2G,,MARKUP,0.035063424917443464,-0.012295973884657307,-0.0435194942044258,-0.1814410677247723,0.26995645863570383,-0.019622614052722365,-0.04235478797486825,-0.009043742301857782,1.0,1.0,-0.027673385719166443,0.7983496956153194,True,Technology,-0.012725690667826917,0.06312953853361436,2.0,1.6000000000000014,1.0,1.0,0.4427851880478272
LMAT,2026-09-25,80.69,81.88,79.97,81.52,230352,49.0,T2,,ACC-TR,0.025389931441372717,0.033599594269050126,0.02322078574118236,-0.2327529411764706,0.11773100249732418,0.0073912456932538895,-0.04085283812327589,-0.11211317874462856,0.0,1.0,-0.0006388143605468022,0.9567430728503526,True,,0.01153989328700833,0.04218869854257212,4.0,11.799999999999997,1.0,1.0,0.4445454303503248
HCC,2026-09-28,89.26,91.85,88.65,91.75,982143,44.1,T2,,MARKUP,0.04294316536234597,0.03707471459251721,-0.1430839637620248,-0.17653922096571528,0.44466403162055335,-0.027867090641787495,-0.026861545805772824,0.054547859448546676,1.0,0.0,0.00034360325277749126,0.940954315294196,True,Materials,-0.038864445841189976,0.050853281411064044,6.0,9.300000000000004,1.0,0.0,0.44568367195311387
MGA,2026-09-28,64.08,65.3,64.05,64.64,1087255,47.7,T10,,MARKUP,0.028655272355359106,0.02586890969687361,-0.018524142119647702,-0.11718109806063914,0.253913043478261,-0.004147263102980414,-0.018380524006233356,0.06023765677190229,1.0,1.0,-0.013584785040754332,0.9719073907428448,True,,-0.0038526737555864,0.04731043421905379,2.0,7.600000000000001,1.0,1.0,0.44588404191176745
AZZ,2026-09-25,138.22,139.02,136.73,137.17,180669,47.2,,Z3,MARKUP,0.027443190332675182,0.033529234478601566,-0.01839129812508955,-0.12485645017225988,0.2957898524649152,-0.0003146724129946543,-0.024619778277800153,0.020408020676737193,1.0,1.0,-0.008991699969259304,0.937941774678504,True,Industrials,0.0007295542423579882,0.06374563784412568,4.0,12.0,1.0,0.0,0.44639333388713726
MTUS,2026-09-30,18.9,19.34,18.88,18.99,300711,46.3,T9,,MARKUP,0.03679342747175313,0.014423076923076872,0.005826271186440746,-0.15899025686448187,0.18594104308389964,-0.008886885451252824,-0.02581483579060939,0.012829744778789287,1.0,0.0,0.02091359383599345,0.9348563727134479,True,Materials,-0.015041493775933779,0.023719676549865065,2.0,3.8999999999999986,0.0,0.0,0.4495914995611646
LEA,2026-09-25,120.02,123.59,118.89,122.71,637353,45.8,T1,,MARKUP,0.030539280518237302,0.017158488063660382,-0.006959618030266235,-0.1819333333333334,0.15589236003711698,-0.012675771847553197,-0.03753449208998538,-0.022162756246801196,1.0,1.0,-0.014158847184986612,0.8820401303798672,True,Industrials,-0.06199357896346125,0.042831647828673436,1.0,7.0,1.0,1.0,0.450366830079993
LGIH,2026-09-25,48.99,50.04,48.36,49.99,363359,43.2,T2,,MARKUP,0.04651103903931567,0.029024289831206307,-0.1228285664151606,-0.2039808917197452,0.15723684210526323,-0.03094005068520278,-0.0707113086469433,-0.04076150939736656,1.0,0.0,0.008403361344537785,1.0447634971706197,True,,0.011533791987049735,0.05021008403361349,5.0,8.700000000000003,1.0,0.0,0.4507257126301743
FERG,2026-09-25,220.12,224.22,218.97,222.74,1227969,47.0,T2,,MKDN,0.025219917874420506,0.03875390570349291,-0.045099888536397126,-0.16838410991636787,0.19045054747801143,-0.00023489682313082572,-0.026343534092643228,-0.044648805442117245,0.0,1.0,-0.003242176487172288,0.9298496961118293,True,,0.0008987148377821441,0.05001649931645691,4.0,13.700000000000003,1.0,0.0,0.452501742228694
RBC,2026-09-25,505.8,510.33,501.72,506.1,274879,50.2,T2G,,MKDN,0.026197414862291685,0.01015947785473359,-0.005697445972494997,-0.1897733094262295,0.22558306657085014,0.0111326181667184,-0.03361551250979744,-0.044070126360156614,0.0,0.0,0.0409059100451683,0.9760336210813266,True,Industrials,0.022775498656104176,0.06345870981298596,11.0,3.700000000000003,1.0,1.0,0.45286129771400957
PPG,2026-09-28,105.92,107.53,105.33,107.01,1537807,44.3,T11,,MKDN,0.022963053751602326,0.01982273896883635,-0.06312379618280506,-0.14337175792507206,0.15598491988689928,-0.007842470797045364,-0.032853528211778116,-0.03922376665317884,0.0,0.0,0.01571841851494682,0.9323115392879773,True,Materials,0.016722090261282796,0.03191899710703949,6.0,9.099999999999994,1.0,1.0,0.45318574290177027
OLED,2026-09-30,76.58,77.44,75.65,77.04,416167,44.3,T2G,,MKDN,0.03688862530639867,0.004301916308173892,-0.06516199490353103,-0.1839847473784556,0.1798866855524081,-0.01991464832242673,-0.056676218824245006,-0.2003566124552053,0.0,1.0,-0.029937740098026078,0.6889509739614839,True,Technology,0.009566242956362325,0.05202785743547733,4.0,5.599999999999994,1.0,1.0,0.45325502179185045
GEV,2026-09-25,961.33,965.35,943.39,957.63,1381680,51.8,,Z5,MARKUP,0.038649375402019216,0.01839779651824358,0.003983938437666978,-0.19926584945733072,0.2727577893741035,0.014081056018455218,-0.009020972788751136,0.059881008292302695,1.0,0.0,0.06136481428160079,0.8419613040756185,True,Industrials,0.00037606944749124516,0.102942700835013,9.0,3.0999999999999943,1.0,1.0,0.45498685036798997
TOST,2026-09-29,30.4,30.56,29.84,30.46,6466345,39.3,T2G,,MARKUP,0.03468327051180578,0.027318718381112994,-0.10648283954238791,-0.18118279569892481,0.27370689655172403,-0.03145142669133283,-0.04136267645782021,-0.033572839997206616,1.0,1.0,-0.02176130567834067,1.0128054245046716,True,Technology,-0.043341708542713575,0.058741744873131774,4.0,7.899999999999999,1.0,1.0,0.45571903094647226
EVTC,2026-09-25,28.23,28.47,27.97,28.18,408821,43.3,,Z3,MKDN,0.03244066495823931,0.019168173598553384,-0.043773328808958234,-0.18105201976169716,0.15238095238095256,-0.01841191923934793,-0.029259179670816704,-0.0319946892529378,0.0,1.0,-0.017429193899782147,1.069709398365547,True,Technology,-0.03723949436282881,0.041389504804139055,2.0,6.599999999999994,1.0,1.0,0.45583233544372187
BIPC,2026-09-30,35.92,36.01,35.44,35.61,1178350,40.8,,Z3,MKDN,0.024996622061198813,0.00366403607666288,-0.04760631184808772,-0.21269069201857171,0.11172668513388745,-0.017728399680808193,-0.05639875417272111,-0.12051039086433113,0.0,1.0,-0.019943019943020057,0.9018805694267267,True,,-0.0025210084033614466,0.0351744186046512,4.0,6.299999999999997,1.0,1.0,0.4558653538330984
TDG,2026-09-25,1107.99,1118.15,1100.01,1116.2,222987,41.5,T2G,,MKDN,0.023900012020770245,0.02776115280143654,-0.05923403681477979,-0.17925867101963977,0.1556763870610239,-0.01089301071883908,-0.04899136516172453,-0.10547599610391123,0.0,0.0,0.012891481913652303,0.9381937760131905,True,Industrials,-0.021151957345306505,0.041960326721120156,7.0,12.2,1.0,1.0,0.4565596543176351
CXT,2026-09-28,47.48,48.6,46.51,47.5,544468,44.9,T10,,MKDN,0.03887687153670858,0.037797684072536475,-0.052463594653899936,-0.1777739311061105,0.20572312451662775,-0.01766373647396613,-0.029342742143199985,-0.03334461254263388,0.0,0.0,0.037243532560214065,1.0994587241765363,True,Industrials,-0.046376229672756564,0.05932203389830493,6.0,9.100000000000001,1.0,0.0,0.45683546332661146
GOOS,2026-09-28,7.53,7.77,7.46,7.67,737241,41.8,T6,,MKDN,0.03353228020506633,0.02130492676431417,-0.06917475728155342,-0.23069207622868615,0.1187739463601531,-0.013098639322135397,-0.07756265531486695,-0.23919123269871678,0.0,0.0,0.006793478260869623,0.7836421580120606,True,,-0.019181585677749413,0.04211956521739135,7.0,7.699999999999996,1.0,1.0,0.4572568418939644
GE,2026-09-25,321.9,329.17,319.64,327.09,4289899,47.3,T2G,,MARKUP,0.02644091116683134,0.040792948738346047,-0.045633589122633045,-0.1588056784281453,0.2473183812774253,0.0026355238599096165,-0.02745248267362943,0.011056294637095787,1.0,0.0,0.02284876140808345,0.9275080958593723,True,Industrials,0.010597540629055047,0.06613428943937416,8.0,13.099999999999994,1.0,1.0,0.4583642107981884
CCS,2026-09-24,61.54,62.09,60.89,62.0,165354,43.7,T9,,MARKUP,0.03315307956877849,0.01990458957065311,-0.10559723023658385,-0.15737972275074752,0.19861591695501718,-0.01821986686298893,-0.0410680858795861,-0.011365791446814377,1.0,0.0,0.0079485878572636,0.9864922690270835,True,,0.04096709200805915,0.04853712159648227,9.0,8.400000000000006,1.0,1.0,0.45887895363299985
BHC,2026-09-28,5.66,5.84,5.59,5.77,1508740,44.2,T6,,MARKUP,0.044868945067860565,0.023049645390070816,-0.08702531645569633,-0.2095890410958905,0.4848484848484847,-0.024574852581955686,-0.022343783878464807,0.0013360499916936774,1.0,1.0,-0.0018018018018017834,0.7230753741776332,True,Healthcare,-0.02533783783783794,0.041516245487364545,2.0,5.800000000000004,1.0,1.0,0.4592019901673432
MAS,2026-09-25,67.43,69.02,67.23,68.85,1820830,44.5,T1,,MARKUP,0.02722391068777271,0.011607405230678713,-0.054128314328891536,-0.17682926829268297,0.10957254665863897,-0.01201101153817108,-0.04028669266557783,-0.024635920308416326,1.0,1.0,-0.002381306742074707,0.8805638582861017,True,Industrials,0.004816112084063073,0.027152021482917954,1.0,7.5,1.0,1.0,0.4607688993917409
VRT,2026-09-25,249.18,254.5,248.0,253.28,4131755,47.9,T2G,,MARKUP,0.05008294609209713,0.015598059264605668,-0.059417706476529886,-0.2525967894239849,0.27433028145133953,-0.0031962190595931084,-0.050747153955680524,-0.01484565336009569,1.0,0.0,0.05314179959460641,0.7528129331769453,True,Technology,-0.014704738193417888,0.1160659205076231,9.0,2.6999999999999957,1.0,1.0,0.4608144071126358
TCMD,2026-09-24,22.45,22.97,22.45,22.89,175073,46.5,T1,,MKDN,0.035454966096965995,0.0146276595744681,-0.026371756699276938,-0.29438964241676935,0.14349775784753377,0.0012440390362873366,-0.055807221002762586,-0.06093582307753709,0.0,0.0,0.03710662282761845,0.8788920711126815,True,,0.02553763440860224,0.04092769440654842,12.0,6.399999999999999,1.0,1.0,0.46200587778984614
KALU,2026-09-25,153.22,155.05,151.9,152.55,150029,43.9,,Z10,MARKUP,0.042317481665387256,0.016119363218544125,-0.026794258373205704,-0.23683025664115254,0.09362435381964418,-0.023981016294229107,-0.05503998871057525,0.02817478338934376,1.0,0.0,0.006636868481646907,0.8109105442780806,True,Materials,-0.029580152671755622,0.033116619260463276,8.0,3.799999999999997,1.0,1.0,0.4620085574922225
MHK,2026-09-29,125.26,126.38,123.69,124.84,1006559,48.2,,Z5,MARKUP,0.03441056297484243,0.029778107729109937,-0.02658869395711494,-0.11019244476122603,0.5554916618746406,-0.005440569018537844,-0.0004895361137604581,0.06566196175006889,1.0,1.0,-0.005975755506231861,0.9166182384856775,True,Consumer Staples,-0.03202295107389308,0.07214015802129858,3.0,6.800000000000004,1.0,1.0,0.46204936305446015
MBUU,2026-09-25,23.42,24.29,23.25,24.09,319545,40.7,T2,,MKDN,0.043414878712298,0.03523850451224764,-0.1635416666666667,-0.208086785009862,0.16710526315789465,-0.03550956015009443,-0.08508083740213657,-0.13234910663331234,0.0,1.0,-0.004797208896641925,0.7887716883002583,True,Industrials,-0.032141422257934926,0.05565293602103427,4.0,9.800000000000004,1.0,0.0,0.46208799528682004
VNT,2026-09-25,30.91,31.55,30.84,31.48,989235,45.7,T4,,MKDN,0.025200579764021385,0.003826530612244916,-0.04951690821256027,-0.13942044833242206,0.3950177935943063,-0.011598534349689604,-0.014618097155358,-0.07499639103838918,0.0,1.0,-0.021857923497267784,0.8324337766027182,True,,-0.021448554553932242,0.034505422280644016,1.0,3.0,1.0,1.0,0.46216855685467106
SWIM,2026-09-25,6.24,6.33,6.14,6.25,819044,42.2,T9,,MARKUP,0.05115042143783776,0.008064516129032251,-0.10458452722063039,-0.2058449809402796,0.37209302325581395,-0.0376084016974233,-0.037109243267466674,-0.006777337023799013,1.0,0.0,0.013201320132013139,0.8479884396919944,True,Materials,-0.011075949367088667,0.031353135313531455,5.0,4.600000000000001,1.0,0.0,0.4622188876040663
GRBK,2026-09-24,67.0,68.15,66.78,67.79,338368,44.1,T3,,MARKUP,0.0273391505699201,0.014820359281437323,-0.08118731363513143,-0.15684079601990053,0.14566395663956674,-0.014307796192312261,-0.03370891708722468,-0.02391391638927376,1.0,0.0,0.0030469226081657474,0.9855593648582581,True,,0.004296296296296465,0.032754418037781896,6.0,7.700000000000003,1.0,0.0,0.4627261130613839
VERX,2026-09-30,11.18,11.79,11.14,11.78,1719548,43.4,T2G,,MKDN,0.04836163616469438,0.005119453924914641,-0.14822848879248018,-0.18477508650519037,0.2724795640326976,-0.02915884525095125,-0.05801917706750259,-0.2296618707058381,0.0,1.0,-0.06179286335944312,0.9380949540433694,True,Technology,-0.06359300476947538,0.09276437847866426,2.0,5.699999999999996,1.0,1.0,0.4634400385466503
AAL,2026-09-24,13.21,13.63,13.1,13.35,84005648,46.9,T5,,MARKUP,0.03463752027291999,0.0316846986089645,-0.03540462427745661,-0.28951569984034065,0.12820512820512805,-0.0005920267537107282,-0.041680001766919994,-0.030611586299103877,1.0,0.0,0.028685258964143312,0.9921033735097939,True,Industrials,0.03891050583657596,0.06374501992031867,6.0,7.899999999999999,1.0,0.0,0.4637650904329596
EZPW,2026-09-25,30.74,31.36,30.41,31.16,514132,48.9,T2G,,MARKUP,0.040067918907176994,0.016639477977161476,-0.09444928799767505,-0.14933114933114944,0.4524524524524523,-0.004142525731105295,-0.00682054543055699,0.1048148676000622,1.0,0.0,0.030355294929286014,0.9077252298837588,True,Consumer Discretionary,-0.040344933785032344,0.05914343983684556,8.0,4.5,0.0,1.0,0.46729743266729634
COLM,2026-09-25,56.85,57.86,56.4,57.6,548037,49.6,T4,,MKDN,0.026205476619913584,0.013370865587614356,0.013370865587614356,-0.11926605504587162,0.24927815206929754,0.0033626612909118947,-0.01698690883432663,-0.028352231535116235,0.0,0.0,0.0119978185784404,0.8923825938141953,True,Consumer Discretionary,0.01194659170765977,0.03466858271959761,11.0,5.200000000000003,1.0,1.0,0.4680710196929241
BAX,2026-09-30,23.5,24.09,23.36,24.0,8726957,47.5,T2G,,MARKUP,0.030707746363381094,0.02171136653895278,-0.058084772370486704,-0.19999999999999996,0.3212669683257918,-4.853366439705464e-05,-0.005848708251093626,0.0722387433674021,1.0,0.0,0.024379432624113573,1.038984292846487,True,,0.01997450063748407,0.06382978723404253,7.0,8.200000000000003,1.0,1.0,0.4692102754779116
LYFT,2026-09-30,15.21,15.32,14.92,15.01,7965418,40.5,,Z3,MARKUP,0.03698939513332519,0.016249153689912088,-0.10494931425163978,-0.16518353726362633,0.33853006681514464,-0.029309712387938003,-0.047152150797822645,-0.047627713069938515,0.0,1.0,-0.0061898211829436445,0.7450466953694328,True,Industrials,-0.043339706819630286,0.0387543252595155,2.0,4.299999999999997,1.0,1.0,0.4698747211228254
BKR,2026-09-25,56.89,57.9,56.75,57.83,6521845,40.9,T3,,MARKUP,0.029143261703682057,0.010131004366812135,-0.06890999838995338,-0.12498108639733707,0.4023154848046306,-0.022284124478575418,-0.03931183596946175,-0.002601627599706169,1.0,0.0,0.02038239538239539,0.9265926961609411,True,Industrials,-0.020826278360988937,0.0431096681096681,7.0,6.5,1.0,0.0,0.4698762844201488
KAI,2026-09-24,275.55,276.69,269.56,274.42,106858,38.9,,Z9,MKDN,0.03640311281886067,0.027328541479484825,-0.10296809623430958,-0.20556986943809163,0.16635360413242561,-0.028407890475294018,-0.07288523752401843,-0.10478247602577784,0.0,0.0,0.012142170989433376,0.9462826691337162,True,Industrials,-0.04126052475282116,0.054447646493756,8.0,11.0,0.0,1.0,0.4715941353211902
BIP,2026-09-30,35.8,35.91,35.35,35.55,1021607,42.5,,Z5,MARKUP,0.023916844360200255,0.009369676320272635,-0.04203718674211809,-0.19259595730183976,0.1284686536485097,-0.012475873615879873,-0.04228983942637898,-0.03803544538670334,1.0,1.0,-0.020559680182752893,0.9337184351402924,True,,0.0002813731007316189,0.036443148688046545,4.0,7.5,1.0,0.0,0.47172728686852494
ORLY,2026-09-25,86.1,86.8,85.56,86.11,4161669,47.4,T5,,MKDN,0.022352898934012655,0.01652697438318973,-0.019583285893202795,-0.0851041223969401,0.3052905464006935,-0.0024098757314495733,-0.018016992092225848,-0.051822727697497184,0.0,1.0,-0.007310642377756471,0.9489655499570062,True,Consumer Discretionary,0.0033791656956421168,0.03959917904141008,4.0,7.699999999999996,1.0,0.0,0.4719418094972541
ADBE,2026-09-30,233.7,240.84,231.95,239.94,4518637,42.2,T2G,,MKDN,0.03849562888599198,-0.0031160413810294996,-0.16128355704697983,-0.18534614470512334,0.3473998804542739,-0.03424566882974356,-0.046887193840133956,-0.10273367633955044,0.0,1.0,-0.054060881647088554,0.7355842268685475,True,Technology,-0.04215568862275454,0.06796635064761647,2.0,3.0,1.0,1.0,0.4732529783536005
PCRX,2026-09-25,25.5,25.66,25.0,25.12,444231,50.3,,Z9,MARKUP,0.0323427593078223,0.017415957877683352,-0.02748741773132002,-0.09182935647143886,0.47843942505133497,0.002610243639084908,0.0032183221242827464,0.030416330951481108,1.0,0.0,0.013953488372093092,0.8656428345041872,True,Healthcare,-0.009463722397476282,0.06215644820295996,8.0,4.899999999999999,0.0,1.0,0.47326218412801774
MUSA,2026-09-28,515.01,523.45,514.95,520.12,211002,46.6,T1,,MARKUP,0.030933000735494542,0.021886911077056093,0.03364534271348796,-0.1811326101673567,0.20589453340695746,-0.0046474036992046885,-0.034990707310920355,0.01734732701167374,1.0,0.0,0.02896245079442772,0.8605692123885027,True,Consumer Discretionary,-0.013373295141984487,0.030981783583420963,13.0,6.899999999999999,1.0,1.0,0.4737716712360926
HWKN,2026-09-30,127.0,127.66,125.86,126.0,171059,50.7,,Z2,MKDN,0.03109382080895443,0.016210984756835245,0.01139829828222827,-0.15100060642813828,0.3074783683559951,0.005714837184426225,-0.022253465304193254,-0.1072408137082933,0.0,0.0,0.06152520465316669,0.797188746619028,True,,0.02480683204554701,0.04982502916180631,11.0,3.1000000000000014,0.0,0.0,0.4739928598080264
DOO,2026-09-29,56.63,57.55,56.38,57.36,547265,41.5,T2,,MARKUP,0.0362132918336874,-0.00932642487046631,-0.07259498787388852,-0.18185708172871207,0.16557591623036655,-0.030174409345108177,-0.0552435194121893,-0.11076782186788814,0.0,1.0,-0.04143356643356655,0.7736313401876409,True,,-0.026476578411405383,0.04614262265183289,2.0,2.8999999999999986,1.0,1.0,0.47459693916461243
PACS,2026-09-29,42.75,43.32,40.94,42.25,1077492,46.2,,Z9,MARKUP,0.03985684382138634,0.01733686491692743,-0.0014181044670291687,-0.14629218023843205,0.30115830115830095,-0.009673792442537188,-0.016470178405354252,0.14404500376940454,1.0,1.0,-0.013122721749696198,0.9799413958858854,True,Healthcare,0.0038013779995247354,0.04038414183698591,3.0,7.700000000000003,1.0,1.0,0.4754628308124405
URBN,2026-09-28,74.44,76.66,74.22,75.44,916119,47.0,T6,,MARKUP,0.034306925430386076,0.016574585635359185,-0.06967566900974231,-0.11693784384876516,0.4936644703497209,-0.01044557405556834,-0.006388432571662661,0.03246273610899486,1.0,1.0,-0.0017627118644066853,0.863987953310417,True,Consumer Discretionary,-0.020386962732112823,0.024721543058951356,3.0,3.799999999999997,1.0,1.0,0.47552348415729706
IDXX,2026-09-25,510.94,520.16,507.01,519.26,331113,44.5,T3,,MKDN,0.02593799790103876,0.014873448646535836,-0.04736919351287894,-0.1680525514699992,0.15096325076898157,-0.008434791056293856,-0.03633230338394711,-0.0936571621980008,0.0,0.0,0.011206328279498967,0.791257178941072,True,Healthcare,0.028848821081830733,0.034423682218414964,10.0,6.399999999999999,1.0,1.0,0.4757168582218921
BTSG,2026-09-30,55.87,56.86,55.12,56.75,2161270,43.9,T1,,MARKUP,0.03640401963535029,0.01738974542846905,-0.04073698444895191,-0.23050847457627122,0.0995762711864408,-0.01733108646513304,-0.050883121798821374,0.07357527283036958,1.0,1.0,-0.008672086720867278,0.8103404207048328,True,Healthcare,-0.037483039348711,0.03426280298888296,4.0,4.699999999999996,1.0,1.0,0.4787635062200712
AOS,2026-09-28,58.17,58.69,57.63,58.38,1138762,47.3,T10,,MKDN,0.022663324659168718,0.024929775280899014,-0.03312355084465057,-0.09865678554886514,0.22826086956521763,-0.0010834205293960286,-0.020032361287779077,-0.07095888329883693,0.0,0.0,0.012037528766153383,0.9533032157772098,True,Industrials,0.017427675148135258,0.03345724907063197,6.0,10.399999999999999,1.0,1.0,0.4791961190028038
BFAM,2026-09-25,66.04,66.66,65.44,65.86,841360,41.5,,Z2G,MKDN,0.03663658533024144,0.0028932541495354513,-0.11395129826449613,-0.20679272552089611,0.1419290354822587,-0.02757422112894503,-0.060093747983440804,-0.1715690558298052,0.0,1.0,-0.0033212082872053905,1.0700888074912749,True,,0.011363636363636243,0.04506505871152,4.0,4.799999999999997,1.0,1.0,0.47943109963865854
DORM,2026-09-29,123.42,124.98,120.91,123.89,263979,42.6,T2,,MARKUP,0.028764760714514268,0.025494578263388856,-0.03849437330228944,-0.20261311707536844,0.1507957917453467,-0.010248251339862402,-0.03296723290097048,-0.026441082939317462,1.0,1.0,-0.009876129896217,1.0761422616171021,True,Industrials,-0.010384215991692591,0.04725274725274731,4.0,10.5,1.0,1.0,0.47953168723552275
MFP,2026-09-25,43.4,44.24,42.62,42.69,326428,46.4,,Z2,MARKUP,0.05630499325992887,0.008266414737836403,-0.12232730263157898,,,-0.03272455469525826,-0.02898535919335221,,0.0,0.0,0.04816285998013892,0.7709509141257122,True,,0.02595529920692141,0.05983118172790447,9.0,0.6000000000000014,1.0,0.0,0.48281048313792696
PINS,2026-09-25,18.73,19.03,18.63,18.9,8897569,39.9,T2G,,MKDN,0.04275091497545126,0.01612903225806428,-0.17395104895104896,-0.26544889234356783,0.1343472750316855,-0.040282864414871944,-0.09658991709423248,-0.16861115596182297,0.0,1.0,-0.011634349030471003,0.8919908901853661,True,Technology,-0.007874015748031593,0.0594170403587444,2.0,6.600000000000001,1.0,1.0,0.48295577808091605
BSX,2026-09-28,43.91,44.15,43.16,44.11,21796239,42.7,T3,,MKDN,0.03347623881569442,0.008920402561756635,-0.05828351836037582,-0.1675787884506511,0.17701575532900804,-0.021728241443299212,-0.053317021141022436,-0.2750307671277934,0.0,0.0,0.010299625468164653,0.8830819077233022,True,,-0.020865704772474958,0.032537453183520526,5.0,3.0,1.0,0.0,0.4829668884111579
RYAN,2026-09-29,37.71,38.18,37.42,37.85,1154786,40.1,T12,,MKDN,0.04151515899381019,-0.015348595213319327,-0.10265528686581316,-0.2148931756896909,0.15840779853777437,-0.03825691397173536,-0.058181911000443565,-0.10978556495803493,0.0,1.0,-0.03390742734122709,0.8936239277421899,True,Financials,-0.034438775510204134,0.054317548746518174,3.0,3.1000000000000014,1.0,1.0,0.48387312973252267
LI,2026-09-28,11.7,11.85,11.69,11.71,3223673,44.8,T1G,,MKDN,0.03318207254356216,0.01649305555555558,-0.042518397383483175,-0.16595441595441585,0.1072796934865905,-0.017391238430955802,-0.055249413405516146,-0.2512063346655784,0.0,1.0,-0.0008741258741258306,0.8737170522241644,True,,-0.03779786359901394,0.024496937882764858,1.0,4.599999999999994,1.0,1.0,0.4845393830960234
FNKO,2026-09-25,5.46,5.68,5.31,5.5,660533,45.4,T2G,,MARKUP,0.05646442518961204,0.02230483271375472,-0.18397626112759646,-0.2517006802721088,0.1628959276018101,-0.021023796287432228,-0.03861168990733832,0.09982622021408583,1.0,0.0,0.007677543186180413,0.7769744519638423,True,,0.005484460694698434,0.05566218809980805,8.0,5.100000000000001,1.0,1.0,0.4853356303234644
BCC,2026-09-25,76.01,77.83,75.36,77.14,378115,48.8,T3,,MKDN,0.03050726401593166,0.019157088122605304,-0.020693157293385722,-0.12767160465905247,0.3833970507919167,-0.0006909093704917657,-0.0075007976674167365,-0.00542005113982269,1.0,0.0,0.012051455653351306,0.8837698654735924,True,,0.022534464475079563,0.03864278982092362,11.0,6.399999999999999,1.0,0.0,0.48592219752809435
DCO,2026-09-25,175.14,177.22,172.15,172.15,290857,48.5,,Z4,MARKUP,0.040627799179825536,0.035488721804511236,-0.06404610449627579,-0.1817576881030466,0.29289940828402383,0.00016616605692543196,-0.012734854404588325,0.15362424247238282,1.0,0.0,0.049836862644744295,0.9722636918187123,True,Industrials,-0.003357841718288568,0.1013370865587615,8.0,7.399999999999999,1.0,1.0,0.4862139080059234
DHI,2026-09-25,140.57,142.2,139.72,141.51,2946431,48.6,T2G,,MKDN,0.026610741181724948,0.02528619040718727,-0.025815778603882733,-0.11556250000000001,0.29211332312404265,3.00013544694e-05,-0.020226989095774695,-0.03807129728602254,0.0,0.0,0.02472363310427239,1.0017143908476618,True,,0.026252810211037758,0.039292009400704986,11.0,6.600000000000001,1.0,1.0,0.48686010813927766
CECO,2026-09-24,73.64,74.14,70.5,72.86,642291,49.6,,Z1,MARKUP,0.05701473422100184,0.028660172243399673,0.035973268875302056,-0.1861945716519603,0.4458111702127659,0.0005639346899362074,-0.01978094518395146,0.04528915638334241,1.0,0.0,0.02913631633714897,1.080801262871852,True,Industrials,-0.033558827430693716,0.08309796343094988,7.0,3.5,1.0,1.0,0.4870126317516032
BELFB,2026-09-25,255.4,259.12,252.39,252.69,141311,51.4,,Z5,MARKUP,0.04036918583132498,0.04430301277017801,-0.019212855146716334,-0.2053273790804454,0.27776548672566354,0.017215211655760454,-0.018085897465464185,0.06815507870126591,1.0,0.0,0.05663942349942874,0.9940538447988806,True,Technology,0.009306598498162622,0.1103348273134721,8.0,7.399999999999999,1.0,1.0,0.48773216918475143
LLYVK,2026-09-28,99.55,101.33,99.26,99.92,282288,49.3,T1,,MARKUP,0.025749558639658738,0.01565358812766826,-0.035055528730082,-0.08956719817767655,0.29735525375268035,0.003110585923555398,-0.009080842741549189,0.033773586897719365,1.0,0.0,0.008771929824561209,0.8247839184306279,True,,0.010722233461460728,0.04344193817878028,6.0,5.799999999999997,1.0,1.0,0.4877700421538813
LKQ,2026-09-28,23.04,23.32,22.86,23.22,3284038,41.3,T10,,MKDN,0.031012345381957313,0.0008620689655172153,-0.09048178613396018,-0.14882697947214085,0.3355155482815053,-0.026391243434890188,-0.056027208962679875,-0.16186664784728078,0.0,1.0,-0.02265795206971677,0.8801251364907283,True,,-0.02231578947368429,0.035220686580472504,1.0,2.299999999999997,1.0,0.0,0.4882203048755476
TNL,2026-09-29,64.4,64.98,63.51,63.98,588484,37.0,,Z5,MKDN,0.027639241256658252,0.017655479560998888,-0.0695171611401979,-0.19511888287834944,0.11925042589437793,-0.020611204102360614,-0.0661174782841798,-0.08151298568748133,0.0,1.0,-0.00498472423219154,0.8846071628566969,True,Consumer Discretionary,-0.021712538226299816,0.03393665158371029,3.0,8.0,1.0,1.0,0.4885435566747547
OFRM,2026-09-24,16.33,16.68,16.17,16.5,240436,46.5,T1,,MKDN,0.045527496286076906,-0.001210653753026647,-0.023090586145648295,-0.28260869565217395,0.20731707317073164,-0.011454620986208863,-0.02847671971539345,,0.0,0.0,0.050558108995403694,0.9958835590813897,True,Consumer Staples,0.03838892385147896,0.04828462515883092,10.0,0.8999999999999986,1.0,1.0,0.49015257586456523
MCFT,2026-09-25,20.37,20.74,20.15,20.59,229104,42.3,T2,,MARKUP,0.048996384662467106,0.03884964682139258,-0.14846980976013235,-0.20716211012706964,0.222543352601156,-0.029700199580814712,-0.08739248815172707,-0.08185235051410467,1.0,0.0,0.01364829396325451,0.9746817048317067,True,Industrials,0.04837067209775969,0.08083989501312328,7.0,10.399999999999999,1.0,1.0,0.4905434695557226
MP,2026-09-25,49.3,49.76,48.13,48.83,3853057,42.3,,Z9,MKDN,0.05449608683738188,0.033220482437579246,-0.17279349483313577,-0.21834480550664315,0.44687753446877526,-0.04403923763447726,-0.06685735238798618,-0.1079860264260275,0.0,0.0,0.007194244604316724,0.9707326546579229,True,Materials,-0.0332607404474361,0.033220482437579246,5.0,6.699999999999996,1.0,0.0,0.493658496030373
WMG,2026-09-30,27.62,27.77,27.38,27.61,2204518,48.9,,Z9,MKDN,0.030742316183949958,0.016568483063328365,-0.012870933142652863,-0.07566119852695019,0.5775700934579437,-0.0033211164711076657,-0.005420252912740509,-0.029980594245614833,0.0,1.0,-0.01855287569573283,0.9956438589316764,True,Communication Services,-0.024381625441696197,0.04385633270321354,2.0,5.199999999999996,1.0,1.0,0.49425706558613564
IART,2026-09-30,16.67,16.67,16.14,16.28,768908,50.0,,Z3,MARKUP,0.04166711016738925,0.048293625241468296,-0.020457280385078214,-0.2054660810151292,0.24955436720142618,0.007963265049615753,-0.01421815904890178,0.0832368216484074,1.0,0.0,0.040994623655914,0.7648834096012203,True,,0.013698630136986356,0.09408602150537626,8.0,8.600000000000001,1.0,0.0,0.49438423748395405
ASTH,2026-09-30,35.49,35.97,34.81,35.57,400573,45.1,T2G,,MARKUP,0.052179190191975346,0.03581828771112394,-0.0784974093264249,-0.2883153261304521,0.18862612612612623,-0.018437409619562417,-0.051172841286403425,0.03478647741234897,1.0,0.0,0.040968342644320366,0.8315206295774976,True,Industrials,-0.05649867374005313,0.10397268777157054,7.0,7.300000000000004,1.0,1.0,0.4953808752555024
TROW,2026-09-25,104.86,105.79,104.11,105.51,1021272,41.7,T1G,,MARKUP,0.020497718382740875,0.012960829493087633,-0.06096475614097541,-0.13516393442622943,0.19756690997566922,-0.009718016757466308,-0.03141001516913011,-0.0013834388892361993,1.0,0.0,0.010941350418925522,0.9064583742749986,True,Financials,-0.007338413773638197,0.04001971414489902,7.0,8.5,1.0,1.0,0.49548878202594315
MCY,2026-09-29,98.33,100.49,98.07,99.87,201301,43.7,T4,,MARKUP,0.02350059809973793,0.019810068416215687,-0.020498234601804555,-0.11666371837962142,0.19474969474969467,-0.01089916632558341,-0.027594813401823126,0.028194984416860303,1.0,1.0,-0.004325437693099787,0.8732771213166272,True,Financials,-0.025753585016096037,0.03299544890359951,4.0,8.900000000000006,1.0,1.0,0.4954971823288932
HOV,2026-09-25,114.63,116.31,112.92,115.15,91604,43.7,T9,,MARKUP,0.0439387731365446,0.008495358206340953,-0.09130366161616155,-0.18385427741158122,0.2520184544406,-0.026920042045456505,-0.05798507690267862,-0.03926986290004941,1.0,0.0,0.0035577692786621373,0.8980076426108219,True,,-0.0066425120772946045,0.02056190729415941,11.0,3.6000000000000014,0.0,0.0,0.4956649196846188
RXO,2026-09-28,19.59,20.34,19.37,20.15,1450256,46.0,T3,,MARKUP,0.05315366369913557,0.021805273833671368,-0.08032861706983119,-0.32608695652173914,0.1402116402116402,-0.004266253458877434,-0.060890648444197004,-0.008068483502754797,1.0,0.0,0.03663793103448265,0.8853792951590687,True,Industrials,0.035457348406988665,0.0856681034482758,8.0,4.600000000000001,1.0,0.0,0.49568332140585775
HTLD,2026-09-30,11.72,11.82,11.58,11.61,588221,40.9,,Z3,MARKUP,0.03413677135522467,-0.0059931506849315586,-0.02518891687657432,-0.2509677419354839,0.10779816513761444,-0.023428878574018985,-0.06848848455980128,-0.039512407502829694,1.0,1.0,-0.02280701754385961,0.8714024599142685,True,Industrials,-0.022727272727272818,0.04219030520646316,2.0,2.8999999999999986,1.0,1.0,0.4957586278958683
LLYVA,2026-09-24,95.79,96.55,93.51,96.42,57652,48.9,T1,,MARKUP,0.026825518129033808,0.021506515520711922,-0.05322073841319719,-0.09089194795398836,0.2973760932944605,0.0020865070273752284,-0.010620027257978837,0.0300735261408116,1.0,1.0,-0.004527813712807305,0.9076089400874858,True,,0.03255515099593076,0.044184535412605586,4.0,8.799999999999997,1.0,1.0,0.4961783018725727
STRA,2026-09-30,75.78,78.22,75.54,77.67,380491,43.0,T2,,MKDN,0.032151348325093185,-0.007285276073619507,-0.06781084973595763,-0.13440320962888663,0.2829964328180739,-0.021549597936103337,-0.03462754379534372,-0.03977140776548849,0.0,1.0,-0.010433174854727834,0.8762422477926057,True,,-0.04711078395288926,0.03656746296543423,1.0,3.1000000000000014,1.0,0.0,0.4966682048657102
PVH,2026-09-28,75.32,76.49,74.39,75.73,771234,52.1,T12,,MKDN,0.03393986552144827,0.03174386920980932,-0.0007916611690197417,-0.16889815627743632,0.34510638297872337,0.015073204342574309,-0.011728112668938362,-0.02935216222834469,0.0,0.0,0.10011830819284229,0.7593881629435135,True,Consumer Discretionary,0.0372551705245856,0.06571911061075153,12.0,5.899999999999999,1.0,1.0,0.49680104968050226
DLB,2026-09-30,58.25,59.17,58.08,58.77,598236,46.3,T1G,,MKDN,0.027970478650844774,0.012752024814751017,-0.04330131857398656,-0.11770004503828246,0.5727520435967305,-0.010032582264069556,-0.005355516915753422,-0.02644290524212689,0.0,1.0,-0.0017702248185519354,0.7423462180085346,True,,0.0005107252298264253,0.04220606490512502,4.0,5.299999999999997,1.0,1.0,0.4975273395985704
SMA,2026-09-30,32.84,32.84,32.02,32.2,797514,47.2,,Z3,MKDN,0.024259303643983304,0.016414141414141437,-0.009230769230769154,-0.10356347438752778,0.23613963039014413,-0.0029348326923560597,-0.01676496130301741,-0.023818284796414346,0.0,1.0,-0.017094017094017033,0.9892414171177962,True,,-0.0018598884066954868,0.0370370370370372,2.0,12.100000000000001,1.0,1.0,0.49771802058482945
WINA,2026-09-30,308.3,311.29,298.42,300.19,110549,41.2,,Z3,MKDN,0.03447038109821368,0.030659891505871117,-0.07931298880539794,-0.26763277952621434,0.15511398644485513,-0.01686823222398337,-0.08303614027749617,-0.2051034403594878,0.0,0.0,0.025281199785752495,0.7812859495023997,True,Consumer Discretionary,0.018041848950384853,0.07191572933404733,7.0,10.800000000000004,1.0,0.0,0.49781880652469496
PTC,2026-09-28,137.06,139.92,133.67,139.69,985798,50.4,T6,,MKDN,0.03481463459776266,0.03259905381431105,-0.11110404072542157,-0.12398093565784529,0.5841396718552796,0.005062644189618881,0.004651090140361136,-0.04846431490891345,0.0,0.0,0.05426295449167906,0.8072235475063323,True,Technology,0.022246615440907336,0.07544845638617304,12.0,6.0,1.0,1.0,0.4978923294523332
SNAP,2026-09-30,5.44,5.69,5.39,5.4,39815272,48.8,,Z5,MKDN,0.050184299019446904,0.020793950850661602,0.009345794392523477,-0.11037891268533773,0.6256983240223464,-0.011294016537416351,0.00664206205156237,-0.06415090257591594,0.0,1.0,-0.003853564547206201,0.8685541827396807,True,Technology,-0.055944055944055826,0.044487427466150864,1.0,3.5,1.0,1.0,0.4983637722919891
HIPO,2026-09-30,31.08,31.43,30.64,30.77,111068,42.7,,Z3,MARKUP,0.03243832034245083,0.03567822282059918,-0.07347184582956945,-0.1178325688073395,0.47509578544061276,-0.02268560893763394,-0.01703900241765033,0.0369672453287917,1.0,1.0,-0.0040431266846361336,0.9590661824521881,True,Financials,-0.03481806775407781,0.040933694181326086,4.0,10.200000000000003,1.0,1.0,0.49839364917817164
GNTX,2026-09-25,22.1,22.59,22.02,22.58,2016436,47.3,T1,,MKDN,0.02120811315652106,0.015287769784172678,-0.020815264527320076,-0.09390048154093111,0.23529411764705827,-0.00047719565953319165,-0.02232107119857296,-0.039231569767068764,0.0,1.0,-0.0077167498865184925,0.8441727810649838,True,Industrials,-0.009214567792891648,0.032936870997255285,1.0,9.5,1.0,1.0,0.49931600565095124
HUBB,2026-09-25,466.6,471.28,461.42,466.62,351222,53.1,T2G,,MKDN,0.026447659448072734,0.044079477311375515,-0.007782597601428853,-0.11857043011768253,0.32995303159692596,0.015788180151763198,-0.007306198751486304,-0.018522484961035923,0.0,0.0,0.02416745082738525,0.8879509057525474,True,Technology,0.01350999131190278,0.07094168139358747,9.0,11.700000000000003,1.0,1.0,0.49979862295930794
SSD,2026-09-28,175.17,177.46,173.52,174.79,205167,43.4,,Z9,MKDN,0.022150964330498107,0.005696202531645378,-0.0399846212995002,-0.16496273648003057,0.1171055995908971,-0.01106329325864086,-0.040618201342150884,-0.055789372738277665,0.0,0.0,0.014922742494565489,0.8152965138314532,True,Industrials,0.018649105425724066,0.02690793725398022,5.0,4.399999999999999,1.0,1.0,0.5005334208503632
SPOT,2026-09-25,509.75,514.6,506.0,510.01,840610,44.9,T10,,MKDN,0.03743724966363457,0.0010992246540386663,-0.032697961119013796,-0.1145659722222222,0.4500833333333333,-0.02623550852962675,-0.012644407774089927,-0.027774590235918217,0.0,1.0,-0.0371384124608628,1.012287349718435,True,,-0.02993818354731337,0.043029224696811585,2.0,1.5,1.0,0.0,0.501060011884982
SVV,2026-09-29,9.4,9.5,9.26,9.39,1169844,43.4,,Z5,MARKUP,0.041243472479378186,0.01403887688984895,-0.09099709583736681,-0.260047281323877,0.1603053435114506,-0.020629996985103483,-0.047457970066859145,-0.042000496160648826,1.0,1.0,-0.019977802441731418,1.1347442737045046,True,Consumer Discretionary,0.0118534482758621,0.0634201585503964,3.0,4.600000000000001,1.0,1.0,0.5012060741640523
SWK,2026-09-25,90.16,92.19,89.62,91.4,1171747,45.8,T4,,MARKUP,0.02861359450090184,0.02031703505246707,-0.07900040306328082,-0.12686282002292704,0.3299697275479316,-0.008061705602857905,-0.014737379584818466,0.08009616711209433,1.0,0.0,0.012034383954154793,0.8032695396465782,True,Industrials,0.02420439264903651,0.047564469914040286,8.0,9.299999999999997,1.0,1.0,0.5013416673018639
LYTS,2026-09-30,20.98,20.98,20.56,20.75,282711,48.2,,Z6,MKDN,0.03438295208345633,0.025197628458498045,0.05759429153924556,-0.1843553459119497,0.2590837282780411,0.0029024018357519665,-0.03708321640796852,-0.04786330696532681,0.0,0.0,0.043432757718472104,0.8294101957741709,True,Industrials,0.02065912444663076,0.04271356783919611,15.0,6.5,0.0,0.0,0.5015531106692881
CTGO,2026-09-25,18.08,18.9,17.85,18.55,596421,47.5,T4,,MKDN,0.052867641481477386,-0.009610250934329989,-0.08979391560353278,-0.12499999999999989,0.5641447368421055,-0.02069280758945924,-0.013497973781898986,-0.09415521812961591,0.0,0.0,0.005681818181818121,0.8726978264961066,True,Materials,0.013107591480065572,0.05397727272727271,9.0,-0.5,1.0,1.0,0.5016835123748062
MITK,2026-09-25,18.06,18.36,17.56,17.66,445347,48.8,,Z9,MARKUP,0.04576729720133752,0.055588762701733296,-0.0806871421134826,-0.14562167392356073,0.3780991735537189,-0.0039527218106578665,-0.005835078846544217,0.1455803737327157,1.0,0.0,0.006646525679758319,0.9143923738333818,True,Technology,0.025551684088269466,0.06706948640483379,5.0,8.699999999999996,1.0,1.0,0.5025703123618345
DOV,2026-09-25,188.75,192.75,187.89,191.88,1694332,47.3,T1G,,MKDN,0.02165608840725226,0.023796819976523276,-0.04925180854226541,-0.12255350283519306,0.22722029988465958,0.002286571056030029,-0.03266271951965938,-0.05807281400042996,0.0,0.0,0.004293478260869454,0.9470309370523381,True,Industrials,0.014969584765934796,0.04282608695652179,9.0,13.099999999999994,1.0,1.0,0.5036134317999781
IRM,2026-09-24,114.56,115.06,113.18,114.09,1036537,43.7,,Z2G,MARKUP,0.029333754919256005,0.0007894736842104511,-0.06044634769002721,-0.14134116053285162,0.20893007582139875,-0.016738134191969345,-0.03986624880324596,-0.0017418967014197762,1.0,0.0,0.031888573261248165,1.006128967690746,True,,0.01054030115146154,0.045450380280399605,7.0,1.3000000000000043,1.0,0.0,0.5037290715970341
FLS,2026-09-25,76.31,77.08,72.98,73.82,2308713,44.3,,Z6,MARKUP,0.0333068628118123,-0.0008121277747699107,-0.0997560975609757,-0.11433713257348532,0.4407276995305161,-0.021591376375775573,-0.026556661221828315,0.007233388183425671,1.0,0.0,0.06758338209479242,0.9415334944213084,True,Industrials,-0.008595218909481561,0.07987126974839076,9.0,0.19999999999999574,1.0,0.0,0.5046033456805076
LSTR,2026-09-29,164.94,168.91,164.25,168.42,364275,40.5,T2,,MARKUP,0.026977659178272766,-0.0015413801280532713,-0.06759674472678967,-0.22186287192755505,0.11549088229876557,-0.01677601363782555,-0.05935123733117087,-0.035221469115719106,1.0,1.0,-0.017629952744456556,0.9712163337970212,True,Industrials,-0.025234402129876266,0.03866790009250676,2.0,5.600000000000001,1.0,1.0,0.506090136890779
GTX,2026-09-30,26.61,26.61,25.91,26.03,2262005,43.1,,Z4,MARKUP,0.031570247368567166,0.020784313725490167,-0.021428571428571463,-0.2119285498032092,0.1271820448877805,-0.014863696460359233,-0.057941893341594275,0.04110719588034706,1.0,1.0,-0.009504950495049402,0.7031314985803454,True,Industrials,-0.0038270187523917754,0.040783686525389884,3.0,7.0,1.0,1.0,0.5063345150850659
CHH,2026-09-24,101.89,103.04,99.23,100.96,552798,47.8,,Z3,MKDN,0.03138006392548346,0.023519870235198637,-0.08101219734207177,-0.1279260602919582,0.2594999999999999,0.0015464209651052663,-0.028825551671804117,-0.05759471354411838,0.0,0.0,0.003341338623786161,1.1365228347779073,True,Consumer Discretionary,0.02779191692965477,0.054192335804531755,8.0,9.0,1.0,1.0,0.5071188848845156
ADMA,2026-09-25,9.55,9.62,9.23,9.38,3566528,50.4,,Z2,MKDN,0.03632793075805192,0.029637760702524885,-0.010548523206751037,-0.09371980676328495,0.5570776255707767,0.0001735800777498131,0.0065482614883514145,-0.1771467452647475,0.0,0.0,0.06557377049180335,1.009470762635363,True,Healthcare,0.01625135427952329,0.09836065573770503,7.0,4.0,1.0,0.0,0.5072581228602911
NTES,2026-09-28,120.66,121.8,120.14,121.04,743997,52.6,T2G,,MKDN,0.023869508758688228,0.03039073806078152,-0.01401107852720751,-0.11429825845163177,0.2989228007181333,0.018375502152699674,-0.0026537223904486984,-0.025743268519438867,0.0,1.0,-0.0072042357434249915,0.8546271271881162,True,,0.025849648275277692,0.058226962755726586,1.0,8.5,1.0,1.0,0.5074685065045784
VST,2026-09-30,140.02,140.76,133.44,138.35,8047336,43.4,,Z1,MKDN,0.0339189378155228,0.002754221932304013,0.0019553881807645723,-0.18502591894439202,0.13518722466960345,-0.01935751915088091,-0.041884133886544106,-0.1116505304758939,0.0,1.0,-0.01082283172720544,1.0805132412440148,True,Utilities,-0.014530949497827406,0.03679556354916058,0.0,2.0,1.0,1.0,0.5075428982794246
ETD,2026-09-25,21.09,21.39,20.9,21.29,365805,41.5,T2G,,MKDN,0.030548841675400815,-0.005604857543204167,-0.09055958991883817,-0.15280541185833663,0.14855875831485554,-0.025732011701161905,-0.04330607783056206,-0.06879736945703574,0.0,1.0,-0.024136299100804504,0.8218858463350904,True,Materials,-0.02918376652986776,0.032492725509214226,1.0,2.200000000000003,1.0,1.0,0.5075643129393849
LYV,2026-09-28,170.89,174.0,170.71,171.89,2205828,46.0,T2G,,MARKUP,0.023044118410374344,0.01601844189620505,-0.053729699972474676,-0.09173051519154563,0.24978392394122628,-0.0033115520232088747,-0.018150673505147985,0.03248222320341121,1.0,1.0,-0.0017427884615384137,0.9162002597043398,True,Communication Services,0.002332497521721155,0.03479621937270472,2.0,7.5,1.0,1.0,0.5079316158609293
HLF,2026-09-30,12.46,12.46,12.11,12.13,1078334,49.0,,Z2,MKDN,0.04067058778339226,0.011676396997498006,0.05295138888888906,-0.08659638554216853,0.5993031358885021,-0.005345785577229201,-0.011980670030635188,-0.04469510130315235,0.0,0.0,0.15177713736791554,0.8975574520426116,True,,0.025359256128486996,0.053866203301476956,8.0,0.7999999999999972,0.0,0.0,0.5079918482087098
AMCR,2026-09-28,42.25,43.02,42.0,42.79,2669636,43.2,T4,,MARKUP,0.02275136752031134,0.0151838671411626,-0.08313691879151497,-0.12566407846342453,0.17890520694258974,-0.013962250771799911,-0.02753396817298548,-0.008205150553916796,1.0,1.0,-0.004316546762589968,0.9295565168479364,True,,0.012781065088757426,0.030587668593448747,2.0,8.200000000000003,1.0,1.0,0.5087896855831779
BLK,2026-09-25,1076.22,1087.83,1066.53,1086.31,513478,48.6,T2G,,MARKUP,0.022373289718895326,0.015451775131335443,-0.06959754019030984,-0.08495834631939836,0.5069899305894999,-0.0004312554699748006,-0.005226891116781984,0.016660102201777827,1.0,0.0,0.03541171151691458,0.8748125305783262,True,Financials,0.006168665771314696,0.06766850785288847,7.0,6.200000000000003,1.0,1.0,0.5094427096657713
PYPL,2026-09-29,54.11,54.23,53.33,53.89,8044225,47.3,,Z2G,MARKUP,0.03107521533759487,0.018907165815844174,0.023357387011014197,-0.14092140921409213,0.5347368421052634,-0.0054230015403261556,-0.0076599285940058826,0.004127410657064123,1.0,0.0,0.01988188976377958,0.9295677604183092,True,Industrials,0.001486712506968857,0.04014668982821856,13.0,5.599999999999994,1.0,1.0,0.5095870197707703
CNS,2026-09-25,75.17,75.83,73.01,74.2,280030,38.9,,Z2,MARKUP,0.03195568644971485,0.005556308442878466,-0.10202105772721759,-0.14279112754158962,0.24078624078624086,-0.02535133262728928,-0.045815442597174294,0.003233287211426239,1.0,0.0,0.03685258964143423,1.0519509407543326,True,Financials,-0.010006671114076049,0.055776892430278835,7.0,3.299999999999997,1.0,1.0,0.5100741144740286
MPTI,2026-09-29,76.0,76.73,75.02,76.09,66245,47.8,T2G,,MARKUP,0.04141281021641034,0.024229371382420206,-0.0009191176470587648,-0.16375425870974825,0.22274387063119508,0.0007477673947278163,-0.03487509183611226,0.03339724502109509,1.0,0.0,0.009328877749930298,0.893061059509642,True,Technology,0.005816259087904729,0.049662022347910284,16.0,6.799999999999997,0.0,1.0,0.5103296783106684
GXO,2026-09-25,44.19,45.3,44.0,45.2,1257194,43.0,T1,,MKDN,0.031615432924080616,-0.015679442508710784,-0.057940808670279176,-0.17488134355604235,0.1423455684870191,-0.020815282343795927,-0.05014952205938161,-0.10290794604093567,0.0,1.0,-0.030673482996221413,0.8833562795030119,True,Industrials,-0.013961605584642212,0.036459527631277355,1.0,-0.3999999999999986,1.0,1.0,0.5105904522946536
HON,2026-09-28,211.15,212.81,209.73,211.52,2198668,47.6,T12,,MKDN,0.021285434785308584,0.024409143742735395,-0.02718116175320795,-0.16063492063492057,0.2642675390766997,0.0021672086408417446,-0.026879825818262648,-0.03971466555152803,0.0,0.0,0.0482790130977766,0.840484819574149,True,Industrials,0.05035256728572857,0.058076134260417245,10.0,8.899999999999999,1.0,1.0,0.5106528594455796
TKR,2026-09-29,116.97,118.02,116.17,117.26,878511,41.6,T1G,,MARKUP,0.02651778094541346,0.015062326869806242,-0.026484018264840148,-0.181545333984784,0.09341233879400508,-0.012939664000996776,-0.049020942949517976,0.018754327048193575,1.0,0.0,0.0018327805899809313,0.9756243041364394,True,Industrials,0.006178136262227518,0.023389771338802712,6.0,6.200000000000003,1.0,1.0,0.5109979008743967
PHM,2026-09-25,118.53,120.06,117.53,119.85,1238033,45.6,T2G,,MKDN,0.02598451656968381,0.02208766842913179,-0.05443786982248522,-0.12017324915577743,0.23647388059701463,-0.009592641264540513,-0.031336248900000196,-0.029205663254573966,1.0,0.0,0.015507928210489741,0.933423724339113,True,,0.013444951801116156,0.028667067204531715,11.0,8.200000000000003,0.0,1.0,0.5122046832329274
RELY,2026-09-29,22.05,22.11,21.16,21.47,3190468,40.7,,Z3,MARKUP,0.049597050676172615,0.008928571428571397,-0.19708302169035152,-0.21870451237263466,0.2449748743718592,-0.04626801429481697,-0.07482198437810827,0.029347534526580343,1.0,1.0,-0.07180218735140287,0.9643603367382213,True,Industrials,-0.0164910673385249,0.09989754098360648,4.0,6.400000000000006,1.0,1.0,0.5126994175127805
DRVN,2026-09-25,12.14,12.45,11.94,12.31,1113481,44.8,T1,,SPRING,0.039569417542580476,0.002442996742671122,-0.02687747035573118,-0.2252989301447451,0.09367088607594959,-0.015485146826309193,-0.0505469470226102,-0.11089128415843674,0.0,1.0,-0.0016722408026756952,0.7017162742010582,True,,0.013168724279835509,0.030988274706867713,0.0,2.8999999999999986,1.0,1.0,0.5129195725129493
GOLF,2026-09-28,82.97,84.14,82.5,83.79,299458,41.0,T2,,MKDN,0.02693294465632581,0.0228271484375,-0.0358992060752501,-0.2997074801504388,0.09146186977451227,-0.009169152498185396,-0.06527144077464386,-0.08813446198857022,0.0,0.0,0.014093290097280997,0.9972792303822038,True,,-0.00945738266934626,0.04502369668246442,5.0,11.600000000000001,1.0,1.0,0.5145254591781007
SON,2026-09-24,50.76,50.98,49.35,49.96,964767,39.4,,Z6,MARKUP,0.02937113270654849,0.02335108562064736,-0.13188531711555163,-0.1765287621559255,0.18119266055045855,-0.022093824606155277,-0.05794715038615439,-0.03302683939668838,1.0,0.0,0.017020382433284187,1.008720512095173,True,Materials,0.03159198843691935,0.04980037823072059,9.0,9.299999999999997,1.0,1.0,0.5156063263525013
BRC,2026-09-29,83.75,85.72,83.48,84.78,315606,39.1,T2,,MARKUP,0.02666137224736583,0.016668665307590924,-0.06475455046883627,-0.1457934508816121,0.19116825041922872,-0.01584600230782318,-0.04245850820082775,-0.01318137074720016,1.0,1.0,-0.02058504875406275,0.9007288489006205,True,,-0.006911092889773984,0.042035398230088505,1.0,12.5,1.0,1.0,0.5156825073287596
POWI,2026-09-25,51.29,52.89,50.94,52.22,752707,48.5,T2G,,MKDN,0.04928242274566621,0.03631672950982345,-0.05586693183872726,-0.35025507029986314,0.1636957813428401,0.012987033391376412,-0.07663472316178244,-0.10348820994804953,0.0,0.0,0.05073859987154772,0.8130182855714346,True,Technology,-0.0011476664116297774,0.11796189252836653,7.0,7.100000000000001,1.0,1.0,0.5163686305979736
TJX,2026-09-25,130.42,130.84,128.57,130.06,8659795,40.5,,Z2G,MKDN,0.022255584064277627,0.022162841873624606,-0.03099389062732827,-0.20228164867517173,0.18082463984103336,-0.011381782625285775,-0.06739823442320236,-0.12095370646539838,0.0,0.0,0.03477765108323827,1.0051338457202545,True,Consumer Discretionary,0.03205840342802735,0.05929304446978345,7.0,9.3,1.0,0.0,0.5168184386705892
CNM,2026-09-25,41.62,43.01,41.52,42.64,1936378,47.5,T4,,MKDN,0.029817915688340125,0.0007040600797934005,-0.025148605395518997,-0.09737510584250642,0.3619972260748959,-0.0029968229480352715,-0.029636379266914203,-0.1152468259499283,0.0,0.0,0.02997751686235306,0.789455093628381,True,,0.04972919743968496,0.06520109917561823,9.0,1.5,1.0,1.0,0.5182335635653669
MUR,2026-09-28,37.08,37.12,36.34,36.65,1501105,48.6,,Z11,MARKUP,0.03740075028206292,0.012990602542841234,0.02862756104406383,-0.0992872941754731,0.561822125813449,-0.009984925521544175,-0.004622097646363232,0.046074060659768046,1.0,0.0,0.043503995264871254,0.8768340926486209,True,Energy,-0.040575916230366604,0.03942144072603515,4.0,3.0,0.0,1.0,0.5183862128615784
MYRG,2026-09-25,296.68,298.94,285.0,292.58,230389,45.8,,Z3,MKDN,0.04234048567688934,0.04762245774849627,-0.05433271922169436,-0.3713770062093119,0.12316745294982992,0.0014915438459217611,-0.0848095442192699,-0.0914185369001056,0.0,0.0,0.028997390980245896,0.903634446495693,True,,0.00453203323491036,0.09049571375326115,8.0,10.199999999999996,1.0,1.0,0.5196526371778721
ODFL,2026-09-29,176.28,178.93,175.64,177.46,2329050,37.2,T2,,MKDN,0.029725240871711935,0.0008459759742822648,-0.11252250450090018,-0.2559329140461215,0.11343500363108211,-0.023344773900061733,-0.0870835106839658,-0.09361015612003654,0.0,0.0,0.017683465959328126,0.839916414279366,True,Industrials,-0.019341290893015062,0.04603595638078395,6.0,5.100000000000001,1.0,1.0,0.5201008557396569
CELH,2026-09-28,27.55,28.6,26.81,28.0,6771598,43.6,T3,,MKDN,0.04844690589301719,-0.0007137758743753775,-0.15100060642813817,-0.22544951590594742,0.3531746031746032,-0.03270080067653469,-0.05489110198342362,-0.20086406177064264,0.0,0.0,0.008273787138021849,0.8465068745890935,True,Consumer Staples,-0.01581722319859402,0.044386422976501416,12.0,0.6000000000000014,1.0,0.0,0.5213165879199445
CRWV,2026-09-28,86.2,88.22,83.53,85.07,19632838,47.8,,Z2G,MKDN,0.06366541530011682,-0.004213976354910609,0.009972693814555234,-0.2759383777342753,0.43062873199859497,-0.01696507930681368,-0.033718931751883896,-0.10607266582847441,0.0,0.0,0.06720327072952603,0.9247078990437542,True,Technology,0.025186791998071723,0.0868787530343682,7.0,-0.9000000000000057,1.0,1.0,0.5225936403264546
NOVT,2026-09-28,142.4,143.34,140.27,142.08,297663,48.1,,Z1,MARKUP,0.038956858635894445,0.05785123966942152,-0.0008438818565399409,-0.19446649279963701,0.24961715160796374,-0.002466742192776983,-0.0257754935662724,0.011366921040994571,1.0,0.0,0.03374913905257548,1.119845645269062,True,Industrials,0.014494823277400926,0.08731920104078994,6.0,11.399999999999999,1.0,1.0,0.5227496616387216
LEN,2026-09-30,83.94,84.25,81.17,81.59,5391246,48.7,,Z4,MKDN,0.03224247828869451,0.0008586849852798561,-0.014018126888217464,-0.08990518683770221,0.42222222222222217,-0.0011653090609924366,-0.02224383656635376,-0.12537417873335344,0.0,0.0,0.05838837516512552,1.0118274906585774,True,,0.04122001020929056,0.07780713342140033,8.0,0.0,1.0,1.0,0.5230730473881537
PIPR,2026-09-25,71.37,72.65,71.17,72.34,685632,43.2,T1,,MKDN,0.03026763051648466,-0.0002763957987838017,-0.03081457663451226,-0.08197969543147199,0.3298755186721999,-0.018857437758767692,-0.034211875668033076,-0.0676790159750924,0.0,0.0,0.0017191977077364307,1.0095697099621765,True,Financials,-0.05351301844825329,0.03638968481375371,7.0,3.4000000000000057,1.0,1.0,0.5241682645812674
CNMD,2026-09-30,46.66,47.18,46.17,46.23,290077,46.5,,Z1,MARKUP,0.033623586589268506,0.009388646288209568,-0.05883550488599354,-0.1384644055162132,0.6465271170313986,-0.009267128344927489,0.0035611282489649287,0.06730349449503903,1.0,0.0,0.002478035593602046,0.8510717277580526,True,,-0.017219387755102122,0.041450777202072464,7.0,4.100000000000001,1.0,1.0,0.5244644463437338
TAC,2026-09-30,11.87,12.14,11.73,12.08,1259859,49.8,T1G,,MKDN,0.030196661998944486,0.01087866108786617,0.02633814783347499,-0.18653198653198655,0.19241982507288635,0.00607413945593116,-0.021679886552878336,-0.06467256617457018,0.0,1.0,-0.0043591979075850995,0.6242281405584797,True,,0.01087866108786617,0.05779334500875666,2.0,4.699999999999996,1.0,1.0,0.524566098977207
CPB,2026-09-29,19.98,20.33,19.92,20.23,9097086,39.6,T2,,MKDN,0.03449583958900701,0.0009896091044037103,-0.14569256756756754,-0.16611706512778235,0.19399999999999978,-0.03496262883114454,-0.06837057409923664,-0.14944338867285922,0.0,1.0,-0.02825428859737633,0.7679521340182123,True,Consumer Staples,-0.05290262172284643,0.05036344755970923,2.0,6.300000000000004,1.0,1.0,0.5245964662109056
APG,2026-09-25,37.94,38.77,37.75,38.46,2299539,46.8,T2G,,MKDN,0.030185466240295316,0.02861727734688424,-0.0676363636363636,-0.1443826473859845,0.30810234541577824,0.0004340273152396712,-0.031321804697439726,-0.048548293482300275,0.0,0.0,0.03964014619060996,0.686394454348831,True,,0.015847860538827252,0.06390041493775933,12.0,10.199999999999996,0.0,1.0,0.5251857744038873
SYNA,2026-09-24,96.87,96.98,94.91,96.82,478038,48.3,,Z1G,MARKUP,0.04624739455509113,0.06255487269534665,0.011703239289446055,-0.2869872597393034,0.18301886792452812,0.0012000207107354388,-0.05243349050126145,-0.014837478921533753,1.0,0.0,0.03303439663980012,0.7403317169791982,True,Technology,0.0358403765914197,0.09910318991940059,6.0,7.599999999999994,1.0,1.0,0.5266124546558025
DRS,2026-09-25,37.51,37.62,36.89,37.16,654275,39.8,,Z9,MKDN,0.030456277285995925,-0.0008066684592632489,-0.045220966084275616,-0.24731618391735877,0.14315789473684204,-0.017718756704025895,-0.07361944085654504,-0.11787502908093517,0.0,0.0,0.03730068337129855,0.9766840198880546,True,Technology,0.030219018574992873,0.05808656036446469,9.0,3.0999999999999943,1.0,0.0,0.5270042535156034
VAC,2026-09-25,101.57,103.52,100.95,102.82,245590,48.1,T2G,,MARKUP,0.041983860421828646,-0.0019413706076489845,-0.07735104091888012,-0.21714633774935288,0.2649484536082471,-0.0055693441714453895,-0.0035442383531800736,0.17392421781807998,1.0,1.0,-0.014356990123205349,0.8686389591700868,True,Real Estate,-0.007433149917945858,0.062190082644628,3.0,1.2000000000000028,1.0,1.0,0.5274453897313407
BSY,2026-09-30,31.04,32.11,30.95,31.95,1787283,44.6,T4,,MKDN,0.0375424687960508,-0.02353300733496333,-0.10303200449185845,-0.16861826697892268,0.27839643652561247,-0.015548838272800847,-0.03908568109162991,-0.11096309575146968,0.0,1.0,-0.008167265599477336,0.7887596889314327,True,Technology,0.02733118971061077,0.052371541501976315,2.0,-1.6999999999999957,1.0,1.0,0.5282388082719781
NXST,2026-09-25,161.19,162.32,159.32,162.1,287287,38.5,T3,,MKDN,0.04074468924164429,0.03558423305436653,-0.09874346714110982,-0.1852633695215119,0.15902349988592282,-0.04207507405004385,-0.07972685237192201,-0.13933331941455407,0.0,0.0,0.016373364275124036,0.8537359108184908,True,Communication Services,-0.041338931929741585,0.04493005866047839,5.0,11.3,1.0,0.0,0.5282801300926641
USLM,2026-09-30,110.99,114.09,110.41,113.11,151188,47.4,T1,,MKDN,0.029209205166650955,0.033817749748651815,-0.016862233811386296,-0.08078017066233234,0.6288274831964153,-0.004822837350394793,-0.00846405027747732,-0.015867418728719884,0.0,1.0,-0.0025243081525803124,0.7861348056638839,True,Materials,-0.008937176903531019,0.06017433686381102,4.0,12.399999999999999,1.0,1.0,0.5289923067383366
CGNT,2026-09-25,8.73,8.73,8.46,8.52,452297,48.5,,Z4,MKDN,0.03653870230765545,0.013079667063020217,-0.055432372505543226,-0.10221285563751326,0.3899371069182385,-0.002902202552694688,-0.018626211280643123,-0.046155108605471784,0.0,0.0,0.06202531645569631,0.7977608730596623,True,,0.06234413965087282,0.049261083743842304,10.0,2.1000000000000014,1.0,1.0,0.5293743498675368
FHI,2026-09-25,57.72,58.03,57.13,57.82,445778,39.9,T1G,,MARKUP,0.02676810858521754,0.012609457092819687,-0.10854147394387914,-0.1395833333333334,0.1850564726324936,-0.02382489150001299,-0.03753456320209836,0.015332601184872674,1.0,0.0,0.013467408870533326,0.7769201907745298,True,Financials,-0.029377203290246734,0.0382474411923146,7.0,8.399999999999999,1.0,1.0,0.5297790316427196
CPA,2026-09-30,133.52,133.52,130.57,131.85,445617,50.0,,Z4,MARKUP,0.029553138273748582,0.014777187716462636,0.05068132918957691,-0.13637256828453526,0.25933831376734245,0.0026603059270990936,-0.01167107699144232,0.005333738217341066,1.0,0.0,0.02400449582530495,0.9487244547478801,True,,0.028390921144996417,0.03371226969815755,11.0,3.299999999999997,0.0,1.0,0.5299047000682534
CCEP,2026-09-28,100.97,103.04,100.84,102.87,1557815,47.4,T2,,MARKUP,0.02106190714052035,0.02327663384064471,-0.05710357470210803,-0.09501187648456055,0.26380368098159535,-0.002764855109001041,-0.012299492970000436,0.03149970583269002,1.0,1.0,-0.0036231884057971175,0.9335321103839774,True,,-0.017196904557179704,0.039090909090909065,3.0,10.799999999999997,1.0,1.0,0.5300385327865206
ONDS,2026-09-24,7.26,7.73,7.18,7.6,114547625,48.1,T3,,MKDN,0.059605567886536606,0.02841677943166432,-0.07542579075425804,-0.2392392392392393,0.3660477453580901,-0.0005469896379014516,-0.04796095725552141,-0.08996444245194168,0.0,0.0,0.02865329512893977,1.128312740157179,True,Industrials,0.04827586206896539,0.08882521489971329,6.0,5.200000000000003,1.0,1.0,0.530419197866794
GFF,2026-09-28,97.02,98.45,95.66,96.08,306464,48.7,,Z1,MARKUP,0.02774206793852317,0.010092514718250456,-0.029298848252172216,-0.11504098738141288,0.44365256124721597,-0.00351152666879484,0.0002758542294503119,0.08600751256042027,1.0,0.0,0.040950399649622105,0.9102885913401932,True,Industrials,0.024197846711437876,0.05200919741596399,6.0,2.200000000000003,1.0,1.0,0.5305112605730505
DXC,2026-09-30,10.41,10.88,10.24,10.83,3653708,48.3,T2G,,MKDN,0.04306396287053946,-0.004595588235294157,-0.029569892473118253,-0.11374795417348615,0.5628930817610063,-0.009764981531472872,0.0019289278270471222,-0.052809391981572196,0.0,1.0,-0.0371075166508088,0.9811268717558884,True,Technology,-0.06476683937823835,0.07015810276679857,1.0,1.5999999999999943,1.0,1.0,0.5311191417684455
AVNT,2026-09-28,40.7,41.49,40.39,41.19,783923,46.4,T11,,MARKUP,0.02664425791576146,0.0185459940652819,-0.07790463398253866,-0.11685248713550611,0.5337895637296831,-0.008850841186454517,0.001615714237890531,0.08296321936434592,1.0,0.0,0.015609264853978067,0.9272793947234861,True,Materials,0.0007288629737609575,0.0370090634441087,6.0,7.100000000000001,1.0,1.0,0.5318058110508403
GMED,2026-09-29,74.62,75.78,73.8,75.69,1579450,44.7,T2,,MKDN,0.025475927752783435,0.0066498204548477435,-0.06980459628855851,-0.14849814377320292,0.1775700934579436,-0.006042865145067133,-0.035486961535824424,-0.05280289674177552,0.0,0.0,0.011394838001098195,1.0111746601582818,True,,0.01338867318248771,0.03444034440344401,13.0,4.800000000000004,1.0,1.0,0.5321091062096862
REYN,2026-09-28,21.59,22.2,21.42,22.08,2170382,39.6,T4,,MKDN,0.025426516705213564,-0.0004526935264826948,-0.08191268191268197,-0.19031903190319033,0.1349999999999998,-0.016655940917668643,-0.05843541708411648,-0.059719269467913505,0.0,0.0,0.006582040432534075,0.8837385253942818,True,Materials,0.011452130096197832,0.031293787949556284,11.0,5.100000000000001,1.0,1.0,0.532274221550797
BILI,2026-09-28,15.29,15.36,15.12,15.14,5478183,43.0,,Z5,MKDN,0.03134066609814425,-0.0026350461133068936,-0.08795180722891571,-0.22239342578325627,0.1476377952755906,-0.020664270086345304,-0.0796616247860299,-0.24930139671054807,0.0,0.0,0.02223766504517033,0.7812936786422882,True,,-0.03811944091486652,0.052119527449617786,7.0,1.6000000000000014,1.0,1.0,0.533085002014495
M,2026-09-25,22.43,22.71,22.25,22.64,4776982,51.3,T1G,,MARKUP,0.03652813247100396,0.03190519598906105,0.005775211017325699,-0.14855208725084612,0.4208211143695016,0.012315680150350339,-0.004144739013457688,0.06660465516758074,1.0,0.0,0.10318664643399078,0.7588783278700613,True,Consumer Discretionary,0.025362318840579823,0.05106778087279484,11.0,6.0,1.0,1.0,0.5331207791468806
MRCY,2026-09-30,83.91,84.67,81.59,83.0,667451,42.1,,Z5,MARKUP,0.04516439412078178,0.0033849129593810368,0.0024154589371980784,-0.281634066124286,0.12220124089560291,-0.02208273186690568,-0.08625618168275118,-0.07530297805092767,1.0,0.0,0.001784121320249854,0.8664967774347041,True,Technology,-0.04871060171919772,0.05584531230123391,12.0,3.6000000000000014,1.0,1.0,0.5331490651124517
STE,2026-09-28,208.76,211.63,206.72,211.0,493649,39.5,T2,,MKDN,0.021662887207855367,0.019471420978885767,-0.09744203952433916,-0.1258958531836447,0.2019432773109244,-0.016748863065284447,-0.03852119332393045,-0.06805502830664767,0.0,0.0,0.009345334710540554,0.7766369753483372,True,,-0.012449686417672967,0.037824012591608946,5.0,10.0,1.0,0.0,0.5346241086422259
APEI,2026-09-30,41.26,42.61,40.88,42.18,339405,40.7,T2G,,MKDN,0.043249439438097656,0.019333011116481336,-0.08004362050163583,-0.29653102068045367,0.10698141637368168,-0.025853886216723243,-0.08035352902742054,-0.09782110854558246,0.0,0.0,0.0002496878901374622,1.0026898270360187,True,,-0.05085508550855078,0.05318352059925102,5.0,12.700000000000003,1.0,1.0,0.5348663145510506
PSMT,2026-09-28,174.01,176.3,171.81,172.97,230813,49.9,,Z1,MARKUP,0.02427532451138329,0.013832717894613378,0.02143616393055381,-0.13445756605284231,0.21248534583821801,0.004155400822972721,-0.011195172818246113,0.06750912390515729,1.0,0.0,0.020078148482115976,0.9249735237446522,True,Consumer Discretionary,0.024946669826973356,0.03979561166215806,9.0,4.799999999999997,1.0,1.0,0.5349448102230729
DJT,2026-09-24,8.94,9.12,8.88,9.1,2039604,51.3,T3,,MKDN,0.04609451492017274,0.048387096774193505,-0.04210526315789476,-0.13744075829383895,0.501718213058419,0.010228493838993158,0.00850906103326965,-0.13083854325002442,0.0,0.0,0.043425814234017146,1.057983006288245,True,Technology,0.036446469248291535,0.07311320754716966,10.0,6.0,0.0,1.0,0.535338543145613
NXPI,2026-09-28,238.29,239.39,233.24,236.32,3594884,53.6,,Z3,MKDN,0.032373580629993425,0.01682371670754268,0.0569818409517846,-0.20708629714132343,0.24158269845170793,0.02261308748304902,-0.009550150474615604,-0.029418668568338857,0.0,0.0,0.05861718822117612,0.9675180480160713,True,Technology,0.05391785220532497,0.09074125357703311,8.0,1.8999999999999986,1.0,1.0,0.5359081552227808
MAIR,2026-09-25,24.46,25.34,24.46,25.16,2120411,44.8,T1,,MKDN,0.052067262244801064,0.04789670970428972,-0.07397865292602135,-0.3485240807871569,0.14322087842138767,-0.007717403208940765,-0.1069987283716991,,0.0,0.0,0.03186381492797907,0.9323869639315914,True,Industrials,-0.0019833399444665334,0.09821038847664765,8.0,10.099999999999994,1.0,1.0,0.5359410122123723
UNH,2026-09-28,376.36,380.98,374.56,377.83,4676449,41.4,T2,,MARKUP,0.023024936386332122,0.0007151181269202667,-0.038478177885227116,-0.1815129327152204,0.12371888726207889,-0.012409930203598707,-0.03449858243440418,0.026925083481215584,1.0,1.0,-0.01723860157886259,0.828069237946218,True,Financials,-0.01491330986833539,0.03232240437158462,3.0,3.799999999999997,1.0,1.0,0.536186490430951
CVNA,2026-09-25,64.09,65.48,63.4,65.06,4216866,41.5,T2,,MKDN,0.047319578294761626,-0.0007679311933650457,-0.12187879605884733,-0.1528645833333333,0.4323017408123794,-0.042832626192617296,-0.056353651496620416,-0.072856065561681,0.0,1.0,-0.04015444015444014,0.9437535705704811,True,Consumer Discretionary,-0.05928282244071714,0.046822204344328267,2.0,2.6000000000000014,1.0,0.0,0.5369381770742455
SYK,2026-09-29,277.0,280.17,274.31,278.77,2793348,39.1,T2G,,MKDN,0.02938288427257148,0.013377440110509342,-0.1390673255095739,-0.20914068484212323,0.13767692127734216,-0.023798053570387,-0.07841587343319123,-0.15058843063618654,0.0,0.0,0.00632958801498118,0.8005130728963199,True,,-0.009698046181172315,0.037515352264691604,12.0,7.300000000000001,1.0,1.0,0.5371047493696907
UPWK,2026-09-30,8.1,8.21,8.03,8.16,1953795,40.7,T2,,MKDN,0.03705961465168798,-0.0024449877750610804,-0.11207834602829159,-0.17658930373360238,0.16666666666666688,-0.027487085845417925,-0.05846203749260115,-0.25644242148301344,0.0,1.0,-0.03817733990147776,0.9248751279845308,True,Technology,-0.04561403508771933,0.04481434058898848,2.0,1.9000000000000057,1.0,0.0,0.5373243667749008
DNLI,2026-09-30,20.95,21.09,20.51,20.67,2255580,41.1,,Z6,MARKUP,0.04170094085083592,0.01026392961876832,-0.11173184357541888,-0.24285714285714277,0.16075949367088643,-0.02892877200276478,-0.07176675233396046,-0.014971853787077882,1.0,0.0,0.017010309278350677,1.089217278928777,True,Healthcare,0.03040877367896333,0.06546391752577341,7.0,3.200000000000003,1.0,1.0,0.5377819220361392
CPRI,2026-09-28,14.83,15.1,14.56,14.79,3215820,53.1,,Z2G,MKDN,0.04852525035062505,0.03354297693920327,0.0955555555555554,-0.23958868894601548,0.33900709219858144,0.02084079137852024,-0.014767308786061806,-0.16746737909771248,0.0,0.0,0.17419354838709689,0.8254164315920636,True,Materials,0.044491525423728806,0.08351648351648344,12.0,2.200000000000003,1.0,0.0,0.5385280449598215
LIN,2026-09-29,472.9,477.52,471.4,473.37,1908098,50.1,T2G,,MKDN,0.015884842477245444,0.018197070400722604,-0.033110012663916,-0.1365012769062387,0.20402084884586744,0.005613464344091934,-0.016232730879694013,-0.023924331523127784,0.0,0.0,0.019419185803298156,0.9454496001087574,True,Materials,0.022485743908761124,0.042229023096061136,7.0,9.800000000000004,1.0,1.0,0.538941389768528
EPAC,2026-09-25,35.97,36.5,34.91,35.7,564016,46.5,,Z1,MKDN,0.025381398409467147,0.009615384615384803,-0.04799999999999993,-0.06052631578947365,0.5568400770712914,-0.007200163042442198,-0.010293319198126927,-0.034037329531033333,0.0,0.0,0.02165642376353505,0.938020124814697,True,Industrials,0.013628620102214661,0.044776119402985204,9.0,3.5,1.0,1.0,0.5399353048781574
BKE,2026-09-24,41.7,41.9,41.2,41.54,449790,47.2,,Z11,MKDN,0.02553346878153425,0.03025793650793651,-0.05954267602445107,-0.10953912111468378,0.29126213592233025,-0.0012375801185988689,-0.030135864777090737,-0.11609853800863812,0.0,0.0,0.014452332657200806,1.1204206846384546,True,Consumer Discretionary,0.031025068255150057,0.05324543610547661,7.0,9.800000000000004,1.0,1.0,0.5399710445922563
MAC,2026-09-29,22.51,22.93,22.44,22.89,4118361,44.2,T4,,MARKUP,0.020767446471207998,0.003947368421052699,-0.030906011854360704,-0.1420539730134932,0.1901709401709403,-0.0027705163630569185,-0.027192058504736605,0.039310043116225435,1.0,0.0,0.01727272727272733,0.879498387230762,True,,0.022788203753351333,0.04045454545454552,9.0,5.100000000000001,1.0,1.0,0.5401981170726189
JBTM,2026-09-28,110.0,112.32,109.55,111.15,559739,39.6,T4,,MKDN,0.029652524113683635,0.005700325732899136,-0.06036013187927969,-0.2567206098702688,0.04786706349206367,-0.020165598361848502,-0.06726428213203195,-0.14290636552338987,0.0,0.0,0.003021424647500437,0.8221829889028481,True,Industrials,-0.0057250201270239165,0.01767075627174508,6.0,5.800000000000004,1.0,1.0,0.5405146209702054
OMDA,2026-09-30,19.51,20.92,19.46,20.81,2197354,48.5,T1G,,MARKUP,0.0503433267503981,0.00579990333494429,-0.08887915936952717,-0.1823182711198429,0.3564493758668516,0.0019033382771356244,-0.018891485749998882,0.07652135887269562,1.0,1.0,-0.032625582599689285,0.9215466211867344,True,Healthcare,0.05313765182186225,0.11402569593147738,1.0,4.299999999999997,1.0,1.0,0.5430994593605424
INDV,2026-09-25,35.9,36.22,35.72,35.82,1098362,49.7,,Z9,MARKUP,0.027743319023544707,0.026949541284403633,0.014730878186968832,-0.14388145315487577,0.25679012345678986,0.006121265643022067,-0.020280193134821323,0.039547402995814496,1.0,0.0,0.030527563722584583,0.727133402373007,True,Healthcare,0.03856190200057985,0.06164789567279194,8.0,7.700000000000003,1.0,0.0,0.543160276235584
BXP,2026-09-25,62.27,63.59,61.99,63.4,1022088,40.9,T4,,MARKUP,0.02336013120806789,0.003640968814310641,-0.09389738459339714,-0.15398985855350944,0.12708018154311648,-0.022045940819400256,-0.03944830595535498,-0.024620389756727423,1.0,1.0,-0.01938353987925001,0.9377025622302978,True,,-0.020092735703245768,0.02721970187945555,1.0,5.699999999999996,1.0,1.0,0.5443276378305889
LTH,2026-09-30,40.12,40.56,39.8,39.88,2489815,40.5,,Z3,MARKUP,0.035182680622660105,0.005293672800604998,-0.046617260339469224,-0.15562142705907256,0.31372549019607854,-0.023709121216731743,-0.03438996439472175,0.1140740910168141,1.0,0.0,0.07228915662650581,0.7746315534517347,True,Communication Services,-0.020869138227350703,0.09200438116100762,5.0,3.0,1.0,0.0,0.5443581931412635
GRRR,2026-09-28,13.85,14.0,13.6,13.71,279153,48.2,,Z2G,MKDN,0.06019438600742056,0.01255539143279183,-0.04857737682165153,-0.2870514820592823,0.3603707995365007,-0.011124763056464149,-0.030378154856963158,-0.056405427504398364,0.0,0.0,0.0853950518754989,0.74940148251614,True,,0.03706505295007556,0.09417398244213904,8.0,0.6000000000000014,1.0,0.0,0.5452972269242186
XYZ,2026-09-25,76.51,77.19,75.4,76.42,3328032,43.0,,Z9,MARKUP,0.03209007234679385,0.0018353434714211136,-0.09935179728933408,-0.12080073630924992,0.16401273885350334,-0.02463301528153916,-0.029336921456109222,0.04502812790350408,1.0,1.0,-0.018738453417788348,0.9920724917993505,True,Technology,-0.0352228254008331,0.027703066164604717,2.0,3.8999999999999986,1.0,1.0,0.5460959926842053
JAN,2026-09-29,29.61,30.12,29.53,29.96,1933797,45.3,T5,,MARKUP,0.027197436440928476,0.006382264024185513,0.007058823529411784,-0.08742004264392311,0.32629107981220684,-0.012392379028680844,-0.004013626044691021,,0.0,1.0,-0.008448800270361656,0.8699389035953188,True,,-0.051598607154162646,0.0211315610088616,4.0,2.8999999999999986,1.0,0.0,0.5462377956023055
BDC,2026-09-28,111.81,112.18,106.37,109.82,406994,41.6,,Z1G,MKDN,0.04004818500750438,-0.006603346901854379,-0.046784133321760235,-0.21696969696969703,0.27976331360946727,-0.040925348401470774,-0.05659145067804061,-0.06542181980039785,0.0,1.0,-0.031238615664845093,0.8738165939569734,True,Materials,-0.03165505687329162,0.03243395694274698,0.0,0.8000000000000043,1.0,0.0,0.5465264764304325
MDLN,2026-09-30,34.93,35.75,34.48,34.7,9099899,51.8,,Z2G,MKDN,0.037422800329664684,0.011661807580175099,-0.011677584733693958,-0.19189566837447591,0.2803493449781663,0.01416068002622839,-0.016466538826388932,,0.0,0.0,0.07526198793267702,1.0758224772154497,True,,0.05183388905729003,0.10193712289615764,8.0,1.3999999999999986,1.0,1.0,0.5473051865106591
COGT,2026-09-30,31.73,32.76,31.48,32.02,1960164,39.7,T1,,MARKUP,0.04281213474905218,0.019420566698503672,-0.07670126874279115,-0.26204194514865176,0.12806748466257684,-0.031688921492677435,-0.08300445829130476,-0.04106995927924406,1.0,1.0,-0.01716321243523311,1.112751139253216,True,Healthcare,-0.015980331899200895,0.055024711696869844,4.0,6.100000000000001,1.0,1.0,0.5498877292354444
DG,2026-09-28,122.97,125.54,122.45,124.37,2452413,50.2,T10,,MARKUP,0.030237644734495868,0.020178820441309142,0.012043290747823399,-0.07269609305099911,0.5339388145315488,0.001044054194571764,0.00778936226593574,0.027372429560292844,1.0,1.0,-0.0032381268681501707,0.8343952480773481,True,Consumer Discretionary,-0.03716033134628771,0.03598500624739698,3.0,4.900000000000006,1.0,1.0,0.5505957738771954
CIGI,2026-09-24,91.58,93.06,89.74,92.23,451680,42.2,T9,,MKDN,0.033487087274696486,0.03886010362694314,-0.11758515116724066,-0.17059352517985615,0.18723221936589562,-0.023932314303042546,-0.05346042204269896,-0.15614815738878862,0.0,1.0,-0.004193584948430251,1.1517228774777621,True,Real Estate,0.011404759293782263,0.04973821989528804,4.0,9.600000000000001,1.0,0.0,0.5514083101369318
PTCT,2026-09-30,65.16,65.5,64.14,64.78,1043320,41.9,,Z2,MKDN,0.03316168549014507,0.0391401989092075,-0.08191609977324266,-0.28711345878727856,0.1197705802968962,-0.02359637046550145,-0.0679294056349703,-0.07772591510518645,0.0,1.0,-0.016227506426735316,1.0929812970217767,True,Healthcare,-0.041574197366474386,0.05797811530295616,4.0,11.0,1.0,1.0,0.5514573564015199
PCVX,2026-09-30,56.69,57.51,56.13,56.9,1508716,43.6,T9,,MARKUP,0.04060630756424324,0.0072579217560628795,-0.06429863509291245,-0.11065958111909968,0.3848827106863597,-0.025087332874003665,-0.02239241981675033,0.056809724413138474,1.0,0.0,0.0,1.089152862607449,True,Healthcare,-0.031818955249276915,0.03285532764567067,5.0,4.5,1.0,1.0,0.5517175678252823
ALX,2026-09-28,247.65,250.92,247.65,249.08,27963,38.5,T2G,,MARKUP,0.0216797234766785,0.00674992926720841,-0.07813020467078713,-0.13941194762118647,0.14385741565881607,-0.015578347130803305,-0.039951671224753404,-0.01164656683689469,1.0,0.0,0.004003301692117267,0.9363236210976474,True,,-0.006105103547344504,0.02798184069335541,6.0,7.100000000000001,1.0,1.0,0.5524916406846189
KYIV,2026-09-24,12.89,13.3,12.89,13.2,317500,46.0,T6,,MARKUP,0.0323713862450172,-0.0060240963855421326,-0.03012490815576785,-0.2024169184290031,0.14102564102564075,-0.01360809550225972,-0.025268086173827475,0.00562826408049677,1.0,0.0,0.016600790513833896,0.8048072984017918,True,,-0.048305695746214905,0.026438569206842955,4.0,0.8999999999999986,0.0,1.0,0.552677480538991
BIRK,2026-09-24,31.25,31.81,31.16,31.79,1463530,41.2,T4,,MKDN,0.03941633483751462,0.019890920757138275,-0.12133775566611393,-0.32275244993608865,0.109347442680776,-0.022303171756239193,-0.10435023231370955,-0.20268473232499495,0.0,0.0,0.017039759438690405,0.9632471744475299,True,,0.03584229390680993,0.062145005011693843,7.0,6.300000000000004,1.0,1.0,0.5531973888844205
ROK,2026-09-28,430.27,434.99,427.47,431.22,598813,51.2,T12,,MARKUP,0.02373950442476204,0.014897973593165359,0.0008355382258737887,-0.118790231940329,0.2947955841319909,0.00766154139671249,-0.00954032556637019,0.024368497318313365,1.0,0.0,0.03863167207313478,0.736558538923121,True,,0.029533245792049634,0.05971689767030375,7.0,4.0,1.0,1.0,0.5535073120941707
ETSY,2026-09-30,69.99,73.22,69.53,71.49,3717171,42.4,T2G,,MARKUP,0.044817291304974506,-0.029986431478968845,-0.12550458715596335,-0.18733659202000685,0.2426470588235294,-0.025090373596011517,-0.05601658436509982,0.03292037329935904,1.0,1.0,-0.0540077153879126,0.9667439355738084,True,Industrials,-0.026817315545875298,0.07974626189397371,2.0,0.19999999999999574,1.0,1.0,0.5543072499923039
FWRG,2026-09-29,10.15,10.46,10.09,10.38,1233088,37.5,T2,,MKDN,0.0476357605691358,0.005813953488372103,-0.1813880126182964,-0.23676470588235288,0.13440860215053768,-0.0423239489944881,-0.09921250365143741,-0.19395478158322288,0.0,1.0,-0.008032128514056214,0.8954772534089079,True,Consumer Discretionary,-0.010486177311725409,0.0506072874493928,4.0,3.799999999999997,1.0,0.0,0.5543413853971785
RYAM,2026-09-25,8.73,8.73,8.53,8.57,562343,50.2,,Z2G,MARKUP,0.04060252490907353,0.027577937649880147,0.017814726840855055,-0.13434343434343432,0.5639344262295083,-0.0014112034926275774,0.0040913756288858405,0.04663342901709777,1.0,0.0,0.02839506172839501,1.1039876876389587,True,Materials,0.008235294117647118,0.05802469135802468,5.0,3.200000000000003,1.0,0.0,0.5549156502702368
NWL,2026-09-24,5.68,5.73,5.56,5.59,3690505,43.9,,Z2,MARKUP,0.04832992846304128,-0.0035650623885918886,-0.06208053691275173,-0.2159887798036466,0.3031674208144796,-0.03344704505092422,-0.0169038343963821,0.11807854308054444,1.0,0.0,-0.051785714285714324,0.8585200478751177,True,Materials,-0.047700170357751315,0.052730696798493515,3.0,1.2999999999999972,1.0,1.0,0.5553496521626731
GPRE,2026-09-30,14.88,15.34,14.84,15.06,962664,48.9,T1G,,MARKUP,0.03986840588691859,-0.0033090668431501324,0.021016949152542486,-0.23319755600814662,0.26247987117552346,0.0007745267271654921,-0.019069949072458847,0.05114932796682048,1.0,0.0,0.08265078183171992,0.7943011783354962,True,Materials,0.0,0.03576341127922977,12.0,0.5,0.0,1.0,0.5557278055912273
PLAB,2026-09-24,29.95,30.06,29.38,29.81,575194,52.3,,Z1G,MKDN,0.04255512542906204,0.04559803577692034,-0.014545454545454639,-0.21366394091268792,0.2622950819672131,0.018381417794728794,-0.018118263769608012,-0.08230701536131624,0.0,0.0,0.058299294467137,0.6846722537668476,True,Technology,0.050387596899224896,0.10694392870404745,7.0,6.399999999999999,1.0,1.0,0.5557480287564041
GEHC,2026-09-28,66.29,67.1,65.96,66.78,4166113,48.0,T2,,MKDN,0.023027374516398365,0.030396543743249405,-0.06887897378694918,-0.11725049570389956,0.4258899676375403,0.0007330169482500093,-0.011130823764701647,-0.04209629735255682,0.0,0.0,0.0349261787585331,1.0678124045071327,True,,0.03937743190661491,0.060168280679472996,7.0,10.899999999999999,1.0,1.0,0.5558958332356456
BCO,2026-09-25,104.98,107.81,104.65,106.82,371238,45.4,T4,,MKDN,0.030129134928694762,0.0065963060686013986,-0.02438578865649832,-0.14076576576576583,0.3044515103338632,-0.011270688824814967,-0.022054287790892024,-0.019860910723264902,1.0,0.0,0.003942686796807537,0.7874200623763618,True,Industrials,-0.04607965708162176,0.02318007662835231,12.0,3.299999999999997,1.0,1.0,0.5560376933392268
SRRK,2026-09-28,48.1,49.98,47.76,49.13,1569485,41.9,T3,,MARKUP,0.052615528630290696,0.02014119601328912,-0.1499999999999999,-0.20450129533678751,0.2121023081721775,-0.04240398972238091,-0.05680936675055104,0.026853224348416083,1.0,0.0,0.04097646033129898,1.0624773654521091,True,Healthcare,-0.05245901639344264,0.0708369659982564,6.0,5.600000000000001,1.0,0.0,0.5561040772040632
CCC,2026-09-29,6.55,6.76,6.43,6.58,7530603,44.6,T5,,MARKUP,0.04769788875609879,0.0015220700152207556,-0.11796246648793562,-0.14322916666666663,0.5582329317269077,-0.028532250001537585,-0.0064044224032542285,0.02066179861786699,1.0,0.0,0.03044871794871784,1.04032753034063,True,Technology,-0.003030303030302939,0.054487179487179516,8.0,0.7000000000000028,1.0,0.0,0.5562629809338387
NN,2026-09-30,14.09,15.07,13.94,14.38,2124137,44.3,T9,,MKDN,0.06697454264442258,-0.0006949270326616075,-0.05519053876478319,-0.2781124497991968,0.2969543147208123,-0.03386598146500275,-0.07565126616377349,-0.11733126323142562,0.0,1.0,-0.0007374631268436405,0.8957678678171925,True,Technology,-0.01641586867305056,0.06125461254612552,1.0,1.3999999999999986,1.0,0.0,0.556869517499981
LRN,2026-09-30,76.0,78.34,75.9,77.98,684029,40.9,T1,,MKDN,0.03131764293005218,-0.007003692856233257,-0.10655362053162232,-0.20695616800569505,0.14315789473684234,-0.027916224521098876,-0.05828737874689249,-0.1440357282991005,0.0,1.0,-0.03142857142857147,0.7294962252255025,True,,-0.0494880546075086,0.045588629659426116,1.0,5.0,1.0,1.0,0.5576527533161308
ASTE,2026-09-25,41.02,41.36,40.52,41.28,190229,41.5,T1G,,MKDN,0.03570185742123515,-0.0028985507246376274,-0.06500566251415618,-0.32194480946123527,0.07372400756143677,-0.01867599737693626,-0.08305087894087215,-0.16000347897549771,0.0,1.0,-0.006751687921980554,0.8160223069456224,True,Industrials,-0.0033800096571704463,0.0392749244712991,1.0,3.0,1.0,1.0,0.5578258489618209
GM,2026-09-25,80.94,83.5,80.88,82.63,7222655,45.1,T9,,MARKUP,0.0317505547782776,0.005231143552311357,-0.041192852169877114,-0.10038105606967884,0.47702779353374924,-0.02135653217917277,-0.019389263079664154,0.05235328609128054,1.0,1.0,-0.016586804275709466,0.9244059283299961,True,Industrials,-0.03492174725531427,0.03235882058970496,1.0,3.200000000000003,1.0,0.0,0.5578304724794761
STM,2026-09-25,51.8,52.09,51.22,51.93,10089072,51.1,T2G,,DIST-TR,0.034690024091931,0.034874451972897624,0.011492014024152564,-0.29221752759983655,0.17027863777089774,0.014762098297553594,-0.030843151579393435,0.06073463298660342,1.0,0.0,0.06669471912476332,1.0932027070907964,True,,0.008153756552125913,0.09257311171891436,7.0,5.0,1.0,1.0,0.5589645800188858
TW,2026-09-30,100.55,101.65,100.14,100.84,941297,44.0,T3,,MKDN,0.024819179716175716,0.00608600219495159,-0.05500890263330516,-0.08160291438979961,0.42230818826563515,-0.014281247285637955,-0.021775304745228152,-0.07081212873106912,0.0,0.0,0.003922751961376036,0.9224671792048318,True,Financials,-0.014945784897919312,0.014282840474753478,6.0,2.0,1.0,0.0,0.5604670673796023
MCHP,2026-09-24,73.92,74.75,73.13,74.69,8726347,50.4,T12,,MKDN,0.03618901359095849,0.054645580344535594,0.008642808912896704,-0.18282275711159746,0.2622516556291389,0.009710133478892047,-0.027453050898544884,-0.03547968220061637,0.0,0.0,0.033600000000000074,1.1483639061760542,True,Technology,0.04344789047219888,0.08640000000000003,6.0,9.100000000000001,1.0,1.0,0.5608938555221733
UFPI,2026-09-25,78.81,80.03,78.49,79.49,424108,40.2,T9,,MKDN,0.030418932230491514,0.003661616161616088,-0.06844017344427522,-0.16255794353139497,0.08481613285883705,-0.03226461301870598,-0.05978114382195343,-0.11031492687478794,0.0,1.0,-0.006364562118126305,0.9761432603578726,True,Materials,-0.013282025819265186,0.018319241609018544,1.0,5.800000000000004,1.0,0.0,0.5609194040223066
APAM,2026-09-29,35.88,36.42,35.63,36.42,762073,35.3,T2G,,MKDN,0.02658867125075189,0.013637628722515949,-0.14446793516560952,-0.17732098486559744,0.1345093715545754,-0.03491466045250913,-0.0638241640495425,-0.0770417842478004,0.0,1.0,-0.012345679012345623,0.8618773695987879,True,Financials,-0.008439967329158637,0.03465909090909092,3.0,9.199999999999996,1.0,1.0,0.5610281818078842
UAL,2026-09-30,112.56,112.93,110.34,110.95,4074918,47.9,,Z2G,MARKUP,0.03599655364214015,0.0020773121387283044,0.060403326005925795,-0.18039447440348677,0.21780909673286347,-0.005245081665864348,-0.02393866764821695,0.018519548617815795,1.0,0.0,0.03744599135861737,0.9565164259650107,True,Industrials,0.04374412041392284,0.03633476555202697,10.0,0.29999999999999716,0.0,0.0,0.5611057579051459
CC,2026-09-25,14.27,14.64,14.19,14.46,1767439,41.5,T9,,ACC-TR,0.03982551950078068,0.008368200836820217,-0.08942065491183881,-0.2973760932944606,0.07272727272727282,-0.029693733413472256,-0.09581343452045354,-0.1657988807752495,0.0,1.0,-0.009213323883770275,0.8955160615048572,True,Materials,-0.03792415169660668,0.03433476394849788,1.0,5.5,1.0,0.0,0.5622116581462997
EME,2026-09-30,761.64,763.71,749.24,754.49,405326,48.1,,Z2G,MARKUP,0.030541067207413473,0.003578079276403301,0.026167970078204705,-0.12758576830128465,0.4370695372685065,-0.0037816104292134334,-0.01959746702529641,-0.0010578048639968696,1.0,0.0,0.010968313760248094,1.024198741519769,True,,0.020325643036810614,0.042300413057593245,9.0,0.5,0.0,0.0,0.5623021560028089
LEVI,2026-09-28,19.58,19.91,19.38,19.81,1896555,36.2,T4,,MKDN,0.026938740013173708,-0.0005045408678103769,-0.06951620479098175,-0.22918287937743198,0.09938837920489277,-0.023521642313620528,-0.07385295169927131,-0.08910058650524799,0.0,1.0,-0.019447287615148356,0.9071676841963178,True,Consumer Discretionary,-0.02076124567474058,0.03392484342379953,2.0,3.9000000000000057,1.0,1.0,0.5623558468587583
OSW,2026-09-24,22.26,22.66,22.05,22.53,938315,41.4,T4,,MARKUP,0.03390634146561638,0.03206596426935415,-0.14884775217227042,-0.22041522491349474,0.17165149544863467,-0.015797745067023805,-0.0669815861215931,-0.051291384020006436,1.0,0.0,0.00895803866100886,0.9904781789584797,True,Communication Services,0.027828467153284686,0.05280373831775709,14.0,10.7,0.0,1.0,0.562410784981271
PSKY,2026-09-30,10.12,10.42,10.06,10.33,31977186,50.8,T1,,MKDN,0.0490143882525423,0.03714859437751006,-0.020853080568720483,-0.10095735422106178,0.7002583979328165,0.002720313978802791,0.017755956669584183,-0.04325857644651476,0.0,0.0,0.0020470829068577334,0.8946596996527834,True,Communication Services,-0.07187780772686436,0.057318321392016536,5.0,7.099999999999994,1.0,1.0,0.5629315521893384
MAT,2026-09-28,13.29,13.94,13.11,13.34,7373308,40.1,T2,,MKDN,0.030230387128280592,0.01987767584097866,-0.11889035667107006,-0.14760383386581477,0.2089041095890409,-0.0237560634134224,-0.053191880034501926,-0.13988396494864686,0.0,1.0,-0.0007745933384972759,1.0857577164985683,True,,-0.0491803278688524,0.03410852713178292,2.0,7.399999999999999,1.0,0.0,0.5638834462034158
UBER,2026-09-29,68.47,69.89,68.4,69.36,14759353,39.9,T9,,MKDN,0.02802002312280746,-0.00758334525683213,-0.08314606741573038,-0.15784361340456532,0.233038348082596,-0.0282849477745033,-0.046574156764607966,-0.08760628566298889,0.0,1.0,-0.021808203350664246,0.8051961271511604,True,Industrials,-0.02897942041159185,0.02406614498745019,1.0,1.7999999999999972,1.0,1.0,0.5644388618765379
LQDA,2026-09-25,71.6,71.81,67.55,68.43,967527,46.6,,Z3,MARKUP,0.04770691140320358,0.023175837320574377,-0.021589934229339303,-0.2689883559448776,0.18113821138211406,-0.009456669226674097,-0.03891142456863583,0.1984977172859237,1.0,0.0,0.04581609926821506,0.8114615180100584,True,Healthcare,0.02532214563979651,0.08860960865415213,8.0,5.600000000000001,1.0,1.0,0.5651935624146781
PHG,2026-09-28,25.16,25.22,24.93,25.11,835635,44.3,,Z5,MKDN,0.016120884865362596,0.008433734939758963,-0.060254491017964096,-0.11987381703470035,0.26923076923076883,-0.005340759315115462,-0.030621707831535838,-0.061478065949364,0.0,1.0,-0.004907975460122782,1.0392624791307934,True,,0.0011961722488038617,0.03205918618988912,2.0,8.5,1.0,1.0,0.5661037208788602
NTGR,2026-09-30,22.18,22.48,21.94,22.21,293215,51.6,T1G,,MKDN,0.03426486699684894,-0.0013489208633092886,0.06420699568758992,-0.14114462490332558,0.35283687943262443,0.00863560650284767,-0.006841902689706414,-0.06705111418877652,0.0,0.0,0.052322738386308076,0.8720546190597237,True,Industrials,-0.022447183098591506,0.0516098484848484,15.0,0.0,0.0,1.0,0.5664537502647167
CLBT,2026-09-30,10.92,11.31,10.82,11.26,3114141,44.2,T4,,MKDN,0.04445944174075499,-0.02086956521739136,-0.04978902953586495,-0.33016061867935753,0.23236514522821577,-0.01967885333605024,-0.08279942304692312,-0.19045988155791915,0.0,1.0,-0.05158371040723986,0.9843142238376992,True,,-0.014873140857392775,0.07442748091603058,2.0,0.5,1.0,1.0,0.5666585642966364
AIN,2026-09-24,60.76,61.46,59.74,60.64,293612,48.3,,Z9,MARKUP,0.03527181482555127,0.010498250291618216,0.028493894165535938,-0.21246753246753247,0.28402625820568933,0.001830428582264343,-0.033381430123637035,-0.025947819318105525,1.0,0.0,0.08919667590027691,0.9956691564448709,True,Consumer Staples,0.012353923205342232,0.03622693096377305,16.0,3.1999999999999957,0.0,1.0,0.5668367263316175
BLX,2026-09-28,54.59,55.3,54.52,54.97,127319,49.0,T4,,MARKUP,0.02021092741745929,0.003834915997078081,0.0078841217455079,-0.10835360908353608,0.233065442020666,0.0007042007109927528,-0.01180937178480801,0.031718161349927554,1.0,0.0,0.023611635814129173,0.9358624407090297,True,,0.0071454745327959035,0.0383452965621458,8.0,1.5,1.0,1.0,0.5669615571786814
AXTA,2026-09-28,32.29,32.79,32.01,32.68,1300121,39.9,T11,,MARKUP,0.02665532470739822,0.025737602008788496,-0.11723392760669915,-0.15358715358715358,0.16361071932299015,-0.028299471780445007,-0.04391873678664615,0.007524059661267568,1.0,0.0,0.005339195979899403,0.9785642901902601,True,Materials,-0.029403029403029413,0.02638190954773867,5.0,12.099999999999998,1.0,1.0,0.5670233915577203
EQIX,2026-09-24,1038.85,1048.85,1030.02,1034.76,397136,48.4,,Z2,MARKUP,0.025853017575945565,0.008596993976255796,-0.041542779336982694,-0.06712825228538977,0.3868072140327761,-0.0032972994661312205,-0.008603691711429717,0.04157491405973879,1.0,0.0,0.026888306218933344,0.993799174104418,True,,0.010695343862630713,0.04755059273732276,7.0,2.1999999999999957,1.0,0.0,0.5672194508278513
PAX,2026-09-25,10.18,10.29,10.11,10.24,644120,38.5,T1,,MKDN,0.029466979554493233,0.02400000000000002,-0.12103004291845498,-0.13586497890295357,0.17435897435897435,-0.03205997983339026,-0.062595710139693,-0.1516380095652281,0.0,0.0,0.008080808080808133,0.7732903698781518,True,,-0.03578154425612046,0.03434343434343434,5.0,12.7,1.0,1.0,0.567868373745931
RL,2026-09-29,359.12,361.1,349.49,355.92,425599,53.4,,Z3,MARKUP,0.029133145184961493,0.02849216898803686,0.02600172960507363,-0.13441474744035597,0.31136307002242725,0.01968019357490114,-0.008471140919407039,-0.00620108610327752,1.0,0.0,0.018312029734384838,0.9464375391738029,True,Consumer Discretionary,0.06171881991468542,0.07551445925120115,7.0,7.299999999999997,1.0,0.0,0.5684183887741909
MSA,2026-09-29,182.2,183.73,180.07,180.56,206200,44.1,,Z2G,MARKUP,0.021242355990028664,0.009222514113241376,-0.03324945119665901,-0.08140008140008137,0.4707244459146541,-0.010535008959581482,-0.008410553557862688,0.02587552233997381,1.0,0.0,0.014070006863418083,0.8617442477585163,True,,0.009899882543766392,0.03271562571493947,5.0,4.700000000000003,1.0,1.0,0.5686114127154654
AMSC,2026-09-25,30.89,31.06,29.96,30.01,677128,49.8,,Z4,ACC-TR,0.04633160872471687,-0.005962239152037085,0.005697050938337833,-0.2580964153275649,0.26009922041105604,0.006168020271323904,-0.04659503454253233,-0.17105548803224524,0.0,0.0,0.09154411764705883,1.0563093900215599,True,Industrials,0.01625465628174738,0.10330882352941195,9.0,-2.0,1.0,0.0,0.5688700729376004
TPR,2026-09-30,114.47,116.06,113.69,115.04,3891002,39.2,T1G,,MKDN,0.02977389756154753,0.04099176545109051,-0.05813001473718682,-0.30194174757281556,0.09543719323759316,-0.019984085594691225,-0.08925946546163221,-0.12393341427068416,0.0,0.0,0.006466891338008818,0.8006068792012264,True,Materials,-0.0245887739528573,0.04781856271062934,6.0,12.300000000000004,1.0,1.0,0.5692533192694983
MCO,2026-09-25,466.37,469.61,461.53,468.7,651053,43.1,T3,,MARKUP,0.02330984889403239,0.00023474679357216033,-0.07921103296530585,-0.10435497124075588,0.17681640036177232,-0.016021597978397417,-0.02318197988862436,-0.013042117238294404,1.0,0.0,0.00997877322362517,0.9816524438180421,True,,-0.013159279924202516,0.025669081121298953,5.0,1.3999999999999986,1.0,1.0,0.5693689079473835
AIG,2026-09-29,72.72,75.87,72.72,75.27,11134511,48.4,T4,,MKDN,0.019867694259562148,0.0011971268954507064,-0.014274489261393408,-0.08708308065494252,0.26883910386965365,-0.00045566372426142365,-0.011685798679262338,-0.027358059953581648,0.0,1.0,-0.0175842012714732,1.0360629976235123,True,Financials,-0.009344564359041962,0.036348616274266776,1.0,4.600000000000001,1.0,1.0,0.569538713155648
TSCO,2026-09-25,31.46,32.5,31.35,32.27,8709586,42.4,T9,,MKDN,0.032434425077846635,0.0018627755355480335,-0.07002881844380404,-0.12523719165085379,0.4195979899497491,-0.02649522327958964,-0.03267109469411533,-0.16884946790107425,0.0,1.0,-0.02488335925349916,1.0756905515557624,True,Consumer Discretionary,-0.022417449257800537,0.02934609250398723,0.0,4.899999999999999,1.0,0.0,0.5695724977453356
RHP,2026-09-28,122.08,122.71,120.69,122.09,458800,46.1,T9,,MARKUP,0.023413109775526623,0.0033694937541091097,-0.055980824248047734,-0.11181434599156126,0.3374999999999999,-0.004153908057657141,-0.012455061202188311,0.07382651471479384,1.0,0.0,0.012560060692910824,0.7878593988623076,True,,-0.0009001636661211121,0.02916631543454451,6.0,3.0,1.0,1.0,0.5698557067089736
RPM,2026-09-29,100.44,100.86,99.15,99.97,707663,42.3,,Z3,MKDN,0.02595241881721649,-0.010491933089181504,-0.039673390970220934,-0.15229373357076237,0.12261846604787512,-0.013899758798556094,-0.03988340293353998,-0.06284864363582199,0.0,1.0,-0.0042909685328974545,0.7881234845304187,True,Materials,-0.0062624254473160335,0.02575415555099525,3.0,-0.7000000000000028,1.0,1.0,0.5702575043107797
PKG,2026-09-25,239.38,239.65,236.52,237.18,481761,48.7,,Z2,MARKUP,0.023116443480061057,0.018945740430467817,-0.026714268127539076,-0.08769905377336717,0.38775510204081615,-0.000720595265475299,-0.005052654382271871,0.04514835554473562,1.0,0.0,0.04620095863660567,0.8508052242876547,True,Materials,0.011860068259385681,0.036444677503932876,11.0,5.400000000000006,1.0,1.0,0.5704506478904698
LNN,2026-09-25,113.14,114.98,112.97,114.25,135244,44.2,T9,,MKDN,0.029696800357518,-0.0076435333970293895,-8.75196919307708e-05,-0.12905930782131425,0.21474953617810738,-0.017349056294995058,-0.015512698063519181,-0.036888911353135656,0.0,0.0,0.0019814464559129163,0.8178276211025303,True,Industrials,-0.01804899011602923,0.026966292134831482,1.0,-0.3999999999999986,0.0,0.0,0.5717108613263233
ADEA,2026-09-25,25.23,25.62,24.9,25.48,775404,46.9,T2G,,MARKUP,0.04087203903992927,0.02659145850120881,-0.02822273073989312,-0.21430773974714767,0.26220806794055196,-0.008138319882715406,-0.0409836695441701,0.03137724741418424,1.0,0.0,0.009933774834437026,0.8455060286501652,True,Communication Services,-0.04605016847622612,0.04554780467788255,17.0,5.5,0.0,1.0,0.5722687158312
GCO,2026-09-24,34.39,35.01,34.05,34.45,158033,50.1,T9,,MARKUP,0.04179222703568628,0.0354673880372709,-0.0028943560057885787,-0.1491726352185725,0.2843601895734602,0.005446250588076573,-0.01071896240835235,0.04720462994067387,1.0,0.0,0.0061996280223186595,0.8548613419950135,True,Consumer Discretionary,0.034223956769738884,0.06130622304374622,16.0,6.800000000000004,0.0,1.0,0.5727151677294529
FND,2026-09-25,46.37,47.67,46.15,47.06,1605460,40.8,T3,,MKDN,0.04276030926701864,-0.004653130287648022,-0.11823121603897313,-0.2559683794466403,0.07273768613974817,-0.03429740511709323,-0.08479019848634184,-0.17157723102970912,0.0,1.0,-0.003482045701849956,0.9427109987496577,True,Consumer Discretionary,-0.0059146599070554196,0.027735313387202476,1.0,2.5999999999999943,1.0,0.0,0.5727947884990056
HEI,2026-09-25,306.82,311.72,305.95,308.53,615901,39.4,T1,,MARKUP,0.02737379724390127,0.034571792636308496,-0.08450787810450733,-0.1813140158148916,0.17971188475390118,-0.020423147386233298,-0.05991734828720918,-0.048423859897846255,1.0,0.0,0.01710042240087195,1.0806150865326631,True,Industrials,-0.02363924050632915,0.05099468592451273,5.0,13.799999999999997,1.0,1.0,0.5734763573613781
MDU,2026-09-25,18.45,18.87,18.45,18.76,1827486,37.4,T6,,MKDN,0.020031704552909556,0.010775862068965747,-0.07036669970267584,-0.13188338732068472,0.15178571428571477,-0.016589733976089427,-0.05056290283996934,-0.07147935771266378,0.0,1.0,-0.011375947995666325,0.9119500324576799,True,Materials,-0.022916666666666585,0.02794520547945223,2.0,9.799999999999997,1.0,1.0,0.5738743335428796
ATRO,2026-09-25,69.55,69.95,68.38,69.22,414204,43.0,,Z5,MARKUP,0.04896253632837435,0.053416527164815264,-0.11245031414283879,-0.26720304890959135,0.20628930817610072,-0.02650082829367084,-0.06116022290639811,-0.011352111340689142,1.0,0.0,0.056495371848068965,0.7321497892339598,True,Industrials,-0.06434171397675059,0.10469198850941597,6.0,8.700000000000003,1.0,1.0,0.5741048909235821
FN,2026-09-25,406.0,419.63,401.58,417.39,743492,49.1,T2G,,ACC-TR,0.053399662541864956,0.0742246815081713,-0.03540477456032909,-0.3079142416554743,0.19046165918305066,0.01549739773730563,-0.07382911918512935,-0.1544196400898068,0.0,0.0,0.04533047899384535,0.8533617574690584,True,Industrials,0.006777943943267806,0.11691196146641691,8.0,9.300000000000004,1.0,1.0,0.5745113808906962
OGC,2026-09-30,27.9,28.21,27.49,27.53,364552,44.1,,Z3,MKDN,0.04399229262689251,-0.015026833631484715,-0.019935920256318962,-0.13699059561128524,0.5630000000000003,-0.033674300251067546,-0.028141271365734966,,0.0,0.0,-0.05553539019963705,0.736182210358947,True,,-0.030633802816901312,0.058032282859338924,2.0,-0.7999999999999972,1.0,1.0,0.5751683739911649
SEB,2026-09-29,4073.33,4130.78,4026.13,4055.45,9342,41.8,,Z9,MKDN,0.03396225471363058,-0.016643671694846707,0.03713317562815677,-0.1485298810803548,0.22504847349567805,-0.0237528012818099,-0.05648270301755842,-0.09901403589719027,0.0,0.0,0.012971394879493614,0.7430678658909393,True,,-0.05467365967365967,0.03987230605520575,3.0,1.7999999999999972,0.0,1.0,0.5752912666267981
BL,2026-09-25,27.85,28.5,27.66,27.99,826872,41.4,T3,,MKDN,0.04807287155024627,-0.00533049040511735,-0.16992882562277578,-0.1933717579250721,0.10889774236387738,-0.0439621472314351,-0.06466839780945421,-0.2123940437711298,0.0,1.0,-0.010178117048346147,0.9060130559992802,True,Technology,-0.012698412698412764,0.027910392948953255,3.0,0.6999999999999957,1.0,0.0,0.575850739133358
BBUC,2026-09-30,25.55,25.98,25.32,25.51,387506,37.8,,Z11,MKDN,0.028267743339673163,-0.0007833920877399203,-0.05588452997779414,-0.2158007992622195,0.09184993531694706,-0.023734561810406785,-0.07871228650827267,-0.17274912082964566,0.0,1.0,-0.01352426412092278,0.9001348145941315,True,,-0.002736512900703536,0.028629032258064457,1.0,4.599999999999994,1.0,0.0,0.5759020484493792
HAS,2026-09-30,88.26,89.29,87.6,87.68,1290994,41.4,,Z2,MARKUP,0.025170364854457252,0.013407304669440734,-0.05922746781115873,-0.10712830957230135,0.5428074750108651,-0.01814455366218226,-0.02577642270633962,-0.002440571612581377,1.0,1.0,-0.0003512880562061005,0.9907946941821943,True,,-0.018141097424411945,0.02705868572097936,4.0,8.299999999999997,1.0,0.0,0.5765903474739064
COLD,2026-09-29,14.41,14.75,14.38,14.54,3091251,48.8,T5,,MARKUP,0.0331686488391388,-0.0006872852233678062,-0.027424749163879603,-0.13862559241706163,0.30769230769230754,-0.003185324013401658,-0.007792369622256823,0.026416693299084137,1.0,0.0,0.04740740740740734,0.8429271007662319,True,,-0.02937249666221642,0.028288543140028155,13.0,0.19999999999999574,1.0,1.0,0.5770003204211904
LOPE,2026-09-29,145.09,147.77,143.79,147.59,221543,45.4,T3,,MKDN,0.029283448645709042,0.00551846300585912,-0.0036454465672044467,-0.07426456752179644,0.5294117647058821,-0.01381381057369202,-0.012872170373492864,-0.0725061518209057,0.0,0.0,0.0373710410504291,0.8735303161335152,True,,-0.03806296030763212,0.026427428889352678,0.0,3.6999999999999957,0.0,0.0,0.577218926230836
NVR,2026-09-28,6227.0,6383.3,6227.0,6267.89,37333,49.9,T11,,MKDN,0.02227467692337584,0.01275499074964248,-0.020071072672041668,-0.08262653258064845,0.38178672331851354,0.0014198475093731844,-0.005686661736114096,-0.055053182130676004,0.0,0.0,0.022783698479986292,0.8576303534075954,True,,-0.0050273352424613504,0.022672799330388793,12.0,3.8999999999999986,1.0,1.0,0.577235984500152
MCB,2026-09-25,88.96,90.21,88.8,89.6,119505,45.4,T2G,,MARKUP,0.02131491844684123,0.004596927906715953,-0.022687609075043746,-0.12191297530380252,0.19999999999999982,-0.005186169972073995,-0.019986817624393916,0.01816097909149028,1.0,0.0,0.002290950744558984,1.0632219088050976,True,Financials,-0.013107170393215295,0.026345933562428314,5.0,5.799999999999997,1.0,1.0,0.5775103495049624
ALK,2026-09-25,40.8,41.54,40.27,40.94,2414656,46.3,T2G,,MKDN,0.03984094306833558,0.009866798223976181,-0.029857819905213412,-0.2364789257739649,0.14150304671631664,-0.006876815142828008,-0.047907178696994235,-0.09750858960334619,0.0,1.0,-0.0007716049382716639,1.2246855951797964,True,Industrials,-0.005344995140913467,0.05379665379665366,1.0,4.299999999999997,1.0,1.0,0.5775698594404461
BJRI,2026-09-25,62.03,63.0,59.77,60.13,359098,43.4,,Z4,MARKUP,0.038917311615880544,0.009909304669130092,-0.05604395604395607,-0.19396782841823046,0.1422643746295202,-0.023844719522026936,-0.025693154735186408,0.15991271420078346,1.0,0.0,0.026975945017182035,0.7877473995452028,True,Consumer Discretionary,-0.010694307337940079,0.03316151202749151,5.0,2.5,1.0,0.0,0.5783698201337724
POWL,2026-09-25,193.0,193.46,186.15,189.53,575569,50.5,,Z3,DIST-TR,0.04484916823995508,0.030278321374211714,-0.015684237860296046,-0.2965258703882414,0.21760846146312796,0.01645451702213152,-0.05509685535424114,-0.04412970553687079,1.0,0.0,0.10083079313848553,0.807557757752097,True,Industrials,0.03852054794520554,0.13280736357659428,9.0,3.799999999999997,1.0,1.0,0.5786117102793146
EAT,2026-09-25,207.16,209.36,204.52,207.2,916422,44.2,T9,,MARKUP,0.044790430384122795,0.053327232982563144,-0.11156847611697118,-0.18741911447507753,0.44878892733564,-0.027563832863041537,-0.015386751639708929,0.15908563334005188,1.0,0.0,0.024935064935065032,0.7630314127591288,True,Consumer Discretionary,-0.02489528919007966,0.07636363636363641,5.0,9.5,1.0,0.0,0.5786249307766397
SOLS,2026-09-28,56.0,57.54,55.35,56.93,2919343,42.3,T2,,MARKUP,0.04061511749710746,-0.01317386028774481,-0.10388792696363924,-0.22869529874000816,0.15346038114343036,-0.030687019334558197,-0.07475878127776714,-0.12799440294827824,0.0,0.0,0.014479472140762395,0.8587719458201388,True,Materials,-0.014710972654897958,0.02854561878952122,0.0,-0.10000000000000142,0.0,0.0,0.5791224100831098
CMRE,2026-09-30,14.84,15.07,14.68,14.69,440612,43.1,,Z3,MKDN,0.02741329025409806,0.0006811989100816707,-0.04424202992843196,-0.08359326263256406,0.38812785388127813,-0.017397701628932616,-0.027497875668715532,-0.025019923716955494,1.0,1.0,-0.003457814661134262,0.9563517629304432,True,,-0.02392026578073103,0.019430950728660523,3.0,1.5,1.0,0.0,0.5803371090197484
ZTS,2026-09-28,70.5,71.68,70.08,71.43,3906933,41.4,T2,,MKDN,0.027847735593485114,0.0014019346698443957,-0.07641582622187737,-0.10901833603592359,0.17934272300469575,-0.020792596396460472,-0.050091417138729555,-0.25824378588082175,0.0,1.0,-0.010532308568175441,0.824469972161338,True,Healthcare,-0.030405863988054782,0.02747410817031093,1.0,5.0,1.0,0.0,0.5811180698576808
ATMU,2026-09-25,44.93,45.29,44.6,44.71,459172,38.1,,Z3,MKDN,0.03159321812043682,0.01868307131465019,-0.0841868086849652,-0.19817073170731703,0.10670978172999196,-0.025450806720650254,-0.06913572870846629,-0.1174966184468983,0.0,0.0,0.009218713989398442,0.7222623138051745,True,Industrials,-0.01541510680466851,0.03042175616501508,9.0,7.700000000000003,0.0,0.0,0.5817086462555658
AMPX,2026-09-25,9.84,10.02,9.65,9.75,4023600,47.1,,Z5,ACC-TR,0.05621772729369864,0.026315789473684292,-0.07231208372978115,-0.3261921216309607,0.2172470978441128,-0.003766843670166664,-0.08657498606636704,-0.20563048111042004,0.0,0.0,0.0696347031963469,1.0186222998571657,True,Industrials,0.03283898305084754,0.1130136986301371,7.0,3.8000000000000043,1.0,0.0,0.5819900680588684
CBL,2026-09-30,53.45,53.74,52.53,53.36,392869,45.6,,Z5,MARKUP,0.02645851108033693,0.005653976630229929,-0.008178438661709975,-0.11655629139072843,0.2573839662447256,-0.007109369563881418,-0.01230776571496639,0.13874551053285344,1.0,1.0,-0.024707910361999597,1.0141164360447985,True,,0.005653976630229929,0.04791830322073842,3.0,5.5,1.0,0.0,0.5819967731831106
VNO,2026-09-25,34.45,34.9,34.24,34.73,1073793,40.1,T2G,,MARKUP,0.0296656699426597,-0.00487106017191985,-0.10304752066115708,-0.1651442307692309,0.1158301158301156,-0.024669926738742798,-0.05191932299937296,-0.017369637323889076,1.0,1.0,-0.008208736440926456,1.0318880538659327,True,,-0.020033860045146734,0.026603606266627278,1.0,3.200000000000003,1.0,1.0,0.5820735580952634
DUOL,2026-09-30,143.5,144.22,141.78,142.4,905528,48.2,,Z3,MKDN,0.05162140193057949,-0.024523907384573107,-0.10310512061472576,-0.14924124746086742,0.5487716763005782,-0.016572884070612193,0.010230209543453661,-0.10933380113658941,0.0,1.0,-0.026365622723962145,0.9507846924756178,True,Technology,-0.0389417560909765,0.06523040095751043,2.0,-2.299999999999997,1.0,1.0,0.5828015668318028
WSM,2026-09-28,228.39,232.88,226.22,231.03,864067,52.5,T11,,MARKUP,0.029965096000098685,0.017036450079239263,-0.01726998170913263,-0.09360900780728931,0.413759213759214,0.010905085128050551,0.011051018461130324,0.09374302618860786,1.0,0.0,0.04204356654975072,0.7486266285805235,True,Consumer Discretionary,0.006973804646297266,0.06622669374192358,8.0,4.100000000000001,1.0,1.0,0.5830225533447301
BR,2026-09-25,162.1,165.76,161.6,163.77,838744,42.2,T4,,MKDN,0.026967049920784445,0.0039232513945932634,-0.10547301726021407,-0.1238028997913434,0.5002159827213823,-0.024541413583810012,-0.01471046926243691,-0.06715700288293625,0.0,1.0,-0.004251648283936205,0.8412415140759021,True,Industrials,-0.023667580779778263,0.013428217821782384,0.0,2.5,1.0,1.0,0.583387805021547
ALRM,2026-09-29,53.66,53.96,53.15,53.84,608927,42.4,T2,,MARKUP,0.024575944444379164,0.012791572610985735,-0.06462821403752605,-0.07411865864144451,0.4929411764705888,-0.012054531300587756,-0.0047198543763123935,0.0518695191318177,1.0,0.0,0.00230237912509601,0.9720621033871899,True,Technology,-0.025696706478465337,0.03300076745970859,5.0,7.0,1.0,1.0,0.5833939959262895
PRVA,2026-09-28,19.67,20.12,19.5,19.87,1399269,39.0,T2,,MKDN,0.031470494389000285,0.016888433981576245,-0.04425204425204421,-0.31054823039555857,0.09687184661957628,-0.01748278622347954,-0.07347832300115753,-0.1263485573138291,0.0,1.0,-0.02626158599382089,0.9700288450767013,True,Healthcare,-0.04837164750957845,0.05076679005817031,2.0,13.100000000000001,1.0,1.0,0.5836312490919773
NWPX,2026-09-30,103.24,103.24,100.21,103.03,203379,40.5,,Z10,MARKUP,0.032300782148685,0.003995322549210645,-0.0554638797213054,-0.27017071615782384,0.09406175771971517,-0.015807859495214127,-0.06866776414810882,0.03611289981707122,1.0,0.0,0.006561017462400454,0.8391216112362729,True,Materials,0.006643869076697673,0.0331929402326514,12.0,4.0,1.0,1.0,0.5836483877674522
VGNT,2026-09-25,45.53,46.92,45.51,46.73,592061,51.4,T1,,MARKUP,0.0392821406035549,0.018970780636720308,-0.03768533772652405,-0.07004975124378121,0.70194750211685,0.005585441177636596,0.027330289915519446,,0.0,1.0,-0.012703365277468293,0.7728851418093432,True,Industrials,-0.0034122414160803194,0.05485327313769761,1.0,2.799999999999997,1.0,1.0,0.5838024988992498
FELE,2026-09-28,96.79,98.39,96.22,97.58,293127,44.5,T4,,MARKUP,0.01990479619377786,0.02489234324125622,-0.029634049323786882,-0.15741300405837155,0.12102217936354889,-0.00276223462659686,-0.026820771747723682,-0.020437507545790434,1.0,1.0,-0.00021032705857615408,0.965613514717336,True,Industrials,0.015506296180664014,0.026401598821920835,2.0,13.399999999999999,1.0,1.0,0.5845769615227904
WDFC,2026-09-30,203.17,203.4,200.39,201.97,94726,46.9,,Z4,MKDN,0.024009357022592583,0.013193538677636285,-0.050223371737597056,-0.32428905988624956,0.12769978401727863,0.003129571288449373,-0.04158048962847105,-0.07284746790644858,0.0,0.0,0.04212376184897226,0.9139034763866557,True,Materials,0.0649617716846822,0.07556715305144324,8.0,5.399999999999999,1.0,1.0,0.5851760786670809
BLKB,2026-09-25,43.17,43.88,43.03,43.19,277817,45.1,T10,,MKDN,0.03687505589849915,0.00793465577596253,-0.11076796376364018,-0.12817924909164313,0.7170231729055258,-0.023769681522329722,0.014378717888808623,-0.011315188162120848,0.0,1.0,-0.019027484143763318,0.9469300932233978,True,Technology,-0.05035180299032538,0.03424329501915713,3.0,3.3000000000000043,1.0,1.0,0.5854323556816471
FWONA,2026-09-25,86.45,87.22,85.25,86.46,147408,41.5,T10,,MARKUP,0.024618488881378218,0.008397480755773179,-0.08109257094271449,-0.12481020346188898,0.09736456808199101,-0.01905671040592405,-0.030432573921484685,-0.005756473054653544,1.0,0.0,0.0014096088335486812,0.9968249453399444,True,,-0.006549465701482293,0.015623164571831216,5.0,7.299999999999997,1.0,0.0,0.5859778734438107
HYMC,2026-09-25,20.88,21.73,20.41,21.48,1772521,46.2,T4,,MKDN,0.07465985068729362,0.0037383177570093906,-0.17257318952234213,-0.2784682566341955,0.29446808510638306,-0.025287890857231043,-0.07901866785809553,-0.1409371675295158,0.0,0.0,0.030581039755351647,0.8512174552909574,True,Materials,0.014164305949008638,0.09480122324159024,7.0,2.700000000000003,1.0,1.0,0.5861642802219292
FCNCA,2026-09-29,2090.19,2112.42,2051.18,2073.46,54668,41.5,,Z1G,MARKUP,0.02460739221696277,0.00263538377473993,-0.042016263167621526,-0.09704306928537221,0.19763799373492258,-0.02098286151984652,-0.02875072395274403,0.008317987218240397,1.0,1.0,-0.012563045810457307,0.9228684749713341,True,Financials,-0.040251432591810854,0.01933504741584846,3.0,4.100000000000001,1.0,1.0,0.586487868139812
FLYW,2026-09-25,17.08,17.59,16.88,17.4,1695658,44.9,T2,,MARKUP,0.034761208241188134,0.0034602076124565784,-0.06951871657754016,-0.11809427268119621,0.43583535108958804,-0.01668229991389869,-0.01353959398530391,0.11585478314611941,1.0,1.0,-0.013609467455621083,1.0494725326303742,True,Industrials,-0.026301063234471345,0.0437912417516495,1.0,4.299999999999997,1.0,0.0,0.586597848920742
BHF,2026-09-29,51.98,52.51,51.97,52.0,578199,45.7,T5,,MKDN,0.03093357128996982,0.0019267822736031004,-0.019238023387400993,-0.22155688622754488,0.19696147585458507,-0.002047132904321125,-0.05312236571744633,-0.11619303238238632,0.0,0.0,0.06884432499483162,1.058792749963297,True,Financials,0.061224489795918435,0.07216494845360821,10.0,0.9000000000000057,1.0,0.0,0.5870750107644794
MOV,2026-09-28,33.99,33.99,33.02,33.48,201988,45.2,,Z9,MARKUP,0.028571495220403594,0.015468607825295688,-0.029002320185614883,-0.17333333333333345,0.1480582524271843,-0.005208053181926298,-0.03007328317386171,0.10151002555727606,1.0,0.0,0.019218846869188067,1.039708465511365,True,,0.006009615384615197,0.0320591861898889,12.0,7.600000000000001,1.0,1.0,0.5874442285315735
SHOE,2026-09-24,13.2,13.25,12.9,13.22,797428,44.3,T9,,MKDN,0.05053857692537327,-0.0015105740181268201,-0.08258154059680778,-0.18445404071560767,0.5024958402662231,-0.017103878009878337,-0.07300796596375969,,0.0,0.0,0.26274509803921586,0.9725463417653413,True,Consumer Discretionary,0.07654723127035834,0.07131280388978944,10.0,1.1999999999999957,1.0,1.0,0.5876525359779465
PH,2026-09-28,973.23,983.92,962.53,969.55,675026,50.6,,Z1G,MARKUP,0.02230015734265579,0.011876806829685727,-0.02559747542762958,-0.11854282960888785,0.3083859332732189,0.005347775555442302,-0.0013645182462488359,0.04791277722524523,1.0,0.0,0.04706992462228854,0.9390646706423841,True,Industrials,0.043840099910640085,0.06379126847412242,8.0,3.0,1.0,0.0,0.5879769591746864
AEIS,2026-09-25,280.98,287.97,278.18,279.68,342568,50.7,,Z5,MARKUP,0.050344716837559006,0.06666666666666665,-0.0258107213765717,-0.21515364108320478,0.31249999999999994,0.017490241505821125,-0.031583720344525945,-0.023227947611235256,1.0,0.0,0.06788383776497975,0.9255040798690196,True,Technology,-0.02635335073977374,0.1423436670342686,8.0,7.900000000000006,1.0,0.0,0.5882353945843174
DCI,2026-09-25,86.59,87.93,86.59,87.41,483107,41.3,T2,,MARKUP,0.020240692105056156,0.011221656640444166,-0.054106698409263076,-0.12141923811438338,0.15228070175438607,-0.0114613982109244,-0.028042671460833724,-0.013728215969480373,1.0,0.0,0.004458000938526663,0.819744948541086,True,Industrials,-0.0206162464985995,0.025457531675269873,7.0,7.699999999999996,0.0,0.0,0.5884327892470173
JANX,2026-09-30,17.08,17.56,16.79,17.28,772484,50.5,T2G,,MKDN,0.04325384241280002,0.04600484261501214,-0.08523028057173099,-0.14918759231905454,0.47212543554006997,0.005227359374592844,0.01836774229933491,0.019412706900228116,1.0,1.0,-0.018079800498753018,0.7567643818012495,True,Healthcare,0.06338461538461537,0.0971428571428572,4.0,7.299999999999997,1.0,1.0,0.5890370342106934
GBDC,2026-09-29,12.55,12.7,12.51,12.65,1325167,47.8,T2G,,MKDN,0.016179561793755175,0.009577015163607427,-0.03875379939209722,-0.06017830609212482,0.30769230769230826,-7.482821705095954e-05,-0.012255538068326688,-0.03645337127680859,0.0,1.0,-0.0024350649350650677,0.9477625669653932,True,,0.017699115044247815,0.02929210740439392,3.0,7.5,1.0,1.0,0.5890799632085455
NSSC,2026-09-30,35.64,35.74,35.35,35.62,329217,44.5,,Z5,MKDN,0.03126629395147116,-0.009454949944382784,0.010783200908058843,-0.3119567316978946,0.09574468085106384,-0.01010498214728317,-0.027712682073924633,-0.06379028829155142,0.0,0.0,0.017988793866116293,0.8203362564939204,True,Industrials,-0.01954307734654559,0.031865585168018296,2.0,-0.8999999999999986,0.0,1.0,0.5891475846566744
FTV,2026-09-25,55.45,56.44,55.41,56.09,1702827,44.8,T9,,MARKUP,0.02000450957339593,0.019818181818181957,-0.06391855807743652,-0.13119578686493183,0.1879194630872484,-0.006523723610095122,-0.03426030396015478,-0.02892779195955153,1.0,0.0,0.013301311657121673,0.7529146191235759,True,,0.02559882976778205,0.0335360235857749,11.0,8.799999999999997,1.0,1.0,0.589863736871265
PNRG,2026-09-30,199.78,202.0,197.5,197.5,38978,41.1,,Z2,MARKUP,0.04041257058501356,0.0042202674530940065,-0.09337128167462361,-0.1323639239116109,0.4771820232517786,-0.042999519594513425,-0.03127360588983363,0.005333724889060587,1.0,0.0,0.023793478824322145,0.8315168540885356,True,Energy,-0.050115429011158064,0.023793478824322145,5.0,4.200000000000003,1.0,0.0,0.589881437871966
HFWA,2026-09-25,28.26,28.61,28.26,28.57,419989,49.2,T2G,,MARKUP,0.01800559868795175,0.013479957431713263,-0.003140265177948409,-0.08575999999999995,0.27567567567567564,0.0027908593699792483,-0.007395910885934054,0.039465121405634296,1.0,0.0,0.010526315789473717,0.8963141867541554,True,Financials,0.005631819781767078,0.0370235934664247,7.0,11.300000000000004,1.0,1.0,0.5903848316912865
CVCO,2026-09-28,547.4,563.66,547.4,557.53,102340,51.9,T2,,MARKUP,0.031236053850674163,0.026021825944533283,-0.019123856439127396,-0.0897617998073501,0.4322007642259631,0.0125536644556834,-0.0023726109983099875,0.015639877370476674,1.0,0.0,0.03199658703071662,1.0138086412850824,True,Materials,0.040808706853099785,0.07104024589376623,12.0,7.600000000000001,1.0,1.0,0.5909929841368704
NAVI,2026-09-30,9.16,9.16,8.89,9.07,1534845,45.2,,Z5,MKDN,0.03994157803179439,-0.009825327510917026,-0.022629310344827513,-0.10640394088669947,0.5023041474654377,-0.02537195048479801,-0.010567913534337947,-0.05304667077396563,0.0,1.0,-0.03314917127071826,0.8979070509059215,True,Financials,-0.06878850102669398,0.0365714285714287,1.0,-0.19999999999999574,1.0,1.0,0.5912933334852633
RRC,2026-09-25,38.5,38.81,38.17,38.61,3028472,41.1,T12,,MARKUP,0.029846762970755555,0.004422476586888768,-0.07276657060518732,-0.10334417092429171,0.45665445665445664,-0.030363273400812796,-0.03165573114935505,-0.019869368847521218,1.0,1.0,-0.03253513794898488,1.0210097538611487,True,Energy,-0.061725394896719354,0.03874092009685226,4.0,4.399999999999999,1.0,1.0,0.591455956568134
GHM,2026-09-25,88.11,90.2,86.91,87.21,116740,44.2,,Z3,MARKUP,0.046344806199968,0.037720133269871337,-0.06607410580424078,-0.2806236080178175,0.13346917982679557,-0.012542025921195243,-0.07204353034303268,-0.016620189717275413,1.0,0.0,0.028913016957423432,0.9283354319870896,True,Industrials,-0.007849829351535997,0.06392582652189827,17.0,6.300000000000004,0.0,0.0,0.5915923864542473
THO,2026-09-28,71.65,72.03,70.29,71.38,918804,44.6,,Z9,MKDN,0.035970380039814454,0.02058907635115803,-0.073227733056349,-0.12599485735276117,0.2834261838440107,-0.018034197250152095,-0.044446569428746474,-0.14835788306222641,0.0,0.0,0.03209032833160008,1.228097705703076,True,Industrials,-0.028579205225911952,0.06046649829148709,6.0,6.600000000000001,1.0,0.0,0.5917104599434746
WLDN,2026-09-24,80.12,81.08,78.53,79.63,219415,43.4,,Z1G,MKDN,0.03826055556422639,-0.004500562570321276,-0.07342331859436824,-0.10858614127392818,0.5620767494356657,-0.02521324366761124,-0.02763894802332234,-0.06904356358921748,0.0,0.0,0.018283195020746934,1.0711809406709298,True,Industrials,-0.02807274502624202,0.032546680497925085,6.0,0.10000000000000142,1.0,0.0,0.592026044905554
NVMI,2026-09-25,367.85,372.0,365.44,368.23,341106,49.8,T2G,,ACC-TR,0.04179939884401357,0.03403442756451658,-0.007252237679283957,-0.2753375054118943,0.216497731981856,0.011867041725023952,-0.05355000210210037,-0.10797043409419049,0.0,0.0,0.06933276693873847,0.5993238105417766,True,,-0.00962857373389625,0.11730436629547603,8.0,5.0,1.0,1.0,0.592160136197768
CHCT,2026-09-25,14.31,14.41,14.21,14.41,321080,38.5,T2,,MKDN,0.02103445685137817,0.016937191249117856,-0.045062955599734944,-0.2479123173277662,0.059405940594059535,-0.016801269355766202,-0.06828337297176945,-0.11971592507154682,0.0,0.0,0.0028348688873141015,0.92011366117758,True,,-0.01368925393566045,0.021261516654854873,5.0,9.399999999999999,1.0,0.0,0.5923837614895031
ZVRA,2026-09-29,11.28,11.5,11.2,11.34,1347136,43.9,T2,,MARKUP,0.037390525716604193,-0.020725388601036343,-0.03407155025553665,-0.24601063829787229,0.37710437710437716,-0.02317957330816478,-0.03074544322799455,0.037218761510514176,1.0,0.0,-0.04389815627743632,0.8895407510571989,True,Healthcare,-0.026609442060085864,0.04132231404958664,1.0,-1.5,0.0,1.0,0.5924725818035107
BCSF,2026-09-29,11.14,11.35,11.05,11.23,744680,39.5,T2G,,MKDN,0.02206127880790384,0.0008912655971480277,-0.0657237936772046,-0.15052950075642968,0.1233480176211458,-0.013858818109833249,-0.052030820689861645,-0.12463519530516065,0.0,0.0,0.0009132420091324533,0.9805763814802698,True,,0.014453477868112019,0.025570776255707806,10.0,4.899999999999999,0.0,1.0,0.5926813480057316
HNRG,2026-09-25,14.51,14.8,14.32,14.72,614100,42.2,T2,,MKDN,0.04537001393560609,-0.026455026455026398,-0.11485267588695125,-0.15644699140401142,0.2815789473684212,-0.0345641045733992,-0.06198461511394804,-0.130517489463282,0.0,0.0,0.012177650429799458,0.8545657487560888,True,Utilities,-0.04041720990873532,0.054441260744985565,8.0,-2.3999999999999986,1.0,0.0,0.5927315163223136
SYRE,2026-09-30,88.64,95.08,88.0,89.03,2096089,45.7,T1G,,MARKUP,0.05262264108774733,0.009753884541227276,0.005988700564971694,-0.19188526822183893,0.22393538913362684,-0.010393723916528486,-0.03197466249492398,0.2433239107167231,1.0,1.0,-0.012738095238095104,1.0231009006679337,True,Healthcare,-0.023472633541735233,0.07355601109369347,4.0,5.800000000000004,1.0,1.0,0.5927383347749889
SOUN,2026-09-30,5.92,6.15,5.9,6.02,17345973,41.8,T1G,,MKDN,0.04551759526800978,0.0016638935108153063,-0.12116788321167882,-0.264957264957265,0.14566929133858242,-0.03229548830232343,-0.08000490136812155,-0.24978153881799503,0.0,1.0,-0.0034305317324185847,0.7245672429052794,True,Technology,0.015177065767284947,0.03614457831325302,1.0,3.5,1.0,1.0,0.5930431894602965
TDAY,2026-09-24,6.37,6.5,6.37,6.45,1435296,45.0,T3,,MARKUP,0.041421258031922877,0.020569620253164445,0.0078125,-0.2996742671009772,0.10967741935483864,-0.008195739515523104,-0.07013981706314076,-0.05214077473441614,1.0,0.0,0.011456628477904962,0.9437963791864102,True,Materials,0.025437201907790197,0.043689320388349495,16.0,7.0,0.0,1.0,0.5941879736794153
MMM,2026-09-24,170.23,170.75,167.26,167.52,2430882,46.5,,Z1,MARKUP,0.020634128835591882,0.017060287778519756,-0.06933333333333325,-0.0939967550027041,0.4454371410338228,-0.005371525690695544,-0.01022163974878354,0.032425147313605684,1.0,0.0,0.018468833842889998,1.0344022097227936,True,,0.028613533095910526,0.045236163973294996,8.0,7.600000000000001,1.0,1.0,0.594488288158939
BKV,2026-09-24,23.28,23.57,22.61,23.08,2374885,41.6,,Z2,MKDN,0.04374652278131269,0.012724879333040784,-0.04785478547854782,-0.17718360071301253,0.14604810996563536,-0.036230509513896836,-0.0671115743156172,-0.10820745995688297,0.0,1.0,-0.02027324812692821,0.7254047624474775,True,Energy,-0.07532051282051289,0.03823661718398541,3.0,2.700000000000003,1.0,0.0,0.5948298675704525
GPN,2026-09-25,86.21,86.77,84.97,86.49,2159335,46.9,T2G,,MARKUP,0.029035568684972157,0.01681166235598397,-0.06739271080439935,-0.09793491864831039,0.6156365124846499,-0.010095598322737986,0.006156512347312626,0.09144339258297984,1.0,1.0,-0.011884953648680807,0.9821755716920774,True,Industrials,-0.02038735983690121,0.04029348087563145,1.0,6.299999999999997,1.0,1.0,0.5949253154438126
COLB,2026-09-25,29.43,29.81,29.3,29.64,1847833,43.9,T2G,,MARKUP,0.02140041168810849,-0.009689274974941542,-0.03421309872922773,-0.11969111969111967,0.17922606924643564,-0.010007207776853155,-0.027225633296377727,0.0031276736653362835,1.0,1.0,-0.01439342015078815,0.8206448606895403,True,Financials,-0.01560943208236465,0.030598052851182223,1.0,1.2999999999999972,1.0,1.0,0.5949411780920982
IBKR,2026-09-24,90.53,91.19,89.1,89.82,3977314,46.9,,Z1G,MARKUP,0.0332072285074809,0.016293279022403295,-0.07421150278293143,-0.09043037974683554,0.35242929659173294,-0.01370660155385428,-0.012153549353913884,0.09233716109217327,1.0,0.0,0.04460922787193988,1.1214273225589442,True,Financials,0.004473272198613154,0.05720338983050843,6.0,2.799999999999997,1.0,0.0,0.5949539829142558
STNE,2026-09-30,9.44,9.51,9.24,9.34,5608888,41.8,,Z5,MKDN,0.03993509398531291,-0.015806111696522684,-0.0331262939958592,-0.19134199134199137,0.11952191235059782,-0.028731253541589563,-0.06804144637229315,-0.22528023600866143,0.0,1.0,-0.031082529474812493,0.9592649879777825,True,,-0.039094650205761416,0.0331858407079646,2.0,-0.4000000000000057,1.0,0.0,0.5968919568624094
BANF,2026-09-25,107.74,108.82,107.32,108.71,235375,43.4,T1G,,MKDN,0.019335650646802195,0.003878474466709747,-0.015307971014492883,-0.10179294389820714,0.15326460481099588,-0.010012553803685043,-0.02369006561442366,-0.03977791246579654,0.0,1.0,-0.006345651362448579,1.027648751545685,True,Financials,-0.019747520288548315,0.020942900075131332,1.0,6.699999999999996,1.0,1.0,0.5972313483392374
GILT,2026-09-24,9.76,10.12,9.68,10.02,320711,45.9,T3,,ACC-TR,0.042505997989074396,0.007035175879396949,-0.014749262536873142,-0.2765342960288809,0.14508928571428578,-0.00413938541071357,-0.07538379307146037,-0.21504129315977072,0.0,0.0,0.030949839914621302,1.0849611999008548,True,,0.05031446540880502,0.05807814149947199,10.0,2.5,1.0,0.0,0.5972771067104826
AVO,2026-09-28,13.14,13.28,12.88,13.1,784983,55.3,,Z9,MARKUP,0.03527084734848486,0.0234375,0.025841816758026548,-0.07876230661040795,0.5573122529644267,0.018770390058026276,0.022843290879317024,0.03275800967544007,1.0,0.0,0.02378999179655472,0.9657158328423389,True,,0.022638563622170205,0.07465135356849872,8.0,5.599999999999994,1.0,1.0,0.5975404844868849
TR,2026-09-25,37.65,38.15,37.4,38.04,462007,42.8,T3,,MKDN,0.02194256365799235,0.011702127659574346,-0.06947162426614484,-0.09385421629347301,0.2423076923076921,-0.011587015629804576,-0.026098137667770915,-0.032782338966108826,0.0,0.0,0.010059815116911341,1.1278735912469584,True,Consumer Staples,-0.021856518385188983,0.034257748776509,5.0,8.199999999999996,1.0,1.0,0.5984064038760257
TCBI,2026-09-25,95.0,96.25,94.55,95.82,594705,44.1,T2G,,MARKUP,0.017202298826887667,0.009694415173867155,-0.023241590214067243,-0.11096678419001682,0.1751724137931029,-0.006616057533574193,-0.023089994571392602,-0.00850978109210121,1.0,1.0,-0.0063911376224967675,0.9853824331028826,True,Financials,-0.033000302755071265,0.027229845626072002,1.0,8.0,1.0,1.0,0.5984210926120005
CAE,2026-09-24,24.33,24.75,24.26,24.62,1060020,50.5,T6,,MKDN,0.026923608377062824,0.0160957490713991,-0.025722200237435655,-0.14780200761509166,0.24290780141843987,0.007650416957431183,-0.012117471940729985,-0.06601693806708475,0.0,0.0,0.012043010752688321,0.9086965432992155,True,,0.039695945945946054,0.046323841903952445,16.0,5.100000000000001,0.0,1.0,0.5988853802468397
PLOW,2026-09-25,39.78,40.1,39.51,39.74,105994,39.2,,Z5,MARKUP,0.02578018229770192,-0.003760340937578266,-0.05740037950664123,-0.2542690936385813,0.07255304585900084,-0.017426877499098437,-0.05282057589542566,-0.03861061779384989,1.0,0.0,0.011111111111111072,0.8981685857735304,True,Industrials,-0.0124254473161034,0.026873385012919915,8.0,0.30000000000000426,1.0,1.0,0.5990600322439179
CODI,2026-09-24,11.3,11.54,11.07,11.25,622267,49.9,,Z1G,MARKUP,0.03368692452042149,0.01534296028880866,-0.011423550087873546,-0.15094339622641506,0.4366197183098593,-0.001258195548471508,0.011114370161763532,0.16587867538324486,1.0,1.0,-0.0018365472910928382,0.9249738437179899,True,Materials,0.026459854014598383,0.034958601655933785,4.0,3.6000000000000014,1.0,0.0,0.5994947828586253
CNI,2026-09-29,120.54,121.54,119.8,120.55,795131,44.2,T12,,MARKUP,0.016915725517520727,0.008617804551539487,-0.03366733466933869,-0.0836183960471305,0.25826028320970973,-0.006508818115199211,-0.01593346646494731,0.04662789608709228,1.0,0.0,0.020047978067169403,0.9106520289009119,True,,-0.010018888067668597,0.03281357093899939,6.0,4.900000000000006,1.0,0.0,0.6000113461940974
HRI,2026-09-25,130.51,139.44,130.05,135.36,591116,40.7,T4,,MARKUP,0.055936296733824824,0.0007393168712110931,-0.12912565141864496,-0.23090909090909084,0.16584564860426956,-0.048308270825462074,-0.07867197121916847,-0.03977673409702942,1.0,1.0,-0.04227557411273497,0.7409188710006182,True,,-0.039727582292849006,0.053795251070455574,1.0,6.400000000000006,1.0,1.0,0.6001458631351932
SKE,2026-09-24,31.12,31.66,30.48,31.43,452100,48.4,T5,,MARKUP,0.049104136692009914,0.005438259756877839,-0.094758064516129,-0.12255723059743162,0.6090828138913624,-0.013848749254982473,0.006509623069623327,0.10935744763531874,1.0,0.0,0.0477827432107254,1.04311878839845,True,,0.006081946222791235,0.08044001375042975,6.0,0.29999999999999716,1.0,1.0,0.6002228286668223
GTES,2026-09-24,26.12,26.39,25.82,26.26,1462378,52.0,T10,,MARKUP,0.03187270836884347,0.019014357780364755,-0.015373078365204407,-0.13447593935398805,0.3278418451400333,0.011313153383882613,-0.0005033758714727554,0.03055919942802765,1.0,0.0,0.046971569839307836,0.9888590639932204,True,Industrials,0.02458056964494748,0.058017727639000816,15.0,5.0,0.0,1.0,0.6002739636923584
SHW,2026-09-25,321.06,330.13,320.51,329.1,1843758,48.7,T1,,MKDN,0.023442882281815316,0.026096716864652425,-0.04666724602415906,-0.11570292347377475,0.39403321137067265,0.002261554049439285,-0.012199160496483397,-0.016376781334874524,0.0,0.0,0.006966091990584733,1.134428210014382,True,Consumer Discretionary,0.017908508861464334,0.04682231694128136,5.0,12.200000000000003,1.0,1.0,0.6002791379969791
BCRX,2026-09-25,8.52,8.63,8.4,8.59,3666522,41.4,T4,,MARKUP,0.04238904453943791,-0.010368663594470084,-0.12968591691995945,-0.23440285204991096,0.17812500000000003,-0.032181925887862395,-0.06388552136078551,-0.041416734655277176,1.0,0.0,0.046134663341645954,0.8138761975819906,True,Healthcare,0.0578817733990149,0.07107231920199508,8.0,-0.3999999999999986,1.0,1.0,0.6004564903485765
WSE,2026-09-25,11.35,11.63,11.35,11.55,2044886,39.2,T1,,ACC-TR,0.02800416973490375,0.008733624454148492,-0.11966463414634132,-0.15446559297218154,0.15936254980079698,-0.033443696784987376,-0.05952376640622392,,0.0,1.0,-0.02534965034965031,1.0975238869582433,True,,-0.03910149750415959,0.03587443946188351,1.0,6.400000000000006,1.0,1.0,0.6015402284306984
EL,2026-09-25,95.11,96.23,93.89,94.47,2798681,46.3,,Z2G,MARKUP,0.03377947470880914,0.011131328267151686,-0.11053573109876658,-0.1283447130466876,0.5319650067294752,-0.024666551013166393,0.006704559131706533,0.05357920021690643,1.0,0.0,0.007956989247311697,0.985343162824359,True,Materials,-0.027285831960461304,0.015806451612903283,5.0,2.299999999999997,1.0,0.0,0.6016546114498597
MHO,2026-09-25,138.46,140.22,137.36,138.75,156982,40.5,T1G,,MARKUP,0.027176532277413238,-0.0006482281763180442,-0.08088235294117652,-0.12521278607906194,0.09232175502742267,-0.02558866445635788,-0.04284244509094126,-0.0032117929198776096,1.0,1.0,-0.0053106358213299565,0.9543598274744166,True,,-0.008149260132961467,0.014773641483215139,1.0,3.3999999999999986,1.0,1.0,0.6017382232460455
GCMG,2026-09-30,12.89,12.99,12.74,12.89,395771,46.5,,Z7,MARKUP,0.02943036154934526,-0.0030935808197988246,-0.03082706766917298,-0.13315400134498978,0.3907692307692312,-0.009621594296657654,-0.007752578315190384,0.05804302630926994,1.0,1.0,-0.002417405318291599,1.0808307146812917,True,Financials,0.016561514195583715,0.04119547657512124,4.0,1.1000000000000014,1.0,0.0,0.6022140499936448
HLMN,2026-09-28,7.0,7.15,6.84,7.11,1735510,38.8,T2,,SPRING,0.035760086615269165,0.0,-0.08494208494208488,-0.25782881002087676,0.09854014598540162,-0.03194167951113447,-0.0765474142194239,-0.12557433174424082,0.0,1.0,-0.011560693641618491,0.7260914473975998,True,Industrials,-0.01386962552011095,0.03947368421052633,0.0,3.5,1.0,0.0,0.6023048262752152
PHIN,2026-09-25,59.94,62.08,59.77,62.04,344721,36.2,T4,,MKDN,0.03334837444257819,0.010094431781178637,-0.08858527985896858,-0.24909222948438636,0.13638271086865292,-0.03392941050789511,-0.10139345642939612,-0.1069745029301784,0.0,1.0,-0.023421926910299096,0.8587210367554995,True,Industrials,-0.06340579710144922,0.055281510460962746,2.0,8.900000000000002,1.0,1.0,0.6033398075132868
RYTM,2026-09-25,98.41,99.44,96.35,98.66,864255,39.6,T2G,,MARKUP,0.040135832171715756,0.009722648654180821,-0.12325602061672447,-0.17611691022964515,0.1345917111202298,-0.028770092155117055,-0.049758214906046816,-0.0029952894723832557,1.0,1.0,-0.007905138339921014,1.089103298525953,True,Healthcare,-0.05777862668322031,0.03438876074648767,1.0,3.3999999999999986,1.0,1.0,0.603417413542855
ELAN,2026-09-28,22.01,22.64,21.92,22.45,6593501,39.9,T4,,MARKUP,0.03417810553102321,0.000891662951404415,-0.06885109912899212,-0.19764117226590427,0.1696696696696695,-0.02608620263132644,-0.04919733359582179,-0.023702278783301778,1.0,1.0,-0.018501805054151665,1.1301280763126416,True,Healthcare,-0.030237580993520474,0.03218390804597693,2.0,3.1999999999999957,1.0,1.0,0.6038879593612972
HLIO,2026-09-28,68.48,70.28,67.62,68.91,359176,41.6,T4,,MARKUP,0.03234084115717283,0.009522414298271276,-0.057060755336617475,-0.1869985842378481,0.1464728056004307,-0.01708526745085781,-0.06410090246815636,-0.02034859162784808,1.0,0.0,0.021604471974618678,1.1628599322376587,True,Industrials,0.02468401486988836,0.04109382081885471,8.0,4.0,1.0,1.0,0.6055806237753344
TOL,2026-09-25,136.65,137.96,135.45,137.34,1596704,46.4,T2G,,MKDN,0.026924523977503792,0.03216594017736352,-0.05367601460759319,-0.14012021036814426,0.2403258655804484,-0.003233154077589395,-0.03307284073600214,-0.04009298279678952,0.0,0.0,0.01742668509135581,1.1559816684131914,True,,0.017936554995553022,0.045205479452054664,11.0,10.299999999999997,0.0,1.0,0.605700146556132
PDD,2026-09-24,78.9,79.22,77.79,78.2,4047273,38.7,,Z2G,MKDN,0.024432336878812584,0.0060465714653286096,-0.09845515333179611,-0.1608541689022427,0.09480676328502459,-0.030014426832544627,-0.06165166302099623,-0.16399853861461844,0.0,0.0,0.006990291262136017,0.8838589359444398,True,,0.004624871531346386,0.01229773462783168,9.0,4.400000000000006,1.0,1.0,0.6058240423315067
BXDC,2026-09-25,19.41,19.67,18.48,19.08,2684374,38.8,,Z1G,MKDN,0.03277776964091594,-0.012933264355923457,-0.06744868035190632,-0.1424719101123596,0.15915119363395172,-0.03191719774713053,-0.05141674667699703,,0.0,0.0,-0.0385015608740894,0.8940382593593841,True,,-0.04120603015075375,0.03246753246753231,0.0,-0.6000000000000014,1.0,1.0,0.6065417496270572
URI,2026-09-24,1025.48,1028.54,1006.2,1021.67,444728,46.7,,Z2G,MARKUP,0.028316738771593106,0.01909169800404964,-0.034027948490063076,-0.13357587476042687,0.2556238185255194,-0.004784067612376264,-0.021584073753434074,0.052964991559570906,1.0,0.0,0.02434940780090522,1.0418481648516849,True,,0.0329498119464553,0.05488843687726508,14.0,5.5,0.0,1.0,0.6067178380482952
YUM,2026-09-25,136.99,139.63,136.41,138.63,2306185,40.3,T3,,MKDN,0.027627322081626163,0.00463801724762658,-0.08039800995024882,-0.1852004231809098,0.12179487179487193,-0.029852206799427017,-0.05823941411669098,-0.0846666252928574,0.0,0.0,0.016013704751973723,1.1363172790259781,True,Consumer Discretionary,-0.01590118549016828,0.032548785937732694,5.0,3.0999999999999943,1.0,1.0,0.6068328946990798
VERA,2026-09-24,32.72,33.68,32.23,33.34,1691471,47.6,T3,,MKDN,0.06486715596517019,-0.027137437992413194,-0.0945138511678435,-0.25246636771300446,0.28462515883100403,-0.019947548025163075,-0.032382646083306765,-0.0716945848928281,0.0,0.0,0.04915364583333326,0.8413811291815417,True,Healthcare,-0.007738095238095211,0.06893235011221543,6.0,-3.299999999999997,0.0,1.0,0.6069845262236578
APTV,2026-09-25,44.0,45.07,43.54,44.79,3141351,44.7,T9,,MKDN,0.03403315167672159,0.027529249827942026,-0.014304577464788748,-0.2790922259777886,0.09404388714733528,-0.00943679074359327,-0.08359653934872746,-0.25774933129623356,0.0,0.0,0.006513142591300314,0.6532916243922432,True,Industrials,-0.016469038208168696,0.041870202372644716,7.0,8.800000000000004,1.0,0.0,0.6083374702987745
IPGP,2026-09-25,78.42,79.29,77.24,78.12,373271,47.9,,Z5,ACC-TR,0.042906158677802314,0.020509470934030105,0.011262135922330163,-0.32163945814518924,0.19038251366120235,0.0022885934308216616,-0.06740918477061153,-0.173409676442703,0.0,0.0,0.07419680161360054,0.8678585357306369,True,Technology,-0.023377922240279903,0.0484498725003355,17.0,3.8999999999999986,0.0,0.0,0.6088785589807867
MSCI,2026-09-25,552.07,555.95,547.48,551.36,460143,45.6,,Z2G,MKDN,0.022470008681068566,-0.0027312026335304385,-0.03125713783712547,-0.14487336569629472,0.1303416814076902,-0.008538886375394461,-0.023968386317453794,-0.035504106179244044,0.0,0.0,0.014236266190263525,1.0654967250444762,True,Industrials,-0.005859973675195196,0.026053297603096714,7.0,0.10000000000000142,1.0,0.0,0.6093381118167498
STN,2026-09-25,68.7,69.16,67.83,69.02,229946,40.2,T9,,MKDN,0.025802823431915412,-0.00043446777697320194,-0.07616115647169053,-0.10918946824987108,0.24598930481283343,-0.026368473707733986,-0.040608363482664944,-0.15517062357042855,0.0,1.0,-0.0151009147669523,1.0053374846934762,True,,-0.009187482055699081,0.01754385964912286,0.0,3.9000000000000057,1.0,0.0,0.6097982206633096
AZO,2026-09-30,2888.88,2899.53,2800.11,2830.02,494692,42.0,,Z2,MKDN,0.029557627553390527,-0.004684631454556998,-0.04579156593601119,-0.10783179438032586,0.15997445909771818,-0.0215168259101306,-0.04428206283505676,-0.13196002589381806,0.0,0.0,0.012741963484852903,1.090867566227355,True,Consumer Discretionary,-0.006675932945834351,0.023559792830068593,5.0,-0.20000000000000284,1.0,1.0,0.610348609445023
RLJ,2026-09-28,11.18,11.23,10.82,11.07,2487620,49.4,,Z1,MARKUP,0.026188537509862216,0.01188299817184646,-0.03403141361256545,-0.14119472459270754,0.20869565217391317,0.002214714543198326,-0.004152689925905784,0.12624063641982808,1.0,0.0,0.019830028328611915,0.8858725496750575,True,,0.013736263736263687,0.03943661971830981,13.0,4.5,1.0,1.0,0.610434789909846
HLI,2026-09-25,127.48,129.71,126.78,129.07,796525,43.9,T3,,MKDN,0.03424562118610145,-0.01133665262351602,-0.01330173534133483,-0.12197278911564635,0.475270705297044,-0.020565183930533526,-0.03183360615046127,-0.12956025236138502,0.0,1.0,-0.014622641509433931,0.9851883137862478,True,Financials,-0.055193616865529704,0.02975905536939516,1.0,-1.2000000000000028,1.0,0.0,0.6105097704449719
WELL,2026-09-25,233.84,237.32,229.88,231.37,2306756,44.8,,Z2,MARKUP,0.022072225657900263,0.010923231528815469,-0.03434891485809677,-0.09337774294670842,0.21171022163413852,-0.010623687779652613,-0.009106945288895107,0.07520798395830708,1.0,0.0,0.0022368421052632037,0.8890947897660434,True,,-0.018037518037518074,0.01478070175438595,5.0,7.599999999999994,1.0,0.0,0.6106965311532255
NOMD,2026-09-28,10.6,10.79,10.47,10.66,864561,37.2,T4,,MKDN,0.028520952826320507,0.005660377358490676,-0.10269360269360273,-0.16653635652853782,0.09361702127659603,-0.02912266541757802,-0.04847094826602061,-0.07700467488032903,0.0,1.0,-0.008547008547008517,1.0788949069005205,True,,-0.02470265324794141,0.021072796934865856,4.0,4.700000000000003,1.0,1.0,0.6112184426357786
EXPO,2026-09-30,64.88,66.05,64.71,65.42,678175,42.5,T2G,,MKDN,0.027288485112751466,0.00015288182235129177,-0.06941678520625882,-0.09037819799777536,0.4845360824742268,-0.017127889539568453,-0.01479503571143126,-0.01631497575712182,0.0,1.0,-0.04299265605875158,1.1140422488552422,True,Industrials,-0.03808263490663144,0.04588329336530772,2.0,3.8999999999999986,1.0,1.0,0.6115040361663904
CAMT,2026-09-24,144.02,147.15,142.68,145.12,367382,49.6,T5,,MARKUP,0.05180457519995177,0.006310242008182421,0.013054101221640524,-0.18481069542748008,0.3664548430579626,0.00039005510471867844,-0.022419522361943223,-0.01150589886832476,1.0,0.0,0.1315726861765405,0.8298245588354862,True,,0.00603119584055456,0.10458212817780499,16.0,-0.29999999999999716,0.0,0.0,0.6116749274300614
DEC,2026-09-25,13.78,14.01,13.7,13.79,721746,39.7,T12,,MKDN,0.030323587051526112,0.004369992716678706,-0.08493696084936964,-0.13215859030837018,0.39828080229226326,-0.037516209147833934,-0.03707736499677461,-0.04212576434891524,0.0,1.0,-0.01893663510560817,0.8063755222929396,True,Energy,-0.06887238352464564,0.02375649591685214,4.0,3.0,1.0,1.0,0.6119430296760184
IDYA,2026-09-30,38.11,39.39,37.76,38.42,1016445,51.2,T1,,MARKUP,0.03855930823310562,0.02562733582487997,-0.03829787234042559,-0.09981255857544513,0.5086505190311422,0.005246002101479963,0.020617338133702257,0.13298328228473566,1.0,1.0,-0.03810810810810805,1.0728871832881919,True,Healthcare,0.01828783461436534,0.07951671817926376,4.0,7.0,1.0,1.0,0.6120399613914095
RHI,2026-09-30,36.88,37.46,36.47,36.75,1462089,38.6,,Z9,MARKUP,0.03922021760647787,-0.016327623126338286,-0.15614236509758894,-0.21306209850107072,0.32174505794137687,-0.03922340443115657,-0.04929201284949791,0.06788006704963578,1.0,1.0,-0.02236951118475561,0.9446293695430289,True,,-0.009166891345376182,0.038135593220339103,4.0,1.0,1.0,0.0,0.6121088849670142
AER,2026-09-24,143.81,145.48,143.15,145.42,1632114,52.1,T2,,MARKUP,0.02010572162753141,0.014581734458940732,-0.02943335780551304,-0.08431458976135009,0.39246823956442745,0.00941250491583201,-0.00126526834216234,0.026098119401728903,1.0,0.0,0.03019668055860203,0.9871574383541631,True,,0.03553371786655268,0.06324486363968695,7.0,6.0,1.0,0.0,0.6122454634709977
SENEA,2026-09-28,181.51,186.1,181.51,182.53,82812,46.0,T5,,MARKUP,0.03592404991405679,0.009233661395554593,-0.08661929543634905,-0.13080952380952382,0.4669124781680575,-0.018298584156425934,-0.0005903328789441664,0.17080692125324726,1.0,0.0,0.009539399412960003,0.9842057992466753,True,Consumer Staples,-0.020499060906895572,0.03031158275005641,9.0,3.1000000000000014,1.0,1.0,0.6122722224064693
JCI,2026-09-24,144.15,146.45,143.57,145.36,2924666,53.1,T5,,MARKUP,0.02384949483271184,0.03048348220615349,0.007136423473983244,-0.07449382401629945,0.4501879699248126,0.011421006422875468,0.009879741345502069,0.06759243499427692,1.0,0.0,0.03468846663720737,0.9651384344173682,True,Industrials,0.017855892444506694,0.07055531006039195,8.0,6.899999999999999,1.0,0.0,0.6131103025547644
CAT,2026-09-25,816.34,823.0,809.05,821.58,1978288,52.2,T2G,,MARKUP,0.027724901666097986,0.015562615112671319,0.005605875152998818,-0.17947027804410354,0.2183218060811695,0.013881644773889201,-0.0115835565040312,0.05901763059967946,1.0,0.0,0.029569997018369598,0.9023777125803706,True,Industrials,0.003677144288209977,0.0630385839608727,16.0,4.300000000000004,0.0,1.0,0.6132245598960232
LFUS,2026-09-24,416.0,422.62,409.69,421.16,96270,52.3,T11,,MARKUP,0.03597122841301728,0.0480788373481984,0.005827283148643447,-0.11576737350409405,0.43137052696710354,0.014768881958425073,5.92932939864621e-05,0.09650891691965047,1.0,0.0,0.027576680054232305,1.1102192956755363,True,Industrials,0.01872188089594129,0.0773835409685093,6.0,9.199999999999996,1.0,1.0,0.61338152328063
MZTI,2026-09-25,100.73,101.26,99.69,100.47,352468,38.0,,Z2G,MKDN,0.03189564936485508,0.005504403522818224,-0.10717142095441212,-0.16960079345400447,0.1074380165289256,-0.03701825971746597,-0.07133396369240363,-0.2159818259235632,0.0,0.0,0.011632653061224518,0.8089808602963219,True,Consumer Staples,-0.03440653531955784,0.025204081632653086,8.0,3.700000000000003,1.0,0.0,0.6134349769261458
BCPC,2026-09-28,167.89,168.77,166.1,168.68,172543,46.6,T2,,MARKUP,0.019619588018608674,0.008007649097645508,-0.054696256444743296,-0.07820099458986829,0.39492600422832985,-0.003664342435497625,-0.008932406427910156,0.008642574829610616,1.0,0.0,0.012935505521996404,0.8138785623550794,True,Materials,0.011089132650002886,0.0292269204954545,9.0,3.8999999999999986,1.0,0.0,0.6138366308332408
KMT,2026-09-24,29.71,30.45,29.65,30.07,1788642,48.7,T2,,MKDN,0.031121137070731202,0.007707774798927591,0.0019993335554815417,-0.2687256809338521,0.10743134087237495,0.0043620273598068415,-0.03506278069781221,-0.06572175683352732,0.0,0.0,0.016005567153792644,1.0677803570211768,True,Industrials,0.03226913834534839,0.045185957594716664,14.0,3.200000000000003,0.0,1.0,0.6140789304921284
KDP,2026-09-28,31.55,31.64,31.03,31.46,9923481,49.6,,Z9,MARKUP,0.025442321991538657,0.02743305029392551,-0.02237414543194527,-0.052409638554216875,0.6167400881057267,-0.002279603221764126,0.004172002988187096,0.04167603804012443,1.0,0.0,0.005564648117839521,0.9264660285849761,True,Consumer Staples,-0.0037998733375553817,0.029787234042553123,5.0,9.0,1.0,1.0,0.6142136669717055
MTX,2026-09-25,66.82,67.43,66.41,66.98,120077,36.2,T1,,MARKUP,0.025709461104918726,0.0007470491558343451,-0.07345414303499798,-0.1689826302729528,0.09621765096217674,-0.02521186477951798,-0.05528911928782887,-0.04728185818060604,1.0,1.0,-0.00907303795554204,0.8337814883564796,True,Materials,-0.0265949716610957,0.02212726995269354,1.0,4.900000000000002,1.0,1.0,0.6146224194757656
LDOS,2026-09-29,121.77,125.0,121.66,123.1,1102450,39.0,T4,,MKDN,0.02982237520749939,-0.0017030248966021233,-0.12203123885600176,-0.16446073440575593,0.4420907206999766,-0.037269259893317974,-0.041508826035321245,-0.12784309402413407,0.0,1.0,-0.01368189591986324,0.8819843488273595,True,Technology,-0.04750851129681222,0.016431343406820176,1.0,1.5,1.0,1.0,0.6149524580925929
STTK,2026-09-28,6.03,6.48,5.85,6.43,976892,48.0,T4,,MARKUP,0.06030315645475043,0.05237315875613735,-0.08664772727272729,-0.2110429447852762,0.2742616033755272,-0.00037131583221816644,-0.0315913182899793,0.14306324803129633,1.0,0.0,0.012110726643598468,0.9833538561736944,True,Healthcare,0.0370967741935484,0.11245674740484413,8.0,9.899999999999999,1.0,1.0,0.6150846087433592
DFIN,2026-09-25,48.99,49.61,48.42,48.92,245208,53.2,,Z9,MARKUP,0.031315498088845366,0.023216900230077275,0.020016680567139344,-0.08663181478715465,0.6090985678180287,0.008037637856914914,0.022989649656842692,0.02940447419702874,1.0,0.0,0.022241416540703884,0.7338755563936911,True,Industrials,0.020229405630865394,0.05635931764197788,5.0,5.700000000000003,1.0,1.0,0.6155717083003709
IRT,2026-09-29,14.76,15.08,14.6,14.83,5276695,34.8,T2G,,MKDN,0.021610665658153762,0.004742547425474308,-0.08343634116192833,-0.1621468926553672,0.11419753086419734,-0.02326178554309999,-0.06080581378527794,-0.0938362911934002,0.0,1.0,-0.009589041095890316,0.957129154662286,True,,-0.022412656558998045,0.025587828492392717,2.0,6.699999999999996,1.0,1.0,0.6162322321095063
NXT,2026-09-25,80.12,82.5,80.02,80.85,1454958,41.9,T1,,MKDN,0.05116365708251728,0.0047222567416427275,-0.09745478901540527,-0.3454501295336788,0.08824786324786316,-0.031160194156945153,-0.11332555706975023,-0.19360031985695692,0.0,0.0,0.010166840458811333,0.8131170695875076,True,Technology,-0.024610930148389554,0.053832116788321116,7.0,2.1000000000000014,1.0,1.0,0.6162640072738093
KMB,2026-09-28,98.0,99.01,97.34,98.77,3334915,38.3,T2,,MKDN,0.021587624290322335,0.010538162471864121,-0.09840255591054314,-0.15451121383324773,0.10199004975124366,-0.019102420296639666,-0.048068517110269715,-0.07337977488203373,0.0,1.0,-0.0010328444536251702,0.735177790579288,True,Materials,-0.0032293874255727717,0.021195202646815625,1.0,8.799999999999997,1.0,1.0,0.6169632771800855
FCFS,2026-09-28,216.3,218.27,213.27,216.95,309042,47.7,T12,,MARKUP,0.030718462142233924,0.003840459004256891,-0.010309748642853944,-0.09199347089105603,0.5604879024195158,-0.009345383258205664,-0.0032194602202959555,0.07876461552071823,1.0,0.0,0.01205333839510292,0.8497012669162108,True,Consumer Discretionary,-0.021822444654853723,0.02951644284155086,9.0,1.2000000000000028,0.0,1.0,0.61797472911915
GGG,2026-09-24,77.99,78.31,77.09,77.15,1614392,46.1,,Z1,MKDN,0.018138160797792156,0.0073116594855726635,-0.030778894472361706,-0.08481613285883738,0.39355385920271446,-0.005436085940240587,-0.012714084738081333,-0.04142337300071841,0.0,0.0,0.01092750533049025,0.7813547885344799,True,Industrials,0.015532447018560047,0.01942389006342493,10.0,5.300000000000004,1.0,1.0,0.6180466146893332
ATR,2026-09-28,122.89,124.59,122.09,124.45,713332,41.3,T6,,MKDN,0.018851260830716435,0.008508914100486153,-0.06421535453793525,-0.10833273626137419,0.19702602230483315,-0.012138343722385203,-0.025065456687456633,-0.033030337579779134,0.0,0.0,0.011181050190492092,0.9703476552369601,True,Materials,-0.003682651509086532,0.01933000245720362,12.0,7.899999999999999,1.0,1.0,0.6181616156380679
SAIA,2026-09-30,339.05,340.0,331.24,333.74,282320,41.1,,Z3,MKDN,0.03636301103473816,-0.029402355678348147,0.006392859296785458,-0.2414827609718403,0.10299704516673694,-0.0268598209809906,-0.07700175916722762,-0.10809013176372662,0.0,1.0,-0.009335428412977076,0.9625250834417028,True,Industrials,-0.0284982388728785,0.03794240218946321,3.0,-1.6000000000000014,1.0,1.0,0.6184271733053124
RCUS,2026-09-30,26.18,26.35,25.56,25.83,1361917,44.2,,Z5,MARKUP,0.049737593175010246,-0.021220159151193685,-0.13059575900370257,-0.18207726409119696,0.3047158403869407,-0.01960552112340075,-0.05086869539490246,0.057051322030395424,1.0,0.0,0.04418704418704422,0.8697563947421801,True,Healthcare,0.047870182555781016,0.06121610517666376,11.0,-0.29999999999999716,1.0,0.0,0.6187276232077041
UTHR,2026-09-28,473.84,486.98,470.76,485.54,628267,41.7,T6,,MARKUP,0.026762693989178264,-0.015331575745284987,-0.05804524114383269,-0.13865531310981016,0.1749181885358386,-0.019614689032272037,-0.04663874988856087,-0.04006934215914326,1.0,1.0,-0.01685499255780798,0.7151862439950252,True,Healthcare,-0.03413566739606122,0.03533275049576723,2.0,1.3000000000000043,1.0,1.0,0.6190665823961831
NWSA,2026-09-30,28.54,28.96,28.4,28.65,3689789,42.6,T9,,MARKUP,0.02527673160502101,0.01884779516358459,-0.06464250734573951,-0.09507264687302597,0.4394785847299812,-0.0224685506320218,-0.013833741945874722,0.042499016339849316,1.0,1.0,-0.002495543672014322,0.9487715670650064,True,Materials,-0.05101026830076194,0.023945675482487383,2.0,8.5,1.0,0.0,0.619706436866465
JOE,2026-09-25,64.86,65.75,64.43,65.3,176687,49.5,T3,,MARKUP,0.024290605070728888,0.022869674185463484,-0.03843322043881603,-0.0725749183354637,0.5669491525423729,-0.00028177541602836254,-0.00020770698199801263,0.032641379051602026,1.0,0.0,0.011731135066582077,0.8746224374190228,True,Real Estate,-0.008502884907379271,0.03404592240696758,11.0,8.299999999999997,1.0,0.0,0.619998472292186
TRS,2026-09-25,40.0,40.17,39.07,39.15,288270,51.5,,Z4,MARKUP,0.024951434927035367,0.02809873949579833,-0.010864072764022237,-0.10041360294117652,0.4578163771712155,0.006818175745922694,-0.0043734896528853096,0.026713947824603235,1.0,1.0,-0.0007917656373713777,1.0541819366595442,True,Industrials,0.021126760563380254,0.034072900158478525,4.0,10.799999999999997,1.0,0.0,0.6201181602625075
SKY,2026-09-28,86.83,88.07,86.0,86.82,449769,50.9,,Z9,MARKUP,0.03376686460829774,0.003815469996531373,-0.03768565728219908,-0.10114918728646871,0.47781934794227654,0.004920247355387097,0.00911300304815943,0.06128492069690994,1.0,0.0,0.046031351082358896,0.8665279765523792,True,Materials,0.03653295128939815,0.05723331709693125,12.0,0.3999999999999986,1.0,1.0,0.6203620650594274
STGW,2026-09-25,8.31,8.41,8.25,8.32,703843,44.9,T9,,MARKUP,0.03414531162538316,0.024630541871921263,-0.06306306306306309,-0.12879581151832464,0.5305343511450382,-0.021079751679760506,-0.0028597081197975216,0.18100655522480014,1.0,0.0,0.008695652173912771,0.9595874294051258,True,,-0.03255813953488362,0.03354037267080745,5.0,6.100000000000001,1.0,0.0,0.6204210073101983
TXT,2026-09-29,77.25,77.71,76.1,77.63,1955551,36.8,T2,,MKDN,0.022924853754839006,-0.003210066769388842,-0.036370407149950434,-0.20232223592272913,0.09720311783585472,-0.022181303318956402,-0.06262820837033367,-0.10406485193925641,0.0,0.0,-0.029808557111653533,0.995010928007143,True,Industrials,-0.03828047571853321,0.028075751556085216,1.0,5.099999999999998,1.0,1.0,0.620454733245129
HTB,2026-09-30,45.63,45.9,45.17,45.77,267260,39.7,T11,,MARKUP,0.020690470236684425,0.012386640123866366,-0.014427217915589874,-0.12819047619047608,0.11096433289299913,-0.019182295287549334,-0.03480218639206689,0.00010318367890493896,1.0,1.0,-0.0048726467331118295,0.7962116232873137,True,Financials,-0.019914346895074986,0.018695748942799906,4.0,8.500000000000004,1.0,0.0,0.6204593482629109
LBRT,2026-09-28,19.61,19.8,18.59,18.95,4189073,44.3,,Z5,MKDN,0.05297979028006515,0.0053050397877982824,-0.003680336487907443,-0.2800151975683891,0.2960840496657115,-0.021555020954395432,-0.08362642080103555,-0.16033835303154342,0.0,1.0,-0.007262569832402144,1.209884394778608,True,Materials,-0.029697900665642707,0.06640405177265052,3.0,3.799999999999997,1.0,1.0,0.620822238668281
PDM,2026-09-25,9.21,9.27,9.12,9.17,1220987,42.7,,Z6,MARKUP,0.028030622460664772,0.004381161007666945,-0.0556127703398559,-0.09387351778656117,0.30656934306569356,-0.02282572949908257,-0.025023904315588652,0.04782520764856546,1.0,0.0,0.034285714285714475,0.7188250568415293,True,Real Estate,-0.04179728317659359,0.04800000000000004,9.0,2.5,1.0,0.0,0.6211037344895546
PRDO,2026-09-30,30.3,31.08,30.11,30.94,1028093,40.0,T2G,,MKDN,0.03449857651558539,-0.01590330788804073,-0.06214004243710214,-0.16558791801510242,0.24384236453201982,-0.02764317273053951,-0.04551925434322335,-0.062374171740378626,0.0,1.0,-0.0410824910335833,1.087785384468657,True,,-0.07003306281935684,0.052023121387283267,1.0,3.3999999999999986,1.0,1.0,0.6214540803650259
DSGN,2026-09-30,12.7,12.82,12.4,12.57,589520,41.1,,Z3,MARKUP,0.05612674954870515,0.016990291262136026,-0.16974900924702774,-0.2202233250620348,0.25263157894736854,-0.04525700428004342,-0.07141876509981293,0.0629382058131922,1.0,1.0,-0.02392739273927391,0.6595762723977991,True,Healthcare,0.004796163069544335,0.06255283178360105,4.0,4.0,1.0,1.0,0.6215024082900942
CRK,2026-09-24,13.58,13.95,13.3,13.82,3493474,48.3,T2G,,MKDN,0.048235520435948885,0.06965944272445834,-0.04689655172413787,-0.14267990074441694,0.4250000000000001,-0.0068258166813327525,-0.015818199758922513,-0.15827833149628,0.0,1.0,-0.03408210689388069,0.9988551977472707,True,Energy,-0.09019091507570764,0.1082598235765837,3.0,11.5,1.0,1.0,0.6222029934777407
HLNE,2026-09-30,85.87,86.99,84.03,86.86,729412,35.2,T2,,MKDN,0.04006894465141564,0.013535589264877412,-0.15661714729585396,-0.20950127411721875,0.26453674121405757,-0.045987828752541926,-0.0694054075407492,-0.1522451234698351,0.0,1.0,-0.007683995677752464,1.1009745074301938,True,Financials,-0.03360035603026257,0.050937689050211565,4.0,7.300000000000004,1.0,0.0,0.6226879136255786
TGLS,2026-09-30,34.92,35.91,34.58,35.52,331019,39.5,T1G,,MKDN,0.04008782058937618,0.007945516458569779,-0.05832449628844105,-0.26898538793990534,0.1011004126547459,-0.03637370904487325,-0.0976968080269196,-0.23414091030904405,0.0,1.0,-0.03184532271822593,1.0674128483450183,True,Materials,-0.037137435619408965,0.04317180616740113,2.0,5.299999999999997,1.0,1.0,0.623035768464505
KRYS,2026-09-28,347.0,350.0,334.01,337.08,298931,45.0,,Z6,MARKUP,0.034260736206962385,0.009675003744196387,-0.04091504011836333,-0.1178918169209432,0.4706849958876747,-0.02037144637174948,-0.015797556386556222,0.1314858370633072,1.0,0.0,0.006690979233852756,0.864326016237694,True,Healthcare,-0.008675705084845386,0.015943819886072408,9.0,3.700000000000003,0.0,0.0,0.623562147293111
CTS,2026-09-25,60.03,60.88,59.39,59.6,242645,57.0,,Z5,UTAD,0.027341999402142245,0.022298456260720467,0.03346627362580201,-0.12340050007354009,0.35262345679012363,0.02129992715882012,0.0054534658937048786,0.0666279230325677,1.0,0.0,0.052153370888606165,0.9413945588843984,True,Technology,0.030250648228176358,0.06523681858802499,11.0,6.700000000000003,1.0,1.0,0.6238457854736766
MLI,2026-09-28,60.21,61.6,60.0,60.97,1434569,42.6,T2,,ACC-TR,0.026389535624088887,0.017353579175704903,-0.029140127388534998,-0.14271653543307095,0.3892900120336942,-0.006390054149203683,-0.10288183061038281,-0.3400152547918043,0.0,0.0,0.028882739536492563,0.8655846449172396,True,Materials,0.016166666666666663,0.02989864864864855,10.0,7.399999999999999,1.0,1.0,0.6240070564138402
GO,2026-09-30,11.64,11.64,11.06,11.25,3576884,49.8,,Z11,MARKUP,0.042685567076693506,0.008064516129032251,-0.07101568951279924,-0.11207576953433307,0.6377551020408163,-0.0049041990597268326,0.028850104512840202,0.08841301439154692,1.0,1.0,-0.02268602540834841,1.0002397610601264,True,Consumer Staples,-0.01832460732984298,0.04456824512534818,1.0,2.299999999999997,1.0,0.0,0.6246078590979902
HST,2026-09-30,22.27,22.49,22.18,22.39,10196374,49.4,T5,,MARKUP,0.019658354517320002,0.01083521444695279,0.03465804066543443,-0.12913263321664725,0.20952380952380933,0.002459937725691308,-0.012365228007825357,0.04501846647099672,1.0,0.0,0.02092050209205021,0.9398772371064388,True,,0.02895220588235281,0.03132197144173188,10.0,4.600000000000001,0.0,0.0,0.6254246944256896
IBP,2026-09-25,195.86,202.63,192.65,200.23,415776,38.1,T3,,MKDN,0.04845250550445303,0.01315589738400047,-0.16868720418500383,-0.21013806706114402,0.12456861133935883,-0.05460756106921727,-0.0997266556646701,-0.16230108955093803,0.0,1.0,-0.012658876588765855,0.9136046729022855,True,,-0.019825729391032,0.0393459641837528,0.0,9.900000000000002,1.0,0.0,0.6256959664341257
LAMR,2026-09-29,145.03,146.62,143.79,145.96,465932,40.0,T2,,MARKUP,0.01655670789939616,0.00571901054227264,-0.020468424937923557,-0.12246738411591418,0.15512235586893433,-0.009548353256821795,-0.028556699413358366,0.014073628291340512,1.0,1.0,-0.018224492613557963,1.0004066744702653,True,,-0.012582871059396483,0.02629728589509228,3.0,8.600000000000001,1.0,1.0,0.6257620575548418
MANU,2026-09-28,20.29,20.73,20.13,20.46,308726,42.3,T3,,MARKUP,0.034655741745269746,0.002449779519843265,-0.07420814479638016,-0.1631901840490797,0.2611111111111112,-0.015148813141134698,-0.042860351395966334,0.029967375877365754,1.0,1.0,-0.009875259875259723,1.2110209220528465,True,,0.013875123885034757,0.07401574803149602,3.0,2.8999999999999986,1.0,1.0,0.626463689878705
CR,2026-09-30,208.28,208.28,203.93,204.02,353010,48.9,,Z1G,MARKUP,0.025034034663225176,-0.001517153624039591,0.02004899755012257,-0.11488069414316704,0.2632164718976074,0.0004424154065136854,-0.009859599104055539,0.02717551961890252,1.0,0.0,0.03212376644736836,0.8190739912912466,True,Industrials,0.03432192648922694,0.042088058024313035,10.0,-1.7000000000000028,1.0,1.0,0.6269531540966155
MD,2026-09-28,26.23,26.82,25.85,25.93,629320,46.1,,Z9,MARKUP,0.032531346023742934,0.0062087698874659925,-0.025554302893649017,-0.07193987115246958,0.6235955056179773,-0.012286151072693152,-0.005519268981806991,0.1108473443226976,1.0,0.0,0.014694201747418534,0.8274108139145342,True,Healthcare,-0.03641768859160166,0.029785544082605142,6.0,4.200000000000003,1.0,1.0,0.6273026082418505
OMC,2026-09-25,74.5,76.17,73.97,76.15,2895969,37.8,T4,,MARKUP,0.02975915193391869,-0.005485176962256588,-0.1335760609853225,-0.14973202322465384,0.13983322642719734,-0.03849600954028487,-0.05673755636323907,-0.030032000314598517,1.0,1.0,-0.022336769759450092,0.8448258137740787,True,,-0.03619794962662948,0.02947140732729503,0.0,2.5999999999999943,1.0,1.0,0.627409856844904
CSCO,2026-09-30,107.03,108.67,107.02,107.63,17005492,44.7,T1,,MARKUP,0.024014939387733598,0.01127501644273221,-0.01922726444322942,-0.13695774196135035,0.15445544554455407,-0.010001458884238534,-0.02700746062759629,0.07498565399796986,1.0,0.0,0.005262654291455338,1.1066709326707962,True,Technology,-0.0010209764247262054,0.029853602526074052,6.0,3.9000000000000057,0.0,1.0,0.6275353566550841
AMAL,2026-09-25,47.33,47.65,47.04,47.58,170312,47.7,T2G,,MARKUP,0.022106751497029103,0.0037974683544304,-0.021189055749845753,-0.07772824190734651,0.4375876577840107,-0.0036423888004142313,-0.0027637704995755463,0.11964673792062452,1.0,0.0,0.017271534761696516,0.7956366165518957,True,Financials,-0.006058073950282017,0.04022737210319183,7.0,3.8000000000000043,1.0,1.0,0.6275363391149988
LNG,2026-09-25,273.4,274.74,267.94,268.54,1887823,44.0,,Z1G,MARKUP,0.029329682142867994,0.0007453230975629221,-0.04366096866096858,-0.10241326291864428,0.47217915590008647,-0.02241003543271325,-0.007579566295984219,0.06366525789029787,1.0,0.0,0.009494628536843575,0.9637010824431342,True,Utilities,-0.035208737515268984,0.01581177182629756,6.0,1.0,1.0,1.0,0.6276624748346136
MYE,2026-09-25,31.64,31.87,31.23,31.36,323903,48.6,,Z6,MARKUP,0.03191494610757228,0.01226597805035512,-0.05797536797837188,-0.1626168224299066,0.267148014440433,-0.0017971301911948734,0.0031757714048703534,0.20477702026936218,1.0,0.0,0.06863417982155107,0.9297891151759884,True,Materials,0.0449850049983338,0.07618393960192171,8.0,2.6000000000000014,1.0,1.0,0.6277677342834849
ALGT,2026-09-25,78.08,79.94,76.28,79.09,459192,46.9,T2G,,MKDN,0.04718174201608202,0.011898669396110728,-0.0151911343543768,-0.36026854323384283,0.13447337738048976,-0.0029799815370070704,-0.06065772552803339,-0.06797230343560656,0.0,0.0,0.03616461133434945,0.9083946575919715,True,Industrials,0.010476555512968,0.057635731479005026,17.0,4.199999999999996,0.0,1.0,0.6280698692010035
BLCO,2026-09-24,17.02,17.09,16.79,16.8,170721,43.5,,Z2G,MARKUP,0.027718755217682536,0.0017889087656530744,-0.02608695652173909,-0.08992416034669559,0.41134751773049644,-0.02254650245755052,-0.011666333706169207,0.03248615055649173,1.0,1.0,-0.0059880239520956335,0.8002900070461941,True,,-0.042735042735042694,0.012048192771084265,4.0,2.6000000000000014,1.0,1.0,0.6282600384322093
ZYME,2026-09-25,26.86,26.88,26.23,26.52,1094737,47.2,,Z2,MARKUP,0.045287306414174285,-0.0018818216033120727,-0.08583247156153062,-0.15379706445437147,0.5091649694501018,-0.021740270113276394,0.0018952132715970293,0.09712731219324766,1.0,0.0,0.020695040999609615,0.9720600007819821,True,Healthcare,0.010670731707317138,0.02750871755133666,8.0,-0.6999999999999957,0.0,0.0,0.6283695877632067
CMPR,2026-09-28,79.6,81.32,78.89,80.05,183008,34.0,T2,,MARKUP,0.03565267116824276,0.0037617554858933033,-0.10338261648745528,-0.2489209983111278,0.12499999999999976,-0.03555414544832325,-0.08597253857352904,-0.03901571605997811,1.0,1.0,-0.035049981019865784,0.8895663888445953,True,Materials,-0.048722519310754664,0.049698400209808424,2.0,6.600000000000001,1.0,0.0,0.6291067230524865
VMRK,2026-09-25,61.02,61.7,60.55,61.51,4477278,40.8,T4,,SPRING,0.021318367309269268,0.004737014047696775,-0.06091603053435113,,,-0.02953427683987997,,,0.0,1.0,-0.008839417253233006,0.8234094633377196,True,,-0.0614891669209644,0.015854665565648185,0.0,4.899999999999999,1.0,1.0,0.6293360242365014
POET,2026-09-24,7.67,7.82,7.55,7.75,6799361,48.1,T5,,DIST-TR,0.06333364295062671,0.031957390146471365,-0.04084158415841588,-0.23038728897715988,0.387862796833773,-0.01161389008580227,-0.0564212105027575,-0.05353758491245164,1.0,0.0,0.061253561253561406,1.0693498921699989,True,,0.019736842105263275,0.0793871866295266,15.0,2.3999999999999986,0.0,0.0,0.6296108070397745
PLGO,2026-09-28,24.04,24.19,23.84,23.92,439596,43.7,,Z2,MARKUP,0.02149021185267074,0.01056189269117036,-0.02446982055464919,-0.09187547456340162,0.5591985428051004,-0.012770127867285264,-0.014896301801480938,,0.0,1.0,-0.00340136054421758,1.0591045536581936,True,,-0.0401284109149278,0.020477815699658786,3.0,4.800000000000004,1.0,1.0,0.6297172831388481
HPP,2026-09-24,11.68,11.89,11.25,11.71,554044,39.8,T3,,MARKUP,0.059074705620969545,0.009482758620689813,-0.18054583624912512,-0.31918604651162785,0.11165048543689342,-0.047972989661361876,-0.09946023351948297,-0.06760203313263136,1.0,0.0,0.020871143375680523,0.9175437665316081,True,Real Estate,-0.014309764309764272,0.06261343012704179,6.0,4.199999999999996,1.0,0.0,0.6298448956045647
OC,2026-09-25,120.8,125.89,120.0,123.91,632714,38.5,T1,,MARKUP,0.03779397589441935,8.071025020162104e-05,-0.13759743875278407,-0.2249812359269452,0.0980441323971915,-0.043501273537588925,-0.0811636574016813,-0.05183537098898272,1.0,1.0,-0.019127023050514946,0.906305124287837,True,Materials,-0.060576194086429225,0.03258333333333341,0.0,7.800000000000001,1.0,1.0,0.6303031359211871
CTRI,2026-09-29,19.72,20.48,19.72,20.34,2223121,45.6,T4,,MKDN,0.03849611942039454,0.01547678482276571,-0.003429691327780482,-0.28980446927374304,0.1363163371488032,-0.0018580963837536713,-0.08738794533490146,-0.2104496130566461,0.0,0.0,0.036258539148712465,1.0893686088782677,True,Utilities,0.06659674882013622,0.06827731092436973,10.0,4.800000000000004,1.0,1.0,0.6303985001469992
QBTS,2026-09-25,17.45,18.0,17.23,17.41,14521836,48.5,,Z9,MKDN,0.06371073186161663,0.017533606078316888,-0.02737430167597754,-0.29457050243111826,0.1803833145434047,-0.0005430313381997731,-0.0544045453372205,-0.14636299243911777,0.0,0.0,0.04174573055028463,1.132626748267238,True,Technology,0.03630952380952368,0.10120177103099293,7.0,2.3999999999999986,1.0,0.0,0.6319040886998676
FBNC,2026-09-28,63.38,63.65,62.18,63.07,203835,46.5,,Z9,MARKUP,0.020960216275340015,0.005099601593625547,-0.01437724644475702,-0.05555555555555558,0.415748031496063,-0.006721772572986562,-0.007247384261852008,0.06050352511615076,1.0,0.0,0.009105691056910503,0.8353297521915434,True,Financials,-0.02383531960996743,0.025528455284552942,8.0,3.799999999999997,1.0,1.0,0.6319320748550851
SW,2026-09-28,45.67,46.2,44.92,45.07,5268866,46.9,,Z2G,MARKUP,0.032223018123439834,-0.007487337590838972,-0.06668047214744255,-0.13310251971532994,0.36279926335174933,-0.011354973525117162,-0.014721595979504176,0.02883699986331134,1.0,0.0,0.07721822541966428,0.9524829023976162,True,Materials,0.030171428571428516,0.04135859519408491,12.0,-2.3000000000000043,1.0,0.0,0.6322089658168817
NKE,2026-09-28,35.46,36.66,35.41,36.39,34489554,41.0,T2,,MKDN,0.027446195980898175,0.008033240997229907,-0.08106060606060606,-0.19097376611827477,0.11987704918032807,-0.016865531307721504,-0.06834930271899053,-0.23647480206965799,0.0,1.0,-0.00367751060820376,1.1248503396650056,True,Materials,-0.017813765182186136,0.03321976149914829,1.0,4.200000000000003,1.0,0.0,0.6323898457470059
NUE,2026-09-28,245.05,247.52,241.87,244.49,1172311,41.8,,Z2G,MARKUP,0.031575993278926844,0.008622112211221111,-0.023992015968063884,-0.12716432829959656,0.40741973049409425,-0.029552228896481125,-0.02748974432889495,0.11882244217402382,1.0,1.0,-0.0035526913702647045,0.9571203668924686,True,Materials,-0.03982248753092721,0.013598109531113955,4.0,2.299999999999997,1.0,1.0,0.6329458203638446
AMZN,2026-09-30,246.79,252.44,246.08,249.15,41858092,45.2,T1G,,MARKUP,0.02270526706308343,-0.00048140570465760035,-0.02263455201631881,-0.13248607242339827,0.37663826998689404,-0.011925583848774512,-0.017905405578850786,0.021262072526338605,1.0,0.0,0.0017191977077364307,1.0205779458726876,True,Consumer Discretionary,0.012969588550983957,0.018102321019941137,10.0,1.1000000000000014,1.0,1.0,0.6333417088366305
ODC,2026-09-25,92.36,92.99,88.15,88.6,250566,46.5,,Z1,UTAD,0.03186010372829028,-0.0031503150315032036,-0.03190559440559437,-0.17196261682242997,0.18799646954986723,-0.008918507148228838,-0.020201929582016387,0.10795998841610377,1.0,0.0,0.045174294522172254,1.0919867045773097,True,,0.023804021261844,0.05050984111927903,8.0,-1.1000000000000014,1.0,1.0,0.6336766720674264
OTTR,2026-09-25,88.06,89.59,87.43,89.34,202686,49.2,T3,,MARKUP,0.020943032869881608,0.021962937542896466,-0.025523560209424145,-0.0604690293406247,0.4815148782687107,0.000853151217629744,-0.006184982528636529,0.017400251557039725,1.0,0.0,0.006578947368421018,0.8165939577184268,True,Utilities,0.014535543947308716,0.031163434903047182,8.0,10.700000000000003,1.0,0.0,0.6337955359216041
CHD,2026-09-25,95.31,96.78,94.9,96.38,997592,46.9,T4,,MARKUP,0.018089713578414494,0.01720316622691298,-0.05851323629969729,-0.07602339181286555,0.2969858156028363,-0.0018558417373677472,-0.012665936950785217,0.0011066923075386814,1.0,0.0,0.014296463506395796,0.7725514541673022,True,Materials,0.023685608072224973,0.03212679374598415,10.0,9.899999999999999,1.0,1.0,0.633911675037351
LIF,2026-09-25,41.84,41.84,40.85,41.1,338340,41.4,,Z3,ACC-TR,0.047310255120188154,0.03735487127713277,-0.07139629462268404,-0.3731889583651059,0.06281118345461513,-0.03416707339585201,-0.10084463866668347,-0.21364493408979113,0.0,0.0,0.013431322858590944,0.8632195157649545,True,Technology,-0.037019681349578226,0.0415610745058288,5.0,5.5,1.0,1.0,0.6340021359604269
KWR,2026-09-24,157.83,160.26,157.27,159.47,109451,51.0,T2,,MARKUP,0.028689930653255515,0.023884430176565052,-0.0318722680913065,-0.08947128011876204,0.5871970495258167,0.0055820166003854865,0.006751304523797463,0.07830114717383863,1.0,0.0,0.0009212950776518181,1.0503143471916505,True,,0.028838709677419416,0.049420900236904375,7.0,9.100000000000001,1.0,1.0,0.6340657714322308
LSPD,2026-09-24,9.55,9.72,9.46,9.67,1730411,42.6,T4,,MKDN,0.02974417191158013,0.020042194092827037,-0.07816968541468072,-0.12804328223624883,0.2067039106145248,-0.0232847029315002,-0.03860699828401648,-0.04991781136052453,0.0,1.0,-0.010548523206751037,1.218194973955799,True,,-0.009221311475409832,0.030916844349680117,4.0,5.700000000000003,1.0,1.0,0.6347899440942498
SSYS,2026-09-24,7.98,8.06,7.92,8.02,453697,51.8,T5,,MKDN,0.036379905506297425,0.0024999999999999467,0.012626262626262541,-0.13948497854077258,0.31937172774869077,0.013333927679534785,-0.009805693587448983,-0.09023272184171349,0.0,0.0,0.04993252361673406,0.9460274878484807,True,,0.059445178335534976,0.07506702412868638,14.0,0.0,0.0,0.0,0.634801903615749
ALV,2026-09-25,114.67,117.69,113.92,117.52,876446,46.3,T1,,MARKUP,0.023423073899294298,0.004616173704906856,-0.04393101204035155,-0.07391646966115062,0.31930333817126205,-0.009104675980005639,-0.02031812501189234,-0.010975940789191507,1.0,1.0,-0.010756449497157705,1.1286943930591602,True,Industrials,-0.029802691323371544,0.03889674681753874,1.0,4.599999999999994,1.0,1.0,0.634817041905649
ST,2026-09-25,41.22,42.56,41.16,42.19,1139578,47.9,T2G,,MARKUP,0.029217218338628843,0.005721096543503945,-0.007060484819957691,-0.17274509803921578,0.18046511627906955,-0.0007133221981501237,-0.027794578418265603,0.017843803690421822,1.0,0.0,0.009440993788820018,0.9726064770515759,True,,-0.03322639780018344,0.03839527442776269,17.0,3.1999999999999957,0.0,1.0,0.6349493807626765
ADNT,2026-09-25,17.24,17.79,17.18,17.63,897433,43.0,T9,,MKDN,0.0497503224945137,-0.002828054298642524,-0.06372809346787034,-0.2146993318485524,0.15140845070422526,-0.04014362636423063,-0.0780522907021507,-0.13177268977133128,0.0,1.0,-0.03896848137535813,1.0401995178322514,True,Industrials,-0.08367983367983367,0.05128205128205132,1.0,3.5,1.0,0.0,0.6357453652066052
IDA,2026-09-29,128.2,131.31,128.2,131.12,964787,41.0,T4,,MKDN,0.018537692210403637,0.006061536100667508,-0.037015276145710874,-0.15094217444796998,0.17835741980965814,-0.011664690916870057,-0.04245585121467044,-0.05085448082776334,0.0,1.0,-0.03023309485345027,1.112401452221217,True,Utilities,-0.011757612300271392,0.04013961605584648,2.0,12.7,1.0,1.0,0.6366861528095444
KVYO,2026-09-24,16.87,17.07,16.07,16.11,6572342,43.4,,Z4,MKDN,0.0634114492512919,0.01512287334593565,-0.09443507588532885,-0.22955523672883793,0.17098445595854922,-0.05103899643651144,-0.07044324182325157,-0.18854731631630584,0.0,1.0,-0.024516129032258083,1.1327496466644018,True,Technology,-0.001239925604463732,0.06547619047619047,3.0,3.8999999999999986,1.0,1.0,0.6368124745787824
CI,2026-09-29,269.97,276.61,269.01,275.26,1978727,47.9,T4,,MKDN,0.023257149322187393,0.005552714254401847,-0.0029701535786728073,-0.09880827658459934,0.2870304748405382,-0.0031020106335934994,-0.014006918744733143,-0.026453634613805566,0.0,1.0,-0.031541455533524165,1.1682631600958726,True,Financials,-0.047213568708895814,0.043639810426540304,3.0,5.0,1.0,1.0,0.6368608637086992
AIR,2026-09-25,120.7,122.0,115.92,116.11,383440,38.9,,Z4,MARKUP,0.043462340478139,0.02961780615411902,-0.14562178072111853,-0.24603896103896106,0.13175985334555454,-0.050302771339768126,-0.09094359311510347,-0.005493406417623414,1.0,0.0,0.026821312069590375,0.9779773750981393,True,Industrials,-0.07467325470194452,0.05210221094599499,5.0,7.199999999999999,1.0,1.0,0.6373025862509303
ECL,2026-09-29,279.2,280.82,276.72,277.87,1104477,51.2,,Z9,MARKUP,0.018731530658120908,0.005973499384548386,-0.01882062146892649,-0.05912030609826291,0.4838900384274316,0.0035495307997828185,0.003887771397978801,0.017277582977197392,1.0,0.0,0.01982600903558218,0.8627696036580323,True,Materials,0.011908230152949617,0.037486465295150095,6.0,2.1000000000000014,1.0,1.0,0.6377147541214596
TMDX,2026-09-25,83.5,85.69,81.8,85.29,696740,48.1,T3,,MKDN,0.04850239298859381,-0.013075676926637247,-0.07040871934604898,-0.1039083841143097,0.6378615891614793,-0.01368430435421153,0.004593995561453568,-0.10653252574775463,0.0,0.0,0.03243720812823425,0.8587530732585458,True,,0.03784375760525682,0.05845122859270302,10.0,-2.299999999999997,1.0,0.0,0.6377701716052396
INTA,2026-09-30,35.25,36.57,35.21,36.21,496972,44.4,T2G,,MARKUP,0.04226281517567566,-0.00685682940208443,-0.14234959734722874,-0.18317166704263477,0.5673947789025041,-0.026299981623635893,0.0036687301762847735,0.08573878201476348,1.0,1.0,-0.024383328607882282,0.6885124991795197,True,Technology,-0.021351351351351355,0.052310374891020084,1.0,1.3999999999999986,1.0,1.0,0.6383085197204763
AEP,2026-09-29,117.5,119.58,117.26,119.3,2859383,38.9,T6,,MKDN,0.016445308384335867,-0.008065186663340773,-0.025565629339214357,-0.1513728837672501,0.10850439882697953,-0.013338765971446231,-0.0379300353496701,-0.04605505930173981,0.0,1.0,-0.020560590802282674,0.9704728003665745,True,Utilities,-0.010861454274106674,0.02219175734727097,2.0,2.8999999999999986,1.0,1.0,0.6385389631479117
BOX,2026-09-29,31.2,32.77,31.12,32.75,3870458,46.8,T2,,MARKUP,0.03402034109964536,-0.0036507453605110207,-0.08468418110676357,-0.09878921298844257,0.5830429732868755,-0.01468369724712515,0.008981043947302592,0.09925323676805964,1.0,1.0,-0.06107341147439849,0.9220875542310956,True,Technology,-0.05890804597701138,0.0758869908015769,1.0,2.8999999999999986,1.0,0.0,0.6385401514145537
TILE,2026-09-28,35.05,35.55,34.85,35.17,303646,47.0,T11,,MARKUP,0.02867160088451331,0.02716121495327095,-0.08838776568170026,-0.1316049382716049,0.4323748668796594,-0.005246114071667085,-0.0028315708428542363,0.11221056571823573,1.0,0.0,0.02050520059435379,0.639441589302808,True,Consumer Staples,0.021492884112692456,0.045170876671619675,5.0,8.100000000000001,1.0,1.0,0.6389383518708907
B,2026-09-25,42.41,42.95,42.06,42.88,7843848,48.6,T2G,,MARKUP,0.032342255205323134,-0.010385414262635506,-0.09382924767540146,-0.12739112739112735,0.5857048312375911,-0.010195507250933544,0.009558816962891292,0.06947991814284293,1.0,1.0,-0.011222540592168206,0.9500103845625226,True,,-0.01831501831501825,0.035498671818401606,1.0,-1.1999999999999957,1.0,1.0,0.6391807456009406
ON,2026-09-29,77.12,77.45,75.1,75.95,9409379,52.5,,Z11,MKDN,0.04535466628399417,0.03192934782608714,0.025104602510460206,-0.26003507404520654,0.2755157437567862,0.028330821199299416,-0.031633429873406116,-0.03562838073489738,0.0,0.0,0.09103343465045599,0.8798633032592272,True,Technology,0.037568306010928865,0.1542553191489362,9.0,3.700000000000003,1.0,1.0,0.6393622274113542
ACGL,2026-09-29,94.39,95.26,93.85,95.12,3921855,40.0,T4,,MARKUP,0.018838700141885895,0.001790416008425444,-0.03008055470582227,-0.11169219275308173,0.10679611650485488,-0.012934313437904077,-0.023276552536516615,-0.011444620990120447,1.0,1.0,-0.010142630744849557,0.947464646679246,True,Financials,-0.019785655399835123,0.015263101718433258,4.0,2.3999999999999986,1.0,1.0,0.639592593995224
CSV,2026-09-28,31.88,32.01,30.88,31.38,200979,37.6,,Z2G,MKDN,0.030115080650648295,0.016191709844559643,-0.07949545321208573,-0.24802300503235075,0.10929432013769362,-0.03192538180499471,-0.09034121887806446,-0.20794685995651485,0.0,0.0,0.018930587844570024,1.0922758288695777,True,Consumer Discretionary,-0.04445797807551777,0.042178678180006646,5.0,6.600000000000001,1.0,1.0,0.6398059039229902
PFGC,2026-09-28,91.3,92.63,90.86,91.97,1418050,35.7,T2,,MARKUP,0.025227347171704526,-0.004761389460015142,-0.08805156172533457,-0.2170767004341534,0.10589060308555387,-0.02650379649494561,-0.07523443801147167,-0.06935301881137312,1.0,0.0,0.011017425519955104,0.8213047082828632,True,,-0.012773722627737238,0.03395165823496349,9.0,3.3000000000000043,0.0,1.0,0.6403097729786809
FLEX,2026-09-28,112.5,114.37,110.28,113.04,2370014,50.3,T12,,MARKUP,0.04874412961751875,0.01281247200071678,0.022986425339366567,-0.22575342465753423,0.29118279569892486,0.008503449194701362,-0.023845905235556963,0.10085983340265137,1.0,0.0,0.06464547677261612,0.905219370173882,True,Technology,0.04357459379615958,0.06792631081719436,16.0,1.5999999999999943,0.0,1.0,0.6411596377533336
AHR,2026-09-29,52.02,52.45,51.62,52.08,2621479,38.1,T1,,MARKUP,0.020334172453749848,0.007544979686593178,-0.056692628147074875,-0.11277683134582628,0.1041948579161023,-0.019252136446840096,-0.029569507236791637,0.02778099373408427,1.0,1.0,-0.005812826971517082,0.8509781664667685,True,,-0.019024298361273395,0.01500682128240105,4.0,5.600000000000001,1.0,1.0,0.6414150797751798
NDAQ,2026-09-25,94.61,95.17,92.02,93.55,2255032,47.8,,Z2,MARKUP,0.023488438361764168,0.00010690613641206603,-0.058379466532460955,-0.07348717440824004,0.5824423185143498,-0.005891506733389784,-0.0012325838460739424,0.029903341973233966,1.0,0.0,0.04639526950193318,0.965780959123078,True,Financials,0.025880030705121237,0.06379349556515801,7.0,-0.6000000000000014,1.0,1.0,0.64148122449477
COCO,2026-09-28,58.27,58.69,56.93,57.66,756266,47.0,,Z2G,MARKUP,0.04421435210705471,0.0071615720524016435,-0.06562955760816735,-0.2791598949868733,0.2397003745318352,-0.0029127431824893524,-0.05763835341703483,-0.03883611598582548,1.0,0.0,0.12465428684314506,0.6470171506980015,True,Consumer Staples,0.047792113392694846,0.07015590200445421,12.0,1.5,1.0,0.0,0.6418423589040124
UNFI,2026-09-30,45.56,45.69,44.45,44.79,626003,44.8,,Z4,MARKUP,0.036518191564839216,0.02400548696844984,0.0033602150537634934,-0.13616200578592097,0.24491978609625656,-0.017892631076635745,-0.036022300471281965,0.012492339939873975,1.0,0.0,0.03317647058823514,0.9236237844777788,True,,-0.032613390928725616,0.0289455547898001,18.0,5.699999999999996,0.0,0.0,0.6422209377049662
NTLA,2026-09-30,11.96,12.23,11.75,12.06,5318150,48.7,T2,,MKDN,0.05379308443699723,-0.021897810218978075,-0.049645390070921946,-0.2972027972027972,0.27246790299572043,-0.004281061976592837,-0.025796170330735113,-0.04914375703907581,0.0,0.0,0.008007117437722311,1.0134795863463537,True,Healthcare,0.04960835509138373,0.06443071491615182,11.0,-1.6999999999999957,1.0,1.0,0.6423186801255714
NIC,2026-09-25,167.85,169.73,167.85,168.4,172367,47.5,T2G,,MARKUP,0.021280394323199815,0.002261635519581029,-0.017560235692199888,-0.06444444444444442,0.4099694811800612,-0.002935989637558367,0.0014045300594121013,0.09097423599566556,1.0,1.0,-0.0044382295719843645,0.9579735471152928,True,Financials,-0.0115630686153666,0.02839694656488545,1.0,5.200000000000003,1.0,1.0,0.6435008620705113
FDS,2026-09-30,261.99,272.23,258.5,269.95,1490928,44.7,T1,,MARKUP,0.044123942773338115,-0.033926206921232605,-0.11619303300157158,-0.15766974538192724,0.40045087802562873,-0.0265629204918435,-0.021156268230036246,-0.002992130572475604,1.0,1.0,-0.014929456364560112,1.0451673079112536,True,Technology,-0.023371079193951094,0.07101765522713732,1.0,-2.8999999999999986,1.0,1.0,0.6435625448861899
TRNO,2026-09-28,66.04,66.83,65.83,66.57,922919,49.7,T4,,MARKUP,0.01543247451923276,0.0028623079240734928,-0.00030034539720691367,-0.15670129212059802,0.15678254942058603,0.003476775427669443,-0.0085877214136727,0.021024068977708144,1.0,0.0,0.021938696125719748,1.0223791202212544,True,Real Estate,0.02195271722443959,0.0357865255951455,9.0,2.8000000000000043,1.0,1.0,0.6436237416094712
YSWY,2026-09-30,19.93,20.36,19.65,20.16,499310,37.6,T2,,MARKUP,0.050044045205884895,0.03014818599897806,-0.1707116412998766,-0.23462414578587698,0.1671159029649594,-0.05035365003297243,-0.08202163750974567,,0.0,1.0,-0.02018633540372672,1.0547640756105745,True,Consumer Staples,-0.07267709291628333,0.06497622820919169,2.0,8.100000000000001,1.0,1.0,0.6440247587157156
DLO,2026-09-25,13.97,14.18,13.84,14.08,980078,41.9,T1,,MARKUP,0.03175756615570249,-0.009148486980999349,-0.07001321003963012,-0.12817337461300304,0.1945525291828795,-0.027917310738939327,-0.025668089890870882,0.03265442702440491,1.0,0.0,-0.029681978798586584,0.9458506791582795,True,,-0.05248990578734858,0.02549162418062645,1.0,0.0,0.0,1.0,0.6442675027888242
DLX,2026-09-28,24.19,24.2,23.6,23.88,490262,49.3,,Z2G,MARKUP,0.0264863033131151,0.018336886993603363,0.010152284263959421,-0.14714285714285713,0.2270168855534705,0.00022830348870606088,-0.012837456212952292,-0.005811769797045008,1.0,0.0,0.03440670489633857,0.874463793896227,True,Materials,0.003783102143757766,0.03645833333333326,18.0,4.5,0.0,1.0,0.6443896884181912
STLD,2026-09-28,229.99,233.03,227.1,230.39,1010654,42.3,T5,,MARKUP,0.033213759503195175,0.0017392060524370478,-0.018196539674422585,-0.15719198127012013,0.22352728586917195,-0.02715942361171375,-0.039310655966393604,0.05899242223181567,1.0,1.0,-0.0018021185881939017,0.7395520367196676,True,Materials,-0.017652325928452672,0.014487010127697042,0.0,0.6999999999999957,1.0,0.0,0.6445843698865034
TFX,2026-09-30,126.08,127.06,124.36,125.04,644719,40.6,,Z2G,MARKUP,0.03219919641875037,0.02702258726899398,-0.10990888382687913,-0.1376551724137931,0.2521543649306858,-0.024113409875400116,-0.046072468228736896,-0.01595554828568513,1.0,1.0,-0.023119478160350093,1.1714305528799847,True,,-0.02312499999999995,0.05688445608993331,3.0,14.8,1.0,1.0,0.6446639053877653
KEX,2026-09-30,132.32,132.32,129.99,131.25,461073,38.4,,Z3,MARKUP,0.024885690858675417,0.009304829283297567,-0.0688187300461156,-0.1337777191129884,0.1518828451882843,-0.025858956069937822,-0.04163062219877833,-0.009343418706630024,1.0,1.0,-0.017703201970443172,1.0888930481103625,True,Industrials,-0.041551044252957525,0.028443817583450937,2.0,7.0,1.0,1.0,0.6448512346586366
CL,2026-09-28,85.65,86.61,85.3,86.52,4485641,41.4,T2,,MARKUP,0.018149488324259038,0.0030141432877346386,-0.04661157024793394,-0.09884387043016363,0.13412408759124067,-0.012845211884570773,-0.029568646834898904,-0.022832820968287093,1.0,1.0,-0.011391375101708734,0.9762947561616362,True,Materials,-0.015587666401183364,0.01728395061728394,1.0,6.0,1.0,0.0,0.645043048182334
ACM,2026-09-25,58.44,61.89,58.44,60.89,3563588,40.8,T3,,MKDN,0.036791969814997674,-0.01774479754799163,-0.08076690821256027,-0.2076772934287573,0.13402061855670103,-0.03873452523271326,-0.07805364132789816,-0.24099816838970356,0.0,0.0,-0.05423344665695329,0.819640094339422,True,Industrials,-0.041555170785455675,0.04228004108182137,1.0,1.7999999999999972,0.0,0.0,0.6451864724521953
CSX,2026-09-29,46.46,47.03,46.39,46.93,8028303,37.2,T6,,MARKUP,0.019277011601831383,0.0072977033698218285,-0.07087705404870315,-0.12444029850746274,0.14596670934699107,-0.02063348087696293,-0.03525704960600318,0.04784210478207429,1.0,0.0,0.010264249836208661,0.8588106076772749,True,Industrials,-0.03555281545417177,0.024896265560165887,6.0,5.400000000000002,1.0,1.0,0.6454557473943627
SIBN,2026-09-28,18.59,18.82,18.4,18.76,461560,53.2,T2,,MARKUP,0.03287485351013807,0.01680216802168033,-0.02342529932326909,-0.07586206896551717,0.6188118811881189,0.008333591734036805,0.027847993797801784,0.11211497881937715,1.0,0.0,0.017957351290684542,0.9554187154588629,True,,0.0032085561497328108,0.052749719416386176,6.0,4.800000000000004,1.0,0.0,0.6456109925464381
MLR,2026-09-25,53.94,54.52,53.6,54.04,91151,46.0,T9,,MARKUP,0.030017755379357407,0.0027834477639636646,-0.06553691855438348,-0.09480737018425467,0.5625965996908808,-0.010829067246834634,0.004195736085991886,0.10629702763030968,1.0,0.0,0.010642341315089343,0.8678017002890099,True,Industrials,-0.012426900584795342,0.02698593690611939,9.0,1.3999999999999986,1.0,0.0,0.6458026648832156
PRGS,2026-09-30,39.44,40.59,39.1,39.97,1188334,43.7,T2,,MARKUP,0.04245972848270059,-0.02583475505727517,-0.11609907120743035,-0.13783433994823124,0.38201160541586043,-0.02562302599235433,-0.019291112543616817,0.017223244253748327,1.0,1.0,-0.04937958976956203,1.0615706440698354,True,Technology,-0.044922341696535306,0.06473095364944048,2.0,-2.5,1.0,1.0,0.6459945379933966
TECK,2026-09-24,66.24,66.53,64.19,66.51,3949944,49.7,T5,,MARKUP,0.036359682162188246,0.019779208831646855,-0.06482002249718788,-0.08337927232635056,0.6802325581395351,-0.004801188072211415,0.016070600981221927,0.14656623525600265,1.0,0.0,0.01711297734115025,0.9640919172809537,True,,0.009256449165402136,0.05387418792584375,6.0,3.4000000000000057,0.0,1.0,0.646177174157154
CTAS,2026-09-30,198.24,198.24,194.82,195.06,1632245,43.1,,Z2,MARKUP,0.020652286737696205,0.016096265041412705,-0.02756867241637173,-0.1099653221390765,0.4378353160718453,-0.018291448156690038,-0.013248938033624702,0.01270524441674481,1.0,1.0,-0.0010455329604265318,1.077084337920091,True,Consumer Discretionary,-0.022059560814198353,0.020775550787587083,4.0,8.0,1.0,0.0,0.6464107252639921
SA,2026-09-25,30.08,30.62,29.77,30.3,269721,47.5,T9,,MARKUP,0.052668549212886176,-0.02100161550888524,-0.1103934233705226,-0.1372437357630979,0.5783027121609801,-0.020985609489203583,-0.004824517961948271,0.05946370494917241,1.0,0.0,0.034859154929577585,0.8063906052457518,True,,-0.022895840051596283,0.06690140845070425,7.0,-2.799999999999997,1.0,0.0,0.6465239111637449
VMI,2026-09-28,465.26,470.1,458.36,467.84,247884,42.1,T2,,MARKUP,0.024723702023594463,-0.0027922839177235703,-0.017720668514319304,-0.17849303763016033,0.11137337179823371,-0.01239780780625832,-0.0355256106660603,-0.010894367448601394,1.0,1.0,-0.007814360239842388,1.0561504048287318,True,Industrials,-0.009233375688267764,0.020682433022078728,0.0,0.7000000000000028,1.0,0.0,0.6468475019660003
FER,2026-09-25,55.74,55.87,55.28,55.83,1540725,38.6,T1G,,MKDN,0.017801036721090353,0.014353197674418672,-0.05002552322613585,-0.1915725456125109,0.1267326732673268,-0.018410015337153918,-0.06948885181033893,-0.11972276965078532,0.0,0.0,0.019662400296790894,1.0838916409229788,True,,-0.0056990204808549105,0.035614913745130705,9.0,8.8,0.0,1.0,0.6469802999514872
GPGI,2026-09-30,11.82,12.08,11.64,11.87,2579636,40.8,T2G,,MKDN,0.05550000043643814,-0.014119601328903664,-0.0932009167303286,-0.24825839138695383,0.1533477321814253,-0.043920690624948966,-0.0947967207061019,,0.0,1.0,-0.044520547945205435,1.0816376726243335,True,Financials,-0.004194630872483285,0.06362007168458783,2.0,0.19999999999999574,1.0,1.0,0.6469878439111135
IIIV,2026-09-24,15.13,15.19,14.63,15.13,499345,38.2,,Z7,MKDN,0.04766139902513003,0.0053156146179402786,-0.10842663523865637,-0.33930131004366804,0.10996563573883172,-0.03295774400612017,-0.11586349137214669,-0.2723265111341715,0.0,0.0,0.007057163020465662,0.9130573548489478,True,Technology,-0.025128865979381354,0.06774876499647142,5.0,3.700000000000003,1.0,1.0,0.6475096692321706
UTL,2026-09-29,50.17,51.15,49.92,50.99,187858,36.9,T3,,MARKUP,0.023058699716279295,-0.012587141750580955,-0.04762794172581242,-0.10950052392595178,0.29312288613303294,-0.02079720564480647,-0.03344760875852171,-0.019522131197360792,1.0,0.0,-0.056541236108403226,1.034341834444322,True,Utilities,-0.021868405908306188,0.053730109526761716,4.0,1.2999999999999972,1.0,0.0,0.6480806452289101
COF,2026-09-25,197.08,201.69,195.4,200.2,3902215,39.0,T2G,,MARKUP,0.02459743177410815,-0.011016153732154366,-0.07601421516592055,-0.12246865959498554,0.2399347116430902,-0.028309472726424256,-0.03845861046026455,-0.02664164035097827,1.0,0.0,-0.03280407429598564,1.0217718653231789,True,Financials,-0.0388862217954874,0.03350369108461093,1.0,3.299999999999997,0.0,1.0,0.6482634612862231
ONB,2026-09-25,25.21,25.57,25.19,25.49,4368660,48.2,T2G,,MARKUP,0.018164074696477513,0.008705975464978088,-0.013926499032882123,-0.06834795321637432,0.29962546816479313,5.732142254744055e-05,-0.007915869191561287,0.04124138572828384,1.0,1.0,-0.004836759371221189,1.0497384213708414,True,Financials,-0.006625097427903404,0.032401782098015364,1.0,8.600000000000001,1.0,1.0,0.6483404616354347
AIT,2026-09-25,331.79,334.35,330.81,333.39,172469,54.6,T4,,MARKUP,0.022798618427381255,0.03588739746457881,-0.014775850350187691,-0.11048559231590183,0.36056207535515705,0.017414556967495498,0.008720140078646521,0.08730908075996568,1.0,0.0,0.007013610888710886,0.7949690184188362,True,,0.02968064735314102,0.06770216172938337,7.0,11.399999999999999,1.0,1.0,0.6486998585374117
CDP,2026-09-29,33.64,34.4,33.57,34.28,1638333,38.8,T4,,MARKUP,0.020389281426129592,-0.0017472335468842193,-0.0477777777777777,-0.11876606683804625,0.17939609236234438,-0.013694273919332978,-0.03209681632853567,0.022819618819624132,1.0,0.0,0.007213706041478751,0.9995196413158334,True,,-0.009248554913294793,0.022978215458072215,1.0,6.699999999999996,0.0,1.0,0.648716771054172
PRU,2026-09-25,119.17,119.58,117.69,119.45,1023413,51.0,T2G,,MARKUP,0.01970246172494954,0.008868243243243201,-0.007643100440309025,-0.06475101785155024,0.5050867743865949,0.0033734117846013767,0.010080794359871748,0.07780290418373337,1.0,0.0,0.008325383748157167,0.8484602569455464,True,Financials,0.0017611539751762884,0.03590321741392777,7.0,4.600000000000001,1.0,1.0,0.648771190292665
RLAY,2026-09-30,18.39,18.72,17.93,18.05,2782511,44.5,,Z3,MARKUP,0.05014892665942754,0.0011092623405435376,-0.023796646836127477,-0.15138692994828395,0.23696682464454982,-0.025505103885972824,-0.028466171503632842,0.2363943598130085,1.0,1.0,-0.009872241579558572,0.824815396761354,True,Healthcare,-0.04193205944798295,0.058651026392961825,2.0,2.799999999999997,1.0,0.0,0.6489615474729984
AROC,2026-09-24,30.97,30.99,29.93,30.68,1234647,40.3,,Z3,MARKUP,0.035316010347645733,-0.017296604740550947,-0.031259867382380846,-0.2460063897763578,0.07571560480147742,-0.02933991581923112,-0.07173786107477909,-0.06924733535223082,1.0,0.0,0.0023442732752847473,0.9594222282949354,True,Utilities,-0.05191594561186652,0.027461486939048818,7.0,-0.9000000000000057,1.0,1.0,0.648992812285885
FOXF,2026-09-28,18.75,19.23,17.84,18.74,943919,41.6,,Z11,MKDN,0.04262135611992774,0.01461829994585817,-0.08852140077821014,-0.15165233137166145,0.4341216216216212,-0.03119891380571016,-0.03648961150931518,-0.029089220218812217,1.0,1.0,-0.03358613217768147,1.1929616570878998,True,Industrials,-0.043389484430832126,0.05044843049327352,0.0,4.700000000000003,1.0,0.0,0.6491665292663881
EWBC,2026-09-25,126.5,127.66,125.76,127.23,545506,46.4,T2G,,MARKUP,0.018900534460822065,0.0024424834541443285,-0.018665638256845418,-0.07448897941369026,0.23467862481315407,-0.004599913612493678,-0.012803253576579077,0.04521922160255398,1.0,1.0,-0.0012073406310366686,0.7496715203766606,True,Financials,-0.015018967252457882,0.025304214682891457,1.0,5.0,1.0,1.0,0.6492599576925012
AURA,2026-09-30,6.21,6.36,6.12,6.28,677458,37.5,T2G,,MARKUP,0.04940500020713614,0.04318936877076429,-0.15477792732166884,-0.24970131421744313,0.13636363636363644,-0.04996175046311668,-0.09669041943995782,-0.07648465337782917,1.0,1.0,-0.0050167224080267525,0.8930893485439722,True,Healthcare,-0.06686478454680533,0.055462184873949605,4.0,11.5,1.0,1.0,0.6501105663222505
ASB,2026-09-25,29.22,29.56,29.18,29.37,2168109,41.1,T2G,,MARKUP,0.018902939609963126,-0.009777478084962876,-0.046428571428571375,-0.09519408502772642,0.19948186528497402,-0.017196415541667398,-0.02822243613148956,0.026468271847959857,1.0,1.0,-0.01886792452830177,0.8632616819436173,True,Financials,-0.02230359520639147,0.026923076923076827,1.0,2.3999999999999986,1.0,1.0,0.6502154938365609
NU,2026-09-25,13.56,13.68,13.44,13.59,52838139,40.0,T4,,MKDN,0.036804032451507845,-0.00439560439560438,-0.08669354838709686,-0.1621454993834771,0.15974440894568695,-0.04258833065295442,-0.044442028973933456,-0.050390834759677317,0.0,1.0,-0.015463917525773252,0.8314026122664636,True,,-0.07045143638850881,0.01645474943904257,1.0,1.5,1.0,1.0,0.651356803528678
SMP,2026-09-25,37.44,37.85,36.87,37.69,99039,47.5,T1,,MARKUP,0.02990215337883396,0.025020397062822886,0.016176867080075263,-0.09702922855773843,0.26229508196721263,-0.005125948977632078,-0.014913880802149504,-0.009113706742973848,1.0,0.0,0.007172413793103294,0.5683467221580701,True,Industrials,-0.009461235216819963,0.03772026431718056,5.0,7.600000000000001,0.0,1.0,0.651926469933589
NGVT,2026-09-29,73.18,73.18,70.82,71.06,260200,51.9,,Z4,MARKUP,0.028934680236445406,-0.0029465413217341085,0.025544811661134315,-0.10107526881720419,0.36687797147385093,0.007576390290354507,-0.0005404507318189644,0.04396664084809854,1.0,0.0,0.04997741984043347,0.8654892199629912,True,Materials,0.04746462264150941,0.06969742586180927,7.0,-3.3000000000000043,1.0,1.0,0.6520335938876886
EPAM,2026-09-30,107.44,110.14,106.03,108.36,1044080,44.9,T2G,,MKDN,0.04325988975763434,-0.015446120298019284,-0.06859205776173294,-0.14339920948616602,0.5953602498327013,-0.02726520295877244,-0.0007901242705167233,-0.11943441917448616,0.0,1.0,-0.025590735033155787,0.9814920770583493,True,Technology,-0.0751898950243236,0.0386274321863318,2.0,-1.1000000000000014,1.0,1.0,0.6520641469934895
HASI,2026-09-25,36.39,36.8,35.98,36.44,2300118,37.7,T2G,,MARKUP,0.026333576233879392,-0.007895453307922629,-0.09510802085920056,-0.15354239256678281,0.10554803788903938,-0.030688476715812985,-0.05266252519918169,-0.016336188295128395,1.0,1.0,-0.009169213670464194,0.9644242316613727,True,,-0.024886272411024923,0.02187324733595064,1.0,1.2000000000000028,1.0,1.0,0.6522911458797134
JEF,2026-09-25,46.48,47.73,45.97,47.68,1922679,36.0,T1G,,MKDN,0.03667949281245461,-0.004592901878914368,-0.0976532929598789,-0.17565698478561553,0.2031372549019605,-0.0444916483848119,-0.08240697655154694,-0.09974208967209985,0.0,1.0,-0.03302594895989708,0.9137023863588616,True,Financials,-0.08237105465742878,0.05744067420714116,1.0,4.800000000000001,1.0,1.0,0.6523255274622076
INVA,2026-09-30,21.11,21.45,21.06,21.21,1100218,53.3,T4,,MKDN,0.023633382806544884,0.047924901185770974,0.006166982922201303,-0.06687197536295642,0.3992094861660083,0.010475982240932824,0.0008801967475700057,-0.011194559027389084,0.0,0.0,0.0024715768660406034,0.8590120375216393,True,Healthcare,0.0004716981132075748,0.04844290657439454,5.0,17.199999999999996,1.0,1.0,0.6526504770312639
LULU,2026-09-24,102.33,102.97,99.3,101.64,3972676,42.3,,Z2,MKDN,0.04399761830717669,0.02263809236341685,-0.1264288783841856,-0.21123700139686485,0.1877051626380186,-0.03281295363532488,-0.09188074490846898,-0.29337529482715663,0.0,0.0,0.01877294179339284,0.6463539053543086,True,Consumer Discretionary,0.04913294797687873,0.06596748820136344,5.0,4.699999999999996,1.0,1.0,0.6526789555519867
SBRA,2026-09-25,19.75,19.89,19.59,19.85,2303233,39.5,T4,,MARKUP,0.019866559920700157,0.005572441742654588,-0.041062801932367,-0.1282389108476064,0.1360946745562133,-0.017683519040188056,-0.024595614224771634,-0.0018111985658338936,1.0,1.0,-0.00507872016251909,0.964313573849507,True,,-0.032651072124756264,0.013272077590607445,0.0,5.100000000000001,1.0,1.0,0.6532231895285516
GWW,2026-09-24,1271.62,1296.34,1269.45,1279.47,229696,46.2,T2G,,MARKUP,0.01973012450254187,0.013353291990400917,-0.04187540718441807,-0.09890767724714955,0.17051562223141037,-0.003611464988409918,-0.014950783592177719,0.04894527468699761,1.0,0.0,0.0011994242763473384,1.1046899708941498,True,,0.006276101267017387,0.023084919238765433,5.0,7.200000000000003,1.0,1.0,0.6540324674022954
GOOGL,2026-09-30,344.15,352.6,340.99,344.08,37249953,50.1,,Z11,MARKUP,0.024577091800555777,0.01850042920995776,0.027043161602292365,-0.10507698709945912,0.4193733831560792,0.0011974265435392706,-0.004610228032316144,0.04622026705192006,1.0,0.0,0.025263928723988416,0.9240243089824391,True,Technology,0.0035290343278793213,0.023986667460270228,14.0,5.0,0.0,0.0,0.6544375494183833
SLB,2026-09-28,52.29,52.29,50.88,51.49,13940289,41.0,,Z3,MARKUP,0.03339336851696021,-0.005216383307573347,-0.10186638758067323,-0.14836255375454843,0.4290260980267347,-0.030639249097550447,-0.027129788330878424,0.043784719378590964,1.0,0.0,0.008123637804636541,0.7499443079529333,True,Materials,-0.03432108027006753,0.020210025757876116,5.0,-0.5,1.0,0.0,0.654609874330401
GPC,2026-09-25,129.3,131.09,128.34,129.61,537879,44.9,T2G,,MARKUP,0.024837490547889307,0.011945658963148142,-0.0518653986832478,-0.0734863106726712,0.6617308325106951,-0.013643417269800673,0.0011050399720982096,0.05545575149801141,1.0,1.0,-0.010503213669854183,0.7904431271144188,True,,-0.030445840813883795,0.026695183776932918,4.0,6.600000000000001,1.0,1.0,0.6549937743270874
CSWC,2026-09-29,23.12,23.37,23.03,23.32,514447,38.9,T2G,,MARKUP,0.017631941326534985,-0.0008568980291344674,-0.08799374266718807,-0.0943689320388349,0.18456375838926195,-0.017681840931388915,-0.02914932952893501,-0.0013319742592865502,1.0,1.0,-0.020645161290322567,0.8177959079609918,True,,-0.02304147465437789,0.024154589371980784,1.0,5.600000000000001,1.0,1.0,0.6551688110188971
XMAX,2026-09-28,8.7,8.78,8.62,8.76,935834,50.0,T4,,MARKUP,0.02212579637222686,0.0057405281285876075,-0.01903695408734607,-0.06808510638297882,0.4336283185840707,0.0005835335284738452,0.0025350445999703375,,0.0,0.0,0.02375296912114,0.950887430078756,True,Materials,-0.007927519818799578,0.016241299303944468,13.0,2.1000000000000014,1.0,1.0,0.6557518938680872
SPGI,2026-09-24,406.22,409.89,400.61,403.25,1475375,39.9,,Z9,MKDN,0.025318675997734175,-0.002128133429016854,-0.07615294737565581,-0.1272022856153413,0.09612426945555216,-0.027760641498580263,-0.040646420094632485,-0.08656701653127352,0.0,0.0,-0.007605033690051499,0.8991984905493707,True,,-0.017469908873836593,0.006589950325753158,0.0,0.8999999999999986,1.0,0.0,0.6562115950682191
KFRC,2026-09-30,51.91,52.61,50.93,52.46,242903,45.8,T2G,,MARKUP,0.03380697562407132,0.007489917418859182,-0.04427035889961739,-0.14948119325551235,0.23421926910299007,-0.003666886759714827,-0.016026090305845786,0.15676179993732942,1.0,0.0,0.00040290088638195165,0.7412300122955171,True,,0.00517340486683282,0.05638340716874768,15.0,5.599999999999994,0.0,1.0,0.6570066734137344
UMH,2026-09-30,15.56,15.56,15.38,15.4,538256,40.5,,Z6,MARKUP,0.017459163252000927,0.0,-0.0493827160493826,-0.08169350029815137,0.2080924855491336,-0.01681735032407672,-0.021635814080680715,-0.012063856839119702,1.0,1.0,-0.013003901170351218,0.8679641281852959,True,,-0.011553273427471145,0.01449275362318847,3.0,2.3999999999999986,1.0,1.0,0.6573182980677229
DMC,2026-09-25,30.55,30.73,30.18,30.71,224162,45.5,T9,,MARKUP,0.02546505166454838,0.01086240947992101,-0.021662949984071367,-0.07108287961282522,0.5788530465949819,-0.014894003437744496,3.650030116109093e-05,,0.0,1.0,-0.005942555298778518,0.7055493496688383,True,,-0.020102105934907466,0.01992693457323158,1.0,4.700000000000003,1.0,0.0,0.6576629972038995
GOOG,2026-09-30,340.65,349.06,337.72,340.74,24193011,50.0,T1G,,MARKUP,0.024121323522309862,0.01719505642127883,0.026232569346143597,-0.10756659071265806,0.3862821279139273,0.0011775205403892208,-0.006061315124654021,0.04139622813903787,1.0,0.0,0.022049565457728182,0.9464801106570473,True,Technology,0.004066478076379054,0.023827409032180613,15.0,5.100000000000001,0.0,1.0,0.6581919748826183
PKE,2026-09-30,29.83,29.86,29.16,29.69,232282,37.0,,Z11,MARKUP,0.03765749552212192,0.004737732656514337,-0.06311139160618495,-0.2519526329050138,0.06976744186046514,-0.03510412679990116,-0.07948680087584326,-0.009534304269744664,1.0,1.0,-0.002068965517241339,0.7799679397356709,True,Industrials,-0.0517406579367613,0.02591568762957852,4.0,3.0,1.0,0.0,0.6583776518352331
ITIC,2026-09-28,284.82,290.03,284.38,289.47,52738,46.3,T6,,MARKUP,0.02636132454583213,0.0038841685451707075,-0.032972539587091454,-0.06486835729284435,0.4992518703241902,-0.011413100860335201,0.003071819606141446,0.09418525091899932,1.0,1.0,-0.0003189227498227032,0.8930507067698542,True,Financials,-0.043200899054670394,0.02608911417532167,1.0,2.6999999999999957,1.0,1.0,0.658519357575492
DPC,2026-09-24,41.37,42.09,40.53,41.34,1352643,45.3,,Z9,MKDN,0.06965037154882758,0.023267326732673288,-0.07516778523489931,-0.27790393013100434,0.1882653061224492,-0.01918683297431012,-0.0685905343078923,,0.0,0.0,0.04249667994687911,0.9695871960731903,True,,-0.02545968882602545,0.0709844559585493,17.0,3.5,0.0,1.0,0.6589478340908314
SJM,2026-09-28,120.79,123.09,119.97,120.63,986924,43.7,,Z2G,MARKUP,0.02343480217032735,0.006256256256256254,-0.08848420734471818,-0.11229671057472945,0.46343178621659636,-0.016740747081181007,-0.003128916462859732,0.07624370472772846,1.0,0.0,0.00443997654352013,0.7943479782054482,True,Consumer Staples,-0.0055234954657873425,0.010555415933651613,5.0,2.8000000000000043,1.0,0.0,0.6593073758429921
RGTI,2026-09-30,15.86,16.53,15.7,15.74,14031887,47.6,,Z10,MKDN,0.06047106726724347,-0.016249999999999987,0.050033355570380245,-0.18698347107438018,0.4189406099518459,-0.013013553528635091,-0.037454054603521914,-0.1380585451417492,0.0,0.0,0.08258154059680778,0.9061791632093047,True,Technology,0.06423258958755929,0.04307488402915838,10.0,-2.6000000000000014,1.0,0.0,0.6593744149781215
JOBY,2026-09-25,6.35,6.4,6.23,6.32,20227133,39.8,,Z5,ACC-TR,0.04700885667047472,0.03267973856209161,-0.1160839160839161,-0.3297985153764581,0.11142857142857159,-0.033451839614416445,-0.11907627819298783,-0.3184381309710973,0.0,0.0,0.02866779089376048,0.8529762310417989,True,Industrials,-0.010954616588419341,0.06576728499156848,7.0,7.799999999999997,1.0,0.0,0.6601080533183193
WDC,2026-09-25,455.24,461.98,447.69,456.81,5937794,49.6,T9,,MARKUP,0.06042547329769247,0.03500543773790099,-0.011233766233766262,-0.2504799251808949,0.245564615764764,0.006922541182727393,-0.03233644556325099,0.1435207146867301,1.0,0.0,0.07388484967577114,1.0590936450576711,True,Technology,0.02153495236817382,0.12205246610336018,8.0,3.8000000000000043,1.0,0.0,0.6602551127353858
CHE,2026-09-25,503.12,514.51,498.79,512.16,233287,49.4,T1G,,MARKUP,0.026721052769934323,0.016069515533865042,-0.015588060045745533,-0.08050269299820467,0.46985102861196454,0.0022321071262934034,0.005082371284527598,0.07812334115250019,1.0,1.0,-0.012745117716717269,1.0903133336228867,True,Healthcare,-0.007384150241293241,0.041229568187362675,1.0,12.0,1.0,1.0,0.6603536667599152
FBIN,2026-09-25,38.05,39.62,37.93,39.38,1950902,38.0,T1,,MKDN,0.03769828891819273,-0.0005076142131978933,-0.1308761862723461,-0.27796112944627793,0.0986920332936982,-0.0413860288888358,-0.0967607543000425,-0.14543384866411557,0.0,1.0,-0.030334190231362412,1.0891827418160545,True,Materials,-0.03314510189049824,0.0440084835630965,1.0,6.699999999999999,1.0,1.0,0.6603692673741037
HSIC,2026-09-28,85.88,86.78,85.37,85.99,984291,44.8,T10,,MARKUP,0.020901579119941508,0.009272300469483463,-0.03943252904378913,-0.06715122586244315,0.3709349593495925,-0.011824995306324304,-0.008878029601581905,0.0646925480151328,1.0,0.0,0.002733214497920189,1.0216991992595883,True,Healthcare,-0.03305970988417872,0.021865715983362843,7.0,7.099999999999994,1.0,0.0,0.660766273758061
AGYS,2026-09-25,99.7,101.19,98.35,99.64,157259,36.9,,Z2,MARKUP,0.04024103474121984,-0.004893638270248579,-0.17311203319502078,-0.18052471420347072,0.18249534450651783,-0.05021235899892007,-0.05454079521138866,0.008671138650180099,1.0,0.0,-0.032707936189425135,0.8886915049614228,True,Technology,-0.04641592496889646,0.03350274867752323,3.0,0.19999999999999574,1.0,0.0,0.6613829549973981
FIGS,2026-09-25,12.58,13.45,12.51,13.42,4450025,50.5,T2G,,MARKUP,0.051591917001805765,0.027565084226646164,-0.11125827814569533,-0.18070818070818062,0.5894590846047157,0.005776460991787635,0.0218263714539344,0.12108435193218248,1.0,1.0,-0.06269841269841259,0.9879120629971186,True,Consumer Discretionary,0.005243445692883819,0.13632514817950891,1.0,6.399999999999999,1.0,1.0,0.6617172628736446
DOLE,2026-09-28,12.96,13.08,12.92,12.98,774053,38.6,T10,,MKDN,0.020727129544937762,-0.0015384615384614886,-0.05805515239477499,-0.12119160460392686,0.11822660098522182,-0.020545675038807554,-0.04101339099317025,-0.07981184627100035,0.0,1.0,-0.01619121048573635,0.7541961038107986,True,,-0.01963746223564955,0.017241379310344973,1.0,3.700000000000003,1.0,0.0,0.6618252557338499
SLVM,2026-09-25,36.31,36.42,35.9,35.96,239800,47.6,,Z10,MKDN,0.031319997047640755,0.010964295754849696,-0.01748633879781425,-0.14074074074074072,0.22500000000000006,-0.005008415373208508,-0.02688484415755754,-0.1196540559451228,0.0,0.0,0.03182481751824828,1.087446586852025,True,Materials,0.018985548313970035,0.04201680672268915,17.0,2.3000000000000043,0.0,0.0,0.6623398070065863
FCX,2026-09-24,71.55,72.73,71.0,72.08,9141453,50.9,T5,,MARKUP,0.03893996404658953,0.017360621030345857,-0.08759493670886076,-0.10169491525423724,0.6633663366336634,-0.00037217446674420174,0.02820526216219532,0.1565048811675418,1.0,0.0,0.051783315922996564,0.8429619501566499,True,Materials,0.012217385198708186,0.07566034920161169,8.0,2.1999999999999957,0.0,1.0,0.6623451474893971
MNRO,2026-09-28,13.5,13.74,13.15,13.4,1168429,52.9,,Z2G,MKDN,0.0520757173032511,0.03875968992248069,0.033950617283950546,-0.2596685082872928,0.3323863636363636,0.022738000904074074,-0.006887606685485492,-0.14309262393165112,0.0,0.0,0.10468085106382974,1.013601880184265,True,,0.04199066874028001,0.1404255319148937,6.0,1.6000000000000014,0.0,0.0,0.6625365344346166
LGN,2026-09-30,53.78,54.9,53.01,53.68,1019882,44.2,,Z6,ACC-TR,0.051386340387827946,0.014361300075585781,0.04031007751937987,-0.29405576012624945,0.13198757763975147,-0.01652420578086944,-0.09493266013258561,-0.11687624353002857,0.0,0.0,0.010739856801909253,1.0203314101700944,True,,-0.002971768202080338,0.05627705627705626,18.0,2.8000000000000043,0.0,1.0,0.6638838541499706
BBDC,2026-09-29,8.65,8.79,8.64,8.72,549460,44.0,T1,,MARKUP,0.019018301270882377,-0.004566210045662045,-0.07627118644067787,-0.08595387840670843,0.4100719424460437,-0.010713891654331453,-0.014066647871812221,-0.008524000368969276,1.0,1.0,-0.006960556844547439,0.7854009321908052,True,,-0.001145475372279492,0.01869158878504673,1.0,1.2000000000000028,1.0,1.0,0.6640505935166222
HLT,2026-09-25,313.05,315.28,310.35,313.96,1532751,51.4,T2G,,MARKUP,0.019605020620507018,0.026919177051646814,-0.03598624416605267,-0.08461134760044331,0.32480223359702126,0.008552570675157023,-0.009497313846193234,0.008198844917240988,1.0,0.0,0.013700000000000045,1.0196228164128613,True,Consumer Discretionary,0.025376400274339295,0.0392241236635662,12.0,11.299999999999997,1.0,1.0,0.6641342702043898
CPK,2026-09-30,129.11,129.6,127.84,128.46,179740,41.6,,Z5,MARKUP,0.02228436477100115,-0.009102128972539147,-0.029024943310657636,-0.08783639849463898,0.3007348784624084,-0.012803453086116079,-0.018339243294067997,-0.004881306990728751,1.0,1.0,-0.012549019607843048,0.953527730971237,True,Utilities,-0.009942196531791847,0.020333598093725147,2.0,-0.7999999999999972,1.0,0.0,0.6643296528321693
ITW,2026-09-28,273.34,275.32,271.91,273.83,813648,50.9,T10,,MARKUP,0.017010075565370368,0.023587021531100483,-0.02238486254908978,-0.09303789083200853,0.307616465368498,0.005338090946366947,-0.002044484626818388,0.021307815166556,1.0,0.0,0.024641285632293952,0.914471903041435,True,Industrials,0.017804044008325803,0.032775137663121345,12.0,11.899999999999999,1.0,1.0,0.6644635243173183
DLR,2026-09-24,180.97,183.05,178.62,181.0,1289130,42.8,T5,,MARKUP,0.027082909475336654,-0.017692391186367007,-0.064260972961795,-0.12758471104256042,0.2736004390779363,-0.022089538639923356,-0.03088298937611056,-0.009397575589184859,1.0,0.0,0.017951786630193256,1.008833643743644,True,,-0.02357447267626911,0.031515358750783706,7.0,-3.3000000000000043,1.0,0.0,0.664490880162733
SLG,2026-09-25,51.04,51.18,50.36,51.01,540916,40.2,,Z5,MARKUP,0.032488753199455496,-0.020545314900153655,-0.11808437067773181,-0.15110667332334837,0.26715092816787694,-0.034254361921531196,-0.03907623212755951,0.021146002258483954,1.0,1.0,-0.013165769000598515,0.9779398089689453,True,,-0.03899773926149208,0.031129977764301486,1.0,-0.6999999999999957,1.0,0.0,0.6650251373719852
EPC,2026-09-25,27.41,28.27,27.14,27.82,409557,52.2,T2G,,MARKUP,0.03585208261835269,0.023546725533480473,-0.029647715381932338,-0.07111853088480802,0.6070110701107012,0.010327387126373822,0.021084178386426844,0.1491711818879009,1.0,0.0,0.03243243243243232,0.9647362986069208,True,Materials,0.033048644634236846,0.0741312741312743,8.0,6.800000000000004,1.0,1.0,0.6653729870245066
HNI,2026-09-28,46.81,47.48,46.63,46.86,599596,48.9,T10,,MARKUP,0.02883652589713317,0.01406621943302322,-0.04620394870751077,-0.07042253521126751,0.7155448717948719,-0.005449973403846564,0.021327916615401232,0.10252936040377603,1.0,0.0,0.019077196095829585,0.9608373049210919,True,Materials,0.003426124197002167,0.03948535936113573,5.0,4.0,1.0,1.0,0.6663125596454623
HWM,2026-09-24,226.59,232.63,225.62,229.38,2227846,36.5,T2,,MARKUP,0.03501737493003554,0.016034727143869665,-0.14836266429048783,-0.26006451612903225,0.07301368287915366,-0.0394568832577149,-0.09571303744069337,-0.06670123147922802,1.0,0.0,0.0011209254360400323,0.7118028724472488,True,Materials,0.006449914439910387,0.02847150607541593,8.0,6.100000000000001,1.0,1.0,0.6667716493295995
ALC,2026-09-28,65.01,65.44,64.36,65.26,2320444,36.5,T2G,,MKDN,0.019270570674149713,0.006012024048096309,-0.0937369809748646,-0.1435695538057743,0.10180623973727491,-0.027495600434166656,-0.050621519881041355,-0.10017104279427236,0.0,1.0,-0.00805701890300603,1.0049366423248154,True,,-0.03661056982580435,0.019368947203998843,1.0,6.300000000000001,1.0,1.0,0.6670177502478486
ALNY,2026-09-24,246.51,251.81,245.52,249.59,933715,51.9,T9,,MKDN,0.04047856740627159,0.01661846767952424,0.04430962343096234,-0.34318421052631576,0.2842087930182776,0.012251614149468182,-0.009926038098204804,-0.16424932728781882,0.0,0.0,0.06421895264075839,0.935731133795864,True,Healthcare,0.008403700860571295,0.057584745762711886,18.0,2.8999999999999986,0.0,1.0,0.6670565073955617
ITT,2026-09-25,215.48,216.95,203.51,206.26,1511306,51.7,,Z4,UTAD,0.031100085609732084,0.008754340490047419,-0.008126953594614128,-0.10446335533171236,0.5037128712871286,0.006018143808197651,0.014055154629170952,0.057104429432385695,1.0,0.0,0.056536185235178005,1.1144093334328342,True,Industrials,0.010385029881453844,0.07081299968850585,7.0,-0.3999999999999986,1.0,0.0,0.667164346982655
HII,2026-09-30,267.12,269.87,262.91,267.07,772338,37.3,,Z5,MKDN,0.027581709445529262,-0.010118606375092765,-0.0866903768552083,-0.20165605476339932,0.1322356573192691,-0.029109599156318167,-0.07169205610468843,-0.14739006686274247,0.0,0.0,-0.042078561569739104,1.0772606186961904,True,Industrials,-0.039627458736380294,0.04003271155418808,1.0,7.4999999999999964,0.0,0.0,0.6679847213844909
ARCB,2026-09-29,126.76,129.03,125.5,128.87,189267,42.3,T2,,MARKUP,0.0389492720133511,-0.021562523726368577,-0.06595636732623034,-0.20371972318339104,0.12731604023292753,-0.022507251125861605,-0.052270858121275965,0.06308663747347176,1.0,1.0,-0.0122611464968152,0.7387509683969533,True,Industrials,-0.04399109792284872,0.038771562147348115,1.0,-0.9000000000000057,1.0,0.0,0.6683287762492855
PRSU,2026-09-30,50.1,51.07,49.73,49.73,322607,56.3,,Z4,UTAD,0.02765561659046581,0.034317803660565804,0.05337852149968225,-0.09909420289855086,0.4730250481695564,0.016329731877740672,0.016915653244820916,0.12712648025469053,1.0,0.0,0.019970257063947283,0.9135759189745044,True,Communication Services,0.016765487630341358,0.05583864118895954,5.0,10.899999999999999,0.0,1.0,0.6684398588395497
GBCI,2026-09-25,44.58,45.12,44.53,44.75,1071382,36.9,T2G,,MKDN,0.020229803883507556,0.001790911126035244,-0.05331076792891909,-0.1801026016855991,0.08216619981325887,-0.016954994303993387,-0.04862512183532819,-0.05503623817453929,0.0,1.0,-0.006791940230926108,1.0745343898005897,True,Financials,-0.023565350207287783,0.020059266013220833,1.0,6.399999999999999,1.0,1.0,0.6684950969411412
CTO,2026-09-30,20.76,20.76,20.45,20.49,387123,40.1,,Z4,MARKUP,0.01754006592050178,0.01185185185185178,-0.04697674418604658,-0.09775429326287988,0.1558935361216729,-0.01372044923253224,-0.02870103719260997,0.014736404178215423,1.0,0.0,0.009462151394422413,0.9871479041074039,True,,-0.010144927536231974,0.020418326693227185,5.0,12.0,1.0,0.0,0.6686755509322304
LNC,2026-09-25,41.79,41.99,41.18,41.69,1120236,42.3,,Z5,MARKUP,0.028358542964925692,-0.012085308056872135,-0.04182946449092162,-0.1252622744439782,0.47723292469351997,-0.020946232474465254,-0.016350530054165535,0.04701958982236554,1.0,1.0,-0.02098408104196814,0.8010916137505697,True,Financials,-0.04904197080291983,0.027100271002709952,3.0,-0.30000000000000426,1.0,0.0,0.6686918448757283
GEO,2026-09-29,30.18,31.12,30.15,30.96,3013204,49.0,T3,,MARKUP,0.04344850742414693,0.04102219233355764,-0.02672115686890908,-0.06606334841628958,0.5300429184549361,-0.005266770617619487,0.01058208051505316,0.21013089805290197,1.0,1.0,-0.0010266940451744144,1.0113389602300353,True,,-0.009596928982725572,0.060637204522096644,4.0,9.700000000000003,1.0,0.0,0.6687663854144908
AMBA,2026-09-24,66.59,71.0,65.56,69.86,1844132,52.1,T6,,MARKUP,0.062281978423941294,0.044089074876699996,0.0031591039632394846,-0.2568085106382979,0.3272017837235229,0.026470762695255834,-0.005987183731125834,0.0007343563819175447,1.0,0.0,0.09514796971782524,0.8684598466366231,True,Technology,0.029320760277000035,0.1284122112744306,13.0,6.300000000000004,1.0,1.0,0.6689503794676809
GRND,2026-09-25,15.83,16.05,15.69,15.77,1412685,52.0,,Z9,MARKUP,0.034376431132494806,0.02402597402597406,0.02736156351791541,-0.14756756756756761,0.3795454545454545,0.008978513351026729,0.018412365814175047,0.06380142585118254,1.0,0.0,0.04625850340136073,1.112463216550946,True,Technology,0.032068062827225186,0.040924092409240886,12.0,4.700000000000003,1.0,0.0,0.6695443568034578
RS,2026-09-30,388.22,390.13,383.81,384.75,255378,43.7,,Z2,MARKUP,0.025754631769362928,0.0003119881444504369,-0.013739714439517048,-0.11147291118193148,0.16487889273356368,-0.014983780508627698,-0.021059213103144514,0.05865836283835524,1.0,0.0,0.0026835043409627612,0.8209607544951503,True,,-0.02422013695155978,0.009524559193954563,1.0,0.9000000000000057,0.0,0.0,0.6696538717260776
ASND,2026-09-30,227.97,230.97,226.18,227.83,926227,37.5,,Z9,MARKUP,0.039543292587446,0.02106395374893566,-0.12457252641690675,-0.19252170831118187,0.12273901808785569,-0.052074622242958,-0.07576417039077121,-0.030192708744435137,1.0,1.0,-0.001631986944104491,0.881886480245114,True,,-0.08018087125035323,0.03450937656086839,4.0,7.100000000000001,1.0,0.0,0.6698678798339559
FRME,2026-09-25,40.65,41.2,40.56,40.71,754489,42.7,T2G,,MARKUP,0.018095366035358388,-0.003914851969659794,-0.023038156947444266,-0.10191925876902708,0.193717277486911,-0.010630740696893737,-0.02351139927583379,-0.000538537271700501,1.0,1.0,-0.009417596034696496,1.053068862804315,True,Financials,-0.009729992702505408,0.018513885414060516,2.0,2.200000000000003,1.0,1.0,0.6704381729635495
LECO,2026-09-30,271.79,271.79,264.46,264.58,326887,47.2,,Z6,MARKUP,0.02701988675892283,-0.003089675960813887,-0.015259788596099555,-0.09585483374910297,0.43344778832559044,-0.006867971279697294,-0.011215047936695033,0.019571243886620904,1.0,0.0,0.07175108775962569,0.8745419278120643,True,Industrials,0.036349392871131814,0.03956622529566611,12.0,-1.8999999999999986,1.0,0.0,0.6704811862952259
ROST,2026-09-29,236.01,236.24,233.54,234.4,1485889,52.3,,Z1G,MARKUP,0.021595405603690693,0.008128682637305928,0.025641025641025772,-0.0879377431906615,0.48741211158992986,0.007259763233300465,0.005001021766899205,0.08763346509851799,1.0,0.0,0.04906594643259066,0.8392777428247399,True,Consumer Discretionary,0.035976310439317594,0.05514292144947097,9.0,1.5,1.0,1.0,0.6705205304326856
GLOB,2026-09-30,34.04,35.4,34.02,34.7,843270,42.0,T2G,,MKDN,0.05020933042821813,0.007256894049346929,-0.1255040322580644,-0.1668667466986794,0.4758672699849173,-0.04150769333122384,-0.057211865740445456,-0.2299110792801573,0.0,1.0,-0.04208998548621201,0.7604804644637626,True,,-0.09564764138649973,0.051515151515151514,1.0,3.1000000000000014,1.0,1.0,0.6707042951296227
PFLT,2026-09-25,7.0,7.02,6.95,6.99,560927,40.0,,Z2,MKDN,0.0202991336158109,-0.0028530670470755526,-0.06048387096774199,-0.08507853403141352,0.19753086419753113,-0.0216114620309793,-0.039794955441022184,-0.13284973627917052,0.0,0.0,0.0028860028860029363,0.9105299633548701,True,,-0.018258426966292096,0.008658008658008809,7.0,0.29999999999999716,1.0,0.0,0.670852199969165
ARVN,2026-09-30,7.55,8.04,7.44,7.74,1061019,36.6,T2G,,MKDN,0.04583597590701836,-0.011494252873563204,-0.16594827586206884,-0.20533880903490764,0.15966386554621845,-0.05740730821393836,-0.09145385582704546,-0.1659528206680828,0.0,0.0,-0.05882352941176472,0.9079348313665779,True,Healthcare,-0.05147058823529416,0.05163043478260865,1.0,2.8000000000000043,1.0,1.0,0.6710074051828341
BABA,2026-09-24,111.61,111.98,110.12,110.63,7435427,43.6,,Z2,MKDN,0.03006466735514821,0.019255573981941998,-0.07677543186180424,-0.16549747303311457,0.41305510968432313,-0.022124645029787504,-0.044417806957842254,-0.12461386709269384,0.0,0.0,0.03263315828957247,1.2482747388282764,True,,0.01906779661016933,0.0374156039009752,6.0,6.399999999999999,1.0,0.0,0.6711099385990658
RBCAA,2026-09-25,94.53,94.98,93.96,94.55,71822,48.0,T2G,,MARKUP,0.019604033558743135,0.007566069906223216,0.006493506493506551,-0.07503423987477986,0.47929395790902923,-0.0030666848885158027,0.006395111241781493,0.12531039215705642,1.0,0.0,0.012065217391304284,0.8136256438093209,True,Financials,-0.017866417367819687,0.027717391304347805,5.0,4.899999999999999,1.0,1.0,0.6714602748431971
EXR,2026-09-29,131.05,133.94,130.7,133.49,1496926,37.8,T4,,SPRING,0.020075135993926293,-0.011111934217349462,-0.05393338058114805,-0.15980614300100693,0.09900638750887224,-0.024459527391220814,-0.05132248865226097,-0.06401349521407951,0.0,0.0,-0.029839667458432362,0.9840955969520634,True,,-0.027749453750910424,0.02134659525631233,0.0,2.3999999999999986,1.0,1.0,0.6715423589413424
TRIN,2026-09-25,17.5,17.66,17.34,17.66,631621,44.4,T1,,MARKUP,0.018746123118342117,0.001701644923425949,-0.05561497326203202,-0.06511381683430384,0.3724489795918368,-0.011867167408933343,-0.01050191568580161,0.05245648928611879,1.0,1.0,-0.00857632933104624,0.8615876352904824,True,,-0.015058561070831034,0.018454440599769306,0.0,2.6999999999999957,1.0,1.0,0.6717562817198924
TT,2026-09-24,432.18,442.44,431.0,438.54,923102,46.0,T6,,MARKUP,0.024104440261235687,0.035929416767061184,-0.053646957272334816,-0.11877825781171503,0.2936185468451244,-0.002253927856601945,-0.02774350017213001,-0.025555868893843092,1.0,0.0,0.01666787448365814,1.198088301639735,True,,-0.002932951367573766,0.05935212696572223,7.0,14.5,1.0,1.0,0.6722001177933694
NEXA,2026-09-24,12.62,12.78,12.44,12.64,479429,43.7,T5,,MARKUP,0.056352394195922625,-0.021671826625386914,-0.18870346598202825,-0.20752351097178678,0.24256292906178506,-0.044277253656279436,-0.06275133157769375,0.0432724351896665,1.0,0.0,0.041876046901172526,0.7265423857018639,True,,-0.03805175038051756,0.058626465661641536,6.0,-1.5,1.0,1.0,0.6725427874810744
KKR,2026-09-25,96.05,97.39,95.5,96.67,3280540,38.7,T9,,MKDN,0.03298143892473413,-0.02165772695071344,-0.11571533113794363,-0.17071287638328891,0.2103174603174603,-0.042783630919951965,-0.05390698134934091,-0.08223416530285188,0.0,1.0,-0.01209126274839667,0.9282251000377716,True,Financials,-0.0436288088642659,0.028842060451256035,1.0,-1.0,1.0,0.0,0.6727080408613737
CAH,2026-09-29,218.54,224.01,216.7,223.91,973556,40.4,T6,,MARKUP,0.022824323959482872,0.008421905962889609,-0.0456482823288723,-0.13313975996902827,0.1733173076923078,-0.019443807856986184,-0.026403956442780374,0.04101925028387865,1.0,1.0,-0.020387866732968773,1.1157777651862646,True,,-0.037567160971416325,0.0332718043377942,0.0,7.299999999999997,1.0,1.0,0.6727329207678111
PPL,2026-09-29,32.08,32.62,31.92,32.58,7090790,35.8,T4,,MKDN,0.016755567928258202,-0.009124087591241059,-0.04541459126867875,-0.1208850512682138,0.1869328493647908,-0.022075814698532703,-0.05063708049947557,-0.08611308860636968,0.0,0.0,-0.03810975609756084,0.9913422848648029,True,Utilities,-0.019560637977730888,0.03264659270998416,2.0,5.099999999999998,0.0,1.0,0.6731947375340516
SYBT,2026-09-30,77.26,77.76,76.51,77.09,154522,39.0,,Z2,MARKUP,0.02238003261404093,-0.0016835016835016203,-0.01633278040066355,-0.13595606366285584,0.16287094547964115,-0.02211969562042637,-0.028441419511994637,0.02499579142348951,1.0,1.0,-0.012355312784497419,0.8336328548618684,True,Financials,-0.025410872313527122,0.015143534369238987,1.0,1.2000000000000028,1.0,0.0,0.6733292386348873
SYF,2026-09-25,71.7,73.53,70.89,72.94,2467737,40.0,T2G,,MARKUP,0.028540859398151024,-0.027985074626865836,-0.08745152008007018,-0.109619140625,0.3525594808940158,-0.029610948500749745,-0.040506392247671386,-0.01687339821216194,1.0,0.0,-0.046312644302593964,0.9136879517502428,True,Financials,-0.040136860113172745,0.03873540301908296,1.0,-1.3999999999999986,1.0,1.0,0.6736589351153388
GAP,2026-09-24,21.57,21.73,21.08,21.69,5304023,54.9,T9,,MKDN,0.03603515312656087,0.03929084810733108,0.025531914893617058,-0.15930232558139534,0.45200000000000007,0.024363840805807113,0.031304218261501315,-0.028875132510739143,0.0,0.0,0.050204918032786816,0.6548902663377072,True,Consumer Discretionary,0.0373027259684362,0.0932459677419355,6.0,6.199999999999996,0.0,0.0,0.6750076428902597
SXI,2026-09-29,280.92,280.92,273.18,273.35,184862,44.0,,Z4,MARKUP,0.0332856817741072,0.008150770819502995,-0.05630739487675207,-0.20382722162351086,0.2199308884182368,-0.01033181516318793,-0.04856541822579952,-0.006403844431219219,1.0,0.0,0.04983834082485594,1.1359434570669533,True,Industrials,0.07229719127569445,0.07503834506626816,10.0,2.200000000000003,1.0,0.0,0.675011411130436
OUT,2026-09-29,28.15,28.36,27.68,27.99,1261194,36.6,,Z5,MARKUP,0.02263473658923457,-0.00709471443774401,-0.047311095983662343,-0.18062060889929743,0.07357357357357337,-0.01803508651497987,-0.0528186758180792,-0.009108868635724354,1.0,1.0,-0.006502890173410436,0.8848357446131219,True,,-0.004268943436499528,0.017818181818181733,1.0,1.7000000000000028,1.0,0.0,0.6751555506307957
SMBC,2026-09-25,72.33,72.8,71.98,72.26,68723,40.7,,Z5,MARKUP,0.0174205090735856,-0.0031728514277830078,-0.02771797631862205,-0.09516654144753312,0.13242009132420207,-0.00925490663568429,-0.020168359278310177,0.05083864551586936,1.0,1.0,-0.006150405367626677,0.8651940345220226,True,Financials,-0.013650013650013615,0.01631504922644189,2.0,3.4000000000000057,1.0,1.0,0.6752108852145317
FSK,2026-09-25,11.18,11.26,11.1,11.25,1406076,39.4,T1,,MKDN,0.024424942105813863,-0.003542958370239102,-0.08013082583810305,-0.11487018095987422,0.3966942148760331,-0.0340454888585181,-0.030485300509150548,-0.0932210700556485,0.0,0.0,-0.019538188277087087,0.8111152838825642,True,,-0.05382674516400343,0.01902173913043481,1.0,1.5,0.0,1.0,0.6752118584893994
PFS,2026-09-25,22.76,22.99,22.76,22.84,932637,40.4,T2G,,MARKUP,0.017653665594801075,-0.0095403295750216,-0.03056027164685904,-0.10396233817183209,0.1533546325878596,-0.013525562134984459,-0.02525594406157272,0.024961980946170526,1.0,1.0,-0.014543851917144246,0.9173469320394374,True,Financials,-0.019742489270386354,0.02146690518783534,1.0,1.8999999999999986,1.0,1.0,0.6754716739578003
GLW,2026-09-24,150.51,156.36,149.6,154.15,5398314,49.7,T5,,MARKUP,0.05491901786307731,0.0429634641407306,0.008967142296112174,-0.3600282309959729,0.3137611774946586,0.0015674015099509386,-0.024781714712125313,0.05443440466099192,1.0,0.0,0.06771992818671468,0.9387392479122739,True,Materials,-0.054990191270230526,0.08289427467509669,14.0,4.200000000000003,0.0,0.0,0.6755881621342932
KBR,2026-09-29,34.6,35.39,34.35,35.13,2241597,41.0,T4,,MKDN,0.029552575360581586,0.003427592116538314,-0.06319999999999992,-0.09807445442875484,0.4398826979472141,-0.022742055129104766,-0.03304464860725553,-0.08038377259937035,0.0,1.0,-0.028112449799196693,1.1732227518633997,True,,-0.058681672025723386,0.03689492325855959,2.0,4.600000000000001,1.0,1.0,0.6756718552772193
AVR,2026-09-30,7.66,7.96,7.54,7.77,976390,39.1,T9,,MARKUP,0.04692213753600082,0.019685039370078705,-0.08047337278106503,-0.23069306930693068,0.11406844106463872,-0.044474151774114956,-0.07756968495995464,0.04565955477041728,1.0,1.0,-0.013210039630118908,1.0799119790598277,True,,-0.07168458781362008,0.04016064257028118,4.0,5.899999999999999,1.0,1.0,0.6758621441165035
LAUR,2026-09-25,38.3,38.43,37.28,37.4,849179,54.5,,Z3,MARKUP,0.026375689571242925,0.03515084417381664,-0.04200819672131151,-0.08602150537634412,0.4003407155025553,0.01729582938808316,0.014686784121290986,0.08251156453192654,1.0,0.0,0.009359047078842941,0.8232650687116033,True,,0.03515084417381664,0.054114994363021474,11.0,10.5,1.0,1.0,0.6762962387199796
POST,2026-09-28,72.85,75.22,72.52,74.87,829171,36.8,T4,,SPRING,0.031276023242208205,-0.005182035609885727,-0.12278851786760392,-0.23367451381780957,0.09332803812549674,-0.04025354836046169,-0.08626370458656818,-0.19031102939584887,0.0,1.0,-0.027751709344416287,0.844229756915251,True,Consumer Staples,-0.05669648481794132,0.032404853833425395,0.0,4.099999999999994,1.0,1.0,0.6766309260879264
EYE,2026-09-30,16.55,16.69,16.11,16.38,1592493,40.2,,Z5,MKDN,0.04644966811745984,0.0012224938875304847,-0.0185739964050331,-0.31464435146443515,0.07045735475896152,-0.028526177679332188,-0.0869574756611724,-0.2203853300459777,0.0,0.0,0.006325110689437086,0.7376788696136062,True,,-0.004255319148936176,0.029541169076052753,11.0,2.3000000000000043,1.0,0.0,0.6766534684175062
USFD,2026-09-28,93.0,94.4,91.76,93.72,2600036,33.0,T4,,MARKUP,0.02796531771667913,-0.00530672893228612,-0.1263167707653584,-0.1588583737210555,0.16627414036740465,-0.03158023561377765,-0.05321390758204536,0.009886326508505627,1.0,0.0,0.017407694866393264,0.9419691604889899,True,,-0.011392405063291089,0.0391395941900432,9.0,0.0,1.0,1.0,0.6769843029177174
SYY,2026-09-30,79.04,79.07,77.96,77.96,4604535,38.4,,Z4,MARKUP,0.02020787106736183,0.01063002333419738,-0.050541955912799974,-0.10028851702250441,0.09948186528497338,-0.020565469734222463,-0.03418828175838118,-0.022290161892501326,1.0,1.0,-0.00038945865247308475,1.0313160136627417,True,,-0.009528649472748119,0.012467532467532294,4.0,5.5,1.0,0.0,0.6770690582083606
ALGN,2026-09-25,145.57,148.16,144.2,146.78,829589,39.1,T3,,SPRING,0.034502776864710545,-0.005622925276065338,-0.07592545958196928,-0.2313976017175472,0.05516356638871097,-0.03753968369298566,-0.08328101811444744,-0.12005077947064602,0.0,1.0,-0.013679890560875485,1.060213937597031,True,,-0.026786898289351546,0.017891816920943215,0.0,3.700000000000003,1.0,0.0,0.6771647054436115
NPO,2026-09-30,309.46,309.46,303.95,306.26,174364,51.9,,Z2,MARKUP,0.0328625805886985,0.0026190008511752794,0.06355049312404515,-0.12414562301598653,0.37404470079307844,0.011215905062295528,-0.009463351720315982,0.05457729242501075,1.0,0.0,0.06442636986301364,0.9816569280919526,True,Materials,0.06651344198356313,0.07467190680047708,11.0,-0.5,1.0,0.0,0.6779052330915368
SBUX,2026-09-29,95.03,95.89,94.34,95.43,6927393,34.5,T2,,MARKUP,0.023015461862776487,0.0033645252865104336,-0.10183529411764702,-0.13645823907338706,0.1504225352112677,-0.026501844673824992,-0.055318669990160885,-0.033067666641725446,1.0,1.0,-0.009186071352275116,1.078901321261115,True,Consumer Discretionary,-0.01190722716918613,0.028783958602845994,3.0,6.399999999999999,1.0,1.0,0.6780059438671505
SYM,2026-09-25,44.39,44.52,43.36,43.47,916166,53.0,,Z3,MKDN,0.04253781467684827,0.03771783241823812,0.05663587749149235,-0.09888059701492546,0.5482954545454544,0.01575699428869437,0.01678849867237764,-0.08545338384292067,0.0,0.0,0.11836518046709132,0.9047661645349369,True,Industrials,0.03180631379064791,0.0786600496277916,17.0,3.200000000000003,0.0,0.0,0.6786452203339838
KRP,2026-09-24,14.51,14.79,14.45,14.79,1880020,49.4,T1G,,MARKUP,0.01850443841455207,0.009556313993174026,-0.020529801324503327,-0.054952076677316386,0.40277777777777674,0.0014008154685367646,-0.0047612698352667016,0.021168753878034963,1.0,1.0,-0.023367697594501746,1.1083824060016627,True,Energy,-0.020529801324503327,0.04081632653061207,2.0,8.299999999999997,1.0,1.0,0.6786775940770451
TRN,2026-09-25,27.89,28.33,27.86,27.91,683549,36.5,T9,,MKDN,0.025269090446349327,-0.003214285714285725,-0.05325644504748983,-0.2712793733681461,0.05545454545454542,-0.018375635943982394,-0.0694521584847112,-0.10547883986165818,0.0,1.0,-0.008354522339266257,1.0277062819468366,True,Industrials,-0.020701754385964888,0.022344322344322265,2.0,1.7000000000000028,1.0,0.0,0.6787748097700858
ULCC,2026-09-30,6.16,6.19,5.81,5.97,2275929,49.7,,Z2,MARKUP,0.05240833260471361,0.022260273972602773,0.08152173913043481,-0.28245192307692313,0.1979522184300341,0.0030409907044510742,-0.016393455465253393,0.07976982023733581,1.0,0.0,0.025878003696857554,0.9620745323649741,True,Industrials,0.06417112299465222,0.07567567567567557,14.0,2.4000000000000057,0.0,0.0,0.6793798005654573
LLY,2026-09-30,1186.49,1215.0,1155.27,1157.08,3408497,47.0,,Z6,UTAD,0.02872320964864563,0.005291097229341624,-0.00251724137931042,-0.1048775770703595,0.26119891008174295,-0.007262286502519477,-0.006051988939329789,0.07990173412068424,1.0,0.0,0.03387257587870196,0.9908839761270983,True,Healthcare,0.01692710622066751,0.019983956417873427,13.0,0.3999999999999986,1.0,0.0,0.6797672366623483
VRTX,2026-09-30,525.26,529.72,522.74,522.81,1150397,50.4,,Z9,MARKUP,0.022420988211432874,0.012530503156834571,-0.045357436318816835,-0.06682730923694791,0.6069291338582672,-0.0002676347200779583,0.014798646673347182,0.09227384159110907,1.0,0.0,0.02852238478273872,0.844911517583438,True,Healthcare,0.018606554183065116,0.0435121055467953,7.0,3.6000000000000014,1.0,0.0,0.6797919425229827
UMBF,2026-09-25,135.96,137.32,135.4,135.82,713777,39.8,,Z5,MARKUP,0.0205726042297951,0.009663990484686247,-0.06032932060329321,-0.11414036003130712,0.15540540540540537,-0.01579166377492791,-0.03071082532021918,0.03448267548022166,1.0,0.0,0.002187028657616885,1.0952053313237566,True,Financials,-0.026310129758405743,0.02428355957767714,7.0,7.699999999999996,0.0,1.0,0.6798262655981602
OTEX,2026-09-25,22.66,22.79,22.45,22.51,856166,40.8,,Z2,MKDN,0.031916986945376084,-0.003100088573959159,-0.10603653693407455,-0.16101379053298537,0.20295202952029553,-0.0363217868974296,-0.047392860320001784,-0.10469076091005391,0.0,0.0,0.005824372759856589,0.7523872938924099,True,Technology,-0.02385082393755411,0.0026726057906458767,11.0,0.29999999999999716,1.0,0.0,0.6799451980172403
IBOC,2026-09-25,69.39,70.19,69.39,69.94,344916,40.9,T2,,MARKUP,0.015709014672572345,-0.004271070615034178,-0.009488740971533849,-0.10356318892591643,0.1349036402569585,-0.010306612958219552,-0.028035653251685444,-0.02145502207357819,1.0,1.0,-0.010232021905173583,0.8857178914729992,True,Financials,-0.014096419509444624,0.01834595224228286,1.0,2.0,1.0,0.0,0.6800293530152568
PEBO,2026-09-28,39.31,39.44,39.06,39.11,217145,44.3,,Z6,MARKUP,0.01544558081788202,0.0017930327868853624,-0.013867876954109848,-0.07519508157956967,0.3333333333333328,-0.007944881898636291,-0.006827584903575046,0.08399245297116353,1.0,1.0,-0.011331444759206777,0.948930801134515,True,Financials,-0.019553772875407383,0.01875488408439696,3.0,4.899999999999999,1.0,1.0,0.6802034066321716
SNDR,2026-09-30,31.98,32.34,31.75,31.85,846518,36.7,,Z9,MARKUP,0.029269869884511312,-0.011483550589695746,-0.052365367450163625,-0.18832823649337416,0.11390887290167895,-0.030951443782059163,-0.062084733954311244,0.002686005073506692,1.0,1.0,-0.023696682464455,1.077865317584207,True,Industrials,-0.027480916030534264,0.030744336569579422,2.0,2.200000000000003,1.0,1.0,0.6802573417005373
KRC,2026-09-25,34.16,34.44,33.74,34.23,1062654,35.0,T1G,,MARKUP,0.022433564920621967,0.0,-0.06704824202780046,-0.16205630354957168,0.06891701828410618,-0.02486989575135312,-0.05053146235468631,-0.046963915178179994,1.0,1.0,-0.0008883624518803979,0.8375183583590663,True,,-0.019197707736389735,0.014522821576763434,0.0,5.199999999999999,1.0,1.0,0.68068510897454
LII,2026-09-25,368.09,377.84,366.06,373.77,476691,41.2,T1,,MKDN,0.029961866528321453,0.0404754614035574,-0.04443308193787554,-0.35431098519529436,0.1029958451782198,-0.009607070997811995,-0.09584015892539521,-0.22003131930657782,0.0,0.0,0.02161498486665514,0.8253666216705706,True,Industrials,0.0211179106108621,0.06724344697618623,9.0,14.600000000000001,0.0,1.0,0.6815604973237436
CAVA,2026-09-30,53.67,54.99,52.92,54.1,3719076,42.1,T2G,,MKDN,0.045888877654297805,0.01883239171374762,-0.11427635887360832,-0.2848645076007932,0.1705157813702848,-0.021429956250756388,-0.11507606229709855,-0.22481204311054315,0.0,0.0,0.026978055164082804,0.8431931956039835,True,Consumer Discretionary,0.08721864951768499,0.07876370887337991,10.0,6.300000000000004,1.0,1.0,0.6819206280223437
CURB,2026-09-25,28.58,28.79,28.22,28.46,1681768,38.6,,Z5,MARKUP,0.020460770032451094,0.004588775150017765,-0.0472045530632742,-0.11477449455676514,0.086633663366337,-0.01867269663120441,-0.033693660242674284,0.018566527917835307,1.0,1.0,-0.007765619484645159,0.8082199775441866,True,Real Estate,-0.029331514324693053,0.01245108502312342,2.0,8.3,1.0,0.0,0.682209698575533
EQT,2026-09-25,51.14,51.79,50.61,50.81,8834903,38.7,,Z1,MKDN,0.02799987041410777,0.016199999999999992,-0.07230235530399853,-0.10102618542108988,0.33449883449883483,-0.028516919813508568,-0.04016026108040205,-0.0719961618060374,0.0,1.0,-0.019635343618513268,1.1612717156241732,True,Energy,-0.06029221379692984,0.03842223584712867,4.0,10.300000000000004,1.0,1.0,0.6822389086660804
LIVN,2026-09-28,76.13,77.66,75.47,77.21,570681,44.3,T2,,MARKUP,0.029495552588444458,-0.01228092618651666,-0.038720119521912344,-0.09969682835820903,0.26609442060085775,-0.01488810269787988,-0.01986598328409639,0.08050458342094036,1.0,1.0,-0.034774680906486055,1.076514799273537,True,,-0.04241597420315024,0.04182971258939405,2.0,-0.7000000000000028,1.0,0.0,0.6823944089045387
GBX,2026-09-25,42.93,43.03,42.4,42.54,307597,38.8,,Z6,MKDN,0.025725709923516638,0.017216642754662725,-0.07762359063313096,-0.18940548780487798,0.11329170383586054,-0.017468615316083347,-0.056297959221854765,-0.10593938190348884,0.0,0.0,0.007026896050399856,0.9812243269858788,True,Industrials,-0.012763982362497206,0.023580365736284747,17.0,9.099999999999998,0.0,1.0,0.6824891656068851
LUV,2026-09-30,42.12,42.24,41.44,41.64,4838741,52.3,,Z2,MARKUP,0.03123680283745947,0.014619883040935644,0.10509554140127397,-0.16935966487133458,0.3235059760956176,0.012027506983208536,-0.010578944497579679,-0.005766210239115277,1.0,0.0,0.07637040979244292,0.9147796356277847,True,Industrials,0.06360153256704981,0.04439428141459745,15.0,1.6999999999999957,0.0,0.0,0.6826287000867591
ATLC,2026-09-25,91.77,94.0,91.0,92.5,77247,46.6,T2G,,MARKUP,0.03958091178749032,-0.005590195656847929,-0.005697086961195308,-0.19100927059646666,0.19170984455958567,-0.008745571993150403,-0.02081234924454045,0.13379156289531102,1.0,0.0,0.014544205222171369,0.8673031316704325,True,Financials,-0.020749523607876297,0.04413590698724468,17.0,0.7000000000000028,0.0,1.0,0.6828634832154333
SARO,2026-09-25,22.09,22.88,21.99,22.74,4301165,36.5,T4,,MKDN,0.03337788700094659,0.019730941704035665,-0.09330143540669855,-0.28128950695322386,0.077720207253886,-0.03759025034503649,-0.09671720077481383,-0.1565664226523733,0.0,1.0,-0.013458950201884257,0.9980608503596036,True,Industrials,-0.05407653910149757,0.034106412005457054,0.0,10.399999999999999,1.0,1.0,0.6830454196169815
REG,2026-09-28,73.3,73.58,72.86,73.33,1024917,37.3,T2G,,MKDN,0.013810752204756081,0.005622600109709275,-0.028998940677966045,-0.12347597418120959,0.09938971229293816,-0.011452927167444615,-0.03356054412971454,-0.03675344689191007,0.0,1.0,-0.0020735416090683634,0.9383315841189651,True,,-0.016100898966859067,0.015791660894860726,1.0,9.599999999999998,1.0,1.0,0.6833637701321318
SII,2026-09-24,124.75,125.87,121.92,124.24,157555,47.1,,Z2G,MARKUP,0.043340193321244926,-0.007984669434685454,-0.09227734346460148,-0.10926297677086316,0.603950103950104,-0.023351011925048848,0.0008274797614915563,0.05639869710209133,1.0,0.0,0.017101860348710973,0.9385666605775377,True,,-0.016621814152287584,0.019028871391076008,0.0,-1.8999999999999986,0.0,1.0,0.6836821405958904
BWA,2026-09-29,61.06,61.31,60.36,60.94,2109211,41.8,,Z1,MARKUP,0.03251887429867607,-0.0027818687612501947,-0.050187032418952615,-0.14144829529444924,0.22049689440993755,-0.029794285959609534,-0.05046005170297674,0.029611083906692315,1.0,1.0,-0.044407894736842035,1.217587607818093,True,Industrials,-0.024803968634981688,0.04888123924268495,3.0,3.6999999999999957,1.0,1.0,0.6838459578198478
INTR,2026-09-30,5.19,5.37,5.11,5.34,8459166,48.5,T2G,,MKDN,0.04316368286967304,0.01908396946564883,-0.04472271914132375,-0.12171052631578949,0.3333333333333333,-0.0035786646740934014,-0.02794679950151968,-0.18405730432240996,0.0,1.0,-0.04789272030651337,1.311210094023723,True,,-0.020183486238532167,0.07444668008048283,2.0,6.299999999999997,1.0,1.0,0.684604423792365
EBC,2026-09-25,21.43,21.57,21.33,21.42,2004398,39.5,,Z5,MARKUP,0.02000821471211217,-0.008333333333333304,-0.04417670682730912,-0.09886411442995369,0.14545454545454622,-0.014750116405658709,-0.02631181134233629,0.03559519061588401,1.0,1.0,-0.006616257088846944,0.8661368232958897,True,Financials,-0.008333333333333304,0.019029495718363654,1.0,0.7999999999999972,1.0,1.0,0.6848652591713829
RPRX,2026-09-30,58.07,58.64,57.7,58.36,3653750,44.0,T6,,MARKUP,0.022026718385365667,0.012315698178664292,-0.06354300385109113,-0.09350730040385202,0.361611876988335,-0.010600981587542524,-0.007402218674893435,0.12049993276363469,1.0,1.0,-0.0020822488287350893,0.7422074486571208,True,Healthcare,-0.0018813066529844713,0.014780038254216699,1.0,5.5,1.0,1.0,0.6849516040745801
NHP,2026-09-25,16.26,16.35,15.55,16.03,414555,47.2,,Z4,MARKUP,0.03356674270416854,0.001875000000000071,-0.027895694360218104,-0.0819014891179839,0.5401929260450163,-0.008915589868098817,0.004817297315132807,,0.0,0.0,0.0019329896907216426,1.1502724236920734,True,,0.01842439644218552,0.03286082474226815,9.0,-0.09999999999999432,1.0,0.0,0.6861978863262669
BTU,2026-09-25,25.56,25.7,25.14,25.44,1401372,43.1,,Z2G,MKDN,0.05019843987401288,0.00872323552735943,-0.13586956521739135,-0.16343308122328182,0.5198067632850243,-0.049823769108142124,-0.03418106403272214,-0.03822406024541258,0.0,1.0,-0.015968063872255578,0.82313353584463,True,Materials,-0.09819213045019493,0.03204868154158236,3.0,2.700000000000003,1.0,0.0,0.6869160196954976
TPC,2026-09-29,84.51,86.06,83.47,84.4,317727,44.2,,Z5,MARKUP,0.034328517759400067,-0.015972950915238315,-0.046543154089471184,-0.17497556207233622,0.3816925734024183,-0.017531868535340833,-0.019710250773422144,0.058671133862260305,1.0,1.0,-0.02069211559043893,0.6563740483229971,True,,-0.008807985907222537,0.024893746205221667,3.0,-1.8999999999999986,1.0,1.0,0.6870349790143355
DIS,2026-09-28,105.12,106.58,104.76,105.59,12095462,51.1,T11,,MARKUP,0.020579024923820605,0.013048066775400491,-0.023219241443108163,-0.05613658711003844,0.6759545923632612,0.0017854310224463266,0.012664825350851894,0.010286970427168196,0.0,0.0,0.003223600664257198,1.0169671820335389,True,Communication Services,-0.027626853301409016,0.031454527693660195,6.0,3.8999999999999986,1.0,1.0,0.6871062032697363
MSGE,2026-09-25,79.37,80.3,77.97,79.09,518262,50.6,,Z3,MARKUP,0.03224354743756095,0.0008858516831182772,0.01202815099168264,-0.125207388563212,0.35277301315037185,0.0011564151813312495,0.012604132784570732,0.16301180308219343,1.0,0.0,0.03185558800106181,0.915295920067726,True,Communication Services,-0.0012627857052657232,0.03615878422638552,12.0,-0.6000000000000014,1.0,0.0,0.6873793697267913
VSEC,2026-09-25,181.67,185.27,179.31,180.77,255238,39.7,,Z5,MARKUP,0.04957655744764496,0.03397586226620142,-0.18203619909502256,-0.27064756909421017,0.10774142059058289,-0.05096158618567381,-0.09547634457426035,-0.06827903811361102,1.0,0.0,0.006602189146927673,1.044272677002527,True,Industrials,-0.07287926966868385,0.04691029130711777,5.0,6.100000000000001,1.0,0.0,0.6874522020978571
ICUI,2026-09-29,163.92,164.35,161.44,163.44,245902,49.0,,Z1G,MARKUP,0.028496063971427336,0.015281401416325169,-0.05498699045967037,-0.1525019445164636,0.29892729439809285,0.0017559996970304415,0.00014635283836295088,0.09440469100823234,1.0,0.0,0.05260027753915275,1.1630359860680903,True,,0.04849884526558901,0.08002378907024377,7.0,3.700000000000003,1.0,0.0,0.6874669309061796
VMC,2026-09-28,242.96,248.4,241.01,246.15,1281407,38.7,T2,,MKDN,0.027028704280422818,-0.00020308692120218907,-0.10331135477760367,-0.19514109145603764,0.08381946576604252,-0.023153637394949578,-0.06844904640013205,-0.11825750728464557,0.0,0.0,0.0013295109892392798,1.1773969944265266,True,Materials,-0.017522152151353,0.02268478125389506,6.0,3.9000000000000057,1.0,1.0,0.6877687195316123
MICC,2026-09-24,19.4,19.4,19.14,19.28,787777,49.4,,Z10,MARKUP,0.021998851874705228,0.018489170628631868,-0.04884065120868275,-0.06769825918762085,0.5744680851063833,-0.002856470670187905,0.013310621352266239,0.11934662845266653,1.0,0.0,0.0005321979776478081,0.9531510185758563,True,,-0.011282051282051175,0.0260777009047366,6.0,5.699999999999996,1.0,0.0,0.6883155542576671
MOH,2026-09-30,188.62,190.33,186.24,189.1,510881,39.9,T10,,MARKUP,0.03449120873376914,-0.001425780218619721,-0.06874815325519557,-0.22781657070521455,0.05584701303096944,-0.03596898162917106,-0.05184343873446828,-0.022451412245477642,1.0,0.0,0.00010764262647988687,1.0261253066893987,True,Financials,-0.06487983384432794,0.017761033369214196,5.0,1.0,1.0,0.0,0.6885177929218298
WRLD,2026-09-29,170.68,174.0,168.55,172.51,42515,37.0,T4,,MARKUP,0.03235926361899388,-0.002774726862824539,-0.06147652467221598,-0.2073243578550752,0.08774767488879909,-0.039719948888451095,-0.05874455021519587,0.01564364575835464,1.0,0.0,0.002259618243444228,0.842830915205771,True,Financials,-0.06564480311975307,0.025807218885651517,6.0,2.299999999999997,0.0,1.0,0.6885527474525793
VCTR,2026-09-25,107.69,109.58,107.0,108.75,465362,49.7,T1G,,MARKUP,0.03440050407066021,0.020551801801801828,-0.10220424337488643,-0.11978955888304332,0.6023643202579259,-0.00015880119308164797,0.021736617477613684,0.22558584618350763,1.0,0.0,0.015581854043392518,0.7431413530367972,True,Financials,-0.01405258386219399,0.0724852071005917,7.0,6.900000000000006,1.0,1.0,0.6885573030299704
SUN,2026-09-28,74.69,75.13,73.79,74.62,309394,46.0,,Z2G,MARKUP,0.027720144190480366,0.0026874496103197476,-0.00040187541862024556,-0.06980802792321106,0.5631825273010923,-0.017862043062406463,-0.0021706858205098323,0.10623608433282006,1.0,1.0,-0.010055714091588674,0.9272347688781475,True,Energy,-0.05699481865284961,0.02429649965682934,4.0,2.0,1.0,1.0,0.6886104913064544
NRDS,2026-09-30,8.55,8.82,8.44,8.78,650168,43.0,T2G,,MKDN,0.037059494508040206,0.08395061728395059,-0.10224948875255624,-0.15004840271055186,0.3231441048034934,-0.02243497751554735,-0.05001015792733543,-0.11695157045585403,0.0,0.0,0.007462686567164312,0.9436008321586508,True,Technology,-0.06695005313496294,0.09203980099502496,5.0,18.5,1.0,1.0,0.6887374716261662
NVCR,2026-09-30,16.01,16.09,15.73,15.95,1876603,43.4,,Z3,MARKUP,0.043042301616866584,-0.01846153846153853,-0.08227848101265822,-0.2564102564102564,0.16918429003021138,-0.025939184934342663,-0.03521884961816868,0.034734124850991144,1.0,0.0,0.0066225165562914245,1.0307141248653358,True,,-0.016646115906288506,0.049342105263157965,14.0,-2.1000000000000014,0.0,1.0,0.6892301747815086
ALLE,2026-09-25,152.65,155.84,152.54,154.47,654810,49.2,T1,,MARKUP,0.021500808373746263,0.014381402679275013,-0.032870022539444044,-0.09597939954351264,0.5687615040757296,-0.000589666814929779,0.005714649461083132,0.025045353330809705,1.0,0.0,0.004247129869268118,0.7234643513751494,True,Industrials,0.007303553961526044,0.021964935494541704,11.0,6.300000000000004,1.0,1.0,0.689253369758306
CNC,2026-09-30,62.23,62.69,60.94,62.12,3641234,41.1,,Z3,MARKUP,0.03425069850615224,0.0006443298969072142,-0.0476774490265216,-0.10785580927761018,0.42052469135802456,-0.030728255638330038,-0.033081784150245985,0.11460712983129961,1.0,1.0,-0.014075392331338032,0.9034104697497314,True,Financials,-0.05893046508104849,0.019363308171972404,0.0,1.0,1.0,1.0,0.6892810092392827
WTFC,2026-09-25,145.42,146.49,144.74,146.11,317288,36.6,T2G,,MARKUP,0.019069359463249527,-0.009558026030368705,-0.04490783108903107,-0.1262408802774787,0.14012219959266903,-0.020724441541669192,-0.04293887652419737,-0.017640688755585998,1.0,1.0,-0.020123626373626413,0.8439768622937104,True,Financials,-0.039760778128285934,0.02411158617789333,1.0,3.0,1.0,1.0,0.6895817186169564
COKE,2026-09-30,192.07,193.47,188.51,189.27,374683,46.6,,Z2,MARKUP,0.03108664715141694,0.009493839671449233,-0.02013874508179736,-0.06301980198019796,0.6373219373219375,-0.013182600302598657,-0.0052528473615897076,0.0640671343421082,1.0,1.0,-0.00016262806960487541,0.7438407554523295,True,Consumer Staples,-0.047314642371772186,0.02618737800910864,3.0,2.700000000000003,1.0,0.0,0.6897028640825504
LH,2026-09-30,311.0,311.54,306.98,308.11,646171,40.7,,Z3,MARKUP,0.02392751606485915,0.013586420159221069,-0.05952199261316804,-0.09856641310708014,0.5772367925712135,-0.0232756791547738,-0.012929501180170111,0.07319716060025527,1.0,1.0,-0.0010874579845777665,0.8766188174006652,True,Healthcare,-0.05053773381405802,0.01642859499224758,4.0,4.800000000000004,1.0,0.0,0.689939845800912
LB,2026-09-30,82.03,83.16,80.66,81.17,243382,43.5,,Z5,MARKUP,0.038377184370505885,-0.011448057483863128,-0.05440354147250703,-0.11473443123568539,0.4477690288713912,-0.030330233651860716,-0.010221061873560644,0.1090717017325229,1.0,0.0,-0.02899082568807343,0.953938862613094,True,,-0.01850060459492142,0.022549760644998917,1.0,-1.0,0.0,0.0,0.6903428256173725
UCB,2026-09-25,34.01,34.41,33.95,34.23,1020289,41.7,T2G,,MARKUP,0.019145312134574557,-0.013260305563563057,-0.028384899233607763,-0.07934373318988708,0.21750663129973463,-0.014619370304612134,-0.02156379388588925,0.00997051081687994,1.0,1.0,-0.017352941176470682,0.934073101169245,True,Financials,-0.030036837631057023,0.024543549835378542,1.0,-0.19999999999999574,1.0,1.0,0.69047890171605
ETR,2026-09-30,100.45,100.73,99.17,99.26,3811757,34.2,,Z3,MARKUP,0.01979049678629009,0.0003023279250227162,-0.07250981125023348,-0.1501712328767123,0.11770623742454749,-0.027375647090423172,-0.05753145774286583,-0.05477215691361925,1.0,1.0,-0.019425333872926,1.00033678301778,True,Utilities,-0.029906176700547182,0.024143623607098652,2.0,6.900000000000002,1.0,1.0,0.6908190308532374
NWS,2026-09-30,31.49,32.0,31.49,31.72,686647,41.1,T3,,MARKUP,0.02466180037514315,0.01601537475976933,-0.07332749050540455,-0.11297539149888136,0.34415584415584394,-0.027015460604149277,-0.02625264500772362,0.0180342573232668,1.0,1.0,-0.0006418485237483784,0.6825235071875149,True,Materials,-0.05143540669856461,0.018625561978163008,2.0,7.700000000000003,1.0,0.0,0.6909017880571516
CRUS,2026-09-24,119.54,119.59,117.67,118.8,454515,50.1,,Z1G,MKDN,0.032353129083893865,-0.013043117055744902,0.07667210440456773,-0.2218510512870897,0.2702003878474466,0.0069425857747278386,-0.04097091185233748,-0.11364830805087411,0.0,0.0,0.10737812911725952,0.8624077318660283,True,Technology,0.019917582417582347,0.03565513032865497,16.0,-3.299999999999997,0.0,0.0,0.6911336891696044
EOG,2026-09-28,142.38,142.38,140.02,140.63,2746267,43.2,,Z11,MARKUP,0.025447031574493212,-0.005304852171452823,-0.0189745378444367,-0.08776595744680848,0.4607413312076525,-0.02361213203322532,-0.019508739736854075,0.04995416048243295,1.0,1.0,-0.017226651480637734,0.8268299149753308,True,Energy,-0.05325164938737037,0.018615094886281325,4.0,0.5,1.0,0.0,0.6914920288661548
ENSG,2026-09-25,172.51,175.28,172.51,175.18,220749,50.6,T3,,MKDN,0.020785504859903655,0.007302627795986449,0.009450270830932528,-0.05817204301075263,0.52812908853031,0.0020566840015161514,0.0017876933539664464,-0.007120048030183734,0.0,0.0,0.031203299659274375,0.8548669764580272,True,Healthcare,0.006897344522359017,0.01854758997616135,12.0,3.0,1.0,0.0,0.6915121779261241
CWT,2026-09-30,46.05,46.63,45.71,46.27,528297,33.5,T2G,,MARKUP,0.01945242925272587,0.004341219882787017,-0.06976276638520307,-0.14028242289111847,0.13911060433295389,-0.025477237526616014,-0.04319173959198974,-0.019453109579975147,1.0,1.0,-0.02107779226423312,0.8488369464837165,True,Utilities,-0.037044745057231876,0.0270810210876804,1.0,8.0,1.0,1.0,0.6916950135293694
PNFP,2026-09-25,94.4,95.59,94.03,94.97,842039,36.9,T2G,,MARKUP,0.02482030635975247,-0.018397932816537454,-0.05951673598732432,-0.13921870751382215,0.14903047091412733,-0.027946716246927905,-0.04573211814587763,-0.032077786072497005,1.0,1.0,-0.024524312896405887,0.8966850566809991,True,Financials,-0.043316208320741345,0.029150411790203723,1.0,-0.3999999999999986,1.0,1.0,0.691811076593219
SXC,2026-09-25,9.7,9.7,9.41,9.57,1005245,46.8,,Z2G,MARKUP,0.03690332474851677,0.008429926238145313,-0.06906614785992204,-0.1039325842696629,0.6542056074766357,-0.019221608097491294,0.010036397546059117,0.14032667065497573,1.0,0.0,0.01403887688984895,0.9732075503096616,True,Materials,-0.04491017964071853,0.033477321814255,5.0,1.6999999999999957,0.0,0.0,0.6923407864623549
GFL,2026-09-30,42.3,42.46,41.75,41.83,3348401,49.3,,Z3,MARKUP,0.027705166474562948,-0.0016706443914080715,0.00795180722891553,-0.06063328093420173,0.5707472178060409,-0.005527991565549173,0.010857723108896433,0.01018077659605865,0.0,0.0,0.007381889763779403,0.9942166089943556,True,,0.018504991477964472,0.021739130434782705,1.0,-0.30000000000000426,0.0,1.0,0.6928232791279906
JD,2026-09-24,27.04,27.09,26.66,26.75,6901655,35.5,,Z1G,MKDN,0.019668382691328725,0.0041291291291292165,-0.070212026416406,-0.20125410570319502,0.1658415841584158,-0.031031579963415656,-0.06108951191148093,-0.0911739027777233,0.0,0.0,0.0011265490048817384,0.9939273419978465,True,,-0.00999259807549957,0.0045061960195269535,5.0,5.100000000000001,1.0,0.0,0.693403520859898
CBC,2026-09-25,32.15,32.34,31.95,32.06,1142257,50.2,,Z5,MARKUP,0.023524482407164638,0.00659340659340657,-0.012322858903265566,-0.05204021289177996,0.5498721227621489,0.001436431662442006,0.008893551857433346,0.12586218651471182,1.0,0.0,0.01627604166666674,0.9798530246998315,True,Financials,-0.010799136069114312,0.03720478809446792,7.0,3.8000000000000043,0.0,1.0,0.6940286033322987
CHRW,2026-09-29,147.59,149.83,147.21,149.71,1060643,46.2,T2,,MKDN,0.027329261382982806,0.001002941963091697,0.0003340906053721504,-0.2882137593305758,0.12259371833839916,-0.005563476813288393,-0.0421519359582585,-0.07606764644816222,0.0,0.0,0.017969956479011673,0.8586450440021756,True,Industrials,-0.05024424284717366,0.03234036684595232,17.0,2.6000000000000014,0.0,0.0,0.6943003367024232
FDUS,2026-09-29,19.14,19.6,19.13,19.53,522628,52.5,T2G,,MARKUP,0.015120794884333412,0.011917098445595853,-0.013636363636363669,-0.0601539942252165,0.3315508021390378,0.0072046797301317245,0.0024721196864989636,0.009167794621902425,1.0,1.0,-0.00473684210526315,1.023785360508762,True,,0.021443514644351458,0.032786885245901676,2.0,9.600000000000001,1.0,1.0,0.6946840274645603
JBL,2026-09-25,318.88,331.58,316.08,316.74,1334690,53.9,,Z5,UTAD,0.03895667795643764,0.05731548552925858,0.014476971366344182,-0.15977398731994596,0.3393660195239661,0.025193377692155794,-0.0024402909778473703,0.057475084474689186,1.0,0.0,0.010982243662116309,1.0382981734644965,True,Technology,-0.004212776659959672,0.07881471389645767,16.0,11.0,0.0,1.0,0.6949490447307499
JHX,2026-09-25,26.35,26.39,25.7,26.1,8227792,38.0,,Z10,MARKUP,0.03877962482010689,0.010844306738962084,-0.12327846825663413,-0.16958320076360156,0.2959048877146634,-0.053313796676441316,-0.05389023085650535,0.05294702953113073,1.0,0.0,0.008685353335965429,0.9166208016983712,True,,-0.08324552160168586,0.030398736675878446,5.0,5.799999999999997,1.0,0.0,0.6952221537520152
TRMB,2026-09-24,59.14,59.34,57.58,57.69,1600026,47.4,,Z1G,MKDN,0.028464103910992716,0.006279434850863463,-0.03334450402144773,-0.06951612903225812,0.6538152610441766,-0.011318583546723215,-0.0010300822108091356,-0.07310339014527611,0.0,0.0,0.002649240551042098,0.732712635613443,True,,0.014954257565094942,0.016205742469614037,10.0,1.2999999999999972,0.0,1.0,0.6952244761921121
CNNE,2026-09-28,15.58,15.7,15.38,15.58,471170,52.9,,Z7,MARKUP,0.027964733585029922,0.022980958634274407,-0.0038363171355498826,-0.03827160493827153,0.7155963302752297,0.007503453984732067,0.02536228595389889,0.03867239503218922,1.0,0.0,0.02476572958500678,0.964218727765864,True,Consumer Discretionary,-0.005108556832694733,0.04283801874163329,6.0,4.199999999999996,0.0,1.0,0.695936635169895
GDYN,2026-09-25,7.73,7.77,7.66,7.75,565392,49.9,T1G,,MKDN,0.03624397329673142,0.021080368906455815,-0.017743979721166037,-0.08066429418742582,0.7740863787375416,-0.007865439965317522,0.03590771346280608,0.051222938371026316,1.0,1.0,-0.005298013245033095,0.7744688405767519,True,Technology,-0.028822055137844638,0.031957390146471365,1.0,4.199999999999996,1.0,1.0,0.6962268753763954
FULT,2026-09-25,23.21,23.38,23.1,23.23,2161828,43.8,T2G,,MARKUP,0.01777857946976761,-0.007264957264957239,-0.0218947368421053,-0.07927070947284975,0.21568627450980413,-0.008876347464064294,-0.015800558349508886,0.05043099259209605,1.0,1.0,-0.013913043478260834,1.0254605918246291,True,Financials,-0.015677966101694918,0.024250440917107596,1.0,1.5,1.0,1.0,0.6965996029962784
CARE,2026-09-29,29.62,30.21,29.45,30.12,281797,40.7,T3,,MARKUP,0.02548421628540993,-0.005284015852047519,-0.03585147247119069,-0.16472545757071555,0.10136157337367646,-0.0199460631655215,-0.03413036510032419,0.10381833959805542,1.0,1.0,-0.012407780013413805,1.0617384958138643,True,Financials,-0.03430586726514906,0.022750424448217288,0.0,3.4000000000000057,1.0,1.0,0.6966285020670631
JAZZ,2026-09-25,239.12,239.12,235.66,237.95,1129594,42.4,,Z5,MARKUP,0.02554087651155794,-0.011589266428512213,-0.052369573874950226,-0.10672723177415722,0.18281115263006573,-0.018666189371067565,-0.023762343311386935,0.11530393340319822,1.0,1.0,-0.0186864406779661,0.8717489312079703,True,Healthcare,-0.031936533767290554,0.02746232566172968,2.0,-1.2000000000000028,1.0,0.0,0.6970174082664657
BEAM,2026-09-24,23.88,24.81,23.16,24.66,2283249,42.1,T3,,MKDN,0.06288874861777895,-0.0004053506282934993,-0.18317323617091752,-0.35546262415054886,0.12764592687620263,-0.04514243900681325,-0.09498491408466558,-0.10020714511681417,0.0,0.0,0.021614468460520397,1.0372107095163277,True,Healthcare,0.011899876897825123,0.0877812086457872,6.0,1.8999999999999986,1.0,1.0,0.6971141592319186
PAGS,2026-09-30,8.91,9.04,8.73,8.9,5612641,41.5,,Z11,MKDN,0.03610849465771876,-0.020902090209020896,-0.026258205689277947,-0.13676042677012612,0.2539682539682541,-0.035746402373538544,-0.03840288573185402,-0.06080462584993451,0.0,1.0,-0.015837104072398245,1.005134262247189,True,,-0.060190073917634646,0.02298850574712663,1.0,-2.299999999999997,1.0,0.0,0.6971875753971808
CHKP,2026-09-25,136.3,136.44,131.0,131.24,949320,45.8,,Z2,MKDN,0.03936065909374632,-0.01107678396503653,-0.01493657584628072,-0.07642505277973244,0.45536609829488534,-0.027034499547594848,-0.016727865471227954,-0.11187750425561838,0.0,0.0,0.03172849250197318,1.019710993766458,True,,-0.0030385900941961586,0.00397796817625462,10.0,-2.6000000000000014,0.0,1.0,0.6986155581265489
IMKTA,2026-09-25,84.11,84.47,83.12,83.77,103265,50.1,,Z9,MARKUP,0.021378987864039897,0.012448634276045478,0.01835643082907845,-0.10882978723404257,0.26030368763557443,0.004423855393263398,-0.013699052453524985,0.0039047553347140163,1.0,0.0,0.0238243732069352,0.835687426198981,True,Consumer Staples,0.00782001924927811,0.02546211286571176,17.0,5.800000000000004,0.0,1.0,0.6989520350513945
VTR,2026-09-28,86.88,87.87,86.51,87.04,2166006,36.7,T9,,MARKUP,0.019303515956784242,0.00011490290704352368,-0.05195512471408337,-0.14330708661417313,0.08886107634543196,-0.017419052117048972,-0.031249530265095804,0.018680247644786485,1.0,1.0,-0.010745233968804113,0.8409319206350625,True,,-0.02312008978675628,0.0165849100677411,1.0,2.700000000000003,1.0,0.0,0.6994441915923545
SPIR,2026-09-25,12.28,12.63,12.02,12.08,510121,46.7,,Z3,MKDN,0.0632244016587227,0.05964912280701751,-0.13714285714285712,-0.3861788617886178,0.17748917748917756,-0.0076038686648600695,-0.07265919952763844,-0.11308665317923605,0.0,0.0,0.040909090909090784,0.9225147933077019,True,Communication Services,0.05779334500875666,0.09818181818181815,9.0,7.5,1.0,0.0,0.7001008026615239
TRNS,2026-09-24,88.25,88.78,85.32,86.13,182496,48.4,,Z2G,MARKUP,0.040592548408251855,0.009967166979361952,-0.039370956948472036,-0.13870000000000005,0.33699808795411074,-0.005811597730477569,-0.012305679712398265,0.051463215958779784,1.0,0.0,0.038533952554286266,1.2362145237935613,True,Technology,0.045774647887323994,0.08108447345299341,6.0,0.8999999999999986,1.0,1.0,0.7005945719583551
INDB,2026-09-25,80.82,81.74,80.69,81.2,275065,43.8,T1G,,MARKUP,0.018446841629147153,-0.012645914396887115,-0.01480223246784762,-0.07199999999999995,0.22794117647058826,-0.009403647787519676,-0.01719580214879468,0.023647416746912286,1.0,1.0,-0.004392019073911291,0.935015082078181,True,Financials,-0.018612521150592087,0.023443408116964992,1.0,-1.2000000000000028,1.0,1.0,0.7006714021594016
PCOR,2026-09-30,49.84,51.92,49.66,51.72,2850622,44.7,T2G,,MKDN,0.04454488022749255,0.012925969447708408,-0.14314115308151099,-0.2017286618305295,0.4499158249158247,-0.018839284808266687,-0.03209860098285855,-0.06835827510366577,0.0,1.0,-0.04505050505050501,1.3163373043710653,True,Technology,-0.004810467577448518,0.0941400465411466,2.0,6.400000000000006,1.0,1.0,0.7009748143513574
AUB,2026-09-25,38.79,39.0,38.56,38.78,1440895,37.2,,Z5,MARKUP,0.01893664742313474,-0.006405329233922674,-0.05020818025961293,-0.10993803075510666,0.13067150635208696,-0.019273972793888206,-0.0373828787601268,0.00364252738758708,1.0,1.0,-0.010400416016640657,0.8740166660879416,True,Financials,-0.023665659617321144,0.018917498686284784,1.0,2.5,1.0,0.0,0.7014165359275295
KVUE,2026-09-29,17.74,17.93,17.7,17.91,19194851,42.3,T2,,MARKUP,0.017785433092974985,0.0027995520716685984,-0.05137711864406769,-0.11028315946348732,0.1590909090909097,-0.008722462274988296,-0.02746543190115025,-0.029312481671638357,0.0,0.0,0.0034305317324185847,0.6121150119254088,True,Materials,-0.0005580357142858094,0.02401372212692987,6.0,4.799999999999997,1.0,1.0,0.7017020403396765
FIBK,2026-09-25,36.66,37.16,36.65,36.91,1646959,47.6,T2G,,MARKUP,0.01858604550704368,-0.01178045515394921,-0.009659243359270375,-0.09088669950738926,0.19432314410480214,-0.0028119577289678066,-0.01030397689284146,0.030269165085933913,1.0,1.0,-0.0038716814159289736,0.9985208065892407,True,Financials,-0.0002708559046588066,0.024708495280399534,2.0,-1.8999999999999986,1.0,1.0,0.7021714948747273
MKC,2026-09-28,47.83,48.66,47.62,48.46,3166135,34.6,T2,,MKDN,0.025584277707134784,-0.00879525465330333,-0.12416410627146213,-0.14788113240724454,0.11659663865546217,-0.036159429339430504,-0.05637914187461035,-0.1254620654200792,0.0,0.0,-0.024917627677100485,0.8463110840830126,True,Consumer Staples,-0.03830125024806508,0.02344244984160504,1.0,3.5,0.0,0.0,0.7022509031732546
IFS,2026-09-28,55.89,56.38,55.52,55.52,244117,50.7,,Z1,MARKUP,0.022081300191893815,0.0,0.015919487648673458,-0.09547083740632123,0.2879708383961122,0.002837724602504643,0.0013512351189364225,0.08941318133170317,1.0,0.0,0.024010504595760596,1.0766164620364298,True,,0.015362106803218811,0.04145563684111808,7.0,-1.2999999999999972,1.0,1.0,0.7022701136046067
MO,2026-09-28,69.0,69.6,68.68,69.13,5972679,51.6,T2G,,MARKUP,0.019075648872732776,0.008755289654166054,0.006991988346686018,-0.10290682584998712,0.3964992389649919,0.002973883593095028,0.0011914754498660862,0.022518340702725848,1.0,0.0,0.020389805097451363,0.815314414444329,True,Consumer Staples,-0.020960203937119393,0.015721422274463714,13.0,3.5,0.0,1.0,0.7023903826363135
FSV,2026-09-25,127.66,129.31,125.95,128.62,200431,37.3,T9,,MKDN,0.028849244891546395,-0.003795213383936291,-0.08838330143879791,-0.15514976353126642,0.19769021739130452,-0.04263217176387091,-0.06713620306425383,-0.12093868921973827,0.0,0.0,-0.022582647834859637,1.015279993868493,True,,-0.06648279866453766,0.021198888447796715,1.0,4.5,1.0,0.0,0.702492145511588
HBM,2026-09-25,26.5,26.76,26.1,26.63,2576776,48.5,T2G,,MARKUP,0.047800928498761136,-0.01003717472118959,-0.12285902503293811,-0.13595068137573008,0.6232014388489208,-0.01128937905149563,0.005412392688863843,0.13654226624561505,1.0,0.0,0.05519480519480524,1.0844610156712595,True,,0.004147812971342368,0.0807629870129869,9.0,-1.3999999999999986,1.0,1.0,0.7036906996135117
SPB,2026-09-25,84.97,85.06,83.54,84.91,227196,43.3,,Z10,MARKUP,0.02584635895787412,-0.01462225832656383,-0.04056497175141249,-0.14284272158287914,0.22635319846910876,-0.018683418366099436,-0.019710695867556693,0.07499021114512328,1.0,1.0,-0.005712925493929877,0.8966594205960289,True,Industrials,-0.015193690559035078,0.016399329662436957,0.0,-2.5,1.0,0.0,0.7038583083590795
CARS,2026-09-25,10.56,10.92,10.54,10.9,458671,42.6,T6,,MARKUP,0.042200692188265304,-0.021543985637342944,-0.07391673746813932,-0.18290854572713644,0.2445820433436535,-0.03633457978959498,-0.04791579655902922,-0.014182857738184396,1.0,0.0,-0.08090909090909093,1.1850504419607573,True,,-0.06115417743324714,0.0781404549950544,2.0,2.5,1.0,1.0,0.7039314265620805
PTGX,2026-09-30,141.6,143.74,140.44,140.89,787658,44.6,,Z2,MARKUP,0.036617841787345756,0.015789473684210575,-0.038227865383302806,-0.12387289347677388,0.438715131022823,-0.01750980365179111,-0.0026131160482825155,0.22120651810429504,1.0,1.0,-0.02741514360313313,1.151155594516242,True,Healthcare,-0.01365163819658366,0.05063385533184195,4.0,5.600000000000001,1.0,1.0,0.7041436941735301
AAUC,2026-09-25,22.09,22.35,21.81,22.29,345797,49.0,T1G,,MKDN,0.041756673017464344,-0.027062418158009693,-0.07548734964744919,-0.10589651022864022,0.6699999999999999,-0.005561249337569629,-0.017653189963668048,-0.06532097351875832,0.0,0.0,0.04299516908212553,1.1109557194961917,True,,-0.024080560420315256,0.07681159420289863,7.0,-3.799999999999997,1.0,1.0,0.7044032231550692
BHRB,2026-09-25,69.56,70.19,69.34,69.84,123802,41.9,T2G,,MARKUP,0.019469293704434197,-0.0008583690987125081,-0.024853392907009275,-0.069792221630261,0.23279648609077655,-0.01084021819845471,-0.013179876070151253,0.0383907015498246,1.0,1.0,-0.012372320529420167,1.0637293634981344,True,Financials,-0.02362645044037459,0.0173343044428258,1.0,4.199999999999996,1.0,1.0,0.7049092157577755
CIEN,2026-09-25,363.0,366.43,355.01,356.91,1617461,48.1,,Z3,MARKUP,0.06427013213732811,0.023251146788990873,-0.10739027135175694,-0.2651485515452243,0.2602676776380034,-0.0011552784582782305,-0.06229494626928522,-0.028798054169603904,1.0,0.0,0.11219512195121939,0.721913651947556,True,Industrials,0.021084854380042373,0.12084288540652577,15.0,2.3000000000000043,0.0,0.0,0.7049674130999114
GWRE,2026-09-24,152.66,154.99,150.01,151.0,987220,43.3,,Z2G,MKDN,0.054149079266204686,0.041522968685336004,-0.2097137174857382,-0.2722540845341944,0.3067861087249969,-0.04406130649599904,-0.05327376362623748,-0.06858079578800991,0.0,0.0,0.019426658905704386,0.699119046534769,True,Technology,0.07787850667428087,0.09866123399301507,9.0,4.899999999999999,1.0,0.0,0.705106028230493
ARCC,2026-09-29,19.17,19.48,19.13,19.36,4638900,46.2,T1,,MKDN,0.013834770771841797,0.0,-0.035376183358246216,-0.043005437469105345,0.5606060606060602,-0.005138702328675637,-0.0039642190954611856,-0.006015666696721711,0.0,1.0,-0.01302083333333337,0.9749571884402906,True,,-0.0005162622612288059,0.021635883905013253,3.0,3.6000000000000014,1.0,1.0,0.7052189919265813
ARES,2026-09-25,120.14,124.02,119.65,122.01,1575612,35.5,T1,,MKDN,0.03752389048685445,-0.01445880452342485,-0.1432483673899304,-0.18589444184960302,0.2156531531531534,-0.0549509633745876,-0.06940733165487634,-0.0893361195850022,0.0,1.0,-0.041141066864539555,0.9629641390565499,True,Financials,-0.07315405651777562,0.04909716251074814,1.0,2.8999999999999986,1.0,1.0,0.7055007034689359
PK,2026-09-24,15.08,15.46,14.96,15.21,3915183,50.4,T1,,MARKUP,0.025881529767173197,0.009960159362549792,-0.04519774011299427,-0.061111111111111005,0.6102362204724414,0.0003598691282029609,0.01585297124365015,0.1558225164527347,1.0,0.0,0.014363885088919393,1.0090536074885146,True,Consumer Discretionary,-0.007180156657963455,0.04035567715458277,6.0,3.6000000000000014,1.0,1.0,0.7066762535690103
EXP,2026-09-25,177.27,181.15,176.8,178.49,418535,35.1,T3,,MKDN,0.028466456633150544,0.009444632960072585,-0.09721308987911592,-0.20745082367568046,0.054825005057657444,-0.03729794118968355,-0.08578832302467021,-0.13454412010400796,0.0,0.0,0.0020480145636589953,1.0538148946947419,True,Materials,-0.035814606741572996,0.015416998520878522,5.0,8.5,1.0,0.0,0.7067312644058863
MDLZ,2026-09-28,60.16,60.68,59.75,60.18,7245859,39.2,T5,,MARKUP,0.019640438104767333,0.00016619577862719837,-0.03495830660679922,-0.09707426856714185,0.2672706681766702,-0.021033547689719434,-0.024380015880668182,-0.011928434825260292,1.0,1.0,-0.0056581793975704064,0.9369901702716612,True,Consumer Staples,-0.03542234332425065,0.007196652719665186,0.0,2.700000000000003,1.0,0.0,0.7068150494610171
EEFT,2026-09-25,64.71,66.28,64.0,65.61,616070,38.1,T1,,MKDN,0.03492600506397365,-0.006360745115856492,-0.04260907631694155,-0.2186495176848875,0.10088148873653291,-0.04021400566723721,-0.06918846767211617,-0.11808385509197095,0.0,0.0,-0.03507440024293962,0.9711454114241336,True,Financials,-0.09102244389027436,0.03241542092840288,1.0,1.8999999999999986,1.0,1.0,0.706876252403497
NBIX,2026-09-30,138.33,142.91,137.63,141.84,1847009,37.2,T2,,MARKUP,0.029059767744027482,0.01684708581260308,-0.09517734115845866,-0.23791102514506768,0.11102188315599279,-0.03283416795209282,-0.07431498745751441,-0.05461819270126744,1.0,1.0,-0.021604938271604923,1.139598177278856,True,Healthcare,-0.05123745819397996,0.040569290587631146,1.0,10.600000000000001,1.0,1.0,0.7073214048286184
ACRS,2026-09-24,5.24,5.44,5.14,5.38,2488939,43.3,T3,,MARKUP,0.06451254212640836,-0.0037037037037037646,-0.13085621970920847,-0.18484848484848482,0.25153374233128845,-0.046980515001449064,-0.04475633198303974,0.18909357156923057,1.0,0.0,0.014084507042253502,1.022486726814942,True,Healthcare,-0.021818181818181848,0.08249496981891347,6.0,1.7999999999999972,1.0,1.0,0.7074681331459517
SHAK,2026-09-30,58.61,60.74,57.3,58.68,2240981,42.2,T1G,,MKDN,0.04658418903018211,0.0035915854284247484,-0.13220940550133098,-0.23203769140164898,0.27006998764923845,-0.028443747610616188,-0.07456646213606843,-0.22627648926480193,0.0,0.0,0.013703636031427102,1.2525067424894933,True,Consumer Discretionary,0.03583406884377771,0.07217248309884905,8.0,4.600000000000001,1.0,1.0,0.7075184839340203
MA,2026-09-29,564.0,566.99,561.3,563.58,2901449,45.4,,Z1G,MARKUP,0.015818095327787732,0.013833672129378138,-0.04366123093108876,-0.06262162566738183,0.5628193218764518,-0.00913235817171143,0.0009661106697056443,0.0372745884169523,1.0,0.0,0.0015909748336708773,1.0308700501256498,True,Industrials,-0.016903029985870455,0.018910905409314394,5.0,7.0,1.0,1.0,0.7075493675831499
JACK,2026-09-28,13.38,14.13,13.24,13.7,641270,40.4,T6,,MKDN,0.05990869011933123,0.026986506746626615,-0.1537986411365041,-0.40563991323210413,0.08780487804878034,-0.04022807584485677,-0.08336359552127837,-0.11438025938656815,0.0,0.0,0.014843750000000044,0.878208811369562,True,Consumer Discretionary,-0.06548431105047758,0.07031249999999978,5.0,5.100000000000001,1.0,1.0,0.7081500187508478
L,2026-09-29,104.51,105.99,104.51,105.93,790995,34.7,T6,,MARKUP,0.015142204577139145,0.00018883958077631213,-0.02179333271770245,-0.12461780018180313,0.11761263897015826,-0.014588351903285113,-0.03343653547671677,-0.019185108201641876,1.0,1.0,-0.013667425968109326,0.866590158429626,True,Financials,-0.03003387968134774,0.019341801385681423,2.0,7.100000000000001,1.0,1.0,0.7084233771622659
CTRE,2026-09-25,37.27,37.43,36.96,37.41,1684432,35.5,T3,,MARKUP,0.020921195482341694,-0.003462972828982447,-0.049542682926829396,-0.14236588720770293,0.08271787296898013,-0.023197957864320773,-0.04470999594183356,-0.028317541772172605,1.0,1.0,-0.014178705189941132,0.8579718817000156,True,,-0.031330916623511174,0.015196743554952485,2.0,1.7999999999999972,1.0,0.0,0.708499463898507
NVRI,2026-09-30,19.64,19.84,19.29,19.53,390385,36.2,,Z5,MARKUP,0.043211818291618624,0.00514668039114774,-0.11267605633802813,-0.1929752066115702,0.12710280373831775,-0.04990611645566023,-0.07612116548800629,0.007473277728782701,1.0,1.0,-0.023316062176165775,1.101625935235262,True,Utilities,-0.04824561403508765,0.036074270557029164,2.0,3.0,1.0,1.0,0.7088542037070834
ABNB,2026-09-30,158.1,162.46,157.0,160.65,4603809,43.6,T2G,,MARKUP,0.034170194453960315,0.07400722021660644,-0.11991892188013575,-0.16955285603515113,0.43183786592759416,-0.023698429353392392,-0.025724965952202528,0.08604582344797462,1.0,0.0,0.004563758389261707,1.0736973285918106,True,,-0.040952778938570744,0.07818791946308723,5.0,17.1,1.0,1.0,0.7089929564453709
TIC,2026-09-24,8.88,9.01,8.75,8.87,992969,44.2,,Z2G,MKDN,0.044807009837434755,-0.014444444444444482,-0.09582059123343545,-0.18173431734317347,0.547126436781609,-0.0353055339374847,-0.012333537988441168,-0.016788071280700922,0.0,1.0,-0.0011415525114154557,1.0368818866040816,True,Industrials,-0.0431499460625675,0.013714285714285568,0.0,-2.1999999999999957,1.0,0.0,0.7090042286366371
JXN,2026-09-29,131.34,131.89,129.96,131.34,724062,47.1,,Z7,MARKUP,0.03023846979902616,0.013660569576290804,-0.015663643858202847,-0.06784953867991483,0.7153914855611789,-0.012032137631771689,0.011560959048806163,0.13034171429625885,1.0,0.0,0.03428248769863673,0.763491240928389,True,Financials,-0.04970696765791194,0.05944986690328302,8.0,4.100000000000001,1.0,1.0,0.7090082852956116
ASTS,2026-09-25,61.98,63.22,61.02,61.81,6441680,49.3,,Z5,MKDN,0.06649498009044441,0.05622009569377995,0.006022135416666741,-0.3180714916151809,0.2381078224101481,0.0029361743803553164,-0.04875717885991393,-0.1427320471108301,0.0,0.0,0.04703770197486534,0.9485425435864793,True,Communication Services,0.032576010691613755,0.07927361620394624,17.0,5.599999999999994,0.0,0.0,0.7090168107116656
STAA,2026-09-28,20.43,20.96,20.16,20.87,540758,41.8,T2,,MKDN,0.052364979042781166,0.02706692913385833,-0.05608322026232471,-0.3022400534938148,0.16758747697974222,-0.037685133833438966,-0.10260477551468017,-0.13265812361729812,0.0,1.0,-0.05599603567888989,0.7613880455384602,True,,-0.09536194191590808,0.09553805774278223,2.0,11.299999999999997,1.0,1.0,0.7092304788362621
BFST,2026-09-25,30.77,30.99,30.66,30.86,176272,46.2,T2G,,MARKUP,0.015400807472273962,0.0012978585334197934,-0.011847582452769845,-0.05104551045510464,0.45751633986928025,-0.0049772371471646926,-0.0029862010659132965,0.06546013537864392,1.0,1.0,-0.006559527714004587,0.8773186065852727,True,Financials,-0.017823042647994947,0.01881809177946514,1.0,4.0,1.0,1.0,0.7093149498119996
CWBC,2026-09-29,26.41,26.74,26.02,26.24,214729,52.2,,Z2,MARKUP,0.022356450992082114,0.019425019425019396,0.011955264172772706,-0.06851260205892806,0.45633802816901325,0.00450484118120853,0.009836845683073081,0.07146120307153181,1.0,1.0,-0.010220125786163603,1.1410695764267658,True,Financials,0.0022918258212374365,0.04209690230341545,3.0,8.5,1.0,1.0,0.7095006187677769
BRX,2026-09-25,27.73,28.09,27.56,28.07,3648058,35.3,T2,,MARKUP,0.01502453521978822,0.0014270424545130833,-0.03572655444864303,-0.14576993304930008,0.11460258780036987,-0.015382676324264821,-0.044932653072382145,-0.04204359516537448,1.0,1.0,-0.01258992805755399,0.9430653731847225,True,,-0.022972502610511647,0.022586520947176725,1.0,9.799999999999997,1.0,0.0,0.7095959489551882
AXGN,2026-09-25,43.61,44.68,43.05,43.39,1221851,42.2,,Z5,MARKUP,0.05146560635712274,-0.018991634637124055,-0.16122172820413683,-0.1799281799281799,0.3514986376021801,-0.04236612276073837,-0.04272513692965774,0.13418584855655924,1.0,0.0,0.07395254921756678,0.9157666670115672,True,,0.029174573055028574,0.044283995186522374,10.0,-1.2999999999999972,1.0,0.0,0.7098404388749416
KMPR,2026-09-29,24.94,25.9,24.84,25.66,1176388,39.5,T4,,SPRING,0.03763804431276928,-0.020610687022900698,-0.08942512420156135,-0.1775641025641025,0.12893081761006295,-0.03356593782302186,-0.057993660785584544,-0.2079197858243781,0.0,0.0,-0.034589972794403456,0.9665648843067731,True,Financials,-0.07764198418404022,0.03301127214170685,0.0,-0.8999999999999986,1.0,1.0,0.7100562646824765
NTB,2026-09-25,58.72,59.15,58.35,58.95,101715,44.5,T2G,,MARKUP,0.01798741850623368,-0.007742804241710033,-0.0030441400304414,-0.08134642356241228,0.17924528301886802,-0.00810935581759109,-0.013330596296049158,0.055172075058666836,1.0,1.0,-0.002760048300845197,0.9661259627429892,True,,-0.021414342629482053,0.019719771665801744,1.0,-0.5,1.0,1.0,0.7100658371158286
DOW,2026-09-28,28.3,28.41,27.84,27.89,7994074,36.7,,Z6,MKDN,0.03354575338994887,-0.013441811107180679,-0.08587348410357265,-0.1649700598802395,0.15230769230769262,-0.04307960743741768,-0.0710370612608392,-0.0951938905217018,0.0,0.0,-0.013610315186246558,0.9116746584350782,True,Materials,-0.03494809688581313,0.012708787218591144,1.0,-1.0,1.0,0.0,0.7102341427227109
TIGO,2026-09-25,91.37,94.53,90.56,92.63,988313,45.8,T1,,MARKUP,0.030440758208339,-0.01729259495013802,-0.006329113924050667,-0.13534957528236724,0.3101807802093243,-0.0155352617875677,-0.010078567481107803,0.14884500879837104,1.0,1.0,-0.0056285178236398226,0.9026152791918695,True,,-0.04189077368638816,0.02807991120976694,1.0,-2.9000000000000057,1.0,1.0,0.7109092795141332
V,2026-09-29,366.93,368.26,365.0,365.88,5470983,46.1,,Z1,MARKUP,0.01573844976522915,0.010606562810739018,-0.03555895300102807,-0.051067251082812404,0.5215066828675575,-0.008064002856175034,0.0022469933915783002,0.05539757955007696,1.0,0.0,0.0005558643690939391,0.8569038996993699,True,Industrials,-0.025930461636760604,0.01689827682045575,5.0,5.300000000000004,1.0,0.0,0.7113013759100187
TMUS,2026-09-28,165.63,167.5,164.52,166.45,4797691,38.4,T1G,,MKDN,0.029337024949847797,0.00713983179040345,-0.08226277774714685,-0.16293688710082976,0.1408114558472554,-0.03471632593559215,-0.06171766572494408,-0.1350029512227119,0.0,1.0,-0.004386777880753812,1.0984924958363986,True,Communication Services,-0.08993985784581748,0.032952711927516365,3.0,4.5,1.0,1.0,0.7113486852408938
BLDR,2026-09-25,58.27,59.99,57.41,59.17,1494294,39.5,T4,,MKDN,0.04545254563258306,0.01806607019958717,-0.1196250557952685,-0.3164279112754159,0.08699999999999998,-0.03882650991223158,-0.11121761860676604,-0.29021887723744144,0.0,0.0,0.008132956152758108,0.6735823940793522,True,Consumer Discretionary,-0.019877422560874547,0.04614568599717117,5.0,6.799999999999997,1.0,1.0,0.7118862514799262
SCCO,2026-09-24,199.94,203.2,197.95,201.58,808858,52.8,T11,,MARKUP,0.040194609874707264,0.027892509306001623,-0.05693567251461984,-0.08696439894918018,0.67725668179526,0.012344976664091734,0.031481345755597134,0.14547829372767396,1.0,0.0,0.05177111716621252,0.9411925992765973,True,Materials,0.038322859791902975,0.09852861035422356,8.0,3.8999999999999986,1.0,1.0,0.712612017884457
CCSI,2026-09-24,35.75,35.98,35.05,35.37,70027,44.7,,Z2G,MARKUP,0.044918208932599464,-0.01613351877607805,-0.07866631935399848,-0.14565217391304353,0.25555555555555554,-0.02741901351163112,-0.026472901710554275,0.1134093607650597,1.0,0.0,0.0318318318318318,0.8700047483564353,True,Technology,-0.024544953116381718,0.029394644935972103,15.0,-1.1999999999999957,0.0,1.0,0.7126569538866366
PGC,2026-09-25,44.9,45.34,44.8,45.03,99958,46.1,T2G,,MARKUP,0.02038366077554976,-0.005521201413427601,-0.002878653675819187,-0.08363858363858367,0.3893016344725116,-0.005526047946473378,-0.007225162410944175,0.11408353511812819,1.0,1.0,-0.0038435451051321845,0.9866261829696299,True,Financials,-0.016812227074235686,0.022015433499773085,1.0,-0.10000000000000142,1.0,1.0,0.7128416313097938
IIPR,2026-09-25,55.59,56.06,55.26,55.52,323261,42.3,,Z9,MARKUP,0.020706408148801234,-0.0017979144192735719,-0.01595179014533854,-0.15081064545732625,0.08364312267658047,-0.014249623501428776,-0.031712320141636385,-0.011022765640137044,1.0,1.0,-0.0027173913043478937,1.0918519162806026,True,Real Estate,-0.012977777777777755,0.008537693006357872,1.0,2.0,1.0,0.0,0.7130572475646022
GPOR,2026-09-24,160.0,162.08,158.66,161.91,257152,40.8,T2G,,MKDN,0.030884588420130962,0.0032220087985626034,-0.0696966214663296,-0.11640471512770145,0.37375220199647646,-0.03223772144454207,-0.03896244707469909,-0.09097625191872383,0.0,1.0,-0.03770063456513628,1.1808916191259666,True,Energy,-0.08162223482699948,0.04674166020170678,2.0,5.699999999999996,1.0,1.0,0.7131261800462563
HIMS,2026-09-30,29.16,31.03,29.09,29.79,14520082,53.0,T1,,MKDN,0.05858356195908289,0.049313138429024184,0.04746835443037978,-0.20981432360742713,0.4123328380386329,0.027669285186248782,0.012318481479331123,-0.0503500424402622,0.0,0.0,0.02169846614291049,1.0855503680437648,True,Healthcare,0.06392857142857133,0.09080922738923469,13.0,5.600000000000001,1.0,1.0,0.7132644619409679
IT,2026-09-28,185.29,187.01,182.64,185.73,903596,51.9,T10,,MKDN,0.04430003659374783,0.013146410648047002,-0.06381370028731281,-0.08520908240161562,0.7670033670033668,0.006972455989698645,0.04474310428435202,-0.015105988201697507,0.0,0.0,0.06041804710559595,0.8758973310674644,True,Industrials,-0.05754300502359566,0.05504430811179284,13.0,2.299999999999997,1.0,1.0,0.7133635800388127
TDW,2026-09-24,87.1,88.23,86.01,86.82,444787,45.6,,Z10,MARKUP,0.039102193611651306,-0.011499487646590034,-0.022407386555568176,-0.145304193738925,0.5773195876288658,-0.027016850495825695,-0.00040160946722822555,0.13118996558634932,1.0,0.0,-0.02872902780969888,0.9977717248637809,True,Industrials,-0.056201761060984956,0.027212494084240424,2.0,-0.3999999999999986,1.0,1.0,0.7134169474623417
RDNT,2026-09-28,70.08,72.84,69.62,71.81,528179,45.5,T4,,MARKUP,0.036938778802204406,-0.011834319526627168,-0.03752848143680465,-0.09978688730099028,0.6385104450499548,-0.024811350459723935,0.004393992713335626,0.07777740372666142,1.0,1.0,-0.007134703196347014,0.8059743338959662,True,Healthcare,-0.04874817856669744,0.032049439494107546,1.0,-1.2000000000000028,1.0,1.0,0.713651266219571
MRSH,2026-09-30,170.01,171.66,169.28,170.73,3087366,34.9,T2,,MARKUP,0.020892449552572197,0.0020542317173377622,-0.08982833990830585,-0.13985591213663162,0.11167999999999938,-0.028022658333033856,-0.04751221815377393,,0.0,1.0,-0.00410885488000956,1.054886923666335,True,Financials,-0.03411405295315684,0.020868213346089348,1.0,4.799999999999997,1.0,0.0,0.7138993761769803
RJF,2026-09-29,161.04,161.76,158.67,159.85,898258,33.7,,Z9,MARKUP,0.02391945226812503,0.0028860028860029363,-0.1028231464331818,-0.12521206151151976,0.15975027543150921,-0.03803423159505703,-0.05247323853412256,-0.01794716998267787,1.0,0.0,0.00019292604501619515,0.9692696839913721,True,Financials,-0.052740740740740755,0.0279742765273312,5.0,4.600000000000001,0.0,1.0,0.7142535518704983
NNE,2026-09-25,17.06,17.42,16.77,16.99,1328806,47.5,,Z3,MKDN,0.06399832130581828,0.0801017164653528,-0.11694386694386694,-0.24117909781152314,0.2968749999999997,-0.011676646904514087,-0.06484951115758963,-0.2749228157708856,0.0,0.0,0.08782435129740529,1.01886903586765,True,Utilities,0.035344302254722626,0.13040585495675305,7.0,6.600000000000001,1.0,0.0,0.7144733056353698
GEF,2026-09-25,83.15,83.45,82.61,82.66,359682,45.5,,Z2,MARKUP,0.024369622960202685,-0.0006045218232377803,-0.021890900485149745,-0.08723498233215554,0.6275341819896274,-0.01121727664652672,0.004854961118038181,0.11917564307515849,1.0,0.0,0.037204625439919425,0.9685192707652008,True,Industrials,0.004130223517978759,0.038964303670185885,8.0,-0.10000000000000142,1.0,0.0,0.7145979448281888
ADUS,2026-09-29,111.5,113.24,110.47,112.96,200478,40.3,T3,,MARKUP,0.026095240189424822,-0.011204481792717047,-0.014912357198918702,-0.08267013155757674,0.4538626609442057,-0.022952226049658853,-0.013083621890918606,0.039643446338486044,1.0,0.0,-0.03070983592173382,0.9172855519328692,True,Healthcare,-0.025198481187435284,0.022540056123834473,0.0,-1.1000000000000014,1.0,0.0,0.7146180164049332
TPG,2026-09-30,44.0,44.29,43.11,44.13,3472663,35.2,T1G,,MKDN,0.0364129413147011,-0.017805475183618857,-0.1579851173440182,-0.20486486486486477,0.22016460905349802,-0.051146807830373064,-0.06562714675999437,-0.0766282030729658,0.0,0.0,-0.04788543298277026,1.0521034444528425,True,Financials,-0.051987110633727074,0.03713278495887207,4.0,2.5,0.0,1.0,0.714800899593364
FFIN,2026-09-25,32.18,32.59,32.18,32.45,844845,40.4,T2G,,MARKUP,0.018617343775314134,-0.010972264553489763,-0.01874811006954935,-0.11144578313253017,0.16082474226804142,-0.015589898314215533,-0.030741855212648606,-0.02238745378005358,1.0,1.0,-0.02011138613861385,1.0751518386287073,True,Financials,-0.021411338962605386,0.02462898642248179,1.0,0.29999999999999716,1.0,1.0,0.7156310874720189
DAL,2026-09-30,84.85,85.14,83.13,83.46,6557500,53.4,,Z2G,MARKUP,0.028380444238097127,0.02091743119266054,0.0926944226237234,-0.12156615093148104,0.39274447949526786,0.01517379081047987,0.009095306749995036,0.09644606362810038,1.0,0.0,0.06211343597841812,0.931071762026417,True,Industrials,0.07178631051752915,0.057258677476564435,10.0,2.799999999999997,0.0,0.0,0.7158393833672914
AGIO,2026-09-28,32.53,34.12,32.35,33.42,1347677,48.8,T4,,MARKUP,0.042342411152461644,-0.015611192930780615,0.0030012004801920344,-0.24200498979360396,0.2858099062918341,-0.0039009824080786792,-0.009559788991112761,0.01903521327250024,1.0,1.0,-0.02638112973308493,1.2146015662857816,True,Healthcare,0.006020469596628608,0.0653490596110935,2.0,-3.0,1.0,1.0,0.7158555920948577
AVY,2026-09-24,172.64,173.35,168.41,169.01,629250,43.5,,Z1,MARKUP,0.024703667658534368,-0.01215734408790703,-0.07305435199912258,-0.10058006492469806,0.43055137089484763,-0.01748033454176756,-0.014178093481223009,-0.010808184406746246,1.0,0.0,0.00503446209169911,0.8942855880929838,True,Materials,0.0014220536825264585,0.007871667958733397,12.0,-1.8999999999999986,1.0,1.0,0.7169932751120631
PBI,2026-09-30,16.3,16.79,16.3,16.32,2494682,37.9,T9,,MARKUP,0.028770712632359925,0.003073140749846326,-0.04617182933956743,-0.14420555846879912,0.10714285714285716,-0.02380031562982543,-0.033369771329270326,0.09356294901364515,1.0,1.0,-0.012931034482758452,0.7893727796313156,True,Technology,-0.05719237435008662,0.01809107922645037,1.0,2.0,1.0,0.0,0.7170253634070066
GKOS,2026-09-30,158.31,165.65,157.29,164.19,947091,47.3,T2,,MARKUP,0.04153973732948469,0.06971138184898029,-0.07079796264855687,-0.14314789687924023,0.43454957740672,-0.004280954818854155,-0.006904637040473061,0.1759895118894439,1.0,1.0,-0.015002282956102064,1.0806620667539244,True,,0.004404477885850522,0.08727898814648039,3.0,15.899999999999999,1.0,1.0,0.7171348332068161
VLTO,2026-09-28,97.14,97.27,95.82,96.2,1239048,50.7,,Z9,MARKUP,0.01793782808628258,0.010716537087623434,-0.02394480519480524,-0.059168704156479235,0.5310077519379849,0.001308942359490084,0.009288745837687795,0.020884071980722174,1.0,0.0,0.023891519586741294,0.9845686061486936,True,Technology,-0.0010384215991692258,0.023730977971693212,12.0,4.100000000000001,1.0,1.0,0.7171844197072647
BKNG,2026-09-30,162.65,166.02,160.98,162.91,8385658,33.4,T9,,MKDN,0.03819107837814885,0.04496472097498394,-0.16750983698707145,-0.25036812074360393,0.12171105730427753,-0.054191313877435254,-0.10186886858719923,-0.12609832375487484,0.0,0.0,6.436248954111434e-05,0.9146106638888323,True,Industrials,-0.04953325554259047,0.048529317113986004,5.0,12.0,1.0,0.0,0.7172488744395491
MAIN,2026-09-29,55.75,56.83,55.55,55.94,567886,46.7,T2G,,MARKUP,0.016792770773043367,-0.001071428571428612,-0.05057705363204357,-0.06156685119946326,0.5757225433526009,-0.004662390729716637,-0.0031390755937265036,-0.0033693864626157533,0.0,1.0,-0.02194639323619363,1.097484467672275,True,,-0.010611956137247969,0.028876218502850826,2.0,3.9000000000000057,1.0,1.0,0.717261185631486
GABC,2026-09-28,49.35,49.66,49.17,49.35,115311,49.0,,Z7,MARKUP,0.01760581455316696,0.003456689711264671,-0.011418269230769273,-0.05514072372199874,0.609756097560976,-0.000968308534775475,0.005203682748579741,0.08578290903951502,1.0,1.0,-0.004750103263114536,0.9390303521084519,True,Financials,-0.011220196353436074,0.02407138410458609,3.0,3.8999999999999986,1.0,1.0,0.7181302753596899
TALO,2026-09-28,16.78,16.79,16.35,16.46,2152235,47.0,,Z6,MARKUP,0.039825595805037355,0.0024360535931788885,-0.012597480503899305,-0.1211959423384944,0.5902527075812276,-0.02203819622947767,0.010623289349356302,0.15270427299633949,1.0,0.0,0.004380475594493172,0.9696032119689334,True,Energy,-0.06795016987542468,0.0255451713395638,4.0,1.6000000000000014,0.0,1.0,0.7181852558198496
BRZE,2026-09-30,23.46,25.62,23.17,25.1,2884621,45.0,T1G,,MARKUP,0.0619960011416076,-0.029764205643602604,-0.23428920073215376,-0.2832667047401485,0.2959545777146913,-0.029287708049485106,-0.0521696418490758,-0.022642856877309048,1.0,1.0,-0.0474764756201882,0.7211794049707615,True,Technology,0.009248090068355364,0.12707678491243835,2.0,1.0,1.0,1.0,0.7188060205457905
GHC,2026-09-25,1144.46,1157.75,1134.01,1154.89,29699,52.1,T4,,MARKUP,0.024301346016525498,0.010022476233787936,0.010473173975431349,-0.08512694577573554,0.38116901813993725,0.0069931487937784365,0.001956353668483901,0.027290091042953435,1.0,0.0,0.041618444015798506,0.830213219179485,True,,0.014333769553035891,0.03892517227109993,17.0,3.700000000000003,0.0,1.0,0.7188526155379528
RMD,2026-09-29,221.96,224.22,220.32,222.83,949366,47.9,T2,,MKDN,0.02475895461452447,0.003874397441095745,-0.07192836318200746,-0.08073432343234321,0.6250239509484576,-0.006033419008848795,0.006932975651260609,-0.011653271136546794,0.0,0.0,0.011399443929564379,0.7691348827388339,True,,-0.028809274755927428,0.020938330431595542,13.0,1.6999999999999957,1.0,0.0,0.7188622717614733
AYI,2026-09-25,312.71,319.64,309.91,319.42,477970,49.6,T2G,,MARKUP,0.029159022201573834,0.0543306047002905,-0.06536750936329583,-0.1303566566839096,0.3307240704500981,0.008862318979212747,-0.015858291051123352,0.003790265326226061,1.0,0.0,0.014437381660806103,1.2105001505672555,True,Industrials,0.0014421871081014004,0.07999729510413855,6.0,16.0,1.0,1.0,0.7190234082979904
IA,2026-09-28,19.0,19.1,18.5,18.9,247233,25.5,,Z5,ACC-TR,0.0484335131514741,0.027732463295269127,-0.0847457627118644,,,-0.004974751280271028,,,0.0,1.0,-0.015695067264574036,0.6742358878598369,True,,0.017770597738287375,0.07630979498861046,3.0,9.2,1.0,1.0,0.719146274337333
PGR,2026-09-30,209.43,209.93,207.31,207.31,2959159,42.1,,Z1,MKDN,0.021969895003975785,0.020577955004184467,-0.05998911762038628,-0.12737298480447867,0.1734498770827642,-0.021195376016571288,-0.02837252464664408,-0.03993167657613006,0.0,1.0,-0.007996840754269985,1.2224632391751877,True,Financials,-0.04461035070740593,0.031598328025477684,4.0,9.399999999999999,1.0,1.0,0.719166686064308
ICFI,2026-09-30,83.5,84.09,82.67,83.13,161962,39.7,,Z5,MARKUP,0.026629435909268927,-0.0065726577437860145,-0.0639567616259431,-0.13116638795986635,0.4151910531220873,-0.023475746426867228,-0.014179190039830147,0.03328425996969586,1.0,1.0,-0.008468424872973612,1.0221723032535592,True,Industrials,-0.049508346672764714,0.014275256222547661,2.0,-0.3999999999999986,1.0,0.0,0.7193751128249828
CFR,2026-09-25,157.14,158.22,156.25,157.42,485670,41.0,T2G,,MARKUP,0.01913295487777918,-0.014893617021276784,-0.024598797942871342,-0.07833723653395797,0.281031703385276,-0.0154769901140136,-0.016079630687505064,0.06146732735771576,1.0,0.0,-0.024182799111393205,0.8756931127543222,True,Financials,-0.033758900073655784,0.023936516196175317,2.0,-0.5,1.0,1.0,0.720172084924957
NVST,2026-09-25,24.02,24.19,23.77,23.95,3245268,35.5,,Z9,MARKUP,0.03307422662028884,0.025695931477516032,-0.12718658892128287,-0.17413793103448283,0.14261460101867568,-0.047626469122671544,-0.07848671414669994,-0.04522718833117989,1.0,0.0,0.004327131112072724,1.0868379722860342,True,,-0.06262230919765177,0.03634790134141075,5.0,9.600000000000001,1.0,0.0,0.7202883272971019
PAAS,2026-09-25,47.57,48.24,47.16,48.04,2322236,45.5,T2G,,MARKUP,0.04309812636175083,-0.03900780156031214,-0.12479504463472402,-0.14214285714285713,0.4776902887139108,-0.03015716407628466,-0.02731260738970198,-0.013109951827604327,1.0,1.0,-0.002781343602909714,0.8735793381425324,True,,-0.04568931267381815,0.030680111564042045,1.0,-4.5,1.0,1.0,0.7204015197871168
CRSP,2026-09-30,56.55,57.11,55.28,55.32,1168363,50.2,,Z3,MARKUP,0.050188653862221946,-0.00789096126255373,-0.026399155227032733,-0.11530465376619226,0.5667067307692307,-0.0009632242364856491,0.011328684609185569,0.03622443968239186,1.0,0.0,0.030586401714397082,0.8057807533461282,True,Healthcare,0.05956713273319281,0.045746691871455525,12.0,-1.0,1.0,0.0,0.72047545258277
GIB,2026-09-30,67.68,68.75,67.29,68.03,616195,39.0,T2G,,MKDN,0.023040081681841858,-0.015912049761319214,-0.07718393922951705,-0.10345282024248803,0.3833464257659076,-0.026652975772748166,-0.03656303508238634,-0.09281168720493427,0.0,0.0,-0.02691632533645416,1.005235437465608,True,,-0.04047954866008474,0.022699939867709018,2.0,-2.1000000000000014,0.0,1.0,0.7205673625557765
FMBH,2026-09-25,49.55,50.03,49.45,49.72,208278,44.9,T2G,,MARKUP,0.017305209561647307,-0.005202080832332867,-0.01153081510934395,-0.06821589205397305,0.4258675078864349,-0.007752933951029051,-0.0035476655311337257,0.08913188616909662,1.0,1.0,-0.006744328632740659,1.0063581034288747,True,Financials,-0.025480203841630855,0.023045267489711918,2.0,2.1000000000000014,1.0,1.0,0.720721606507992
WERN,2026-09-30,34.34,34.48,33.85,33.98,797538,35.0,,Z3,MARKUP,0.03763402336634287,-0.012496367335076974,-0.10200845665961966,-0.2844809433564962,0.09389671361502336,-0.04697352429127366,-0.09224509605717846,-0.05597679421512891,1.0,0.0,-0.04289071680376033,0.9645547817414648,True,Industrials,-0.05189732142857162,0.042971147943523524,3.0,4.100000000000001,0.0,1.0,0.7210597870752729
PCTY,2026-09-30,142.19,143.47,141.05,142.57,571613,43.9,T9,,MARKUP,0.03142942481000648,-0.007034405906115149,-0.0862068965517242,-0.11955783363181627,0.6237123420796887,-0.01782718370838987,0.005226956710228103,0.06206116618917368,1.0,1.0,-0.00690932402592781,1.0129454212989464,True,Technology,-0.03224273689926693,0.022593602065700713,1.0,-1.5,1.0,0.0,0.7211452155274105
DRH,2026-09-25,12.49,12.53,12.26,12.49,1985799,55.1,,Z7,MARKUP,0.022471468994828648,0.020424836601307117,-0.015760441292356098,-0.09427121102248004,0.41441441441441457,0.012757603736132328,0.015381660489961035,0.13287585895296927,1.0,0.0,0.022784810126582178,0.9482800523136053,True,,0.023770491803278837,0.04083333333333328,12.0,8.5,1.0,1.0,0.7212832985079826
DAKT,2026-09-30,17.47,17.57,17.27,17.39,382287,36.9,,Z3,MKDN,0.03354612164810634,-0.014730878186968721,-0.10175619834710736,-0.22017937219730943,0.11211573236889709,-0.03160431103349903,-0.07532102330907864,-0.10955685530353287,0.0,1.0,-0.026132404181184676,0.6090706723520987,True,,-0.0096810933940773,0.03697078115682784,2.0,1.6000000000000014,1.0,1.0,0.7213015983322927
JBSS,2026-09-28,67.08,68.25,66.2,67.57,116890,31.4,T6,,SPRING,0.029945225927602216,0.017007826610475618,-0.09496383605679082,-0.26618158123370983,0.052936630602781705,-0.034570365848825446,-0.09211582606416135,-0.11006805643547879,0.0,1.0,-0.002711660138595806,0.9205338245350719,True,Consumer Staples,-0.02538583585749321,0.020694864048338202,0.0,9.299999999999997,1.0,1.0,0.7215389139389956
ADSK,2026-09-30,203.11,210.21,201.48,209.0,1937618,39.2,T4,,MKDN,0.03978671623343633,-0.03753166014275844,-0.15620331866445958,-0.2308258501398499,0.14909781576448247,-0.0456155699273334,-0.07520058878365765,-0.1354312680748272,0.0,1.0,-0.034653225415596345,0.8513563206282315,True,Technology,-0.051336752757478066,0.04930213876895273,1.0,-2.0999999999999943,1.0,1.0,0.7218848369318086
AVEX,2026-09-24,16.16,17.15,15.93,16.68,1048324,47.7,T2,,ACC-TR,0.06906338342504519,0.0,-0.09051254089422034,-0.2938187976291279,0.3421800947867298,-0.005315257506626536,-0.06679101156327938,,0.0,0.0,0.003911342894393766,1.0592716283971546,True,Industrials,0.048397234443745996,0.08311688311688314,14.0,1.8000000000000043,0.0,0.0,0.7223470544337037
QTWO,2026-09-30,55.27,56.09,54.7,55.44,584513,33.9,T2G,,MARKUP,0.03380033281532599,-0.0039525691699604515,-0.1325301204819277,-0.17878832765516228,0.3169213355970568,-0.049016246233630545,-0.05462738309398851,-0.05542558909895701,0.0,1.0,-0.014998192988796677,0.9462425539132842,True,Technology,-0.06901763224181356,0.01706108970831033,2.0,2.3999999999999986,1.0,1.0,0.7223926188867995
NG,2026-09-25,7.19,7.26,6.95,7.13,3587755,43.0,,Z6,MKDN,0.06315636013159996,-0.019257221458046758,-0.2182017543859649,-0.27760891590678816,0.4279749478079332,-0.0568115019011044,-0.05503102255361925,-0.09109153758482813,0.0,0.0,0.016152716593245353,0.8047462114292039,True,Materials,-0.04933333333333334,0.046989720998531714,7.0,-0.6000000000000014,1.0,0.0,0.7225132553786175
DAR,2026-09-30,60.52,61.91,60.0,60.71,1978817,39.6,T2G,,MARKUP,0.03857985081898242,-0.010593220338983023,-0.10324963072378146,-0.13246641897685052,0.2414075286415713,-0.03795231942584809,-0.03666741640920246,0.08590916067286836,1.0,1.0,-0.010996334555148368,0.8906044864853253,True,Consumer Staples,-0.07397803538743142,0.02274258760107828,1.0,-0.6000000000000014,1.0,1.0,0.7228597057383891
JJSF,2026-09-28,77.3,78.71,76.45,77.75,202801,34.2,T2,,MKDN,0.02847820401773641,-0.003716043054843743,-0.12894913735155733,-0.15690739535892428,0.22454448017148973,-0.0384771583419099,-0.05126568579110813,-0.08116746943217201,0.0,1.0,-0.01547987616099078,0.9566617790027077,True,Consumer Staples,-0.06774580335731417,0.018736897274633124,1.0,2.400000000000002,1.0,0.0,0.7229003626104933
GPK,2026-09-25,9.4,9.44,9.24,9.38,4222658,36.6,,Z10,MKDN,0.0439274131630684,0.007518796992481258,-0.1721094439541041,-0.2336601307189542,0.09493670886075971,-0.05461525186584171,-0.10129926825985502,-0.22693009298659395,0.0,1.0,-0.01943844492440605,1.0701278423508784,True,Materials,-0.012631578947368327,0.03303964757709266,1.0,5.0,1.0,0.0,0.7230248484778983
IRMD,2026-09-30,87.06,87.41,85.83,86.22,138811,52.5,,Z6,MKDN,0.025712078552972462,-0.0015055008685581628,-0.001852280620514013,-0.14692787177203914,0.24465920651068174,0.010602138723546206,-0.012150942037953971,-0.02772688254274691,0.0,0.0,0.03881587028620559,1.071210945485415,True,,0.04407846936304183,0.05778432094221553,14.0,-1.1000000000000014,0.0,0.0,0.7231270666863784
FIX,2026-09-25,1656.27,1671.63,1625.01,1658.91,227951,52.9,T2G,,MARKUP,0.04385516504814156,0.004565905884205357,0.027201575251705856,-0.12060410725077131,0.42428766637987764,0.019682397363041115,-0.0022660284375279893,0.09539411325316749,1.0,0.0,0.0426836152563872,0.7985259347868664,True,,-0.01887249973385685,0.07358223154134391,18.0,1.1999999999999957,0.0,1.0,0.7236884590311885
HIW,2026-09-25,30.09,30.35,29.81,30.09,913443,42.4,,Z7,MARKUP,0.022767839550516738,-0.010848126232741673,-0.041108986615678744,-0.15095936794582387,0.08075601374570432,-0.01841508237776457,-0.022449200681791348,0.044611077507441976,1.0,1.0,-0.007705192629815727,1.0524317240327854,True,,-0.027158098933074637,0.015867656988521217,1.0,0.10000000000000142,1.0,0.0,0.7237953198202243
BANC,2026-09-25,17.88,18.12,17.82,17.94,2386622,38.8,T1G,,MARKUP,0.0229722037559328,-0.020742358078602585,-0.042689434364994505,-0.1819425444596443,0.0890410958904111,-0.02355098417438517,-0.04954043540179354,-0.04120189663331564,1.0,1.0,-0.017357222844344822,0.8483545523785416,True,Financials,-0.03288409703504036,0.022222222222222143,1.0,-2.9000000000000057,1.0,1.0,0.723805501502758
OII,2026-09-28,46.66,47.01,45.67,45.84,538335,39.7,,Z6,MARKUP,0.03795456597777923,-0.0019595035924231397,-0.09389207353231865,-0.1550230414746543,0.4650127226463106,-0.04010494425997113,-0.035271427594571025,0.1603723710730569,1.0,0.0,0.0017706949977867037,0.7853166776024663,True,Materials,-0.015463917525773141,0.014608233731739695,6.0,0.5,1.0,0.0,0.7238159645439645
ECVT,2026-09-25,10.15,10.26,10.08,10.14,1014486,42.8,,Z10,MKDN,0.029805228990605708,-0.028735632183907955,-0.0009852216748768017,-0.23644578313253006,0.12044817927170866,-0.02028982633106491,-0.06222971453349102,-0.09798902439225521,0.0,0.0,0.03810504634397516,0.78973135507857,True,Materials,0.022177419354838745,0.044284243048403615,9.0,-6.0,1.0,0.0,0.7239298563500587
IR,2026-09-30,76.48,77.04,75.09,75.11,6666249,47.1,,Z2,MKDN,0.026883857770723083,-0.014563106796116498,0.006296891747052502,-0.18162998474613212,0.2000959692898273,-0.0026215891313787765,-0.027909714713095224,-0.0598046741881183,0.0,0.0,0.05131096701437832,1.1085022372711115,True,Industrials,0.051371780515117704,0.05387961274028341,10.0,-4.0,1.0,0.0,0.723981815297591
CBOE,2026-09-24,268.87,270.53,265.76,267.57,535278,37.3,,Z9,MARKUP,0.03466671466475159,0.003374957813027324,-0.14292578237611708,-0.15789639327752258,0.3462340370080791,-0.045665917307668114,-0.06418437257452025,-0.052192898508773844,1.0,1.0,-0.0006794760484692963,1.031574751189828,True,Financials,-0.06928936658666396,0.010727911456956063,2.0,3.299999999999997,1.0,0.0,0.7240221218031253
TFSL,2026-09-25,16.73,16.86,16.68,16.72,550325,37.8,,Z5,MARKUP,0.01896573127639682,-0.010650887573964485,-0.0664433277498605,-0.14212416623909696,0.07666666666666681,-0.018001472248303618,-0.028931295728925166,0.046046484038778646,1.0,1.0,-0.000606060606060721,0.8912176938467314,True,Financials,-0.017048794826572733,0.013947847180109108,2.0,0.19999999999999574,1.0,1.0,0.7243815464026482
MIR,2026-09-25,15.78,15.85,15.49,15.59,1933971,47.0,,Z2,MKDN,0.04196860529504904,-0.010786802030456899,0.04983164983164978,-0.1419922949917447,0.3645320197044334,-0.01913482303227987,-0.027765229488954546,-0.1528423037616642,0.0,0.0,0.08854532677442029,0.8913179298586913,True,,-0.024405506883604544,0.02095612311722328,18.0,-2.6000000000000014,0.0,0.0,0.7245764498961555
GFS,2026-09-24,45.56,47.08,45.39,47.05,4730506,48.9,T3,,ACC-TR,0.04514991445891979,0.026396160558464166,0.030216772498357747,-0.4123891594854502,0.1292194092827004,0.009008916120495813,-0.07486441866469706,-0.11321754285651675,0.0,0.0,0.07354685646500592,1.1273051687799747,True,,0.023716275021757882,0.11625148279952557,7.0,3.5,1.0,0.0,0.724596912301141
OTIS,2026-09-28,65.8,66.93,65.13,66.33,4870643,37.3,T3,,SPRING★,0.02260356469091894,-0.004651860744297798,-0.0754112071368831,-0.12620208141219869,0.11131725417439728,-0.03389931207722019,-0.05799347070263583,-0.1390189984268495,0.0,0.0,-0.02163136547994593,0.79417500057877,True,Industrials,-0.05485893416927912,0.018424689083371693,0.0,3.0999999999999943,1.0,0.0,0.7246247340224982
GOOGN,2026-09-30,48.51,49.46,48.32,48.49,4034786,49.1,,Z10,MKDN,0.017536052285923157,0.010208333333333375,0.0214872551084897,-0.08197652404392275,0.34294385432473506,-0.0011448725062236376,-0.007116881296654665,,0.0,0.0,0.01725974856168766,1.0066246646303698,True,Technology,0.0012389015073301923,0.015710096355257663,15.0,4.0,0.0,0.0,0.724640077236107
DASH,2026-09-25,187.82,193.67,187.53,193.36,2872444,39.8,T1,,MARKUP,0.038410559380485175,0.00217684254172279,-0.16615636724308924,-0.1903864673617217,0.3706574394463668,-0.03698650692076022,-0.040015314334657326,-0.011420737876038367,1.0,1.0,-0.0501173402868319,1.2529744201514947,True,Industrials,-0.042535281010150916,0.06160096628966749,1.0,4.799999999999997,1.0,1.0,0.725167980915867
UI,2026-09-30,560.24,569.67,556.21,567.53,109580,49.2,T2G,,MKDN,0.039040373755708443,-0.010237181723055433,-0.032806162445891185,-0.09528136457835168,0.5296293381600692,-0.003010182218744384,-0.012186617425068769,-0.08357959453577235,0.0,0.0,0.10425204405973254,0.6731199513210923,True,Industrials,-0.0049792240124831855,0.0274267714254679,15.0,-0.6999999999999957,0.0,1.0,0.7253949604239166
PWR,2026-09-25,647.08,654.84,643.0,649.13,653672,54.4,T2G,,MARKUP,0.03402795399164362,0.019506525733850477,0.043902674364376004,-0.10440121412803527,0.5566557300210923,0.022592543550784994,0.00945042989782241,0.0806187065306978,1.0,0.0,0.055095165908708,0.9339644651945671,True,,-0.0022287804728089444,0.06861470079841947,17.0,3.3999999999999986,0.0,1.0,0.7260808328860566
XPEL,2026-09-30,44.25,44.8,43.59,44.17,168024,39.9,,Z3,MARKUP,0.035069742329665025,-0.00786163522012584,-0.08303923603902841,-0.15139289145052826,0.3153779322328413,-0.035098072908307465,-0.05423909327010812,-0.027078371832133574,1.0,1.0,-0.03404448479346345,1.228792489905465,True,Industrials,-0.03432444250109312,0.03782894736842102,4.0,2.1000000000000014,1.0,1.0,0.7266189919964021
TDC,2026-09-30,28.72,29.31,28.65,28.84,1451970,50.3,T9,,MARKUP,0.03360650855379257,-0.012666894899007186,0.006631762652705042,-0.21180650450942884,0.2986425339366515,0.001159040054190319,-0.009057103314698112,1.9587702237977567e-06,1.0,0.0,0.0456074766355139,0.7871363052187345,True,Technology,-0.011312992800822874,0.031104755094744307,16.0,-3.200000000000003,0.0,0.0,0.7267687920826462
KOP,2026-09-25,46.0,46.51,45.51,46.27,100557,48.8,T9,,MARKUP,0.03150380239821783,0.02073681888374157,-0.0010794473229706059,-0.12698113207547168,0.24382022471910136,-0.0005136123287753369,-0.0031110011416247696,0.12255955701240562,1.0,0.0,0.021059782608695787,0.7371235252025837,True,Materials,-0.0017259978425027134,0.03212134731206784,17.0,6.599999999999994,0.0,0.0,0.7274841208871955
ACIW,2026-09-30,48.2,49.37,47.81,48.88,1121381,34.3,T4,,MARKUP,0.02703047256243037,-0.006907761072734608,-0.04587155963302747,-0.1997380484610346,0.08063300678221556,-0.0323270722300667,-0.04960432753462307,0.006509060535144551,1.0,1.0,-0.020286885245901498,0.8888073532341445,True,Technology,-0.052345870492438884,0.02238025517674136,0.0,1.2999999999999972,1.0,1.0,0.7275056167118903
XEL,2026-09-30,71.24,71.36,70.43,70.48,5394295,34.3,,Z3,MKDN,0.01878898135343046,-0.0025474101330312804,-0.07128738964290415,-0.14642121836017907,0.12707581227436865,-0.029424016452414326,-0.06273108792782967,-0.08762974077313335,0.0,0.0,-0.026077097505669,1.0674950882222636,True,Utilities,-0.030669784073717343,0.025611175785797524,3.0,5.9999999999999964,0.0,1.0,0.727964193877908
CLH,2026-09-28,313.19,315.75,312.09,313.26,347164,46.9,T9,,MARKUP,0.019472454372144593,0.0058761198343126875,0.00820700975185873,-0.06751205572423646,0.49988974641675865,-0.006676181005441317,0.002023902611963724,0.07917276325274014,1.0,0.0,0.008603896103896114,1.0196596702022591,True,Utilities,-0.030124771664757466,0.011135857461024523,5.0,3.1999999999999957,0.0,1.0,0.7281020872933518
OPY,2026-09-29,119.6,125.25,117.33,118.7,93816,51.8,,Z12,MARKUP,0.04193775377046053,0.05100053125553394,-0.0007576395319471851,-0.05703844931680957,0.6901165299956844,0.005550141296242872,0.02523984123013845,0.1752623224155252,1.0,0.0,0.018033529678296523,0.9620687477206,True,Financials,-0.008271367699891341,0.07566832804712287,9.0,8.899999999999999,1.0,0.0,0.7287007763758245
MLKN,2026-09-29,20.28,20.34,19.8,19.96,557073,33.9,,Z9,MARKUP,0.04205618970305789,-0.016264169541646,-0.11642319610447094,-0.19222986645082962,0.1517857142857145,-0.04800457465641805,-0.062079170132720685,0.023695700532594843,1.0,0.0,0.0020768431983384517,1.0131340570440306,True,Materials,-0.04680038204393511,0.036344755970924236,6.0,0.3999999999999986,1.0,1.0,0.7288826575393318
DUOT,2026-09-30,9.01,9.14,8.84,8.84,395691,47.9,,Z6,MARKUP,0.05674384422263936,-0.015590200445434355,0.026713124274099886,-0.31098986749805146,0.25698324022346364,-0.011282945603549144,-0.035186229535143165,-0.04286071900723587,0.0,0.0,0.10188679245283017,0.7395564691957889,True,Technology,0.06506024096385521,0.053635280095351456,11.0,-2.6000000000000014,1.0,0.0,0.7291006246591206
AZN,2026-09-25,166.16,166.81,164.6,166.58,2067866,54.2,T2G,,MARKUP,0.02068753237972442,0.0030105973025047472,0.01252127400923908,-0.15187617738404346,0.30627906976744224,0.014106072984532592,0.002275706637641761,0.0539430780588781,1.0,0.0,0.039364552762536587,0.8412603694090344,True,,0.040019978772554365,0.0365254184556032,12.0,-0.5999999999999943,0.0,1.0,0.7291350071711702
NCLH,2026-09-30,14.98,15.14,14.63,14.66,24003686,40.5,,Z2,MKDN,0.04208028737140379,0.03385049365303239,-0.04990278677900195,-0.310766337564645,0.1348167539267015,-0.019103112537380285,-0.10193153875680572,-0.2158305366048452,0.0,0.0,0.0249449743213499,1.2142202755191904,True,Industrials,0.008947006194081286,0.0755685986793837,5.0,12.3,1.0,0.0,0.7298426267272642
ATEX,2026-09-25,81.78,82.34,80.25,81.42,168911,43.6,,Z10,MARKUP,0.05731169587258088,0.05753994025198095,-0.1399598605682898,-0.27946902654867256,0.18712998712998705,-0.02516895696609245,-0.051049644692805485,0.250673926831362,1.0,0.0,0.07821982467970323,0.8125010024929873,True,Communication Services,-0.009247992212217171,0.09804450438300738,7.0,11.200000000000003,1.0,0.0,0.7298992692602837
BH,2026-09-24,343.36,353.29,343.36,348.61,80730,39.0,T6,,MARKUP,0.04798699742179281,-0.012240387612274417,-0.08995744903020331,-0.20120526098712255,0.12198780121987791,-0.03516104934051667,-0.05335984243554548,-0.0024882215818721187,1.0,1.0,-0.009305886856907142,0.604443838528804,True,Consumer Discretionary,-0.04251696009228478,0.036265271543652,3.0,0.20000000000000284,1.0,1.0,0.7299692128776538
MEOH,2026-09-28,59.64,60.61,59.52,59.78,519592,51.5,T2G,,MARKUP,0.034525051864085304,0.018398637137989837,0.03658748049245708,-0.07604327666151467,0.7649307214524605,0.000566217961200044,0.026793360422768364,0.12558772431883147,1.0,0.0,0.020921985815602895,0.8301791483652406,True,,-0.04672301068410145,0.0382077110107677,3.0,4.100000000000001,0.0,1.0,0.7302847986729312
WAY,2026-09-30,25.03,25.75,24.7,25.34,2024024,52.3,T3,,MKDN,0.04261328815093882,0.02342487883683364,-0.01630434782608703,-0.07111436950146632,0.7282913165266105,0.007147653853081026,0.03736170265266492,-0.010312862881325713,0.0,0.0,0.05969498910675375,0.8295374374853538,True,Technology,-0.047010154193305786,0.04194078947368429,14.0,3.6999999999999957,0.0,0.0,0.7307202938108109
AVPT,2026-09-25,13.15,13.23,12.98,13.0,2852827,46.1,,Z1,MARKUP,0.033754231518875064,-0.014404852160727732,-0.09090909090909094,-0.09596662030598058,0.559105431309904,-0.018225673468593606,0.0019505432750439589,0.033690937407013566,1.0,0.0,0.018239492466296525,0.9449366342723936,True,Technology,0.026856240126382325,0.013250194855806807,10.0,-2.8999999999999986,1.0,1.0,0.7307607732410717
RDDT,2026-09-25,152.73,154.76,149.82,149.84,2871121,44.7,,Z4,MKDN,0.05137012322488115,-0.0066953927742789965,-0.026696979538811227,-0.27978851237683255,0.200741452698064,-0.03164341476991617,-0.058234257985256055,-0.10098622304741911,0.0,0.0,0.02997142259705865,0.860280832338204,True,Technology,-0.05026304113583069,0.014008256073627878,16.0,-0.3999999999999986,0.0,0.0,0.7307950558925331
FSUN,2026-09-30,38.66,39.03,38.34,38.61,374451,42.1,,Z2,MARKUP,0.02174715761469436,0.006254886630179923,-0.019553072625698387,-0.0660377358490567,0.6678832116788319,-0.020471498983857805,-0.014050802871646728,0.020715828634829014,1.0,0.0,0.000783085356303781,0.7855475205186694,True,Financials,-0.012784454103809795,0.007830853563038254,5.0,4.899999999999999,1.0,0.0,0.7311946167641122
UBSI,2026-09-28,46.93,46.95,46.6,46.72,952988,44.3,,Z3,MARKUP,0.015331652004284234,-0.0008554319931565191,-0.01848739495798324,-0.058444175735590465,0.3681917211328974,-0.007659750827083811,-0.008219461338969669,0.05822206234926108,1.0,1.0,-0.006044905008635637,1.0150497188444099,True,Financials,-0.020339693856154306,0.01476976542137276,2.0,2.1999999999999957,1.0,1.0,0.7315602077410905
ASH,2026-09-25,69.1,69.67,68.6,69.06,549427,38.8,,Z4,MARKUP,0.027266957672282034,0.0,-0.0659994590208276,-0.11744408945686902,0.404406999351912,-0.021997569924060545,-0.016632258255667165,0.09309725209371456,1.0,0.0,0.005461254612546096,1.0226167980500853,True,,-0.026089409110139572,0.013799177921315353,10.0,1.3999999999999986,0.0,0.0,0.7318064493801197
IPAR,2026-09-28,117.14,118.67,114.61,117.94,194304,56.0,T2,,MARKUP,0.02967306856371389,0.0459382759843916,0.001358464934623882,-0.08778714517750785,0.4618302513039355,0.023648426128131783,0.02826923444355467,0.09746438554328529,1.0,0.0,0.05924214417744911,0.9236970435206777,True,Materials,0.052565818830879074,0.0900184842883549,9.0,9.799999999999997,1.0,1.0,0.7322478473627159
OSCR,2026-09-30,29.75,30.99,29.52,30.84,5446049,49.7,T2,,MARKUP,0.054745026792941354,0.01015394693743854,0.033858531679517245,-0.10556844547563793,0.6004390779363339,-0.0010214147973998111,0.015368529558449362,0.26799266271545674,1.0,1.0,-0.027157098659333023,0.8614308332074951,True,Financials,-0.04638218923933224,0.08975265017667833,4.0,4.700000000000003,1.0,1.0,0.7322638718480957
BY,2026-09-25,37.32,37.76,37.24,37.44,255938,43.5,T2G,,MARKUP,0.01699196766736551,-0.002132196162047073,-0.021432305279665442,-0.06470147389457914,0.2805555555555549,-0.009204312021352412,-0.008610410749578357,0.0851861554121991,1.0,1.0,-0.009695663883652061,0.749971154170154,True,Financials,-0.031807602792862766,0.018221376121838384,2.0,3.0,1.0,1.0,0.7333686767410414
UNP,2026-09-28,273.4,275.77,272.5,274.1,2435649,33.8,T2,,MARKUP,0.019038206966987197,0.016578273930942578,-0.10835691747178033,-0.13256748631285797,0.1223549130525881,-0.028637902229057932,-0.04184612052192083,0.023659763393903965,1.0,0.0,0.004435994930291454,0.9501381484091803,True,Industrials,-0.038515504419811886,0.02176992469991812,5.0,9.499999999999996,0.0,0.0,0.7338417932231429
ANIP,2026-09-30,73.01,73.84,72.37,72.65,383955,44.5,,Z10,MKDN,0.031511617868654244,-0.023915088002149698,0.01015016685205783,-0.15660552588808907,0.1853864734299521,-0.019110921097643896,-0.036983569784128756,-0.06723584823109019,0.0,0.0,0.04009772923253818,0.859412650917662,True,Healthcare,-0.012773474656882722,0.003869006494403804,13.0,-4.899999999999999,1.0,1.0,0.7339466674358027
LKFN,2026-09-25,58.85,59.61,58.73,59.51,192455,45.6,T2,,MKDN,0.018995486838146423,-0.0031825795644891963,0.005406318634904483,-0.07807900852052674,0.20754716981132082,-0.005415534324810012,-0.01483706137123042,-0.01455785200483195,1.0,1.0,-0.003083775912283704,1.1419851023207035,True,Financials,-0.01766259491581379,0.022684310018903586,1.0,2.6000000000000014,1.0,0.0,0.7344002527952326
ALSN,2026-09-30,113.37,114.27,112.1,113.26,1020388,35.1,,Z10,MARKUP,0.033383323745991046,-0.011606597434331123,-0.07701083856246427,-0.15891875835437397,0.14262820512820526,-0.04533191274825521,-0.061594315934725974,-0.020098604452292057,1.0,1.0,-0.013680376654526039,0.8877643770053544,True,Industrials,-0.04534726904922448,0.0200846618031163,1.0,0.0,1.0,0.0,0.7344442353784935
APLD,2026-09-24,26.63,27.84,26.25,27.06,13162722,49.6,T5,,MKDN,0.06488835473400958,0.02577710386656551,0.0070710829921845075,-0.2768572955638696,0.28502415458937186,0.005659830902105201,-0.052957727633176965,-0.09887887793418249,0.0,0.0,0.11799914493373231,1.0365842875695552,True,Technology,0.049650892164468496,0.15690466011115856,7.0,1.3000000000000043,1.0,0.0,0.7345059414923788
EVRG,2026-09-29,77.53,78.88,77.24,78.73,2771527,39.0,T4,,MARKUP,0.015181444037503948,-0.006812160968840519,-0.02826462601826696,-0.11160009027307605,0.14074717636837566,-0.014258197745559142,-0.033309391981900194,-0.02311143194528298,1.0,0.0,-0.022563062492077623,1.0720974489666704,True,Utilities,-0.018329177057356594,0.021008948255738513,2.0,3.1000000000000014,0.0,1.0,0.7345641176952165
THFF,2026-09-25,75.37,76.05,75.12,75.56,101090,38.0,T2G,,MARKUP,0.02237944633093376,-0.012932723709993432,-0.04955974842767297,-0.10229297849590113,0.151724137931035,-0.019707152838233877,-0.02368589314725278,0.07021221190865035,1.0,1.0,-0.004021986861509563,0.86646153942502,True,Financials,-0.029290853031860187,0.017095167586485438,1.0,-0.29999999999999716,1.0,1.0,0.7345990544233748
MBX,2026-09-30,58.19,59.4,56.09,58.62,523773,45.4,T2G,,MARKUP,0.056910334221930085,0.01261012264639838,-0.03791235844411622,-0.1930066079295154,0.31003937007874,-0.02238596886353772,-0.021330944147245567,0.28890036983648026,1.0,1.0,-0.09512279488066411,0.9597885965583204,True,Healthcare,-0.047912944615884356,0.12041284403669716,3.0,6.5,1.0,1.0,0.7347579351116889
SCI,2026-09-25,77.42,78.62,77.11,77.84,1010129,36.8,T6,,MARKUP,0.021173089465185962,0.0010288065843622185,-0.06744938301186054,-0.14452137597538184,0.1302910052910053,-0.02554086343530959,-0.03420509717450182,-0.0263556197661744,1.0,1.0,-0.005673758865248235,0.9957810138499661,True,Consumer Discretionary,-0.053156550298017136,0.009466995201659945,0.0,1.7999999999999972,1.0,1.0,0.7349164234017083
EW,2026-09-29,85.7,88.19,85.7,88.08,3383123,50.3,T6,,MARKUP,0.023561359951531035,-0.007884658706916015,-0.029421487603305763,-0.08526326721362554,0.45736946463978834,0.003627722344159423,-0.001175854099305318,0.03004128638209491,1.0,0.0,0.0132442429304378,1.064167981779662,True,,0.02729181245626311,0.038189533239038065,12.0,-0.7000000000000028,1.0,1.0,0.7349228069853633
NYT,2026-09-30,62.35,64.52,62.1,63.7,2637882,41.3,T9,,MKDN,0.03757005675466568,0.02924543544999203,-0.05950095969289826,-0.18364731513520438,0.12031921424186623,-0.03740069827730241,-0.06492675389937796,-0.09376546022946775,0.0,1.0,-0.0009708737864076999,1.011593841938232,True,Materials,-0.1202872531418312,0.031746031746031855,1.0,8.299999999999997,1.0,0.0,0.7356019105879064
COST,2026-09-30,924.61,925.56,910.3,910.34,2218762,46.2,,Z4,MKDN,0.017227025667663497,0.006234110754946398,-0.03151197923315885,-0.07818338311984196,0.26079463858305435,-0.0045673163448033405,-0.01980078923447126,-0.04806566014020153,0.0,1.0,-0.0027103331451157064,1.2094302447640266,True,Consumer Discretionary,0.018573634390314897,0.03084588381836717,3.0,4.300000000000004,1.0,1.0,0.7356522713962972
EPR,2026-09-29,56.8,57.46,56.68,57.19,635191,38.4,T6,,MARKUP,0.018587766045813414,-0.011237897648686102,-0.02588996763754048,-0.11974757580421735,0.12288613303269409,-0.0152166248855089,-0.03135180433423801,-0.008324406730443656,1.0,1.0,-0.0023119331317801306,0.7715013877122775,True,,-0.02555801669790425,0.019429590017825182,2.0,-1.5,1.0,1.0,0.7356565180137247
WAB,2026-09-25,290.96,292.67,286.39,288.0,791807,53.0,,Z4,MARKUP,0.021241985425410222,0.027727224065945855,-0.031216361679224924,-0.06078789459953038,0.6490963855421688,0.008104657852242125,0.013083562726668552,0.10231938398979668,1.0,0.0,0.027691293359217717,1.0240834871164228,True,Industrials,0.016877339170962458,0.05490641368448035,7.0,9.200000000000003,1.0,0.0,0.7359569650089284
EXPE,2026-09-30,264.5,268.78,262.61,263.36,2410734,36.0,,Z1,MARKUP,0.045566704239321895,0.016676961087090714,-0.1343391513000033,-0.22994152046783622,0.1346830985915494,-0.05742268041430809,-0.07720050618727903,0.011651039073607095,1.0,1.0,-0.010167255229151295,0.9084938799423099,True,Industrials,-0.08227340837021291,0.03250088211079327,1.0,4.100000000000001,1.0,1.0,0.7361619327730368
SHO,2026-09-24,11.03,11.18,10.98,11.14,1663670,52.6,T4,,MARKUP,0.01822224479407141,0.00997280145058932,-0.00801424755120217,-0.06778242677824253,0.5120481927710852,0.006118345330374364,0.0011004442338433673,0.06440495519072442,1.0,0.0,0.007421150278293043,1.0108970446428216,True,Consumer Discretionary,0.015496809480401108,0.026728110599078425,11.0,6.300000000000004,0.0,1.0,0.7362284388065127
HBNC,2026-09-25,19.25,19.45,19.18,19.28,692721,41.2,T2G,,MARKUP,0.018212909699259008,-0.010266940451745366,-0.01280081925243215,-0.08365019011406838,0.1926605504587164,-0.011868343149095684,-0.01874136958862116,0.039236327711682284,1.0,1.0,-0.01565762004175364,1.0250567490023315,True,Financials,-0.025278058645096024,0.022269353128314018,1.0,-0.6999999999999957,1.0,1.0,0.7365609597173783
COO,2026-09-30,56.62,57.37,56.36,56.53,4894850,35.2,,Z9,MKDN,0.03457048369138953,0.008204030675940777,-0.18403579676674364,-0.27627704519267693,0.2036900369003691,-0.040273047135595985,-0.11776571996078233,-0.18071504001201022,0.0,0.0,0.07096647716134097,0.9395935854587458,True,,0.035158395898187145,0.07104964001515723,14.0,3.700000000000003,0.0,1.0,0.7367671328765041
ABEO,2026-09-24,5.59,5.59,5.38,5.43,852415,38.9,,Z2,MARKUP,0.04917398624598702,-0.028622540250447304,-0.09650582362728788,-0.29019607843137263,0.09016393442622939,-0.05124972437228892,-0.08700392704925164,-0.06022455200724297,1.0,0.0,0.03262955854126681,0.9765498392164887,True,Healthcare,-0.009124087591241059,0.042226487523992384,6.0,-1.7000000000000028,1.0,1.0,0.7368093869404894
SPG,2026-09-25,205.19,205.7,203.87,204.82,913394,36.6,,Z5,MARKUP,0.01467057593603675,-0.0024352230664328456,-0.046861184792219235,-0.1412159329140461,0.11670600576973483,-0.014476443859138044,-0.03680294549516805,0.002567695469143816,1.0,0.0,0.01517193192593691,0.7577649278221911,True,,-4.882097349034886e-05,0.022208913510006534,7.0,1.5,1.0,0.0,0.7368798935259243
KEY,2026-09-25,20.33,20.67,20.3,20.61,15833409,36.8,T1G,,MARKUP,0.02086047866927741,-0.009610764055742349,-0.06403269754768393,-0.14374740340673042,0.14143920595533502,-0.02838439478414667,-0.0542318253653854,-0.03009423670364686,1.0,1.0,-0.022439024390243922,1.0635407690923142,True,Financials,-0.05631868131868134,0.02844311377245501,1.0,3.0,1.0,1.0,0.736956273020335
CENTA,2026-09-28,33.82,34.32,33.6,34.2,310294,32.6,T4,,MARKUP,0.026243075602426925,-0.010130246020260358,-0.09547738693467334,-0.1617647058823528,0.08333333333333358,-0.02687490012688265,-0.05490610012335084,-0.019882777063685575,1.0,1.0,-0.010600706713780883,0.8817162206706052,True,,-0.011846287200231065,0.017857142857142794,0.0,0.10000000000000142,1.0,1.0,0.7370811289312389
COR,2026-09-29,300.0,307.62,298.21,307.6,1268374,41.7,T4,,MARKUP,0.024278083930458987,-0.021721845879846047,-0.04944375772558718,-0.09184848395382472,0.26644659278472105,-0.023367042987859077,-0.020574141138006485,-0.015484736427019197,1.0,1.0,-0.020495976350796585,0.9362393146939267,True,,-0.04853227752172973,0.03148787767009842,0.0,-3.799999999999997,1.0,1.0,0.7373827373239369
USB,2026-09-25,58.64,59.52,58.5,59.33,6412640,38.1,T1G,,MARKUP,0.02003072742938207,-0.012154512154512243,-0.049198717948717996,-0.10214891041162233,0.1697416974169737,-0.025688400122290678,-0.03509353901140433,0.031861024364108204,1.0,1.0,-0.014623363373575948,0.966546286486005,True,Financials,-0.05585614258434124,0.023813632441760157,1.0,1.7000000000000028,1.0,1.0,0.7377284618143526
ICE,2026-09-25,156.58,158.08,152.95,154.31,2527637,46.7,,Z1G,MKDN,0.02324464869252136,-0.007461246542741384,-0.04297940957578772,-0.06285679582169312,0.7143251449075353,-0.011830512731819787,0.002787930701726671,-0.0051827620073569,0.0,1.0,-0.0043398211467650105,0.8687465934905854,True,Financials,-0.01963151207115632,0.019085985999207633,2.0,-1.7999999999999972,1.0,1.0,0.737824752734827
MTCH,2026-09-30,40.24,40.6,39.97,40.15,2928498,43.8,,Z5,MARKUP,0.0310664695482591,-0.008152173913043459,-0.04199475065616798,-0.10658655985758791,0.45194508009153295,-0.026843241602698575,-0.0064441393209465625,0.091606105523381,1.0,1.0,-0.008869741510390328,0.8010597939507794,True,Technology,-0.07870582836163376,0.02659166453592432,1.0,-0.20000000000000284,1.0,1.0,0.7381152437431062
SUNB,2026-09-30,74.03,75.26,73.05,73.21,4685160,48.5,,Z2,MKDN,0.03824112343060824,-0.0077256709135268276,0.0915461458178024,-0.14092935930532746,0.40982800982800943,-0.004780702173196483,-0.014145592492475711,,0.0,0.0,0.09927547402497305,0.743266549074613,True,,0.01188666205943334,0.02664422942083844,18.0,-1.8999999999999986,0.0,0.0,0.7381504025192274
CE,2026-09-28,46.75,47.46,45.88,45.92,2102643,49.5,,Z2G,MKDN,0.042412611311980514,0.034700315457413256,0.020444444444444487,-0.07549828870545605,0.5619158878504674,-0.005550849428526905,-0.011712399078019242,-0.07261638326814823,0.0,0.0,0.011389521640091216,1.0917077917441638,True,Materials,0.025457793657883032,0.03493351363533925,18.0,4.399999999999999,0.0,0.0,0.7383672814298736
GRPN,2026-09-30,20.21,20.73,19.7,19.76,958328,47.3,,Z3,MARKUP,0.058967438513898025,-0.013972055888223478,0.07042253521126773,-0.3391304347826086,0.16680361544782263,-0.014213877638081462,-0.04418521408971754,-0.018174985348675787,1.0,0.0,0.10208685843203602,0.7659699169413224,True,,0.022245214692188542,0.07978142076502737,14.0,-1.9000000000000057,0.0,0.0,0.7384330835311252
ARQT,2026-09-30,27.0,27.39,26.41,26.43,2391392,54.0,,Z2,MARKUP,0.048179862437044335,0.0018953752843062777,0.11284210526315785,-0.11427613941018766,0.49406528189910964,0.021221407774275836,0.03164886059535399,0.08481686269049948,1.0,0.0,0.09047619047619038,0.7113138247209716,True,Healthcare,0.011094108645753664,0.08586688578471646,11.0,-1.3999999999999986,1.0,0.0,0.7385381928665193
PRK,2026-09-28,181.59,182.62,180.09,181.5,114751,33.1,,Z9,MARKUP,0.021883598659567932,-0.007600196839630313,-0.08388855239248938,-0.15581395348837213,0.07815079801871225,-0.026617260081357452,-0.043356416364147554,0.0122439066982174,1.0,1.0,-0.0038472260942291614,0.8335762087345562,True,Financials,-0.03241283718946586,0.015896115526698784,2.0,3.0,1.0,1.0,0.7391002313806746
FHN,2026-09-25,23.25,23.55,23.22,23.46,4183092,37.3,T2G,,MARKUP,0.019443538790401303,-0.020050125313283207,-0.039312039312039304,-0.11237230419977295,0.1610169491525425,-0.025527413700428103,-0.04560908043901735,-0.028401846929861474,1.0,0.0,-0.02719932001699965,0.9248270602761729,True,Financials,-0.04127503064977511,0.02490170380078638,1.0,-0.5,1.0,1.0,0.7392893288670574
EFSC,2026-09-25,61.02,61.41,60.63,60.93,304909,35.9,,Z5,MARKUP,0.01818491692007556,-0.010876623376623429,-0.04047244094488189,-0.11348756001745963,0.1447368421052631,-0.02304042033870557,-0.038888807406357806,0.0006469688909747084,1.0,1.0,-0.017578445868243753,0.9697306687850763,True,Financials,-0.04989864338063299,0.0188963210702342,2.0,3.3999999999999986,1.0,1.0,0.7394707695657116
CORZ,2026-09-24,17.84,18.66,17.7,18.12,13000685,49.4,T3,,MKDN,0.061745494110827186,0.05717619603267221,0.04018369690011481,-0.27345629510825986,0.26902465166130773,0.009634090935069617,-0.05872952945546517,-0.07725839676006763,0.0,0.0,0.0960922485586162,0.9832045405378624,True,Financials,0.04317789291882557,0.13179262960649596,16.0,5.199999999999996,0.0,0.0,0.7401128247638371
CUZ,2026-09-25,28.53,28.82,28.37,28.65,1384648,47.7,T2G,,MARKUP,0.02128052095613741,0.012725344644750836,-0.028484231943031513,-0.1305007587253415,0.18714555765595425,-0.0002733648208940176,-0.013367749676652108,0.031405622857956006,1.0,0.0,0.018076644974692746,1.1903019024147588,True,,0.016317843206810734,0.03429602888086647,12.0,7.200000000000003,0.0,1.0,0.7401298665111342
BFC,2026-09-25,150.52,152.49,150.52,152.13,86124,49.5,T2G,,MARKUP,0.020209499052517385,-0.0005912495072920576,0.0018439249259136758,-0.04374882142183678,0.6704545454545452,-0.0004198537293178539,0.0031819963568462395,0.0626014467985776,1.0,1.0,-0.0005394106938171328,0.9704274057298968,True,Financials,-0.01476588303866333,0.02631046346893351,2.0,1.7999999999999972,1.0,1.0,0.7401614835151044
TSLX,2026-09-25,18.15,18.2,17.96,18.14,341979,49.0,,Z2,MKDN,0.020505971986281846,0.013407821229050487,-0.0325333333333333,-0.058151609553478756,0.5999999999999998,-0.002463272099974323,0.0018988012254579356,-0.04236529011414114,0.0,0.0,0.014156285390713563,1.1038239194821244,True,,0.013974287311347089,0.022547914317925688,11.0,4.299999999999997,1.0,0.0,0.7404399408066153
AGCO,2026-09-28,117.01,119.43,116.64,117.61,759289,49.1,T10,,MARKUP,0.03649270175470487,-0.01909924937447882,0.03721668577475956,-0.12991048309536135,0.5247631935047363,-0.011814731184319971,0.01134226452151088,0.028743094221988175,1.0,0.0,0.06986250464511334,0.7720189939141833,True,Industrials,-0.03834832379394926,0.021274748176450142,2.0,-4.100000000000001,0.0,0.0,0.7405914726437994
DECK,2026-09-25,78.89,79.65,78.25,78.67,2549210,35.8,,Z6,MKDN,0.031702291146956926,0.0030600535509370808,-0.08872929456735779,-0.28985376421736775,0.039198084979054526,-0.038755491424527944,-0.11056815518664342,-0.20115528236119862,0.0,0.0,0.007368148914167705,0.9125280731212195,True,Materials,-0.031992125015380735,0.016933815925542994,8.0,2.5999999999999943,1.0,0.0,0.7418586467893704
CNOB,2026-09-25,31.03,31.27,30.93,31.06,346435,40.9,T2G,,MARKUP,0.018752672240948235,-0.01677746122190571,-0.02724710303789546,-0.0902167545401289,0.189473684210526,-0.015157373251800221,-0.024726897027177563,0.04229437451212448,1.0,1.0,-0.013654096228868706,0.9027187163024949,True,Financials,-0.023270440251572433,0.02373104812129201,1.0,-2.700000000000003,1.0,1.0,0.7418635534719357
BOKF,2026-09-25,131.59,132.38,131.21,131.77,188298,35.8,T1G,,MARKUP,0.01703617737867985,-0.0073822975517889855,-0.04714729915395166,-0.10262871152274577,0.12434631028471899,-0.01934412936289376,-0.0350521179788178,0.009607605926251761,1.0,1.0,-0.010609067317966847,0.8513933069923787,True,Financials,-0.028889380204878634,0.016508524261359403,1.0,2.0,1.0,1.0,0.741896220936223
C,2026-09-25,132.85,134.72,132.12,134.28,8082967,49.8,T2G,,MARKUP,0.025385610240200446,0.019048341807695213,0.012059089538739798,-0.07207518485246356,0.418293363078639,0.0005282977022664781,-0.0005380131644806552,0.07720775197607099,1.0,0.0,0.003302865043398162,0.9714120853334421,True,Financials,-0.032704221293761604,0.030465812293761108,17.0,8.799999999999997,0.0,1.0,0.7421403683163382
AG,2026-09-25,18.76,19.12,18.5,19.01,6029250,46.8,T4,,MARKUP,0.053440292880028724,-0.04183467741935476,-0.1255749770009198,-0.14330779630464174,0.6064356435643565,-0.027835380484591887,-0.011944290622789677,0.0395426646815904,1.0,0.0,0.025097601784718204,0.9763745952932825,True,,-0.028118609406952877,0.060234244283324134,7.0,-4.600000000000001,1.0,1.0,0.742539840376573
RES,2026-09-28,5.91,5.93,5.71,5.73,1997984,36.7,,Z4,MKDN,0.03700452426581397,0.008802816901408494,-0.10468749999999993,-0.14858841010401191,0.404761904761905,-0.0497908988531518,-0.0651765502634859,-0.06226108536205743,1.0,1.0,-0.014184397163120588,1.1630107415283335,True,Materials,-0.060655737704917945,0.030575539568345578,4.0,4.900000000000002,1.0,1.0,0.7425671924186228
SBCF,2026-09-25,32.96,33.23,32.84,33.03,772674,41.2,T2G,,MARKUP,0.020297199498524533,-0.019881305637982294,-0.03730690760711164,-0.08933002481389585,0.2941176470588236,-0.01814774562899879,-0.02087669074371301,0.02246266779032413,1.0,1.0,-0.014015843997562505,0.9334208221903465,True,Financials,-0.027957622130664994,0.0207045735475897,1.0,-2.8999999999999986,1.0,1.0,0.7425886303412876
MMS,2026-09-30,53.2,53.65,52.79,53.19,836098,37.3,,Z5,MKDN,0.03114946606905409,-0.01115448968209709,-0.077203331020125,-0.16630094043887145,0.16849529780564254,-0.03683075905219646,-0.06507231853913864,-0.17928270376752564,0.0,0.0,-0.048648648648648596,1.0992999559159167,True,Industrials,-0.07672279118208647,0.04212382445141061,2.0,1.6999999999999957,0.0,1.0,0.7429326988722407
SGRY,2026-09-30,14.32,14.42,13.86,13.87,1857170,46.4,,Z2G,MKDN,0.05391705545157732,-0.047390109890109944,-0.050000000000000044,-0.1841176470588236,0.22332506203473915,-0.026469995815063818,-0.04201245743875692,-0.10238782581033257,0.0,0.0,0.06861989205859675,0.6852062041740123,True,Healthcare,-0.004307250538406304,0.06939090208172694,8.0,-5.600000000000001,1.0,1.0,0.7429384398667856
GPI,2026-09-25,249.82,253.9,246.97,252.18,261994,40.9,T1G,,MKDN,0.041425881889965425,0.023374726077428853,-0.037627843077392864,-0.3330335889976197,0.04526499355523541,-0.04221128590037193,-0.08846401217579081,-0.21920938383400168,0.0,0.0,0.0008529304252467007,0.9334482349918086,True,Consumer Discretionary,-0.09375786107018358,0.02424759351772887,5.0,5.399999999999999,1.0,1.0,0.7441870728553515
LTBR,2026-09-25,6.88,6.97,6.71,6.85,661955,42.3,,Z5,MKDN,0.05704967301634493,0.05061349693251538,-0.1605392156862746,-0.2916235780765254,0.15568862275449089,-0.03613828417161913,-0.12143678241409361,-0.36400558567792696,0.0,0.0,0.03001579778830954,0.7185300344827334,True,Materials,-0.024216524216524205,0.08214849921011047,7.0,6.899999999999999,1.0,0.0,0.7442505136841913
BMI,2026-09-25,130.71,132.5,128.95,129.48,295593,46.6,,Z2,MKDN,0.03135328117854054,-0.02470623681831874,-0.06275787187839321,-0.1656141255316408,0.25701069673315946,-0.009639829131905864,-0.02226666327245841,-0.11971169361594214,0.0,0.0,0.04820354413916439,1.0661197990014897,True,,0.03476384560057544,0.03741687364794477,11.0,-6.199999999999996,1.0,0.0,0.7443848579562578
MATW,2026-09-28,18.87,19.56,18.69,19.52,803021,35.5,T4,,MKDN,0.03568568217934431,-0.013144590495450026,-0.0673674151935022,-0.330130404941661,0.07942583732057401,-0.038476334398196754,-0.11911547551855084,-0.20532226802287978,0.0,1.0,-0.042029728344438744,0.8212542915365032,True,Materials,-0.019588146659969885,0.04440877474585325,0.0,4.300000000000001,1.0,1.0,0.7459800241008823
ABT,2026-09-25,100.81,101.82,100.09,101.29,7785015,36.1,T3,,SPRING★,0.02312165731521968,-0.012864243251144991,-0.09230217761448156,-0.13678200102266913,0.4595959595959597,-0.03099396704540225,-0.030537739187588175,-0.04791582079621892,0.0,1.0,-0.0023921060500348146,0.9001295031765727,True,Healthcare,-0.006473761647866616,0.01198920971125994,0.0,-1.6999999999999957,1.0,0.0,0.7460713874887466
FMNB,2026-09-28,15.44,15.44,15.26,15.26,300437,41.7,,Z4,MARKUP,0.016963351427178936,-0.003265839320705455,-0.0267857142857143,-0.07290400972053468,0.5041322314049586,-0.018289110934961994,-0.012676059133483353,0.0486838446993334,1.0,0.0,-0.013063357282821708,0.8791193820810176,True,Financials,-0.03539823008849563,0.00992720052945062,2.0,1.1000000000000014,1.0,1.0,0.7464254011295972
REGN,2026-09-25,803.87,803.87,784.13,788.04,592140,48.0,,Z6,MARKUP,0.0245889239460722,0.004064470918009766,-0.024352799891050103,-0.0829706518956409,0.6948296524567708,-0.010470277161139796,0.018167682664143703,0.10053022117050392,1.0,0.0,0.01350104603869684,0.921168230866307,True,Healthcare,0.00838142522617047,0.02400041581662471,8.0,0.20000000000000284,1.0,0.0,0.7466436758753148
LAZ,2026-09-30,36.03,36.66,35.57,36.23,1615461,34.6,T1G,,MKDN,0.04506032711145991,-0.01602390005431842,-0.14390359168241973,-0.22832800851970192,0.09075487701441898,-0.054271461120056985,-0.10960700199434037,-0.18635113921438473,0.0,0.0,0.005119453924914863,0.7956065860428448,True,Financials,-0.010379677683693078,0.030432309442548267,8.0,1.8000000000000043,1.0,1.0,0.7468299997815454
CHDN,2026-09-25,79.48,80.07,78.95,79.77,559811,37.9,T9,,MKDN,0.03342793797223806,-0.026126236112806733,-0.07791006820020818,-0.15907653383934217,0.10071513706793787,-0.04077484819417743,-0.06560597195509665,-0.11588485192866493,0.0,1.0,-0.01786163522012585,0.926630407743361,True,Communication Services,-0.04877176246124493,0.021644467213114638,1.0,-2.5,1.0,0.0,0.7468912895317055
CVSA,2026-09-30,120.26,123.6,118.62,122.2,349673,44.1,T2G,,MARKUP,0.03441687607186791,-0.008036366588197064,-0.08519239407096879,-0.14022373883064798,0.39070620605319484,-0.019180953849228355,-0.031105973950115384,,0.0,1.0,-0.03716244115946821,1.2970448381935975,True,,-0.03930817610062898,0.04811733424822018,1.0,2.8000000000000043,1.0,1.0,0.7473412599101338
ESS,2026-09-28,272.42,273.44,269.57,273.01,464030,42.7,T1G,,MARKUP,0.01617595081507003,0.0059692693172188616,-0.03879871844523464,-0.10001648261084561,0.14099660249150656,-0.008129072312879071,-0.022853982140809248,-0.0034733606426252672,1.0,0.0,0.0057456254896841585,1.1783461580610988,True,,-0.009864722736009912,0.01858000970040674,6.0,5.200000000000003,1.0,1.0,0.747865992292944
PTEN,2026-09-30,10.66,11.06,10.51,10.92,8911825,40.5,T1G,,MARKUP,0.044278652890277874,-0.013550135501355087,-0.14620797498045346,-0.18446601941747576,0.42824074074074064,-0.05201794548725469,-0.04431370621582742,0.09031359718189891,1.0,0.0,-0.04735883424408005,0.9037347243915059,True,Energy,-0.09226932668329169,0.043977055449330615,1.0,1.8999999999999986,1.0,1.0,0.7482637054142673
CBSH,2026-09-25,55.93,56.52,55.81,56.44,828151,39.3,T1G,,MARKUP,0.01574981072711704,-0.011385531616745603,-0.02773471145564166,-0.07353906762967832,0.2056737588652476,-0.014800570367609733,-0.02009450172070848,0.014153288796294072,1.0,0.0,-0.024183583406884313,1.0074041457092064,True,Financials,-0.03107296137339055,0.02098408104196814,1.0,1.2999999999999972,1.0,1.0,0.7483058176247942
NTRS,2026-09-25,175.29,176.22,173.23,175.73,924457,39.6,T2G,,MARKUP,0.022501790028713956,-0.01214233515093599,-0.05658452783593715,-0.10241086934314036,0.1782786885245899,-0.023373376420708802,-0.028992933878159044,0.07014990472198823,1.0,1.0,-0.01967738245052053,0.9479560974117452,True,Financials,-0.07114540937681701,0.025382191620959338,2.0,0.30000000000000426,1.0,1.0,0.7483107309353287
MKSI,2026-09-25,261.01,262.66,257.9,260.82,683292,47.9,,Z5,DIST-TR,0.04666315391556677,0.034671532846715314,-0.037529060112919344,-0.3621735302748704,0.17931951679042438,0.004345906820693246,-0.06675009768856355,-0.007986228145057672,1.0,0.0,0.10211853278473249,1.1601097904714424,True,,-0.024278927088399294,0.14164405147509407,8.0,4.5,1.0,0.0,0.7485063751164535
MEI,2026-09-28,14.46,14.69,13.96,14.06,353380,45.6,,Z2G,MARKUP,0.07555100931824608,0.0492537313432837,-0.22789676002196602,-0.2588297311544543,0.21061093247588436,-0.030833551520633495,-0.04915693985849434,0.1795421412490925,1.0,0.0,0.036321483771251994,0.8333427340640949,True,Technology,0.032305433186490484,0.08655332302936647,8.0,4.800000000000004,1.0,0.0,0.7487942618734855
SKYW,2026-09-28,100.78,101.64,99.35,100.72,394428,53.1,,Z1G,MARKUP,0.029048564931302295,0.005189620758482949,0.018711439263679575,-0.14441046551138292,0.3333333333333333,0.015159871265929104,0.012404869217394587,0.02599930762263214,1.0,0.0,0.04972613038341733,0.9051061332982422,True,Industrials,0.0374948496085703,0.06032213917254459,18.0,-0.10000000000000142,0.0,1.0,0.7489245920283868
EIX,2026-09-30,54.09,54.45,53.36,53.73,7121365,36.8,,Z5,MKDN,0.040246198570594666,0.004111381050270868,-0.08622448979591835,-0.3417054643469739,0.08617300131061584,-0.047060692032253826,-0.13956625351369167,-0.18759677434341482,0.0,1.0,-0.026666666666666616,0.9969470974035075,True,Utilities,-0.019704433497537033,0.051467710371819964,1.0,5.199999999999996,1.0,1.0,0.7489589807626508
MLM,2026-09-28,481.04,493.71,476.82,490.77,806396,40.3,T2,,MKDN,0.027651510751717307,-0.017811755758800896,-0.07584973166368514,-0.19173570052207722,0.10700314489529786,-0.02254680806265985,-0.06380709588713107,-0.1390692075940061,0.0,1.0,-0.024389245815771177,1.165082889002031,True,Materials,-0.0202627166014534,0.02925632314080784,0.0,-0.6000000000000014,1.0,0.0,0.7489690776111206
INSM,2026-09-24,119.26,121.69,118.38,121.55,2233485,49.0,T9,,MKDN,0.04057440407871798,-0.019599935473463503,-0.02283141731650462,-0.11728395061728392,0.6087693798449614,-0.008072236584990455,0.009258575169301508,-0.03793121578311176,0.0,1.0,-0.0034997865983782406,1.1503918714344836,True,Healthcare,-0.04501885606536771,0.04120267260579058,1.0,-2.3999999999999986,1.0,0.0,0.7492941364876408
ATEN,2026-09-25,26.0,26.37,25.64,25.73,748968,44.6,,Z2,MARKUP,0.038237220816537895,-0.016061185468451145,-0.04809470958194606,-0.3315146791374384,0.11388888888888891,-0.017278495241938807,-0.06525672628676416,-0.013646642117252972,1.0,0.0,0.06434205064342047,0.7754125988559563,True,Technology,0.04001616814874698,0.04806517311608971,13.0,-3.0,1.0,0.0,0.7494071259726678
DOCS,2026-09-25,25.93,26.62,25.72,26.35,2006160,54.7,T3,,MKDN,0.04252030752561572,0.009191880505553529,0.029699101211410728,-0.34124999999999994,0.32157057654075555,0.016609090938227267,0.059822589844529483,-0.1103761488397248,0.0,0.0,0.07390396659707732,0.8828831340774402,True,Technology,0.03010164190774045,0.0321190755973364,12.0,-0.09999999999999432,0.0,0.0,0.7494469235307626
QXO,2026-09-28,12.12,12.21,11.82,12.12,23186325,43.2,,Z7,MKDN,0.04905386695988179,-0.006557377049180357,-0.10355029585798825,-0.2550706822372465,0.19260700389105032,-0.03184306642744206,-0.10444822358692785,-0.2803227422453177,0.0,0.0,0.061994609164420345,1.197555288148959,True,,0.0008257638315440907,0.0889487870619945,8.0,0.6000000000000014,1.0,0.0,0.7496401548001022
IMO,2026-09-30,122.64,124.5,122.44,123.05,641826,37.9,T2G,,MARKUP,0.024335651693629837,-0.013627254509018027,-0.0881132355120795,-0.11110308459149032,0.2728132387706853,-0.03127709566731518,-0.0372230017776487,0.03660263708974032,1.0,0.0,-0.027883294269780978,0.8641754045382684,True,Energy,-0.055640828856485136,0.023029597605586982,1.0,-1.0,0.0,1.0,0.7502420869447086
ITRN,2026-09-25,51.88,52.55,51.45,51.69,96705,46.0,,Z2,MARKUP,0.024898353854185172,0.0005807200929153211,-0.004813246053138265,-0.15428664921465973,0.1625222024866784,-0.006751568174141465,-0.029238572479918234,-0.004902439171732387,1.0,0.0,0.03147554129911789,1.021054385539788,True,,-0.018606417315359836,0.01731942530997821,17.0,-0.20000000000000284,0.0,0.0,0.750275826629613
NAMS,2026-09-28,22.5,24.21,22.25,23.58,2044397,46.2,T4,,MKDN,0.05854400620818475,0.04428697962798944,-0.0895752895752896,-0.369012576933369,0.15657492354740055,-0.0004481823932335205,-0.09115408508521117,-0.19929727461142321,0.0,0.0,0.044243577545195034,1.0937052792138453,True,Healthcare,0.054561717352414885,0.12178877259752618,8.0,9.0,1.0,1.0,0.7512290033249961
OHI,2026-09-29,46.48,46.9,46.36,46.54,1115675,46.2,T10,,MARKUP,0.017241375377289883,0.001506348181622652,0.017935258092738326,-0.11166253101736978,0.18181818181818146,-0.004231559046493194,-0.012234899798205023,0.010185564038506234,1.0,0.0,0.014146772767462457,0.7703135985234374,True,,-0.012518565669425108,0.014385353095030418,15.0,2.200000000000003,0.0,1.0,0.7515161903350611
HTO,2026-09-25,62.02,62.33,61.41,62.27,433053,43.8,T3,,MARKUP,0.01992712315982266,-0.006382639221317987,-0.013153724247226606,-0.07184379192129975,0.3104434907010016,-0.010205555709954295,-0.005197644836275939,0.06422559543563877,1.0,1.0,-0.003407984420642718,0.9156701575612743,True,Utilities,-0.006224066390041361,0.014004233838137203,0.0,-2.200000000000003,1.0,0.0,0.7516076843395605
INVX,2026-09-25,28.5,28.98,28.09,28.5,339820,46.0,,Z7,MARKUP,0.039402954159609656,-0.01041666666666674,-0.044906166219839116,-0.15455354494215368,0.5469565217391303,-0.018145538523374194,-0.008958288950105975,0.09287456405804861,1.0,1.0,-0.032258064516129004,0.5768700696610557,True,Industrials,-0.05409890474610024,0.05555555555555558,3.0,0.3999999999999986,1.0,1.0,0.7524706453456068
FTI,2026-09-28,72.05,72.05,70.51,70.62,2579345,37.0,,Z3,MARKUP,0.030639868824612313,-0.009676062263357155,-0.06882911392405067,-0.12490706319702605,0.27377521613832917,-0.03744867899755866,-0.04136045434168811,0.07409716267038591,1.0,1.0,-0.01077861296270044,0.7686712974726506,True,Industrials,-0.030876904075751388,0.012473118279569873,4.0,-1.1000000000000014,1.0,0.0,0.7526377059251057
OGE,2026-09-29,44.59,45.49,44.46,45.38,2246785,45.2,T4,,MKDN,0.01675811139179752,0.005985369097761151,-0.00547885163269779,-0.10298477960071162,0.17952755905511816,-0.0053601361474079345,-0.022376248495036943,-0.02713659362037668,0.0,1.0,-0.013600891861761388,1.2272234175643588,True,Utilities,-0.007219426821264419,0.025768535262206127,2.0,8.200000000000003,1.0,1.0,0.7529548525965186
TSLA,2026-09-25,384.62,386.83,367.67,372.11,45945161,55.3,,Z4,MKDN,0.03421724704609071,0.02152249704889231,0.048758490459682724,-0.13933156007864,0.5536785952433875,0.01781508081699723,0.025938417407879832,-0.022028371024240934,0.0,0.0,0.07339503109216716,0.8596446645650074,True,Industrials,0.01825197022767089,0.05100974438638617,19.0,1.5,0.0,1.0,0.7531127797782521
MGRC,2026-09-25,112.17,115.1,112.17,113.23,192937,50.9,T9,,MARKUP,0.02087971987228294,0.021101992966002348,-0.00457142857142856,-0.0855273784525924,0.2963455149501667,0.006259638893653996,-0.007697623036862167,-0.0066775354904416995,1.0,0.0,0.011584076491679696,1.0635112832240248,True,,0.025634057971014368,0.033875091307523864,15.0,11.699999999999996,0.0,0.0,0.7531132257446814
TFPM,2026-09-24,32.3,32.31,31.7,32.04,349503,45.6,,Z2G,MARKUP,0.036398797133108826,-0.02525098874353504,-0.08404802744425377,-0.1082660729195658,0.5799136069114469,-0.027317034424850895,-0.007753032153302919,0.00667572494362334,1.0,0.0,0.009875756610385533,0.780700578560967,True,,-0.027912621359223344,0.02070723160242105,6.0,-4.699999999999996,0.0,1.0,0.7531811439956013
MMSI,2026-09-28,87.27,88.09,86.57,87.0,548265,50.3,,Z1,MARKUP,0.02157647475264026,0.017662884547900326,-0.03856779754669015,-0.057012789941469855,0.7637017070979334,-0.0019243887014920302,0.026142155897803665,0.09498858740527716,1.0,0.0,0.016048502139800247,0.9963974961255565,True,,-0.00022983222247752177,0.0342368045649073,6.0,7.599999999999994,1.0,1.0,0.753553734683075
DGX,2026-09-30,233.33,236.97,230.84,233.07,1090665,43.7,,Z10,MARKUP,0.024555721734304918,0.00030042918454942225,-0.013335026670053374,-0.06337405561806786,0.670359531772575,-0.01945676275469399,-0.0013200070069440129,0.10502478375556046,1.0,0.0,0.01584228128850551,0.9306314223727462,True,Healthcare,-0.05670228266148625,0.025655694419996378,6.0,1.4000000000000057,1.0,1.0,0.753966918151276
SXT,2026-09-25,128.61,130.06,127.63,129.22,241827,47.2,T1,,MARKUP,0.022919906632251658,-0.0029320987654321007,-0.03307392996108938,-0.06915430053306437,0.6930946291560103,-0.00772852836298632,0.008181111005550079,0.11513030642020161,1.0,0.0,0.01627962652621484,0.8311748176612354,True,Materials,0.004821150855365497,0.031202617508578667,8.0,-0.19999999999999574,1.0,1.0,0.7543525807128147
ACI,2026-09-30,11.81,11.83,11.55,11.61,7614305,39.2,,Z3,MKDN,0.03099788217383237,-0.007692307692307665,-0.06821829855537731,-0.2500000000000001,0.1623376623376623,-0.036164453924069306,-0.07279519512930888,-0.22654311901231627,0.0,0.0,-0.007738607050731039,0.8212479979658077,True,Consumer Staples,-0.0756369426751593,0.0060658578856152,2.0,0.20000000000000284,1.0,1.0,0.7546771037226552
OTF,2026-09-29,10.28,10.35,10.16,10.27,1972052,36.6,,Z10,MKDN,0.024622297306749703,-0.02097235462345093,-0.12071917808219179,-0.13113367174280888,0.2512077294685988,-0.03419143348893161,-0.047304996733047555,-0.12333335936319623,0.0,0.0,-0.03438395415472795,0.8484365859998441,True,,-0.03021718602455148,0.015825914935707175,1.0,-2.799999999999997,1.0,0.0,0.7546897021806361
MSI,2026-09-25,454.91,461.13,454.63,456.88,574303,44.8,T9,,MARKUP,0.02074908225650248,-0.0039025879172389644,-0.06096107205985124,-0.07673032231989496,0.5929023265787497,-0.014095543799276244,0.0007099855884618034,0.04741082183608869,1.0,1.0,-0.008062035938667056,0.8125526457264006,True,Industrials,-0.019907327956066645,0.01180378695604034,1.0,0.0,1.0,0.0,0.7547993899961624
CCL,2026-09-25,21.96,22.67,21.69,22.25,22088987,36.5,T2G,,MKDN,0.03474683075063602,0.018772893772893706,-0.10821643286573146,-0.26373262739907344,0.0912200684150514,-0.032574280236082886,-0.09810346316631624,-0.16537712812041816,0.0,1.0,-0.016506189821182904,1.2108929180813084,True,Industrials,-0.02197802197802201,0.037296037296037365,1.0,9.399999999999999,1.0,1.0,0.755301680073192
DVA,2026-09-25,175.38,179.1,174.67,178.47,519841,42.5,T9,,MARKUP,0.03175168122620438,-0.02931578374850441,-0.00229203935599287,-0.2788799547456463,0.09291628334866596,-0.02598402392824506,-0.06022199271718576,0.01299841523041767,1.0,0.0,0.01697782963827299,0.8257527506159248,True,Healthcare,-0.0169650234095291,0.023865526934771397,1.0,-3.799999999999997,0.0,0.0,0.7560988788079395
CRC,2026-09-28,52.89,53.18,51.67,51.84,609364,40.9,,Z3,MKDN,0.031799371351397265,-0.0174374526156178,-0.0074669730040205495,-0.10636097224616436,0.29566210045662145,-0.031410380076611455,-0.038004617881700065,-0.05358794187199534,0.0,0.0,0.005096040768326038,0.9161690612696869,True,Energy,-0.07080121885642576,0.010920436817472678,1.0,-2.8999999999999986,0.0,0.0,0.7562985849299745
HLIT,2026-09-25,11.02,11.19,10.97,11.01,986009,40.6,,Z5,MARKUP,0.041838157298391736,-0.008108108108108136,-0.10342019543973935,-0.3031645569620254,0.10467289719626174,-0.03965957030498135,-0.07948375501109628,-0.05549162021529197,1.0,0.0,0.003724394785847185,0.7610138667949603,True,Industrials,-0.08250000000000002,0.025139664804469275,5.0,0.10000000000000142,1.0,0.0,0.7566362531959117
KNX,2026-09-24,67.28,67.74,65.42,65.5,2437022,39.2,,Z4,MARKUP,0.03676891840428024,-0.017549122543872864,-0.05823148813803014,-0.18135233095863024,0.042244224422442266,-0.03545726340405653,-0.05744096523784803,0.012939435628090523,1.0,1.0,-0.002614178071659312,0.9543451980841595,True,Industrials,-0.051137186730407125,0.009867406722170902,3.0,-3.0999999999999943,1.0,0.0,0.7567292912078132
AXS,2026-09-29,94.06,95.34,94.06,95.24,825143,35.3,T4,,MKDN,0.01945455875068273,-0.01080182800166185,-0.03583721401093343,-0.20626718893241103,0.05678353658536567,-0.024923970477533586,-0.051413576718863596,-0.06580597823877654,0.0,0.0,-0.024859579779488272,0.9665959874925566,True,Financials,-0.05271533717923227,0.015893333333333315,1.0,0.09999999999999432,1.0,1.0,0.7571681441609702
FFBC,2026-09-30,31.52,31.7,31.15,31.32,806579,38.1,,Z2,MARKUP,0.019388648461244273,0.0032030749519538215,-0.021861336664584674,-0.13576158940397354,0.04466019417475735,-0.023917625910024998,-0.037955610147030194,0.023032778281343536,1.0,1.0,-0.003206155819172829,1.08693739453133,True,Financials,-0.02672467371037912,0.007397877130910224,4.0,8.3,1.0,0.0,0.7573059969622078
ZBH,2026-09-28,90.76,91.84,90.09,91.62,1628281,41.1,T2,,MARKUP,0.030548433340267907,-0.028625954198473136,-0.09206223367357047,-0.10927474236826751,0.3200241984271026,-0.03017295002009579,-0.03372744101900649,-0.012322048678521713,1.0,1.0,-0.026571897211591144,1.0438627490437213,True,,-0.0509633312616532,0.02920691979330492,2.0,-3.1999999999999957,1.0,0.0,0.7574039894552899
NSC,2026-09-25,312.57,314.35,311.2,313.0,616754,33.9,T5,,MARKUP,0.017661801565707284,-0.0036923860453272894,-0.10039375736498724,-0.12716118237590635,0.09090909090909091,-0.027399066879706058,-0.04223138715773633,0.0022573290416407765,1.0,0.0,-0.017707006369426792,0.8455982561758938,True,Industrials,-0.02269959721484993,0.014784074698482641,4.0,4.599999999999998,0.0,0.0,0.7583955597311006
TRV,2026-09-29,359.81,364.0,358.39,363.21,1140856,43.4,T3,,MARKUP,0.01824006407533998,0.003314825557305001,-0.007433115623206699,-0.08899144698888861,0.5159618008185537,-0.012606865270044398,-0.000903980980435537,0.1071698825046965,1.0,1.0,-0.0025882221974841135,0.7984435026196819,True,Financials,-0.03905071831097717,0.013449035966405232,0.0,2.299999999999997,1.0,1.0,0.758790348815091
STBA,2026-09-25,49.82,50.09,49.49,49.82,312954,48.5,,Z7,MARKUP,0.016632818553949796,-0.006976280645804245,-0.00040128410914930246,-0.06878504672897201,0.3428571428571431,-0.0013295986476034027,0.00037558056700537357,0.08330180655571562,1.0,0.0,0.00040950040950038513,0.9450664000792481,True,Financials,-0.0034006801360272343,0.019647973802701557,1.0,-1.3999999999999986,0.0,1.0,0.7596673475583391
ERAS,2026-09-30,14.37,15.12,14.11,14.66,5286370,40.6,T2G,,MARKUP,0.0711674531169984,0.05089605734767022,-0.1252983293556087,-0.3212962962962963,0.1389578163771713,-0.04604096881093056,-0.09753356205535313,0.08399011169197035,1.0,1.0,-0.028694404591104727,0.9107271130668322,True,Healthcare,-0.04557291666666663,0.08271787296898081,4.0,9.100000000000001,1.0,1.0,0.7598141654116612
MDGL,2026-09-28,515.1,525.0,502.68,517.04,333322,44.6,T2,,MARKUP,0.034151765814203386,-0.009426009655912448,-0.031324940047961713,-0.09202023040179841,0.5720003267173074,-0.015812059385514665,-0.016145507642270962,0.03493388208846926,1.0,1.0,-0.0072488099705702025,1.1735182177843475,True,Healthcare,-0.042624893530348484,0.02868966614937718,3.0,-1.2999999999999972,1.0,1.0,0.7604568494544232
AAT,2026-09-28,21.59,21.74,21.45,21.63,874841,38.7,T2G,,MARKUP,0.01719688882668464,-0.015923566878981,-0.03566651805617482,-0.1671159029649596,0.0882352941176467,-0.013566435332658333,-0.037565319578408474,-0.005210204051212641,1.0,1.0,-0.007951356407857713,0.8870390768403079,True,,-0.00046210720887251977,0.01980198019801982,1.0,-4.0,1.0,1.0,0.760956035930546
CW,2026-09-30,535.38,549.4,526.01,543.82,475771,33.0,T2G,,SPRING,0.031090997089948415,-0.002439695496652128,-0.05911866987318115,-0.30850414526219416,0.06838689859079236,-0.0357056948951715,-0.11559505870520737,-0.16205566471629307,0.0,1.0,-0.02987772265358446,0.9231315873249513,True,Industrials,-0.045996772156339794,0.03385867188836733,0.0,4.800000000000001,1.0,1.0,0.7610345528614851
BKH,2026-09-30,70.62,70.77,69.98,70.08,1050869,42.4,,Z3,MARKUP,0.02153721790568284,-0.0060984257552121335,-0.03204419889502774,-0.08678655199374508,0.2760869565217386,-0.014773125357119055,-0.027934755591927707,-0.01700011287520431,1.0,1.0,-0.025256169721460497,1.197993233937174,True,Utilities,-0.005957446808510625,0.03760734379626873,2.0,0.10000000000000142,1.0,0.0,0.7613007676450703
TVTX,2026-09-29,61.04,61.87,59.33,59.99,1565141,41.7,,Z9,MARKUP,0.041386644154105326,-0.004810882548108797,-0.09490042245021124,-0.12716426596828168,0.4443738080101717,-0.04139010227670936,-0.02185185510632026,0.2570161872309491,1.0,1.0,-0.016526138279932545,0.9748436607726771,True,Healthcare,-0.04031354983202684,0.028635116598079602,4.0,2.5,1.0,1.0,0.7615699026689163
NWE,2026-09-30,68.86,69.12,68.25,68.38,615420,44.3,,Z3,MARKUP,0.02181850682409558,-0.004657933042212625,-0.021885281075668783,-0.0775664373398085,0.3063932448733407,-0.011397541116075383,-0.021493983144221573,0.00016736867837496838,1.0,1.0,-0.022275022275022316,1.2153816120639078,True,Utilities,-0.0020431990659661725,0.03857837181044954,2.0,0.29999999999999716,1.0,1.0,0.761620554636228
CCNE,2026-09-30,33.54,33.85,33.0,33.28,163375,39.2,,Z2,MARKUP,0.020121186448205628,-0.004486987735566772,-0.00418910831837227,-0.07990047000276468,0.1647398843930636,-0.01982396592221458,-0.019435493704305085,0.06770005466889062,1.0,1.0,-0.006921456515197044,0.9133468218827278,True,Financials,-0.02232667450058745,0.00848484848484854,0.0,0.5,1.0,0.0,0.7616281475495909
VAL,2026-09-24,83.19,84.0,81.67,81.79,1559823,45.1,,Z2,MARKUP,0.04154430305470264,-0.026888756692444837,-0.021650717703349143,-0.12204808930871613,0.4757952973720612,-0.027076146638715604,-0.026116508063318666,0.02871402217995267,1.0,1.0,-0.0045797747245946985,1.069550629103738,True,Energy,-0.04573562011433896,0.017035563292713274,2.0,-3.6000000000000014,1.0,0.0,0.7618338658723781
WDAY,2026-09-29,187.1,189.34,185.0,189.17,1806947,50.0,T2,,MARKUP,0.04136721639907181,0.004993890453169003,-0.041934667004304926,-0.16844696470174525,0.6182506475393503,-0.007341781297358407,0.04453070918400681,0.10806100895066706,1.0,1.0,-0.011224322998964809,0.6280313776180027,True,Technology,-0.007866995332249438,0.04243125585496221,1.0,0.3999999999999986,1.0,0.0,0.7618630400725224
ED,2026-09-29,102.19,103.79,102.0,103.33,1751989,38.2,T4,,MKDN,0.015427618822408364,-0.004911402157164901,-0.03447953653522706,-0.10350511886170399,0.10030165912518837,-0.016314689213378086,-0.03247284944017348,-0.03496039737734136,0.0,1.0,-0.012680282644468077,1.0693905369961763,True,Utilities,-0.0181489927784112,0.013039215686274419,0.0,1.5,1.0,1.0,0.7618966620773525
KURA,2026-09-30,10.9,10.95,10.61,10.71,1871402,39.8,,Z3,MARKUP,0.049641483662932334,-0.029891304347825942,-0.16912335143522106,-0.2294964028776978,0.3720472440944883,-0.056528087633180846,-0.04885988643778094,0.06453403080164377,1.0,0.0,-0.04251386321626627,0.9203683009090919,True,Healthcare,-0.043749999999999845,0.033783783783783994,2.0,-2.200000000000003,1.0,1.0,0.7622489134193287
RKLB,2026-09-30,70.64,74.58,69.63,69.68,22399257,50.9,,Z2,MKDN,0.05722309553624183,-0.008960318589105287,0.11416693316277593,-0.19751238051364728,0.40097799511002463,0.00982925735344975,-0.033951313394280036,-0.07319235379075417,0.0,0.0,0.13898529168732443,0.9862050521675007,True,Industrials,0.09387755102040818,0.09233422166483796,12.0,-3.0,1.0,0.0,0.7635211325241976
QCRH,2026-09-25,101.03,101.69,100.7,100.92,98030,49.3,,Z5,MARKUP,0.019341737152334577,0.009401880376075145,0.0014885382554332693,-0.0665063361391175,0.50242214532872,-0.0002526503372632938,0.004275845982002924,0.08777181869727979,1.0,0.0,0.018451706009689595,0.8538603782651593,True,Financials,-0.01608657502193611,0.03380454824830981,16.0,7.299999999999997,0.0,1.0,0.7637359462746821
MC,2026-09-29,58.38,58.59,57.04,58.0,1034904,33.1,,Z6,MKDN,0.03735770275961798,-0.014945652173913082,-0.1479359482885264,-0.20165175498967658,0.09679408138101107,-0.05546912950008265,-0.09497586181313522,-0.11130489103364871,0.0,1.0,-0.02201039861351828,0.8446765366777678,True,Financials,-0.0480879698014115,0.027822080453659304,3.0,0.8000000000000043,1.0,1.0,0.7639579328146173
SD,2026-09-25,13.98,14.12,13.76,13.87,351816,42.8,,Z1G,MKDN,0.02715776911830584,-0.020480225988700584,-0.01770538243626063,-0.09049180327868855,0.3727272727272722,-0.024623549541671008,-0.02281701041446127,-0.024261841044280086,0.0,0.0,0.011021307861866392,0.9603438652291203,True,Energy,-0.051948051948052076,0.007994186046511587,3.0,-4.5,0.0,1.0,0.7646231748910277
ULS,2026-09-30,64.98,66.44,63.73,65.62,1346740,33.4,T2G,,MKDN,0.030045299197949883,0.0036708473539310837,-0.10672474816226507,-0.2990065163978207,0.0804862023653089,-0.035963350318611975,-0.11642542116639176,-0.19227010482901885,0.0,0.0,0.008864967547886682,1.0468633616774592,True,Industrials,0.02291504286827739,0.038784233022004067,9.0,5.0,1.0,1.0,0.7653885618575632
TM,2026-09-25,189.32,190.73,188.6,190.34,220957,47.2,T1G,,MKDN,0.017474970113622357,-0.006213125881063042,-0.008645833333333353,-0.05237478840983778,0.6181488203266785,-0.009885733377986039,-0.00032162877910102416,-0.02026237813246845,0.0,0.0,-0.023779593547035405,0.8209322150765982,True,,-0.039656912209888984,0.02124691490503272,1.0,-0.7999999999999972,0.0,1.0,0.7655007269862372
EQBK,2026-09-25,48.41,48.98,48.18,48.36,122083,38.6,,Z5,MARKUP,0.022269161531163487,-0.013665102998164369,-0.027548763321938452,-0.07480390281232074,0.25523809523809454,-0.017794948364508567,-0.02192443175380765,0.028245451804891797,1.0,0.0,-0.01465428276573788,0.9789099989399169,True,Financials,-0.03376623376623378,0.01298701298701288,2.0,-1.7999999999999972,1.0,0.0,0.7662603746451097
BPOP,2026-09-25,160.83,161.06,159.68,160.48,350577,36.5,,Z11,MARKUP,0.018336588071114185,-0.009566129729062567,-0.05460972017673049,-0.10466413746931502,0.11634479510127163,-0.021714390179884524,-0.03373087302385158,0.05863068594588983,1.0,0.0,0.002594772482754193,0.8070307321436296,True,Financials,-0.019730010384216068,0.01563192203025121,7.0,0.8999999999999986,1.0,0.0,0.766927990018594
BLBD,2026-09-25,56.16,58.76,56.05,58.12,668766,39.2,T1,,MARKUP,0.0410570807998252,-0.03822604666556351,-0.02987815055917209,-0.3030339369228925,0.1092703560098694,-0.04070428575650897,-0.0943210919754105,-0.07379306133607066,1.0,1.0,-0.04112931334959913,0.9849864336968966,True,Industrials,-0.060155239327296384,0.05634314794620132,1.0,0.10000000000000142,1.0,1.0,0.7670564712449792
CVE,2026-09-30,31.19,31.61,31.05,31.08,4167946,44.4,,Z5,MARKUP,0.029642817724085602,0.0,-0.0618774524600062,-0.0901639344262295,0.6350710900473935,-0.020672044538557866,0.0024537413305036893,0.17568904622995518,1.0,0.0,0.013607699966810438,0.8572272081614305,True,,-0.04428044280442822,0.023378333882120517,5.0,1.0,0.0,0.0,0.7674684890555982
NTCT,2026-09-25,39.56,39.75,39.08,39.44,465590,56.2,,Z11,MARKUP,0.023905566347693846,0.03219052604030348,-0.0005068423720223647,-0.12897526501766787,0.34160090191657266,0.020037286720841596,0.012644290267079583,0.10971218723782306,1.0,0.0,0.04723976929415019,0.7127835627244903,True,Technology,0.036530880420499345,0.05936073059360725,13.0,8.100000000000001,1.0,0.0,0.7675309337827387
CMI,2026-09-29,520.69,524.54,517.68,521.37,807553,32.4,T9,,MKDN,0.02777461470882075,-0.009047193659361685,-0.07624025513819976,-0.2462810634206989,0.03946774921064501,-0.036360579581232844,-0.09703497743290301,-0.10002264760741097,0.0,1.0,-0.00909283553911655,0.896375073851551,True,Industrials,-0.030946804951488716,0.013608880766763143,4.0,1.6999999999999993,1.0,0.0,0.7675726823845295
IE,2026-09-24,10.19,10.29,9.77,9.99,1790983,48.0,,Z2G,MKDN,0.0698508109216875,0.053797468354430444,-0.16261525565800494,-0.20143884892086328,0.45806451612903226,-0.015982541461578625,-0.03272204916750676,-0.13574240288236783,0.0,0.0,0.07233065442020647,1.1862776769441907,True,Materials,-0.034782608695652084,0.14695752009184826,6.0,5.399999999999999,1.0,1.0,0.7676313924245269
FWONK,2026-09-30,93.3,93.71,92.28,92.4,1750566,36.6,,Z2,MARKUP,0.025541966953221827,-0.009115281501340444,-0.04693140794223827,-0.13894324853228956,0.011273209549071732,-0.03252761764098866,-0.04541649547320814,-0.02555722202485544,1.0,0.0,-0.01008908446924972,0.8505137174565709,True,Communication Services,-0.031040268456375752,0.0018432180418519462,1.0,0.0,1.0,0.0,0.7681430503402822
SUI,2026-09-25,111.42,112.56,110.39,112.26,757399,34.4,T9,,MKDN,0.020094814379200052,-0.013098901098901106,-0.0887247341504992,-0.1238585811285412,0.10541149943630243,-0.031190432252403255,-0.05422003672169928,-0.08930792744864247,0.0,0.0,-0.02945313873747135,0.8707228994411582,True,,-0.019392033542976916,0.016939940211975868,0.0,-0.3999999999999986,1.0,0.0,0.7681822365227917
WRB,2026-09-29,67.2,68.31,67.11,68.22,1916328,44.5,T2,,MARKUP,0.01905581479130716,0.0007334604664808175,0.009769094138543544,-0.11917366042608135,0.17515638963360092,-0.008566072056130913,-0.017908835007011237,-0.02265227554133009,0.0,1.0,-0.016330166270783764,0.5507647282301449,True,Financials,-0.04292929292929293,0.029580440688197873,1.0,4.700000000000003,1.0,1.0,0.7682912645282373
ELF,2026-09-25,100.54,100.7,98.35,99.51,1150645,52.5,,Z1,MARKUP,0.04231076047423753,0.031833264205723744,-0.06272958462842604,-0.09569247546346782,0.728538283062645,0.004707256888433431,0.06417900302220936,0.16600627844393667,1.0,0.0,0.03960612691466081,0.8411195226269356,True,Materials,0.026829016613352685,0.08873085339168485,6.0,4.0,1.0,0.0,0.7683360700570865
PERI,2026-09-30,8.61,8.77,8.57,8.69,454372,41.6,T2G,,MKDN,0.029988968280982006,0.0057870370370369795,-0.07749469214437377,-0.1429980276134123,0.19444444444444417,-0.020576716744677315,-0.04894450252194338,-0.07609474234206792,0.0,1.0,-0.03023255813953485,0.4614463087050578,True,,-0.0022962112514353095,0.04196642685851315,2.0,5.5,1.0,1.0,0.7685320743970179
SHOO,2026-09-30,45.44,45.93,44.37,44.77,1496990,54.6,,Z4,UTAD,0.03090597874133122,0.03156682027649782,0.08035714285714302,-0.09919517102615694,0.5690559440559443,0.021164220497861708,0.02037519034519053,0.09863124192173212,1.0,0.0,0.06339772164437818,0.9155557396987102,True,Materials,0.07853529270055426,0.07983598649300538,11.0,4.800000000000004,1.0,1.0,0.7691135617750063
ARLO,2026-09-24,13.33,13.65,12.85,13.02,1800208,44.4,,Z1G,MKDN,0.045590940089112665,-0.024719101123595544,-0.003062787136294043,-0.21613485851896452,0.15130023640661916,-0.028504611540684954,-0.03568465742462301,-0.06127926740967782,0.0,0.0,0.03796445880452337,1.0058148517617838,True,Industrials,0.0015384615384614886,0.01322957198443575,16.0,-3.8000000000000043,0.0,1.0,0.7698533777804856
XOM,2026-09-29,160.22,161.97,159.27,161.35,9160194,50.0,T5,,MARKUP,0.02249660054422128,0.016634112532291523,0.0024852438645541763,-0.04886819146427723,0.7450799507995081,-0.0029042549269931994,0.014414650137339668,0.09768647018045251,1.0,0.0,0.02543136749935626,0.8247464003125083,True,,-0.04707063548310886,0.03529034327879366,5.0,4.700000000000003,0.0,0.0,0.7702227768436395
BJ,2026-09-25,91.29,94.35,91.29,93.79,1768253,53.7,T2,,MKDN,0.025837992890362448,0.019124198630881217,0.03646811802409111,-0.06453221623778171,0.606925880923451,0.015530394583595841,0.01371414649342606,-0.0020238175610549636,0.0,0.0,0.02473780209758325,1.1544158952007921,True,Consumer Discretionary,0.02513935949284085,0.043386361108020965,12.0,5.600000000000001,1.0,1.0,0.7702533835038009
CHCO,2026-09-29,139.97,142.29,138.77,139.88,117732,40.2,,Z2,MARKUP,0.017682728761916813,0.002077512715810581,-0.021476040573627064,-0.06114504329149617,0.535441101478837,-0.015441965280922676,-0.009943128145058266,0.05796744911117879,1.0,1.0,-0.0074541284403670804,1.051288339037922,True,Financials,-0.036373656654725806,0.010109763142692074,4.0,5.5,1.0,1.0,0.7703160818412809
CARG,2026-09-30,31.2,31.84,30.95,31.16,1688402,35.4,,Z5,MARKUP,0.03787355502752056,0.019299967288191056,-0.10382513661202197,-0.24405628335759333,0.12062937062937057,-0.04990498820816114,-0.0791946415556588,-0.0768835108931124,1.0,0.0,0.01410342511752849,1.0306136707382283,True,,-0.10201729106628254,0.0463398253861651,5.0,6.5,0.0,1.0,0.7704572143456745
BC,2026-09-25,66.36,67.55,65.81,67.19,720561,31.9,T2G,,MKDN,0.03544900954505677,-0.005329385640266415,-0.13414948453608244,-0.20654227680680215,0.10674157303370797,-0.04331778259082375,-0.09852056267962106,-0.11056217262759305,0.0,1.0,-0.02398800599700157,1.1027621427725547,True,Industrials,-0.04991515837104077,0.032104454685099926,2.0,5.199999999999999,1.0,1.0,0.7704703365922838
OCSL,2026-09-29,11.97,12.23,11.91,12.1,435725,37.7,T4,,MKDN,0.01965237861661137,-0.021827000808407382,-0.08748114630467574,-0.09227306826706683,0.30508474576271144,-0.02665963843755015,-0.030235421483683855,-0.030558818161251722,0.0,0.0,-0.02861815208503682,0.8920315774414186,True,,-0.022617124394184285,0.01851851851851838,1.0,-3.5999999999999943,1.0,1.0,0.770526239985616
MAR,2026-09-25,351.85,353.3,347.6,352.03,1353102,57.2,T2G,,MARKUP,0.02037520661407009,0.03868169479523176,-0.005199649588832123,-0.0838039715795228,0.4914718888186979,0.022309374892719447,0.0034504337420213638,0.02741247238642308,1.0,0.0,0.05020099093203689,0.8790747423801035,True,Consumer Discretionary,0.05180913681317034,0.06020358992892416,12.0,12.300000000000004,1.0,1.0,0.7705616005554634
AMTM,2026-09-25,19.35,19.37,19.01,19.19,1509456,38.8,,Z2G,MKDN,0.03285363450729998,-0.02091836734693875,-0.0606950562897699,-0.23484848484848475,0.029654036243822044,-0.037714302936014854,-0.07575907954561079,-0.18173038233391492,0.0,0.0,-0.010411244143675114,0.8568969775674832,True,Industrials,-0.013874614594039048,0.009468700683850528,0.0,-3.0,1.0,0.0,0.7705775021737312
WMT,2026-09-25,107.08,108.15,106.44,107.98,19615749,49.3,T3,,MKDN,0.01981839245613816,0.011711796121053109,0.052129007112930115,-0.08561266830383607,0.3657465495608531,0.0004450756549330137,-0.016191635513424618,-0.05215597502272873,0.0,0.0,0.038472834067547756,0.9843520811114486,True,Consumer Discretionary,0.007746150256649598,0.01791101055806954,19.0,3.5,0.0,1.0,0.7706000130401871
AGM,2026-09-28,213.96,217.58,211.83,215.71,84145,40.4,T3,,MARKUP,0.02491355159464548,-0.014887884185048161,-0.025832091405861846,-0.13118253584662476,0.4143139723071393,-0.022045592187710294,-0.009304039497875616,0.10631492306395574,1.0,0.0,-0.02052989318906917,0.9548089188111483,True,Financials,-0.04218285156076551,0.018316574611716874,0.0,-2.700000000000003,1.0,1.0,0.7706259241663426
SEIC,2026-09-29,104.48,105.35,103.17,103.35,552502,39.0,,Z2G,MARKUP,0.019914697018935272,-0.003951426368542843,-0.06875112632906843,-0.07846633972358463,0.5528455284552841,-0.02270552882541288,-0.008229293362659762,0.09680730451594322,1.0,0.0,0.016753720311422082,0.7868309777139476,True,Financials,-0.023341523341523285,0.01852764363851378,5.0,0.6000000000000014,1.0,1.0,0.770959908371931
MNTN,2026-09-25,10.79,11.18,10.75,11.01,370281,41.5,T2,,MARKUP,0.05077398008934968,-0.024800708591674048,-0.1261904761904762,-0.1939970717423134,0.5164233576642335,-0.05117667900196343,-0.03185455139578741,-0.0699953291564327,0.0,0.0,-0.052252252252252274,0.6867396378319031,True,,-0.0693153000845309,0.04657794676806093,2.0,-0.20000000000000284,0.0,0.0,0.7715776650861017
RGLD,2026-09-25,251.94,253.69,248.85,252.49,431268,53.0,T10,,MARKUP,0.029008064773441783,0.011375926296815608,-0.06123587150505638,-0.06977858011273619,0.7774644577605453,0.002420021358845892,0.04460948358503969,0.1007821912907243,1.0,0.0,0.02587639142714737,0.8973837870323765,True,,0.0008324084350721517,0.04872071772719733,7.0,1.3999999999999986,0.0,0.0,0.7716358713053025
ONON,2026-09-29,30.04,30.26,29.5,29.55,8455886,51.1,,Z4,MKDN,0.04040729307478156,0.005444028581150118,0.03684210526315801,-0.24674993627326014,0.247863247863248,0.0171724801339439,-0.044076485719991676,-0.20518510787198052,0.0,0.0,0.11077389984825503,0.9989362346103162,True,,0.10426008968609857,0.12101669195751152,8.0,-0.6000000000000014,1.0,0.0,0.7722161255752334
LZB,2026-09-28,29.65,29.86,28.92,29.83,634512,32.9,T5,,MKDN,0.03293515592838532,0.004377104377104368,-0.08412649677617445,-0.29729093050647826,0.06725794530672553,-0.043260170817640886,-0.11873566988880035,-0.17290363609414183,0.0,1.0,-0.005843932622894399,0.9289065559780906,True,Materials,-0.036809815950920255,0.03146611341632077,0.0,4.799999999999997,1.0,0.0,0.7727368663938436
KR,2026-09-30,60.96,60.98,58.62,58.62,7530909,48.9,,Z4,MKDN,0.02717279295509387,0.017002081887578013,0.011736278909216358,-0.06282973621103116,0.4909326424870466,-0.00724751733240403,-0.004809528273864716,-0.06131394678388846,0.0,0.0,0.036837376460018056,1.1837908078526271,True,Consumer Staples,-0.04121687929342499,0.018415566365531433,13.0,3.6000000000000014,0.0,1.0,0.7728703409937386
BAM,2026-09-29,44.6,45.01,44.19,44.97,3571489,33.5,T2G,,MKDN,0.025742342088120977,-0.022603781786568078,-0.12679611650485434,-0.19667738478027863,0.1092233009708739,-0.03739799991677151,-0.0659225131164034,-0.08984266201268354,0.0,1.0,-0.023068309070548687,1.0397917311356175,True,Financials,-0.018979057591623105,0.030949105914718,1.0,-1.3999999999999986,1.0,1.0,0.7736144255984794
ICLR,2026-09-30,167.98,170.4,165.24,169.99,851061,51.7,T5,,MARKUP,0.03850562942262523,0.03715680292861512,0.05322180916976449,-0.08920917273896256,0.5347862531433366,0.005548182844302252,0.025197219820521255,0.1101775767932538,1.0,0.0,0.04524569240587106,1.154137220748058,True,,-0.0227089801080832,0.04551325419767527,14.0,5.100000000000001,0.0,1.0,0.7736372150082961
CME,2026-09-29,263.52,266.94,262.78,263.22,1433184,39.7,,Z2,MKDN,0.022771622511030973,-0.01493207589536305,-0.0780385288966724,-0.09203173508106222,0.5195389879344505,-0.028831643571977206,-0.023115432243122847,-0.037584367041648914,0.0,0.0,-0.030158849093361306,0.8649840857477289,True,Financials,-0.04314951470427841,0.016803801135705232,2.0,-3.0999999999999943,0.0,0.0,0.7736878597915534
WSBC,2026-09-25,38.47,38.95,38.47,38.66,792673,37.3,T1G,,MARKUP,0.02014907742416658,-0.01803403606807219,-0.044252163164400615,-0.1013482101348212,0.15830115830115699,-0.023904702580365145,-0.02944280059980464,0.043554242055221515,1.0,1.0,-0.02095730918499339,0.8223676718479145,True,Financials,-0.03782976605276267,0.021670190274841294,1.0,-1.3000000000000043,1.0,1.0,0.7742433368870054
SPHR,2026-09-25,139.24,142.24,136.67,141.13,403489,44.6,T2G,,MARKUP,0.04516699123190317,-0.027963358358013668,-0.04214741414415646,-0.22298078511259156,0.17110110519852614,-0.01966037263638165,-0.03823688875607523,0.1115848255778904,1.0,0.0,0.0030873493975902555,1.0012772546977007,True,Communication Services,-0.016515679442508757,0.05945499587118075,17.0,-2.5,0.0,1.0,0.7743850502456042
CART,2026-09-30,44.0,44.0,43.07,43.12,2778567,34.0,,Z4,MARKUP,0.03761088666172071,0.003724394785847185,-0.1384615384615384,-0.18147304479878512,0.10234741784037525,-0.05515411866470654,-0.07362944835108676,-0.024552693189043184,1.0,1.0,-0.002136752136752018,0.8284789811222067,True,,-0.07961579509071515,0.025933856768974417,2.0,1.8999999999999986,1.0,1.0,0.7746218514026907
SB,2026-09-30,8.41,8.61,8.38,8.54,1925909,52.3,T2G,,MARKUP,0.03796204940278848,0.020310633213858953,-0.024000000000000132,-0.0827067669172934,0.7249999999999995,0.007117074862730721,0.044746162283055835,0.24343812312402568,1.0,1.0,-0.007453416149068359,0.894751325950624,True,,-0.024000000000000132,0.06883604505632035,3.0,4.599999999999994,1.0,1.0,0.7750460664780325
BMY,2026-09-25,61.75,62.91,61.4,62.86,10672799,44.5,T2G,,MARKUP,0.021349447592156193,-0.0031715826197272756,-0.06109036594473494,-0.0842074592074592,0.527391659852821,-0.012406521787009073,-0.008063783938689673,0.06830520201650025,1.0,1.0,-0.025727608940343982,1.1936928627681245,True,Healthcare,-0.012256442489000596,0.03746492820597447,1.0,3.799999999999997,1.0,1.0,0.7751523142031134
DEA,2026-09-29,22.7,23.15,22.61,23.12,741607,37.6,T4,,MARKUP,0.018437404307840775,-0.00857632933104624,-0.0574806359559723,-0.10939907550077044,0.16470588235294173,-0.016339566074159095,-0.03628286204362774,-0.019855036502709922,1.0,1.0,-0.02083333333333337,1.1739065220652012,True,,-0.025295109612141542,0.024822695035461084,2.0,7.700000000000003,1.0,1.0,0.7751710235038237
IOT,2026-09-30,38.05,38.95,37.84,38.13,4469499,46.2,T2G,,MARKUP,0.05228516667989864,-0.02430910951893539,-0.023809523809523836,-0.15492021276595735,0.48791208791208823,-0.02149738967053083,-0.006397848371311521,0.060000804561088694,1.0,1.0,-0.007092198581560183,0.6382827144489005,True,Technology,-0.06222331529758962,0.04752747252747258,2.0,-3.0,1.0,1.0,0.7751760618998339
CYTK,2026-09-30,65.9,66.92,65.25,65.91,2977677,34.1,T9,,MARKUP,0.03538127535607701,0.0015195259079165968,-0.07689075630252118,-0.23759398496240602,0.07477477477477461,-0.0461031630096872,-0.0919742485929419,-0.044967612921920086,1.0,1.0,-0.007262051915945644,1.1126080557758409,True,Healthcare,-0.05015131863380895,0.02583657587548638,2.0,4.700000000000003,1.0,1.0,0.7752796969683838
ATEC,2026-09-25,9.8,10.32,9.72,10.12,2996636,54.7,T4,,MKDN,0.04493438299549013,-0.005893909626719096,0.05747126436781591,-0.0825022665457843,0.6986754966887416,0.01889344488613598,0.05030516365195248,-0.07988435900435364,0.0,0.0,0.13023255813953494,0.7877943078663903,True,,-0.0434782608695653,0.04115226337448541,11.0,-2.0999999999999943,1.0,1.0,0.7753542054530166
FISI,2026-09-25,40.1,40.84,40.04,40.23,108324,45.6,T2G,,MARKUP,0.01900281130564053,-0.010088582677165392,-0.016862170087976636,-0.06376541773330235,0.4981684981684979,-0.00826669893031573,-0.0021974433790897807,0.10984160487899475,1.0,0.0,0.0012639029322547568,0.8405288317114809,True,Financials,-0.016862170087976636,0.016936299292214185,7.0,-2.1000000000000014,1.0,1.0,0.7753985092113722
FHB,2026-09-25,25.2,25.34,25.1,25.25,1828507,38.5,T2G,,MKDN,0.019990908922745562,-0.01979813664596275,-0.022075910147172695,-0.1742969260954872,0.1262295081967213,-0.016914070752041432,-0.04591428064668868,-0.04870682896017964,0.0,0.0,0.008169934640522847,1.1582476577248135,True,Financials,-0.01941747572815533,0.03145424836601296,8.0,-1.7000000000000028,1.0,1.0,0.7755587201666172
MBIN,2026-09-25,52.29,52.8,51.99,52.1,148593,46.1,,Z3,MARKUP,0.026272272611166485,0.0005761474937584499,-0.021779947427713053,-0.0838755055389484,0.5571030640668526,-0.007597890261808904,-0.00043645503644806904,0.12143555011051288,1.0,0.0,0.003732809430255557,0.616249242283312,True,Financials,-0.019755409219190945,0.023575638506876384,5.0,2.3000000000000043,1.0,1.0,0.7756225499052974
SPSC,2026-09-25,82.93,83.49,81.19,81.3,731011,53.8,,Z4,MARKUP,0.03856322740049397,0.019563581640331007,-0.03444180522565332,-0.09101073345259392,0.75325856320097,0.00575556457966786,0.0640614852769108,0.08288538766129472,1.0,0.0,0.028110359187922818,0.8050854616872871,True,Technology,-0.01669085631349798,0.04070660522273406,11.0,2.5,0.0,1.0,0.7756488928930155
ARIS,2026-09-24,18.65,18.7,18.09,18.65,1899751,47.9,,Z7,MKDN,0.0505211126227504,-0.0158311345646438,-0.0964147286821706,-0.13094128611370004,0.6593939393939391,-0.024420704141515093,0.01726987532004265,-0.017527864588254283,0.0,0.0,0.013445378151260456,1.169363352431083,True,,-0.039155074703761006,0.04481792717086819,6.0,-2.8000000000000043,0.0,1.0,0.7758206243444296
FOX,2026-09-30,56.2,56.88,56.09,56.3,1707360,42.6,T9,,MARKUP,0.025193532883400958,-0.011587078651685512,-0.04624767067592761,-0.105355156523121,0.5700389105058364,-0.02416736981525225,-0.01427387476281794,0.007580902374757059,1.0,1.0,-0.014232342999466407,0.7319210709235148,True,Communication Services,-0.048182586644125114,0.016062082656560284,1.0,-1.5,1.0,0.0,0.7759257355607468
CXW,2026-09-29,31.57,32.79,31.49,32.67,2506330,47.6,T4,,MARKUP,0.05350613668794647,0.03813155386082001,-0.01655629139072834,-0.10615595075239381,0.5180124223602488,-0.019292241425214796,0.008159246583931967,0.23135607830298044,1.0,1.0,-0.004885993485342022,1.1006245378445947,True,,-0.07659694742792544,0.06939443535188228,4.0,8.100000000000001,1.0,1.0,0.7760430021304278
AGI,2026-09-25,34.15,34.59,33.82,34.5,3264273,46.7,T2G,,MKDN,0.03859595464069212,-0.03415453527435608,-0.08922914466737075,-0.11764705882352944,0.6182572614107883,-0.022986982853564708,-0.009326831122655976,-0.045164524195476674,0.0,1.0,-0.014424492198999217,1.0574124335018091,True,,-0.039532293986637046,0.03046594982078865,1.0,-5.399999999999999,1.0,1.0,0.7762702348373447
CRH,2026-09-25,83.94,85.84,83.56,85.04,5197137,35.1,T4,,MKDN,0.028788463323880197,-0.012884503772489841,-0.1102741159238334,-0.2213167292372492,0.060629615235134195,-0.042754109128692486,-0.09412608314726312,-0.18052253937525842,0.0,0.0,-0.02328302328302323,1.0579332159079866,True,Materials,-0.039638622247317845,0.01868711068519402,1.0,3.1000000000000014,1.0,1.0,0.7763211125761548
SSB,2026-09-25,102.47,103.3,101.96,102.46,754284,38.2,,Z11,MARKUP,0.017621001218643573,-0.009474091260634254,-0.0338519566242339,-0.08680926916221043,0.3654723127035828,-0.017791571253039207,-0.018987289509660443,0.02004500392345654,1.0,1.0,-0.0042156862745098556,0.9231601190497668,True,Financials,-0.033213813927156166,0.00876242985133402,1.0,-0.6999999999999957,1.0,0.0,0.7764188336953571
HUBS,2026-09-25,221.26,223.87,212.36,213.74,869998,42.2,,Z2G,MKDN,0.06543783424650157,-0.011012400518230603,-0.16452331626470706,-0.19343396226415088,0.3588492808005003,-0.06711723381115009,-0.06400794546454114,-0.20577185000244191,0.0,0.0,-0.022576299530821853,0.8497506630253908,True,Technology,-0.05143567212532729,0.01582624399981003,3.0,0.10000000000000142,1.0,1.0,0.7767045964820041
LILAK,2026-09-25,8.53,8.61,8.42,8.49,2344574,49.2,,Z9,MARKUP,0.03355014556896848,0.010714285714285676,0.026602176541717037,-0.047138047138047146,0.79,-0.00867549231928666,0.01754521714879176,0.07258630305834224,1.0,0.0,0.01831501831501825,1.0729924426092357,True,Communication Services,-0.027491408934707917,0.03159173754556499,5.0,1.9000000000000057,0.0,0.0,0.7769156779520789
PMTS,2026-09-28,24.53,24.96,24.48,24.79,159985,45.6,T2,,MARKUP,0.04643153361420352,0.005679513184584151,-0.14013180714533469,-0.20672000000000001,0.49883630721489525,-0.023795857492528882,0.0004909634170362498,0.2197970400488729,1.0,0.0,0.09589041095890427,0.6398879788242668,True,Materials,0.02184666117065115,0.056242011077972,11.0,1.7000000000000028,0.0,1.0,0.776971789703681
SFST,2026-09-25,60.29,60.86,59.73,60.62,89738,42.2,T2G,,MARKUP,0.02361850338025422,-0.017185473411154395,-0.0252452162727127,-0.06867414349362433,0.3668555240793195,-0.017445900896106092,-0.01890694593195763,0.05934706868216133,1.0,1.0,-0.01393265881572392,1.0238105101083979,True,Financials,-0.03960709759188852,0.019680403700588656,1.0,-3.0,1.0,1.0,0.7769911321340753
PDS,2026-09-30,79.83,82.12,79.05,80.58,170439,38.7,T2G,,MARKUP,0.034947124421622705,-0.02528123865973153,-0.12716637781629114,-0.14802283780926195,0.3821712268314209,-0.04713238173478318,-0.056289885002052786,-0.015682295455342277,1.0,0.0,-0.048300970873786486,1.0180473970322101,True,,-0.06334999418807397,0.02754399387911244,1.0,-1.5,0.0,1.0,0.7772505845324186
WLTH,2026-09-25,10.23,10.43,10.05,10.18,1778691,55.7,,Z3,MARKUP,0.045030129803907325,0.007920792079207928,0.08182784272051014,-0.08122743682310474,0.6356275303643725,0.023992958652032215,0.04683266789477525,,0.0,0.0,0.10250569476082005,0.7823383088064183,True,Financials,-0.019267822736030893,0.051652892561983466,16.0,0.8000000000000043,0.0,1.0,0.777956856363684
CRNC,2026-09-24,8.0,8.05,7.73,7.93,510043,43.8,,Z2G,MKDN,0.05233099677699046,-0.026993865030674913,-0.01245330012453294,-0.34462809917355375,0.08951965065502186,-0.032588989712993954,-0.076132701791218,-0.14238385975756063,0.0,0.0,0.019946808510638236,1.103024026464436,True,Technology,-0.02579852579852593,0.03389830508474567,3.0,-1.7000000000000028,0.0,0.0,0.778665633436514
CAAP,2026-09-24,23.79,23.89,23.46,23.55,220641,43.4,,Z2,MKDN,0.03026649182858816,-0.015468227424749181,-0.04268292682926833,-0.11962616822429906,0.32346723044397485,-0.020412274330892433,-0.03681951734673261,-0.046379339054453905,0.0,0.0,0.019113814074717794,0.8382965717752958,True,,-0.04963680387409197,0.011597938144329856,16.0,-2.700000000000003,0.0,0.0,0.7793656713394871
WMB,2026-09-24,71.45,71.45,70.29,70.58,4369236,40.3,,Z6,MARKUP,0.025959971851853655,-0.017128533630413667,-0.0514715764010214,-0.08170699973978668,0.24700239808153496,-0.023647959945602426,-0.03050822225116101,-0.001567983920345406,1.0,0.0,0.009913793103448532,0.9755898231026092,True,Utilities,-0.030760780005492983,0.010450966356478242,6.0,-4.5,0.0,0.0,0.7799145519403062
FLOC,2026-09-24,19.44,19.59,19.05,19.5,440135,39.4,T2G,,MKDN,0.044133447429678965,-0.04364884747425213,-0.04878048780487809,-0.1875,0.1620111731843577,-0.046096726030130486,-0.07433036634934076,-0.07961073037795008,0.0,0.0,-0.026140440799589992,0.9426479559634783,True,Industrials,-0.038935436175455806,0.026315789473684292,1.0,-4.300000000000004,1.0,1.0,0.7802608759425618
BOBS,2026-09-30,14.05,14.07,13.59,13.86,1105035,37.4,,Z10,MARKUP,0.06189084259827263,0.021370670596904784,-0.14969325153374236,-0.2885010266940452,0.13003095975232193,-0.07276222515882635,-0.11520788016037742,,0.0,1.0,-0.03626943005181349,0.9068909553697222,True,Consumer Discretionary,-0.051983584131326976,0.06451612903225801,2.0,2.6999999999999957,1.0,1.0,0.7807067812298583
BURL,2026-09-24,259.2,259.27,253.24,254.83,1146382,40.4,,Z4,MKDN,0.039655466171251694,0.06383067546130095,-0.18841364374661607,-0.3264345941373932,0.1847108529178771,-0.022743421892318372,-0.12233168011957374,-0.16059924948835935,0.0,0.0,0.037822349570200586,0.9143273314271951,True,Consumer Discretionary,0.07053436397244162,0.12334141503195961,7.0,12.799999999999997,1.0,1.0,0.7807380441186705
MNDY,2026-09-24,86.46,87.67,84.67,86.0,597056,46.0,,Z9,MKDN,0.06037979048688529,-0.04751356739395285,-0.07077255537547267,-0.1568627450980392,0.513677811550152,-0.035735090847779705,-0.02156113023815065,-0.1865618095582654,0.0,0.0,0.05441919191919187,0.9197504975328692,True,,0.009745215451450129,0.029816788408573824,10.0,-3.6000000000000014,1.0,0.0,0.7807596979790771
NOV,2026-09-25,19.8,20.13,19.61,19.86,2822479,39.9,T5,,MARKUP,0.03232865634426284,-0.010463378176382654,-0.043352601156069426,-0.09439124487004102,0.507142857142857,-0.031191215567325292,-0.026426758796128325,0.04840561470357008,1.0,0.0,0.00978372811534478,0.8941337862164195,True,Industrials,-0.05876777251184839,0.012748597654258065,0.0,-1.8999999999999986,0.0,0.0,0.7809655058001469
DSGX,2026-09-25,79.79,80.75,78.43,78.61,664929,51.2,,Z1G,MKDN,0.03654831426103981,0.016946959896507074,-0.02541532358046117,-0.0488808227465215,0.7620730270906946,0.002097960834027024,0.021035032335271264,0.0045153035454896795,0.0,0.0,0.09581856839121206,0.6544725427317689,True,,0.03379800105207775,0.041605936133563004,11.0,1.7000000000000028,1.0,1.0,0.781167356180235
MBWM,2026-09-29,59.22,59.6,58.38,58.89,114483,42.5,,Z2G,MARKUP,0.021421111953089045,-0.003890392422192135,-0.014558232931726867,-0.06449563145353454,0.47204161248374515,-0.018376018060671462,-0.010849831611095984,0.07337781367681395,1.0,1.0,-0.0018806633612583612,0.7680644127709274,True,Financials,-0.046624575036425475,0.008735868448098705,0.0,0.7000000000000028,1.0,1.0,0.7812467577981935
NWBI,2026-09-25,15.24,15.35,15.2,15.31,813270,47.6,T2G,,MARKUP,0.0159970858953041,-0.009702457956015542,-0.001304631441617743,-0.05259900990099009,0.4137931034482758,-0.0033832578784505074,0.00011792131812149442,0.0783662466308912,1.0,1.0,-0.007962840079628442,0.8278920819351976,True,Financials,-0.011620400258231078,0.024080267558528545,1.0,-2.6999999999999957,1.0,1.0,0.782093213463068
SHC,2026-09-30,18.68,18.76,18.39,18.49,2029156,47.2,,Z3,MARKUP,0.023661077042435946,0.010934937124111421,-0.010171306209850184,-0.06568974229408797,0.5608108108108107,-0.007682417610173853,0.0037060545600833272,0.088271909753741,1.0,0.0,0.01110494169905607,0.7657685071148037,True,Healthcare,-0.04345576823590269,0.017611447440836425,14.0,4.300000000000004,0.0,1.0,0.7821370537041226
ORCL,2026-09-30,136.54,138.5,134.75,137.3,22286066,42.7,T10,,MKDN,0.0511836805755742,-0.05022136137244049,-0.028446079818850722,-0.1956649091974223,0.40569395017793625,-0.0443708570758069,-0.06449308377275298,-0.17535759790443528,0.0,0.0,-0.05338129496402866,1.0375254553982909,True,Technology,-0.040933221570270906,0.043471652226782176,2.0,-4.0,1.0,1.0,0.7824137850920632
AXP,2026-09-29,307.08,307.18,303.97,305.4,3111950,34.2,,Z2,MKDN,0.01950269389010838,0.0010817189497491775,-0.07502195838507442,-0.15900203778157185,0.08682587379408438,-0.032647382610971554,-0.06041113148891797,-0.07255191621967261,0.0,1.0,-0.01691415085062431,1.0996363068203427,True,Financials,-0.05865672101840158,0.018305491647494065,3.0,5.300000000000004,1.0,1.0,0.7824588170528146
PJT,2026-09-25,149.4,151.89,149.4,151.77,303263,32.8,T2G,,MARKUP,0.03512733239993644,0.0019805902158844813,-0.15050934736370758,-0.19081893793985916,0.1562942008486568,-0.05441293427690841,-0.07910468189457964,-0.06584684651294481,1.0,1.0,-0.02753768844221116,1.0790496722767204,True,Financials,-0.07009374425586667,0.045680033071517245,1.0,3.6999999999999957,1.0,1.0,0.7826106756624165
HBAN,2026-09-25,15.39,15.74,15.31,15.64,33486640,35.3,T1G,,MKDN,0.023743669034887397,-0.015113350125944613,-0.0723606168446026,-0.15823466092572647,0.13274336283185878,-0.03712145801627442,-0.06524447903193697,-0.07016062364964559,0.0,1.0,-0.023151125401929318,1.0842492813389553,True,Financials,-0.0723606168446026,0.029624753127057257,1.0,4.199999999999996,1.0,1.0,0.782737074251967
DNOW,2026-09-29,16.01,16.12,15.68,15.71,1575160,49.8,,Z1,MARKUP,0.028287588607700725,0.009640102827763508,-0.019962570180910855,-0.08662790697674405,0.681623931623932,-0.00505121289913224,0.02200836062447986,0.09839973795420431,1.0,0.0,0.00457815565729236,0.7414021913058315,True,Industrials,-0.024223602484472084,0.02278645833333348,13.0,1.2999999999999972,1.0,1.0,0.7830933400400338
ALGM,2026-09-30,36.64,37.05,36.15,36.35,2098707,48.3,,Z2,ACC-TR,0.0478386614139932,0.035317573340928554,0.02480969833662261,-0.37841997264021887,0.14258039519566063,0.007885346175632524,-0.06758611899031852,-0.08630856530266895,0.0,0.0,0.03917967554331203,1.0311351319486401,True,Technology,0.10084797092671094,0.10184904516520166,10.0,5.799999999999997,1.0,0.0,0.7831678561104636
PG,2026-09-25,145.97,146.4,145.33,146.23,5790619,50.6,T9,,MKDN,0.015268287293487408,-0.001092970831340967,0.02158725723068322,-0.052423535510627284,0.4270538243626062,0.0007242813696264339,0.0007482302663333051,-0.013638296812123918,0.0,0.0,0.024460735936839173,0.7763615776428765,True,Materials,0.006608384387691846,0.01605058365758749,11.0,-1.6000000000000014,1.0,0.0,0.7838582372903846
NUVB,2026-09-25,5.73,5.83,5.67,5.74,2817202,39.1,T2,,MARKUP,0.055089286508917215,-0.018803418803418737,-0.178826895565093,-0.24274406332453824,0.17857142857142871,-0.06385407362212858,-0.07307351774940207,0.03414301444973766,1.0,1.0,-0.01598579040852577,0.8622042849313811,True,Healthcare,-0.054365733113673764,0.036101083032491044,1.0,0.0,1.0,0.0,0.7839601611636897
EOLS,2026-09-24,7.96,8.0,7.79,7.86,362956,44.8,,Z2G,MARKUP,0.04741620376711446,-0.01872659176029956,-0.10478359908883816,-0.1557465091299678,0.6243523316062176,-0.035942760341041824,0.009113837408865288,0.14399270594010183,1.0,0.0,0.022397891963109373,0.6972248035807114,True,Healthcare,-0.006321112515802807,0.035573122529644285,7.0,-2.1000000000000014,1.0,1.0,0.7845288508700842
CTVA,2026-09-24,81.53,81.53,79.06,79.45,3498299,40.6,,Z4,MARKUP,0.030774194518513598,-0.025512081442413792,-0.04138513513513509,-0.12663515444652074,0.3001215066828675,-0.031418064055620865,-0.03336329116432091,0.006535413831771475,1.0,1.0,-0.0029180411063181033,0.955944582598567,True,,-0.05965202982601481,0.010942868049370169,2.0,-4.100000000000001,1.0,0.0,0.7848652579849509
ITRI,2026-09-25,91.5,93.86,89.43,89.75,497735,36.7,,Z1,MKDN,0.029421694293206336,-0.007629367536488241,-0.09590007051475768,-0.17051756007393715,0.31843369043221287,-0.03887053671855889,-0.041883595924935735,-0.05776138911226303,0.0,0.0,-0.008229537366547968,1.1559429760197026,True,Technology,-0.040619989310529125,0.006391567616057303,1.0,2.1000000000000014,1.0,0.0,0.7849076404482241
BPRE,2026-09-24,12.4,12.54,12.29,12.3,901856,52.9,,Z3,MKDN,0.02749611042539677,0.014851485148514865,0.03622577927548454,-0.10480349344978157,0.3043478260869569,0.013721899466956122,-0.01594110495602119,,0.0,0.0,0.01799485861182526,1.1398158775740848,True,,0.02244389027431426,0.041490262489415786,19.0,4.799999999999997,0.0,1.0,0.7850005986732305
STRT,2026-09-29,66.98,67.31,65.38,66.55,84260,34.6,,Z6,MKDN,0.04138582818053132,-0.012024940617577196,-0.051183347590533224,-0.28440860215053765,0.04236060825488782,-0.045631309568826106,-0.10250613302938782,-0.12187304963993595,0.0,1.0,-0.015806111696522795,0.9748696268770588,True,Industrials,-0.032562872510539465,0.01789538085041298,0.0,0.7000000000000028,1.0,0.0,0.7851052644342765
CG,2026-09-30,40.0,40.2,39.4,39.66,3715931,31.1,,Z6,MKDN,0.033607180872000215,-0.006513026052104354,-0.14782982380747745,-0.2396472392638037,0.06994047619047604,-0.05168246420208478,-0.10102067685805749,-0.17642774872921063,0.0,1.0,-0.011235955056179692,0.862015571108221,True,Financials,-0.008747813046738329,0.024276859504132275,2.0,2.5,1.0,0.0,0.7856213031770746
KTB,2026-09-25,64.32,65.89,64.14,65.37,562269,35.6,T3,,MKDN,0.03884715583912447,-0.014918625678119302,-0.14526673640167365,-0.26517535971223016,0.07162534435261739,-0.05612419058739515,-0.11480186072812815,-0.1159672895276187,0.0,1.0,-0.024109336609336673,0.766399701188148,True,Consumer Discretionary,-0.018763134193935715,0.028638867033831783,1.0,2.0,1.0,0.0,0.7858425977180195
TFC,2026-09-25,47.28,47.88,47.17,47.66,7173715,36.3,T2G,,MARKUP,0.021863572331027068,-0.01853377265238887,-0.052485089463220724,-0.12098856510512734,0.13684210526315777,-0.031204289635736626,-0.04889542364985566,-0.029710232998230057,1.0,1.0,-0.021410579345088276,1.046900251016787,True,Financials,-0.054365079365079394,0.022308022308022313,1.0,0.3999999999999986,1.0,1.0,0.786260452259771
SDRL,2026-09-28,46.11,46.6,45.41,45.58,609021,42.8,,Z11,MARKUP,0.03765614441193006,-0.021468441391155002,-0.04243697478991604,-0.10767423649177765,0.5823842065299925,-0.031856363945333754,-0.0176061912146267,0.0696884050281863,1.0,0.0,-0.016568563331153197,0.8244658232919994,True,Energy,-0.02752293577981646,0.010418975836843147,1.0,-3.9000000000000057,1.0,0.0,0.7863263340683662
MBLY,2026-09-25,7.76,8.06,7.67,8.03,6573312,46.1,T2G,,MKDN,0.04417479714548148,0.0012468827930174342,-0.06736353077816493,-0.22415458937198074,0.2861538461538461,-0.009194259376303804,-0.04592264631097209,-0.15866403295516895,0.0,1.0,-0.03746770025839796,1.3791313313414142,True,Technology,-0.026666666666666727,0.07785234899328852,2.0,4.5,1.0,1.0,0.7873434338446665
INGR,2026-09-28,96.22,97.42,95.57,96.45,753305,33.0,T11,,MKDN,0.019277943142660677,-0.005977532721838541,-0.0780921429936915,-0.10744031093836759,0.07045636509207438,-0.027033320044564935,-0.044218451099130696,-0.10171435997615019,0.0,0.0,-0.011378917968346003,0.93452617872364,True,Consumer Staples,-0.02210280847612278,0.009207910432144084,0.0,1.3000000000000007,1.0,0.0,0.7873540281023295
PRAX,2026-09-30,284.65,296.27,282.0,291.23,710563,36.2,T1G,,MARKUP,0.05350010500795693,0.03229122359279746,-0.17601290176550466,-0.2583906289788642,0.13132437291327825,-0.05707802440252141,-0.09950687361303345,0.0014903906444740933,1.0,0.0,0.0016310848526586152,1.1315858651450885,True,Healthcare,-0.057477588271465097,0.05560187031063113,5.0,9.800000000000004,0.0,1.0,0.7880013461518008
CASY,2026-09-30,602.87,613.16,599.07,608.46,608429,33.0,T1,,MKDN,0.03788509566040896,0.018667023823475404,-0.20660833735379636,-0.3128550294187399,0.10747768935854897,-0.049242821524579816,-0.14702145464047078,-0.15364430780896943,0.0,0.0,0.025143453312467257,0.771365981633836,True,Consumer Discretionary,0.03303904923599332,0.058007303077725725,5.0,6.0,1.0,1.0,0.7883820060141801
WSFS,2026-09-25,77.67,78.19,77.33,77.76,363253,42.6,T1G,,MARKUP,0.01706348308103833,-0.013197969543147114,-0.008289758959316273,-0.062454786592717526,0.3651960784313732,-0.010995988148740587,-0.010015606235513452,0.08848190381422172,1.0,1.0,-0.0017029080429658006,0.9356555284031156,True,Financials,-0.024708390819014103,0.020338538249573768,1.0,-2.799999999999997,1.0,1.0,0.7886431397437556
STRL,2026-09-24,496.21,519.99,485.0,513.72,411180,50.3,T4,,DIST-TR,0.05543576235722524,0.015819030293443115,0.03278985143040947,-0.369475299171525,0.18691083920805998,0.017731813452830814,-0.06125789810934723,-0.03972343988727334,1.0,0.0,0.09106451903176471,0.9602216654603228,True,,0.05952233634451187,0.12041176855466618,15.0,1.5,0.0,1.0,0.7895788984711825
BV,2026-09-25,9.97,10.43,9.86,10.41,1478465,38.3,T1,,MKDN,0.03482058784755441,-0.022535211267605604,-0.060469314079422354,-0.30599999999999994,0.11560693641618491,-0.040509699492625506,-0.09869347606364676,-0.1739232202868709,0.0,0.0,-0.07887323943661972,1.092510916264586,True,,-0.0697050938337801,0.06116207951070329,1.0,3.6999999999999957,0.0,1.0,0.7897778155021555
ESAB,2026-09-29,68.06,68.69,67.06,67.6,862805,40.0,,Z10,MKDN,0.045128349670237246,-0.012273524254821755,-0.10321040063677367,-0.32325558113925323,0.07900741585852812,-0.0414453106585444,-0.12266319578572482,-0.28131183533102133,0.0,0.0,0.020669443159031298,1.1196615104493282,True,Industrials,0.005802707930367523,0.04272713250038551,7.0,3.200000000000003,1.0,1.0,0.7899099503342539
VRDN,2026-09-30,20.27,20.75,20.0,20.59,1404853,40.9,T9,,MARKUP,0.043474455140950906,-0.03919738684087726,-0.10594876248371699,-0.17176186645213187,0.41666666666666674,-0.04445705888209461,-0.04083349790252999,-0.032984094578974776,1.0,0.0,-0.06846081208687438,0.9681980629090323,True,Healthcare,-0.08244206773618545,0.043588443993917814,1.0,-2.5,1.0,0.0,0.7902873129279143
CLPT,2026-09-24,14.82,14.9,14.23,14.61,669841,51.0,,Z2G,MARKUP,0.05632174082656712,0.06331877729257629,-0.10751374465485652,-0.2472952086553324,0.32773109243697474,0.013925260039407084,-0.00025263910437989257,0.040688272278965654,1.0,0.0,0.04464973056197086,1.1105126631289417,True,,0.083827893175074,0.12471131639722866,7.0,7.899999999999999,1.0,1.0,0.7905690795920907
FBP,2026-09-25,26.85,27.24,26.8,27.06,1086532,39.1,T1G,,MARKUP,0.01845838329383219,-0.018854242204496052,-0.023457235654998243,-0.0943775100401607,0.3221153846153846,-0.019729782289538145,-0.02081095082924067,0.08086818239164462,1.0,0.0,-0.020656584286241175,0.8375191749095163,True,Financials,-0.02275189599133265,0.019209039548022444,1.0,-2.6999999999999957,1.0,1.0,0.7914392909272555
BRSL,2026-09-30,9.97,10.11,9.86,9.99,2721751,37.5,T2G,,MKDN,0.03387932465181041,-0.02631578947368418,-0.10564010743061769,-0.1831561733442355,0.14176245210728,-0.04084868985293533,-0.07402635406878633,-0.18576233664319974,0.0,0.0,-0.044687189672294014,1.1591794698169686,True,,-0.05128205128205121,0.03846153846153855,4.0,0.6000000000000014,0.0,1.0,0.7917688125477701
DVN,2026-09-29,45.75,46.84,45.56,46.6,10506028,44.2,T5,,MARKUP,0.031031454216537333,-0.007031749414020849,-0.03937332508761071,-0.09864603481624756,0.5346715328467152,-0.0276030537434363,-0.010529663960563984,0.06012130439476815,1.0,1.0,-0.012998266897746857,0.9534339405453167,True,Energy,-0.09214884083382036,0.022827041264266823,0.0,-0.6999999999999957,1.0,0.0,0.7918488107583538
CATY,2026-09-28,61.35,61.45,60.71,60.74,415118,40.9,,Z1G,MARKUP,0.01693623353978056,-0.012036434612882174,-0.01826410214966856,-0.06911877394636012,0.16171003717472196,-0.015145481844325959,-0.01667406257474191,0.06468017725178421,1.0,1.0,-0.004136333553937832,0.9454895730469802,True,Financials,-0.026914450496635656,0.009137730520019982,3.0,-2.200000000000003,1.0,1.0,0.7923252894555278
CPF,2026-09-25,36.96,37.25,36.67,36.85,120192,41.9,,Z5,MARKUP,0.021595603009787218,-0.02098831030818271,-0.026162790697674465,-0.10100024396194196,0.12288135593220306,-0.013468860498651591,-0.01915332263980518,0.050479320415689255,1.0,1.0,-0.01252382248842887,0.8896624302250912,True,Financials,-0.025905366111551587,0.01599117728149979,2.0,-5.600000000000001,1.0,1.0,0.7924169280757694
PM,2026-09-30,195.0,195.22,190.82,190.82,4355415,51.1,,Z4,MARKUP,0.02279472929972047,-0.00010479983232036805,0.01960993855196369,-0.08153638814016173,0.47062500000000007,0.0010626075863524598,0.010270702365240636,0.059558659551619986,1.0,0.0,0.034804706922269446,0.8633261462779376,True,Consumer Staples,-0.004642428668301113,0.0267972449418854,16.0,-1.5,0.0,1.0,0.792569426479697
MCRI,2026-09-28,117.74,118.9,116.88,117.26,206542,39.1,,Z2,MARKUP,0.024551502808284584,-0.021691973969631184,-0.04332218324222881,-0.11025115714394107,0.2915650901999028,-0.023693201946024756,-0.03336075458722054,0.03503836403652727,1.0,1.0,-0.0035427287652295414,0.8940083006496075,True,Consumer Discretionary,-0.044958462290275225,0.016822754075615842,2.0,-4.899999999999999,1.0,0.0,0.7927652690084381
AVBP,2026-09-28,28.38,29.9,28.02,29.3,1016620,47.9,T3,,MARKUP,0.05035597168759264,-0.014794889038332149,-0.028836592641697134,-0.1769662921348315,0.24278846153846148,-0.006863828227416158,-0.021516334821713,0.05491847629667146,1.0,0.0,0.027126099706744844,1.264275696187866,True,Healthcare,0.025551277563878205,0.0740469208211143,8.0,-2.700000000000003,1.0,0.0,0.7931205901618122
PATH,2026-09-30,12.32,13.0,12.32,12.84,42461804,40.0,T2,,MARKUP,0.06041058097533528,-0.015337423312883347,-0.29217199558985674,-0.3181093998937865,0.30911188004613616,-0.06270492879628797,-0.07893474247107368,-0.011637690560923786,1.0,1.0,-0.0853754940711462,0.8079047706076122,True,Technology,-0.05796038151137206,0.1097666378565254,2.0,2.5,1.0,1.0,0.7932264937254581
FLNG,2026-09-30,31.03,31.42,30.76,30.76,219171,42.6,,Z3,MARKUP,0.024198192278875565,-0.006459948320413411,-0.022561169367651623,-0.07516536380036065,0.4432071269487757,-0.018272099137643827,-0.014104162025450617,0.03615407120360681,1.0,0.0,0.006254114549045564,0.7446990252299608,True,,-0.04531346989447538,0.006215243702976769,1.0,-1.5,0.0,0.0,0.7932967795585324
UDR,2026-09-29,33.84,34.15,33.6,33.95,3096331,29.7,T9,,MKDN,0.0169070421218256,-0.004398826979472137,-0.08119079837618404,-0.19166666666666665,0.06936416184971116,-0.02560341913195119,-0.06358405902391084,-0.08851981131348596,0.0,1.0,-0.009798099762470258,0.9622058164828534,True,,-0.02749928387281564,0.01799100449775115,2.0,4.899999999999999,1.0,0.0,0.793906247536886
HOPE,2026-09-25,13.78,13.91,13.77,13.83,858751,47.6,T2G,,MARKUP,0.018209669663145935,-0.009312320916905481,-0.007178750897343877,-0.052090472926662135,0.5220125786163523,-0.004000616471358187,0.001603155641343612,0.08696207816263812,1.0,1.0,-0.006617647058823506,0.996226215261489,True,Financials,-0.00789096126255373,0.023686158401184265,1.0,-2.5,1.0,1.0,0.7939456776125824
TRST,2026-09-24,55.79,56.42,55.75,56.3,106267,45.9,T1,,MARKUP,0.022312267141265506,0.0005331437711035836,-0.014528268860493743,-0.05026990553306354,0.6392251815980624,-0.010890677708043639,-8.155795014774814e-05,0.12468448051463965,1.0,1.0,-0.011165135962542871,1.0884807441827438,True,Financials,-0.03628894214310174,0.025314150427973026,4.0,2.1999999999999957,1.0,1.0,0.7939756602886189
IBM,2026-09-25,226.15,228.99,225.19,225.51,4144344,41.2,,Z2G,MKDN,0.031118026907599038,-0.017599651492049784,-0.05561371916746938,-0.27674791533034004,0.23372702246692115,-0.035972392168336365,-0.04969619206817266,-0.10650604675359887,0.0,0.0,-0.016465758211041237,0.9266123731411136,True,Technology,-0.07308150766574872,0.0014210222478794332,0.0,-2.799999999999997,1.0,0.0,0.7940322093468914
KIM,2026-09-28,22.45,22.62,22.35,22.49,5311102,30.9,T2G,,MARKUP,0.015027067116893382,-0.002218278615794156,-0.0542472666105972,-0.15578078078078084,0.09190371991247223,-0.021588654673880492,-0.05124361807063149,-0.039538265804578865,1.0,1.0,-0.013851653261840902,0.7834097186872742,True,,-0.03143841515934542,0.019030357951970833,1.0,6.799999999999997,1.0,1.0,0.7941647650755803
CPAY,2026-09-25,400.61,402.05,397.88,398.11,432667,46.4,,Z3,MARKUP,0.02057111612147627,0.0008799275945294838,-0.013773626972527042,-0.06866139521826597,0.6591568923469983,-0.010807068713154622,0.008511640193363368,0.12048377469757465,1.0,1.0,-0.020686697444435964,1.0840949844586536,True,Industrials,-0.02476605751800498,0.025554496509441194,3.0,1.8999999999999986,1.0,1.0,0.7943580374880282
HUM,2026-09-28,397.43,408.19,389.1,389.63,1492806,50.7,,Z1,MARKUP,0.03606558481989773,0.029188018384489478,0.010608497172796438,-0.09151744077597468,0.477989094294454,0.0026105811944350243,0.018116604313484608,0.2192724029616695,1.0,1.0,-0.013944169894483882,1.18810456483239,True,Financials,-0.04272517321016167,0.05553599003061249,3.0,9.200000000000003,1.0,1.0,0.7946570954421474
HRTG,2026-09-29,32.96,33.63,32.96,33.49,316843,49.1,T4,,MARKUP,0.0286892847553599,-0.00029850746268655914,-0.003866745984532849,-0.08246575342465745,0.7212962962962965,-0.0087060527300592,0.03336979827535469,0.1752165981659679,1.0,1.0,-0.017717717717717574,0.8845521067859229,True,Financials,-0.03709028177113283,0.02384591867930297,4.0,0.8000000000000043,1.0,1.0,0.7949686219654806
CDE,2026-09-25,18.98,19.37,18.81,19.22,32212096,46.7,T1,,MARKUP,0.05196378963302535,-0.027327935222672184,-0.1346240432237732,-0.14387527839643655,0.6208920187793426,-0.030557774316024577,0.0023158049889207,0.06439224963573897,1.0,0.0,0.014069264069263898,1.0747935642469593,True,Materials,-0.06608357628765793,0.04004329004328988,7.0,-2.8999999999999986,1.0,1.0,0.7949997055211101
TEX,2026-09-25,56.89,57.73,56.57,57.33,838587,37.0,T9,,MARKUP,0.03806837109021344,-0.02896341463414631,-0.11171366594360099,-0.19818181818181824,0.10655737704918018,-0.044690803880643615,-0.08041821634519386,-0.06498498888970505,1.0,0.0,-0.03803596127247588,0.9806300503525607,True,Industrials,-0.057382439986846445,0.030373831775700966,1.0,-3.0,1.0,0.0,0.7955571432643722
IVT,2026-09-28,30.45,30.8,30.45,30.72,534229,29.6,T3,,MARKUP,0.01802957945594977,-0.0025974025974027093,-0.05622119815668203,-0.17463729177861365,0.07932011331444742,-0.022060180575619426,-0.05467982499272783,-0.04098306808153107,1.0,1.0,-0.011147540983606596,0.845944029853702,True,,-0.03183107469271984,0.018567639257294433,1.0,8.0,1.0,0.0,0.7956031006775725
ESLT,2026-09-25,739.89,745.26,730.51,735.0,70838,47.0,,Z2,MARKUP,0.021879880039534942,-0.011232931997040452,0.022694068374403242,-0.1617722529509038,0.21482342521864248,-0.003271655257777062,-0.02403836605661014,0.0019529404159019936,1.0,0.0,0.049296887343972084,1.0351908318660255,True,,0.009615384615384581,0.027785157943311045,15.0,-4.600000000000001,0.0,0.0,0.796232350292523
GS,2026-09-25,927.5,935.83,915.3,935.45,1955655,36.2,T1,,MARKUP,0.028457358871100243,-0.006953290870488238,-0.10128065944834597,-0.1893777242437109,0.08679119134177464,-0.042942984996233946,-0.06919616345912483,-0.016179801429305862,1.0,1.0,-0.007939262472885122,1.0037777048521257,True,Financials,-0.09107250432383063,0.02270739493593399,1.0,3.1000000000000014,1.0,1.0,0.7962436376803551
UFCS,2026-09-29,53.33,53.6,52.09,53.52,98260,46.5,T2,,MARKUP,0.029135513003046804,-0.0029806259314455463,-0.006497122702802893,-0.056750088121254816,0.6216216216216219,-0.008009298789642738,0.007088416069515713,0.16812924070055701,1.0,1.0,-0.028860856269113166,0.6808670205865466,True,Financials,-0.025136612021857796,0.05333595748868336,4.0,-0.6000000000000014,1.0,0.0,0.7965857368311404
STVN,2026-09-28,21.03,21.57,20.81,21.41,306631,51.2,T4,,MARKUP,0.04041232633435152,-0.004649000464900133,0.01806942463147876,-0.07913978494623652,0.5947136563876652,0.00027657310620354814,0.028287248706253543,0.0914595815547905,1.0,0.0,0.050658561296859084,0.7547476593086273,True,,0.004221388367729784,0.037809015996122186,15.0,-1.5,0.0,1.0,0.7966093582667817
PSTL,2026-09-25,23.57,23.75,23.0,23.65,201749,51.3,T2G,,MARKUP,0.025465090456926305,0.000846381718154765,0.011115861479264577,-0.06225218080888184,0.5124223602484469,0.002245808905333435,0.008007412517171186,0.11060285898250011,1.0,0.0,0.026785714285714413,0.683536371136788,True,,0.0193965517241379,0.02826086956521734,10.0,0.09999999999999432,0.0,1.0,0.7970701639448886
NOC,2026-09-29,503.22,508.75,502.1,504.61,691113,34.8,T5,,SPRING★,0.02260785201429318,-0.010296944259208463,-0.06501760237168808,-0.15121696859598655,0.22157762576846507,-0.03249835301831738,-0.05570467782560784,-0.11148953504217884,0.0,0.0,-0.007217004448838327,0.7795480783144858,True,Technology,-0.05014588235294115,0.004999004182433708,0.0,-0.6000000000000014,1.0,0.0,0.7972484789304616
CBU,2026-09-25,60.85,61.7,60.78,61.57,413587,41.4,T1,,MARKUP,0.017305659495646993,-0.006935483870967762,-0.023937856689917547,-0.13415834622415979,0.1174838112858467,-0.011539630109192456,-0.029219675747393814,-0.015600483674307775,1.0,1.0,-0.016634050880626305,1.2060533067667296,True,Financials,-0.015510073552926107,0.021061359867330154,1.0,2.0,1.0,1.0,0.7977633853913757
HROW,2026-09-25,33.0,33.28,32.58,33.07,372954,34.1,T5,,MKDN,0.04522100011401944,-0.00030229746070131736,-0.14193046185781,-0.3037894736842105,0.07500000000000011,-0.0633734248145601,-0.11462486067128774,-0.14921071341775438,0.0,0.0,0.018808777429467183,0.7956774487149075,True,Healthcare,-0.04089327146171684,0.03667711598746082,5.0,3.6000000000000014,1.0,0.0,0.7980180272027108
IRDM,2026-09-25,49.18,49.35,48.48,48.75,1077618,56.6,,Z3,UTAD,0.02216154486877506,0.042334830019242986,0.023299748110831242,-0.1474291710388248,0.35003855050115645,0.01939155612011456,0.02594332078217243,0.23716298867005703,1.0,0.0,0.020052310374890858,0.84641873595172,True,Communication Services,0.030655391120507414,0.06255448997384483,8.0,11.300000000000004,1.0,1.0,0.7982242435080423
SAM,2026-09-30,163.2,165.09,162.6,164.02,178286,37.9,T1,,MKDN,0.03533341371011919,-0.021885622279205652,-0.062474992855101386,-0.14094170638453885,0.12884428617675675,-0.03173305318518205,-0.06334253105458809,-0.15225613493734613,0.0,0.0,0.003811547113221847,0.7341160882914689,True,Consumer Staples,-0.03659324522760643,0.020977279800809212,15.0,-1.6000000000000014,0.0,1.0,0.7983366728046218
BUSE,2026-09-25,30.13,30.33,30.02,30.09,1110783,47.4,,Z5,MARKUP,0.01615163040132,-0.007585751978891886,-0.0036423841059602946,-0.05078864353312296,0.5278592375366571,-0.0032859629797089562,0.0011737388415495875,0.08482552737444715,1.0,1.0,-0.008751262201279086,1.0155757987913332,True,Financials,-0.011498028909329827,0.021731748726655287,2.0,-1.6000000000000014,1.0,1.0,0.7984943846370817
INCY,2026-09-28,123.32,126.14,122.53,124.82,1436233,51.1,T3,,MARKUP,0.026696698672288768,0.00136381869233837,0.0036182359089811378,-0.05867269984917045,0.6470054446460978,0.0008913633733880211,0.02310792825246577,0.15787835809022988,1.0,0.0,0.02133866800033335,0.9491777776195508,True,Industrials,0.021523856289385357,0.04042677336000655,9.0,0.0,0.0,0.0,0.799075598316326
GLIBK,2026-09-25,23.72,23.98,23.09,23.55,335348,35.5,,Z2G,MKDN,0.03513903953796478,-0.010088272383354302,-0.0990818668706962,-0.13291605301914577,0.39530988274706863,-0.04833526332106597,-0.05086366016743493,-0.16892612449334765,0.0,0.0,-0.021195421788893554,0.9394678055594873,True,Communication Services,-0.08650116369278515,0.019922044174967457,0.0,1.5,0.0,0.0,0.7991627145897358
HWC,2026-09-25,74.34,74.34,73.27,73.85,809876,44.3,,Z5,MARKUP,0.01921834399987328,-0.014676450967311627,-0.015333333333333421,-0.07837264445276426,0.21204516938519422,-0.009745296216408739,-0.013341620114467045,0.05190332142315879,1.0,1.0,-0.01258894362342644,1.094339009230041,True,Financials,-0.018604651162790753,0.023420177383592033,1.0,-2.6000000000000014,1.0,0.0,0.7992561675273623
QSR,2026-09-29,70.93,71.87,70.64,71.48,1482483,35.2,T3,,MARKUP,0.02301966086343413,-0.005979696843276261,-0.08217770929635326,-0.12701514411333648,0.12384161752316765,-0.03530336712199034,-0.04910802766634814,-0.03195596231223796,1.0,0.0,-0.02465867929785448,0.6967280204703978,True,Consumer Discretionary,-0.05311961849251545,0.02099700042851027,2.0,1.0,0.0,1.0,0.7993058677795788
LOGI,2026-09-25,99.96,102.23,99.81,101.09,633341,49.4,T9,,MARKUP,0.031003446287828803,-0.0010869565217391797,0.03132013874719464,-0.0967655468191565,0.4117327539380771,-0.003984535984734472,-0.005582479167941079,0.001303600637270419,1.0,0.0,0.028750653423941452,1.1340253040688735,True,Technology,-0.015676728334956147,0.027337398373983746,16.0,-1.7000000000000028,0.0,0.0,0.7995900197150504
NATL,2026-09-24,45.94,46.31,45.73,45.92,398454,47.6,,Z10,MARKUP,0.012422706940323155,0.003715846994535532,-0.011197243755383224,-0.04730290456431541,0.5269709543568463,-0.003210735199126291,-0.00213007354207273,0.06287600507533564,1.0,0.0,0.005300353356890497,0.9002761492470563,True,Technology,-0.0071351351351350845,0.008787346221441172,11.0,3.0,1.0,0.0,0.7996346521355437
SOLV,2026-09-29,89.17,89.89,88.29,89.32,848687,53.0,T10,,MARKUP,0.022148844059584408,0.006422535211267455,-0.019108280254777177,-0.051401869158878566,0.7505154639175254,0.0029771719443394407,0.027144859503140495,0.11988739141433258,1.0,0.0,0.013983589506529448,0.8012678073748271,True,,-0.008216744392627207,0.03224315266381583,7.0,2.299999999999997,1.0,1.0,0.7997524635543009
VIR,2026-09-25,10.82,10.82,10.48,10.66,1126021,50.6,,Z2,MARKUP,0.05195166731821531,0.005660377358490676,-0.05747126436781613,-0.10720268006700162,0.6257309941520469,-0.007167803029096476,0.03695212046948382,0.19271428021482584,1.0,0.0,0.11290322580645151,0.7272543780645588,True,Healthcare,0.0037664783427495685,0.04203323558162264,8.0,-1.5,0.0,0.0,0.8004865793740945
DB,2026-09-30,36.05,36.31,35.87,35.89,1988410,36.0,,Z1,MARKUP,0.021840962527628228,0.0005575689991637045,-0.0932289034866094,-0.1376741950985103,0.260645161290323,-0.047481828921952185,-0.045823345046342,0.013919647468935148,1.0,1.0,-0.01732811626607056,1.0750040822460962,True,,-0.06438998957247133,0.020762229806598587,4.0,3.5,1.0,0.0,0.8008883889446999
CWEN,2026-09-25,29.37,29.97,29.31,29.77,1143953,37.8,T9,,MKDN,0.02867107333144783,-0.0340687865022713,-0.08117283950617282,-0.15617913832199548,0.12261146496815277,-0.03764691949303589,-0.07646842416571398,-0.13590045311690346,0.0,0.0,-0.027172089902717134,0.8163707279778104,True,Utilities,-0.04399486191393709,0.026551724137930943,1.0,-4.0,1.0,0.0,0.801050495310594
GOOGM,2026-09-30,48.97,49.83,48.68,49.08,1463092,51.8,T2G,,MKDN,0.017354392674361337,0.01720207253885997,0.02742306887167678,-0.07622811970638066,0.4121915820029022,0.004913112935105879,-0.00022653881486800476,,0.0,0.0,0.02402721667021046,0.624847986277793,True,Technology,0.008631319358816336,0.01910299003322269,14.0,6.5,0.0,1.0,0.8011082148327199
CVX,2026-09-28,207.0,208.25,205.38,206.37,9528468,50.9,,Z5,MARKUP,0.020923069778036135,0.013256738842244875,0.022342217378380935,-0.05239232252732118,0.7745950217305414,-0.0025608496102002,0.02350103888195232,0.11121309462018503,1.0,0.0,0.014963097765645639,0.8460281401122953,True,Energy,-0.02733656973181875,0.027841418467974943,4.0,4.699999999999996,0.0,0.0,0.8014112866406494
MBC,2026-09-28,7.07,7.2,6.79,6.96,3807905,37.4,,Z1G,MKDN,0.06085447088996236,0.02052785923753664,-0.1935110081112399,-0.2941176470588235,0.1922005571030642,-0.06438868404379339,-0.13479060761136796,-0.24021679158099818,0.0,0.0,0.08293460925039886,1.0105479654214784,True,Materials,-0.019718309859154903,0.11004784688995217,6.0,5.899999999999999,1.0,1.0,0.8019676181482167
EG,2026-09-28,369.78,371.76,368.69,369.8,270130,45.4,T5,,MARKUP,0.019477698540163745,0.0010286394889285067,-0.020682714970472138,-0.07796643977360551,0.22675568743818042,-0.009714215124920766,-0.003829026076108244,0.043428350422858086,1.0,0.0,0.013243019076582874,0.7236336099184598,True,Financials,-0.02566264425357012,0.009031624328085464,13.0,0.3999999999999986,0.0,0.0,0.8025959289748785
REX,2026-09-25,42.95,43.22,42.32,42.84,205811,49.2,,Z2G,MARKUP,0.0322555184418664,-0.009021512838306545,0.04538799414348471,-0.11304347826086947,0.36511627906976774,-0.0015931054126598898,-0.011622251039872689,0.045125179042031505,1.0,0.0,0.06599496221662471,1.020728519033595,True,Materials,0.02931283037001453,0.03980582524271847,17.0,-4.099999999999994,0.0,0.0,0.8030630594016067
BA,2026-09-25,197.76,201.4,196.8,198.07,5380370,37.8,T9,,MKDN,0.0277533432494966,-0.0006559031281533345,-0.05631521273047779,-0.17843958687627026,0.07860355536517429,-0.032693887723502235,-0.0638154190363539,-0.08926958270513696,0.0,1.0,-0.005423104471503182,1.2038585581121326,True,Industrials,-0.05882632454264669,0.018878600823045266,1.0,4.299999999999997,1.0,0.0,0.8030835883680342
LMT,2026-09-25,524.12,528.0,516.49,519.56,1127115,37.1,,Z6,MARKUP,0.024862284277854068,-0.025910232854625348,-0.08187103500680348,-0.1520848633210935,0.25804140127388503,-0.030601367905924826,-0.04770108852427124,-0.0447721225182357,1.0,0.0,-0.009261750124899049,0.9369038416720159,True,Industrials,-0.008832675175032167,0.0076803723816911695,3.0,-5.299999999999997,1.0,0.0,0.8033971409070486
NFLX,2026-09-25,71.63,71.83,70.98,71.14,23180484,37.1,,Z1,MKDN,0.0296405578370407,-0.009054185819752147,-0.10896793587174347,-0.14904306220095687,0.32721382289416867,-0.054312592837463924,-0.07097662178739306,-0.17566911670276408,0.0,0.0,0.012409071459135612,0.9595140962374308,True,,-0.08087855297157631,0.01469119954357434,5.0,0.8000000000000043,0.0,0.0,0.8035076006074934
RBA,2026-09-25,82.26,83.55,81.62,82.49,2008990,38.3,T3,,MKDN,0.026673235908463263,-0.008533653846153899,-0.039585516358132566,-0.29795744680851066,0.0725827814569535,-0.02171131029768414,-0.0859736022847879,-0.1758686472029054,0.0,0.0,0.0234482758620691,0.7042149280030608,True,Industrials,-0.013277511961722444,0.010659152168585928,11.0,-1.2000000000000028,1.0,0.0,0.8043560393714096
CUBE,2026-09-29,37.27,37.92,37.1,37.87,3020889,36.0,T4,,SPRING,0.019865977034007127,-0.017894190871369453,-0.046576032225579045,-0.12459546925566345,0.12499999999999942,-0.028851643729492005,-0.04876069937509542,-0.05107215749896665,0.0,0.0,-0.037863070539419064,1.0786326403083994,True,,-0.05159028299524171,0.02075471698113196,0.0,0.29999999999999716,1.0,1.0,0.8049842289928189
PECO,2026-09-28,37.28,37.65,37.14,37.59,1341412,38.3,T2,,MARKUP,0.01646021390537697,0.015945945945946116,-0.03788072690043509,-0.15299684542586744,0.12724935732647838,-0.011501158544607981,-0.04131522105452334,-0.03435512487057446,1.0,1.0,-0.0021810250817884125,1.1668302205469154,True,,-0.021348607133558795,0.02704918032786896,3.0,16.699999999999996,1.0,1.0,0.8054366931651724
JCAP,2026-09-30,19.11,19.21,18.93,19.08,219858,33.0,,Z2G,MARKUP,0.033282981707982766,0.0,-0.0769230769230771,-0.21931260229132576,0.22766570605187292,-0.0546967266532461,-0.06451479483573186,-0.04113690638143186,1.0,1.0,-0.012060828526481382,0.9881108965007968,True,Financials,-0.06881405563689602,0.01273885350318471,1.0,2.8999999999999986,1.0,0.0,0.805487008675885
HG,2026-09-29,32.99,33.42,32.87,33.35,312723,34.8,T4,,MARKUP,0.022684698952189757,-0.011558980438648558,-0.05147895335608632,-0.1061377646743501,0.14099783080260275,-0.02691485893878076,-0.03168938007097255,0.05508259984936381,1.0,0.0,-0.02678571428571419,0.8532206219429644,True,Financials,-0.0541690300623936,0.019877675840978437,1.0,-1.9000000000000057,1.0,1.0,0.8058865915621454
OCTV,2026-09-25,18.88,19.17,18.7,18.83,1318133,50.5,,Z2G,MARKUP,0.04426965302825045,0.0005313496280552332,-0.03237410071942459,-0.08503401360544216,0.6615087040618954,-0.0011720575188060023,0.0165236262526125,,0.0,0.0,0.09741784037558676,0.6303611236430697,True,Technology,0.06204173716864059,0.05019520356943663,11.0,-1.6000000000000014,0.0,1.0,0.8065829538060827
CQP,2026-09-25,63.25,63.75,62.08,63.43,109481,37.9,T5,,MARKUP,0.03145866746706477,-0.022047486894850477,-0.07211819777647743,-0.10975438596491227,0.2552380952380952,-0.04242495388938372,-0.04174674397489353,0.010655956418343715,1.0,0.0,-0.0313621469808083,0.8675218579371297,True,Utilities,-0.063625627398878,0.021746134020618646,0.0,-3.200000000000003,1.0,0.0,0.8071647218558298
NEU,2026-09-25,891.87,898.93,881.5,898.04,141875,54.3,T2,,MARKUP,0.024734824807097707,0.0069180485945261605,-0.02760061936266278,-0.08518224232422633,0.6732955655401445,0.006863900151527824,0.028932403473673762,0.14796575617406638,1.0,0.0,0.04953025449047921,1.015308932649575,True,Materials,0.012355142715425815,0.0380165289256198,12.0,3.1999999999999957,1.0,1.0,0.8078149157556981
FSBC,2026-09-25,43.54,43.99,43.49,43.83,115671,35.0,T1G,,MARKUP,0.022781488389062708,-0.014391724758264002,-0.03159522757401678,-0.12793473935535216,0.09436619718309881,-0.025722382729888027,-0.037596592798046724,0.041756351393476,1.0,0.0,-0.022866198777450886,0.8025305122226734,True,Financials,-0.05559146735617315,0.015523632993512448,1.0,-1.0,1.0,1.0,0.80798634022881
SNA,2026-09-28,367.1,371.72,367.1,369.21,317153,31.5,T6,,MARKUP,0.01672590560670084,-0.001460446247464553,-0.05780125555045179,-0.127204387499409,0.039621631268962544,-0.019333300925203356,-0.04225751074033224,-0.020632321945844523,1.0,1.0,-0.005878209990248129,0.7898638918832119,True,Industrials,-0.022685160675525395,0.006049211150167544,2.0,3.8999999999999986,1.0,1.0,0.808113799852207
FIVE,2026-09-28,220.9,230.53,220.01,228.0,953563,43.7,T4,,MARKUP,0.04436709623696624,-0.0344710764800541,-0.05742279548555118,-0.13597089586175537,0.6047587574355585,-0.030149078943374263,-0.014281053953083211,0.09136488921403862,1.0,0.0,-0.06948679407343783,0.9024276825043877,True,Consumer Discretionary,-0.08650186305541085,0.052291503207642975,3.0,-3.6999999999999957,1.0,1.0,0.8084488778611094
FRSH,2026-09-29,12.45,12.6,12.29,12.58,4726263,51.0,T2,,MARKUP,0.037911319684889686,0.012882447665056418,-0.09626436781609193,-0.10078627591136524,0.6674528301886792,-0.00019084864189600204,0.03691412284016682,0.1363675412834522,1.0,0.0,0.022222222222222365,1.1201528281638968,True,Technology,-0.006319115323854652,0.051839464882943,13.0,1.7000000000000028,0.0,0.0,0.8085169178627959
ATO,2026-09-29,156.08,157.99,155.63,157.6,921417,29.5,T4,,MKDN,0.014220167796439797,0.0016524723528663632,-0.05134533196893998,-0.1370530580956031,0.09410061527325352,-0.02295486182647477,-0.051639952203999195,-0.08118935622627665,0.0,1.0,-0.014371105176141374,1.0322551540181883,True,Utilities,-0.027400641816835325,0.016774193548387162,4.0,6.100000000000001,1.0,1.0,0.8087662475246711
FE,2026-09-29,42.85,43.68,42.76,43.64,4135390,32.3,T4,,MKDN,0.01692430503268827,-0.02436843281913692,-0.04840819886611425,-0.13498513379583754,0.12467866323907438,-0.028557356146332258,-0.05281572331944773,-0.06547774589187494,0.0,0.0,-0.04541387024608501,0.9608304928054018,True,Utilities,-0.037282153099492565,0.022732599015701904,1.0,0.6999999999999957,1.0,1.0,0.8091849397121189
ACN,2026-09-30,178.1,184.3,177.74,183.37,10532620,52.3,T2G,,MKDN,0.037697169487253365,-0.0008173496076722131,-0.025094369716625042,-0.07215503719070981,0.790694260971672,0.00836796436464482,0.03359043284416541,-0.05615547252647124,0.0,1.0,-0.01926035671548232,1.1997839805693915,True,Industrials,-0.03306264501160083,0.0654232758119806,1.0,1.2999999999999972,1.0,1.0,0.8094670353716913
LZ,2026-09-30,5.55,5.71,5.53,5.61,2393747,40.3,T2G,,MKDN,0.04806058178742622,-0.031088082901554404,-0.08631921824104227,-0.33922261484098937,0.1111111111111112,-0.04337554587021464,-0.08571604580917114,-0.19571369426683982,0.0,0.0,-0.053003533568904526,0.9731024806632261,True,Technology,-0.0742574257425741,0.04664179104477606,1.0,-1.3000000000000043,1.0,1.0,0.8095385968131465
CTSH,2026-09-30,56.88,58.02,56.26,57.44,10941523,43.8,T2G,,MKDN,0.035227605818106605,-0.028745350016909033,-0.09386338539201766,-0.1219810455518191,0.672950819672131,-0.02869252698341629,-0.0046693205484326095,-0.04065313595795328,0.0,0.0,-0.0390395577820003,1.04487844224601,True,Technology,-0.07130153597413103,0.0325364012223619,2.0,-3.6000000000000014,0.0,1.0,0.8099740515951559
EXLS,2026-09-25,34.93,35.33,34.51,34.75,1356088,44.8,,Z1G,MARKUP,0.027824362652738775,-0.011379800853485,-0.08983761131482448,-0.10576428203808541,0.6745843230403801,-0.021340610908902935,0.009932833207851877,0.01955588925651308,1.0,0.0,0.0052432274978153615,1.0114402162262863,True,Industrials,-0.014463981849120788,0.00695450594030711,10.0,-2.4000000000000057,0.0,0.0,0.8100359754765307
AUPH,2026-09-28,16.41,16.62,16.24,16.52,626245,53.1,T3,,MARKUP,0.027481627677865276,-0.005418422636965681,0.01411909146715784,-0.07191011235955058,0.6279069767441858,0.005772517113820319,0.020885478235828314,0.08904750508865278,1.0,0.0,0.02460567823343851,0.9443082260173652,True,Healthcare,0.006703229737964556,0.03379224030037542,13.0,-2.299999999999997,0.0,1.0,0.8101902525698473
GLBE,2026-09-28,39.55,40.37,38.42,39.28,1705934,51.3,,Z2G,MARKUP,0.039109963627465105,-0.010330057949105464,-0.016770963704630826,-0.1070697885883155,0.5345849802371543,0.004069743722419528,0.020682143745171855,0.09033638912693931,1.0,0.0,0.081644144144144,1.0179709755558384,True,,0.047746065617497946,0.08688433868289991,12.0,-5.200000000000003,1.0,0.0,0.8106426291132485
SEPN,2026-09-30,39.13,39.85,38.49,39.13,209580,51.2,,Z7,MARKUP,0.04907405493928952,0.01768530559167747,0.038481953290870674,-0.23424657534246573,0.41751824817518257,0.006062643891618924,0.02609279573372647,0.25138150989798436,1.0,0.0,0.02832546514857004,1.0385831051833585,True,Healthcare,0.017950052029136465,0.058139534883721034,16.0,2.9000000000000057,0.0,1.0,0.8109554001800503
MCK,2026-09-25,865.0,871.0,858.76,866.64,452039,44.9,T5,,MARKUP,0.024974989030759752,-0.009157948893843249,-0.026804864628134473,-0.06807892897467616,0.6041888090028131,-0.018766018127849504,-0.0021352069459120715,0.03943663106999007,1.0,0.0,0.0249200362820452,0.781782207891286,True,,-0.01686878197638142,0.009176021239927223,0.0,-2.6000000000000014,0.0,0.0,0.8110615298714434
CLX,2026-09-25,82.19,84.12,81.6,83.8,2634070,34.0,T9,,MKDN,0.032501132079416115,0.008423586040914532,-0.19135385506127567,-0.23414366660573938,0.07907979870596701,-0.05970911771417864,-0.10927591476215603,-0.17651407775768946,0.0,1.0,-0.017932362498495724,0.8446155496107207,True,Materials,-0.04512306289881507,0.026960784313725616,0.0,12.5,1.0,0.0,0.8110914448268316
SCSC,2026-09-25,58.55,59.28,58.24,58.3,188893,56.3,,Z5,MARKUP,0.03347896833855251,0.024964838255977506,0.0034423407917383297,-0.1269841269841271,0.5118019573978122,0.018517090027282856,0.05113765971630024,0.2087055700483731,1.0,0.0,0.054671409848342956,0.7500491486851982,True,,0.001890359168241984,0.040328336902212714,11.0,4.399999999999999,0.0,1.0,0.8111556482886811
ZUMZ,2026-09-28,13.18,14.53,13.07,14.14,785948,38.3,T4,,MKDN,0.055511873654545824,0.020202020202020332,-0.2222222222222222,-0.31591678761490083,0.14078947368421055,-0.060644830575644515,-0.16084254154806632,-0.2823414162012463,0.0,0.0,0.0,0.9381650822324749,True,Consumer Discretionary,-0.016689847009735748,0.08186687069625087,6.0,9.599999999999998,1.0,1.0,0.8112006637940736
CUBI,2026-09-25,77.54,77.92,76.86,77.06,263496,42.6,,Z11,MARKUP,0.022427875082338473,-0.007086715629429197,-0.02492724281918257,-0.0867504147902346,0.27236580516898695,-0.014872879291834895,-0.01857680650687621,0.0309846766579831,1.0,0.0,0.0023718539992092502,0.9326957359482838,True,Financials,-0.02307302231237318,0.013014328907585249,17.0,-0.29999999999999716,0.0,0.0,0.8116930464040188
SRE,2026-09-30,78.66,78.94,77.94,77.96,4634637,33.9,,Z3,MKDN,0.020637949598431612,-0.013164556962025342,-0.07476857346309052,-0.1880858154551136,0.08833922261484098,-0.035365932987406645,-0.07256465810590951,-0.11463560216678759,0.0,0.0,-0.03213106426212853,1.0861054145846263,True,Utilities,-0.045777233782129834,0.022962865765647544,1.0,2.099999999999998,0.0,1.0,0.811790480368926
TRUP,2026-09-29,23.15,23.7,22.96,23.61,522155,37.3,T2,,MKDN,0.04754783229581002,-0.0008463817181548761,-0.19005145797598622,-0.26425677781240275,0.15537848605577673,-0.06060488249420304,-0.09731103473293468,-0.18634826602629317,0.0,1.0,-0.062101233517652066,1.041455388427476,True,Financials,-0.10296352583586632,0.07074829931972793,2.0,5.199999999999996,1.0,1.0,0.8119230359494408
HTGC,2026-09-30,17.05,17.05,16.77,16.81,1504006,40.2,,Z4,MARKUP,0.018377153896227277,-0.009428403064230984,-0.04867006225240533,-0.06246514221974353,0.521367521367521,-0.021618447350508885,-0.009999893181962038,0.00874407640108843,1.0,0.0,-0.014731879787860946,0.9338984985534987,True,,-0.043255549231644985,0.005382775119617156,3.0,-1.5,0.0,1.0,0.8119531799802393
HCI,2026-09-29,176.5,176.67,173.42,176.49,110744,36.4,,Z5,MARKUP,0.02353640492918171,-0.02069692597935846,-0.049749636569213274,-0.11302643481756947,0.17769652650822723,-0.028840640882286994,-0.025454640352214897,0.02024189257914699,1.0,0.0,-0.03720568636161714,0.8952257425157041,True,Financials,-0.05225002684996238,0.01793747837120785,1.0,-2.200000000000003,0.0,0.0,0.8120759510575654
NBTB,2026-09-30,50.21,50.56,49.98,50.16,333325,39.1,,Z2G,MARKUP,0.0170781525009708,-0.006339144215530945,-0.0029815146094217537,-0.07963302752293588,0.2581196581196577,-0.02012577509072211,-0.01978338412028724,0.051450336204215574,1.0,1.0,-0.0013986013986013734,1.0243608346850823,True,Financials,-0.027906976744186185,0.0036014405762305746,0.0,0.3999999999999986,1.0,0.0,0.8129059479642264
EBAY,2026-09-28,107.57,108.73,105.72,107.32,3716352,49.2,,Z2G,MARKUP,0.0313109628668799,-0.00904893813481078,0.016095436470365376,-0.0915093541014137,0.40864332603938724,-0.004198852432637512,-0.003599765332077065,0.05339927912698639,1.0,0.0,0.058788182273410206,0.6823552877641106,True,Industrials,-0.015322506651986423,0.015134317063942415,14.0,-2.5999999999999943,0.0,0.0,0.8130915701786043
EBS,2026-09-30,6.88,6.88,6.56,6.6,759695,53.3,,Z1,MKDN,0.05037992302110398,-0.010494752623688153,0.06109324758842449,-0.2114695340501792,0.5586034912718204,0.0136168113479882,0.010896346623296305,-0.15082024599192267,0.0,0.0,0.19272727272727264,0.6568007016974291,True,Healthcare,-0.022222222222222254,0.01851851851851838,14.0,-3.700000000000003,0.0,1.0,0.8132064690491612
CCXI,2026-09-25,12.28,12.45,12.08,12.43,1470964,42.1,T1,,MKDN,0.06410888014390266,-0.0364341085271318,-0.13740458015267176,-0.36871508379888274,0.08448928121059267,-0.047498314263166974,-0.0819358670809891,,0.0,0.0,0.024659863945578397,0.8742070361099622,True,,0.008928571428571397,0.05697278911564618,7.0,-2.1999999999999957,1.0,1.0,0.8134867191442977
EQPT,2026-09-28,17.03,18.26,16.58,18.21,2251830,50.0,T2,,MKDN,0.06392416788640008,0.0022014309301046087,0.028232636928289034,-0.16506189821182937,0.4098360655737706,0.00819416768239778,-0.024658555147926475,,0.0,1.0,-0.025179856115107757,1.2985638565612396,True,,0.01675041876046901,0.11992619926199266,1.0,2.0,1.0,0.0,0.8134951124571816
AM,2026-09-25,21.06,21.18,20.75,20.93,2730088,35.3,,Z2G,MARKUP,0.02398662625265504,-0.012269938650306789,-0.07101642254771423,-0.10364025695931489,0.06923076923076908,-0.03236726671830137,-0.04442908038994897,-0.014697742843215122,1.0,0.0,-0.013314312886352875,0.9938148691897825,True,Utilities,-0.05122393472348141,0.00867469879518068,0.0,-0.30000000000000426,1.0,1.0,0.8135097772347658
TDY,2026-09-25,614.5,619.1,611.72,614.15,259455,47.6,,Z11,MARKUP,0.018590570274462564,0.017714512975176344,-0.019712689545091866,-0.11971275818080185,0.22357534628613895,0.0007447752836644561,-0.018117058386085017,-0.000177282455858907,1.0,0.0,0.023538383324860135,1.2799175830393956,True,Technology,0.017158283509167038,0.04019172792249592,11.0,9.399999999999999,1.0,1.0,0.8135293472084523
MKL,2026-09-29,1735.85,1742.98,1726.71,1740.09,57563,33.7,T10,,MKDN,0.01543111389619751,-0.013196397786044867,-0.034843669401134925,-0.15298120591714248,0.07119425480982335,-0.019029414126541022,-0.04169967799391361,-0.08258609579938558,0.0,0.0,-0.017435368891179248,1.0321218545354223,True,Financials,-0.028956796392816897,0.014038461538461444,2.0,-1.5,1.0,1.0,0.8138976690541339
COP,2026-09-28,129.36,129.36,125.82,126.04,6196877,42.4,,Z6,MARKUP,0.027208855608303693,-0.011683525444993292,-0.03306482546988865,-0.11001271006919922,0.5923600209314496,-0.03470348251600075,-0.011788621756223305,0.08375625467790848,1.0,0.0,-0.021769883684375935,0.8856539572052975,True,Energy,-0.07777859076607874,0.012613481160119067,4.0,-0.6000000000000014,1.0,0.0,0.8141800386435116
ARXS,2026-09-25,51.32,51.65,49.67,50.12,740420,43.7,,Z4,MARKUP,0.04971340001057405,-0.03652441368704351,-0.07202369931494168,-0.18504065040650408,0.5010960105217009,-0.02597549375286956,-0.008737782502587277,,0.0,0.0,0.031035200999791845,1.121900307036604,True,Industrials,-0.044423260247855145,0.04394917725473868,8.0,-7.099999999999994,1.0,0.0,0.8141889056602377
THC,2026-09-30,257.58,260.46,255.53,255.56,580158,46.2,,Z1,MARKUP,0.03112677877067244,-0.0034316019341755766,-0.0386698766175142,-0.09712065006182657,0.7334690711654062,-0.01656398690447436,0.01632416043572449,0.16639136378454844,1.0,1.0,-0.0183424716973688,0.7279542032967916,True,Healthcare,-0.038452855745353176,0.026922767821264904,3.0,0.6000000000000014,1.0,0.0,0.8148690568634268
PRCT,2026-09-29,17.37,18.67,16.8,18.22,2186928,41.4,T2G,,MKDN,0.058681637046965746,-0.011394465545306653,-0.14056603773584908,-0.20540776275621464,0.24880382775119597,-0.04785996265609438,-0.09669519214006628,-0.29334865896866147,0.0,0.0,-0.08695652173913038,1.1805599223644114,True,,-0.05595854922279797,0.08452380952380945,1.0,3.1999999999999957,0.0,1.0,0.8151047262163699
PNW,2026-09-29,90.9,93.43,90.73,93.4,1887897,39.2,T4,,MKDN,0.017916954342027065,0.0025762129669386624,-0.04342482589102825,-0.1597697013314141,0.14983245572044085,-0.012722826015918676,-0.04357154684953435,-0.051120416482972164,0.0,1.0,-0.0281007751937985,1.2533380772546847,True,Utilities,-0.015806111696522684,0.034673756508253106,2.0,14.000000000000004,1.0,1.0,0.8160374106515753
ACHC,2026-09-25,27.85,28.38,27.43,28.09,1150319,46.8,T9,,MARKUP,0.04834035989125757,-0.008471584892340234,-0.07048312375909993,-0.21602009489254814,0.15960912052117257,-0.013695913485592848,-0.02516515951581877,0.0886693942468435,1.0,0.0,0.025920360631104256,1.2572019309734355,True,Healthcare,-0.009520451339915303,0.0415276232851316,12.0,-0.9000000000000057,0.0,0.0,0.8161543643725967
WEC,2026-09-29,100.95,102.94,100.83,102.58,3424247,39.8,T6,,MKDN,0.015559335280260385,-0.0024311971214625583,-0.03381369501742493,-0.1445250604620132,0.12341932220536157,-0.012327380493698525,-0.03913139088996276,-0.07019129072551566,0.0,0.0,-0.025021906338233757,1.247507126159197,True,Utilities,-0.008984639165298125,0.024365887757139992,2.0,5.0,0.0,1.0,0.8161957153228285
DBX,2026-09-30,32.44,34.33,32.44,33.85,5560281,47.5,T2,,MARKUP,0.03917584046227618,-0.010812390414961959,-0.011967308814944455,-0.11317788839402676,0.5797665369649806,-0.01448267498395095,0.00878707768112963,0.13331206045265365,1.0,1.0,-0.06097192876546942,1.078269047613936,True,Technology,-0.10307366189719136,0.08807457409193198,2.0,2.0,1.0,0.0,0.8163933294228211
ENPH,2026-09-30,32.38,33.9,32.08,32.99,5769492,39.8,T2G,,MKDN,0.054335993346071594,-0.002419110976715988,-0.07175014068655028,-0.29190813479287403,0.15264797507788175,-0.046629681292318814,-0.11961605648492946,-0.18253101876070088,0.0,1.0,-0.06691109074243806,1.1768888803635382,True,Technology,-0.07227221597300337,0.08022265880812052,1.0,5.699999999999996,1.0,1.0,0.8167059386916519
OVV,2026-09-28,61.01,61.12,59.42,59.53,2719607,39.1,,Z3,MARKUP,0.031069781251767584,-0.010800930541708165,-0.0783403003560923,-0.11820471041327218,0.469061876247505,-0.04301947755465507,-0.038591992799463015,0.07587395461066815,1.0,0.0,-0.02496255616575138,0.8609471399942673,True,Energy,-0.08919828641370864,0.016043693463048347,4.0,0.8000000000000043,0.0,0.0,0.8169553096659246
BVS,2026-09-30,14.01,14.01,13.57,13.63,461148,51.3,,Z4,MARKUP,0.03663722149600967,0.0014695077149156077,-0.002926115581565414,-0.14222781623662684,0.5232067510548524,0.003253081939618596,0.03425881113483853,0.266370150190556,1.0,0.0,0.08265802269043765,0.9318494683750627,True,,0.0325757575757577,0.1045380875202595,8.0,-1.3000000000000043,1.0,0.0,0.8177431000501755
CPS,2026-09-25,22.12,22.75,21.95,22.7,182663,38.0,T3,,MKDN,0.05421002145333124,-0.008733624454148492,-0.14015151515151514,-0.3008931321219588,0.07129277566539924,-0.06091761361657433,-0.12546124076270537,-0.20540362469766194,0.0,1.0,-0.011261261261261257,0.892558199678399,True,Industrials,-0.05809128630705407,0.034168564920273425,1.0,3.8999999999999986,1.0,0.0,0.8180244852119691
WM,2026-09-29,205.0,207.23,204.4,207.09,1536629,31.1,T4,,MKDN,0.015810871149975727,-0.0028409090909090606,-0.05403800475059373,-0.16208780093060893,0.06292397660818708,-0.02571935274071413,-0.05186706807704966,-0.0741002595205622,0.0,1.0,-0.009401957933507843,0.8983653695268179,True,Utilities,-0.046766398158803235,0.013160469667318875,0.0,1.0,1.0,1.0,0.8180659764450682
FR,2026-09-28,61.1,61.6,60.8,61.26,1063840,42.0,T6,,MARKUP,0.015397867705155397,-0.011935483870967767,-0.010978366160800723,-0.12335432169433314,0.09167544783983118,-0.007982912737749426,-0.01973407939384486,0.006816010705673392,1.0,1.0,-0.00330087473180396,1.048222416722644,True,,-0.001792406713377881,0.014406358668653807,2.0,-5.200000000000003,1.0,1.0,0.8185863905796846
PGNY,2026-09-30,24.83,25.49,24.8,25.19,980454,37.7,T9,,MARKUP,0.03177494064820341,-0.024777390631049,-0.018316445830085737,-0.23805202661826985,0.09851088201603696,-0.040182690335885285,-0.061296123416359705,0.006345479297730439,1.0,0.0,-0.044383346425766024,1.0208218572469165,True,Healthcare,-0.07998539079620148,0.03534730785039053,1.0,-1.5,1.0,0.0,0.8185996789143523
RY,2026-09-25,200.68,202.31,200.21,201.98,877323,43.1,T2G,,MARKUP,0.016111797050854845,-0.006492867683226877,-0.012515889312603945,-0.07586017569546122,0.19082479258174695,-0.012263784040435266,-0.015844194348152096,0.07930365193048838,1.0,1.0,-0.013054960386665981,1.156927836444037,True,,-0.019038368139873807,0.01974049578431858,1.0,1.6000000000000014,1.0,1.0,0.8187136441400744
TRMK,2026-09-25,46.19,46.57,46.02,46.04,443927,45.4,,Z3,MARKUP,0.019215831600224727,-0.014343823592378513,-0.004109885355829457,-0.06040816326530618,0.29355608591885385,-0.008676821553243674,-0.00904417886342923,0.04204168514389961,1.0,0.0,0.015370906660726158,0.8608828831205902,True,Financials,-0.020008514261387722,0.010092145677929043,12.0,-4.600000000000001,1.0,1.0,0.818755352944838
TYL,2026-09-24,334.8,338.25,325.88,326.85,618898,41.2,,Z6,MKDN,0.04010667423925275,-0.04309511959481216,-0.07316035729476811,-0.1694407033771249,0.3977057176406832,-0.0448266135878046,-0.028564437359559935,-0.09837782470905565,0.0,0.0,-0.029249415011699753,0.9041995037938056,True,Technology,-0.025724335280791655,0.010074476961587253,2.0,-6.5,1.0,0.0,0.8187965137026842
EMA,2026-09-30,48.17,48.17,47.76,47.83,285851,31.5,,Z3,MKDN,0.01421069502511129,-0.007676348547717926,-0.04530938123752504,-0.1380428906109209,0.06242350061199485,-0.021439436549614888,-0.04705848519163325,-0.0574375379620673,0.0,0.0,-0.011695906432748537,0.928841113110776,True,,-0.02168132542442225,0.010777683854606979,2.0,-0.3999999999999986,1.0,1.0,0.8190669113434146
NXE,2026-09-25,9.35,9.36,9.17,9.19,2501704,38.5,,Z2,MKDN,0.045171325310477385,-0.01711229946524062,-0.1787310098302055,-0.19737991266375543,0.2097902097902097,-0.06480203769311177,-0.08404233994397736,-0.09599161753318652,0.0,0.0,-0.010787486515641764,0.8762717827425991,True,,-0.06700507614213203,0.0021810250817884125,0.0,0.8999999999999986,1.0,0.0,0.8191351873987636
MWH,2026-09-24,25.0,25.31,24.4,25.05,867261,41.5,T5,,MKDN,0.05553849437143432,-0.026049766718506895,-0.11609033168666194,-0.2549077929803687,0.12461695607763049,-0.04343168229808281,-0.09716648508345815,,0.0,0.0,0.019640618470539106,0.7910444910263614,True,,0.022448979591836782,0.026639344262295195,14.0,-2.700000000000003,0.0,0.0,0.8192623447329965
FROG,2026-09-29,88.74,90.55,87.09,90.37,1391270,49.1,T2,,MARKUP,0.056689572705581004,0.0046692607003890885,-0.09693214749675216,-0.14551815431164905,0.542236763831053,-0.00859996692392584,0.014590145499169482,0.2400738061055705,1.0,0.0,0.04101371204701265,0.8057335945073217,True,Technology,-0.04672995780590705,0.06280136422439142,15.0,0.8000000000000043,0.0,0.0,0.8192825086438514
OZK,2026-09-25,46.6,47.05,46.48,46.89,1106144,35.1,T2,,MARKUP,0.018636305880543835,-0.020676691729323293,-0.05157766990291257,-0.12009757928316755,0.12448700410396764,-0.027772358243123962,-0.04748129534755685,-0.039187644280805456,1.0,0.0,-0.029138513513513598,1.012900472421871,True,,-0.044815644734161775,0.019791213571118016,1.0,-0.6000000000000014,1.0,0.0,0.8194746577209602
RIG,2026-09-24,5.52,5.58,5.42,5.43,42643968,43.9,,Z2,MARKUP,0.043104507722840385,-0.04063604240282692,-0.03035714285714286,-0.13397129186602874,0.42857142857142855,-0.03574763805320191,-0.036752478493903507,0.010219951429336405,1.0,0.0,-0.016544117647058987,0.9943771291175881,True,Energy,-0.05892547660311953,0.01495327102803734,2.0,-5.100000000000001,1.0,0.0,0.8196356773113828
ZION,2026-09-30,62.76,63.23,62.46,62.65,1108408,31.4,,Z10,MARKUP,0.02180612119744438,0.0,-0.05590717299578063,-0.14575947641123543,0.051464063886423966,-0.04005379400172493,-0.06285345053590241,-0.01336661304813136,1.0,1.0,-0.008783136378153866,0.8450346625594832,True,Financials,-0.04307316328089206,0.00934428870629933,1.0,4.299999999999997,1.0,0.0,0.8197639223938638
KO,2026-09-28,87.61,87.69,86.89,87.18,14494390,45.0,,Z2G,MARKUP,0.014575123878063482,0.0006887052341597588,-0.027660049074280546,-0.05741161206616918,0.5445969125214417,-0.010531306058136902,0.0007031308254790147,0.07627393072200794,1.0,1.0,-0.002640036730945816,0.8784951636557743,True,Consumer Staples,-0.024286513710128577,0.003337553228219603,0.0,0.3999999999999986,1.0,0.0,0.8200430249098922
PSA,2026-09-29,283.08,286.66,282.74,285.58,823436,32.7,T3,,MARKUP,0.02050336328557216,-0.014255634945290141,-0.0697416853969185,-0.1489196841007302,0.05377769361863236,-0.03399285952448139,-0.06428708199643673,-0.05931445663804902,1.0,0.0,-0.022337482710926615,0.9574534472191638,True,,-0.03741404880679533,0.01004456391030617,0.0,0.9000000000000021,1.0,1.0,0.8211833281596655
T,2026-09-25,25.39,25.44,25.22,25.38,22915528,50.3,,Z2G,MKDN,0.022699963928796453,-0.0007874015748031704,-0.0019661816751868066,-0.05755662829558117,0.7798295454545453,-0.0042594409944769485,0.017965479095102044,0.0091818007161939,0.0,0.0,0.005645161290322553,0.8959012854609975,True,Communication Services,-0.02609363008442056,0.017642341619887647,12.0,0.0,0.0,0.0,0.8214082123576498
LOB,2026-09-25,37.54,37.98,37.2,37.48,205336,31.5,,Z5,MARKUP,0.02414780439306604,-0.02013071895424845,-0.06253126563281641,-0.15832023355041558,0.11654135338345856,-0.03207440997598476,-0.05619327750703851,-0.013600598303849742,1.0,0.0,-0.0261124433786305,0.9494732998648443,True,Financials,-0.04509554140127392,0.025444596443228384,1.0,-1.2999999999999972,1.0,0.0,0.8215422864728269
CSTM,2026-09-25,24.68,25.11,24.4,24.89,1115249,36.6,T1,,MARKUP,0.035957691630397776,-0.025831702544031332,-0.09193724917913171,-0.1905691056910569,0.0815047021943573,-0.04266813834297145,-0.09120458525623298,-0.0564125542235121,1.0,0.0,-0.026757188498402473,1.0775273720939353,True,Materials,-0.04891096675582729,0.021337710299548673,2.0,-2.6000000000000014,1.0,1.0,0.8220163669713539
KYMR,2026-09-30,110.74,115.69,108.03,111.79,1022621,43.1,T1G,,MARKUP,0.045112599680546935,-0.03186974971854151,-0.060982780344393084,-0.12561595619867028,0.433109777620897,-0.029981627665985888,-0.013797541932047186,0.1849397642831343,1.0,1.0,-0.020491431680116134,0.9758620959966136,True,Healthcare,-0.03902690621507776,0.03480514671850421,0.0,-4.799999999999997,1.0,1.0,0.8221092461577381
APD,2026-09-25,283.7,284.95,281.4,281.76,807552,36.6,,Z2G,MARKUP,0.020031833295152675,-0.008515729467239108,-0.07761809670344066,-0.10515450820973737,0.06732394366197145,-0.03150168709682233,-0.04383420228013635,-0.02299666343198359,1.0,1.0,-0.006613803648259475,1.1245802082013017,True,Materials,-0.03318120989603002,0.008554962952357137,4.0,3.1000000000000014,1.0,0.0,0.8225466393712458
R,2026-09-24,237.23,238.56,235.3,236.25,190212,33.3,,Z9,MARKUP,0.022554402382158924,-0.011175288799598171,-0.05363723762217587,-0.15039378573740425,0.048247610377788,-0.025289916802385126,-0.05069621329897023,0.017793931146971254,1.0,1.0,-0.005479568430889481,1.0271101806330036,True,Consumer Discretionary,-0.022144039735099263,0.009054798616153548,3.0,-1.4000000000000057,1.0,0.0,0.8225498745047914
AMRZ,2026-09-25,37.89,38.66,37.59,38.22,3576188,34.5,T1G,,MKDN,0.031784156449527014,0.018114011720831158,-0.13705125310453825,-0.2967801287948483,0.0772311212814646,-0.05165516349161858,-0.13094110569206419,-0.23630143492764843,0.0,1.0,-0.013643659711075617,0.8659184629888039,True,Materials,-0.05676209279368227,0.03661513425549234,1.0,11.8,1.0,1.0,0.8227374932756214
NVDA,2026-09-24,222.08,224.94,221.09,224.58,77372215,54.7,T5,,MARKUP,0.026851100626066098,0.02388985137229871,0.07116283506629784,-0.043363434997444106,0.7725139664804475,0.0156444955738837,0.035812338554309875,0.11628804788125247,1.0,0.0,0.05201447527141134,0.9524477765583111,True,Technology,0.028485070525737344,0.07490547073182419,8.0,3.0,0.0,0.0,0.8228700599449282
TPL,2026-09-25,333.88,343.38,332.21,341.07,287972,40.5,T6,,MKDN,0.044300433444755954,-0.032891938639521445,-0.07746612209569659,-0.2200548822318774,0.08430868779141698,-0.04643313051941156,-0.07884665264203827,-0.11065262939195797,0.0,0.0,-0.04007743874248726,1.0724976070509074,True,,-0.0759414792739096,0.026669877487131677,0.0,-1.7999999999999972,1.0,1.0,0.8228947636168388
AI,2026-09-25,10.7,10.81,10.32,10.65,4279322,52.8,,Z2G,MKDN,0.0449521838990647,0.016221374045801484,0.030977734753146136,-0.06414762741652025,0.7896253602305474,0.005347671213120853,0.04088410929589337,-0.0669241614974393,0.0,0.0,0.08860759493670889,0.6728953742589445,True,Technology,0.010436432637571214,0.03197674418604657,13.0,1.0999999999999943,0.0,0.0,0.8229821879306316
ABCB,2026-09-25,82.24,82.92,82.06,82.29,349009,35.8,T2G,,MARKUP,0.017096563668873226,-0.014491017964071817,-0.0364168618266979,-0.11724951727097177,0.08612040133779278,-0.019393017929292045,-0.037376393987988754,-0.005098367044324537,1.0,1.0,-0.009386809703766819,1.0209778969545085,True,Financials,-0.02799433026222531,0.01267536303224226,1.0,-2.3000000000000043,1.0,1.0,0.823214436289389
STAG,2026-09-24,36.93,37.47,36.92,37.29,1527397,48.9,T1,,MKDN,0.01519853314220379,-0.005334755934916058,0.002958579881656709,-0.12485332081670975,0.16874999999999976,1.5203712723677043e-05,-0.009231097661825394,-0.013812839064319182,0.0,0.0,0.016293841480254034,1.180602977233582,True,,0.011391375101708734,0.018018018018017834,7.0,-2.6000000000000014,0.0,1.0,0.8242235676262855
OXLC,2026-09-30,9.05,9.09,8.98,9.01,778990,41.4,,Z5,MKDN,0.020131530215515205,0.023863636363636198,-0.060479666319082415,-0.08713272543059769,0.4342105263157897,-0.01602057225207698,-0.02538209697657945,-0.16554863634324024,0.0,1.0,-0.0068259385665527805,1.291621411748305,True,,-0.017448200654307522,0.032073310423825774,4.0,11.599999999999998,1.0,1.0,0.8244204282576664
UPS,2026-09-28,93.75,94.39,92.77,94.25,4795595,35.8,T2,,MKDN,0.024003963184976867,-0.00527704485488123,-0.10519320231652896,-0.20410403648032427,0.0977976857036209,-0.04306181026352596,-0.0764250070351874,-0.08548825763718126,0.0,1.0,-0.02759206197601627,1.1208112079144925,True,Industrials,-0.08012883076322463,0.028593255484011815,2.0,4.799999999999997,1.0,0.0,0.8245349753904889
AWR,2026-09-30,82.28,82.73,81.97,82.33,318010,34.1,T2G,,MARKUP,0.018320949374804624,-0.010932244113406986,-0.07691445229285798,-0.10237679895333629,0.15633423180592954,-0.030479799976116495,-0.03781972662296029,0.016674837442590684,1.0,0.0,-0.024216006780481858,1.0226196765322657,True,Utilities,-0.05552368934266383,0.021590768085370415,1.0,2.1000000000000014,0.0,1.0,0.8246329197780856
SU,2026-09-29,67.75,68.25,67.11,67.51,2405323,49.2,,Z2G,MARKUP,0.02618780578145698,0.008515088138631777,0.010326249625860706,-0.06314182625589781,0.7278708133971293,-0.008099844779208332,0.015647518161417073,0.1277575544210272,1.0,0.0,0.03949814126394058,0.7667498324975286,True,,-0.060665089745373546,0.0250531430306713,5.0,1.3000000000000043,0.0,0.0,0.8247130018643689
NVTS,2026-09-24,11.46,11.86,11.43,11.84,7958848,49.2,T5,,ACC-TR,0.06600650775056296,0.06283662477558338,-0.06550907655880034,-0.3234285714285714,0.298636926889715,0.007140869206169853,-0.07162997383855108,-0.09126389010098246,0.0,0.0,0.07789678675754641,1.099641074332077,True,Technology,0.06188340807174875,0.15287244401168465,6.0,5.5,1.0,1.0,0.8247490461718603
BTG,2026-09-28,5.19,5.42,5.19,5.28,24594838,49.6,T12,,MARKUP,0.04416169963432455,-0.014925373134328401,-0.06713780918727918,-0.10508474576271187,0.7339055793991417,-0.013917492488994543,0.03931411939879448,0.12519798524512504,1.0,0.0,0.017751479289940697,0.7762049904963424,True,,0.011494252873563315,0.041420118343195256,8.0,-3.3999999999999986,0.0,0.0,0.8247943258055302
CTBI,2026-09-25,75.35,75.95,74.48,75.56,217796,44.8,T2G,,MARKUP,0.01838940334673707,-0.00487290925852768,-0.00969855832241151,-0.0545545545545546,0.5321888412017172,-0.00823069934078946,-0.0015541601858407583,0.10419670458676755,1.0,1.0,-0.010872483221476492,1.137002206354931,True,Financials,-0.027166216042229907,0.02537657755462086,2.0,1.0,1.0,1.0,0.8249510228167282
FNB,2026-09-25,17.49,17.69,17.49,17.64,4552911,38.6,T2G,,MARKUP,0.018395045943654167,-0.01617401003904062,-0.04597079502433732,-0.09954058192955584,0.15584415584415567,-0.021443476225329827,-0.037719411061611474,-0.005962558159697151,1.0,1.0,-0.01538461538461533,1.1483223107900247,True,Financials,-0.03659202621518287,0.02083333333333326,1.0,0.0,1.0,1.0,0.8249881431689401
NE,2026-09-24,45.11,45.12,43.49,43.74,1454036,44.9,,Z2,MARKUP,0.03673538499950182,-0.00995925758261651,-0.031872509960159334,-0.09833024118738398,0.5940425531914897,-0.025217422069851114,-0.017071211578423506,0.0446375448764722,1.0,1.0,-0.004135079255685681,1.1848699329052648,True,Energy,-0.04372540445999129,0.008996539792387459,3.0,-1.8000000000000043,1.0,1.0,0.8250247627743377
SFM,2026-09-30,65.57,66.66,64.92,66.35,2396308,37.2,T2G,,MKDN,0.04411745307675828,0.0042379294687453495,-0.1789382502165574,-0.28900557222460355,0.14217557251908375,-0.05560449369207909,-0.11881453725082114,-0.22475648193626796,0.0,1.0,-0.060716454159077005,1.1571379321339652,True,Consumer Staples,-0.06628201519842403,0.07223658694246926,2.0,7.200000000000003,1.0,1.0,0.8254410218695547
AFL,2026-09-29,112.75,113.69,112.17,113.66,1510016,36.7,T3,,MARKUP,0.015669939057645684,-0.0082024432809773,-0.01890375485541651,-0.12716940562125634,0.08254847645429336,-0.017174841960239662,-0.03278048492190244,-0.015058542529786112,1.0,1.0,-0.012588028169014054,0.7480932350530463,True,Financials,-0.03309230114844752,0.01328340911117043,0.0,-1.6999999999999957,1.0,0.0,0.8254695504865289
SNDA,2026-09-30,37.79,38.09,37.2,37.58,365712,40.0,,Z3,MARKUP,0.032831250645721614,-0.005030447445062314,-0.0058201058201058364,-0.1532221721496171,0.09090909090909083,-0.01966752849450981,-0.029418348759034485,0.04433329284913401,1.0,0.0,0.006504065040650486,0.8263677397071258,True,Healthcare,-0.04691858990616282,0.01184706515885825,18.0,-0.7999999999999972,0.0,0.0,0.8270443069541911
LFST,2026-09-30,11.85,12.17,11.85,12.03,3291391,45.0,T6,,MARKUP,0.0379907653986251,-0.004139072847682224,-0.0452380952380953,-0.14922206506364932,0.4802955665024628,-0.021353906418464352,0.013974656457716783,0.28893897429377313,1.0,1.0,-0.012765957446808529,0.7417959369289925,True,Healthcare,-0.05942142298670838,0.03706896551724137,1.0,1.2999999999999972,1.0,1.0,0.8271694422840625
KTOS,2026-09-24,45.45,47.36,44.81,47.02,4677232,39.8,T4,,SPRING,0.05309850472283118,-0.013428451531682595,-0.11165690534668427,-0.2992548435171385,0.16368179925031243,-0.036528529499522455,-0.08505738960789411,-0.23403969916633904,0.0,1.0,-0.014515064877941408,1.247612816105508,True,Industrials,0.0008514261387826405,0.049319348359741166,0.0,1.5,1.0,1.0,0.8271726827949883
HRL,2026-09-30,20.08,20.22,19.76,19.94,4938760,28.7,,Z11,MKDN,0.023923217448085322,0.0010040160642570406,-0.09322419281491579,-0.24555429436246679,0.07417974322396573,-0.039609948537569606,-0.09671716447510326,-0.15135169948373006,0.0,1.0,-0.02116935483870963,1.043521314580825,True,Consumer Staples,-0.04042348411934549,0.026776519052523096,3.0,5.699999999999999,1.0,1.0,0.8272954940099209
CNO,2026-09-28,54.75,54.75,53.58,53.64,849989,41.5,,Z4,MARKUP,0.021070145921614457,-0.013970588235294068,-0.031244356149539354,-0.06858829657926724,0.3960244648318044,-0.017268725299267262,-0.006555502222187148,0.10646480663171243,1.0,1.0,-0.006728971962616792,0.8917141433097528,True,Financials,-0.03403565640194495,0.00940910801655992,4.0,-4.100000000000001,1.0,0.0,0.8273443616856555
CACI,2026-09-30,608.04,617.87,602.65,609.11,269170,46.3,T3,,MARKUP,0.028651639272675635,-0.012275410261399666,-0.03232929812855467,-0.10869342542325755,0.699842405140017,-0.016506762646542716,0.015713749662859655,0.09518777692617975,1.0,1.0,-0.0036537380550871745,0.9409830865283404,True,Technology,-0.03496625368357664,0.010719322990127012,0.0,-3.200000000000003,1.0,0.0,0.8288952012683256
MTDR,2026-09-30,50.94,52.45,50.8,51.58,1922510,37.9,T2G,,MARKUP,0.03689899254642039,-0.010360706062931713,-0.12886336767437934,-0.19178940770918207,0.3340587595212187,-0.0583881574723345,-0.062061717364908286,-0.023890864803051026,1.0,0.0,-0.025903730910496692,0.8620813212877373,True,Energy,-0.10653040013857606,0.023615796785076304,1.0,1.7999999999999972,0.0,1.0,0.8291156649154473
RNST,2026-09-29,40.01,40.06,39.13,39.34,737840,33.9,,Z2,MARKUP,0.019862167659595253,-0.010563380281690016,-0.038376924957223,-0.1167489896722047,0.038817005545286686,-0.028330950384145903,-0.04548832318902818,-0.018065536455973863,1.0,1.0,-0.0005108556832693623,0.9853749941457041,True,Financials,-0.03955078124999989,0.005366726296958779,0.0,0.3999999999999986,1.0,1.0,0.829236140424606
BEN,2026-09-29,32.65,32.89,32.22,32.67,3325093,42.3,T5,,MARKUP,0.023806485413577827,-0.013884696649562378,-0.043338213762810995,-0.09950385887541346,0.20659340659340683,-0.017624760895475156,-0.019537593325486546,0.08437102572192612,1.0,0.0,0.0012476606363069909,1.1685171364974711,True,Financials,-0.01862421147491733,0.019026824703680667,9.0,-2.4000000000000057,1.0,1.0,0.8294045887345449
UE,2026-09-28,19.92,20.01,19.75,19.91,873631,27.6,,Z5,MKDN,0.01650989474188317,-0.0044999999999999485,-0.06919121084618984,-0.16764214046822745,0.06960556844547576,-0.025167902339725767,-0.05968773711926456,-0.06316487718056507,0.0,1.0,-0.012588116817724093,0.902475822484355,True,Real Estate,-0.03255587949465488,0.015298317185109767,1.0,5.5,1.0,1.0,0.8297867974098306
IEX,2026-09-25,228.72,231.79,228.72,230.08,528086,56.2,T1,,MARKUP,0.02016151212337053,0.02842839263364927,-0.016668091289853693,-0.0562756357670221,0.5150229763167201,0.015883021020118626,0.015555511331776462,0.0885649056637865,1.0,0.0,0.006060882245716437,1.147126006432611,True,Industrials,0.026180812631015682,0.04848705796573105,7.0,11.800000000000004,1.0,1.0,0.8301312993443448
HSTM,2026-09-28,29.0,29.26,28.83,29.14,144583,52.2,T2,,MARKUP,0.024453341270218303,0.0020632737276480295,-0.008168822328114334,-0.0633236901317904,0.5938144329896908,0.002485222839056167,0.020639022170403365,0.11350846441257723,1.0,0.0,0.014564831261101308,0.7655836041368639,True,Technology,-0.01653729328383391,0.020665499124343345,13.0,1.2000000000000028,0.0,0.0,0.830151306972547
RACE,2026-09-25,404.53,411.87,402.79,411.33,478970,50.7,T5,,MARKUP,0.02003402971885552,0.011409181440409144,-0.0065452613274080695,-0.059064394372640994,0.680564146975133,-0.0007726987605175539,0.01977837204760058,0.06065645650516838,1.0,0.0,0.004914924404969989,1.0887299626457936,True,,-0.0059210208323263736,0.02356542079331092,12.0,2.700000000000003,1.0,0.0,0.8303845694706192
OKLO,2026-09-25,38.6,39.12,37.54,38.04,6777974,44.9,,Z6,MKDN,0.0668919320920255,0.001052631578947416,-0.10557253703268288,-0.3248136315228968,0.16666666666666652,-0.03478813589139196,-0.10566960694302818,-0.3405562718619439,0.0,0.0,0.09191390343222783,0.8151170211196697,True,Utilities,0.05024848150193262,0.1064572425828969,9.0,0.29999999999999716,1.0,0.0,0.8306480813112506
EGP,2026-09-28,201.62,203.23,200.83,202.44,536336,53.6,T9,,MARKUP,0.015089396706052386,-0.0006417534679369341,0.012199999999999989,-0.10705306338494114,0.21709677419354806,0.006157879453229986,0.0004060908008285402,0.030861936759642772,1.0,0.0,0.02616115681365283,1.1558707785309212,True,,0.024649491319532313,0.03438761432732096,9.0,-1.2999999999999972,1.0,0.0,0.8306824906512287
RSG,2026-09-28,212.05,214.48,211.3,212.93,1045995,38.6,T2,,MARKUP,0.016336178766373947,-0.004674426214182237,-0.041330872090405646,-0.06699675751467882,0.3471391972672929,-0.0198782342201842,-0.020134967548702587,-0.023239162794238544,0.0,0.0,-0.01229776489292067,0.748297012952145,True,Utilities,-0.057206110250165976,0.008048099228329386,1.0,-0.5,0.0,0.0,0.8307392578764979
LOW,2026-09-25,188.36,190.58,187.15,189.28,3455334,33.5,T3,,MKDN,0.024139982543770963,-0.016676190970959626,-0.08445390345361325,-0.17276342817184565,0.051128180508881314,-0.04037526262943447,-0.07731617266307267,-0.1535494939373908,0.0,0.0,-0.02571711177052427,1.0520160413212798,True,Consumer Discretionary,-0.03830911492734479,0.011381244990649186,0.0,2.8000000000000007,1.0,0.0,0.8310919102247122
CWK,2026-09-25,12.31,12.46,12.16,12.16,1796360,36.0,,Z6,MKDN,0.04133900108972261,-0.01935483870967747,-0.1400282885431401,-0.22349936143039595,0.046321525885558566,-0.05694822039315406,-0.0841891706167347,-0.10472345501763047,0.0,0.0,-0.022022838499184294,1.034309778302874,True,Real Estate,-0.05736434108527133,0.014178482068390341,1.0,0.0,1.0,0.0,0.8312743934997577
MCHPP,2026-09-30,66.94,67.1,66.57,66.59,77461,55.9,,Z2G,MKDN,0.027610530382645306,0.02905269664657717,0.07628899304994352,-0.12885923600209304,0.4066265060240965,0.028000084477399545,0.006531615468539975,-0.01037673647737225,0.0,0.0,0.052807486631015976,1.0038431975403537,True,Technology,0.11150058420964792,0.09415050936575753,10.0,4.199999999999996,1.0,0.0,0.831300999640978
OSBC,2026-09-25,24.86,25.11,24.86,24.95,674139,47.1,T2G,,MARKUP,0.018651305687307346,-0.0016006402561024036,-0.00874056416368707,-0.042226487523992384,0.6811594202898545,-0.005222656740885401,0.00721069625408477,0.11951035048883729,1.0,1.0,-0.003671970624234966,1.0681400386289133,True,Financials,-0.024628616106333046,0.021703521703521522,2.0,2.3000000000000043,1.0,1.0,0.8313383921077476
DBD,2026-09-25,63.01,63.33,62.31,62.72,122399,33.2,,Z11,MKDN,0.032250833763094,-0.0075949367088608,-0.07328605200945637,-0.3188531711555169,0.019372077488309897,-0.04111121993337874,-0.10429741241879964,-0.13495096701628906,0.0,0.0,0.002735757965883545,0.7924964411791784,True,Technology,-0.04419384334044507,0.009333762471837703,5.0,2.400000000000002,1.0,0.0,0.8316371920700993
CNR,2026-09-25,88.45,89.64,88.08,89.02,347982,38.4,T3,,MARKUP,0.03616754343801679,-0.0226174791392183,-0.12433602203423177,-0.15113950605511595,0.4208987943003286,-0.05093370638398442,-0.03881014310359521,0.0024031682854901426,1.0,0.0,-0.0245856046278784,0.940381736474856,True,Materials,-0.08669334154098696,0.015282846715328313,1.0,-1.2000000000000028,1.0,0.0,0.831748533858688
IBCP,2026-09-25,35.67,36.15,35.62,35.83,496202,40.5,T2G,,MARKUP,0.017141738972793228,-0.011040574109853707,-0.022106986899563363,-0.0869011213047911,0.1900237529691204,-0.01593896011504381,-0.021254979495902604,0.019204344115184346,1.0,1.0,-0.017043867001955815,1.1648080017173257,True,Financials,-0.03345022929592667,0.018476407049459853,1.0,0.0,1.0,1.0,0.8319465478787837
KGS,2026-09-30,51.87,53.42,51.03,52.97,1495529,36.3,T1,,MARKUP,0.04732841682820802,-0.006191369606003749,-0.1104953820319059,-0.2497167138810198,0.09913132345426666,-0.06072402308146552,-0.10949784720410882,-0.07339757664634328,1.0,1.0,-0.036442598187311215,0.8991867433713023,True,Utilities,-0.09313473720253374,0.03801685283166756,0.0,2.0999999999999943,1.0,1.0,0.8320314320363869
SHLS,2026-09-25,7.55,7.74,7.46,7.47,2622171,48.4,,Z10,MKDN,0.06569336900805005,-0.017105263157894735,0.006738544474393482,-0.3609923011120616,0.1692913385826771,-0.0031462867797653615,-0.06240131740212873,-0.09959217163113676,0.0,0.0,0.09833585476550666,0.8599943777826862,True,Technology,0.023287671232876672,0.11326378539493298,16.0,-2.6000000000000014,0.0,0.0,0.8321796790502239
NWN,2026-09-29,46.44,47.12,46.44,47.02,211705,33.7,T3,,MARKUP,0.017883468389799848,-0.015906236919213,-0.041777053189321345,-0.11266276655972818,0.09818731117824853,-0.023868123624678605,-0.042049226144574514,-0.04071886072930575,1.0,0.0,-0.028697109342270766,0.9206083552458895,True,Utilities,-0.025088119427741917,0.014017683847315165,1.0,-2.5999999999999943,1.0,0.0,0.8323615532709072
APLE,2026-09-30,16.26,16.36,16.14,16.16,3322933,56.2,,Z2G,MARKUP,0.018989866833067987,0.020846493998736504,0.03789338471419401,-0.06481481481481488,0.4741784037558683,0.013958851882331702,0.013462295840326766,0.10805675097495526,1.0,0.0,0.040924092409240886,0.9014246001676566,True,,0.04731043421905379,0.0500324886289798,15.0,6.0,0.0,1.0,0.832589149931773
HOMB,2026-09-25,28.99,29.31,28.96,29.19,1591730,40.3,T1,,MARKUP,0.015704254701729835,-0.020140986908358416,-0.016177957532861442,-0.07917981072555202,0.3085399449035816,-0.014899939383739125,-0.017772600216705126,0.014405755861412572,1.0,1.0,-0.013406668958404921,0.9316129826655987,True,Financials,-0.026026026026025995,0.017073170731707332,1.0,-5.600000000000001,1.0,1.0,0.8327281741860547
ROAD,2026-09-25,90.76,94.12,89.7,93.71,769051,40.0,T1,,MKDN,0.04475409406010833,-0.006572670412382076,-0.18335511982570807,-0.24096873481289482,0.14339188021883073,-0.04667690742469888,-0.09772587297871027,-0.1559593886827224,0.0,0.0,-0.054655870445344035,1.27301648813697,True,,-0.05979733119293673,0.05612532401667969,1.0,4.399999999999999,1.0,1.0,0.8327723919366317
FOXA,2026-09-25,63.6,63.6,62.62,63.07,3645094,41.9,,Z1G,MARKUP,0.026212467289977108,-0.0214119472459271,-0.0617375781017554,-0.11106412966878088,0.5653612796469939,-0.03186529810564198,-0.014960714702293876,0.013813207813323292,1.0,1.0,-0.0049261083743842304,0.921668556182052,True,Communication Services,-0.043524416135881094,0.00718620249121682,0.0,-4.5,1.0,0.0,0.8329909344291934
CVS,2026-09-28,89.51,90.02,87.83,87.85,7900314,37.3,,Z3,MARKUP,0.026315660790747222,0.0028538812785388057,-0.05598538577261991,-0.20627032887603913,0.1279602750190983,-0.03550568566324608,-0.06856155869249547,-0.01309086267916626,1.0,1.0,-0.030852161945177148,1.2091144137038028,True,Consumer Staples,-0.08058608058608063,0.03964497041420101,2.0,9.999999999999996,1.0,1.0,0.833005521476634
TDS,2026-09-25,36.13,36.56,35.58,35.85,1391501,48.2,,Z2G,MKDN,0.02927379950736824,-0.0013927576601669989,0.08144796380090513,-0.06664931007550101,0.6289855072463773,-0.010818520082359506,-0.005281190842058803,-0.07023225136766387,0.0,0.0,0.09007352941176472,0.9567351138957112,True,Communication Services,-0.04297917778964222,0.007588532883642474,17.0,-1.5999999999999943,0.0,0.0,0.8339251443882197
AEO,2026-09-24,15.98,16.2,15.62,16.08,3817625,50.1,T1G,,MKDN,0.04221502346545483,0.07847082494969815,-0.08584422967595229,-0.12892741061755164,0.45412844036697203,0.010805431968543777,-0.021830696636870317,-0.07654415786632907,0.0,0.0,0.055319148936170404,0.7165522585699505,True,Consumer Discretionary,0.10667584308327593,0.11049723756906071,10.0,11.700000000000003,0.0,1.0,0.8339813957597955
PEB,2026-09-25,18.68,18.73,18.24,18.42,4152988,54.1,,Z3,MARKUP,0.027621469497070197,0.02106430155210659,0.007658643326039494,-0.07576517812343186,0.4007936507936515,0.012852796308745251,0.016965268425453095,0.17601152519984242,1.0,0.0,0.03273980470993676,0.9689001449619111,True,,0.03251121076233199,0.053173241852487285,17.0,5.5,0.0,0.0,0.8340774968532494
DOX,2026-09-29,56.91,57.88,56.69,57.59,634217,39.1,T4,,MKDN,0.025063573368528623,-0.020411634631740005,-0.0867427846495401,-0.1056064606305327,0.5358361774744029,-0.031103036759444258,-0.025227898582208308,-0.1084489896200912,0.0,0.0,-0.026487788097695253,0.8439047668498834,True,,-0.07560192616372385,0.017491166077738596,1.0,-4.199999999999996,0.0,1.0,0.8342621171795479
SM,2026-09-30,33.22,34.9,33.04,33.78,4062665,42.9,T2G,,MARKUP,0.044356030170285825,-0.015447391431069657,-0.11198738170347,-0.18719923002887395,0.4497878359264497,-0.04588898716269685,-0.02359380275453704,0.12778710492853906,1.0,0.0,-0.038688718251624454,0.8634774088709509,True,Energy,-0.1147798742138364,0.037788018433179804,1.0,0.0,1.0,1.0,0.834403583331127
FG,2026-09-29,21.48,21.91,21.33,21.88,435898,35.8,T3,,MKDN,0.03807627943538783,-0.015301530153015275,-0.08067226890756307,-0.34608487746563066,0.04769736842105249,-0.04798714685177663,-0.1126419006592686,-0.1946407311617443,0.0,0.0,-0.03488898957861353,0.8635139205645682,True,Financials,-0.0697278911564626,0.027230046948356623,3.0,2.6999999999999957,1.0,1.0,0.8349223062640203
DIOD,2026-09-24,93.7,95.17,91.85,94.74,518593,53.3,T12,,MARKUP,0.05016537243488407,0.043506994162352486,0.04638833664678588,-0.1395876850422305,0.5703103159071846,0.023883896680726657,0.014204206560232135,0.12167803932726784,1.0,0.0,0.044187944502739995,1.1647567662835165,True,Technology,0.033602443814095606,0.09084628670120898,15.0,5.099999999999994,0.0,1.0,0.8351145822099746
VFC,2026-09-24,13.53,13.78,13.28,13.69,8656102,51.5,T1,,MKDN,0.03451520708352195,0.05877803557617933,-0.01439884809215275,-0.25027382256297925,0.2120689655172411,0.02212092792642495,-0.04229952970534523,-0.14412534270309585,0.0,0.0,0.024879614767255198,1.2221648639282003,True,Consumer Discretionary,0.08478605388272586,0.08650793650793642,10.0,12.799999999999997,1.0,1.0,0.835149875083476
BDX,2026-09-28,183.07,184.34,181.95,183.83,1885639,54.3,T2,,MARKUP,0.02192959700783216,0.017321527393469927,-0.0300232165470663,-0.04785828973947259,0.7939339875111512,0.008610624278670098,0.03704076097747566,0.07579168482258436,1.0,0.0,0.015239726027397316,0.7816436874728984,True,,0.0050297960745722126,0.03350761792320234,11.0,5.0,1.0,1.0,0.8355151875122903
CADL,2026-09-25,11.5,11.55,11.01,11.02,799736,44.8,,Z1,MARKUP,0.06768688535044,0.015668202764977046,-0.19854545454545458,-0.21285714285714286,0.3842975206611569,-0.04790902332698921,-0.018567820169586913,0.270199624040125,1.0,0.0,0.10040567951318469,0.817847412923533,True,Healthcare,0.04554079696394697,0.06782945736434098,10.0,2.8999999999999986,1.0,0.0,0.8370625715445339
AJG,2026-09-30,227.44,229.49,225.55,228.11,1590525,35.0,T2,,MARKUP,0.02802521742648104,-0.006662602334087997,-0.12935114503816791,-0.16378899519777124,0.06291946308724831,-0.04638868615313296,-0.06482765875643126,-0.06809648628042964,0.0,1.0,-0.007407734027073398,1.1046794738519579,True,Financials,-0.06427926819263263,0.013326818000088947,1.0,1.5,1.0,0.0,0.8372354066276407
FDX,2026-09-28,285.85,289.8,283.2,289.65,1898298,35.3,T2,,MKDN,0.025729223294943433,-0.020757970181547902,-0.12460710831721478,-0.15230179402382282,0.16682676913224403,-0.04522170778280754,-0.0788063392305528,-0.09320851801202557,0.0,0.0,-0.04127038626609436,1.1058647832546915,True,Industrials,-0.07332757462328443,0.03731690720911063,1.0,3.6999999999999957,0.0,0.0,0.8373567821590964
FISV,2026-09-25,46.0,46.8,45.38,46.48,6685048,35.1,T1,,MKDN,0.036618021039227754,-0.01504556050010597,-0.11601369341955114,-0.17923362175525348,0.11739130434782559,-0.05085906177401567,-0.08497601976030056,-0.16572473218691375,0.0,0.0,-0.042435815828559265,1.0002328510479779,True,Industrials,-0.09887553315238473,0.029913582982494802,2.0,0.0,1.0,1.0,0.837506033204388
GSBD,2026-09-25,9.53,9.54,9.44,9.54,604612,44.2,T9,,MKDN,0.021849789391633692,-0.016494845360824795,-0.058242843040474,-0.08092485549132966,0.5841584158415837,-0.01798967874020574,-0.0060294731000287705,-0.0036916605223434873,1.0,0.0,0.006396588486140553,0.8506269433584603,True,,-0.008316008316008316,0.010593220338982912,12.0,-4.899999999999999,1.0,0.0,0.8375656086573802
FANG,2026-09-25,186.46,187.77,185.51,186.67,1734333,38.9,T12,,MARKUP,0.0325018595523992,-0.029882548591622538,-0.06907041691601845,-0.13937298294144773,0.3540598290598288,-0.045071474531211075,-0.051562230041864665,0.012133337567224567,1.0,0.0,-0.03881206788183533,0.8418902010523971,True,Energy,-0.08928135824754846,0.017219770039779814,2.0,-2.200000000000003,1.0,1.0,0.8377036592404647
BAP,2026-09-30,384.49,385.69,378.87,379.87,376071,48.0,,Z2,MARKUP,0.024281900861098146,-0.014297576418080826,0.01973048426930113,-0.0807743496672716,0.315422477440525,-0.006551165790695146,0.00022661538940060844,0.09508954830280003,1.0,0.0,0.039452385524980205,0.831877432530596,True,,-0.003332108936348832,0.009031264111350135,11.0,-5.600000000000001,0.0,0.0,0.8382823833142692
LEU,2026-09-25,148.27,150.17,146.78,147.07,395600,41.1,,Z2,MKDN,0.06830528089363146,0.012669558631136946,-0.24494301262963347,-0.2948650333221461,0.15429042904290427,-0.07234178343773268,-0.12286607894249102,-0.2331359324381842,0.0,0.0,0.06661759293338254,0.7719216086228756,True,Materials,-0.03440351913859896,0.08259109311740898,7.0,2.3999999999999986,1.0,0.0,0.8390256560665164
BFH,2026-09-29,101.35,102.14,99.36,100.07,257659,38.8,,Z2,MARKUP,0.03555762048143511,-0.025513681955399825,-0.04211735426438212,-0.12625512966035102,0.38205128205128186,-0.04478461626617736,-0.04476684940761999,0.0996688752229542,1.0,0.0,-0.019152525553239985,1.0434120271529492,True,Financials,-0.07041337668369729,0.012444354512343159,4.0,-1.2000000000000028,1.0,1.0,0.839458330470742
UVSP,2026-09-30,41.23,41.45,40.6,40.98,351356,36.0,,Z2,MARKUP,0.017062196679666713,-0.010383965225790881,-0.0029197080291971655,-0.09675997355080457,0.07966457023060708,-0.023221760994617813,-0.0288035861704099,0.0511510688586303,1.0,1.0,-0.006363191385217792,0.9050954247885817,True,Financials,-0.039831302717900696,0.009359605911329894,0.0,-0.7000000000000028,1.0,0.0,0.8394604568850775
TCBX,2026-09-28,43.09,43.49,42.61,43.18,91169,40.4,T5,,MARKUP,0.024511262146734537,-0.0197502837684449,-0.043208508752492825,-0.06839266450916937,0.5823451910408431,-0.021018681187970345,-0.01215479343650272,0.047910713180610465,1.0,0.0,-0.016674386289948995,0.9237768748381964,True,Financials,-0.04847950639048049,0.016957136128120665,2.0,-4.399999999999999,1.0,0.0,0.8396121586387193
THG,2026-09-29,215.9,219.15,215.19,217.96,183153,38.8,T4,,MARKUP,0.019625342525237614,-0.0020603452222882623,-0.0360444031666004,-0.07667542150300766,0.44648318042813456,-0.021891461691132652,-0.015209571098058317,0.08167975685031248,1.0,1.0,-0.012527533039647487,0.7312949543969083,True,Financials,-0.06386634024824978,0.01287234536920856,0.0,0.29999999999999716,1.0,1.0,0.8406432277547577
GSBC,2026-09-29,77.9,79.63,76.74,77.55,84923,39.4,,Z2G,MARKUP,0.01981194159836699,-0.011094108645753664,-0.009198926791874285,-0.06464841394282961,0.30479896238651055,-0.01687952049450059,-0.013489791878584456,0.07747931457699475,1.0,1.0,-0.006473329880890777,0.8536843797497954,True,Financials,-0.03688524590163933,0.010555121188428496,0.0,-3.8999999999999986,1.0,0.0,0.8408171011696984
KMI,2026-09-24,31.58,31.58,31.12,31.25,7685467,47.3,,Z4,MARKUP,0.022915408723192816,-0.0019163206643244557,-0.024047470331043153,-0.06043295249548997,0.29473684210526335,-0.005094927487759526,-0.012008421066901032,0.002831946607168234,1.0,0.0,0.023347583031897434,1.2581770463391473,True,Utilities,0.009693053311793154,0.027622492601118154,6.0,-0.9000000000000057,1.0,0.0,0.840831672007463
UNF,2026-09-28,258.45,267.0,256.98,259.44,395620,30.1,T6,,MARKUP,0.026229683563460417,-0.01727272727272733,-0.07960834397616001,-0.15400919555222226,0.08592994000387065,-0.031214098593224104,-0.05312400844501275,0.02752406558803666,1.0,0.0,0.003686274509803855,0.7742339485175469,True,Consumer Discretionary,-0.03936016588291924,0.017411764705882238,6.0,-0.1999999999999993,0.0,1.0,0.8420891415783635
DCTH,2026-09-30,15.88,16.02,15.7,15.97,300799,50.3,T2G,,MARKUP,0.029567307863061443,0.0006265664160400863,-0.026219512195121863,-0.08323765786452364,0.7550675675675674,-0.0037819536099750195,0.03769632166999415,0.23021780493293975,1.0,1.0,-0.01913265306122447,0.7991838061923097,True,,-0.015413070283600394,0.03836150845253572,2.0,0.7999999999999972,1.0,1.0,0.8422328033969586
AU,2026-09-25,98.48,99.17,97.37,99.03,1182233,43.9,T2,,MARKUP,0.03968149454147644,-0.041243101945977356,-0.16359797297297296,-0.19742280573790416,0.5127025405081016,-0.03799513333160609,-0.010166140884349084,0.07991110952758462,1.0,1.0,-0.01710794297352347,0.829215293274904,True,,-0.05161846389580538,0.026004973062577763,1.0,-5.5,1.0,0.0,0.8427027505526765
ENR,2026-09-25,22.3,22.3,21.83,22.0,745630,55.6,,Z3,MARKUP,0.03609598592116597,0.028999064546304965,-0.00497512437810943,-0.04720658293633606,0.731527093596059,0.024562506615537494,0.0348641768342155,0.05520326619831306,1.0,0.0,0.08860759493670889,0.9169346095532848,True,Industrials,0.06899902818270176,0.10000000000000009,10.0,3.5,1.0,0.0,0.8428975198237689
LIND,2026-09-24,27.14,27.73,26.95,27.58,778595,48.0,T2,,MARKUP,0.04665725312237471,-0.005050505050505083,-0.1157422250721386,-0.21200000000000008,0.3058933582787651,-0.0012999333266642266,-0.012523846905541647,0.20679922711242016,1.0,0.0,0.08268202385849444,1.0508385520808106,True,Industrials,0.0905496243574535,0.10763052208835333,10.0,-0.10000000000000142,1.0,0.0,0.8429870971107292
AGO,2026-09-25,70.12,71.2,69.09,69.49,762764,32.4,,Z11,MKDN,0.023897926828343873,-0.012224591329068946,-0.08372890295358659,-0.2007131354957442,0.07720782654680032,-0.03552682861837264,-0.07428771421708524,-0.12967705615171654,0.0,0.0,-0.027587192681532202,1.1429309605671472,True,Financials,-0.04716851775675324,0.02146112009407597,1.0,5.199999999999999,1.0,0.0,0.8438390366955159
HONA,2026-09-25,159.01,160.97,156.74,158.78,2285091,44.3,,Z10,ACC-TR,0.04241577387354171,-0.029462102689486458,-0.012255054432348311,-0.4044707823869177,0.08166567316699312,-0.02479588375618047,-0.08807723002706769,,0.0,0.0,0.050606609022052496,0.7603159600726608,True,,0.0032857323391888293,0.031038961038960977,11.0,-4.0,1.0,0.0,0.8440132318297385
TAP,2026-09-30,36.2,36.87,35.89,36.47,3726269,32.8,T2G,,MKDN,0.02814287313163398,-0.004096122337520436,-0.08274647887323938,-0.18044943820224724,0.1057906458797323,-0.03848938513348188,-0.07522491552913235,-0.14451625680847857,0.0,1.0,-0.017155506364139428,0.6024130200281728,True,Consumer Staples,-0.06750191766811564,0.02674549549549532,2.0,5.199999999999996,1.0,1.0,0.8444461215728127
TCBK,2026-09-30,51.65,52.98,50.86,51.19,275527,31.1,,Z2,MARKUP,0.019565309489235357,-0.004860031104199081,-0.028652751423150047,-0.17047480149084437,0.03041474654377864,-0.032833046376855024,-0.051771226273318094,-0.00726772699948286,1.0,0.0,-0.010120669521214487,0.9601291811916959,True,Financials,-0.04192401272693247,0.0064883995281164175,0.0,3.6000000000000014,1.0,0.0,0.8449118900204544
CELC,2026-09-25,80.0,80.28,78.02,79.52,657165,37.1,,Z11,MKDN,0.050194581246591735,-0.013521895546458329,-0.14714714714714716,-0.3215595938913062,0.06103637269556559,-0.06625324468729377,-0.11595717010058071,-0.1460707660416084,0.0,0.0,-0.03384731101918015,0.8864137444635588,True,Healthcare,-0.047094068304373904,0.03178928247048152,1.0,0.8999999999999986,1.0,0.0,0.8454258536320273
SRCE,2026-09-25,85.98,86.48,85.67,86.09,104765,50.0,T2G,,MARKUP,0.016270787779895952,0.0024452724732184627,-0.00450971322849214,-0.058714191996501075,0.5251989389920428,0.00032780851500224806,0.008802401000918447,0.11817913222001142,1.0,0.0,0.0029751279305010314,0.9227150705997753,True,Financials,-0.012276273519963188,0.021476032273374468,16.0,3.700000000000003,0.0,1.0,0.8455260011350972
AMCX,2026-09-28,12.06,12.43,11.87,12.03,734632,50.4,,Z1G,MARKUP,0.03827529727294766,0.005012531328320691,-0.049763033175355464,-0.06960556844547572,0.7727272727272726,-0.0022639737033584018,0.03201318312080281,0.2274687788964087,1.0,0.0,0.051029543419874646,0.811574616752509,True,Communication Services,-0.019559902200488977,0.06554472984942428,13.0,0.6000000000000014,1.0,1.0,0.8457560061395593
ASC,2026-09-29,18.0,18.6,18.0,18.44,713987,55.5,T4,,MARKUP,0.03277204058601956,0.037703995498030496,0.0603795284646349,-0.048012390294269514,0.7905405405405407,0.01510638676241638,0.04087029468961201,0.1625421986992468,1.0,0.0,0.03552077062010839,1.0576835662323263,True,,-0.016008537886872842,0.07209302325581413,4.0,9.700000000000003,0.0,1.0,0.8458175038044718
CZR,2026-09-30,29.62,29.67,29.6,29.65,2559164,48.9,T2,,DIST-TR,0.0036902241176988444,0.001350894967916183,-0.0006740815638693887,-0.025632599408478507,0.20408163265306042,7.88294571827386e-05,0.00126428083366803,0.0627650995443334,1.0,0.0,0.0016949152542373724,0.8907771207108948,True,Consumer Discretionary,-0.0006740815638693887,0.005084745762711895,5.0,5.799999999999997,1.0,1.0,0.8459271403570621
STNG,2026-09-29,82.86,84.84,82.77,83.57,1284275,54.8,T2,,MARKUP,0.03216360326484773,0.015061338515729217,0.05972609688054775,-0.07206306906506788,0.623549883990719,0.010281253208555441,0.034588681475466565,0.13736933964763498,1.0,0.0,0.08122719286390057,0.9280112338938505,True,,-0.025195380846844917,0.044624999999999915,18.0,4.299999999999997,0.0,1.0,0.8472606744992278
AEG,2026-09-25,8.93,8.95,8.84,8.89,9370666,40.8,,Z5,MARKUP,0.015323464986338116,-0.016592920353982188,-0.02841530054644803,-0.07492195629552534,0.28000000000000114,-0.015487550545511541,-0.015806037097231385,0.05538060980973736,1.0,0.0,-0.021252796420581643,1.0762853805461592,True,,-0.01876379690949226,0.016000000000000014,2.0,-2.700000000000003,1.0,0.0,0.8472753097257203
SO,2026-09-29,81.95,83.65,81.69,83.45,9880697,30.0,T4,,SPRING,0.015966190295049577,-0.01996476805637115,-0.05170454545454539,-0.15927866209953656,0.10017074558907253,-0.027674381986324215,-0.06066485380333564,-0.09098968119678064,0.0,0.0,-0.038601859479816425,0.9753590018655194,True,Utilities,-0.02908667830133793,0.02154486473252537,0.0,1.8000000000000007,0.0,1.0,0.8474536484567072
EIG,2026-09-29,47.64,48.08,47.34,47.93,177074,41.2,T2,,MARKUP,0.021779315680067104,-0.0060141020323517536,-0.023630067223467166,-0.08861000190150226,0.1895652173913037,-0.013690519891778608,-0.01587120120340746,0.036906756541292385,1.0,0.0,-0.02416666666666656,1.2298074994412382,True,Financials,-0.03967140853536355,0.023270708795900763,1.0,1.4000000000000057,0.0,1.0,0.8476303207223769
GIII,2026-09-30,27.32,27.43,26.86,27.12,808024,30.6,,Z3,MKDN,0.0313221392294469,0.006681514476614581,-0.15697855144544604,-0.27757059136920614,0.044912923923006595,-0.041731468491529644,-0.10860677865334223,-0.12140223765587943,0.0,1.0,-0.008562918838421418,0.6703574947724431,True,Consumer Discretionary,-0.03727369542066028,0.01840030041306795,4.0,2.900000000000002,1.0,1.0,0.8476397622892882
NESR,2026-09-25,32.66,33.27,31.95,32.13,1405427,45.1,,Z2G,MARKUP,0.041929483722840305,-0.013812154696132506,-0.08278618327148157,-0.13021115322144006,0.6173428798727131,-0.024933892669839475,0.008894208288801497,0.2791627298493362,1.0,0.0,0.039024390243902474,0.9479971475633032,True,Materials,-0.04203935599284425,0.044878048780487845,7.0,-2.799999999999997,1.0,0.0,0.8476638898702054
OBK,2026-09-29,53.11,53.26,52.35,52.75,202421,42.5,,Z2,MARKUP,0.017965678856391297,-0.00789919127327443,-0.00715226802183333,-0.050746805830484076,0.49097472924187713,-0.013445424185020816,-0.005224780726846068,0.10814379638923088,1.0,1.0,-0.0015258439824528125,0.972456876480473,True,Financials,-0.03139919206757258,0.00764087870105068,0.0,-2.3999999999999986,1.0,1.0,0.847681466058525
MDA,2026-09-25,31.5,32.23,31.17,31.49,1491760,55.4,,Z5,MKDN,0.044164459872464236,0.047223145992683735,0.03722002635046118,-0.2597555242125059,0.2618570474281896,0.03100250399000526,-0.0019184825163188757,,0.0,0.0,0.1142546245919478,1.0449649776278669,True,,0.0869865377977217,0.11706278822277394,16.0,6.899999999999999,0.0,0.0,0.8480020516176566
MRTN,2026-09-29,12.92,13.12,12.88,13.07,629634,32.1,T2,,MKDN,0.02652282408269432,-0.020239880059970017,-0.09361997226074892,-0.27469478357380683,0.0782122905027933,-0.038012964013840134,-0.09349324209843402,-0.09327217505340457,1.0,0.0,-0.032134659525631215,0.9905167331326887,True,Industrials,-0.06173725771715721,0.033201581027668015,2.0,1.6000000000000014,0.0,0.0,0.8481550433734198
PRI,2026-09-29,274.12,276.34,272.81,275.88,158663,31.0,T3,,MARKUP,0.01953282946368288,0.0008343914384183471,-0.040917782026768545,-0.15705206550965534,0.05636129979805388,-0.033674069837354104,-0.05598520140564278,-0.023262193099959583,1.0,1.0,-0.009584316572880724,0.932400852300937,True,Financials,-0.05846216852667141,0.011253253179868805,0.0,2.0,1.0,0.0,0.8482134193446359
TXN,2026-09-25,270.61,278.69,269.53,278.07,3960309,60.1,T2,,MARKUP,0.02995686914163797,0.042866786678667834,0.04325804757259677,-0.11818989027716109,0.44546942419282853,0.040492763534348164,0.025816908523277782,0.10338187349863759,1.0,0.0,0.05678474992947269,0.9558312814869198,True,Technology,0.03487160401935241,0.08291144170106723,15.0,9.0,0.0,1.0,0.8482659192812523
CNQ,2026-09-30,47.33,47.88,47.02,47.07,4377787,39.1,,Z3,MARKUP,0.025106834274728516,-0.011964735516372782,-0.09148812970469022,-0.10017205123303385,0.5270758122743683,-0.033097304616740875,-0.02263947420241097,0.07301047401981497,1.0,0.0,-0.012717253073336154,0.7581112180675827,True,,-0.05991611743559022,0.010519536281665909,1.0,-1.8999999999999986,1.0,0.0,0.8486807179210668
PARR,2026-09-29,76.37,79.08,75.83,78.31,747566,46.8,T4,,MARKUP,0.05400513658856965,-0.01011250158007837,-0.020145145145145094,-0.10727314181486547,0.6714385474860336,-0.020247161541968484,0.013200059106703854,0.26301906755954585,1.0,0.0,0.01810699588477349,0.9495020543369096,True,Energy,-0.06327751196172238,0.05510644031258427,2.0,-0.4000000000000057,0.0,1.0,0.8488011076268529
JPM,2026-09-25,340.76,343.31,338.64,343.06,11460872,41.7,T2G,,MARKUP,0.01939751894258922,-0.018903537621185684,-0.03150584382587096,-0.06395634379263304,0.4247852760736197,-0.01694202358866792,-0.01448852107764198,0.05327065364560246,1.0,0.0,-0.022706736234587743,1.1171717951183826,True,Financials,-0.0369704965892822,0.023204485802911012,1.0,-2.6999999999999957,1.0,1.0,0.8492839014155771
SWX,2026-09-29,81.53,82.38,81.36,82.24,680342,30.5,T6,,MARKUP,0.018729253795301475,-0.014971852916516926,-0.06894599796218726,-0.12945908754101831,0.09340252038547008,-0.034961901511828763,-0.06075530026150655,-0.056543945573919396,1.0,0.0,-0.02971483345315107,0.937277150784497,True,Utilities,-0.05275282193043074,0.015559397382069573,2.0,3.3000000000000007,0.0,1.0,0.8493261129189279
FCN,2026-09-30,132.05,135.47,131.04,134.51,888841,34.7,T2,,MKDN,0.0319077204179798,0.007641021799385639,-0.11132399577167029,-0.23137142857142867,0.11748038360941558,-0.04345983273237808,-0.0874228668542848,-0.14833704079871401,0.0,1.0,-0.02617090278301526,1.2083466067094801,True,Industrials,-0.0731757734444981,0.04174411400247813,3.0,10.900000000000002,1.0,0.0,0.8496060982135957
WING,2026-09-30,107.56,107.81,104.03,105.37,1605969,46.4,,Z9,MKDN,0.057233107471476904,0.07652227217000429,-0.038594890510948776,-0.3688907522759942,0.13424233904976116,-0.008594882354499345,-0.09608725651074002,-0.3814529453300103,0.0,1.0,-0.02064595257563384,1.0642876020948102,True,Consumer Discretionary,0.04264793192163063,0.09966604049259042,3.0,11.100000000000001,1.0,1.0,0.8497272378761771
VZ,2026-09-25,47.23,47.31,46.9,47.08,13420676,39.7,,Z9,MARKUP,0.021862884905285002,-0.021002287377833384,-0.047541978555533104,-0.08865660085172278,0.579816513761468,-0.030294192207555137,-0.02200248355283485,0.014402380093204714,1.0,0.0,-0.022033898305084842,1.0152947039121314,True,Communication Services,-0.06974906145030624,0.019930675909878737,2.0,-2.299999999999997,1.0,1.0,0.8497849702770587
SFNC,2026-09-28,23.25,23.25,22.72,22.83,1793046,47.2,,Z4,MARKUP,0.019892592493677575,0.007947019867549754,0.006170118995151963,-0.06126644736842113,0.33183856502242076,-0.006145439364218186,-0.004774076885724066,0.05612622909190579,1.0,0.0,0.013086642599277942,1.0950374234790126,True,Financials,-0.01806451612903237,0.01783325902808741,18.0,4.300000000000004,0.0,1.0,0.8498067685403651
DUK,2026-09-30,114.8,115.03,113.9,114.01,4437222,30.1,,Z3,MKDN,0.014109079327601503,-0.0014014189366733376,-0.05299443475371701,-0.14052016584998117,0.07950617283950615,-0.024347022784503736,-0.050334913527806835,-0.07347417500150422,0.0,0.0,-0.014899211218229569,1.0543412022942955,True,Utilities,-0.03184442934782605,0.014323843416370163,1.0,4.100000000000001,0.0,1.0,0.8504167668897343
TGT,2026-09-28,156.6,160.8,156.21,158.43,3402396,52.3,T2,,MARKUP,0.025094456815800456,0.004565341449495941,-0.029108959431302872,-0.07215226939970709,0.7324647122692727,0.0034682634190927875,0.03347401590630894,0.20318068957338253,1.0,0.0,0.0026701400195376923,0.9091634479258487,True,Consumer Discretionary,-0.0017013232514176968,0.03178117876913045,8.0,1.2999999999999972,0.0,0.0,0.8505534896652659
PEG,2026-09-29,66.45,67.82,66.15,67.68,3752787,30.3,T4,,MKDN,0.01732677803285447,-0.02083333333333326,-0.07704895677076218,-0.1812242922816355,0.09267110841914003,-0.03356873510782066,-0.07373485908229382,-0.13191808836096885,0.0,0.0,-0.03991291727140789,1.0422063847056213,True,Utilities,-0.038909400738426525,0.023129251700680253,2.0,5.100000000000001,0.0,1.0,0.8513699232974574
BN,2026-09-25,36.77,37.06,36.48,36.87,3259084,30.1,T1,,MKDN,0.02206838337427192,-0.0170621167688616,-0.11006517016654604,-0.19180184129767652,0.06815761448349314,-0.04163716300695708,-0.08809259534929936,-0.1380296219127667,0.0,1.0,-0.011729405346426636,0.9922097607795227,True,,-0.035321821036106815,0.01766491857576602,1.0,1.3000000000000007,1.0,1.0,0.851748337981966
AEM,2026-09-25,194.02,195.63,192.42,194.48,1238949,48.7,T2G,,MARKUP,0.03625025854016635,-0.02511404080405044,-0.09728926847382102,-0.1334491823731231,0.6674069961132703,-0.015604304238468925,0.02743110540417182,0.0813689487533753,1.0,1.0,-0.011935651271406278,0.7089507791670563,True,,-0.02934717508484741,0.021428571428571352,1.0,-5.099999999999994,1.0,1.0,0.8522071452139457
CSR,2026-09-28,55.55,55.87,54.79,55.67,366480,51.3,T1G,,MKDN,0.022382076583152204,0.00541809644211666,0.06078506097560976,-0.061372449839824705,0.5020519835841314,0.002343386862346808,-0.001998691694960475,-0.058400329514320504,0.0,0.0,0.05288461538461542,0.623848358213795,True,,-0.05032412146025245,0.016803652968036653,15.0,1.8999999999999986,0.0,1.0,0.852425884493392
APO,2026-09-25,121.05,122.48,120.25,121.69,1863911,37.0,T9,,MARKUP,0.0321917704425394,-0.03351600349455963,-0.0880545563549161,-0.15686274509803932,0.18443804034582137,-0.04336450817164106,-0.05151055741304389,-0.048051245429058254,1.0,0.0,-0.03438722294654495,1.0636681350295054,True,Financials,-0.05652039075825699,0.026919831223628732,1.0,-4.200000000000003,1.0,0.0,0.853227859125282
AAP,2026-09-25,42.02,42.24,41.23,41.73,1605948,39.6,,Z11,MKDN,0.047144261502060344,-0.019271445358401862,-0.04442408976414025,-0.33782926055220575,0.04785330948121646,-0.04062680374339345,-0.12299217762049708,-0.19607147463114827,0.0,1.0,-0.017835623041696835,1.0586513223023535,True,Consumer Discretionary,-0.06602506714413614,0.024049079754601133,1.0,1.7000000000000028,1.0,0.0,0.8538153312708158
ELE,2026-09-25,20.15,20.93,20.08,20.74,444627,50.1,T4,,MARKUP,0.04822165894815035,-0.026291079812206686,-0.07245080500894463,-0.09392747924858025,0.7554038680318541,-0.007752177863617149,0.03914018479590298,0.149457521983694,1.0,1.0,-0.003076923076922977,0.9592552573747682,True,,-0.032197853476435,0.06687242798353887,1.0,-4.600000000000001,1.0,1.0,0.8540923666018772
CAC,2026-09-28,57.53,57.9,57.22,57.4,87467,51.4,,Z9,MARKUP,0.025353524974861825,0.003671970624234966,0.013060360042357999,-0.052648951972272706,0.6220379146919428,0.0017744561576056306,0.014201948105724282,0.11962862167716204,1.0,0.0,0.03915050784856877,0.8963128891842155,True,Financials,-0.015437392795883298,0.020444444444444487,17.0,2.1999999999999957,0.0,1.0,0.8542641618184116
HELE,2026-09-25,29.45,30.1,28.55,28.63,515946,52.3,,Z2,MARKUP,0.044604264865182736,0.06669150521609546,-0.010027662517289149,-0.06346090938828919,0.6433823529411763,0.013131345497006786,0.021901991536613208,0.1468996682866588,1.0,0.0,0.0011406844106462977,1.0344644147656783,True,Industrials,0.0678851174934727,0.08735282947208511,11.0,9.399999999999999,1.0,0.0,0.8544919983493304
TARS,2026-09-30,76.76,78.7,76.31,78.61,1562523,55.9,T2G,,MARKUP,0.0375009448819466,0.058150491317808584,0.06158001350438891,-0.1411559051677046,0.6567481402763018,0.020483754193389103,0.07156349559212649,0.16882404700994247,1.0,0.0,0.06304879804232044,1.0874261646369092,True,Healthcare,0.012493560020607974,0.06445497630331753,3.0,9.5,0.0,1.0,0.8545569360622465
RRBI,2026-09-30,99.69,100.27,99.12,99.87,75801,42.5,T3,,MARKUP,0.018114067922287706,-0.006861575178997548,-0.0027958062905641956,-0.047678077619910386,0.5374653098982425,-0.01232967062129886,-0.003860947195483466,0.10048301923387193,1.0,1.0,-0.007028818154433236,1.0289228387051366,True,Financials,-0.01847665847665847,0.009910001011224523,1.0,-1.8999999999999986,1.0,0.0,0.8548158881471462
AMG,2026-09-28,371.42,373.04,356.18,368.13,503022,55.0,,Z1G,MARKUP,0.03054902826955162,0.009515713267152837,-0.00738803354275086,-0.0630917235060573,0.6174972997994134,0.016822376907529968,0.02606444157493648,0.14653520919683194,1.0,0.0,0.04531144261040976,1.1149405630673443,True,Financials,0.051860106291788055,0.08314943949157039,8.0,0.6000000000000014,1.0,1.0,0.8551041586809224
CNP,2026-09-30,37.15,37.2,36.79,36.8,5829737,29.6,,Z3,MKDN,0.01712112580446458,-0.009687836383207693,-0.06764631365594131,-0.1869200176756518,0.04836895388076487,-0.032646840442323244,-0.06894258767091888,-0.09752216063630159,0.0,0.0,-0.01808855291576683,0.9696708448797088,True,Utilities,-0.03991651447951994,0.011822930987077207,1.0,1.3000000000000007,1.0,1.0,0.8552771260695082
LCII,2026-09-28,84.11,85.76,83.12,85.52,332244,32.4,T2,,MKDN,0.03502896386706221,-0.016446233467510174,-0.16938616938616935,-0.2308660850795935,0.09644491376275942,-0.05819629069443888,-0.11792881194830096,-0.19735913266055916,0.0,1.0,-0.026919007875866874,1.019236796551408,True,Industrials,-0.05177957644971731,0.03309978255617296,1.0,3.799999999999997,1.0,0.0,0.8554037458189083
STLN,2026-09-28,6.59,6.79,6.48,6.64,919193,52.7,T10,,MARKUP,0.05916036815428646,-0.027818448023426146,0.07617504051863855,,,0.020922706887386733,,,0.0,0.0,0.10763888888888884,0.897466432177948,True,,0.01840490797546024,0.05229793977813002,19.0,-6.299999999999997,0.0,0.0,0.8554770648506433
ENLT,2026-09-30,70.08,70.08,69.12,69.41,84232,37.8,,Z3,MARKUP,0.0369261861432024,-0.04275272376223982,-0.07366875750700663,-0.25517759416246377,0.055974593092496895,-0.05129265942381156,-0.10690915461053319,-0.0430100299531917,1.0,1.0,-0.01449275362318836,0.8887771607871215,True,,-0.030451180332448757,0.020735294117647074,2.0,-2.8000000000000043,1.0,1.0,0.8557511194359004
AEVA,2026-09-25,15.68,15.97,15.12,15.35,992444,44.7,,Z3,ACC-TR,0.07663405097138291,0.03716216216216206,-0.06345332519829172,-0.46253501400560226,0.12225913621262459,-0.02614655835327484,-0.11466362991563106,-0.14093611699379816,0.0,0.0,0.044604316546762446,0.8990585150275214,True,Industrials,-0.010953608247422641,0.10431654676258995,7.0,3.5,1.0,1.0,0.8569117544504523
MTN,2026-09-24,140.41,141.49,137.62,137.82,1125350,45.7,,Z4,MARKUP,0.03197717642772235,0.00043554006968649084,-0.07329209252286184,-0.14125490684777875,0.2798602287166454,-0.012831718471723041,-0.024801409350670656,-0.02079529203202457,1.0,0.0,0.061933183474149445,1.3239924602131405,True,Communication Services,0.03367584189604722,0.02850746268656712,10.0,0.10000000000000142,1.0,0.0,0.8570334005885397
DOC,2026-09-25,20.29,20.33,19.95,20.31,5204410,41.9,T9,,MARKUP,0.018829895533232072,-0.000983767830791904,-0.0428840716305372,-0.11503267973856213,0.11999999999999982,-0.01318114623065303,-0.022062646864729696,0.041472925986723475,1.0,1.0,-0.003994008986520359,1.2369992293052574,True,,0.0004926108374383453,0.018045112781954753,0.0,1.6000000000000014,1.0,0.0,0.8578891583172732
AR,2026-09-25,35.53,35.8,34.77,35.0,4850296,40.0,,Z1G,MARKUP,0.0349834142273198,0.004016064257028162,-0.0913811007268952,-0.12935323383084585,0.31758530183727035,-0.04377557817822286,-0.046076319281233236,-0.036978226027058914,1.0,1.0,-0.03563218390804579,1.2796885376694103,True,Energy,-0.08925318761384338,0.042908224076281254,3.0,7.0,1.0,1.0,0.8580254179176491
FTDR,2026-09-30,73.65,74.26,72.52,73.12,570404,36.3,,Z4,MARKUP,0.03465743264521831,-0.01122379986477351,-0.08036724940259088,-0.2173819972171679,0.13463996591393307,-0.0512632129087649,-0.058455048091963335,0.04824605081912425,1.0,1.0,-0.03898768809849518,1.1469062115688708,True,,-0.09212813508815498,0.04085409252669048,4.0,2.6999999999999957,1.0,1.0,0.8583007636304997
SFL,2026-09-29,12.7,13.16,12.63,13.06,1197266,55.0,T4,,MARKUP,0.029764671242879695,0.02111024237685699,0.048995983935743004,-0.06580829756795425,0.728613569321534,0.012134570577953196,0.04612177911011961,0.1773024046564664,1.0,0.0,0.04882154882154888,0.9367861329004493,True,,-0.01582516955538804,0.048154093097913186,14.0,4.600000000000001,0.0,1.0,0.8586697594640209
DTM,2026-09-24,126.25,126.25,124.45,124.75,647049,36.3,,Z4,MARKUP,0.024556729664386653,-0.009134233518665602,-0.058774709521653756,-0.1665553180117585,0.03071539657853833,-0.02299069748075766,-0.05450161310861623,-0.0544182633055762,1.0,1.0,-0.0006449532408900893,1.187484605773296,True,Utilities,-0.036753918616323045,0.006373023555985791,2.0,-1.2000000000000028,1.0,1.0,0.8590722377073645
PODD,2026-09-24,136.8,139.35,134.55,135.78,1085476,39.1,,Z2,MKDN,0.03739311760748197,-0.04076298127870015,-0.05300599804714745,-0.21473598982129427,0.20167705869705435,-0.037162376731177726,-0.07582957799887502,-0.29543782180334155,0.0,0.0,0.02522096921670225,0.8178264366468679,True,,0.008167508167508108,0.034593111856141334,9.0,-7.199999999999996,1.0,0.0,0.8591626336232658
UHS,2026-09-28,178.26,183.46,177.37,177.48,765168,54.2,,Z9,MKDN,0.03263830447777283,0.015680439510129318,0.03390422929045789,-0.04611415672363761,0.8035714285714283,0.008785630060069272,0.036457905354833064,0.005522819552325364,0.0,0.0,0.05864327344829645,1.001729035089094,True,Healthcare,0.024415584415584446,0.04992901088499768,16.0,1.3000000000000043,0.0,0.0,0.85980131542647
INMD,2026-09-25,14.17,14.33,14.16,14.26,412414,33.6,T4,,MARKUP,0.015338290580427594,-0.006271777003484358,-0.03908355795148244,-0.08998085513720488,0.07236842105263122,-0.024048132946887013,-0.032508028061248195,-0.018029129190806348,1.0,0.0,-0.009797060881735375,0.7136626680030187,True,,-0.04295302013422819,0.007773851590106018,1.0,3.400000000000002,1.0,1.0,0.8599585651025777
BIDU,2026-09-24,88.29,88.54,86.69,88.08,3024193,36.2,,Z2G,MKDN,0.03186924244446242,-0.021659446851049702,-0.05554364143255419,-0.2652652652652653,0.04188008436275989,-0.04905545040788195,-0.11039740579289281,-0.21253140829926997,0.0,0.0,-0.017454380596169217,0.9934726609744994,True,,-0.027707252456121045,0.016034144653362503,0.0,-1.3999999999999986,1.0,0.0,0.8603472940294099
HTH,2026-09-25,38.58,38.79,38.47,38.56,258475,48.7,,Z11,MARKUP,0.01663301068304435,-0.0023285899094436235,-0.00025926886180960285,-0.04483527371810736,0.40066225165562996,-0.0013606192802034789,-0.001913923351948954,0.037121579005425565,1.0,0.0,0.009293680297397744,0.8643817872431168,True,Financials,-0.0031023784901756946,0.014469876348329525,17.0,0.0,0.0,0.0,0.8607124782307058
AMR,2026-09-28,173.81,176.0,171.84,175.54,243747,40.7,T2,,MARKUP,0.05847063215745458,0.0002849165194596104,-0.2240640056579587,-0.2761237113402062,0.3848980341723314,-0.07427475993873311,-0.05991573476908196,-0.021471075517908944,1.0,1.0,-0.03790864827266416,0.90033506032302,True,Materials,-0.1127621935809957,0.057597300879624,2.0,3.8000000000000043,1.0,0.0,0.8610504268012196
IDCC,2026-09-25,330.92,334.26,323.59,334.21,176408,52.8,T2G,,MARKUP,0.031601452980024806,0.03454573595418653,-0.0013148065142686294,-0.06038966515786226,0.7895149436550709,0.008149863261402546,0.03602784629666478,0.07660484045110527,1.0,0.0,0.017968035809980076,0.9165873731209895,True,,-0.04546882586467893,0.03975982328967409,17.0,7.599999999999994,0.0,1.0,0.8610736629242847
KBH,2026-09-29,47.87,48.02,47.02,47.42,1233056,36.4,,Z1,MKDN,0.0334107303003287,-0.024079028606709185,-0.11031894934333952,-0.21774991751897055,0.059829059829060074,-0.040569077373071916,-0.0869965484072297,-0.13251105806208674,0.0,1.0,-0.004488138491130611,1.1765661712666498,True,,-0.042407108239095326,0.018033490768570193,3.0,-1.7000000000000028,1.0,1.0,0.8612748187976973
TDOC,2026-09-24,6.19,6.24,6.07,6.14,3022806,40.2,,Z10,MKDN,0.0420668362377439,-0.022292993630573354,-0.03001579778830965,-0.3791708796764409,0.0359897172236503,-0.03584943646625538,-0.09409248326020925,-0.11660486323663888,0.0,0.0,0.011666666666666714,1.0495197986879106,True,Healthcare,0.008210180623973606,0.01655629139072845,11.0,-2.299999999999997,1.0,0.0,0.861715818527307
EXTR,2026-09-30,21.24,21.69,21.14,21.45,1985115,40.4,T1,,DIST-TR,0.0352214022472146,-0.026327734906945177,-0.015151515151515249,-0.3640675956122146,0.05319969159599059,-0.025878876276482443,-0.09139343907818265,-0.052444036257659254,1.0,1.0,-0.01424501424501412,1.1647892160836173,True,Technology,-0.0201005025125629,0.03323699421965309,1.0,-1.8000000000000043,1.0,1.0,0.8618965814894414
OR,2026-09-24,35.65,35.9,35.24,35.74,595816,49.6,T5,,MARKUP,0.036588987072061,-0.03379291700459586,-0.06999739786625025,-0.08663429593662153,0.7075064710957722,-0.010795761794800351,0.019521949441099418,0.01825628379240407,0.0,0.0,0.021449275362318998,0.9371674437298093,True,,-0.002790178571428603,0.03235124205661477,8.0,-8.399999999999999,0.0,1.0,0.8620149345878143
CHEF,2026-09-24,108.95,111.35,108.95,110.36,355502,51.3,T2G,,MARKUP,0.0345018855642777,0.0018155410312272746,-0.014730827604678254,-0.061963450913727236,0.7373919308357347,0.0017562028954893893,0.034692392030417185,0.2678503471131801,1.0,0.0,0.021137440758293824,0.8392293521073266,True,,0.005374874738088842,0.04606635071090048,7.0,0.5999999999999943,0.0,1.0,0.8621067241118293
SMR,2026-09-25,8.54,8.68,8.27,8.42,29275169,43.9,,Z6,MKDN,0.07788698288963959,0.01813784764207993,-0.13552361396303902,-0.2594547053649956,0.29086538461538464,-0.0606039227019608,-0.09188411250911888,-0.3963303524689482,0.0,0.0,0.028606965174129417,0.9132643028413986,True,Industrials,-0.022067363530778095,0.047263681592039974,7.0,1.6000000000000014,1.0,0.0,0.8622568760921325
POOL,2026-09-25,162.0,165.19,161.38,164.91,879631,31.9,T9,,MKDN,0.03203410226241172,-0.01815908549654688,-0.1136730087068688,-0.2538684281965433,0.07470316622691293,-0.04848783138510482,-0.09961335122586124,-0.220355469106702,0.0,0.0,-0.03017475962992089,1.0547086806564645,True,,-0.04698335644937579,0.02824541713430606,1.0,2.1999999999999993,1.0,0.0,0.8624974059495918
VRSK,2026-09-30,166.2,168.19,165.49,167.85,1511314,36.8,T1,,MKDN,0.03237428208952278,-0.022991850989522833,-0.13635194237200932,-0.257563694267516,0.07277070063694255,-0.0418499172120379,-0.07246859971457165,-0.14780405040161704,0.0,0.0,-0.03737766772786233,1.1233960365483255,True,Technology,-0.07647867950481435,0.027988731014208623,1.0,-1.5,1.0,1.0,0.8629945003072096
IRON,2026-09-30,66.08,66.08,64.24,65.46,671490,29.3,,Z3,MARKUP,0.04221002190787896,-0.009532455742169876,-0.1679166137028093,-0.2172665311491092,0.07625826131164175,-0.06170708115741974,-0.10228507271910225,-0.08693358986834399,1.0,1.0,-0.02067064768029403,1.0091669891013064,True,Healthcare,-0.0453551115648243,0.023452157598498946,2.0,2.6999999999999993,1.0,1.0,0.8633769096888355
MORN,2026-09-25,195.74,198.94,194.41,195.98,299782,44.0,T5,,MARKUP,0.035977472410710316,-0.038512485895108806,-0.10433709611078112,-0.11401446654611214,0.5927002583979327,-0.02680988846109089,-0.008831133045427708,-0.008228853493321142,1.0,0.0,0.031482267997451574,0.9049929005303767,True,Financials,0.025965867448434654,0.013287834134739551,10.0,-7.100000000000001,1.0,0.0,0.8634464995593607
TKO,2026-09-25,183.89,185.25,180.55,182.67,1181299,40.6,,Z2G,MKDN,0.030439256321738033,-0.034819824579942926,-0.009059346859064843,-0.1003250591016549,0.1699266503667477,-0.03291688668554216,-0.0384824128544442,-0.04772841106824921,0.0,1.0,-0.0011653071416680705,0.9758430867030468,True,Communication Services,-0.04014502653565244,0.014833333333333254,1.0,-8.199999999999996,1.0,0.0,0.8635265889137377
BKSY,2026-09-28,22.76,23.69,22.7,22.95,595771,48.8,T5,,MKDN,0.06345806204863924,-0.009495036685369107,-0.03164556962025311,-0.291447977770917,0.23809523809523803,0.0048022333652724125,-0.06308373385836408,-0.11872704066823825,0.0,0.0,0.10150000000000015,0.7564423940630104,True,Industrials,0.10336538461538458,0.13501483679525217,10.0,-0.7000000000000028,1.0,1.0,0.8635865118014927
CNX,2026-09-25,33.0,33.3,32.66,32.79,2272964,30.8,,Z1G,MKDN,0.027053053906926458,-0.0030404378230465268,-0.09194129050124622,-0.14094838878700555,0.19097744360902244,-0.0494276397069654,-0.062462691127200154,-0.07627534898314414,0.0,0.0,-0.017335766423357657,1.0548165336557347,True,Energy,-0.08688387635756045,0.01485608170844932,4.0,4.199999999999999,1.0,1.0,0.8636404539084893
MSM,2026-09-28,119.34,122.48,119.34,122.14,520305,53.3,T6,,MARKUP,0.024618129254197884,0.004193044479158248,0.024664429530201426,-0.0637743369615208,0.43516632722335336,0.008709165804887231,0.015001707140025022,0.12712577256085345,1.0,0.0,0.031193294737751565,1.0081736718893026,True,,0.023977196512407817,0.03263442678390249,17.0,0.09999999999999432,0.0,1.0,0.8639220033833435
CROX,2026-09-28,124.07,124.36,121.59,122.36,1078247,51.5,,Z1,MARKUP,0.03595695775209769,-0.010752688172043001,0.0010635686819928658,-0.13391845979614947,0.42211362248014644,0.01057861592446252,0.0008668144970924718,0.10158110102280715,1.0,0.0,0.1202321724709785,0.936563275292712,True,Materials,0.09749753341106837,0.10403320400613558,12.0,-3.8999999999999986,1.0,1.0,0.864051974764079
TOWN,2026-09-28,36.31,36.39,36.02,36.09,541726,37.7,,Z1,MARKUP,0.01567369470392697,-0.01662125340599452,-0.03580016029922517,-0.07508969759097894,0.3007159904534615,-0.020011496967972886,-0.021370382414263367,0.008141836453083418,1.0,0.0,-0.011010184420588986,0.9547977801818367,True,,-0.033734939759036076,0.0044531032563319695,2.0,-4.799999999999997,1.0,1.0,0.8640801183332119
SVM,2026-09-25,11.35,11.4,11.06,11.34,1852034,44.5,,Z5,MARKUP,0.0543637033480731,-0.05025125628140703,-0.1575037147102527,-0.1698389458272328,0.5503875968992248,-0.04392272491158222,-0.02773145958956824,0.07170878459249352,1.0,0.0,0.009124087591240837,0.9436326862895398,True,,-0.04785894206549124,0.034671532846715314,7.0,-5.600000000000001,1.0,0.0,0.8641355466320008
MOD,2026-09-25,198.32,201.99,195.27,198.07,1321025,54.4,,Z5,MKDN,0.05186806157148279,0.04954429843153885,0.06312060544254194,-0.22568412822517603,0.32550531604159344,0.03605057899206554,-0.017214653998035345,-0.03485739759282869,0.0,0.0,0.07660263827817637,1.1262944261829686,True,Industrials,0.04632857897517151,0.14161383285302587,17.0,6.100000000000001,0.0,1.0,0.864617927604467
ICL,2026-09-29,5.2,5.21,5.14,5.17,1305160,38.5,,Z11,MKDN,0.024494836984036834,-0.042592592592592626,-0.09615384615384615,-0.12962962962962965,0.30630630630630606,-0.04220780928729828,-0.050670304441316705,-0.07147149769175665,0.0,0.0,-0.05283018867924538,0.8533588450810435,True,,-0.07347670250896055,0.029880478087649376,1.0,-4.0,1.0,0.0,0.8648982882187902
NPK,2026-09-30,146.76,148.87,144.01,148.16,96982,51.8,T2,,MARKUP,0.030844930812387768,0.01430820839323621,0.008302708588539431,-0.06328633748498447,0.7397972446061868,0.0014799896232087217,0.02954845093901004,0.1277791200564471,1.0,0.0,0.0004209049456331826,0.859396017732203,True,Industrials,-0.030620256477361996,0.03891732697566774,18.0,4.5,0.0,1.0,0.8651248280321392
HIFS,2026-09-25,300.36,302.99,294.52,299.18,42398,48.1,,Z5,MARKUP,0.0330486770560825,-0.015984738850151392,0.0033873293758592826,-0.070609797769563,0.5014257512612414,-0.00906339598025796,-0.001552557522090603,0.030306700489761473,1.0,0.0,0.04103207310517831,1.0626443392990483,True,,-0.042593362987615624,0.02987951807228928,17.0,-3.3999999999999986,0.0,0.0,0.8651416521962924
NNI,2026-09-24,125.71,126.65,124.28,125.03,122440,38.7,,Z6,MKDN,0.018698362552123402,-0.012245220413967473,-0.021521364845828783,-0.10692857142857137,0.10251798561151122,-0.01228089903339702,-0.02541567388234167,-0.036123192096373935,0.0,0.0,0.005420273440660095,1.0080765816625383,True,Financials,-0.0059627921768166114,0.006034760218860624,11.0,-6.199999999999996,0.0,0.0,0.8653260398693265
COHR,2026-09-24,294.9,300.89,290.2,290.61,4990334,48.0,,Z2G,MARKUP,0.07172948440059504,-0.0181431177782283,-0.012773040731052676,-0.2574545826200271,0.40969008143417895,-0.020243990930977063,-0.04223092221644442,0.04837501887950468,1.0,0.0,0.1369245837414299,1.1481528012155644,True,Technology,-0.008732134938772784,0.09461749971750355,14.0,-2.799999999999997,0.0,0.0,0.8655203538342937
PAA,2026-09-28,24.49,24.78,24.24,24.53,2833551,42.7,T9,,MARKUP,0.020264449241412245,-0.018407362945177974,-0.037284144427001564,-0.07048124289503599,0.5539568345323744,-0.01909895846317622,-0.0026042563053988443,0.10095450999886157,1.0,1.0,-0.013496932515337345,0.9143396398146302,True,Energy,-0.051063829787234005,0.016998341625207303,1.0,-4.5,1.0,1.0,0.8657049583830373
PEN,2026-09-29,318.73,318.98,318.14,318.86,189852,44.3,T12,,MARKUP,0.0057553698389925505,-0.0016594132565201924,-0.013122872175796996,-0.029640900791235603,0.24554608830364136,-0.00280129540441576,-0.005946097949173557,0.010957335947438862,1.0,0.0,0.004230198566783638,0.8183259890760193,True,,0.00135037527871118,0.0065978470183414295,6.0,-1.6000000000000014,1.0,0.0,0.8657838984122473
LMND,2026-09-30,45.24,45.95,44.59,45.14,983706,36.5,,Z5,MKDN,0.046028749785988435,0.017583408476104623,-0.12076353720296074,-0.3949061662198391,0.05938697318007662,-0.05499733118610595,-0.12403776831631008,-0.20936527571399755,0.0,1.0,-0.023465703971119134,1.0325010645598836,True,Financials,-0.07061972410953266,0.042975970425138676,4.0,6.5,1.0,1.0,0.8659711073922246
SNPS,2026-09-28,421.31,427.51,417.11,417.61,1546966,55.6,,Z2G,MKDN,0.035500689968176305,0.03921861391066317,-0.05648313413614692,-0.10187534947739685,0.5375378307136581,0.029708733302316714,0.01710856750726575,-0.049929682242609075,0.0,0.0,0.10886774238036123,0.9387020003519743,True,Technology,0.09485357732742572,0.15186870776444628,9.0,4.800000000000004,1.0,1.0,0.8660375135201043
TSAT,2026-09-25,48.92,50.03,47.93,48.21,102031,51.7,,Z5,MARKUP,0.06416469825042255,-0.012697112430882562,0.054923413566739576,-0.21660708482287938,0.5135036496350366,0.007971837790371028,0.030660741782638556,0.16940223636890583,1.0,0.0,0.09010304337407149,0.9313775287291886,True,,-0.030954773869346752,0.059793361178280824,16.0,-2.5,0.0,0.0,0.8666406363672501
PLD,2026-09-25,133.94,134.36,132.72,133.05,2543126,36.0,,Z6,MARKUP,0.015824902822740988,-0.013274992583802936,-0.0620373634120549,-0.13237691555265718,0.015996122152206135,-0.023073694787832832,-0.04103009466379204,-0.02228496273976699,1.0,1.0,-0.0009033423667570428,0.8767427966442478,True,,-0.019889502762430844,0.0024864376130200316,0.0,-3.5,1.0,0.0,0.8666724353157259
PATK,2026-09-29,69.0,69.38,67.64,69.12,453812,32.2,T2,,MKDN,0.036372827623822615,-0.027300872502110884,-0.1541850220264317,-0.23717029025493874,0.08979246082168592,-0.05317281290304898,-0.12341861432744228,-0.25235848559884866,0.0,1.0,-0.021040327293980088,0.9075005091974173,True,Industrials,-0.023728813559321882,0.03164179104477616,2.0,0.10000000000000142,1.0,0.0,0.8674100395185388
LAND,2026-09-30,9.54,9.56,9.27,9.46,720936,55.2,,Z3,MKDN,0.025205014872891025,-0.007345225603357708,-0.010460251046025104,-0.05305305305305297,0.7439613526570051,0.006182851704873427,0.03221356762158223,0.008431699650020441,0.0,0.0,0.059428571428571386,0.8571608819181544,True,,0.008528784648187626,0.020496224379719763,11.0,-3.3999999999999986,0.0,1.0,0.8680736859620326
FIS,2026-09-25,35.06,35.6,34.91,35.41,6238627,31.3,T1,,MKDN,0.03327825118424551,-0.0058955642897249305,-0.1267570900123305,-0.2464354117897426,0.09318715740015641,-0.05576815975181171,-0.1061635692976659,-0.25587572319285656,0.0,0.0,-0.036870250492541556,0.9761990272382529,True,Industrials,-0.07157839538542221,0.03477498538866164,2.0,3.900000000000002,0.0,1.0,0.868896962276307
WULF,2026-09-24,16.03,16.82,15.88,16.29,26000406,48.4,T5,,MARKUP,0.0713003371638637,-0.010928961748633892,0.02003757044458343,-0.352286282306163,0.1879010082493125,-0.00847474393026626,-0.0655844592376098,-0.059955685865358266,1.0,0.0,0.11516853932584281,0.970967995255638,True,Financials,0.009293680297397744,0.12811634349030476,16.0,-1.7000000000000028,0.0,0.0,0.8693093652761474
SKWD,2026-09-25,55.12,55.12,54.19,54.78,353463,37.5,,Z2,MARKUP,0.028066413787040525,-0.027171017581246737,-0.04978317432784041,-0.16608311767392292,0.06512425021422437,-0.03175243526582583,-0.037850366497021004,0.030566683950815188,1.0,0.0,-0.017585206671501097,0.9016962175863428,True,Financials,-0.03454353189989423,0.010887617641631264,0.0,-6.200000000000003,0.0,0.0,0.8695203111415318
JNJ,2026-09-25,271.7,272.25,269.26,271.22,4085802,56.8,,Z5,MARKUP,0.019046665691672852,0.00455572428608475,0.02050645294803788,-0.03504465079873331,0.7231590781337839,0.0085288045601295,0.027016512505890766,0.13320671123589145,1.0,0.0,0.016725487187356114,0.8573086630793532,True,Healthcare,0.02123653889600141,0.04043271443915919,8.0,2.1999999999999957,0.0,1.0,0.8698575643040537
BRO,2026-09-30,60.52,61.08,60.36,60.9,1989193,30.5,T2,,MKDN,0.028637171954410415,-0.012965964343598091,-0.15475364330326158,-0.19476398254660843,0.11371841155234662,-0.05575967300836249,-0.08622645961536879,-0.14121509111089747,0.0,0.0,-0.039081582804103565,0.9002934506124448,True,Financials,-0.07559198542805101,0.03202846975088969,1.0,2.5,0.0,0.0,0.8698678578225981
EXPD,2026-09-29,186.87,189.03,186.47,188.16,764502,51.3,T10,,MARKUP,0.020444270174067202,0.003466481787637976,-0.00785657790667027,-0.03304383575723324,0.7950924155513063,-0.0004172809735397687,0.02389505999518149,0.15224554025685566,1.0,1.0,-0.0050463942699006115,0.9208864391051016,True,Industrials,-0.029602888086642687,0.02617801047120416,3.0,1.5999999999999943,1.0,0.0,0.8700371049277695
BBIO,2026-09-30,66.14,67.32,65.61,65.8,2822374,31.0,,Z2,MARKUP,0.038524433535810976,0.0013696545426875595,-0.14065560924644116,-0.2956540355384286,0.04955264969029586,-0.055464059324770165,-0.10540618873472551,-0.07321161700923473,1.0,1.0,-0.008320493066255819,1.1030504574145417,True,Healthcare,-0.03660322108345537,0.02237414543194527,2.0,4.0,1.0,1.0,0.8706867151471904
SRAD,2026-09-25,13.01,13.31,12.86,13.24,1304129,52.3,T4,,MKDN,0.045464305839659575,0.09240924092409242,0.03599374021909241,-0.19317489335770865,0.3477366255144032,0.019034378223219628,-0.008422669405523608,-0.18906847979300512,0.0,1.0,-0.0033057851239668423,1.284896622615675,True,,0.025561580170410547,0.09784411276948579,4.0,14.299999999999997,1.0,1.0,0.8708725206614998
AVA,2026-09-30,35.34,35.45,35.02,35.09,808195,29.0,,Z3,MKDN,0.017284449428239534,-0.010155148095909672,-0.06774707757704557,-0.18584686774941994,0.06860465116279109,-0.03040848211144287,-0.06792895649244335,-0.10768446841072199,0.0,0.0,-0.020998864926220273,0.9981101394389486,True,Utilities,-0.04491017964071853,0.0171014492753625,1.0,2.5,0.0,0.0,0.8718898078376003
MRX,2026-09-24,71.23,72.7,69.91,72.69,844195,51.7,T4,,MARKUP,0.04518380896894549,-0.007915927391838329,0.007903494176372705,-0.081152825180129,0.6789999999999999,0.0021430980206125216,0.04488858184929723,0.282911481783672,1.0,0.0,0.04281026252983278,0.922590451117682,True,,-0.018895937373464733,0.08427804295942698,6.0,-2.5,1.0,1.0,0.8720037574828335
AKR,2026-09-28,19.21,19.3,19.04,19.26,982867,28.9,T2,,MKDN,0.018947158887881115,-0.0046511627906976605,-0.07046332046332038,-0.16369952236213636,0.06218905472636817,-0.0240486047380577,-0.05663482980291734,-0.0697480627366589,0.0,1.0,-0.008863399374348213,0.6694428944168599,True,,-0.02825428859737633,0.013150973172014746,2.0,3.299999999999997,1.0,0.0,0.8728182542112297
TEL,2026-09-24,211.23,215.78,208.76,213.67,1292992,57.8,T12,,MKDN,0.02849763005653558,0.03422071636011603,0.04214017460859387,-0.03739244041987666,0.7381703470031541,0.02679016446005189,0.029602136115894018,0.020822075147911345,0.0,0.0,0.025893215576073825,0.9859305463354183,True,,0.0441772956067048,0.06605797535299107,15.0,7.099999999999994,0.0,1.0,0.8737385633463066
CFG,2026-09-25,65.03,65.77,64.69,65.53,3852388,35.3,T1G,,MARKUP,0.023143480786511232,-0.022523866348448718,-0.06625819321744097,-0.13009425195805124,0.14634146341463417,-0.035687145719665914,-0.052139972048607874,0.017264327971320048,1.0,0.0,-0.027566250380749224,1.0865538490849453,True,Financials,-0.07023269012485811,0.02631166797180895,1.0,-0.7000000000000028,0.0,1.0,0.8738512777324903
TSN,2026-09-29,50.7,51.29,50.5,50.98,3242872,32.5,T6,,SPRING★,0.022798082309015893,-0.016209957545349374,-0.0754443235400799,-0.19117880374424878,0.03830806065442912,-0.029988922087021863,-0.07004724228202075,-0.12212405333733833,0.0,1.0,-0.004141195030565981,0.7187446440026705,True,Consumer Staples,-0.02987630827783061,0.009504950495049513,0.0,-3.1000000000000014,1.0,1.0,0.8738567847729688
RNR,2026-09-29,327.92,327.92,320.25,324.53,261086,46.9,,Z6,MARKUP,0.01973088128326305,-0.004203743479594957,-0.009492125503601567,-0.04617328944274646,0.6282536677709408,-0.007074452435911871,0.002401356076411121,0.0692881739847806,1.0,0.0,0.003415214939215261,0.9179381758536508,True,Financials,-0.012686340127776141,0.01336455893832933,14.0,-2.3999999999999986,0.0,0.0,0.8740046860862928
CB,2026-09-29,329.31,332.42,328.14,332.08,1211199,36.9,T3,,MARKUP,0.01484292816123381,-0.010989665544867022,-0.01925575900767884,-0.09245442868464937,0.10431559438707953,-0.01658588006109163,-0.023803683580376656,0.010327223129021235,1.0,0.0,-0.014772113132768938,1.008087167226805,True,,-0.028608202188030285,0.012007070152983523,0.0,-4.200000000000003,1.0,0.0,0.8747234109146766
SPT,2026-09-30,9.48,9.92,9.41,9.77,830437,44.6,T1G,,MARKUP,0.055512984216867844,-0.01907630522088366,-0.14821272885789027,-0.17622259696458686,0.5426695842450766,-0.03803774175596997,-0.004378168668264237,0.029950731786306806,1.0,1.0,-0.07636738906088758,0.7614365053369027,True,Technology,-0.13309671694764857,0.09162011173184359,2.0,0.10000000000000142,1.0,1.0,0.8747239281016504
DCOM,2026-09-30,39.57,39.62,39.09,39.42,431029,38.4,,Z2,MARKUP,0.018649924050041015,-0.013266583229036288,-0.0007604562737643095,-0.06075768406004278,0.4282511210762339,-0.02065479381438662,-0.019120505736173854,0.07013502393044413,1.0,1.0,-0.006354855109303559,0.9681089017334913,True,Financials,-0.027627035027133595,0.008442056792018482,0.0,-4.200000000000003,1.0,0.0,0.8747326441968951
HUN,2026-09-25,8.76,8.92,8.7,8.9,1706019,36.3,T3,,ACC-TR,0.03808375091060661,-0.020902090209020896,-0.07772020725388595,-0.3353248693054518,0.04264392324093838,-0.04468426671744441,-0.11838052662495291,-0.21472902812491446,0.0,0.0,-0.027932960893854775,0.8379887603713652,True,Materials,-0.06708595387840655,0.02298850574712663,0.0,1.7999999999999972,1.0,0.0,0.8749007170764577
RDWR,2026-09-28,29.15,29.68,28.5,29.46,413054,52.8,T5,,MARKUP,0.039780307316190554,-0.0013559322033898091,0.030069930069930084,-0.101555352241537,0.6545643153526973,0.008614558145983553,0.021109997852548634,0.07178611246042177,1.0,0.0,0.040905770635500494,1.095537482311953,True,,-0.0013559322033898091,0.03368421052631576,17.0,-1.9000000000000057,0.0,0.0,0.8749606461477988
IVZ,2026-09-25,30.85,31.11,30.41,30.92,7375271,46.4,T2G,,MARKUP,0.029328181427179755,0.012774320340648515,-0.07175022515761031,-0.08140225787284594,0.6151685393258433,-0.011566026325804057,-0.0003542634382482923,0.11915091851415771,1.0,0.0,0.015228426395939021,1.3039506698618721,True,Financials,-0.042131350681536506,0.04636209813874781,7.0,4.600000000000001,1.0,1.0,0.8751826661927089
LWLG,2026-09-25,5.37,5.51,5.25,5.31,2683540,45.3,,Z5,ACC-TR,0.06909865228753027,0.04117647058823537,-0.09540034071550263,-0.37234042553191504,0.17968749999999983,-0.016233373168159093,-0.14359758733789418,-0.22384491050521038,0.0,0.0,0.09090909090909083,1.0215990372246018,True,Materials,0.015296367112810572,0.14935064935064934,8.0,4.199999999999996,1.0,0.0,0.8752155324403195
SR,2026-09-29,76.25,77.22,75.71,76.77,477547,33.1,T5,,SPRING★,0.02208596530124282,-0.022038216560509638,-0.06195014662756604,-0.09308919078558786,0.11856823266219249,-0.03299575900213003,-0.04935195597075903,-0.07453813648903351,0.0,0.0,-0.03554140127388539,0.8901689478394631,True,Utilities,-0.043006731488406946,0.014000792497688597,0.0,-4.199999999999996,1.0,0.0,0.8759473166344025
ORA,2026-09-25,93.04,93.97,92.55,93.63,508892,39.1,T9,,MKDN,0.035502015435529416,-0.03811382782001238,-0.10769084151339003,-0.19981198188189053,0.11405835543766543,-0.045108064023367644,-0.09437457681810746,-0.1416439309168529,0.0,0.0,0.0069521077024938815,0.6156655451407168,True,Utilities,-0.01327853303825488,0.03321562568969316,7.0,-4.0,1.0,0.0,0.8761648898422417
BSM,2026-09-30,14.33,14.39,14.26,14.32,262584,39.3,,Z10,MARKUP,0.017739540448795065,-0.016483516483516536,-0.03892617449664426,-0.05789473684210522,0.413333333333334,-0.022452220881122642,-0.0195976660758157,0.003796242889027246,1.0,0.0,-0.017229496898690577,0.9099236012516071,True,Energy,-0.030467163168584888,0.004207573632538653,0.0,-4.400000000000006,0.0,0.0,0.8765332858352486
MTRN,2026-09-24,249.56,258.35,247.25,256.14,229277,54.9,T2,,MARKUP,0.04200431426823357,0.022637441609773656,0.0851090870578266,-0.15903867620986278,0.5826656328077884,0.024816687853476127,0.0354507394129584,0.2553568272750659,1.0,0.0,0.0960634808050358,0.9274840517561643,True,Industrials,0.01776135415424962,0.0905607357261462,16.0,3.1999999999999957,0.0,0.0,0.8765383177782338
SCL,2026-09-28,64.04,64.83,63.79,63.92,116908,56.2,,Z9,MARKUP,0.025158774866948192,0.03413687105646335,0.020271348762968877,-0.042397003745318296,0.7670781893004116,0.014587296383175463,0.035820747186398494,0.13479770453559992,1.0,0.0,0.04218776054694007,0.8149651907811433,True,Materials,0.04598265423007697,0.05652892561983469,10.0,8.300000000000004,1.0,0.0,0.8765729610513737
GT,2026-09-25,5.12,5.15,5.04,5.12,5690503,36.9,T9,,MKDN,0.05047784719968872,0.013861386138613874,-0.16747967479674797,-0.3227513227513227,0.07924528301886792,-0.06920581406997406,-0.13698275653766745,-0.2671385307244827,0.0,1.0,-0.025793650793650813,1.0335193985517883,True,Materials,-0.046554934823091254,0.042769857433808456,4.0,9.299999999999997,1.0,0.0,0.8767419942532063
LPTH,2026-09-30,10.14,10.55,10.0,10.31,2377893,48.3,T1G,,ACC-TR,0.07025825586532851,0.050968399592252744,0.08870116156282992,-0.33952594490711074,0.2329956584659915,0.0052007099935149625,-0.07437114361051023,-0.0788572203637532,0.0,0.0,0.09770114942528751,0.6443114487761814,True,Technology,0.09797657082002131,0.07958115183246073,12.0,5.099999999999994,1.0,1.0,0.8770354155675323
EVR,2026-09-30,258.28,259.44,256.26,257.5,369393,31.4,,Z2G,MKDN,0.03226714816160762,-0.00919619839162722,-0.10037382524543204,-0.2783274011378605,0.031121951219512174,-0.048774107861573546,-0.1121498693137446,-0.17608107192174305,0.0,0.0,-0.016627353930629196,1.0776696853244265,True,Financials,-0.016537447962418295,0.01254374582202833,4.0,2.5,1.0,0.0,0.8775066408041757
NOG,2026-09-30,22.96,23.37,22.8,22.88,2227309,38.0,,Z5,MKDN,0.036781196241856474,-0.011235955056179803,-0.1320182094081942,-0.1634369287020111,0.4999999999999998,-0.05641599212589987,-0.04748555469197835,-0.04538779752551725,1.0,1.0,-0.014065934065934038,1.0924331270784626,True,Energy,-0.0963665086887836,0.020062416406598338,1.0,0.29999999999999716,1.0,0.0,0.8777211039691838
PNTG,2026-09-24,39.81,40.45,39.35,39.63,301969,52.1,,Z3,MARKUP,0.034877231023401525,-0.009992505620784353,0.03526645768025083,-0.07276555919513339,0.5024000000000001,0.00583132669648978,0.02143151671353416,0.14361396319972353,1.0,0.0,0.05782406138668117,0.9642987925233266,True,Healthcare,0.008396946564885654,0.02668393782383416,17.0,-2.1000000000000014,0.0,0.0,0.8778677782819053
TNGX,2026-09-30,24.64,25.41,23.82,24.95,3660636,53.4,T2G,,MARKUP,0.06186911239115598,0.020449897750511203,0.11633109619686799,-0.22443270127447934,0.3149905123339658,0.031763824205276014,0.005091867014041185,0.1801169157656921,1.0,0.0,0.07165973185390673,0.9547249057570967,True,Healthcare,0.06852248394004268,0.15349052242256134,7.0,2.1000000000000014,1.0,1.0,0.8778712625710032
LINE,2026-09-25,36.0,36.99,35.37,36.15,1607094,31.4,T5,,SPRING★,0.029513538790624922,-0.01792991035044833,-0.08596713021491775,-0.20983606557377055,0.07514450867052032,-0.04710611609589066,-0.08469333334010365,-0.09069019692244906,0.0,0.0,-0.03702695344405116,1.0910976412864002,True,,-0.042384105960264984,0.022052586938083207,0.0,-0.20000000000000284,1.0,0.0,0.87798737497405
SSNC,2026-09-25,78.63,79.36,78.35,78.61,945837,43.2,,Z10,MARKUP,0.021557942503720253,-0.01651445014387598,-0.058224511800646916,-0.07474105461393588,0.6938283510125364,-0.019741515109932162,0.002112689493787956,0.03453558175441174,1.0,0.0,-0.0057157373301156555,0.8992197775403926,True,Technology,-0.020680204310452144,0.004215636177823168,1.0,-4.799999999999997,1.0,0.0,0.8786929943567352
SWBI,2026-09-24,13.93,14.21,13.93,14.08,455025,59.8,T4,,MARKUP,0.029116347603924498,0.05626406601650413,0.05310396409872853,-0.11889862327909895,0.5115681233933161,0.03844266978761479,0.015636690172355694,0.05646465400503731,1.0,0.0,0.0909842845326716,0.8708630361165679,True,Industrials,0.05944319036869827,0.09147286821705425,14.0,12.5,0.0,1.0,0.8798576141809722
FITB,2026-09-25,51.49,52.29,51.42,52.1,5959024,37.8,T1,,MARKUP,0.021175662891390078,-0.015309015309015184,-0.05013673655423878,-0.12436974789915967,0.1513761467889909,-0.026746825715823763,-0.04297412629279773,0.012074507723819572,1.0,1.0,-0.017984915877006347,1.2239067846081553,True,Financials,-0.047880116959064245,0.02599448601811738,1.0,-0.20000000000000284,1.0,1.0,0.8802874715194666
JKHY,2026-09-29,146.31,147.39,145.02,146.22,866922,34.2,,Z1G,MKDN,0.03036109104222414,-0.019315895372233327,-0.12917634447025195,-0.16440939482256134,0.09099526066350695,-0.05259385839072861,-0.057551255868112494,-0.06483716752793178,0.0,0.0,-0.02553420239215143,0.7604099919783599,True,Technology,-0.05095086648925806,0.008274720728175256,0.0,-3.0,0.0,1.0,0.8804321059931163
J,2026-09-25,134.92,138.56,134.23,138.37,647738,40.4,T3,,MARKUP,0.025770281109215417,-0.03507670850767086,-0.08133050059753022,-0.0973907371167646,0.4821366631980576,-0.030839517040372577,-0.018418287279679757,0.02265318947650874,1.0,0.0,-0.042377113505029596,0.9737206702796737,True,,-0.0245329573493126,0.030842583625121156,0.0,-7.800000000000004,1.0,0.0,0.8804699468381815
NRIX,2026-09-30,23.85,23.94,23.34,23.71,2010651,39.2,,Z5,MARKUP,0.04198522686547809,-0.0071189279731992405,-0.0894777265745007,-0.16011335458731846,0.35428571428571437,-0.041071953025239694,-0.033049101940404335,0.17701125895389724,1.0,0.0,-0.060377358490566135,1.254199117908848,True,Healthcare,-0.057256461232604305,0.058009817045961753,2.0,2.200000000000003,1.0,0.0,0.8807697238941251
MATV,2026-09-25,12.17,12.26,11.87,11.92,370850,49.7,,Z2,MARKUP,0.036282302735326594,-0.005838198498749003,-0.021346469622331665,-0.12029520295202956,0.7484567901234567,-0.013673756896245837,0.05445954437328404,0.17199456127291834,1.0,0.0,0.013663535439794927,0.9457399985762431,True,Materials,-0.0016750418760468344,0.017933390264730953,8.0,-4.099999999999994,1.0,0.0,0.8814491157702594
HCA,2026-09-28,431.16,443.14,431.16,432.6,1106211,56.8,T10,,MKDN,0.030921327832766257,0.01556447637157543,0.03537408453401003,-0.03082713504794332,0.8510338854606475,0.017650387651943156,0.037662593527735266,0.013170693599427574,0.0,0.0,0.06060606060606055,0.7719190676418638,True,Healthcare,0.016710145949376143,0.05579147752233116,13.0,-0.20000000000000284,1.0,0.0,0.8814889639007345
BEP,2026-09-30,28.15,28.39,27.79,28.14,1074471,31.6,,Z5,MKDN,0.028531707652588688,-0.03232462173314987,-0.10009593859929644,-0.20866141732283472,0.08508014796547485,-0.048721832698514156,-0.09532344327877085,-0.10521141484355112,0.0,0.0,-0.04588112617309703,0.819553036516703,True,,-0.03265727053970435,0.025136612021857907,1.0,-2.299999999999997,1.0,0.0,0.8818054630108415
PPC,2026-09-28,27.65,28.59,27.5,28.11,1638627,39.8,T2,,MKDN,0.03647314114526454,-0.04647218453188606,-0.11296939097507108,-0.1442922374429224,0.31798561151079136,-0.03733421869445719,-0.04471701417769747,-0.1503852050404385,0.0,0.0,-0.07147766323024063,1.0920046749939907,True,Consumer Staples,-0.07074380165289262,0.040340488527017104,2.0,-5.700000000000003,0.0,0.0,0.8820335102427589
OCUL,2026-09-24,9.94,9.98,9.6,9.82,1864662,44.0,,Z2G,MARKUP,0.055751625325755165,-0.0315581854043393,-0.08820798514391825,-0.16354344122657583,0.46518105849582175,-0.04692693513345325,-0.0266270878196484,-0.002770135374577598,1.0,1.0,-0.021406727828746308,1.1416148619503812,True,Healthcare,-0.07532956685499048,0.022916666666666696,0.0,-2.8999999999999986,1.0,1.0,0.8821780179367515
KODK,2026-09-30,9.57,9.7,9.52,9.56,653560,53.7,,Z9,MARKUP,0.03151736411352667,-0.010351966873705987,0.06935123042505609,-0.07274490785645005,0.7359154929577465,0.008947763988947477,0.019574602358676696,0.06594121127574004,1.0,0.0,0.07462686567164156,0.7946722521639038,True,,0.014861995753715496,0.021367521367521514,14.0,-2.8999999999999986,0.0,1.0,0.8826215781903797
RGA,2026-09-25,246.49,250.49,245.59,248.65,296222,55.8,T1,,MARKUP,0.01838389559420429,0.012088896125040716,0.010690187789610617,-0.03553004150343275,0.7847744360902257,0.007830677120044705,0.028226341841877334,0.12064760334287117,1.0,0.0,0.009608614620004285,1.0352633386689767,True,Financials,-0.00028144097780635757,0.028159113463446905,5.0,6.0,0.0,1.0,0.8839301371170181
SCHW,2026-09-29,98.07,99.13,97.4,99.1,8084898,33.1,T4,,MARKUP,0.02339384484978266,-0.012456402590931726,-0.0976142779093061,-0.13472452632498044,0.09924109748978337,-0.04419071795258711,-0.04969138061994638,0.0010867784205554898,1.0,0.0,-0.019133937562940462,0.9868674657398148,True,Financials,-0.08061972353650626,0.017453798767967044,0.0,-0.19999999999999574,1.0,1.0,0.8841099479576537
NX,2026-09-25,19.37,20.05,19.25,19.74,312278,46.5,T9,,MARKUP,0.05015869964733588,-0.017421602787456525,0.0030487804878047697,-0.1538791255893699,0.5420918367346937,-0.027007103999019733,-0.007774150814146563,0.059375527049224,1.0,0.0,0.09199999999999986,0.6960126293893725,True,Materials,-0.08484005563282349,0.03296703296703285,16.0,-1.5,0.0,0.0,0.8843125883657047
ELV,2026-09-30,391.91,396.14,383.04,388.82,1298653,38.5,,Z1,MARKUP,0.024973710293940164,-0.02443797671617831,-0.03528185788011118,-0.10870163212910333,0.35271635271635243,-0.03155177743600335,-0.026270647385273627,0.036729110230760975,1.0,0.0,-0.01985670419651997,0.9445199502048015,True,Financials,-0.05754314523948034,0.015089807852965764,0.0,-6.700000000000003,1.0,0.0,0.8845965705190463
CPNG,2026-09-30,13.93,13.95,13.64,13.87,20142935,32.9,,Z5,MKDN,0.0329840845955325,-0.028711484593837544,-0.12215189873417731,-0.28688946015424166,0.07768595041322296,-0.04827247345170782,-0.101380226519165,-0.26031404946999226,0.0,0.0,-0.05300353356890464,0.9867316864766719,True,Consumer Discretionary,-0.03680555555555565,0.03507462686567164,2.0,-2.3999999999999986,1.0,1.0,0.8850080745949909
VICI,2026-09-25,23.26,23.52,23.2,23.51,9229209,29.4,T4,,MKDN,0.0173055010367368,-0.008853288364249479,-0.08769887466045778,-0.14972875226039772,0.07382550335570513,-0.04307558126198885,-0.07781047838028454,-0.14540791013402654,0.0,0.0,-0.02276559865092742,0.9630546538150493,True,,-0.053161498187676015,0.014236410698878377,1.0,5.899999999999999,0.0,1.0,0.8853534337804895
BXC,2026-09-28,75.22,77.16,74.48,74.9,171166,46.1,,Z9,MARKUP,0.057555232757159076,-0.008078400211892434,-0.056912616469403154,-0.20149253731343275,0.5803730017761991,-0.03308072237824933,0.0056443929923968295,0.1268895769829017,1.0,1.0,-0.00867052023121384,1.252910090650938,True,,-0.04985411645312687,0.03984450923226435,2.0,0.20000000000000284,1.0,0.0,0.885620349205256
AB,2026-09-25,35.41,35.83,35.22,35.76,349125,42.3,T9,,MKDN,0.016396066732447003,-0.015147342329936753,-0.022683793386171214,-0.06996098829648911,0.174846625766871,-0.011835033264788741,-0.02106154006547012,-0.05232664996097458,0.0,1.0,-0.0028336639274582076,1.155598522183825,True,Financials,-0.009143807148794814,0.01619778346121059,1.0,-5.300000000000004,1.0,0.0,0.8858967207679205
CSIQ,2026-09-30,11.54,11.69,11.04,11.52,1954909,42.0,,Z9,MKDN,0.06521029574962718,0.015873015873015817,-0.09004739336492895,-0.310592459605027,0.1852433281004709,-0.04283241814472072,-0.13348788335352146,-0.25100194938548637,0.0,1.0,-0.06846846846846844,1.224459557950373,True,,0.015873015873015817,0.11411992263056092,2.0,7.100000000000001,1.0,1.0,0.886015805336407
PEP,2026-09-28,127.48,128.75,126.72,128.5,7511047,28.6,T11,,SPRING★,0.017624695546474233,-0.008411142835095364,-0.08910469979442825,-0.13781535158346747,0.0797491039426524,-0.037465702216257224,-0.06273639777255857,-0.10422746199111255,0.0,1.0,-0.00984528832630105,0.8700091061020091,True,Consumer Staples,-0.05750330057209918,0.014046717171717127,0.0,3.5,1.0,0.0,0.88693693828113
BXSL,2026-09-25,24.55,24.73,24.43,24.66,1073156,50.9,T4,,MKDN,0.01562508269410554,-0.007246376811594235,-0.003233629749393674,-0.03369905956112851,0.6939501779359432,-0.0007074431125808633,0.009715294398811247,-0.012029157916068511,0.0,0.0,0.006611570247933907,0.8871847302071634,True,,0.010241704219582148,0.012315270935960632,11.0,-3.8000000000000043,0.0,1.0,0.8869620189133742
AMN,2026-09-28,34.34,34.92,34.0,34.26,341483,51.0,,Z2G,MARKUP,0.03557821780900401,0.0005841121495326895,-0.010398613518197597,-0.07952713594841487,0.5801418439716309,0.0014308420543545086,0.019903942409661646,0.23178358953938516,1.0,0.0,0.043084608179831285,0.8631515315633201,True,,0.0020473822755191495,0.02544148458545359,16.0,-0.5,0.0,0.0,0.8873113704286046
KRNY,2026-09-25,9.33,9.43,9.29,9.36,500305,37.4,T9,,MARKUP,0.023098685816282306,-0.02092050209205032,-0.06493506493506496,-0.08504398826979487,0.4238410596026483,-0.02766683003726278,-0.020003225812354475,0.09527118766363696,1.0,0.0,-0.022222222222222143,0.9114213766088416,True,Financials,-0.042944785276073594,0.01298701298701288,1.0,-4.899999999999999,0.0,0.0,0.887858237511232
RAMP,2026-09-29,37.57,37.69,37.55,37.65,1132457,49.9,T2,,MARKUP,0.004333885453115732,0.0026631158455392434,-0.001855779427359483,-0.01517133141511895,0.31764705882352684,0.00016958004077927136,0.0051179061098936,0.10700321104204757,1.0,1.0,-0.0029294274300931678,1.010826310441695,True,Technology,0.001063546929008119,0.00560897435897445,4.0,6.799999999999997,1.0,1.0,0.888289020671966
AQN,2026-09-30,5.08,5.11,5.02,5.03,6050709,26.8,,Z3,MKDN,0.020815668781807784,-0.005928853754940566,-0.11130742049469966,-0.1873990306946688,0.09375000000000007,-0.045400907847251926,-0.0870086278473915,-0.13924284510659157,0.0,0.0,-0.027722772277227636,0.9366991511709167,True,,-0.05451127819548873,0.024439918533604832,1.0,2.6000000000000014,1.0,1.0,0.8886824948686056
ANDE,2026-09-30,65.97,67.69,65.25,65.7,398566,38.7,,Z9,MARKUP,0.03140385370905019,-0.025077904733640022,-0.023193577163247103,-0.193766106270708,0.1285871964679915,-0.03526337785443989,-0.04797065639749509,0.0014901655215562304,1.0,0.0,0.02966703487454625,0.978733607072631,True,,-0.08021839563208744,0.006896551724137945,0.0,-5.0,0.0,0.0,0.8890064581495691
ULTA,2026-09-30,548.43,552.11,540.57,546.17,325580,52.5,,Z2,MARKUP,0.028805594332467495,0.004339751015979942,0.0009346479492724491,-0.03917739779044416,0.8195884640311075,0.003434701769545301,0.026366189665559592,0.027374848837318666,1.0,0.0,0.0616240930325016,0.6982890692295736,True,Consumer Discretionary,0.02949935911935464,0.022694504259900716,10.0,0.3999999999999986,0.0,0.0,0.8891651959379386
IFF,2026-09-28,84.52,86.37,84.0,85.72,1863452,55.6,T3,,MARKUP,0.020678368514623336,0.025358851674641247,-0.025355315520181998,-0.04019706639793985,0.7912790697674417,0.00932608817500924,0.028868570190995868,0.10755242288460387,1.0,0.0,0.016949152542373058,0.9915909142896758,True,Materials,0.027448160134244226,0.03664288305720165,12.0,8.0,0.0,1.0,0.8892678704046716
VIRT,2026-09-30,54.08,55.63,53.6,55.16,2391934,41.5,T2G,,MARKUP,0.03953269292160481,0.04055838521033772,-0.15554194733619098,-0.19778941244909842,0.20930232558139497,-0.03271622092470139,-0.05782531725193163,0.05795372474959892,1.0,1.0,-0.024224072672218044,1.3698024540473295,True,Financials,-0.036506550218340705,0.06982156710628384,1.0,13.100000000000001,1.0,1.0,0.889644218397987
IMTX,2026-09-25,8.39,8.5,8.25,8.37,378844,37.6,,Z10,MKDN,0.046124120382411316,-0.029002320185614883,-0.10576923076923084,-0.23140495867768607,0.10954063604240237,-0.05227631994825244,-0.08468501999937805,-0.11009911043469423,0.0,1.0,-0.033573141486810454,1.2011822922422373,True,,-0.04778156996587035,0.038461538461538325,1.0,-2.1000000000000014,1.0,0.0,0.8900907415091746
PFG,2026-09-29,114.05,114.64,112.58,113.97,1046514,48.4,,Z2G,MARKUP,0.022400265531618214,0.0033453649088828197,0.034586056644880125,-0.059498267040765884,0.5161073825503352,-0.006383000230763103,0.006551344365446354,0.10781756289857003,1.0,0.0,0.026875287620800714,0.79881003547705,True,Financials,-0.03717158063698578,0.02151115891368649,19.0,0.8999999999999986,0.0,1.0,0.8907834758820323
APPF,2026-09-30,197.8,203.4,195.59,200.52,263143,42.8,T2G,,MARKUP,0.03969126854785013,-0.04518832436550635,-0.10990767045454541,-0.15242201369515596,0.554979637171418,-0.03820101128713482,-0.01367928451703937,0.0289907324059111,1.0,0.0,-0.044872114473749836,0.8684493662030949,True,Technology,-0.0933670931862367,0.046719214908388595,1.0,-5.400000000000006,0.0,1.0,0.8910503573008133
MELI,2026-09-30,1731.0,1739.88,1690.07,1728.53,688224,35.4,,Z5,MKDN,0.032813862475567626,-0.039299926635690596,-0.11966447499096,-0.1633446272991288,0.1129714811407544,-0.04705399138075361,-0.058054569021843916,-0.08573949535510916,0.0,0.0,-0.055830653925006524,0.9946574726314681,True,Industrials,-0.06043343787879618,0.02549909525080829,2.0,-5.200000000000003,0.0,0.0,0.8915300621314101
NHC,2026-09-29,225.9,227.58,220.55,224.16,105144,50.5,,Z2G,MARKUP,0.028793126718576745,0.005833258547967235,0.03523761141643189,-0.0632287182916127,0.5860465116279069,-0.00010285078912197765,0.015072109716155468,0.1892620702009402,1.0,0.0,0.026009806210600006,1.0206739593342957,True,Healthcare,-0.010811526411014571,0.020207536865101128,17.0,1.2999999999999972,0.0,1.0,0.8919120167686918
KRUS,2026-09-29,38.93,39.88,38.72,39.17,206346,42.5,T1G,,MKDN,0.05108776750760301,0.04872824631860784,-0.1421375383267629,-0.32302108537849983,0.2176642946839683,-0.019096768425492794,-0.10675379942192231,-0.2644034378053237,0.0,0.0,0.0682955549013835,0.9532994946447474,True,Consumer Discretionary,0.10400225479143188,0.1530762437444806,7.0,7.899999999999999,1.0,1.0,0.8921398142647076
LMB,2026-09-24,50.61,51.65,50.03,51.33,227071,51.7,T3,,MKDN,0.05037686937430144,0.025574425574425685,0.2100424328147099,-0.3614083105250062,0.2671543895055499,0.02203863558974617,-0.065089560291682,-0.31075984757652697,0.0,0.0,0.21698576337751585,0.6683368101896578,True,,0.06251293728006613,0.05944272445820431,17.0,2.5,0.0,0.0,0.8921810350073409
NMM,2026-09-30,91.96,92.96,89.26,89.91,178485,52.1,,Z3,MARKUP,0.02684309581100095,0.022401637480100156,0.011247328759419695,-0.05357894736842106,0.7878282617757397,-0.0014727039213177084,0.043660758190888105,0.2391606380661213,1.0,0.0,0.03601173020527848,0.8448838666519894,True,,-0.02831514103533994,0.030487106017191845,6.0,4.300000000000004,0.0,0.0,0.89235732838681
BBWI,2026-09-24,17.0,17.17,16.64,16.8,7442881,39.9,,Z12,MKDN,0.05089586780284204,-0.022687609075043635,-0.11111111111111105,-0.2823579666809055,0.03079178885630511,-0.055585502545525634,-0.09980781175122666,-0.17688680541788016,0.0,0.0,0.003013863773357439,1.143595843884648,True,Consumer Discretionary,-0.0372492836676217,0.012658227848101333,7.0,-1.3000000000000043,1.0,0.0,0.8924670133447598
MSGS,2026-09-30,415.04,418.01,404.7,405.21,297768,55.5,,Z2,MARKUP,0.025346208123911668,0.026367781155015146,0.06162068694490297,-0.0768231836511517,0.46116970278044045,0.012234842492640396,0.02555324979894147,0.1697405033953847,1.0,0.0,0.0465258403082236,0.9290252504899755,True,Communication Services,0.0289218424661013,0.03950642620763967,19.0,5.600000000000001,0.0,1.0,0.892881401299294
EMR,2026-09-30,158.25,158.28,154.96,155.1,4645860,53.3,,Z2,MARKUP,0.023641399306814692,0.003299049097613027,0.05059947165210321,-0.06762849413886385,0.6570121951219511,0.00858009583443109,0.020734327749635684,0.07408029994979559,1.0,0.0,0.05623268698060935,1.116543420693137,True,Industrials,0.06356716724953704,0.05632363958319142,10.0,-2.0,1.0,1.0,0.8928920709278515
WASH,2026-09-25,38.96,39.29,38.7,38.86,106296,46.3,,Z5,MARKUP,0.020049940949395818,-0.011447468837445962,-0.024598393574297273,-0.04144055254070056,0.712820512820513,-0.009469431507794779,0.0043589148652558585,0.10810466765838611,1.0,1.0,-0.011437483753574118,0.7468936170212767,True,Financials,-0.028257064266066556,0.02182487509860631,1.0,-2.700000000000003,1.0,0.0,0.8929135737600591
ABG,2026-09-25,181.11,187.03,181.11,185.15,237808,34.0,T1G,,MKDN,0.036805446519794165,0.011417021741505495,-0.12113732377652242,-0.2801601803973406,0.09301447451227207,-0.05946519497225056,-0.0947201980239396,-0.12625288239934873,0.0,0.0,0.00517551755175516,1.0499949437972436,True,Consumer Discretionary,-0.11199040767386093,0.041572907290729155,5.0,9.600000000000001,0.0,1.0,0.8931007234581352
KN,2026-09-24,36.07,37.12,36.02,36.76,638858,56.0,T3,,MARKUP,0.03284239295147586,0.03753880891899519,0.06427330631152284,-0.109280348921735,0.5049396267837539,0.026647415784920137,0.02125565779868599,0.14696115943434473,1.0,0.0,0.08675373134328379,1.156698602147162,True,Industrials,0.03812482349618751,0.07172011661807587,16.0,6.700000000000003,0.0,1.0,0.8942519004751884
LYNX,2026-09-24,12.94,13.34,12.72,12.96,329991,55.0,T5,,ACC-TR,0.0635677443992064,-0.03571428571428559,-0.05054945054945048,,,-0.03716815785952865,,,0.0,0.0,0.041769041769041726,0.6890572582734471,True,,0.04600484261501214,0.04516129032258065,10.0,-6.899999999999999,0.0,0.0,0.8951264654768496
SBH,2026-09-30,16.43,16.79,16.3,16.42,1258870,51.1,,Z2G,MARKUP,0.034138990695681375,-0.019701492537313348,0.0030543677458767515,-0.05031810294968175,0.7363636363636371,-0.0007405898560487456,0.025522977701948335,0.11303820846460244,1.0,0.0,0.05433376455368699,0.9056530980709063,True,Consumer Discretionary,0.025608994378513383,0.062095730918499514,8.0,-7.5,1.0,0.0,0.8953538369738565
PLPC,2026-09-25,441.39,441.39,421.14,423.33,71066,54.4,,Z3,MARKUP,0.04716920067518879,0.026553179106649116,0.005606100197163677,-0.16120787017773286,0.6409690657958607,0.01995021695364496,0.04926221234054551,0.266350645728326,1.0,0.0,0.07164241272485872,0.9811796137245995,True,,-0.0004958209378099765,0.0836554460514527,16.0,2.6000000000000014,0.0,1.0,0.8953754969672199
RKT,2026-09-25,11.98,12.29,11.89,12.17,31281747,38.7,T1,,MKDN,0.05003625713003468,-0.009764035801464566,-0.1453651685393259,-0.24362958359229336,0.15151515151515138,-0.059330390941065514,-0.09717590062489412,-0.17950259075217356,0.0,0.0,-0.06443719412724302,1.242193807477522,True,Financials,-0.0766312594840668,0.06102877070619006,1.0,2.700000000000003,1.0,1.0,0.8953916737520023
AKAM,2026-09-24,116.74,118.0,110.31,110.41,6875438,49.2,,Z1G,MARKUP,0.05171141394431789,0.03109824430332453,0.021747177493984804,-0.15762569619287403,0.3181518151815182,-0.001589550043136878,-0.025732500352185217,0.004677855648509199,1.0,0.0,0.018259402599980268,1.4116033544754103,True,Industrials,0.03061700737421824,0.07717073170731714,12.0,3.700000000000003,1.0,1.0,0.8960683188713989
TNET,2026-09-25,65.37,66.58,65.03,65.11,242438,42.7,,Z1G,MARKUP,0.03411377693609438,-0.03239708723435886,-0.06356968215158931,-0.10905856595511765,0.5990945674044266,-0.029205473365250256,0.002144241166868399,0.13862287590803324,1.0,1.0,-0.012794820410050867,0.8275571715163587,True,Industrials,-0.013634297833661657,0.01670830730793238,1.0,-6.599999999999994,1.0,0.0,0.8960731885934996
NOW,2026-09-25,137.25,139.83,135.6,135.62,8227213,51.6,,Z2G,MARKUP,0.04319021810521077,0.0011072562190892477,-0.020299068121072072,-0.09344919786096251,0.7592560702600312,-0.003213742870415537,0.05853512668684324,0.072339811837417,1.0,0.0,0.10953396783721692,0.7227655038703312,True,Technology,0.02331547574134163,0.004071962686014841,10.0,-1.2999999999999972,0.0,0.0,0.8961377302256083
SPFI,2026-09-25,42.98,43.25,42.65,43.0,111753,37.5,T9,,MARKUP,0.020404987246259422,-0.020054694621695623,-0.01421366345712971,-0.08393694077545799,0.3206896551724139,-0.021657052818075173,-0.021589026972225644,0.020035388838538948,1.0,1.0,-0.0007029053420806175,0.9316072811589795,True,Financials,-0.03932082216264521,0.008206330597889888,0.0,-7.0,1.0,0.0,0.8969508160084556
MCS,2026-09-25,27.79,28.17,27.45,28.09,215510,52.2,T10,,MARKUP,0.027980343132580285,0.014812138728323765,-0.04293015332197625,-0.13355953115360897,0.5994449583718778,0.005333848540858721,0.03282198899511468,0.2677876111154194,1.0,0.0,0.03242835595776761,1.06763876704672,True,,0.03500368459837877,0.03729689807976366,13.0,4.300000000000004,1.0,0.0,0.8970765449945018
HAL,2026-09-25,32.4,32.81,32.22,32.76,9833108,36.1,T5,,MARKUP,0.029371633838319793,-0.026159334126040545,-0.07692307692307698,-0.13925380977404112,0.25141242937853064,-0.046144383701719915,-0.05771701527450768,-0.03260633875097774,1.0,0.0,-0.02452316076294281,0.8235335537836643,True,Materials,-0.08593750000000011,0.016759776536312776,0.0,-3.799999999999997,1.0,0.0,0.8975221121227264
BANR,2026-09-28,68.95,69.0,67.98,68.17,238245,38.4,,Z1G,MARKUP,0.018584280980835977,-0.022231784279976963,-0.033049645390070936,-0.08912346338856225,0.25140291806958426,-0.025315202402808712,-0.02492303716142219,0.020264599081266876,1.0,0.0,-0.007317430118542356,0.7414645962064258,True,Financials,-0.0524047817625799,0.005012531328320913,2.0,-5.0,1.0,1.0,0.8980397850959171
QGEN,2026-09-25,44.73,44.8,43.99,44.18,1407971,55.1,,Z3,MARKUP,0.02694191123259399,0.019616893607200536,0.010059442158207643,-0.029650779705688635,0.8278061224489794,0.016612439865850703,0.03861361881067071,0.044747060822948104,1.0,0.0,0.02752293577981657,1.1041865278675542,True,,0.03952941176470581,0.0584571154767608,9.0,2.3999999999999986,0.0,1.0,0.8982729532874529
WABC,2026-09-30,58.41,58.71,57.84,58.32,247038,43.3,,Z2,MARKUP,0.020258270335253042,-0.01536383589397261,0.002578648788035043,-0.08316302468165382,0.36948748510131124,-0.016113555405132818,-0.012017867856527809,0.04822008773702402,1.0,0.0,0.005738132498696036,1.0792422861008242,True,Financials,-0.022624434389140302,0.008298755186721962,0.0,-6.5,0.0,0.0,0.8984102385417154
ESQ,2026-09-25,124.14,126.16,122.16,122.28,125347,54.4,,Z3,MARKUP,0.0271462666459614,-0.007467532467532512,0.07150368033648791,-0.09186780542146311,0.4924086992203528,0.012700402686872447,0.01788918507944537,0.08121734179384821,1.0,0.0,0.09076895175915856,0.7417597311822485,True,Financials,0.020190221925579843,0.029552917403384837,17.0,-3.200000000000003,0.0,1.0,0.8989245358854441
SOFI,2026-09-24,16.5,16.87,16.2,16.8,50072752,43.6,T3,,MKDN,0.043039422067847256,0.004184100418409997,-0.10828025477707004,-0.14893617021276584,0.39506172839506193,-0.030131646675640944,-0.04284572658680108,-0.10306544335085865,0.0,1.0,-0.019963702359346747,1.407637342635198,True,Financials,-0.02382335851249273,0.0370370370370372,0.0,2.200000000000003,1.0,0.0,0.8993021088101916
EGO,2026-09-25,42.2,42.29,41.13,41.92,1427473,49.7,,Z6,MARKUP,0.0471399989769606,-0.030078667283664928,-0.12721215906724959,-0.1333471159809798,0.6968984962406016,-0.013321426310434537,0.04428405457475759,0.185499158154941,1.0,0.0,0.03602015113350121,0.807798344907045,True,,-0.04182857142857144,0.05591939546599489,8.0,-5.099999999999994,0.0,0.0,0.8994124260966073
EXEL,2026-09-30,58.9,61.14,58.4,58.41,3064919,56.6,,Z3,UTAD,0.028790779336918648,0.029613960867266087,0.026718228159606117,-0.04465161923454375,0.7555953446732315,0.01671356607486274,0.04250803105128553,0.1589640494145952,1.0,0.0,0.05895564289724864,0.9523724711996638,True,Healthcare,0.028707291299753246,0.03821542836829006,13.0,5.800000000000004,0.0,1.0,0.899857879680672
TTC,2026-09-25,96.87,97.94,96.47,97.15,710821,57.1,T2G,,MARKUP,0.02334839620633798,0.039148572039790386,-0.02312719959778775,-0.03621031746031733,0.6543560606060614,0.020314124591710447,0.01870678641210355,0.059356903660203075,1.0,0.0,0.019883554872020204,0.7674394962253126,True,Industrials,0.04777825711820549,0.06629349138404139,14.0,13.0,0.0,1.0,0.8999043335873492
EFXT,2026-09-29,23.32,23.33,22.5,22.68,530823,53.0,,Z2G,MARKUP,0.03769620708246784,0.012952210808396591,0.11176470588235299,-0.07579462102689483,0.6463878326996197,0.007174185199888328,0.013994187019692017,0.09275483397077511,1.0,0.0,0.15767634854771773,1.0907645417822291,True,,0.012499999999999956,0.03514376996805102,19.0,-1.2000000000000028,0.0,1.0,0.9004012385204051
AYA,2026-09-30,27.46,27.62,26.67,26.9,897238,47.6,,Z3,MARKUP,0.05838113705381816,-0.04576090812344813,0.020098596890405718,-0.1229214215846105,0.7070707070707068,-0.029720807936340132,0.030159817126267585,,0.0,0.0,0.033372595210051204,0.8131466481398885,True,,0.005607476635513864,0.02203647416413368,12.0,-5.100000000000001,0.0,1.0,0.9005309527993215
SPTX,2026-09-25,22.2,22.44,21.45,21.52,192796,44.3,,Z5,MARKUP,0.08739213213799218,0.006077606358111165,-0.18019047619047623,-0.24171952078928827,0.3460438512869399,-0.04568482244693162,-0.03911584769160681,,0.0,1.0,-0.05545023696682472,0.6504688352321117,True,Healthcare,-0.07797772065124253,0.07977922729553444,1.0,2.3999999999999986,1.0,0.0,0.900912568351721
HPQ,2026-09-30,30.69,31.7,30.64,31.28,14897057,48.7,T3,,MARKUP,0.04613461271821685,-0.02736318407960181,-0.0012771392081736277,-0.1366271046094396,0.6303211351755044,-0.01719418999261868,0.03595716951995276,0.2111826955676097,1.0,0.0,0.1447811447811449,0.7875294340658919,True,Technology,-0.04342507645259941,0.022222222222222143,1.0,-3.1999999999999957,0.0,0.0,0.9014264379790246
BKU,2026-09-25,43.71,44.26,43.56,43.64,939008,34.0,,Z11,MARKUP,0.021091029992916413,-0.02524011614920707,-0.06291604036933651,-0.1224612909712447,0.08144796380090491,-0.024895500036110296,-0.04705130230319854,-0.03749452788158336,1.0,0.0,-0.01620634558320022,0.7744317838029836,True,Financials,-0.025457793657883032,0.012529002320185612,1.0,-5.899999999999999,1.0,0.0,0.9017227958770653
CRM,2026-09-25,237.03,239.37,233.38,234.02,8736522,50.1,,Z2G,MARKUP,0.03813700399426815,-0.016392064559515696,-0.07153342590755807,-0.1276698848175345,0.6972241867043849,-0.01664554379703098,0.06189967384907602,0.1277225245586504,1.0,0.0,0.15511435033928134,0.7694169843082544,True,Technology,-0.05530437590828352,0.018319481310647978,3.0,-3.1000000000000014,0.0,0.0,0.9018414115930393
UFPT,2026-09-30,297.92,301.25,294.92,296.82,140976,57.8,,Z2,MARKUP,0.028142263478839732,0.03284849328415329,0.009385839624566295,-0.12367512030940919,0.6199764129547312,0.02318689272529384,0.0456825170102253,0.17990141458620368,1.0,0.0,0.0483516483516484,1.0435537853111339,True,,0.06230986722021381,0.08725274725274712,11.0,6.199999999999996,1.0,0.0,0.9023766502579295
AAOI,2026-09-30,101.9,104.25,96.41,99.26,5816049,43.9,,Z3,DIST-TR,0.08176176529798874,-0.017811201266574317,-0.039945836154366865,-0.3834399652152307,0.27359378677335844,-0.04254584003510942,-0.11489171559600542,-0.05775113560296141,1.0,1.0,-0.004042553191489273,0.9374562356890273,True,Technology,0.02604920405209854,0.06024353770561852,2.0,-0.3999999999999986,1.0,1.0,0.9027416650333917
USAR,2026-09-25,15.41,15.54,15.03,15.18,10058440,40.2,,Z2,MKDN,0.06823259492760131,-0.012361743656473578,-0.2114285714285714,-0.26808100289296044,0.28809218950064025,-0.07434762298336217,-0.12738755715147176,-0.18060032102528856,0.0,0.0,0.010080645161290258,1.046411773022257,True,Materials,-0.024421593830334265,0.020161290322580516,7.0,1.5,1.0,0.0,0.902818680352575
RRR,2026-09-30,48.95,50.45,48.73,49.54,997537,31.9,T9,,MKDN,0.03933344418919955,-0.026719056974459754,-0.11693404634581106,-0.2648760943760202,0.08975012748597644,-0.06133738202158279,-0.12153400824979976,-0.1507399148555073,0.0,0.0,0.012557555462536563,0.9338703713392359,True,Consumer Discretionary,-0.07019519519519524,0.03683549602344072,5.0,0.5999999999999979,1.0,0.0,0.9034376254581538
HCSG,2026-09-29,20.97,20.99,20.69,20.9,513009,35.3,,Z11,MARKUP,0.02531175709433036,-0.031061659712563805,-0.04956798544793084,-0.18327471668620565,0.06199999999999974,-0.029299902952469203,-0.0497170461100892,0.0011481054416200287,1.0,0.0,-0.015230842455973392,0.8953027079171213,True,Healthcare,-0.046097672295755454,0.010149830836152507,0.0,-6.400000000000006,1.0,0.0,0.9035528733528442
LYB,2026-09-28,58.74,59.68,58.16,58.27,3192385,36.1,,Z10,MARKUP,0.03497736389059871,-0.03270252324037182,-0.08481231349144025,-0.15709532764357004,0.35891381345926837,-0.057352468963333125,-0.06682585055238777,-0.05107095412368168,1.0,0.0,-0.042691029900332245,0.8617802479883098,True,Materials,-0.07139442231075688,0.011105327086586847,1.0,-3.299999999999997,0.0,0.0,0.9036470656125153
VET,2026-09-30,11.37,11.61,11.32,11.39,1270687,37.6,T2G,,MARKUP,0.03742701117114742,-0.02482876712328763,-0.1358118361153262,-0.1716363636363636,0.4847161572052403,-0.05810876159854417,-0.046400108463432566,0.03809168471785496,1.0,0.0,-0.024390243902439157,0.9099912199788139,True,,-0.09746434231378753,0.016964285714285765,1.0,-1.6999999999999957,0.0,1.0,0.9038356760973657
ALB,2026-09-25,108.79,112.07,108.3,109.73,1989878,37.1,T9,,MKDN,0.04726524916777628,-0.010639257055270024,-0.19179494733740887,-0.23830348465916973,0.05060840707964598,-0.07486023763337657,-0.133411624148415,-0.20289752669470384,0.0,0.0,0.0028730305838737813,0.9661882748222032,True,Materials,-0.06628658951667799,0.01696014828544956,7.0,2.8999999999999986,1.0,0.0,0.9042868142059692
VELO,2026-09-30,11.02,11.53,10.88,10.89,881244,45.3,,Z10,ACC-TR,0.07357269129313693,-0.007292616226071136,-0.03199999999999992,-0.3816013628620102,0.27035830618892515,-0.02502558749480921,-0.10704127212534642,-0.13420610339589922,0.0,0.0,0.09657320872274133,0.9689907060580442,True,Industrials,0.09009009009009006,0.07079646017699126,10.0,-0.20000000000000284,1.0,0.0,0.9048406806007057
CHRD,2026-09-30,134.71,136.24,133.82,134.07,853466,38.2,,Z3,MARKUP,0.03277252881274681,-0.026503049665989042,-0.10863639385679147,-0.14637718069527572,0.43624325649828327,-0.04981384010356649,-0.04381554785370534,0.05116162332385943,1.0,0.0,-0.02275740167918694,0.9673686280346867,True,Energy,-0.08814527647418902,0.010400180872710774,1.0,-3.0999999999999943,1.0,0.0,0.904899304736418
HOG,2026-09-25,25.63,25.71,25.17,25.45,2295642,38.1,,Z2,MARKUP,0.036171889937957044,-0.018511376783648337,-0.0858477011494253,-0.11815661815661815,0.27292110874200387,-0.04348927549533432,-0.04023702046336919,0.02784210522761721,1.0,0.0,-0.017584994138335253,1.099837438121735,True,Industrials,-0.08683171869393624,0.012330946698488443,1.0,-2.799999999999997,0.0,0.0,0.9052058407449716
VSAT,2026-09-24,71.6,76.6,71.55,73.72,1142431,49.5,T3,,MARKUP,0.056254152721891736,0.009586414680909483,0.03090476856383706,-0.2075674513597764,0.29960101559666313,-0.0012983261037741167,-0.0009735450287967629,0.20688176150292237,1.0,0.0,0.09286696196731326,1.257772482962522,True,Communication Services,-0.006201132380695751,0.08635425876805192,15.0,0.3999999999999986,0.0,0.0,0.9052665136268276
CALY,2026-09-25,14.46,14.55,14.24,14.44,1498972,30.8,,Z10,MKDN,0.030161524690798403,-0.01701837985023824,-0.06476683937823835,-0.2879684418145957,0.03947368421052634,-0.04637217114437264,-0.09508654729649468,,0.0,0.0,-0.02673063742289239,0.9978903706036786,True,,-0.06597671410090566,0.016901408450704203,1.0,2.1000000000000014,0.0,0.0,0.9054514201846838
UGI,2026-09-29,36.05,36.64,35.88,36.15,2139138,36.5,T5,,MARKUP,0.019617322132138505,-0.018995929443690662,-0.05981794538361518,-0.09625000000000006,0.4040247678018574,-0.026668695487443106,-0.02152633961091932,-0.005326542985573446,1.0,0.0,-0.02446982055464919,0.8117945209437529,True,Utilities,-0.043903729172176775,0.007525083612039962,0.0,-5.700000000000003,0.0,0.0,0.9056925213639931
NI,2026-09-29,38.96,39.56,38.87,39.32,6415155,32.5,T3,,SPRING,0.01667708655063301,-0.014042126379137487,-0.03910068426197466,-0.18185601331668755,0.048966267682263614,-0.026374564851158855,-0.06238992414943767,-0.10498017947748195,0.0,0.0,-0.025081514923501413,1.154965174081079,True,Utilities,-0.03128849470312889,0.011577051710831121,0.0,1.3000000000000007,0.0,1.0,0.9059495769762346
ACLS,2026-09-24,116.08,116.7,111.92,116.14,385510,48.6,T10,,MARKUP,0.05111300049360072,0.11032504780114727,-0.0350614822200066,-0.37221621621621626,0.1637114403692009,0.009645433754868815,-0.06318922981348807,-0.029297633403738144,1.0,0.0,0.023280732515098324,1.0595773893135143,True,Industrials,0.025066195939982272,0.13130722774206127,6.0,14.700000000000003,1.0,0.0,0.9066754381380315
APP,2026-09-25,312.5,316.01,308.33,310.75,3020417,42.6,,Z2,MKDN,0.052471731822264146,0.008732065182107451,-0.0060134983846719114,-0.460933976338341,0.047497849154000564,-0.03227092022347755,-0.11429503627601456,-0.28507280527297973,0.0,0.0,0.0244369747899158,0.9469479182427253,True,Technology,-0.04077663909124574,0.01962135380778962,11.0,2.8000000000000043,0.0,0.0,0.9067096926969962
LNT,2026-09-29,62.81,64.47,62.77,64.34,3890429,35.0,T4,,MKDN,0.016866563796858625,-0.004333023831631144,-0.053545160341276876,-0.1836061413526202,0.1018001241464929,-0.021580299604421094,-0.05625015848819637,-0.07610519627865031,0.0,0.0,-0.028960817717205933,1.2904827257361255,True,Utilities,-0.025003788452795717,0.026156299840510266,2.0,8.600000000000001,0.0,1.0,0.9069772301100494
GTE,2026-09-30,9.82,9.98,9.71,9.86,471589,49.6,T2G,,MARKUP,0.04684226412589839,-0.011033099297893756,-0.046421663442940075,-0.1440972222222222,0.6914498141263941,-0.012480307339431618,0.04507039375584343,0.273685976580184,1.0,1.0,-0.0010626992561104665,0.9958119749093967,True,Energy,-0.07243650047036698,0.04893617021276575,1.0,-1.1000000000000014,1.0,1.0,0.9077434660889907
GSL,2026-09-30,44.61,45.03,44.04,44.14,300189,46.6,,Z5,MARKUP,0.0226430004564325,-0.008980691513246541,-0.007643884892086228,-0.05217951470904014,0.692793931731985,-0.011234706428558172,0.008479237525441441,0.11494123218854213,1.0,1.0,-0.018161180476730876,1.131728863465192,True,,-0.027753303964757614,0.02057803468208097,1.0,-2.0,1.0,0.0,0.9082298371618979
CVBF,2026-09-25,22.41,22.68,22.36,22.53,1894120,51.3,T2G,,MARKUP,0.017577057103665167,-0.007488986784140894,0.010313901345291532,-0.037590773173857284,0.5138121546961328,0.0032808237589616596,0.007111125724155842,0.06539212629876534,1.0,0.0,0.007808911345889014,0.9888423637928164,True,Financials,0.00401069518716568,0.02689152233363723,17.0,-2.1000000000000014,0.0,1.0,0.9087543824809404
TMP,2026-09-30,97.21,97.99,95.64,96.25,140466,43.7,,Z2,MARKUP,0.023854462731782947,-0.004550625711035261,0.0073260073260073,-0.061707935270033154,0.4711779448621555,-0.01692073467657651,-0.008737727407474583,0.09545345928051518,1.0,0.0,0.008967190631923083,0.9054409300015163,True,Financials,-0.013831967213114749,0.006378084483479762,19.0,-0.6999999999999957,0.0,0.0,0.9088668834683274
MT,2026-09-25,71.46,71.47,70.08,70.7,1375854,41.7,,Z2,MARKUP,0.028234991729832043,-0.025230938921825374,-0.05265978828889173,-0.11270080321285147,0.5174637291778613,-0.03462104323298809,-0.016663976368912148,0.14538852129323443,1.0,0.0,-0.020134228187919434,0.9358654488145742,True,,-0.05113407596295805,0.008847031963470364,0.0,-4.799999999999997,0.0,0.0,0.90914497925273
OXY,2026-09-24,58.12,58.76,57.52,58.05,9845494,45.7,,Z5,MARKUP,0.026924743122313275,-0.020914150784280716,-0.009723643807574178,-0.08969734985102717,0.6424999999999996,-0.01864553373876654,-0.00494339498880203,0.07285199744575421,1.0,1.0,-0.023635731664928716,1.2227237386166574,True,Energy,-0.0508502289077829,0.033285866856532564,2.0,-2.3999999999999986,1.0,1.0,0.9093597088582586
BOOT,2026-09-28,123.24,126.92,122.01,126.16,850412,36.6,T3,,MKDN,0.0462269112556053,0.014718893267916089,-0.18527607361963194,-0.26676740671858656,0.10735122520420062,-0.06419858563234082,-0.13504617804258645,-0.21602986549803682,0.0,0.0,0.011356100795756108,0.9537080920176177,True,Consumer Discretionary,-0.11677401288154587,0.04575596816976124,7.0,7.600000000000001,1.0,0.0,0.9095323280397155
MAA,2026-09-29,118.1,119.51,117.52,118.43,920453,27.4,T3,,MKDN,0.017915532791397754,-0.0060428031892572065,-0.0808692277842451,-0.179904438750779,0.06344628695025253,-0.031628291667321284,-0.06659660800411416,-0.10290391484967087,0.0,1.0,-0.011103576877436905,1.0999421872854533,True,,-0.0486786087235922,0.015085283277620709,2.0,3.5,1.0,1.0,0.9096409315038216
PR,2026-09-30,21.41,21.42,21.07,21.12,7281182,37.7,,Z3,MARKUP,0.03069659327928769,-0.02583025830258301,-0.1122320302648171,-0.14320486815415812,0.38070175438596526,-0.04922609140484391,-0.039082530828975726,0.08250263294939963,1.0,0.0,-0.020676691729323404,0.8528289465410203,True,Energy,-0.0797385620915032,0.01343570057581589,1.0,-3.5999999999999943,0.0,0.0,0.9099195168177866
AIZ,2026-09-30,263.62,264.42,262.0,263.5,309951,31.7,,Z9,MARKUP,0.020786699541994323,-0.01299771509907488,-0.06154284493197515,-0.13305257616634858,0.06605080831408806,-0.03711808010180995,-0.04468180352685969,0.03565679661485199,1.0,0.0,-0.02118071203244698,0.9522170448058805,True,Financials,-0.07074340527577938,0.010972989564149938,1.0,0.5999999999999979,0.0,0.0,0.9099457540710671
OLN,2026-09-25,16.26,16.45,16.09,16.4,1684936,36.0,T9,,MKDN,0.03767359608927361,-0.026128266033254244,-0.05092592592592604,-0.33924254633360196,0.03550973654066423,-0.043008253254304685,-0.11647414474804163,-0.2439821683158202,0.0,0.0,-0.03479304139172179,0.8009388935751565,True,Materials,-0.04651162790697683,0.019266625233063994,0.0,-1.2000000000000028,1.0,0.0,0.9099732432337082
GPRK,2026-09-28,11.31,11.46,10.63,10.68,1551697,46.4,,Z4,MARKUP,0.045299721966303844,-0.009276437847866359,0.08646998982706,-0.18659558263518672,0.3995098039215684,-0.031151520710212877,0.009046489545307956,0.13193846120299413,1.0,0.0,0.10377358490566047,0.8212608151064524,True,,-0.0688753269398431,0.014245014245014342,19.0,-2.5,0.0,1.0,0.9106807586889378
NVGS,2026-09-30,23.22,23.45,22.94,23.18,405174,51.8,,Z5,MARKUP,0.029992053300027376,0.0060763888888888395,0.04320432043204314,-0.09026687598116168,0.6127946127946128,-0.0010526432652744333,0.027965442581378674,0.1215401474932718,1.0,0.0,0.053788587464920656,0.7767593583757167,True,,-0.05349122090649239,0.02885042166000873,19.0,1.3999999999999986,0.0,0.0,0.9111476780263587
EGY,2026-09-30,5.7,5.74,5.64,5.66,913900,40.8,,Z11,MARKUP,0.0332338165847064,-0.03082191780821908,-0.05509181969949917,-0.14112291350531103,0.41509433962264164,-0.04236649889052879,-0.027318068142352048,0.06355547984846854,1.0,0.0,0.001779359430605032,0.8419984014159341,True,Energy,-0.08265802269043754,0.005328596802842034,1.0,-4.800000000000004,0.0,0.0,0.9126135159064327
NBBK,2026-09-30,22.27,22.34,22.03,22.12,269636,39.6,,Z2,MARKUP,0.020582120980206675,-0.012058954890576179,0.003629764065335772,-0.05752023860247113,0.5754716981132082,-0.01944690270674687,-0.010436994292413515,0.047568487847471363,1.0,0.0,0.03281762775433683,1.0072103729963635,True,Financials,-0.02683677958644959,0.004085338175215503,0.0,-5.100000000000001,0.0,0.0,0.9132948305086653
WIX,2026-09-24,76.91,85.0,75.65,77.53,2069099,49.8,T9,,MKDN,0.06953140195287377,-0.02966207759699635,-0.057844209502977306,-0.19907024793388428,0.6234857366158656,-0.016873266487829497,0.05825757496046302,-0.026603604304870743,0.0,0.0,0.09210336364948768,0.9870205771644628,True,,0.026615466101695073,0.027704135737009583,12.0,-4.700000000000003,0.0,0.0,0.913708644230868
KNTK,2026-09-29,50.54,52.06,50.54,51.16,1818147,35.8,T5,,MARKUP,0.029120374756239475,-0.023477762931857327,-0.06693416013131503,-0.10119465917076609,0.39495798319327696,-0.03354540618033608,-0.022851642366788716,0.06553417945579088,1.0,0.0,-0.035312082458484495,0.951092513151596,True,Utilities,-0.06471663619744072,0.012267510882469246,1.0,-5.800000000000004,0.0,0.0,0.9139382467588874
G,2026-09-25,33.26,33.51,32.97,33.1,1383423,36.3,,Z2G,MKDN,0.03216825479908633,-0.030462800234329235,-0.1180389022115641,-0.14800514800514797,0.45703493862134087,-0.050496360315768984,-0.04366549428811761,-0.08354662511693245,0.0,0.0,-0.03228646903434107,0.8207564481944887,True,Industrials,-0.05805350028457601,0.003942978465271585,0.0,-5.5,0.0,0.0,0.9140193600862985
TD,2026-09-30,119.45,119.48,117.52,117.53,923290,40.5,,Z2,MARKUP,0.016803786778291828,-0.01574407503559161,-0.016485355648535593,-0.06328205945644372,0.2328502415458935,-0.02343508348620993,-0.02005810636001837,0.08196443668040732,1.0,0.0,-0.005500550055005493,0.7995628431903358,True,,-0.025456053067993256,8.509189925121063e-05,0.0,-4.600000000000001,0.0,0.0,0.9150063724755974
ANF,2026-09-30,134.22,138.0,133.23,134.69,1112061,52.1,T2G,,MARKUP,0.04239902888758807,0.018449905482041506,-0.04257890247369922,-0.13226388352016494,0.707466514676546,-0.0024924742078762385,0.07840639527907856,0.3054255502661005,1.0,0.0,0.0072942260442259155,0.8486206970158258,True,Consumer Discretionary,-0.0371720637643862,0.029661340876079745,5.0,2.200000000000003,0.0,1.0,0.915074107511955
CHMG,2026-09-29,81.65,82.03,79.4,81.34,130091,43.7,,Z2G,MARKUP,0.02371903406250921,-0.0076857386848846465,0.0033304551622055367,-0.05418604651162784,0.658608058608059,-0.01445141074322065,0.0037099876663977405,0.16222284331919656,1.0,1.0,-0.004638335213739353,1.0908844454101292,True,Financials,-0.04564120614806988,0.02443324937027702,0.0,-2.299999999999997,1.0,0.0,0.9151526722363187
FSM,2026-09-25,11.54,11.75,11.4,11.69,4059133,51.1,T1,,MARKUP,0.04074986402689573,-0.02175732217573223,-0.08743169398907114,-0.09659969088098919,0.750996015936255,-0.005305847688813481,0.05392483772284806,0.17258342898442125,1.0,0.0,0.003549245785270605,1.0121889959669719,True,,-0.025020850708924125,0.037267080745341685,7.0,-5.100000000000001,0.0,1.0,0.9158302016123491
PLUS,2026-09-25,91.78,92.76,90.4,90.51,138108,51.1,,Z2,MARKUP,0.02887101295671281,-0.006476399560921942,0.03251197809719386,-0.07774607703281022,0.5830601092896177,-0.0009893681911159469,0.014923084991076419,0.06853287763609228,1.0,0.0,0.05546396608572768,0.7548255403147116,True,,-0.014374387455080018,0.009818141247350365,17.0,-3.6999999999999957,0.0,0.0,0.9159181921949082
SBGI,2026-09-25,12.74,12.84,12.58,12.78,489560,35.2,T9,,SPRING★,0.03669319969301253,-0.022935779816513846,-0.0884450784593438,-0.21595092024539886,0.05376344086021485,-0.05522448979040506,-0.07655994738251204,-0.10028426548398861,0.0,0.0,-0.036015325670498144,1.0368623770787098,True,Communication Services,-0.0805755395683454,0.015898251192368873,0.0,-2.1999999999999957,0.0,0.0,0.9162399521161031
NTR,2026-09-28,72.25,72.45,71.58,71.98,4427085,40.5,,Z2,MARKUP,0.030325627719667837,-0.03434397638851627,-0.02081349476261729,-0.1280436099333736,0.4359658484525082,-0.04401514775549331,-0.018206698877691108,0.038806318830710396,1.0,1.0,-0.01448871551964348,1.0097073445532627,True,,-0.06519480519480514,0.017528979361040475,1.0,-6.700000000000003,1.0,0.0,0.9168621941473437
AFG,2026-09-29,137.27,138.65,137.27,138.46,487581,35.8,T3,,MARKUP,0.015431688491070102,-0.014309105147006451,-0.02869168712732373,-0.06892609777419134,0.14440734557596124,-0.017682256896166093,-0.020540808800402988,0.011089231538998545,1.0,0.0,-0.01428981760735304,0.9065745135507202,True,Financials,-0.03706794631059174,0.00866904640489552,0.0,-5.200000000000003,0.0,0.0,0.9169399632842015
SIGI,2026-09-25,86.44,86.44,84.94,86.12,455991,31.9,,Z11,MARKUP,0.02107053302339865,-0.006689734717416407,-0.0669555796316359,-0.14223107569721116,0.07632600258732253,-0.03164932038473034,-0.05215157636563761,-0.023666412987294883,1.0,1.0,-0.008173750583839401,1.1845582877765894,True,Financials,-0.04671241974762008,0.013892159171179808,0.0,3.0,1.0,0.0,0.9177511667409792
VRSN,2026-09-30,279.76,286.82,279.76,282.01,759389,41.8,T2,,MARKUP,0.027153515026965863,-0.03842744135297316,-0.022054998786281588,-0.09029032258064518,0.4891403540792113,-0.029035736214177543,-0.018785311351558365,0.028665414220881313,1.0,1.0,-0.013653956422018387,0.8596169354949241,True,Technology,-0.05511626348589427,0.024633942520800645,1.0,-8.700000000000003,1.0,0.0,0.9178876800206494
MMED,2026-09-28,19.97,20.51,19.8,20.49,3721258,45.7,T3,,MARKUP,0.04753009010164595,-0.029829545454545525,0.019402985074626677,-0.16127711829717561,0.5950668036998971,-0.03135331017766707,0.026639418787898217,,0.0,0.0,0.04562334217506625,1.0448874644506603,True,,-0.06736458807464729,0.03957382039573809,18.0,-3.799999999999997,0.0,0.0,0.9182339310094755
FBK,2026-09-25,53.06,53.47,52.71,52.74,445168,28.1,,Z6,MARKUP,0.020584102583767323,-0.01161919040479753,-0.08485163977095267,-0.15831471433131172,0.0378273520853541,-0.0368262630827314,-0.062402277072744705,-0.04654970663977154,1.0,0.0,-0.012264150943396168,0.9420628562023832,True,Financials,-0.03688823959094223,0.007449856733524385,1.0,-0.09999999999999787,0.0,0.0,0.9184786342515731
GNK,2026-09-30,26.33,26.71,26.04,26.16,445323,45.4,,Z5,MARKUP,0.031247218310350836,-0.010590015128593033,0.0049942374183633564,-0.07952146375791702,0.5,-0.01818330255128553,-0.0037517824485082674,0.11118377420091652,1.0,0.0,0.010228166797797034,0.5393679148321983,True,Industrials,-0.04595185995623641,0.01869158878504673,2.0,-1.5,0.0,0.0,0.9186893973045818
RCBC,2026-09-30,51.37,51.84,50.3,51.2,136412,51.2,,Z9,MARKUP,0.026205785995065668,0.003528028224225821,-0.0033093245084678813,-0.06705539358600587,0.6966199505358616,-0.0034795423478366505,0.031503874458183256,0.1457310637653766,1.0,0.0,0.04349635796045792,0.8859379218316773,True,,-0.02938388625592414,0.02114080574391708,18.0,1.6000000000000014,0.0,1.0,0.9187871317532965
VLY,2026-09-25,13.03,13.15,12.99,13.08,5441648,33.9,T2G,,MARKUP,0.022520976590459766,-0.03752759381898452,-0.06236559139784936,-0.1394736842105263,0.12396694214876063,-0.03608406415719545,-0.05975969718503127,-0.008045258348968076,1.0,0.0,-0.038374717832957095,1.0214289807620511,True,Financials,-0.05217391304347829,0.023474178403755985,1.0,-4.800000000000004,1.0,1.0,0.9191343238936509
STDN,2026-09-24,12.8,13.04,12.22,12.25,265818,42.6,,Z2G,MARKUP,0.08911133112125504,-0.019215372297838318,-0.10583941605839409,,,-0.046115548029432074,-0.01048289834563787,,0.0,0.0,0.039451114922812947,0.660101251867125,True,,0.004922067268252617,0.05060034305317318,6.0,-0.6999999999999957,0.0,0.0,0.9194362666410506
EFC,2026-09-25,12.37,12.41,12.19,12.36,1575402,28.3,,Z2,MKDN,0.016757856255873164,-0.006430868167202619,-0.08916728076639657,-0.10693641618497118,0.10303030303030296,-0.03658400868906797,-0.05857903850790802,-0.06220945581249426,0.0,0.0,-0.013754045307443397,1.0801902395075003,True,Real Estate,-0.04111714507370068,0.013945857260049266,0.0,6.199999999999999,1.0,0.0,0.9204576859087289
SIRI,2026-09-30,25.81,26.33,25.71,25.88,5104111,33.1,T9,,MARKUP,0.02903234859517695,-0.015220700152207112,-0.06299782766111517,-0.20759338640538882,0.04237288135593231,-0.05274041249581696,-0.0809762464459991,-0.021134821413249294,1.0,1.0,-0.002340093603744209,0.9327883733797527,True,Communication Services,-0.0938375350140056,0.011727912431587217,1.0,1.0,1.0,0.0,0.921061915633355
HNST,2026-09-30,5.27,5.27,5.11,5.13,1354199,44.8,,Z6,MARKUP,0.04281671641171917,-0.009652509652509633,-0.08880994671403197,-0.14642262895174707,0.6378600823045267,-0.03344041645837248,0.024577002846768004,0.262891706720338,1.0,0.0,-0.013513513513513375,0.7613451136274156,True,Consumer Discretionary,-0.0393258426966292,0.003913894324853118,4.0,-2.0,1.0,0.0,0.9220499272244514
RTX,2026-09-25,188.07,189.58,187.56,189.4,3667528,29.1,T3,,MARKUP,0.021517918784747618,-0.023711340206185483,-0.1069407770652584,-0.16519746121297596,0.05923694779116499,-0.04034368060617466,-0.05873396183705726,-0.011497577442473483,1.0,0.0,-0.02165498483104933,0.9705548672054183,True,Industrials,-0.041885876163496594,0.012617621899059017,3.0,-1.5999999999999979,1.0,0.0,0.9221989164764031
CCK,2026-09-28,107.38,108.8,106.64,107.47,1022845,34.2,T10,,MARKUP,0.022818280216080254,-0.011588338085165129,-0.09262073623775746,-0.12562037263037995,0.11720983419096614,-0.034745346820835854,-0.047578252974083024,-0.0029513495375134147,1.0,0.0,-0.02659279778393353,1.2430853199383518,True,Industrials,-0.04360594464714784,0.019446025422120927,2.0,5.900000000000002,0.0,0.0,0.9222967629112873
WFC,2026-09-25,82.3,83.1,81.74,82.97,9451237,38.4,T2G,,MARKUP,0.024238922379993637,-0.03657686948444039,-0.02353771919501002,-0.09805413631916504,0.18371040723981916,-0.0345982461455,-0.03647492487386417,-0.015109311373483592,1.0,0.0,-0.030426449448969883,0.8561306588163499,True,Financials,-0.08107210100786366,0.02508030639980241,1.0,-6.300000000000004,0.0,1.0,0.9226903783374125
TTMI,2026-09-30,123.95,124.04,119.23,122.84,2535168,49.4,,Z10,MARKUP,0.06304745155623262,-0.023684628834843346,0.06511748894476721,-0.20651120728635097,0.4252067601582165,0.00021775451260208634,-0.0391086324372415,0.014826876003600553,1.0,0.0,0.0866429288779329,1.066469277105185,True,Technology,0.07754385964912291,0.07659947414548651,18.0,-3.5,0.0,0.0,0.9231904285169187
SSRM,2026-09-25,35.79,35.88,34.75,35.68,1745784,50.2,,Z1,MARKUP,0.04361963378159317,-0.017891549683457186,-0.08536272750576768,-0.09533468559837721,0.7537655533726262,-0.010785623468419603,0.04449031488935207,0.22495457474806968,1.0,0.0,0.017569546120058677,1.0103257008985314,True,,-0.015452538631346657,0.04480234260614946,8.0,-4.399999999999999,0.0,0.0,0.9236916744627779
MFA,2026-09-25,8.22,8.23,8.12,8.17,1453465,30.7,,Z10,MKDN,0.020381852007769912,-0.022727272727272707,-0.07787810383747173,-0.16205128205128205,0.03067484662576729,-0.04347826367487706,-0.07540994015368774,-0.12325975460745098,0.0,0.0,-0.028708133971291905,1.0090641135591019,True,,-0.04556074766355145,0.006157635467980427,0.0,0.6999999999999993,1.0,0.0,0.9238768145034653
WHR,2026-09-24,33.05,33.16,32.17,32.98,2093265,35.6,,Z10,MKDN,0.047864216431156625,-0.001513775355737379,-0.17837568510214263,-0.29978768577494697,0.09370988446726554,-0.06556655110464871,-0.12942309268174768,-0.3564045614135146,0.0,1.0,-0.018679950186799466,0.9647620922922383,True,Industrials,-0.08108108108108114,0.04631979695431454,3.0,4.400000000000002,1.0,1.0,0.9239472959508614
ARMK,2026-09-25,54.32,55.03,54.01,54.92,1230297,36.9,T9,,MARKUP,0.023372896302559305,-0.02710363153232953,-0.06725543478260876,-0.1233838786911412,0.1053240740740745,-0.03376696323252082,-0.03422220827241207,0.08971515460361745,1.0,0.0,-0.034328625067048146,0.9021112098101437,True,Consumer Discretionary,-0.06199829205806995,0.01684873171634882,0.0,-5.100000000000001,0.0,0.0,0.9239509666885353
CSGP,2026-09-25,27.73,28.63,27.6,28.09,6662481,36.7,T3,,MKDN,0.04339491112266157,-0.034376074252320366,-0.10370134014039567,-0.16942637492607926,0.2774274905422446,-0.056789622976543,-0.08117199999359559,-0.3168222055495634,0.0,0.0,-0.05244876693296274,0.8204260039698853,True,Industrials,-0.07780695994747211,0.029692082111436813,1.0,-3.6999999999999957,1.0,0.0,0.9251806551164579
OFG,2026-09-25,51.92,52.44,51.92,51.94,235546,46.4,T1G,,MARKUP,0.016778778681890042,-0.010666666666666713,-0.00287963140717995,-0.04644758582706077,0.5637931034482755,-0.00579425091159147,0.004549807565696007,0.09899179167820527,1.0,0.0,0.0009748488984209214,0.8843826661670632,True,Financials,-0.013672616786934988,0.01168679392286709,14.0,-4.700000000000003,0.0,1.0,0.9253155204658985
EXE,2026-09-25,87.38,88.14,86.4,86.84,2536146,32.2,,Z1,MKDN,0.027658745725398722,-0.007429420505200457,-0.11387755102040809,-0.1328140603155582,0.12269129287598944,-0.0502935638416554,-0.06521333281483754,-0.11298132301058772,0.0,0.0,-0.02290950744558995,1.1766647736266251,True,Energy,-0.08425603711905505,0.01805392731535771,4.0,2.8000000000000043,1.0,1.0,0.9258433028625432
CRCL,2026-09-25,92.0,92.21,87.59,89.0,11210833,50.7,,Z1,MKDN,0.07352577091139312,-0.030289823490956658,-0.05560271646859083,-0.13826491092176607,0.6857394366197183,-0.008365815067889804,0.048106716995911736,-0.005371177278910788,0.0,0.0,0.11921799131101452,0.8176058457238056,True,Financials,-0.017660044150110354,0.13723485816509062,7.0,-3.5999999999999943,0.0,0.0,0.9263326645736322
PEGA,2026-09-24,34.91,35.74,34.03,34.23,1966665,45.4,,Z1,MKDN,0.042824485720573804,-0.051011921264208615,0.011823825007389877,-0.12140657084188922,0.6587301587301584,-0.0333497447453629,-0.006761918595092897,-0.12277884161089914,0.0,0.0,0.027231467473525228,0.913128351774084,True,Technology,-0.04171332586786125,0.00824742268041212,2.0,-8.200000000000003,0.0,0.0,0.9263743680911465
BG,2026-09-28,109.49,110.25,108.5,109.06,1834886,38.1,,Z10,MARKUP,0.036719348440339736,-0.03152473137376788,-0.0555940422583997,-0.14442613948380012,0.2534468775344688,-0.04938339317761231,-0.056154524355709334,-0.029905760520304026,1.0,0.0,0.015295111194520095,0.8967710474261298,True,Consumer Staples,-0.10038769281530979,0.007948243992606185,1.0,-3.799999999999997,0.0,0.0,0.9265090209880614
BMRN,2026-09-30,59.9,60.7,59.37,60.0,1797890,34.3,T2G,,MARKUP,0.02644496542943052,-0.03552483523549266,-0.07464528069093157,-0.15469146238377007,0.19026548672566357,-0.04570331083324519,-0.04684557617293206,0.009912544149288882,1.0,0.0,-0.04611886976291002,0.9378695487439164,True,Healthcare,-0.07307276378804273,0.021450459652706755,2.0,-5.0,0.0,1.0,0.9268639609024217
D,2026-09-30,60.95,61.14,60.45,60.52,4345723,26.3,,Z3,MARKUP,0.017787918819110335,-0.010626123916952723,-0.08827960228984622,-0.17084532127688712,0.0680119581464876,-0.038945247477293665,-0.07104516553322127,-0.06251257226919493,1.0,0.0,-0.02342726081258195,0.8646268718739906,True,Utilities,-0.04707920012596434,0.015265894984063166,1.0,2.5,0.0,1.0,0.9269519990944672
RITM,2026-09-25,9.13,9.31,9.05,9.13,8030949,32.6,,Z7,MKDN,0.02302493525004142,-0.0235294117647058,-0.08791208791208782,-0.127151051625239,0.14743589743589766,-0.05024808671171044,-0.05997334805700283,-0.08737977381159057,0.0,0.0,-0.02896995708154504,1.0688111412647863,True,,-0.06262833675564672,0.008839779005524795,0.0,0.30000000000000426,1.0,0.0,0.9271482201471177
ADC,2026-09-29,67.1,67.78,66.78,67.65,1665855,24.4,T4,,MKDN,0.015984214894493837,0.00490196078431393,-0.06366782006920413,-0.17298288508557447,0.07516339869281084,-0.026296692858594484,-0.06304296891982197,-0.09274830205441653,0.0,1.0,-0.00967982129560696,1.0953295263756435,True,,-0.034536891679748605,0.017293233082706916,4.0,8.999999999999998,1.0,1.0,0.9276189428032001
ADP,2026-09-25,261.89,265.06,261.38,263.67,1210342,39.9,T3,,MARKUP,0.021207034730285887,-0.02783718014895664,-0.0738021638330757,-0.08447916666666666,0.5392918007953043,-0.025993438892818355,-0.008571791453381605,0.04530070585957868,1.0,0.0,-0.013403307407687137,0.8986031239835621,True,Technology,-0.017110266159695686,0.00903141862156076,1.0,-8.0,1.0,0.0,0.9286431920759635
NVEC,2026-09-24,107.58,108.07,104.05,106.65,95533,54.1,,Z1G,MARKUP,0.04596682252652262,0.06066633515663855,-0.004387602688573522,-0.20999999999999996,0.4538624542477365,0.028654854806241747,0.021633275696666843,0.16895182795312857,1.0,0.0,0.0458842272968667,1.0872466541118766,True,Technology,0.09250153657037496,0.1327668613913966,8.0,8.800000000000004,1.0,1.0,0.9287997472053636
MMYT,2026-09-28,46.75,47.81,45.52,47.39,791247,31.8,T4,,MKDN,0.04373960039506415,-0.012090890139670574,-0.1970518468315825,-0.27092307692307693,0.09599589322381918,-0.05802324441121953,-0.1028931028529908,-0.18996679895719637,0.0,1.0,-0.026726534103057475,1.1748665898557111,True,,-0.06251236399604343,0.041080843585237226,0.0,2.5,1.0,1.0,0.9294009379127406
AORT,2026-09-28,22.63,23.2,22.41,22.95,446062,34.7,T9,,MKDN,0.044201657089502966,-0.02877697841726623,-0.14269704893537538,-0.23855341738553426,0.06985769728331166,-0.06289924006198522,-0.09619878746683852,-0.23018893753068448,0.0,1.0,-0.022251308900523625,0.8030337213429822,True,,-0.08089707649179012,0.02409638554216853,0.0,0.10000000000000142,1.0,0.0,0.9294386122952909
KHC,2026-09-24,23.97,24.0,23.68,23.86,13463732,37.7,,Z10,MARKUP,0.026922398152682506,-0.03517994338859687,-0.03751512706736582,-0.1505873976504094,0.07439824945295401,-0.03107764969859239,-0.0398446544763007,-0.02844398230664058,1.0,1.0,-0.00968421052631585,0.7129177738249987,True,Consumer Staples,-0.02173021730217306,0.014455782312925214,1.0,-8.299999999999997,1.0,0.0,0.9294906344417775
HSY,2026-09-25,166.5,167.75,166.04,166.37,989278,32.6,,Z2G,MKDN,0.020536518888943638,-0.020142529006419663,-0.08245091550849326,-0.1264832510763415,0.013513513513514017,-0.03279478867258623,-0.055972703265428136,-0.09678677833891602,0.0,0.0,-0.0038994540764293317,0.7974540707931045,True,Consumer Staples,-0.04009923840295404,0.0019874728980968648,0.0,-4.5,1.0,0.0,0.9295390887266575
AAMI,2026-09-30,92.61,93.69,90.99,91.71,459966,50.5,,Z2,MARKUP,0.03439692823844579,0.002185553491421688,0.018095026642984013,-0.0691230207064556,0.6845761926817968,-0.002562078271613477,0.0276065404635093,0.26559312146221714,1.0,0.0,0.044509345794392585,0.733121136630603,True,Financials,0.02802376415200092,0.02940846335166669,11.0,-1.1000000000000014,1.0,0.0,0.9296965342473195
CAG,2026-09-24,14.97,14.98,14.61,14.67,11117886,38.3,,Z6,MKDN,0.027163371880829762,-0.03359683794466406,-0.09388511426806678,-0.12313209802749558,0.39233038348082594,-0.030632473391423387,-0.028244475090247745,-0.07226843700526464,0.0,0.0,0.014685314685314532,1.1493151518932032,True,Consumer Staples,-0.0020408163265305257,0.025874125874125742,9.0,-8.800000000000004,1.0,0.0,0.9302443417060399
PZZA,2026-09-29,20.19,20.5,19.9,20.33,1006137,37.0,T2G,,MKDN,0.04120017019390539,-0.0034313725490195957,-0.1341567291311756,-0.43069168300196026,0.06219512195121948,-0.03912782742257803,-0.15730632132771216,-0.3628034926950683,0.0,1.0,-0.015298317185109656,0.8762881958800784,True,Consumer Discretionary,-0.018822393822393813,0.05282237182806826,2.0,4.600000000000001,1.0,1.0,0.9305667759573706
BCAL,2026-09-28,21.55,21.71,21.44,21.59,139040,50.4,T12,,MARKUP,0.017952004076820523,0.003719200371919973,0.015044663845792172,-0.036590807675145,0.6306306306306303,-0.0012425665638152728,0.0117112338654346,0.09408135116762417,1.0,0.0,0.020476190476190537,0.9636383398444088,True,Financials,-0.019972764412165334,0.012189404594467934,18.0,1.6999999999999957,0.0,1.0,0.9312851924753316
AX,2026-09-25,89.58,90.5,88.48,88.52,256388,31.1,,Z3,MARKUP,0.02502262599360669,-0.025002753607225592,-0.09079704190632709,-0.16285227917533573,0.08012820512820513,-0.042157177043819494,-0.06357501969870616,-0.03259862939620539,1.0,0.0,-0.03557575085891618,0.7209948234768409,True,Financials,-0.05082564872399753,0.01723741668581935,1.0,-2.1000000000000014,0.0,0.0,0.9328363848121015
FAST,2026-09-25,50.53,51.05,50.26,50.43,6809005,56.0,,Z2G,MARKUP,0.01993618268897709,0.02897367884105284,-0.013690592607080054,-0.046872046872046824,0.7197740112994352,0.012155156443114379,0.024498902249600496,0.0799606815224061,1.0,0.0,0.018258132214060918,1.0722291422230652,True,Consumer Discretionary,0.022506082725060716,0.03936521022258854,16.0,9.700000000000003,0.0,1.0,0.9329341869634549
NEM,2026-09-25,121.01,121.94,119.9,121.43,3521706,48.2,T3,,MARKUP,0.0346323645331362,-0.016044080706587693,-0.0820923728172952,-0.1024465962007538,0.7021916630855181,-0.017614772528072642,0.026656492407975074,0.13926389108172876,1.0,1.0,-0.0008333333333332416,0.6610054450076313,True,Materials,-0.042425676208500906,0.012760633861551351,0.0,-3.5999999999999943,1.0,0.0,0.9331297629608958
ASAN,2026-09-25,9.08,9.36,9.02,9.02,5069550,47.3,,Z2G,MKDN,0.06652762006955089,-0.051524710830704534,-0.11307767944936087,-0.1417697431018078,0.6330049261083743,-0.03155386707431118,0.009098177944552255,-0.021946801833613083,0.0,0.0,0.09888751545117436,0.9435272786189914,True,Technology,0.02850627137970352,0.014623172103486848,11.0,-5.400000000000006,1.0,0.0,0.9333062297526614
PRCH,2026-09-25,16.72,17.5,16.4,16.53,2638224,51.0,,Z11,MARKUP,0.05027602223345379,0.039622641509434064,-0.052178899082568786,-0.100163309744148,0.7302052785923754,-0.000962391292238407,0.047858998254829865,0.29832193211164215,1.0,0.0,0.02711426726920596,1.176750110018376,True,Technology,0.004863221884498614,0.06714009038089097,5.0,6.899999999999999,1.0,0.0,0.9333643092328565
PNC,2026-09-30,222.55,224.49,221.1,222.26,2242221,28.4,,Z10,MARKUP,0.020041025173433216,-0.007900727581127587,-0.06412901595856679,-0.14172072907012667,0.05824993584808785,-0.04194992811510012,-0.06634988853565083,-0.022375284781683935,1.0,0.0,-0.0177263797106626,1.0520319358444492,True,Financials,-0.03987213270551648,0.010318650847765731,1.0,2.5,0.0,0.0,0.9335623010452687
CBRE,2026-09-25,136.61,137.87,134.47,134.55,1980398,37.2,,Z2,MKDN,0.0314597302906544,-0.03548387096774186,-0.0860616764026626,-0.14053018205046308,0.06303236797274349,-0.04588242712184276,-0.05665941009165287,-0.06339313628577281,0.0,0.0,-0.020183619935878805,1.0515281004452803,True,Real Estate,-0.042416909828481786,0.0005949282367814224,0.0,-5.199999999999996,0.0,0.0,0.9336438101943916
STEP,2026-09-25,44.02,44.77,43.73,44.36,848935,38.4,T9,,MKDN,0.04807424754614315,-0.04210753616929397,-0.1163346613545817,-0.16333459072048284,0.3888496824276639,-0.06676684439612501,-0.07028158799950401,-0.12973975572971497,0.0,0.0,-0.06639273356401387,0.7910403640153003,True,Financials,-0.09321340964840563,0.027565438962242172,1.0,-2.700000000000003,1.0,0.0,0.9340010845923149
KRG,2026-09-28,24.81,24.93,24.65,24.8,1339576,25.7,,Z5,MARKUP,0.016082491349989986,-0.015873015873015817,-0.0461538461538461,-0.17112299465240643,0.11876075731497436,-0.02745555016678547,-0.05686003528938066,-0.04389067571734273,1.0,0.0,-0.038676236044657086,0.907284713696136,True,,-0.046887009992313544,0.028618830360846115,2.0,-1.8000000000000007,1.0,0.0,0.9345094238751257
FCF,2026-09-30,20.38,20.51,20.05,20.23,979393,34.0,,Z2,MARKUP,0.018519995605230516,-0.01891367604267702,-0.014612761811982455,-0.09444941808415397,0.15261044176706798,-0.030277755974825626,-0.029875163438106922,0.04461441445079761,1.0,0.0,-0.020517830972154316,0.9697363076602856,True,Financials,-0.04620462046204621,0.008977556109725615,0.0,-4.299999999999997,0.0,0.0,0.9349596462501184
PWP,2026-09-28,14.23,14.68,13.94,14.64,1559772,47.8,T2,,MKDN,0.05628208701526708,0.0884758364312268,-0.13780918727915192,-0.25722983257229837,0.2948539638386649,0.005416602671961757,-0.05400064770943558,-0.15312215751820202,0.0,0.0,0.02316293929712465,1.2197722847798789,True,Financials,0.018789144050104456,0.1693290734824282,8.0,14.099999999999994,1.0,1.0,0.9352342798245225
UVE,2026-09-29,42.21,42.53,41.65,42.24,125571,40.5,T5,,MARKUP,0.023669931260496286,-0.01835928422031141,-0.017217310376919426,-0.06445182724252485,0.6600467289719628,-0.021967194152576752,-0.011541107774869719,0.11147267836674057,1.0,0.0,-0.020000000000000018,1.0095011952955115,True,Financials,-0.041742286751361046,0.014165666266506616,0.0,-4.899999999999999,0.0,0.0,0.9353008463302822
IAG,2026-09-25,19.48,19.78,19.3,19.7,3521522,50.0,T1,,MARKUP,0.04304098092138244,-0.03194103194103204,-0.08542246982358404,-0.11738351254480295,0.6988505747126436,-0.010296691723932438,0.038887178013291335,0.15383120500040626,1.0,1.0,-0.0036572622779519337,1.0946990572034638,True,,-0.027640671273445272,0.03303618248557938,1.0,-6.200000000000003,1.0,1.0,0.9354187109472001
UMAC,2026-09-24,22.45,24.25,22.12,23.93,2220220,50.0,T4,,MARKUP,0.0830271901487268,0.0020938023450587373,0.001674340728338164,-0.31491554537646727,0.42558746736292435,0.0031980526273154286,0.01485524546996686,0.24183483866199396,1.0,0.0,0.0370370370370372,0.8290008642817466,True,Industrials,0.016999575010624657,0.1218940459446789,6.0,0.6000000000000014,1.0,1.0,0.9354421262052324
CGAU,2026-09-30,22.22,22.27,21.77,21.78,1111219,46.4,,Z4,MARKUP,0.03946298440907962,-0.03670942061034932,0.0,-0.11174551386623155,0.7181069958847738,-0.02656640895241713,0.021674170630363587,0.22127873966377565,1.0,1.0,-0.021435228331780132,0.8967748642064587,True,,-0.006386861313868675,0.037142857142857144,2.0,-6.5,1.0,1.0,0.9361415620173972
SRPT,2026-09-30,18.64,18.69,18.06,18.22,1995000,41.4,,Z2,MKDN,0.06447124387387657,-0.03852242744063328,-0.14580403187998126,-0.22861981371718887,0.39120631341600887,-0.06957687477495622,-0.053112005829528575,-0.07456367818889897,0.0,0.0,-0.03659202621518287,0.703636293789582,True,Healthcare,-0.07793522267206487,0.03287981859410416,2.0,-2.8999999999999986,1.0,1.0,0.9366329771616035
CDRE,2026-09-25,26.29,26.83,26.05,26.39,453789,32.7,T9,,MKDN,0.04361116017192439,0.0038037276530999975,-0.1514469453376206,-0.2938185710462937,0.04272013949433322,-0.05898914146654921,-0.10502505680272589,-0.18515475609238863,0.0,0.0,0.005791505791505891,1.1444248214890502,True,,-0.07662701189643095,0.018918918918918948,6.0,4.0000000000000036,1.0,0.0,0.9368859235034945
INBX,2026-09-30,105.67,106.94,100.08,100.08,389479,42.8,,Z6,MARKUP,0.07325157373951036,-0.0024917771354530105,-0.19717631958928283,-0.23608884817952824,0.4219772005232667,-0.0559772274248852,-0.03736275020569024,0.13064882589669313,1.0,0.0,0.04351063829787227,0.7070174525723423,True,Healthcare,-0.016606072516458625,0.02028749107962069,16.0,1.1999999999999957,0.0,1.0,0.9370990551688225
RLI,2026-09-29,55.61,56.97,55.61,56.48,711818,30.0,T4,,MARKUP,0.02464527669737024,-0.028384655083433796,-0.1101307704427289,-0.15701492537313433,0.15839999999999976,-0.04710068664069511,-0.06458424559044018,-0.06461367759502579,0.0,0.0,-0.060668734918993494,1.0881380975639414,True,Financials,-0.07983056370153152,0.03633027522935772,1.0,-0.5,1.0,1.0,0.9373813212259203
BMO,2026-09-25,172.0,172.66,170.78,172.3,353907,45.6,T1,,MARKUP,0.018258730815494246,-0.012550862513611039,0.0009876256317900012,-0.07969234056190566,0.2635735439289243,-0.008676601698699327,-0.010635597293808585,0.08972889510866033,1.0,0.0,0.011379971250599086,1.1138329346304312,True,Financials,-0.01475297346752047,0.020371905720715455,17.0,-3.5,0.0,1.0,0.9374966998470068
CRGY,2026-09-30,12.96,13.12,12.84,12.89,5202743,42.8,,Z5,MARKUP,0.036479077038664105,-0.02200303490136568,-0.08386638237384503,-0.16677440206851968,0.5777414075286417,-0.042114779222686805,-0.008332536314848982,0.10990660237194683,1.0,0.0,-0.020077220077220015,0.746110462822739,True,Energy,-0.10486111111111107,0.01576044129235621,1.0,-2.8000000000000043,1.0,0.0,0.9376877163270416
RDW,2026-09-28,11.31,11.72,11.17,11.2,11867400,49.9,,Z2G,MARKUP,0.06480458077769889,-0.034482758620689724,0.030358785648574083,-0.21071176885130372,0.5349922239502333,-0.0011924542593888532,-0.010292194434753599,-0.008226057943599097,1.0,0.0,0.08579881656804722,1.009171539171555,True,Industrials,0.0676835081029552,0.08949416342412442,17.0,-4.800000000000004,0.0,0.0,0.9379147797320737
AAON,2026-09-30,85.2,85.2,82.1,82.76,972402,51.4,,Z2,MKDN,0.050924101283780936,0.004856726566294434,0.09834107498341083,-0.3006591177961805,0.20651204281891178,0.017114347776265415,-0.045035533772102565,-0.14052711414939578,0.0,0.0,0.08884353741496609,1.1218514602502474,True,Industrials,0.09528851244044478,0.09586864406779672,18.0,-2.3000000000000043,0.0,0.0,0.9380551863643233
ASO,2026-09-30,48.39,48.6,47.5,48.09,1293267,49.1,,Z10,MKDN,0.03937063218962686,-0.004553922583316106,0.1233356692361598,-0.15453586497890293,0.4084791386271871,-0.008387594724262093,-0.00400945326964286,-0.039790276751950904,0.0,0.0,0.13041408852927172,0.5322896871292464,True,Consumer Discretionary,-0.046211820706068996,0.01242105263157911,19.0,-0.7999999999999972,0.0,0.0,0.9388490690057167
GLPI,2026-09-25,38.52,38.81,38.32,38.79,2525941,29.9,T3,,MKDN,0.018643001440675343,-0.020207123010861472,-0.0831954620657056,-0.16813210379583965,0.05655836341756904,-0.043666380084119605,-0.08016386010023191,-0.1308538589982442,0.0,0.0,-0.029381965552178202,0.7672134611379755,True,,-0.03603379721669986,0.012265135699373708,0.0,-0.20000000000000284,0.0,0.0,0.9389282241592356
KNSA,2026-09-30,76.55,76.55,73.76,74.61,650611,43.6,,Z4,MARKUP,0.03392519325467607,-0.019321766561514186,-0.05890514631685173,-0.1004340487099108,0.6359265734265734,-0.02631615575832802,0.003818027252516343,0.2614304734352746,1.0,1.0,-0.009534040553242806,0.9861320840165955,True,Healthcare,-0.03877866529245044,0.011523861171366612,0.0,-3.6999999999999957,1.0,1.0,0.939342059849887
DKS,2026-09-30,135.41,137.05,132.57,134.29,2353400,41.4,,Z2,MKDN,0.043946198892351136,0.014581444545179734,0.010078977059044814,-0.4043732812915817,0.13427024973886606,-0.017335880017480654,-0.15082221699790188,-0.30163044952930895,0.0,0.0,0.08988764044943798,0.783319786205613,True,Consumer Discretionary,0.08604933279417692,0.11768622555139396,7.0,2.8999999999999986,1.0,0.0,0.939408569195716
PSN,2026-09-25,42.34,43.48,42.05,43.07,1068492,36.5,T3,,SPRING,0.039966398583980864,-0.03904506916555106,-0.12601461038961037,-0.3086677367576244,0.26152073732718906,-0.05584754235318634,-0.10185439658139017,-0.23084419802630451,0.0,0.0,-0.0613839285714286,0.774785703177328,True,Technology,-0.058579234972677585,0.024256837098692197,0.0,-3.0,1.0,0.0,0.9394332904834517
MPLX,2026-09-24,58.99,59.08,57.91,57.98,1191175,42.3,,Z2,MARKUP,0.018061717954762205,-0.010917775503241245,-0.022589345920431603,-0.04872846595570146,0.43856332703213563,-0.01638027473938486,-0.010609266697502284,0.024671834277192106,1.0,0.0,0.009588563458856392,1.1915751988100594,True,Energy,-0.02767063558611449,0.010808926080892567,6.0,-4.900000000000006,1.0,0.0,0.9396311366539808
NHI,2026-09-25,67.4,67.4,66.53,66.92,282044,29.3,,Z2,MKDN,0.021091098072452272,-0.012979351032448294,-0.077728776185226,-0.17748279252704025,0.02629804450438305,-0.03600308268872021,-0.06850194462931725,-0.11452298170249142,0.0,0.0,-0.012321852731591476,0.9688693413854754,True,,-0.04835039817974962,0.005862017135127129,0.0,-2.8000000000000007,0.0,0.0,0.9399060015119137
TGTX,2026-09-30,56.41,56.98,55.36,55.78,1908215,51.6,,Z4,MARKUP,0.04097676460635499,-0.003928571428571392,-0.005526831877340044,-0.0593591905564923,0.7473079684134963,-0.00047919556980668965,0.03342864943621815,0.2423923979026248,1.0,0.0,0.051429668009978835,0.8224844709909311,True,Healthcare,-0.0012533572068039733,0.01825483753194601,11.0,-2.5,0.0,0.0,0.9401920180375906
DDS,2026-09-24,647.73,660.39,645.56,651.79,98707,57.7,T9,,MARKUP,0.03428388104008341,0.027638507867435935,0.031231706352345512,-0.020232995114618624,0.9170109131265797,0.02186566405935597,0.0534279150200645,0.10457572874946619,1.0,0.0,0.042550331059052926,0.914389740387034,True,Consumer Discretionary,0.043983149936732024,0.050630258873593625,10.0,5.400000000000006,0.0,1.0,0.9410585924389193
MTB,2026-09-30,218.01,219.16,216.87,217.6,1383900,27.0,,Z10,MARKUP,0.019150560487692616,-0.00901721468257588,-0.062149814671149106,-0.14983395194373894,0.046731295053442604,-0.04331139029576292,-0.06865786852458144,-0.027218225357638737,1.0,0.0,-0.016862637863458207,0.8484465774418967,True,Financials,-0.03721074288748283,0.008715000927127736,1.0,2.0,0.0,0.0,0.9412982547544331
EWTX,2026-09-30,39.49,42.12,38.89,40.6,1678338,43.0,T1,,MARKUP,0.05526678896393799,-0.010962241169305664,-0.03905325443786978,-0.16305916305916301,0.3198624247635426,-0.04070233828389469,-0.03661004236963161,0.15758452540361056,1.0,1.0,-0.032898041185334015,1.2410276138490302,True,Healthcare,-0.10651408450704214,0.05427161776162048,1.0,2.0,1.0,1.0,0.9420484521953181
EXC,2026-09-29,40.12,40.74,40.01,40.65,14503354,28.8,T4,,MKDN,0.01778920432390251,-0.027511961722488043,-0.07021957913998167,-0.16254635352286773,0.10442678774120334,-0.03488281885719835,-0.06860569047100895,-0.10037308001185508,0.0,0.0,-0.047698945349952115,1.0913707961942791,True,Utilities,-0.03672985781990534,0.02315630505914923,2.0,-1.0999999999999979,0.0,1.0,0.9423313083560242
BAC,2026-09-25,56.31,56.74,55.87,56.7,28592210,31.0,T1,,MARKUP,0.021365704547760576,-0.017841676771176096,-0.07307503678273664,-0.13063477460901562,0.10221285563751378,-0.04208648499125989,-0.055372556298407205,0.011556162788070257,1.0,0.0,-0.02535851696397351,0.981859644381764,True,Financials,-0.09554952943053108,0.0174053472097615,2.0,1.8000000000000007,0.0,1.0,0.943240217605072
HURN,2026-09-29,156.13,159.01,155.46,156.36,159966,53.3,T5,,MARKUP,0.03251953956055087,-0.009502090459901136,-0.022077678403902512,-0.0956622325043377,0.7778673113080851,0.002309183312014129,0.055170085513241984,0.13073933796536852,1.0,0.0,0.07808599167822483,0.829940172873343,True,Industrials,0.014402491241728432,0.03962765957446823,14.0,-4.100000000000001,0.0,0.0,0.943678364538917
IVR,2026-09-25,6.41,6.45,6.35,6.41,2911242,27.9,,Z7,MKDN,0.022304866098228068,-0.006201550387596955,-0.1361185983827493,-0.2192448233861145,0.03225806451612928,-0.05229468862016784,-0.10340971976082958,-0.1674666140794725,0.0,1.0,-0.004702194357366851,0.8372019806687436,True,,-0.057352941176470495,0.009448818897637823,1.0,7.599999999999998,1.0,0.0,0.9437940184744174
SGML,2026-09-24,9.89,10.0,9.63,9.98,1465505,44.1,T5,,MKDN,0.07028856521016481,0.12387387387387383,-0.18196721311475406,-0.24221716021260442,0.27002288329519447,-0.042818308257540516,-0.10721721682363883,-0.1653526954455381,0.0,0.0,0.031818181818181746,0.9918195932113656,True,,-0.00893743793445878,0.13409090909090904,6.0,12.200000000000003,1.0,1.0,0.9447639035820281
ZD,2026-09-30,56.25,57.48,56.1,56.69,754894,52.1,T2,,MARKUP,0.027642560857406445,-0.0010572687224670307,0.026249094858797895,-0.06266534391534395,0.6240079365079365,0.0013743988771992566,0.029663048901488853,0.20279785878322176,1.0,0.0,0.01171303074670571,0.7669117812193286,True,Communication Services,-0.0350638297872341,0.025506512301012974,16.0,0.0,0.0,0.0,0.9456341846272196
ES,2026-09-30,64.29,64.94,63.97,64.16,3904560,30.5,,Z5,MKDN,0.01913567548307327,-0.011554460021568347,-0.08992907801418448,-0.16207391928953896,0.10397111913357389,-0.039578281653317005,-0.07157789345953414,-0.08142034044864865,0.0,0.0,-0.030902348578491945,1.2098388655743404,True,Utilities,-0.054524020041261445,0.022959183673469274,2.0,2.6000000000000014,1.0,1.0,0.9456436313285059
LUNR,2026-09-28,15.31,15.98,15.12,15.2,7685329,48.7,,Z2G,ACC-TR,0.06868956082436997,-0.03307888040712481,-0.011060507482107962,-0.27063339731285996,0.4094240837696335,-0.0038703973094186273,-0.06936473196606074,-0.1696009449292799,0.0,0.0,0.10311572700296723,1.066021194548588,True,Technology,0.09510086455331401,0.12759643916913932,8.0,-3.6999999999999957,1.0,0.0,0.9465204261994207
PAG,2026-09-25,208.0,210.13,207.13,209.62,383079,39.0,T9,,MARKUP,0.015396641299311025,-0.014063308405060981,-0.03777828781271508,-0.07656387665198239,0.6689523809523811,-0.018446760447067723,-0.002281606910709555,0.12330256027879272,1.0,0.0,-0.01968857967722082,0.9190118309490837,True,Consumer Discretionary,-0.02913250891575192,0.01202143581325732,0.0,-3.700000000000003,0.0,0.0,0.9475413122199409
RVMD,2026-09-28,203.97,204.98,200.98,201.74,1814790,50.8,,Z9,MARKUP,0.038735258327301826,0.046586428719651574,-0.029536270925533903,-0.10061967812402473,0.5328089422479819,0.004137574805731958,0.024014431710499107,0.3390345049026193,1.0,0.0,0.0046232330747157935,1.2138633074878746,True,Healthcare,-0.01643020818097607,0.07205866723349974,6.0,12.399999999999999,1.0,1.0,0.9476145625207547
INSP,2026-09-30,73.09,73.25,68.5,69.36,1002283,53.1,,Z1,MKDN,0.048726884436317015,0.004344048653344812,0.12743823146944067,-0.11979695431472082,0.7072868217054264,0.001349648408146109,0.089431683361749,0.05641274834059273,0.0,0.0,0.13549999999999995,0.7984832574802766,True,,-0.04659793814432989,0.0180537208278293,17.0,-1.7999999999999972,0.0,1.0,0.948107985573665
UNM,2026-09-28,91.37,92.5,91.08,91.12,1347238,44.6,,Z9,MARKUP,0.024997046256432027,-0.02607952116289014,-0.020741536808167593,-0.05838586338741336,0.6145975443383361,-0.021070186241590294,-0.004648579870186853,0.07992572799888431,1.0,0.0,0.03572647627716474,0.8512439511599641,True,Financials,-0.04003371260008426,0.0009886850488849408,2.0,-7.299999999999997,0.0,0.0,0.9482964475733953
LPLA,2026-09-30,307.39,308.31,303.26,305.8,771463,31.7,,Z2G,MARKUP,0.036204081456845234,0.011009356299798378,-0.14492632049883958,-0.19313984168865428,0.12251258690961431,-0.06488352846206302,-0.0861315503854817,-0.08007703630013097,1.0,1.0,-0.01653635002495435,1.210641283234805,True,Financials,-0.08179197693970697,0.03457608769199538,4.0,6.899999999999999,1.0,0.0,0.948582727709159
NBN,2026-09-25,130.32,132.28,129.88,130.24,125545,48.1,,Z5,MARKUP,0.02871662489656459,-0.023980815347721784,0.00023039705091765228,-0.06971428571428562,0.4914017717561234,-0.006112678693326434,-0.0014625269669341634,0.07782557524340894,1.0,0.0,0.024028382518948677,1.0376474982392292,True,Materials,-0.018094089264173552,0.026805424156417512,17.0,-7.100000000000001,0.0,0.0,0.9489889806054004
ROIV,2026-09-30,36.77,36.95,36.23,36.57,5282357,45.5,,Z10,MARKUP,0.0381508707105442,-0.006789788158609422,0.059385863267670924,-0.1395294117647059,0.4087736789631108,-0.02560741801279498,0.0006552991266852715,0.20660296054289207,1.0,0.0,0.05533951540532467,0.6904170143510466,True,Healthcare,-0.07581501137225166,0.03656462585034004,19.0,0.3999999999999986,0.0,1.0,0.9491665196476318
MSEX,2026-09-30,53.22,53.48,52.8,52.97,143040,31.4,,Z3,MARKUP,0.021642583650188087,-0.0126747437092265,-0.08907996560619091,-0.1142140468227425,0.1071895424836602,-0.03883503136539046,-0.05384566811826541,-0.03376337557573128,1.0,0.0,-0.020841156590311716,1.1799788229276464,True,Utilities,-0.05931450896821178,0.01572387344199422,1.0,5.5,0.0,0.0,0.9498212445698635
CAKE,2026-09-28,104.02,107.15,103.69,105.16,1413205,53.7,T3,,MARKUP,0.0350475521507006,0.05720317683723741,-0.061657892388685576,-0.11227418537903089,0.6897597387450431,0.016435003746309462,0.05077956816640361,0.32758095487731675,1.0,0.0,0.06335942458218735,1.0146662579731722,True,Consumer Discretionary,-9.508414947234645e-05,0.11233340385022195,6.0,9.5,1.0,0.0,0.9502951116993061
HIG,2026-09-29,124.96,126.47,124.81,125.85,1562445,29.9,T10,,MARKUP,0.0183719060978437,-0.022372407364250724,-0.08392779152715102,-0.13836779405723676,0.09086819613135383,-0.04286181369095554,-0.06572978393455953,-0.06774359168374644,0.0,0.0,-0.03701687534022868,1.013587527285233,True,Financials,-0.07483643313974864,0.016312686747960825,1.0,0.3999999999999986,0.0,1.0,0.9504032315182388
ANGO,2026-09-25,15.32,15.65,15.15,15.49,635493,51.9,T1,,MARKUP,0.031821723968168965,0.0032383419689119286,-0.018377693282636165,-0.049109883364026996,0.7989949748743721,0.0017254422343198073,0.03254665263348633,0.19618256896768327,1.0,0.0,0.010101010101010166,1.074903237493016,True,,0.014407334643091074,0.03473613894455574,14.0,0.3999999999999986,0.0,1.0,0.9504613512360296
GOLD,2026-09-25,43.86,44.29,43.5,43.95,351594,46.6,T2G,,MARKUP,0.04943102037763801,-0.03321601407831054,-0.04414963027403207,-0.12257935715711721,0.5305810397553519,-0.025646004004592604,-0.009353899283236822,0.04530913155806049,1.0,0.0,0.10051948051948045,0.6350891736470426,True,,-0.08855246785566151,0.03729053575643149,15.0,-3.299999999999997,0.0,1.0,0.9506586116914415
NMAX,2026-09-25,10.85,11.12,10.81,10.87,686339,54.6,T11,,MKDN,0.05263480280651079,0.053294573643410725,0.037213740458015065,-0.10239471511147813,0.7310195227765726,0.015699884728330726,0.08695642413118132,0.17625902601065424,1.0,0.0,0.002955665024630516,0.6228698588504366,True,Communication Services,-0.04565408252853387,0.07093596059113283,5.0,5.200000000000003,1.0,0.0,0.9507940329936772
LAD,2026-09-25,310.29,316.88,306.31,316.42,262696,32.6,T2G,,MARKUP,0.03768972759099244,0.0004742783065103673,-0.14720784821043553,-0.28002912466722785,0.1776144336785836,-0.06511534831686083,-0.08215090558622928,-0.017604573545999425,1.0,1.0,-0.03206380729683844,1.084262035885,True,Consumer Discretionary,-0.11619462599854746,0.04712423059103843,1.0,5.600000000000001,1.0,1.0,0.951272996646753
STT,2026-09-29,179.47,180.15,176.45,177.78,2209861,34.4,,Z2G,MARKUP,0.02261400786876632,-0.01370319001386966,-0.07106280698087575,-0.09263512478946567,0.1651333946642135,-0.034974773503788636,-0.03161544799011806,0.1165036433333202,1.0,1.0,-0.002882007233273143,1.102671501186654,True,Financials,-0.03970183114568138,0.007537546047038823,0.0,-2.700000000000003,1.0,0.0,0.9513697476999814
TRGP,2026-09-29,274.62,278.15,271.81,273.49,1088844,37.3,,Z2G,MARKUP,0.02737891361994785,-0.03069289385078844,-0.06865315852205,-0.1118724426836396,0.34827847143397656,-0.037305669521252804,-0.028841972094503787,0.09379138071409931,1.0,0.0,-0.03270462633451954,0.9146826277039607,True,Utilities,-0.04267012041444973,0.0061807880504765045,0.0,-8.0,1.0,0.0,0.951954966074236
MRK,2026-09-25,148.06,149.98,147.48,148.78,8290079,56.8,T1,,MARKUP,0.024168670150974562,0.013004698032273332,-0.0050822522402032,-0.05187356614835581,0.7785636561479873,0.012395617420116523,0.05396871901235567,0.21614352678621307,1.0,0.0,0.023046655424395768,0.9613280167396959,True,Healthcare,0.03369693601056056,0.04539066891512089,8.0,1.3999999999999986,0.0,1.0,0.9525014195827051
APA,2026-09-29,41.38,42.51,41.23,42.19,5932588,46.4,T5,,MARKUP,0.035567498898447174,-0.002600472813238719,-0.022247972190034826,-0.11066610455311976,0.6462264150943395,-0.026663805617818115,0.01465077465750908,0.18876890625689646,1.0,0.0,0.01903114186851207,1.0322220920526601,True,Energy,-0.1101033537228433,0.02328401649284495,0.0,-0.6000000000000014,0.0,0.0,0.9527061929689804
MWA,2026-09-28,21.58,21.74,21.35,21.64,1351751,27.7,T2,,MKDN,0.02296198875825255,-0.012323140118667308,-0.11238720262510249,-0.2517289073305671,0.04084321475625852,-0.049398005820742386,-0.0963860334578387,-0.14921672750570703,0.0,0.0,-0.016143911439114422,0.8942958621568798,True,Industrials,-0.06239168110918536,0.01453352086263493,2.0,1.5999999999999979,0.0,0.0,0.9539348773507337
ROCK,2026-09-28,39.71,40.96,38.89,40.55,348974,37.8,T10,,MKDN,0.04772087033806762,-0.028044103547459343,-0.10426330903468095,-0.29576241750607857,0.12216494845360812,-0.06095128223567259,-0.0816816731436325,-0.11752106520759487,0.0,0.0,-0.06832601268911653,1.1831645273395723,True,Materials,-0.09908909131304156,0.06207438449449976,2.0,0.09999999999999432,1.0,1.0,0.9549854642355945
MTSI,2026-09-30,284.19,287.32,278.0,284.82,916653,54.8,T2,,MARKUP,0.04741440915083906,0.03255510440835274,0.08705774588756165,-0.13949061905193516,0.5516169758181994,0.0342386832327648,0.01279086125121287,0.07112507385947331,1.0,0.0,0.13067096719433025,0.7581612160423415,True,Technology,0.13136047666335648,0.09905460158209545,11.0,3.0999999999999943,1.0,0.0,0.955417304355588
SPRB,2026-09-30,47.78,49.95,47.76,48.58,61255,40.0,T1G,,MKDN,0.06345291900353223,-0.01679821898401135,-0.12625899280575548,-0.24682170542635662,0.34133223003723623,-0.06062703299098482,-0.06971661808391749,-0.10736704114926321,0.0,0.0,0.034214618973561484,0.5545474334817859,True,Healthcare,-0.10302806499261441,0.07931570762052886,5.0,0.3999999999999986,1.0,1.0,0.9558959879351568
FA,2026-09-24,19.98,20.31,19.42,19.92,1559599,42.3,,Z2G,MARKUP,0.04150185856522197,-0.05413105413105401,-0.029239766081871288,-0.207952286282306,0.27361111111111147,-0.04037341253925719,-0.02264259437270666,0.15111070896512224,1.0,1.0,-0.02362996480643531,1.0053789748786732,True,Technology,-0.02448579823702257,0.025746652935118464,0.0,-8.200000000000003,1.0,0.0,0.9559440403498833
MTRX,2026-09-30,9.55,9.62,9.38,9.57,656649,31.4,T9,,SPRING,0.03597293842924168,-0.021472392638036686,-0.10560747663551395,-0.2604327666151468,0.05337078651685381,-0.05091374761825396,-0.11645216861343921,-0.19755409999512452,0.0,0.0,-0.03298969072164937,1.1263746350962336,True,,-0.033333333333333326,0.02025586353944564,0.0,-0.8000000000000043,1.0,0.0,0.956492018715882
CBRS,2026-09-25,211.81,213.0,203.61,206.75,5641479,53.4,,Z5,ACC-TR,0.06445150339281323,0.04224429097141713,0.10756950768736284,-0.22166170989722545,0.4298993028659954,0.03550669178057175,0.009927573974625625,,0.0,0.0,0.1679905157083581,0.8770055128427514,True,Technology,0.07721565153962384,0.16459189996057,16.0,2.799999999999997,0.0,0.0,0.9567449005969543
ABM,2026-09-24,49.85,50.16,49.27,49.54,370224,56.2,,Z4,MARKUP,0.025230758676901367,0.0048681541582149546,0.03705254343730369,-0.03411971144472603,0.7721354166666666,0.010852918212071794,0.03632443117531925,0.09257226114976147,1.0,0.0,0.06248634476731474,1.0925091943471943,True,,0.00957815365803949,0.020391349124613933,12.0,-0.29999999999999716,1.0,0.0,0.9567597779594831
ECHO,2026-09-30,90.25,91.19,89.11,89.41,3017859,44.4,,Z4,MKDN,0.03151247202357634,-0.035698878343399465,0.03916782891678272,-0.1104367724604518,0.38435940099833565,-0.01843737218727326,-0.021429330926279966,,0.0,0.0,0.05269404225017804,0.920517165513098,True,Communication Services,-0.04333404665097362,0.008004509582863584,19.0,-8.0,0.0,1.0,0.9567675922576829
UHAL,2026-09-29,60.46,61.21,60.45,60.88,116232,26.8,T4,,MARKUP,0.022500860329273998,-0.019171902690510723,-0.09606533036377118,-0.2036625245258339,0.04125615763546808,-0.04442552629993424,-0.07323124119452773,0.00029110943779087073,1.0,0.0,-0.026987718164188768,0.8297943553950798,True,Consumer Discretionary,-0.036098796706776404,0.011127719647899159,1.0,-1.3999999999999986,1.0,1.0,0.9574684365965964
HR,2026-09-29,17.94,18.07,17.83,17.94,3630404,26.3,,Z7,MARKUP,0.01712763556887906,-0.013201320132013139,-0.057773109243697385,-0.18602540834845727,0.06392694063926968,-0.029782670060191196,-0.06173642021540893,-0.048671451060225746,1.0,0.0,-0.025923883066740094,1.1141383508603466,True,,-0.03806970509383367,0.015855039637599155,2.0,3.6000000000000014,0.0,1.0,0.9575471703572396
ATS,2026-09-25,19.06,19.16,18.86,19.1,201680,39.9,T9,,ACC-TR,0.030278901610564086,-0.012409513960703111,-0.015971148892323428,-0.3337983955354028,0.06725146198830421,-0.018486422549210735,-0.10982797053067628,-0.27137383290155326,0.0,0.0,0.017925040738728804,0.6125332328215759,True,,-0.005208333333333259,0.02467811158798283,16.0,-0.30000000000000426,0.0,0.0,0.9577156498178933
NAVN,2026-09-30,20.86,21.38,20.66,20.99,3330983,38.7,T2G,,MARKUP,0.059685999197765134,0.06765005086469977,-0.2314170633467595,-0.32027202072538863,0.1873459326211995,-0.059147511993209556,-0.12442796957075675,0.0010094500743695889,1.0,1.0,-0.035567010309278224,0.6323051644071606,True,Technology,-0.06835330670217499,0.12185996793158727,2.0,9.900000000000002,1.0,1.0,0.9578407111861751
NCNO,2026-09-24,19.33,20.17,19.04,19.97,2413666,43.1,T1,,MARKUP,0.045982454098027654,-0.06725829051844934,-0.07159460715946087,-0.1710253217102533,0.48241206030150746,-0.04758020824214104,-0.01096237073768469,0.0060780482169722205,1.0,1.0,-0.005747126436781547,0.9214804635347748,True,Technology,-0.06812879141390582,0.04939569101418795,1.0,-8.100000000000001,1.0,1.0,0.9579511922754685
URGN,2026-09-30,40.72,41.09,40.09,40.63,641378,38.3,,Z11,MARKUP,0.04576274012364356,-0.02402113860196975,-0.06360912652684947,-0.2003542609722495,0.286115007012623,-0.04330602877898382,-0.03489452899489631,0.2583045879304813,1.0,0.0,0.0007552870090634656,1.1069417174042908,True,Healthcare,-0.06576224419406762,0.02291037260825779,5.0,-3.0,1.0,0.0,0.958657636610926
GDDY,2026-09-30,94.46,96.64,93.87,95.51,1712252,47.6,T2G,,MKDN,0.05217937109198891,-0.009026769039219618,-0.05012431626056679,-0.1344811961939283,0.6016107382550339,-0.020670112312194622,-0.0035501979774498205,-0.05201344474517067,0.0,0.0,0.0026200873362447474,1.3532497994041452,True,Technology,-0.03612877182359464,0.03996080139372826,15.0,-0.5,0.0,1.0,0.958895555292196
JBS,2026-09-28,11.49,11.62,11.33,11.6,4586542,30.1,T2,,MKDN,0.032054785787620194,-0.035743973399833706,-0.14643119941133187,-0.19163763066202089,0.12420382165605062,-0.054580928524997296,-0.09008782999138454,-0.1557183186713218,0.0,0.0,-0.056397306397306335,1.087808733546918,True,,-0.07274180655475626,0.03479036574487049,2.0,-0.29999999999999716,0.0,1.0,0.9593767952550255
HHH,2026-09-24,63.83,65.26,63.83,64.58,652895,51.5,T9,,MKDN,0.028760484306982,0.04939876503087426,-0.01644837039293323,-0.1450886947312683,0.2906148867313912,0.012415920787397727,-0.007485021456993257,-0.05902754241546726,0.0,1.0,-0.0026556016597509835,1.4091421037065355,True,,0.04786629888041527,0.07472125145614905,4.0,14.899999999999999,1.0,1.0,0.9595684798509524
SMPL,2026-09-29,9.53,9.65,9.48,9.61,1487257,37.7,T2,,MKDN,0.04252950233099336,-0.03996003996004005,-0.16069868995633185,-0.36315440689198153,0.040280210157617985,-0.0477054983456906,-0.10091651222494402,-0.3339390753388387,0.0,0.0,-0.03696098562628336,0.817598778870509,True,Consumer Staples,-0.02238046795523918,0.024520255863539342,3.0,-3.0999999999999943,1.0,0.0,0.9599496446093038
CMG,2026-09-30,31.95,32.12,31.54,31.95,14345058,35.2,T2G,,MKDN,0.03719077192008576,-0.023234484867013183,-0.1482271394294854,-0.18265541059094403,0.10188679245282999,-0.05049460687880525,-0.06810000773898273,-0.09975530776908847,0.0,0.0,-0.029906542056074792,1.2966307880344305,True,Consumer Discretionary,-0.051365795724465535,0.026011560693641522,2.0,-0.3999999999999986,1.0,1.0,0.960082051965129
GRMN,2026-09-29,293.7,294.95,284.54,290.23,945242,57.1,,Z1,MARKUP,0.024451246832271168,0.01953138722029024,0.021540952447995476,-0.07652411862033837,0.6937086092715237,0.017435242179604238,0.038210710922478075,0.146828417843464,1.0,0.0,0.0562665572180141,0.848870376789674,True,Technology,0.04036276302111341,0.07123611264902374,18.0,2.6000000000000014,0.0,0.0,0.9604137981007121
CVLG,2026-09-24,34.12,34.3,33.0,33.16,150991,36.0,,Z2G,MARKUP,0.041248079043092266,-0.024705882352941244,-0.06696679797411376,-0.33520449077786696,0.016470588235293765,-0.04524425021235401,-0.08820410610698859,-0.01808857717577983,1.0,1.0,-0.00754603078780558,0.67787961288655,True,Industrials,-0.059824213212361976,0.008515815085157863,3.0,-3.1000000000000014,1.0,0.0,0.9604172700012668
COUR,2026-09-24,5.16,5.29,5.06,5.06,4733341,36.2,,Z6,MKDN,0.04495239223060841,-0.01747572815533993,-0.16501650165016502,-0.23680241327300156,0.048484848484848006,-0.06428590815347246,-0.0945982967844784,-0.19829780297953203,0.0,0.0,-0.02734374999999989,1.216433362454501,True,Technology,-0.03250478011472291,0.016064257028112205,3.0,-0.29999999999999716,0.0,0.0,0.9607110440186046
AMSF,2026-09-29,23.63,23.95,23.34,23.87,404424,28.8,T2,,MKDN,0.02673873705527799,-0.02809446254071657,-0.08333333333333326,-0.33212087297146053,0.05342902711323776,-0.03816384378600546,-0.10689798330524947,-0.25847835803357366,0.0,0.0,-0.03774367482372465,0.8915502896588475,True,Financials,-0.03749999999999998,0.028879310344827713,1.0,-0.09999999999999787,1.0,0.0,0.9612391765803716
ADM,2026-09-30,79.19,80.29,79.08,79.38,3134420,37.8,T10,,MARKUP,0.028531391526108108,-0.03371880706025576,-0.0611472501478415,-0.10557746478873242,0.2781201848998458,-0.03808449463395769,-0.032409959103824604,0.058788230805866926,1.0,0.0,0.0038353362311429606,0.8108202749478954,True,Consumer Staples,-0.06611764705882361,0.010952623535404937,1.0,-7.700000000000003,0.0,0.0,0.9626507558791183
VIAV,2026-09-24,35.71,37.5,35.18,37.23,4533596,50.9,T4,,MARKUP,0.06026636515032228,0.07167530224525032,-0.03996905621454372,-0.22405168820341814,0.3512371756185877,0.01856574262245947,-0.030764420666411385,0.052364844351741935,1.0,0.0,0.0591463414634148,1.3460109290204338,True,Technology,-0.00454545454545463,0.11801801801801792,14.0,7.399999999999999,0.0,1.0,0.9629526553223523
BWFG,2026-09-28,66.45,67.17,66.14,66.16,61186,49.1,,Z1,MARKUP,0.022099912634777043,0.0033363663936911703,-0.006009615384615419,-0.04928869090386556,0.7470501474926249,-0.004316238556052898,0.017737181426103144,0.17724976155496153,1.0,0.0,0.03279467680608361,0.8070048299560804,True,Financials,-0.030622710622710714,0.014879582758091647,17.0,2.1000000000000014,0.0,1.0,0.9630301587120843
CCJ,2026-09-30,87.79,89.92,86.6,86.67,3076003,34.4,,Z2,MKDN,0.038126674281426055,-0.04548458149779733,-0.09962601288177853,-0.22296933835395372,0.12398731947868953,-0.059555433464551055,-0.089798466369031,-0.12111227625351928,0.0,0.0,-0.04524180967238678,0.9607696957885506,True,,-0.046534653465346576,0.011554621848739455,2.0,-5.899999999999999,1.0,0.0,0.9638507617161952
TNDM,2026-09-30,16.63,16.68,16.0,16.31,2198743,38.6,,Z3,MKDN,0.06794808053967558,-0.004273504273504258,-0.23355263157894746,-0.34260378879484077,0.16992187499999986,-0.07063768842963913,-0.11707967361333882,-0.125646931773172,0.0,1.0,-0.06553245116572148,1.1392565501701073,True,,-0.06959498003422715,0.09979770734996629,3.0,4.800000000000004,1.0,0.0,0.9641578923357385
ENOV,2026-09-25,18.31,18.79,18.06,18.46,1289104,37.3,T1,,MKDN,0.06228587357275244,0.0232815964523283,-0.25654450261780093,-0.4169298799747315,0.08077994428969361,-0.06256130388252379,-0.16217479127175138,-0.24643068062412232,0.0,0.0,0.010404624277456698,0.7867364766489151,True,,-0.04253112033195017,0.06705202312138736,8.0,3.299999999999997,1.0,1.0,0.9642832812867356
CNA,2026-09-29,45.1,46.11,45.0,45.99,654144,32.6,T3,,MARKUP,0.021116940440058008,-0.03117758584369068,-0.053119209388511446,-0.17447495961227788,0.09243697478991615,-0.032235772067617074,-0.052767288022212755,-0.0406527051894604,1.0,0.0,-0.04275686024250158,1.1129832592472997,True,Financials,-0.05018587360594795,0.02200000000000002,0.0,-4.699999999999996,1.0,0.0,0.9642996140749216
PBA,2026-09-28,44.89,45.3,44.57,45.05,701242,31.2,T9,,MARKUP,0.019542823033456874,-0.028885535675792218,-0.06165382212039161,-0.1265994571539356,0.09806629834254064,-0.04026234717752031,-0.05607071243277151,-0.010935964709816282,1.0,0.0,-0.043984476067270406,0.8030563838386809,True,,-0.053571428571428714,0.01601262967974737,1.0,-4.300000000000001,1.0,0.0,0.964733825505138
SBLK,2026-09-30,29.69,30.08,29.25,29.36,2125161,42.3,,Z5,MARKUP,0.029941023768924914,-0.03421052631578947,-0.05442834138486319,-0.1070559610705597,0.5610972568578552,-0.03264880163103967,-0.010508894685585024,0.1320054725236779,1.0,0.0,-0.016315431679129855,1.1064647706875559,True,,-0.04891480401684489,0.014512785072563927,1.0,-5.900000000000006,1.0,0.0,0.9656570499058291
BGSI,2026-09-30,79.86,79.86,78.34,78.41,46433,37.4,,Z6,MKDN,0.04094236385219924,-0.015073483230749973,-0.050726392251815966,-0.3215367309855499,0.01588983050847443,-0.05373969855747973,-0.12163377367944195,-0.317738873383716,0.0,0.0,-0.021011575239053837,0.7326531203563046,True,,-0.05586995785671278,0.007711091119393387,2.0,-0.6000000000000014,1.0,0.0,0.9657209178675378
MSDL,2026-09-29,14.17,14.38,14.08,14.27,641355,31.9,T1,,MKDN,0.017899696017054805,-0.025273224043715903,-0.07035830618892513,-0.09854706253948198,0.11363636363636324,-0.026710459515457696,-0.04489542411559755,-0.08398119765383993,0.0,0.0,-0.031658637302133474,1.126571584042157,True,,-0.031228784792939668,0.014214641080312562,1.0,-5.200000000000003,1.0,1.0,0.9668338371144147
TENB,2026-09-30,34.99,37.53,34.92,36.39,5201452,53.9,T2,,MARKUP,0.06003416963782859,0.004416229643941616,0.025937411897378082,-0.16670483169223727,0.5497835497835497,0.032454393198121156,0.0497354975732871,0.21115698813600337,1.0,0.0,0.08408408408408419,0.6354756769047231,True,Technology,0.0005499037668408313,0.12003693444136654,13.0,0.7999999999999972,1.0,0.0,0.9675711752558909
EQX,2026-09-25,11.74,12.0,11.59,11.94,9210718,48.0,T1,,MKDN,0.04788833610393352,-0.04096385542168668,-0.112267657992565,-0.15198863636363635,0.6178571428571428,-0.02151380353087129,0.0057299344067620606,-0.0023117661216687235,0.0,0.0,0.014010507880910739,1.2995050241570822,True,,-0.03709677419354851,0.04553415061295962,7.0,-5.399999999999999,0.0,1.0,0.9676679524313511
CPT,2026-09-28,98.16,98.69,97.0,98.4,1455269,29.4,T2G,,MKDN,0.017887031428582795,-0.004250151791135304,-0.07475317348377986,-0.17869960771221094,0.06588132635253076,-0.03142534692594545,-0.06523996799638843,-0.08463014231936972,0.0,1.0,-0.014143264143264167,1.2319064602922003,True,,-0.05229702398150815,0.015584683661884702,1.0,5.399999999999999,1.0,1.0,0.9677155219390191
AVTX,2026-09-30,15.8,15.99,15.14,15.33,1432710,36.3,,Z3,MARKUP,0.06371229240438278,0.0019607843137254832,-0.19102902374670183,-0.2706945765937202,0.11645962732919256,-0.07737683800618844,-0.125122652212739,-0.05901602717304699,1.0,1.0,-0.036351619299405225,1.1550042267755463,True,Healthcare,-0.07539203860072363,0.05144032921810693,4.0,4.299999999999997,1.0,1.0,0.9678137752115777
OGS,2026-09-30,72.49,72.73,71.61,71.87,692641,26.3,,Z3,MKDN,0.019693806014974783,-0.005809932217457514,-0.10564957690393229,-0.1275795095897061,0.08369659982563278,-0.04144877205806696,-0.06992361761008925,-0.09802246275575921,0.0,1.0,-0.01280801893359318,1.1041672779736442,True,Utilities,-0.0599084368868541,0.01353828797066714,2.0,2.0,1.0,1.0,0.9682349561021396
ROG,2026-09-25,136.12,139.4,134.59,137.76,212038,57.9,T4,,MARKUP,0.03811115819800349,0.061570470833012036,0.06518209232196681,-0.12771481035901988,0.5352534562211978,0.03913188391404954,0.038189274592628886,0.13245294584496592,1.0,0.0,0.07368071689346167,1.1914122480473428,True,Materials,0.007901668129938422,0.10420006412311622,15.0,8.799999999999997,0.0,1.0,0.9687464949177086
ENB,2026-09-28,46.91,47.17,46.57,46.97,4287372,29.5,T9,,MKDN,0.01698236222948183,-0.025518672199170256,-0.06434262948207181,-0.17740805604203158,0.0461393596986819,-0.03395772934559904,-0.06991718704615835,-0.09091286948795563,0.0,0.0,-0.02414444677724137,0.7880587917749932,True,Energy,-0.024709302325581328,0.010542168674698926,1.0,-4.899999999999999,1.0,0.0,0.9692281423557492
BEPC,2026-09-30,28.35,28.59,27.92,28.22,1749107,29.7,,Z5,MKDN,0.02910258871215388,-0.03422313483915129,-0.10809102402022763,-0.22387238723872394,0.07394766780432294,-0.05369270825980177,-0.11254067764764175,-0.20404650341515507,0.0,0.0,-0.04996554100620254,0.999736591920954,True,,-0.035213675213675244,0.023576351106274984,1.0,-2.1999999999999993,1.0,0.0,0.970020119826788
MAN,2026-09-28,57.02,58.11,56.5,57.02,1100575,47.3,,Z7,MARKUP,0.038311264377259284,0.008311229000884213,-0.08607148581503443,-0.10738885410144017,0.7486258702821547,-0.014100681040819962,0.038460877328106546,0.33650142469537925,1.0,0.0,0.0018188432157149048,1.037695874282039,True,,-0.017235436056532216,0.03522149600580993,13.0,2.0999999999999943,0.0,0.0,0.9708147930619418
ALRS,2026-09-28,32.17,32.28,31.87,32.06,157984,39.9,,Z4,MARKUP,0.021297205458574144,-0.011713933415536282,-0.032004830917874205,-0.06802325581395341,0.5821428571428576,-0.018093449840481557,-0.011751222232351144,0.11827690553695192,1.0,0.0,-0.018034825870646753,1.2351149881046788,True,Financials,-0.037815126050420145,0.015199493350221749,2.0,-1.7000000000000028,1.0,1.0,0.9709809062744154
HGV,2026-09-28,35.44,35.95,35.07,35.94,1759314,28.5,T2,,MKDN,0.03899329247825602,0.010686164229471107,-0.17963935174617673,-0.3265879707700956,0.07089552238805961,-0.06112791379366689,-0.14420456619870436,-0.19866091237678896,0.0,1.0,-0.00972818311874113,1.040825276743897,True,Consumer Discretionary,-0.07059736229635383,0.03842819994221314,2.0,6.399999999999999,1.0,1.0,0.9720207682795723
CACC,2026-09-28,555.48,555.48,541.61,550.0,89164,33.1,,Z1,MARKUP,0.03159802701851808,-0.025289311854254093,-0.0754593286153743,-0.17770534940047245,0.06593320235756374,-0.04728126496741558,-0.057366130214710376,0.008209890762214567,1.0,0.0,-0.03691519817913469,1.104335438205383,True,Financials,-0.09144971587154749,0.015490851350602908,0.0,-1.7999999999999972,1.0,1.0,0.9724612824199221
HAFC,2026-09-30,31.16,31.27,30.66,30.9,314463,38.1,,Z2,MARKUP,0.018257867595591108,-0.02153261557948072,0.0012961762799741372,-0.07733651836369071,0.2621082621082615,-0.025156854859285427,-0.02375876669557897,0.03889247311519095,1.0,0.0,0.001306335728282093,1.053291051932454,True,Financials,-0.036783042394014975,0.007827788649706457,0.0,-7.799999999999997,0.0,0.0,0.9726844546958086
DOCU,2026-09-29,66.27,67.43,65.84,66.98,1841016,53.0,T10,,MARKUP,0.04072831571547171,0.00329538645895755,0.010713746793421075,-0.09559816365109364,0.7503526093088858,0.0004166948954795746,0.07139093733790158,0.14921405448776448,1.0,0.0,0.08837050910948419,0.7076100395519673,True,Technology,-0.0677800974251912,0.0478723404255319,14.0,-1.2999999999999972,0.0,0.0,0.9734003015499367
LCLN,2026-09-30,23.51,23.55,22.9,23.09,811810,37.7,,Z3,MARKUP,0.04633738193354298,-0.03590814196242165,-0.0708249496981892,-0.16188747731397457,0.4053333333333332,-0.05634865038753656,-0.05163007738786618,,0.0,1.0,-0.011274934952298254,0.6734388839742159,True,,-0.10883828637591664,0.012719298245613908,2.0,-2.8999999999999986,1.0,1.0,0.9746731047239515
MANH,2026-09-24,211.6,213.3,208.49,209.63,355454,53.4,,Z3,MARKUP,0.0342067319742619,-0.005644625747082799,-0.028996248089304677,-0.07664185349953756,0.7946660372905358,0.002854328957475838,0.06478452606841945,0.21204341321074516,1.0,0.0,0.0062210720151296695,1.0614383457351608,True,Technology,0.022485611159886787,0.04329866122530235,9.0,-1.8999999999999986,0.0,0.0,0.9748893450089192
ANAB,2026-09-30,50.13,52.02,49.39,50.26,1430099,32.9,T5,,MARKUP,0.048032008936705485,-0.010045302343903995,-0.09081041968162085,-0.29121421520236923,0.040427509293680185,-0.058062927057141445,-0.0907598828991204,-0.0525757163692715,1.0,1.0,-0.0012133468149646554,1.1497870423859087,True,Healthcare,-0.07457190204382258,0.017614901801984217,0.0,0.5,1.0,0.0,0.9753830370273032
IEP,2026-09-25,7.0,7.02,6.93,6.96,562882,47.1,,Z10,MKDN,0.021228102184179067,-0.001434720229555153,0.03417533432392261,-0.11450381679389321,0.3333333333333333,-0.005284497396508603,-0.0224808805712291,-0.08002377878408473,0.0,0.0,0.05801526717557248,1.2602559811825969,True,Energy,-0.005714285714285672,0.011627906976744207,19.0,-1.1999999999999957,0.0,0.0,0.9763882081093427
DAVE,2026-09-30,324.99,324.99,319.21,321.51,185987,40.4,,Z1G,MARKUP,0.05996777646110654,-0.014347466200680614,-0.05615899483325504,-0.29839607201309326,0.1239108149666836,-0.06512752457874504,-0.08129455543490449,0.08507426557466524,1.0,1.0,-0.018222011684825512,0.8088953173024769,True,Financials,-0.12114916764617445,0.03419325784868765,2.0,0.0,1.0,1.0,0.9764754845804358
AIP,2026-09-30,23.53,23.74,22.75,23.64,1031638,49.5,T1G,,DIST-TR,0.05617441668398949,-0.02273666804464658,0.13982642237222764,-0.3583061889250815,0.21521997621878716,0.012982535576783194,-0.07087972709600687,-0.0345825769281628,1.0,0.0,0.12587412587412583,0.9212545524663154,True,Technology,0.1327264015333014,0.09902370990237097,11.0,-2.3999999999999986,1.0,1.0,0.9765491069835102
OOMA,2026-09-24,22.15,22.46,21.57,21.92,371708,47.6,,Z2,MARKUP,0.04599568789146915,-0.019239373601789733,0.06770579639551877,-0.16303932798778153,0.3960396039603961,-0.017224328876165873,0.01973058307684128,0.23447126350852288,1.0,0.0,0.07850000000000001,1.0790095105268143,True,Technology,-0.0330833700926334,0.016226240148354165,16.0,-5.199999999999996,0.0,0.0,0.9766143432787701
HAWK,2026-09-25,16.06,16.47,15.86,16.1,901930,35.3,T2G,,MKDN,0.0635852153119355,-0.010448678549477508,-0.21348314606741559,-0.3737845196421625,0.06335282651072145,-0.06665079975803656,-0.17324521026503803,,0.0,1.0,-0.016549968173138252,0.8838326739297845,True,Technology,-0.012269938650306678,0.04207119741100329,3.0,0.6999999999999957,1.0,1.0,0.9768283472647642
MGY,2026-09-24,24.7,25.11,24.55,24.74,4168337,39.8,T1G,,MKDN,0.03685636486825882,-0.03660436137071654,-0.06394248959515703,-0.1415683553088134,0.24723247232472315,-0.04896432024453967,-0.061320008016392924,-0.06038044008375243,1.0,0.0,-0.06922174423152128,1.2040674182536555,True,Energy,-0.10685920577617336,0.03949579831932759,2.0,-2.0,0.0,1.0,0.97751456695916
CBLL,2026-09-30,25.0,25.25,24.36,24.39,336289,55.2,,Z4,MARKUP,0.03562193699910956,0.03259949195596956,-0.007729861676159411,-0.0483808037456106,0.8717683557394004,0.012320421774765222,0.06797073896628292,0.2166313850540429,1.0,0.0,0.00957771005659569,0.7465248154092025,True,,-0.00448979591836729,0.05174644243208282,13.0,5.100000000000001,0.0,1.0,0.9780487444647497
SUNC,2026-09-28,76.85,76.85,75.12,75.31,382882,40.4,,Z2,MARKUP,0.02744421251256666,-0.028508771929824483,-0.013492271417343438,-0.09808383233532936,0.4928792569659446,-0.03569551394960935,-0.013743302521953882,0.12424499390733024,1.0,0.0,0.005891805034815123,0.8009790411416545,True,Energy,-0.06955769705955028,0.0025292864749733024,0.0,-5.700000000000003,0.0,0.0,0.978303523131798
AWK,2026-09-30,130.48,131.51,129.44,129.47,1688283,31.6,,Z3,MARKUP,0.01976970739218997,-0.026980309634751287,-0.05771470160116454,-0.09060897661024092,0.14228723404255317,-0.03498390348868574,-0.03944939246610657,-0.030733194483132387,1.0,0.0,-0.03589005830241532,0.8107265923795319,True,Utilities,-0.06017711962833905,0.01680672268907557,1.0,-5.5,0.0,0.0,0.9784614759213242
USAC,2026-09-29,25.34,25.35,24.82,25.01,352433,34.5,,Z2,MARKUP,0.025854558348094345,-0.021135029354207413,-0.07575757575757569,-0.10454708199069096,0.06109324758842486,-0.0445074744055135,-0.055438311217805625,-0.051283768778671246,1.0,0.0,-0.023987416437278752,0.6271117774851466,True,Utilities,-0.05049354593773725,0.007655116841257081,0.0,-3.3999999999999986,1.0,0.0,0.979063983580793
ECPG,2026-09-25,98.43,99.22,97.78,98.41,196436,51.0,,Z5,MARKUP,0.035938034070449446,-0.011352220212979769,-0.03500686409099829,-0.06258334920937325,0.7049842837898517,0.0018377917847876013,0.022934048345208957,0.2313241235438417,1.0,0.0,0.008620689655172376,0.7239729756240492,True,Financials,-0.0015219155844156118,0.05138888888888893,17.0,-2.3999999999999986,0.0,1.0,0.9791127439310698
MET,2026-09-25,97.54,98.45,96.67,97.7,3625278,55.4,T9,,MARKUP,0.01882232970003057,0.006801319043693299,0.015064935064935003,-0.0320023778856634,0.7554882664647993,0.008844925129043446,0.027080581635846812,0.12850048894348132,1.0,0.0,0.011713342562027496,0.9393810778462244,True,Financials,0.005764875437512806,0.02831280917798118,17.0,2.6000000000000014,0.0,0.0,0.9791563987531479
AMP,2026-09-30,497.78,502.49,492.0,492.35,769333,29.9,,Z4,MARKUP,0.028433471195511137,-0.020764136120447918,-0.09267654430193129,-0.14009012155931244,0.1525620707871105,-0.059261088865751765,-0.07053702601810408,-0.02297357116602572,1.0,0.0,-0.04188051323175623,1.1138806804179633,True,Financials,-0.08969049291868503,0.030214894017702054,4.0,2.5,1.0,0.0,0.9796959422272362
OSS,2026-09-25,9.45,9.45,9.2,9.28,453376,39.7,,Z3,DIST-TR,0.06072151528262313,0.025414364640883758,-0.18021201413427568,-0.49427792915531343,0.10019841269841266,-0.039769936672920614,-0.15976010389056616,-0.15200192605426022,1.0,0.0,0.07738814993954057,0.7928178887572339,True,Technology,0.009793253536452662,0.12212817412333732,7.0,4.700000000000003,1.0,1.0,0.9799137868743508
MIRM,2026-09-25,89.9,90.81,88.28,89.7,763719,34.8,,Z5,MARKUP,0.04265529536090769,-0.02319503430251546,-0.10075187969924804,-0.30999999999999994,0.04863078375826257,-0.05697235452792404,-0.09922285868371972,-0.05816209672305739,1.0,0.0,-0.04458737599476725,1.0765683445039735,True,Healthcare,-0.08674404398289548,0.02350524874486548,1.0,-2.200000000000003,1.0,0.0,0.9806271239809545
FTS,2026-09-28,53.25,53.26,52.66,53.12,944183,34.4,,Z5,MARKUP,0.01358677115296644,-0.009140085804887232,-0.028174167581412335,-0.10572390572390578,0.0682492581602375,-0.018924871456696857,-0.03690315922855392,-0.0335634662561507,1.0,0.0,-0.011265490048817162,1.212021651580815,True,,-0.01756981690401338,0.00873528294720849,0.0,-2.0,1.0,0.0,0.9812489277151106
HL,2026-09-25,17.99,18.3,17.64,18.19,22191386,45.2,T1,,MARKUP,0.0541099024899307,-0.03858350951374212,-0.15118992067195514,-0.16136468418626093,0.5575221238938054,-0.0395777663356387,-0.013480556731570226,0.05536300261162652,1.0,0.0,0.002842524161455362,1.251862976796702,True,Materials,-0.08038422649140542,0.034110289937464566,7.0,-3.3999999999999986,1.0,1.0,0.9821534937805263
HXL,2026-09-25,85.36,86.25,84.27,85.8,863589,28.8,T4,,MARKUP,0.02919522164407818,-0.026659103800340422,-0.09407665505226481,-0.23207732927593305,0.055717407137654794,-0.04611833418169409,-0.08481491598546054,-0.0314283172469354,1.0,0.0,-0.02992978013123071,0.9926902320061923,True,Materials,-0.07483286607720507,0.01815592737629057,0.0,-2.8999999999999986,1.0,1.0,0.9823935358166885
AVAV,2026-09-24,153.03,160.29,151.5,158.55,894666,52.3,T4,,MKDN,0.05809868581520637,-0.02956298200514129,0.07945261437908502,-0.23711687436847417,0.2911392405063292,0.017654746204043947,-0.0028871053201261487,-0.1761372686573066,0.0,0.0,0.09536548333453831,0.6035757331388185,True,Industrials,0.07813137494900046,0.14633793651941307,9.0,-4.5,1.0,1.0,0.9831740194472398
AMTB,2026-09-30,29.16,29.53,28.59,28.67,459373,44.9,,Z2,MARKUP,0.02661310785572048,-0.0006971070059254014,0.008441786844882282,-0.0630718954248366,0.6728813559322036,-0.01749910956336409,0.006091716756801091,0.15469135396656042,1.0,0.0,0.010247349823321539,0.9824252025741708,True,Financials,-0.025492861998640426,0.0027981811822315183,19.0,-0.3999999999999986,0.0,0.0,0.985002892106615
QLYS,2026-09-28,168.79,175.63,168.06,173.83,604887,48.8,T3,,MARKUP,0.05340322282323815,-0.03977241341214155,-0.07067628976209572,-0.13749131686017657,0.6071732350439469,-0.015800366936142063,0.033230404599624785,0.24651539840261072,1.0,0.0,0.12693623013478184,0.7468528622713625,True,Technology,0.005320687062633889,0.03433297631798182,11.0,-5.900000000000006,1.0,0.0,0.9851560377192947
REPL,2026-09-28,12.15,12.76,12.07,12.56,1966632,42.0,T3,,MARKUP,0.06686294191514403,-0.02408702408702401,-0.18967741935483873,-0.23086344151867721,0.6741573033707867,-0.0582637282585291,-0.021288445847097326,0.2745955271779499,1.0,1.0,-0.02661290322580645,0.9869544435569334,True,Healthcare,-0.04195270785659799,0.04059652029826011,2.0,-0.5,1.0,0.0,0.9852771873382875
MATX,2026-09-29,222.09,228.59,218.71,226.43,353279,51.8,T2,,MARKUP,0.030005531346721865,-0.001543345974071797,0.00720608513856158,-0.059949350271930935,0.6951657166983324,-5.3525919588848225e-05,0.03108025778704171,0.2244279517815535,1.0,0.0,0.002067539627842896,0.919242463633055,True,Industrials,-0.05100586756077108,0.03819348922512611,18.0,0.0,0.0,0.0,0.9855470153735423
CGON,2026-09-30,70.34,73.16,69.23,70.89,1330927,44.9,T2,,MARKUP,0.04817295173994403,-0.033669574700109006,-0.06551542314790404,-0.1244905520563171,0.32620320855614954,-0.02634956211044981,-0.027350159577966937,0.11816747284900897,1.0,1.0,-0.05699999999999994,1.3719025413163335,True,Healthcare,-0.04357798165137616,0.07392819269807593,2.0,-1.7000000000000028,1.0,1.0,0.9860333186457529
AGNC,2026-09-25,9.68,9.7,9.51,9.62,35009762,26.3,,Z10,MKDN,0.021271982064062077,-0.025329280648429542,-0.12065813528336389,-0.15982532751091705,0.056701030927834774,-0.052371836972112784,-0.07944496586535932,-0.08499772915865378,0.0,0.0,-0.02860061287027571,0.9130777539271372,True,,-0.05221674876847304,0.011566771819137678,0.0,1.6000000000000014,1.0,0.0,0.986223919564737
INVH,2026-09-25,26.52,26.66,26.2,26.62,5312552,24.2,T9,,MKDN,0.016709735970601852,-0.010776662950576,-0.08929182346903863,-0.1382324376820977,0.08955223880597049,-0.03901215715453543,-0.06812689066822109,-0.07276134505050436,0.0,0.0,-0.023845007451564815,1.0445635634459451,True,Real Estate,-0.03340595497458232,0.016030534351145098,0.0,4.0,0.0,0.0,0.9864020454839415
NSP,2026-09-25,47.73,48.91,47.38,47.83,534372,38.0,T5,,MARKUP,0.04648489017330221,-0.049294374875770264,-0.0768191468828412,-0.14436493738819323,0.4152173913043477,-0.046234557005660815,-0.027318673942216543,0.10247411969994435,1.0,0.0,-0.027622014537902362,0.9721626933454736,True,,-0.037432078889112486,0.02157197778727027,1.0,-9.700000000000003,1.0,0.0,0.9871457809112951
ADIG,2026-09-24,20.52,20.62,20.0,20.46,747030,59.6,,Z2G,ACC-TR,0.07141335611960774,-0.054528650646950116,-0.05233904585456228,,,-0.030775728835216953,,,0.0,1.0,-0.0014977533699451762,1.0331837689346826,True,,-0.04437178888369919,0.02300000000000013,0.0,-7.100000000000001,1.0,0.0,0.9872234481095077
SEZL,2026-09-30,107.97,109.76,106.0,108.04,455134,37.3,T9,,DIST-TR,0.05367464190655917,0.010758723921788782,-0.05658400279427167,-0.4479587144244035,0.03489652135623075,-0.059045223177595973,-0.13021710845896095,-0.05147699072489831,1.0,1.0,-0.008977508977508819,1.0050067135191716,True,Industrials,-0.0790998977156494,0.030227901211023145,4.0,3.1999999999999957,1.0,0.0,0.9875890459189289
TU,2026-09-30,8.19,8.49,8.16,8.39,12152109,29.4,T1,,MKDN,0.025713889936569832,-0.012941176470588123,-0.13056994818652845,-0.2468581687612208,0.08637873754152818,-0.051481617614242525,-0.11582715163878221,-0.2752902978064232,0.0,0.0,-0.03214285714285714,1.1388176724172834,True,,-0.05518018018018023,0.03198031980319804,1.0,7.399999999999999,0.0,1.0,0.9877832552500879
XPEV,2026-09-24,10.26,10.4,10.18,10.25,6555545,35.5,,Z2G,MKDN,0.03451250944930698,-0.03301886792452824,-0.12467976088812982,-0.2911479944674966,0.0209302325581395,-0.048106780098279955,-0.1213496295882186,-0.31970327619632377,0.0,0.0,0.0019685039370078705,0.993694484937673,True,,-0.008704061895551285,0.008858267716535417,7.0,-4.5,1.0,0.0,0.9885142152081298
NFG,2026-09-25,78.6,79.09,78.06,78.99,720943,37.8,T3,,MKDN,0.019780922771480074,-0.023850716757291224,-0.046820320984674924,-0.07059654076950228,0.15492957746478805,-0.022659278851174802,-0.02832939847579996,-0.045934922363044084,0.0,0.0,-0.016381048387096753,1.1893270212236007,True,Utilities,-0.024814814814814845,0.01191391237509598,0.0,-7.100000000000001,1.0,0.0,0.9891618097991369
DKL,2026-09-28,54.29,54.29,53.31,53.63,187270,40.5,,Z6,MARKUP,0.025134489166445197,-0.038026905829596336,-0.021171746669100155,-0.1279674796747967,0.27798165137614694,-0.03108439283107156,-0.029386242218249703,0.027978698364006904,1.0,0.0,0.0003762227238526261,0.6687620368369505,True,Energy,-0.050628429810585907,0.008461827754794982,1.0,-8.299999999999997,0.0,0.0,0.9894031144198394
F,2026-09-25,12.61,12.81,12.53,12.71,35045340,35.5,T9,,MARKUP,0.031891721718321484,-0.037850113550340625,-0.0888888888888888,-0.21976672805402075,0.04787234042553232,-0.05486638739138916,-0.07705117384999904,-0.05139295659564669,1.0,0.0,-0.0316846986089645,0.8883533726036261,True,Industrials,-0.09019327129563348,0.014365522745411141,0.0,-4.700000000000003,1.0,0.0,0.9894105280294854
SHAZ,2026-09-24,57.0,58.66,55.91,56.4,889632,48.0,,Z2G,MKDN,0.09532942609908128,-0.005817028027498616,-0.05353247189125698,-0.333175691652873,0.3799779977997799,-0.01765985407210713,-0.050055919958974404,,0.0,0.0,0.11718910059414056,0.9042396823464512,True,Technology,-0.003005126392080615,0.15550092194222498,7.0,-1.1000000000000014,1.0,0.0,0.9894748963036267
OKE,2026-09-28,89.6,89.63,88.28,88.62,3309977,35.3,,Z2,MARKUP,0.027330003314442828,-0.03464052287581687,-0.06479527226677928,-0.11237980769230771,0.31418092909535456,-0.04170891433888324,-0.04091563499167894,0.01290089608425582,1.0,0.0,-0.03719960495994734,0.8035376912139807,True,Utilities,-0.08610910590904397,0.010029633006610528,1.0,-6.700000000000003,1.0,0.0,0.9904680771001596
SMBK,2026-09-29,49.89,50.78,48.8,49.54,120751,37.7,,Z2,MARKUP,0.02278326176838581,-0.027292362065580167,-0.019980217606330286,-0.08496490579977833,0.5064377682403433,-0.025968607330616233,-0.015494231220706811,0.10563091031157223,1.0,0.0,-0.019095477386934734,0.9697920373126725,True,Financials,-0.05241009946442243,0.015163934426229542,0.0,-8.799999999999997,1.0,0.0,0.9906375755741792
BHVN,2026-09-25,13.25,13.35,12.77,12.99,1579110,43.6,,Z2,MARKUP,0.081937793037531,-0.04625550660792943,-0.19416873449131522,-0.287828947368421,0.16798732171156905,-0.06292060746161865,-0.07116447866328135,0.002224531019996423,1.0,0.0,0.06957250628667233,0.8074447758776223,True,Healthcare,0.02202989771833197,0.08885163453478628,7.0,-3.299999999999997,1.0,0.0,0.9910154902161437
PFSI,2026-09-25,65.22,66.11,64.95,65.46,412244,28.9,T3,,MKDN,0.027693859953743523,-0.013562386980108587,-0.11047696697920928,-0.25367688975031355,0.038461538461538484,-0.05059854581977741,-0.11073639488541298,-0.2567228232985589,0.0,1.0,-0.007073658311548603,1.0003604783576123,True,Financials,-0.0696418419556567,0.013783490785194363,1.0,0.3999999999999986,1.0,0.0,0.9912292046580763
DRI,2026-09-24,208.88,212.99,206.22,207.24,1953673,44.0,,Z2G,MARKUP,0.025510347247907947,0.002418496662474512,-0.05287692518623455,-0.09801532033426175,0.4192882929345028,-0.023433215611178615,-0.020000882326350666,0.008642331719148189,1.0,0.0,0.0,1.4044019101454652,True,Consumer Discretionary,-0.0013973883293981748,0.007486631016042855,5.0,0.8999999999999986,1.0,1.0,0.9920759130301529
DD,2026-09-24,130.23,131.65,129.14,130.22,809942,46.6,,Z1G,MARKUP,0.022710300982344615,0.01370076288338784,-0.05624003478765027,-0.12849685450408244,0.2787377911344855,-0.006401772604656242,0.01851240067829063,0.48306915937433126,1.0,0.0,0.04047231270358309,0.9449803009817638,True,Materials,0.02277725416273957,0.060423452768729735,8.0,4.899999999999999,1.0,1.0,0.9921350727349298
AOSL,2026-09-30,27.61,27.86,27.01,27.5,571292,52.0,,Z2,ACC-TR,0.049612632919440174,-0.007578491519307118,0.16328257191201345,-0.31575018661358545,0.24643705463182894,0.024972751622832634,-0.047038972348959374,-0.09514031909665566,0.0,0.0,0.13104925053533178,0.7758020701894025,True,Technology,0.11336032388663964,0.1079774375503626,19.0,-1.3999999999999986,0.0,0.0,0.992674533413521
TBN,2026-09-24,36.15,36.9,35.61,36.25,120009,44.9,T2G,,MARKUP,0.044906149434449316,-0.058441558441558406,-0.019209956709956733,-0.13567000476871716,0.5013146362839614,-0.033366314622637505,-0.00981481421495456,0.09874088358543487,1.0,0.0,-0.042541587128442915,0.7697638981073226,True,Energy,-0.07831172133231623,0.032469381942466624,1.0,-8.300000000000004,0.0,1.0,0.992784023207112
IMVT,2026-09-30,33.62,34.2,33.12,33.78,1433914,29.2,T2G,,MARKUP,0.042321496844268156,-0.02200347423277349,-0.1533834586466165,-0.25627476882430644,0.10254433307632987,-0.07315675355930706,-0.10706263275498973,0.0426850280835267,1.0,1.0,-0.034226190476190466,1.0116382645808215,True,Healthcare,-0.07146783947223756,0.04098613251155614,1.0,0.6999999999999993,1.0,1.0,0.9929155321639194
ADI,2026-09-24,381.21,384.34,377.4,382.61,2372117,56.6,T5,,MARKUP,0.02925616116549197,0.05503929408520625,0.029074771382463727,-0.04512216426663995,0.6568608844182959,0.025499910364557676,0.019427566989981937,0.08690374917677124,1.0,0.0,0.0434482758620689,1.1778091557167374,True,Technology,0.05912802768166103,0.06677633413260464,14.0,10.800000000000004,0.0,0.0,0.9933671563742794
ESTC,2026-09-29,87.49,89.09,86.72,88.8,1600595,54.5,T2,,MARKUP,0.04551098813360827,-0.00470746469401484,-0.08969759097898511,-0.1777777777777778,0.6304138594802694,0.013520908845489066,0.09080168032694869,0.2551145495019138,1.0,0.0,0.07399416169564654,0.784696105079811,True,Technology,0.04274307186472526,0.06143915849868509,12.0,-2.0,0.0,0.0,0.9935124495100136
TSEM,2026-09-30,234.18,236.0,226.01,227.43,807199,52.2,,Z1,MARKUP,0.05846333217724984,-0.0133188720173536,0.14251984326333766,-0.1815531884266589,0.45641633444671925,0.02170325976707499,0.011038749631329559,0.16691733106927664,1.0,0.0,0.13980582524271834,0.793271393447209,True,,0.12477744807121671,0.07273241828215649,12.0,-2.5999999999999943,1.0,1.0,0.9938164725666625
NP,2026-09-29,27.71,27.93,26.92,27.71,535115,31.3,,Z7,MARKUP,0.0460111414003795,0.005807622504537147,-0.16811768237766445,-0.21166429587482216,0.12573443008225624,-0.06590531199564387,-0.09331568573199733,-0.022907355813545194,1.0,0.0,0.0048798798798799226,1.2052627253853103,True,Financials,-0.09710003258390354,0.040165165165165106,5.0,6.100000000000001,0.0,0.0,0.9938753188098708
EFOR,2026-09-29,32.47,33.08,32.08,32.9,404355,56.2,T4,,MARKUP,0.0487383588573967,0.019206939281288582,0.01480567550894496,-0.044160371876815874,0.9132420091324199,0.018539625549544247,0.10117526962399759,,0.0,0.0,0.07674183776506216,0.7099031116541382,True,,-0.026627218934911157,0.043119847812301826,14.0,1.3000000000000043,0.0,1.0,0.9940660993956483
MEDP,2026-09-25,620.6,620.6,608.11,618.88,229054,58.1,,Z3,MARKUP,0.02544826133457001,0.010696846471673682,0.011952842683584874,-0.0870629886413925,0.6388667931224378,0.016620648257046122,0.053993650761138046,0.17846193028951363,1.0,0.0,0.05274911709715391,1.105019493177388,True,Industrials,0.053376906318082895,0.04996352408258842,11.0,-0.6999999999999957,0.0,0.0,0.9943217346435409
ARE,2026-09-25,50.3,50.66,49.38,49.93,1506104,43.4,,Z2G,MKDN,0.03751867489499291,-0.06322701688555343,-0.04495026778882938,-0.12831703910614523,0.36086956521739116,-0.039440320309888866,-0.0279352403260531,-0.05780956297947437,0.0,0.0,0.0030469226081659695,0.9309319141267428,True,,-0.023660539694955074,0.011138112596192684,10.0,-11.200000000000003,0.0,0.0,0.9953395835858658
FRHC,2026-09-25,178.0,178.0,171.91,172.08,91368,57.3,,Z3,UTAD,0.034811259394382024,0.04620622568093391,0.008320637524903418,-0.03325842696629211,0.8606403013182676,0.02722488912070431,0.06375193547330893,0.1369117617344202,1.0,0.0,0.06292451621171335,1.0664141460946088,True,Financials,0.0397583081570998,0.06531294496378393,12.0,4.799999999999997,0.0,1.0,0.996005607936496
PAYC,2026-09-30,218.19,221.29,216.71,217.65,545022,46.8,,Z9,MARKUP,0.03348255242700652,-0.018179357632623572,-0.08531204034461015,-0.11156012735733523,0.7568505338078293,-0.01853195870662261,0.048567425352949556,0.23439878972064632,1.0,1.0,-0.005850690381465018,0.7730606545029804,True,Technology,-0.0436750296585966,0.024717514124293682,1.0,-5.600000000000001,1.0,0.0,0.9960166905436465
EQH,2026-09-29,52.2,52.56,51.7,52.19,1899619,50.2,,Z2G,MARKUP,0.024945665604526646,-0.00019157088122612187,0.04109315778974665,-0.05212495459498734,0.7038183694530441,-0.006061099998461272,0.026166869435569895,0.10192181403708878,1.0,0.0,0.06422396047756296,0.7507883930843626,True,Financials,-0.03298128589957383,0.009477756286266903,19.0,-1.2999999999999972,0.0,1.0,0.9962875462864514
SAIC,2026-09-29,130.01,130.28,127.22,128.21,413477,47.3,,Z2G,MARKUP,0.029194748621492024,-0.011411828205721286,-7.799095304938941e-05,-0.10128977989625676,0.5571559914189399,-0.01533809618012938,0.020639920541191126,0.1471449291457394,1.0,0.0,0.036837815810920826,0.8332781295928375,True,Technology,-0.04134888589801111,0.007781795315202178,18.0,-6.200000000000003,0.0,0.0,0.9970322242001612
CP,2026-09-28,86.81,87.15,85.75,86.56,2653793,37.2,,Z2G,MARKUP,0.019321030414124356,-0.0028798525515493223,-0.08032299192520187,-0.10670794633642933,0.07264573991031407,-0.026630466056774438,-0.03714135392807105,0.008283590436384936,1.0,1.0,-0.00706345530338115,1.3132665726026334,True,Industrials,-0.03575804834577245,0.009446064139941646,0.0,1.2000000000000028,1.0,0.0,0.9977280502124916
NBR,2026-09-24,83.64,84.09,82.11,82.99,155600,38.4,,Z2,MARKUP,0.04289464578704901,-0.0444444444444444,-0.05143444965138877,-0.1532496684011837,0.33627927529827645,-0.04846057764042577,-0.055727102068719114,0.04826075759162296,1.0,0.0,-0.02713270142180102,1.0620416481168964,True,Energy,-0.08399558498896242,0.010717330410424886,0.0,-6.5,1.0,0.0,0.9991113913876717
ALMU,2026-09-25,13.77,13.77,13.17,13.29,366522,46.4,,Z3,ACC-TR,0.07396581169871257,0.04481132075471694,-0.04525862068965525,-0.37429378531073443,0.21751968503937003,-0.014615033753648254,-0.11203905140416337,-0.22573670600220308,0.0,0.0,0.12364620938628157,0.9359529187174612,True,Technology,-0.008948545861297563,0.19945848375451258,6.0,4.0,1.0,0.0,0.9991204907606842
ORIC,2026-09-25,13.27,13.49,12.94,13.16,2493810,53.7,,Z6,MARKUP,0.05268067590564091,0.02892885066458173,-0.042212518195050897,-0.10354223433242504,0.6537585421412302,0.01700172285916346,0.0540473681467859,0.17944847100183847,1.0,0.0,0.053962900505902134,1.1522316891556097,True,Healthcare,0.09302325581395365,0.1096121416526139,9.0,3.200000000000003,1.0,0.0,1.0001658807705383
ICHR,2026-09-25,57.62,58.16,56.0,57.94,381186,49.1,T1G,,DIST-TR,0.06037869958319335,0.057299270072992625,-0.0194618378744289,-0.48825295884119413,0.1283506780195522,0.01753902997226575,-0.08127238826123873,0.0032498513194896272,1.0,0.0,0.09738955823293183,0.9085693209530329,True,Technology,0.01028770706190052,0.15833666533386626,15.0,6.0,0.0,1.0,1.0002797241610069
GNRC,2026-09-24,195.1,199.5,193.96,198.05,870521,50.6,T5,,MKDN,0.053735617781808596,-0.044298605414273884,-0.04147710773400437,-0.3156767216060261,0.21349862258953173,0.012299793683021809,-0.034578608000578215,-0.04890730005545829,0.0,0.0,0.11953823953823961,1.0424781947644428,True,Industrials,0.09016348323883983,0.14314574314574324,6.0,-7.0,1.0,0.0,1.0005043620332976
EROC,2026-09-30,12.45,13.0,11.86,12.26,2500169,48.4,,Z10,MKDN,0.08958831787329286,-0.02076677316293929,0.07449605609114807,-0.3092957746478874,0.38105975197294245,-0.012675335983997393,-0.045322442766080995,,0.0,0.0,0.09710550887021463,0.7458566984702517,True,,0.004095004095004073,0.04340425531914893,19.0,-0.8000000000000043,0.0,0.0,1.0007773792187753
MAMA,2026-09-25,13.28,13.61,13.12,13.35,1023848,36.3,T10,,MARKUP,0.05680875300677655,0.010598031794095242,-0.16666666666666663,-0.32164634146341464,0.06911764705882337,-0.07510597201034475,-0.14265038024882115,-0.10853324424214572,1.0,0.0,0.012422360248447006,0.7019160801966063,True,Consumer Staples,-0.09307065217391308,0.036490683229813525,5.0,3.5,1.0,0.0,1.001010772245165
DXCM,2026-09-28,86.87,87.34,85.27,86.68,3401110,48.9,,Z10,MARKUP,0.02619129642695631,-0.02792418974991584,-0.045584672979519736,-0.06382978723404253,0.7413566739606129,-0.007565480398241897,0.023260180073244374,0.13542933636523014,1.0,0.0,0.03621339166362847,0.9093186285371875,True,,0.02361832782239026,0.0412012012012013,12.0,-9.0,1.0,0.0,1.0014766089960563
AEE,2026-09-29,98.77,100.62,98.75,100.25,2868639,30.2,T6,,MKDN,0.01565951471946175,-0.013869761951603388,-0.0543344967455901,-0.13874570446735401,0.1101928374655647,-0.024160018764969537,-0.05149644216256832,-0.06296012384341232,0.0,0.0,-0.029533781114184032,1.282572440055207,True,Utilities,-0.026887982915938635,0.020356234096692072,2.0,2.3999999999999986,0.0,1.0,1.001481042985708
VECO,2026-09-24,44.66,45.49,43.69,45.45,472642,50.2,T10,,MARKUP,0.053424335500411146,0.09756097560975618,-0.015594541910331383,-0.3832270321617587,0.16745283018867926,0.019351757308476714,-0.052699346638040656,0.002441817949131675,1.0,0.0,0.04702036711088753,1.2256377333079822,True,Industrials,0.03530751708428248,0.14282122202665315,7.0,12.5,1.0,1.0,1.0016452899449246
UPST,2026-09-24,24.33,24.78,23.72,24.64,5121585,37.3,T3,,MKDN,0.0517460806688467,-0.005248284214775856,-0.1913357400722021,-0.3322493224932249,0.06980273141122927,-0.0642914213357697,-0.12056995415055916,-0.2707068435234935,0.0,1.0,-0.03144140465496115,1.2506027772236212,True,Financials,-0.018326693227091684,0.038785834738617186,0.0,3.0,1.0,0.0,1.0021954009189349
ROKU,2026-09-30,152.55,153.51,151.96,152.28,1459417,43.6,,Z10,MARKUP,0.01200908456978765,-0.007883249723109054,-0.020896290104802984,-0.047595221714928915,0.63899430740038,-0.010591805632834905,0.007945788924192065,0.18589532806854425,1.0,1.0,-0.0026971909742780076,0.7585304761412276,True,Communication Services,-0.01830840639504905,0.004485488126649173,1.0,-3.799999999999997,1.0,0.0,1.0027724636309765
APPN,2026-09-29,34.67,35.73,34.49,35.33,523352,45.9,T3,,MARKUP,0.05780671078304551,-0.04254742547425472,-0.17741559953434238,-0.19813890149795743,0.6053345388788425,-0.04064919509337017,0.022090387565385727,0.18389335478694813,1.0,0.0,0.0021033653846154188,0.7474731452942378,True,Technology,-0.06830168776371315,0.0593703148425786,13.0,-5.0,1.0,0.0,1.0029931839145396
PRAA,2026-09-30,19.33,19.54,19.06,19.49,421919,48.4,T3,,MARKUP,0.04781533241636945,-0.030830432620586823,0.06270447110141752,-0.09306654257794322,0.6521739130434782,-0.015030118980606133,0.015685950854534836,0.10633739635007777,1.0,0.0,0.0005476451259582849,1.0247680105172725,True,Financials,-0.028898854010961705,0.06677613574165298,19.0,-7.800000000000004,0.0,0.0,1.0032462383533005
SNEX,2026-09-25,70.48,71.07,65.72,66.81,963051,42.1,,Z4,MKDN,0.04490349745927031,-0.0028358208955223674,-0.022531089978053975,-0.47289940828402366,0.054872280037843016,-0.02612188747098565,-0.11509768796427566,-0.2015285230266839,0.0,1.0,-0.017805509054938162,1.2622122710799946,True,Financials,-0.05058973994599969,0.035171986365044816,3.0,2.3000000000000043,1.0,1.0,1.003480580335989
BWXT,2026-09-29,137.24,143.0,133.21,138.01,1880814,33.4,T1G,,SPRING,0.037295689154522235,-0.044979586187807064,-0.09376846805437,-0.29337975526086735,0.0772946859903379,-0.05964870461908023,-0.12832544812414126,-0.22574359346509532,0.0,0.0,-0.07190134466662013,1.0317384842272512,True,Industrials,-0.059236537150647584,0.03603333083101856,0.0,-1.6000000000000014,1.0,1.0,1.0036681343986222
DGII,2026-09-30,76.4,77.3,75.89,76.23,485551,57.0,,Z2G,MARKUP,0.03394105082683898,0.01235059760956192,0.07169970476592158,-0.12217871948410874,0.6067457375833952,0.026697480141872676,0.04519528020258656,0.2353607408784626,1.0,0.0,0.11517533252720691,1.0188052075721632,True,Technology,0.08698132040496231,0.08005100595069425,12.0,-0.7999999999999972,1.0,0.0,1.0046773773624744
LNTH,2026-09-29,99.61,99.85,99.31,99.51,1247612,37.4,,Z1G,DIST-TR,0.006315894882314758,-0.004899999999999904,-0.014362123613312128,-0.09106686152721954,0.06560449859418957,-0.007612942649936283,-0.011084285582657727,0.10030681413021747,1.0,0.0,-0.006701340268053579,1.0496455814609424,True,Healthcare,-0.01211158542638735,0.002013895881582961,0.0,-4.399999999999999,0.0,0.0,1.0047754029697873
ISRG,2026-09-30,408.05,410.74,405.51,406.63,1658697,62.3,,Z1G,MKDN,0.02690859917007779,0.02091388400702976,0.10123222748815164,-0.050972063388335265,0.7813813813813811,0.03682551836895631,0.04823362043449797,-0.05875353103842296,0.0,0.0,0.13517740767559738,0.8341931464174456,True,,0.06366894242590693,0.07494448556624733,14.0,0.29999999999999716,0.0,0.0,1.0049597621161666
AGX,2026-09-30,379.75,384.29,370.92,377.95,358307,38.4,,Z3,ACC-TR,0.0576058958254652,0.00948183760683774,-0.06621371216800498,-0.4645462917050365,0.06599823397043328,-0.048130885346059804,-0.18622252049936516,-0.23421011422573046,0.0,1.0,-0.02121554887301036,0.7552638380566515,True,,-0.04005384537234591,0.06530807824567342,2.0,6.199999999999996,1.0,1.0,1.0056705371158268
COLL,2026-09-28,22.62,23.17,22.36,22.63,687041,32.6,T1G,,MKDN,0.04607539430304801,-0.01779513888888895,-0.10729783037475349,-0.4120550792413614,0.05819477434679336,-0.040927098404548,-0.1542095358707779,-0.31414786067740263,0.0,0.0,0.0055427251732103056,0.7468699132880919,True,Healthcare,-0.007891275756247262,0.04526558891454968,9.0,-0.19999999999999574,1.0,1.0,1.0058023870792705
CRBG,2026-09-29,33.7,34.0,33.44,33.77,5808446,49.4,T5,,MARKUP,0.024601064247914403,-0.002068557919621794,0.03779963122311014,-0.052469135802469036,0.6903973509933778,-0.007660360299936997,0.022732024827174957,0.10087483334630631,1.0,0.0,0.057558507273877124,1.0640953821373675,True,Financials,-0.035693889206167895,0.009868421052631637,19.0,-1.8000000000000043,0.0,1.0,1.0068725848156503
HP,2026-09-24,39.98,40.02,39.01,39.82,865525,41.0,,Z10,MARKUP,0.03883351154448058,-0.03955619874577909,-0.03816425120772948,-0.17334440523147188,0.530106921778278,-0.04642050774475526,-0.019677652213529573,0.12351208114895296,1.0,0.0,-0.04504283965728284,0.9451363856150589,True,Energy,-0.10637342908438063,0.02076390669059225,0.0,-5.299999999999997,0.0,0.0,1.0068991940652434
OPCH,2026-09-28,23.07,23.5,22.85,22.9,1886955,40.9,,Z9,MKDN,0.029556977988758518,-0.04384133611691021,-0.04184100418410042,-0.08253205128205132,0.5186915887850463,-0.03005230308480178,-0.02234660999096838,-0.09719981995627236,0.0,0.0,-0.014744145706851675,0.7529669996440926,True,Healthcare,-0.04543559816590248,0.007922535211267512,1.0,-11.399999999999999,1.0,0.0,1.007046842896249
BIO,2026-09-28,376.98,383.95,373.18,377.69,272634,53.5,T5,,MARKUP,0.026843550001244113,0.0009540720324385799,-0.025818932164044295,-0.04679100522423851,0.8379937084935335,0.0011245042663037275,0.04853246788196808,0.19801303219902944,1.0,0.0,0.020565552699228773,1.0626848656107386,True,Technology,0.024799891466558144,0.03115103199737912,10.0,-2.700000000000003,0.0,1.0,1.0079088340407074
TRVI,2026-09-24,14.27,14.72,14.0,14.68,1697254,31.9,T3,,MARKUP,0.048134936434426394,-0.03484549638395795,-0.1808035714285715,-0.27398615232443124,0.1093247588424437,-0.07424479593320676,-0.11330538011374225,0.01245187724821406,1.0,0.0,-0.05277401894451961,1.0462937517661908,True,Healthcare,-0.07730986800754247,0.04857142857142849,0.0,1.5999999999999979,1.0,1.0,1.0079636998219412
IDT,2026-09-28,67.33,69.63,66.6,69.56,373055,56.8,T4,,MARKUP,0.028436625167194914,0.01045903544450888,0.008262066966227,-0.03549639489739331,0.8112094395280235,0.013018821466208808,0.044049070645119315,0.1705195546177336,1.0,0.0,0.006534954407295013,1.175846838479322,True,Communication Services,-0.020557589411433264,0.05027932960893855,13.0,3.8999999999999986,0.0,1.0,1.0088697076548423
ALLY,2026-09-25,38.75,38.98,38.19,38.79,2917135,28.4,T2G,,MKDN,0.02475437422185897,-0.03025,-0.09241927936359384,-0.17133091219824825,0.06960556844547576,-0.04950345532868816,-0.0810033852480595,-0.08244724704066697,0.0,0.0,-0.04141566265060259,0.9707289732872233,True,Financials,-0.07796529593534585,0.01571091908876676,1.0,-3.8999999999999986,1.0,1.0,1.008964822318779
OBDC,2026-09-29,10.79,10.99,10.75,10.81,3669195,37.1,T1G,,MKDN,0.018602578106116548,-0.029622980251346465,-0.06244579358196001,-0.09690893901420217,0.14074074074074153,-0.022753313068268777,-0.02969439940201768,-0.06742813652841417,0.0,0.0,-0.030054644808743203,1.1754465343110834,True,,-0.023486901535682003,0.015023474178403662,1.0,-9.299999999999997,1.0,1.0,1.0090964995463676
ETN,2026-09-25,444.4,447.33,436.18,439.98,1416927,59.2,,Z3,UTAD,0.03230267042824485,0.0358076135320291,0.057542543986155215,-0.07953974895397486,0.6828495161828496,0.04202107370904251,0.05321274657908859,0.11473730651681247,1.0,0.0,0.10731086103386445,0.8319108064776524,True,Industrials,0.03434656886945486,0.13689922480620154,15.0,4.400000000000006,0.0,0.0,1.0092483812575312
DJCO,2026-09-25,652.9,658.91,642.46,656.86,51311,57.2,T3,,MARKUP,0.03774022410315734,0.008180743787699729,0.0412300863913766,-0.05146570397111916,0.7738722162299347,0.013572460110828244,0.05926571320869978,0.18839797297716787,1.0,0.0,0.08290330767278564,0.8041544055073753,True,Materials,-0.007614443269375992,0.026263573158347153,16.0,-0.5,0.0,0.0,1.009506719615446
FIG,2026-09-30,20.78,21.55,20.67,21.02,10538587,38.3,T2G,,MKDN,0.06193169396128982,-0.034007352941176516,-0.22720588235294115,-0.32671364509929535,0.12371134020618567,-0.06861785093270611,-0.10131746725199375,-0.3195111027867015,0.0,0.0,-0.070716658756526,0.7625883934721536,True,Technology,-0.08846487424111016,0.07354443309499503,2.0,-0.20000000000000284,1.0,1.0,1.00983500138066
FNF,2026-09-25,40.88,41.52,40.81,41.42,2752255,27.3,T9,,MKDN,0.025652642075872985,-0.025411764705882356,-0.12431289640591958,-0.24416058394160578,0.04360257326661899,-0.055683020584366694,-0.10200183672460739,-0.16549212857632722,0.0,0.0,-0.03568052930056709,0.9853038365785802,True,Financials,-0.06140947201450264,0.014947316834109214,1.0,1.0,0.0,0.0,1.0107476559114432
PL,2026-09-24,16.32,17.71,16.13,17.62,15712551,43.0,T4,,ACC-TR,0.06272367008725103,0.03708063566804021,-0.16729678638941392,-0.48554744525547444,0.10831099195710464,-0.017955372776108258,-0.16233533431368863,-0.26453767426157115,0.0,0.0,0.03333333333333344,0.8461038082124342,True,Industrials,0.055721989215098855,0.12948717948717947,6.0,10.700000000000003,1.0,1.0,1.0114683193287908
HQY,2026-09-30,87.19,89.11,86.36,88.46,908847,33.3,T3,,MARKUP,0.03125732460307652,-0.021351919460117386,-0.08804123711340217,-0.1780338227095336,0.1129629629629628,-0.04704558384457347,-0.0706810601330018,-0.04303403973268849,1.0,0.0,-0.02988609450772539,1.2605846482306284,True,Industrials,-0.07854166666666673,0.028365496396187018,1.0,0.09999999999999432,0.0,0.0,1.0118827178696606
INFQ,2026-09-30,13.88,14.28,13.46,13.47,5362072,51.2,,Z2,MKDN,0.06639355429312553,-0.026030368763557465,0.061465721040189214,-0.1055776892430279,0.7480190174326466,-0.0037018577096219474,0.037750754361199235,,0.0,0.0,0.10327868852459021,0.8152405861363976,True,Technology,0.0490654205607477,0.06398104265402837,19.0,-5.399999999999999,0.0,0.0,1.0119697331662558
DXPE,2026-09-25,194.36,198.39,191.4,192.1,146995,58.0,,Z3,MARKUP,0.031560753176024414,0.03692108388211168,-0.0036823816192106396,-0.07644230769230775,0.7387017255546424,0.02651227034860093,0.05588263403344551,0.22800524337961692,1.0,0.0,0.042794316644113595,1.1982614808364198,True,,0.02677855577529531,0.08310780333784384,9.0,6.399999999999999,1.0,1.0,1.0125002795807825
PI,2026-09-30,177.68,183.37,176.29,179.29,343561,56.8,T1,,MARKUP,0.04107524673807671,0.011794582392776531,0.06599678934538322,-0.039483552984035164,0.8814540775293549,0.020386305713247843,0.0719222773404089,0.19401553748910683,1.0,0.0,0.09836901121304797,0.8027157702358872,True,Technology,0.009572611070443049,0.03996519721577707,14.0,1.7999999999999972,0.0,1.0,1.0134504978477825
ERII,2026-09-24,6.76,6.84,6.69,6.83,800472,32.5,T3,,SPRING★,0.03889702931161104,-0.031205673758865182,-0.13979848866498745,-0.2687366167023555,0.052830188679245174,-0.06442616569669857,-0.12558753652212484,-0.3130175832102219,0.0,0.0,-0.029027576197387384,0.9518249132981828,True,Industrials,-0.06052269601100402,0.020926756352765308,0.0,-1.2000000000000028,1.0,1.0,1.013600838907207
FIZZ,2026-09-29,29.26,29.66,29.26,29.61,347043,34.6,T4,,MKDN,0.03164041331205144,-0.048521850899742924,-0.06386342080303509,-0.12860506180105935,0.12774451097804407,-0.04281566783562507,-0.06439634078982082,-0.1296709788064475,0.0,0.0,0.0034518467380049156,0.9086495497304036,True,Consumer Staples,-0.056104558495377765,0.018575851393188847,12.0,-9.899999999999999,1.0,1.0,1.0136430368726634
TRAX,2026-09-28,34.4,37.24,33.55,36.65,674498,43.6,T4,,MARKUP,0.08465243470747671,-0.060015388561169614,-0.12446249402771148,-0.2656782207974354,0.5779758115849778,-0.0559717459735114,-0.03748328177712157,,0.0,1.0,-0.054663285432516306,0.9942390117360084,True,Healthcare,-0.024487623103540135,0.09239940387481371,0.0,-2.5,1.0,1.0,1.0136499364756415
HRMY,2026-09-30,39.3,39.55,38.72,39.26,667688,41.7,,Z2,MARKUP,0.033153494549058256,-0.03013833992094861,-0.04824242424242431,-0.09726373879052663,0.623665480427046,-0.035531160183483346,-0.00365102309411669,0.1014893040639786,1.0,1.0,-0.003859017236943596,0.6754098045323614,True,Healthcare,-0.06988865197820426,0.013946280991735449,0.0,-7.099999999999994,1.0,0.0,1.0136657369943118
EHC,2026-09-30,123.47,123.47,121.36,121.49,893983,49.5,,Z1,MARKUP,0.022984147726408725,-0.005891498240733206,-0.004588283490372769,-0.04713725490196086,0.7194211017740427,-0.005317500842601297,0.018781714620114798,0.07815076296444667,1.0,0.0,0.02180685358255463,1.13330231190217,True,Healthcare,-0.019530304253086883,0.01682289922999658,15.0,-5.0,0.0,0.0,1.0144403319581894
FRNM,2026-09-30,15.88,16.26,15.58,15.75,518520,55.1,,Z2G,DIST-TR,0.05900651873532807,0.0031847133757962887,0.032786885245901676,,,0.012587658530045953,0.08550171991124111,,0.0,0.0,0.11046511627906974,0.5012633698632049,True,,0.06924643584521384,0.061320754716981174,12.0,-1.1999999999999957,0.0,0.0,1.0145797538139647
ADTN,2026-09-25,6.98,7.18,6.88,7.13,1602253,40.7,T1,,ACC-TR,0.04871723323004621,-0.009722222222222299,-0.08472400513478817,-0.4803206997084548,0.04215116279069767,-0.030564319186025868,-0.16591687213030604,-0.3292859565515788,0.0,1.0,-0.017241379310344862,0.8151956770273293,True,Industrials,-0.05437665782493373,0.042397660818713545,1.0,1.5,1.0,1.0,1.0155542170474365
IOND,2026-09-25,84.69,84.88,79.59,81.98,537849,62.9,,Z2,DIST-TR,0.06019941699409477,-0.03257021477460453,0.13829491807831173,,,0.021432994774089886,,,0.0,0.0,0.17911111111111122,0.941159109507816,True,,-0.016908502218491384,0.06329442282749698,18.0,-10.600000000000001,0.0,0.0,1.0161462896528521
PLMR,2026-09-30,123.09,124.93,121.27,123.29,245502,34.3,T3,,MARKUP,0.0320575337907033,-0.030815187485260465,-0.06499317457909914,-0.16481506570925342,0.13292943692088396,-0.04988444573945561,-0.055785687929352124,-0.04205741136512464,1.0,0.0,-0.057097791798107256,0.978124956228579,True,Financials,-0.1242363972155135,0.031197724991635978,1.0,-4.700000000000003,0.0,0.0,1.0182166870375398
PFE,2026-09-30,28.79,28.95,28.52,28.52,33633181,61.8,,Z4,MARKUP,0.01750370814586415,0.012065294535131388,-0.0010507880910682887,-0.023622047244094557,0.870300751879699,0.01495560485906533,0.04119863675968616,0.08468673201105936,1.0,0.0,0.0337614678899083,0.9525666976185427,True,Healthcare,0.03860160233066279,0.0431602048280908,11.0,1.8999999999999986,0.0,1.0,1.0187618844843127
LAR,2026-09-30,5.56,5.67,5.49,5.5,1185010,36.6,,Z5,MKDN,0.05605185491134212,-0.04844290657439454,-0.17043740573152333,-0.26764314247669774,0.09049773755656117,-0.06954228012125951,-0.14206938853335627,-0.1852453005316863,0.0,1.0,-0.022140221402214055,0.6888425081434322,True,,-0.010791366906474753,0.037735849056603765,2.0,-3.1000000000000014,1.0,1.0,1.0188643585278663
EVC,2026-09-24,7.84,7.96,7.78,7.8,837222,36.3,,Z2G,DIST-TR,0.052132692303137655,0.0038610038610038533,-0.02377972465581979,-0.43231441048034935,0.027823240589198023,-0.052872692314477554,-0.11563798490996047,0.11138871353101831,1.0,1.0,-0.01675257731958757,0.9183298469144118,True,Communication Services,-0.10034602076124566,0.022280471821756187,4.0,3.5,1.0,1.0,1.0194284377025982
ALG,2026-09-29,157.24,159.12,155.04,158.79,142505,36.9,T4,,MKDN,0.03146514519125358,-0.040601776327714334,-0.03518045935107561,-0.09309497972471303,0.21972235519387268,-0.033498254013336615,-0.036203257583525716,-0.07087170826246214,0.0,0.0,-0.03697227079690246,1.1795011026434992,True,Industrials,-0.06302000354044968,0.02976653696498066,3.0,-9.800000000000004,0.0,1.0,1.0200459662342583
AMKR,2026-09-25,53.52,54.3,52.81,53.61,2585845,54.6,T2G,,ACC-TR,0.052217789376935796,0.06580516898608346,0.03614224971008895,-0.33212906440762424,0.2911459718160065,0.05017705838729469,-0.011208705667918317,-0.009073875718854207,1.0,0.0,0.11479028697571758,0.768920450952824,True,Technology,0.03634254784457758,0.18266048974189286,15.0,5.399999999999999,0.0,1.0,1.0201234446487326
LASR,2026-09-24,40.01,40.91,39.68,40.62,516497,41.2,T11,,ACC-TR,0.05974094070204448,0.0569867291178765,-0.07048054919908475,-0.4928838951310861,0.07692307692307691,-0.0320599093817987,-0.17581294556526472,-0.23836839825231093,0.0,0.0,0.036431824270024116,0.7175174498762684,True,Technology,0.03385085263425802,0.08813286900616135,7.0,6.400000000000006,1.0,1.0,1.020295608814125
DIN,2026-09-24,28.4,29.37,28.21,29.01,499172,39.0,T6,,MARKUP,0.044510054116633425,0.039040114613180465,-0.17608633910820792,-0.2207896857373085,0.21714285714285733,-0.03133004421095009,-0.08877645164879577,-0.07055954190995972,1.0,0.0,0.04264870931537601,1.4894216203862138,True,Consumer Discretionary,0.027630180658873682,0.08529741863075202,7.0,8.399999999999999,1.0,1.0,1.020975747814283
GLNG,2026-09-24,50.95,51.0,49.88,50.11,1513738,43.3,,Z11,MARKUP,0.02614224521078122,-0.013388462295727543,-0.021097870677866726,-0.09711711711711712,0.34587378640776706,-0.019953111248909416,-0.01949627459039338,0.028053509570707513,1.0,0.0,0.0,1.3571864721432985,True,,-0.048965648130575024,0.005215646940822438,6.0,-2.9000000000000057,1.0,0.0,1.0219683036001297
PRE,2026-09-24,22.71,23.53,22.13,22.93,254199,49.2,T9,,MARKUP,0.06788840957643247,-0.052087639520463025,-0.11055081458494964,-0.15822320117474298,0.619593998234775,-0.01910480633423528,0.03847259743268605,0.22228305593660536,1.0,0.0,0.2718390804597701,0.8070864261790297,True,,-0.03085376162299236,0.06403712296983755,6.0,-6.599999999999994,0.0,0.0,1.022181508716066
RVII,2026-09-29,22.01,22.16,21.82,22.1,80601,58.8,T1G,,MARKUP,0.03474287945439196,-0.028144239226033263,-0.02298850574712641,,,-0.031058957754188876,,,0.0,0.0,0.014883720930232602,0.48920601675804887,True,,-0.04946236559139783,0.012832263978001857,0.0,-6.200000000000003,0.0,1.0,1.022621759256543
ELS,2026-09-25,59.05,59.4,58.7,59.23,1917388,28.3,T5,,MKDN,0.015950630155620715,-0.019370860927152345,-0.07322797684243465,-0.12614340513425792,0.058370044052862786,-0.032955646987301024,-0.05522906872472122,-0.0655908691154744,0.0,0.0,-0.017408771342484086,1.0772777416343733,True,,-0.014147802929427411,0.009028960817717202,0.0,-5.4999999999999964,1.0,0.0,1.022750880259995
PLXS,2026-09-30,266.4,267.38,258.87,260.95,299744,56.4,,Z2,MARKUP,0.03125528768029668,-0.011178476695718031,0.09380894496374226,-0.1243288590604027,0.45514705882352924,0.02217374452140186,0.023388427278383306,0.1269671412731026,1.0,0.0,0.10328498293515365,0.9336895617822277,True,Technology,0.07683737052779249,0.0722797501643655,19.0,-5.0,0.0,0.0,1.0231935547671966
SLS,2026-09-28,11.51,11.85,11.31,11.59,3761094,44.1,T5,,MARKUP,0.08118107280603917,0.019349164467898028,-0.12263436790310378,-0.2603701340140395,0.3703703703703704,-0.048750830588897176,-0.041224834539661415,0.3660244151055514,1.0,0.0,0.029684601113172615,0.7008159013591402,True,Healthcare,-0.011092150170648574,0.050770625566636474,10.0,3.200000000000003,1.0,1.0,1.0251855797399265
PDFS,2026-09-24,47.71,48.02,46.57,47.88,451303,54.4,T12,,MARKUP,0.05449913854558957,0.0949005259547222,0.06565768973959507,-0.30889145496535797,0.26257753273604423,0.04139026044999006,0.010324559638897668,0.11737400884701699,1.0,0.0,0.081718827620467,0.993500272217882,True,Technology,0.01526717557251911,0.16439688715953316,14.0,9.199999999999996,0.0,0.0,1.0254665055726828
NVT,2026-09-30,162.03,162.63,159.11,160.37,1493245,52.9,,Z2,MARKUP,0.038995616900460814,-0.015228738102548323,0.08873048200950429,-0.09589581689029203,0.6334841628959278,0.012376798192317962,0.01734721424459451,0.1337947697008659,1.0,0.0,0.0929311183707513,0.8182422426953047,True,Industrials,0.08614967829326114,0.07349889550840105,19.0,-3.6000000000000014,0.0,0.0,1.0256855976320352
AMT,2026-09-25,166.95,169.2,166.42,169.03,2056112,40.5,T3,,MKDN,0.023501333166858335,-0.028451546154730334,-0.029455672944418865,-0.06602939551331632,0.42877629063097533,-0.02665420045023914,-0.028710346193085656,-0.05707571091090802,0.0,0.0,-0.030920631223432138,1.2366691614506657,True,,-0.04959235310655041,0.015683211152505816,0.0,-7.200000000000003,0.0,0.0,1.025894823306681
LIFE,2026-09-30,33.91,34.43,33.15,33.57,977129,43.6,,Z2,MARKUP,0.07870315915435777,-0.010026540843408926,-0.040857142857142814,-0.2110458284371327,0.6405124099279424,-0.05949475083896427,0.024792892645977727,,0.0,1.0,-0.031750831569398175,0.8581000814509774,True,Financials,-0.12918287937743178,0.04840724547158026,2.0,-0.6000000000000014,1.0,0.0,1.0259031759448287
NDSN,2026-09-25,325.12,326.7,323.06,325.77,271802,62.5,T2G,,MARKUP,0.018573654761958856,0.04557563308405821,-0.015324628219078651,-0.03936659589525837,0.7727272727272724,0.028087484524518702,0.046587098551641226,0.14175527245699193,1.0,0.0,0.014639566041435348,0.8553883035791542,True,Industrials,0.03593347537125946,0.06453826547284502,7.0,14.700000000000003,0.0,1.0,1.0263735359575208
FRPT,2026-09-30,57.47,57.79,56.6,57.56,844908,25.7,T2G,,MKDN,0.03888621100914448,-0.02786691437257216,-0.18133978096999004,-0.253727473097368,0.20929292929292934,-0.06975186362625263,-0.09289648551877683,-0.08738209968833732,1.0,0.0,-0.05132983228866683,0.8452320728985283,True,Consumer Staples,-0.07206190552958247,0.027857142857142803,2.0,-1.1999999999999993,0.0,1.0,1.0267967248342904
TXNM,2026-09-30,58.6,58.6,58.32,58.32,2384052,54.2,,Z3,MKDN,0.006313135318174623,0.0,0.008124459809853102,-0.010183299389002087,0.7709923664122136,0.001974936577363584,0.0059117791730614044,0.004843017295753427,0.0,0.0,0.012903225806451646,1.0016765690319256,True,Utilities,-0.0037581141100102577,0.003959373386124954,12.0,-3.0,0.0,1.0,1.0268547159858752
AII,2026-09-30,25.04,25.38,24.15,24.99,148527,47.8,,Z1G,MARKUP,0.036106854359789914,0.0008009611533841277,-0.025730994152046827,-0.07444444444444454,0.7884210526315788,-0.017721766909050585,0.0388418647650941,0.19360575067084107,1.0,1.0,-0.020283975659229236,0.5088250711850204,True,Financials,-0.04472477064220193,0.034782608695652195,0.0,0.19999999999999574,1.0,1.0,1.0269953249435326
XE,2026-09-24,16.25,16.25,15.65,15.72,5567186,43.8,,Z1,MKDN,0.08702934917364964,-0.03735456215554178,-0.13910186199342833,-0.3447269695706544,0.2271028037383179,-0.05804564216086294,-0.12261655168837937,,0.0,0.0,0.07821229050279332,1.0045793552872706,True,Industrials,-0.007575757575757569,0.0977653631284916,6.0,-2.1000000000000014,1.0,0.0,1.0272687252264165
ORI,2026-09-29,37.83,38.09,37.65,38.05,1407157,25.6,T2,,MKDN,0.018630062751273747,-0.0188241361526561,-0.08818595734483581,-0.1478163493840986,0.0704225352112676,-0.042798923972799274,-0.06573183435286423,-0.06800624208355488,0.0,0.0,-0.02416839916839919,1.042977030292844,True,Financials,-0.0733073550901121,0.013315579227696439,2.0,0.20000000000000284,0.0,0.0,1.027413726732099
QNT,2026-09-25,49.5,51.83,49.23,49.53,1757975,44.1,T2G,,ACC-TR,0.07255776835759206,-0.03974408685537023,-0.08277777777777773,-0.429312132734186,0.07428571428571432,-0.0325977971414102,-0.08524845441883966,,0.0,0.0,0.014396218306832909,1.001303356723766,True,,0.010197838058331632,0.049142130904469505,16.0,-3.8999999999999986,0.0,1.0,1.0278647477026857
CM,2026-09-24,112.2,112.2,110.42,111.42,1456606,38.5,,Z2,MARKUP,0.02079351256022212,-0.0207417823870627,-0.05736040609137061,-0.10764055742431522,0.06925207756232687,-0.028483510844211857,-0.03525435194002102,0.04904948269693388,1.0,1.0,-0.008352043107319185,1.2633180322723434,True,,-0.02664453568620595,0.009056330374932031,0.0,-4.600000000000001,1.0,0.0,1.0282639687314648
TBBK,2026-09-25,50.34,51.15,50.23,50.58,425585,28.1,T2G,,MKDN,0.03869181054072967,0.006967947441767874,-0.23871161950632147,-0.30731306491372223,0.08817553839902485,-0.07625793560941019,-0.14999941625856872,-0.17143079214847368,0.0,0.0,0.013220409006403644,0.7318128237295249,True,Financials,-0.000987556784515231,0.031192660550458662,12.0,5.400000000000002,0.0,1.0,1.0283380988867576
MS,2026-09-25,197.98,197.98,194.25,196.31,4527274,31.7,,Z6,MARKUP,0.025653682642969248,-0.030950735511896532,-0.08633528809457325,-0.15474703982777183,0.054210526315789535,-0.046969429588749834,-0.06360394801293257,0.008762305925601455,1.0,0.0,-0.030010985718565864,1.0560534326768323,True,Financials,-0.08428957925179581,0.01060489060489056,0.0,-3.6999999999999993,1.0,0.0,1.0294179141388917
PESI,2026-09-30,15.51,15.8,15.33,15.65,220576,36.5,T9,,MARKUP,0.058138097399273156,-0.008866371120962557,-0.12275784753363228,-0.26594746716697937,0.24701195219123517,-0.0698461424387612,-0.060411259228937086,0.09769480362407723,1.0,1.0,-0.013149243918474718,0.9671492705386504,True,Utilities,-0.14010989010989006,0.04263824117255166,1.0,1.2000000000000028,1.0,0.0,1.0298551204635629
FLG,2026-09-25,12.45,12.52,12.37,12.37,5876795,27.4,,Z3,MKDN,0.02106296626330393,-0.014342629482071878,-0.08029739776951672,-0.19883419689119175,0.04658385093167659,-0.04111490310024868,-0.07958330968722083,-0.08124867249973311,0.0,0.0,-0.016894609814963713,1.169570456792004,True,Financials,-0.06145675265553874,0.01227495908346965,1.0,0.6999999999999993,0.0,0.0,1.0302637366301874
BBT,2026-09-30,27.79,28.23,27.75,27.99,2057247,28.5,T1,,MARKUP,0.023566004751684543,0.0028663561447508368,-0.07897334649555787,-0.14455990220048898,0.11588785046728929,-0.05116737945841454,-0.07540159031467242,-0.052540891545348356,1.0,1.0,-0.01864467551093585,1.1861346902401952,True,Financials,-0.10057840616966585,0.022652539276580175,1.0,5.899999999999999,1.0,1.0,1.0306866741146905
ABBV,2026-09-25,265.49,266.0,262.59,264.34,2541206,58.5,,Z6,MARKUP,0.019754004314056942,0.0014396120624335929,0.023978307185744674,-0.018746055904079628,0.8208584604469666,0.011764291442647234,0.03466557475923704,0.12611752553644173,1.0,0.0,0.05859707419864657,0.7692027528777826,True,Healthcare,0.02808027380211553,0.025368502715283014,12.0,-0.3999999999999986,0.0,0.0,1.031206853452087
LTC,2026-09-30,43.2,43.2,42.76,42.87,673347,56.5,,Z4,MARKUP,0.019570577282594308,0.007757404795486478,0.035507246376811574,-0.016743119266055095,0.8758503401360538,0.009197029550122915,0.03517103768778718,0.09847542513124585,1.0,0.0,0.05675877520537709,0.9533481482581634,True,,-0.004874651810584996,0.01925820256776012,16.0,0.10000000000000142,0.0,1.0,1.031251755597124
TGB,2026-09-25,9.04,9.04,8.45,8.61,7181293,50.8,,Z4,MARKUP,0.0543983661406096,-0.003472222222222321,-0.11053719008264462,-0.12321792260692477,0.6756032171581767,-0.0006036954444189613,0.03790357169066172,0.20835228107820236,1.0,0.0,0.10993377483443711,1.1708330924642563,True,,0.057739557739557634,0.14039735099337736,9.0,-2.8000000000000043,1.0,0.0,1.03145023458671
LHX,2026-09-30,236.72,238.69,234.01,236.78,1467382,23.5,T2G,,MKDN,0.02340050941943347,-0.010158438192383268,-0.10160874184246471,-0.23344880054388295,0.03699252136752151,-0.041860742215527935,-0.09914378653272948,-0.18675175028451851,0.0,0.0,-0.02087866108786618,1.0122021004189614,True,Technology,-0.05567520140384463,0.011837100978590698,0.0,-1.0,1.0,1.0,1.0325152015383539
CNXC,2026-09-25,29.08,29.23,26.7,27.08,2705150,45.4,,Z2G,MKDN,0.07461146100587493,-0.028345891639756093,-0.037326697476004256,-0.19976359338061478,0.4999999999999997,-0.05217906591409438,-0.014632225333308546,-0.12115238542584494,0.0,0.0,0.06289808917197437,1.2217242572782654,True,Industrials,-0.04107648725212465,0.014232209737827572,12.0,-4.0,0.0,0.0,1.033055570923949
PCAR,2026-09-29,111.71,112.41,110.85,111.8,2805545,24.6,T2G,,MARKUP,0.024185761077507265,-0.01843722563652339,-0.09933134616933859,-0.19706980752657288,0.056071551427588406,-0.04854710282139729,-0.08130462077737644,-0.05630071913248835,1.0,0.0,-0.015460232350312797,0.9947998872326064,True,Industrials,-0.08704883227176219,0.014795316329309305,3.0,1.3000000000000007,0.0,1.0,1.033267353907152
MTZ,2026-09-30,211.97,218.51,208.05,213.62,1941798,38.9,T2G,,MKDN,0.05500099799932492,-0.01792938580360426,-0.10145537141414995,-0.4725432098765432,0.050788612240849164,-0.05072086381326901,-0.1708018301498201,-0.25501226891112505,0.0,1.0,-0.015108958837772413,0.9479384020264743,True,,-0.05318677422214346,0.050349100206509956,2.0,2.1000000000000014,1.0,1.0,1.033716742755086
ONTO,2026-09-24,276.16,281.04,272.26,279.73,458538,52.0,T12,,MARKUP,0.05759441825691057,0.11878574571051481,-0.041626695902425626,-0.22245385812764062,0.4468864468864471,0.026191034331413787,3.426173239562402e-05,0.12883958700452558,1.0,0.0,0.05537269280446666,1.0574900180750142,True,,0.040197828350438725,0.16549310445398113,7.0,10.5,1.0,0.0,1.0338508485337916
CRVS,2026-09-28,11.66,12.12,11.25,11.87,1206642,37.4,T9,,MARKUP,0.06264244569639348,-0.044283413848631326,-0.16172316384180796,-0.27929568913175473,0.11877394636015313,-0.07998612032596897,-0.1197430583944642,-0.08005068938842164,1.0,0.0,-0.07635467980295563,0.8817071720614862,True,Healthcare,-0.09458428680396647,0.05511111111111111,0.0,2.1999999999999957,1.0,0.0,1.0340316292250509
MH,2026-09-25,13.41,13.8,12.65,12.73,621591,48.1,,Z2G,MKDN,0.04778836482559352,-0.010108864696733999,-0.03924528301886787,-0.10225669957686878,0.7216890595009597,-0.023611685377668223,0.020351608117171294,-0.0050665649116731215,0.0,0.0,0.05504587155963314,1.2992331317740018,True,Materials,0.03327922077922074,0.006324110671936722,11.0,-4.399999999999999,0.0,0.0,1.0342759970393303
XNCR,2026-09-30,25.36,26.35,24.94,24.95,1541989,51.9,,Z2,MARKUP,0.051510805710234614,0.028441879637262968,-0.10605517735578651,-0.18490689317216602,0.6512630930375848,0.004711967120695437,0.07145450185123048,0.4448883065997926,1.0,1.0,-0.0025684931506848585,0.951128112996502,True,Healthcare,0.052298608182201445,0.07081545064377681,3.0,4.299999999999997,1.0,1.0,1.0346187593624712
GILD,2026-09-25,150.05,151.0,148.02,150.93,5284278,59.7,T9,,MARKUP,0.023761295726733488,0.005462660715475298,0.013905683192261042,-0.021206225680933777,0.8821196827685659,0.018599701532182378,0.053723910302414524,0.12150293793355571,1.0,0.0,0.03553938715544991,0.9207617522277652,True,Healthcare,0.05016699137211256,0.055897579403945796,8.0,-1.6999999999999957,0.0,0.0,1.034889308148084
SLF,2026-09-25,79.68,80.07,79.34,79.91,377669,48.7,T1,,MARKUP,0.014854203147660734,-0.01673434231573767,0.01653733621676623,-0.052974638539938335,0.3730715287517529,-0.0028195292648055537,0.0029729998009702108,0.09051960878078846,1.0,0.0,0.025760517799352733,0.82006824101321,True,,0.003012426258315548,0.008455325593134777,17.0,-8.599999999999994,0.0,1.0,1.0359659710396534
TTE,2026-09-28,91.69,91.69,90.13,90.34,2129111,51.5,,Z6,MARKUP,0.017220806346152414,0.003109038418831922,0.04620729588882466,-0.033383265568157405,0.8207926479035043,-0.0008554098384521147,0.019010286742440874,0.09817290375793108,1.0,0.0,0.03372093023255829,1.150708899481591,True,,-0.008777704630239191,0.01619797525309341,15.0,-0.5,0.0,1.0,1.0373047558861186
AON,2026-09-30,275.78,278.19,273.8,276.77,2300012,27.9,T2,,MKDN,0.02864364235706165,-0.017151988636363802,-0.151792828685259,-0.2761154992938223,0.06839039887045535,-0.06790900488141327,-0.1311940512859041,-0.1722788566172272,0.0,0.0,-0.04324631908386101,0.9289308211308178,True,Financials,-0.07918288585021793,0.028808267043342495,1.0,3.299999999999997,0.0,0.0,1.0380157180386969
BGC,2026-09-25,12.17,12.3,11.45,11.84,3828812,47.5,,Z4,MARKUP,0.032897538757207384,-0.03109656301145669,-0.02148760330578514,-0.0535571542765787,0.7184873949579831,-0.015440904300352498,0.009804747588496587,0.09363620292357533,1.0,0.0,0.029676258992805682,1.0323590292900637,True,Financials,-0.027115858668857906,0.03406113537117905,0.0,-12.200000000000003,0.0,0.0,1.0387441643719142
HESM,2026-09-28,38.48,38.63,38.03,38.48,1862497,37.8,,Z7,MARKUP,0.020731113203388468,-0.027791814047498753,-0.027300303336703857,-0.07142857142857151,0.16853932584269526,-0.02373005762363467,-0.02703528124420418,-0.0018782722952368491,1.0,0.0,-0.01992238033635174,1.2013824834236169,True,Energy,-0.0353472048132365,0.015839493136219573,1.0,-8.300000000000004,0.0,0.0,1.0388717900673903
CVLT,2026-09-29,147.39,149.49,143.96,146.35,501587,56.1,,Z9,MARKUP,0.04010221913794629,-0.00040980807321910895,0.06420884235020341,-0.05476974746496166,0.7946731234866824,0.023823582820098332,0.05667207749947778,0.12719556835180357,1.0,0.0,0.12081976328540778,0.9865824948081792,True,Technology,0.021284019539427712,0.03794326241134738,18.0,-3.0,0.0,0.0,1.039147764503086
LXFR,2026-09-24,17.25,17.27,17.24,17.25,271455,54.1,,Z7,DIST-TR,0.005058365512364656,0.0017421602787457413,0.004659289458357474,-0.057891862370289426,0.5309734513274338,0.0015324154493003839,0.007579125853472535,0.10258574145812105,1.0,0.0,0.004088785046729049,0.9654311352801439,True,Materials,-0.0017361111111111605,0.004074505238649717,19.0,1.3999999999999986,0.0,1.0,1.039300203694258
MFC,2026-09-24,43.44,43.77,43.27,43.49,1153582,48.7,T5,,MARKUP,0.016985417066658327,-0.012712826333711624,0.006014341892204511,-0.04059121994264281,0.624489795918368,-0.004885425074249161,0.008007476412125403,0.10080138156946927,1.0,0.0,0.03245048914340276,0.7878158934651488,True,,0.00022999080036800734,0.011395348837209385,16.0,-7.399999999999999,0.0,0.0,1.0393069019507155
CCB,2026-09-25,43.75,45.22,43.42,44.82,183836,38.8,T1,,MKDN,0.043489532023892115,-0.025016314988035693,-0.04107830551989733,-0.45863026935620244,0.17778258986574275,-0.03940051661600252,-0.14276410027192998,-0.3755984755650087,0.0,0.0,-0.031236055332440893,0.8165006480199145,True,Financials,-0.055625790139064435,0.03224320589590057,0.0,-0.10000000000000142,1.0,1.0,1.0401286101121634
IBRX,2026-09-28,8.39,8.98,8.26,8.52,10410179,54.2,T3,,MARKUP,0.062095942744382696,0.008284023668639007,0.058385093167701685,-0.1059811122770199,0.6493055555555555,0.02300447023978025,0.05728698992882153,0.2345784158106996,1.0,0.0,0.1072386058981234,1.16981940220669,True,Healthcare,0.017921146953405076,0.09793814432989678,12.0,-2.8999999999999986,0.0,0.0,1.0421236268119205
AUR,2026-09-25,6.13,6.16,5.99,6.04,31895699,43.6,,Z2,MARKUP,0.05985898626811198,-0.04278922345483349,0.06151142355008776,-0.16689655172413798,0.34594594594594585,-0.03807095149788331,-0.04059783774194825,0.02952385740681196,1.0,0.0,0.06666666666666665,1.2135231243583855,True,Technology,-0.06065318818040433,0.04861111111111116,16.0,-6.699999999999996,0.0,0.0,1.0421359724820878
TK,2026-09-29,13.81,14.26,13.75,14.11,554835,58.3,T6,,MARKUP,0.03496414587958405,0.025436046511627897,0.0721884498480243,-0.05492297387809786,0.821350762527233,0.024269782983306287,0.07797486820576083,0.20389294270993186,1.0,0.0,0.09143327841845128,0.9278043647235089,True,,-0.005637773079633535,0.06490566037735834,18.0,4.5,0.0,1.0,1.042804359300637
CON,2026-09-28,34.77,35.56,34.75,35.36,594956,57.4,T2,,MARKUP,0.025199799089830964,0.01696865113603674,0.0321074138937536,-0.03677472078452737,0.7988077496274216,0.014506918873482988,0.052530493412623835,0.26113674276193244,1.0,0.0,0.03001200480192079,0.7301400305982121,True,Healthcare,-0.012566322256353013,0.030303030303030276,13.0,5.0,0.0,1.0,1.0430852060006648
GATX,2026-09-28,183.17,186.65,180.96,181.26,307187,53.5,,Z2G,MARKUP,0.023037869917150417,0.0047671840354766015,0.02060810810810798,-0.05069655389127481,0.5205547300643879,0.0064545613816089364,0.011902269176255809,0.02518241549094058,1.0,0.0,0.0494658615884811,1.2698542481044528,True,Industrials,0.029301533219761478,0.04208347706105542,18.0,-2.1000000000000014,0.0,0.0,1.0456278856245418
WYNN,2026-09-25,80.88,81.8,80.09,81.12,2422125,26.1,T1,,MKDN,0.031465628462496564,-0.006856023506366382,-0.13342591603461162,-0.25741486634932254,0.1261653200745806,-0.06495720376894831,-0.12182765850918087,-0.19778161375626357,0.0,0.0,-0.05331695331695341,1.149686768290022,True,Consumer Discretionary,-0.07502850627137969,0.05268621853101485,1.0,7.400000000000002,0.0,1.0,1.0456875842923643
AMAT,2026-09-25,478.88,487.68,476.36,485.0,5202392,55.7,T2G,,MARKUP,0.041374636209221556,0.09094180893897486,0.005473090637697853,-0.2617960426179604,0.29936046274797345,0.0474564604134915,0.005414217335884652,0.13947811389323217,1.0,0.0,0.09997326917936378,0.9175216600556914,True,Technology,0.06245481828736654,0.17858618259580572,7.0,11.900000000000006,1.0,1.0,1.0457620338001754
WSC,2026-09-25,17.81,18.3,17.67,18.17,2745885,32.7,T1,,MKDN,0.041051105187412985,0.0,-0.1322827125119388,-0.34781048097631007,0.06467181467181483,-0.04917479378060907,-0.14501930933614893,-0.2032676829841661,0.0,1.0,-0.017957351290684653,1.3096098925724013,True,,-0.02625937834941039,0.03828571428571448,1.0,6.400000000000002,1.0,1.0,1.0476808301332723
AHRT,2026-09-29,5.92,6.03,5.87,6.02,1308755,37.1,T2G,,MARKUP,0.025632247857072705,-0.02746365105008086,-0.07098765432098775,-0.16272600834492357,0.16428571428571392,-0.0346086279299993,-0.07013282055125569,,0.0,0.0,-0.06310679611650483,1.4069306908267272,True,Real Estate,-0.053459119496855445,0.03972366148531936,1.0,1.8999999999999986,0.0,1.0,1.048391305521871
MLYS,2026-09-24,26.77,27.07,25.83,26.59,895390,44.6,,Z2G,MKDN,0.05715625583406375,-0.049678341672623305,0.02703746620316716,-0.16880275085964358,0.23295454545454555,-0.044893182405771004,-0.03163127279528721,-0.042963711480834554,0.0,0.0,0.03527054108216432,1.124555811831084,True,Healthcare,-0.09249146757679183,0.029423151374371015,16.0,-6.899999999999999,0.0,1.0,1.048780031700846
BAH,2026-09-25,73.52,73.86,72.33,72.95,1240822,42.5,,Z2G,MKDN,0.03275005080431738,-0.053457895419748214,-0.025774572649572502,-0.10149033132159124,0.6017399710004835,-0.03509509834945701,-0.01981034680023619,-0.07376619113331928,0.0,0.0,0.01672757942086034,0.9375396781649767,True,Industrials,-0.03886693017127807,0.008571823586340344,12.0,-12.299999999999997,1.0,0.0,1.0488783569923432
BNL,2026-09-29,18.74,18.95,18.7,18.88,1514452,22.8,T4,,MARKUP,0.018919761490547922,-0.012552301255230214,-0.09491850431447746,-0.18268398268398278,0.04524886877828036,-0.040388189747948,-0.0729951573194576,-0.050856120761582746,1.0,0.0,-0.014248021108179354,0.7746866440421134,True,,-0.05458187280921378,0.01070663811563155,1.0,-0.8999999999999986,0.0,1.0,1.0490213695743538
BBW,2026-09-25,25.09,25.89,24.78,25.77,356673,36.4,T4,,MKDN,0.06081895331909928,0.05441898527004896,-0.09388185654008441,-0.358636137381782,0.10106051154086095,-0.07583200465264639,-0.16747420731326979,-0.33829110938275087,0.0,1.0,-0.009027492819039917,0.7976260159499493,True,Consumer Discretionary,-0.06562726613488035,0.0670807453416149,4.0,10.899999999999999,1.0,1.0,1.0492505225740474
FRT,2026-09-29,109.29,110.08,108.48,109.39,1021316,24.7,T5,,MARKUP,0.015251242744897829,-0.009686764439616136,-0.05722657933293118,-0.1467904219639654,0.046122655854029214,-0.0289106324320777,-0.05490237919717955,-0.03005268720533205,1.0,1.0,-0.00722979774869581,1.1780339132159565,True,,-0.03984903010620566,0.00838864306784659,0.0,3.5,1.0,1.0,1.0496646663825697
HD,2026-09-25,292.69,297.14,291.4,293.2,5969397,31.1,T9,,MKDN,0.02382027688056221,-0.022601506767117918,-0.10775691549252919,-0.18294552041242862,0.0314251991737975,-0.04911627768806659,-0.08573253703584227,-0.13463226410475027,0.0,0.0,-0.024073763621123234,1.2623065424723152,True,Consumer Discretionary,-0.050333614044179686,0.007317827326759785,1.0,2.8000000000000007,1.0,0.0,1.0505975553197342
REXR,2026-09-29,36.95,37.47,36.8,37.4,2246357,47.4,T3,,MARKUP,0.019534836348594407,-0.021710698404394435,0.009719222462202914,-0.057222082177968314,0.6197654941373528,-0.008712946148991763,0.005012580782364884,0.014122522758018174,1.0,0.0,0.006564551422319376,0.8596592078483035,True,,-0.031589849818746685,0.016304347826086918,18.0,-9.399999999999999,0.0,0.0,1.050751819339989
BBY,2026-09-30,90.15,90.55,87.42,88.24,2647871,47.1,,Z6,MARKUP,0.03495838210715686,-0.028193832599119006,0.0678930170640204,-0.08588003729410554,0.5867397806580257,-0.019387788403734785,0.014920877879230021,0.14366038711054285,1.0,0.0,0.1397653194263364,0.7611690313157728,True,Consumer Discretionary,-0.045538128718226156,0.009380004575611833,19.0,-6.0,0.0,0.0,1.0511878916706339
SLM,2026-09-25,23.15,23.75,22.93,23.66,2179902,34.8,T1,,MARKUP,0.03127738296774144,-0.057370517928286846,-0.11617482256257006,-0.1630703926423771,0.13670411985018735,-0.059843444947101254,-0.07113914571520508,-0.06441133518664943,1.0,0.0,-0.07800562927221555,1.0161325378549362,True,Financials,-0.09139784946236551,0.03183602267771479,0.0,-5.600000000000001,1.0,1.0,1.0511891553754542
ESTA,2026-09-25,65.45,67.36,65.0,65.97,264989,34.7,T3,,MARKUP,0.045082617154419316,-0.04805194805194801,-0.08119777158774366,-0.32400860743928683,0.02976373120589134,-0.06616365073365904,-0.11909293056462811,-0.07382120165958217,1.0,0.0,-0.03158522050059598,0.913655970766643,True,,-0.07005920496193963,0.014923076923076817,0.0,-2.0999999999999943,1.0,0.0,1.051219690633484
HMN,2026-09-29,44.78,45.58,44.64,45.51,351356,27.8,T3,,MARKUP,0.023634121941660244,-0.03600932005930957,-0.10571821575948126,-0.18088552915766742,0.07967032967032943,-0.052787100049483615,-0.07917094672098901,-0.04687982015086378,1.0,0.0,-0.052832590706556326,0.9923544737505428,True,Financials,-0.08079175924055748,0.019489247311827995,0.0,-2.3000000000000007,1.0,0.0,1.0516952215675561
ACT,2026-09-28,46.97,47.06,46.33,46.94,286161,33.3,,Z2,MARKUP,0.020213541347639873,-0.023100936524453664,-0.04340737721622179,-0.07159810126582289,0.47076023391812827,-0.027803385507895184,-0.020204320346899896,0.06500939844973463,1.0,0.0,-0.031765935214211116,0.7209531361198747,True,Financials,-0.06251248252446584,0.01316641484998926,0.0,-8.200000000000003,1.0,0.0,1.0517599583888069
AME,2026-09-30,252.62,253.9,247.73,247.73,1727346,57.3,,Z6,MARKUP,0.020736738467998596,0.005193751268005586,0.07094068822410504,-0.05142441415224397,0.6124098124098117,0.01735112025159613,0.026188899779931107,0.08566911879472205,1.0,0.0,0.054531991811490155,1.0740831720833945,True,,0.06692794694000592,0.0684003967740543,19.0,-1.5,0.0,1.0,1.0518484352494573
PHAT,2026-09-30,7.4,7.5,7.19,7.3,809201,36.6,,Z4,MKDN,0.061596638603878796,0.044349070100142995,-0.22257720979765716,-0.4224683544303798,0.06806282722513082,-0.07503029582801146,-0.16707869908394546,-0.29730787618416143,0.0,1.0,-0.01002865329512903,0.9380038787134055,True,Healthcare,-0.05071521456436934,0.05643994211287984,4.0,5.600000000000001,1.0,0.0,1.05213707282257
MSFT,2026-09-24,495.07,498.9,491.22,497.93,16642295,54.4,T5,,MARKUP,0.022052564282919122,0.0003616273229531952,0.003142816850333352,-0.03833674533585685,0.8625631793948627,0.00528235836100821,0.04761128685283156,0.1130109865685367,1.0,0.0,0.026267945583349217,1.1705358578732266,True,Technology,0.011148566322800813,0.021960880898138413,10.0,-1.2000000000000028,0.0,0.0,1.0521458935754158
HELP,2026-09-25,12.76,12.87,12.54,12.61,805768,51.2,,Z10,MARKUP,0.07659590405506381,0.019401778496362265,-0.047583081570997,-0.16765676567656773,0.7292110874200426,-0.01186330683184278,0.12086692675919108,,0.0,0.0,0.09058614564831258,1.0327467803036017,True,,-0.02775636083269095,0.04214876033057857,18.0,-0.19999999999999574,0.0,0.0,1.0523455053425494
PAGP,2026-09-28,26.82,26.86,26.32,26.6,2487715,39.0,,Z11,MARKUP,0.018822618028769715,-0.026710574460299896,-0.04898105112620654,-0.07317073170731703,0.5414847161572055,-0.022302725096470466,-0.004296315165544962,0.10566540773760313,1.0,0.0,-0.020247469066366763,1.0284500074747025,True,Energy,-0.04999999999999993,0.017986988136242,1.0,-10.5,0.0,0.0,1.0541831497077008
MIDD,2026-09-25,108.53,110.04,107.26,107.66,403383,36.0,,Z2,MKDN,0.03027314530152639,-0.041147132169576106,-0.052372150338878654,-0.40232054627213676,0.04506522598497828,-0.03592464273693796,-0.10271369014278764,-0.20790173628546615,0.0,0.0,0.028971603990790573,0.8611481062563826,True,Industrials,-0.006001292586095497,0.011842105263157876,11.0,-7.600000000000001,1.0,0.0,1.0552958790115634
BALL,2026-09-28,56.45,57.55,56.0,57.13,2014285,29.4,T6,,MARKUP,0.02260957102876488,-0.04320884273990955,-0.10412419633056291,-0.15425610658771272,0.09783549783549808,-0.04720516682883624,-0.06376262099993268,-0.03698340999726113,1.0,0.0,-0.056285810583080575,1.0065022618219819,True,Industrials,-0.058968868390709916,0.02017857142857138,0.0,-6.899999999999999,1.0,1.0,1.0557396436780178
HMC,2026-09-28,32.72,32.77,32.43,32.49,534286,54.8,,Z2G,MARKUP,0.01900219738810735,-0.0012296341838302638,0.019774011299435124,-0.028699551569506765,0.8386554621848739,0.00903476669072334,0.041109171116778365,0.10811041457850057,1.0,0.0,0.03285024154589378,1.0668035286570468,True,,0.0,0.01626524867062873,14.0,-2.0,0.0,0.0,1.0560495987487801
VNOM,2026-09-25,41.12,41.44,40.91,40.93,2242727,36.8,,Z1G,MARKUP,0.027079023233801014,-0.031700969955050895,-0.08372509514215365,-0.11291720849588216,0.1273031825795642,-0.04724311180000951,-0.05922420933597339,-0.05405006817234648,1.0,0.0,-0.03694056358039299,1.243588763982949,True,Energy,-0.08454484455379108,0.006392918613228327,3.0,-2.8000000000000043,0.0,1.0,1.0586634505056216
WPM,2026-09-24,144.06,144.66,141.71,143.88,2283282,47.0,,Z2G,MARKUP,0.041192830825501604,-0.05466491458607092,-0.07781053711062691,-0.12214765100671143,0.6787032579040281,-0.032052150534170765,0.020968997346653584,0.11978795611908777,1.0,0.0,-0.01610775532875086,1.0523502060686594,True,,-0.0470260961716783,0.01531296309364194,0.0,-9.100000000000001,0.0,1.0,1.0592030063464895
BNS,2026-09-30,92.44,92.58,90.82,90.84,1968213,44.0,,Z1,MARKUP,0.017167786288163414,-0.015284552845528432,-0.0038381401469458343,-0.051180279924796235,0.5746527777777783,-0.01896992401654085,0.0006953578372106417,0.1187390803257713,1.0,0.0,-0.0002201673271687854,1.1850468797362153,True,Financials,-0.022805507745266684,0.00022021581149545,0.0,-5.899999999999999,0.0,0.0,1.0592779672070796
IONS,2026-09-29,45.53,46.46,45.39,45.89,3885743,34.9,T2,,MKDN,0.04899896735950324,0.0030601092896174187,-0.23972829688535457,-0.4709476596725847,0.06585867825291568,-0.06924690803948574,-0.1660601652050162,-0.28312534809204504,0.0,1.0,-0.02692307692307705,1.0203651122432371,True,Healthcare,-0.0287830687830688,0.06696117182050698,4.0,5.0,1.0,1.0,1.0594523500335666
AMGN,2026-09-25,408.25,415.2,404.19,414.61,2213050,56.4,T1G,,MARKUP,0.02557491671691374,0.07509399714767295,-0.05121398659008214,-0.07252309688387792,0.6516974645466269,0.0284555094438681,0.039101229510511315,0.1372764229267034,1.0,0.0,0.01986861079955138,0.9225977057886773,True,Healthcare,0.09874122167748767,0.10722106500026718,7.0,16.699999999999996,1.0,1.0,1.0596214386763576
KNF,2026-09-25,53.4,54.85,52.92,54.58,1177061,35.3,T2G,,MKDN,0.045699384464160935,0.0025716385011020915,-0.18011116118371628,-0.3644620400558919,0.1113003975014197,-0.05469723639073987,-0.15152810194288768,-0.2689326929211162,0.0,1.0,-0.05467437954842336,1.2745142857142857,True,Materials,-0.052923824397015484,0.07737860244769057,2.0,12.599999999999998,1.0,1.0,1.0597823566004503
GBTG,2026-09-24,9.46,9.48,9.46,9.47,4764977,56.3,T9,,DIST-TR,0.002646477206594396,0.0010570824524311906,0.0010570824524311906,-0.009414225941422605,0.5,0.0006401471154311444,0.009108109200140158,0.13156692135531056,1.0,0.0,0.0021186440677967155,0.9984972551439202,True,Industrials,-0.001054852320675037,0.0010570824524311906,15.0,5.299999999999997,0.0,0.0,1.060208335360358
ERIE,2026-09-30,222.24,222.83,218.78,219.15,136356,31.5,,Z1,MKDN,0.033999580349881375,-0.02932187624573679,-0.1442461634581591,-0.19272847828489337,0.20522558104207825,-0.06904758647686604,-0.09044914986434849,-0.1418901315111385,0.0,0.0,-0.035723818845093014,0.7016710362116598,True,Financials,-0.10762277058392378,0.01107266435986154,3.0,-1.0,0.0,1.0,1.060318649907791
ALOY,2026-09-25,8.61,8.9,8.38,8.9,1728984,44.0,T2G,,ACC-TR,0.08371701787982648,0.07748184019370474,-0.2206654991243432,-0.4434021263289556,0.22598253275109173,-0.042910263030997764,-0.1287077727406727,,0.0,0.0,0.02522068095838592,0.9707145154859527,True,Materials,0.058263971462544584,0.12232030264817162,7.0,8.299999999999997,1.0,1.0,1.0608432125523888
LBTYK,2026-09-25,9.2,9.28,9.03,9.26,1458383,29.9,T3,,SPRING★,0.031042929654412278,-0.040414507772020825,-0.09922178988326846,-0.16425992779783394,0.11219512195121968,-0.0644584714276406,-0.09273862424250612,-0.1428026814598592,0.0,0.0,-0.06230529595015588,1.0207436697193608,True,Communication Services,-0.08768472906403946,0.025470653377630104,0.0,-3.3999999999999986,1.0,0.0,1.0614485337029338
SPXC,2026-09-29,170.95,173.23,169.62,170.63,726227,28.4,,Z10,MKDN,0.03704754412098219,-0.023017463498425483,-0.13275730622617532,-0.2797078812951158,0.021270310192023602,-0.06462215732847243,-0.12705641790833877,-0.17543969200829845,0.0,0.0,-0.019983781278961943,1.073015060064367,True,Industrials,-0.043071056026022125,0.008511141320409088,1.0,-1.8000000000000007,1.0,0.0,1.061713485180084
FAF,2026-09-25,65.99,66.33,65.14,66.27,852934,32.7,T9,,MARKUP,0.029900212649628805,-0.047708004023566675,-0.11106639839034205,-0.17027669963691006,0.07671418873048168,-0.05954183682375758,-0.0709349777177174,-0.025472555449149503,1.0,0.0,-0.05853447029917613,0.9139751657277664,True,Financials,-0.076762329339649,0.01734725207245935,0.0,-6.899999999999999,1.0,0.0,1.0617913676596933
FTRE,2026-09-30,19.41,20.02,19.39,19.95,1480944,57.5,T4,,MARKUP,0.05069234033127284,0.022028688524590168,0.12584650112866824,-0.06732117812061722,0.7293233082706765,0.03286688876788846,0.07493303386380257,0.3100254940313054,1.0,0.0,0.19788425637834473,0.8233778777877072,True,Healthcare,-0.0010015022533800266,0.036363636363636376,14.0,1.6000000000000014,0.0,1.0,1.0620147622775433
VOR,2026-09-30,18.54,19.81,18.38,19.08,1069918,37.1,T1,,MARKUP,0.0696422090424437,-0.014971605575632596,-0.15724381625441708,-0.2661538461538462,0.258306538049303,-0.08326273247332505,-0.09207782034361434,0.022911012876588588,1.0,1.0,-0.07252514557967182,0.916206375384549,True,Healthcare,-0.13075170842824602,0.08904109589041087,1.0,3.0,1.0,1.0,1.0621945592627606
BTDR,2026-09-24,12.26,12.74,11.8,12.15,7159897,53.3,,Z2G,MKDN,0.07732876042363265,0.08096085409252662,0.1387066541705717,-0.23967459324155194,0.49204244031830247,0.028511960265996672,0.0308687632861937,-0.03201909828494787,0.0,0.0,0.13505461767626614,1.090409423040827,True,,0.053772766695576735,0.13551401869158886,18.0,3.299999999999997,0.0,0.0,1.063290652823508
DPRO,2026-09-28,5.4,5.92,5.38,5.59,3216168,54.8,T9,,MKDN,0.06783791171284168,-0.014109347442680775,0.2533632286995515,-0.1426380368098159,0.6605839416058394,0.030304984458449313,0.072228807108353,0.0024385186177653395,0.0,0.0,0.23696682464454977,0.6074796195043899,True,,0.0126811594202898,0.0791505791505791,18.0,-2.9000000000000057,0.0,1.0,1.0634624188927018
ARLP,2026-09-25,25.04,25.25,24.93,25.15,373189,36.3,T5,,MARKUP,0.019891373971691623,-0.027831465017394752,-0.04517843583902814,-0.06644394951744625,0.4914772727272719,-0.02883683417375482,-0.023739660686963426,-0.012418504128417829,1.0,0.0,-0.02996108949416343,1.0777588391598616,True,Materials,-0.052016584998115456,0.00882470918571987,0.0,-10.100000000000001,0.0,0.0,1.0635390334273023
RF,2026-09-25,27.29,27.7,27.2,27.62,10153266,28.9,T1,,MARKUP,0.021258603934851364,-0.03087719298245606,-0.09144736842105261,-0.1493686479827533,0.10018552875695783,-0.046971951161095205,-0.06984980437290889,-0.031629248236434315,1.0,0.0,-0.03526897043106525,1.142521402311345,True,Financials,-0.08330567540657141,0.01994091580502233,1.0,-1.1000000000000014,0.0,1.0,1.0635682840373804
LGND,2026-09-24,296.95,303.41,296.37,299.04,210276,60.9,T3,,MARKUP,0.02908111546043251,0.05036880927291887,0.03887441375716527,-0.08446866485013615,0.5060866451843901,0.035435751565510376,0.044354918589949,0.2200529274956451,1.0,0.0,0.0358976252908374,1.2389511477834094,True,Healthcare,0.03384615384615386,0.10440595339217795,7.0,12.199999999999996,1.0,1.0,1.0643224520661443
PFBC,2026-09-30,106.18,106.45,104.5,104.73,148242,46.8,,Z2G,MARKUP,0.021952545734171658,-0.010113421550094426,0.029388637703951392,-0.05075682044774765,0.4814814814814819,-0.01100892405285181,-0.0006892281737310713,0.05814580491194565,1.0,0.0,0.034039184642786546,1.2205802924257003,True,,-0.013656055754379337,0.005472350230414813,14.0,-8.100000000000001,0.0,0.0,1.0646627107072153
FNV,2026-09-24,258.76,260.13,255.01,259.89,570868,51.8,T5,,MARKUP,0.030259859208858438,-0.025168792198049683,-0.027976212738901163,-0.051427111467990505,0.8209429406531957,-0.0031804796420861203,0.043139602816416156,0.12324422043439798,1.0,0.0,0.025042205965109643,0.8833374624096264,True,,-0.0029540397452622047,0.019136504450805836,16.0,-7.300000000000004,0.0,1.0,1.0653023411451439
ABX,2026-09-30,8.03,8.25,8.0,8.06,678683,32.6,T5,,MARKUP,0.05067510319754223,0.03069053708439906,-0.12486427795874055,-0.33333333333333326,0.09843400447427303,-0.07353390335755827,-0.12570269222714747,,0.0,0.0,0.015748031496062964,1.1284435229194716,True,Financials,-0.12486427795874055,0.05774278215223094,5.0,8.5,1.0,0.0,1.0668358360728005
RPD,2026-09-28,11.13,11.98,11.13,11.8,980392,48.8,T3,,MKDN,0.07727318573616537,-0.053728949478748955,-0.11211437170805105,-0.20216362407031774,0.5106382978723406,-0.0218946625967833,0.030779691477774707,0.05071067967197185,1.0,0.0,0.09980237154150218,0.6835002359009049,True,Technology,-0.0774042220484753,0.06019766397124893,11.0,-6.5,1.0,0.0,1.0684025802369528
TRIP,2026-09-30,8.44,8.6,8.31,8.37,3229491,32.2,,Z6,MKDN,0.04801343188203526,0.04104477611940305,-0.11522198731501077,-0.4471598414795245,0.04915730337078646,-0.06078391158030749,-0.16619730360202023,-0.28981346680757414,0.0,0.0,0.004987531172069959,0.9332288566118027,True,Technology,-0.06375838926174504,0.043640897755610863,5.0,9.700000000000003,1.0,0.0,1.0685655347833254
AADX,2026-09-25,12.77,13.08,12.59,12.64,1507889,38.8,,Z3,ACC-TR,0.06522432566586843,-0.00940438871473348,-0.12343966712898746,-0.4774700289375775,0.0983606557377049,-0.03922085210820292,-0.16369428920407292,,0.0,0.0,0.09050966608084354,0.664796007065915,True,,0.03606557377049202,0.09437229437229444,10.0,-0.10000000000000142,1.0,1.0,1.0693665330718765
AZTA,2026-09-29,34.21,34.45,33.66,34.28,813904,61.3,T2,,MARKUP,0.034939078345847606,0.0,0.04992343032159274,-0.0856228327554015,0.7575528700906344,0.03228775693830821,0.08694294300328886,0.19639197066995906,1.0,0.0,0.12280701754385959,0.911118949985763,True,Industrials,0.037844383893430145,0.03941782898726509,13.0,-0.8000000000000043,1.0,0.0,1.069674700274984
AXSM,2026-09-28,194.98,198.96,193.11,193.89,707402,37.4,,Z2G,MARKUP,0.04138178718737901,-0.05645043554430884,-0.025776303889056495,-0.23242280285035632,0.0761605035405189,-0.052916885690194926,-0.0846843659854053,-0.017012682581697303,1.0,0.0,-0.04059883278355747,1.0039814916513197,True,Healthcare,-0.10476498291624359,0.02560169267389556,3.0,-7.100000000000001,0.0,0.0,1.0706756804991495
GENI,2026-09-29,6.25,6.34,6.12,6.17,8621257,42.3,,Z10,MKDN,0.07091881181364264,0.014802631578947345,-0.16846361185983827,-0.2817229336437719,0.22186495176848864,-0.056414771814166875,-0.09173812550588456,-0.13603135386984022,0.0,0.0,0.025547445255474477,1.3971574589392863,True,,-0.05945121951219512,0.1259124087591239,6.0,5.199999999999996,1.0,1.0,1.071350987188088
ODTX,2026-09-30,22.48,23.5,21.7,22.22,334166,47.8,,Z3,MARKUP,0.0917776428332244,0.07032755298651239,-0.09306122448979592,-0.23511187607573159,0.5103942652329748,-0.02374319274639991,0.0018022815811677972,,0.0,1.0,-0.08528265107212474,0.6854074409674038,True,Healthcare,-0.038927335640138505,0.18380394246137444,4.0,6.899999999999999,1.0,0.0,1.0717483108054486
NTNX,2026-09-29,68.7,70.32,67.91,70.09,2331769,61.5,T2,,MARKUP,0.03024559754473486,0.012129963898916962,0.022167128481843434,-0.05818328406342377,0.8041610131162371,0.027681834522428117,0.08512338056327051,0.22854314118794972,1.0,0.0,0.022376543209876587,0.8928597688425178,True,Technology,0.030886895131637226,0.05796226415094341,12.0,0.7000000000000028,0.0,1.0,1.0723713884598078
SLAB,2026-09-25,221.3,221.59,220.94,221.24,161773,60.1,,Z2G,MARKUP,0.005033426629531892,0.003356009070294874,0.010459008906143152,-0.005618230032810478,0.8065015479876163,0.004505076063926028,0.009535884580690768,0.1051205248066105,1.0,0.0,0.01567687200295098,0.9497360235299694,True,Technology,0.004130168383787991,0.010228310502283122,11.0,1.1000000000000014,1.0,0.0,1.0731698363297961
ANDG,2026-09-30,55.75,56.09,53.91,54.4,695981,54.0,,Z3,MARKUP,0.04143005707124009,0.008341056533827551,-0.023689877961234784,-0.0558833738285317,0.8313253012048193,0.010737014650541443,0.06996717391599172,,0.0,1.0,-0.0071594427244581205,1.3949284612728379,True,Industrials,-0.011088892928558414,0.0602221789124926,4.0,0.7000000000000028,1.0,0.0,1.0734985799088115
MOS,2026-09-25,23.7,23.7,22.66,23.01,9100697,40.7,,Z2,MKDN,0.04720930950942295,-0.060049019607843035,-0.031565656565656575,-0.146513353115727,0.3960244648318043,-0.05732232894745515,-0.0364622733399288,-0.082395670221733,0.0,0.0,-0.028301886792452824,1.0297880866704503,True,Materials,-0.0865422786820167,0.015445719329214569,0.0,-9.5,0.0,0.0,1.0734988754405708
FPS,2026-09-30,37.55,38.23,36.85,37.44,10254008,54.6,,Z11,MKDN,0.0620854641191886,-0.06118355065195602,0.2791253843525794,-0.21178947368421053,0.48463114754098346,0.040362075755155935,0.019207409736064385,,0.0,0.0,0.30343102215868467,0.7553973557777667,True,Industrials,0.07462686567164156,0.03112090333241513,12.0,-7.299999999999997,1.0,0.0,1.0749539894798217
LIME,2026-09-28,28.93,29.76,28.6,28.92,311116,35.6,,Z9,MARKUP,0.08091876352095714,-0.0031023784901758056,-0.3169579593764762,-0.34835511491662907,0.24622135543637252,-0.09344432424533233,-0.11481195123881327,,0.0,1.0,-0.03191862504384424,0.7997684259515154,True,,-0.058900097624471126,0.047826086956521685,4.0,1.7000000000000028,1.0,1.0,1.0757747542092606
AXON,2026-09-24,445.92,449.54,431.01,445.0,1429758,36.1,,Z2G,MKDN,0.05697677355156279,-0.018743109151047377,-0.26746559557516303,-0.33089749951132974,0.05977099888917374,-0.09267674602468168,-0.13961186441847462,-0.1634003641919488,0.0,1.0,-0.007940892141969358,0.9583886091387636,True,Industrials,-0.07069019525947584,0.032458643650959296,0.0,-0.19999999999999574,1.0,0.0,1.0764138227648483
CASH,2026-09-25,73.98,74.76,73.52,73.8,173250,25.0,,Z11,MKDN,0.023037646072546693,-0.031114612051989066,-0.0950337216431637,-0.21422487223168662,0.04053409632808747,-0.053913795755088256,-0.0951794453471102,-0.11474948529670226,0.0,0.0,-0.030307058354379968,0.838697437678091,True,,-0.06130755532943277,0.011651816312542751,1.0,-2.3999999999999986,0.0,0.0,1.0767323508742295
CNK,2026-09-30,38.31,38.58,37.27,37.3,1714649,57.6,,Z2,MARKUP,0.03206200622645646,0.042190556021235004,0.07245543415756162,-0.04530330176606101,0.8325449385052032,0.02595195045740728,0.05339492914368149,0.1797783104661479,1.0,0.0,0.054005934718101,1.010172296357787,True,,0.09609168380840427,0.10159480212640282,11.0,5.0,1.0,0.0,1.07675600732732
DKNG,2026-09-25,20.83,22.12,20.35,22.02,20468508,40.0,T6,,SPRING,0.05352673365507534,0.012413793103448256,-0.09083402146985964,-0.19985465116279066,0.23291492329149213,-0.04629435723273112,-0.0800857172942222,-0.17184719118466085,0.0,1.0,-0.06307550644567206,1.4330266297697192,True,Communication Services,-0.10994341147938558,0.08206388206388193,0.0,5.399999999999999,1.0,1.0,1.0778394050962823
BLZE,2026-09-30,13.62,14.38,13.45,13.99,1986416,50.2,T1G,,MARKUP,0.06506700147482315,-0.004978662873399764,0.03399852180340002,-0.41684035014589405,0.23136049192928518,0.014355273150484127,0.0019741927198879683,0.34779546114038773,1.0,0.0,0.053497942386831365,0.7964262314529071,True,Technology,0.06712433257055683,0.09296875000000004,13.0,0.9000000000000057,1.0,1.0,1.0785216322002968
BLMN,2026-09-24,8.79,8.79,8.07,8.12,2034684,35.8,,Z4,MARKUP,0.06256628001166123,0.008695652173912771,-0.27174887892376687,-0.3570863024544736,0.09255533199195151,-0.09031017014450282,-0.11483032902784518,-0.0033293265232663405,1.0,1.0,-0.0012626262626261875,1.1502965719400942,True,Consumer Discretionary,-0.06343713956170716,0.0265486725663715,4.0,3.6999999999999957,1.0,0.0,1.078868850343566
NLY,2026-09-25,20.66,20.71,20.3,20.61,14954277,25.5,,Z10,MARKUP,0.019265661483376703,-0.02090261282660344,-0.10624457935819598,-0.13801756587202008,0.08587257617728498,-0.05023940013079198,-0.07260830334221846,-0.06934300638555502,1.0,0.0,-0.03517110266159684,1.1595155632432856,True,,-0.05890410958904102,0.015270935960591148,0.0,2.0,1.0,0.0,1.0794422128780539
PRMB,2026-09-28,19.21,19.84,19.0,19.49,3739577,29.9,T11,,SPRING★,0.03987164074182197,-0.04833984375000011,-0.15260869565217394,-0.2563906905761161,0.06796116504854346,-0.0634660923214988,-0.11217023906155055,-0.1272784340506724,0.0,0.0,-0.0631163708086786,0.7579407189215104,True,Consumer Staples,-0.0763033175355452,0.025789473684210362,0.0,-3.700000000000003,1.0,0.0,1.079533338911992
DAC,2026-09-30,155.78,158.16,153.9,154.31,83484,52.1,,Z3,MARKUP,0.021658580355263326,-0.0007123429607562848,0.02131180091336282,-0.05701539965778524,0.7631378522467634,-0.0028345759584456065,0.03744925201488125,0.21041531432163496,1.0,0.0,0.027210884353741527,1.0350922794964714,True,,-0.030472480522744427,0.02192052980132453,19.0,-0.3999999999999986,0.0,0.0,1.0796521633197804
CFFI,2026-09-25,92.44,94.69,92.41,93.6,64433,55.9,T2,,MARKUP,0.027505302850554757,0.0,0.0331125827814569,-0.03574739878438238,0.8317167798254121,0.00994672279549147,0.05163666449311588,0.17324277073623784,1.0,0.0,0.0754650341417471,0.9614511993494697,True,Financials,-0.01473684210526327,0.024630541871921263,18.0,-2.1000000000000014,0.0,0.0,1.0806598294563747
ELVN,2026-09-30,46.98,46.98,45.47,45.84,800169,28.3,,Z4,MARKUP,0.046443081231506186,-0.005424170101974379,-0.20774282751469053,-0.2644415917843388,0.09201101928374666,-0.08895447108117172,-0.1252507833522486,0.07191370722881163,1.0,1.0,-0.032632501095050226,0.6821795532226002,True,Healthcare,-0.06677524429967419,0.03780846728548792,3.0,5.900000000000002,1.0,1.0,1.0808558663153154
SNOW,2026-09-25,333.94,347.22,332.79,335.94,3026189,55.0,T2,,MARKUP,0.044486210290625744,0.010558613843515863,0.020752939746589316,-0.12643020594965682,0.6304347826086957,0.014233764865137832,0.0743966684220585,0.3391917340541182,1.0,0.0,0.08002895784658914,0.6693225430573004,True,Technology,0.021125262166023173,0.05824539297527176,16.0,1.0,0.0,0.0,1.081005400106499
BKD,2026-09-28,11.01,11.16,10.91,11.04,3785880,26.3,T5,,MKDN,0.03347459615684182,-0.02987697715289994,-0.058020477815699745,-0.3074027603513175,0.03353057199211044,-0.052929599976510366,-0.11212873044062521,-0.12165333015202562,0.0,0.0,-0.03890362511052181,0.8053136084902867,True,Healthcare,-0.07304785894206556,0.015639374425022945,1.0,-3.599999999999998,1.0,0.0,1.0812176546938086
XYL,2026-09-25,102.89,103.94,102.28,102.63,2330329,30.2,,Z2,MKDN,0.026577240543123215,-0.045834882856080394,-0.08894806924101206,-0.19290657439446368,0.01525491770373326,-0.049315230052238035,-0.08061009487698367,-0.1450403188773931,0.0,0.0,-0.030530008533232178,0.9094171918495952,True,Industrials,-0.04048242333582641,0.00371638141809294,1.0,-8.900000000000002,0.0,1.0,1.0812563589599646
CLF,2026-09-25,12.51,12.56,12.15,12.18,9080160,51.2,,Z2,MARKUP,0.04752827893991272,-0.025600000000000067,0.029585798816567976,-0.07093821510297482,0.7822014051522249,0.0002083239981522933,0.030239226737153624,0.0843830608763636,1.0,0.0,0.0839350180505416,1.2142490052184876,True,Materials,0.00995024875621886,0.0554592720970537,17.0,-6.099999999999994,0.0,0.0,1.0814737370862664
LXU,2026-09-30,9.71,9.85,9.63,9.77,528448,36.1,T9,,MKDN,0.045558662297007266,-0.04868549172346637,-0.1261180679785331,-0.21146085552865224,0.12080536912751658,-0.06818925097864958,-0.09577893734153886,-0.11967684489531427,0.0,0.0,-0.04757185332011893,0.8810894540339275,True,Materials,-0.1166365280289332,0.01664932362122795,1.0,-4.5,0.0,0.0,1.0824707162489617
CINF,2026-09-28,162.44,163.15,161.58,161.92,401211,28.8,,Z2G,MARKUP,0.017389059858958205,-0.02954749775247234,-0.05844042565563767,-0.1688311688311689,0.02229488703923899,-0.03405913877525135,-0.05095956330711904,-0.034424354110873745,1.0,0.0,-0.033463268365817145,0.9004583140953946,True,Financials,-0.058714103011277885,0.004653471489731276,1.0,-8.3,0.0,0.0,1.0828598344818512
HUT,2026-09-25,102.01,102.31,95.64,96.82,2633831,52.2,,Z4,MARKUP,0.08118731408954548,-0.019445007089325506,0.11121312980603704,-0.19571357368333608,0.47725759928999323,0.019015558596924276,0.024932631701777286,0.20238063296149722,1.0,0.0,0.26995086973841453,0.8511571630064163,True,Financials,-0.018052738336714058,0.12962314782405793,17.0,-4.199999999999996,0.0,0.0,1.0833905933914367
RAL,2026-09-25,69.97,71.16,69.22,70.03,1172729,61.7,T2,,MARKUP,0.032674752877818354,0.030459093584461527,0.10596967782691102,-0.04513226070357246,0.747328244274809,0.04101853897291119,0.05564614630992293,0.19256283024413712,1.0,0.0,0.12815405046480732,0.8103702141762216,True,,0.0413382899628254,0.09678935003915434,17.0,5.100000000000001,0.0,1.0,1.0834792292642186
PDEX,2026-09-29,71.62,71.69,68.58,70.02,50925,54.0,,Z4,MARKUP,0.05273791622522373,-0.033006490816185674,0.12753623188405783,-0.09064935064935065,0.7091666666666665,0.014912487049131506,0.061531926674420534,0.242754541491776,1.0,0.0,0.18159889731219847,0.8323814631697736,True,,0.04648034673441925,0.04429530201342291,13.0,-6.100000000000001,1.0,0.0,1.0840212254469268
GSAT,2026-09-25,82.86,82.97,82.44,82.88,437637,57.7,T2G,,MARKUP,0.00833758489045147,0.00048285852245277816,0.010115783059110317,-0.02321744254566882,0.6964560862865947,0.006581484703017226,0.012942455748732984,0.1514747065504971,1.0,0.0,0.011478647247593177,0.9432910261068004,True,Communication Services,0.004849660523763344,0.016309012875536544,17.0,-0.8999999999999986,0.0,1.0,1.0841685102956837
VRNS,2026-09-29,47.71,48.31,46.07,47.11,1197837,53.9,,Z9,MARKUP,0.04268834393004621,-0.003806301543666679,0.07630797349782958,-0.049051271699636634,0.7703213610586012,0.01191480929975075,0.060931852223787164,0.2037788894920094,1.0,0.0,0.11577894473618389,0.6778047359885422,True,Technology,-0.007583737097113907,0.05580457194083377,18.0,-3.5,0.0,0.0,1.0847700952900305
CMS,2026-09-29,62.28,63.5,62.28,63.45,6496374,28.2,T4,,SPRING,0.01651941858672168,-0.012758674342617016,-0.0677343520423156,-0.19089517980107118,0.07249070631970271,-0.03163365491504877,-0.07104763231366251,-0.11709291926968013,0.0,0.0,-0.029755413615828008,1.3260800133410149,True,Utilities,-0.03746966019417475,0.018786127167630173,0.0,6.599999999999998,0.0,1.0,1.084854817258148
QUBT,2026-09-30,8.54,8.83,8.44,8.45,5593507,48.8,,Z2,MKDN,0.04962162915355998,-0.07346491228070173,0.06962025316455689,-0.13422131147540994,0.46747967479674774,-0.010003439733167863,-0.01444550202536743,-0.13190828030133195,0.0,0.0,0.10615989515072077,0.9938959012890536,True,Technology,0.05624999999999991,0.033007334963325086,12.0,-13.5,1.0,0.0,1.0854796776502076
OGN,2026-09-24,13.72,13.74,13.72,13.72,2215077,57.3,,Z7,DIST-TR,0.002888076505762688,0.002191380569759094,-0.0036310820624545492,-0.0050761421319796,0.7878787878787913,0.0016888942259174478,0.011387553293825459,0.17666321622444037,1.0,0.0,0.0029347028613351256,0.8761754447059547,True,Healthcare,0.006603081438004477,0.006603081438004477,11.0,5.199999999999996,0.0,1.0,1.0859089473544303
NNN,2026-09-30,41.44,41.49,40.95,41.09,1835121,19.7,,Z4,MKDN,0.016635320692857027,-0.005806919912896058,-0.09173297966401406,-0.17819999999999991,0.02409638554216932,-0.03434891451994582,-0.07004911305380035,-0.07327852956001502,0.0,1.0,-0.002197265625000111,1.1257334890325454,True,,-0.013445378151260345,0.0053829214582825635,3.0,2.1999999999999993,1.0,1.0,1.086138077631367
ROP,2026-09-25,362.32,363.86,357.75,358.56,753402,29.5,,Z2G,MKDN,0.027863658563861124,-0.038042603423297794,-0.1517187536965625,-0.16536312849162016,0.24505844845908603,-0.06053667876715885,-0.06482195506271704,-0.08246602684353821,0.0,0.0,-0.029672624698255934,1.0618942305141275,True,,-0.07711314732832286,0.0022641509433962703,0.0,-5.200000000000003,1.0,0.0,1.0867898949486685
BOT,2026-09-25,30.07,30.38,28.11,28.62,294249,51.5,,Z3,ACC-TR,0.06656438876626924,-0.03147208121827405,0.06631892697466468,-0.3061818181818181,0.28441926345609064,0.019898247095612165,-0.002349503352933824,,0.0,0.0,0.10760000000000014,1.2678373075002807,True,,0.06592178770949708,0.10630073444143795,16.0,-4.600000000000001,0.0,1.0,1.0870343274353875
ANET,2026-09-30,204.24,207.43,203.09,203.59,4898271,56.5,,Z10,MARKUP,0.03528321510683954,0.000589767533297314,0.07571594631723566,-0.05258504351063331,0.8053402239448754,0.019278094700511783,0.060742075595440426,0.2379078898053446,1.0,0.0,0.09648590500358578,0.8703277739085337,True,Technology,0.03062670851473115,0.05497979065188119,18.0,-1.3999999999999986,0.0,0.0,1.0874115207716741
CMCSA,2026-09-30,21.71,22.0,21.69,21.76,34944597,28.3,T1,,MKDN,0.03148611278397093,-0.03503325942350333,-0.1726235741444867,-0.20438756855575868,0.0790774299835256,-0.06932112924973699,-0.10500374456886286,-0.17862401114658488,0.0,0.0,-0.02814344076259645,1.0347342883866093,True,Communication Services,-0.08301727770754319,0.016347501167678802,3.0,-2.5,0.0,1.0,1.0881364083782576
IREN,2026-09-25,46.27,46.49,43.41,44.12,41139437,51.1,,Z4,MARKUP,0.06710013294107502,-0.054841473864610135,0.08857636318776207,-0.1063398825197488,0.7431506849315068,-0.0002015760247586762,0.016259830225507033,0.019730206698021835,1.0,0.0,0.2470554438379775,0.894128385473088,True,Financials,0.006616472735569312,0.07688552599463017,19.0,-8.100000000000001,0.0,0.0,1.0890510469330923
AD,2026-09-30,34.08,34.08,33.59,33.72,207891,29.2,,Z3,MKDN,0.025958168147180608,-0.03491700057240976,-0.08667388949079102,-0.13494099538224724,0.10238907849829376,-0.05212284117856458,-0.07790066441124999,-0.23364521582502984,0.0,0.0,-0.03944315545243615,0.9016146888390761,True,Communication Services,-0.11029023746701849,0.018115942028985588,1.0,-3.900000000000002,1.0,0.0,1.0909581145499805
HGTY,2026-09-29,13.49,13.58,13.35,13.55,352360,53.4,T2,,MARKUP,0.032020995938396614,0.0,0.018796992481203034,-0.04375441072688768,0.7876712328767126,0.001009257805810737,0.03796110687489462,0.13114657651374495,1.0,0.0,0.09741881765195659,0.48426550399578516,True,Financials,-0.033523537803138326,0.028072837632777015,13.0,-1.0,1.0,0.0,1.0909920409548268
RH,2026-09-25,122.37,125.75,121.55,124.17,739788,33.3,T1,,MKDN,0.05784428431919531,-0.018729255571360848,-0.14247237569060778,-0.38220807005323654,0.04725288354210594,-0.07978499268472328,-0.15832240708412582,-0.22044999647268537,0.0,0.0,-0.03255365324330839,0.8772985482309824,True,Consumer Discretionary,-0.07384202282389796,0.03165503489531418,1.0,3.9999999999999964,1.0,1.0,1.0913430309747991
NRG,2026-09-25,98.14,100.86,98.14,100.37,2618854,35.1,T1,,MKDN,0.04153580303294606,-0.031738375458228774,-0.12271654575648971,-0.3065017619014716,0.06076646199449513,-0.06767765954818183,-0.1374028158717162,-0.2670387981402206,0.0,0.0,-0.057879988404676785,0.999878304023732,True,Utilities,-0.11537105587872365,0.029435897435897473,1.0,-0.6000000000000014,1.0,1.0,1.0919231771169693
AAPL,2026-09-30,330.8,339.5,330.14,333.02,49962520,54.4,T9,,MARKUP,0.02178481186234839,-0.011868731826004342,0.024267216190446916,-0.035674986969363554,0.7282752536391707,0.0056430845123045525,0.03155321292963964,0.13566141345294813,1.0,0.0,0.06444300518134716,0.8321538648876543,True,Technology,0.0018350831804097023,0.013142683297839852,15.0,-8.5,0.0,0.0,1.0919500048453072
EXK,2026-09-25,9.26,9.46,9.05,9.39,6834042,43.0,T1G,,MARKUP,0.06389722756593921,-0.08031341821743387,-0.1690265486725664,-0.19399141630901284,0.49553571428571436,-0.06432855982856711,-0.04509878512241261,0.01708169478066579,1.0,1.0,-0.036519871106337254,0.9717708414819918,True,,-0.07760314341846752,0.04682274247491636,1.0,-7.0,1.0,1.0,1.09238502245951
LQDT,2026-09-30,43.44,43.67,42.77,42.83,273720,53.5,,Z4,MARKUP,0.025833441971106277,0.002574906367041274,0.08899059242308671,-0.028577908822862486,0.8369987063389386,0.0033486414347716487,0.031423038797376845,0.18290615092975404,1.0,0.0,0.10106521174330996,1.0178758672154042,True,Industrials,-0.007875839703497922,0.01758137324780229,19.0,-1.8999999999999986,0.0,0.0,1.0926656234870253
TRMD,2026-09-29,35.34,36.4,35.34,36.15,1171783,60.2,T4,,MARKUP,0.03752359303855822,0.043892578688997874,0.10179823224626627,-0.06661502711076683,0.7660924750679965,0.03957875010086376,0.09666488852702071,0.2548246316554179,1.0,0.0,0.12963581690611425,1.0613995115716695,True,,0.03492699685084455,0.06921029281277713,10.0,7.0,0.0,1.0,1.0929221363537365
NEE,2026-09-30,76.33,76.5,75.57,75.74,13480299,24.2,,Z3,MKDN,0.01694290506730628,-0.016619059984419593,-0.08669962619076343,-0.16760083525662162,0.05922270203578002,-0.04499595947868551,-0.08165341834378859,-0.10915899452409883,0.0,0.0,-0.027188760244568844,1.174121688900008,True,Utilities,-0.057608560408112575,0.01283765712757412,1.0,2.099999999999998,1.0,0.0,1.0930652713166054
XRAY,2026-09-24,9.76,9.81,9.48,9.53,3736419,35.4,,Z2G,MKDN,0.046380424195534724,0.015991471215351716,-0.1280878316559927,-0.34002770083102496,0.03346456692913384,-0.0762928469512989,-0.13352457504090587,-0.1919013169335677,0.0,0.0,0.0010683760683760646,1.2280685041525439,True,,-0.09238095238095245,0.018162393162393098,5.0,6.799999999999997,1.0,1.0,1.0944815331525912
TFIN,2026-09-25,61.3,62.17,61.1,61.45,203342,23.4,T1,,MARKUP,0.03017438900645267,-0.02491272611869244,-0.14557842046718572,-0.2642480842911876,0.04500216356555631,-0.06277101816637554,-0.11631257626733427,-0.08966131503904262,1.0,0.0,-0.02280815270139125,0.9254089302722195,True,Financials,-0.06950333131435493,0.017215692766098467,1.0,0.3999999999999986,0.0,1.0,1.0947012611220683
EGBN,2026-09-28,28.45,28.66,28.38,28.45,314306,57.0,,Z7,MARKUP,0.02082321859552838,0.017525035765379116,0.03191875226695684,-0.023343631994507397,0.8664047151277015,0.013255680212393095,0.02079831886132366,0.10256448450342748,1.0,0.0,0.046003016591251944,1.1833022135453606,True,Financials,0.016797712651894114,0.03154459753444527,18.0,6.200000000000003,0.0,1.0,1.095237141242486
TEN,2026-09-30,47.56,48.83,47.16,47.25,413872,54.8,,Z5,MARKUP,0.038633396217891455,0.005319148936170137,0.10345632881830924,-0.1223997028231798,0.6105200945626476,0.007091778060450693,0.06597776339462302,0.2620857307614832,1.0,0.0,0.1369315342328834,0.7818784740244674,True,,-0.0967310265723571,0.03846153846153855,19.0,0.8999999999999986,0.0,0.0,1.0952536396178472
CLSK,2026-09-25,14.28,14.28,13.48,13.95,17275137,54.1,,Z4,MARKUP,0.06752752463424941,-0.03593642017968224,0.07722007722007729,-0.13354037267080754,0.5966228893058159,0.03157576266806794,0.04668115521226146,0.07701318482906139,1.0,0.0,0.2516248839368618,1.0591715083131268,True,Financials,0.02048280907095834,0.12864077669902918,16.0,-6.0,0.0,0.0,1.0954261711203548
JLL,2026-09-24,325.04,327.6,322.12,324.4,324042,31.9,,Z10,MARKUP,0.03150657828699859,-0.036931480821755125,-0.15975963530874437,-0.1763152549258582,0.18228921337729592,-0.05924914067095721,-0.06453275429054017,-0.0019479310916522552,1.0,0.0,-0.042364063382584694,1.209081844287249,True,Real Estate,-0.05190554126724356,0.00707810753756366,0.0,-5.0,1.0,0.0,1.096015104590616
LVS,2026-09-25,38.79,39.17,38.52,38.99,3886666,25.3,T9,,MKDN,0.027123986647674535,-0.02476238119059515,-0.11867088607594933,-0.22144568690095845,0.07737104825291181,-0.06402638371187674,-0.11547628856870207,-0.21054663356617054,0.0,0.0,-0.042033727661716425,0.8233608956264283,True,Consumer Discretionary,-0.08965678262899823,0.024435102469784642,1.0,1.0,0.0,0.0,1.096557425976906
TRU,2026-09-25,67.48,70.1,67.03,69.17,1919449,31.5,T4,,MKDN,0.037966125920757654,-0.04500897418196892,-0.18306365891106646,-0.2002543646664353,0.10996916752312443,-0.07959762988323993,-0.10177516059755576,-0.10652298864214471,0.0,0.0,-0.06565374965151927,0.8139298068180787,True,,-0.10978120978120975,0.03192600328211248,0.0,-0.7999999999999972,0.0,1.0,1.097358191243516
GTLB,2026-09-30,46.58,48.11,46.48,47.25,3550391,53.6,T2,,MARKUP,0.0430787714273705,-0.03591103856355837,0.0479041916167664,-0.14941494149414936,0.6770428015564203,0.001728908532291351,0.09286873402947227,0.29557271124394036,1.0,0.0,0.10164424514200299,0.8286661293332819,True,Technology,-0.03116670084068085,0.06852103120759834,2.0,-7.399999999999999,0.0,0.0,1.0973674167787366
DTE,2026-09-29,120.24,122.91,119.68,122.39,3029555,24.2,T4,,SPRING,0.018788888048055223,-0.024081014273183876,-0.09761852097618517,-0.21418940609951842,0.0751316883836982,-0.04663124131343899,-0.090687659806587,-0.12557141995807142,0.0,0.0,-0.043554703108766746,1.1824497058999062,True,Utilities,-0.06142638036809822,0.022643716577540163,0.0,4.0,0.0,1.0,1.098150919860467
PII,2026-09-30,53.1,53.31,52.05,52.15,860127,25.9,,Z4,MKDN,0.04018326774612689,-0.014922553834529673,-0.15037471489084397,-0.33123877917414724,0.021590909090909098,-0.07170298073869297,-0.143723274512356,-0.16535539386083586,0.0,1.0,-0.008267640838300339,0.9768179240892696,True,Industrials,-0.05662083936324169,0.011050794881737103,2.0,1.6999999999999993,1.0,0.0,1.099045456869064
CSQR,2026-09-25,17.26,17.72,16.95,17.01,853491,36.6,,Z2G,MKDN,0.06054021308381283,-0.05342237061769606,-0.15204386839481543,,,-0.07071294283596141,-0.1188909543146629,,0.0,0.0,0.019855595667869874,0.6118579811343972,True,,-0.023536165327210146,0.013706793802145345,11.0,-4.299999999999997,1.0,0.0,1.0990671655934952
TFII,2026-09-28,121.0,122.82,119.58,122.37,293268,33.8,T4,,MARKUP,0.03097409337430459,-0.02486253884771683,-0.08206436126322103,-0.2272181875592042,0.07196285787980414,-0.045766578514014444,-0.08791754038207111,-0.0468075206441495,1.0,0.0,-0.025268992500815157,1.3375104087508893,True,,-0.07140689027166491,0.0233316608128451,0.0,-2.1000000000000014,1.0,1.0,1.100093494884964
CGBD,2026-09-24,11.25,11.29,11.03,11.15,380011,43.9,,Z2,MKDN,0.022309216378531463,-0.041272570937231357,-0.015887025595763382,-0.07851239669421484,0.5581395348837214,-0.020683672758781024,-0.005536360861727374,-0.02927419049503066,0.0,0.0,-0.016934046345811193,0.8000860450979106,True,,-0.020210896309314608,0.010879419764279419,0.0,-15.5,0.0,0.0,1.1016014568831096
SPNT,2026-09-29,24.7,24.91,24.57,24.84,702781,52.9,T3,,MARKUP,0.025760217467197196,-0.025117739403453743,0.026870607689127635,-0.0626415094339623,0.5990338164251208,0.0025364264801504,0.020398240187270433,0.09177716967690053,1.0,0.0,0.044642857142857206,0.866604067194173,True,Financials,0.0068909606809890445,0.03070539419087126,14.0,-14.500000000000007,0.0,0.0,1.1016155959599678
NBHC,2026-09-28,40.18,40.18,39.6,39.64,412648,29.1,,Z2,MARKUP,0.01748002742323982,-0.014665672383793127,-0.03833090732654043,-0.16159052453468703,0.005208333333333223,-0.030959152979686877,-0.05087863185764774,-0.04039688159658372,1.0,0.0,-0.010494752623688153,1.2463501909047057,True,Financials,-0.050311451844753274,0.0010101010101009056,0.0,-1.5,0.0,0.0,1.1018844972512987
DE,2026-09-28,687.13,690.94,681.86,689.59,798783,58.1,T5,,MARKUP,0.02440746280003321,0.0070976881398507885,0.09401424650579848,-0.04385624358725493,0.7815155073564966,0.01555201954501495,0.05858068020954499,0.16535982391911652,1.0,0.0,0.10344939323730973,0.9353300015918916,True,Industrials,0.011930267367123548,0.03627620407243226,19.0,-2.799999999999997,0.0,0.0,1.1020775233445812
MDT,2026-09-25,87.61,88.99,87.12,88.64,13249968,40.7,T3,,MARKUP,0.02336376670681211,-0.03788125474872461,-0.014782705346226499,-0.07095692275442822,0.5881995133819953,-0.02606395374001591,-0.008217249034440544,0.0065559403123345295,1.0,0.0,-0.031354236157438264,1.1278755888506096,True,,-0.025505716798592704,0.017447199265381075,0.0,-12.599999999999994,0.0,0.0,1.1020832964006304
SVC,2026-09-30,6.37,6.45,6.28,6.44,1235817,34.1,T9,,MARKUP,0.03728397848264332,-0.016793893129770865,-0.1603650586701434,-0.286031042128603,0.05839416058394167,-0.055360769345002114,-0.05318529497260993,0.4226461913437247,1.0,1.0,-0.020280811232449292,0.8529274603948115,True,,-0.027190332326283984,0.02547770700636942,0.0,1.3999999999999986,1.0,0.0,1.1021569337153796
GCT,2026-09-30,51.26,53.34,50.58,51.68,611251,51.2,T9,,MARKUP,0.051158163366645686,-0.015619047619047643,0.09098585602702136,-0.08157099697885206,0.8052609249045395,-0.0053141078983505174,0.05392327999752333,0.24837967585249188,1.0,0.0,0.0743316670289067,0.9206091140973633,True,Consumer Discretionary,0.0007745933384972759,0.04742602351033631,19.0,-5.899999999999999,0.0,0.0,1.1031159399450168
WAFD,2026-09-25,30.96,31.52,30.88,31.35,1669859,25.0,T2G,,MARKUP,0.024030179511780533,-0.03210867551713492,-0.13349917081260365,-0.20612813370473537,0.09050279329608961,-0.057590977451963954,-0.10108023578377745,-0.08707967649600334,1.0,0.0,-0.04859813084112152,1.1464190432889234,True,Financials,-0.07467532467532467,0.026522593320235766,1.0,3.8000000000000007,0.0,1.0,1.1032345990291528
CF,2026-09-30,115.66,117.73,115.09,115.2,2121930,35.3,,Z9,MARKUP,0.04045072810901808,-0.0450928381962864,-0.1504424778761061,-0.18678526048284616,0.17902575240459193,-0.06684459982494029,-0.06895453284242758,0.012019974762265573,1.0,0.0,-0.0360131879279737,0.8717267886738549,True,Materials,-0.12720660656110316,0.010260457774269982,1.0,-4.600000000000001,1.0,0.0,1.104595851229246
AMH,2026-09-29,30.52,30.75,30.37,30.68,3172698,27.2,T3,,MKDN,0.01598470437262164,-0.019181585677749413,-0.07867867867867862,-0.1251782149985743,0.07383966244725765,-0.02852911716367934,-0.0532995320474976,-0.05596935764068067,0.0,0.0,-0.01844660194174763,1.263446769938145,True,,-0.029728020240354258,0.011539729640619889,2.0,-3.1000000000000014,1.0,0.0,1.1047492325366421
BILL,2026-09-24,46.12,46.62,44.89,44.97,1917166,39.3,,Z2,MARKUP,0.04212582371119647,-0.054656295984864434,-0.06526709623778837,-0.1450570342205324,0.5143220878421386,-0.05452181209942408,-0.031192312224961327,0.0221174270956237,1.0,0.0,-0.028354978354978355,1.1483533379774422,True,Technology,-0.0558471551543146,0.0017821341055914708,0.0,-9.0,1.0,0.0,1.1052311061408342
SOBO,2026-09-24,34.57,34.57,34.11,34.32,594985,30.5,,Z2,MARKUP,0.02300658572534559,-0.04053676265026562,-0.09326287978863934,-0.12045105074320872,0.050505050505050476,-0.04396716836405934,-0.05605371244854185,0.006395965441243101,1.0,0.0,-0.03562340966921118,0.8869926699827965,True,,-0.056883759274525936,0.006156552330694787,0.0,-9.700000000000003,1.0,0.0,1.106194231957209
NSIT,2026-09-29,156.6,157.26,154.04,155.64,232515,51.4,,Z2,MARKUP,0.03755743004078126,-0.0039040000000001296,-0.008788689338937838,-0.07632047477744819,0.7795680493657865,-0.005105620152158541,0.05893416364090287,0.3129378072521469,1.0,0.0,0.06015141087405351,0.853727929005745,True,Consumer Discretionary,-0.0316077650572425,0.02516137531287055,18.0,-2.200000000000003,0.0,0.0,1.1068230893358468
UVV,2026-09-30,42.01,42.45,41.47,41.79,342525,23.1,,Z5,MKDN,0.02291781855572314,-0.02382620882971276,-0.09408194233687417,-0.2526824034334765,0.03351573187414513,-0.04573702699608728,-0.09573979076604133,-0.17365783581894156,0.0,0.0,-0.03369209171736087,1.010144452594435,True,,-0.0627943485086343,0.011864406779661163,1.0,-2.8999999999999986,0.0,0.0,1.1082916163185264
ARWR,2026-09-30,66.8,66.8,65.09,65.45,1742746,31.7,,Z4,MARKUP,0.053450261664148756,-0.022550776583034504,-0.20896785109983074,-0.3145879149649178,0.04634920634920639,-0.09449689669652661,-0.15396922036864147,-0.059182957697268335,1.0,1.0,-0.007906976744186056,0.809873659828452,True,Healthcare,-0.0051679586563307955,0.02281606501015787,2.0,-0.5000000000000036,1.0,0.0,1.1085555864806362
DINO,2026-09-30,107.34,109.96,104.84,107.32,1807933,56.0,,Z5,MARKUP,0.04264647207732357,0.011117392123610292,0.032220832932576604,-0.09350451896275025,0.7418978782933083,0.009568021668435067,0.08525670603952107,0.40817167676578636,1.0,0.0,0.1282556358065221,0.7884454657875873,True,Energy,-0.058348688251294245,0.041941747572815435,5.0,1.8999999999999986,0.0,0.0,1.108565459666611
LPG,2026-09-29,53.54,54.91,53.1,54.23,396771,54.7,T5,,MARKUP,0.03766725380071992,0.0128875607022787,0.08373301358912855,-0.095714523928631,0.7426008968609864,0.006279608905269463,0.07505504614955183,0.32889607138473087,1.0,0.0,0.0966315789473684,0.8418244417585797,True,Industrials,-0.045582541358676565,0.04108274140909951,19.0,1.9000000000000057,0.0,0.0,1.1087680602016836
AMPL,2026-09-28,13.04,13.44,12.66,13.3,972239,53.7,T5,,MARKUP,0.05157202207775292,-0.009679821295606739,-0.0699300699300699,-0.09891598915989153,0.7986206896551725,0.007065083787328952,0.0988057635980959,0.32793426697877504,1.0,0.0,0.05941422594142276,0.897060435030268,True,Technology,-0.02564102564102566,0.050552922590837435,13.0,-3.299999999999997,1.0,0.0,1.1090076748836692
KOD,2026-09-24,30.9,33.77,29.81,33.22,1290793,40.8,T3,,MARKUP,0.06437771880407676,0.011263318112633147,-0.15535214848715995,-0.29123106464689563,0.19988276670574445,-0.03754650412273586,-0.09555129707265275,0.016895058228299842,1.0,1.0,-0.05724225173940556,1.4736250431644309,True,Healthcare,0.010648007301490736,0.11439114391143912,0.0,10.399999999999999,1.0,1.0,1.109271552899853
GIS,2026-09-29,33.33,34.09,33.28,33.82,9080653,30.7,T4,,MKDN,0.03190899992925563,-0.045980253878702415,-0.17912621359223302,-0.1985781990521327,0.06785317018909892,-0.06296951643248438,-0.08290933488674401,-0.1397340237100475,0.0,0.0,-0.06133408705483323,1.1664708416299523,True,Consumer Staples,-0.07545106615636954,0.01836796145739239,1.0,-4.5000000000000036,1.0,1.0,1.1094637657524606
VG,2026-09-30,12.52,12.84,12.47,12.64,9306800,37.7,T4,,MARKUP,0.05241257486668778,-0.047475508666164234,-0.16346790205162143,-0.22453987730061353,0.1527777777777778,-0.07544269420212979,-0.07874734354372326,-0.0031676069187793754,1.0,0.0,-0.041181041181041156,0.8699518282355236,True,Utilities,-0.1372013651877133,0.024311183144246407,1.0,-2.8999999999999986,1.0,1.0,1.1099101320712697
PAYO,2026-09-29,7.14,7.15,7.14,7.14,1381135,53.4,,Z7,DIST-TR,0.004969839642477878,0.0014025245441795509,0.00421940928270037,-0.006954102920723293,0.7058823529411737,0.0011588845226864208,0.015803515577066607,0.12199632592849019,1.0,0.0,0.007062146892655274,0.7999345647900858,True,Industrials,0.0014025245441795509,0.005633802816901401,18.0,0.19999999999999574,0.0,1.0,1.11078811974042
BYD,2026-09-25,71.93,72.31,70.47,71.23,956403,22.6,,Z4,MKDN,0.0243396535007676,-0.02384541592435241,-0.10537553378548103,-0.22076359260474776,0.06183170618317056,-0.05349748268554866,-0.09977779911976548,-0.13579809887846206,0.0,0.0,-0.04194078947368407,1.010527666336526,True,Consumer Discretionary,-0.07493506493506485,0.019027181688125783,1.0,-3.3999999999999986,1.0,1.0,1.1108060837998295
UBS,2026-09-30,48.17,48.49,48.04,48.13,2256937,33.9,,Z2G,MARKUP,0.022095279834718765,0.008169250104733905,-0.11100849649057998,-0.14022865309038934,0.10795454545454582,-0.05161783066993708,-0.06729070519547142,0.008939053733224567,1.0,1.0,-0.010071338648761974,1.418370687307849,True,,-0.04541848472828236,0.020135650699449004,4.0,7.799999999999997,1.0,0.0,1.111649336705323
IHS,2026-09-30,8.39,8.42,8.34,8.36,1219177,43.1,,Z2,MARKUP,0.005780552552326743,-0.0071258907363420665,-0.004761904761904856,-0.018779342723004744,0.6097560975609754,-0.00561114442201649,-0.0005610989355662177,0.04433266099976563,1.0,0.0,0.0012004801920768582,0.7110956336114007,True,,-0.0071258907363420665,0.0023980815347721673,0.0,-9.699999999999996,0.0,0.0,1.113237336709874
VC,2026-09-25,89.99,90.91,89.66,90.46,504208,27.8,T9,,MKDN,0.03320704331557718,-0.04386428495930672,-0.10417904535551603,-0.17418294686872382,0.07736943907156643,-0.06611663346121033,-0.1042347468611119,-0.12213018990651192,0.0,0.0,-0.04523476952831196,0.996750393444272,True,Industrials,-0.10373526206281591,0.018005851901867986,1.0,-1.8999999999999986,1.0,1.0,1.1132769514045016
LITE,2026-09-24,923.83,954.45,912.0,929.04,3673011,53.2,T5,,MARKUP,0.0672866575416366,0.039648168664182304,-0.010638637743203061,-0.09517316607581128,0.7737543989627708,0.021163562012506354,0.057824026274852836,0.2970883855908715,1.0,0.0,0.14217242214488768,1.148147424215474,True,Industrials,-0.007117665918563776,0.11648700292028691,14.0,2.3000000000000043,0.0,0.0,1.114844430679408
PNR,2026-09-29,53.16,53.57,52.65,53.47,2043717,26.3,T1,,MKDN,0.028865923222520268,-0.0364029554874753,-0.11561362884551774,-0.3141354540790149,0.03278041074249599,-0.054796042017567825,-0.1274541021576454,-0.3095928898665187,0.0,0.0,-0.047584584765695714,0.7813850506924922,True,Industrials,-0.0549664192294097,0.01576747720364735,3.0,0.8000000000000007,0.0,1.0,1.1150573935315453
WST,2026-09-25,372.01,372.13,368.45,370.44,433363,63.3,,Z2G,MARKUP,0.022734364605182713,0.022439347520079478,0.07035742147996182,-0.04031088082901557,0.7437839617981229,0.03161408703003299,0.056603541642151756,0.18994090384853313,1.0,0.0,0.08753275701075336,1.0704597327151946,True,,0.06992461658435145,0.07327249022164284,11.0,1.7999999999999972,1.0,0.0,1.11576511406577
NJR,2026-09-29,50.12,51.01,49.99,50.83,679801,29.2,T4,,MARKUP,0.019879724193462487,-0.035849772382397616,-0.047056617922759725,-0.16480446927374304,0.08150183150183155,-0.03345543542982299,-0.05934056008087785,-0.04994364447213562,1.0,0.0,-0.04567169883432065,1.218896689914466,True,Utilities,-0.04580439271635073,0.01782138566279534,1.0,-7.199999999999999,1.0,1.0,1.1157859996350774
CDW,2026-09-24,143.93,144.01,138.5,139.46,1567377,42.7,,Z2G,MARKUP,0.043517347145688105,-0.0652815013404825,-0.014138272303124588,-0.11756517337382932,0.5874777975133217,-0.0459004524545471,-0.022404414824742647,0.005594595484552434,1.0,0.0,0.060814950980392135,1.1098693843485445,True,Consumer Discretionary,-0.022019635343618393,0.006931407942238232,0.0,-11.199999999999996,0.0,0.0,1.1165535162877016
IOSP,2026-09-29,97.56,98.09,96.11,96.72,185206,61.1,,Z2G,MARKUP,0.022034857491305383,0.006661115736885881,0.030470914127423754,-0.03742038216560517,0.821292775665399,0.019868611109224332,0.05169087135419592,0.1420983414009649,1.0,0.0,0.05230769230769239,1.1406914116086087,True,Materials,0.05336527989544759,0.061573921633190754,10.0,-3.999999999999993,1.0,1.0,1.1174749873002192
LRCX,2026-09-25,309.18,317.13,307.5,315.21,8138681,56.2,T2G,,MARKUP,0.046836355336638186,0.09406129603276514,-0.01057819072132593,-0.19691719745222935,0.4557042253521125,0.049661832019479935,0.028429110540686642,0.16977805067261653,1.0,0.0,0.0929645400761201,0.9918852021292264,True,Industrials,0.05697136342297626,0.18781324188868354,8.0,10.700000000000003,1.0,1.0,1.1185076917423955
DK,2026-09-30,69.38,73.4,68.57,71.37,2028383,50.0,T2G,,MARKUP,0.05846159697468279,-0.012316634375864943,-0.026861194436869407,-0.1324905797982252,0.6259437199725465,-0.006214747280809618,0.04502047455374991,0.36867614403407467,1.0,1.0,-0.007566585956416461,1.1968669350198815,True,Energy,-0.09840828701364313,0.08828911253430927,3.0,0.6000000000000014,1.0,1.0,1.1193062771394684
GFR,2026-09-24,6.16,6.33,6.11,6.18,1064834,45.7,T9,,MARKUP,0.04657868973722535,-0.07207207207207211,0.009803921568627416,-0.13687150837988837,0.43023255813953454,-0.03098097634550223,-0.01870316939840877,0.052727113531501724,1.0,0.0,0.02184873949579824,0.8418555323638065,True,,-0.011200000000000099,0.016447368421052655,19.0,-10.399999999999999,0.0,0.0,1.1200646411529458
QCOM,2026-09-28,199.16,199.16,186.71,187.48,16664316,54.3,,Z1,MARKUP,0.04869647222778178,-0.034752612881635225,0.14184785918752651,-0.08923973767306292,0.7082274459974587,0.01747748195955534,0.050353964693989006,0.08790244547114878,1.0,0.0,0.19517347330687507,0.8630666996458538,True,Industrials,0.04068831529281147,0.06540887651304184,18.0,-11.100000000000009,0.0,1.0,1.12034903960866
KMTS,2026-09-24,25.45,26.0,25.23,25.76,306086,53.6,T3,,MARKUP,0.05151506988259155,0.05790554414784399,-0.0304855099736544,-0.10834198684665974,0.6313309776207304,0.023963170918711585,0.03200716736010811,0.09671997474225957,1.0,0.0,0.11966604823747695,1.129481455817351,True,,0.09291472210437002,0.19480519480519498,7.0,8.200000000000003,1.0,1.0,1.120500615398639
GENB,2026-09-24,16.44,16.48,15.4,15.99,1438134,48.7,,Z2G,MARKUP,0.06970526412696956,-0.06600467289719625,-0.009293680297397744,-0.2946625496250552,0.34381139489194495,-0.01992406474716113,0.017495193012738053,,0.0,0.0,0.04477611940298498,1.0139473951111506,True,Healthcare,0.03898635477582846,0.04373368146214096,18.0,-9.5,0.0,0.0,1.1209034102283404
KD,2026-09-25,11.72,11.96,11.56,11.6,3986882,36.4,,Z2G,MKDN,0.051217103406622284,-0.03893951946975982,-0.12452830188679243,-0.21142080217539094,0.1837270341207347,-0.07538394455157194,-0.08724434051070018,-0.2862011923158466,0.0,0.0,-0.04239401496259354,0.9430991655386213,True,Technology,-0.11787072243346008,0.00694444444444442,1.0,-3.8000000000000043,0.0,0.0,1.121840586386146
VSTM,2026-09-25,7.86,7.89,7.67,7.74,1061073,54.4,,Z2,MARKUP,0.05793115415024271,0.040322580645161255,0.04878048780487809,-0.10416666666666674,0.8030634573304157,0.01388102667284885,0.10715071657307584,0.22169322917431833,1.0,0.0,0.13293051359516617,0.8776266878680854,True,Healthcare,0.05737704918032782,0.07499999999999996,18.0,0.6000000000000014,0.0,0.0,1.1226927172531946
NKTR,2026-09-30,59.96,62.4,58.91,60.55,1209894,38.0,T1,,MARKUP,0.05932305738593771,0.05012140131807152,-0.15609756097560978,-0.22122186495176854,0.20148560817084477,-0.06687153520910805,-0.11214890270140665,-0.05471096991438207,1.0,1.0,-0.012473647224174322,1.3736724523138002,True,Healthcare,-0.10136539032353808,0.07721046077210447,4.0,13.399999999999999,1.0,1.0,1.1228272800338066
CMP,2026-09-28,22.1,22.43,21.72,22.39,287351,29.4,T5,,MARKUP,0.0378517361820404,-0.050063640220619376,-0.09057676685621452,-0.2683006535947713,0.07545045045045062,-0.06861996658287595,-0.12475787565401042,-0.11915440580950432,1.0,0.0,-0.07060333761232362,0.9156896076963017,True,Materials,-0.06940980881130498,0.03084714548802947,0.0,-5.800000000000004,1.0,0.0,1.123324278793228
NIQ,2026-09-30,17.46,17.55,17.01,17.01,1752092,44.3,,Z4,MARKUP,0.035596686651658396,-0.03952569169960474,-0.09134615384615374,-0.1361097003555104,0.7167019027484144,-0.04139294599893284,0.04472328147607674,0.22111768764144468,1.0,0.0,-0.027999999999999914,1.0070758834722353,True,Technology,-0.045989904655075575,0.0,0.0,-8.200000000000003,1.0,0.0,1.12417714939661
PSX,2026-09-30,256.92,260.35,254.79,255.31,2521792,54.3,,Z5,MARKUP,0.03241929292300824,-0.004561759201497262,0.013054519482580629,-0.07870236720554269,0.7716230366492146,0.0008275690558448012,0.06627603818601346,0.3254779084452033,1.0,0.0,0.06405480625133797,0.8525665360418678,True,Energy,-0.03521898499792164,0.027363083980523895,17.0,-1.6000000000000014,0.0,0.0,1.1246750644114658
TEVA,2026-09-30,40.2,40.27,39.22,39.6,5654694,58.5,,Z3,MARKUP,0.03126153429623657,0.015124327095616508,0.0942249240121582,-0.02917381711203726,0.8936550491510279,0.02579900129903434,0.06893052430644286,0.17984887080637213,1.0,0.0,0.08130999435347253,1.0629564261120832,True,,0.027770568388268968,0.03394255874673635,16.0,-0.5,0.0,1.0,1.1254278589294786
OMF,2026-09-30,56.35,56.4,55.23,55.39,1082492,28.1,,Z2,MARKUP,0.026550460347373614,-0.032489082969432315,-0.09360170184912453,-0.16518462697814607,0.014388489208633429,-0.06824362326481814,-0.08714058998619545,-0.0671266761924747,1.0,0.0,-0.031901840490797584,0.9820944321569381,True,Financials,-0.08552088492653132,0.0028969762810067134,0.0,-2.1999999999999993,0.0,0.0,1.1260438881115447
AVTR,2026-09-30,15.16,15.36,15.05,15.05,7378761,53.8,,Z1G,MARKUP,0.029418601317360158,0.019647696476964738,0.059859154929577496,-0.06230529595015577,0.8420221169036335,0.002232673030605703,0.07386233509299966,0.2777410701439331,1.0,0.0,0.03382663847780121,0.8364741029536986,True,Technology,-0.03587443946188329,0.02590320381731437,19.0,1.8999999999999986,0.0,0.0,1.126657691896523
FRO,2026-09-29,47.83,49.33,47.74,48.93,2580690,57.2,T4,,MARKUP,0.037077007631104476,0.0210767946577628,0.11763362265874822,-0.10890548169732284,0.6887038001041125,0.019497663773608398,0.09058014914542567,0.33335645028298244,1.0,0.0,0.13386783284742476,0.9231883090301427,True,,-0.05156037991858897,0.048425112491964795,19.0,3.4000000000000057,0.0,1.0,1.1278888996598406
BX,2026-09-25,117.5,119.5,117.19,118.42,4499605,31.5,T9,,MKDN,0.03328779295360482,-0.052336747759282876,-0.17557783347257028,-0.21179446219382325,0.08981693363844394,-0.07088394669856912,-0.09044377001779758,-0.1003235666524005,0.0,0.0,-0.05056827540767583,1.144470799461974,True,Financials,-0.07851529063886076,0.027238029146426035,1.0,-4.5,1.0,0.0,1.1288101147254577
FLY,2026-09-29,24.68,25.17,22.61,22.86,3046921,51.1,,Z4,MKDN,0.07365302396015318,-0.020565552699228773,0.08238636363636354,-0.18936170212765957,0.49094375595805523,0.01459430110349147,-0.028793291226366646,-0.21478092085287337,0.0,0.0,0.09151329243353801,1.121058323818755,True,Industrials,0.11566617862371897,0.16871165644171793,9.0,-4.0,1.0,1.0,1.1290330854653072
DRTS,2026-09-30,15.14,15.34,14.88,14.91,368888,53.4,,Z1,MARKUP,0.04282650799462172,0.026859504132231482,0.06805157593123212,-0.055731475617479376,0.8178053830227745,0.008132236788990443,0.06395340047675724,0.441065109275782,1.0,0.0,0.0483516483516484,0.8531225202492312,True,,-0.008643617021276584,0.04192872117400426,14.0,3.5,0.0,1.0,1.1292903916780794
POR,2026-09-25,46.06,47.01,45.82,46.85,2146673,35.7,T3,,SPRING★,0.01790327629489502,-0.008255715495342986,-0.059991974317817,-0.1336908284023668,0.1246973365617435,-0.023882673361068973,-0.045625750503177964,-0.05159127914075212,0.0,0.0,-0.02820784729586423,1.4614157854254595,True,Utilities,-0.02881426202321724,0.022479266695766054,0.0,0.7000000000000028,1.0,0.0,1.129350510274402
WEN,2026-09-29,6.4,6.57,6.4,6.54,5270713,34.3,T1,,MKDN,0.045901212874154496,-0.03964757709251099,-0.21204819277108444,-0.2844638949671773,0.07142857142857148,-0.08183221601602564,-0.12744530046797486,-0.17029545561528991,0.0,0.0,-0.039393939393939315,0.8818176049491706,True,Consumer Discretionary,-0.1233243967828418,0.03154574132492116,1.0,-0.4000000000000057,0.0,1.0,1.1295879292165325
CMBT,2026-09-30,19.09,19.3,18.86,18.93,1926273,52.0,,Z3,MARKUP,0.026723673181857414,-0.012004175365344483,0.03612479474548436,-0.09077809798270897,0.6865671641791045,-0.00599752341401949,0.048643401561061284,0.2680151380832019,1.0,0.0,0.06678082191780832,1.0048857818605108,True,,-0.03713123092573756,0.01284109149277679,19.0,-3.8999999999999986,0.0,0.0,1.1310126519522987
KNSL,2026-09-24,339.89,345.05,335.65,340.51,265769,33.9,T9,,SPRING★,0.029801240940528242,-0.05290240035602034,-0.12042466354971204,-0.14569220733604293,0.26882397381012313,-0.05569171870327483,-0.053864000713308435,-0.06644871402817043,0.0,0.0,-0.05822109988776658,1.1579080667543717,True,Financials,-0.06118003859939347,0.014479368389691771,0.0,-9.800000000000004,1.0,0.0,1.1322202473770788
HRB,2026-09-30,40.35,41.09,40.14,40.85,2013177,28.0,T2,,MARKUP,0.03810379562965997,-0.039727315467794955,-0.1977611940298507,-0.3037327424578149,0.1477761836441895,-0.0770550582086712,-0.09278255509513966,-0.03866615993734135,1.0,0.0,-0.05592734225621421,1.033876435086641,True,Consumer Discretionary,-0.09443582354245172,0.03417721518987338,1.0,-2.0,1.0,0.0,1.132311927980072
PCG,2026-09-30,12.2,12.28,12.09,12.25,48273017,30.6,T2G,,MKDN,0.04559186638750466,-0.012892828364222453,-0.12873399715504985,-0.3356832971800434,0.07196401799100455,-0.08421908805680023,-0.17712968517864536,-0.24217342270099074,0.0,0.0,-0.04927302100161557,0.8666050438584169,True,Utilities,-0.08239700374531833,0.0407816482582839,1.0,2.200000000000003,0.0,1.0,1.1335501620593393
SIG,2026-09-24,100.49,103.24,99.67,100.5,571788,61.0,T2G,,MARKUP,0.04168503917669837,-0.009364218827008441,0.1998567335243553,-0.04057279236276845,0.8348873348873349,0.04950824603814197,0.09158762034791734,0.13108142005242085,1.0,0.0,0.23857739526642185,0.8634855862412937,True,Consumer Discretionary,0.028553883942278313,0.0344827586206895,12.0,-3.0,0.0,1.0,1.1343631227911484
AVAH,2026-09-29,12.62,12.8,12.35,12.78,1891254,47.3,T2,,MARKUP,0.04070078683823397,-0.033282904689863946,-0.04769001490312974,-0.1312032630863359,0.6756302521008402,-0.025018987544654148,0.05304585870888534,0.35693939494556215,1.0,0.0,-0.06784888203546657,0.8721006909500936,True,Healthcare,-0.10691823899371078,0.05707196029776673,2.0,-4.600000000000001,1.0,0.0,1.1347109502820927
RBLX,2026-09-25,48.19,48.76,46.01,46.44,13382327,52.5,,Z2G,MKDN,0.05281379696005818,-0.028858218318695172,0.21730013106159896,-0.20479452054794522,0.5122349102773245,0.004007749139861128,0.02745823802801084,-0.20566606530135012,0.0,0.0,0.23318145269364776,1.2439360094203138,True,Technology,0.02065934065934072,0.009345794392523255,19.0,-9.100000000000001,0.0,0.0,1.1355369733958969
RUSHB,2026-09-28,55.24,55.38,54.29,55.09,106193,38.3,,Z3,MKDN,0.04505315424873399,0.027606789778026553,-0.28361508452535766,-0.3242149165848871,0.19860521528198924,-0.039717772773089854,-0.13916000391067396,-0.15993031786251333,0.0,0.0,0.10877626699629173,0.39644826202677735,True,Consumer Discretionary,0.04733840304182513,0.06228306980331677,18.0,3.8999999999999986,0.0,0.0,1.135856490304708
CLBK,2026-09-25,11.3,11.38,11.22,11.33,2380046,38.2,T2G,,ACC-TR,0.023787218139795625,-0.021588946459412783,-0.034923339011925014,-0.5613627564847077,0.053524804177545716,-0.018409441146443828,-0.11420013894107428,-0.27398215816000526,0.0,0.0,-0.015004413062665534,1.0009326724747258,True,Financials,-0.017346053772766656,0.015232974910394326,2.0,-2.5,1.0,1.0,1.136938100851073
ALM,2026-09-30,13.22,13.73,12.97,13.16,3519793,40.2,,Z2,MARKUP,0.08721377523986668,-0.033773861967694496,-0.25396825396825395,-0.3233933161953727,0.277841561423651,-0.0934515202357461,-0.1391408368847563,-0.09692890508165741,1.0,0.0,-0.06641509433962267,0.9811427434354597,True,,-0.023014105419450703,0.06386418755052548,4.0,1.1000000000000014,1.0,0.0,1.1382109865868226
CSTL,2026-09-29,35.72,36.24,34.24,34.88,318617,56.8,,Z1G,MARKUP,0.04380961604752677,0.0008608321377332473,0.056009688162276694,-0.053459972862957894,0.8630993745656707,0.014615470965446242,0.0954669103956527,0.24678744508324768,1.0,0.0,0.0782442748091603,1.0643873096676932,True,Healthcare,-0.01746478873239432,0.028908554572271594,13.0,-2.9000000000000057,0.0,0.0,1.1383704823059786
VTRS,2026-09-24,17.05,17.45,17.0,17.42,13744627,62.8,T4,,MARKUP,0.0238537896181243,0.016929363689433874,0.033827893175074175,-0.052746057640021715,0.6135458167330682,0.0312645295353402,0.04221261611398064,0.15754357833251809,1.0,0.0,0.05506883604505619,1.1846205620166266,True,Healthcare,0.06349206349206371,0.06740196078431371,17.0,3.5999999999999943,0.0,1.0,1.1384161825016244
U,2026-09-25,41.21,41.97,39.88,41.55,15152981,47.8,T3,,MARKUP,0.048530862601085446,0.0036231884057971175,-0.04460795585192012,-0.14259182831201,0.6650508967523023,-0.020627216690785488,0.03930495074605855,0.2254368730607228,1.0,1.0,-0.028592739930382804,1.4396021759281163,True,Technology,-0.054822565969062875,0.06347581264397228,1.0,-0.10000000000000142,1.0,1.0,1.1391997336610509
GOOD,2026-09-30,12.72,12.73,12.52,12.62,1386209,45.1,,Z5,MARKUP,0.01703423322101667,0.003977724741447863,-0.02848344880677456,-0.049698795180722954,0.43589743589743574,-0.006276798073107215,-0.010126257500238212,0.00606278384268677,1.0,1.0,-0.013545816733067761,1.503897194978375,True,Real Estate,-0.003946329913180779,0.019386106623586308,2.0,3.8999999999999986,1.0,1.0,1.1394600180061716
OCFC,2026-09-25,16.96,17.23,16.93,17.1,995144,27.7,T1,,MKDN,0.023066857088264652,-0.04308897593732508,-0.09475913181577544,-0.1584645669291338,0.09550561797752809,-0.05562143424420163,-0.08230338064955489,-0.08280829587818839,0.0,0.0,-0.05842696629213473,1.133922963800855,True,Financials,-0.0894568690095846,0.02028639618138417,1.0,-3.3000000000000007,0.0,1.0,1.139545144076805
CRS,2026-09-29,385.88,395.88,385.01,391.74,671308,26.6,T1,,MARKUP,0.041131170649739236,-0.020698965051747398,-0.17774232819780866,-0.3634177256329423,0.041282633857761375,-0.0776567867056498,-0.1620541194639853,-0.11394502653373983,1.0,0.0,-0.032632911392404984,1.0172966962657894,True,Materials,-0.05677549841086382,0.025202166915286206,1.0,4.400000000000002,1.0,1.0,1.140201231098928
TTEK,2026-09-29,33.73,34.25,33.54,33.7,1488421,34.9,,Z9,MARKUP,0.027472853817219423,-0.04963338973491249,-0.06751521859435528,-0.10348496940675711,0.4685792349726778,-0.04156822329766596,-0.02584934490654356,0.013022378667679302,1.0,0.0,-0.05593412833617262,1.0113227880696112,True,Industrials,-0.0822440087145968,0.013533834586466176,1.0,-12.300000000000004,1.0,0.0,1.1416466158956038
AHCO,2026-09-30,5.69,5.72,5.53,5.64,2079066,39.8,,Z3,ACC-TR,0.04903160881652879,-0.010526315789473717,0.023593466424682408,-0.5179487179487179,0.06625577812018486,-0.03300069987331822,-0.16093421311598177,-0.3618619070779613,0.0,0.0,0.024118738404452778,0.6891318897051594,True,Healthcare,-0.045685279187817285,0.021739130434782705,3.0,0.0,0.0,1.0,1.1423028514833071
HAYW,2026-09-25,12.55,12.78,12.49,12.63,8251114,32.2,T9,,MKDN,0.027895491281461397,-0.02771362586605075,-0.11368421052631572,-0.2674013921113688,0.04554865424430657,-0.045513797173171056,-0.0956003450272942,-0.14127283825790482,0.0,0.0,-0.017418844022169533,1.362162664253147,True,Industrials,-0.0366132723112127,0.017727639000805873,1.0,-2.3999999999999986,1.0,0.0,1.1425406961377256
RUN,2026-09-25,7.79,8.23,7.75,8.11,7353977,39.8,T9,,MKDN,0.05889468047272648,-0.049237983587338774,-0.10485651214128044,-0.3938714499252617,0.06394316163410291,-0.062364827283812874,-0.15359731256439446,-0.3416222908427038,0.0,0.0,-0.053724053724053644,1.0845321528348075,True,Industrials,-0.052570093457944056,0.04645161290322575,1.0,-1.9000000000000057,1.0,0.0,1.1431395912221907
CTRN,2026-09-30,50.73,51.89,48.92,51.56,278745,30.6,T2G,,MARKUP,0.05651894084069811,0.019778481012658222,-0.24031236186827765,-0.3382107560005133,0.10404624277456656,-0.09520053066941125,-0.15258825368562212,-0.03199782411997276,1.0,1.0,-0.038461538461538436,0.8770923414947078,True,Consumer Discretionary,-0.11408934707903784,0.06309278350515468,2.0,7.800000000000001,1.0,1.0,1.1436495114224885
CRVL,2026-09-28,74.46,75.19,73.59,73.84,249318,65.8,,Z3,UTAD,0.02588187766190784,0.02798273701795906,0.06643558636626246,-0.017954515228088774,0.9191616766467069,0.03827511251242521,0.08724617223483278,0.11030809127039731,1.0,0.0,0.09941699907947199,0.9104009578295121,True,Financials,0.022998060404544107,0.06782357194504707,13.0,3.0999999999999943,0.0,1.0,1.1444303723161604
ARCO,2026-09-25,7.24,7.26,7.15,7.24,1385184,27.5,,Z7,MKDN,0.027268324261091957,-0.038512616201859196,-0.08816120906801006,-0.1620370370370371,0.06040268456375829,-0.06145291461135405,-0.08914903782556827,-0.10134023365013478,0.0,0.0,-0.047936085219706936,1.0678306819305339,True,,-0.09612983770287131,0.012587412587412583,0.0,-3.8000000000000007,1.0,0.0,1.1446091388031856
SAIL,2026-09-28,20.03,21.08,20.0,20.57,3578270,55.9,T5,,MARKUP,0.06097613280547441,0.012303149606299302,0.03731719616742324,-0.07716464782413635,0.8038768529076398,0.03176369392042422,0.10595873945315515,0.21116844533062573,1.0,0.0,0.1991576413959084,1.1590214367780252,True,Technology,0.034708249496981924,0.07583682008368187,11.0,-3.0,1.0,1.0,1.1454057240141302
RIGL,2026-09-25,48.23,48.53,47.2,48.18,204930,60.0,,Z5,MARKUP,0.034568171263531566,0.03301886792452824,0.028169014084507005,-0.03446893787575145,0.8844862323707187,0.031965627577428046,0.09466997014957101,0.296196471601164,1.0,0.0,0.06190041114664235,0.7626233421304779,True,Healthcare,0.019898391193903464,0.10050251256281406,7.0,3.700000000000003,0.0,0.0,1.146285022213496
CFFN,2026-09-25,8.69,8.76,8.66,8.68,1274497,45.1,,Z11,MARKUP,0.01890189016491036,-0.024719101123595544,0.004629629629629539,-0.06263498920086397,0.4579439252336449,-0.009430595595037006,0.0011223536438014214,0.09909414123226368,1.0,0.0,0.01193317422434359,1.021548506961784,True,Financials,-0.015873015873015928,0.023584905660377187,17.0,-14.399999999999999,0.0,0.0,1.1467999803373323
REPX,2026-09-28,41.2,41.2,40.06,40.12,146835,47.7,,Z6,MARKUP,0.0363725026152559,-0.01230920728705076,0.04806687565308243,-0.11454425071728103,0.6200585651537333,-0.023398143759114642,0.026462985145089712,0.16165357255057278,1.0,0.0,0.08292416803055125,0.5229951817351536,True,Energy,-0.07172605275335497,0.010579345088161052,19.0,-2.799999999999997,0.0,1.0,1.1471809590553788
EPRT,2026-09-28,26.56,26.61,26.19,26.4,2010141,19.7,,Z3,MKDN,0.020696615169970043,-0.013452914798206428,-0.1307211063549556,-0.21381774865991665,0.02841677943166406,-0.055005216759030806,-0.09920040283207066,-0.13894754683764698,0.0,0.0,-0.010578012844729812,0.9077438902168509,True,,-0.08237747653806049,0.008018327605956443,0.0,3.5,1.0,0.0,1.1479916841334563
PAY,2026-09-30,29.54,30.92,29.54,30.64,1311744,36.2,T6,,MARKUP,0.05157755911846839,0.023038397328881466,-0.12781098775974953,-0.32376958728757455,0.19836065573770487,-0.0816400052908296,-0.09353939713823523,-0.009715694275510112,1.0,1.0,-0.012478920741989752,1.134278690913981,True,Industrials,-0.16375545851528384,0.04644808743169393,4.0,6.100000000000001,1.0,1.0,1.1483782979094854
BWIN,2026-09-24,31.87,31.91,31.7,31.84,4397280,57.7,,Z2,DIST-TR,0.02696866476765864,-0.0034428794992175105,0.04702400526142725,-0.02629969418960254,0.8930348258706464,0.021538104114157353,0.07649343010649368,0.19156347597357448,1.0,0.0,0.14275414563806788,0.9279194640993709,True,Financials,0.0833616876488601,0.10478834142956273,11.0,-1.0,1.0,1.0,1.1487961329298828
RMIX,2026-09-25,12.39,13.28,12.24,13.05,477817,32.6,T4,,MARKUP,0.06899964332367717,-0.013605442176870763,-0.2693169092945128,-0.4174107142857142,0.09486931268151022,-0.0877490325817919,-0.18499998038956433,,0.0,1.0,-0.06288819875776397,0.8554785397064745,True,Materials,-0.02320359281437112,0.08119304059652044,1.0,6.700000000000003,1.0,1.0,1.1490288078530637
TTI,2026-09-25,5.94,6.12,5.92,6.08,1433637,32.4,T6,,MKDN,0.048591333617987745,0.0,-0.12265512265512257,-0.4159462055715658,0.04625550660792951,-0.06787740379623375,-0.17336208990158586,-0.2600514730312514,0.0,1.0,-0.03135313531353123,0.8178000021842862,True,Energy,-0.10719530102790009,0.035775127768313375,1.0,2.5,1.0,1.0,1.1506859815710064
BBSI,2026-09-24,32.78,33.21,30.99,31.6,589176,35.9,,Z2,MKDN,0.03567550961054513,-0.050480769230769273,-0.06976744186046502,-0.2520710059171597,0.0989847715736042,-0.05020503585427438,-0.0727109173812498,-0.09378482503600649,0.0,0.0,-0.0214714240606253,1.2877003132523883,True,,-0.03834449178332311,0.019683768957728498,0.0,-9.0,0.0,1.0,1.1508653790899628
TNK,2026-09-30,98.16,100.29,96.94,97.06,579595,59.0,,Z5,MARKUP,0.035630899163899395,0.026655383964459434,0.09920724801812009,-0.05913144629701428,0.8291795015401849,0.019327036477184922,0.08433547112717821,0.2832812585343678,1.0,0.0,0.12251056125528081,0.7618531119675173,True,,-0.035476498062207984,0.048843743246163696,19.0,5.600000000000001,0.0,1.0,1.1513818509201363
GNL,2026-09-25,8.61,8.74,8.55,8.55,3447776,25.7,,Z2G,MARKUP,0.01677010267412268,-0.025085518814139007,-0.06352683461117192,-0.10283315844700935,0.10909090909091003,-0.03590742690799775,-0.04710150398937574,-0.04412055048384744,1.0,0.0,-0.025085518814139007,1.0033823620719573,True,,-0.05524861878453036,0.0,0.0,-8.599999999999998,0.0,0.0,1.1518569285089684
FLGT,2026-09-30,22.07,22.25,21.69,22.02,273540,63.9,,Z2G,MARKUP,0.029357014185355676,0.035260930888575404,0.12404287901990818,-0.025232403718459473,0.9128440366972477,0.03724257031475253,0.08236281010026603,0.09959794859261528,1.0,0.0,0.11712184873949583,0.8233912815888506,True,Healthcare,0.018030513176144236,0.0480723465016657,17.0,3.6999999999999957,0.0,0.0,1.1518618703665593
FUBO,2026-09-24,9.61,9.78,9.51,9.73,1093325,42.8,T3,,MKDN,0.0681310480209071,-0.01717171717171717,-0.05533980582524278,-0.22346368715083786,0.33806146572104023,-0.06575526298156631,-0.05662894286920117,-0.4059730912209958,0.0,1.0,-0.007306889352818424,1.0585530705645003,True,Communication Services,-0.1472392638036809,0.023133543638275578,0.0,-0.6000000000000014,1.0,0.0,1.1524921033957196
FLXS,2026-09-30,86.05,86.6,84.5,84.65,55949,55.7,,Z2G,MARKUP,0.039439785217292425,-0.006805115569635034,0.0685432971471851,-0.0660856134157104,0.735190097259063,0.012797851821704898,0.06673751947349515,0.34341666206733445,1.0,0.0,0.08148530170190815,0.847521534210954,True,Materials,0.038013488657265615,0.09141309953584331,8.0,-8.899999999999991,0.0,0.0,1.1530805864454228
RYN,2026-09-24,19.87,19.98,19.05,19.06,5193035,28.7,,Z2,MKDN,0.024877551828962927,-0.04700000000000004,-0.08453410182516818,-0.1558901682905226,0.0028328611898011382,-0.05899929510121715,-0.08011236979295933,-0.1087463923988915,0.0,0.0,-0.0412682435832914,1.0082694008303952,True,,-0.06015779092702178,0.0005249343832018916,0.0,-8.000000000000004,1.0,1.0,1.1531879991593603
MPC,2026-09-30,398.05,404.07,393.7,395.42,1648605,57.1,,Z5,MARKUP,0.03611256231530908,0.018126577063700466,0.032428198433420485,-0.0827224645077479,0.7786193195927491,0.010884496371974528,0.08748171978749353,0.40617121393611244,1.0,0.0,0.09299047947766548,0.6762812570935474,True,Energy,-0.04469462698105919,0.04387539598732837,5.0,3.5,0.0,0.0,1.1534223215032022
SN,2026-09-25,175.37,181.09,174.45,177.74,1295207,56.6,T2,,MARKUP,0.037571579161754375,0.07233785822021122,-0.07839883853572538,-0.08635756142695583,0.6809722749715157,0.03158728617968354,0.05703116655019258,0.2739059487396309,1.0,0.0,0.05254442392204317,0.829134841964986,True,Industrials,0.10534825870646758,0.11912857322755332,10.0,13.800000000000004,1.0,1.0,1.153551140247983
PBF,2026-09-28,74.74,75.84,73.12,74.39,2466655,53.5,,Z5,MARKUP,0.06061939696793152,0.02635209713024267,0.04363075196408528,-0.09950369204696763,0.7685810810810811,0.01417899201957562,0.08060716204981389,0.4486498686533691,1.0,0.0,0.06958561376075068,0.8738604609645194,True,Energy,0.05667613636363633,0.08757309941520464,3.0,3.799999999999997,0.0,0.0,1.1537984433014261
KFY,2026-09-30,71.87,72.25,71.32,71.59,765865,24.8,,Z9,MARKUP,0.027384233933283004,-0.03204434829637626,-0.15428233904311872,-0.18192206604959438,0.11259754738015657,-0.0613447163377725,-0.08219279946151736,-0.020197591618957178,1.0,0.0,-0.049519686104721905,1.1928361604500841,True,,-0.07542296267596538,0.019074733096085428,1.0,-1.5,1.0,1.0,1.1542474783498053
ROOT,2026-09-30,46.49,46.52,45.72,46.11,191475,32.9,,Z10,MKDN,0.04754223832026787,-0.013900769888793851,-0.16315789473684217,-0.3167876722477404,0.04340044742729302,-0.07920427473193381,-0.12615018623934537,-0.25469495017535204,0.0,0.0,-0.0193965517241379,1.0542780473142095,True,Financials,-0.12070938215102978,0.013406593406593448,2.0,0.6000000000000014,1.0,0.0,1.1543643407628215
APPS,2026-09-25,10.9,11.75,10.75,11.11,3596107,49.4,T9,,MARKUP,0.07781018661582476,0.04221388367729828,-0.028846153846153855,-0.2757496740547588,0.43599999999999994,-0.012267806256873848,0.030727171860314373,0.39230607970162024,1.0,0.0,0.06461538461538474,1.1489920943206793,True,,-0.059271803556308345,0.07032755298651239,16.0,3.1000000000000014,0.0,0.0,1.154907085350719
JBHT,2026-09-30,229.9,229.91,223.8,224.05,1068899,29.4,,Z4,MARKUP,0.03509223791325202,-0.0450922729403741,-0.1264426076107299,-0.2525687216439818,0.0032912058978409697,-0.0800763488584546,-0.12760388127816202,-0.06786938619000538,1.0,0.0,-0.0284771661746831,0.8959761290705466,True,Industrials,-0.05356313099311438,0.0011170688114388039,0.0,-2.3000000000000007,0.0,0.0,1.155115034236904
BWLP,2026-09-29,24.23,24.77,24.2,24.68,172489,53.4,T3,,MARKUP,0.030606349017375512,0.009819967266775809,0.01773195876288658,-0.06762372497166602,0.7653997378768022,0.003628059825574459,0.04965518729964291,0.25591306745427755,1.0,0.0,0.04402789886660852,0.5472541724901886,True,,-0.0441518202943455,0.030480167014613757,18.0,2.6000000000000014,0.0,0.0,1.156135983617034
INN,2026-09-29,5.83,5.96,5.76,5.91,4356629,53.3,T2G,,MARKUP,0.02930433262950285,0.035026269702276736,0.010256410256410442,-0.17573221757322177,0.23636363636363666,0.020127515468058244,-0.009891865326376426,0.04699426574297383,1.0,0.0,0.0126811594202898,1.5714040135569871,True,,0.029616724738676048,0.07065217391304368,7.0,11.099999999999994,1.0,1.0,1.1562215716979585
GL,2026-09-30,166.06,167.16,165.12,165.65,425200,32.1,,Z9,MARKUP,0.01927024139016449,-0.01837037037037037,-0.03859547301218802,-0.13521273818846258,0.03824730783512814,-0.026659215698337957,-0.03801306752817579,0.03472340594801904,1.0,0.0,-0.018131933675295198,1.3170241030246428,True,Financials,-0.04237484102208344,0.006256833920544214,1.0,-6.0,0.0,0.0,1.1569838050453012
MFIC,2026-09-30,8.92,8.92,8.72,8.74,688631,31.3,,Z4,MKDN,0.021536126849293576,-0.017977528089887618,-0.09523809523809523,-0.1294820717131473,0.022556390977443157,-0.03734975517186423,-0.07159107690387045,-0.16407167525477773,0.0,0.0,-0.020247469066366652,1.387610516231025,True,,-0.034254143646408886,0.00344431687715252,1.0,-1.0999999999999979,1.0,1.0,1.1572316585893212
ASM,2026-09-25,5.98,5.98,5.76,5.94,2686116,39.2,,Z11,MARKUP,0.06376735044283396,-0.06896551724137923,-0.23156532988357048,-0.2481012658227848,0.2872727272727273,-0.08715880769642059,-0.1030392507056942,-0.07927133150301091,1.0,1.0,-0.012006861063464935,0.7854653323914835,True,,-0.0847457627118644,0.03125,0.0,-3.8999999999999986,1.0,0.0,1.1573715813778616
CNH,2026-09-24,13.68,13.77,13.13,13.28,14975854,55.5,,Z1,MARKUP,0.04053827219450974,-0.019926199261992683,0.1428571428571428,-0.0816044260027663,0.7336343115124151,0.009909314009455272,0.08608672257932803,0.1730249608847516,1.0,0.0,0.2885181550539746,0.713330811330807,True,Industrials,-0.016296296296296364,0.011424219345011366,18.0,-5.899999999999999,0.0,1.0,1.1573882849749897
DBRG,2026-09-29,15.99,16.0,15.99,16.0,4804553,62.8,T1,,MARKUP,0.0021420543179047806,0.0012515644555695093,0.0056568196103079504,0.0,1.0,0.003523668425863935,0.006416320598683578,0.059485977854671024,1.0,0.0,0.008207070707070718,0.8498440671468546,True,Financials,0.008827238335435084,0.010101010101010166,10.0,2.1999999999999957,1.0,1.0,1.1576463795821896
PAYS,2026-09-25,12.9,13.16,12.54,12.67,720284,51.8,,Z9,MARKUP,0.05061486820783687,0.02674230145867096,-0.037234042553191515,-0.1219681219681219,0.7237048665620094,0.0006788010323559579,0.078724794822854,0.5169882695164978,1.0,0.0,0.07834507042253525,0.7931830207612475,True,Industrials,-0.02613374327440432,0.11531690140845074,7.0,2.5999999999999943,1.0,1.0,1.1578355531203257
MTG,2026-09-29,28.25,28.38,27.95,28.25,2370741,25.3,,Z7,MARKUP,0.02155898874022597,-0.035506998975759596,-0.07830342577487759,-0.11414236437754788,0.12709832134292587,-0.04523470698783616,-0.04874596144144727,-0.0024845629808122327,1.0,0.0,-0.03487569060773488,0.9541018092877519,True,Financials,-0.0554998328318288,0.01073345259391778,0.0,-9.3,0.0,0.0,1.1586745172461397
SLDE,2026-09-24,22.96,23.89,22.96,23.55,762895,48.0,T9,,MARKUP,0.0359029344059788,-0.05799999999999994,0.008565310492505418,-0.11962616822429906,0.5755968169761274,-0.02245887733550056,0.03305914378948116,0.1813461317447851,1.0,0.0,0.029292474087426745,1.1403182903017743,True,Financials,-0.036809815950920144,0.031085814360770625,1.0,-12.299999999999997,0.0,0.0,1.159885406301126
STZ,2026-09-30,113.0,114.03,112.37,113.06,1649542,24.8,T2G,,MKDN,0.02487643562978195,-0.030110663120871517,-0.134502028630483,-0.19098389982110908,0.05388160226869891,-0.0558175439188604,-0.1052148639098619,-0.19150568879296792,0.0,0.0,-0.03428571428571425,0.6696778927011936,True,Consumer Staples,-0.08103714541168816,0.013627398242782807,1.0,-3.3999999999999986,0.0,1.0,1.1631631055486396
SKT,2026-09-29,34.77,35.08,34.68,34.86,942501,20.7,T2,,MARKUP,0.017414964294488883,-0.020786516853932624,-0.07557677008750996,-0.1801505174035749,0.040100250626566435,-0.032715886568954966,-0.06555247917294338,-0.04715064235108468,1.0,0.0,-0.024569330697542968,1.1689098733514014,True,,-0.03728251864125931,0.009264620729589002,1.0,-1.9000000000000021,0.0,0.0,1.1635658912052684
REAL,2026-09-30,8.79,8.94,8.69,8.84,2685861,30.8,T9,,MKDN,0.05193354467734286,-0.03387978142076509,-0.11688311688311692,-0.3603473227206947,0.058601134215501026,-0.06999193895299372,-0.13497499433317062,-0.17512913790698836,0.0,0.0,-0.058498896247240695,1.1913035256228999,True,Consumer Discretionary,-0.06751054852320681,0.036342321219226426,2.0,-2.3000000000000007,1.0,0.0,1.1644814810839859
SHOP,2026-09-28,138.04,144.05,136.49,144.01,8152143,54.9,T3,,MARKUP,0.04827867307097393,0.044156032482598695,-0.058142576847612926,-0.0935355951406811,0.6891863626856304,0.03380023889598838,0.055091477146822276,0.10484652276148831,1.0,0.0,0.09392888817221645,1.3221919175965027,True,Technology,0.07558443498394207,0.13940976343065103,12.0,3.6000000000000014,1.0,0.0,1.1646516138091545
BATRK,2026-09-29,54.13,54.24,53.62,53.98,543892,64.9,,Z1G,MARKUP,0.021310386599056794,0.021574564723694012,0.08874546187979027,-0.016040831206708073,0.8741058655221742,0.034740306179854796,0.04848853987469992,0.12254444052946556,1.0,0.0,0.0715457154571546,1.1099406532952025,True,Communication Services,0.06469428007889544,0.0738014720509248,12.0,3.4000000000000057,1.0,0.0,1.1652001002599515
AA,2026-09-25,42.52,43.18,42.25,42.85,3401413,32.3,T3,,MKDN,0.04285810645710155,-0.0355615575061895,-0.16292244579019333,-0.22161671207992728,0.046875000000000125,-0.08034570423303777,-0.12837592379181428,-0.18152609296501732,0.0,0.0,-0.03933606184629368,0.9914746002496931,True,Materials,-0.11210111893907992,0.014201183431952646,0.0,-3.0,0.0,0.0,1.1652793213048236
WTW,2026-09-25,296.55,298.12,292.05,293.99,586942,29.3,,Z10,MARKUP,0.02633529451642575,-0.05158397315955876,-0.13425407856764227,-0.16363688088532324,0.24106082596648623,-0.06347506822815208,-0.06635389034012695,-0.03335088345423953,1.0,0.0,-0.048790020519167365,1.020780292568726,True,Financials,-0.0685022654541998,0.006642698168121797,0.0,-8.599999999999998,1.0,0.0,1.1662131050656928
AGRO,2026-09-30,10.06,10.3,9.99,10.14,345965,37.3,T2G,,MARKUP,0.04345170408058288,-0.06543778801843314,-0.1564059900166389,-0.20719311962470666,0.32225063938618936,-0.06864291440036074,-0.06683908160987029,-0.046590565084623226,1.0,0.0,-0.07351555136663523,0.7581889842674897,True,,-0.12736660929431998,0.0315361139369279,1.0,-7.300000000000004,0.0,1.0,1.166958991337618
FPI,2026-09-25,10.72,10.87,10.63,10.86,733785,61.6,T1,,MKDN,0.01983452544603475,-0.0009199632014719183,0.05951219512195127,-0.016304347826086918,0.9016393442622952,0.018162358832832792,0.04613006965920685,0.03330834561409013,0.0,0.0,0.04771371769383692,0.9889464351113522,True,,0.01495327102803734,0.030360531309297834,18.0,-5.800000000000004,0.0,1.0,1.1670650845564112
MSBI,2026-09-25,33.19,33.65,33.09,33.26,428116,51.8,T2G,,MARKUP,0.022940043755764424,-0.008348240906380422,0.012789281364189886,-0.05242165242165253,0.6714285714285709,0.0024216556724974136,0.02116303866430269,0.20583497397323947,1.0,0.0,0.0037429819089207506,1.2933717161663787,True,Financials,-0.005680119581464971,0.033561218147917904,17.0,-3.9000000000000057,0.0,1.0,1.1671602504761718
IBTA,2026-09-28,41.0,42.03,39.16,40.07,249219,53.6,,Z2G,MARKUP,0.04594358106172744,-0.024823558043319593,0.08121964382083102,-0.07736587612249601,0.8284839203675345,0.0005571573855824852,0.06838891129055513,0.20234994537873696,1.0,0.0,0.08808002222839661,0.9981185658674666,True,,-0.05495283018867925,0.023237997957099132,17.0,-8.0,0.0,1.0,1.167339570263504
PSNL,2026-09-28,16.22,16.48,16.0,16.32,1669453,53.4,T5,,DIST-TR,0.03459290402915129,0.0049261083743843415,-0.04393673110720564,-0.1360508205399682,0.6512890094979648,0.002304115317643518,0.069982114326131,0.4389370023589032,1.0,0.0,0.0056568196103079504,0.5900914840809562,True,Healthcare,0.0018416206261511192,0.025769956002514194,9.0,-0.10000000000000142,0.0,1.0,1.1675605411659804
NTAP,2026-09-24,193.97,203.91,192.96,197.24,2347870,56.8,T2,,MARKUP,0.04109746115154141,0.0016250253910219392,0.017487748258963265,-0.05653879269109341,0.7887776983559687,0.02594053851944511,0.06847040746434341,0.325289843632355,1.0,0.0,0.18565217391304345,0.9998550492050177,True,Technology,0.07429193899782138,0.0636898020816481,14.0,-1.0,0.0,0.0,1.1685745831339507
ET,2026-09-29,19.94,20.01,19.77,19.91,10278983,27.8,,Z2G,MARKUP,0.01730793864200331,-0.02401960784313717,-0.07438400743840079,-0.08836996336996339,0.19917012448132795,-0.04132222070546265,-0.03870126537793095,0.019968922357317842,1.0,0.0,-0.030882352941176472,1.1935419921803772,True,Utilities,-0.0665729020159399,0.0070814365199798335,0.0,-5.9999999999999964,1.0,0.0,1.1686375413514212
LXP,2026-09-25,60.92,61.01,60.87,60.88,1113615,60.6,,Z1,DIST-TR,0.0030706357965481256,0.0011511264594639137,-0.0029479200786112214,-0.011848725856192122,0.8964539007092203,0.0013356731099478658,0.01821142202859316,0.12458421309058076,1.0,0.0,0.002473206924979321,0.900211846756585,True,,0.0006574621959236637,0.0018101036695739037,14.0,1.0,0.0,1.0,1.1690410627213366
ACHV,2026-09-24,7.79,8.14,7.62,7.83,1141093,53.2,T5,,MARKUP,0.05232898545388699,-0.010113780025284513,-0.053204353083434075,-0.09375,0.7187499999999999,0.009627454560745985,0.07347538738663317,0.37358727589976937,1.0,0.0,0.08701854493580607,0.981539362135831,True,Healthcare,0.0755494505494505,0.11697574893009999,9.0,-2.8999999999999986,0.0,0.0,1.169393761181118
ORC,2026-09-29,5.7,5.79,5.67,5.77,6489465,26.5,T2G,,MKDN,0.022681180559693478,-0.05718954248366026,-0.12443095599393028,-0.17571428571428582,0.1338028169014081,-0.05463577001001685,-0.09414125273363239,-0.1515273718511868,0.0,0.0,-0.06375838926174493,1.1780551217718696,True,,-0.0525451559934319,0.034050179211469356,1.0,-5.100000000000001,1.0,1.0,1.1705415603610423
IQV,2026-09-30,269.96,273.16,267.61,268.85,1527483,58.2,,Z2,MARKUP,0.025990114835376874,0.0036959605764206316,0.0406425391910199,-0.030821917808218968,0.8928571428571433,0.011237389307306334,0.07369811077591648,0.2644215718097618,1.0,0.0,0.053221399437690664,0.8989148906909238,True,Industrials,0.00011159883937228443,0.014987919057686705,14.0,-2.8999999999999986,0.0,0.0,1.1723166516592096
CENX,2026-09-25,38.26,38.85,37.91,38.39,869707,32.6,T1G,,MKDN,0.05256923537195451,-0.015893360676749513,-0.16343429941163656,-0.30891089108910885,0.0440111420612813,-0.08026971157150242,-0.14072514326030072,-0.16679678628474426,0.0,0.0,-0.03317048084340446,0.7136277605066013,True,Materials,-0.12849035187287172,0.02101063829787231,1.0,0.20000000000000284,1.0,1.0,1.1744200330809724
USPH,2026-09-30,86.46,87.22,85.72,85.73,137612,69.8,,Z3,MARKUP,0.027559903167648746,0.0372655777374471,0.1026366559485532,-0.01877074510701615,0.9150259067357513,0.03892268915487862,0.07959569892504947,0.11209620046848445,1.0,0.0,0.08191572886678888,0.9613531536813366,True,Healthcare,0.028060918575368854,0.05384142593730812,12.0,7.199999999999996,1.0,1.0,1.1748558658002686
SFD,2026-09-28,19.04,19.3,18.82,19.14,1980697,21.4,T2,,MKDN,0.024968666792831357,-0.03625377643504524,-0.12762078395624432,-0.30475844533236474,0.03784403669724791,-0.05850589524180527,-0.1316638391658953,-0.20073860057682846,0.0,0.0,-0.040795512493625785,0.8635070217866443,True,Consumer Staples,-0.05760709010339726,0.01754385964912286,2.0,0.0,0.0,1.0,1.1758086585584917
WYFI,2026-09-25,20.52,20.52,19.38,19.62,1191312,47.7,,Z3,ACC-TR,0.08663826010251592,0.03426462836056943,0.012383900928792713,-0.5185276073619631,0.12468931234465623,-0.0010130896941046297,-0.1096633686394829,-0.13337335093251024,0.0,0.0,0.11739915713425653,0.8067905825598718,True,Financials,0.025078369905956244,0.18121613485851906,8.0,2.700000000000003,1.0,1.0,1.1758795133249247
OSPN,2026-09-29,17.88,17.9,17.52,17.82,563203,61.3,,Z9,MARKUP,0.03192328739834666,0.022375215146299476,0.07869249394673128,-0.0357142857142857,0.8341708542713567,0.030560538826557515,0.0834823731154204,0.22860118923236805,1.0,0.0,0.14276228419654724,1.0200319423394046,True,Technology,-0.0005608524957935179,0.04516129032258065,19.0,1.3999999999999986,0.0,1.0,1.1766540560218652
SEDG,2026-09-25,31.91,33.25,31.91,32.68,1882474,43.5,T4,,MKDN,0.07948672626114911,-0.05767012687427908,-0.024768725753506415,-0.4408896492728829,0.1095369730476848,-0.049200157051270677,-0.12886337642215007,-0.19628923073266213,0.0,0.0,0.0625,0.8245454192338028,True,Technology,-0.05767012687427908,0.03910969793322727,11.0,-4.5,0.0,1.0,1.1802995628278032
NEXT,2026-09-30,6.53,6.69,6.31,6.35,2594924,31.1,,Z11,MKDN,0.04988618464392206,-0.04940119760479045,-0.16666666666666674,-0.24852071005917153,0.12863070539419075,-0.07676358817141737,-0.10521449161693075,-0.117205885299562,0.0,0.0,-0.06306306306306309,1.0311508352036107,True,Utilities,-0.1005665722379604,0.017628205128205066,1.0,-6.199999999999996,0.0,0.0,1.1807281464246455
SMMT,2026-09-29,18.91,19.09,16.15,16.39,27339981,52.4,,Z11,MKDN,0.06953014019660628,-0.04264018691588789,0.2033773861967696,-0.14143530644316393,0.6153846153846154,0.006517581002472239,0.04937762846650018,-0.005518504153535497,0.0,0.0,0.16321839080459766,1.2679822763620083,True,Healthcare,-0.058045977011494165,0.07971014492753636,19.0,-5.200000000000003,0.0,0.0,1.181570629815512
MMI,2026-09-29,28.96,29.29,28.58,29.04,200191,34.3,T9,,MARKUP,0.028281795406310626,-0.061105722599418044,-0.08275426405559072,-0.13442622950819672,0.0925553319919519,-0.04866278959966175,-0.057572405100742796,-0.021981347045425315,1.0,0.0,-0.039327731092437035,1.0781326047253503,True,Real Estate,-0.058670988654781264,0.016095171448565537,0.0,-12.800000000000004,1.0,0.0,1.1815815963018081
HSHP,2026-09-30,17.65,18.0,17.25,17.37,585543,47.3,,Z5,MARKUP,0.035914523864797446,-0.04455445544554448,0.021164021164021163,-0.11150895140664963,0.5831739961759083,-0.020853548583308124,0.024292620350270466,0.23251928121821241,1.0,0.0,0.08475648323845664,0.8411439437351558,True,,-0.055464926590538366,0.012827988338192542,19.0,-9.800000000000004,0.0,0.0,1.1826090828412112
PENG,2026-09-24,52.46,54.27,51.31,53.08,1579690,51.0,T5,,DIST-TR,0.06221278942131516,0.010085632730732597,0.02352487466255293,-0.4093033607834409,0.20475675675675672,0.016312034656039476,-0.00908854588933028,0.22224377426477027,1.0,0.0,0.1247259973695749,1.1740143691603218,True,Technology,0.09173179761415051,0.14916648625243556,14.0,-0.3999999999999986,0.0,0.0,1.182938036686396
CORT,2026-09-30,114.8,118.07,113.98,115.23,910306,52.6,T9,,MARKUP,0.046221409046057135,0.020276252877634127,0.01631681072499558,-0.08822598512422841,0.7313253012048195,0.007077367876955565,0.05757648096431933,0.3826870979436381,1.0,0.0,0.03168591224018491,0.5488307855153953,True,Healthcare,0.030587603971022226,0.06290932570796048,16.0,2.200000000000003,0.0,0.0,1.1833552034403347
FLR,2026-09-29,50.3,51.48,49.42,49.83,2903527,38.5,,Z11,MARKUP,0.038842323545860515,-0.0777345918933926,-0.08585580627407818,-0.1460154241645245,0.26424870466321204,-0.05496100696410866,-0.052218901131613094,0.0063043511193687785,1.0,0.0,-0.030997038499506413,1.0314719152121963,True,,-0.07790525536639525,0.015281173594132058,1.0,-11.899999999999999,0.0,0.0,1.1841072041642127
GLXY,2026-09-25,25.45,25.45,24.05,24.24,4007084,49.8,,Z4,MKDN,0.07112691070198172,-0.018226002430133725,-0.04151838671411623,-0.12427745664739887,0.6363636363636362,-0.009992949392429895,-0.0009450684146683486,-0.033930475298539986,0.0,0.0,0.11291068949560401,1.4805374517391143,True,Financials,-0.006557377049180357,0.12170291531698285,7.0,-3.9000000000000057,0.0,0.0,1.1864045906256662
BRUN,2026-09-30,16.84,17.1,15.92,16.5,1698444,45.5,,Z3,ACC-TR,0.08982323565339417,-0.0006056935190794643,-0.019024970273483932,-0.48501872659176026,0.1627155172413793,-0.0254143528585955,-0.13579748052420448,,0.0,0.0,0.17210682492581597,0.6911606282649138,True,Technology,0.08839050131926118,0.07632093933463802,11.0,0.3999999999999986,1.0,1.0,1.18720850503178
SOPH,2026-09-29,8.5,8.59,8.14,8.3,315149,55.3,,Z4,MARKUP,0.053045034276298066,0.028500619578686548,-0.011904761904761862,-0.07572383073496658,0.8224543080939949,0.019310176117039557,0.09399702997163639,0.4004696001621826,1.0,0.0,0.047808764940239,0.7024597473508861,True,,0.04271356783919611,0.06002554278416361,12.0,2.5999999999999943,0.0,1.0,1.1873993548011328
CWH,2026-09-25,5.28,5.54,5.24,5.39,1912492,38.5,T1,,MKDN,0.06558436112067194,-0.03749999999999998,-0.16174183514774498,-0.29542483660130725,0.16911764705882348,-0.08128507426457565,-0.1349140988372215,-0.3521668417905184,0.0,0.0,-0.11010830324909748,1.1379024990509352,True,Consumer Discretionary,-0.10761589403973515,0.09330628803245444,1.0,1.2999999999999972,1.0,1.0,1.1874396200351178
CPRT,2026-09-30,27.23,27.48,27.01,27.28,7849800,31.3,T2G,,MKDN,0.03264764459026634,-0.05474705474705466,-0.15983985217123498,-0.21201617562102826,0.06852791878172625,-0.0716638104222509,-0.09775442251297484,-0.1931183397385381,0.0,0.0,-0.05579096045197751,0.8399477826260208,True,Consumer Discretionary,-0.11486048020765738,0.020194465220643387,1.0,-5.900000000000002,0.0,1.0,1.1880381487692857
CHYM,2026-09-30,26.64,26.97,26.36,26.64,5189529,35.1,,Z7,MARKUP,0.049460778077567664,0.006802721088435382,-0.1585596967782691,-0.25063291139240496,0.41840731070496096,-0.09153026248088236,-0.06992181605106162,0.05935625785098453,1.0,1.0,-0.01444866920152088,0.6090035712789589,True,Financials,-0.14751999999999998,0.02777777777777768,2.0,2.200000000000003,1.0,0.0,1.188738407253768
CLDX,2026-09-30,31.71,32.76,31.45,32.41,2502508,32.8,T2G,,MARKUP,0.05881640792334413,0.04145244215938293,-0.17405708460754343,-0.2820115197164378,0.13753387533875322,-0.08392972679488808,-0.12154513210237705,-0.021570544655293955,1.0,1.0,-0.00032905561039819897,1.0921012852996157,True,Healthcare,-0.16274864376130205,0.06682027649769573,2.0,9.199999999999996,1.0,1.0,1.1897499179407154
ONT,2026-09-24,17.05,17.12,15.85,16.82,1032745,44.6,,Z4,MKDN,0.06276522548004636,-0.04323094425483498,0.014475271411338975,-0.2787307032590052,0.3890977443609023,-0.03583123110506614,-0.05494982800080017,,0.0,0.0,0.10145934676858914,1.448386079905674,True,Industrials,-0.07378854625550657,0.061198738170347156,0.0,-5.100000000000001,0.0,0.0,1.1900381240772278
ESNT,2026-09-29,63.19,63.79,62.49,63.24,819059,25.6,T5,,MARKUP,0.020313076216375403,-0.037442922374429255,-0.06394316163410307,-0.10132158590308371,0.09517766497461926,-0.045815306585459736,-0.04846132715272178,-0.005620635889524772,1.0,0.0,-0.048713655046430104,0.9571552489321207,True,Financials,-0.07286321653716454,0.012001920307249225,0.0,-9.899999999999999,1.0,0.0,1.1913702307483727
DHR,2026-09-30,223.86,226.11,219.69,221.55,5239836,60.5,,Z2G,MARKUP,0.025857136511541912,-4.5134500812338274e-05,0.070651911274344,-0.029906296523338205,0.8909468305923681,0.024198505644506874,0.060648607884779215,0.10210606857345872,1.0,0.0,0.10000502285398571,1.1570242953245011,True,,0.06330389710117101,0.07189510861676918,12.0,-5.799999999999997,1.0,0.0,1.1932241569264161
STWD,2026-09-25,14.37,14.42,14.26,14.36,4145064,24.5,,Z10,MKDN,0.020390594369717685,-0.038821954484605126,-0.0991217063989962,-0.1646305991855731,0.03412969283276437,-0.058186590402626415,-0.09191023256795494,-0.16012283340666933,0.0,0.0,-0.04231027535258569,0.9952480474158633,True,,-0.08066581306017928,0.007012622720897532,0.0,-4.600000000000001,0.0,0.0,1.1936095174304122
BIIB,2026-09-30,227.23,229.36,225.5,225.88,1553293,58.9,,Z4,MARKUP,0.024531262779009546,-0.0072517909726189655,0.0455471209035363,-0.02000086771660381,0.8963112910481329,0.018798630234060143,0.04762022530851451,0.16011981372745,1.0,0.0,0.07098071124299987,1.169952665747493,True,Healthcare,0.0456923290588398,0.05261195768675142,14.0,-4.5,0.0,1.0,1.1936731304472987
FET,2026-09-29,81.56,84.75,79.47,80.47,128677,51.4,,Z2G,MARKUP,0.041573372106617594,-0.00592958616429895,-0.018299377821154095,-0.0795012582932968,0.8290282902829027,-0.008042767311081334,0.06441374366235841,0.38115995937622404,1.0,0.0,0.0701589011580932,0.7755086510139289,True,Industrials,-0.017820090321005844,0.027582684203805385,16.0,-5.200000000000003,0.0,0.0,1.1941504386061883
AMRC,2026-09-24,22.09,22.09,20.96,21.67,481114,41.7,,Z2G,MKDN,0.06368356771418716,-0.08565400843881843,-0.022111913357400703,-0.3213279047917319,0.24280442804428062,-0.06480598496936263,-0.09484421143386079,-0.17372295938496518,0.0,0.0,0.02896416298478144,0.9825464088900474,True,,-0.04914436156208857,0.03387404580152675,0.0,-10.0,0.0,0.0,1.1946403082891341
FCEL,2026-09-30,17.01,17.2,16.4,16.42,4093637,45.5,,Z2,DIST-TR,0.08710219613269145,-0.0442374854481955,-0.03864168618266961,-0.36108949416342406,0.21819713563605744,-0.033236257361640154,-0.09235402634408019,0.0736386353594245,1.0,0.0,0.1388286334056399,0.7073430196353995,True,Industrials,0.059354838709677615,0.042539682539682655,18.0,-2.299999999999997,0.0,0.0,1.1947770686540706
FOUR,2026-09-25,38.16,39.24,37.25,38.45,1679835,37.4,T2,,SPRING★,0.06476657875756349,-0.013596716264751008,-0.124943104233045,-0.32990589055420005,0.0596125186289122,-0.07623402949926139,-0.12605453743779216,-0.2608455231714687,0.0,0.0,-0.041184041184041176,0.9881536693655292,True,Industrials,-0.14650388457269692,0.03221476510067123,0.0,-0.20000000000000284,0.0,0.0,1.1949688308618516
LW,2026-09-24,45.41,45.67,44.21,44.37,1495219,27.4,,Z2,MARKUP,0.03366162330699075,-0.044984933275936334,-0.19706840390879476,-0.20341113105924602,0.08481421647819039,-0.0810673226716776,-0.09842656763329505,-0.08693616695432915,1.0,0.0,-0.043280675178532735,1.1058775008869208,True,Consumer Staples,-0.062341504649196966,0.003619090703460781,0.0,-3.6000000000000014,1.0,0.0,1.195548012287901
INTU,2026-09-30,269.05,277.38,267.95,275.71,3658906,33.0,T1,,MKDN,0.04646642988208293,-0.03866806136680623,-0.20067839851564095,-0.2607914633492413,0.14382536748525634,-0.0845895766544198,-0.12441891747346256,-0.3118259266524628,0.0,0.0,-0.08343815513626829,1.04262050938954,True,Technology,-0.13334171565083464,0.05104452577005181,2.0,0.20000000000000284,0.0,1.0,1.1956218486655976
QDEL,2026-09-28,10.94,11.1,10.68,10.83,760160,35.8,,Z9,MKDN,0.06874655668738719,-0.0027624309392264568,-0.2652645861601085,-0.4308985811875986,0.05855338691159584,-0.08404182480535782,-0.18588198786783405,-0.3784954056829788,0.0,1.0,-0.0038610038610037423,0.8550688179939564,True,Healthcare,-0.02607913669064743,0.04941860465116288,3.0,3.8999999999999986,1.0,0.0,1.197675782673269
OWL,2026-09-29,9.15,9.29,9.07,9.28,12513581,30.5,T4,,MKDN,0.04144454683839334,-0.060728744939271384,-0.24183006535947715,-0.2732967893500392,0.06933333333333327,-0.084971254185087,-0.11409710749917246,-0.1927576672367961,0.0,0.0,-0.07201646090534986,1.016613219631538,True,Financials,-0.09375000000000011,0.02882483370288247,3.0,-3.200000000000003,0.0,1.0,1.1978860336984598
ARW,2026-09-30,229.59,232.51,226.0,227.0,525072,58.3,,Z2G,MARKUP,0.032321678004827735,0.000793580812979533,0.10204874259636854,-0.02966572625459518,0.8266733266733267,0.026181230379018094,0.05266952814278558,0.21671855608132962,1.0,0.0,0.1005522662819045,0.8099212069661033,True,,0.07227208313651401,0.06183927402002065,19.0,-3.1000000000000014,0.0,0.0,1.1982848471960172
ERO,2026-09-30,37.62,38.7,36.51,36.69,1462666,54.4,,Z2,MARKUP,0.05281635200750826,0.005756578947368363,0.05370476737507168,-0.10139603232916972,0.7687150837988826,0.020666361497955865,0.07541063662665781,0.25614534583871906,1.0,0.0,0.12452591656131462,0.9230817729309612,True,,0.13661710037174712,0.11181818181818182,10.0,-0.8999999999999986,1.0,0.0,1.1985254434741437
MDB,2026-09-25,417.6,432.86,409.18,410.44,1381120,53.7,,Z2G,MARKUP,0.05223729891031575,0.07008030034414436,-0.06840982341458979,-0.13244557176072713,0.6544040593458715,0.024743971320162483,0.060386008082889964,0.1990647799100851,1.0,0.0,0.07028889328174848,0.7031806824217871,True,Technology,0.13315479970183053,0.14011111111111108,13.0,5.200000000000003,1.0,0.0,1.199338037256825
SLGN,2026-09-28,35.69,36.26,35.25,35.95,1761750,28.8,T2,,MKDN,0.030390781211782958,-0.030736047452143422,-0.1460807600950118,-0.25569358178053825,0.0550879877582254,-0.06047867739762036,-0.10412921726631441,-0.14659609102665472,0.0,0.0,-0.04551612029260366,1.3303490750340434,True,Industrials,-0.07867760123013834,0.02043712744819781,1.0,0.6999999999999993,1.0,0.0,1.201434879684824
RDN,2026-09-28,32.97,33.1,32.61,33.0,2235554,26.1,T5,,MARKUP,0.022627220775192983,-0.038461538461538436,-0.09365558912386696,-0.1961023142509135,0.046208530805687285,-0.05681405539950246,-0.08198857616539001,-0.07500034550359103,1.0,0.0,-0.04843886781441509,1.144986322423264,True,Financials,-0.07949790794979084,0.011959521619135272,0.0,-5.199999999999999,0.0,0.0,1.2034083148906465
VIK,2026-09-30,79.43,79.85,78.18,78.33,4699386,29.8,,Z2,MARKUP,0.03655485823837818,-0.024533001245329977,-0.07879571915794426,-0.2884912344445454,0.004700720777185569,-0.0626419010979028,-0.11690323835443517,-0.07079592684808034,1.0,0.0,-0.018332496233048667,1.2570421023370368,True,,-0.08257203092059029,0.0019186492709131198,0.0,-1.8000000000000007,1.0,0.0,1.2040551574374778
FIGR,2026-09-24,34.24,34.51,31.96,32.66,5292676,44.6,,Z2G,MKDN,0.07873494149463553,-0.03114802729160504,-0.11920172599784251,-0.2130120481927712,0.49166187464059785,-0.06479456400540251,-0.03584061029592023,-0.05554557965021911,0.0,1.0,-0.007453416149068359,1.3054112864384284,True,Financials,-0.10691823899371078,0.021902377972465414,0.0,-2.8999999999999986,1.0,0.0,1.2046325172995582
PENN,2026-09-25,15.42,15.9,15.4,15.65,3032911,30.1,T6,,MARKUP,0.04045206029782039,-0.0486322188449847,-0.09694171956145403,-0.29153463105477595,0.11780821917808235,-0.07215909162781231,-0.1258708894070717,-0.10704540399071516,1.0,0.0,-0.08872458410351214,1.0809059298455859,True,Consumer Discretionary,-0.12177328843995505,0.05814739688979054,1.0,-3.799999999999997,0.0,1.0,1.2050429389610344
SCHL,2026-09-29,34.25,35.21,34.0,34.8,638757,40.9,T2G,,MARKUP,0.04297742086998288,-0.012485811577752637,-0.09375,-0.2712041884816755,0.2753217683268046,-0.024324859845482272,-0.08843040454191531,-0.06442771229583633,1.0,1.0,-0.12452387928508657,1.5365437281952348,True,Materials,-0.007132667617689048,0.16465863453815266,2.0,9.0,1.0,1.0,1.2057488762297095
ALMR,2026-09-29,32.43,33.59,32.18,32.65,1090521,55.1,T3,,MARKUP,0.06501524912865617,-0.017158338350391378,0.06908971840209555,-0.15282823040996374,0.6130091984231274,0.027716628264287557,0.08232738438858433,,0.0,0.0,0.16256880733944956,1.0697748120877106,True,Technology,0.1356521739130434,0.14481065918653568,11.0,-3.1000000000000014,1.0,0.0,1.2059646193410674
PBAM,2026-09-28,86.54,87.0,85.5,85.8,80663,36.8,,Z6,MARKUP,0.018829489461479786,-0.028972385694884584,-0.03269447576099216,-0.06830274731241182,0.6696428571428569,-0.026303532582170108,-0.000434141948600697,0.14553667543751958,1.0,0.0,-0.022074802699302398,0.7692356016995471,True,,-0.05921052631578949,0.0035087719298245723,0.0,-13.100000000000001,0.0,0.0,1.2060795856147435
S,2026-09-25,23.83,24.23,22.3,22.38,10464229,52.7,,Z1G,MARKUP,0.051572826242968474,-0.005775211017325699,-0.014531043593130843,-0.08278688524590161,0.7194444444444444,0.005169179140307234,0.06846799399304082,0.24816822437759756,1.0,0.0,0.1693759832197168,0.8341285731651211,True,Technology,0.13316455696202523,0.09170731707317059,13.0,-5.099999999999994,1.0,0.0,1.206532546546752
GRDN,2026-09-30,41.23,41.89,40.54,40.78,540209,44.2,,Z5,MARKUP,0.042506418033386444,-0.057327785483125226,0.04913815281708267,-0.15621767018415056,0.3925985518905875,-0.03336666513711639,-0.012036125370485706,0.1010030514717355,1.0,0.0,0.11671309192200563,0.7691475861298747,True,Consumer Staples,-0.12338779019776447,0.017211274632077833,18.0,-9.5,0.0,0.0,1.2066372839915283
KMX,2026-09-25,56.75,58.59,56.26,57.21,2725223,42.0,T1,,MARKUP,0.03830150883683221,0.0,-0.08668582375478928,-0.1236213235294118,0.492771841609051,-0.02965272448007894,-0.014501777075555444,0.10341415145514743,1.0,1.0,-0.0269408011343496,1.5723624861926746,True,Consumer Discretionary,-0.06702544031311153,0.042076502732240506,2.0,3.5,1.0,1.0,1.2068052507065945
LADR,2026-09-25,9.13,9.14,8.97,9.08,1517085,25.1,,Z6,MKDN,0.019829506970546064,-0.03711558854718977,-0.07629704984740593,-0.14258734655335215,0.06790123456790091,-0.04396331579747592,-0.06319568974823131,-0.10173407146540647,0.0,0.0,-0.047770700636942554,1.1536353691886245,True,,-0.055150884495317354,0.012263099219620877,0.0,-8.699999999999996,0.0,0.0,1.2078654762218202
FFIV,2026-09-25,446.55,452.17,441.86,443.06,428215,61.3,,Z2,MARKUP,0.03088830995436576,0.02553063444668191,0.0800546048461801,-0.04099567099567103,0.8007783738298097,0.041782292228548235,0.07900963828483953,0.22890413264204112,1.0,0.0,0.1474478143092366,0.9460729457354806,True,Technology,0.07614583080323545,0.0941103839980244,16.0,-0.6000000000000014,0.0,1.0,1.208864557539224
TREE,2026-09-30,24.42,24.52,24.07,24.43,333211,33.2,T2G,,MKDN,0.04924661129421125,0.01791666666666658,-0.10741687979539649,-0.4828535139712109,0.0391743892165122,-0.07012027075073324,-0.18410850835991222,-0.37156895472237506,0.0,1.0,-0.016324822101297598,0.8979561353282381,True,Financials,-0.08088788562829186,0.03957446808510645,2.0,4.400000000000002,1.0,1.0,1.2093910311619085
DC,2026-09-28,6.32,6.44,6.15,6.18,1278348,51.5,,Z2G,MARKUP,0.05365030534067226,-0.025236593059936974,0.023178807947019875,-0.11714285714285722,0.7220338983050847,-0.003916105809828041,0.05567435107159424,0.1522787567494266,1.0,0.0,0.11818181818181817,1.2801805105172972,True,Materials,0.06003430531732423,0.10357142857142865,10.0,-10.700000000000003,1.0,0.0,1.2108253770670243
AUGO,2026-09-30,80.7,81.56,78.61,78.68,517069,43.1,,Z3,MARKUP,0.056730088331386784,-0.07804077806421372,-0.004680581910183279,-0.15841266445609148,0.6740757042253523,-0.05752900920764725,-0.008622871487663608,0.14967727737642167,1.0,1.0,-0.02023158162616112,0.7516622869294779,True,,-0.08469055374592815,0.02181818181818196,2.0,-9.5,1.0,1.0,1.211576916865911
MGNI,2026-09-25,24.06,24.51,23.85,23.97,1555927,51.2,,Z9,MARKUP,0.04140962584914761,-0.04691848906560636,0.02611301369863006,-0.10692995529061111,0.6849615806805707,-0.0051290488707548265,0.05523221905911302,0.2819147002651661,1.0,0.0,0.05926916221033851,0.8245361704809704,True,Technology,0.008413967185527893,0.03452740612861449,16.0,-11.599999999999994,0.0,0.0,1.2119074749424488
UNIT,2026-09-25,8.88,8.95,8.76,8.91,1480344,32.1,T5,,MARKUP,0.03603556931075203,-0.05714285714285705,-0.12130177514792906,-0.2142857142857143,0.05813953488372107,-0.07116449461804408,-0.10551089222025845,-0.05366612757825873,1.0,0.0,-0.062098501070663836,0.9245120577135094,True,Communication Services,-0.11519364448857994,0.017123287671232834,0.0,-7.299999999999997,1.0,0.0,1.2122136661132636
OSK,2026-09-29,133.11,133.93,131.24,131.68,594373,31.1,,Z4,MARKUP,0.035402676398332,-0.046073601854534796,-0.1455453896567387,-0.18048294747323868,0.11015648972077334,-0.0708124555342945,-0.09584896442919455,-0.07849630684506892,1.0,0.0,-0.06863956954846218,1.3142307742997503,True,Industrials,-0.08025424320737573,0.028027168397220636,3.0,-2.8999999999999986,1.0,0.0,1.2130117237373266
BOW,2026-09-24,33.94,33.95,33.81,33.87,124169,65.6,,Z5,DIST-TR,0.0066313756569366285,0.0038529934795492604,0.00773579291877402,-0.03421727972626187,0.8170731707317068,0.006576531971386634,0.035933173368116744,0.14169153447433858,1.0,0.0,0.006871825515387009,0.8247069316242022,True,Financials,0.007436049970255709,0.006837098692033194,17.0,2.799999999999997,0.0,0.0,1.2130271704089663
PB,2026-09-30,67.25,67.89,65.88,66.21,1172675,21.9,,Z2,MARKUP,0.018923362636496476,-0.015757395570090704,-0.06350777934936358,-0.1272080147640391,0.033066132264528876,-0.045309753861525914,-0.06613713923314546,-0.0613525967513282,1.0,0.0,-0.01978872191638148,1.23851124953244,True,Financials,-0.058714813761728935,0.005009107468123775,0.0,-0.20000000000000284,0.0,0.0,1.2139555737626109
TITN,2026-09-24,24.1,24.13,23.02,23.48,182944,56.3,,Z1,MARKUP,0.05323420836095804,-0.021666666666666612,0.24827219564061687,-0.12713754646840147,0.6689254598257504,0.02321793932692806,0.09671903392625691,0.19553736943573874,1.0,0.0,0.3892576946288473,0.5717542910481037,True,Consumer Discretionary,-0.006768189509306244,0.04262877442273538,19.0,-4.5,0.0,1.0,1.216305824904063
UEC,2026-09-30,9.47,9.88,9.19,9.45,15240043,36.6,,Z10,MKDN,0.06435703066445504,-0.05025125628140703,-0.18464193270060403,-0.3152173913043479,0.11224489795918345,-0.07395127717096406,-0.12253530940416446,-0.21525426797517155,0.0,0.0,-0.06458333333333321,1.3012874542120885,True,Materials,-0.06250000000000011,0.0523385300668151,1.0,-2.1000000000000014,1.0,0.0,1.2165770849321909
TER,2026-09-24,383.08,388.54,376.02,387.7,1332836,55.4,T5,,MARKUP,0.054144956342198805,0.09789595899527082,0.06774993114844396,-0.1638269421558901,0.5447134979621193,0.04824180824588553,0.04770014488063068,0.20343682780061845,1.0,0.0,0.09499999999999997,1.0474872486858708,True,Technology,0.04730003511710201,0.1879155559640897,14.0,7.899999999999999,0.0,1.0,1.2172843118618095
XP,2026-09-25,20.52,20.66,19.92,20.51,5232351,63.2,,Z2,MARKUP,0.036250171644586146,0.024987506246876512,0.16006787330316752,-0.04914232730644408,0.8354037267080747,0.041258697742698525,0.1090277239808981,0.13612802009343472,1.0,0.0,0.2334365325077401,0.9236333458335159,True,,0.03272910372608262,0.07157784743991646,19.0,-1.8999999999999915,0.0,0.0,1.2175930707584965
CAR,2026-09-30,106.79,108.93,105.31,106.67,336755,30.4,,Z9,ACC-TR,0.05369083052926893,0.009463423866755027,-0.2418621179815209,-0.37619883040935675,0.06497093023255812,-0.09060422680308611,-0.1956356349677325,-0.3001520854545098,0.0,1.0,-0.026202953787517913,0.8606372402997541,True,Consumer Discretionary,-0.08797879616963056,0.043737769080234745,3.0,8.0,1.0,0.0,1.2177946123065908
HNGE,2026-09-29,94.2,97.95,91.52,95.21,1724710,57.4,T1G,,MARKUP,0.045285300398436784,0.011258629845990242,0.028630077787381136,-0.027973455844818917,0.8967984934086626,0.0296334976862489,0.08501310352350133,0.4033217757703993,1.0,0.0,0.04664723032069973,0.8637408069184072,True,Technology,0.030522783851065993,0.060835654596100186,12.0,-0.6000000000000014,0.0,1.0,1.2181116000584453
SHIP,2026-09-30,16.68,17.12,16.39,16.41,476398,36.0,,Z3,MARKUP,0.03843245567561187,-0.06548974943052388,-0.08883953359244867,-0.1462018730489073,0.4853479853479855,-0.06083248186026391,-0.043036513272109,0.134302305624872,1.0,0.0,-0.04196217494089838,0.9900327912827118,True,,-0.10229759299781183,0.012338062924120763,2.0,-10.399999999999999,0.0,1.0,1.218859836802757
BLLN,2026-09-30,118.48,118.48,105.61,106.44,968786,48.1,,Z2,MARKUP,0.06716499568478176,-0.0697430519140011,0.15294627383015613,-0.2924754054772667,0.295774647887324,-0.029717137656437242,-0.009771495359780391,0.04491759723360511,1.0,0.0,0.17631989307195362,0.9929803794922247,True,Healthcare,0.027313965833413834,0.03591240875912405,19.0,-13.299999999999997,0.0,0.0,1.2191225670153243
AES,2026-09-29,14.86,14.91,14.85,14.86,13734367,61.5,,Z7,MARKUP,0.0031017009773369425,0.0026990553306343035,0.008141112618724522,-0.0033534540576795058,0.8529411764705861,0.0027158975251633244,0.005614028252252545,0.030928018086316067,1.0,0.0,0.00611828687967364,1.0826598642082659,True,Utilities,0.004054054054053902,0.004054054054053902,19.0,4.700000000000003,0.0,0.0,1.2198035006645995
STOK,2026-09-30,26.12,26.69,25.88,26.0,1874752,36.7,,Z5,MKDN,0.050530191340502045,-0.004212945231712006,-0.15830365814179348,-0.23394225103123156,0.18480492813141694,-0.06606699452490428,-0.11567351569911188,-0.11958007959956607,0.0,0.0,-0.06994619523443502,1.5302353238286959,True,Healthcare,-0.06843425295592975,0.07438016528925617,2.0,4.200000000000003,1.0,1.0,1.2204327568869933
IMAX,2026-09-30,56.26,56.52,54.62,54.8,917264,58.3,,Z1G,MARKUP,0.033476137141808915,0.02814258911819878,0.07177782123997645,-0.05075350770829723,0.8583856935717739,0.021648909630388014,0.07905829813594556,0.2886326766350513,1.0,0.0,0.06536078352988195,1.1774929948353745,True,,0.0524294219320145,0.07198748043818459,16.0,1.0999999999999943,0.0,1.0,1.220933191655412
MLAB,2026-09-30,132.47,132.7,129.26,129.94,127592,55.8,,Z2,MARKUP,0.0369329220705001,-0.023080971355537105,0.035626046066788764,-0.0628876388287899,0.8207973695026716,0.011499750727490099,0.07944592999908284,0.2620051472144911,1.0,0.0,0.08557991097673634,1.0722062792977638,True,,0.03711389576183244,0.04369477911646591,12.0,-9.5,0.0,0.0,1.2210736905807087
VCYT,2026-09-28,45.04,47.52,44.47,45.23,1696528,53.7,T5,,MARKUP,0.05569724993925773,0.08935452793834275,0.04360867558837089,-0.256330154554423,0.3095659875996455,0.04032775077001349,0.0034699399961217736,0.05700589712945736,1.0,0.0,0.08054393305439334,1.2841733437694633,True,Healthcare,0.09754913855860226,0.18279288702928853,8.0,8.600000000000001,1.0,0.0,1.2218685505632136
EPD,2026-09-24,37.75,38.02,37.23,37.27,2899602,36.4,,Z2,MARKUP,0.01647801798224571,-0.030689206762028576,-0.04777721001532953,-0.06097253716301321,0.25993883792049005,-0.029934992914005254,-0.028085312894733816,0.014762713526109694,1.0,0.0,-0.01897233201581039,1.2717705737927345,True,Utilities,-0.05237732011187379,0.0010744023636852784,0.0,-11.0,0.0,0.0,1.2235227356065168
DHT,2026-09-28,22.08,22.32,21.61,21.9,3843860,58.4,,Z5,MARKUP,0.035779923667869536,-0.024498886414253906,0.11393692777212605,-0.07045840407470294,0.7628571428571428,0.022556063023514206,0.08185011160271327,0.24581913887243156,1.0,0.0,0.1309589041095891,1.0267592777960968,True,,-0.011286681715575675,0.06104651162790686,19.0,-7.300000000000004,0.0,1.0,1.2248148128525007
TECH,2026-09-28,72.58,72.65,72.48,72.51,3820149,61.1,,Z1G,DIST-TR,0.0029348288525454873,0.0005519525320822893,0.002211472011057536,-0.0024762690879074345,0.9181818181818217,0.00183435388840536,0.02298638095041272,0.14479637276246637,1.0,0.0,0.005271920088790072,1.0563702261046755,True,Healthcare,0.0033208800332089616,0.004293628808864192,12.0,-1.7999999999999972,0.0,1.0,1.2249026149061544
NMIH,2026-09-25,41.57,41.67,40.84,41.23,829197,24.5,,Z2,MARKUP,0.02313149456133687,-0.03892773892773893,-0.07968750000000002,-0.11788617886178876,0.15620214395099477,-0.04559592216205066,-0.045164031932707016,0.010112678564921485,1.0,0.0,-0.018740989908697547,1.0242424919383872,True,Financials,-0.06060606060606066,0.009549461312438723,0.0,-11.700000000000003,1.0,0.0,1.2249623030240897
TRP,2026-09-24,60.99,60.99,59.39,59.65,3371237,33.8,,Z4,MARKUP,0.021816627519039088,-0.032441200324412,-0.051065860642698024,-0.15867418899858965,0.02258905299739339,-0.03083986182334586,-0.05760823331117604,-0.044870889204103426,1.0,0.0,-0.016233228424714197,1.374675115347298,True,,-0.036504603456630536,0.004377841387438908,0.0,-8.200000000000003,1.0,0.0,1.2249868949441967
NUTX,2026-09-30,210.0,213.59,209.49,211.66,147840,57.2,T3,,MARKUP,0.05016409620671735,0.048548498959674946,0.12981744421906694,-0.05626894952737649,0.8498155420683089,0.03303165157592347,0.11223787616652836,0.3597841698476829,1.0,0.0,0.08534983028577692,1.0326372593669364,True,Industrials,-0.026044542609976018,0.06764186633039082,15.0,3.4000000000000057,0.0,0.0,1.2269678861182625
COIN,2026-09-28,196.09,198.78,191.1,191.79,6696307,55.0,,Z2,MKDN,0.05813804842897842,-0.046058194478985404,0.07361173309449165,-0.07939327029232479,0.7610517191563129,0.03191456357107114,0.08338788323013246,-0.01591757022327911,0.0,0.0,0.18563097158456365,0.7034363349441699,True,Financials,0.0017759206059022592,0.18991189973942157,8.0,-5.399999999999999,0.0,1.0,1.227203455775874
IMMX,2026-09-28,10.82,11.84,10.7,11.47,995931,42.9,T3,,MARKUP,0.07365391434357678,-0.08019246190858054,-0.17718794835007168,-0.24039735099337745,0.500687757909216,-0.06355613152827788,-0.026033372540247512,0.2507824413205977,1.0,0.0,-0.08936170212765959,0.9088573759711207,True,Healthcare,-0.06060606060606066,0.0719626168224301,0.0,-7.5,1.0,0.0,1.22794925877037
VLO,2026-09-30,393.19,398.88,385.76,387.61,2536919,58.0,,Z3,MARKUP,0.038229505723015325,0.031316517667092425,0.07077543578551904,-0.07500477281405116,0.7876351351351351,0.015282196288370908,0.09373616172268373,0.4144128153594393,1.0,0.0,0.10620895522388052,0.8206300320049332,True,Energy,-0.038856377702836675,0.06206159579131976,19.0,5.0,0.0,1.0,1.2285615812603574
PVLA,2026-09-30,141.14,142.96,137.3,137.93,262310,37.5,,Z6,MARKUP,0.04902712114148272,-0.07776143353837917,-0.08382597143806048,-0.14243969161900027,0.4305244842157595,-0.06291482829050266,-0.05831621968620371,0.12371141032375466,1.0,0.0,-0.050812016449431896,0.9612108551524143,True,Healthcare,-0.08915010235752496,0.012850638860331998,1.0,-10.399999999999999,0.0,0.0,1.2286894415881489
PBLS,2026-09-30,31.95,32.86,31.2,32.29,547140,39.7,T9,,MARKUP,0.08989397316224715,-0.030621435004503206,-0.18191031162908533,-0.23987758945386062,0.36550435865504355,-0.09107544960433278,-0.09133903506284202,,0.0,0.0,-0.10257966616084979,0.7082067782915689,True,,-0.12445770065075934,0.09198512005410886,3.0,0.30000000000000426,1.0,1.0,1.228846861468694
MAX,2026-09-30,9.45,9.71,9.32,9.57,710056,29.7,T2G,,MARKUP,0.05826378396170543,0.019169329073482455,-0.2219512195121951,-0.34897959183673466,0.0952380952380954,-0.09482776932756198,-0.16251681182464106,-0.1413001830858941,1.0,1.0,-0.027987082884822323,1.0055800165157598,True,Industrials,-0.13315217391304335,0.05980066445182741,2.0,7.399999999999999,1.0,1.0,1.2313274853523464
BZH,2026-09-25,33.38,33.39,33.36,33.37,487198,62.4,,Z11,DIST-TR,0.004749595440135766,0.0015006002400959062,0.004515352197471456,-0.033873769542559384,0.841677943166441,0.003073158308215085,0.029997657696769986,0.2069189070876103,1.0,0.0,0.006946541830262776,0.8397902224744925,True,,0.0036090225563909506,0.004213060487511244,17.0,1.6000000000000014,0.0,0.0,1.231706938416727
BE,2026-09-28,282.51,286.26,259.46,262.87,15540542,52.7,,Z1,MARKUP,0.07575889946505981,-0.03671809153871519,0.2471888788727048,-0.13928817000098237,0.7127228525121555,0.010922153371754506,0.06558708219279219,0.28406769966361334,1.0,0.0,0.3515839294358092,0.8243241835822163,True,Industrials,0.02264150943396226,0.04604058893752483,18.0,-6.899999999999999,0.0,1.0,1.2320998407357613
NBIS,2026-09-28,235.19,245.35,228.38,231.88,12735982,53.2,,Z2G,MARKUP,0.07177102630656959,-0.003951890034364358,0.10851897886987283,-0.17430473952213077,0.6374879656372658,0.02537377506502647,0.05200239752719038,0.31402487645937605,1.0,0.0,0.1621663244353182,0.9846213307504176,True,,0.09279419388284094,0.12100555958423986,18.0,-2.1999999999999957,0.0,1.0,1.2336280622316398
ZG,2026-09-25,28.97,29.72,28.78,29.3,811418,36.0,T9,,MKDN,0.05161849390460341,-0.03140495867768589,-0.19394773039889956,-0.2379713914174253,0.09226190476190471,-0.0873110357397866,-0.12675849392316108,-0.3197031374671432,0.0,0.0,-0.060596026490066124,1.2196873798647687,True,Industrials,-0.11826662654228093,0.03278110680296087,1.0,0.7000000000000028,1.0,0.0,1.2354154174425436
DAN,2026-09-30,27.1,28.38,27.1,27.31,1935103,35.1,T11,,MARKUP,0.03914961766949264,-0.08047138047138047,-0.0701395982294859,-0.15448916408668723,0.3485639686684072,-0.060060761024860465,-0.07439623373520488,-0.057888240790239354,1.0,0.0,-0.09359944941500342,1.1361005585416715,True,Industrials,-0.08845126835781048,0.03682611996962781,2.0,-11.5,0.0,1.0,1.2375007148585433
FRVO,2026-09-24,18.49,18.54,16.16,16.71,14294682,46.5,,Z11,MKDN,0.09284158070420676,0.0030012004801920344,0.08225388601036276,-0.45957309184993533,0.12928921568627458,-0.01249611399612549,-0.16205423235327443,,0.0,0.0,0.09452054794520559,0.8688047319652619,True,Utilities,0.062301335028607685,0.12905405405405412,17.0,0.6000000000000014,0.0,0.0,1.2408138841596381
CXM,2026-09-24,5.45,5.48,5.21,5.3,2892286,34.3,,Z4,MKDN,0.054655606236385795,-0.05693950177935947,-0.2904953145917001,-0.359903381642512,0.03246753246753236,-0.0991976705087595,-0.13386047143004998,-0.15473636327064744,0.0,1.0,-0.015122873345935761,0.7257825775074175,True,Technology,-0.02573529411764719,0.017274472168905985,0.0,-3.0,1.0,0.0,1.2420234937514298
TRLV,2026-09-28,12.09,12.88,11.88,12.34,1491497,61.9,T4,,MARKUP,0.05928138793241495,0.07304347826086954,0.04399323181049075,-0.04563031709203402,0.8845401174168298,0.054236445099578035,0.12596682994920871,,0.0,0.0,0.08547008547008561,0.8796079160540284,True,Healthcare,0.061962134251291046,0.15219421101774033,6.0,6.100000000000001,0.0,1.0,1.2421802822511139
HAE,2026-09-30,105.42,105.78,103.54,105.3,508904,57.1,,Z9,MARKUP,0.024907398385094863,-0.01422954502902074,0.03285924472780777,-0.046627433227704906,0.866718426501035,0.0037115962008360537,0.07426378305037251,0.3232539714987632,1.0,0.0,0.0299413110514275,0.8035589968655372,True,,-0.008847891566265087,0.016998261541433246,13.0,-6.899999999999999,0.0,1.0,1.2424310999029518
HOOD,2026-09-30,122.61,123.49,111.95,112.5,35057253,49.3,,Z6,MARKUP,0.05633547797479587,-0.08312958435207829,0.08685151193121432,-0.11235600441849447,0.6692986530422667,-0.019619775419278285,0.03683302349280848,0.13698020931862676,1.0,0.0,0.1119388160508541,0.7840112336860791,True,Financials,0.07737981229649482,0.06052036199095023,10.0,-11.900000000000006,0.0,0.0,1.2424597598083962
WAT,2026-09-25,428.71,435.93,425.67,433.54,662530,64.2,T2,,MARKUP,0.026351859307329414,0.028247515594241435,0.029150643308170743,-0.00641701425493868,0.9692780337941633,0.03689570512597906,0.07156458543305466,0.172494485051101,1.0,0.0,0.06374856852016797,1.1780072399011172,True,Technology,0.061713278150560935,0.07813587983686476,11.0,5.300000000000004,1.0,1.0,1.2429386015715858
KRMN,2026-09-25,34.76,35.77,33.35,35.69,4870723,36.8,T2,,MKDN,0.07510572533378142,-0.0016783216783217147,-0.24736398144242944,-0.439981170563314,0.11068823342848066,-0.07022215390333064,-0.20073277190460503,-0.3975745339020188,0.0,1.0,-0.052662547808178806,1.0476534572592586,True,Industrials,0.011621315192743564,0.10838509316770173,1.0,5.799999999999997,1.0,1.0,1.2434316919517037
QNST,2026-09-30,14.5,15.26,14.44,15.01,1421647,33.7,T2G,,MARKUP,0.05241197351416792,0.05112044817927175,-0.2074973600844774,-0.32660385823239124,0.1260504201680671,-0.08827458333667337,-0.11825518794527623,-0.01987858417528432,1.0,1.0,-0.020350877192982342,0.941963827975075,True,Industrials,-0.18423913043478257,0.07521489971346695,4.0,10.600000000000001,1.0,1.0,1.2444712248630057
MCD,2026-09-30,234.23,234.97,230.88,230.94,5566394,21.5,,Z4,MKDN,0.02071319570821824,-0.0309667673716012,-0.11554517253264918,-0.1799588097436262,0.0011824990145841991,-0.06204436699306293,-0.10259064980479271,-0.17989720413822097,0.0,0.0,-0.013459812844507146,1.005020302280026,True,Consumer Discretionary,-0.07088831670421636,0.00025987525987525295,0.0,-4.399999999999999,0.0,0.0,1.2447662073039767
EE,2026-09-28,33.27,33.27,32.69,32.84,253526,30.8,,Z2,MARKUP,0.0434982804594328,-0.03183962264150941,-0.14834024896265552,-0.19470328592447272,0.01975308641975354,-0.08795977238907271,-0.11106569072003758,-0.061975536736130765,1.0,0.0,-0.018028846153846145,0.7302263182968141,True,Utilities,-0.1307570142932768,0.004895960832313362,1.0,-1.9999999999999964,0.0,0.0,1.2457217921332686
GD,2026-09-25,336.21,339.99,335.0,336.72,1463092,23.2,T3,,MARKUP,0.020309148816869165,-0.04625407166123774,-0.11403462611166648,-0.1581999999999999,0.02646153846153888,-0.053138673929870595,-0.0755607379077401,-0.047635257043745494,1.0,0.0,-0.042392018980647705,1.0190113118947057,True,Industrials,-0.053891542568136996,0.005134328358209039,0.0,-9.000000000000004,1.0,0.0,1.2460652374247798
CIFR,2026-09-25,18.59,18.7,17.44,17.73,32372351,51.0,,Z4,MARKUP,0.08750325786185431,-0.033260632497273734,0.05724508050089461,-0.33941877794336806,0.2804107424960506,0.016379198994874722,-0.023735226284195,0.0003814919069453637,1.0,0.0,0.22990126939351208,0.9347323163298265,True,Financials,0.05222551928783381,0.19393939393939408,16.0,-3.3999999999999986,0.0,0.0,1.246162953755494
CALM,2026-09-29,67.19,68.85,66.88,68.55,1738992,27.8,T4,,MKDN,0.03170947161427215,-0.06262819636264183,-0.13139888494678165,-0.28031496062992134,0.06741180579811362,-0.062077931964812816,-0.1120799092632363,-0.1644504890682632,0.0,0.0,-0.06942310378544492,1.2133084013284061,True,,-0.07850517542680469,0.02897027919543671,2.0,-4.900000000000002,1.0,1.0,1.2463951753721814
MGEE,2026-09-30,69.79,70.26,68.81,69.45,369426,25.7,,Z5,MKDN,0.022310703677320652,-0.019898391193903464,-0.10329244673983218,-0.17370612730517543,0.08977556109725676,-0.05095603641259017,-0.08790035813949804,-0.12083487296183348,0.0,0.0,-0.03818413237165874,1.393726677666681,True,Utilities,-0.077811711592086,0.02117335685928534,3.0,9.899999999999999,0.0,0.0,1.2465559437990592
ALKS,2026-09-30,40.94,40.94,39.91,40.52,2527216,28.0,,Z3,MARKUP,0.03600646621272751,-0.0382150486589129,-0.1415254237288135,-0.2619307832422586,0.04515272244355909,-0.07373860840528634,-0.11541232873748652,-0.011849197948222145,1.0,0.0,-0.03371331554693169,1.1578106779835808,True,Healthcare,-0.1204688517473409,0.017068273092369468,1.0,-0.8000000000000007,0.0,1.0,1.2468776779712551
SANM,2026-09-30,223.6,223.76,205.77,214.91,898304,54.6,,Z2,MARKUP,0.05065848008146538,-0.0314570282572445,0.14741057127602764,-0.0756559139784947,0.7490369524896561,0.023166492426310192,0.037197414861778855,0.13741768672338117,1.0,0.0,0.12769222337918573,1.0988904551647218,True,Technology,0.09787994891443175,0.10357399609736051,19.0,-7.100000000000001,0.0,0.0,1.2469069985347798
ETON,2026-09-25,60.0,60.6,57.23,57.68,514395,53.0,,Z3,MARKUP,0.05202736588154521,0.03927927927927932,-0.07962342428594227,-0.13093265029380752,0.7229837424290723,0.009421010022330867,0.09240132682629065,0.58839267534959,1.0,1.0,-0.009791243303159058,1.0159310372903436,True,Healthcare,0.010511562718990897,0.07611940298507469,4.0,4.700000000000003,1.0,1.0,1.247271170424205
DFH,2026-09-25,11.13,11.5,10.92,11.3,1075715,37.1,T9,,MKDN,0.06589314181248962,-0.004405286343612258,-0.21363952679192755,-0.3345111896348645,0.07037643207855997,-0.09279768666845423,-0.16540895077156892,-0.2933532493988512,0.0,1.0,-0.034635879218472554,1.2488996570695392,True,,-0.07905460472697623,0.03955841766329371,1.0,4.700000000000003,1.0,0.0,1.2479794693023747
VEEV,2026-09-29,278.5,282.24,273.92,278.57,1104970,64.8,T10,,MARKUP,0.031073262399858373,0.0676861753094935,-0.024922118380062308,-0.059647583040777774,0.8489614496965552,0.04184334297483616,0.1261638871721209,0.26504118610413085,1.0,0.0,0.10074080274557407,0.9175957387680087,True,Technology,0.04482034356012288,0.08027300577810514,6.0,10.699999999999996,0.0,1.0,1.2493626256123944
UCTT,2026-09-25,77.53,78.06,76.41,77.69,689711,54.3,T2G,,DIST-TR,0.059585243099113366,0.09980181200452987,0.03933110367892967,-0.4034858722358723,0.2221728833629366,0.0544115133293499,-0.01147422758532013,0.09539983302242727,1.0,0.0,0.12858966177409048,0.9236619783401834,True,Technology,0.04929767693138842,0.19947506561679784,15.0,8.299999999999997,0.0,1.0,1.2494025497873313
BETA,2026-09-28,23.35,24.09,22.75,22.88,1928360,53.9,,Z1,MKDN,0.07069197839775732,0.03670140462165827,0.13492063492063489,-0.16557257476294684,0.5865209471766847,0.03224629433381754,0.07241691045113052,0.04559585758659401,0.0,0.0,0.14750656167978993,0.6202032403519412,True,Industrials,0.1063829787234043,0.16496945010183284,17.0,0.3999999999999986,0.0,0.0,1.2494685626278255
LBTYA,2026-09-25,9.47,9.56,9.28,9.45,2387908,28.8,,Z10,MKDN,0.03407313143274586,-0.04255319148936165,-0.103415559772296,-0.18039895923677363,0.07555555555555553,-0.06867479867579218,-0.09797137617056806,-0.14305622637307502,0.0,0.0,-0.05882352941176472,1.2657646411658487,True,Communication Services,-0.09742120343839555,0.018318965517241326,0.0,-4.099999999999998,1.0,0.0,1.249577022076435
ZBRA,2026-09-25,366.21,374.0,365.02,370.04,552294,61.9,T1,,MARKUP,0.029671227001956665,0.06753598938349259,0.024729306859405664,-0.04191802811796075,0.8808770509896255,0.042068410978536086,0.0999867569095767,0.2880907886504873,1.0,0.0,0.029845422116528075,0.972682755750744,True,Industrials,0.056140651311470835,0.09262704107243036,11.0,11.600000000000001,1.0,1.0,1.2496209033229857
CLMT,2026-09-30,53.49,54.5,52.3,52.38,2186788,47.3,,Z3,MARKUP,0.045497511575304815,-0.03677822728944469,0.016692546583850998,-0.12510439285117747,0.6623083859332735,-0.02828110985500476,0.049532682332622535,0.4092602309971618,1.0,0.0,0.12245790509512355,0.9811453988399182,True,Energy,-0.09705223237372862,0.020455873758036258,1.0,-7.400000000000006,0.0,0.0,1.2499878835475324
CRML,2026-09-30,7.43,7.7,7.25,7.26,4216570,49.2,,Z2,MKDN,0.09188975155592838,-0.059585492227979264,0.049132947976878505,-0.24688796680497926,0.4734513274336282,-0.01952920928969304,-0.023943310790627836,-0.13849988157404614,0.0,0.0,0.19636963696369647,0.7068725581174811,True,,0.12037037037037024,0.10502283105022814,12.0,-4.699999999999996,0.0,0.0,1.2501422109325033
PLTR,2026-09-29,187.34,188.63,184.81,186.97,14736134,60.4,,Z9,MARKUP,0.03483667016595512,0.01070328125844644,0.003165575705547763,-0.03960345181836866,0.899596301601771,0.03579958498762714,0.10788946106564712,0.20969177972579534,1.0,0.0,0.11175934366453966,0.8538733839469561,True,Technology,0.08350718590635142,0.10659327651515138,13.0,-2.1000000000000014,1.0,0.0,1.250389043420695
ZS,2026-09-28,188.89,202.12,187.67,199.39,3809854,56.9,T3,,MKDN,0.05308189047060015,-0.03736783662434229,0.08228844379308464,-0.08102502650135968,0.7772992145933619,0.03909146701797095,0.12103414421894065,0.09702237398633629,0.0,0.0,0.1788316582914573,0.924202970315975,True,Technology,0.03995201585563035,0.06369698586289685,14.0,-10.699999999999996,0.0,0.0,1.250729081453685
SMCI,2026-09-30,42.16,42.68,40.47,41.07,31847648,56.5,,Z10,MARKUP,0.05573851933883583,-0.008928571428571397,0.11876872786706616,-0.06147166361974399,0.8680078508341512,0.03297376603273405,0.10958158427449027,0.1820401377281935,1.0,0.0,0.12697963800904977,0.8925071097898671,True,Technology,0.11451831750339214,0.08593336858804856,10.0,-3.5,0.0,0.0,1.2507544974466946
DEI,2026-09-25,9.61,9.95,9.61,9.82,2867755,26.8,T3,,MKDN,0.031478825304735246,-0.04195121951219505,-0.17340067340067344,-0.24228395061728403,0.06268656716417934,-0.07307780331044234,-0.11901982407133516,-0.15553527160039915,0.0,0.0,-0.05413385826771655,1.271981391319269,True,,-0.0848089468779124,0.021852237252861784,0.0,1.8000000000000007,1.0,0.0,1.2516032895924316
EMBC,2026-09-30,5.81,5.9,5.63,5.66,1417491,59.7,,Z2,MKDN,0.04699262747358658,0.014336917562723928,0.07809523809523822,-0.053511705685618804,0.8900343642611683,0.04104185825737283,0.1264801260373598,-0.14841061858730176,0.0,0.0,0.13541666666666674,0.8587946660186833,True,,0.10331384015594547,0.11637080867850091,14.0,-2.8999999999999986,0.0,0.0,1.251852080066415
NEWP,2026-09-28,6.27,6.5,6.15,6.37,1111224,52.0,T5,,MARKUP,0.0642307461262877,-0.006240249609984372,-0.09645390070921978,-0.15517241379310343,0.70076726342711,0.008217055484645686,0.0651170898657556,0.33801177984172304,1.0,0.0,0.1346863468634687,0.7903330418422149,True,,0.08517887563884163,0.17527675276752763,8.0,-3.700000000000003,1.0,0.0,1.2539033100124666
BROS,2026-09-30,38.88,39.69,38.18,38.56,5221281,26.3,,Z5,MKDN,0.04261187950721928,0.003382773874577305,-0.16735046426257827,-0.4481179333047087,0.035725284878349355,-0.07546920734826024,-0.1964894038561954,-0.30399675024397843,0.0,1.0,-0.008483563096500557,0.8786183841575927,True,Consumer Discretionary,-0.06792361614696629,0.031016042780748654,2.0,4.900000000000002,1.0,1.0,1.2545586899166825
GH,2026-09-28,174.85,180.05,174.69,177.33,1318539,59.5,T3,,MARKUP,0.04349419897550075,0.019899925231494864,0.09801857585139317,-0.03367663887526551,0.8550996483001176,0.03332025445903719,0.08733839611590533,0.3896645520058557,1.0,0.0,0.1071428571428572,0.982869613056322,True,Healthcare,0.056541944709247005,0.061856287425149814,15.0,2.3999999999999986,0.0,1.0,1.2548891681288667
FTAI,2026-09-25,175.23,177.4,171.75,175.06,1503061,38.2,,Z10,MKDN,0.053075255557041186,-0.0822061444898815,-0.12215424731721991,-0.3525169212560565,0.033563171770431985,-0.07350291113445939,-0.13400368785412553,-0.1883934894349284,0.0,1.0,-0.0012792928999243447,0.8431396959016711,True,,-0.05912071374825323,0.019272197962154403,0.0,-8.299999999999997,1.0,0.0,1.2551280341002145
FUL,2026-09-25,53.0,53.55,48.87,50.06,1145685,33.0,,Z5,MKDN,0.040418212007171835,0.013155231734466755,-0.12175438596491228,-0.22073474470734733,0.19156214367160782,-0.03907972356767242,-0.0881722725959635,-0.139599163667104,0.0,1.0,-0.039094650205761305,1.6196308039624059,True,Materials,-0.02984496124031011,0.07194860813704484,1.0,8.899999999999999,1.0,0.0,1.2554331248191006
NEO,2026-09-30,18.76,18.96,18.28,18.36,2473562,51.5,,Z2,MARKUP,0.045775893597389566,0.0,0.05214899713467047,-0.08428927680798015,0.7585714285714283,-0.008320017014978531,0.07386824536992065,0.4053760870228884,1.0,0.0,0.10253317249698446,1.0980600538446166,True,Industrials,-0.030623020063358042,0.004926108374384119,17.0,-3.5,0.0,0.0,1.2555371227087648
JBGS,2026-09-25,10.41,10.63,10.32,10.53,1051664,29.8,T9,,MKDN,0.036129259608298915,-0.06233303650935007,-0.12975206611570256,-0.32844387755102045,0.03917910447761177,-0.06707262305240047,-0.13394833954755947,-0.2757066712657754,0.0,0.0,-0.06521739130434778,0.9906981697757131,True,,-0.07387862796833777,0.02034883720930214,0.0,-7.099999999999998,1.0,0.0,1.2559899889379438
CCI,2026-09-30,67.5,68.0,66.13,66.65,3866467,25.2,,Z4,MKDN,0.028514390686782843,-0.050975366652427745,-0.12117616033755274,-0.17532788913635222,0.035398230088496276,-0.065591171818696,-0.10467744165182191,-0.19313398434296591,0.0,0.0,-0.05636415525114158,1.027244993605069,True,,-0.08972958208139847,0.007863299561470027,0.0,-7.099999999999998,1.0,0.0,1.2586205644960644
SAH,2026-09-25,62.61,65.43,62.29,64.95,358305,33.0,T1G,,MARKUP,0.0499409954553963,0.020263901979264975,-0.18085508891411273,-0.42860913169701764,0.0691631639281621,-0.08594030958864807,-0.15914990932046713,-0.15102877976697981,1.0,1.0,-0.024650127226463203,1.0591872764864234,True,Consumer Discretionary,-0.14426877470355737,0.05902494700798955,1.0,9.8,1.0,1.0,1.2594929869505465
ARR,2026-09-25,14.16,14.2,13.83,14.1,4936677,21.3,,Z2,MKDN,0.022111833663615715,-0.03950953678474112,-0.14076782449725778,-0.19886363636363646,0.07161803713527838,-0.07426481485806757,-0.11264416450093762,-0.15053698114767033,0.0,0.0,-0.05725971370143146,0.911439144073782,True,,-0.10759493670886078,0.019522776572667988,0.0,1.4000000000000021,0.0,0.0,1.260465097400894
CIM,2026-09-25,10.45,10.49,10.21,10.34,1733578,26.0,,Z2,MKDN,0.023431082272086106,-0.04875804967801278,-0.10165073848827111,-0.23008190618019364,0.040372670807453125,-0.06642900630641357,-0.11202112220873739,-0.179053867981826,0.0,0.0,-0.05811808118081174,1.204508661143888,True,,-0.07097933513027865,0.01273261508325163,0.0,-3.0,1.0,0.0,1.2614027843317737
NPKI,2026-09-30,11.45,11.5,11.3,11.42,865012,22.5,,Z10,MKDN,0.033339190962033576,-0.02476515798462864,-0.13746223564954685,-0.2391738840772818,0.03234501347708875,-0.07535363271754447,-0.12653015247458277,-0.14716514117280766,0.0,0.0,-0.019947961838681638,1.0295172440951716,True,,-0.1154144074360961,0.010619469026548645,0.0,-1.5,1.0,0.0,1.2628067194290422
FUN,2026-09-25,12.42,12.56,12.2,12.32,1091343,31.9,,Z4,MKDN,0.05738020781102349,0.008183306055646433,-0.22807017543859653,-0.43042071197411,0.03322949117341644,-0.08987065636648006,-0.20064380714803887,-0.3341930983200053,0.0,0.0,0.0050000000000001155,0.842756015499065,True,Communication Services,-0.060975609756097504,0.026666666666666616,5.0,2.099999999999998,1.0,0.0,1.2635671205424908
RGNX,2026-09-30,7.49,7.86,7.35,7.53,1788566,37.0,T2G,,MKDN,0.07225315286440798,0.0040000000000000036,-0.19206008583690992,-0.5258186397984888,0.04680365296803654,-0.07792982720360819,-0.16274612934830845,-0.22131210622536757,0.0,1.0,-0.037837837837837895,1.1637777146630728,True,Healthcare,-0.05639097744360899,0.057584269662921406,4.0,2.799999999999997,1.0,1.0,1.2639208756473435
FLO,2026-09-29,5.64,5.71,5.58,5.68,6693122,25.5,T3,,MKDN,0.040773088690788606,-0.03401360544217691,-0.17919075144508678,-0.36251402918069586,0.030030030030029922,-0.07130282945344846,-0.15289900552651903,-0.34468941992263447,0.0,0.0,-0.044520547945205435,0.9278674341176001,True,Consumer Staples,-0.07491856677524433,0.017921146953404854,0.0,-2.5,1.0,0.0,1.2639329875532468
CHWY,2026-09-30,18.37,18.64,18.16,18.2,7448454,28.5,,Z2,MKDN,0.051332791801484465,-0.018867924528301994,-0.23271500843170323,-0.2828999211977935,0.054018445322793165,-0.0976843558172823,-0.14482899192331466,-0.2783956502626975,0.0,0.0,-0.03837837837837843,0.921499074033865,True,Consumer Discretionary,-0.12960306073648975,0.023046655424395768,2.0,0.8000000000000007,1.0,1.0,1.269405678516676
GLUE,2026-09-30,11.85,12.15,11.65,11.93,907752,32.2,T2G,,ACC-TR,0.05857201921204997,0.003364171572750152,-0.16631726065688335,-0.5258346581875994,0.037818181818181786,-0.0721388713407849,-0.19885656950010644,-0.26431983172798434,0.0,1.0,-0.0247863247863247,0.7313668730021122,True,Healthcare,-0.056916996047430835,0.045574057843996485,4.0,3.0000000000000036,1.0,1.0,1.2694882403806023
PRKS,2026-09-30,32.39,32.82,31.97,32.4,649722,24.4,T9,,MKDN,0.04784669293360527,-0.012496190185919076,-0.16322314049586784,-0.352,0.04243743199129476,-0.08942022808324435,-0.17105851775991265,-0.19835763858393674,0.0,1.0,-0.021052631578947212,0.809809821889748,True,Communication Services,-0.10323830611680052,0.024667931688804545,2.0,4.599999999999998,1.0,0.0,1.2707104897432586
LBRX,2026-09-30,37.61,39.23,37.34,38.38,437201,35.4,T1,,MARKUP,0.05418069041863729,-0.020668537892319372,-0.18513800424628446,-0.23484848484848475,0.4336538461538464,-0.07963386722530308,-0.07925233061801973,0.17370071456894598,1.0,0.0,-0.058444902162718915,1.4158015233098722,True,Healthcare,-0.09842612168193554,0.049494120864096214,2.0,3.0,1.0,1.0,1.271168517223452
SVRA,2026-09-24,5.03,5.08,4.88,5.07,2499762,40.7,T9,,MARKUP,0.045572641908644074,-0.06457564575645747,-0.09625668449197866,-0.21638330757341573,0.1194968553459122,-0.04730672109134515,-0.0652661894528086,-0.026918155304905378,1.0,0.0,-0.045009784735812186,1.4305717070493893,True,Healthcare,-0.046992481203007475,0.03893442622950838,0.0,-9.399999999999999,1.0,0.0,1.2720196530428933
DV,2026-09-29,13.39,13.41,13.37,13.4,4742250,61.8,T10,,DIST-TR,0.006630687646184886,0.0,0.0,-0.01831501831501836,0.9242424242424243,0.003576464610268726,0.043274694528805835,0.13784653452151652,1.0,0.0,0.005267118133935211,0.622464289415412,True,Technology,-0.007407407407407418,0.0029940119760478723,14.0,-1.3000000000000043,0.0,1.0,1.2722270648331109
PMT,2026-09-25,8.47,8.49,8.24,8.33,1845478,27.0,,Z2,MKDN,0.027077279794387624,-0.05340909090909096,-0.10718113612004287,-0.2673702726473175,0.028753993610223606,-0.07400510210867872,-0.11227529055516139,-0.21831672423078397,0.0,0.0,-0.06363636363636371,1.0668993646737317,True,,-0.09160305343511443,0.010922330097087318,0.0,-4.699999999999999,1.0,0.0,1.273052075691289
NTST,2026-09-24,18.38,18.5,18.18,18.47,1744813,28.5,T2G,,MARKUP,0.022791658639680207,0.013165112452002026,-0.10987951807228924,-0.1780151312861593,0.11504424778761053,-0.03935519401063414,-0.07555690418796013,-0.0674263521181776,1.0,0.0,0.003899721448467952,1.5433319757543507,True,,-0.06386213887480996,0.028969359331476374,5.0,8.7,1.0,1.0,1.2733177112398615
BXMT,2026-09-25,12.44,12.61,12.38,12.5,1811857,26.5,T9,,MKDN,0.027096902336361976,-0.05802562170308967,-0.09485879797248375,-0.2897727272727273,0.03591682419659725,-0.06441179615003301,-0.13060439021171732,-0.2616030922788434,0.0,0.0,-0.06030534351145034,1.0360981046954505,True,,-0.06367041198501866,0.015434606011372809,1.0,-7.299999999999997,1.0,0.0,1.273525211357399
STRO,2026-09-30,16.22,16.66,15.85,16.11,133949,32.6,,Z5,ACC-TR,0.07096769236268359,0.024157660521296753,-0.22622478386167155,-0.5131459655485042,0.07162383816293048,-0.062349802212083305,-0.19920685518430659,-0.2503531716802122,0.0,0.0,0.010135135135135087,0.6389439056682014,True,Healthcare,0.032692307692307576,0.08851351351351333,8.0,4.100000000000001,1.0,1.0,1.2765782197711764
BTGO,2026-09-25,8.2,8.2,7.31,7.48,1416406,53.7,,Z4,MKDN,0.08032970867826504,-0.01058201058201047,0.04469273743016755,-0.10419161676646693,0.764864864864865,0.016779229764332992,0.09946070886820468,,0.0,0.0,0.18093699515347317,0.7548174765193316,True,Financials,-0.022222222222222254,0.20840064620355414,7.0,-4.599999999999994,0.0,0.0,1.2773320313982208
MARA,2026-09-25,12.98,12.98,12.12,12.55,36779462,55.1,,Z2,MKDN,0.07054990141172525,-0.05211480362537757,0.05728727885425444,-0.1290770298403886,0.6753926701570682,0.03806177650846698,0.06834543586006903,0.04501323287952119,0.0,0.0,0.21321321321321318,0.9113931912483645,True,Financials,0.047579298831385675,0.16527390900649963,16.0,-7.699999999999996,0.0,0.0,1.2774268841832639
ACA,2026-09-25,146.7,146.75,146.42,146.62,492253,70.8,,Z11,DIST-TR,0.003043093648508873,0.005348326933625858,0.007766856828647972,-0.0013622122326657493,0.9180327868852505,0.005828653171967346,0.018125862092940315,0.14339862897181366,1.0,0.0,0.007591442374051072,1.0239874619818654,True,Industrials,0.01117241379310352,0.010823853843502151,10.0,7.299999999999997,0.0,0.0,1.2784656476764757
GNW,2026-09-29,9.38,9.47,9.15,9.23,3260047,28.2,,Z2,MARKUP,0.027025237980156862,-0.05430327868852458,-0.07142857142857129,-0.13657623947614583,0.08750000000000037,-0.06183590323970445,-0.062320707384982965,0.0027055652133338715,1.0,0.0,-0.06249999999999989,0.6954519644495308,True,Financials,-0.07792207792207784,0.008743169398907069,0.0,-11.2,0.0,0.0,1.2789323803981307
SEI,2026-09-29,71.0,71.47,67.71,68.34,2262947,57.3,,Z2,MARKUP,0.06150335213830633,0.0406578346276838,0.34607051408311995,-0.06229418221734351,0.8497186362131747,0.05026941723905809,0.08697693671587392,0.15150239638100294,1.0,0.0,0.3434427943944782,0.763661188026945,True,Industrials,0.10905550146056475,0.09343999999999997,18.0,1.3999999999999986,0.0,0.0,1.2795738327608202
PPLI,2026-09-24,35.6,37.38,35.38,35.93,3103060,34.2,T5,,SPRING★,0.033115016224072175,-0.02760487144790269,-0.08505220269926161,-0.2564155629139073,0.042503863987635025,-0.04717458790286755,-0.08974584089085336,,0.0,0.0,-0.04067245119305851,1.5196198593682901,True,Technology,-0.04288758657432068,0.015545505935556703,0.0,-1.7999999999999972,1.0,0.0,1.2799559937145943
SMWB,2026-09-25,7.5,7.74,7.42,7.58,565902,39.0,T3,,MARKUP,0.06208563831936877,-0.07897934386391259,-0.17519042437431986,-0.20210526315789468,0.4591549295774648,-0.08366730655940136,-0.02952397167463583,0.19295933041522217,1.0,0.0,-0.07477820025348536,1.0372244074219674,True,,-0.060718711276332105,0.03835616438356171,1.0,-9.700000000000003,0.0,0.0,1.2809987423159388
HAPN,2026-09-24,15.17,15.38,14.97,15.35,1683161,27.7,T9,,MKDN,0.035151436553993366,-0.05012376237623761,-0.16394335511982572,-0.27764705882352947,0.060509554140127236,-0.08067666230869552,-0.13337730672881987,,0.0,0.0,-0.06203007518796988,1.2084734656397236,True,Financials,-0.08083832335329344,0.025384101536406023,0.0,-3.6000000000000014,1.0,0.0,1.2840323004261731
FCPT,2026-09-25,22.03,22.41,21.86,22.2,1734749,17.9,T3,,MKDN,0.01953380421011532,-0.018567639257294544,-0.11834789515488486,-0.17349218168279967,0.06799999999999998,-0.05223859279435683,-0.08523203790482314,-0.10667135429231789,0.0,0.0,-0.02410714285714277,1.2218347963767422,True,,-0.07384230287859828,0.015553522415370447,0.0,-1.2000000000000028,0.0,0.0,1.2840643547326351
AVT,2026-09-30,102.39,103.92,99.6,99.95,1535337,58.4,,Z1G,MARKUP,0.03750834197619901,-0.011863568956994586,0.1181340194652647,-0.04427232740485754,0.8024744027303756,0.030229963060329545,0.07029649154293582,0.25966213543058103,1.0,0.0,0.12309644670050757,1.0226089318348677,True,,0.07786045508465445,0.0785583252400992,18.0,-6.699999999999996,0.0,0.0,1.2849091388952776
MRP,2026-09-25,27.0,27.27,26.82,27.19,1862111,30.2,T6,,MKDN,0.027561465006551725,-0.058191894700381,-0.10852459016393434,-0.15480261112838045,0.08791208791208797,-0.06130411717939166,-0.07276536586455795,-0.07928554448588299,0.0,0.0,-0.060499472388322206,1.2819514441079667,True,Real Estate,-0.0842034355001684,0.01797079745413699,2.0,-8.2,0.0,1.0,1.2861086304570286
CWST,2026-09-30,80.29,81.0,78.71,80.35,765242,23.8,T9,,SPRING★,0.031141823510511837,-0.052476415094339646,-0.1327576902320562,-0.2080622905578553,0.07208791208791211,-0.07115858262515407,-0.09786392125870835,-0.12404824092082734,0.0,0.0,-0.05702647657841142,1.000194582708409,True,Utilities,-0.10781701088163453,0.020835980180408997,0.0,-7.5,1.0,0.0,1.2873687797722848
AMBQ,2026-09-30,65.57,69.03,65.3,68.17,582302,55.5,T9,,MARKUP,0.05893383830729837,-0.013886879791696671,0.21862710046478373,-0.2316275924256086,0.3929098966026589,0.043762074565316667,0.04604731084378355,0.22378404544160024,1.0,0.0,0.1538181155458358,0.73947960616143,True,Technology,0.13806343906510854,0.1173578101950501,18.0,-3.3999999999999986,0.0,0.0,1.28747006780566
PANW,2026-09-25,387.94,388.25,373.78,374.74,4880580,54.4,,Z2G,MARKUP,0.04744007849381632,0.030694757687441676,-0.02118323103042974,-0.06051945447252305,0.7327872481735666,0.021792744561057953,0.06746007565113232,0.3596767148629507,1.0,0.0,0.11263573851084341,0.8052799175976866,True,Technology,0.13334341448661746,0.10136664217487135,16.0,1.2999999999999972,0.0,1.0,1.2877228794880222
NMRK,2026-09-25,13.11,13.35,13.02,13.06,2511461,30.1,,Z2,MKDN,0.0388491279426883,-0.0631276901004304,-0.15958815958815953,-0.206079027355623,0.02865329512893974,-0.07809010435721375,-0.11254111671527656,-0.14072955994387282,0.0,0.0,-0.04424778761061943,1.0937970135697748,True,Real Estate,-0.09431345353675447,0.007716049382715973,1.0,-8.199999999999996,1.0,0.0,1.2881597637088327
RDVT,2026-09-28,78.19,79.4,76.49,78.61,151101,61.1,T3,,MARKUP,0.03703212264481443,0.0411920529801324,0.0724420190995907,-0.022142057469834553,0.9178966789667896,0.04153649194462705,0.10358928333096662,0.34172017190580806,1.0,0.0,0.0589095161526092,0.8731972069732361,True,Technology,0.030410276576222195,0.0851739370513529,17.0,4.600000000000001,0.0,1.0,1.288764669750618
AESI,2026-09-30,11.75,12.31,11.26,12.01,4656731,44.9,T9,,MKDN,0.07346535619449582,0.04253472222222232,-0.05283911671924291,-0.21809895833333337,0.42439862542955337,-0.0447324296149082,-0.07461801803873813,-0.09899244745950464,0.0,1.0,-0.04275741710296688,1.5625057772682507,True,Energy,-0.11495946941783353,0.09480401093892432,4.0,8.100000000000001,1.0,0.0,1.2889285004126458
FTK,2026-09-24,30.35,31.0,28.94,28.95,284979,54.1,,Z2G,MARKUP,0.06413916550706376,-0.05392156862745101,0.22617534942820838,-0.27022939248802624,0.41098901098901097,0.027264786300557953,0.07146022094526683,0.3139590477777281,1.0,0.0,0.3065462753950341,0.9797622009354491,True,Materials,0.05579868708971536,0.11732921651871853,15.0,-8.699999999999996,0.0,0.0,1.289247405572669
CRL,2026-09-30,296.97,298.98,293.45,295.01,799336,60.8,,Z3,UTAD,0.03281529008036972,0.06375076623517106,0.04487497343628255,-0.027364742342817605,0.9076854632410186,0.03348192431385977,0.09092684744832136,0.34635358799182825,1.0,0.0,0.03621805664683664,0.9878336851106853,True,Industrials,0.07900223108152571,0.0751093294460643,12.0,10.799999999999997,1.0,1.0,1.2895097390594275
ENTG,2026-09-24,146.21,148.97,143.81,148.63,1757742,57.2,T12,,MARKUP,0.046993031756468094,0.10366080047523574,0.043310402920117896,-0.1428983334294447,0.6273684210526316,0.0531283431117493,0.0537128229566699,0.1497386500872342,1.0,0.0,0.07831133725552553,1.1352468965870783,True,Materials,0.08173216885007273,0.17373450209271102,14.0,10.100000000000001,0.0,1.0,1.2897269070291992
DSP,2026-09-25,12.34,12.73,12.11,12.19,409193,47.8,,Z4,MARKUP,0.06908272046484479,0.026094276094275948,-0.03864353312302837,-0.17635135135135138,0.5066162570888467,-0.020472904671428926,-0.01750061902252198,0.032568214237973514,1.0,0.0,0.21661409043112512,1.0197540599474342,True,Technology,-0.031001589825119247,0.28180862250262884,6.0,1.8999999999999986,1.0,0.0,1.289751493312484
FTNT,2026-09-29,174.5,176.65,172.42,175.96,2487882,59.6,T10,,MARKUP,0.037692383126279067,0.00975553770228399,0.029427250921429726,-0.029828527319843423,0.8561170212765958,0.03572077612196223,0.08395423884668296,0.35211024970243,1.0,0.0,0.1341806020066889,0.7154302553024203,True,Technology,0.020827290131693488,0.05942561261966417,18.0,-1.5,0.0,0.0,1.290093201793073
TTAN,2026-09-29,60.05,64.55,59.13,63.52,2981027,42.9,T2G,,MKDN,0.07334405258776662,0.03183885640025985,-0.3521011831905345,-0.38300145701796984,0.21061061061061065,-0.03918274795991816,-0.1311045286348429,-0.18920033915659418,0.0,0.0,0.03849056603773593,0.4788687179195663,True,Technology,0.08395904436860069,0.19849056603773585,7.0,5.600000000000001,1.0,1.0,1.2908997806153362
UUUU,2026-09-30,11.13,11.47,10.9,11.03,9295309,32.4,,Z10,MKDN,0.05969490141088904,-0.04913793103448283,-0.2243319268635725,-0.33151515151515154,0.058519793459552466,-0.09952709510780577,-0.16655118222165732,-0.27955241861059466,0.0,0.0,-0.054878048780487854,0.945173519972457,True,Materials,-0.05967604433077589,0.016589861751151957,1.0,-3.1000000000000014,1.0,0.0,1.292632879853437
DY,2026-09-30,270.44,273.57,265.09,269.08,730221,30.0,,Z5,MKDN,0.04829376936811601,-0.04221541966256148,-0.06341802993386714,-0.4020444444444444,0.02157806500459688,-0.07657234199677276,-0.1947261911502195,-0.2673675593266621,0.0,0.0,-0.03638676844783728,0.9223185979804539,True,,-0.06367875287076352,0.015051491946131534,0.0,-2.3999999999999986,1.0,0.0,1.2927717613926888
PRM,2026-09-25,28.2,29.43,28.07,29.11,1217820,39.6,T1G,,MARKUP,0.045267968778677774,-0.09540087010565568,-0.09116453325007812,-0.23735918260413946,0.1695692025664526,-0.05407011736806244,-0.08317285128217755,-0.008832889206247363,1.0,0.0,-0.08091706001348609,1.2258261120540868,True,Materials,-0.07762991128010133,0.06786500366837855,1.0,-11.899999999999999,0.0,1.0,1.2933660772660363
RNW,2026-09-24,6.84,6.86,6.84,6.85,976634,64.4,T4,,DIST-TR,0.0062155546048209215,0.0014619883040936088,0.004398826979472137,-0.0043604651162790775,0.9708737864077668,0.00591180510260636,0.034006976870978534,0.09193415953226203,1.0,0.0,0.007374631268436627,0.6674473055851589,True,,0.0,0.004398826979472137,17.0,1.3000000000000043,0.0,1.0,1.2934179025536878
NAT,2026-09-30,8.09,8.19,7.85,7.9,4648744,62.4,,Z3,MARKUP,0.03927715725520488,0.036745406824147064,0.1432706222865412,-0.05162064825930368,0.8389513108614233,0.03781316510913002,0.11081434215674646,0.37056991701445874,1.0,0.0,0.16536661466458646,0.8814240041615968,True,,-0.01126408010012514,0.07336956521739135,19.0,4.799999999999997,0.0,1.0,1.2944635368938475
OLMA,2026-09-30,8.59,8.86,8.42,8.64,1542813,31.1,T1,,MKDN,0.06130862857097705,-0.021517553793884425,-0.18181818181818177,-0.31537242472266236,0.05687203791469201,-0.096604554109332,-0.17033736015345535,-0.3279802359587459,0.0,0.0,-0.0344827586206895,1.0149800417073598,True,Healthcare,-0.11202466598150052,0.028571428571428692,2.0,1.8000000000000007,0.0,1.0,1.295566044939202
BOH,2026-09-30,69.3,69.7,68.51,68.92,472347,23.4,,Z2,MARKUP,0.02168694697099097,-0.020187659937446756,-0.08326682628358617,-0.2014830263005446,0.023582257158899587,-0.057085434361660026,-0.09139261278242405,-0.08923725368348301,1.0,0.0,-0.022963913849664785,1.3527681701988636,True,Financials,-0.07934811648410367,0.006131386861313981,1.0,2.8999999999999986,1.0,0.0,1.2957593077877567
SATL,2026-09-30,5.75,6.11,5.52,5.53,5768156,52.6,,Z2,MARKUP,0.08447327498569701,0.003629764065335772,0.20217391304347831,-0.14263565891472862,0.7097791798107256,0.017564127365585103,0.04418653976813225,0.09571681509957597,1.0,0.0,0.20000000000000018,1.1810419905439693,True,Industrials,0.11717171717171726,0.1060000000000001,18.0,-2.8999999999999986,0.0,0.0,1.2959464594292418
DOCN,2026-09-30,134.85,138.59,133.32,133.39,1438475,53.1,,Z2G,MARKUP,0.06745311021574035,-0.05537851426952778,0.22466030113845004,-0.12145162352631245,0.6319361277445105,0.014500273764416649,0.03695228214448787,0.2374688261745599,1.0,0.0,0.30738228644450993,0.6326391462820208,True,Technology,0.07781189398836452,0.052635732323232265,18.0,-7.0,0.0,0.0,1.296571346911386
LSCC,2026-09-28,127.69,127.7,122.25,124.03,1416605,56.2,,Z9,MARKUP,0.046134834849903925,0.0579153872398499,0.08417832167832162,-0.13386871508379883,0.5132046724225497,0.04884693288404507,0.02443031096515269,0.11647993171220028,1.0,0.0,0.12213446349450985,0.9151003197568869,True,Technology,0.16460093896713612,0.19466384126372582,9.0,5.100000000000001,1.0,1.0,1.2967551630354979
BKKT,2026-09-25,9.18,9.18,8.41,8.5,1010806,52.2,,Z4,MKDN,0.08353621842874266,-0.012775842044134622,0.009501187648456089,-0.13176710929519908,0.5811688311688313,0.018436151414751967,0.04049253957184451,-0.1484251799645454,0.0,0.0,0.20314735336194567,1.2019118488496638,True,Financials,0.03911980440097795,0.2160228898426324,7.0,-4.699999999999996,0.0,0.0,1.297903664860818
FTH,2026-09-30,28.49,30.18,27.66,29.74,356522,42.6,T2G,,MARKUP,0.09414807496320066,-0.0573692551505548,-0.13822080556360472,-0.2942572377788325,0.3480546792849631,-0.07713256777022204,-0.04614855128747286,,0.0,0.0,-0.1518825781748565,0.7640651776820795,True,Healthcare,-0.13142523364485992,0.11888638073739655,2.0,-0.8999999999999986,0.0,1.0,1.3013208133704097
PLNT,2026-09-30,40.9,42.85,40.68,42.22,3988405,34.0,T2G,,MKDN,0.04911260109990223,0.029756097560975636,-0.1634634436298792,-0.26445993031358883,0.1325714285714286,-0.08202097694819044,-0.14587939963087704,-0.35201086996145425,0.0,1.0,-0.016272189349112565,1.253423470840723,True,Communication Services,-0.15593762495002006,0.05814536340852139,4.0,13.0,1.0,1.0,1.3026562660823333
LFTO,2026-09-30,15.82,16.25,15.68,15.8,1084274,33.9,,Z9,ACC-TR,0.061538732175591075,-0.018023617153511418,-0.15643352909770425,-0.4037735849056604,0.03603603603603607,-0.08168785098157438,-0.1866310731467925,,0.0,0.0,-0.03266331658291455,0.5862679350462416,True,,-0.10176236498010227,0.025974025974025983,2.0,-0.3999999999999986,1.0,1.0,1.3060667665055379
CLS,2026-09-28,363.93,372.97,349.52,356.53,2483701,57.7,,Z2G,MARKUP,0.05483077306759729,0.035220673635307786,0.1936056243722799,-0.06496197220036726,0.7695813953488368,0.05285531126849685,0.06829897312104682,0.11526707029416627,1.0,0.0,0.24726077428780124,1.0907883412232626,True,Technology,0.12797393065046814,0.13689413265306105,17.0,0.30000000000000426,0.0,1.0,1.3069796250360726
KYTX,2026-09-24,7.8,7.92,6.67,6.99,3276651,39.2,,Z6,MKDN,0.06880719044180393,-0.007102272727272707,-0.18815331010452951,-0.32069970845481044,0.08839779005524871,-0.06934420878752778,-0.10899451284511563,-0.10186542324079784,1.0,1.0,-0.0276967930029155,1.5388147469725797,True,Healthcare,-0.048979591836734615,0.04797601199400314,0.0,2.200000000000003,1.0,1.0,1.3101124619478355
BCE,2026-09-24,21.64,21.75,21.3,21.3,3628354,24.8,,Z2,MKDN,0.021148517294721496,-0.0439856373429085,-0.09323116219667937,-0.11027568922305764,0.14006514657980446,-0.056539206970285805,-0.06621417512399219,-0.08966677988347749,0.0,0.0,-0.0439856373429085,1.1449773741501579,True,,-0.08387096774193548,0.0,0.0,-10.2,1.0,0.0,1.3104008083294723
MTD,2026-09-30,1535.12,1554.83,1510.38,1510.95,153802,65.1,,Z2G,UTAD,0.02756080777411668,0.012470348580082335,0.098106049594465,-0.028221734852041602,0.8701506229100704,0.047291463599924866,0.0856392344173047,0.14499599495866677,1.0,0.0,0.1670996012790653,0.8156617975853331,True,Technology,0.09593164525745457,0.09454231984005101,14.0,-4.200000000000003,0.0,1.0,1.3107411440905814
PD,2026-09-25,14.82,14.86,14.35,14.38,1670571,59.0,,Z1,MARKUP,0.04021942735422131,0.027142857142857135,0.1385589865399841,-0.044518272425249195,0.8970814132104455,0.027497980088477814,0.13567510153545514,0.3061360329032574,1.0,0.0,0.19659574468085106,0.8922568086899784,True,Technology,0.02058197303051812,0.030824372759856722,19.0,-0.6000000000000014,0.0,1.0,1.3110190634935477
SSMR,2026-09-30,15.24,15.24,14.71,14.72,447896,37.9,,Z6,MKDN,0.07289909999988871,-0.06420851875397326,-0.12328767123287665,-0.24936257011728702,0.31126760563380296,-0.08392420841453685,-0.08874327137308147,,0.0,0.0,-0.04413702239789197,0.47369388703067905,True,,-0.06420851875397326,0.01447277739490005,2.0,-5.100000000000001,1.0,0.0,1.3112279031090555
FDXF,2026-09-28,112.79,113.59,110.5,112.3,1557718,28.3,,Z2G,ACC-TR,0.04502492685622433,-0.04506802721088432,-0.15848632446609212,-0.293843928818462,0.03709045950958164,-0.08515135789680761,-0.15080670946025765,,0.0,0.0,-0.047660087908299564,0.9296000529154076,True,,-0.13241656365883803,0.016289592760180938,0.0,-3.3999999999999986,1.0,0.0,1.3126354063773786
OBE,2026-09-24,11.44,11.59,11.18,11.25,580606,45.1,,Z11,MARKUP,0.05297128504097125,-0.07254740313272878,0.01994560290117864,-0.17279411764705876,0.5934256055363322,-0.041665183464025035,-0.00031542679931073625,0.16139686653985996,1.0,0.0,0.056083650190114076,0.8197123518784494,True,,-0.11695447409733128,0.012601260126012592,19.0,-10.199999999999996,0.0,0.0,1.3224096466915691
BRKR,2026-09-30,64.32,66.98,63.86,64.75,2138710,61.8,T2,,MARKUP,0.04592768904070207,0.0851349086643205,0.15563091201142254,-0.03329352045386691,0.8784741144414167,0.06506976611215687,0.10133904749451461,0.2701999804893507,1.0,0.0,0.14804035700426854,0.9868652932020588,True,Technology,0.06724905224987632,0.09430454622274809,12.0,8.699999999999996,1.0,1.0,1.3236602263752353
UPBD,2026-09-30,15.7,15.81,15.42,15.7,1326574,25.6,,Z7,MKDN,0.03682068465774727,-0.01813633520950597,-0.14766558089033666,-0.3203463203463204,0.042690815006468305,-0.08076591735255056,-0.1381560006768935,-0.19086490759128238,0.0,0.0,-0.035153797865662306,1.2402420422041032,True,,-0.11698537682789656,0.021470396877033116,2.0,2.0,0.0,0.0,1.3236613491081188
INSW,2026-09-28,107.65,109.31,106.8,108.31,678657,60.2,T2G,,MARKUP,0.03838639191886031,-0.0072410632447295065,0.09614411496812059,-0.042690471981615685,0.8498601181224744,0.03595494736309113,0.09173366633247415,0.3384610885842747,1.0,0.0,0.06774747691646987,0.8864486908493959,True,Industrials,0.023337112622827005,0.08908999497234782,19.0,-6.0,0.0,1.0,1.32462256398844
EPRX,2026-09-29,8.16,8.46,8.08,8.3,645107,58.4,T2,,MARKUP,0.049948224275596614,-0.03263403263403253,0.2848297213622293,-0.053591790193842526,0.8459016393442627,0.03546043532060206,0.10669552282312811,0.19668693628823863,1.0,0.0,0.23854660347551349,1.1179099666109737,True,,0.023427866831073008,0.058673469387755306,19.0,-7.000000000000007,0.0,1.0,1.3275600184412353
REZI,2026-09-30,18.18,18.35,17.73,18.15,2010263,31.5,,Z10,ACC-TR,0.04261513295628625,-0.028372591006424086,-0.0566528066528067,-0.5241216570529628,0.02057814796668291,-0.049546595026832785,-0.1871773761088137,-0.3767203949174204,0.0,0.0,-0.024752475247524663,0.7164309022064752,True,,-0.027852169255490278,0.02368866328257191,0.0,-2.799999999999997,1.0,0.0,1.3276267461960416
MPWR,2026-09-30,1353.77,1361.44,1324.96,1347.22,465202,57.5,,Z2G,MARKUP,0.03910423719724521,-0.006086449718547771,0.09891024176971519,-0.14091862696960233,0.49125189925871365,0.04152644179149623,0.03072776304149527,0.07210889455752545,1.0,0.0,0.15810130266442068,0.7232946269394886,True,Technology,0.17393539617117315,0.17517445917655272,10.0,-2.6000000000000014,1.0,0.0,1.3295261090030177
CRSR,2026-09-30,13.58,13.72,13.38,13.5,1027214,59.5,,Z10,MARKUP,0.04301355922377389,-0.0014792899408283544,0.16179001721170394,-0.0987983978638185,0.7654516640253566,0.02878860217714352,0.11091857105774738,0.42424128857054755,1.0,0.0,0.13368055555555558,0.868748180179568,True,Technology,0.02583586626139822,0.03369065849923425,19.0,-1.3999999999999986,0.0,0.0,1.331766047456174
GIC,2026-09-24,41.55,41.75,41.1,41.23,107033,65.7,,Z2G,MARKUP,0.022410258911658164,0.020039584364176077,0.04459082847732443,-0.027594339622641573,0.8894139886578448,0.02983745885738487,0.07522066463568411,0.20432819984095407,1.0,0.0,0.03713389121338895,1.2870940761702236,True,,0.06647697878944636,0.062081401339515674,10.0,0.20000000000000284,0.0,1.0,1.3354257623185277
SGHC,2026-09-25,11.99,12.16,11.73,11.97,2025988,27.0,,Z3,MARKUP,0.038223249160608326,-0.05599369085173489,-0.1344902386117136,-0.24527112232030257,0.11389521640091119,-0.07742407459665746,-0.10336259733718378,-0.04998254031871707,1.0,0.0,-0.079454253611557,1.1089909052294276,True,,-0.1351156069364161,0.04359197907585011,1.0,-7.5,1.0,0.0,1.33667349712149
KREF,2026-09-29,6.25,6.39,6.19,6.38,1032304,34.2,T4,,MKDN,0.03742991521426847,-0.03625377643504535,-0.162729658792651,-0.19342604298356514,0.23880597014925353,-0.06181203635330945,-0.09650054219864745,-0.12870722499879217,0.0,0.0,-0.10606060606060597,1.5670078918616015,True,,-0.09375,0.08135593220338966,3.0,6.600000000000001,0.0,1.0,1.33749903284765
MBGL,2026-09-29,17.72,17.86,17.36,17.8,4548199,26.8,T2,,SPRING★,0.03707319382399209,-0.06757464641173383,-0.12315270935960587,-0.2028660994178234,0.0885311871227367,-0.07357838424578467,-0.10365703816886518,,0.0,0.0,-0.08148148148148149,1.0204567584437079,True,,-0.12487708947885934,0.025345622119815836,0.0,-8.599999999999998,0.0,0.0,1.340043967390304
CTNM,2026-09-30,11.59,13.54,11.59,13.42,1597793,45.3,T1,,MARKUP,0.08601404973706697,0.07274180655475626,-0.18912386706948647,-0.2456436200112423,0.37122302158273385,-0.025450018497779836,-0.0695111657902614,0.008295712875452166,1.0,1.0,-0.12861736334405138,1.2533013829875315,True,Healthcare,-0.02470930232558144,0.23800738007380073,1.0,14.699999999999996,1.0,1.0,1.3400665007314436
CDNS,2026-09-29,321.2,324.25,314.0,324.17,2632982,59.6,T10,,MKDN,0.033948580236110325,0.07004456180887941,-0.043125332073912115,-0.1709207161125319,0.4333078945136947,0.05276927908368312,0.017634318071282573,-0.012271314025545155,0.0,0.0,0.11766213791335556,0.9764052677013539,True,Technology,0.18327493064681,0.18241173037642255,10.0,10.300000000000004,1.0,1.0,1.340227683008425
EVER,2026-09-30,19.12,20.41,18.92,20.06,1247441,39.2,T2G,,MARKUP,0.06348350204183752,0.1378332387975043,-0.1921063229963753,-0.291166077738516,0.24542124542124535,-0.06605620863101114,-0.12096707544854368,-0.08991194774670253,1.0,0.0,0.0005753739930955959,1.0022465248223522,True,Technology,-0.14053127677806343,0.15420023014959727,5.0,17.1,1.0,1.0,1.3404678700938883
DT,2026-09-29,57.39,58.05,56.76,57.53,3868436,65.3,T10,,MARKUP,0.03147230593194644,0.005769230769230749,0.053856017585638405,-0.031644504292206665,0.9011046817464494,0.04386973392817328,0.1193279814518764,0.2568658734799594,1.0,0.0,0.13551020408163272,1.024399647621297,True,Technology,0.04277687148812759,0.058314937454010396,14.0,-3.0,0.0,0.0,1.34107474468653
FBRT,2026-09-25,7.32,7.38,6.83,6.97,3271786,28.2,,Z2,MKDN,0.03831145058586592,-0.06693440428380193,-0.16825775656324593,-0.20160366552119136,0.0736842105263156,-0.09978206170076986,-0.12390960884925284,-0.20393340795500803,0.0,0.0,-0.0757780784844384,0.7991196025307121,True,,-0.10411311053984584,0.020497803806734938,0.0,-4.699999999999999,1.0,0.0,1.3434496539754068
ARI,2026-09-30,6.25,6.26,6.2,6.2,3526407,21.5,,Z4,ACC-TR,0.018210951306019112,-0.009584664536741117,-0.08957415565345073,-0.4237918215613382,0.010845986984815582,-0.041008004862527536,-0.12219878199723133,-0.30358001989406236,0.0,0.0,-0.015999999999999903,1.2582431320713583,True,,-0.0461538461538461,0.008130081300812941,2.0,0.6999999999999993,0.0,1.0,1.3440885427527514
KLIC,2026-09-25,89.5,91.76,89.0,91.18,471339,58.1,T1G,,MARKUP,0.04562165376546264,0.09670435410151557,0.07688673674264801,-0.31725945338824413,0.2688524590163936,0.06453402186299129,0.020922430321216545,0.11470388062798875,1.0,0.0,0.08531746031746046,1.3310129502987422,True,Technology,0.05863230001161046,0.16434682671434042,15.0,11.300000000000004,0.0,1.0,1.3448084605851534
PRGO,2026-09-30,15.07,15.14,14.73,14.76,2548740,58.4,,Z2,MKDN,0.04254581117348266,0.06647398843930641,0.022869022869022926,-0.05927342256214152,0.8418367346938775,0.03351967244121368,0.10033739790920038,0.08211829406033089,0.0,0.0,0.05247148288973391,1.3994459065463194,True,Healthcare,0.09010339734121131,0.1224334600760455,8.0,5.799999999999997,1.0,0.0,1.3455337438313035
GEL,2026-09-29,13.95,13.97,13.75,13.82,332486,25.6,,Z2G,MKDN,0.03017708630578878,-0.05601092896174864,-0.15318627450980393,-0.17096580683863238,0.02397260273972611,-0.0757399013832949,-0.0952578370190974,-0.12646880741345046,0.0,0.0,-0.049100968188105165,0.6873138487947832,True,Energy,-0.09849967384213953,0.005090909090909035,0.0,-8.699999999999996,0.0,0.0,1.346722283436806
ALL,2026-09-29,225.95,227.05,224.21,225.42,4096046,26.5,,Z2G,MARKUP,0.0255187730919368,-0.01777777777777778,-0.1256012412723042,-0.18685520525214638,0.022825881909073364,-0.06955287489199835,-0.08917821418905991,-0.02435519024400057,1.0,0.0,-0.013377337733773365,1.3296601590810448,True,Financials,-0.1235955056179775,0.005396726283394937,0.0,-0.3999999999999986,1.0,0.0,1.348915721113406
MRVI,2026-09-30,7.65,7.75,7.53,7.66,3606276,58.2,T2,,MARKUP,0.050648487616123554,0.03934871099050197,0.049315068493150704,-0.1868365180467091,0.5610972568578554,0.04276589841963685,0.09696580185440307,0.4552064054685756,1.0,0.0,0.11710323574730341,0.9115096801260757,True,Healthcare,0.11988304093567259,0.12152269399707172,13.0,3.9000000000000057,0.0,1.0,1.350332905169767
CYRX,2026-09-30,17.38,17.59,17.25,17.4,571601,64.4,T1,,MARKUP,0.03309996850613938,-0.005145797598627766,0.11897106109324751,-0.032258064516129115,0.8415300546448082,0.035050474717231106,0.07807866143240583,0.31628296668107425,1.0,0.0,0.1692940370116518,1.203337602443852,True,Healthcare,0.05390672319806167,0.05390672319806167,14.0,-2.3999999999999915,0.0,1.0,1.3508043250039745
AMLX,2026-09-30,29.47,29.62,28.64,29.1,1306898,41.5,,Z2,MARKUP,0.05618658165726422,-0.049330284220842846,-0.1393078970718722,-0.2926592124453087,0.5109666937449229,-0.06886051167652696,0.008615933201695958,0.4411980368833064,1.0,0.0,-0.061906321650835205,0.8428210649980741,True,Healthcare,-0.10818265399938709,0.0160614525139664,0.0,-4.700000000000003,0.0,0.0,1.3531010399800165
O,2026-09-25,55.45,55.66,55.08,55.54,11967909,17.2,T9,,MKDN,0.016093242372124363,-0.019767031415460545,-0.10129449838187699,-0.17289650037230087,0.03890728476821181,-0.04859262303945133,-0.08141571707720285,-0.09377132744381222,0.0,0.0,-0.0261715296198054,1.2933320510014836,True,,-0.0665546218487395,0.008534592337025693,1.0,-1.6999999999999993,0.0,0.0,1.3533372823469536
AMPH,2026-09-30,26.73,26.79,25.77,25.81,509360,63.2,,Z2,MARKUP,0.03739331339846274,0.034054487179487,0.12412891986062702,-0.07158273381294966,0.7871657754010694,0.04949013494434862,0.12681758797693177,0.1539344481769227,1.0,0.0,0.14498141263940534,1.029367911762349,True,Healthcare,0.07766179540709817,0.10063965884861403,16.0,-8.299999999999997,0.0,1.0,1.354829743228314
COMP,2026-09-25,9.35,9.61,9.29,9.38,13712692,34.0,T1G,,MARKUP,0.05688067784987072,-0.06944444444444442,-0.15495495495495482,-0.3102941176470587,0.07252747252747256,-0.08924945021252184,-0.12853157671491655,-0.05801771973640324,1.0,0.0,-0.0886203423967773,1.2340621781647514,True,Real Estate,-0.1075166508087535,0.03646408839779003,2.0,-4.0,1.0,1.0,1.354839708404231
CRWD,2026-09-28,248.91,260.68,246.51,259.25,8921813,60.9,T3,,ACC-TR,0.050159743935566825,0.0397032283938239,0.18704212454212454,-0.017508621669761637,0.9485122032764961,0.08947832957857282,0.004032055295602355,-0.31812646152448076,0.0,0.0,0.3501434561906862,0.7890829949529188,True,Technology,0.10141048517291185,0.12302360840372528,17.0,1.2999999999999972,0.0,0.0,1.3576574814454077
SF,2026-09-30,69.48,70.62,69.08,70.04,1696433,24.7,T3,,MARKUP,0.027250724398147304,-0.026275545669400824,-0.11161846778285134,-0.18737672583826426,0.07077100115074823,-0.06181794699368015,-0.0917816765609677,-0.08843444861658745,1.0,0.0,-0.04191033138401545,1.462495550513939,True,Financials,-0.07329981476581093,0.01787530882139232,3.0,0.1999999999999993,0.0,1.0,1.3579762824482138
PHVS,2026-09-30,31.84,32.05,31.14,31.72,839837,31.1,,Z2,MARKUP,0.056187096055801494,-0.04082249773208346,-0.09189808187804183,-0.2665895953757226,0.04789430222956221,-0.08269417619477115,-0.08829679934404278,0.028899059929667015,1.0,0.0,-0.05263157894736836,0.6404085032238279,True,,-0.15525965379494,0.018625561978163008,0.0,-4.399999999999999,0.0,0.0,1.357996997847088
ORKA,2026-09-30,83.33,86.51,82.27,83.29,1535622,35.4,,Z11,MARKUP,0.059270925307915265,-0.07373220640569389,-0.09575507545326234,-0.2789993074792243,0.07385057471264389,-0.07834201110815076,-0.08919263010839362,0.211757107799881,1.0,0.0,-0.04576470588235293,1.1301933774215485,True,Healthcare,-0.10967397113842858,0.026877080507952344,1.0,-6.399999999999999,1.0,0.0,1.3593174031514081
DNTH,2026-09-30,88.19,90.71,87.58,88.05,1030794,29.1,,Z11,MARKUP,0.05509320965813653,-0.05768407534246578,-0.1741699493528419,-0.25305395317271806,0.10042219541616401,-0.0948619695068813,-0.12500796656839097,0.06503956639796993,1.0,0.0,-0.05635999108932954,0.887691376491897,True,Healthcare,-0.1408917943213972,0.0393059490084986,1.0,-3.6999999999999957,0.0,0.0,1.360100470617541
TYRA,2026-09-30,22.19,22.45,21.7,21.87,1034685,39.4,,Z3,MKDN,0.07884768916349245,-0.05854498493327587,-0.13557312252964426,-0.35142348754448394,0.21314741035856583,-0.08357572977735117,-0.15544328257731554,-0.19516893207730268,0.0,0.0,0.12540192926045024,0.6630176287775327,True,Healthcare,-0.10184804928131419,0.04142857142857137,15.0,-2.700000000000003,0.0,1.0,1.3602401655373924
MANE,2026-09-28,114.57,118.0,112.3,115.0,638130,60.5,T12,,MARKUP,0.05239367234837341,0.019503546099290725,0.17430817931175313,-0.11408982358832143,0.5890677025527192,0.057155311444238244,0.07840611083276894,,0.0,0.0,0.17897878690971103,1.2617666279802646,True,Healthcare,0.13077679449360868,0.14988501149885014,16.0,-0.8999999999999986,0.0,1.0,1.3604160062930857
VSNT,2026-09-29,32.39,32.67,32.1,32.17,1269078,26.2,,Z2G,MKDN,0.036080868441930564,-0.03998806326469695,-0.2176556420233462,-0.24055712936732765,0.00682261208577001,-0.09315694039211497,-0.1282498059451771,,0.0,0.0,-0.036903690369036846,0.8951100076409668,True,Communication Services,-0.14190450786876496,0.002180685358255552,0.0,-2.0,0.0,0.0,1.3613671841467936
TMO,2026-09-30,675.95,683.63,671.63,675.05,2323546,70.1,,Z1G,UTAD,0.02271300334176602,0.0146550428378176,0.12414654454621132,-0.012550648742741033,0.9545044806193327,0.038957683448819,0.10007980167421393,0.2339357291874582,1.0,0.0,0.10277058605964817,0.9007654281826954,True,,0.04105300495041875,0.04367656153370447,14.0,-1.4000000000000057,0.0,1.0,1.3621481502255857
STUB,2026-09-30,5.34,5.73,5.28,5.58,10453419,35.9,T2G,,MKDN,0.05874128464896475,0.05084745762711873,-0.09415584415584421,-0.5887988209285189,0.04425837320574164,-0.05411373163940325,-0.19781089960969378,-0.44077570238830033,0.0,1.0,-0.015122873345935761,1.0706598476572566,True,Communication Services,-0.05263157894736836,0.07101727447216888,1.0,11.5,1.0,1.0,1.3627032385000033
QRVO,2026-09-29,116.94,118.17,114.89,116.75,751326,61.0,,Z10,MARKUP,0.035857985814248046,-0.014268828098615294,0.21513322231473775,-0.03584110991824263,0.8906801007556674,0.040583372533498974,0.11824246298785579,0.2492054386159961,1.0,0.0,0.24580883953842814,0.7887809688089685,True,Technology,-0.011096052854480787,0.02781935029492022,19.0,-5.400000000000006,0.0,0.0,1.36306719800213
GTY,2026-09-30,28.57,28.63,28.18,28.24,689563,13.4,,Z4,MKDN,0.022000826700260018,-0.023175371843652814,-0.12785670166769625,-0.23323377681238122,0.012643678160919476,-0.06343600365271762,-0.10846711440705303,-0.11450819991395222,0.0,0.0,-0.0219054242002783,1.1342565142847616,True,Real Estate,-0.061170212765957466,0.003910415926057675,4.0,-1.5,0.0,0.0,1.363188333494123
SBAC,2026-09-25,166.0,168.13,164.84,166.15,886449,28.2,T3,,MKDN,0.03021394333856332,-0.06965675569740748,-0.11130723149336752,-0.14457086958760224,0.04651952461799678,-0.06999328485924794,-0.09104250880359399,-0.13751437066812344,0.0,0.0,-0.07572358088400266,0.9529306079617903,True,,-0.10416778993907372,0.008314115790751364,1.0,-12.8,0.0,0.0,1.3641734104117544
HALO,2026-09-30,111.54,112.45,110.35,110.4,3559817,54.9,,Z2G,MARKUP,0.027146105538373967,-0.018143009605122606,0.024879316747122182,-0.055118110236220486,0.8500582072176951,0.0033996896768468954,0.08102032943574944,0.3397330242080019,1.0,0.0,0.06649270319899481,1.1119086448264548,True,Healthcare,0.018074511250461223,0.03351432316045688,19.0,-8.800000000000004,0.0,0.0,1.3658990695145656
CNXN,2026-09-29,89.86,90.67,88.75,89.49,137285,70.3,,Z4,UTAD,0.02565020619038275,0.030515891294334407,0.12044572430199052,-0.013014227418109758,0.9340413638904412,0.03937377571651779,0.0839167512701029,0.23509617681798023,1.0,0.0,0.1387139107611548,0.8432443866783744,True,,0.050352112676056215,0.06396385685411965,19.0,5.799999999999997,0.0,0.0,1.3662093117505838
AGL,2026-09-30,79.16,79.84,76.52,79.59,327322,37.9,T9,,MARKUP,0.07418881436710031,-0.05877483443708609,-0.09008803018177658,-0.4017588695129284,0.12204336399474387,-0.07145877574001169,-0.11608589969163674,0.14051721025681752,1.0,0.0,-0.12649800266311584,1.2322227142947157,True,Healthcare,-0.11231318313629257,0.10296563192904662,4.0,0.0,0.0,0.0,1.36649117885275
ARX,2026-09-30,19.73,19.74,19.71,19.73,3676749,69.2,,Z7,DIST-TR,0.00925721731847994,0.0005070993914808586,-0.0025278058645096246,-0.008542713567839089,0.9813800657174153,0.010657726618963581,0.09249828184896414,0.21820700353942302,1.0,0.0,0.01025115325474113,1.0794595986378512,True,Financials,-0.005544354838709631,0.011276268580215243,7.0,-0.29999999999999716,1.0,0.0,1.3682145101206928
NXRT,2026-09-30,19.28,19.77,18.76,19.51,864287,26.9,T9,,MKDN,0.03936413715520885,-0.05930568948891013,-0.1658828559213339,-0.32139130434782603,0.07507507507507509,-0.08772918096837534,-0.1612348257669951,-0.27177837790675385,0.0,0.0,-0.09196515004840267,1.1618763684947582,True,,-0.08575445173383311,0.03997867803837951,0.0,-1.8000000000000007,0.0,0.0,1.3696335841052583
EIKN,2026-09-30,7.95,8.16,7.71,8.04,585751,36.9,T2G,,MKDN,0.09296567252199925,-0.011070110701107194,-0.26102941176470607,-0.44589937973811167,0.07173601147776171,-0.1029918491009254,-0.16963390350015317,,0.0,1.0,-0.05276381909547734,0.7204685043307855,True,Healthcare,-0.05522914218566399,0.06631299734748008,2.0,1.0,1.0,1.0,1.3700038972424822
RIOT,2026-09-28,22.5,22.85,21.57,21.62,12549344,49.0,,Z2G,MARKUP,0.0705624476621485,-0.10587262200165426,0.13849394418114813,-0.14848365498227645,0.52875,-0.022154483301924044,-0.0012777136463757444,0.09588714084163819,1.0,0.0,0.2403680276020701,1.086701440143416,True,Financials,0.031980906921241115,0.10758196721311486,17.0,-13.299999999999997,0.0,0.0,1.3730014483637611
AN,2026-09-25,162.94,169.05,162.01,166.98,466561,27.1,T1,,MKDN,0.04450656211068614,-0.007784182066670642,-0.1598490566037737,-0.29188753657605704,0.06810181424316274,-0.1006471103692731,-0.14155249480320875,-0.15881913422657956,0.0,0.0,-0.030529781502544262,0.8636488259019867,True,Consumer Discretionary,-0.18014435115628225,0.031058968817536226,1.0,5.100000000000001,0.0,1.0,1.374443031293901
IPI,2026-09-24,36.99,36.99,35.51,35.84,163790,38.8,,Z2,MARKUP,0.04662933039554023,-0.0919685837344818,-0.041198501872659166,-0.16144127281235376,0.32485322896281804,-0.058642667932362835,-0.04507094401185241,-0.006728877956115875,1.0,0.0,-0.02738975623116957,1.0623170896998717,True,Materials,-0.11022840119165833,0.009293156857223428,0.0,-16.300000000000004,1.0,1.0,1.3774454497662434
DMRA,2026-09-30,20.78,21.85,20.31,21.28,563011,32.6,T1G,,MKDN,0.08164614317166749,0.041095890410958846,-0.24378109452736318,-0.39008311837202636,0.12193548387096778,-0.10546418124491563,-0.1842772550137034,,0.0,1.0,-0.02855711422845697,0.9212793435886178,True,Healthcare,-0.13249082755809216,0.09747292418772568,4.0,6.5,1.0,1.0,1.377491516669512
ACMR,2026-09-28,76.19,76.98,73.47,75.95,836651,51.6,,Z2G,MARKUP,0.06567992040264044,0.04369932664559584,0.020558989518946635,-0.30205844513876123,0.2860556038227629,0.024571962949977655,-0.01261276942596501,0.1295850144093038,1.0,0.0,0.14240203886588088,1.3092334377182575,True,Industrials,0.13595572838767578,0.2097801847722205,9.0,3.0,1.0,0.0,1.3786798441919585
ENVA,2026-09-30,168.09,171.03,165.9,167.11,403215,25.9,,Z2,MARKUP,0.047206274674325865,-0.0074835184415275036,-0.24432486207832127,-0.3751729295195363,0.011915312653865171,-0.1187132595061342,-0.1989006205210705,-0.10054538620620979,1.0,1.0,-0.0036634436370187595,0.8509633683358067,True,Financials,-0.02922040199837328,0.007293550331525012,0.0,2.5,1.0,0.0,1.3792299781175303
VIA,2026-09-28,29.06,29.32,28.26,29.1,640980,62.1,T5,,MARKUP,0.0468621728300468,0.06476399560922075,0.018550927546377327,-0.053350683148991496,0.8839348903043173,0.0504816257634193,0.15403700301571122,0.17577476795966107,1.0,0.0,0.07701421800947861,0.986362511799919,True,Technology,0.08703772880089655,0.1492890995260665,8.0,4.700000000000003,0.0,0.0,1.3805034976070625
UHT,2026-09-30,38.28,38.41,37.36,37.39,305924,26.1,,Z2,MKDN,0.023515268563189997,-0.02630208333333328,-0.09048893213330089,-0.1818380743982495,0.003597122302158408,-0.05481621710898099,-0.08063972186193413,-0.09002533425737846,0.0,0.0,-0.023267973856209156,1.4452148348473128,True,,-0.08380298946336684,0.0008029978586723274,0.0,-2.799999999999997,0.0,1.0,1.3817713658689144
FDMT,2026-09-30,14.76,14.83,14.07,14.31,1037053,50.2,,Z6,MARKUP,0.06822042855962625,-0.04599999999999993,-0.0027874564459929863,-0.15475487300649726,0.6525198938992043,-0.010754011464410351,0.05309324515678582,0.3100858677861231,1.0,0.0,0.04791344667697062,1.4040548353400624,True,Healthcare,0.039970930232558155,0.055309734513274256,13.0,-6.299999999999997,0.0,0.0,1.3838960204320305
ARCT,2026-09-30,13.8,14.05,13.52,13.69,592875,49.2,,Z2,MARKUP,0.09283432496661666,0.02932330827067653,-0.15650030807147264,-0.23775055679287316,0.6573033707865168,-0.03715099917364939,0.1047307164542397,0.3696050842720404,1.0,0.0,0.010670731707317138,0.9111359255258157,True,Healthcare,-0.12243589743589745,0.03242835595776761,14.0,1.7000000000000028,0.0,1.0,1.389100536775447
ETOR,2026-09-24,26.8,27.19,26.34,26.81,1438946,31.8,T5,,MKDN,0.04433977061538162,-0.040100250626566414,-0.12127171419206828,-0.3658940397350994,0.029485570890840578,-0.08732627166675289,-0.15454586217794808,-0.25938987934055013,0.0,0.0,-0.05115273775216145,1.247965669406097,True,,-0.10692871419053962,0.017843583902809268,0.0,-2.099999999999998,0.0,0.0,1.3897121261153649
DX,2026-09-29,11.35,11.49,11.26,11.39,6104940,20.6,T2G,,MKDN,0.021217943605712507,-0.058677685950413117,-0.11636927851047318,-0.16188373804267842,0.10931174089068878,-0.05716647624844262,-0.08956919092008897,-0.12011019417899094,0.0,0.0,-0.0748752079866889,1.2620652319828243,True,,-0.06868356500408834,0.024280575539568527,2.0,-8.5,0.0,1.0,1.390171486398791
ODD,2026-09-28,18.13,18.2,17.38,17.6,777812,55.0,,Z1G,MKDN,0.07438164771595623,-0.037725533078184714,0.22648083623693394,-0.12698412698412687,0.6945107398568021,0.030042290667332994,0.10904154543849454,-0.22715830525879244,0.0,0.0,0.337952270977675,0.4306077927341812,True,,-0.06482465462274167,0.012658227848101333,14.0,-6.600000000000001,0.0,1.0,1.3903027904949907
WY,2026-09-25,20.13,20.22,19.91,20.01,7127169,22.5,,Z2G,MKDN,0.026994527310561,-0.05702167766258237,-0.1556962025316455,-0.2303846153846153,0.016420361247947688,-0.08799003584703669,-0.12991629599809273,-0.1661708661896466,0.0,0.0,-0.0608490566037736,1.1219713974362289,True,,-0.09292837715321833,0.0050226017076846485,0.0,-0.8999999999999986,0.0,0.0,1.3904494415294826
IBEX,2026-09-29,44.3,44.79,42.94,43.38,76478,67.3,,Z1,MARKUP,0.03825483293919989,0.04329004329004338,0.12792511700468023,-0.041961130742049435,0.858736059479554,0.06033436625226418,0.135025608810887,0.26777297036023007,1.0,0.0,0.296875,0.7702672807816785,True,Technology,0.06323529411764728,0.10946291560102295,12.0,0.20000000000000284,1.0,1.0,1.3912159168388074
CBIO,2026-09-30,14.89,15.0,14.23,14.59,289531,36.6,,Z4,MARKUP,0.09336154200201584,0.028188865398167673,-0.18627997769102067,-0.3466188983430363,0.12935883014623178,-0.10455803576709044,-0.13726565043643768,-0.1033120031492869,1.0,1.0,-0.01897810218978102,0.7498455748403426,True,Healthcare,-0.15075669383003487,0.08556547619047628,4.0,4.600000000000001,1.0,1.0,1.3918467588745027
TEAM,2026-09-29,177.73,179.5,168.05,175.96,4584183,47.7,,Z2G,MARKUP,0.05294084499586887,-0.06726742645109995,-0.09378379770304357,-0.12019999999999997,0.7996666666666667,-0.039962135862071535,0.08689151531472206,0.34734034984811246,1.0,0.0,0.0440482107355864,0.865118022380077,True,Technology,-0.07296770454665191,0.04706932460577207,0.0,-12.799999999999997,0.0,0.0,1.3929713224094489
MAZE,2026-09-30,27.21,28.02,26.95,27.18,518011,54.3,,Z5,MKDN,0.06793035696222788,-0.03239587041651837,0.024500565397662877,-0.18865671641791049,0.45281385281385284,0.03864239486897425,0.013727494938740925,-0.0571120823499538,0.0,0.0,0.13166287015945333,0.9483854130954538,True,Healthcare,0.13676286072772892,0.2382687927107061,7.0,-4.300000000000004,1.0,1.0,1.3937616118159293
DSGR,2026-09-24,34.98,34.98,34.91,34.95,179278,73.0,,Z5,DIST-TR,0.0034547800200136042,0.0031572904707233285,0.0040218328066647935,-0.0028530670470754416,0.9881656804733735,0.0048352173374197616,0.03465782645071647,0.14690920077114789,1.0,0.0,0.003465203580710341,0.9780333795003207,True,,0.0057553956834532904,0.006044905008635526,17.0,2.799999999999997,0.0,1.0,1.3973167300700133
SITM,2026-09-30,657.57,658.88,640.29,652.03,416624,56.5,,Z10,MARKUP,0.05760956182176619,0.07081506298139306,0.17961103573043857,-0.1450468760243887,0.6356869977605059,0.048380117710248305,0.05931945255038684,0.22219530037483093,1.0,0.0,0.07912555259181886,0.8680051502382038,True,Technology,0.1878848606303516,0.1444142167617375,10.0,5.5,0.0,0.0,1.398135944431895
AVLN,2026-09-30,27.05,29.0,26.57,28.49,347615,36.3,T4,,MARKUP,0.07883757617895805,-0.039770812268284605,-0.19246031746031755,-0.29076425192930055,0.23510150622134898,-0.09780211456661092,-0.12215722015632213,,0.0,0.0,-0.08819492107069327,1.0637011297390566,True,Healthcare,-0.17919907807548263,0.07226194956718102,0.0,1.5999999999999943,0.0,1.0,1.3988625628402422
MG,2026-09-30,21.3,21.3,20.99,21.06,365851,62.7,,Z2G,MARKUP,0.03096466204457077,0.005730659025787732,0.13469827586206895,-0.03261368856224167,0.8987161198288158,0.035196777414095104,0.10139715116898373,0.2853546584838422,1.0,0.0,0.1458447991194276,0.7558414135441739,True,Industrials,0.08780991735537191,0.07503828483920372,19.0,-3.700000000000003,0.0,1.0,1.402587954309502
AKTS,2026-09-30,19.83,19.87,19.23,19.47,277271,29.8,,Z3,MARKUP,0.06199291966578545,-0.012677484787018245,-0.25086571758368603,-0.34089370345294523,0.048204158790169954,-0.10731610308169248,-0.15802764193304386,,0.0,0.0,-0.03609557702084398,0.65190749615223,True,Healthcare,-0.14266842800528412,0.02689873417721511,3.0,1.0,0.0,0.0,1.4040587962771311
AMRX,2026-09-30,20.29,20.5,19.98,20.14,4104897,64.0,,Z2,MARKUP,0.04051286571828418,0.04190377651319199,0.13914027149321262,-0.04910292728989607,0.7801268498942919,0.0630378287848199,0.11285195236655388,0.32513545361248575,1.0,0.0,0.1588164251207731,1.0194983061816132,True,Healthcare,0.11393805309734528,0.115171650055371,10.0,2.799999999999997,1.0,1.0,1.4044479508176273
SMG,2026-09-25,50.77,51.58,50.2,50.89,1290973,25.7,T5,,MKDN,0.037342485623293856,-0.02807486631016043,-0.1600924244924905,-0.32452880276081764,0.027446300715990364,-0.08002727369507745,-0.13794061780228772,-0.17218156321147882,0.0,0.0,-0.03702282754651831,1.3725039815723543,True,Materials,-0.0988135293075969,0.013745019920318624,0.0,2.3000000000000007,0.0,1.0,1.4059567076815487
MEC,2026-09-25,16.87,17.46,16.61,17.16,583669,30.1,T9,,MKDN,0.06569115681873722,-0.0023255813953487747,-0.15634218289085544,-0.519327731092437,0.030334728033472893,-0.07676906013197526,-0.21231199685034863,-0.24726592381191081,0.0,1.0,-0.014268727705113116,1.0688733243547983,True,Industrials,-0.10157068062827235,0.03498190591073591,1.0,5.800000000000001,1.0,1.0,1.4064233555185615
Z,2026-09-25,28.26,28.82,28.11,28.43,4349718,34.8,T9,,MKDN,0.05215065889066516,-0.0462931902046293,-0.19757267852102733,-0.2434805747738158,0.07947686116700195,-0.09526754400485637,-0.13838594725558895,-0.34130063409763334,0.0,0.0,-0.07029936091490074,1.3017893251546941,True,Industrials,-0.12523076923076926,0.028581765557163408,1.0,-1.1000000000000014,1.0,0.0,1.4070183460234824
IMXI,2026-09-30,11.68,11.72,11.45,11.58,463768,35.9,,Z6,MKDN,0.04306122786259267,0.013123359580052618,-0.19639139486467727,-0.22593582887700536,0.2652173913043479,-0.07320116767427132,-0.12104034487332682,-0.1762275607680983,0.0,1.0,-0.0896309314586996,1.569147215235028,True,Industrials,-0.12339137017411062,0.11776061776061786,4.0,11.299999999999997,1.0,0.0,1.4071220540225426
BNY,2026-09-29,148.65,148.79,146.28,146.98,4216973,27.0,,Z2,MARKUP,0.020354262331719112,-0.021242591729373372,-0.08866567460317465,-0.11372407139411489,0.0357873210633941,-0.04668510048756458,-0.03305357221393734,0.5375700498896021,1.0,0.0,-0.01746372917786132,0.9570985147589202,True,Financials,-0.049718756061291725,0.004785343177467816,0.0,-3.8000000000000007,0.0,0.0,1.4081779239604333
KEYS,2026-09-24,346.5,358.74,343.78,357.54,845236,64.5,T6,,MARKUP,0.03176655002711163,0.0787472845763939,0.11082113896914914,-0.024207854589121447,0.8782596760911336,0.06859941557403215,0.07954421331639416,0.2020744477280194,1.0,0.0,0.08117972950953223,1.0256815255375997,True,,0.09792722247812091,0.148022090932443,7.0,11.700000000000003,0.0,1.0,1.4093551030625746
HTFL,2026-09-30,50.01,51.19,49.67,49.75,1297006,60.2,,Z6,MARKUP,0.04653360295315009,0.04979953576703955,-0.013484037279397176,-0.04729988510149363,0.9128747795414462,0.029123008526387384,0.15034657003513785,0.44886381232952877,1.0,0.0,0.04007927769213837,0.7186538287294819,True,,0.03002070393374745,0.06348867037195371,14.0,6.100000000000001,0.0,1.0,1.4098216189081891
FIVN,2026-09-30,34.2,34.53,33.34,34.01,2626824,51.2,,Z10,MARKUP,0.05715582658921751,-0.0973991507430998,-0.0005877167205408096,-0.14975000000000005,0.6886694386694385,-0.0064770514552834335,0.07125064985217144,0.33551068087105973,1.0,0.0,0.10764119601328903,0.8527905668329934,True,Technology,-0.0020539906103286265,0.058182949595519506,14.0,-13.200000000000003,0.0,0.0,1.411998592730645
REF,2026-09-28,12.3,12.66,12.21,12.35,451551,43.1,T5,,MKDN,0.0771629347310605,-0.07698056801195818,-0.17666666666666664,,,-0.10218567859667871,,,0.0,0.0,-0.053000779423226785,0.7693547149737308,True,,-0.1488628532046864,0.016460905349794164,2.0,-5.899999999999999,0.0,0.0,1.4121202720527746
CBZ,2026-09-30,54.69,54.77,54.66,54.69,815200,69.0,,Z7,DIST-TR,0.0045281637671334305,0.0005488474204171645,0.00514611284690325,-0.015481548154815505,0.9572989076464747,0.003441998824587511,0.058636605313098666,0.20084693466415904,1.0,0.0,0.004779411764705754,0.7834392753783167,True,Industrials,0.0016483516483516425,0.0018318373328447546,19.0,0.0,0.0,1.0,1.412689460288906
RUM,2026-09-30,7.98,8.32,7.55,7.56,5018031,42.4,,Z2,MARKUP,0.08047871548973912,-0.08585247883917779,-0.11371629542790151,-0.2867924528301887,0.4074074074074074,-0.08309903094518489,-0.045477294433501014,0.04352961897693275,1.0,0.0,0.08011444921316158,0.6449762852415338,True,Technology,-0.08915662650602418,0.0013245033112583293,13.0,-7.399999999999999,1.0,0.0,1.415753284817159
CRDO,2026-09-30,192.56,195.56,186.81,194.79,6460891,50.6,T1,,MARKUP,0.06936187204698616,0.0047454479806054994,-0.057300488796399374,-0.31948714365567366,0.33296863603209337,0.022798863311751294,-0.036223266279511446,0.056684341206862054,1.0,0.0,0.2525814670779134,0.7949628156588074,True,Technology,0.2062047185584246,0.19123043052837563,12.0,-0.29999999999999716,1.0,1.0,1.4169871210564453
ELMT,2026-09-30,19.66,21.45,19.28,19.96,1022514,54.6,T2G,,MARKUP,0.09529020107068838,-0.030126336248785135,0.266497461928934,-0.20255693168198163,0.5960159362549801,0.03649143405669597,0.09844422615781778,,0.0,0.0,0.19674267100977216,0.42754668261447853,True,Industrials,0.006048387096774244,0.08655416439847574,19.0,-2.799999999999997,0.0,1.0,1.4178524706257971
OI,2026-09-25,6.01,6.09,5.79,5.86,3820268,29.5,,Z10,MKDN,0.04929252699395861,-0.034596375617792385,-0.18723994452149784,-0.4215202369200395,0.016129032258064578,-0.08844160069870843,-0.17899838154402126,-0.3914824835624514,0.0,0.0,-0.04612850082372322,0.961831931501361,True,Materials,-0.10260336906584988,0.012089810017271274,0.0,-1.3999999999999986,0.0,0.0,1.4180555787644875
ADT,2026-09-25,6.36,6.42,6.31,6.4,6773993,24.9,T4,,MKDN,0.02597808334599533,-0.07246376811594202,-0.1420911528150134,-0.1959798994974874,0.060240963855422006,-0.07165216155245135,-0.09360133485983102,-0.1235752963421064,0.0,0.0,-0.08296943231441056,1.2287847101921494,True,Industrials,-0.0921985815602836,0.01587301587301604,1.0,-9.200000000000003,0.0,1.0,1.423621281772484
BLSH,2026-09-28,36.93,38.21,35.9,35.99,745893,53.3,,Z2G,MKDN,0.0670128360980214,-0.10338814150473341,0.09425357251444222,-0.13214371835061478,0.7380497131931167,0.003279023350609256,0.11044518531465553,0.005441381262316636,0.0,0.0,0.20066889632107032,0.7778254831891341,True,,-0.04332801701222744,0.13820366856419986,8.0,-13.600000000000009,0.0,0.0,1.4240678901634372
TH,2026-09-30,19.41,19.96,19.35,19.72,1442115,52.6,T1G,,MARKUP,0.04878007419264605,-0.06981132075471697,0.09131156613170988,-0.09375000000000011,0.7343749999999997,0.00149499549751142,0.056923716387053735,0.3214564795762822,1.0,0.0,0.13413173652694632,0.7989975882815968,True,Consumer Discretionary,0.05117270788912576,0.04118268215417098,19.0,-14.800000000000004,0.0,1.0,1.4343365906839534
BHE,2026-09-30,84.55,85.5,81.33,82.91,567898,63.1,,Z4,UTAD,0.03606444496130436,-0.0024064492840814022,0.17636208853575464,-0.04183520166416277,0.7975391498881429,0.052853264685371215,0.05872203926509356,0.17925956867619397,1.0,0.0,0.17946103423160942,1.2064055369955358,True,Technology,0.12268111035883544,0.12131457938869361,18.0,-2.3000000000000043,0.0,1.0,1.4344857838598075
SAFT,2026-09-30,103.6,103.67,103.55,103.58,161773,71.3,,Z9,DIST-TR,0.00312872094140604,0.000676263162979307,0.004071345482745237,-0.0028879476318829367,0.9909283338373148,0.0030092108931827344,0.04518782164368185,0.21066654480089286,1.0,0.0,0.0036875303250849534,1.017373119635917,True,Financials,0.0002897151134717557,0.0014502562119307338,17.0,-0.29999999999999716,0.0,1.0,1.439726414502087
THRM,2026-09-25,33.89,35.44,33.48,35.21,887043,36.1,T4,,MARKUP,0.042759388823566134,-0.03136176066024765,-0.12803368003962357,-0.27176835573940017,0.14173742651861537,-0.061460149151011834,-0.07914052593563448,-0.008537260543269087,1.0,0.0,-0.07531962201222886,1.654686999587188,True,Industrials,-0.09369369369369374,0.058310790501953536,1.0,2.200000000000003,0.0,1.0,1.450310152551554
ATKR,2026-09-28,94.56,94.72,94.55,94.6,2031618,72.0,T3,,DIST-TR,0.004840924949664783,0.0013760982322430504,0.010683760683760646,-0.0012668918918918859,0.9955914768552533,0.007481793946958248,0.04995562672238152,0.2088202470458771,1.0,0.0,0.011023116438356073,1.045620814834962,True,Industrials,0.00563410226427119,0.002968617472434376,17.0,0.9000000000000057,0.0,0.0,1.4512970008384458
OPRT,2026-09-30,8.23,8.26,7.99,8.14,785964,55.9,,Z2,MARKUP,0.0411518980272487,-0.04009433962264153,0.14165497896213197,-0.06004618937644335,0.8475073313782993,0.013892532178538364,0.09572558075322357,0.3011933458113458,1.0,0.0,0.12853107344632764,1.153347285145919,True,Financials,0.04358974358974366,0.03562340966921118,19.0,-11.899999999999999,0.0,0.0,1.4561220835626163
INIO,2026-09-29,18.23,18.92,18.07,18.38,6100272,39.1,T9,,ACC-TR,0.08072141952253972,-0.05791901588928772,-0.09009900990099007,-0.4987728388328334,0.048387096774193526,-0.0847461583085033,-0.2050934684975022,,0.0,0.0,0.03438395415472795,1.0320503803295777,True,,0.03316469926925247,0.018847006651884657,11.0,-2.5,1.0,0.0,1.459156922444023
FSLR,2026-09-30,178.5,178.68,174.82,175.16,1921330,35.5,,Z3,MKDN,0.05263049912718276,-0.08756576548419026,-0.12266466316053093,-0.3505376344086021,0.044084934277047384,-0.08986193997150771,-0.15020427603084108,-0.19641016841164494,0.0,0.0,-0.09820485744456176,1.3103884109013175,True,Technology,-0.08326791228345631,0.025526932084309006,4.0,-4.100000000000001,1.0,0.0,1.4634692828717315
AEHR,2026-09-24,94.8,99.92,93.11,97.42,1702715,53.5,T3,,MARKUP,0.08916096088900383,0.07586968525676419,0.0691395961369623,-0.3390773405698779,0.4055661274976213,0.046344079147714545,0.046509470793280716,0.33967155496641444,1.0,0.0,0.17405361713592882,0.747829774693138,True,Technology,0.038482038162242826,0.20345892526250764,16.0,4.200000000000003,0.0,1.0,1.467561801513277
BLFS,2026-09-30,39.19,39.41,38.69,38.85,1094002,68.0,,Z1,MARKUP,0.025311472814759768,0.02941176470588225,0.09529179588384551,-0.022887323943661886,0.9308510638297874,0.04226252655424467,0.11019446162802171,0.35872720592779617,1.0,0.0,0.09453170447934856,1.1179902249927123,True,,0.07587925782331761,0.07320441988950277,14.0,2.200000000000003,0.0,1.0,1.4679565800606498
ECO,2026-09-29,78.39,80.7,78.23,80.25,388244,63.3,T4,,MARKUP,0.040112583828711565,0.03494970337890102,0.20242732993706936,-0.08086129882029547,0.806097226036803,0.047012416130747914,0.1524391406123644,0.47579615686732346,1.0,0.0,0.22148626817447492,0.8300389719678769,True,,-0.029977033724162938,0.062069878242456245,19.0,4.299999999999997,0.0,1.0,1.4691707612773908
LUMN,2026-09-30,5.57,5.65,5.52,5.6,10258977,33.1,T1G,,MKDN,0.05485127025529901,-0.08646003262642743,-0.12225705329153613,-0.22971114167812934,0.07734806629834239,-0.09136394943256243,-0.13582472237990761,-0.20835999413687412,0.0,0.0,-0.06666666666666665,0.855059371099607,True,Communication Services,-0.16041979010494756,0.02564102564102555,1.0,-7.399999999999999,0.0,1.0,1.4734868097469003
MLTX,2026-09-25,12.15,12.21,11.8,12.04,2179469,30.3,,Z2,MKDN,0.061418167735419464,-0.02824858757062154,-0.2247263361236317,-0.4342105263157895,0.025316455696202365,-0.10604246603919809,-0.20933728797605755,-0.3666052870092855,0.0,1.0,-0.006734006734006703,1.168046337960955,True,Healthcare,-0.037569944044764214,0.02033898305084736,0.0,5.400000000000002,1.0,0.0,1.474638414535155
PGY,2026-09-24,18.54,18.93,18.08,18.72,3781929,38.9,T5,,MARKUP,0.0659102512917218,-0.08949416342412453,-0.16465863453815266,-0.20945945945945954,0.3799999999999999,-0.09470407802401648,-0.0667665963916243,-0.0002485955334515788,1.0,0.0,-0.07519181585677759,1.359807303266655,True,Financials,-0.077832512315271,0.03539823008849563,0.0,-8.399999999999999,0.0,0.0,1.4754355254849814
KRNT,2026-09-29,16.08,16.66,15.84,16.55,540670,59.3,T2G,,MARKUP,0.03430075727160418,0.07817589576547235,-0.017220902612826605,-0.14470284237726105,0.43887775551102215,0.046162761830786936,0.03501607099166071,0.03982578412287907,1.0,1.0,-0.012751677852348986,1.5933059134126606,True,,0.08169934640522869,0.12508497620666215,3.0,18.9,1.0,1.0,1.4763275106942997
SNDK,2026-09-28,1736.64,1762.0,1659.02,1712.89,6643529,53.3,,Z2G,MARKUP,0.06545438653837596,-0.030424987546981863,0.15347681450255224,-0.12276002642643868,0.7488474434199499,0.019044449732274815,0.06535928627092513,0.4335990316948075,1.0,0.0,0.17116112271982842,0.8085910572498289,True,Technology,0.10367334841075015,0.1387381997074857,19.0,-6.5,0.0,0.0,1.4773726795883906
STX,2026-09-25,924.36,924.36,903.53,916.83,2797769,58.5,,Z11,MARKUP,0.05387669212652482,0.06758346045016839,0.08218838526912187,-0.09581948539926421,0.6915555555555557,0.0620787353998804,0.07587194660561192,0.3652215367842673,1.0,0.0,0.12928067514999664,0.9891444008743923,True,Technology,0.10438825782671035,0.20898002241708968,8.0,5.600000000000001,1.0,0.0,1.4792436231317159
NET,2026-09-30,351.0,357.64,346.15,347.28,2590749,60.1,,Z1G,MARKUP,0.04848914652884204,-0.01433315357761189,0.21634969002837012,-0.05484037775902906,0.82739420935412,0.045947861069461915,0.13046983082001207,0.38044824540996225,1.0,0.0,0.25759376160415903,0.8836450786843416,True,Technology,0.06970583705529032,0.10775119617224882,19.0,-5.300000000000004,0.0,0.0,1.4794386081166957
PLSE,2026-09-30,51.18,51.27,49.17,49.92,604608,49.2,,Z2,MARKUP,0.07116692290605368,-0.039630627164293886,-0.04165866769053561,-0.15246179966044138,0.7355712603062428,-0.024236242319891965,0.08149756436845257,0.5861681716095157,1.0,0.0,0.0406296532652628,0.8257419280576213,True,,0.006248740173352196,0.02044153720359776,16.0,-6.0,0.0,1.0,1.4810126415989902
STC,2026-09-25,60.04,60.12,58.91,59.19,295813,20.7,,Z2,MKDN,0.029793167113909506,-0.06285623812539576,-0.15358215358215366,-0.19720602197206027,0.018893387314440013,-0.08425056945481879,-0.10838073495962175,-0.12667642238168952,0.0,0.0,-0.06699398162812809,1.0994484366872024,True,Financials,-0.1064311594202898,0.004753013070786016,0.0,-9.7,1.0,0.0,1.482548704863803
RCL,2026-09-29,257.2,261.99,254.21,260.67,4038920,50.3,T1G,,MKDN,0.040332539796146455,0.10975350163906517,-0.030029024335789245,-0.21955089820359275,0.3439792449454287,0.02175281452673583,-0.040495985646767374,-0.08361741197772077,0.0,1.0,-0.038133575726096214,1.5025625959822355,True,Industrials,0.04560770156438032,0.17302673026730275,4.0,28.499999999999996,1.0,1.0,1.4836938352987101
FEIM,2026-09-30,84.46,87.28,83.5,84.53,365632,59.1,T2G,,MARKUP,0.05898180084021897,0.0036808359059605777,0.43319769413360465,-0.05826648841354731,0.8709916132215095,0.05819759153943349,0.14652123059559208,0.40840556591909194,1.0,0.0,0.4317304317304318,1.0060662584688886,True,Technology,-0.0008274231678486732,0.03616082373130669,19.0,-2.8999999999999986,0.0,1.0,1.4848246963793263
TWFG,2026-09-25,24.06,24.51,23.88,24.15,87732,35.1,T9,,MARKUP,0.052926307298610684,-0.09652076318742997,-0.17464114832535893,-0.2284345047923323,0.055482166446499094,-0.09008727126815919,-0.09201277723268553,-0.035170002159052194,1.0,0.0,-0.09634424980959633,1.3002133801260456,True,Financials,-0.09516672911202706,0.017699115044247815,2.0,-8.5,0.0,0.0,1.4854358333645268
FMC,2026-09-25,9.61,9.76,9.46,9.58,3891576,35.2,,Z2,MKDN,0.06220111911116876,-0.05054509415262631,-0.10131332082551592,-0.28826151560178315,0.029999999999999805,-0.10898393237230053,-0.13949145724747625,-0.36487477257042233,0.0,0.0,-0.025746652935118464,1.0088791042349965,True,Materials,-0.1596491228070176,0.012684989429175397,0.0,-2.0,1.0,0.0,1.4854854730668605
RGR,2026-09-29,42.21,42.5,41.95,42.18,136141,67.7,,Z10,MARKUP,0.023104599708252974,0.005722460658083017,0.11087700816434021,-0.017470300489168422,0.8801916932907348,0.04940007326838547,0.07626682454094103,0.09473012637621858,1.0,0.0,0.12354690456880246,1.000397902454941,True,Industrials,0.1329572925060436,0.14030819140308193,17.0,-3.700000000000003,0.0,1.0,1.4911173077259057
RUSHA,2026-09-25,47.98,48.68,47.89,47.97,457235,21.4,,Z2,MKDN,0.04115778479435569,-0.019419460343417905,-0.3739232576350823,-0.42626480086114105,0.015741507870753943,-0.10411350270931685,-0.2320985456425526,-0.2695630322086773,0.0,1.0,-0.008990173531256529,0.8655297058024124,True,Consumer Discretionary,-0.007037880356034032,0.012025316455696267,2.0,-0.5,1.0,0.0,1.4949407555489584
PSIX,2026-09-30,47.04,47.46,45.86,45.97,259941,61.2,,Z1,MKDN,0.05065096336479189,-0.01941126279863492,0.2974880045159469,-0.04863410596026496,0.8980034722222222,0.05645946245780342,0.1220200540276195,-0.08625497454551412,0.0,0.0,0.28670320161522933,0.7455200600233635,True,Industrials,0.1466699925168371,0.057024603357093584,19.0,-6.299999999999997,0.0,1.0,1.4968330482575871
IONQ,2026-09-30,44.24,47.33,43.81,43.86,25553105,57.9,,Z2,MKDN,0.06446473829717832,0.031029619181946355,0.16093170989941763,-0.08529718456725766,0.7465923172242873,0.054263225795125214,0.04899403713633754,-0.009359791743348556,0.0,0.0,0.1794285714285715,1.2344547986137318,True,Technology,0.19055374592833862,0.16123907863383624,12.0,0.6999999999999957,1.0,0.0,1.4987742821350396
UTZ,2026-09-30,14.25,14.27,14.25,14.25,3994902,72.0,,Z7,DIST-TR,0.003938602179827892,0.0014054813773716202,0.0028149190710766714,-0.005582693649685999,0.9888268156424581,0.004102431928060923,0.06794231830297282,0.2879719067696145,1.0,0.0,0.0035260930888576514,0.923386753626913,True,Consumer Staples,-0.0007012622720897754,0.0028149190710766714,18.0,1.0,0.0,0.0,1.5013146515841056
JMKE,2026-09-30,16.93,17.41,16.45,16.82,4529792,34.6,,Z2,MKDN,0.06475333540679454,-0.07582417582417578,-0.17629774730656222,,,-0.11906363225652183,,,0.0,0.0,-0.07062146892655363,1.0722037062669212,True,,-0.16193323368211265,0.022492401215805424,0.0,-5.199999999999996,1.0,0.0,1.501989504991199
SWKS,2026-09-30,87.73,89.71,84.43,85.48,6070328,55.8,,Z2G,MARKUP,0.052708870235317125,-0.06528157463094586,0.2680611185284083,-0.07887931034482754,0.8041733547351526,0.019226681183320604,0.11318415380569458,0.23272482517867443,1.0,0.0,0.3096013649759579,0.5772975067379478,True,Technology,-0.001285196868793026,0.012436337794622832,19.0,-11.200000000000003,0.0,0.0,1.5021822700252792
ITGR,2026-09-24,126.3,126.42,126.16,126.17,816563,72.9,,Z2G,DIST-TR,0.0045228755316553395,-0.001266524182696127,0.007828101286045275,-0.004968454258675092,0.9827774740295244,0.0060880464350490104,0.060354874529289004,0.2310091794941589,1.0,0.0,0.010573534123678341,0.9132286146479001,True,,0.0009520031733438739,0.001508175900936548,18.0,-3.5999999999999943,0.0,0.0,1.503734748613847
NTSK,2026-09-29,17.82,17.92,16.95,17.27,5794862,57.5,,Z9,MARKUP,0.054802300704941194,-0.0690026954177898,0.12802090137165245,-0.08913502109704652,0.7992874109263657,0.02753741252762998,0.13452815411721564,0.20367768257779884,1.0,0.0,0.2899543378995433,0.7429223028772827,True,Technology,-0.011448196908986796,0.026753864447086828,18.0,-14.099999999999994,0.0,0.0,1.5041873040783678
TSSI,2026-09-30,10.1,10.13,9.66,9.73,773777,56.8,,Z4,MKDN,0.05851174847078127,0.04849137931034497,0.2379134860050891,-0.24221183800623047,0.40421455938697326,0.0565839630256364,0.017117419702805003,-0.1475856140375318,0.0,0.0,0.24146981627296604,1.406028475460981,True,Industrials,0.16526946107784446,0.15833333333333344,19.0,2.1999999999999957,0.0,1.0,1.5071588268842149
ZBIO,2026-09-30,26.99,28.38,26.54,26.97,623266,34.6,,Z10,MARKUP,0.0724438947415354,-0.08977387782652713,-0.15666041275797382,-0.20792951541850213,0.15209580838323353,-0.10069412768431463,-0.10044120761308895,0.04101503225501091,1.0,0.0,-0.1296986115814427,1.001286700613431,True,Healthcare,-0.16553217821782185,0.04941634241245141,4.0,-5.799999999999997,0.0,1.0,1.5073932180248246
MKTX,2026-09-29,163.91,164.09,163.91,163.96,620492,78.8,T3,,ACC-TR,0.0038550484141074287,0.003242978645291661,0.008178072926274371,-0.001461632155907333,0.9954110898661571,0.007046170655566453,0.050374229255848224,0.042046189807224854,0.0,0.0,0.006467508469356398,0.9695524715192747,True,Financials,0.003550006120700333,0.0045337581178777064,19.0,-1.2999999999999972,0.0,1.0,1.508198809224258
HE,2026-09-29,8.9,9.13,8.85,9.08,3049761,18.5,T4,,MKDN,0.03249022477428654,-0.05711318795430953,-0.19073083778966138,-0.3587570621468926,0.05925925925925931,-0.0909206648608708,-0.18134885914315801,-0.2806775701574461,0.0,0.0,-0.08368200836820094,1.002517399071958,True,Utilities,-0.11067580803134192,0.0365296803652968,1.0,0.3000000000000007,0.0,1.0,1.5097075958751915
BSP,2026-09-30,32.7,34.35,32.29,33.32,3231228,35.9,T3,,ACC-TR,0.07800352875136236,-0.038106235565819824,-0.17728395061728397,-0.4346793349168646,0.11134235171696154,-0.09238232608645058,-0.13023923564234563,,0.0,0.0,-0.08394054211600122,1.3189402226933844,True,,-0.14978310793569782,0.060133630289532336,2.0,0.0,1.0,1.0,1.5101136531497048
SMTI,2026-09-30,35.09,35.17,35.04,35.14,167005,69.6,T9,,DIST-TR,0.007744689060547838,-0.0002844950213370945,0.010060362173038184,-0.005659309564233217,0.9837925445705022,0.007354924028710297,0.06769407707480113,0.2873290955962631,1.0,0.0,0.014799767846778833,0.6057143136971644,True,,0.0011396011396012096,0.005724098454493509,17.0,-2.0,0.0,1.0,1.5121668547338978
HUBG,2026-09-29,29.96,30.67,29.96,30.25,1263675,24.3,T2,,MKDN,0.04923023505790068,-0.056456643792888395,-0.24128417356408327,-0.4139868268113134,0.024200913242009185,-0.10066897778357053,-0.19785493649970598,-0.24997598184076286,0.0,0.0,-0.05380452085323151,0.9247869640623548,True,Industrials,-0.09566517189835588,0.017833109017496573,1.0,-2.3999999999999986,0.0,0.0,1.5133447468048085
APMD,2026-09-29,21.48,24.29,21.48,23.9,669701,44.3,T2,,DIST-TR,0.11953810214293151,-0.06311250490003928,-0.08952380952380956,,,-0.05342456175445698,,,0.0,1.0,-0.143598615916955,0.8763697534884752,True,,-0.06494522691705795,0.20707070707070696,1.0,0.3999999999999986,1.0,0.0,1.5183673754246099
MQ,2026-09-24,16.1,16.45,15.93,16.44,977862,55.5,T2,,MARKUP,0.03062341722639033,0.03853442830069498,0.022388059701492713,-0.1203852327447833,0.3767313019390584,0.02049417152081956,0.08212584280040547,0.6688662773171983,1.0,0.0,0.005191434133679396,1.3839682051712803,True,Technology,0.017326732673267342,0.061329890251775376,4.0,8.899999999999999,0.0,1.0,1.5197163429754432
TBBB,2026-09-24,52.02,53.33,51.21,53.02,1566819,66.1,T2G,,MARKUP,0.030549054450944975,0.041650294695481316,0.06231216189140465,-0.0058128633039563615,0.9791806581598391,0.048540706717095095,0.11519619710297424,0.3273034009932343,1.0,0.0,0.04428274428274426,1.3019506502601996,True,,0.03272302298402807,0.06167400881057272,16.0,4.999999999999993,0.0,1.0,1.52068191701222
BMNR,2026-09-30,27.32,27.95,26.22,26.43,28620902,56.2,,Z2,MARKUP,0.0618983445001487,-0.03750910415149311,0.13093709884467253,-0.08419958419958418,0.8353658536585366,0.02845707445380552,0.14449137539832768,0.1591842924194371,1.0,0.0,0.18321299638989164,0.7462813975057763,True,Financials,0.15870232354230596,0.13775290572535503,10.0,-5.5,0.0,0.0,1.522912239525316
KLAR,2026-09-30,12.37,12.54,12.31,12.39,4030646,24.5,T9,,ACC-TR,0.043800641256454595,-0.04250386398763517,-0.1305263157894736,-0.40971891376846115,0.012629161882893366,-0.09052413760879352,-0.18183961083028932,-0.3854695793846441,0.0,0.0,-0.04435797665369656,1.042316087129273,True,,-0.11499999999999999,0.00895765472312715,1.0,-3.3000000000000007,1.0,0.0,1.525464492275566
ADPT,2026-09-30,28.8,29.52,28.75,28.9,1508265,65.3,T9,,MARKUP,0.04247577053586662,0.03621369666547136,0.1873459326211997,-0.03538050734312426,0.8959764474975465,0.05609243947389042,0.1426128504895403,0.46568859581505273,1.0,0.0,0.16872078198045037,1.048377938097571,True,Healthcare,0.044452475605348596,0.08118219229330337,14.0,-0.6000000000000085,0.0,0.0,1.5262883315736608
ASMB,2026-09-30,23.65,23.86,23.23,23.49,221118,28.0,,Z10,MARKUP,0.060352411733555114,-0.020025031289111372,-0.3322910744741331,-0.3653066738719265,0.03151862464183365,-0.12112515554077452,-0.16758034409079325,-0.15207379352239936,1.0,0.0,-0.03516115529510255,0.46495967653018394,True,Healthcare,-0.07810047095761385,0.019088937093275415,2.0,-1.0,1.0,0.0,1.5263380119244796
XMTR,2026-09-30,104.88,105.34,102.65,102.85,699557,60.6,,Z4,MARKUP,0.04975892642195531,-0.02056946957432637,0.12835984640702125,-0.047067543778374965,0.8138512275558809,0.059606274682169724,0.10729300622035765,0.353657301913312,1.0,0.0,0.15855421686746984,1.0974066596270198,True,Industrials,0.10413311862587205,0.0883597883597882,15.0,-8.699999999999996,0.0,1.0,1.527396870179134
DELL,2026-09-29,550.73,551.39,536.58,539.59,5701996,53.6,,Z2,MARKUP,0.055811131118822084,-0.01699701231509132,0.183285454266354,-0.09390270524424438,0.7636816971643495,0.011194490756600173,0.10309846044961724,0.6051342044485852,1.0,0.0,0.2573182583137785,0.6629731034299575,True,Technology,-0.007212378797078145,0.017230653218964997,19.0,-3.3999999999999986,0.0,1.0,1.5285240058462508
OUST,2026-09-30,40.1,41.74,39.91,40.34,1732368,54.8,T9,,MARKUP,0.06472440715073578,0.02437785678009141,0.21286831028262188,-0.22198649951783989,0.4526866381359963,0.046361087077320784,0.045629516455307995,0.20279074037603118,1.0,0.0,0.18982630272952838,1.1987552379276403,True,Industrials,0.18681965283907043,0.1963226571767498,11.0,-0.9000000000000057,1.0,0.0,1.5290267766684025
FLUT,2026-09-25,80.41,83.74,78.9,83.23,3030510,31.8,T3,,SPRING,0.05300921096025663,-0.07067887449754351,-0.1239869487422377,-0.28996758232383546,0.1129958246346555,-0.10508226143279398,-0.146882625359133,-0.3543616969610166,0.0,0.0,-0.11685695097380788,0.9575640342470254,True,Technology,-0.17233492442322984,0.05487959442332069,0.0,-3.099999999999998,0.0,0.0,1.529288056218781
BULL,2026-09-30,7.32,7.36,6.94,6.97,9300983,33.5,,Z4,MKDN,0.06361138491389359,-0.08888888888888902,-0.2365826944140198,-0.31599607458292445,0.021276595744680674,-0.12412809275977255,-0.1311173314120928,-0.12398589425871764,1.0,0.0,-0.08804204993429698,0.7464164002031383,True,,-0.09362808842652803,0.004322766570605152,0.0,-5.299999999999997,1.0,1.0,1.5309810539506798
META,2026-09-30,730.26,738.25,721.3,725.18,19265081,61.0,,Z9,MARKUP,0.037332458985759855,-0.025426689961026816,0.2534656203546859,-0.07006745146315829,0.7860024282301332,0.05035321809650384,0.12200013445233804,0.1437923854625176,1.0,0.0,0.28248516453875205,1.0849330957297136,True,Technology,0.07703732307555211,0.0974273607748184,19.0,-16.0,0.0,0.0,1.53567961141118
MCHB,2026-09-25,15.11,15.3,15.11,15.17,417574,36.1,T2G,,ACC-TR,0.01997356502569343,-0.014935064935064912,-0.057763975155279645,-0.12715765247410815,0.11244979919678696,-0.02038419601475705,-0.08385565719087518,-0.9939970717134035,0.0,1.0,-0.011944260119442607,0.8201253252648044,True,Financials,-0.013012361743656387,0.018804566823371394,1.0,-1.0,1.0,1.0,1.5365103439297998
RCAT,2026-09-30,6.5,6.7,6.41,6.46,7711211,31.9,,Z10,ACC-TR,0.07018902664440162,-0.019726858877086473,-0.21696969696969692,-0.45068027210884354,0.01669758812615953,-0.11579410279307234,-0.21459904550293818,-0.3429498276420212,0.0,0.0,-0.030441400304414,0.7712341870727601,True,Technology,-0.08885754583921013,0.014128728414442682,4.0,0.6999999999999993,0.0,0.0,1.5370717012216528
WBD,2026-09-30,30.85,30.97,30.79,30.95,95646662,75.4,T4,,MARKUP,0.012338828793896825,0.006176853055916753,0.09286723163841804,-0.0006457862447529772,0.9965034965034966,0.04537570540428093,0.08466555850410096,0.18407185902596646,1.0,0.0,0.1070656092285509,1.0800746792950873,True,Communication Services,0.1026006412540077,0.11571737563085804,8.0,0.5,1.0,1.0,1.5386165869340271
UTI,2026-09-24,20.43,20.97,20.33,20.67,1213704,34.4,T2G,,ACC-TR,0.06529789988776515,-0.00720461095100855,-0.06555153707052441,-0.5973899493572263,0.0361407919547455,-0.051119135002600236,-0.22217210879286198,-0.34970050493481686,0.0,0.0,0.0025614754098362003,1.3788478923238539,True,,0.0033980582524271163,0.05891393442622972,8.0,3.099999999999998,1.0,1.0,1.5390976916876533
SBET,2026-09-30,9.73,9.84,9.26,9.28,6169558,55.9,,Z2,MKDN,0.06126682549849016,-0.05402650356778804,0.13865030674846612,-0.10683349374398476,0.7877629063097512,0.025642229214463574,0.14664418203290386,-0.05771524012076268,0.0,0.0,0.18565941101152372,0.683254044177537,True,Financials,0.162907268170426,0.14567901234567904,10.0,-7.300000000000004,0.0,0.0,1.5409383711753495
VITL,2026-09-30,9.24,9.42,9.05,9.28,2018809,36.0,T5,,MKDN,0.0665926824428938,-0.0999030067895248,-0.0910871694417239,-0.3395017793594307,0.07558139534883697,-0.10275606688548833,-0.14905015145121536,-0.4399342494038434,0.0,0.0,-0.06124604012671597,0.9831334638478995,True,Consumer Staples,-0.0747756729810568,0.04386951631046099,1.0,-8.5,1.0,0.0,1.5438964144526215
MGTX,2026-09-30,11.19,11.6,10.97,11.0,1423927,28.7,,Z4,MARKUP,0.05761628263800948,-0.06382978723404253,-0.22480620155038755,-0.2815153494448074,0.08686440677966104,-0.10404039390049413,-0.12523583152497053,0.02880900676336884,1.0,0.0,-0.0759162303664922,1.3323117662878912,True,Healthcare,-0.13793103448275856,0.03871576959395662,2.0,-3.0,1.0,1.0,1.5443771215513755
TXRH,2026-09-30,157.96,158.34,155.84,156.34,1264617,15.5,,Z2,MARKUP,0.02949066339615355,-0.05156515408881335,-0.18390144594665125,-0.27720758206195106,0.008269930532583526,-0.08558597185123262,-0.13998973110726542,-0.13928395389704873,1.0,0.0,-0.04591649320435898,1.2007504827452615,True,Consumer Discretionary,-0.08073146351502314,0.003208418891170517,0.0,-4.899999999999999,0.0,0.0,1.545844033830304
MU,2026-09-28,1075.98,1084.81,1032.0,1053.98,22211489,58.3,,Z2G,MARKUP,0.04585512495930267,0.009598068891528477,0.129837274617842,-0.04937224908002025,0.8523891705317657,0.043220032243775464,0.091945635665033,0.4706387501065936,1.0,0.0,0.16044208605130628,0.9315559354710731,True,Technology,0.1406339621007977,0.14857678392397888,10.0,-2.9000000000000057,0.0,0.0,1.5464929826352436
PRG,2026-09-25,32.38,32.82,32.22,32.68,522203,24.7,T6,,MARKUP,0.040280157829476304,-0.07891770011273946,-0.17578814627994954,-0.3153153153153153,0.03710812539987194,-0.0940116763959471,-0.14848674824510255,-0.10362075775824398,1.0,0.0,-0.08936170212765948,1.2268465754280447,True,,-0.1158008658008658,0.018068535825545018,2.0,-6.0,1.0,1.0,1.5467704263511495
DYN,2026-09-30,16.05,16.8,15.92,16.11,4456456,24.1,T5,,MARKUP,0.06455818737243563,-0.007393715341959428,-0.3581673306772909,-0.4098901098901099,0.04113110539845747,-0.12944892664262653,-0.22703405532609866,-0.18726441765346924,1.0,0.0,-0.03399258343634115,0.7446696723313069,True,Healthcare,-0.0687861271676301,0.030710172744721653,2.0,3.8000000000000007,1.0,0.0,1.5537041741297741
GMRS,2026-09-25,10.71,11.14,10.7,11.06,645628,36.5,T4,,MKDN,0.07036688052044882,-0.11731843575418988,-0.12012728719172627,-0.30788485607008764,0.08719851576994445,-0.09541257949185189,-0.13146406986985826,,0.0,0.0,-0.11528822055137855,0.8100445101602439,True,Industrials,-0.13458528951486692,0.04438149197356012,2.0,-8.799999999999997,1.0,1.0,1.5540373864378192
MIAX,2026-09-30,33.74,34.24,33.49,33.5,1287066,25.0,,Z2G,MKDN,0.04668619108863972,-0.06659236556143777,-0.20446449774400377,-0.2947368421052632,0.0007137758743753042,-0.11377536614569628,-0.16919434790533683,-0.19466639739801894,0.0,0.0,-0.06530840078146793,0.8495983053899957,True,Financials,-0.119348054679285,0.00029859659599873467,0.0,-5.600000000000001,1.0,0.0,1.5543240332355688
PUMP,2026-09-25,9.5,10.06,9.38,9.59,3825885,32.6,T3,,MKDN,0.058693928749242695,-0.08492366412213748,-0.14221824686940965,-0.3232180663373324,0.043841336116910046,-0.0929993973996791,-0.15994907222841226,-0.19241188234968254,0.0,0.0,-0.0629370629370628,1.0249266639602908,True,Materials,-0.16244541484716157,0.02238805970149249,0.0,-7.600000000000001,1.0,0.0,1.5595754774095605
SENS,2026-09-28,9.85,10.29,9.8,9.84,566639,61.1,,Z2G,MARKUP,0.050153386525665596,0.006134969325153339,0.05466237942122176,-0.06106870229007644,0.8875219683655535,0.04435643929558686,0.16866006991398108,0.32241123184482956,1.0,0.0,0.12662721893491136,1.0032634852479159,True,,0.1131221719457014,0.14285714285714302,12.0,-5.800000000000004,0.0,1.0,1.5600807503359808
HAFN,2026-09-28,9.14,9.28,9.05,9.13,2746953,54.1,,Z5,MARKUP,0.03574252931153869,-0.05973223480947476,0.07792207792207795,-0.09782608695652162,0.6896551724137936,0.006004700472643343,0.06755616652624541,0.20408210471355748,1.0,0.0,0.08796895213454081,1.4697533406816836,True,,-0.02143622722400851,0.0856123662306778,19.0,-13.300000000000004,0.0,0.0,1.5601664559502229
SPCX,2026-09-28,148.49,150.8,145.36,145.47,83453775,50.0,,Z1,MARKUP,0.044995885601579404,-0.042015146526177105,0.028056537102473467,-0.133591423466349,0.6443634057396543,-0.012431796545094853,0.06006696796608102,0.6950393418963163,1.0,0.0,0.09211119459053352,0.7263097645700363,True,,-0.01808977387782662,0.018198362147406666,17.0,-7.799999999999997,0.0,1.0,1.565258956085436
EFX,2026-09-25,148.6,150.07,146.8,148.11,3033227,25.1,,Z2G,MKDN,0.04094086497899278,-0.06772833134008938,-0.22194788821180922,-0.25159171298635674,0.025636007827788698,-0.10665732520029281,-0.1396117378015681,-0.20562941298668336,0.0,0.0,-0.06876427302715027,1.216202329250844,True,,-0.12360946745562118,0.008923705722070796,0.0,-6.199999999999999,1.0,0.0,1.5668866764794607
BRVE,2026-09-29,21.0,22.51,20.37,22.34,719348,40.6,T2,,MKDN,0.11218565419026197,-0.0537907666243117,-0.12392156862745096,,,-0.10429997912511291,,,0.0,0.0,-0.1456642460486971,0.8799680210732747,True,,-0.16360913515537256,0.11699999999999999,1.0,3.0,0.0,0.0,1.5684816464649056
NCI,2026-09-25,14.65,14.8,14.63,14.65,232988,67.0,,Z7,MKDN,0.0516743874521452,0.05395683453237421,0.18527508090614897,-0.038713910761154824,0.884313725490196,0.07958003719318052,0.12813884952860177,-0.01318699565340331,0.0,0.0,0.16566523605150207,1.0120188017535374,True,,0.1295296838858906,0.15354330708661434,19.0,4.700000000000003,0.0,0.0,1.5719026609792879
A,2026-09-30,174.44,176.04,172.27,172.31,2590363,70.4,,Z1G,MARKUP,0.028129580649837064,0.04228163561577558,0.14926965917428126,-0.026772098277322853,0.9089337175792506,0.06424487248435362,0.12997010278883359,0.2614622551224046,1.0,0.0,0.15837168141592928,1.0028667104557316,True,Technology,0.12115297026481886,0.1186781795754075,14.0,0.9000000000000057,0.0,1.0,1.5754059092675283
LINC,2026-09-24,24.0,24.51,23.74,23.88,618972,28.7,,Z2G,ACC-TR,0.058547332591323865,-0.0598425196850394,-0.067551737602499,-0.5761448349307774,0.008249312557286878,-0.07063044488715098,-0.2229666769554296,-0.30899787965025005,0.0,0.0,-0.017478152309613026,0.8755889197402986,True,,-0.020508613617719496,0.011435832274459878,1.0,-6.199999999999999,1.0,0.0,1.5760033395752093
CERT,2026-09-30,9.16,9.35,9.13,9.2,3417703,64.9,T11,,MARKUP,0.04020169035622457,0.06481481481481466,0.1358024691358024,-0.024390243902439046,0.9258064516129031,0.0710774572309607,0.14001247772862357,0.18908863997001868,1.0,0.0,0.16552667578659364,1.1357632671347346,True,Technology,0.1316113161131609,0.12745098039215685,14.0,6.400000000000006,0.0,1.0,1.577902478398294
IMNM,2026-09-30,22.15,22.55,21.51,21.51,1306305,33.4,,Z4,MARKUP,0.05641898465574111,-0.1126237623762375,-0.20539342445511632,-0.28443113772455086,0.07266811279826484,-0.10235717113760123,-0.12200622833005703,-0.01656207167499779,1.0,0.0,-0.10787671232876705,1.2625122779724975,True,Healthcare,-0.0831202046035805,0.03214971209213058,2.0,-9.100000000000001,1.0,0.0,1.578204542755106
BWMN,2026-09-30,42.6,42.65,42.6,42.64,504828,80.7,T1,,DIST-TR,0.006036483173913796,0.001879699248120259,0.0009389671361501595,-0.011361001623000244,0.9728682170542634,0.011409553762081748,0.08504097339165151,0.22970456770714143,1.0,0.0,0.0037744751120547537,1.1005563791600852,True,Industrials,0.004239284032030222,0.004712535344015167,12.0,0.10000000000000853,0.0,1.0,1.5799159159168201
SGMT,2026-09-28,9.15,9.95,9.03,9.94,1345966,47.0,T2,,MARKUP,0.06837309618387781,-0.07962962962962972,-0.057819905213270295,-0.13187772925764196,0.694949494949495,-0.03645537680425648,0.02608418480022534,0.2756867176350042,1.0,0.0,-0.12663316582914574,1.4329504789912815,True,Healthcare,-0.08639705882352955,0.1438434982738781,2.0,-10.200000000000003,0.0,0.0,1.5799993598387652
GDOT,2026-09-30,12.34,12.39,12.24,12.3,482675,26.9,,Z10,MARKUP,0.02135046982213039,-0.055299539170506784,-0.06178489702517154,-0.10415149308084481,0.3348837209302328,-0.04563912001225878,-0.0590040039578873,-0.02708424164877199,1.0,0.0,-0.10923076923076924,1.5525337443841403,True,Financials,-0.07239819004524883,0.06217616580310881,3.0,-13.5,0.0,0.0,1.5803291648112048
TTD,2026-09-30,12.09,12.24,11.97,12.17,18562699,31.3,T9,,MKDN,0.049264978790295205,-0.04022082018927442,-0.11683599419448476,-0.40749756572541385,0.03682393555811281,-0.09076611697619097,-0.17793322537459277,-0.5061716225374706,0.0,0.0,-0.05802861685214633,0.7361856210985633,True,Technology,-0.16011042097998618,0.02700421940928277,1.0,-2.400000000000002,0.0,0.0,1.5812593660932956
CAPR,2026-09-28,8.29,8.84,8.15,8.71,2093880,47.3,T4,,SPRING,0.09755977188524503,-0.02134831460674147,-0.09176225234619384,-0.6455026455026455,0.26608051827857476,-0.009350072918810515,-0.20423789317751628,-0.5090868816108941,0.0,0.0,0.2854889589905363,0.7749220572089095,True,Healthcare,-0.011350737797956811,0.06871165644171784,0.0,-0.7000000000000028,0.0,1.0,1.581543626829199
MNST,2026-09-25,42.49,43.16,42.11,43.11,8976269,24.8,T3,,ACC-TR,0.03239015093261642,-0.03578617758890634,-0.07687366167023557,-0.5703607733705403,0.01717327837884252,-0.0653157899375214,-0.25263858880950196,-0.40241532870247754,0.0,1.0,-0.0018961839298411443,0.9503125639575907,True,Consumer Staples,-0.006682027649769551,0.02374732842555205,0.0,-0.09999999999999787,1.0,0.0,1.5837119623979812
TPB,2026-09-29,60.23,60.99,59.86,60.08,378848,23.8,,Z2G,MKDN,0.051474785924301734,-0.0033178500331785266,-0.2579967889341732,-0.34653034587774634,0.04525022475277189,-0.11475516587647017,-0.19669172241300947,-0.3060407677829551,0.0,1.0,-0.0013640238704176744,1.245843253266359,True,Consumer Staples,-0.14195944015995432,0.025781116612600297,3.0,5.300000000000001,1.0,1.0,1.585811738670896
KLAC,2026-09-25,187.33,189.56,186.01,187.92,7140517,47.3,T2G,,ACC-TR,0.048800449630021225,0.06175490140685902,0.022582576046144442,-0.29702229537632807,0.21719412402642216,0.025083358527115074,-0.32732638678284254,-0.7689889639580524,0.0,0.0,0.07486888902284661,0.8850859072782706,True,Technology,0.0403011514614704,0.1327988426065465,7.0,7.399999999999999,1.0,1.0,1.5882006260358723
MTW,2026-09-24,22.2,22.44,21.19,21.43,523431,58.3,,Z1G,MARKUP,0.041251434097250676,-0.01922196796338682,0.10179948586118259,-0.07509710832973682,0.8442256042972246,0.02288089414622574,0.13876958635973335,0.43913106862515394,1.0,0.0,0.141087775982768,1.2672282712557288,True,Industrials,0.042315175097276336,0.09169638308711159,16.0,-10.200000000000003,0.0,0.0,1.5884435493408613
OLLI,2026-09-28,82.99,85.84,82.95,85.53,1726575,67.4,T4,,MKDN,0.03847838892948294,0.07301467820850593,0.1810273405136702,-0.0036113699906803465,0.9878669275929549,0.08799694937373426,0.11626459399620637,-0.027784504481524475,0.0,0.0,0.154098828906027,0.9439738271838505,True,Consumer Discretionary,0.11049078161516501,0.1689216892168921,16.0,8.000000000000007,0.0,1.0,1.5890414723727406
RGEN,2026-09-30,193.09,195.61,190.97,192.23,730434,67.1,,Z2G,MARKUP,0.03518064807961919,0.04172763236330135,0.13063169038936584,-0.033388645849047216,0.904966366108487,0.058978869470005524,0.13360904566378662,0.3049004834874489,1.0,0.0,0.140312771503041,1.2447779255730975,True,Healthcare,0.11173442831530855,0.10961671669360418,14.0,2.5999999999999943,0.0,1.0,1.5923122785034842
NVAX,2026-09-30,10.85,11.1,10.54,10.81,4565494,66.6,,Z3,MARKUP,0.05363093643677356,0.024644549763033208,0.06818181818181834,-0.027002700270026936,0.9242424242424245,0.06494057732413316,0.13678176312199763,0.2243131975985173,1.0,0.0,0.15410573678290196,0.7901402031627155,True,Healthcare,0.15614973262032095,0.1248699271592093,14.0,2.6999999999999957,0.0,1.0,1.5926105367391816
OPFI,2026-09-30,6.09,6.1,5.99,6.03,571635,28.0,,Z2,MKDN,0.04473474052655564,-0.039808917197452276,-0.12099125364431484,-0.408243375858685,0.009523809523809533,-0.10245239117143146,-0.18571826402785652,-0.3088836559093294,0.0,0.0,-0.04159999999999997,0.6256872586466324,True,Financials,-0.14224751066856334,0.006677796327211993,0.0,-2.6000000000000014,0.0,0.0,1.593301740271399
KRT,2026-09-30,53.45,53.5,52.16,52.55,177077,65.5,,Z6,MARKUP,0.0317066783431734,-0.009425070688030113,0.10748155953635385,-0.03860226856933768,0.9031221303948577,0.03660713409878702,0.1245696683333064,0.4634150428476409,1.0,0.0,0.15095174856131033,1.1043119294726644,True,Materials,0.05947580645161277,0.07464212678936599,14.0,-9.299999999999997,0.0,0.0,1.5938010753507412
DDOG,2026-09-24,249.6,258.39,247.27,256.92,3488581,62.5,T4,,MARKUP,0.04555514240568488,0.08864406779661027,0.1284754249571749,-0.1223011751844767,0.5999105945462673,0.08582662531257745,0.08818928229183598,0.294121637945441,1.0,0.0,0.11606967132454238,0.9488842627958334,True,Technology,0.15875879487642086,0.17707426581756547,12.0,9.899999999999999,1.0,1.0,1.598410286990834
CVI,2026-09-30,51.0,53.33,50.95,50.99,1076781,65.7,,Z5,MARKUP,0.04958157287570211,-0.015637065637065573,0.18940984371355274,-0.07610074288820434,0.8370197904540164,0.038358726985371794,0.1716390282463074,0.45794893898090994,1.0,0.0,0.33333333333333326,0.8840745464499554,True,Energy,-0.038831291234684207,0.024718649517684987,18.0,-5.8999999999999915,0.0,0.0,1.5987928601104788
HPE,2026-09-29,63.49,63.7,60.68,61.49,12335865,57.6,,Z6,MARKUP,0.05526426533995607,0.007537276749139732,0.1770673813169985,-0.06336633663366342,0.820302375809935,0.038614987123591904,0.11943856019930243,0.5130801291119544,1.0,0.0,0.32494529540481376,0.5806467844988611,True,Technology,0.10039370078740162,0.1175936023264268,17.0,-1.5,0.0,0.0,1.6002058319761951
GME,2026-09-25,24.96,24.96,23.05,23.39,13239426,65.1,,Z1,MKDN,0.03753559046916156,0.033127208480565384,0.28164383561643835,-0.07366336633663362,0.7506702412868633,0.07336098499126154,0.11669721905785746,0.05570402538304897,0.0,0.0,0.2651685393258427,1.2869063615054495,True,Consumer Discretionary,0.10591016548463372,0.12831644958996624,19.0,-9.800000000000011,0.0,1.0,1.6005983906274577
RNG,2026-09-30,73.99,76.35,73.99,74.7,1465799,56.4,T3,,MARKUP,0.04399963175308878,-0.057175312381673615,0.05553200508690126,-0.08791208791208793,0.8393215800044632,0.01375878877879666,0.12572929319011616,0.5494212366623692,1.0,0.0,0.1474603174603175,0.968592398637723,True,Technology,0.0157737285830839,0.042568039078855424,13.0,-12.899999999999999,0.0,0.0,1.6013415414663983
KGC,2026-09-25,24.33,25.14,24.27,25.05,10236235,35.9,T3,,MARKUP,0.05181237235147143,-0.10790598290598286,-0.22946785604429398,-0.25179211469534046,0.24664879356568384,-0.10817250432275882,-0.10471841021697192,-0.08841219683629731,1.0,0.0,-0.12363238512035013,1.2389325701989853,True,,-0.14006179196704427,0.0424469413233457,1.0,-9.300000000000004,1.0,0.0,1.6025948033372803
ALVO,2026-09-30,5.95,5.97,5.76,5.8,1135559,62.0,,Z2,MARKUP,0.05038174948720361,-0.0017211703958691649,0.10687022900763354,-0.05996758508914102,0.8817891373801916,0.052499197521980845,0.18485391770806525,0.20484369756296505,1.0,0.0,0.18619246861924688,0.9640444606421463,True,,0.13725490196078427,0.11538461538461542,11.0,-9.799999999999997,0.0,1.0,1.6073778813421493
MRVL,2026-09-28,259.65,261.78,248.14,251.9,16846771,57.1,,Z2G,MARKUP,0.053703128405282116,-0.021291475639132806,0.1628658480288061,-0.058247345595932476,0.8510231401797665,0.04285356483136682,0.09170086016477152,0.40194718119754214,1.0,0.0,0.23686571627953334,0.8253551208136598,True,Technology,0.15117448130883848,0.14023175810248056,18.0,-5.299999999999997,0.0,0.0,1.6082011897585626
PAYX,2026-09-30,99.32,100.88,98.45,98.5,3426601,19.6,,Z4,MARKUP,0.03158906432631955,-0.05732605991003914,-0.21601400827761863,-0.23034849195186746,0.016677785190126748,-0.10691319117148301,-0.1301903064658101,-0.11287462675589277,1.0,0.0,-0.05084745762711862,1.0678743683724101,True,Industrials,-0.15610006854009595,0.005102040816326481,1.0,-5.099999999999998,1.0,0.0,1.6087057711047266
ROL,2026-09-28,29.97,30.71,29.76,30.59,10845620,25.4,T6,,MKDN,0.03117668866964721,-0.05440494590417311,-0.1591533809785597,-0.3401639344262295,0.05114320096269563,-0.08271210528759387,-0.16180583121438796,-0.34407173522315226,0.0,0.0,-0.06712672521957341,1.4074215909065584,True,,-0.13367318040215237,0.02858103564223269,1.0,1.7999999999999972,0.0,1.0,1.611980147746863
JILL,2026-09-30,24.67,24.68,23.98,24.37,174847,69.1,,Z3,MARKUP,0.040950966943680396,0.009109730848861464,0.254246011322697,-0.0252,0.9366834170854272,0.052421075725908706,0.16573536303463676,0.4192231346177846,1.0,0.0,0.2363439697133587,0.7797152906112325,True,Consumer Discretionary,0.017961570593149512,0.06605424321959763,18.0,-4.0,0.0,0.0,1.6140937798723887
INNV,2026-09-30,8.95,8.95,8.72,8.8,807589,28.5,,Z9,MARKUP,0.06371116830538347,-0.022222222222222143,-0.18744228993536471,-0.30214115781126083,0.09501187648456068,-0.1151550881173764,-0.14683776244469982,-0.0024801952465439703,1.0,0.0,-0.058295964125560484,1.2854375149341688,True,Healthcare,-0.18894009216589858,0.04761904761904767,3.0,1.5,0.0,0.0,1.6146203203882878
PAR,2026-09-30,13.61,13.95,13.41,13.76,962526,26.9,T1,,MKDN,0.060183774650972355,-0.06267029972752047,-0.25941872981700753,-0.3140578265204387,0.07759882869692525,-0.12331231273531074,-0.17398119581039817,-0.373699311747952,0.0,0.0,-0.05499999999999994,1.0377823368826786,True,Technology,-0.1458721291123526,0.04006046863189705,1.0,-0.6000000000000014,0.0,1.0,1.6154881210069554
VREX,2026-09-30,18.46,18.48,18.45,18.45,872049,77.6,,Z12,DIST-TR,0.005547480537722355,0.0,-0.0010828370330264736,-0.009661835748792202,0.9791183294663574,0.008273070496074508,0.09926049684510452,0.3818434769499599,1.0,0.0,-0.0010840108401083404,0.7835656214177632,True,Technology,-0.0010828370330264736,0.0010851871947910041,4.0,-2.6000000000000085,1.0,0.0,1.61551933035667
SMTC,2026-09-30,181.69,183.18,175.29,178.35,2322678,59.5,,Z4,MARKUP,0.06288562798224391,0.0532687651331718,0.3483783170787025,-0.06446705832983635,0.859607036783185,0.07312207190036046,0.17076439411252764,0.4750281203423421,1.0,0.0,0.3022510614435632,0.7943807817800097,True,Technology,0.06445837063563098,0.09713336614173218,18.0,1.6000000000000014,0.0,1.0,1.6251045397363075
CRBP,2026-09-24,7.69,7.76,7.12,7.45,757893,33.4,,Z2G,MKDN,0.08675322465539752,0.026170798898071723,-0.3407079646017699,-0.35775862068965514,0.21252371916508542,-0.1302586162421815,-0.1843516725339749,-0.20303120314551348,0.0,0.0,0.12480252764612954,0.5522494993061388,True,Healthcare,-0.095873786407767,0.17693522906793047,7.0,5.399999999999999,0.0,1.0,1.6282173523570205
SONO,2026-09-29,17.91,18.11,17.45,17.85,2205111,65.1,,Z9,MARKUP,0.03781499102164744,0.05934718100890213,0.14423076923076938,-0.02138157894736825,0.9150326797385627,0.0810554222194646,0.12554845087231792,0.18223142435887207,1.0,0.0,0.18380281690140832,1.0482233556910996,True,Industrials,0.13984674329501923,0.168193717277487,14.0,3.999999999999993,0.0,1.0,1.630904928489661
RCI,2026-09-30,30.96,31.2,30.71,30.8,1444649,20.7,,Z2,MKDN,0.02710437188123542,-0.07451923076923073,-0.15407854984894254,-0.1913888159621948,0.012195121951219488,-0.0897995011813093,-0.11482814054445323,-0.12992310469978807,0.0,0.0,-0.057975460122699385,1.1618966254419663,True,,-0.14206128133704732,0.0029306414848584428,0.0,-9.900000000000002,0.0,0.0,1.6331896624349649
MOVE,2026-09-28,11.37,11.98,11.17,11.24,92309,47.3,,Z2G,MKDN,0.11220483361300974,-0.004428697962798878,-0.02175805047867707,-0.4479371316306483,0.23809523809523808,-0.026717344316995906,-0.09087760538950418,-0.08591211462947634,1.0,0.0,0.274135876042908,0.2695119203326365,True,Technology,0.022747952684258443,0.12287712287712282,18.0,-0.10000000000000142,0.0,0.0,1.6348063386393576
APH,2026-09-30,85.44,85.81,83.83,84.3,15837974,29.1,,Z2,MKDN,0.05860262115049063,0.025672222898162733,-0.48339257261919355,-0.5219191289060285,0.07591123606787831,-0.10177917168665607,-0.2838277970703531,-0.369303654565982,0.0,0.0,0.04313265572061509,1.0372990664897381,True,Technology,0.0911208904996117,0.09366891541255828,10.0,3.1000000000000014,1.0,1.0,1.6437258048996877
HZO,2026-09-30,52.35,52.36,52.28,52.3,773622,72.2,,Z10,DIST-TR,0.005987641040542091,-0.0022892025944296623,0.003453568687643793,-0.004946727549467345,0.988154897494305,0.007789530883452356,0.08499470808488674,0.41052146567883185,1.0,0.0,0.003072196620583778,0.7988668681613572,True,Consumer Discretionary,-0.0007642338555599038,0.0013402259237986769,19.0,-4.599999999999994,0.0,0.0,1.6476798046532615
TVA,2026-09-24,10.57,10.59,10.57,10.57,66829,62.1,,Z7,DIST-TR,0.0017004966801179172,0.0009469696969697239,0.002846299810246755,-0.0037700282752120007,0.8461538461538493,0.0014661000787956624,0.002707475247229807,0.005763339225996367,1.0,0.0,0.002849002849002913,0.17046144261331944,True,,0.0018957345971564177,0.0018957345971564177,19.0,-1.1999999999999957,0.0,0.0,1.6500161423125803
SAFE,2026-09-25,12.4,12.49,12.21,12.26,550412,19.0,,Z2,MKDN,0.03279777012880064,-0.06697108066971091,-0.20130293159609125,-0.2974212034383954,0.009541984732824227,-0.11330891836362456,-0.16519139595856114,-0.1859947325345963,0.0,0.0,-0.06436781609195397,1.1525343370980767,True,,-0.12615823235923018,0.004095004095004073,0.0,-0.8999999999999986,0.0,0.0,1.6555656653154427
PTRN,2026-09-30,17.01,17.87,17.01,17.16,2217559,31.4,T1G,,MARKUP,0.05931371529623,-0.11363636363636365,-0.14328507239141297,-0.4241610738255034,0.06853352984524684,-0.09744003752930208,-0.1569711323506443,-0.07404119671856946,1.0,0.0,-0.14847848898216154,1.1387613744996048,True,Consumer Discretionary,-0.12627291242362526,0.0573012939001849,2.0,-8.5,1.0,1.0,1.6573017778624983
FICO,2026-09-25,857.0,870.0,848.64,863.09,387856,29.6,T9,,MKDN,0.052101738607128974,-0.09117808103782321,-0.2540663405527802,-0.387953225497635,0.025733264473848314,-0.11207218855938317,-0.18032300481686103,-0.29826038583422443,0.0,0.0,-0.04108474576271193,1.019225744259175,True,Industrials,-0.12411329524350756,0.017027243589743613,0.0,-6.799999999999997,0.0,0.0,1.6595913231292203
OMER,2026-09-28,19.83,20.38,19.38,19.43,1023319,57.4,,Z2G,MARKUP,0.04974171407122746,0.05083829096809089,0.044062332079527256,-0.08521657250470804,0.8506600660066007,0.0329322263959706,0.1578358173623522,0.536052046876087,1.0,0.0,0.16969696969696968,1.0564152161873719,True,Healthcare,0.11282932416953018,0.1775757575757575,9.0,-0.7000000000000028,1.0,0.0,1.662984887801618
VCX,2026-09-30,29.53,29.89,29.51,29.62,221168,36.1,T10,,ACC-TR,0.07555692204008362,-0.03202614379084967,-0.13492990654205606,-0.5849215246636772,0.03357258624681638,-0.08476979514807159,-0.3281315776058221,,0.0,0.0,-0.05023600809170592,0.9792666588953594,True,,-0.0253372820006581,0.051473198438054535,2.0,1.3999999999999986,1.0,1.0,1.664627506867552
BBNX,2026-09-29,20.61,20.73,19.28,19.41,842604,47.9,,Z2,MARKUP,0.07477222159145173,-0.14905743095133706,-0.02706766917293224,-0.17614601018675713,0.6168051708217914,-0.04012064874360877,0.040668625389010726,0.1495050724429008,1.0,0.0,0.24306898774983887,0.738660384520847,True,,0.009360374414976613,0.054891304347826075,11.0,-19.800000000000004,1.0,0.0,1.6654084147534058
KARD,2026-09-30,14.81,14.87,14.16,14.75,487834,30.7,,Z11,ACC-TR,0.09020288364478116,0.015840220385674897,-0.24744897959183676,-0.4071543408360129,0.08984725965858043,-0.12730457909361315,-0.2211028073759197,,0.0,1.0,-0.034410112359550604,0.6717221018927612,True,,-0.14789139225880987,0.07272727272727275,4.0,3.099999999999998,1.0,0.0,1.6656251883341329
BLSM,2026-09-29,21.17,22.2,20.7,21.37,228481,50.3,T2,,MARKUP,0.09361923623155713,-0.15366336633663358,0.16775956284153004,,,-0.020415952485506095,,,0.0,0.0,0.18074534161490674,0.9482003089684631,True,,-0.03608479927830399,0.12414518674381902,19.0,-15.799999999999997,0.0,1.0,1.6710133623569488
GSHD,2026-09-30,43.99,45.84,43.09,45.36,670925,30.7,T4,,MKDN,0.07081324694730438,0.04227941176470584,-0.33732651570489414,-0.3904864283794679,0.07363723302518335,-0.13424186968783003,-0.19446646132376744,-0.22303987577885176,0.0,1.0,-0.007835906890988786,1.0424710446706271,True,Financials,-0.19674163272534084,0.0536585365853659,1.0,7.199999999999999,1.0,1.0,1.671851727177064
RSI,2026-09-30,19.86,20.45,19.43,20.33,4353150,27.8,T2G,,MARKUP,0.0587832367788338,-0.011186770428015635,-0.21048543689320398,-0.41123660584998556,0.0797148412184055,-0.10768767583081684,-0.18852564411748718,-0.16116198351180389,1.0,1.0,-0.04116465863453811,1.2250662616665753,True,Communication Services,-0.21475473155658564,0.06439790575916216,4.0,8.0,1.0,1.0,1.683036073941598
CBRL,2026-09-30,53.27,53.8,52.06,52.62,933253,54.5,,Z10,MARKUP,0.05028894267468293,0.10732323232323226,-0.02915129151291518,-0.1267839362761367,0.5606670500287522,0.0387333503737779,0.029737380972858496,0.17958944162942858,1.0,0.0,0.09353860508514122,1.0696684507431118,True,Consumer Discretionary,0.21749190189726986,0.22743177046885932,9.0,13.100000000000001,1.0,1.0,1.6851269233440156
QURE,2026-09-28,37.65,39.66,37.18,39.11,1853438,34.6,T6,,MARKUP,0.05759797932399349,-0.11735499887158662,-0.19724958949096882,-0.24381283836040213,0.23015873015872998,-0.09649312703230872,-0.0936348535511089,0.15218708766989897,1.0,0.0,-0.11639068874490044,1.3229329390833247,True,Healthcare,-0.12953483196082793,0.06219445953286251,2.0,-11.699999999999996,1.0,1.0,1.68861963162355
CHTR,2026-09-30,112.05,112.93,110.0,110.9,2400525,29.0,,Z5,MKDN,0.05558289480308224,-0.04896664093988501,-0.2413981804500991,-0.30989421281891716,0.01852581789515199,-0.12726318370037237,-0.1900792519725386,-0.37473085744404,0.0,0.0,-0.023879272081668956,0.9514150817275662,True,Communication Services,-0.17851851851851852,0.008548563113859764,1.0,-2.1999999999999993,1.0,0.0,1.6958686936997855
IESC,2026-09-30,331.99,331.99,318.0,321.08,229557,35.0,,Z6,ACC-TR,0.07233624747013821,0.004222312576236176,0.06816594031737577,-0.6067653794809617,0.05215328397329198,-0.07710608692010901,-0.27970942368143226,-0.37144590276662015,0.0,0.0,0.052004628684228615,0.6506609661672087,True,,-0.01212233093348103,0.03875768359754117,19.0,1.1000000000000014,0.0,0.0,1.6976991035383482
METC,2026-09-28,8.92,9.1,8.71,8.98,1218055,34.6,T12,,MKDN,0.08658392040826587,-0.04162219850586968,-0.324812030075188,-0.4088215931533904,0.06334841628959276,-0.1341384929759658,-0.20399171205208344,-0.37002213544895834,0.0,0.0,-0.05326086956521725,0.849316565538569,True,Materials,-0.12730806608357614,0.030998851894374235,0.0,-1.0,1.0,0.0,1.6989471053369791
CCOI,2026-09-30,7.4,7.95,7.13,7.79,2181953,36.8,T1,,SPRING,0.0933681536430455,-0.04182041820418214,-0.13540510543840178,-0.4342774146695715,0.09939759036144581,-0.10369326297059611,-0.2347963952686326,-0.5602647168205281,0.0,0.0,-0.11975308641975302,0.8330213083123976,True,Communication Services,-0.1014994232987313,0.09256661991584858,0.0,1.5999999999999943,1.0,1.0,1.700657340687565
CDNL,2026-09-30,27.91,31.25,26.72,30.6,1215391,39.0,T1,,SPRING,0.08732767236121813,0.06694560669456062,-0.1502360455429047,-0.6051103368176538,0.07642308449871978,-0.06034002799903182,-0.2596937300468676,-0.3071904087529612,0.0,1.0,-0.06508047585724286,1.2875468951165778,True,,-0.05642923219241436,0.14520958083832336,0.0,10.399999999999999,1.0,1.0,1.7012511018050853
SNX,2026-09-30,259.47,261.36,254.97,256.85,800809,46.3,,Z6,MARKUP,0.04268974817675992,-0.10781895863003221,0.02171924101992939,-0.14030859858754208,0.35248687055916017,-0.02335150344202941,-0.008020928504069214,0.14851090410006362,1.0,1.0,-0.016749605534652212,1.486887672209109,True,,-0.014011516314779149,0.05686540756285252,4.0,-24.299999999999997,1.0,0.0,1.7087930571966308
CAI,2026-09-30,31.4,32.04,30.6,30.63,2928866,64.3,,Z2G,MARKUP,0.0474855474594008,-0.03222748815165877,0.23607748184019361,-0.06871389480085133,0.8728908886389201,0.056008712762419366,0.2081849777581739,0.3547541264311085,1.0,0.0,0.31896551724137945,0.7498238483135776,True,Healthcare,0.08578518255937606,0.0736067297581493,14.0,-10.100000000000009,0.0,0.0,1.7112108883405182
CHPT,2026-09-28,8.78,9.2,8.65,8.74,1035955,54.7,,Z2G,MKDN,0.07852860177082667,-0.07120085015940492,0.5691202872531418,-0.1847014925373135,0.648936170212766,0.017508791235572252,0.1560101043690556,0.1833918121227558,1.0,0.0,0.6666666666666665,0.29893958839312645,True,Industrials,-0.011312217194570096,0.012746234067207318,17.0,-8.699999999999996,0.0,0.0,1.7116648604180418
VISN,2026-09-24,6.38,6.41,6.29,6.35,4007387,29.0,,Z2G,MKDN,0.05793327755235813,-0.015503875968992276,-0.42533936651583715,-0.5031298904538342,0.051622418879056,-0.11752555939800646,-0.2956251761966724,,0.0,0.0,0.04833333333333334,1.0738156542856874,True,Industrials,-0.007812500000000111,0.009538950715421324,18.0,0.1999999999999993,0.0,0.0,1.720548610340842
ADAM,2026-09-30,8.02,8.04,7.77,7.78,1052498,13.4,,Z6,MARKUP,0.030082643277312596,-0.07710557532621587,-0.19042663891779388,-0.24903474903474898,0.0038610038610041217,-0.10697584916689862,-0.14198283891034558,-0.09806357894236284,1.0,0.0,-0.0771971496437055,0.9995396579074939,True,,-0.13266443701226316,0.0012870012870014325,0.0,-6.999999999999998,1.0,0.0,1.7256002055854591
SFBS,2026-09-25,41.43,41.72,41.01,41.31,778214,19.7,,Z11,ACC-TR,0.03807982957661381,-0.003377563329312383,-0.04352859458207903,-0.5513683753258036,0.01589455320798605,-0.08949190305216848,-0.2860569160619706,-0.42820625651941646,0.0,0.0,0.0014818473697209011,1.1102105047354702,True,Financials,-0.019463565155471207,0.020251914052852538,7.0,2.099999999999998,1.0,0.0,1.7350634568733245
SUPX,2026-09-29,6.9,7.41,6.86,7.06,357309,44.6,T2,,MKDN,0.11921822836576115,-0.06613756613756616,-0.23922413793103448,-0.374113475177305,0.255731922398589,-0.07568023317944883,-0.09724643777150144,-0.415755481478268,0.0,1.0,-0.013215859030836996,0.5222513939492104,True,,-0.13267813267813278,0.05059523809523814,1.0,-2.6000000000000014,1.0,0.0,1.7353310881602622
RBRK,2026-09-30,114.64,116.75,114.42,114.47,2388061,63.9,,Z9,UTAD,0.04774879552401345,-0.009518041014103917,0.2949095022624433,-0.019528907922912175,0.9538834951456311,0.08040074783082218,0.1844147519597663,0.42364618373253826,1.0,0.0,0.23455350897645144,0.7668640751726935,True,Technology,0.09039817108020576,0.12911816926415476,13.0,-4.600000000000001,1.0,1.0,1.7366136033131299
CLB,2026-09-25,10.47,10.72,10.38,10.39,884869,23.6,,Z2G,MKDN,0.04512352134430601,-0.07644444444444443,-0.15459723352318944,-0.1970633693972178,0.1904761904761909,-0.09696474678523204,-0.12433888693920703,-0.21819758056145877,0.0,0.0,-0.07072515666965073,1.3185208327521922,True,Materials,-0.16879999999999995,0.0009633911368014392,0.0,-9.5,0.0,0.0,1.736701882914137
DCH,2026-09-25,5.46,5.54,5.38,5.46,5274797,33.7,,Z7,MKDN,0.05694862196635551,-0.07300509337860772,-0.13607594936708867,-0.27586206896551724,0.20306513409961693,-0.0992313529411678,-0.10936687193829109,,0.0,0.0,-0.1116838487972509,1.57064842831286,True,Industrials,-0.15740740740740744,0.05609284332688591,1.0,-6.699999999999996,1.0,0.0,1.7372701315521888
DFDV,2026-09-30,5.82,5.85,5.36,5.37,2083348,52.3,,Z2,MKDN,0.10167499520197346,-0.06932409012131702,0.04069767441860472,-0.19490254872563717,0.6926713947990544,-0.005407252444073141,0.1480228519019402,-0.03001785063546758,0.0,0.0,0.2407407407407407,0.878588696348464,True,Financials,0.18281938325991187,0.15732758620689657,10.0,-6.5,0.0,0.0,1.7380811296163239
QVCG,2026-09-29,14.86,15.0,14.02,14.32,194057,17.0,,Z11,ACC-TR,0.09362321198116227,-0.09880427942101955,-0.18590108015918128,,,-0.08180769989087666,,,0.0,0.0,-0.09403973509933772,0.42036795535874055,True,,-0.10050251256281406,0.04678362573099415,1.0,-1.5,0.0,0.0,1.7387605594418514
INOD,2026-09-30,66.92,68.04,64.75,65.76,1646308,57.1,,Z2G,MARKUP,0.062251749607937036,-0.08653979719405458,0.2035139092240117,-0.17220543806646516,0.5020021842009468,0.04563256745309219,0.04232694340099585,0.04760383663444001,1.0,0.0,0.2459111025591687,0.9703759871086447,True,Technology,0.18678938819707658,0.1982507288629738,12.0,-15.199999999999996,1.0,0.0,1.7410385513307316
FSLY,2026-09-29,25.0,25.54,24.42,25.48,4046780,52.8,T2G,,MARKUP,0.09841939285556672,-0.02300613496932502,0.11803422553751641,-0.1867219917012447,0.5611402850712679,0.025736789733387777,0.07464586215662883,0.2900327800964786,1.0,0.0,0.21659919028340058,1.6133144930013632,True,Technology,0.04855967078189294,0.11266375545851548,17.0,-4.800000000000004,0.0,1.0,1.7438339469814887
PUBM,2026-09-28,18.3,18.43,17.99,18.41,839467,67.0,T11,,MARKUP,0.039410636039833816,0.029642058165548102,0.09453032104637327,-0.04064616988014591,0.8882521489971346,0.06348453832732948,0.1483875453806478,0.47550467975418775,1.0,0.0,0.10294117647058809,1.262799669467879,True,Technology,0.10970464135021096,0.12461820403176538,13.0,-0.7999999999999972,0.0,1.0,1.7466422233069168
HOS,2026-09-30,8.09,8.09,7.63,7.69,5242651,4.6,,Z6,ACC-TR,0.06952148348285714,-0.07904191616766454,,,,-0.10733466191967456,,,0.0,0.0,,0.9878745421762011,True,,-0.10788863109048707,0.007863695937090576,0.0,-0.6000000000000005,0.0,0.0,1.751317718198445
RVTY,2026-09-30,153.49,158.28,152.81,152.89,4455976,74.9,,Z5,UTAD,0.031042361006046768,0.07585673070156895,0.2077573268030648,-0.03405357594136982,0.9036123032904146,0.08393012143477652,0.1808060372878897,0.390969659223638,1.0,0.0,0.172884440400364,1.0640929438820568,True,Technology,0.04913195635764778,0.09144774414620205,14.0,8.400000000000006,0.0,0.0,1.7514480418826797
TNXP,2026-09-28,9.77,10.05,9.7,9.9,342650,27.2,T6,,MKDN,0.06469283091024702,-0.07649253731343286,-0.27152317880794696,-0.3172413793103448,0.09803921568627452,-0.1233199685881049,-0.16399928049781287,-0.3434829453941812,0.0,0.0,-0.0855513307984791,1.273398276739233,True,Healthcare,-0.15601023017902815,0.02910602910602922,1.0,-3.3000000000000007,0.0,1.0,1.7607780513222149
ATRC,2026-09-29,58.58,59.05,56.59,58.05,876275,66.6,,Z3,MARKUP,0.037156963170099415,-0.013258541560428383,0.20062047569803498,-0.05915721231766624,0.8775578664877556,0.04115994158349645,0.18147475529619417,0.5045859941179509,1.0,0.0,0.21411714224415368,0.7789894656761777,True,,0.03255069370330843,0.04293927416457066,19.0,-12.300000000000011,0.0,0.0,1.764511628444079
PGEN,2026-09-25,8.08,8.27,7.63,7.75,6563619,61.2,,Z5,UTAD,0.052791418020523326,-0.003856041131105381,0.07788595271210008,-0.06287787182587656,0.8497109826589596,0.05759303195600807,0.14763306816780597,0.5106455353368271,1.0,0.0,0.09938837920489307,1.1833037293820057,True,Healthcare,0.13138686131386867,0.14644970414201186,11.0,-5.700000000000003,0.0,0.0,1.7665035738214543
IRD,2026-09-28,4.75,5.14,4.62,5.05,1161733,54.8,T4,,MARKUP,0.08869949062807538,-0.03256704980842906,0.3685636856368564,-0.2857142857142858,0.5247058823529411,0.023402033750138163,0.11594977443549115,0.3217966998109394,1.0,0.0,0.3105413105413106,0.3217267255988603,True,Healthcare,-0.15410385259631487,0.09782608695652173,19.0,-3.9000000000000057,0.0,1.0,1.7723257252374014
SLDB,2026-09-30,7.24,7.54,7.16,7.23,1711185,32.4,,Z10,MARKUP,0.0674349613525744,-0.09850374064837897,-0.2682186234817814,-0.36243386243386244,0.07432432432432434,-0.1315819817214514,-0.16659951792882455,-0.0630374994913857,1.0,0.0,-0.13749999999999996,1.1048780219684413,True,Healthcare,-0.17087155963302758,0.047826086956521685,1.0,-5.399999999999999,1.0,0.0,1.7745058788135255
WGS,2026-09-28,87.33,89.32,84.9,85.93,437031,47.9,,Z2G,MARKUP,0.06838475156719614,-0.12163957886128995,-0.004633383528321433,-0.18301958547252328,0.5907738095238095,-0.03585923045932626,0.0440081569346642,0.0691230335361237,1.0,0.0,0.023525064663135753,1.5030075931663802,True,Healthcare,-0.042455983953643694,0.03405535499398327,19.0,-16.500000000000007,0.0,0.0,1.7753830894624731
ANRO,2026-09-30,26.87,27.41,25.53,25.53,891623,27.1,,Z4,MARKUP,0.07394734107876919,-0.07163636363636361,-0.27471590909090915,-0.31883671291355375,0.0736434108527134,-0.13894681034355205,-0.14868476288788823,0.08226801357606606,1.0,0.0,-0.03332071185157137,1.1187401042639737,True,Healthcare,-0.1489999999999999,0.0,0.0,-4.699999999999999,1.0,0.0,1.7770340350662601
PRLB,2026-09-30,96.15,97.39,94.85,94.85,277387,68.3,,Z2,MARKUP,0.03409182123950371,0.06417592280937945,0.2084341954389095,-0.03705583756345188,0.8672244452528189,0.07399526520251354,0.127875475686819,0.3306714724729023,1.0,0.0,0.14756651524983777,1.2881150089405713,True,Industrials,0.139476213358962,0.13145651914589052,18.0,3.799999999999997,0.0,0.0,1.7815512780651395
HQ,2026-09-30,14.4,15.37,14.1,14.86,151904,48.9,T1G,,MARKUP,0.12484167944087256,-0.0006724949562878502,0.018505825908156304,-0.42581143740340033,0.3090909090909091,-0.005682315324733733,-0.04715452846372026,,0.0,0.0,0.3947633434038267,0.2582785274560047,True,,0.09587020648967548,0.17470355731225284,11.0,0.19999999999999574,1.0,1.0,1.7902835869238867
ALNT,2026-09-30,112.0,112.89,110.48,111.6,309127,61.3,,Z2G,MARKUP,0.04729097890039727,-0.017605633802816878,0.29091960670908024,-0.05957697817477048,0.8245222139488705,0.06354003837879385,0.12444020421173074,0.3870636442458062,1.0,0.0,0.2574153774572525,1.1006692271919833,True,Technology,0.17771211481637805,0.14626129827444534,19.0,-5.700000000000003,0.0,0.0,1.797898987757522
ABSI,2026-09-28,9.57,9.67,9.25,9.49,3252748,52.7,,Z2G,MARKUP,0.07908321655480967,-0.033604887983706755,0.08955223880596996,-0.2091666666666666,0.527306967984934,0.020963070035884934,0.06599041327001998,0.44667937822351944,1.0,0.0,0.18741976893453138,1.179186795969576,True,Industrials,0.17305315203955507,0.21822849807445444,9.0,-8.899999999999999,1.0,0.0,1.8066819062026716
ALIT,2026-09-25,11.18,11.64,10.84,11.02,405603,36.9,,Z2G,MARKUP,0.08562424635138438,-0.06372132540356845,-0.22448979591836737,-0.5346283783783784,0.014018691588785024,-0.1289599511665097,-0.14158846371131983,0.4021685417643275,1.0,0.0,-0.06712564543889843,1.0608525015271075,True,Industrials,-0.07859531772575257,0.016605166051660403,0.0,-1.3999999999999986,1.0,0.0,1.814929212800893
AOUT,2026-09-30,16.92,17.12,15.95,16.2,167863,61.0,,Z2,MARKUP,0.049669256011488284,-0.018776499091459842,0.6199999999999999,-0.08422837761447155,0.8125786163522011,0.04478451188853505,0.16283524895274093,0.423200140203039,1.0,0.0,0.637577002053388,0.3276350426623915,True,,0.04922279792746109,0.047188106011635256,18.0,-12.0,0.0,0.0,1.8199141110791217
RARE,2026-09-30,15.47,15.53,14.86,15.03,4422118,36.3,,Z3,MKDN,0.07970779702644984,0.010080645161290258,-0.4176675707090275,-0.5800502933780385,0.09973980919340845,-0.0810511233976684,-0.25706544333083936,-0.39643974029194884,0.0,0.0,0.10840534171249017,0.6239459177806695,True,Healthcare,0.1669254658385091,0.13863636363636367,10.0,3.6999999999999957,1.0,1.0,1.826355250632288
RAPP,2026-09-30,33.17,34.05,32.62,33.6,581727,26.7,T1,,MARKUP,0.0721841814171849,-0.015528860240257902,-0.3080724876441515,-0.3651993198564141,0.09461358313817345,-0.14509379173532466,-0.1954608232860665,-0.0719158571342412,1.0,1.0,-0.05392450569203133,1.3152810824775494,True,Healthcare,-0.18820971249093976,0.0639645345155162,4.0,1.3999999999999986,1.0,1.0,1.8367659862236347
XERS,2026-09-24,8.65,8.99,8.56,8.95,1360295,63.0,T4,,MARKUP,0.04534575896544054,0.09681372549019596,0.031105990783410142,-0.02717391304347827,0.8837209302325582,0.07337205600832375,0.09327755727746556,0.2148194519315274,1.0,0.0,0.07162162162162145,1.3450667811806098,True,Healthcare,0.16688396349413281,0.2094594594594592,9.0,12.799999999999997,1.0,1.0,1.84931983893767
AFYA,2026-09-30,11.87,12.33,11.86,12.04,362909,27.3,T9,,MKDN,0.03998862980486722,-0.11340206185567014,-0.17421124828532242,-0.22572347266881043,0.10687022900763353,-0.0949929935586089,-0.12468666519207217,-0.16536941598271981,0.0,0.0,-0.12958801498127348,1.5199266878586475,True,,-0.11988304093567259,0.03614457831325302,1.0,-13.8,1.0,0.0,1.862782273991566
ACVA,2026-09-30,10.44,10.45,10.43,10.43,13298668,77.0,,Z4,DIST-TR,0.025192472030528223,0.0,0.5428994082840237,-0.00666666666666671,0.982051282051282,0.08038122675654202,0.21475352424105143,0.324036157390001,1.0,0.0,0.5803030303030303,0.6792101308739037,True,Industrials,0.0009596928982724684,0.0019212295869355245,17.0,-0.7999999999999972,0.0,1.0,1.8707210030095291
ASST,2026-09-30,30.44,30.54,28.96,29.41,4527066,68.2,,Z11,MARKUP,0.061865229712284364,0.014487754398068375,0.2254166666666666,-0.07949921752738653,0.8789899952358267,0.07446805471449691,0.2978608730989709,0.1493687988007668,0.0,0.0,0.41249380267724334,0.6049597946966832,True,Financials,0.07296607077708872,0.06519377037305318,19.0,-2.299999999999997,0.0,0.0,1.8765207328502171
BB,2026-09-25,8.75,8.81,8.04,8.21,32315057,50.2,,Z4,MARKUP,0.05756165652742252,0.027534418022528317,-0.05086705202312136,-0.36991557943207976,0.13464991023339334,0.0060951159457445225,-0.012460383212751225,0.1826769201081735,1.0,0.0,0.06300268096514738,2.004392922134053,True,Technology,0.07040417209908756,0.1005361930294908,9.0,1.8000000000000043,1.0,1.0,1.878559906127306
AXTI,2026-09-30,79.79,83.98,75.28,77.41,7146822,56.5,,Z3,MARKUP,0.0929666464089672,0.06070156207180033,0.379611477454999,-0.20840576746088568,0.6662299377661316,0.08301997857594845,0.1101479235421512,0.3164728705439388,1.0,0.0,0.3191811978771797,0.8743129743443515,True,Technology,0.20388802488335922,0.1878164799754487,18.0,1.7999999999999972,0.0,1.0,1.8881597188863841
CLYM,2026-09-30,11.69,11.93,11.32,11.47,1411185,32.9,,Z2,MARKUP,0.08554139405361576,-0.08386581469648557,-0.22604588394062075,-0.37424986361156565,0.02279202279202282,-0.13705883553185838,-0.16029791298619078,0.11765712832419828,1.0,0.0,-0.062189054726368154,0.741270341174535,True,Healthcare,-0.18710134656272137,0.014146772767462457,1.0,-4.5,0.0,0.0,1.8902163702754542
PURR,2026-09-28,12.51,12.67,11.93,12.08,18365379,51.8,,Z2G,MARKUP,0.09409684398928643,-0.1084870848708488,0.040482342807924176,-0.18157181571815717,0.7008928571428571,-0.01589016722905967,0.1384642170157928,0.5941402343330671,1.0,0.0,0.14491362763915538,0.8801598507573699,True,Financials,0.01940928270042197,0.14611005692599632,9.0,-12.900000000000006,0.0,1.0,1.8903543906954217
STRZ,2026-09-30,22.51,24.21,22.38,23.57,442450,44.6,T2G,,MARKUP,0.08288809972525353,0.006834686031610415,-0.11123680241327294,-0.22568988173455984,0.35734331150608045,-0.03926742918448145,-0.07181562322694712,0.09535672460806177,1.0,1.0,-0.1190900981266727,1.9093412476477596,True,Communication Services,-0.10312024353120242,0.1934177215189874,3.0,5.399999999999999,1.0,1.0,1.8956109779692476
MSTR,2026-09-30,160.89,163.53,152.02,153.09,17543773,59.0,,Z2,MKDN,0.05846229964308886,-0.05616522811344016,0.22589686098654727,-0.1057304749109177,0.7792144425469627,0.050666754122976165,0.16604055937711637,-0.015590953729883505,0.0,0.0,0.2577149003061141,0.7297017018012152,True,Financials,0.21326676176890147,0.19798106268096083,19.0,-7.200000000000003,0.0,0.0,1.9026169694767412
INTC,2026-09-29,116.7,118.75,113.97,115.93,88479146,58.4,,Z2,MARKUP,0.05428035920388781,-0.06402389794929753,0.29516255167020455,-0.09031701192718133,0.7478641840087624,0.052063875739055465,0.1079070272811784,0.3772448059245279,1.0,0.0,0.33095877612986113,0.9309866761202448,True,Technology,0.1934321597694051,0.16758988820626453,19.0,-13.699999999999996,0.0,0.0,1.913287248477358
FLNC,2026-09-30,7.97,8.04,7.66,7.68,5266767,33.5,,Z4,ACC-TR,0.08323368515042255,0.01319261213720302,-0.26295585412667943,-0.5521865889212828,0.06607495069033531,-0.11758409558537775,-0.30403422146557413,-0.4743059047749576,0.0,0.0,0.032810271041369576,0.7794685375845787,True,Industrials,-0.15138121546961336,0.09557774607703284,9.0,5.5,0.0,1.0,1.9137582460928175
BCAX,2026-09-30,18.71,18.95,18.39,18.61,905369,27.1,,Z10,MARKUP,0.06305056035487185,-0.09130859375,-0.20538001707941933,-0.3898360655737705,0.01816680429397183,-0.1302403743306899,-0.19390248655037756,-0.13118789574912393,1.0,0.0,-0.10205078125,1.3264532237013973,True,Healthcare,-0.15409090909090917,0.011963023382272953,0.0,-6.0,1.0,0.0,1.9154965199514054
OXM,2026-09-28,25.94,26.14,25.27,25.85,648601,20.5,,Z2G,MKDN,0.05753480978884722,-0.07810271041369465,-0.3252414513181937,-0.3946135831381733,0.03327596098680446,-0.1364587459791422,-0.22757508830062922,-0.3192926398064212,0.0,0.0,-0.09263913824057457,1.0032269127024944,True,Consumer Discretionary,-0.16044170185125028,0.022952117134942718,0.0,-4.399999999999999,0.0,0.0,1.91747020619764
TRTX,2026-09-25,6.64,6.66,6.53,6.56,1656181,13.0,,Z2,MKDN,0.02569350453501907,-0.08635097493036215,-0.1524547803617572,-0.2579185520361992,0.012987012987012712,-0.10015619089020933,-0.14681691562787058,-0.20664238405396196,0.0,0.0,-0.09052924791086348,1.427262466346299,True,,-0.11590296495956875,0.004594180704440953,0.0,-8.8,0.0,0.0,1.9179006905383547
PLAY,2026-09-30,6.59,6.59,6.37,6.38,1782911,30.9,,Z6,MKDN,0.0742756956473666,-0.06314243759177673,-0.24497041420118337,-0.4661087866108786,0.0017921146953404638,-0.13492856070121895,-0.26243926283377694,-0.48479975902354555,0.0,0.0,-0.012403100775193798,0.5761608019650597,True,Consumer Discretionary,-0.06997084548104959,0.0015698587127157548,0.0,-2.3999999999999986,1.0,0.0,1.9204253582348312
WLFC,2026-09-25,53.08,54.82,52.78,54.33,158989,34.0,T9,,ACC-TR,0.045096402549857195,0.00018409425625920406,-0.014153511159499255,-0.7779004169732646,0.011429165151436415,-0.0345101827560883,-0.29887708548951464,-0.5902843828909599,0.0,0.0,0.010166890466142275,0.751302196029094,True,,-0.03275769983977217,0.03171287504747444,19.0,4.399999999999999,0.0,0.0,1.9304299197288741
NEOG,2026-09-30,12.58,13.11,12.51,12.8,6886850,53.9,T3,,MARKUP,0.04214193695484927,-0.056742815033161365,0.09965635738831624,-0.1023842917251051,0.7197696737044147,0.0016253559623575775,0.07499247483638594,0.2954201297464516,1.0,0.0,0.10026385224274414,1.7447477496013994,True,Healthcare,0.019920318725099584,0.0231814548361311,17.0,-17.699999999999996,0.0,0.0,1.9311123866109796
GHRS,2026-09-24,26.1,26.1,23.43,24.45,418235,30.6,,Z2,MARKUP,0.05573580312213122,-0.1486768802228412,-0.15718717683557404,-0.22232824427480924,0.12734082397003738,-0.11116979036159769,-0.10664157058743584,0.10057154459474482,1.0,0.0,-0.11451247165532885,0.9942258199108518,True,,-0.10373900293255134,0.0435339308578746,0.0,-24.5,1.0,0.0,1.9389186137229502
LTGO,2026-09-29,17.33,18.5,17.3,18.1,955219,38.6,T2,,DIST-TR,0.09818301216660756,-0.13064361191162344,-0.1780199818346957,,,-0.1171217699674093,,,0.0,0.0,-0.19090454772613696,1.1061952411902791,True,,-0.2133854845719252,0.1179740580605313,1.0,-8.0,0.0,0.0,1.947877557957989
BFLY,2026-09-30,9.01,9.26,8.85,8.96,4562283,55.5,,Z2G,MARKUP,0.07289031383637898,-0.02608695652173898,0.09535452322738402,-0.10845771144278604,0.7054054054054055,0.04493316398354974,0.10063046942300957,0.4854014511329128,1.0,0.0,0.2592592592592593,0.8844910068390818,True,,0.23415977961432533,0.21739130434782616,10.0,-3.700000000000003,1.0,0.0,1.965477343190885
NGNE,2026-09-30,28.52,28.61,27.4,27.82,160126,29.4,,Z6,MARKUP,0.07479456482319513,-0.1005496281926932,-0.2653815685238975,-0.36280348144754915,0.025830258302583134,-0.14236553952145525,-0.18033372854239593,-0.05281092854506819,1.0,0.0,-0.08939847125290801,0.664579776017535,True,Healthcare,-0.19757715604268822,0.01532846715328473,0.0,-5.700000000000003,1.0,0.0,1.9709542998760865
RMBS,2026-09-28,104.19,104.57,99.34,102.12,1814162,60.5,,Z2G,MKDN,0.05301153332937269,0.053217821782178376,0.19076492537313428,-0.16514061478090247,0.5226843100189038,0.08223392109386407,0.05472070601327306,-0.005392007795231302,0.0,0.0,0.19612499999999988,0.9969851803007613,True,Technology,0.27030725214578943,0.27030725214578943,10.0,1.1000000000000014,1.0,0.0,1.9806373110326891
TEM,2026-09-30,83.0,86.25,81.68,81.9,4576015,66.2,,Z2,MARKUP,0.05984014829144762,0.06933019976498245,0.3152400835073068,-0.08070490515209339,0.8512003311258278,0.10068402196569659,0.24317908788750286,0.36933241527439353,1.0,0.0,0.29608454608454604,1.0727623108176718,True,Technology,0.17050164356152653,0.1279438093926457,12.0,0.9000000000000057,0.0,1.0,1.9897222274663737
MRAM,2026-09-28,18.15,18.53,17.83,18.13,810784,58.6,,Z9,MARKUP,0.06410214291645418,0.05591147350029102,0.0954682779456193,-0.13994307400379502,0.6406820950060902,0.08287089721597263,0.05643043014843285,0.12700483306177213,1.0,0.0,0.17095851216022884,1.0912919258509761,True,Technology,0.2308214528173793,0.29685264663805433,8.0,3.0,1.0,1.0,1.9975983083429913
OKTA,2026-09-25,204.0,205.0,195.04,195.19,3992089,62.1,,Z1G,MARKUP,0.0507967838044057,0.07029664966825688,0.12885316060378238,-0.0814588235294118,0.796113074204947,0.07371700330754027,0.20206180049382017,0.5898952341769723,1.0,0.0,0.4149686520376177,1.1304903562262734,True,Technology,0.17231231231231225,0.14669251556808827,16.0,0.6000000000000014,0.0,1.0,2.003891710408382
QTTB,2026-09-29,9.32,9.66,9.16,9.53,918141,30.5,T2G,,DIST-TR,0.0771669358222321,-0.09839167455061504,-0.3591123066577001,-0.5956724649978786,0.05327039784221167,-0.13465604901386818,-0.23155903204773676,-0.003758320159358064,1.0,0.0,-0.15145631067961174,1.208067812766905,True,Healthcare,-0.1468218442256044,0.09038901601830651,2.0,2.1000000000000014,1.0,1.0,2.0123916880026886
FORM,2026-09-25,130.85,133.06,128.22,129.69,896618,62.9,,Z5,MARKUP,0.05590647822384826,0.09553978712620381,0.17653996189784982,-0.11853462923944813,0.7308226578175644,0.11366242326586784,0.12473708709190467,0.25482499100052625,1.0,0.0,0.26583378598587726,0.9168336266153133,True,Technology,0.12822966507177025,0.2918617392170535,15.0,6.199999999999996,0.0,0.0,2.0224208732815465
AMD,2026-09-30,609.89,615.17,600.1,611.76,16711692,66.3,T9,,MARKUP,0.039628366831088335,-0.004637086933177215,0.3310415352146385,-0.04262910798122066,0.8732846443689817,0.08180912012554842,0.16290731364060163,0.5144199378499779,1.0,0.0,0.35316685584563,0.8854133736605871,True,Technology,0.1936780487804879,0.15951478392721752,18.0,-4.700000000000003,0.0,0.0,2.0245470037799986
JBIO,2026-09-30,14.43,14.74,13.95,14.05,930921,20.9,,Z6,MARKUP,0.07851940184963965,-0.0448674371176071,-0.3315889628924833,-0.43799999999999994,0.02493321460374008,-0.16195567097177044,-0.2489258716221303,-0.20884605320381444,1.0,0.0,-0.05555555555555558,0.7170910205475446,True,Healthcare,-0.15615615615615608,0.020334059549745875,1.0,-2.0,0.0,0.0,2.0318560723698127
TECX,2026-09-24,24.85,24.86,23.06,24.12,214413,28.6,,Z2G,MARKUP,0.07961257331802953,-0.11356119073869897,-0.32944120100083396,-0.38983050847457623,0.06435944140862186,-0.1604650893152778,-0.20914229134631201,-0.15026054747942919,1.0,0.0,-0.14939136849870904,0.990035609356021,True,Healthcare,-0.15693813351974828,0.04596704249783179,0.0,-7.600000000000001,1.0,0.0,2.032038422519423
GIL,2026-09-29,42.31,43.08,41.75,42.79,1784867,32.2,T2,,MKDN,0.045848322616391865,-0.08976813443948095,-0.17916746595050836,-0.2769516728624536,0.14857142857142855,-0.08542327144845485,-0.1502852098396531,-0.22236286769303648,0.0,0.0,-0.12280316344463982,1.9446775530863738,True,,-0.06755284375680981,0.07162534435261714,1.0,-3.1999999999999957,1.0,1.0,2.0335633130827673
CTKB,2026-09-29,5.74,5.86,5.66,5.76,869960,73.9,T2,,MARKUP,0.04246170266643537,0.008756567425569184,0.20502092050209186,-0.017064846416382395,0.9450549450549448,0.09993680548254935,0.17906953220267163,0.27918862836740543,1.0,0.0,0.25688073394495414,0.9539725762624295,True,Technology,0.17791411042944794,0.2075471698113207,12.0,-2.3999999999999915,0.0,1.0,2.039535063348483
GLAS,2026-09-24,7.76,7.87,7.1,7.15,1837378,24.5,,Z2G,ACC-TR,0.06668485802003143,-0.10513141426783479,-0.3125,-0.4491525423728814,0.008503401360544338,-0.14050939659833173,-0.2340400933264083,,0.0,0.0,-0.07792207792207795,1.3369833172770298,True,,-0.10401002506265666,0.007042253521126751,0.0,-7.5,1.0,0.0,2.0437640759347158
GEMI,2026-09-28,5.35,5.48,5.17,5.2,2011723,54.6,,Z2G,MKDN,0.08807704696187582,-0.13188647746243742,0.2093023255813955,-0.16129032258064513,0.6453900709219859,0.034641580514160664,0.10449009416757704,-0.34515047334929405,0.0,0.0,0.2925,0.8855580807886053,True,Financials,0.08108108108108114,0.27450980392156854,17.0,-13.699999999999996,0.0,0.0,2.0470344466673707
SG,2026-09-28,8.57,8.8,8.2,8.24,7947411,69.1,,Z5,MKDN,0.05531864800762607,0.10160427807486627,0.1822094691535152,-0.07311586051743535,0.832904884318766,0.12336099697865888,0.165207295990484,0.11294181808412929,0.0,0.0,0.15987460815047028,1.0771094097145009,True,Consumer Discretionary,0.13655172413793104,0.24659606656580935,17.0,8.299999999999997,0.0,0.0,2.052416570300486
CEVA,2026-09-29,35.55,35.55,34.05,34.48,996072,62.0,,Z2,MARKUP,0.05206626276349205,0.033573141486810565,0.274676524953789,-0.272420341844271,0.4168925022583558,0.09147370224797013,0.07150172489253248,0.12271411867625748,1.0,0.0,0.27722772277227725,1.1499629020803939,True,Technology,0.2353994983876746,0.2827380952380951,17.0,-1.0,0.0,1.0,2.054345298317249
MAAS,2026-09-30,15.92,16.86,15.51,16.34,76885,50.9,T3,,MARKUP,0.11150216013634137,0.08499335989375822,0.0006123698714024517,-0.292334343871806,0.3902439024390244,0.01647724909562842,0.019033526513705157,0.3726006777540858,1.0,1.0,-0.12645348837209303,1.0723248113448198,True,,-0.02911467617349961,0.3594009983361066,4.0,7.699999999999996,1.0,0.0,2.074600436829565
EDRY,2026-09-29,52.95,53.85,51.54,52.84,95831,48.3,,Z5,MARKUP,0.101671366797652,-0.022928994082840104,0.07180527383367163,-0.2768578075817708,0.6094594594594596,-0.05227803835413114,0.10841368521054462,0.794208496081936,1.0,1.0,-0.015940488841657774,0.8600888341270243,True,,-0.2148588410104011,0.14125269978401733,1.0,-0.10000000000000142,1.0,1.0,2.077287866184505
MNPR,2026-09-24,88.03,90.05,86.54,88.84,252917,27.1,T5,,MARKUP,0.06374822081277405,-0.13495618305744883,-0.21878297572986283,-0.288255087325749,0.060083594566353135,-0.14114570626674894,-0.14561239479757293,0.0768142539866743,1.0,0.0,-0.12497472194135484,1.2930143006816976,True,Healthcare,-0.19206984357948342,0.02657730529235036,0.0,-11.5,0.0,0.0,2.112727848206306
KLRA,2026-09-30,11.16,11.66,10.86,11.42,1368805,32.2,T1G,,MKDN,0.08663007090402944,-0.13023610053313028,-0.30408287629494213,-0.4888093106535363,0.05125977410947002,-0.13674535199917026,-0.26613599089289464,,0.0,0.0,-0.08530405405405406,1.3327937792469815,True,Healthcare,-0.10078740157480315,0.05447830101569706,1.0,-4.599999999999994,1.0,1.0,2.1128895973891146
COAG,2026-09-25,35.7,36.1,34.73,34.74,266533,27.6,,Z2G,MARKUP,0.09463836976762052,-0.1565914056809904,-0.2980400080824409,-0.37315048718874055,0.2009273570324576,-0.14875545023575154,-0.1784852822259173,,0.0,0.0,-0.12322763598865694,0.7450535440256402,True,Healthcare,-0.1182741116751268,0.021464275213172623,1.0,-12.299999999999997,1.0,0.0,2.142181686171873
PCT,2026-09-25,4.9,5.2,4.78,5.02,5309478,30.2,T9,,MKDN,0.07186370889438302,-0.1223776223776224,-0.24511278195488728,-0.39808153477218233,0.06741573033707847,-0.132704792616809,-0.2223067586708669,-0.3767940266771356,0.0,0.0,-0.11481481481481481,1.4377953313991643,True,Materials,-0.1661129568106312,0.05020920502092041,0.0,-6.900000000000002,1.0,0.0,2.1444303542631165
NUAI,2026-09-30,6.86,7.01,6.63,6.72,7830529,57.9,,Z2,MARKUP,0.09185955068101269,-0.0386266094420602,0.3855670103092783,-0.1536523929471033,0.7102137767220901,0.06364791467798359,0.16677386246866943,0.40957578442171205,1.0,0.0,0.4229074889867841,0.9673572635771918,True,Energy,0.24214417744916816,0.18518518518518512,19.0,-4.600000000000001,0.0,0.0,2.146406327311046
EVMN,2026-09-30,8.4,8.53,8.11,8.26,724199,25.0,,Z6,ACC-TR,0.08070317879449149,-0.058152793614595244,-0.33814102564102566,-0.451527224435591,0.021582733812949687,-0.16540800039525205,-0.30894915297787073,-0.518847207252529,0.0,0.0,-0.06674338319907946,0.8963050792856967,True,Healthcare,-0.11846318036286019,0.018495684340320562,1.0,-2.3000000000000007,0.0,0.0,2.1562091150556393
BRBR,2026-09-25,7.71,8.0,7.59,7.91,7210104,25.8,T9,,MKDN,0.06530839318309152,-0.11915367483296213,-0.22904483430799216,-0.44646606018194535,0.047761194029850795,-0.14570702643965894,-0.23171415661072758,-0.5439074594801159,0.0,0.0,-0.14237288135593218,1.2856973404079695,True,Consumer Staples,-0.1345733041575493,0.04216073781291185,0.0,-5.300000000000001,1.0,0.0,2.1617346607025376
BAND,2026-09-30,62.28,64.39,60.09,60.71,1032954,61.0,,Z4,MARKUP,0.07174635824059424,0.02672078471165218,0.1953140381964955,-0.23229640870005053,0.5813582497721057,0.09215150678295658,0.1320072332977953,0.457417176683228,1.0,0.0,0.3831168831168832,0.9274477764870229,True,Technology,0.240752094829348,0.2507210548001648,16.0,-0.6000000000000014,0.0,1.0,2.162733613945131
SILC,2026-09-29,51.86,53.4,50.95,51.37,102914,62.4,,Z10,MARKUP,0.06276694418233583,0.0361032674465509,0.19326364692218356,-0.0380149812734083,0.895360824742268,0.09531927438481658,0.15289746635725754,0.46503536056792405,1.0,0.0,0.20720954356846466,0.8207740670092243,True,,0.20332630592644652,0.2529268292682927,17.0,-0.20000000000000284,0.0,1.0,2.17171075247012
ABTC,2026-09-30,9.05,9.18,8.42,8.48,867616,49.2,,Z6,MARKUP,0.08873980601482628,-0.1442986881937437,0.09987029831387817,-0.23257918552036205,0.5807504078303426,-0.03743535609973925,0.11635632793718731,0.7468848326916455,1.0,0.0,0.1271753681392236,0.5810914779104074,True,Financials,0.041769041769041726,0.015568862275449291,19.0,-12.599999999999994,0.0,0.0,2.1799240641612414
CUE,2026-09-28,30.86,32.07,27.01,27.45,237523,45.1,,Z2G,MARKUP,0.1650501223877209,-0.029006013441811085,-0.015423242467718756,-0.39670329670329674,0.21316477768090672,-0.10111060528193105,-0.06524973817221069,0.15055386497900836,1.0,0.0,0.12987588652482263,1.2603780132198283,True,Healthcare,-0.1014729950900164,0.15336134453781503,5.0,-1.8999999999999986,0.0,0.0,2.183399662844219
CGEM,2026-09-30,15.39,15.78,14.96,15.35,1067167,28.1,,Z5,MARKUP,0.07965760187558008,-0.09010077059869603,-0.2955484167049105,-0.33807675722294095,0.12791991101223582,-0.17180748343271368,-0.192406129413509,-0.0264564024389623,1.0,0.0,-0.15375446960667472,1.2408440293309204,True,Healthcare,-0.25593795443528844,0.08098591549295775,2.0,-1.0999999999999979,1.0,1.0,2.2125615857849112
DRUG,2026-09-24,57.91,58.3,52.91,53.51,129624,25.5,,Z2G,MKDN,0.06557730779847919,-0.13062550771730297,-0.30170951324546524,-0.3849425287356322,0.017600469345849263,-0.16314702945049975,-0.22600744338407852,-0.2412296618973474,0.0,0.0,-0.08110455019103857,1.2305395624426485,True,,-0.1767692307692308,0.01134001134001128,0.0,-8.100000000000001,1.0,0.0,2.21996238330011
ATTO,2026-09-30,18.19,18.34,16.79,17.14,769561,30.1,,Z4,MKDN,0.12746067516190387,-0.07451403887688979,-0.22862286228622852,,,-0.15380902501284754,,,0.0,0.0,-0.08931506849315063,1.3993125452115887,True,,-0.22966292134831456,0.03128760529482544,2.0,-1.7999999999999972,0.0,1.0,2.269185814540865
ALHC,2026-09-30,7.92,8.18,7.77,8.16,8787122,25.1,T1,,MKDN,0.08864170853618807,0.03816793893129766,-0.39955849889624717,-0.6650246305418719,0.04649793996468512,-0.16954537845726758,-0.35403864527605,-0.5047127432779259,0.0,1.0,-0.03407601572739183,0.8799512986395182,True,Financials,-0.06314580941446624,0.1071913161465401,4.0,9.700000000000001,1.0,1.0,2.2879008190887076
MPLT,2026-09-30,10.45,10.51,9.93,10.19,303257,28.3,,Z10,ACC-TR,0.08827151727401575,-0.05385329619312906,-0.23441021788129235,-0.74795943606233,0.03479093520587296,-0.12023219975178323,-0.32265653256285287,-0.49768796260924164,0.0,1.0,-0.019743336623889496,0.5877527736855497,True,Healthcare,-0.10614035087719309,0.02618328298086614,0.0,-2.599999999999998,1.0,0.0,2.2903031537410055
ITG,2026-09-25,10.45,10.72,10.25,10.48,141688,31.3,T2G,,ACC-TR,0.09115272467901897,-0.1715415019762846,-0.18570318570318567,-0.4161559888579387,0.0520304568527919,-0.12526011299597906,-0.1866555028821415,,0.0,0.0,-0.12889273356401387,0.7317533159703481,True,,-0.23559445660102118,0.04071499503475673,2.0,-11.599999999999998,0.0,1.0,2.3034672699352403
BW,2026-09-30,5.88,5.95,5.78,5.84,5557871,33.5,,Z10,ACC-TR,0.09347585200898204,-0.12048192771084332,-0.14619883040935677,-0.5286521388216303,0.017991004497751137,-0.15028619079479388,-0.30156430131681244,-0.4175165938415166,0.0,0.0,-0.13464447806354018,1.237212368998113,True,Industrials,-0.13991163475699564,0.020979020979021046,2.0,-4.5,1.0,0.0,2.313695902965211
ALKT,2026-09-30,13.33,14.05,13.24,13.69,2427299,24.5,T2,,MKDN,0.06885603738598767,-0.06232876712328772,-0.2957818930041153,-0.3496437054631829,0.0612244897959182,-0.18465259667081413,-0.2349266906593641,-0.2742421513555193,0.0,0.0,-0.06906272022551085,1.1858838022948106,True,Technology,-0.27719112988384376,0.036336109008326956,1.0,0.0,0.0,0.0,2.3280727479518997
ARQQ,2026-09-30,24.48,25.0,23.9,24.06,160421,59.3,,Z2,MARKUP,0.07415322460964574,0.06743566992014194,0.27301587301587293,-0.04143426294820729,0.8925619834710741,0.08696190878613286,0.14037006707845956,0.1443705929032646,1.0,0.0,0.35034225264467955,0.6134587590846738,True,,0.2656496580746974,0.3068984247691471,12.0,3.1999999999999957,1.0,0.0,2.342747005250143
ARHS,2026-09-30,9.53,9.72,9.36,9.47,1419533,59.6,,Z10,MARKUP,0.04829489111856901,0.04988913525498906,0.1327751196172251,-0.07968901846452858,0.7461300309597527,0.06769595119165439,0.10213421904042574,0.12308181792408535,1.0,0.0,0.2588401697312588,1.1720405143914874,True,Consumer Discretionary,0.31527777777777777,0.31163434903047116,10.0,2.700000000000003,1.0,0.0,2.3453333287563987
RDAC,2026-09-25,5.36,5.68,5.36,5.56,6060,47.6,T3,,ACC-TR,0.1370749986838655,-0.014184397163120588,0.07961165048543672,-0.7504488330341114,0.05961754780652416,-0.017795814943970423,-0.059635817451226925,-0.20888168188250877,0.0,0.0,0.11111111111111116,0.0073166226656636735,True,,0.0510396975425329,0.11199999999999988,18.0,-0.3999999999999986,0.0,0.0,2.362214823948317
ABCL,2026-09-25,12.74,12.93,12.29,12.7,3381029,65.1,,Z5,MARKUP,0.055717358114437364,0.005542359461599311,0.024193548387096753,-0.036418816388467445,0.9414634146341463,0.07685587099767588,0.24062179386690952,0.8821799242404598,1.0,0.0,0.14147286821705407,0.9792402359319688,True,Healthcare,0.16620752984389342,0.1913696060037522,10.0,-1.5,0.0,1.0,2.3693683842468434
ILMN,2026-09-30,272.71,280.17,270.3,273.68,2939050,74.8,T1,,MARKUP,0.041949006962869954,0.07165792152870232,0.3212958045671801,-0.02316450726344721,0.9359265475367755,0.12235105645820266,0.24146985944782684,0.606006194254165,1.0,0.0,0.2545372731363431,0.811676566385261,True,Technology,0.1954745992224698,0.1746426885274046,13.0,3.299999999999997,0.0,1.0,2.375114052474741
ALAB,2026-09-30,359.71,363.0,343.38,355.97,3260316,60.7,,Z3,MARKUP,0.06363155005559118,-0.01245630583143753,0.27173019899253337,-0.18443421082777733,0.5804232252684249,0.09051706846228846,0.12488305724888282,0.36768824960152524,1.0,0.0,0.35919243303394,0.8021959587138592,True,Technology,0.322423657032469,0.27931716082659497,11.0,-2.8999999999999986,1.0,1.0,2.4024176452841055
AGEN,2026-09-25,8.57,8.68,8.4,8.54,672397,62.5,,Z5,MARKUP,0.06098333020973672,0.0878980891719745,0.0934699103713188,-0.0350282485875707,0.946086956521739,0.08943587926895535,0.20588894091964782,0.6479553439647989,1.0,0.0,0.14114114114114096,0.9286826862317847,True,Healthcare,0.23054755043227648,0.2540381791483113,11.0,5.0,1.0,0.0,2.410079970306778
BIOA,2026-09-30,7.2,7.26,6.97,7.09,755239,28.2,,Z6,ACC-TR,0.08222207035274545,-0.10139416983523442,-0.2552521008403361,-0.7210857592446893,0.007042253521126755,-0.14524513592388444,-0.3555379992641453,-0.4953162863319406,0.0,0.0,-0.08661417322834652,1.0521808924438103,True,Healthcare,-0.08516129032258068,0.01867816091954011,2.0,-3.3000000000000007,1.0,0.0,2.412279417564376
BETR,2026-09-30,10.38,12.5,10.17,11.0,1870129,39.0,T2G,,ACC-TR,0.11055784571011996,-0.09539473684210531,-0.10057236304170081,-0.6079828937990022,0.06520547945205477,-0.09413357796317301,-0.27921203836834585,-0.5561449098860884,0.0,0.0,-0.17075232459847844,1.7170397873718042,True,Financials,-0.11003236245954684,0.12130479102956171,1.0,-1.2000000000000028,0.0,1.0,2.467536671786628
NTRA,2026-09-30,416.02,427.47,413.29,413.31,1851328,82.4,,Z4,MARKUP,0.031540329626855594,0.05762685841500548,0.28853348297792736,-0.033125131588181644,0.9210878288007132,0.10707576197208257,0.23580950300251402,0.5856106725164039,1.0,0.0,0.22930379746835428,1.1707236643643735,True,Healthcare,0.19682052470029543,0.18678573479584215,19.0,2.8000000000000114,0.0,1.0,2.47126369955703
VKTX,2026-09-30,31.86,33.29,31.2,32.6,7000101,47.6,T9,,MARKUP,0.08408516866774682,-0.21728691476590634,-0.03177903177903174,-0.24361948955916468,0.28571428571428586,-0.029949604396756868,-0.03252305224218954,-0.01590210766542499,1.0,0.0,0.09859154929577474,1.7302165107408851,True,Healthcare,0.10433604336043367,0.147887323943662,8.0,-24.800000000000004,1.0,0.0,2.4743725806834256
TWLO,2026-09-25,286.68,298.45,273.52,275.8,4264953,62.5,,Z1,MARKUP,0.050040477568076426,0.13106955380577423,0.14278611088091497,-0.09499589827727639,0.7685851318944845,0.08882949116930039,0.18053591969248384,0.4885597427908486,1.0,0.0,0.13137772834700412,1.6598002033204882,True,Technology,0.21310754343523208,0.22295140120610135,13.0,3.6000000000000014,0.0,1.0,2.4752252339285823
COHU,2026-09-24,63.12,64.26,61.76,63.7,535027,63.9,T12,,MARKUP,0.0585198336161822,0.1581818181818182,0.24755189972581282,-0.12198483804272908,0.734632683658171,0.13444275814978002,0.17618797175231493,0.4293672204145793,1.0,0.0,0.2888837531777213,0.9935085514788812,True,Technology,0.16389548693586709,0.3232239302035729,15.0,9.399999999999999,0.0,1.0,2.5058428513147164
OBX,2026-09-29,13.28,15.38,12.8,14.58,378583,26.5,T2,,ACC-TR,0.17569627538437663,-0.14235294117647057,-0.16733295259851522,,,-0.12578007539719815,,,0.0,0.0,-0.21699935608499676,0.7777044044019321,True,,-0.14235294117647057,0.19901315789473673,2.0,3.3000000000000007,0.0,0.0,2.5991028160186547
MXL,2026-09-30,92.8,94.87,88.25,90.31,2043310,62.0,,Z2,MARKUP,0.07215032614833103,0.07103889943074004,0.5681541934363605,-0.0830541171692557,0.8078007518796994,0.12476195717295968,0.18672606602221986,0.5427700793557235,1.0,0.0,0.4248167352047201,1.152039146380209,True,Technology,0.2992375197813264,0.24754800386793763,18.0,0.7000000000000028,0.0,0.0,2.6147968356055182
FWDI,2026-09-30,8.37,8.5,7.76,7.8,1982506,59.8,,Z6,MARKUP,0.0748617804705162,-0.032258064516129115,0.2560386473429952,-0.1095890410958904,0.8076152304609217,0.07262632840285588,0.2560379021608441,0.35840047222617755,1.0,0.0,0.3495652173913044,0.827396094739072,True,Financials,0.29783693843594006,0.2935323383084576,19.0,-5.900000000000006,0.0,0.0,2.6249772859863008
EAF,2026-09-30,8.5,8.9,8.25,8.27,469070,49.3,,Z2G,MKDN,0.11505702506138644,-0.2720070422535211,0.16315049226441625,-0.3044575273338941,0.4668630338733431,-0.04289675566994988,0.04125958848274358,-0.06514084747739013,0.0,0.0,0.44483362521891423,0.9664418191749596,True,Industrials,0.019728729963008673,0.13132694938440492,15.0,-32.7,0.0,0.0,2.6503233826238146
LTRX,2026-09-24,6.16,6.71,6.15,6.6,1034897,68.1,T6,,MARKUP,0.057283717354801145,0.134020618556701,0.1660777385159009,-0.06647807637906655,0.7803738317757007,0.14115727591139526,0.14570141206095566,0.16686806591931225,1.0,0.0,0.15308151093439348,1.0565995026299195,True,Technology,0.30434782608695654,0.3121272365805168,8.0,11.799999999999997,1.0,1.0,2.6587176605797755
XENE,2026-09-30,37.38,37.53,36.71,37.19,2466583,18.6,,Z3,MARKUP,0.06474305619823316,0.017231947483588472,-0.38016666666666665,-0.4881640517478668,0.030609456135556098,-0.2003474560278642,-0.30655197414519175,-0.294920916738139,1.0,0.0,0.0,1.1003275923048716,True,Healthcare,-0.344785059901339,0.031050734682561698,5.0,6.100000000000001,0.0,1.0,2.6874119659341993
VNCE,2026-09-30,9.94,10.33,9.61,10.07,234293,59.3,T5,,MARKUP,0.11227667351946596,-0.09360936093609351,0.5492307692307692,-0.22478829869130101,0.6386138613861386,0.10391585942937409,0.3003395921002563,0.8903085637745425,1.0,0.0,0.9572301425661913,0.6836156800161433,True,Consumer Discretionary,0.16821345707656632,0.16147635524798165,13.0,-9.700000000000003,1.0,0.0,2.772016971675019
BNC,2026-09-28,5.9,5.96,5.55,5.63,1002796,60.2,,Z2G,MKDN,0.09103097134199535,-0.14307458143074592,0.8704318936877078,-0.1887608069164266,0.7188841201716738,0.10442417760484735,0.3816487012527956,0.15686819851626366,0.0,0.0,1.018181818181818,0.20480774339111948,True,,0.06831119544592035,0.20815450643776812,17.0,-15.299999999999997,0.0,0.0,2.7875243578394615
SCTX,2026-09-29,21.53,23.75,21.29,23.03,671398,38.9,T2,,MARKUP,0.1625140989085966,-0.17955112219451363,-0.24590700720366732,,,-0.141962429275324,,,0.0,0.0,-0.1916,1.2154089200529872,True,,-0.27258370183196456,0.13953488372093026,2.0,-5.800000000000004,1.0,0.0,2.7991612261451584
MGM,2026-09-24,33.87,34.54,33.43,33.69,19875332,16.0,,Z2G,MARKUP,0.035112697316700865,-0.12059514487079104,-0.22480441785549943,-0.3017616580310881,0.01754385964912267,-0.1470296005495184,-0.19141328628396292,-0.16549574183674043,1.0,0.0,-0.12349239643418986,2.1588560289588665,True,Consumer Discretionary,-0.17284556837711762,0.0077774454083159306,0.0,-3.5,0.0,0.0,2.813105694281267
RSKD,2026-09-29,7.71,7.74,7.57,7.71,2168516,71.7,,Z7,MARKUP,0.04442153914858172,0.09985734664764623,0.22575516693163755,-0.05630354957160344,0.8580246913580247,0.1318282574669698,0.24003874079316967,0.4551567526128726,1.0,0.0,0.160621761658031,1.760043512489516,True,,0.24354838709677407,0.2598039215686274,13.0,4.1000000000000085,0.0,0.0,2.8762189132754115
ACAD,2026-09-24,24.38,24.38,21.97,22.18,6761105,20.3,,Z2G,MARKUP,0.04791455070565559,-0.19198542805100183,-0.25016903313049355,-0.2835917312661499,0.02335928809788663,-0.17711697071070764,-0.1779888513535567,-0.10813130915003333,1.0,0.0,-0.17530030030030042,1.812912099820071,True,Healthcare,-0.20043258832011535,0.009558488848429691,0.0,-24.8,1.0,0.0,2.948741642193751
PRTH,2026-09-29,7.77,7.8,7.76,7.79,1629729,78.7,T4,,MARKUP,0.03262486195957712,-0.0012820512820512775,0.46704331450094183,-0.0063775510204081565,0.9817518248175183,0.15045371207013503,0.22898876395557322,0.2569557714952313,1.0,0.0,0.49518304431599214,0.9344381022501753,True,Industrials,0.29617304492512475,0.35478260869565226,18.0,-0.7000000000000028,0.0,1.0,2.9749421883632934
GEN,2026-09-30,20.94,22.38,20.75,22.02,19490778,27.5,T1,,MARKUP,0.05899660173756485,-0.16050324056423948,-0.2664890073284477,-0.30426540284360193,0.14854111405835543,-0.16230032266861394,-0.19225274972976258,-0.15152651196896794,1.0,0.0,-0.2230710466004584,2.1404150697073474,True,Technology,-0.2815660685154975,0.08259587020648973,1.0,-4.799999999999997,1.0,1.0,3.01984559964277
BYND,2026-09-30,8.25,8.37,8.07,8.26,873573,39.9,T9,,MARKUP,0.10241444408985349,-0.17647058823529405,-0.3365461847389558,-0.4660633484162896,0.5215660252156602,-0.16431038225476435,-0.00019753469363381626,1.0750948052871419,1.0,0.0,-0.17737003058103973,1.2387100672656022,True,Consumer Staples,-0.24566210045662096,0.023543990086740907,2.0,-8.800000000000004,1.0,0.0,3.040598144928215
REAX,2026-09-30,16.84,16.91,16.25,16.36,511747,53.1,,Z3,MARKUP,0.09840552636346112,0.0812954395241241,-0.09463198671831774,-0.4329289428076257,0.5421554252199413,-0.0008208060564779407,0.2987223421016234,1.585373307867366,1.0,1.0,-0.0461538461538461,0.9067793880063084,True,,-0.13985278654048372,0.14726507713884995,4.0,3.5,1.0,1.0,3.1038840379786943
CDNA,2026-09-29,64.74,65.5,62.9,64.02,796293,77.9,,Z3,MARKUP,0.04463746613401304,0.13329792883696223,0.277589303532229,-0.02259541984732827,0.9612362493452068,0.1513131851930234,0.31788761061849424,0.9841034195628673,1.0,0.0,0.1565645748554294,1.403427012237519,True,Healthcare,0.21618541033434635,0.21687892035734646,19.0,1.9000000000000057,0.0,0.0,3.1888041329158905
P,2026-09-30,131.14,133.31,129.84,130.78,3199356,73.5,,Z11,MARKUP,0.050200089952724666,0.19270405836753302,0.3945404137342716,-0.018978321206211124,0.9625518058022499,0.16487664517773326,0.2895953551901571,,0.0,0.0,0.2662873717090586,0.8091326759205965,True,Technology,0.33982173957586315,0.31239337681886603,19.0,13.200000000000003,0.0,0.0,3.194760657572408
IOVA,2026-09-28,10.88,11.16,10.68,10.99,12230505,74.2,T11,,MARKUP,0.0520302368089523,0.07850834151128572,0.37203495630461925,-0.015232974910394215,0.977027027027027,0.14652579569701762,0.3769344120406466,1.1517481925482427,1.0,0.0,0.30939947780678834,0.9851691494608255,True,Healthcare,0.1868250539956804,0.22383073496659245,19.0,-0.09999999999999432,0.0,1.0,3.2113455641949478
PS,2026-09-29,58.85,59.0,52.93,53.56,333768,63.2,,Z1,MARKUP,0.07036610501813932,0.04242896068509139,0.24790307548928237,-0.1064397731064397,0.769591910436981,0.1378215679961441,0.272546172523648,,0.0,0.0,0.3507838745800673,0.49688656193209146,True,Financials,0.3733333333333333,0.3984334203655353,18.0,-6.700000000000003,0.0,1.0,3.2410022677479007
SDGR,2026-09-30,30.55,32.45,30.18,31.05,3894105,74.1,T2G,,MARKUP,0.05777509894390211,0.06226479644201155,0.4899232245681382,-0.04314329738058553,0.9215246636771299,0.1794543566875615,0.39824225667344093,0.7432365097961269,1.0,0.0,0.4863123993558778,0.9337411743897341,True,Healthcare,0.2975344755536984,0.2889165628891657,13.0,2.0,0.0,1.0,3.309379155419435
ALMS,2026-09-30,7.35,7.55,7.15,7.39,1402845,22.4,T2G,,ACC-TR,0.13121959449797685,-0.006720430107526987,-0.21964097148891248,-0.764274322169059,0.022838499184339296,-0.2636455480042226,-0.5282909421679111,-0.6083898157775074,0.0,1.0,-0.06566347469220235,0.49715609213446804,True,Healthcare,-0.0692695214105794,0.08199121522693997,2.0,2.0,1.0,1.0,3.4224593602321036
SWMR,2026-09-24,22.7,23.3,21.85,21.97,796169,32.0,,Z1G,MKDN,0.15464792882382994,-0.08572617561381612,-0.40701754385964906,-0.5681148024375859,0.01600272386789237,-0.2429919119507702,-0.3587109452578079,,0.0,0.0,0.016279069767441978,0.7636227468589093,True,Technology,-0.38955265351486534,0.021860465116279038,7.0,-2.299999999999997,0.0,0.0,3.4694370884916435
TXG,2026-09-24,75.5,85.93,74.6,84.11,4096806,72.7,T4,,MARKUP,0.05871336520543297,0.09276341431726642,0.30890133831310296,-0.021180030257186178,0.9641802794725446,0.17955106643132845,0.37903165795568006,1.2097743704146935,1.0,0.0,0.27086882453151606,1.2157884253899491,True,Technology,0.2670985236517025,0.29939749729646215,17.0,-2.0,0.0,1.0,3.6385211727369224
TWST,2026-09-28,181.82,187.87,175.02,179.6,2197165,70.5,,Z2G,MARKUP,0.06204743232936532,0.0830368449617076,0.27033526665723584,-0.044019800926172414,0.9229120059656971,0.1692282020037703,0.35556496837876383,1.0962661709092494,1.0,0.0,0.30485065313254034,1.2840193899407149,True,Healthcare,0.332838589981447,0.3653641477877452,12.0,-1.2999999999999972,0.0,1.0,3.7304979178250943
CABO,2026-09-24,15.82,16.13,15.01,15.63,334213,30.3,,Z2G,ACC-TR,0.16039126280322832,-0.13694091662065155,-0.3948896631823461,-0.7264134430246805,0.014719848053181408,-0.2581568534551064,-0.46353415608914816,-0.7616883583738476,0.0,0.0,-0.15341229554427527,1.159592131255007,True,Communication Services,-0.27200745225896594,0.04130579613590957,0.0,-2.6999999999999993,0.0,0.0,3.7948990761219834
MRNA,2026-09-30,186.55,196.83,184.58,192.57,20623184,68.3,T12,,MARKUP,0.07032864162343849,0.05743781231124023,0.24826602709535228,-0.07817137386309247,0.8954813108038914,0.14904907611407148,0.4522723190114697,1.4732612294116478,1.0,0.0,0.38357109986194193,1.053891587112681,True,Healthcare,0.3224145035022661,0.28809364548494987,14.0,-3.6000000000000085,0.0,1.0,3.9233941014593436
VEEE,2026-09-30,13.08,13.22,12.13,12.13,84715,51.3,,Z1G,MKDN,0.16129974627760377,-0.05086071987480423,0.2904255319148936,-0.7814020544242206,0.15428125609518237,0.014187101014040637,0.04195721342895786,-0.5031355910211384,0.0,0.0,0.4400479616306954,0.04976210921230208,True,Industrials,0.41046511627907,0.4544364508393286,9.0,-3.8000000000000043,1.0,0.0,3.933413660841761
VICR,2026-09-30,290.68,292.08,280.35,288.94,661711,71.3,,Z2,MARKUP,0.058783955053558476,0.0204124876394971,0.6417978294221263,-0.027138047138047128,0.9352298296367727,0.1925918922337917,0.2459397875363547,0.396181454299505,1.0,0.0,0.5414928140936486,0.7913672698985454,True,Technology,0.5710945571203305,0.39888646816751394,19.0,-1.2000000000000028,0.0,1.0,4.031653877632214
SION,2026-09-30,5.19,5.34,5.02,5.26,1157751,28.4,T1G,,SPRING,0.18254958750781672,-0.04537205081669693,-0.18575851393188858,-0.9043114426050574,0.024529042386185244,-0.2512512217331838,-0.645123875404689,-0.8145430816611364,0.0,0.0,-0.0563909774436091,0.7195577253444412,True,Healthcare,-0.25284090909090917,0.047808764940239,0.0,0.1999999999999993,1.0,1.0,4.231725904026947
QMCO,2026-09-30,32.83,33.18,31.4,31.72,1299965,72.3,,Z1,MARKUP,0.07739752612861446,0.22140931844435885,0.31237070748862217,-0.08535178777393315,0.8844652615144418,0.18285257970544788,0.4286199070915637,1.2577037379942224,1.0,0.0,0.17234936945352652,1.7329214438047231,True,Technology,0.33109525807805285,0.30534979423868314,18.0,7.5,0.0,1.0,4.23995498254771
BIAF,2026-09-30,6.56,7.0,6.56,6.56,108252,48.9,,Z7,MARKUP,0.25522927248535776,-0.17380352644836283,-0.004552352048558417,-0.6776412776412777,0.31118881118881114,-0.10183453122514663,0.20239564883331118,0.9001892358422563,1.0,0.0,0.4385964912280702,0.03223247254938557,True,Industrials,0.22616822429906547,0.01705426356589146,10.0,-4.899999999999999,0.0,0.0,4.309362016305708
WCT,2026-09-30,8.04,8.3,8.0,8.09,846504,83.5,T2,,MKDN,0.07590350474367424,0.07579787234042556,4.992592592592592,-0.036904761904761996,0.9613466334164589,0.2382454865154633,0.8508438323566667,0.7336897374836389,0.0,0.0,18.605263157894736,1.787029010383189,True,,0.05064935064935061,0.14427157001414415,19.0,2.5,0.0,0.0,4.490973280575033
BEAG,2026-09-30,10.68,10.7,10.68,10.68,741500,42.0,,Z7,MARKUP,0.008424342900347543,-0.003731343283582156,-0.005586592178770999,-0.03870387038703871,0.1568627450980394,-0.006157202960759833,-0.004369926553767112,0.004166356680531447,1.0,0.0,0.007547169811320753,3.832054914523427,True,,-0.015668202764976935,0.0,12.0,-3.5,1.0,0.0,4.59116887872536
DBGI,2026-09-24,5.76,6.38,4.61,5.13,943836,44.3,,Z3,MKDN,0.2985659146325383,0.16063348416289602,-0.32321899736147763,-0.8341416100872939,0.1540983606557377,-0.10858654763164077,-0.23935909927345134,-0.1820808464506155,1.0,0.0,0.22611464968152872,0.43528531997020126,True,Consumer Discretionary,-0.24447717231222388,0.3864864864864863,14.0,4.299999999999997,0.0,1.0,4.664332548498832
DNA,2026-09-28,10.38,10.79,10.1,10.46,2122119,71.2,T10,,MKDN,0.07037230571894958,0.3107769423558897,0.5028735632183909,-0.030583873957367724,0.9236111111111115,0.2541466695721626,0.30694483922230686,0.24287469330144118,0.0,0.0,0.19631901840490795,1.713560396041345,True,Healthcare,0.4921540656205423,0.5137481910274966,11.0,10.400000000000006,0.0,1.0,4.831735047079709
PSQL,2026-09-30,6.25,6.46,6.1,6.36,1294425,8.0,T9,,ACC-TR,0.34845270180734206,-0.14859437751004012,-0.5912596401028278,,,-0.28202371206113763,,,0.0,0.0,,0.8484802856149236,True,,-0.1463087248322147,0.047775947281713416,1.0,1.2000000000000002,0.0,0.0,5.081905537606293
DFNS,2026-09-24,7.85,7.93,7.51,7.87,212939,38.8,T5,,DIST-TR,0.329722235571847,-0.0012690355329948444,-0.3375420875420876,-0.9135164835164835,0.08608179419525067,-0.27889907941402103,-0.4260531615721804,,0.0,0.0,0.00805369127516764,0.5208871218412272,True,Industrials,-0.20020325203252032,0.05637583892617459,6.0,0.5,1.0,1.0,5.131891558954715
AEHL,2026-09-30,8.42,10.5,8.39,10.27,148288,59.8,T2,,MKDN,0.19222294828046282,0.24939172749391703,1.0539999999999998,-0.3883263847528291,0.6053268765133172,0.2916378020828967,0.7204246281969033,0.8732034944678411,1.0,0.0,1.5838926174496644,0.05499435381784442,True,,0.11388286334056397,0.5214814814814814,11.0,4.899999999999999,0.0,0.0,5.485909054891652
XNDU,2026-09-24,5.12,5.12,4.8,5.1,15010323,16.6,,Z2G,ACC-TR,0.13060428932972828,-0.3342036553524804,-0.5029239766081872,-0.5920000000000001,0.03896103896103894,-0.360782102227158,-0.4696853649106597,,0.0,0.0,-0.34959349593495936,2.9372057830368887,True,,-0.43207126948775065,0.0625,0.0,-11.599999999999998,0.0,0.0,5.682687702854792
CLRO,2026-09-28,5.83,6.0,4.19,5.1,28252183,53.5,,Z11,MKDN,0.14012231667508818,0.1434977578475336,-0.04850746268656725,-0.6909090909090909,0.1337386018237082,0.11286430782430701,0.020895283107314366,0.01641117539539927,0.0,1.0,-0.1691542288557213,3.9612704539019497,True,Industrials,0.11353711790392995,0.5269461077844311,2.0,11.0,1.0,0.0,5.755498823575402
XHLD,2026-09-25,12.7,13.6,12.7,12.95,1289004,72.5,T2,,MARKUP,0.10946029044451022,0.31605691056910556,0.5640096618357489,-0.16072585871678546,0.830947511929107,0.27081023425338646,0.7166164986392458,2.0394759621025225,1.0,0.0,0.35343618513323993,0.6191706463158473,True,Industrials,0.033519553072625774,0.5987654320987654,19.0,12.5,0.0,1.0,6.0311973645153305
SECZ,2026-09-30,15.76,15.85,14.28,14.59,3361328,65.6,,Z2G,MKDN,0.09065217787196618,0.016016713091921986,1.3344,-0.14226925338036456,0.7961246840775061,0.22428926552465756,0.4678181285099907,,0.0,0.0,1.3257328990228014,1.2065609996504492,True,,0.8777348777348779,0.7771010962241167,19.0,-12.300000000000011,0.0,1.0,6.464574321859685
ARTL,2026-09-24,4.87,5.35,4.51,5.17,1053380,56.3,T10,,MKDN,0.28173934767802566,0.3022670025188916,6.281690140845071,-0.6713286713286714,0.3057199211045365,0.16449699193865608,0.5996941854532503,0.0328058549463035,0.0,0.0,6.4230769230769225,3.4010471354549883,True,Healthcare,-0.08170515097690945,0.498550724637681,19.0,3.1999999999999957,0.0,1.0,6.603349694482273
XRPN,2026-09-30,13.86,16.99,13.75,16.4,2732727,99.3,T2G,,MARKUP,0.05688743283577211,0.5515610217596971,0.5604186489058038,-0.03529411764705892,0.9089529590288313,0.4500897911971735,0.513566992270402,0.5631177325119265,1.0,0.0,0.006679389312977069,2.65023653937627,True,,0.5574548907882242,0.5574548907882242,19.0,33.39999999999999,0.0,1.0,7.311204445079291
GRAL,2026-09-29,132.75,140.88,131.2,136.57,922793,88.9,T2G,,MARKUP,0.058739989304050146,0.264888394924516,0.707125,-0.030593412833617273,0.9462056914628058,0.3822448954574673,0.6109655866410946,0.9132967151300126,1.0,0.0,0.38823849714130154,1.478796158689761,True,Healthcare,0.8081556997219648,0.842552617377226,10.0,7.900000000000006,0.0,1.0,7.418704507720422
SRZN,2026-09-25,34.72,37.83,28.55,29.54,1929574,65.6,,Z4,MKDN,0.1076766920820602,0.784894259818731,0.2303206997084546,-0.21913825006608512,0.6177962194559705,0.3789324972640806,0.3422714580963002,0.33428644317510603,0.0,1.0,-0.017650639074862973,3.313563545989617,True,Healthcare,0.5547368421052632,0.8302354399008673,2.0,43.8,1.0,1.0,8.676224752172907
INLF,2026-09-25,6.25,6.87,4.57,5.1,49375686,67.3,,Z5,MKDN,0.123440507854654,0.8959107806691449,0.25,-0.4853683148335015,0.5136501516683518,0.47001242847244296,0.39723047338402573,-0.09902333955626264,0.0,1.0,-0.007547169811320753,3.951354214552001,True,,0.5548780487804879,0.9391634980988592,4.0,31.9,1.0,1.0,10.027427078022205
USDE,2026-09-28,16.56,17.07,15.51,15.56,4079763,70.6,,Z9,MARKUP,0.11241567427670543,0.23492063492063497,1.301775147928994,-0.11085714285714288,0.8800247371675942,0.5032712511894646,1.149056962331215,,0.0,0.0,1.2961608775137115,0.9091016791269095,True,,1.0913978494623655,1.6507666098807494,8.0,-2.200000000000003,0.0,1.0,11.867087526329868
TNMG,2026-09-24,4.36,5.04,4.17,5.01,1155390,78.0,T2,,MKDN,0.14445552838198977,0.8624535315985129,7.637931034482758,-0.29436619718309853,0.6921944035346097,0.739440849884752,1.7899365147973572,1.0394253434146492,0.0,0.0,8.297297297297296,3.6322187270464856,True,,0.4314285714285713,0.9647058823529413,14.0,10.0,0.0,1.0,12.575862737408807
TJGC,2026-09-25,29.77,30.77,25.89,26.24,105225,84.4,,Z3,MARKUP,0.09641403640237477,0.5581947743467932,2.3047858942065487,-0.14722131946701333,0.8358100761145342,0.7301425577060954,1.5482254540341063,,0.0,0.0,2.34,0.13749518166919247,True,,1.3449508489722968,1.4754716981132074,19.0,-6.5,0.0,1.0,13.515157044628555
AEMD,2026-09-30,6.4,6.66,6.27,6.52,118546,74.8,T2G,,MKDN,0.10727985915939992,-0.042584434654919234,2.543478260869565,-0.3136842105263158,0.6677814938684503,0.35910373071567503,0.9125283110056592,0.6426131402071829,0.0,0.0,3.2198581560283692,0.024435131674198363,True,,3.559440559440559,0.12413793103448278,10.0,-6.200000000000003,1.0,1.0,18.03678467419106
APUS,2026-09-30,5.04,5.25,4.72,5.0,191508,59.2,,Z2,MKDN,0.23425868916516138,1.1834061135371177,0.41242937853107353,-0.4529540481400438,0.514654161781946,0.3381826573039093,0.39834718930572866,-0.37187162964998655,0.0,0.0,2.0529801324503314,3.9132905062871473,True,Healthcare,2.125,2.125,10.0,16.0,1.0,0.0,18.06721983186576
GRML,2026-09-29,10.5,11.6,9.6,10.38,8050556,59.2,,Z2G,MARKUP,0.23751518812828565,-0.26643109540636034,1.1402061855670107,-0.4299835255354201,0.5662049861495845,0.3145603777313133,1.1453065695276972,,0.0,0.0,2.404255319148936,1.160237756650095,True,,2.3376205787781354,2.6808510638297878,7.0,-23.5,0.0,0.0,19.27470689627631
MSGY,2026-09-30,4.93,6.96,4.79,5.66,11925465,62.5,T2G,,MARKUP,0.24363346568107444,1.7881773399014782,2.10989010989011,-0.5043782837127846,0.48525469168900803,0.8552273026953654,1.5983602147112208,1.8989391716896553,1.0,0.0,0.11560693641618491,3.9810115776063664,True,,1.7211538461538463,1.9947089947089949,15.0,6.5,0.0,1.0,20.63465996006372
SVRN,2026-09-30,72.11,74.74,43.03,49.98,715279,69.5,,Z4,UTAD,0.15827566480427863,0.5354838709677421,4.403243243243243,-0.3312817768263313,0.6403253922138292,0.6239044986697371,1.5814666398633723,2.34643250358859,1.0,0.0,2.927250308261406,1.5018424119976856,True,,3.2717948717948717,3.08,17.0,-17.099999999999994,0.0,1.0,24.73935400791904
GLND,2026-09-30,4.58,5.45,4.5,5.13,21367430,73.9,T2,,MKDN,0.13720042529745421,0.7628865979381443,2.6906474820143886,-0.23318385650224216,0.7214285714285714,0.7020589882633119,1.0822868637232554,,0.0,0.0,1.9266055045871555,2.080994565825184,True,Energy,3.2750000000000004,3.384615384615385,15.0,0.30000000000001137,0.0,0.0,25.603100742052938
VRME,2026-09-29,8.36,9.41,7.35,8.14,115060,94.3,,Z1G,MARKUP,0.09405688459174286,6.8269230769230775,11.71875,-0.13496280552603612,0.8560090702947847,4.224152368037932,6.700420217756705,8.58854870370348,1.0,0.0,0.3728813559322035,0.7339109069276818,True,,11.523076923076923,11.149253731343284,16.0,30.5,0.0,1.0,102.33446301130694
JAGX,2026-09-29,5.37,6.1,5.0,5.32,935269,50.9,,Z2G,MKDN,0.7940505141541596,-0.8456181079512478,5.734177215189874,-0.8718998314471467,0.12388095814178564,0.0031901615367297964,0.49477831867926203,-0.6856480072774842,0.0,0.0,24.0,2.1089756502351076,True,Healthcare,23.181818181818183,24.333333333333336,10.0,-47.50000000000001,1.0,0.0,174.40222041187965
WHLR,2026-09-25,4.86,5.44,4.38,5.2,13231574,75.0,T1G,,MKDN,0.17912439862949983,18.25925925925926,3.6428571428571423,-0.4029850746268657,0.5870588235294117,2.1380288249848682,3.431962132387854,-0.8405094395040518,0.0,1.0,-0.22222222222222232,2.2218152011984444,True,,12.333333333333334,23.761904761904763,4.0,35.9,1.0,1.0,185.1015687015332
DCX,2026-09-28,6.21,7.45,5.73,6.17,112828,91.6,,Z2G,MKDN,0.10201343620538438,50.41666666666667,7.337837837837839,-0.17181208053691277,0.827027027027027,5.632332251815482,5.53075344448021,1.3211563141363896,0.0,1.0,-0.5454545454545454,2.945992912350665,True,,14.048780487804878,122.39999999999999,2.0,69.19999999999999,1.0,0.0,746.0518532102952
