ticker,date,open,high,low,close,volume,rsi_14,t_sig,z_sig,phys_wyc,atrp,ret5,ret20,dd60,pos60,e20,e50,e200,gc,spring,undercut,vr,elig,sector,dist
FND,2026-09-29,46.75,47.26,46.16,47.07,1987996,41.9,T2G,,MKDN,0.04068720122048974,-0.041148910165003105,-0.06365625621643134,-0.2558102766798419,0.08380520951302362,-0.026852013895381166,-0.0781194066894314,-0.16847662396413654,0.0,1.0,-0.007834602829162152,0.9095723339979132,True,Consumer Discretionary,0.22559257396049545
SAIA,2026-09-29,330.56,337.25,329.67,336.32,202009,42.4,T2G,,MKDN,0.03685617137485115,-0.034617371835352184,-0.052966519302790505,-0.2356189913407123,0.12477838750527627,-0.022101754158019293,-0.07278064240868354,-0.10217050304285835,0.0,1.0,-0.009335428412977076,0.9865273009686251,True,Industrials,0.22873195215113443
BDC,2026-09-24,112.64,113.73,110.6,110.8,345265,42.2,,Z2G,MKDN,0.039337682310187846,-0.01018402715740574,-0.06173257684816669,-0.20998217468805702,0.30295857988165675,-0.03876066428091651,-0.051768292078547384,-0.058114876808902816,0.0,0.0,0.004371584699453646,0.9687000393369736,True,Materials,0.2562474952025842
SGRY,2026-09-21,13.41,13.74,13.09,13.66,2311181,44.2,T2G,,MKDN,0.05008100523341763,-0.027065527065527006,-0.059228650137741035,-0.21674311926605505,0.1543624161073824,-0.024711313411627245,-0.05542806783076604,-0.1196903839245953,0.0,1.0,-0.01593323216995446,1.0506167146690077,True,Healthcare,0.2564059144642597
SNDX,2026-09-28,18.16,18.16,17.6,17.86,1554156,40.6,,Z1,MKDN,0.04577148728530863,-0.011621472053126802,-0.08597748208802458,-0.29239302694136293,0.09447852760736193,-0.036832948634482054,-0.07829342837743836,-0.08716487629278769,0.0,1.0,-0.00927536231884063,0.95228709905903,True,Healthcare,0.26188820767748183
SOLS,2026-09-28,56.0,57.54,55.35,56.93,2919343,42.3,T2,,MARKUP,0.04061511749710746,-0.01317386028774481,-0.10388792696363924,-0.22869529874000816,0.15346038114343036,-0.030687019334558197,-0.07475878127776714,-0.12799440294827824,0.0,0.0,0.014479472140762395,0.8587719458201388,True,Materials,0.2641192375642226
OFRM,2026-09-29,16.31,16.61,15.64,15.81,800522,40.0,,Z1,MKDN,0.0477201134859112,-0.03243574051407583,-0.08718244803695152,-0.2757672927164452,0.14366998577524895,-0.04482884897919148,-0.06399493733186612,,0.0,0.0,0.02692055154300732,0.9778605059479923,True,Consumer Staples,0.2689705344259845
RYZ,2026-09-29,24.16,24.35,23.5,23.79,322886,40.4,,Z1,MKDN,0.0390599586121689,-0.01572196938353343,-0.05067837190742219,-0.2565625,0.06385404789053578,-0.034093878451390225,-0.0732177605030424,,0.0,1.0,-0.0190033783783784,0.983523567950271,True,,0.27062601697687855
SGI,2026-09-29,62.54,62.95,61.24,62.26,2609391,41.4,,Z2,MKDN,0.03665410791363936,-0.038158504557392336,-0.03845559845559854,-0.21039949270767278,0.07110862262038055,-0.03475947403615509,-0.06291102887400879,-0.14614105400933475,0.0,1.0,-0.011026431003729575,0.8625502513317664,True,Materials,0.2748960771941157
FLOC,2026-09-24,19.44,19.59,19.05,19.5,440135,39.4,T2G,,MKDN,0.044133447429678965,-0.04364884747425213,-0.04878048780487809,-0.1875,0.1620111731843577,-0.046096726030130486,-0.07433036634934076,-0.07961073037795008,0.0,0.0,-0.026140440799589992,0.9426479559634783,True,Industrials,0.2762218205050703
HNRG,2026-09-24,14.41,14.69,14.13,14.54,686251,39.8,T3,,MKDN,0.046925470700717925,-0.041529334212261126,-0.10467980295566504,-0.20022002200220024,0.19646799116997768,-0.04982674736257153,-0.07579314077488764,-0.1422748552833274,0.0,0.0,0.012177650429799458,0.9838775136569416,True,Utilities,0.27738834862435424
LPX,2026-09-29,65.3,66.8,65.21,65.76,994987,41.2,T12,,MKDN,0.03424633221356369,-0.0332255219053218,-0.06736633101687706,-0.17262204328132857,0.08472314876584452,-0.02341379840076452,-0.0585798347951072,-0.13414605740703966,0.0,0.0,0.007598077221274702,0.9119110666220528,True,Materials,0.2821281424063603
DRVN,2026-09-24,12.3,12.42,11.97,12.04,964875,40.0,,Z2G,MKDN,0.040310461406135444,-0.01794453507340954,-0.0738461538461539,-0.24229074889867852,0.02035623409669168,-0.03864591460777855,-0.07328361502336389,-0.13136053602932152,0.0,0.0,0.0008361204013378476,0.8154118386920304,True,,0.3028237317449638
RYAN,2026-09-29,37.71,38.18,37.42,37.85,1154786,40.1,T12,,MKDN,0.04151515899381019,-0.015348595213319327,-0.10265528686581316,-0.2148931756896909,0.15840779853777437,-0.03825691397173536,-0.058181911000443565,-0.10978556495803493,0.0,1.0,-0.03390742734122709,0.8936239277421899,True,Financials,0.3106406692459385
IMTX,2026-09-23,8.8,8.89,8.57,8.6,384171,40.9,,Z1,MKDN,0.04482423418862901,-0.004629629629629761,-0.06926406926406936,-0.21028466483011943,0.1580882352941175,-0.037838871188905276,-0.06628625491813167,-0.08771351348818612,0.0,0.0,0.016786570743405393,0.7996419993579519,True,,0.31099980521723797
IBM,2026-09-25,226.15,228.99,225.19,225.51,4144344,41.2,,Z2G,MKDN,0.031118026907599038,-0.017599651492049784,-0.05561371916746938,-0.27674791533034004,0.23372702246692115,-0.035972392168336365,-0.04969619206817266,-0.10650604675359887,0.0,0.0,-0.016465758211041237,0.9266123731411136,True,Technology,0.3128086231554851
PAHC,2026-09-23,35.14,36.04,34.04,34.1,141691,39.7,,Z1,MKDN,0.040322443173923604,-0.03399433427762033,-0.05093236849429439,-0.1611316113161131,0.34565434565434583,-0.0431298829686898,-0.04649037825888891,-0.10873913144770175,0.0,0.0,-0.017037250938492732,0.9831936843481711,True,Healthcare,0.3138637704543894
IRTC,2026-09-22,111.64,112.2,109.65,110.53,402812,39.4,,Z5,MKDN,0.042574576337998146,-0.012066499821236976,-0.11752495009980035,-0.1913819591777014,0.16714422158548234,-0.04341354851060408,-0.060500664533721715,-0.1380049118982969,0.0,1.0,-0.020689655172413834,0.9245758896912366,True,,0.3179251815016708
LOAR,2026-09-29,63.79,64.56,62.28,63.55,755459,37.5,,Z2,MKDN,0.040055251716917095,-0.009661835748792313,-0.09460037042313718,-0.22043670264965654,0.08316326530612224,-0.03626370744587548,-0.06862165340681947,-0.0839967089348842,0.0,1.0,-0.01854493580599148,0.979779104285727,True,Industrials,0.31948216327724177
ALGN,2026-09-30,144.61,146.68,142.83,145.35,917817,38.7,T1,,MKDN,0.0329385532189825,-0.019032192751569088,-0.06201600413009822,-0.22669716961055553,0.0680227471566051,-0.03426077325732191,-0.0822795713293446,-0.12521107514964347,0.0,0.0,-0.02274132600480938,0.9495828286770556,True,,0.3211577761517129
ARLO,2026-09-28,12.68,12.77,12.29,12.6,1174403,39.8,,Z2G,MKDN,0.04579178520945973,-0.0547636909227307,-0.022498060512024853,-0.24142083082480437,0.07175925925925937,-0.05100534375445642,-0.06260510255865626,-0.09006594741655172,0.0,1.0,-0.0072697899838450875,0.9034993320003362,True,Industrials,0.32176876676273697
OTEX,2026-09-24,23.13,23.28,22.5,22.66,957767,41.9,,Z4,MKDN,0.03299042455688037,-0.03656462585034015,-0.06863953966296743,-0.15542303391725676,0.2306273062730628,-0.033595020154759236,-0.04289639091907127,-0.09967198097657537,0.0,0.0,0.008064516129032251,0.9922770171840474,True,Technology,0.3265346430910662
PBH,2026-09-29,46.73,46.85,46.04,46.74,566702,43.0,T10,,MKDN,0.03310131371067449,-0.020741671904462522,-0.09733487833140209,-0.16520807287015538,0.19774501300954042,-0.021780176331439804,-0.04988079057377037,-0.15097923050445383,0.0,0.0,0.011470985155195734,0.9212021911704144,True,Healthcare,0.32774284196267284
INTR,2026-09-23,5.57,5.63,5.22,5.24,3780822,42.2,,Z4,MKDN,0.047043529948885665,-0.038532110091743066,-0.07092198581560272,-0.13815789473684204,0.19230769230769248,-0.04662958865441125,-0.059524804893944405,-0.20806892443440705,0.0,0.0,0.0038461538461538325,0.8466132984288822,True,,0.32949378441712185
RDDT,2026-09-25,152.73,154.76,149.82,149.84,2871121,44.7,,Z4,MKDN,0.05137012322488115,-0.0066953927742789965,-0.026696979538811227,-0.27978851237683255,0.200741452698064,-0.03164341476991617,-0.058234257985256055,-0.10098622304741911,0.0,0.0,0.02997142259705865,0.860280832338204,True,Technology,0.3356798733347858
ACM,2026-09-22,63.74,63.99,62.06,62.27,1262800,40.7,,Z4,MKDN,0.03413104082720075,-0.029457605985037327,-0.04185259270657016,-0.18972023422251127,0.11636363636363652,-0.03336883934448831,-0.06753839746720458,-0.2296274573088758,0.0,0.0,0.003081914030819144,0.8546547945692219,True,Industrials,0.3385208335307004
MTH,2026-09-30,64.65,64.67,62.79,62.85,634539,39.1,,Z2,MKDN,0.032567643364959646,-0.015815847165674857,-0.06861292234736227,-0.2016006097560975,0.09158557527189476,-0.039428265621091585,-0.07676819201745966,-0.0966783519524459,0.0,0.0,0.025142857142857133,0.8844049144451911,True,,0.3389106782154223
GXO,2026-09-29,45.23,45.75,44.28,44.76,1256918,41.0,,Z2,MKDN,0.03286735252645253,-0.022066856019226644,-0.06222501571338779,-0.18291347207009867,0.10295434198746628,-0.024997830774406427,-0.05508777489888195,-0.10967424068826981,0.0,0.0,-0.030673482996221413,0.9608387801251305,True,Industrials,0.33970109223262746
CHDN,2026-09-25,79.48,80.07,78.95,79.77,559811,37.9,T9,,MKDN,0.03342793797223806,-0.026126236112806733,-0.07791006820020818,-0.15907653383934217,0.10071513706793787,-0.04077484819417743,-0.06560597195509665,-0.11588485192866493,0.0,1.0,-0.01786163522012585,0.926630407743361,True,Communication Services,0.34001926408816857
ACI,2026-09-28,11.63,11.89,11.54,11.64,7656677,39.6,T5,,SPRING★,0.032741383903437435,-0.03960396039603953,-0.07102952913008764,-0.24806201550387597,0.16883116883116905,-0.041107375642861044,-0.07591237649379923,-0.22806180223604144,0.0,1.0,-0.007738607050731039,0.8831168756435694,True,Consumer Staples,0.3411432699462063
AFRM,2026-09-29,68.91,70.31,67.83,69.3,3478232,44.8,T9,,MARKUP,0.051515045883258566,-0.0344154939389717,-0.06917394224311624,-0.2337461300309598,0.1339614911921342,-0.027853392815459843,-0.046709995613585464,0.001278586899492673,1.0,0.0,0.00908677873693775,0.9881472731761671,True,Financials,0.3441132708048813
CIGI,2026-09-30,90.73,90.73,89.04,89.8,171439,37.9,,Z3,MKDN,0.03235440250424608,-0.016537071514620583,-0.09421020778696798,-0.19244604316546765,0.1023489932885905,-0.034581723298232614,-0.06792417747174184,-0.17266582817643816,0.0,1.0,-0.005690871841566136,0.9606088772425478,True,Real Estate,0.3444633825421012
AROC,2026-09-24,30.97,30.99,29.93,30.68,1234647,40.3,,Z3,MARKUP,0.035316010347645733,-0.017296604740550947,-0.031259867382380846,-0.2460063897763578,0.07571560480147742,-0.02933991581923112,-0.07173786107477909,-0.06924733535223082,1.0,0.0,0.0023442732752847473,0.9594222282949354,True,Utilities,0.34507534703308307
CSL,2026-09-30,327.17,330.31,322.13,322.17,358485,42.5,,Z6,MKDN,0.03296617315823863,-0.005525373502901498,-0.037867701956099786,-0.18085430968726157,0.1420817754191295,-0.023535050520554046,-0.05532423272018472,-0.07977370437907882,0.0,0.0,0.0036405812042914487,0.8580876414201325,True,Materials,0.3467383623772293
AMTM,2026-09-25,19.35,19.37,19.01,19.19,1509456,38.8,,Z2G,MKDN,0.03285363450729998,-0.02091836734693875,-0.0606950562897699,-0.23484848484848475,0.029654036243822044,-0.037714302936014854,-0.07575907954561079,-0.18173038233391492,0.0,0.0,-0.010411244143675114,0.8568969775674832,True,Industrials,0.347555930968824
STNE,2026-09-30,9.44,9.51,9.24,9.34,5608888,41.8,,Z5,MKDN,0.03993509398531291,-0.015806111696522684,-0.0331262939958592,-0.19134199134199137,0.11952191235059782,-0.028731253541589563,-0.06804144637229315,-0.22528023600866143,0.0,1.0,-0.031082529474812493,0.9592649879777825,True,,0.3487632515317088
NU,2026-09-23,14.07,14.25,13.56,13.62,62880654,40.1,,Z1,MKDN,0.03932291226752094,-0.013758146270818394,-0.10039630118890364,-0.16029593094944516,0.20731707317073167,-0.04965548078086279,-0.04594663882235783,-0.04928239992294958,0.0,1.0,-0.0014727540500736325,0.9891657261521322,True,,0.3490458431863392
EYE,2026-09-25,16.57,16.81,16.41,16.53,1337439,40.1,,Z11,MKDN,0.04879860721278324,-0.020734597156398027,-0.07498601007274763,-0.30836820083682004,0.08899876390605696,-0.03088419811541221,-0.08923394935766038,-0.21858785959610927,0.0,0.0,0.008855154965211831,1.0214923647576561,True,,0.3501266627956117
BL,2026-09-24,28.07,28.5,27.47,27.89,938585,40.8,,Z1,MKDN,0.04963961564850788,-0.021403508771929758,-0.10951468710089396,-0.1962536023054755,0.09561752988047792,-0.05176583117847544,-0.0704635971818115,-0.21687958655534656,0.0,1.0,-0.010178117048346147,1.0058362465332968,True,Technology,0.3501945386338926
TAC,2026-09-24,11.82,11.87,11.68,11.77,992855,42.3,,Z1G,MKDN,0.02954088728334811,-0.0423108218063466,-0.06882911392405067,-0.20740740740740737,0.08875739644970385,-0.02709259022911803,-0.053926477435078835,-0.09186255266238419,0.0,0.0,0.018308631211856996,0.8709090804290308,True,,0.35210970223080706
HOV,2026-09-28,112.76,116.18,112.76,113.48,93920,41.8,T12,,MARKUP,0.043553392949513096,-0.015443345479784876,-0.1255297834630501,-0.19569069388333682,0.20386389850057687,-0.03727024228219056,-0.06903122359378566,-0.05270167622754374,1.0,0.0,0.0029351596548963244,0.9362774700028882,True,,0.35236544871581693
RIVN,2026-09-28,15.26,15.37,14.75,14.79,25104533,40.2,,Z1G,MARKUP,0.04557740348818178,-0.037109375,-0.07965152457996272,-0.26782178217821784,0.06724137931034463,-0.04565124873926618,-0.06489614384556963,-0.06307677400589029,1.0,0.0,-0.0053944706675657095,1.0279051173867362,True,Industrials,0.3534038358891452
KALU,2026-09-29,152.1,152.54,147.33,151.17,228876,42.6,,Z3,MARKUP,0.041840814400778206,-0.01741956451088722,-0.0479279506235043,-0.24373405372955126,0.07305936073059317,-0.027234930048441575,-0.05907546545013831,0.018466016324323542,1.0,1.0,-0.00223486387647287,0.9274063902189297,True,Materials,0.3555625023859079
BBSI,2026-09-23,33.11,33.34,32.56,32.61,80204,41.6,,Z1G,MKDN,0.03199312493030728,-0.049271137026238976,-0.035207100591715945,-0.22816568047337282,0.18443316412859556,-0.0250002857554964,-0.04590443794432231,-0.06570098653606338,0.0,0.0,0.02494474265866753,0.919636157122459,True,,0.35693569900866945
THO,2026-09-30,70.39,70.7,68.94,69.1,629453,39.4,,Z2,MKDN,0.035691293888175275,-0.044392200248928315,-0.07111170856297899,-0.15391208522101152,0.12465181058495767,-0.04201871983976557,-0.07010528994909349,-0.17278816778824213,0.0,0.0,0.0242163125835686,0.9514263152643356,True,Industrials,0.3579526702325386
MCFT,2026-09-29,19.87,20.25,19.6,20.08,232916,40.1,T9,,MKDN,0.04943064722585003,-0.019052271617000516,-0.13745704467353959,-0.22680015402387377,0.14884393063583784,-0.043595609303995975,-0.10208764520588376,-0.10265293495306516,0.0,0.0,0.020472440944881987,0.8969964143220677,True,Industrials,0.35803041005720126
DOW,2026-09-28,28.3,28.41,27.84,27.89,7994074,36.7,,Z6,MKDN,0.03354575338994887,-0.013441811107180679,-0.08587348410357265,-0.1649700598802395,0.15230769230769262,-0.04307960743741768,-0.0710370612608392,-0.0951938905217018,0.0,0.0,-0.013610315186246558,0.9116746584350782,True,Materials,0.3586402212214615
ADEA,2026-09-28,25.19,25.19,24.47,24.92,692424,43.6,,Z1G,MARKUP,0.041700453484252956,-0.023893458676067403,-0.031104199066873894,-0.22608695652173916,0.2078346028291621,-0.027163738270432725,-0.05977266120663727,0.008622205536229277,1.0,0.0,0.009933774834437026,0.8486103821815846,True,Communication Services,0.35926993667169077
CEG,2026-09-30,261.74,263.71,247.2,254.02,4439055,38.6,,Z1,MKDN,0.03778025920466771,-0.03736546915264505,-0.09378901930006067,-0.1693263570961413,0.25216637781629125,-0.04812157111455895,-0.0590924057360529,-0.11303050420840977,0.0,1.0,-0.013370584713630063,0.8113003838125741,True,Utilities,0.36108887045895716
CXT,2026-09-30,47.18,47.38,46.64,47.1,526098,43.5,,Z10,MKDN,0.037068773155349906,-0.027261462205700138,-0.0419039869812855,-0.1846979401073222,0.17478731631863867,-0.02115619830105575,-0.0346575617154139,-0.040677588923238917,0.0,0.0,0.037243532560214065,0.9263779037807613,True,Industrials,0.3653401286702912
KKR,2026-09-25,96.05,97.39,95.5,96.67,3280540,38.7,T9,,MKDN,0.03298143892473413,-0.02165772695071344,-0.11571533113794363,-0.17071287638328891,0.2103174603174603,-0.042783630919951965,-0.05390698134934091,-0.08223416530285188,0.0,1.0,-0.01209126274839667,0.9282251000377716,True,Financials,0.365381538683363
EEFT,2026-09-28,65.0,65.0,63.59,64.93,560921,36.4,,Z9,MKDN,0.03499311071177206,-0.017700453857791065,-0.07176554681915648,-0.22674764796951286,0.06758080313418265,-0.045602059665698635,-0.07597895504952668,-0.1261180167046857,0.0,0.0,-0.028138859152775697,0.9676666214375551,True,Financials,0.3655913565941063
RHLD,2026-09-22,120.38,124.21,120.2,124.08,90100,45.5,T2G,,MKDN,0.05623628379616976,0.005184705119896327,-0.03574759092322044,-0.2117400419287212,0.19414893617021278,-0.022371807006715927,-0.043392498140871094,-0.057869292582531706,0.0,1.0,-0.006080849606029504,0.9885583433707397,True,Financials,0.36587122997831256
LGN,2026-09-29,53.74,55.45,53.3,53.7,1127363,44.2,,Z5,MKDN,0.05261117680598833,-0.010138248847926246,0.002426731379503444,-0.293792740662809,0.13276397515527955,-0.017866098067380376,-0.09809017414159704,-0.1175837284122988,0.0,0.0,0.010739856801909253,0.918063109651717,True,,0.36595262223443925
UPWK,2026-09-25,8.08,8.23,7.98,8.15,2808143,39.3,T9,,SPRING,0.039036684941290895,-0.0239520958083832,-0.08632286995515692,-0.17759838546922302,0.12437810945273634,-0.039804599247322936,-0.06723910494505414,-0.26320952427124755,0.0,1.0,-0.01724137931034464,0.8967515861784457,True,Technology,0.366104219139555
BMI,2026-09-28,127.1,127.81,123.97,126.53,337964,41.7,,Z2G,MKDN,0.03290303655314186,-0.037794676806083616,-0.0669567141066294,-0.1846243072560897,0.17172593235039021,-0.029226265926464823,-0.042870903169347274,-0.13856967950073484,0.0,0.0,0.007722321573727875,1.0686678747936336,True,,0.36624085745384477
HLMN,2026-09-23,7.18,7.26,7.11,7.14,1115768,37.7,,Z2G,MKDN,0.036359331877951914,-0.024590163934426257,-0.1206896551724137,-0.25469728601252617,0.08270676691729313,-0.04087195328750026,-0.08239786926378412,-0.1254031446176953,0.0,0.0,0.023121387283236983,0.9235827813782463,True,Industrials,0.36675084082550485
BHF,2026-09-30,52.0,52.0,49.69,49.9,736303,36.8,,Z4,MKDN,0.03323947064417349,-0.04020003846893638,-0.05831288922438205,-0.2529940119760479,0.08301682040151932,-0.03847099327004788,-0.0880944705516371,-0.1506015444498764,0.0,0.0,0.02728964234029352,0.9226509686928254,True,Financials,0.3669537062172757
ASTE,2026-09-29,41.2,41.44,40.67,40.69,208453,38.6,,Z4,MKDN,0.03409773022064679,-0.03760643330179758,-0.04371327849588713,-0.30253685293109367,0.052094522019333976,-0.027770606902472128,-0.0897462206048063,-0.16924961843952202,0.0,1.0,-0.006751687921980554,0.8777131791796638,True,Industrials,0.3677230901987789
NXST,2026-09-28,162.27,165.43,160.21,161.78,370695,38.2,,Z3,MKDN,0.04021390761656792,-0.0263015347577491,-0.11749945450578225,-0.1868717330116607,0.1517225644535707,-0.03994612043292711,-0.07859710475979997,-0.13982526373643156,0.0,0.0,0.02700960484754722,0.8342040360456153,True,Communication Services,0.36800919536219573
ETD,2026-09-22,21.13,21.65,21.11,21.33,606722,40.4,T9,,MKDN,0.03261332578254567,-0.017955801104972413,-0.08376288659793829,-0.15121368881814568,0.09952606635071048,-0.035084569633234586,-0.04767544694331605,-0.06920767666466954,0.0,1.0,-0.00804543303360139,0.8533009141286286,True,Materials,0.3695739882695559
VST,2026-09-25,138.96,140.1,136.03,138.46,4985470,42.4,,Z5,MKDN,0.03248408140878646,-0.015710528186535733,-0.009655961662255907,-0.18437794533458995,0.11230856494611484,-0.023441098374201497,-0.045612274623414995,-0.11383306761431766,0.0,0.0,0.011003717472118923,0.9909321462517585,True,Utilities,0.3697831914124194
HTLD,2026-09-29,11.42,11.75,11.41,11.65,788592,41.5,T2,,MARKUP,0.03505177164792485,-0.015215553677092153,-0.05744336569579278,-0.24838709677419357,0.11697247706422015,-0.02247506225048912,-0.06788482239467564,-0.03658581510143022,1.0,1.0,-0.02280701754385961,0.9516583489602749,True,Industrials,0.3698615113755666
CC,2026-09-28,14.38,14.49,14.1,14.13,1244560,38.3,,Z1,ACC-TR,0.039816000180753985,-0.027529249827942137,-0.09539052496798961,-0.264828303850156,0.028625954198473358,-0.04713342701223433,-0.11239505750424117,-0.18333467863934105,0.0,1.0,-0.009213323883770275,0.8911254029681894,True,Materials,0.3717555817930642
BELFA,2026-09-29,200.81,203.12,194.4,198.34,96283,42.5,,Z2,MARKUP,0.04248319393206806,-0.023965356035628216,-0.0314010841431851,-0.21402813552605504,0.16055331053776828,-0.022092662904523053,-0.06757258249681153,-0.027263125577286496,1.0,0.0,0.03398755385351859,0.9775845554409921,True,Technology,0.37185516765956045
KMPR,2026-09-29,24.94,25.9,24.84,25.66,1176388,39.5,T4,,SPRING,0.03763804431276928,-0.020610687022900698,-0.08942512420156135,-0.1775641025641025,0.12893081761006295,-0.03356593782302186,-0.057993660785584544,-0.2079197858243781,0.0,0.0,-0.034589972794403456,0.9665648843067731,True,Financials,0.3718973534540079
UFPI,2026-09-28,78.39,80.29,78.25,79.42,415617,40.0,T11,,MKDN,0.030105777601020813,-0.010589261243303727,-0.0766189977909546,-0.1632954066582385,0.08066429418742582,-0.030057633197699496,-0.05837102352544432,-0.11011466624599986,0.0,1.0,-0.006364562118126305,0.979759251818877,True,Materials,0.37206647355269806
ADNT,2026-09-25,17.24,17.79,17.18,17.63,897433,43.0,T9,,MKDN,0.0497503224945137,-0.002828054298642524,-0.06372809346787034,-0.2146993318485524,0.15140845070422526,-0.04014362636423063,-0.0780522907021507,-0.13177268977133128,0.0,1.0,-0.03896848137535813,1.0401995178322514,True,Industrials,0.37524252754211856
SRAD,2026-09-21,12.21,12.72,12.06,12.54,1328775,44.3,T1,,MKDN,0.04402285132888417,-0.050000000000000044,-0.03538461538461546,-0.23583180987202934,0.20370370370370341,-0.0249193552452327,-0.06186121170867098,-0.23776008249612202,0.0,1.0,-0.00658978583196046,1.0614395529932616,True,,0.37647990619340016
SPOT,2026-09-29,499.74,501.0,488.52,493.66,1512401,39.8,,Z2,MKDN,0.03690292725494573,-0.015240375024935138,-0.09190243184577462,-0.1429513888888888,0.3138333333333335,-0.04813498279391748,-0.04130098374037705,-0.05791093883312959,0.0,0.0,-0.014265824572731511,0.924968410973161,True,,0.380939289915178
PAGS,2026-09-30,8.91,9.04,8.73,8.9,5612641,41.5,,Z11,MKDN,0.03610849465771876,-0.020902090209020896,-0.026258205689277947,-0.13676042677012612,0.2539682539682541,-0.035746402373538544,-0.03840288573185402,-0.06080462584993451,0.0,1.0,-0.015837104072398245,1.005134262247189,True,,0.38226872934039363
MPTI,2026-09-22,74.23,76.97,73.74,74.29,94728,41.0,T2,,MARKUP,0.047852048976723786,-0.017977528089887618,-0.060096153846153855,-0.29146399618502616,0.07478050257341849,-0.032556852420974836,-0.06828842578323258,0.009744801701832895,1.0,0.0,0.020189362294625424,0.8953408811055288,True,Technology,0.3830062086579255
LKQ,2026-09-30,23.26,23.3,22.8,22.83,2196235,38.1,,Z6,MKDN,0.02998159097431978,-0.025608194622279146,-0.07608255766896,-0.1631231671554253,0.2716857610474626,-0.03624588043133914,-0.06712590494953097,-0.17314542762472285,0.0,0.0,-0.02265795206971677,0.9018753588865666,True,,0.3830621561847482
SITE,2026-09-30,90.64,91.23,89.67,90.31,1026086,40.8,,Z10,MKDN,0.03178724454738345,-0.03689879492374959,-0.07345850005129784,-0.17772921788218154,0.17393144308082947,-0.02543306532611811,-0.06648861639221437,-0.1985344100488291,0.0,0.0,0.03422273781902563,0.8955442064766428,True,,0.3835276692363249
MWH,2026-09-24,25.0,25.31,24.4,25.05,867261,41.5,T5,,MKDN,0.05553849437143432,-0.026049766718506895,-0.11609033168666194,-0.2549077929803687,0.12461695607763049,-0.04343168229808281,-0.09716648508345815,,0.0,0.0,0.019640618470539106,0.7910444910263614,True,,0.3837217163746344
MOH,2026-09-28,191.0,192.05,187.16,189.64,555882,40.3,,Z2,MARKUP,0.03655160896650413,-0.04125379170879684,-0.05180000000000007,-0.22561149904038547,0.0649856151633098,-0.04071832642764861,-0.05317046722145169,-0.020090078777752707,1.0,1.0,-0.013800424628450103,0.9854063549518498,True,Financials,0.3843610928275961
LION,2026-09-28,10.8,10.98,10.6,10.97,2549484,42.1,T2,,MARKUP,0.04039418193363599,-0.04442508710801396,-0.03771929824561404,-0.2676902536715621,0.11283185840707961,-0.02565641087067483,-0.07323695049944878,-0.023035793871786336,1.0,1.0,-0.020599250936329527,1.0054764607740545,True,Communication Services,0.38568861691916456
SWIM,2026-09-30,6.16,6.35,6.12,6.23,1380757,42.7,T9,,MARKUP,0.04792766733244981,-0.017350157728706517,-0.09447674418604646,-0.20838627700127066,0.364341085271318,-0.029048881651643765,-0.03519350757254791,-0.00949394341183285,1.0,0.0,0.008250825082508406,0.9816323970014526,True,Materials,0.3861084705084091
JBTM,2026-09-29,111.21,112.5,109.97,110.32,571953,37.9,,Z3,MKDN,0.029379736039357698,-0.0267313630348478,-0.05604517840335421,-0.2512047783886514,0.0288638152715821,-0.024930280794594695,-0.07152663496876377,-0.14804091212513948,0.0,0.0,0.003021424647500437,0.8305890156394458,True,Industrials,0.3877198584651947
CRI,2026-09-28,31.3,31.85,30.54,31.0,1472354,42.8,,Z9,MKDN,0.04234802614956321,0.010101010101010166,-0.07600596125186276,-0.25677295612562934,0.16653696498054477,-0.015028414266180512,-0.08809416663168679,-0.12389628064596825,0.0,0.0,0.027720027720027796,0.8776870581050912,True,Consumer Discretionary,0.3888321669704436
TYL,2026-09-24,334.8,338.25,325.88,326.85,618898,41.2,,Z6,MKDN,0.04010667423925275,-0.04309511959481216,-0.07316035729476811,-0.1694407033771249,0.3977057176406832,-0.0448266135878046,-0.028564437359559935,-0.09837782470905565,0.0,0.0,-0.029249415011699753,0.9041995037938056,True,Technology,0.38884841992183394
CAL,2026-09-21,11.79,12.1,11.58,11.91,473601,43.0,T9,,MKDN,0.056109967426691054,-0.05023923444976064,-0.12555066079295152,-0.20227729403884798,0.20526315789473673,-0.03514466750210421,-0.05681426617020768,-0.061580479937491495,0.0,0.0,0.025686448184233823,1.0026907704089107,True,Materials,0.38989932793377746
CELC,2026-09-22,84.0,85.5,82.8,84.1,540243,42.9,T2,,MKDN,0.048639194991334005,0.016928657799274438,-0.0736865293534531,-0.2824844296561727,0.14245014245014245,-0.034511479762979635,-0.07853401668710647,-0.10085720155623978,0.0,1.0,-0.010543289506326103,0.9938891933364526,True,Healthcare,0.39192421473870726
TPL,2026-09-25,333.88,343.38,332.21,341.07,287972,40.5,T6,,MKDN,0.044300433444755954,-0.032891938639521445,-0.07746612209569659,-0.2200548822318774,0.08430868779141698,-0.04643313051941156,-0.07884665264203827,-0.11065262939195797,0.0,0.0,-0.04007743874248726,1.0724976070509074,True,,0.3938954146848463
ADSK,2026-09-23,220.02,220.57,216.11,217.15,1475671,41.3,,Z2,MKDN,0.040205940236733156,-0.014343425173618973,-0.13558377453126869,-0.2008317385543943,0.31332578331445826,-0.04018917166559555,-0.055841648183440284,-0.10809911042477782,0.0,0.0,0.032326855038045776,0.9118803772047469,True,Technology,0.3939551877749494
NN,2026-09-30,14.09,15.07,13.94,14.38,2124137,44.3,T9,,MKDN,0.06697454264442258,-0.0006949270326616075,-0.05519053876478319,-0.2781124497991968,0.2969543147208123,-0.03386598146500275,-0.07565126616377349,-0.11733126323142562,0.0,1.0,-0.0007374631268436405,0.8957678678171925,True,Technology,0.3959168620613029
ATMU,2026-09-29,44.14,44.6,43.71,43.94,1100577,34.6,,Z2,MKDN,0.030720003179874163,-0.032158590308370094,-0.06965911496929911,-0.21197991391678628,0.04446240905416308,-0.03502255701032353,-0.0792093207190222,-0.13042723019039504,0.0,0.0,0.00691403549204872,0.8565411139052537,True,Industrials,0.3960315748213748
CRMD,2026-09-21,7.72,7.82,7.62,7.77,505840,43.4,T2,,MKDN,0.03565281775898405,-0.01520912547528519,-0.05243902439024384,-0.13474387527839649,0.3563829787234041,-0.02661213641525173,-0.030606855265154276,-0.09032178810350322,0.0,0.0,0.018716577540106805,0.9699593966900862,True,Healthcare,0.3966175843503189
STRA,2026-09-25,79.65,79.65,76.63,76.83,308851,38.1,,Z1,MKDN,0.03388131411659594,-0.03770040080160331,-0.1022435148399159,-0.1437646272149783,0.23305588585017836,-0.04422260771778608,-0.05105243275762772,-0.05173712032505873,0.0,0.0,-0.016112266112266016,0.9072007122112462,True,,0.39677457712946274
BSY,2026-09-30,31.04,32.11,30.95,31.95,1787283,44.6,T4,,MKDN,0.0375424687960508,-0.02353300733496333,-0.10303200449185845,-0.16861826697892268,0.27839643652561247,-0.015548838272800847,-0.03908568109162991,-0.11096309575146968,0.0,1.0,-0.008167265599477336,0.7887596889314327,True,Technology,0.3976337612263838
STRT,2026-09-29,66.98,67.31,65.38,66.55,84260,34.6,,Z6,MKDN,0.04138582818053132,-0.012024940617577196,-0.051183347590533224,-0.28440860215053765,0.04236060825488782,-0.045631309568826106,-0.10250613302938782,-0.12187304963993595,0.0,1.0,-0.015806111696522795,0.9748696268770588,True,Industrials,0.3983851559996775
EVTC,2026-09-28,27.97,28.11,27.4,27.51,341310,38.5,,Z2G,MKDN,0.03288236277925271,-0.011143062544931692,-0.08238825883922607,-0.20052310374891003,0.06122448979591877,-0.03792450459460983,-0.050390156073530146,-0.054492186176638535,0.0,1.0,-0.011687363038714427,1.0371271071771229,True,Technology,0.39866227974040097
CELH,2026-09-29,28.11,28.54,27.34,27.71,6590327,42.3,,Z3,MKDN,0.04855048137613615,-0.05716230010207557,-0.11891891891891893,-0.23347164591977865,0.3301587301587302,-0.038808649047635924,-0.062301294602751134,-0.20749161431716667,0.0,0.0,0.008273787138021849,0.8347022186302919,True,Consumer Staples,0.3993518856432153
CPNG,2026-09-21,14.46,14.71,14.23,14.62,9034712,39.0,T1G,,MKDN,0.03432328096725028,-0.0324288550628723,-0.11124620060790269,-0.25140809011776766,0.08736059479553882,-0.03698711598829463,-0.08042838780850636,-0.23434621959691548,0.0,1.0,-0.02076124567474036,0.9567153622162237,True,Consumer Discretionary,0.39973982604562425
LI,2026-09-23,11.79,11.83,11.68,11.7,1941218,43.3,,Z5,MKDN,0.0341625261591039,-0.027431421446383997,-0.04645476772616142,-0.16666666666666663,0.09999999999999994,-0.025560293515067944,-0.06311504247671063,-0.2575933211457344,0.0,1.0,-0.008665511265164572,1.0132973035913557,True,,0.3998393574884831
TNC,2026-09-22,66.8,67.93,66.48,66.72,179781,37.8,,Z10,MKDN,0.03755628678292902,-0.027688720489653207,-0.021987686895338587,-0.2587490278857906,0.037603305785123824,-0.03565587435153972,-0.0908964071885352,-0.14283439435313017,0.0,1.0,-0.006641509433962245,1.0744413546299356,True,Industrials,0.3999262176368652
BCO,2026-09-29,104.33,105.38,102.28,103.12,452532,37.9,,Z2G,MKDN,0.03277579413280428,-0.03734129947722176,-0.05333700541632247,-0.17052767052767048,0.06772207563764321,-0.03883096829983501,-0.052385668136917696,-0.05294109872757491,0.0,0.0,-0.018463313780171187,0.8302987059408395,True,Industrials,0.4003335392432991
TTWO,2026-09-30,203.69,210.15,203.0,207.5,2448159,41.5,T2G,,MKDN,0.03235138244077848,0.005719271035285134,-0.04236662359239429,-0.2018923804761722,0.1328266975053691,-0.018258155086974148,-0.062331450835836244,-0.08641812978385544,0.0,1.0,-0.018357202618239032,0.8694355502914226,True,Technology,0.4010320671371441
FWRD,2026-09-29,15.33,15.73,14.81,15.01,578092,41.8,,Z3,MKDN,0.058298245001466825,-0.008586525759577301,-0.11705882352941177,-0.2702965483714147,0.3696145124716553,-0.044360908269271415,-0.05772509088607647,-0.14971089284404004,0.0,0.0,0.008510638297872353,1.016106268138897,True,Industrials,0.40131877398423244
LRN,2026-09-25,79.93,80.36,77.47,78.56,490422,38.2,,Z1,MKDN,0.031303095218721495,-0.004309252217997495,-0.07901524032825313,-0.20105766297162608,0.07313642756680742,-0.03513445283934291,-0.06003352972428877,-0.14178737562745336,0.0,0.0,-0.02060544390740271,0.999378631337446,True,,0.4013389308380868
LEA,2026-09-29,120.43,120.53,118.56,119.32,605435,40.9,,Z2,MARKUP,0.029866235795117914,-0.02516339869281059,-0.04536362909032721,-0.20453333333333334,0.0510361892978655,-0.03356391249170654,-0.05974319007508777,-0.04831860885388706,1.0,0.0,-0.014158847184986612,0.9022134732100654,True,Industrials,0.4014109495380971
LMAT,2026-09-21,78.87,79.5,78.22,79.2,221532,38.7,T9,,ACC-TR,0.02711269212451387,-0.019437910115141732,-0.03249450280967503,-0.25458823529411767,0.034962540135569174,-0.02081557696721026,-0.07571270679332187,-0.14151682952931166,0.0,1.0,-0.0006388143605468022,0.9770705565401465,True,,0.4018104602637893
OMCL,2026-09-21,32.43,32.57,31.98,32.43,434860,37.4,,Z7,MKDN,0.036221118748501084,-0.03222918531781549,-0.08853288364249579,-0.3252184769038702,0.027985074626865624,-0.03896647068685932,-0.10149914225312584,-0.14904219338795832,0.0,1.0,-0.004358655043586457,0.9410228667425422,True,Technology,0.4025241913822032
CRC,2026-09-30,51.44,52.05,50.77,50.8,1062439,36.8,,Z6,MKDN,0.031111704607377614,-0.0249520153550864,-0.05716406829992582,-0.12428891570418898,0.17694063926940612,-0.04245758831357038,-0.05332452561470469,-0.07128840363412936,0.0,0.0,-0.004900039200313566,0.9062140301156861,True,Energy,0.4029376618409465
HLI,2026-09-30,126.37,128.15,126.02,126.34,805018,39.3,,Z2G,MKDN,0.032827191259836776,-0.027705094659073337,-0.049360421369450735,-0.1405442176870748,0.3953760608721102,-0.03347040503723675,-0.04780711302625951,-0.14447349842283286,0.0,0.0,-0.01709535759096603,0.9787748381211919,True,Financials,0.40323038647082504
KYIV,2026-09-29,12.81,12.94,12.57,12.77,408333,39.9,,Z10,MARKUP,0.0332161506691612,-0.020705521472392574,-0.047725577926920226,-0.2165644171779142,0.05361930294906147,-0.03581254118761934,-0.051588186880740405,-0.026545501997069842,1.0,0.0,-0.02255054432348358,0.9229433201905496,True,,0.4040611517699311
NVCR,2026-09-28,15.68,15.9,15.2,15.83,894076,41.8,T5,,MARKUP,0.046275270651055155,-0.042347247428917156,-0.111672278338945,-0.262004662004662,0.15105740181268884,-0.03854703469871812,-0.04518422335417405,0.027697209893114083,1.0,0.0,0.0066225165562914245,0.9258881852386396,True,,0.40510918878577107
TREX,2026-09-24,43.41,44.16,42.86,43.22,1359621,42.5,,Z2G,MKDN,0.03420432269816441,-0.004376871688550943,-0.07412167952013715,-0.1518838304552591,0.16414686825053956,-0.02432695419837616,-0.03851934289295189,-0.038629887117038963,0.0,0.0,0.006153846153846176,1.0197506952163071,True,Materials,0.4056855215324745
ESTA,2026-09-22,68.7,71.61,68.38,70.24,281110,41.9,T1,,MARKUP,0.043535637072463974,-0.01734750979294919,-0.025256730502359215,-0.2802541243979917,0.10239579914670136,-0.02630888375745588,-0.07541833752088867,-0.015891616726561253,1.0,0.0,0.006108462455303831,0.8004437067752784,True,,0.4073145009776164
CRAI,2026-09-25,162.49,164.8,160.63,162.07,151577,42.4,,Z2G,MKDN,0.03464430982641671,-0.02001451203289395,-0.06046376811594212,-0.16626369669221663,0.3565598248058929,-0.02032451811186664,-0.024759915763033158,-0.03708518635635594,0.0,1.0,-0.026603001364256418,0.9387610988184493,True,,0.4074194030065141
ACHR,2026-09-28,5.51,5.53,5.18,5.2,17583733,41.0,,Z2G,MKDN,0.0587358328163993,-0.04235727440147319,-0.09565217391304348,-0.2866941015089163,0.30100334448160543,-0.066605970938175,-0.07125030714896463,-0.18662572569492675,0.0,0.0,0.01171875,0.9511092819592387,True,Industrials,0.4076778877879415
CNM,2026-09-24,42.36,42.48,41.23,41.62,2412760,40.5,,Z1G,MKDN,0.03014472137898112,-0.029836829836829892,-0.040350472676965676,-0.13128783135044875,0.20177664974619255,-0.027153225520275437,-0.05399297786787438,-0.1374102870200702,0.0,0.0,0.02997751686235306,0.9288380438379664,True,,0.4077961529058074
KNX,2026-09-24,67.28,67.74,65.42,65.5,2437022,39.2,,Z4,MARKUP,0.03676891840428024,-0.017549122543872864,-0.05823148813803014,-0.18135233095863024,0.042244224422442266,-0.03545726340405653,-0.05744096523784803,0.012939435628090523,1.0,1.0,-0.002614178071659312,0.9543451980841595,True,Industrials,0.408636090905195
INSM,2026-09-29,117.06,118.5,114.49,115.63,1668361,41.0,,Z1,MKDN,0.04209748124119468,-0.042956464161562624,-0.050812674437694993,-0.16027596223674656,0.46535852713178294,-0.04512553016941989,-0.03680225198942089,-0.08279128864588703,0.0,0.0,-0.022705932565087572,0.9811221874655693,True,Healthcare,0.4089761146696729
DFTX,2026-09-28,35.92,39.1,35.51,38.41,2986890,46.7,T4,,MARKUP,0.057687683883105204,-0.022148676171079518,-0.06271351878965348,-0.2271629778672033,0.20436927413671582,-0.013452048238856262,-0.026814533165348875,,0.0,1.0,-0.0324250681198911,1.0465588942264987,True,Healthcare,0.41058424913242414
HPP,2026-09-29,11.54,11.84,11.39,11.66,856409,40.3,T1,,MKDN,0.054158621830100936,-0.03476821192052981,-0.07239459029435169,-0.3088322465915827,0.10940170940170947,-0.037913409149633925,-0.09225392152349132,-0.06949062290818708,1.0,0.0,0.020871143375680523,1.039884217173096,True,Real Estate,0.4108729794713004
JANX,2026-09-28,16.57,16.79,16.16,16.58,473048,44.5,T9,,MKDN,0.04537282881316484,-0.025279247501469926,-0.0804215196894067,-0.1836533727227967,0.3501742160278743,-0.03632465724065537,-0.02216568726813306,-0.02169070094146308,1.0,1.0,-0.018079800498753018,0.8576684894397999,True,Healthcare,0.41166873472192367
UBER,2026-09-25,69.27,69.67,68.8,69.62,11105610,38.3,T1,,MKDN,0.028162169065237767,-0.012482269503546028,-0.09525666016894085,-0.15468674113647396,0.24837758112094438,-0.032419618350651214,-0.04733750345730692,-0.08594880484329104,0.0,1.0,-0.009965337954939257,0.9381921065737848,True,Industrials,0.41197458435998824
BG,2026-09-28,109.49,110.25,108.5,109.06,1834886,38.1,,Z10,MARKUP,0.036719348440339736,-0.03152473137376788,-0.0555940422583997,-0.14442613948380012,0.2534468775344688,-0.04938339317761231,-0.056154524355709334,-0.029905760520304026,1.0,0.0,0.015295111194520095,0.8967710474261298,True,Consumer Staples,0.41561444104440154
MRCY,2026-09-29,80.54,82.9,78.61,82.64,844415,41.3,T1,,MARKUP,0.04598353001745143,-0.014783023366714332,-0.05370433986029999,-0.3298191549752656,0.09299732381801966,-0.028582359192602547,-0.09341119924226127,-0.0800099733158659,1.0,0.0,0.001784121320249854,0.8065262899740776,True,Technology,0.41593384119514243
KAI,2026-09-29,272.11,274.62,266.74,267.13,116677,34.1,,Z2,MKDN,0.03584257091386068,-0.018301422218955588,-0.10700675269104765,-0.22667400052108966,0.08077013383423333,-0.04334135916368387,-0.08853022698542812,-0.1255054934055122,0.0,0.0,0.024937560038424733,0.8899379046400565,True,Industrials,0.41618507782323755
YUM,2026-09-29,137.63,138.57,137.03,137.73,1621043,39.1,T5,,MKDN,0.026100159235301994,-0.014172213871591288,-0.10162416019829112,-0.19049018455389677,0.096711259754738,-0.030111729671899123,-0.05983349087717715,-0.08900715443445817,0.0,0.0,0.016013704751973723,0.9543458750413348,True,Consumer Discretionary,0.41635268947501713
FSV,2026-09-28,127.35,129.33,126.02,129.02,211945,38.2,T6,,MKDN,0.028538027555727288,-0.029559984956750496,-0.08845556026564916,-0.15252233315817132,0.21127717391304385,-0.03601418237994858,-0.06187189096300327,-0.11716650425012276,0.0,1.0,-0.022582647834859637,1.0066044056377703,True,,0.4167739249890708
SLVM,2026-09-28,35.55,35.7,34.84,34.98,278506,41.9,,Z2G,MKDN,0.03218466107128788,-0.03129327056217124,-0.03821831179543578,-0.16415770609319003,0.09605263157894695,-0.02915415336217464,-0.051418051817677335,-0.14241993820896504,0.0,0.0,0.0172262773722629,1.079681019565476,True,Materials,0.41759934113188324
ASND,2026-09-28,226.0,231.14,224.81,230.05,747514,38.8,T9,,MARKUP,0.04157015201580239,-0.0317353423965655,-0.07204227340567138,-0.18465355307460563,0.15859173126615025,-0.05365931365807752,-0.0725744921086221,-0.02132968236234445,1.0,1.0,-0.036445572278614,0.9051658143939237,True,,0.41769265595293126
MUX,2026-09-28,17.97,18.45,17.8,18.12,836998,42.3,T12,,MKDN,0.052729257475279026,-0.040254237288135486,-0.11263467189030363,-0.17373461012311897,0.3487179487179491,-0.05376682041698522,-0.05930550608515639,-0.06578779714290806,0.0,0.0,0.005081874647091977,0.7832905755732299,True,Materials,0.4178048579478614
GCO,2026-09-21,32.46,34.03,32.46,33.63,142743,46.0,T4,,MARKUP,0.043530187008790446,-0.038318558764655286,-0.041060735671514026,-0.16942454927142503,0.18720379146919486,-0.01567277280947388,-0.0352140362685639,0.023855764534115753,1.0,0.0,0.0061996280223186595,0.9107965063025291,True,Consumer Discretionary,0.4191189483086594
BBUC,2026-09-30,25.55,25.98,25.32,25.51,387506,37.8,,Z11,MKDN,0.028267743339673163,-0.0007833920877399203,-0.05588452997779414,-0.2158007992622195,0.09184993531694706,-0.023734561810406785,-0.07871228650827267,-0.17274912082964566,0.0,1.0,-0.01352426412092278,0.9001348145941315,True,,0.4192562142221535
NXT,2026-09-29,80.22,80.57,78.43,79.31,1815659,39.8,,Z11,ACC-TR,0.04927463036389994,-0.03889966068831796,-0.03315860051200781,-0.3162931034482759,0.06593686354378828,-0.04080292347230907,-0.12135163830662432,-0.20565950192845783,0.0,0.0,0.010166840458811333,0.8434679179820458,True,Technology,0.4199540316636621
JEF,2026-09-25,46.48,47.73,45.97,47.68,1922679,36.0,T1G,,MKDN,0.03667949281245461,-0.004592901878914368,-0.0976532929598789,-0.17565698478561553,0.2031372549019605,-0.0444916483848119,-0.08240697655154694,-0.09974208967209985,0.0,1.0,-0.03302594895989708,0.9137023863588616,True,Financials,0.42040556284758046
ACHC,2026-09-30,28.18,28.18,27.2,27.5,1365733,43.6,,Z4,MARKUP,0.04657108293707792,-0.03542616625745354,-0.026548672566371723,-0.23248674295283278,0.0955483170466883,-0.028418224114503787,-0.041864988556233884,0.06335104734797126,1.0,0.0,0.005586592178770999,0.948888866664704,True,Healthcare,0.42083625766921906
SEB,2026-09-30,4087.0,4091.69,3930.01,3948.0,7011,36.8,,Z6,MKDN,0.035319853387232425,-0.006555025729419683,-0.042533067531976165,-0.17108976081698468,0.10734277607983589,-0.04510624130303309,-0.07853699646182544,-0.12181204864204576,0.0,0.0,0.012971394879493614,0.7959955171202515,True,,0.42192555392305453
BXDC,2026-09-25,19.41,19.67,18.48,19.08,2684374,38.8,,Z1G,MKDN,0.03277776964091594,-0.012933264355923457,-0.06744868035190632,-0.1424719101123596,0.15915119363395172,-0.03191719774713053,-0.05141674667699703,,0.0,0.0,-0.0385015608740894,0.8940382593593841,True,,0.4221910759800281
ABEO,2026-09-24,5.59,5.59,5.38,5.43,852415,38.9,,Z2,MARKUP,0.04917398624598702,-0.028622540250447304,-0.09650582362728788,-0.29019607843137263,0.09016393442622939,-0.05124972437228892,-0.08700392704925164,-0.06022455200724297,1.0,0.0,0.03262955854126681,0.9765498392164887,True,Healthcare,0.4221915062830892
PSN,2026-09-21,45.01,45.54,44.51,45.33,853704,41.9,T9,,MKDN,0.03842072008400713,-0.034299105240732874,-0.0758409785932721,-0.2723916532905297,0.34831029185867896,-0.030545952943830446,-0.07027469859029511,-0.1978779293709757,0.0,1.0,-0.006694934166480815,1.1199822087296272,True,Technology,0.4238593376462514
DRS,2026-09-30,36.8,37.11,35.98,36.63,788303,36.9,,Z4,MKDN,0.029077974557776325,-0.020850040096230815,-0.0283819628647215,-0.2580514482479237,0.10596491228070211,-0.023999570046166596,-0.07789677212287616,-0.1271194828788137,0.0,0.0,0.024487471526195792,0.8338053584989246,True,Technology,0.42429530584420483
DXC,2026-09-28,10.46,10.56,10.26,10.35,2648272,39.5,,Z2G,MKDN,0.04468514004289894,-0.04958677685950419,-0.0767172167707405,-0.15302782324058928,0.41194968553459116,-0.06020979510715829,-0.04412903549785774,-0.09615162981106695,0.0,0.0,-0.014409221902017322,0.8590613911566654,True,Technology,0.4246517978156821
PHM,2026-09-30,119.41,119.41,115.96,116.06,2012131,38.9,,Z6,MKDN,0.026193708589316366,-0.022323308904051875,-0.057418988061398446,-0.14799588900308325,0.059701492537313494,-0.03425238112706752,-0.056906632941291835,-0.058649916515095324,0.0,0.0,0.01028053667886386,0.9299593862469047,True,,0.4249181601899227
CARR,2026-09-30,55.55,55.75,54.75,54.86,6510504,37.6,,Z2,MKDN,0.02882156548471879,-0.004355716878402971,-0.041746724890829756,-0.22623413258110026,0.10590858416945363,-0.026971096182078824,-0.0760329157702383,-0.11879099990275321,0.0,0.0,0.027190332326283873,0.8597762066967582,True,Industrials,0.42639053285999773
SBGI,2026-09-29,12.76,12.92,12.69,12.76,386310,35.2,,Z7,MKDN,0.03469096129524756,-0.031131359149582427,-0.09503546099290783,-0.21717791411042953,0.048387096774193464,-0.047205789435946444,-0.07256851402379816,-0.09991101143343728,0.0,0.0,-0.036015325670498144,0.9640346744891674,True,Communication Services,0.42763645981085024
PTON,2026-09-29,4.83,5.09,4.76,5.04,13774804,47.6,T1,,MKDN,0.04007042516695853,0.003984063745019917,-0.059701492537313494,-0.2511144130757801,0.17156862745098023,0.0023890853859882544,-0.04949767720523779,-0.10493582475419505,0.0,1.0,-0.01882845188284521,0.9722997052478473,True,,0.42808373945561917
LEVI,2026-09-29,19.79,19.85,19.6,19.75,2461820,35.5,,Z9,MKDN,0.02599469698225181,-0.015453639082751658,-0.048651252408477896,-0.2315175097276264,0.09021406727828746,-0.024017916857194566,-0.07387392311779561,-0.091028672016364,0.0,1.0,-0.019447287615148356,0.9192508600875215,True,Consumer Discretionary,0.42820184395023986
TDAY,2026-09-21,6.26,6.45,6.18,6.39,1917817,41.8,T1,,MARKUP,0.04429333225456797,-0.030349013657056223,-0.012364760432766575,-0.30618892508143336,0.09032258064516106,-0.019542598383890497,-0.08670255126326565,-0.06237854792643571,1.0,0.0,0.011456628477904962,1.048753071814008,True,Materials,0.4284591958034084
NTLA,2026-09-30,11.96,12.23,11.75,12.06,5318150,48.7,T2,,MKDN,0.05379308443699723,-0.021897810218978075,-0.049645390070921946,-0.2972027972027972,0.27246790299572043,-0.004281061976592837,-0.025796170330735113,-0.04914375703907581,0.0,0.0,0.008007117437722311,1.0134795863463537,True,Healthcare,0.4293423885374652
PODD,2026-09-23,139.07,139.82,134.73,136.49,1021317,40.0,,Z2G,MKDN,0.03735484995937412,-0.029231863442389705,-0.045858091576371884,-0.21062980741426174,0.2169425929907548,-0.035899051730819975,-0.07386351839952499,-0.2938503497966197,0.0,0.0,0.026592502285888386,0.8226326351998501,True,,0.42954111373511394
VRSK,2026-09-25,168.3,171.12,167.5,169.21,1330659,36.5,T3,,MKDN,0.0349969249709297,-0.0353457613591015,-0.11417652601821804,-0.2515481245576787,0.02919085011949484,-0.04927181999510544,-0.0739427733265966,-0.1448362136401199,0.0,0.0,-0.02497234996216302,0.989275889541963,True,Technology,0.42960500236145877
DOO,2026-09-22,58.83,59.28,57.2,57.9,353913,38.6,,Z6,MARKUP,0.0385605418530874,-0.01731160896130346,-0.09204955308138629,-0.1741548994437313,0.09016393442622957,-0.04628655309583363,-0.060092941365884056,,0.0,0.0,-0.015659955257270597,0.7464388761171645,True,,0.43066851422352287
LSPD,2026-09-22,9.72,9.74,9.49,9.61,308614,40.8,,Z5,MKDN,0.030949469492119314,-0.02238046795523918,-0.08996212121212133,-0.133453561767358,0.17318435754189881,-0.03514435568072727,-0.047943010900801,-0.05683844426264095,0.0,0.0,-0.02898550724637672,0.8615881987323512,True,,0.4312522369159357
ORA,2026-09-24,93.7,93.7,91.25,92.54,1017719,36.8,,Z2G,MKDN,0.03749459848813874,-0.04960460100647013,-0.1055480378890391,-0.20912742500640968,0.07275483137552109,-0.060684577017207864,-0.10835212525619775,-0.1528425183979668,0.0,0.0,0.0069521077024938815,0.9209320912593633,True,Utilities,0.43281204311152927
ENLT,2026-09-30,70.08,70.08,69.12,69.41,84232,37.8,,Z3,MARKUP,0.0369261861432024,-0.04275272376223982,-0.07366875750700663,-0.25517759416246377,0.055974593092496895,-0.05129265942381156,-0.10690915461053319,-0.0430100299531917,1.0,1.0,-0.01449275362318836,0.8887771607871215,True,,0.43331060401182897
BIPC,2026-09-29,34.8,35.69,34.57,35.69,1052177,41.3,T6,,MKDN,0.025630570861025617,-0.008886420438766973,-0.06619570905285199,-0.21092195445500772,0.11911357340720216,-0.017355427189157946,-0.05645093787395561,-0.11960086868163622,0.0,1.0,-0.019943019943020057,0.8319906129769317,True,,0.4333700916476435
NOMD,2026-09-23,10.59,10.82,10.52,10.71,2085714,37.7,T1,,MKDN,0.0296685673129862,-0.02547770700636942,-0.09924306139613115,-0.16262705238467545,0.11489361702127719,-0.03462865763188783,-0.049953349357331644,-0.07486137169299578,0.0,0.0,-0.03153988868274582,0.9537667786362344,True,,0.43354511887447106
VAL,2026-09-28,81.86,81.94,79.61,79.62,1317317,41.2,,Z6,MARKUP,0.040803929918173686,-0.026531360802054094,-0.07729748522424384,-0.14534134821811928,0.37198515769944385,-0.0450681024741334,-0.048739349427028955,0.0012227140935945346,1.0,0.0,-0.01460576804059921,0.9738483778700523,True,Energy,0.43383926625934877
MTUS,2026-09-29,19.58,19.58,18.68,18.81,379295,43.9,,Z6,MARKUP,0.03783544198110778,-0.013116474291710367,-0.03637295081967218,-0.16696191319751996,0.15848214285714238,-0.019198824418911076,-0.03606448520718364,0.0033588380921727445,1.0,0.0,0.02091359383599345,0.9448891839024419,True,Materials,0.43414015667062705
APEI,2026-09-30,41.26,42.61,40.88,42.18,339405,40.7,T2G,,MKDN,0.043249439438097656,0.019333011116481336,-0.08004362050163583,-0.29653102068045367,0.10698141637368168,-0.025853886216723243,-0.08035352902742054,-0.09782110854558246,0.0,0.0,0.0002496878901374622,1.0026898270360187,True,,0.4346358682982344
BFAM,2026-09-25,66.04,66.66,65.44,65.86,841360,41.5,,Z2G,MKDN,0.03663658533024144,0.0028932541495354513,-0.11395129826449613,-0.20679272552089611,0.1419290354822587,-0.02757422112894503,-0.060093747983440804,-0.1715690558298052,0.0,1.0,-0.0033212082872053905,1.0700888074912749,True,,0.4350027197569429
ARXS,2026-09-28,49.32,49.62,48.23,48.44,847111,38.0,,Z2G,MARKUP,0.0505504053776242,-0.054090997851982126,-0.07680579378692587,-0.2123577235772358,0.42744410346339323,-0.05333889308213513,-0.04038524491441464,,0.0,0.0,0.00458237867111011,1.0564374410572,True,Industrials,0.4351361829059737
MBUU,2026-09-29,23.05,23.38,22.76,23.33,145093,37.6,T3,,MKDN,0.04353706980639247,-0.02913025384935508,-0.13464391691394673,-0.233070348454964,0.07441253263707528,-0.05396898012407392,-0.10585496659405302,-0.1569960498641515,0.0,1.0,-0.00262927256792278,0.8169727979517395,True,Industrials,0.4357880709756624
ALH,2026-09-24,20.78,21.43,20.72,21.37,1319015,36.2,T3,,SPRING,0.033919406713385565,-0.0055839925546764535,-0.10809682804674459,-0.24300389656393906,0.0865512649800269,-0.0331577983320841,-0.08659139365645485,-0.11200014959648485,0.0,1.0,-0.006235011990407768,1.0504632179301536,True,Industrials,0.4359627753448711
IP,2026-09-28,34.59,34.83,33.93,34.0,5570963,36.2,,Z2G,MKDN,0.03556479732934988,-0.037645060854797574,-0.13508013228186222,-0.24141008478357873,0.04585537918871278,-0.0505205930003203,-0.08381760579831266,-0.11907861914499618,0.0,0.0,0.013440860215053752,0.895843023008635,True,Materials,0.4360695609765818
IDR,2026-09-28,29.0,29.96,28.58,28.76,202802,42.8,,Z1G,MKDN,0.05537982229364413,-0.009982788296041267,-0.11042375502629131,-0.20662068965517233,0.170542635658915,-0.04693678815328517,-0.07777838889104194,-0.1348150859987428,0.0,0.0,0.037386569872958075,0.7832146732070722,True,Materials,0.4365646490074189
BSX,2026-09-29,44.15,44.3,43.22,43.88,14634591,41.7,,Z4,MKDN,0.033006054864050734,-0.02315227070347281,-0.091511387163561,-0.17191923004340437,0.15569972196478218,-0.024336205051411097,-0.056096959686724346,-0.27680461242828547,0.0,0.0,0.010299625468164653,0.8308799805541249,True,,0.4371771193076536
RVLV,2026-09-24,20.54,20.76,20.35,20.68,550820,41.1,T5,,MKDN,0.04204252284309485,-0.01147227533460815,-0.11472602739726023,-0.24359912216532553,0.176761433868974,-0.03240746020998697,-0.07179685839193761,-0.10420819603610565,0.0,0.0,0.056623376623376576,0.9792352777002512,True,Consumer Discretionary,0.4372189898057634
KMT,2026-09-21,30.16,30.24,29.46,29.47,1033920,42.8,,Z4,MKDN,0.03337802237451443,0.0016995241332427025,-0.016355140186915973,-0.2833171206225681,0.058966074313408764,-0.016298251049621237,-0.05926846623850246,-0.0863640538822743,0.0,0.0,0.01565762004175375,0.9957671196411496,True,Industrials,0.43745118703618247
COLD,2026-09-30,14.36,14.36,13.87,13.98,4150433,41.4,,Z1G,MARKUP,0.0354564582238607,-0.02713987473903956,-0.05156037991858886,-0.1349009900990099,0.18045112781954903,-0.03776690996026488,-0.044282403300780704,-0.012986369312243284,1.0,0.0,0.027407407407407325,0.9352345163627221,True,,0.43827908755406925
SHEN,2026-09-25,11.94,12.16,11.55,11.76,1163156,42.9,,Z2G,MKDN,0.041697946710588456,0.016421780466724156,-0.03289473684210531,-0.20647773279352233,0.19895287958115176,-0.02358013517758839,-0.05870645991143575,-0.11808279380562947,0.0,0.0,0.03125000000000022,0.8392293025441883,True,Communication Services,0.439581751700271
ZM,2026-09-29,87.25,88.6,86.36,88.36,2412511,37.7,T4,,MARKUP,0.035917661242982214,-0.028477185266630012,-0.08605709557302443,-0.20317431689061238,0.18251088534107404,-0.047619422467225614,-0.06938967273239072,-0.03544191826655918,1.0,1.0,-0.027673385719166443,0.8153144920052131,True,Technology,0.4403696244602263
SPGI,2026-09-21,408.95,410.99,403.22,404.47,1285573,39.4,,Z3,MKDN,0.02611219117448182,-0.03361685860371766,-0.06218553641401381,-0.12456170728539884,0.16582113349760913,-0.03353251108201649,-0.04246768061198092,-0.08616128450971394,0.0,0.0,-0.016223247594737922,0.9095999403067129,True,,0.44053319100220856
SAM,2026-09-28,162.69,165.38,160.65,165.36,219205,38.1,T3,,MKDN,0.03736676933954444,-0.03523920653442236,-0.09703489324523551,-0.1339234274341381,0.1722240207186798,-0.03155368033939099,-0.06097975906549047,-0.14801853185736402,0.0,0.0,0.003811547113221847,0.7520481310093207,True,Consumer Staples,0.4416196534451727
QBTS,2026-09-30,16.43,17.2,16.39,16.57,12643870,43.8,T9,,MKDN,0.06346388147989772,-0.014277215942890997,0.0018137847642081262,-0.24681818181818183,0.12277867528271404,-0.03682086680587582,-0.08984667701586735,-0.1830478430504493,0.0,0.0,0.03478810879190375,0.9220251226933973,True,Technology,0.44187645556096206
RIG,2026-09-28,5.41,5.45,5.28,5.28,53626185,40.1,,Z6,MARKUP,0.04240657235816611,-0.031192660550458662,-0.08965517241379306,-0.1578947368421052,0.2877697841726622,-0.0531175424578717,-0.05940754897929268,-0.017522656460304598,1.0,0.0,-0.02583025830258301,1.0182805092061822,True,Energy,0.4420780850451326
LGIH,2026-09-28,49.22,49.99,48.12,49.02,252591,40.9,,Z9,MARKUP,0.046768270881389636,-0.017832097775996703,-0.14747826086956517,-0.21942675159235658,0.09342105263157909,-0.04522032164740708,-0.0855607553218235,-0.05881841744116323,1.0,0.0,0.008403361344537785,1.007059300731925,True,,0.44211259895149935
OLED,2026-09-22,78.36,78.68,77.0,78.12,565477,41.5,,Z10,MKDN,0.0387601966843926,0.002952882269867896,-0.0777948294180143,-0.17254528122020962,0.13900634249471508,-0.03153477785448233,-0.06094163630737892,-0.19957639620153966,0.0,1.0,-0.003695393955391313,1.0954571000505948,True,Technology,0.44276136690066753
CHKP,2026-09-28,130.0,130.86,127.56,129.27,937256,43.5,,Z2G,MKDN,0.039139568175702286,-0.037094972067039045,-0.06542799305957192,-0.09028852920478525,0.3565697091273829,-0.03782370340116181,-0.030290037273505988,-0.12411758985671151,0.0,0.0,0.006787687450670932,1.0126368682268974,True,,0.44337503232878245
CRNC,2026-09-21,7.89,8.22,7.67,8.15,611207,47.0,T9,,MKDN,0.054363496423598834,-0.0239520958083832,0.011166253101736912,-0.32644628099173545,0.1375545851528386,-0.011260670167711817,-0.057653162710690764,-0.12197732277146622,0.0,0.0,0.019946808510638236,0.9640459232790507,True,Technology,0.44382602360684925
FIZZ,2026-09-29,29.26,29.66,29.26,29.61,347043,34.6,T4,,MKDN,0.03164041331205144,-0.048521850899742924,-0.06386342080303509,-0.12860506180105935,0.12774451097804407,-0.04281566783562507,-0.06439634078982082,-0.1296709788064475,0.0,0.0,0.0034518467380049156,0.9086495497304036,True,Consumer Staples,0.4441259860547813
GOLF,2026-09-29,83.76,85.24,82.37,82.42,313862,36.6,,Z1,MKDN,0.027912130053208313,-0.009375000000000022,-0.04595439286954506,-0.3041789784719291,0.058531486804285215,-0.023009070968272982,-0.07764088942748815,-0.10212322452392897,0.0,0.0,0.014093290097280997,0.9156037001684283,True,,0.4446503792723896
ODFL,2026-09-30,178.99,178.99,173.83,173.84,2296003,33.3,,Z4,MKDN,0.030296962800860396,-0.021832095431015053,-0.07042404149510717,-0.2711111111111111,0.06085693536673926,-0.03930879132707277,-0.10198348056278161,-0.11110808256512128,0.0,0.0,0.017683465959328126,0.9179849816555354,True,Industrials,0.44576852817825763
CMCO,2026-09-30,16.39,16.39,15.9,15.93,402213,42.3,,Z2,MARKUP,0.051796750861619965,-0.03513022410660216,-0.07705677867902672,-0.2853297442799462,0.345005149330587,-0.04456565583204497,-0.05586168728985719,-0.02636599303981768,1.0,0.0,0.027922077922077904,1.0601648052082389,True,Industrials,0.4468603238163955
DHI,2026-09-30,141.0,141.0,136.52,136.65,3100598,41.3,,Z6,MKDN,0.02679290719577663,-0.025112363558535966,-0.03338756454693359,-0.1308910513260827,0.11862955032119961,-0.028779438903408727,-0.049426167225910644,-0.06949436581689328,0.0,0.0,0.019719151478936547,0.9858373599955422,True,,0.44726504271987966
GHM,2026-09-29,87.26,88.62,85.85,86.15,142390,42.2,,Z4,MARKUP,0.04471984452427342,-0.009086726478030771,-0.012154569430111062,-0.2613392780588184,0.1206001154068092,-0.021217521383981808,-0.07781332483450254,-0.02813947906845493,1.0,0.0,0.04233256069293634,0.9256506556469264,True,Industrials,0.447929951341303
BIDU,2026-09-21,91.0,92.7,90.32,92.21,2564513,43.4,T2G,,MKDN,0.03024317919724724,0.003373231773666996,-0.010728462611307776,-0.2308141474808142,0.12575039494470744,-0.014420887817589101,-0.0793227558345816,-0.18046539590689803,0.0,1.0,-0.015290178571428448,0.8926728178579664,True,,0.4485044715498075
REYN,2026-09-28,21.59,22.2,21.42,22.08,2170382,39.6,T4,,MKDN,0.025426516705213564,-0.0004526935264826948,-0.08191268191268197,-0.19031903190319033,0.1349999999999998,-0.016655940917668643,-0.05843541708411648,-0.059719269467913505,0.0,0.0,0.006582040432534075,0.8837385253942818,True,Materials,0.4485242407096024
TSCO,2026-09-29,32.02,32.23,31.45,31.51,7504191,37.9,,Z2G,MKDN,0.032029895536450484,-0.04049939098660171,-0.09713467048710589,-0.1458389807535917,0.32412060301507556,-0.0422298173811535,-0.052010322026528555,-0.1855009028440221,0.0,0.0,-0.016316284907436418,1.0133765322677781,True,Consumer Discretionary,0.44861388308694033
MUSA,2026-09-23,512.88,516.64,504.49,506.24,295634,38.7,,Z6,MARKUP,0.03303089298800369,-0.01369649502211312,-0.06994176112876838,-0.20298502763039805,0.11009110988404193,-0.03478759581559843,-0.06560356139578039,-0.00946355255586162,1.0,0.0,0.02896245079442772,1.005314186409678,True,Consumer Discretionary,0.44938301163132205
BH,2026-09-22,341.22,354.21,341.22,346.3,86993,37.3,T3,,MARKUP,0.05127039430458241,-0.0009232012001615386,-0.0839593693789017,-0.21828442437923246,0.09278543953466543,-0.04941818265770237,-0.06396425325441024,-0.009194867436438048,1.0,1.0,-0.009305886856907142,1.0265920042323582,True,Consumer Discretionary,0.449407262100551
DPZ,2026-09-30,301.35,302.9,296.39,299.61,774000,39.6,,Z9,MKDN,0.03171867814716783,0.010727659143811463,-0.1197520345506361,-0.1949430352536543,0.1548229263746507,-0.028661750848856915,-0.06587460875640605,-0.14904966180347112,0.0,1.0,-0.008346898486475296,0.9302776789260089,True,,0.45000589383791184
CWEN,2026-09-25,29.37,29.97,29.31,29.77,1143953,37.8,T9,,MKDN,0.02867107333144783,-0.0340687865022713,-0.08117283950617282,-0.15617913832199548,0.12261146496815277,-0.03764691949303589,-0.07646842416571398,-0.13590045311690346,0.0,0.0,-0.027172089902717134,0.8163707279778104,True,Utilities,0.4503516702804377
TDOC,2026-09-25,6.1,6.18,5.97,6.09,3027003,39.0,,Z2G,MKDN,0.04184582299433167,-0.033333333333333326,-0.04245283018867929,-0.38422649140546006,0.030612244897959204,-0.03970408980840545,-0.09787986455596431,-0.12271797483831026,0.0,1.0,-0.0050000000000000044,0.8938966638756848,True,Healthcare,0.45044244933673266
CSW,2026-09-30,296.33,300.38,287.73,288.08,136468,39.5,,Z2,MARKUP,0.03318841171374333,-0.03306145738931976,-0.04235090751944692,-0.1896027905930011,0.24785180225421244,-0.0332705123820517,-0.04640100130763991,-0.013730515429781098,1.0,0.0,0.014169398329280103,0.7901084319911127,True,Materials,0.45191338251903707
ONDS,2026-09-29,7.92,7.92,7.47,7.48,48872723,45.8,,Z4,MKDN,0.05836633783944157,-0.031088082901554293,-0.023498694516971286,-0.25125125125125125,0.3342175066312999,-0.016004902783111064,-0.05785411800451412,-0.10194390867621028,0.0,0.0,0.02865329512893977,1.1002083016270738,True,Industrials,0.4526064637709813
CMC,2026-09-30,62.19,62.73,61.82,62.1,1133646,37.0,,Z10,MKDN,0.03202541066055127,-0.03959171048561705,-0.07506702412868627,-0.19172198360015613,0.12685240071132192,-0.05114161719600008,-0.0754295736801065,-0.07547768387251541,0.0,0.0,-0.04037558685446008,1.0108452922012656,True,Materials,0.4526086425516392
PAX,2026-09-30,10.14,10.18,10.01,10.15,930176,38.2,T1G,,MKDN,0.027943704842512077,-0.0087890625,-0.09777777777777774,-0.14345991561181426,0.13265306122448975,-0.028994714434742663,-0.06275592050626633,-0.15499760670506402,0.0,1.0,-0.0010101010101010166,0.8431947726506559,True,,0.4526697166109741
GPGI,2026-09-30,11.82,12.08,11.64,11.87,2579636,40.8,T2G,,MKDN,0.05550000043643814,-0.014119601328903664,-0.0932009167303286,-0.24825839138695383,0.1533477321814253,-0.043920690624948966,-0.0947967207061019,,0.0,1.0,-0.044520547945205435,1.0816376726243335,True,Financials,0.45282816382995683
PAAS,2026-09-24,47.5,47.6,46.61,47.51,3213246,43.8,T5,,MARKUP,0.04518251358557572,-0.04252317613865375,-0.09728291848755466,-0.15160714285714294,0.4429133858267716,-0.04389203468570946,-0.03911494967092255,-0.024126369038267703,1.0,1.0,-0.002781343602909714,0.9500578611111837,True,,0.45332326413816565
REAL,2026-09-21,9.51,9.75,9.45,9.65,2003851,37.4,T2G,,MKDN,0.04964159403414454,-0.01127049180327866,-0.1321942446043165,-0.30173661360347326,0.09544468546637734,-0.03896527160696872,-0.09055626331585309,-0.10974151694124401,0.0,1.0,-0.00432432432432428,1.067279068199008,True,Consumer Discretionary,0.4534966643021022
CCXI,2026-09-29,12.15,12.75,11.81,12.33,3716882,42.4,T1,,MKDN,0.06326927903234686,-0.06164383561643838,-0.07847533632286996,-0.33279220779220775,0.0848214285714286,-0.04382540102113508,-0.08230369932265713,,0.0,0.0,0.004251700680272252,0.8996924196260719,True,,0.45440567645008245
TRI,2026-09-29,95.76,97.05,92.57,96.24,1463077,44.5,T5,,SPRING,0.04076124631521457,0.00606314028852184,-0.10324263883712259,-0.15169678272366693,0.4028452463566966,-0.032452565167031766,-0.028628750880004716,-0.10636800142065828,0.0,1.0,-0.011532301121196076,0.8890242379846435,True,,0.4549437829797327
BLBD,2026-09-25,56.16,58.76,56.05,58.12,668766,39.2,T1,,MARKUP,0.0410570807998252,-0.03822604666556351,-0.02987815055917209,-0.3030339369228925,0.1092703560098694,-0.04070428575650897,-0.0943210919754105,-0.07379306133607066,1.0,1.0,-0.04112931334959913,0.9849864336968966,True,Industrials,0.4555447277554633
DNLI,2026-09-29,20.88,21.01,20.41,20.81,1390311,42.1,,Z9,MARKUP,0.042462640976656564,-0.0365740740740742,-0.12415824915824925,-0.23772893772893777,0.17848101265822783,-0.025319640587148973,-0.06820918777084928,-0.008449358063783996,1.0,0.0,0.017010309278350677,1.075838206776486,True,Healthcare,0.45594079158619516
CLBT,2026-09-30,10.92,11.31,10.82,11.26,3114141,44.2,T4,,MKDN,0.04445944174075499,-0.02086956521739136,-0.04978902953586495,-0.33016061867935753,0.23236514522821577,-0.01967885333605024,-0.08279942304692312,-0.19045988155791915,0.0,1.0,-0.05158371040723986,0.9843142238376992,True,,0.4566021445595031
RL,2026-09-21,337.99,340.45,333.52,339.82,666158,40.6,T2G,,MARKUP,0.029500388512107432,-0.004715461441583968,-0.08795190423790222,-0.18825693333014837,0.10136830102622563,-0.01995988768421786,-0.05876894991757464,-0.05232016255474847,1.0,1.0,-0.0012675418741512345,1.0069351907804394,True,Consumer Discretionary,0.45667894477712806
PPLI,2026-09-22,37.25,37.25,36.46,36.98,1348180,39.2,,Z5,MKDN,0.03031787795969339,-0.03370786516853952,-0.045923632610939125,-0.23468543046357626,0.10213776722090252,-0.029368502491098902,-0.07005854161263103,,0.0,0.0,-0.04059139784946253,1.0721616895427746,True,Technology,0.457125544943539
VFC,2026-09-21,13.1,13.12,12.77,13.05,7640036,41.7,,Z11,MKDN,0.03551119619987032,-0.0015302218821728886,-0.09185803757828803,-0.2853231106243155,0.10172413793103445,-0.020599451803962276,-0.09278585609047407,-0.1878608032000173,0.0,0.0,0.01123595505617958,1.0786351661223044,True,Consumer Discretionary,0.45755948728349505
LBRT,2026-09-21,19.21,19.25,18.59,18.85,2807997,40.5,,Z1,MKDN,0.05159872155242908,-0.03481822836661541,-0.02634297520661144,-0.30901759530791784,0.26246719160105,-0.05305865136700083,-0.10917499839653022,-0.17243177943745158,0.0,0.0,0.03854748603351954,1.0341214445976967,True,Materials,0.4581798115206861
TEX,2026-09-25,56.89,57.73,56.57,57.33,838587,37.0,T9,,MARKUP,0.03806837109021344,-0.02896341463414631,-0.11171366594360099,-0.19818181818181824,0.10655737704918018,-0.044690803880643615,-0.08041821634519386,-0.06498498888970505,1.0,0.0,-0.03803596127247588,0.9806300503525607,True,Industrials,0.45895847872805134
BABA,2026-09-30,108.6,108.9,107.54,107.54,6439904,38.6,,Z6,MKDN,0.026404269225905753,-0.02942238267148012,-0.047053610988037065,-0.1888059138568302,0.07020802377414567,-0.035994620429405044,-0.062286506830293686,-0.14430045919658563,0.0,0.0,0.007126781695423912,0.7684035274466089,True,,0.4596344856405042
GE,2026-09-30,317.89,317.91,312.25,312.29,4187240,36.6,,Z2,MARKUP,0.027397876236888122,-0.02348342714196372,-0.056782143827962095,-0.19686760621335242,0.06691857630424197,-0.03483419871000415,-0.06508765513277204,-0.03403905817023245,1.0,0.0,0.017764015645371556,0.930281962902485,True,Industrials,0.45978850843561375
SPHR,2026-09-28,139.83,141.5,138.47,138.72,405423,41.9,,Z1,MARKUP,0.04422960287076764,-0.04423315419594864,-0.020892151326934005,-0.23624951825139018,0.12177650429799407,-0.03304889929397825,-0.05262966183464701,0.09159707664570127,1.0,0.0,0.0030873493975902555,0.9251198225027802,True,Communication Services,0.46019234300703643
ARE,2026-09-25,50.3,50.66,49.38,49.93,1506104,43.4,,Z2G,MKDN,0.03751867489499291,-0.06322701688555343,-0.04495026778882938,-0.12831703910614523,0.36086956521739116,-0.039440320309888866,-0.0279352403260531,-0.05780956297947437,0.0,0.0,0.0030469226081659695,0.9309319141267428,True,,0.46068638123875766
FSS,2026-09-30,114.53,114.53,110.76,110.79,454217,37.2,,Z2,MARKUP,0.029819242256090825,-0.02172185430463569,-0.024821758648006287,-0.17184930482882343,0.03605870020964359,-0.03739526691834938,-0.05540698129210031,-0.04430726065503865,1.0,0.0,0.007550259255890035,0.9259903196430103,True,Industrials,0.4612370416684447
OTF,2026-09-23,10.45,10.48,10.34,10.39,2007630,37.4,,Z2G,MKDN,0.02656736049424737,-0.021657250470809686,-0.07066189624329156,-0.12098138747884934,0.30917874396135286,-0.03923956349798574,-0.04406594833063138,-0.1175397147397037,0.0,0.0,-0.012416427889207382,0.9338940894231196,True,,0.4618077666856387
EZPW,2026-09-30,30.38,30.47,29.32,29.76,687752,41.7,,Z2,MARKUP,0.04074212293911734,-0.014243126863199729,-0.0641509433962264,-0.1728738187882155,0.334047109207709,-0.04033343755927987,-0.047535565959702764,0.05292247382874371,1.0,1.0,-0.003399048266485405,1.0235834397983494,True,Consumer Discretionary,0.46220715064876916
MAS,2026-09-29,68.68,69.09,67.58,68.37,1880955,43.1,,Z5,MARKUP,0.026583886027869257,-0.022727272727272596,-0.05252217294900208,-0.1825681492109038,0.0806742925948226,-0.015511577276929644,-0.04351741253234798,-0.03083120677334772,1.0,1.0,-0.002381306742074707,0.8803409241432694,True,Industrials,0.46317935339151867
ECVT,2026-09-30,9.85,9.89,9.74,9.83,1077503,37.3,,Z10,MKDN,0.02877149045643795,-0.048402710551790906,-0.026732673267326645,-0.25978915662650603,0.03361344537815106,-0.038998821794378524,-0.08201161009003888,-0.12244546885347107,0.0,0.0,0.003089598352214118,0.8015089081834673,True,Materials,0.4647086448164171
DPC,2026-09-28,40.53,41.43,39.61,40.54,1291560,43.1,T5,,MKDN,0.06699978036444505,-0.015541525012141788,-0.08030852994555349,-0.2918777292576419,0.14744897959183675,-0.032437326540306954,-0.08087574529724284,,0.0,0.0,0.04249667994687911,0.8365864024509286,True,,0.46602380899823026
OLN,2026-09-23,16.98,17.19,16.75,16.77,1793075,38.4,,Z3,MKDN,0.03773927352286631,-0.014688601645123422,-0.0345423143350605,-0.32433521353746986,0.04958677685950392,-0.03148132397490899,-0.10549492180489284,-0.23076696488364346,0.0,1.0,-0.01978417266187038,1.0047446961055806,True,Materials,0.46623330793350326
LNN,2026-09-24,117.59,117.72,111.25,112.76,150313,39.4,,Z4,MKDN,0.03088931711453191,-0.03845825871919495,-0.012003855252781803,-0.14041774660771456,0.1456400742115028,-0.0319322739679756,-0.028966793938496993,-0.049801676536522566,0.0,0.0,0.0019814464559129163,1.0340173346377655,True,Industrials,0.46628885036905315
MZTI,2026-09-28,100.22,101.92,98.56,101.1,327464,39.8,T4,,MKDN,0.03180671654085833,-0.013658536585365866,-0.119644723092999,-0.16439375154971492,0.134841235319704,-0.02811233724361517,-0.06310380506272384,-0.20940524576439445,0.0,0.0,0.005714285714285783,0.7945880067956754,True,Consumer Staples,0.4664791040824767
AAP,2026-09-22,41.98,43.56,41.98,42.66,1923485,40.9,T9,,MKDN,0.04947892342995746,-0.018633540372670843,-0.02223240889296374,-0.32500000000000007,0.08873114463176572,-0.03521748810841896,-0.11799278001499602,-0.18318007016849436,0.0,0.0,0.007132316773241776,1.0904936878666658,True,Consumer Discretionary,0.4667405436849341
AS,2026-09-28,27.39,27.93,27.27,27.62,5428720,41.9,T10,,MKDN,0.03640800916048208,0.006193078324225887,-0.11046698872785832,-0.26640106241699857,0.1316017316017316,-0.021805537264195762,-0.09498763448401537,-0.18268576659203817,0.0,0.0,0.014942528735632177,0.7994423717468885,True,,0.46705976343644323
LINE,2026-09-22,37.62,37.84,37.3,37.4,761069,37.6,,Z3,MKDN,0.028341676282671723,-0.028066528066527985,-0.08333333333333326,-0.18251366120218582,0.0742793791574281,-0.029617636672368497,-0.06296848642275465,-0.06179172686094636,1.0,1.0,-0.004876727174207507,1.0419299181078994,True,,0.4673102058557654
IRM,2026-09-30,112.0,112.46,109.31,110.95,1846721,38.6,,Z3,MARKUP,0.028914716037663265,-0.03597184811886345,-0.02862896165295037,-0.16497328215549034,0.0766638584667231,-0.030505284658125298,-0.057362468543520895,-0.0281924664948916,1.0,0.0,0.0016494089617886676,0.8548794589350148,True,,0.46739563254625816
CMP,2026-09-21,23.85,24.07,23.49,23.57,390741,35.2,,Z2G,MARKUP,0.03941820123789624,-0.02036575228595172,-0.09346153846153848,-0.2645865834633384,0.05357142857142864,-0.04918343502258493,-0.09934136943882932,-0.07733546942637937,1.0,0.0,-0.02258469259723961,1.0190143706946249,True,Materials,0.46752454366147894
VMRK,2026-09-28,61.49,61.77,60.55,61.37,5174557,40.1,,Z9,MKDN,0.02126074402512976,0.0001629726205996107,-0.06362526701251159,,,-0.028807042909042457,,,0.0,1.0,-0.002963938745265904,0.8456907467002682,True,,0.46814997785282614
NOC,2026-09-25,509.1,513.23,507.01,510.52,535484,37.6,T9,,MKDN,0.02334546291780426,-0.031987713077608615,-0.06348944288518332,-0.14127600881398128,0.27275088752272925,-0.027934171051657408,-0.04897152352975653,-0.10308448334026432,0.0,0.0,-0.01324774651734495,0.9890852869495139,True,Technology,0.46856939875590115
BV,2026-09-22,10.83,10.87,10.67,10.67,641614,35.3,,Z11,MKDN,0.0309099818184764,-0.02110091743119269,-0.02468007312614251,-0.2886666666666666,0.05458515283842795,-0.037873548809984836,-0.09017387445611835,-0.15826988927717855,0.0,0.0,-0.02754820936639124,0.9971919567301707,True,,0.4685797440784955
BBWI,2026-09-23,17.0,17.15,16.71,17.02,6311373,41.3,T5,,MKDN,0.05170707813083452,0.017334130304841544,-0.03185437997724683,-0.27296027338744133,0.06304985337243398,-0.048783835999228864,-0.09171972222408897,-0.1675877686920464,0.0,0.0,0.007233273056058032,1.0313351919793217,True,Consumer Discretionary,0.4700222489919211
VIK,2026-09-21,85.41,86.9,85.13,86.05,4123962,41.5,T2G,,MARKUP,0.033618843806186495,-0.0042814163388105175,-0.07263713762258872,-0.2183667908075212,0.09996256083863725,-0.018967750073073164,-0.061083307455058744,0.01669623603753445,1.0,1.0,-0.003704146254032814,1.0399315082055745,True,,0.4702260089118969
PRIM,2026-09-25,72.58,73.08,70.1,72.65,1514497,39.6,T9,,SPRING★,0.04373164483862723,-0.05808375469985727,-0.056493506493506374,-0.2312169312169312,0.10450819672131191,-0.0380145262185827,-0.10562333507000532,-0.31043600890895906,0.0,1.0,-0.00028522532800923095,0.8468937855274034,True,,0.4704914716351299
FSLR,2026-09-21,198.22,201.16,193.73,199.84,1835760,44.2,T9,,MKDN,0.049779974916031096,-0.03477588871715609,-0.06738846369236506,-0.25902855024100846,0.13001245330012454,-0.02713693157529007,-0.06790133347264526,-0.09433920524277628,0.0,1.0,-0.03906646372399791,1.1538346652908134,True,Technology,0.47057722772458
STN,2026-09-28,68.29,69.39,68.1,68.72,211106,39.1,T11,,MKDN,0.025405206794154776,-0.028555272830081968,-0.08116058296563722,-0.11306143520908629,0.21925133689839518,-0.027767023335319108,-0.043098087131584695,-0.15751115598246412,0.0,0.0,-0.0151009147669523,0.9021271543079309,True,,0.47107945669218076
GIS,2026-09-21,36.27,36.53,35.41,35.41,9957340,34.8,,Z2G,MKDN,0.030984948830524443,-0.02906498491911169,-0.11408556417312987,-0.16090047393364948,0.0824324324324323,-0.05546334398529096,-0.05647862586690333,-0.10603936248517354,0.0,0.0,-0.005616399887672041,0.9861655221381743,True,Consumer Staples,0.4720356317961246
MAT,2026-09-25,13.11,13.32,13.04,13.29,4319399,39.0,T2,,MKDN,0.02787420906452326,0.002262443438914019,-0.10924932975871315,-0.15079872204472855,0.1917808219178078,-0.029841164928491315,-0.058784107243238015,-0.14431077511863266,0.0,1.0,-0.013006885998469775,0.9672491237297595,True,,0.4720900801303791
SNDA,2026-09-24,37.91,38.03,37.36,37.55,401294,39.4,,Z6,MARKUP,0.03552381641182882,-0.030717604543108012,-0.053440887320393315,-0.15389815232086534,0.0868983957219249,-0.029316459754095803,-0.03492292976364242,0.04544686498591699,1.0,0.0,0.01084010840108407,0.9653792327820752,True,Healthcare,0.4722982909072921
ARCB,2026-09-30,129.67,129.67,126.57,127.44,193259,40.3,,Z3,MARKUP,0.03831052422242805,-0.027769301190113005,-0.039783001808318286,-0.2125556104794859,0.08946532556908404,-0.030273553145574006,-0.060473945827405284,0.050753893781681825,1.0,1.0,-0.0122611464968152,0.7836185605975253,True,Industrials,0.47281257043048824
PHIN,2026-09-25,59.94,62.08,59.77,62.04,344721,36.2,T4,,MKDN,0.03334837444257819,0.010094431781178637,-0.08858527985896858,-0.24909222948438636,0.13638271086865292,-0.03392941050789511,-0.10139345642939612,-0.1069745029301784,0.0,1.0,-0.023421926910299096,0.8587210367554995,True,Industrials,0.4728253150471313
ZVRA,2026-09-24,11.28,11.31,11.06,11.26,593987,40.6,,Z2G,MARKUP,0.03914224601052718,-0.048986486486486513,-0.040885860306643984,-0.25132978723404253,0.3636363636363637,-0.04085010352886931,-0.04247839612588311,0.03074732669881275,1.0,0.0,-0.028972783143108027,0.9303034267653693,True,Healthcare,0.47293716542231823
TDG,2026-09-28,1105.35,1112.45,1092.93,1109.22,330720,39.7,T11,,MKDN,0.02383100057624719,-0.0003875095750912605,-0.06471495906304547,-0.18439106169898312,0.13150238969314965,-0.015476925410929487,-0.05289788411393315,-0.11008626872965388,0.0,0.0,0.012891481913652303,0.8557468234936783,True,Industrials,0.4730308920850946
ALSN,2026-09-30,113.37,114.27,112.1,113.26,1020388,35.1,,Z10,MARKUP,0.033383323745991046,-0.011606597434331123,-0.07701083856246427,-0.15891875835437397,0.14262820512820526,-0.04533191274825521,-0.061594315934725974,-0.020098604452292057,1.0,1.0,-0.013680376654526039,0.8877643770053544,True,Industrials,0.4731159232833962
BTSG,2026-09-25,56.36,57.01,55.49,56.59,2080051,42.2,T2G,,MARKUP,0.038274467075225124,-0.0033462486791123736,-0.07077175697865346,-0.2326779661016949,0.09110169491525454,-0.028444846487992836,-0.060497119961344104,0.07269086624366361,1.0,1.0,-0.013838964773544293,0.8750093518979207,True,Healthcare,0.47344328878909314
SD,2026-09-28,14.04,14.04,13.6,13.6,419734,38.4,,Z6,MKDN,0.028029502887193934,-0.027181688125894166,-0.025787965616045905,-0.1081967213114754,0.24999999999999958,-0.039621856560768554,-0.04026462498733452,-0.04284405518546386,0.0,0.0,-0.0007347538574576928,0.9255946424406253,True,Energy,0.4734722071679451
ESE,2026-09-30,266.64,269.08,261.25,265.11,197401,40.3,,Z4,MARKUP,0.030378373466233354,-0.0040572523385551396,-0.009415984755072215,-0.2184717882200342,0.11213609680124609,-0.0146514222707268,-0.06306084627551956,-0.04844672801715999,1.0,0.0,0.01736070381231669,0.9680239395018818,True,Industrials,0.4741078551778238
HLIT,2026-09-25,11.02,11.19,10.97,11.01,986009,40.6,,Z5,MARKUP,0.041838157298391736,-0.008108108108108136,-0.10342019543973935,-0.3031645569620254,0.10467289719626174,-0.03965957030498135,-0.07948375501109628,-0.05549162021529197,1.0,0.0,0.003724394785847185,0.7610138667949603,True,Industrials,0.4742213905580533
ANDE,2026-09-30,65.97,67.69,65.25,65.7,398566,38.7,,Z9,MARKUP,0.03140385370905019,-0.025077904733640022,-0.023193577163247103,-0.193766106270708,0.1285871964679915,-0.03526337785443989,-0.04797065639749509,0.0014901655215562304,1.0,0.0,0.02966703487454625,0.978733607072631,True,,0.4743411681593511
SNDR,2026-09-29,31.61,32.04,31.44,31.98,655377,37.6,T2G,,MARKUP,0.02997410636817143,-0.016000000000000014,-0.07331208345407125,-0.18501529051987775,0.129496402877698,-0.030155940802662484,-0.06063692090319528,0.006805779760647335,1.0,1.0,-0.023696682464455,0.9797892398397386,True,Industrials,0.4744506507494752
PRMB,2026-09-21,20.72,20.94,20.28,20.48,3520227,33.6,,Z2,MARKUP,0.03673438611749456,-0.029383886255924252,-0.11418685121107264,-0.21861884776802742,0.03372681281618875,-0.05367525263774253,-0.08925631081644037,-0.08878815870494372,1.0,0.0,0.0,0.9206411120204354,True,Consumer Staples,0.4745374830758329
NPKI,2026-09-21,12.8,12.8,12.46,12.48,652067,32.5,,Z6,MARKUP,0.03380203526350264,-0.037779491133384746,-0.08771929824561397,-0.22867737948084055,0.15525114155251138,-0.049510255343504395,-0.07907380740351455,-0.0769318126338181,1.0,0.0,-0.017350157728706517,0.991056830260932,True,,0.47485854344561335
CBT,2026-09-29,78.65,78.65,77.65,77.76,362879,38.8,,Z4,MARKUP,0.02641195389198322,-0.021517553793884425,-0.05984766050054391,-0.1637810517259919,0.10200471698113235,-0.02384555214816031,-0.05334092722619155,-0.030089750355264844,1.0,0.0,0.019334473234249527,0.9045359377378189,True,Materials,0.4748912514561971
ALGT,2026-09-28,77.14,78.55,75.05,76.55,416549,42.2,,Z1G,MKDN,0.049035039366123974,-0.04895018014660202,-0.030276159108183487,-0.3754079634464752,0.086922008334987,-0.03177220196917041,-0.08757515298411389,-0.09702500705040684,0.0,0.0,0.03616461133434945,0.8974918777555588,True,Industrials,0.47545346866630506
MLM,2026-09-22,508.29,510.81,493.77,499.34,716068,40.7,,Z3,MKDN,0.026345286943298983,-0.014739251395986752,-0.06334527583425564,-0.1776215023304074,0.08948923596454168,-0.02046202566752031,-0.05922630309080701,-0.12924903307894364,0.0,1.0,-0.005858183149587082,1.0975916098586311,True,Materials,0.47563698505430624
TMUS,2026-09-30,162.72,164.62,162.41,163.08,3930596,35.0,T3,,MKDN,0.028287167769495438,-0.015574067366895927,-0.10474308300395252,-0.17988433492582345,0.05144523998939342,-0.04481006215902561,-0.0749535608671571,-0.1499444019977768,0.0,0.0,0.007881345413925933,0.845571717400494,True,Communication Services,0.47570327967641296
BPRE,2026-09-21,11.97,12.05,11.88,11.92,784824,43.9,,Z10,MKDN,0.027509550935444754,-0.0008382229673092878,-0.021346469622331665,-0.14674302075876888,0.10869565217391301,-0.013305435342278127,-0.04845471597876638,,0.0,0.0,0.011996572407883432,0.9496655421341759,True,,0.47585137225952695
BWXT,2026-09-21,149.11,150.0,146.38,147.47,1011692,38.0,,Z3,MKDN,0.03478451052530128,-0.007136605399582607,-0.05938257430794747,-0.2703117268678872,0.05435347065951164,-0.03781944941325366,-0.09824761369278057,-0.18371265574473594,0.0,1.0,-0.0022122364327686883,1.1093823719498432,True,Industrials,0.4759708888108963
PRDO,2026-09-30,30.3,31.08,30.11,30.94,1028093,40.0,T2G,,MKDN,0.03449857651558539,-0.01590330788804073,-0.06214004243710214,-0.16558791801510242,0.24384236453201982,-0.02764317273053951,-0.04551925434322335,-0.062374171740378626,0.0,1.0,-0.0410824910335833,1.087785384468657,True,,0.47646180115742764
PPG,2026-09-30,106.16,106.36,104.27,104.33,1918225,37.4,,Z2,MKDN,0.02292175869303374,-0.026772388059701502,-0.04895168641750236,-0.15488051842851358,0.03189873417721496,-0.02823971751209342,-0.05346578393470036,-0.06225084843112483,0.0,0.0,0.005496624879459899,0.9594341347912841,True,Materials,0.47655416660776717
CBRE,2026-09-25,136.61,137.87,134.47,134.55,1980398,37.2,,Z2,MKDN,0.0314597302906544,-0.03548387096774186,-0.0860616764026626,-0.14053018205046308,0.06303236797274349,-0.04588242712184276,-0.05665941009165287,-0.06339313628577281,0.0,0.0,-0.020183619935878805,1.0515281004452803,True,Real Estate,0.4770177256266279
TKO,2026-09-25,183.89,185.25,180.55,182.67,1181299,40.6,,Z2G,MKDN,0.030439256321738033,-0.034819824579942926,-0.009059346859064843,-0.1003250591016549,0.1699266503667477,-0.03291688668554216,-0.0384824128544442,-0.04772841106824921,0.0,1.0,-0.0011653071416680705,0.9758430867030468,True,Communication Services,0.4772304401203242
OSIS,2026-09-21,199.2,202.06,196.43,200.4,162898,40.3,T9,,MKDN,0.034930082077949044,0.0022505626406601476,-0.03061964881729784,-0.16811955168119552,0.25551470588235303,-0.02352460626090691,-0.05851787231720229,-0.14388596403830467,0.0,0.0,0.047292225201072347,0.861175141383309,True,Technology,0.4772960936198099
ITRI,2026-09-28,89.37,89.65,87.58,88.49,486799,33.9,,Z2G,MKDN,0.02946076378008693,-0.04262685275343514,-0.09268942889367382,-0.18216266173752316,0.2718876985592906,-0.04761425287099563,-0.053280222778407715,-0.07033279189395503,0.0,0.0,-0.026023131672597954,0.9761764390538982,True,Technology,0.4776447375562871
HEI,2026-09-30,305.26,307.31,302.79,303.18,370602,36.7,,Z1G,MARKUP,0.026270627494167868,-0.023794957658498816,-0.06756881439335682,-0.19551026906543545,0.11548619447779115,-0.02937875354020092,-0.06875852958642925,-0.06327921002229142,1.0,0.0,0.025684698187764088,1.0021049538742417,True,Industrials,0.4783000961187691
MC,2026-09-25,57.82,58.94,57.78,58.74,520097,34.9,T1G,,MKDN,0.037909750215203396,-0.016574585635359074,-0.144106076060032,-0.191465932553338,0.14241676942046866,-0.05487400238931561,-0.09056594006161123,-0.10197177879120511,0.0,1.0,-0.02201039861351828,0.889071868209201,True,Financials,0.47875920862010446
UNFI,2026-09-23,45.38,45.84,43.53,43.74,402219,39.1,,Z2G,MARKUP,0.04053779334847903,-0.05529157667386597,-0.08109243697478985,-0.15641272902603665,0.13262032085561518,-0.04182671489275258,-0.0625817785002093,-0.00968407357692791,1.0,0.0,0.024235294117647133,1.034908151347908,True,,0.4791671243422613
CRK,2026-09-28,13.05,13.42,12.66,12.69,1737749,38.2,,Z2G,MKDN,0.05380579148767048,-0.025345622119815725,-0.11196641007697694,-0.21277915632754352,0.14250000000000002,-0.07573405097616492,-0.0906063643832945,-0.22381194154588047,0.0,0.0,0.015236567762630271,0.8371601947644108,True,Energy,0.4792892725336355
OCUL,2026-09-25,9.77,9.85,9.59,9.65,1621508,42.1,,Z2G,MARKUP,0.05460586594438122,-0.034034034034034044,-0.1081330868761553,-0.17802385008517885,0.4178272980501393,-0.05773432557449465,-0.04184407421317482,-0.019838402263628763,1.0,0.0,-0.022426095820591296,0.9133687974202501,True,Healthcare,0.47972215361054116
CAAP,2026-09-24,23.79,23.89,23.46,23.55,220641,43.4,,Z2,MKDN,0.03026649182858816,-0.015468227424749181,-0.04268292682926833,-0.11962616822429906,0.32346723044397485,-0.020412274330892433,-0.03681951734673261,-0.046379339054453905,0.0,0.0,0.019113814074717794,0.8382965717752958,True,,0.4799440624020599
LSTR,2026-09-29,164.94,168.91,164.25,168.42,364275,40.5,T2,,MARKUP,0.026977659178272766,-0.0015413801280532713,-0.06759674472678967,-0.22186287192755505,0.11549088229876557,-0.01677601363782555,-0.05935123733117087,-0.035221469115719106,1.0,1.0,-0.017629952744456556,0.9712163337970212,True,Industrials,0.4801210583035058
BCRX,2026-09-28,8.55,8.66,8.34,8.47,4354751,39.4,,Z1,MARKUP,0.042617512259394766,-0.0331050228310501,-0.1374745417515274,-0.2450980392156863,0.14062500000000028,-0.041530269501130035,-0.07416849288802185,-0.05429214244080782,1.0,0.0,0.03990024937655856,0.836263383670397,True,Healthcare,0.4804113978664823
BILI,2026-09-29,14.99,15.02,14.73,14.84,2187178,40.1,,Z2G,MKDN,0.031663794288779135,-0.029431000654022155,-0.08168316831683164,-0.23780174627632256,0.08858267716535421,-0.0363925686055101,-0.09442153784066531,-0.2622372345540921,0.0,0.0,0.02223766504517033,0.7792541534319961,True,,0.4807512519086007
DAKT,2026-09-22,17.87,18.14,17.68,17.98,479244,38.7,T2G,,MKDN,0.03675085747006673,0.013528748590755368,-0.05368421052631578,-0.19372197309417039,0.1496062992125987,-0.028683967924419407,-0.06446258317725273,-0.08583530081913637,0.0,1.0,-0.010913268236645735,0.7534236511515157,True,,0.4817745937646298
MITK,2026-09-29,17.25,17.36,16.55,16.59,556615,40.4,,Z2,MARKUP,0.0482139256465291,-0.05037206639954206,-0.10130010834236192,-0.1973875181422352,0.15702479338842965,-0.05618246995509546,-0.06256055527668414,0.0741183943775916,1.0,0.0,0.0,0.914963367807572,True,Technology,0.48191694222815834
LZ,2026-09-30,5.55,5.71,5.53,5.61,2393747,40.3,T2G,,MKDN,0.04806058178742622,-0.031088082901554404,-0.08631921824104227,-0.33922261484098937,0.1111111111111112,-0.04337554587021464,-0.08571604580917114,-0.19571369426683982,0.0,0.0,-0.053003533568904526,0.9731024806632261,True,Technology,0.4819858672763072
CWK,2026-09-25,12.31,12.46,12.16,12.16,1796360,36.0,,Z6,MKDN,0.04133900108972261,-0.01935483870967747,-0.1400282885431401,-0.22349936143039595,0.046321525885558566,-0.05694822039315406,-0.0841891706167347,-0.10472345501763047,0.0,0.0,-0.022022838499184294,1.034309778302874,True,Real Estate,0.48262516778979314
TPR,2026-09-25,111.54,113.91,111.54,113.88,1890873,35.6,T2,,MKDN,0.03239453158543739,-0.009739130434782695,-0.07594936708860756,-0.30898058252427196,0.07435011816033428,-0.038839413033873726,-0.10931379119475915,-0.1361940600547873,0.0,1.0,-0.02069396128802059,0.8262225158984587,True,Materials,0.48489599104684655
CHRW,2026-09-30,151.74,151.88,147.78,147.96,1042699,43.1,,Z3,MKDN,0.02765661973380963,-0.011425135297654654,0.000540979172301892,-0.2965340179717587,0.09726443768996958,-0.015576282229483485,-0.051363837696447256,-0.08607778363328633,0.0,0.0,0.008764607679465852,0.8291300837334193,True,Industrials,0.4851751845194526
GBX,2026-09-28,42.57,42.88,41.94,42.09,287941,35.9,,Z2,MKDN,0.0257387776226168,0.0030981887511916106,-0.08320627314310591,-0.19798018292682917,0.07314897413024092,-0.025275642496822903,-0.06384741466234445,-0.1143801104482497,0.0,0.0,0.008965350133268712,0.990141794031378,True,Industrials,0.485418169685229
EMN,2026-09-29,66.2,66.27,65.39,65.75,1252454,38.9,,Z1G,MKDN,0.02455990749585848,-0.019680930371253846,-0.09235229155162894,-0.13201320132013206,0.11738746690202988,-0.028329051383394477,-0.05219374228269413,-0.06863920085833408,0.0,0.0,0.01443651040049665,1.0077234976572995,True,Materials,0.48567400462761734
AEO,2026-09-21,15.2,15.53,15.04,15.46,5753784,44.1,T2G,,MKDN,0.04663614066748863,0.0019442644199612058,-0.04390847247990115,-0.1625135427952329,0.31192660550458734,-0.026654701412183956,-0.0629145211648574,-0.11437893823732814,0.0,0.0,0.03617021276595733,0.7443502270262664,True,Consumer Discretionary,0.4859467167565957
OC,2026-09-25,120.8,125.89,120.0,123.91,632714,38.5,T1,,MARKUP,0.03779397589441935,8.071025020162104e-05,-0.13759743875278407,-0.2249812359269452,0.0980441323971915,-0.043501273537588925,-0.0811636574016813,-0.05183537098898272,1.0,1.0,-0.019127023050514946,0.906305124287837,True,Materials,0.48629621753001007
MLYS,2026-09-30,24.48,25.89,24.44,25.13,2051880,40.3,T9,,MKDN,0.05856228669880731,-0.06545184083302347,-0.01720766523269457,-0.21444201312910283,0.09259259259259252,-0.06857974567687708,-0.07382890205825754,-0.09229346332704536,0.0,1.0,-0.022017614091273008,0.9730394283961186,True,Healthcare,0.48659064856420303
NFLX,2026-09-25,71.63,71.83,70.98,71.14,23180484,37.1,,Z1,MKDN,0.0296405578370407,-0.009054185819752147,-0.10896793587174347,-0.14904306220095687,0.32721382289416867,-0.054312592837463924,-0.07097662178739306,-0.17566911670276408,0.0,0.0,0.012409071459135612,0.9595140962374308,True,,0.4865969645777753
CALX,2026-09-30,33.62,34.55,33.33,34.36,1134046,41.0,T2G,,MKDN,0.03176978197604394,-0.005211349160393786,-0.08859416445623347,-0.1672321861366941,0.22558922558922545,-0.01953559466362409,-0.06096841517183749,-0.1974306942740951,0.0,1.0,-0.04712812960235646,0.9768085579002543,True,Communication Services,0.4870562136000494
WRLD,2026-09-29,170.68,174.0,168.55,172.51,42515,37.0,T4,,MARKUP,0.03235926361899388,-0.002774726862824539,-0.06147652467221598,-0.2073243578550752,0.08774767488879909,-0.039719948888451095,-0.05874455021519587,0.01564364575835464,1.0,0.0,0.002259618243444228,0.842830915205771,True,Financials,0.4874386926254234
OPLN,2026-09-23,34.49,34.69,34.01,34.19,826451,41.3,,Z2G,MARKUP,0.027427742754852314,-0.02481460353679421,-0.0034975225881668237,-0.1991098617943312,0.11273486430062615,-0.022149824544418606,-0.047155802040435346,,0.0,0.0,0.022349743279975964,1.0788615709483167,True,Consumer Discretionary,0.48771728114167506
DEC,2026-09-29,13.4,13.59,13.27,13.5,855044,35.8,T5,,SPRING★,0.030513765253005334,-0.02877697841726623,-0.0933512424445937,-0.1504090623033355,0.315186246418338,-0.04818508960912038,-0.053328690974963955,-0.06115695035705371,0.0,1.0,-0.014847809948032697,0.798192347754287,True,Energy,0.48783046823411647
DLX,2026-09-30,23.62,23.62,22.97,22.97,429587,39.9,,Z2,MKDN,0.029835123010227383,-0.038107202680066954,0.006132282084975849,-0.17964285714285722,0.05628517823639723,-0.033091575982931665,-0.04754647660231104,-0.043077507419176375,1.0,0.0,0.013233348037053227,0.9532753657515521,True,Materials,0.4880574786013167
ST,2026-09-24,40.98,41.41,40.63,41.06,1030916,40.4,T5,,MARKUP,0.02952048069222247,-0.027935606060606077,-0.035697510568341806,-0.19490196078431365,0.07534883720930254,-0.027550832722423535,-0.05490592093833746,-0.009240037932651601,1.0,0.0,0.009440993788820018,1.0693157083379374,True,,0.48807799386926554
CMI,2026-09-29,520.69,524.54,517.68,521.37,807553,32.4,T9,,MKDN,0.02777461470882075,-0.009047193659361685,-0.07624025513819976,-0.2462810634206989,0.03946774921064501,-0.036360579581232844,-0.09703497743290301,-0.10002264760741097,0.0,1.0,-0.00909283553911655,0.896375073851551,True,Industrials,0.48940105501285514
CTRI,2026-09-28,20.32,20.41,19.76,19.92,1386869,40.9,,Z2G,MKDN,0.03939664413867604,-0.020648967551622377,-0.019685039370078705,-0.3044692737430167,0.09261186264308019,-0.022659853236324246,-0.10940905074051854,-0.22838503419091216,0.0,0.0,0.036258539148712465,1.0442338512546634,True,Utilities,0.4894864090038822
DECK,2026-09-30,78.3,78.59,77.2,78.14,4174387,35.6,,Z10,MKDN,0.029038997248317613,-0.005725919328158802,-0.07614093166233149,-0.2946380213034844,0.027992852888624114,-0.033628867501416915,-0.10466288777485522,-0.20164448264480117,0.0,1.0,-0.0020682523267838704,0.9100071693745719,True,Materials,0.48951663189054706
GLIBK,2026-09-25,23.72,23.98,23.09,23.55,335348,35.5,,Z2G,MKDN,0.03513903953796478,-0.010088272383354302,-0.0990818668706962,-0.13291605301914577,0.39530988274706863,-0.04833526332106597,-0.05086366016743493,-0.16892612449334765,0.0,0.0,-0.021195421788893554,0.9394678055594873,True,Communication Services,0.48989134986089294
HAL,2026-09-24,33.35,33.41,32.67,32.76,7591642,36.1,,Z6,MARKUP,0.03024562351743915,-0.037320011754334526,-0.04878048780487809,-0.13925380977404112,0.25141242937853064,-0.05075515405940034,-0.059931625101165564,-0.03292325163595611,1.0,0.0,-0.01089918256130784,0.9723822134250723,True,Materials,0.49011016458958
RXO,2026-09-25,20.45,20.45,19.5,19.79,1970272,42.2,,Z6,MARKUP,0.05451334601596045,-0.023198420533070196,-0.11215791834903543,-0.3381270903010033,0.1084656084656085,-0.02249501478189897,-0.07995539761384352,-0.025869329434357047,1.0,0.0,0.03663793103448265,0.937255800041533,True,Industrials,0.49015513819425155
ELAN,2026-09-23,22.82,23.39,22.51,22.57,5336482,40.0,,Z9,MARKUP,0.03437657867540639,-0.012685914260717412,-0.10043842168194494,-0.19335239456754827,0.18768768768768768,-0.03086115535860956,-0.050475149908481676,-0.019295154654574764,1.0,0.0,-0.02163355408388512,1.0843220686146824,True,Healthcare,0.49020422437791883
LMT,2026-09-29,514.99,519.68,511.03,512.21,1239908,33.7,,Z2G,MKDN,0.0240091932844719,-0.0193934984875751,-0.08734386971473362,-0.1640799673602611,0.199522292993631,-0.037488860704127824,-0.05712128312332687,-0.057297894721904497,0.0,0.0,-0.00886346004654781,0.8952256131376973,True,Industrials,0.4902044340785206
NSSC,2026-09-28,35.32,35.52,34.52,35.06,297217,38.4,,Z2G,MKDN,0.0342956042470009,-0.021217197096593976,-0.008203677510608132,-0.3227738072242612,0.06438969764837656,-0.027986453635578168,-0.045255646009134454,-0.07970701356546017,0.0,0.0,0.017988793866116293,0.7780802393216555,True,Industrials,0.49040759399364814
CTVA,2026-09-24,81.53,81.53,79.06,79.45,3498299,40.6,,Z4,MARKUP,0.030774194518513598,-0.025512081442413792,-0.04138513513513509,-0.12663515444652074,0.3001215066828675,-0.031418064055620865,-0.03336329116432091,0.006535413831771475,1.0,1.0,-0.0029180411063181033,0.955944582598567,True,,0.4904613856611805
INGM,2026-09-28,26.78,27.23,26.1,26.46,1890702,43.9,,Z1,MARKUP,0.03887636134857705,-0.0185459940652819,-0.07804878048780484,-0.14507269789983845,0.16697588126159593,-0.0258986374959147,-0.042916891019630476,0.015836680429008654,1.0,0.0,0.012071651090342694,0.7716656305068884,True,,0.49083700604419095
VNO,2026-09-28,34.98,35.08,33.84,34.1,1417195,36.5,,Z4,MARKUP,0.030653023297887348,-0.04159640247329954,-0.10732984293193715,-0.18028846153846156,0.03474903474903514,-0.03848310317957704,-0.0665874427991825,-0.0348565024639349,1.0,0.0,-0.008208736440926456,0.990963799614892,True,,0.4908620870571288
PLOW,2026-09-25,39.78,40.1,39.51,39.74,105994,39.2,,Z5,MARKUP,0.02578018229770192,-0.003760340937578266,-0.05740037950664123,-0.2542690936385813,0.07255304585900084,-0.017426877499098437,-0.05282057589542566,-0.03861061779384989,1.0,0.0,0.011111111111111072,0.8981685857735304,True,Industrials,0.4913565684388359
CCJ,2026-09-30,87.79,89.92,86.6,86.67,3076003,34.4,,Z2,MKDN,0.038126674281426055,-0.04548458149779733,-0.09962601288177853,-0.22296933835395372,0.12398731947868953,-0.059555433464551055,-0.089798466369031,-0.12111227625351928,0.0,0.0,-0.04524180967238678,0.9607696957885506,True,,0.49167946287727177
TRN,2026-09-25,27.89,28.33,27.86,27.91,683549,36.5,T9,,MKDN,0.025269090446349327,-0.003214285714285725,-0.05325644504748983,-0.2712793733681461,0.05545454545454542,-0.018375635943982394,-0.0694521584847112,-0.10547883986165818,0.0,1.0,-0.008354522339266257,1.0277062819468366,True,Industrials,0.49184372878122906
ERII,2026-09-22,7.06,7.13,6.95,7.12,754150,37.4,T2G,,MKDN,0.03785542450540811,0.008498583569405138,-0.08717948717948709,-0.23768736616702357,0.09756097560975618,-0.03884044595320957,-0.09803728525694089,-0.2883700130131057,0.0,1.0,-0.0014513788098693414,0.9637708128337926,True,Industrials,0.492442791049515
TXT,2026-09-28,76.02,77.9,75.51,77.37,1977886,35.3,T6,,SPRING,0.02317056855453229,-0.025689459765772527,-0.0682803468208093,-0.20499383477188649,0.08528198074277857,-0.02772637035307468,-0.06814971879523923,-0.10799846115327438,0.0,0.0,-0.033410138248847865,0.9870353469694102,True,Industrials,0.4928999578611231
WFRD,2026-09-28,85.78,85.97,82.66,82.8,803712,39.0,,Z4,MKDN,0.04075967736564667,0.007299270072992581,-0.11717667128691767,-0.1670020120724347,0.23502304147465408,-0.042251248988456336,-0.06559504026076712,-0.05699541790790441,1.0,0.0,0.025757004648825133,0.8588211708136094,True,Industrials,0.4929053937812907
APOG,2026-09-28,36.84,37.13,35.86,36.41,165150,38.1,,Z1,MKDN,0.03066679598936733,-0.015147416824452309,-0.0971981155467394,-0.173439273552781,0.09155766944114106,-0.0379833563307308,-0.06631470599089029,-0.06052315835602651,1.0,0.0,-0.02516411378555805,0.8104520709697681,True,Materials,0.49306694902873865
ASTH,2026-09-29,35.09,35.66,34.46,35.45,264255,44.5,T3,,MARKUP,0.05386610205446432,0.00968385075477074,-0.06979795329309879,-0.2907162865146058,0.18186936936936962,-0.02364373077536508,-0.05634483320067818,0.03165617150649069,1.0,0.0,0.0,0.8436081754191325,True,Industrials,0.4933385390312734
NYT,2026-09-30,62.35,64.52,62.1,63.7,2637882,41.3,T9,,MKDN,0.03757005675466568,0.02924543544999203,-0.05950095969289826,-0.18364731513520438,0.12031921424186623,-0.03740069827730241,-0.06492675389937796,-0.09376546022946775,0.0,1.0,-0.0009708737864076999,1.011593841938232,True,Materials,0.4938391686644972
BKV,2026-09-24,23.28,23.57,22.61,23.08,2374885,41.6,,Z2,MKDN,0.04374652278131269,0.012724879333040784,-0.04785478547854782,-0.17718360071301253,0.14604810996563536,-0.036230509513896836,-0.0671115743156172,-0.10820745995688297,0.0,1.0,-0.02027324812692821,0.7254047624474775,True,Energy,0.49388281992624783
MAIR,2026-09-30,24.88,25.47,24.58,24.6,3836722,41.7,,Z2G,MKDN,0.0488995511688472,-0.026128266033254133,-0.044660194174757195,-0.3379978471474703,0.1185964912280703,-0.02433281162501899,-0.11493923547759821,,0.0,0.0,0.053688345700567464,1.0145819479047626,True,Industrials,0.49425605918125265
CSTM,2026-09-25,24.68,25.11,24.4,24.89,1115249,36.6,T1,,MARKUP,0.035957691630397776,-0.025831702544031332,-0.09193724917913171,-0.1905691056910569,0.0815047021943573,-0.04266813834297145,-0.09120458525623298,-0.0564125542235121,1.0,0.0,-0.026757188498402473,1.0775273720939353,True,Materials,0.49443263908768703
POST,2026-09-28,72.85,75.22,72.52,74.87,829171,36.8,T4,,SPRING,0.031276023242208205,-0.005182035609885727,-0.12278851786760392,-0.23367451381780957,0.09332803812549674,-0.04025354836046169,-0.08626370458656818,-0.19031102939584887,0.0,1.0,-0.027751709344416287,0.844229756915251,True,Consumer Staples,0.4956211843721663
SYNA,2026-09-21,93.83,96.0,91.0,95.36,435954,46.5,T1G,,MARKUP,0.050494916806268976,0.0031559015358719744,-0.023551095637927455,-0.29773915604978274,0.1524109014675052,-0.011076427218344564,-0.07212841003247594,-0.029922013913343593,1.0,1.0,-0.033146745692020585,0.9446571512459093,True,Technology,0.49603977162681206
PDD,2026-09-23,79.4,79.52,78.7,79.2,5314150,41.3,,Z1G,MKDN,0.024590639486134443,0.005586592178770999,-0.09743589743589742,-0.15012340379869082,0.18851508120649657,-0.020704518466013955,-0.052037770527645244,-0.15470122669684327,0.0,0.0,0.005436893203883519,0.9324058373885191,True,,0.4962108163101383
CVNA,2026-09-25,64.09,65.48,63.4,65.06,4216866,41.5,T2,,MKDN,0.047319578294761626,-0.0007679311933650457,-0.12187879605884733,-0.1528645833333333,0.4323017408123794,-0.042832626192617296,-0.056353651496620416,-0.072856065561681,0.0,1.0,-0.04015444015444014,0.9437535705704811,True,Consumer Discretionary,0.49625395306503634
SWK,2026-09-30,89.5,90.71,88.52,88.59,1904136,39.1,,Z2,MARKUP,0.030051984387363454,-0.034546643417611156,-0.06263887419320713,-0.153706534199465,0.1881937436932393,-0.029145250514047927,-0.040271329154418445,0.04539977382431726,1.0,0.0,0.014555873925501395,0.8968845823658791,True,Industrials,0.4967267907788132
BIP,2026-09-29,34.83,35.51,34.44,35.49,751923,41.9,T2,,MARKUP,0.024586369807468342,-0.008105086640581294,-0.061111111111111005,-0.1939586645468998,0.12230215827338174,-0.015435560109420488,-0.04555371279027587,-0.040025979475653894,1.0,1.0,-0.020559680182752893,0.9003927051362912,True,,0.49675507118321005
TLN,2026-09-24,295.95,303.34,292.45,300.01,465247,45.0,T10,,MKDN,0.04550502847666273,0.022842726125941848,-0.020503444448072172,-0.2767183394006606,0.14990371796770852,-0.01251735525387343,-0.06990174180109399,-0.13092787088145685,0.0,0.0,0.021017264181291795,1.018677621019316,True,Utilities,0.4969212731976837
AXSM,2026-09-22,205.68,207.01,202.52,203.1,299759,42.6,,Z2,MARKUP,0.0387338160748349,-0.004753270936443399,-0.011197663096397359,-0.19596199524940616,0.10891089108910863,-0.03147281220206388,-0.05453768011064808,0.029120296091276643,1.0,0.0,0.02481603653894937,1.0283753810554548,True,Healthcare,0.4972748059379859
VCEL,2026-09-25,39.3,39.8,38.73,39.71,359896,44.5,T2,,MARKUP,0.03308493782137098,-0.007746126936531761,-0.03569694026226322,-0.1948499594484996,0.19715956558061817,-0.011074109766765483,-0.03742416006304783,0.007228746470876235,1.0,0.0,0.023025435073627865,0.8429068472675004,True,Healthcare,0.4975971868735234
PRVA,2026-09-25,19.36,19.88,19.28,19.71,1393839,35.9,T2,,MKDN,0.03174672024794949,-0.007052896725440849,-0.05512943432406514,-0.3160999306037474,0.0807265388496469,-0.027184614715060174,-0.0836871186703998,-0.13448256007573578,0.0,0.0,-0.04301619433198389,0.9263433624793801,True,Healthcare,0.49767716938806056
MSCI,2026-09-30,539.03,546.62,537.62,538.66,667147,39.1,,Z9,MKDN,0.021999497117636605,-0.030664027352888423,-0.04338560443268402,-0.16457031189416382,0.046802012217031314,-0.024156543518147222,-0.0417358896598109,-0.0561934814575733,0.0,1.0,-0.007276313830579029,1.0174605246449133,True,Industrials,0.4988548361547002
EXTR,2026-09-25,21.77,21.94,21.5,21.52,1771497,38.6,,Z6,MARKUP,0.03683396991564102,-0.03541012998655313,-0.07361170899698666,-0.3619922917284316,0.0363062352012629,-0.03545280974260778,-0.10022956149797946,-0.05121837745840385,1.0,0.0,0.02089268755935425,0.935671422202457,True,Technology,0.49936712445879766
H,2026-09-30,163.02,163.56,158.5,158.56,985363,40.5,,Z2,MARKUP,0.03035872648457524,0.008138351983723258,-0.02454629344816983,-0.18318565835565626,0.11011011011011022,-0.01954881065920655,-0.06046798546898624,-0.0560012383545343,1.0,0.0,0.007589517384535727,0.9967691767065076,True,Consumer Discretionary,0.499533551556866
DLTR,2026-09-29,115.76,115.77,112.13,113.3,2541789,38.7,,Z9,MARKUP,0.03648010450483366,-0.01512517385257306,-0.1049845959396477,-0.17341504340847735,0.08010835913312671,-0.0379544473082124,-0.06219837906050485,-0.020862218667646815,1.0,0.0,0.008091342263777612,0.7581056348838008,True,Consumer Discretionary,0.5000021721436546
SUPN,2026-09-25,43.21,43.69,42.65,42.66,607569,43.9,,Z1G,MKDN,0.032160262536380074,0.01571428571428557,-0.03462321792260692,-0.1874285714285715,0.17931609674728927,-0.012996480318788639,-0.04303815320398563,-0.0756557842724701,0.0,0.0,0.028881757590718315,0.9799412680031001,True,Healthcare,0.500724381211716
TGLS,2026-09-22,37.18,37.83,36.84,36.98,222933,40.0,,Z5,MKDN,0.04058184338131065,0.022676991150442527,-0.08961102904972917,-0.2419024190241903,0.12397921306607236,-0.03538134012353322,-0.0876593320167679,-0.21451364712479992,0.0,1.0,-0.01780250347705148,1.0300032737096356,True,Materials,0.5015992482313806
ORCL,2026-09-30,136.54,138.5,134.75,137.3,22286066,42.7,T10,,MKDN,0.0511836805755742,-0.05022136137244049,-0.028446079818850722,-0.1956649091974223,0.40569395017793625,-0.0443708570758069,-0.06449308377275298,-0.17535759790443528,0.0,0.0,-0.05338129496402866,1.0375254553982909,True,Technology,0.5019670944393477
RPM,2026-09-30,100.11,100.11,98.6,98.67,687879,38.9,,Z2,MKDN,0.025509289999162233,-0.013891665000999365,-0.03122238586156101,-0.1633172220808955,0.059110893991206996,-0.02423956056386778,-0.05041853435321442,-0.07434415448195875,0.0,1.0,-0.0042909685328974545,0.7807144894352617,True,Materials,0.5022099626562321
FISV,2026-09-25,46.0,46.8,45.38,46.48,6685048,35.1,T1,,MKDN,0.036618021039227754,-0.01504556050010597,-0.11601369341955114,-0.17923362175525348,0.11739130434782559,-0.05085906177401567,-0.08497601976030056,-0.16572473218691375,0.0,0.0,-0.042435815828559265,1.0002328510479779,True,Industrials,0.5022561595609135
F,2026-09-25,12.61,12.81,12.53,12.71,35045340,35.5,T9,,MARKUP,0.031891721718321484,-0.037850113550340625,-0.0888888888888888,-0.21976672805402075,0.04787234042553232,-0.05486638739138916,-0.07705117384999904,-0.05139295659564669,1.0,0.0,-0.0316846986089645,0.8883533726036261,True,Industrials,0.5024194636103321
DVA,2026-09-25,175.38,179.1,174.67,178.47,519841,42.5,T9,,MARKUP,0.03175168122620438,-0.02931578374850441,-0.00229203935599287,-0.2788799547456463,0.09291628334866596,-0.02598402392824506,-0.06022199271718576,0.01299841523041767,1.0,0.0,0.01697782963827299,0.8257527506159248,True,Healthcare,0.5025047233555168
NXE,2026-09-24,9.5,9.57,9.23,9.27,4254724,39.4,,Z2G,MKDN,0.04664959517422637,-0.01904761904761898,-0.16260162601626027,-0.19039301310043666,0.2377622377622377,-0.06305220378127963,-0.07922734990448266,-0.08900099833939323,0.0,0.0,-0.004314994606256617,1.061210835635072,True,,0.5031902942929234
MOS,2026-09-25,23.7,23.7,22.66,23.01,9100697,40.7,,Z2,MKDN,0.04720930950942295,-0.060049019607843035,-0.031565656565656575,-0.146513353115727,0.3960244648318043,-0.05732232894745515,-0.0364622733399288,-0.082395670221733,0.0,0.0,-0.028301886792452824,1.0297880866704503,True,Materials,0.5032822068746435
MLKN,2026-09-29,20.28,20.34,19.8,19.96,557073,33.9,,Z9,MARKUP,0.04205618970305789,-0.016264169541646,-0.11642319610447094,-0.19222986645082962,0.1517857142857145,-0.04800457465641805,-0.062079170132720685,0.023695700532594843,1.0,0.0,0.0020768431983384517,1.0131340570440306,True,Materials,0.503299520100504
LXU,2026-09-28,9.97,10.11,9.8,9.84,854116,35.8,,Z2,MKDN,0.048420403140054566,-0.05747126436781602,-0.052935514918190596,-0.20581113801452788,0.1442953020134227,-0.07648825479850507,-0.09688097274431906,-0.11559579505954765,0.0,0.0,-0.03369672943508428,0.8745985175766355,True,Materials,0.5034103467977213
DLR,2026-09-30,177.6,177.6,174.28,175.53,2032866,36.4,,Z4,MARKUP,0.026105884837556367,-0.032626067787269175,-0.042232771321001894,-0.1539499686701692,0.12349066959385292,-0.03750495646499541,-0.05278568146349727,-0.03814574833415063,1.0,1.0,-0.006781786060295225,0.8481596652345039,True,,0.5036421903773501
AIR,2026-09-28,114.35,118.6,111.4,115.09,574143,37.9,T5,,MARKUP,0.0451841171430541,-0.010063650438671967,-0.13589608829491695,-0.2526623376623376,0.10838680109990843,-0.05335836883010803,-0.09542005148998045,-0.01409032496053142,1.0,0.0,0.009423704240667075,1.0315499687656822,True,Industrials,0.5043522894293697
POWI,2026-09-29,53.16,53.16,50.72,51.08,1073186,45.2,,Z4,MKDN,0.049178185036537175,-0.007384376214535582,-0.005838847800700764,-0.31820608649225846,0.15490960652250965,-0.008745197990430942,-0.09048369991999405,-0.12103084156956256,0.0,0.0,0.05073859987154772,0.8853863366858757,True,Technology,0.5045315273572094
TNL,2026-09-29,64.4,64.98,63.51,63.98,588484,37.0,,Z5,MKDN,0.027639241256658252,0.017655479560998888,-0.0695171611401979,-0.19511888287834944,0.11925042589437793,-0.020611204102360614,-0.0661174782841798,-0.08151298568748133,0.0,1.0,-0.00498472423219154,0.8846071628566969,True,Consumer Discretionary,0.5046288157689282
ADBE,2026-09-24,241.67,244.21,236.84,238.93,3677113,38.3,,Z4,MKDN,0.04094592372874682,-0.05437922982546395,-0.12630270230738294,-0.18877533697755733,0.3643534926260434,-0.06308253041744472,-0.06174301976043306,-0.11091978390321022,0.0,0.0,-0.019336673429671603,1.0519573769187822,True,Technology,0.5049681677206994
SLG,2026-09-25,51.04,51.18,50.36,51.01,540916,40.2,,Z5,MARKUP,0.032488753199455496,-0.020545314900153655,-0.11808437067773181,-0.15110667332334837,0.26715092816787694,-0.034254361921531196,-0.03907623212755951,0.021146002258483954,1.0,1.0,-0.013165769000598515,0.9779398089689453,True,,0.5062582576079572
PKE,2026-09-30,29.83,29.86,29.16,29.69,232282,37.0,,Z11,MARKUP,0.03765749552212192,0.004737732656514337,-0.06311139160618495,-0.2519526329050138,0.06976744186046514,-0.03510412679990116,-0.07948680087584326,-0.009534304269744664,1.0,1.0,-0.002068965517241339,0.7799679397356709,True,Industrials,0.5077178838709602
EPAM,2026-09-29,106.57,108.28,105.37,107.14,706325,42.3,T10,,MKDN,0.04416721698275557,-0.039447731755424154,-0.09072392429771703,-0.15304347826086961,0.5681463305821994,-0.040969435670621945,-0.0120718561713401,-0.13039233195876487,0.0,1.0,-0.025590735033155787,0.9072483106285892,True,Technology,0.5084228584981639
ANIP,2026-09-30,73.01,73.84,72.37,72.65,383955,44.5,,Z10,MKDN,0.031511617868654244,-0.023915088002149698,0.01015016685205783,-0.15660552588808907,0.1853864734299521,-0.019110921097643896,-0.036983569784128756,-0.06723584823109019,0.0,0.0,0.04009772923253818,0.859412650917662,True,Healthcare,0.5084286551464154
AVGO,2026-09-25,352.62,354.43,349.43,352.81,16229036,43.7,T2G,,MARKUP,0.03102366133270494,-0.013422443443975363,-0.050411799537061985,-0.1846879116308091,0.17540239372678496,-0.017563082467791258,-0.048408025169306534,-0.03705211926449947,1.0,0.0,0.032994848277299704,0.782761756888615,True,Technology,0.5092502188596745
CRH,2026-09-21,86.82,87.31,85.68,87.14,4076508,35.8,T2G,,MKDN,0.02883126984020914,-0.0206788042256687,-0.08341222257284098,-0.23728665207877464,0.05802640722724119,-0.03722409574902219,-0.08588169481905272,-0.16625981866785633,0.0,1.0,-0.015776140027637053,1.1117549542369431,True,Materials,0.5094149006094164
CARS,2026-09-30,10.47,10.6,10.26,10.27,520118,36.1,,Z4,MARKUP,0.04303707464209938,-0.007729468599033784,-0.11389128559102679,-0.23013493253373318,0.049535603715170316,-0.07218774572520681,-0.09338628397158466,-0.06948490793949735,1.0,0.0,0.014836795252225476,0.9233347113950853,True,,0.5108498251140273
BCSF,2026-09-28,11.06,11.22,10.96,11.13,564311,35.0,T4,,MKDN,0.021898363772055035,-0.007136485280999083,-0.06705783738474425,-0.15809379727685324,0.07929515418502264,-0.02406384679003315,-0.062463273605130154,-0.13351544492768996,0.0,0.0,0.0009132420091324533,0.9429906513764523,True,,0.5109349813889987
BCC,2026-09-30,76.2,76.2,74.11,74.15,421357,39.8,,Z2,MKDN,0.031242255624861954,-0.0464248971193415,-0.02228375527426152,-0.16148365939160914,0.22009830693610052,-0.033889358582750995,-0.04292700701443264,-0.04324204690695033,0.0,0.0,0.0035206499661477597,1.126925684148595,True,,0.5114941644251568
RBA,2026-09-24,82.67,83.16,81.74,82.46,1134806,38.1,,Z2G,MKDN,0.02693506709196803,-0.019267364414843113,-0.03847947761194048,-0.29821276595744683,0.07178807947019851,-0.024296967532814295,-0.08950107184267053,-0.1776219406939077,0.0,0.0,0.024952978056426378,1.0700486678398422,True,Industrials,0.5121643980955775
CHCT,2026-09-28,14.35,14.4,14.18,14.31,337767,36.6,,Z9,MKDN,0.020816535898815377,-0.004867872044506227,-0.04280936454849493,-0.2531315240083507,0.03960396039603981,-0.02142256610543103,-0.07202893971741375,-0.12472893804577567,0.0,0.0,0.0028348688873141015,0.8652924862616199,True,,0.5121676296714187
QTWO,2026-09-30,55.27,56.09,54.7,55.44,584513,33.9,T2G,,MARKUP,0.03380033281532599,-0.0039525691699604515,-0.1325301204819277,-0.17878832765516228,0.3169213355970568,-0.049016246233630545,-0.05462738309398851,-0.05542558909895701,0.0,1.0,-0.014998192988796677,0.9462425539132842,True,Technology,0.5124921994115904
LDOS,2026-09-30,123.08,123.9,121.67,121.83,1090009,37.1,,Z9,MKDN,0.029288321574888473,-0.022936883471008085,-0.12465871533266282,-0.17308083893300763,0.4128482615703428,-0.04289903508777926,-0.049481552554254016,-0.13566409471254548,0.0,0.0,-0.01368189591986324,0.8135562766949932,True,Technology,0.5127819300450611
MP,2026-09-30,45.95,48.66,45.91,47.29,6064877,41.3,T1,,MKDN,0.05620161971903232,-0.032726528942524036,-0.12002232973576488,-0.2429966383864255,0.38442822384428216,-0.051751051226626266,-0.08456021069641728,-0.13220692690850644,0.0,1.0,-0.05311045281421922,1.0376134797217427,True,Materials,0.5128202160763855
VERA,2026-09-24,32.72,33.68,32.23,33.34,1691471,47.6,T3,,MKDN,0.06486715596517019,-0.027137437992413194,-0.0945138511678435,-0.25246636771300446,0.28462515883100403,-0.019947548025163075,-0.032382646083306765,-0.0716945848928281,0.0,0.0,0.04915364583333326,0.8413811291815417,True,Healthcare,0.5129367747394517
RRR,2026-09-30,48.95,50.45,48.73,49.54,997537,31.9,T9,,MKDN,0.03933344418919955,-0.026719056974459754,-0.11693404634581106,-0.2648760943760202,0.08975012748597644,-0.06133738202158279,-0.12153400824979976,-0.1507399148555073,0.0,0.0,0.012557555462536563,0.9338703713392359,True,Consumer Discretionary,0.5136598766409433
HASI,2026-09-28,36.21,36.52,35.7,36.25,729676,36.6,T12,,MARKUP,0.02619653543549428,-0.02106400216041049,-0.09375,-0.15795586527293837,0.07983761840324809,-0.03244892453879189,-0.05546838666138021,-0.021256018298865476,1.0,1.0,-0.009169213670464194,0.9801627822644945,True,,0.5137742913443545
CVLG,2026-09-22,34.43,35.13,33.92,34.34,113481,42.5,,Z11,MARKUP,0.04097488653484511,-0.047434119278779274,-0.008087810514153526,-0.31154771451483554,0.08588235294117652,-0.018167538435187147,-0.06160978400896744,0.016780802960953967,1.0,1.0,-0.00754603078780558,1.055400975186929,True,Industrials,0.5137768783320908
PGNY,2026-09-28,25.47,25.96,25.4,25.52,1080729,37.8,T9,,MARKUP,0.030515689740019617,-0.04988830975428149,-0.01846153846153853,-0.22807017543859653,0.05395232120451689,-0.0377213401257831,-0.054402113306246225,0.019495997009480348,1.0,1.0,-0.003551696921862635,1.0057033433414615,True,Healthcare,0.5140641439680925
LIF,2026-09-30,40.29,41.51,39.9,40.27,739342,39.7,,Z11,ACC-TR,0.046093297297823285,-0.011779141104294455,-0.03821351803200368,-0.3858471862132071,0.032874617737003314,-0.039340890810915075,-0.10660446654171629,-0.22418671532515644,0.0,1.0,-0.0012671059300558563,0.8568497858390451,True,Technology,0.5141267969777352
ARES,2026-09-25,120.14,124.02,119.65,122.01,1575612,35.5,T1,,MKDN,0.03752389048685445,-0.01445880452342485,-0.1432483673899304,-0.18589444184960302,0.2156531531531534,-0.0549509633745876,-0.06940733165487634,-0.0893361195850022,0.0,1.0,-0.041141066864539555,0.9629641390565499,True,Financials,0.5143532500772507
CAE,2026-09-30,24.15,24.26,23.95,24.01,793697,44.4,,Z1G,MKDN,0.02640998872236279,-0.01638672675133135,0.01910016977928697,-0.16891658013153332,0.13475177304964564,-0.015789507544274772,-0.03323916318668396,-0.08642170113770764,0.0,0.0,0.01978494623655913,0.9457590838648423,True,,0.5147005851153835
PHR,2026-09-25,9.97,10.25,9.97,10.15,757838,41.4,T2,,MKDN,0.04018344925839649,0.010956175298804993,-0.14418212478920733,-0.21983089930822441,0.14880952380952384,-0.032636362423015375,-0.057628084334030216,-0.2066606982999738,0.0,1.0,-0.033066132264529036,0.983811333516262,True,Industrials,0.5148544603258162
BKR,2026-09-28,58.05,58.19,57.09,57.12,7169593,38.1,,Z3,MARKUP,0.028773525305386065,-0.012277364689607495,-0.08476205736260212,-0.13572401270994106,0.3147440794499615,-0.031124020599915037,-0.04920098384835325,-0.014701491184686888,1.0,0.0,0.02038239538239539,0.8999795557368271,True,Industrials,0.5149800301925509
JD,2026-09-28,26.68,26.8,26.57,26.61,5600524,35.1,,Z11,MKDN,0.018723941638448087,-0.024560117302052875,-0.07411273486430059,-0.2054344580471783,0.03098591549295758,-0.02944344913531416,-0.06111420465104733,-0.09417939397456543,0.0,0.0,-0.009012392039053685,0.9127679806984138,True,,0.5151334345921319
TIC,2026-09-24,8.88,9.01,8.75,8.87,992969,44.2,,Z2G,MKDN,0.044807009837434755,-0.014444444444444482,-0.09582059123343545,-0.18173431734317347,0.547126436781609,-0.0353055339374847,-0.012333537988441168,-0.016788071280700922,0.0,1.0,-0.0011415525114154557,1.0368818866040816,True,Industrials,0.515386495564879
PFGC,2026-09-29,91.51,93.0,91.22,91.99,1563344,35.8,T2,,MARKUP,0.02480243858180365,-0.0021694326933506813,-0.07240092769990936,-0.2169064441985188,0.10659186535764349,-0.023847803656560584,-0.07230360484569753,-0.06850971141095674,1.0,0.0,0.011017425519955104,0.8553183279882809,True,,0.5154045868916108
JCAP,2026-09-30,19.11,19.21,18.93,19.08,219858,33.0,,Z2G,MARKUP,0.033282981707982766,0.0,-0.0769230769230771,-0.21931260229132576,0.22766570605187292,-0.0546967266532461,-0.06451479483573186,-0.04113690638143186,1.0,1.0,-0.012060828526481382,0.9881108965007968,True,Financials,0.5155818703017565
GMED,2026-09-25,74.53,75.1,73.69,74.52,1563524,39.1,,Z5,MKDN,0.02628113833347648,0.005939524838012966,-0.09716501090380436,-0.1616604792440095,0.10467289719626124,-0.023942106983194544,-0.05364156988209945,-0.06854465700807122,0.0,0.0,0.004530477759472795,1.0343488787698059,True,,0.5159336476691074
LYFT,2026-09-25,14.84,15.04,14.73,14.87,5132376,37.9,T1G,,MARKUP,0.03929178024720153,-0.015231788079470232,-0.1429394812680116,-0.17296996662958852,0.3073496659242759,-0.04854185415264878,-0.0618444321159487,-0.05791877051745886,1.0,1.0,-0.005502063273727487,0.7939537652419398,True,Industrials,0.5159800387985175
KGS,2026-09-30,51.87,53.42,51.03,52.97,1495529,36.3,T1,,MARKUP,0.04732841682820802,-0.006191369606003749,-0.1104953820319059,-0.2497167138810198,0.09913132345426666,-0.06072402308146552,-0.10949784720410882,-0.07339757664634328,1.0,1.0,-0.036442598187311215,0.8991867433713023,True,Utilities,0.5162710127121478
CE,2026-09-29,45.64,45.65,44.4,44.84,1563195,45.7,,Z2G,MKDN,0.04275301460558157,-0.05480607082630684,-0.014072119613016576,-0.09724179585262727,0.4357476635514022,-0.026255686959275715,-0.03363137248008563,-0.09357601365065316,0.0,0.0,0.011389521640091216,0.988278186711617,True,Materials,0.5164271597902228
JBSS,2026-09-29,67.07,67.65,66.69,67.34,116979,30.7,T11,,MKDN,0.028919540399534416,-0.0057581573896353655,-0.08617180078708098,-0.2559938128383604,0.046894282188399854,-0.03437511802415494,-0.09181537749321889,-0.11209807882005984,0.0,1.0,-0.002711660138595806,0.8946686600144229,True,Consumer Staples,0.5165099651551655
SOFI,2026-09-30,15.94,16.17,15.71,15.72,41216409,35.1,,Z2,MKDN,0.04189135981730935,-0.05015105740181269,-0.0780058651026393,-0.2036474164133738,0.17283950617283955,-0.06909859694998799,-0.09268213837088934,-0.15595705840504803,0.0,0.0,-0.049031476997578594,0.9681372084340093,True,Financials,0.5165289989089593
TRS,2026-09-21,38.25,38.39,37.86,37.86,202457,39.0,,Z2,MARKUP,0.024844164730694996,-0.009937238493723966,-0.038598273235144864,-0.16644649933949807,0.24096385542168658,-0.023087540927809957,-0.037960952435612594,-0.006051978061399121,1.0,0.0,-0.0007917656373713777,0.8871193632628672,True,Industrials,0.5165511185688412
BANC,2026-09-25,17.88,18.12,17.82,17.94,2386622,38.8,T1G,,MARKUP,0.0229722037559328,-0.020742358078602585,-0.042689434364994505,-0.1819425444596443,0.0890410958904111,-0.02355098417438517,-0.04954043540179354,-0.04120189663331564,1.0,1.0,-0.017357222844344822,0.8483545523785416,True,Financials,0.5167644659896534
MORN,2026-09-30,185.01,190.93,185.01,190.04,242276,40.6,T3,,MKDN,0.03586840874451294,-0.05131789137380194,-0.0944439149909464,-0.1408679927667269,0.49677002583979324,-0.04135693219027892,-0.034216523585565595,-0.03709413055132427,0.0,1.0,-0.01921851773200256,0.8571540680316605,True,Financials,0.5170375270746037
MKC,2026-09-29,48.14,48.67,47.96,48.4,3349866,34.4,T10,,MKDN,0.024834095734859465,-0.02063941723998386,-0.1073404647731464,-0.14893617021276595,0.11029411764705857,-0.033916037942131716,-0.05541576815665583,-0.12544366094336235,0.0,0.0,-0.024917627677100485,0.9085997089547244,True,Consumer Staples,0.5174011904913782
JKHY,2026-09-28,147.49,148.66,146.19,147.82,910774,36.1,T6,,SPRING★,0.03088557926517501,-0.024676695698073403,-0.12908737406469095,-0.1552660152008687,0.14154818325434404,-0.047500172081216596,-0.04947141106722108,-0.05521987412663487,0.0,0.0,-0.03441215323645974,0.8708985359124737,True,Technology,0.5174521354083945
APTV,2026-09-29,43.88,43.99,42.92,43.37,2685705,39.7,,Z2,MKDN,0.03410194693365357,-0.02779645819323029,-0.031054512957998215,-0.2975380628441854,0.02391073326248649,-0.034182490364130236,-0.10508421869398432,-0.2772877809747505,0.0,1.0,-0.001628285647825134,0.782951358522958,True,Industrials,0.5174734183506862
PVH,2026-09-21,74.06,74.41,72.97,73.4,806862,46.2,,Z5,MKDN,0.03702451262818081,0.005341734009039811,-0.06496815286624191,-0.194468832309043,0.2459574468085107,-0.006136689179869537,-0.04453223413004037,-0.0606123581540331,0.0,0.0,0.05087252292221223,0.8672001094423814,True,Consumer Discretionary,0.5176658516342072
GNTX,2026-09-21,22.29,22.49,22.11,22.13,2169379,36.5,,Z2,MKDN,0.022071979025576484,-0.019929140832595227,-0.0638747884940779,-0.13991449669646328,0.027027027027026456,-0.02689076539718549,-0.04765083583024565,-0.060379481561259385,0.0,0.0,0.0013617793917384269,0.9740545487654708,True,Industrials,0.5179232427289119
ZBH,2026-09-30,90.82,90.86,88.82,88.83,2580382,35.4,,Z1G,MARKUP,0.029955476821432233,-0.02255721830985913,-0.10633802816901416,-0.13639898891697455,0.1512401693889897,-0.05160517150801802,-0.059523321987065225,-0.04184966521300093,1.0,0.0,-0.011683542895293275,0.9507889527304445,True,,0.5179866856093237
GM,2026-09-28,81.9,82.69,80.43,80.64,8625596,41.1,,Z1,MARKUP,0.03221206104492454,-0.03942823108993454,-0.06526022951199717,-0.12204681545998908,0.35089751013317916,-0.04082150421832509,-0.041388878243787675,0.026733252784884254,1.0,0.0,-0.016586804275709466,0.9350092635064482,True,Industrials,0.5180101638822296
MGA,2026-09-24,63.56,63.78,61.72,62.22,1250519,38.7,,Z1,MARKUP,0.029387633287293304,-0.040111076828139414,-0.05727272727272725,-0.15023217700081948,0.043478260869565216,-0.04175136860270712,-0.05636472132808723,0.021848473464312734,1.0,0.0,-0.01969504447268111,0.967280698961337,True,,0.5183871274840546
GTX,2026-09-23,25.77,25.77,25.25,25.5,1907139,36.1,,Z2G,MARKUP,0.03531945378597532,-0.024110218140068862,-0.029311001141987036,-0.29655172413793107,0.022727272727272728,-0.04789324093792424,-0.09014117576329583,0.021651607054238964,1.0,1.0,-0.007078254030672415,1.009702122914712,True,Industrials,0.5186208097960835
ROCK,2026-09-30,40.43,40.56,39.49,39.6,240738,35.2,,Z2,MKDN,0.046710567200481924,-0.015904572564612307,-0.07606159589360706,-0.31226120180618266,0.07319587628865988,-0.06971349466830556,-0.09634143363265135,-0.13590704469234083,0.0,0.0,-0.04166666666666674,0.9839983834285149,True,Materials,0.5187745242565823
GS,2026-09-25,927.5,935.83,915.3,935.45,1955655,36.2,T1,,MARKUP,0.028457358871100243,-0.006953290870488238,-0.10128065944834597,-0.1893777242437109,0.08679119134177464,-0.042942984996233946,-0.06919616345912483,-0.016179801429305862,1.0,1.0,-0.007939262472885122,1.0037777048521257,True,Financials,0.5200174726720552
CVSA,2026-09-25,124.31,124.31,120.7,120.75,525856,38.0,,Z4,MARKUP,0.0348126016011494,-0.04711174242424243,-0.14166903611032133,-0.15042566664321388,0.34637725466218283,-0.0434905783111148,-0.0487010231496251,,0.0,0.0,-0.01388888888888895,1.054156792505988,True,,0.5206366707882938
UNIT,2026-09-22,9.55,9.64,9.43,9.57,1697762,42.6,T1,,MARKUP,0.03419667816716672,-0.021472392638036686,-0.028426395939086246,-0.1785407725321888,0.22097378277153554,-0.023776007032857094,-0.05096777671578867,0.01506643157791454,1.0,1.0,-0.018907563025210017,1.1082198635742933,True,Communication Services,0.5208912920252585
FOXF,2026-09-25,18.63,18.96,18.28,18.55,362238,39.1,,Z10,MKDN,0.040606008673540285,-0.01172083111347888,-0.12085308056872035,-0.1602535083748302,0.402027027027027,-0.04416040594056703,-0.047676756939412646,-0.039213922446710625,1.0,0.0,-0.029427501337613737,1.021178772669139,True,Industrials,0.5209101211967301
HUN,2026-09-25,8.76,8.92,8.7,8.9,1706019,36.3,T3,,ACC-TR,0.03808375091060661,-0.020902090209020896,-0.07772020725388595,-0.3353248693054518,0.04264392324093838,-0.04468426671744441,-0.11838052662495291,-0.21472902812491446,0.0,0.0,-0.027932960893854775,0.8379887603713652,True,Materials,0.5210263878108551
NTES,2026-09-25,115.35,115.47,114.38,115.41,401486,41.1,T5,,MKDN,0.02270054905395661,-0.006713142266976502,-0.059336539245252284,-0.15549539001902535,0.04622980251346504,-0.027110933212346255,-0.04914682943426196,-0.07129968618306881,0.0,1.0,-0.0072042357434249915,0.8006095889438042,True,,0.5211169437257395
CCS,2026-09-23,62.89,63.81,61.14,61.4,171110,41.5,,Z1G,MARKUP,0.03454882619105454,0.009038619556285932,-0.1267245057602049,-0.16553411253057893,0.1570934256055361,-0.029582110688207597,-0.05193726079803407,-0.021045044375657795,1.0,0.0,0.0079485878572636,0.9816189461546839,True,,0.5218666295340255
NWPX,2026-09-30,103.24,103.24,100.21,103.03,203379,40.5,,Z10,MARKUP,0.032300782148685,0.003995322549210645,-0.0554638797213054,-0.27017071615782384,0.09406175771971517,-0.015807859495214127,-0.06866776414810882,0.03611289981707122,1.0,0.0,0.006561017462400454,0.8391216112362729,True,Materials,0.522116452255218
CSV,2026-09-30,31.26,31.42,30.73,31.17,157933,37.2,,Z10,MKDN,0.02982932601470067,-0.01733921815889017,-0.05859257022047715,-0.2530553558590941,0.09122203098106735,-0.031164984153610575,-0.08948863750462588,-0.2098736777455774,0.0,0.0,0.020591165725672544,1.1277960610308453,True,Consumer Discretionary,0.5221381741414173
SKWD,2026-09-25,55.12,55.12,54.19,54.78,353463,37.5,,Z2,MARKUP,0.028066413787040525,-0.027171017581246737,-0.04978317432784041,-0.16608311767392292,0.06512425021422437,-0.03175243526582583,-0.037850366497021004,0.030566683950815188,1.0,0.0,-0.017585206671501097,0.9016962175863428,True,Financials,0.5221734353361196
AAUC,2026-09-30,21.43,21.82,20.83,20.88,597225,41.5,,Z4,MKDN,0.04469506898202381,-0.06702412868632712,-0.08461201227531778,-0.14566284779050742,0.5259653794940078,-0.053723963696910126,-0.0723069193486372,-0.12142464957978183,0.0,0.0,0.006280193236714915,0.8439764077729071,True,,0.522372761591022
LAZ,2026-09-30,36.03,36.66,35.57,36.23,1615461,34.6,T1G,,MKDN,0.04506032711145991,-0.01602390005431842,-0.14390359168241973,-0.22832800851970192,0.09075487701441898,-0.054271461120056985,-0.10960700199434037,-0.18635113921438473,0.0,0.0,0.005119453924914863,0.7956065860428448,True,Financials,0.5223753513700564
SIRI,2026-09-30,25.81,26.33,25.71,25.88,5104111,33.1,T9,,MARKUP,0.02903234859517695,-0.015220700152207112,-0.06299782766111517,-0.20759338640538882,0.04237288135593231,-0.05274041249581696,-0.0809762464459991,-0.021134821413249294,1.0,1.0,-0.002340093603744209,0.9327883733797527,True,Communication Services,0.5226126441755192
SMA,2026-09-25,31.28,31.8,31.06,31.73,462678,39.1,T9,,MKDN,0.02247319232427084,-0.02579060485108997,-0.04971548367774781,-0.11664810690423166,0.137860082304527,-0.021155835916617738,-0.0341969939071084,-0.03901241961758051,0.0,1.0,-0.01677746122190571,0.9068604711917605,True,,0.5230170286213878
KBH,2026-09-30,47.87,47.87,46.42,46.47,1090288,33.3,,Z6,MKDN,0.033887267977713166,-0.01442205726405088,-0.11011106855610875,-0.21872898453261602,0.003828483920367318,-0.054405577080762435,-0.1015779114924017,-0.14862032189327046,0.0,0.0,-0.007907672579611003,0.8097825929128358,True,,0.5231145753403996
IDXX,2026-09-30,531.09,531.11,521.78,522.19,503508,46.5,,Z1,MKDN,0.02588945656197432,0.0003256580207655624,-0.04213441925306316,-0.1633581671072658,0.17468026550105267,-0.0049664639818888245,-0.028713348780186387,-0.08643588563088722,0.0,0.0,0.012784403028305524,0.8622882087492665,True,Healthcare,0.5233679225466553
FDS,2026-09-30,261.99,272.23,258.5,269.95,1490928,44.7,T1,,MARKUP,0.044123942773338115,-0.033926206921232605,-0.11619303300157158,-0.15766974538192724,0.40045087802562873,-0.0265629204918435,-0.021156268230036246,-0.002992130572475604,1.0,1.0,-0.014929456364560112,1.0451673079112536,True,Technology,0.5234185887518417
DLO,2026-09-30,13.76,13.89,13.65,13.76,1435002,38.2,,Z7,MARKUP,0.02995650472184088,-0.02133712660028453,-0.07215104517869186,-0.14798761609907118,0.07003891050583651,-0.03743469750218609,-0.0426042945773033,0.008918851595012267,1.0,0.0,-0.02997858672376874,0.9731858311820749,True,,0.5241813808041983
SOUN,2026-09-30,5.92,6.15,5.9,6.02,17345973,41.8,T1G,,MKDN,0.04551759526800978,0.0016638935108153063,-0.12116788321167882,-0.264957264957265,0.14566929133858242,-0.03229548830232343,-0.08000490136812155,-0.24978153881799503,0.0,1.0,-0.0034305317324185847,0.7245672429052794,True,Technology,0.5245504029011026
WERN,2026-09-30,34.34,34.48,33.85,33.98,797538,35.0,,Z3,MARKUP,0.03763402336634287,-0.012496367335076974,-0.10200845665961966,-0.2844809433564962,0.09389671361502336,-0.04697352429127366,-0.09224509605717846,-0.05597679421512891,1.0,0.0,-0.04289071680376033,0.9645547817414648,True,Industrials,0.5246245214825658
WSE,2026-09-30,11.48,11.53,11.38,11.39,1369325,36.8,,Z10,ACC-TR,0.027345979174695126,0.0035242290748900285,-0.11978361669242654,-0.16617862371888725,0.10276679841897228,-0.035742861223545974,-0.06515588060679645,,0.0,1.0,-0.014171833480956408,1.017621236693364,True,,0.5248951237986748
STEP,2026-09-30,43.75,43.78,42.91,43.4,1378487,36.7,,Z11,MKDN,0.04429248436185665,-0.03619809016211417,-0.12640901771336555,-0.1814409656733309,0.2611367127496158,-0.06500545651989653,-0.08061830561747974,-0.14472885279143122,0.0,0.0,-0.050945494994438456,0.8565532827529138,True,Financials,0.5249188290160686
IPAR,2026-09-30,115.57,116.61,110.64,110.96,290239,42.0,,Z2,MARKUP,0.03295678569508162,-0.05485519591141408,-0.05251472974126892,-0.14177430582411632,0.13086770981507787,-0.03344331502016895,-0.03147361811784999,0.03145897943058351,1.0,0.0,0.0225508317929759,0.9318850265712146,True,Materials,0.5255481595624979
JJSF,2026-09-29,77.22,77.94,76.72,77.21,167371,32.8,,Z1G,MKDN,0.027757641229788032,-0.019181910569105787,-0.1244046268995238,-0.16276295814356978,0.176631925397696,-0.041031213006903045,-0.055712545582585093,-0.08675351055613667,0.0,0.0,-0.01547987616099078,0.8543857749136967,True,Consumer Staples,0.5255505595548323
RYAM,2026-09-28,8.5,8.5,8.14,8.15,885611,42.6,,Z2G,MARKUP,0.04341391148220755,-0.0389150943396227,-0.05232558139534871,-0.1767676767676768,0.42622950819672145,-0.045774453151590455,-0.04342482902556832,-0.00461400215523089,1.0,0.0,0.004938271604938427,1.123922672046761,True,Materials,0.5256930144134776
ATLC,2026-09-28,91.95,91.95,86.85,87.1,77682,36.9,,Z1,MARKUP,0.04366577531938422,-0.04317258046797767,-0.043697848045674226,-0.2382368375021865,0.009094216078574024,-0.060654062359565164,-0.07514765632254261,0.06688499577572515,1.0,0.0,-0.005382501145212992,0.8442798086020836,True,Financials,0.5257274825978596
APO,2026-09-25,121.05,122.48,120.25,121.69,1863911,37.0,T9,,MARKUP,0.0321917704425394,-0.03351600349455963,-0.0880545563549161,-0.15686274509803932,0.18443804034582137,-0.04336450817164106,-0.05151055741304389,-0.048051245429058254,1.0,0.0,-0.03438722294654495,1.0636681350295054,True,Financials,0.5257945099859876
WWD,2026-09-28,329.07,329.07,324.0,325.94,592821,40.0,,Z1,MARKUP,0.0289908601330107,0.0023988190429327094,-0.046429302829057106,-0.23950628806085061,0.11630509641873274,-0.01787603979386798,-0.06493870596604101,-0.06476910376944722,1.0,0.0,0.021060717600742462,0.7772741434613966,True,Industrials,0.5259471409192352
GIB,2026-09-25,67.88,68.16,67.4,67.77,309902,37.1,,Z2G,MKDN,0.024717539966416204,-0.02306472538561355,-0.0904576566903772,-0.1068792830785451,0.3629222309505105,-0.04044655226719829,-0.045109327502579566,-0.09891444753108103,0.0,0.0,-0.014043300175541118,0.9416140114420118,True,,0.5261803722147964
VRT,2026-09-30,249.48,250.82,241.27,241.31,4169574,42.9,,Z2,MARKUP,0.05066952919622428,-0.030026529463783258,-0.05727233660194553,-0.28791902738432484,0.1728552051542897,-0.040880949657013055,-0.08698107518512055,-0.06004873698533031,1.0,0.0,0.05314179959460641,0.7488196559339058,True,Technology,0.5262953257206315
SSD,2026-09-30,174.82,174.82,170.84,170.88,248519,37.7,,Z2,MKDN,0.022287051671013667,-0.023654439492629464,-0.03375742154368111,-0.1836422702082935,0.017131168499104774,-0.028811429104583453,-0.05818929541559992,-0.07565632990188997,0.0,0.0,0.003701310146289938,0.7792558084904277,True,Industrials,0.5264230433290447
MHO,2026-09-28,137.34,140.0,137.29,137.4,190481,38.5,T12,,MARKUP,0.026892113794647607,-0.020949123557075677,-0.09247027741083225,-0.13372422924153593,0.030621572212066506,-0.031835808162386514,-0.05021272280856859,-0.012783454514959103,1.0,0.0,-0.0053106358213299565,0.9645540870549025,True,,0.5266631582171081
GVA,2026-09-28,114.57,116.49,113.6,115.77,704490,45.6,T2,,MKDN,0.03069511752997791,-0.0037005163511187877,-0.055093046033300674,-0.2338693666865198,0.17294640767610572,-0.00705183158523659,-0.04525997626854539,-0.05928934951435305,0.0,1.0,-0.020851818988465,1.1221690302216638,True,,0.5267669671255465
BXP,2026-09-28,63.25,63.4,61.85,62.43,1345129,37.6,,Z9,MARKUP,0.023801995539792627,-0.026508654295961276,-0.0993941142527408,-0.16693354683746997,0.05370650529500763,-0.033602160890340294,-0.0521318244407214,-0.039165333784010326,1.0,0.0,-0.01938353987925001,0.9272541683332639,True,,0.5268074504198358
HII,2026-09-30,267.12,269.87,262.91,267.07,772338,37.3,,Z5,MKDN,0.027581709445529262,-0.010118606375092765,-0.0866903768552083,-0.20165605476339932,0.1322356573192691,-0.029109599156318167,-0.07169205610468843,-0.14739006686274247,0.0,0.0,-0.042078561569739104,1.0772606186961904,True,Industrials,0.526986980256589
MTDR,2026-09-30,50.94,52.45,50.8,51.58,1922510,37.9,T2G,,MARKUP,0.03689899254642039,-0.010360706062931713,-0.12886336767437934,-0.19178940770918207,0.3340587595212187,-0.0583881574723345,-0.062061717364908286,-0.023890864803051026,1.0,0.0,-0.025903730910496692,0.8620813212877373,True,Energy,0.5271402057983924
IPI,2026-09-21,37.15,37.85,35.63,36.92,393008,43.0,,Z2G,MARKUP,0.04782079513253554,-0.039042165538781926,-0.05284761416110817,-0.13617220402433317,0.439306358381503,-0.04372075814420184,-0.019492845388511815,0.023636546750027687,1.0,1.0,-0.0027987685418414676,1.029552947993491,True,Materials,0.527412610062376
MFP,2026-09-30,41.06,41.6,40.06,40.82,753017,41.6,,Z11,DIST-TR,0.05396685170208966,-0.08883928571428568,-0.07647058823529418,-0.22365918600228218,0.28813559322033894,-0.057039319366400054,-0.06409990466328264,,0.0,1.0,-0.005461767626613656,0.8383836068626305,True,,0.5275213246142834
HCSG,2026-09-29,20.97,20.99,20.69,20.9,513009,35.3,,Z11,MARKUP,0.02531175709433036,-0.031061659712563805,-0.04956798544793084,-0.18327471668620565,0.06199999999999974,-0.029299902952469203,-0.0497170461100892,0.0011481054416200287,1.0,0.0,-0.015230842455973392,0.8953027079171213,True,Healthcare,0.5276167673113934
HIMS,2026-09-29,29.39,29.83,28.3,28.7,6581541,48.4,,Z6,MKDN,0.05924111592242055,-0.0568517909957279,-0.02974983096686945,-0.2562840114019177,0.31080139372822296,-0.007040528154527159,-0.02423109276446156,-0.08555995577270537,0.0,0.0,0.02169846614291049,1.0710544675295641,True,Healthcare,0.5277276170238183
LZB,2026-09-29,29.92,29.95,29.47,29.68,611134,32.1,,Z3,MKDN,0.03189238572744644,-0.03196347031963476,-0.06194690265486724,-0.3008244994110719,0.056171470805617,-0.04369296428494196,-0.1189113722579459,-0.17561026137162228,0.0,1.0,-0.005843932622894399,0.8288730291515193,True,Materials,0.5278890455007977
NEXT,2026-09-21,6.85,7.1,6.73,7.02,2155320,44.2,T4,,MARKUP,0.04645519276701831,-0.052631578947368474,-0.014044943820224809,-0.16923076923076918,0.40663900414937754,-0.02890970173598939,-0.03484538079332822,-0.030263813563972786,1.0,0.0,0.004477611940298498,1.0918814813397475,True,Utilities,0.5280787108972145
NVST,2026-09-30,23.52,23.63,23.26,23.47,2005031,33.4,,Z10,MARKUP,0.0316267311262742,-0.014693534844668399,-0.11899399399399402,-0.19068965517241387,0.06112054329371806,-0.050595649073889803,-0.08709067438983009,-0.06262263940274582,1.0,0.0,0.00043271311120740563,0.878885454807566,True,,0.5283472512110924
ECG,2026-09-25,117.46,117.76,114.85,116.94,331309,47.2,,Z5,MARKUP,0.04378207814827164,0.00836423212899895,-0.03387309980171849,-0.25033656003589977,0.18916112956810627,-0.002010091538905079,-0.055194147931909576,-0.03200801399307551,1.0,0.0,0.033956013619214076,0.8490062830734396,True,,0.5284550299997034
TSN,2026-09-25,51.05,51.28,50.68,50.92,2512184,31.9,,Z2G,MKDN,0.023947561586137145,-0.035057797991282946,-0.08003613369467022,-0.19213073139774706,0.019433198380566962,-0.03758435564179907,-0.07655053917869026,-0.12531971030370626,0.0,1.0,-0.000591599290080902,0.850815530576023,True,Consumer Staples,0.528920846664634
NKE,2026-09-30,35.74,35.99,35.16,35.4,37990816,35.4,,Z2G,MKDN,0.027425866932561622,-0.018030513176144236,-0.0713536201469045,-0.21298354824366383,0.02443991853360509,-0.03697949364165831,-0.08750832106773576,-0.2535120951790192,0.0,1.0,-0.005374823196605538,1.0597414843137645,True,Materials,0.5292807222501954
DAR,2026-09-29,60.12,60.55,59.36,60.32,1402754,37.8,T5,,MARKUP,0.03938043053086859,-0.021255881875709925,-0.08978421608570997,-0.13803943983995437,0.23394131641554333,-0.047935974928893565,-0.04428619764651731,0.07986566418227392,1.0,0.0,0.006784260515603879,1.0030071016354338,True,Consumer Staples,0.5299325231796285
PIPR,2026-09-28,72.21,72.28,70.46,71.69,833902,41.1,,Z9,MKDN,0.03023363000449606,-0.029511303641532538,-0.05184499404840637,-0.09022842639593909,0.2624481327800831,-0.025103950409938625,-0.04127728994357349,-0.07535649314110315,0.0,0.0,0.0017191977077364307,1.1032558877049339,True,Financials,0.5299727689880877
AZO,2026-09-30,2888.88,2899.53,2800.11,2830.02,494692,42.0,,Z2,MKDN,0.029557627553390527,-0.004684631454556998,-0.04579156593601119,-0.10783179438032586,0.15997445909771818,-0.0215168259101306,-0.04428206283505676,-0.13196002589381806,0.0,0.0,0.012741963484852903,1.090867566227355,True,Consumer Discretionary,0.530597442564315
SARO,2026-09-25,22.09,22.88,21.99,22.74,4301165,36.5,T4,,MKDN,0.03337788700094659,0.019730941704035665,-0.09330143540669855,-0.28128950695322386,0.077720207253886,-0.03759025034503649,-0.09671720077481383,-0.1565664226523733,0.0,1.0,-0.013458950201884257,0.9980608503596036,True,Industrials,0.5308840284643841
BEPC,2026-09-21,30.32,30.32,29.73,29.95,1655604,35.9,,Z11,MKDN,0.029028961367847647,0.008078088185796028,-0.09924812030075192,-0.21903520208604954,0.09967845659163982,-0.03841687102406588,-0.08798646766148299,-0.1669100123388415,0.0,1.0,-0.019925700776764588,1.0462653037721907,True,,0.5309028039223501
TSLA,2026-09-29,358.4,358.74,351.67,352.84,32449603,44.8,,Z2,MKDN,0.03542416152543296,-0.06877804169965696,-0.041065362141595396,-0.15902373915530565,0.4539204452447207,-0.02980622547143419,-0.025619993712983402,-0.07144798164460786,0.0,0.0,0.026683794120223148,0.921956542363181,True,Industrials,0.5313678596036712
TKR,2026-09-30,117.5,118.29,116.36,116.75,912869,40.4,,Z4,MARKUP,0.02591200667945511,-0.007565453927235621,-0.01964900495423627,-0.18459282022628865,0.07587412587412591,-0.015617116568553024,-0.05117914246830024,0.0141789067635254,1.0,0.0,0.005672892302321486,0.9278025700692402,True,Industrials,0.5315990755642698
AGYS,2026-09-30,96.48,98.5,96.21,97.08,253337,34.4,T9,,MARKUP,0.04113254965340898,-0.0405218422613165,-0.13698995466263664,-0.20157907722674562,0.12526766595289093,-0.055781794639101934,-0.07030380440828288,-0.01667236416232032,1.0,1.0,-0.029457525152992492,0.9390553274424432,True,Technology,0.53258594886297
PNFP,2026-09-25,94.4,95.59,94.03,94.97,842039,36.9,T2G,,MARKUP,0.02482030635975247,-0.018397932816537454,-0.05951673598732432,-0.13921870751382215,0.14903047091412733,-0.027946716246927905,-0.04573211814587763,-0.032077786072497005,1.0,1.0,-0.024524312896405887,0.8966850566809991,True,Financials,0.5333878840503172
PFLT,2026-09-24,7.01,7.06,6.95,7.0,638216,40.4,,Z2G,MKDN,0.021060145226848955,-0.030470914127423754,-0.05020352781546811,-0.08972691807542266,0.19767441860465101,-0.022435616715156814,-0.03998061556877619,-0.13276708413448945,0.0,0.0,0.0028860028860029363,0.9562342059192728,True,,0.5344677652392859
WLDN,2026-09-25,79.63,80.33,78.65,78.9,119049,41.5,,Z2,MKDN,0.0373772809293242,-0.013133208255159401,-0.10208262205530894,-0.11675808798835774,0.5291196388261853,-0.030997985187221633,-0.03516993450691197,-0.07686542637354798,0.0,0.0,0.018283195020746934,1.0250437950561087,True,Industrials,0.534551380592299
FWONA,2026-09-29,87.2,87.26,84.64,85.35,219659,38.4,,Z4,MARKUP,0.02494703434403294,-0.015230183454482571,-0.072887247447317,-0.13604615851806878,0.05017667844522922,-0.02727311512305708,-0.040230633688358,-0.01830208511454201,1.0,1.0,-0.005755902736990448,0.9138586026419384,True,,0.5347779269593596
RCUS,2026-09-29,24.93,26.04,24.76,25.65,1252410,43.0,T2,,MARKUP,0.05157027573533424,-0.04540379605508005,-0.1239754098360657,-0.18777707409753008,0.282950423216445,-0.028442579401186108,-0.059435719313143065,0.05028732460021579,1.0,0.0,0.04418704418704422,0.8883015353716831,True,Healthcare,0.5348891820215185
RYTM,2026-09-28,98.01,99.15,95.27,98.56,897361,39.4,T11,,MARKUP,0.040118720740665005,-0.0027319639785490235,-0.08033964728935339,-0.17695198329853856,0.13439542483660155,-0.026997253958365164,-0.04882941509383121,-0.003966134526371179,1.0,1.0,-0.009049303099646355,1.1383759054635456,True,Healthcare,0.5360176864120304
BRC,2026-09-30,85.31,85.94,83.36,83.49,259725,34.8,,Z4,MARKUP,0.027346786448943224,-0.003937007874015741,-0.07633587786259544,-0.15879093198992444,0.11906092789267722,-0.027967528989076174,-0.054914725482629434,-0.02792392842939173,1.0,1.0,-0.02058504875406275,0.9276632534763205,True,,0.5367787384979519
FG,2026-09-29,21.48,21.91,21.33,21.88,435898,35.8,T3,,MKDN,0.03807627943538783,-0.015301530153015275,-0.08067226890756307,-0.34608487746563066,0.04769736842105249,-0.04798714685177663,-0.1126419006592686,-0.1946407311617443,0.0,0.0,-0.03488898957861353,0.8635139205645682,True,Financials,0.5368610288236981
ZTS,2026-09-29,71.4,71.7,70.0,70.3,3521079,37.8,,Z1,MKDN,0.028001553337486638,-0.03513587702443044,-0.08819714656290534,-0.12311338405887495,0.07323943661971838,-0.03294162243352117,-0.06272517663834076,-0.26801175818278056,0.0,1.0,-0.010532308568175441,0.83128802794959,True,Healthcare,0.5368762711316065
DTM,2026-09-25,124.05,124.58,121.83,122.28,573552,31.2,,Z2G,MARKUP,0.02496896837072939,-0.028444303194025133,-0.0713851761846902,-0.18305718866916088,0.016157989228007277,-0.03845823702136464,-0.07055323766937294,-0.07246537527884633,0.0,0.0,-0.017816833279587274,0.9713073068454391,True,Utilities,0.5368898910641636
GOOS,2026-09-29,7.77,7.81,7.62,7.71,651963,43.4,,Z5,MKDN,0.032735813037309276,0.011811023622047223,-0.06432038834951459,-0.22668004012036114,0.1340996168582374,-0.0071999623333773854,-0.07009900342811226,-0.2334293371598789,0.0,0.0,0.006793478260869623,0.7641137675701128,True,,0.5369484538975042
SVV,2026-09-30,9.45,9.56,9.13,9.21,1695990,40.5,,Z6,MARKUP,0.042380880142373935,0.02219755826859049,-0.09261083743842358,-0.2742316784869976,0.1145038167938934,-0.03578540766123095,-0.06330354573329466,-0.059799978569617274,1.0,1.0,-0.00786516853932584,1.0701672445221813,True,Consumer Discretionary,0.5370143688539766
CMPR,2026-09-25,78.58,80.17,78.58,79.79,168182,32.9,T2,,MARKUP,0.036177609087556434,-0.0039945075521157225,-0.10348314606741571,-0.2513604803903171,0.116424802110818,-0.042270977402237175,-0.09212707400332554,-0.042512412080695894,1.0,1.0,-0.035049981019865784,0.8955214113494768,True,Materials,0.5375031965316404
DOLE,2026-09-24,13.02,13.02,12.83,12.9,833824,35.7,,Z2,MKDN,0.021669407702713295,-0.0182648401826484,-0.05355832721936904,-0.12660798916723082,0.07881773399014788,-0.030994312768785393,-0.05016890430826981,-0.08695538778641299,0.0,0.0,-0.01911314984709478,0.8781298608814296,True,,0.5379372546089924
CAG,2026-09-25,14.66,14.69,14.22,14.32,9263849,33.0,,Z2G,MKDN,0.028183991676940554,-0.053536021150033086,-0.10611735330836447,-0.14405260011954568,0.28908554572271394,-0.04889018252850863,-0.04951186603805835,-0.093551002364195,0.0,1.0,-0.005594405594405605,0.9003998656404423,True,Consumer Staples,0.538044851505148
GPI,2026-09-25,249.82,253.9,246.97,252.18,261994,40.9,T1G,,MKDN,0.041425881889965425,0.023374726077428853,-0.037627843077392864,-0.3330335889976197,0.04526499355523541,-0.04221128590037193,-0.08846401217579081,-0.21920938383400168,0.0,0.0,0.0008529304252467007,0.9334482349918086,True,Consumer Discretionary,0.5381525760700417
DOV,2026-09-24,188.18,189.34,187.06,187.89,1465866,38.3,,Z9,MKDN,0.021827494569314237,-0.007133798351300014,-0.08194077982996195,-0.1593664712988233,0.0984560870665651,-0.018318940396548355,-0.054038898352668396,-0.07819748669319992,0.0,0.0,0.004293478260869454,1.059821613207572,True,Industrials,0.5382336836290397
TPC,2026-09-30,84.45,85.21,82.36,82.52,383343,39.6,,Z2,MARKUP,0.03506963652587576,-0.021811284969179723,-0.046452507510977736,-0.19335288367546433,0.31319444444444433,-0.035796681229382954,-0.039981971367528235,0.03472808669473215,1.0,0.0,-0.017303102625298328,0.7404224134887056,True,,0.5383316522017085
BR,2026-09-30,160.8,161.96,160.52,161.1,1051919,38.5,T3,,MKDN,0.025019085946251733,-0.014377485469562523,-0.10693497422251785,-0.13808784976726773,0.41167084568041945,-0.03102440181066557,-0.02774252409685507,-0.08021169951897955,0.0,0.0,-0.011740715565717097,0.8712679175695041,True,Industrials,0.5386329877543065
GRBK,2026-09-30,67.96,68.02,66.08,66.11,328193,39.1,,Z2,MARKUP,0.02673465338837942,-0.016366612111292866,-0.06795432116170885,-0.13264235108895306,0.0444234404536861,-0.03297778067655199,-0.05255430165187358,-0.047126181475601325,1.0,0.0,0.006703229737964556,0.7968466571598402,True,,0.5387005101584269
UTHR,2026-09-25,474.04,479.97,470.4,475.45,472446,34.2,T1G,,MARKUP,0.026808775193230473,-0.038776459171501965,-0.09937299918546716,-0.15655490509136072,0.06840494035680313,-0.0419661190605326,-0.06822428595551955,-0.06039603288829509,1.0,0.0,-0.01685499255780798,0.8836107947380369,True,Healthcare,0.5387890471543393
IIIV,2026-09-24,15.13,15.19,14.63,15.13,499345,38.2,,Z7,MKDN,0.04766139902513003,0.0053156146179402786,-0.10842663523865637,-0.33930131004366804,0.10996563573883172,-0.03295774400612017,-0.11586349137214669,-0.2723265111341715,0.0,0.0,0.007057163020465662,0.9130573548489478,True,Technology,0.5388242156961333
PPC,2026-09-22,29.71,29.87,28.97,28.98,1299034,41.4,,Z2,MKDN,0.033623055105388246,-0.029470864032150046,-0.0883925762818496,-0.11780821917808226,0.44316546762589937,-0.0315332524929447,-0.024987790778310925,-0.1298621386423433,0.0,0.0,0.01971136923618433,1.0871073072957425,True,Consumer Staples,0.5388347518937454
LYB,2026-09-29,57.38,58.35,56.81,58.18,3540134,35.9,T5,,MARKUP,0.03441990733286774,-0.017893315327481507,-0.1060233558696988,-0.15839722262404166,0.3240740740740742,-0.0535073020645509,-0.06576609119178412,-0.05204105963303063,1.0,0.0,-0.03777100271002709,0.8531476327188737,True,Materials,0.5390310445093348
AWI,2026-09-30,163.8,163.86,161.93,161.93,284231,41.4,,Z2,MKDN,0.02417037785759241,-0.012441300237848285,-0.04149402154611104,-0.14136486558142003,0.290013315579228,-0.017307692268298203,-0.03116971122818679,-0.048590478556862715,0.0,0.0,0.02192339557708234,0.8073581182445958,True,Materials,0.5390906283305575
FSK,2026-09-28,11.21,11.24,11.06,11.16,1429273,37.7,,Z1,MKDN,0.02407928688540244,-0.023622047244094446,-0.08972267536704726,-0.12195121951219512,0.3595041322314051,-0.03794569497716005,-0.036796937672663566,-0.09957509787814378,0.0,0.0,-0.016918967052537925,0.8314421718340068,True,,0.5392458431099547
ETSY,2026-09-30,69.99,73.22,69.53,71.49,3717171,42.4,T2G,,MARKUP,0.044817291304974506,-0.029986431478968845,-0.12550458715596335,-0.18733659202000685,0.2426470588235294,-0.025090373596011517,-0.05601658436509982,0.03292037329935904,1.0,1.0,-0.0540077153879126,0.9667439355738084,True,Industrials,0.5393792944592036
RYN,2026-09-23,20.13,20.29,19.83,19.86,2864305,37.4,,Z1G,MKDN,0.022109868812613166,-0.008982035928143728,-0.06541176470588239,-0.12046058458813103,0.02857142857142799,-0.025554684101469105,-0.044626155849606164,-0.07235190939628988,0.0,0.0,-0.00452944136889788,0.9212013583610146,True,,0.5394106929580823
FBIN,2026-09-25,38.05,39.62,37.93,39.38,1950902,38.0,T1,,MKDN,0.03769828891819273,-0.0005076142131978933,-0.1308761862723461,-0.27796112944627793,0.0986920332936982,-0.0413860288888358,-0.0967607543000425,-0.14543384866411557,0.0,1.0,-0.030334190231362412,1.0891827418160545,True,Materials,0.5399326755082101
EXP,2026-09-25,177.27,181.15,176.8,178.49,418535,35.1,T3,,MKDN,0.028466456633150544,0.009444632960072585,-0.09721308987911592,-0.20745082367568046,0.054825005057657444,-0.03729794118968355,-0.08578832302467021,-0.13454412010400796,0.0,0.0,0.0020480145636589953,1.0538148946947419,True,Materials,0.540825218433133
XYL,2026-09-22,108.45,108.65,106.61,107.85,1724180,40.9,,Z11,MKDN,0.023780036832817618,0.0032558139534883956,-0.055438780872307025,-0.15185592953759042,0.10972798524665725,-0.012199888720925145,-0.04158226561268319,-0.10505562118460099,0.0,0.0,0.007869536361050589,1.0475006744216622,True,Industrials,0.5414519694319108
EXR,2026-09-29,131.05,133.94,130.7,133.49,1496926,37.8,T4,,SPRING,0.020075135993926293,-0.011111934217349462,-0.05393338058114805,-0.15980614300100693,0.09900638750887224,-0.024459527391220814,-0.05132248865226097,-0.06401349521407951,0.0,0.0,-0.029839667458432362,0.9840955969520634,True,,0.5414970214593372
SPB,2026-09-28,84.26,84.96,82.04,82.84,290217,37.6,,Z2G,MARKUP,0.027117667800639938,-0.027927716498474475,-0.06585475868290491,-0.16373914799111644,0.11317659923455477,-0.03870597385239405,-0.0419705497166698,0.04827445069757852,1.0,0.0,-0.02356581766246124,0.9220679052431177,True,Industrials,0.5415178927330672
AMCR,2026-09-30,42.53,42.91,41.86,41.86,2752075,38.0,,Z2,MARKUP,0.02274792819320069,-0.021962616822429837,-0.08642514185945005,-0.1446669391091132,0.05473965287049357,-0.030322304515686627,-0.04558817469902965,-0.029321822762169547,1.0,1.0,-0.004316546762589968,0.887214230007239,True,,0.5419744439660434
SLB,2026-09-24,52.48,52.6,51.35,51.43,9435850,40.6,,Z2,MARKUP,0.03514137223432358,-0.012480798771121293,-0.04048507462686568,-0.1493549454184585,0.4310018903591681,-0.03820398253323931,-0.0304171975074371,0.04350204898570831,1.0,0.0,-0.02114041892940266,0.9249191123745489,True,Materials,0.5420529958759435
NBR,2026-09-24,83.64,84.09,82.11,82.99,155600,38.4,,Z2,MARKUP,0.04289464578704901,-0.0444444444444444,-0.05143444965138877,-0.1532496684011837,0.33627927529827645,-0.04846057764042577,-0.055727102068719114,0.04826075759162296,1.0,0.0,-0.02713270142180102,1.0620416481168964,True,Energy,0.5425522573821198
B,2026-09-30,41.54,41.54,40.65,40.67,6626966,40.5,,Z4,MARKUP,0.033590049607662674,-0.04283360790774304,-0.05638051044083525,-0.17236467236467234,0.4394440767703508,-0.0478929589800039,-0.038685595691934305,0.013684061074049403,1.0,0.0,-0.030563514804202496,1.0023721223133384,True,,0.5428813596520605
SRE,2026-09-21,81.3,81.61,80.82,81.2,3171085,38.0,,Z2G,MKDN,0.021567194932247007,-0.02156886371852018,-0.02038846664253824,-0.15434284524057484,0.09799147900182593,-0.02687645074001599,-0.0548801800234755,-0.08513823922200925,0.0,0.0,0.01545420278929499,1.0649884738543747,True,Utilities,0.5429973996311662
GTES,2026-09-21,26.05,26.05,25.44,25.45,1292549,44.3,,Z6,MARKUP,0.03346921138086023,0.001180173092053316,-0.01737451737451734,-0.16117336849044173,0.19439868204283356,-0.01598057998235447,-0.031404319057371954,-0.0003019569662782162,1.0,0.0,0.02266172229089425,1.0100146078587366,True,Industrials,0.5430528085999738
CPS,2026-09-25,22.12,22.75,21.95,22.7,182663,38.0,T3,,MKDN,0.05421002145333124,-0.008733624454148492,-0.14015151515151514,-0.3008931321219588,0.07129277566539924,-0.06091761361657433,-0.12546124076270537,-0.20540362469766194,0.0,1.0,-0.011261261261261257,0.892558199678399,True,Industrials,0.5430681135589556
TFPM,2026-09-30,31.33,31.34,30.71,30.81,446875,40.2,,Z4,MARKUP,0.035155207630134355,-0.05258302583025842,-0.056355283307810144,-0.14249930420261625,0.4470842332613389,-0.047803393576399844,-0.04105941701317817,-0.031239153388872398,1.0,0.0,-0.027078687480089236,0.8554132055667495,True,,0.543092050143034
DG,2026-09-30,124.02,124.3,118.85,119.58,2571795,42.3,,Z6,MARKUP,0.032529706139060845,-0.008457711442786064,-0.08780227324738732,-0.10841037876528481,0.3049713193116632,-0.03298240384178608,-0.029616377562992735,-0.012203332009037116,1.0,0.0,-0.00999583506872137,1.0257061571500548,True,Consumer Discretionary,0.543218111866664
TJX,2026-09-28,129.9,132.19,129.0,130.25,5885889,41.1,T3,,MKDN,0.022385136509020742,-0.005421502748931051,-0.03604203670811135,-0.20111629048086355,0.18554396423248884,-0.008999630275246417,-0.06361091889297044,-0.11862004333712406,0.0,0.0,0.047157517510995284,0.8911796696654998,True,Consumer Discretionary,0.543327847874586
CALY,2026-09-25,14.46,14.55,14.24,14.44,1498972,30.8,,Z10,MKDN,0.030161524690798403,-0.01701837985023824,-0.06476683937823835,-0.2879684418145957,0.03947368421052634,-0.04637217114437264,-0.09508654729649468,,0.0,0.0,-0.02673063742289239,0.9978903706036786,True,,0.543378181362774
SYK,2026-09-30,276.26,279.37,273.05,275.39,2930119,36.9,,Z1G,MKDN,0.02925821210248369,0.007278712509144247,-0.13235664776307499,-0.2187296093506199,0.09814013334892953,-0.03235025493135879,-0.08637995137850751,-0.15954182009491125,0.0,0.0,0.00632958801498118,0.8036195591828926,True,,0.5437276116901397
SVRA,2026-09-22,5.52,5.53,5.29,5.3,1414020,46.2,,Z4,MARKUP,0.041047723252716085,0.0076045627376426506,-0.046762589928057485,-0.1808346213292118,0.13970588235294087,-0.015768817189461992,-0.028654557446029294,0.01653555940058493,1.0,1.0,-0.011605415860734936,1.0613581504850202,True,Healthcare,0.5445108999242958
TMDX,2026-09-28,86.38,86.38,82.7,82.73,422562,43.3,,Z4,MKDN,0.04960888110545764,-0.05223966090044685,-0.06445776320253316,-0.13080479092246278,0.5419426048565121,-0.03932820517925906,-0.02458145582864768,-0.13219871111608406,0.0,0.0,0.03243720812823425,0.825897659416121,True,,0.5448741110454477
PSKY,2026-09-29,10.2,10.31,9.89,9.99,18973211,45.4,,Z9,MKDN,0.05127019965413619,-0.011869436201780381,-0.08432630614115488,-0.13054830287206265,0.6124031007751938,-0.030005308329456915,-0.015028461974802787,-0.07515070069712548,0.0,1.0,-0.0071138211382114624,0.9509905228304729,True,Communication Services,0.545048322456737
ATEN,2026-09-28,25.48,25.66,24.94,25.5,2125701,43.1,T5,,MARKUP,0.03803912602499653,-0.053452115812917644,-0.0077821011673151474,-0.33749025720966486,0.09791666666666667,-0.023639509803768166,-0.0709303783390618,-0.0222450901875203,1.0,0.0,0.035284350352843497,0.9988154982321523,True,Technology,0.5450577550574295
NE,2026-09-28,43.24,43.51,42.57,42.61,1075059,40.5,,Z2,MARKUP,0.03707932051489989,-0.035972850678733126,-0.0688374125874126,-0.12162440733869306,0.47321428571428564,-0.042028065154199545,-0.03949916406489107,0.01724410019773881,1.0,0.0,-0.02491349480968852,0.9543498557724054,True,Energy,0.5457388959904262
RRX,2026-09-30,155.87,156.44,153.74,155.11,960531,43.1,,Z2G,ACC-TR,0.03631721052421644,0.01764860254559797,-0.012101140054773474,-0.29953937861271673,0.12110772492381099,-0.010198642751848008,-0.0836059004963563,-0.1411645432734271,0.0,0.0,0.015619647872850528,0.7894748348725427,True,Industrials,0.5458454110189579
ANAB,2026-09-21,56.0,56.0,54.09,54.92,524456,45.4,,Z6,MARKUP,0.042942476689743235,0.014969506560709611,-0.048839625909248396,-0.22549710901142284,0.24575471698113216,-0.01335962183451489,-0.02965049874216963,0.03271658728178295,1.0,1.0,-0.009860465116279138,1.0303203561897194,True,Healthcare,0.546245989331606
SYF,2026-09-29,71.7,72.0,71.19,71.72,2518765,37.2,T9,,MARKUP,0.027323461568279413,-0.013072794825925493,-0.06953814218993248,-0.12451171875,0.26459985580389334,-0.03761796637214132,-0.052339919198943985,-0.03265337099790111,1.0,0.0,-0.033714049814228764,0.9364207901620704,True,Financials,0.5463512028591968
CAVA,2026-09-30,53.67,54.99,52.92,54.1,3719076,42.1,T2G,,MKDN,0.045888877654297805,0.01883239171374762,-0.11427635887360832,-0.2848645076007932,0.1705157813702848,-0.021429956250756388,-0.11507606229709855,-0.22481204311054315,0.0,0.0,0.026978055164082804,0.8431931956039835,True,Consumer Discretionary,0.5465138569663243
LNC,2026-09-30,40.77,41.41,40.23,40.26,1725846,34.6,,Z1,MARKUP,0.028642649678406247,-0.019961051606621205,-0.058685994856207735,-0.15526647083508183,0.2051557465091297,-0.04336245904798541,-0.04574994976705171,0.010455871595368649,1.0,0.0,-0.008869179600887067,0.8184063899438228,True,Financials,0.5466105945567389
DBD,2026-09-25,63.01,63.33,62.31,62.72,122399,33.2,,Z11,MKDN,0.032250833763094,-0.0075949367088608,-0.07328605200945637,-0.3188531711555169,0.019372077488309897,-0.04111121993337874,-0.10429741241879964,-0.13495096701628906,0.0,0.0,0.002735757965883545,0.7924964411791784,True,Technology,0.5466677800850747
CW,2026-09-30,535.38,549.4,526.01,543.82,475771,33.0,T2G,,SPRING,0.031090997089948415,-0.002439695496652128,-0.05911866987318115,-0.30850414526219416,0.06838689859079236,-0.0357056948951715,-0.11559505870520737,-0.16205566471629307,0.0,1.0,-0.02987772265358446,0.9231315873249513,True,Industrials,0.5469475104770788
MTX,2026-09-25,66.82,67.43,66.41,66.98,120077,36.2,T1,,MARKUP,0.025709461104918726,0.0007470491558343451,-0.07345414303499798,-0.1689826302729528,0.09621765096217674,-0.02521186477951798,-0.05528911928782887,-0.04728185818060604,1.0,1.0,-0.00907303795554204,0.8337814883564796,True,Materials,0.5469694100042187
CNR,2026-09-28,89.05,89.61,87.62,88.4,430951,37.3,,Z4,MARKUP,0.035427643276566986,-0.025895316804407598,-0.12440570522979388,-0.15705158767998473,0.3982462550237488,-0.05235023996843868,-0.0437982328468326,-0.004532947466912685,1.0,0.0,-0.025253087106463457,0.9363394142922942,True,Materials,0.5472171632236017
BAM,2026-09-29,44.6,45.01,44.19,44.97,3571489,33.5,T2G,,MKDN,0.025742342088120977,-0.022603781786568078,-0.12679611650485434,-0.19667738478027863,0.1092233009708739,-0.03739799991677151,-0.0659225131164034,-0.08984266201268354,0.0,1.0,-0.023068309070548687,1.0397917311356175,True,Financials,0.5476635387714613
AOS,2026-09-30,58.19,58.2,56.33,56.37,2275676,37.2,,Z2,MKDN,0.023866666939896357,-0.023727052303429197,-0.03624551205334248,-0.12968967114404817,0.004739336492890896,-0.03159942989640896,-0.050838227025244875,-0.10134596993471989,0.0,0.0,-0.0028323597096832076,1.0650641478019802,True,Industrials,0.548639116863742
ACIW,2026-09-30,48.2,49.37,47.81,48.88,1121381,34.3,T4,,MARKUP,0.02703047256243037,-0.006907761072734608,-0.04587155963302747,-0.1997380484610346,0.08063300678221556,-0.0323270722300667,-0.04960432753462307,0.006509060535144551,1.0,1.0,-0.020286885245901498,0.8888073532341445,True,Technology,0.5491756049323754
VGNT,2026-09-30,45.64,46.0,44.92,44.94,1021381,45.5,,Z1,MARKUP,0.03851006706380982,-0.027272727272727337,-0.027062134661182125,-0.10567164179104482,0.5503810330228619,-0.026670159773409585,-0.011629270192435315,,0.0,1.0,-0.012703365277468293,0.8874611217114696,True,Industrials,0.5492367982160693
LCLN,2026-09-30,23.51,23.55,22.9,23.09,811810,37.7,,Z3,MARKUP,0.04633738193354298,-0.03590814196242165,-0.0708249496981892,-0.16188747731397457,0.4053333333333332,-0.05634865038753656,-0.05163007738786618,,0.0,1.0,-0.011274934952298254,0.6734388839742159,True,,0.5496782174150167
GILT,2026-09-24,9.76,10.12,9.68,10.02,320711,45.9,T3,,ACC-TR,0.042505997989074396,0.007035175879396949,-0.014749262536873142,-0.2765342960288809,0.14508928571428578,-0.00413938541071357,-0.07538379307146037,-0.21504129315977072,0.0,0.0,0.030949839914621302,1.0849611999008548,True,,0.5504824531946425
OTIS,2026-09-29,66.33,66.88,65.16,65.63,5119279,35.1,,Z4,MKDN,0.023084856443408387,-0.035987074030552346,-0.07732321102207229,-0.13542352786194178,0.04638218923933209,-0.04006359410065119,-0.06544498761355522,-0.1468479080848325,0.0,0.0,-0.02163136547994593,0.8293497291551298,True,Industrials,0.5506448265340711
AVEX,2026-09-25,16.5,16.89,16.06,16.07,989722,43.7,,Z1,ACC-TR,0.07025381839224287,-0.008024691358024638,-0.14339019189765467,-0.3196443691786621,0.2843601895734597,-0.03787136088085097,-0.0973468050652685,,0.0,0.0,0.003911342894393766,0.8651338439911976,True,Industrials,0.5509566456130583
FWRG,2026-09-30,10.4,10.42,9.93,10.17,1835464,34.9,,Z3,MKDN,0.04858807087511719,-0.002941176470588225,-0.15741507870753935,-0.25220588235294117,0.07795698924731162,-0.0561527709637486,-0.11335320574374452,-0.2086063328119746,0.0,0.0,0.0,0.9140457464565052,True,Consumer Discretionary,0.5509686759022356
PACS,2026-09-25,41.59,41.86,41.05,41.3,549657,38.7,,Z3,MARKUP,0.03802520504962966,-0.019468186134852794,-0.06645569620253178,-0.16548797736916554,0.20945945945945896,-0.03208205897400529,-0.039163778300179364,0.12183265552312972,1.0,0.0,-0.020737882806848296,0.8574858776741717,True,Healthcare,0.551271588963438
AXS,2026-09-29,94.06,95.34,94.06,95.24,825143,35.3,T4,,MKDN,0.01945455875068273,-0.01080182800166185,-0.03583721401093343,-0.20626718893241103,0.05678353658536567,-0.024923970477533586,-0.051413576718863596,-0.06580597823877654,0.0,0.0,-0.024859579779488272,0.9665959874925566,True,Financials,0.5513011472862301
FANG,2026-09-25,186.46,187.77,185.51,186.67,1734333,38.9,T12,,MARKUP,0.0325018595523992,-0.029882548591622538,-0.06907041691601845,-0.13937298294144773,0.3540598290598288,-0.045071474531211075,-0.051562230041864665,0.012133337567224567,1.0,0.0,-0.03881206788183533,0.8418902010523971,True,Energy,0.551624369824942
SON,2026-09-29,49.84,50.2,49.1,49.61,867321,37.9,,Z9,MARKUP,0.027640874276147684,-0.02130597751035701,-0.10045330915684492,-0.18229767595187085,0.15443425076452572,-0.022873362448217027,-0.058201994992644446,-0.03881805098781066,1.0,0.0,0.031098970371926882,0.7715578791993932,True,Materials,0.5518246769075217
CPB,2026-09-30,20.34,20.42,19.65,19.83,8413597,36.7,,Z4,MKDN,0.03545155555620257,-0.025073746312684442,-0.1636440320539858,-0.18260511129431178,0.11399999999999935,-0.04914987562209605,-0.08367252891790755,-0.16487954428888774,0.0,1.0,-0.02825428859737633,0.8102055432469518,True,Consumer Staples,0.5518298770956387
NVRI,2026-09-22,20.76,21.36,20.59,20.6,170791,40.6,,Z2,MARKUP,0.04435759015263759,-0.04230590423059044,-0.024621212121212155,-0.14876033057851235,0.25619834710743844,-0.04192736475564807,-0.046761027023355495,0.06271759284085054,1.0,0.0,0.04700413223140498,0.974877848927195,True,Utilities,0.5521920440654211
IRT,2026-09-29,14.76,15.08,14.6,14.83,5276695,34.8,T2G,,MKDN,0.021610665658153762,0.004742547425474308,-0.08343634116192833,-0.1621468926553672,0.11419753086419734,-0.02326178554309999,-0.06080581378527794,-0.0938362911934002,0.0,1.0,-0.009589041095890316,0.957129154662286,True,,0.5523127930841013
RES,2026-09-30,5.65,5.7,5.61,5.63,1721556,34.1,,Z2,MKDN,0.035382672239901304,-0.037606837606837584,-0.1404580152671756,-0.16344725111441316,0.3452380952380952,-0.05513216844184321,-0.07575647313489076,-0.07720466829892647,0.0,0.0,0.003597122302158251,1.0688158159459527,True,Materials,0.5523390179029445
HBAN,2026-09-25,15.39,15.74,15.31,15.64,33486640,35.3,T1G,,MKDN,0.023743669034887397,-0.015113350125944613,-0.0723606168446026,-0.15823466092572647,0.13274336283185878,-0.03712145801627442,-0.06524447903193697,-0.07016062364964559,0.0,1.0,-0.023151125401929318,1.0842492813389553,True,Financials,0.5524735852832614
PCVX,2026-09-25,57.22,57.5,55.92,56.21,947291,38.8,,Z3,MARKUP,0.04042289057876166,-0.033029416824359226,-0.08093525179856109,-0.12144420131291023,0.32493483927020006,-0.04335100156095817,-0.036221140699549625,0.04603013322939309,1.0,0.0,-0.0336783020522714,1.0081275565489578,True,Healthcare,0.5527931133090985
VNT,2026-09-24,31.07,31.4,30.43,30.91,1135803,39.8,,Z2G,MKDN,0.025872631494909547,-0.02859836580766817,-0.08251706737904418,-0.15500273373428097,0.32740213523131695,-0.030678699981283142,-0.033037090801168234,-0.09242925137263758,0.0,0.0,-0.021857923497267784,1.1242332337459557,True,,0.5532340981108969
MYRG,2026-09-29,288.79,293.56,283.32,288.31,234762,43.6,,Z10,MKDN,0.042281736523490945,-0.002560110707490071,-0.010671882506348318,-0.34250855188141394,0.11756756756756752,-0.010072730174522593,-0.09105008970989836,-0.10275351210265904,0.0,0.0,0.05583302273574353,0.9032950752138742,True,,0.553323285855155
XPEL,2026-09-23,45.84,45.84,44.48,44.52,143531,37.8,,Z2G,MARKUP,0.0365223067964322,-0.026672496720594685,-0.11350059737156504,-0.14466858789625348,0.34578627280625585,-0.05475142125140098,-0.0600368448662173,-0.021235125220958495,1.0,0.0,-0.034195528277071396,1.0340412875222258,True,Industrials,0.5536113598254213
CTGO,2026-09-25,18.08,18.9,17.85,18.55,596421,47.5,T4,,MKDN,0.052867641481477386,-0.009610250934329989,-0.08979391560353278,-0.12499999999999989,0.5641447368421055,-0.02069280758945924,-0.013497973781898986,-0.09415521812961591,0.0,0.0,0.005681818181818121,0.8726978264961066,True,Materials,0.5541900769242386
BIRK,2026-09-24,31.25,31.81,31.16,31.79,1463530,41.2,T4,,MKDN,0.03941633483751462,0.019890920757138275,-0.12133775566611393,-0.32275244993608865,0.109347442680776,-0.022303171756239193,-0.10435023231370955,-0.20268473232499495,0.0,0.0,0.017039759438690405,0.9632471744475299,True,,0.554290245040114
MGY,2026-09-29,23.21,23.77,23.15,23.6,4720563,34.0,T5,,MKDN,0.03695262309830182,-0.017485428809325465,-0.12104283054003728,-0.18112421929215816,0.07936507936507985,-0.07221536094364955,-0.09464289191902231,-0.10112990885235207,0.0,0.0,-0.027310924369748024,1.022011612968179,True,Energy,0.5543233946419726
AGIO,2026-09-25,32.93,33.33,32.54,32.58,996509,43.7,,Z2,MARKUP,0.04259613573691684,-0.014817054732385926,-0.049591598599766695,-0.2610569290088456,0.22958500669344034,-0.02933616591653887,-0.03483076161549892,-0.006387793423501487,1.0,1.0,-0.02638112973308493,1.1690926661591126,True,Healthcare,0.554456125325318
CQP,2026-09-25,63.25,63.75,62.08,63.43,109481,37.9,T5,,MARKUP,0.03145866746706477,-0.022047486894850477,-0.07211819777647743,-0.10975438596491227,0.2552380952380952,-0.04242495388938372,-0.04174674397489353,0.010655956418343715,1.0,0.0,-0.0313621469808083,0.8675218579371297,True,Utilities,0.5546430524400945
EGY,2026-09-29,5.67,5.73,5.63,5.64,1329210,40.0,,Z2G,MARKUP,0.034553295501529385,-0.03424657534246578,-0.05050505050505061,-0.14415781487101675,0.4025157232704401,-0.04998707040233985,-0.03183463360560912,0.06047470995051629,1.0,0.0,0.0035650623885916666,0.8444269696370431,True,Energy,0.5548692448779082
LYTS,2026-09-23,20.52,20.59,20.04,20.24,256207,41.7,,Z2G,MKDN,0.03624486557422037,-0.0044269552385637345,-0.019854721549636856,-0.25147928994082847,0.14249684741488008,-0.015229939015996008,-0.0668896039624316,-0.07318485198347169,0.0,0.0,0.04133961276818421,1.1506993376386496,True,Industrials,0.5550915984980189
ETOR,2026-09-21,29.5,29.8,28.22,28.67,1069611,38.9,,Z11,MKDN,0.04344110587660214,-0.04145770645269131,-0.05410755526228961,-0.32190160832544934,0.0853494623655916,-0.04707479629774691,-0.11139493792178634,-0.21383832145261872,0.0,0.0,0.009854014598540184,1.1613582382267529,True,,0.5556064831609202
EQT,2026-09-29,49.17,49.7,48.61,48.88,7310804,30.7,,Z2G,MKDN,0.02841630140245561,-0.03798464869120255,-0.09782207456626058,-0.13517338995046002,0.10955710955711005,-0.05575283151752264,-0.07180498936673241,-0.1055058177289484,0.0,0.0,-0.006539955037809131,0.958373827146115,True,Energy,0.5556163294360447
MMS,2026-09-30,53.2,53.65,52.79,53.19,836098,37.3,,Z5,MKDN,0.03114946606905409,-0.01115448968209709,-0.077203331020125,-0.16630094043887145,0.16849529780564254,-0.03683075905219646,-0.06507231853913864,-0.17928270376752564,0.0,0.0,-0.048648648648648596,1.0992999559159167,True,Industrials,0.5557963968970667
JAN,2026-09-30,29.96,30.27,29.51,29.63,2363863,42.1,,Z9,MARKUP,0.027368153765519557,0.0023680649526387487,-0.04110032362459548,-0.09747182455071579,0.24882629107981202,-0.021101087792944617,-0.014404956084594689,,0.0,0.0,0.005794137695978252,0.9986762409909372,True,,0.5564235533014027
CHWY,2026-09-21,20.92,21.18,20.5,20.51,7025971,37.1,,Z6,MKDN,0.04838781178791476,-0.03934426229508192,-0.146128226477935,-0.19188337273443645,0.32454923717059647,-0.06241969579716511,-0.07499311843112522,-0.20211936126389685,0.0,0.0,0.03797468354430378,1.050953535136164,True,Consumer Discretionary,0.55659402450457
EVR,2026-09-28,260.07,265.59,257.55,261.62,396178,33.9,T10,,MKDN,0.03370019409596593,-0.027471097728708926,-0.09820412946813284,-0.26864586827686465,0.07068948844405763,-0.043535553918789494,-0.10617357177153997,-0.1658398115989037,0.0,1.0,-0.016627353930629196,1.1336028451138485,True,Financials,0.5570113863018071
OUT,2026-09-29,28.15,28.36,27.68,27.99,1261194,36.6,,Z5,MARKUP,0.02263473658923457,-0.00709471443774401,-0.047311095983662343,-0.18062060889929743,0.07357357357357337,-0.01803508651497987,-0.0528186758180792,-0.009108868635724354,1.0,1.0,-0.006502890173410436,0.8848357446131219,True,,0.5572069102481731
PTCT,2026-09-29,65.51,65.97,64.27,64.96,900436,42.4,,Z9,MKDN,0.034003168582704586,-0.015160703456640334,-0.06586137474834641,-0.28513260702101917,0.12584345479082307,-0.02330923312725275,-0.0679238225583062,-0.07588513786568751,0.0,0.0,-0.05785505462378826,1.1180464812897966,True,Healthcare,0.5576605696085104
CYTK,2026-09-28,64.58,66.41,64.25,66.16,2545199,34.0,T4,,MARKUP,0.03629966911029127,-0.02072232089994086,-0.08225828825079773,-0.2475833049016264,0.08065878378378362,-0.05255452621876022,-0.09559630576863676,-0.04225281499196376,1.0,0.0,-0.046028210838901185,1.0307384680886988,True,Healthcare,0.5577341050701159
NWL,2026-09-25,5.6,5.62,5.41,5.43,6731499,40.1,,Z2,MARKUP,0.0489625874955171,-0.009124087591241059,-0.07653061224489799,-0.23842917251051898,0.23076923076923067,-0.05561572744182308,-0.04335274686998203,0.08514688777799151,1.0,0.0,-0.025688073394495525,0.7753646664533863,True,Materials,0.5591083491715655
STLD,2026-09-30,221.87,226.0,220.46,221.61,1221230,35.9,,Z2G,MARKUP,0.03469525777446064,-0.05412096120192911,-0.0533128283993336,-0.1893107989464442,0.06487170220455372,-0.05330231066316726,-0.07053809310061077,0.01824586568313169,1.0,0.0,-0.037460705553615026,0.8677635621121964,True,Materials,0.559476527814556
AORT,2026-09-28,22.63,23.2,22.41,22.95,446062,34.7,T9,,MKDN,0.044201657089502966,-0.02877697841726623,-0.14269704893537538,-0.23855341738553426,0.06985769728331166,-0.06289924006198522,-0.09619878746683852,-0.23018893753068448,0.0,1.0,-0.022251308900523625,0.8030337213429822,True,,0.5596177321439436
KMB,2026-09-22,99.33,99.92,98.65,98.91,4088676,34.9,,Z11,MKDN,0.022891046654100827,0.0024323502584371326,-0.11187932118164678,-0.1533127889060092,0.10450000000000018,-0.030076851754724743,-0.05572949628968127,-0.07509626025504679,0.0,1.0,-0.0038069760263401697,0.9028241363569166,True,Materials,0.5599109685407416
DLB,2026-09-29,57.97,58.09,57.32,57.93,907562,42.0,,Z1G,MKDN,0.028912281964097335,-0.008047945205479468,-0.058966861598440556,-0.13031076414952714,0.5269754768392371,-0.025211629400294533,-0.019786244514957807,-0.04061292789563342,0.0,1.0,-0.0017702248185519354,0.8700100313571484,True,,0.5607946132170508
AXTA,2026-09-29,32.62,32.72,32.36,32.64,1474031,39.7,T10,,MARKUP,0.0255695206335151,-0.012106537530266248,-0.10378912685337727,-0.15462315462315457,0.1579689703808182,-0.02675550606354815,-0.043397511213648654,0.006227874617484197,1.0,0.0,0.005339195979899403,0.8075340585530996,True,Materials,0.5608375859912521
BTU,2026-09-28,25.27,25.52,25.01,25.15,1591815,41.8,,Z2G,MKDN,0.04859877317561358,0.0031910650179496347,-0.13035961272475804,-0.17296941795462029,0.4917874396135265,-0.05519735434981554,-0.043495687061529065,-0.048722117265812215,0.0,1.0,-0.015968063872255578,0.7998733535158148,True,Materials,0.5608649358783361
HLIO,2026-09-25,68.76,69.42,68.1,68.64,534291,40.5,,Z11,MARKUP,0.03198460540834109,-0.009380863039399667,-0.07779121322047566,-0.19512195121951215,0.12833944473546371,-0.022694113848303887,-0.0702005924751179,-0.024386538029177007,1.0,0.0,0.02507931711738931,1.146899921964446,True,Industrials,0.5609678964235905
LAR,2026-09-21,5.95,6.02,5.82,5.92,1106566,41.1,,Z11,MKDN,0.06325273361686336,-0.0033670033670034627,-0.13323572474377743,-0.3100233100233101,0.16352201257861623,-0.04908528779096821,-0.11189629237770737,-0.1334379062612301,0.0,1.0,-0.04409171075837748,0.9177645663132526,True,,0.5610937280801659
CARG,2026-09-30,31.2,31.84,30.95,31.16,1688402,35.4,,Z5,MARKUP,0.03787355502752056,0.019299967288191056,-0.10382513661202197,-0.24405628335759333,0.12062937062937057,-0.04990498820816114,-0.0791946415556588,-0.0768835108931124,1.0,0.0,0.01410342511752849,1.0306136707382283,True,,0.5613275430620527
PDM,2026-09-30,9.03,9.03,8.85,8.9,3150263,36.6,,Z2,MARKUP,0.027331078025090823,-0.02732240437158473,-0.06708595387840655,-0.12055335968379433,0.10948905109489084,-0.040527568420641535,-0.04875905879721787,0.016214053488881275,1.0,0.0,0.011428571428571344,0.8392949195573265,True,Real Estate,0.5615164469280967
DORM,2026-09-30,124.21,124.42,120.91,122.6,251247,39.4,,Z4,MARKUP,0.02903615745978516,0.00980149905279637,-0.036011951564711486,-0.21091587822616986,0.11599676288103578,-0.01863295469866244,-0.041418624863096665,-0.03622745177602538,1.0,0.0,0.016398985629754836,1.0609271792370383,True,Industrials,0.5615215070615582
COGT,2026-09-30,31.73,32.76,31.48,32.02,1960164,39.7,T1,,MARKUP,0.04281213474905218,0.019420566698503672,-0.07670126874279115,-0.26204194514865176,0.12806748466257684,-0.031688921492677435,-0.08300445829130476,-0.04106995927924406,1.0,1.0,-0.01716321243523311,1.112751139253216,True,Healthcare,0.5615664291177905
TCMD,2026-09-24,22.45,22.97,22.45,22.89,175073,46.5,T1,,MKDN,0.035454966096965995,0.0146276595744681,-0.026371756699276938,-0.29438964241676935,0.14349775784753377,0.0012440390362873366,-0.055807221002762586,-0.06093582307753709,0.0,0.0,0.03710662282761845,0.8788920711126815,True,,0.5620381559968762
IBP,2026-09-25,195.86,202.63,192.65,200.23,415776,38.1,T3,,MKDN,0.04845250550445303,0.01315589738400047,-0.16868720418500383,-0.21013806706114402,0.12456861133935883,-0.05460756106921727,-0.0997266556646701,-0.16230108955093803,0.0,1.0,-0.012658876588765855,0.9136046729022855,True,,0.5626625329584592
FTV,2026-09-30,55.51,55.51,54.81,54.81,2115144,38.4,,Z2,MKDN,0.01960310487855473,-0.025773195876288568,-0.03503521126760556,-0.15102230483271373,0.0651965484180249,-0.023978722159278543,-0.051188920128999005,-0.04990319938158916,1.0,0.0,0.011638647699981464,0.8702547023683775,True,,0.5629406243486432
IRMD,2026-09-21,82.29,82.81,81.51,82.46,120117,34.0,T9,,MKDN,0.026097467219740742,-0.0008481764206955678,-0.06135458167330676,-0.19933974172249735,0.04865616311399431,-0.023420203279301166,-0.05909636520473016,-0.07203301165848686,0.0,0.0,0.0011055152929615453,1.0972039148736754,True,,0.5632430931080237
NAVI,2026-09-25,9.3,9.33,8.99,9.12,1042438,45.0,,Z4,MKDN,0.03965930362483638,-0.041009463722397554,-0.020408163265306256,-0.10147783251231535,0.5253456221198152,-0.030911582868828336,-0.007379258025991375,-0.04957129162508034,0.0,1.0,-0.013172338090010838,0.8988477119516012,True,Financials,0.563281256413233
LOW,2026-09-25,188.36,190.58,187.15,189.28,3455334,33.5,T3,,MKDN,0.024139982543770963,-0.016676190970959626,-0.08445390345361325,-0.17276342817184565,0.051128180508881314,-0.04037526262943447,-0.07731617266307267,-0.1535494939373908,0.0,0.0,-0.02571711177052427,1.0520160413212798,True,Consumer Discretionary,0.5633419464889647
MELI,2026-09-30,1731.0,1739.88,1690.07,1728.53,688224,35.4,,Z5,MKDN,0.032813862475567626,-0.039299926635690596,-0.11966447499096,-0.1633446272991288,0.1129714811407544,-0.04705399138075361,-0.058054569021843916,-0.08573949535510916,0.0,0.0,-0.055830653925006524,0.9946574726314681,True,Industrials,0.5634769327425467
FHB,2026-09-29,24.96,25.08,24.68,24.82,1971318,33.4,,Z2,MKDN,0.019515245707992644,-0.01429706115965046,-0.030847325263568925,-0.18835840418574223,0.05573770491803278,-0.028178871791197935,-0.057846500625706065,-0.06375239835730495,0.0,0.0,0.008169934640522847,0.9980648511125243,True,Financials,0.5635482171290227
XPEV,2026-09-21,10.4,10.48,10.28,10.47,9083611,38.4,T5,,MKDN,0.036821020622947565,-0.022408963585434205,-0.14109926168990972,-0.27593360995850624,0.07209302325581406,-0.041257718107767904,-0.11533914805372258,-0.31167946459026685,0.0,1.0,-0.014548981571290032,0.8702685173897893,True,,0.5641749561635785
OGC,2026-09-28,26.75,27.32,26.02,26.93,356952,40.2,T5,,MKDN,0.04731467555367008,-0.036493738819320165,-0.10442301296973733,-0.1557993730407523,0.5030000000000001,-0.06118564846519148,-0.051327456953234596,,0.0,0.0,-0.05553539019963705,0.8741947250092551,True,,0.5648850732470894
SII,2026-09-30,121.32,121.83,119.11,119.38,69318,41.1,,Z6,MARKUP,0.04057268604067118,-0.047550662198819316,-0.060517824820964794,-0.1441066819615715,0.47765072765072764,-0.04593417182294646,-0.03472191375733258,0.01390699894980596,1.0,0.0,-0.03235583224115335,0.8419812480202182,True,,0.5652115341825877
MATW,2026-09-28,18.87,19.56,18.69,19.52,803021,35.5,T4,,MKDN,0.03568568217934431,-0.013144590495450026,-0.0673674151935022,-0.330130404941661,0.07942583732057401,-0.038476334398196754,-0.11911547551855084,-0.20532226802287978,0.0,1.0,-0.042029728344438744,0.8212542915365032,True,Materials,0.5654318799805867
UPST,2026-09-21,25.53,25.93,25.28,25.58,4649881,39.9,T2G,,MKDN,0.04958026645822327,-0.01992337164750968,-0.15577557755775584,-0.30677506775067753,0.0878323932312651,-0.04580609262063917,-0.09938128903620147,-0.2488234173352838,0.0,1.0,-0.02391390992427267,1.0636974716856413,True,Financials,0.5654402457898102
DFIN,2026-09-29,47.46,47.61,45.98,46.94,198719,42.1,,Z2G,MARKUP,0.032536135376856186,-0.03196535368117148,-0.028157349896480333,-0.12359970126960429,0.44229149115417,-0.028263471226617654,-0.01759678502516515,-0.012171615795491086,1.0,1.0,-0.0071258907363421775,0.8266308916536008,True,Industrials,0.5660574024124728
BKD,2026-09-22,11.43,11.56,11.35,11.39,4386530,30.3,,Z10,MARKUP,0.035993996212078425,-0.03881856540084383,-0.0602310231023101,-0.3012269938650307,0.016032064128256526,-0.04563105938508094,-0.10077828725229754,-0.09811776667198646,1.0,0.0,-0.01737619461337958,1.0122356544995843,True,Healthcare,0.5660969882602029
G,2026-09-25,33.26,33.51,32.97,33.1,1383423,36.3,,Z2G,MKDN,0.03216825479908633,-0.030462800234329235,-0.1180389022115641,-0.14800514800514797,0.45703493862134087,-0.050496360315768984,-0.04366549428811761,-0.08354662511693245,0.0,0.0,-0.03228646903434107,0.8207564481944887,True,Industrials,0.5669219019472171
ENPH,2026-09-21,34.64,34.98,33.56,34.76,5341600,39.3,T9,,MKDN,0.05694524046686907,-0.051827605019094336,-0.09971509971509973,-0.35748613678373387,0.05842259006815948,-0.05325359695041876,-0.10988729630960548,-0.15047688651279933,0.0,1.0,-0.025834542815674877,1.0675892648905818,True,Technology,0.5671643803412595
OMC,2026-09-25,74.5,76.17,73.97,76.15,2895969,37.8,T4,,MARKUP,0.02975915193391869,-0.005485176962256588,-0.1335760609853225,-0.14973202322465384,0.13983322642719734,-0.03849600954028487,-0.05673755636323907,-0.030032000314598517,1.0,1.0,-0.022336769759450092,0.8448258137740787,True,,0.5672757811166178
NRDS,2026-09-29,8.52,8.56,8.44,8.54,493332,36.7,T2,,MKDN,0.0376090169782769,0.0011723329425556983,-0.13562753036437258,-0.17328170377541152,0.2183406113537117,-0.051396771831096255,-0.07786028970509595,-0.14209794032067546,0.0,1.0,-0.03481392557022822,1.0860778497742292,True,Technology,0.5676952231218727
PDS,2026-09-23,82.87,84.22,82.4,82.67,80318,40.2,,Z1G,MARKUP,0.03635564989743522,-0.039056143205858374,-0.05151445617255612,-0.12592514273630784,0.47440423654015895,-0.0490406380334103,-0.042675809330422365,0.00933853921753891,1.0,0.0,-0.0338843944190409,0.9000323822129805,True,,0.5680393956110082
WMG,2026-09-25,27.07,27.41,26.89,27.14,1502918,43.7,T11,,MKDN,0.03022921052922751,-0.03140613847251961,-0.037247250798155385,-0.09139604954804148,0.48971962616822434,-0.023127140349692543,-0.02368532988748584,-0.04751739645344677,0.0,1.0,-0.002227998514667595,0.8467115892427187,True,Communication Services,0.568176460054641
AMSC,2026-09-30,29.52,29.83,28.95,29.11,742435,45.3,,Z2,ACC-TR,0.045723748119500626,-0.06247987117552334,0.019257703081232425,-0.22989417989417982,0.2417102966841187,-0.01852761541983894,-0.0675185318746887,-0.19128531618540745,0.0,0.0,0.05992647058823519,0.952786257183286,True,Industrials,0.5681994684890238
PINS,2026-09-25,18.73,19.03,18.63,18.9,8897569,39.9,T2G,,MKDN,0.04275091497545126,0.01612903225806428,-0.17395104895104896,-0.26544889234356783,0.1343472750316855,-0.040282864414871944,-0.09658991709423248,-0.16861115596182297,0.0,1.0,-0.011634349030471003,0.8919908901853661,True,Technology,0.5684013495895607
ALKT,2026-09-22,18.86,18.98,17.79,18.09,1202190,39.5,,Z2,MKDN,0.04811525110365038,-0.060259740259740235,-0.10930576070901032,-0.14061757719714973,0.4032258064516128,-0.061141015372664476,-0.0479170399640938,-0.056541444193696444,0.0,0.0,-0.017669795692987322,1.095887844376187,True,Technology,0.5686478479245392
PPTA,2026-09-30,21.94,22.36,21.55,21.57,796737,38.9,,Z10,MKDN,0.05221025711554621,-0.07504288164665518,-0.0821276595744681,-0.21734397677793904,0.46181491464510344,-0.07035780130941616,-0.07503736828761254,-0.10594942265657081,0.0,0.0,-0.026459854014598605,1.0037439796704999,True,Materials,0.5688693833697867
GEHC,2026-09-30,66.34,66.55,65.37,65.37,2727535,41.0,,Z1,MKDN,0.02275998818847962,-0.010894235133908303,-0.07171258165293948,-0.1358889623265036,0.3346278317152104,-0.018145592363815077,-0.030212690163993416,-0.0613077576736375,0.0,0.0,0.0349261787585331,1.0106226982233462,True,,0.5693448177757781
ATR,2026-09-29,123.83,124.67,122.12,123.29,409838,37.9,,Z9,MKDN,0.01914679231021783,-0.017218015145476273,-0.06328825406473182,-0.11664397793222026,0.13542219861922525,-0.019352584991469857,-0.032857513845470754,-0.04164255169423936,0.0,0.0,0.011181050190492092,0.9645983871172896,True,Materials,0.5695703042684731
FWONK,2026-09-30,93.3,93.71,92.28,92.4,1750566,36.6,,Z2,MARKUP,0.025541966953221827,-0.009115281501340444,-0.04693140794223827,-0.13894324853228956,0.011273209549071732,-0.03252761764098866,-0.04541649547320814,-0.02555722202485544,1.0,0.0,-0.01008908446924972,0.8505137174565709,True,Communication Services,0.5700821615818941
CGNX,2026-09-23,58.26,59.36,57.54,58.19,1845765,41.3,,Z2G,MARKUP,0.04207008304156641,-0.03178036605657242,-0.027248411902373815,-0.20156421514818879,0.06492679821769551,-0.04517353930829626,-0.060487040249546764,0.03467853396372278,1.0,1.0,-0.0044982698961937295,1.172397827327617,True,,0.5703514352270151
CF,2026-09-29,114.83,117.61,114.03,115.71,2540171,35.9,T3,,MARKUP,0.041615267807598805,-0.040467700472676116,-0.11012843190033073,-0.18318509106310887,0.19484951908160064,-0.0692623677966413,-0.06745733101690743,0.01662308342307872,1.0,0.0,-0.0360131879279737,0.8362032040901085,True,Materials,0.5705845242090539
IEP,2026-09-30,6.88,6.89,6.74,6.75,977032,38.5,,Z4,MKDN,0.020902249102178166,-0.04795486600846255,-0.008810572687224627,-0.1412213740458016,0.17777777777777787,-0.02902174385009637,-0.04751178425069702,-0.10519792454456423,0.0,0.0,0.021212121212121238,1.0390250086681052,True,Energy,0.5706186470930071
FTAI,2026-09-23,187.73,191.9,185.64,186.01,1388268,43.7,,Z2G,MKDN,0.050539225657584216,-0.02012326818732557,-0.07213049334064947,-0.31944241182496713,0.13852984706462745,-0.03161030590604763,-0.09008971860906667,-0.14091825288575122,0.0,0.0,0.079490608827121,0.850347269541775,True,,0.570768656530262
BFH,2026-09-30,100.04,100.72,97.39,97.75,466321,35.3,,Z2G,MARKUP,0.03623475634673273,-0.014517592499243892,-0.04213620774130322,-0.14651183096132014,0.282905982905983,-0.060944291981741894,-0.06445786605750836,0.07338218968094634,1.0,0.0,-0.014670174018615922,0.8897476890017629,True,Financials,0.5708825926946342
MDGL,2026-09-30,513.1,515.0,501.81,503.96,262462,38.5,,Z2,MARKUP,0.03383663730622142,-0.017660130209348535,-0.06450594939763521,-0.1149901657769038,0.4651637670505592,-0.034447146533296946,-0.03837850195959169,0.008468530984180767,1.0,1.0,-0.0016115554494449125,1.0360260110734056,True,Healthcare,0.5717300336067624
GLPI,2026-09-22,39.8,40.01,39.54,39.92,4069965,34.1,T2G,,MKDN,0.01839850158926338,-0.01723289020187091,-0.09128158433872069,-0.14389877761098002,0.06284916201117355,-0.03020271101220917,-0.06277649264756302,-0.10904553616293322,0.0,0.0,-0.013496625843539056,0.9224024171483365,True,,0.5723581543141543
NCNO,2026-09-24,19.33,20.17,19.04,19.97,2413666,43.1,T1,,MARKUP,0.045982454098027654,-0.06725829051844934,-0.07159460715946087,-0.1710253217102533,0.48241206030150746,-0.04758020824214104,-0.01096237073768469,0.0060780482169722205,1.0,1.0,-0.005747126436781547,0.9214804635347748,True,Technology,0.5724256770189959
LLYVK,2026-09-30,99.3,100.65,97.18,97.25,472778,41.0,,Z2,MARKUP,0.026567829965763835,-0.009270578647106675,-0.03789077958053022,-0.11389521640091116,0.10650464617583956,-0.021069818624019354,-0.03359238299891043,0.005835543943442101,1.0,0.0,0.008771929824561209,0.9960657851874969,True,,0.5726551171775226
MBGL,2026-09-21,19.49,19.6,18.92,19.2,4201357,36.3,,Z2,ACC-TR,0.0357941248478304,-0.052319842053307086,-0.032745591939546737,,,-0.04204526518393947,-0.05387007701888025,,0.0,0.0,-0.023735810113518996,1.1922987305444117,True,,0.5727424110679353
CNS,2026-09-30,73.47,73.9,72.96,73.11,330448,36.0,,Z10,MARKUP,0.030399562264735797,-0.030885471898197236,-0.056523422377080856,-0.15538354898336415,0.1738329238329237,-0.030170393046318522,-0.05364616743848161,-0.011233036407537367,1.0,0.0,0.028173022196926745,1.1116714072976828,True,Financials,0.5727753502622611
CCSI,2026-09-24,35.75,35.98,35.05,35.37,70027,44.7,,Z2G,MARKUP,0.044918208932599464,-0.01613351877607805,-0.07866631935399848,-0.14565217391304353,0.25555555555555554,-0.02741901351163112,-0.026472901710554275,0.1134093607650597,1.0,0.0,0.0318318318318318,0.8700047483564353,True,Technology,0.5728500045971479
BJ,2026-09-23,91.12,91.33,89.89,89.98,2370489,42.9,,Z2,MKDN,0.02588712608223725,-0.03226500322650028,-0.04651902087527815,-0.10253341312587272,0.3754556500607536,-0.024533958834585312,-0.02719118342259197,-0.04280301389361696,0.0,0.0,0.02473780209758325,1.0442894582613946,True,Consumer Discretionary,0.5731766637558575
AZZ,2026-09-30,136.09,136.09,133.29,134.39,290292,41.1,,Z6,MARKUP,0.026299073028281463,-0.024746008708273037,-0.010018416206261649,-0.14259282888860547,0.19575386829794866,-0.016295141183894524,-0.03998273557387899,-0.0003839586733339617,1.0,0.0,0.033656455990694,0.984650353212635,True,Industrials,0.5738272489709865
RHI,2026-09-30,36.88,37.46,36.47,36.75,1462089,38.6,,Z9,MARKUP,0.03922021760647787,-0.016327623126338286,-0.15614236509758894,-0.21306209850107072,0.32174505794137687,-0.03922340443115657,-0.04929201284949791,0.06788006704963578,1.0,1.0,-0.02236951118475561,0.9446293695430289,True,,0.5738423233399489
UNH,2026-09-25,375.95,379.17,371.17,376.59,4077893,39.9,T2G,,MARKUP,0.023566368649821187,-0.0008224993366940936,-0.04672826224528548,-0.18419912482128165,0.1107508889353689,-0.016935287063644555,-0.03902042136810391,0.023831871653014147,1.0,1.0,-0.01723860157886259,0.8861458965468935,True,Financials,0.5742794898590341
TPG,2026-09-23,45.11,45.96,44.69,44.93,2595849,32.7,,Z2G,MKDN,0.03855718343033875,-0.03480128893662726,-0.1503403933434191,-0.1904504504504505,0.3535168195718655,-0.0687657117083994,-0.063617764134972,-0.06387005663331724,0.0,0.0,-0.025087260034904135,0.9256418322486624,True,Financials,0.5744576776731842
CART,2026-09-29,43.33,44.22,43.3,43.49,3443508,35.3,T2,,MARKUP,0.038514495038554496,-0.02071605494258033,-0.13915281076801267,-0.1744495064540622,0.13708920187793436,-0.052547297905163326,-0.06848001764988021,-0.016425375195108116,1.0,0.0,-0.04172366621067025,0.9994890389894808,True,,0.575235418298541
VMI,2026-09-25,465.01,467.99,460.98,466.83,236894,41.1,T3,,MARKUP,0.02474864257389991,-0.01645457609978085,-0.028510186668886384,-0.18026655428541327,0.10254392866509278,-0.015814294665915773,-0.03900124580264941,-0.013137758450485482,1.0,1.0,-0.0021429962984609308,1.0936381098333865,True,Industrials,0.5754401738012469
RRC,2026-09-29,37.33,37.74,36.76,36.88,2939631,33.0,,Z2G,MARKUP,0.030457691602224436,-0.03757828810020869,-0.10745401742497573,-0.1435206688341848,0.2454212454212459,-0.06325379320030766,-0.07054174649531764,-0.06283210392973393,1.0,0.0,-0.01103040086090945,1.0042158524752705,True,Energy,0.5754461556946808
CENTA,2026-09-28,33.82,34.32,33.6,34.2,310294,32.6,T4,,MARKUP,0.026243075602426925,-0.010130246020260358,-0.09547738693467334,-0.1617647058823528,0.08333333333333358,-0.02687490012688265,-0.05490610012335084,-0.019882777063685575,1.0,1.0,-0.010600706713780883,0.8817162206706052,True,,0.5758066339385904
ABT,2026-09-29,100.26,101.07,99.48,100.95,8048898,35.2,T5,,SPRING★,0.022120809510593427,-0.02642492043591471,-0.08526640086988035,-0.13967956366115564,0.4481481481481482,-0.02823352174955729,-0.031285323098481976,-0.05015299080287483,0.0,1.0,-0.008472042260540213,0.9514427107830105,True,Healthcare,0.5761351879246371
BX,2026-09-22,127.63,127.75,123.27,124.01,3021509,36.0,,Z4,MKDN,0.03201092138735334,-0.021231254932912336,-0.13666109718741282,-0.17458732694355694,0.29978643886812606,-0.050965350415717814,-0.058487524202984975,-0.06075087214742536,0.0,0.0,-0.028873070463088846,1.1023337454061717,True,Financials,0.5761820511700093
NUE,2026-09-29,242.26,244.05,235.18,236.24,1473618,35.9,,Z2G,MARKUP,0.03315943524682608,-0.038345681022551426,-0.05367729530523946,-0.15661704330441617,0.24918706144104058,-0.05670194998759803,-0.05807826578552877,0.08019786934111917,1.0,0.0,-0.024998963558724774,0.9769214441876358,True,Materials,0.5762850891729469
XYZ,2026-09-23,76.67,76.86,74.36,74.68,5174141,36.9,,Z2G,MARKUP,0.033626342012581446,-0.025446952890512686,-0.09719535783365563,-0.140819144040497,0.02547770700637001,-0.05161043252946618,-0.05359360916099798,0.02220877196855886,1.0,0.0,-0.018738453417788348,1.0567298005258625,True,Technology,0.5763471926401565
NOV,2026-09-28,19.97,19.97,19.43,19.5,4070926,35.9,,Z4,MARKUP,0.03255169412073912,-0.032258064516129004,-0.07098618389709377,-0.1108071135430917,0.4214285714285714,-0.044315350685219745,-0.042419514524240975,0.029100219964677487,1.0,0.0,0.000514933058702205,0.9717815941467005,True,Industrials,0.5763541592584212
SHW,2026-09-21,326.0,326.0,320.65,321.31,1511640,37.3,,Z5,MKDN,0.023344387990700825,-0.009830508474576227,-0.07293920770939721,-0.136634780739467,0.2844075429214745,-0.02484587680642547,-0.03913634221345941,-0.04065516227372823,0.0,1.0,-0.0032971910468582166,1.0947145733540447,True,Consumer Discretionary,0.5770239745785603
KTB,2026-09-25,64.32,65.89,64.14,65.37,562269,35.6,T3,,MKDN,0.03884715583912447,-0.014918625678119302,-0.14526673640167365,-0.26517535971223016,0.07162534435261739,-0.05612419058739515,-0.11480186072812815,-0.1159672895276187,0.0,1.0,-0.024109336609336673,0.766399701188148,True,Consumer Discretionary,0.5770270257644425
CBOE,2026-09-23,265.25,273.34,265.25,268.87,830280,38.0,T3,,MARKUP,0.035788190403674106,-0.005768590762859183,-0.12936338320056984,-0.1538049977969409,0.44929006085192696,-0.04561690637368243,-0.06209476960988225,-0.04808726567681798,1.0,1.0,-0.005297963477868706,1.059983867594487,True,Financials,0.5772503303369079
EIX,2026-09-30,54.09,54.45,53.36,53.73,7121365,36.8,,Z5,MKDN,0.040246198570594666,0.004111381050270868,-0.08622448979591835,-0.3417054643469739,0.08617300131061584,-0.047060692032253826,-0.13956625351369167,-0.18759677434341482,0.0,1.0,-0.026666666666666616,0.9969470974035075,True,Utilities,0.5772721365090111
GFR,2026-09-23,6.4,6.4,6.08,6.08,1712228,43.2,,Z6,MARKUP,0.047823737804462765,-0.06317411402157169,-0.022508038585209,-0.15083798882681565,0.37209302325581384,-0.04975977686164834,-0.03531819184028562,0.036241820249874435,1.0,0.0,0.02184873949579824,0.827316232216249,True,,0.5774222135551749
ABG,2026-09-25,181.11,187.03,181.11,185.15,237808,34.0,T1G,,MKDN,0.036805446519794165,0.011417021741505495,-0.12113732377652242,-0.2801601803973406,0.09301447451227207,-0.05946519497225056,-0.0947201980239396,-0.12625288239934873,0.0,0.0,0.00517551755175516,1.0499949437972436,True,Consumer Discretionary,0.5776091658718062
MCY,2026-09-28,99.51,99.85,98.59,98.85,345595,39.5,,Z3,MARKUP,0.02368628944483995,-0.014849511660354864,-0.0400116538797709,-0.12568547673801533,0.13247863247863176,-0.022123026723452233,-0.038609089948124176,0.017982206198800643,1.0,1.0,-0.017279934946127118,0.8955783505311772,True,Financials,0.577636504890754
MRTN,2026-09-29,12.92,13.12,12.88,13.07,629634,32.1,T2,,MKDN,0.02652282408269432,-0.020239880059970017,-0.09361997226074892,-0.27469478357380683,0.0782122905027933,-0.038012964013840134,-0.09349324209843402,-0.09327217505340457,1.0,0.0,-0.032134659525631215,0.9905167331326887,True,Industrials,0.578365740159754
HIW,2026-09-30,28.69,29.3,28.52,29.02,1340728,36.4,T9,,MARKUP,0.02480457568331384,-0.02256652071404519,-0.045394736842105265,-0.18115124153498863,0.07225433526011563,-0.03997023035847036,-0.05106494991629229,0.007240398470741649,1.0,0.0,-0.03843560350640596,0.987732592107573,True,,0.5783686466819454
FN,2026-09-23,405.75,406.49,395.23,400.85,567158,43.6,,Z3,ACC-TR,0.057663162363947126,0.02080574513598865,-0.07111739352087876,-0.33533966737966137,0.11835738262347979,-0.026145593681026646,-0.1174791295108506,-0.1907655901310107,0.0,0.0,0.013379716350013338,1.0525572605338769,True,Industrials,0.5784958504771988
HQY,2026-09-22,95.77,95.97,91.28,91.75,1220733,35.6,,Z6,MARKUP,0.03229216705375968,-0.049321313853486703,-0.12950664136622392,-0.14746329678498427,0.2628889921040407,-0.04845215003510206,-0.05409117763965021,-0.010014932621043804,1.0,0.0,0.029434983647231405,0.9097475852068407,True,Industrials,0.5792852973341442
ATRO,2026-09-30,68.0,68.0,66.03,67.42,495101,39.4,,Z2,MARKUP,0.04762935383700739,-0.02487706103557996,-0.07631182353747079,-0.2862587338556002,0.14968553459119513,-0.03919202267831323,-0.07676200960635682,-0.03604141693683671,1.0,0.0,0.047877433769550004,0.6894999963316842,True,Industrials,0.579382869222155
KRC,2026-09-28,34.23,34.23,33.61,33.92,1489064,32.5,,Z4,MKDN,0.022327139601641604,-0.019369760046256235,-0.06324219828776578,-0.1696450428396573,0.04281767955801135,-0.03058960525774601,-0.05694342368385774,-0.05507225649967973,1.0,1.0,-0.004737933076695455,0.8576855752980241,True,,0.5796775607520559
MCO,2026-09-29,456.35,458.65,450.53,454.82,848712,36.0,,Z2G,MARKUP,0.023775273777863388,-0.030751198721363893,-0.09872384273937851,-0.13087844680973026,0.05894476504534243,-0.03819660452991358,-0.048690455095883656,-0.041572086226201344,1.0,0.0,-0.014092828850909345,1.0059431010210413,True,,0.5796991576190939
BELFB,2026-09-30,247.97,247.97,240.49,244.12,202783,45.2,,Z2,MARKUP,0.041025882667445265,-0.03920025188916876,0.0028756881110838517,-0.20305562810133193,0.21005842011684017,-0.014552621375569785,-0.046566208746001925,0.030729654671984186,1.0,0.0,0.05672730468406706,0.9862870621764734,True,Technology,0.5798342811441386
TROW,2026-09-28,104.83,105.16,102.91,103.81,1392641,36.4,,Z1G,MARKUP,0.021134273786807545,-0.007837140399502895,-0.06679252067601571,-0.14909836065573767,0.11484184914841848,-0.023285480393706592,-0.04525581791332156,-0.01730250942952971,1.0,0.0,0.010941350418925522,0.8857896523771511,True,Financials,0.5799977966581279
MDU,2026-09-28,18.82,18.82,18.27,18.53,2459389,33.6,,Z3,MKDN,0.020951862255661025,-0.001616379310344751,-0.06366851945426977,-0.14252660805182782,0.08333333333333369,-0.025989138926238442,-0.05990992552053909,-0.08210632811720464,0.0,1.0,-0.011375947995666325,0.9947429082079069,True,Materials,0.5801835918219945
CCL,2026-09-21,22.34,22.45,22.04,22.31,18248493,33.4,,Z11,MKDN,0.03252274809028612,-0.011081560283687897,-0.13291877186164014,-0.26174718729318336,0.059453032104637336,-0.04968269230454658,-0.11216225567416249,-0.16901497840640578,0.0,1.0,-0.013568521031207648,1.0653814066745495,True,Industrials,0.5814971100245796
TOL,2026-09-30,137.41,137.41,134.74,134.75,1290942,41.8,,Z6,MKDN,0.02664403259568687,-0.0038441635248023243,-0.03894158761857225,-0.1444987619833661,0.16477064220183518,-0.018091589702127986,-0.046488172453067245,-0.056759439079337004,0.0,0.0,0.030631045601105633,1.118597661157909,True,,0.5816157961016257
COR,2026-09-28,306.2,307.94,302.84,303.81,1521362,37.1,,Z2G,MARKUP,0.0240892310320794,-0.04006445701285988,-0.056578579635437554,-0.10303799710666939,0.24475221813460304,-0.03776712279084726,-0.03345350738059183,-0.0277664466326617,1.0,0.0,-0.005288224667433172,0.8561190990124177,True,,0.5818434480362044
ATI,2026-09-22,189.05,190.6,185.87,186.56,1433693,38.2,,Z2G,MARKUP,0.044934524989980705,-0.0006963415287374319,-0.11081454649444733,-0.23406002381245639,0.17136627906976737,-0.055510227949549185,-0.06314341424956582,0.1149628076436302,1.0,1.0,-0.01664567705196296,1.003480913528254,True,Materials,0.5819894938506114
BHC,2026-09-25,5.66,5.83,5.63,5.69,1250372,41.5,T1,,MARKUP,0.0456200268025115,0.003527336860670305,-0.0968253968253967,-0.22054794520547938,0.45791245791245805,-0.04058079585311358,-0.036777260047252236,-0.012534032786924554,1.0,1.0,-0.010714285714285676,0.7274980146961987,True,Healthcare,0.5820857279631861
EQX,2026-09-30,11.5,11.51,11.09,11.11,9680640,41.3,,Z4,MKDN,0.05012410524292206,-0.07800829875518678,-0.08784893267651894,-0.2109375,0.469642857142857,-0.07056527043152605,-0.05855997755977971,-0.07000848938553894,0.0,0.0,-0.02889667250437833,0.9777547760850613,True,,0.582175911222776
NUVB,2026-09-30,5.81,5.83,5.59,5.6,5549484,36.9,,Z3,MARKUP,0.05290756927588266,-0.019264448336252293,-0.15662650602409645,-0.2612137203166227,0.11607142857142846,-0.06594845612256295,-0.08590127357123878,0.008618310883752756,1.0,0.0,-0.026642984014209503,0.900721505440048,True,Healthcare,0.5827167033345967
ICL,2026-09-23,5.36,5.36,5.3,5.3,1258331,38.6,,Z1,MKDN,0.023537355727081214,-0.03284671532846728,-0.06028368794326244,-0.10774410774410781,0.4234234234234231,-0.04188984255967365,-0.03659720728289928,-0.051187962840290924,0.0,0.0,-0.0185185185185186,1.0280032051326435,True,,0.582977748809248
GFF,2026-09-30,94.59,94.59,92.78,93.04,591008,41.6,,Z2,MARKUP,0.027880941212092718,-0.03675328708976078,-0.014824227022448011,-0.14304135580731314,0.30824053452115835,-0.029975627987763986,-0.02951544809564688,0.05042313209351601,1.0,0.0,0.01587649184276807,1.0132633768892794,True,Industrials,0.5840017987990659
HOG,2026-09-25,25.63,25.71,25.17,25.45,2295642,38.1,,Z2,MARKUP,0.036171889937957044,-0.018511376783648337,-0.0858477011494253,-0.11815661815661815,0.27292110874200387,-0.04348927549533432,-0.04023702046336919,0.02784210522761721,1.0,0.0,-0.017584994138335253,1.099837438121735,True,Industrials,0.5840131268741544
EOG,2026-09-30,139.91,139.98,137.35,137.76,3582548,38.8,,Z4,MARKUP,0.02531747436032813,-0.02876480541455173,-0.07138523761375126,-0.1063829787234043,0.24109208699675996,-0.03702734027039578,-0.037073301238704004,0.02780232178055475,1.0,0.0,-0.005142691583369552,0.8398388284388039,True,Energy,0.5846881133212152
COF,2026-09-29,197.6,198.04,195.31,196.46,3064452,35.1,,Z10,MARKUP,0.023996279742223577,-0.020393916728995265,-0.08414526129317967,-0.13886210221793627,0.13819368879216576,-0.038356753221655215,-0.05230997092645073,-0.04397668516600506,1.0,0.0,-0.029314491882140636,1.0188945960454807,True,Financials,0.5847638301702393
AVR,2026-09-30,7.66,7.96,7.54,7.77,976390,39.1,T9,,MARKUP,0.04692213753600082,0.019685039370078705,-0.08047337278106503,-0.23069306930693068,0.11406844106463872,-0.044474151774114956,-0.07756968495995464,0.04565955477041728,1.0,1.0,-0.013210039630118908,1.0799119790598277,True,,0.5849663691745303
HCC,2026-09-30,89.11,90.93,87.96,88.07,661663,38.7,,Z10,MARKUP,0.04517834759903395,-0.024046985815602828,-0.17094982584957175,-0.2095674026207145,0.34076792772444925,-0.05536688034636128,-0.06112107061215144,0.012010089742441554,1.0,1.0,-0.0034360325277745796,1.0493645136549081,True,Materials,0.585099729695521
PLMR,2026-09-30,123.09,124.93,121.27,123.29,245502,34.3,T3,,MARKUP,0.0320575337907033,-0.030815187485260465,-0.06499317457909914,-0.16481506570925342,0.13292943692088396,-0.04988444573945561,-0.055785687929352124,-0.04205741136512464,1.0,0.0,-0.057097791798107256,0.978124956228579,True,Financials,0.585112234565258
EXPE,2026-09-30,264.5,268.78,262.61,263.36,2410734,36.0,,Z1,MARKUP,0.045566704239321895,0.016676961087090714,-0.1343391513000033,-0.22994152046783622,0.1346830985915494,-0.05742268041430809,-0.07720050618727903,0.011651039073607095,1.0,1.0,-0.010167255229151295,0.9084938799423099,True,Industrials,0.5852388818871517
PRGS,2026-09-25,40.16,40.77,39.3,39.34,375255,40.3,,Z2G,MARKUP,0.04409401128419235,-0.019197207678883,-0.13003095975232193,-0.1514236410698877,0.32108317214700205,-0.052271539536651535,-0.038185602884199255,0.0014346763133619156,1.0,0.0,-0.004811344644213844,0.7253172730035208,True,Technology,0.5863453654971535
JHX,2026-09-25,26.35,26.39,25.7,26.1,8227792,38.0,,Z10,MARKUP,0.03877962482010689,0.010844306738962084,-0.12327846825663413,-0.16958320076360156,0.2959048877146634,-0.053313796676441316,-0.05389023085650535,0.05294702953113073,1.0,0.0,0.008685353335965429,0.9166208016983712,True,,0.5863597443403115
OSW,2026-09-30,23.17,23.23,22.46,22.49,858787,42.6,,Z4,MARKUP,0.032681758657795386,0.010332434860736539,0.01124100719424459,-0.19935920256318984,0.18604651162790664,-0.016570295087947273,-0.06106471608027708,-0.051544038260508795,1.0,0.0,0.03960396039603964,0.842953307551861,True,Communication Services,0.5866191606896612
DUOL,2026-09-30,143.5,144.22,141.78,142.4,905528,48.2,,Z3,MKDN,0.05162140193057949,-0.024523907384573107,-0.10310512061472576,-0.14924124746086742,0.5487716763005782,-0.016572884070612193,0.010230209543453661,-0.10933380113658941,0.0,1.0,-0.026365622723962145,0.9507846924756178,True,Technology,0.5869659273482233
MCB,2026-09-29,88.84,89.32,86.82,87.48,112154,37.2,,Z2,MARKUP,0.022017803549817132,-0.00995925758261651,-0.036351619299405113,-0.13710791083053853,0.06648757555406373,-0.02472461523679259,-0.040447769432571556,-0.005941805925695709,1.0,1.0,-0.005498281786941672,0.9409961685823754,True,Financials,0.5870828829991823
MAC,2026-09-30,22.93,23.0,22.36,22.36,3201822,35.7,,Z4,MARKUP,0.021785615405179416,-0.013674459638288616,-0.04931972789115646,-0.16191904047976013,0.0769230769230768,-0.023455439071263462,-0.04786030239204275,0.015091646857517071,1.0,0.0,0.016363636363636358,0.9056929097379735,True,,0.587610131842612
PYPL,2026-09-30,53.89,53.95,52.3,52.53,8614081,42.3,,Z2,MARKUP,0.03184624243161573,0.0003808798324129725,0.0024809160305343525,-0.16260162601626005,0.4631578947368423,-0.02769632041945813,-0.03146108045526885,-0.02100670018776052,1.0,0.0,0.020472440944881987,0.8882154545049235,True,Industrials,0.587852997758646
BRSL,2026-09-30,9.97,10.11,9.86,9.99,2721751,37.5,T2G,,MKDN,0.03387932465181041,-0.02631578947368418,-0.10564010743061769,-0.1831561733442355,0.14176245210728,-0.04084868985293533,-0.07402635406878633,-0.18576233664319974,0.0,0.0,-0.044687189672294014,1.1591794698169686,True,,0.5879643759870103
DAVE,2026-09-30,324.99,324.99,319.21,321.51,185987,40.4,,Z1G,MARKUP,0.05996777646110654,-0.014347466200680614,-0.05615899483325504,-0.29839607201309326,0.1239108149666836,-0.06512752457874504,-0.08129455543490449,0.08507426557466524,1.0,1.0,-0.018222011684825512,0.8088953173024769,True,Financials,0.5884683681558873
FER,2026-09-28,55.31,55.95,55.26,55.77,1874113,38.3,T11,,MKDN,0.01743104900458538,-0.0032171581769436797,-0.050400136216584235,-0.18273739742086736,0.12979762735519937,-0.017643827421083946,-0.06791232256232149,-0.11961172710753765,0.0,0.0,0.019662400296790894,1.0707833875969428,True,,0.5884916724454342
CUBE,2026-09-30,37.99,37.99,37.44,37.58,2286623,34.1,,Z3,MKDN,0.019634720507891834,-0.014682747771368687,-0.05411527812735961,-0.1312991215903837,0.07792207792207746,-0.03294629901044055,-0.05396583987711312,-0.05779189639274285,0.0,0.0,-0.024454378122534814,0.9693624028183896,True,,0.5887146748356457
IBKR,2026-09-30,86.63,86.93,85.39,85.42,4049097,38.5,,Z2,MARKUP,0.03189543791451908,-0.06705985146352123,-0.05498395840247816,-0.13498734177215188,0.033357505438724275,-0.04738766508546799,-0.05438340540020481,0.03648558832889415,1.0,0.0,0.005061205273069858,0.9388437882855197,True,Financials,0.5887183137179003
FHI,2026-09-30,57.62,57.78,56.16,56.37,883964,34.0,,Z6,MARKUP,0.02641877624694673,-0.02067407922168185,-0.09329258484799752,-0.16116071428571432,0.059079061685490826,-0.03938157087186411,-0.05644733165909421,-0.010232044311989985,1.0,0.0,0.008439576225534262,0.7917698967185571,True,Financials,0.5888395912570759
MCRI,2026-09-28,117.74,118.9,116.88,117.26,206542,39.1,,Z2,MARKUP,0.024551502808284584,-0.021691973969631184,-0.04332218324222881,-0.11025115714394107,0.2915650901999028,-0.023693201946024756,-0.03336075458722054,0.03503836403652727,1.0,1.0,-0.0035427287652295414,0.8940083006496075,True,Consumer Discretionary,0.5892010867833772
SKE,2026-09-28,29.91,30.57,29.46,29.87,471912,42.4,,Z1G,MARKUP,0.05195216170460572,-0.06069182389937111,-0.10138387484957889,-0.16610831937465098,0.47016918967052546,-0.056742767261795723,-0.042374359740586454,0.05249054459174052,1.0,0.0,0.01271914747335856,0.9719395806295686,True,,0.5893560463479692
BAX,2026-09-29,23.29,23.72,23.14,23.48,6685715,39.9,T10,,MARKUP,0.031410702326353186,-0.008445945945945943,-0.09692307692307689,-0.21733333333333327,0.26244343891402716,-0.021719146616190232,-0.027620781981392728,0.049769054654752454,1.0,0.0,0.024379432624113573,1.0873668757361543,True,,0.5894193571668789
SUI,2026-09-28,112.23,113.35,111.67,112.28,1550193,34.5,T2,,MKDN,0.019724903435745435,-0.012836293300509838,-0.08656036446469251,-0.12370248965894015,0.10653889515219848,-0.02814690023207833,-0.052042182576994445,-0.08833701566183894,0.0,0.0,-0.024650998409613045,0.8854905057930863,True,,0.5894376702085012
SRPT,2026-09-28,18.43,18.86,17.64,18.8,2268391,44.3,T6,,SPRING★,0.0679700832251284,-0.06653426017874875,-0.09875359539789064,-0.2040643522438611,0.45659526493799324,-0.05242958929779451,-0.02640951444054207,-0.04633616203422508,0.0,1.0,-0.014525139664804398,0.8509078320504406,True,Healthcare,0.589498047482247
WMB,2026-09-24,71.45,71.45,70.29,70.58,4369236,40.3,,Z6,MARKUP,0.025959971851853655,-0.017128533630413667,-0.0514715764010214,-0.08170699973978668,0.24700239808153496,-0.023647959945602426,-0.03050822225116101,-0.001567983920345406,1.0,0.0,0.009913793103448532,0.9755898231026092,True,Utilities,0.5895260831759197
POOL,2026-09-25,162.0,165.19,161.38,164.91,879631,31.9,T9,,MKDN,0.03203410226241172,-0.01815908549654688,-0.1136730087068688,-0.2538684281965433,0.07470316622691293,-0.04848783138510482,-0.09961335122586124,-0.220355469106702,0.0,0.0,-0.03017475962992089,1.0547086806564645,True,,0.5897556946480709
ALX,2026-09-29,249.76,253.01,247.02,247.02,36374,35.8,,Z4,MARKUP,0.022031128713240113,-0.005555555555555536,-0.09070161230950458,-0.14652938534360638,0.10014852535539995,-0.021509491314992024,-0.04610016424756158,-0.019627330082628958,1.0,0.0,0.004003301692117267,0.961781136109269,True,,0.5899464209886328
KD,2026-09-25,11.72,11.96,11.56,11.6,3986882,36.4,,Z2G,MKDN,0.051217103406622284,-0.03893951946975982,-0.12452830188679243,-0.21142080217539094,0.1837270341207347,-0.07538394455157194,-0.08724434051070018,-0.2862011923158466,0.0,0.0,-0.04239401496259354,0.9430991655386213,True,Technology,0.5905050860945577
CHRD,2026-09-30,134.71,136.24,133.82,134.07,853466,38.2,,Z3,MARKUP,0.03277252881274681,-0.026503049665989042,-0.10863639385679147,-0.14637718069527572,0.43624325649828327,-0.04981384010356649,-0.04381554785370534,0.05116162332385943,1.0,0.0,-0.02275740167918694,0.9673686280346867,True,Energy,0.5914882694581302
SNAP,2026-09-29,5.3,5.35,5.17,5.34,23135063,47.2,T1G,,MKDN,0.049610098039040415,-0.04982206405693956,-0.037837837837837784,-0.12026359143327847,0.5921787709497205,-0.023440615190816305,-0.004272903579180087,-0.07514550980321621,0.0,1.0,-0.003853564547206201,0.8572836156379574,True,Technology,0.5915727519158772
ERIE,2026-09-21,238.49,239.89,234.23,235.95,280385,38.8,,Z2G,MKDN,0.03299253311154769,-0.07062391681109192,-0.10911836888804993,-0.13084318709249654,0.4604283761203096,-0.04866549093317063,-0.043283440442840715,-0.08437914585528683,0.0,0.0,-0.007289680016952738,0.8395491439307649,True,Financials,0.5916261199671395
HUBB,2026-09-30,461.73,464.38,453.59,453.6,481456,44.4,,Z2,MKDN,0.027360217750301095,-0.02178132413198186,0.023211747986736198,-0.14316477455184262,0.1909692570452609,-0.012387603401018632,-0.03250375462222388,-0.04495873873160816,0.0,0.0,0.041036469211172655,0.8742295370435482,True,Technology,0.5920641515086952
COLB,2026-09-29,29.07,29.2,28.52,28.69,3575293,35.4,,Z2,MARKUP,0.022189713796957895,-0.02215405589638708,-0.03205128205128205,-0.14790614790614787,0.03300970873786439,-0.035461888626718396,-0.05459110631274444,-0.028585399940987855,1.0,0.0,-0.022618231665524346,0.8692127989659997,True,Financials,0.5921484022853756
ALV,2026-09-30,114.06,114.25,111.78,111.89,495230,36.7,,Z2,MARKUP,0.024913535639064798,-0.030415944540727935,-0.06140424461035143,-0.11828211189913318,0.007275132275132236,-0.04469940593654553,-0.06105566304699883,-0.056985975891679974,1.0,0.0,-0.022474857892435418,1.0345302109072998,True,Industrials,0.592574940346452
KVYO,2026-09-24,16.87,17.07,16.07,16.11,6572342,43.4,,Z4,MKDN,0.0634114492512919,0.01512287334593565,-0.09443507588532885,-0.22955523672883793,0.17098445595854922,-0.05103899643651144,-0.07044324182325157,-0.18854731631630584,0.0,1.0,-0.024516129032258083,1.1327496466644018,True,Technology,0.592667262240988
VMC,2026-09-21,243.61,247.71,241.17,246.2,1130431,34.8,T1G,,MKDN,0.026572769524879546,-0.01732258322024427,-0.10810027532241717,-0.21784159862756935,0.07437904967602581,-0.04027365182779552,-0.08303906859117793,-0.12357451903111316,0.0,0.0,-0.022380178716490673,1.1442544576352538,True,Materials,0.5928523668713496
SYBT,2026-09-23,78.08,78.4,77.01,77.22,122261,37.8,,Z2G,MARKUP,0.022994137260848823,-0.02376738305941839,-0.03643623658597461,-0.1344989912575656,0.17184265010351937,-0.02928466861207879,-0.031062030780773076,0.028534266029210498,1.0,0.0,0.0015606710885680553,1.0157068969248415,True,Financials,0.5929751828998511
BEP,2026-09-30,28.15,28.39,27.79,28.14,1074471,31.6,,Z5,MKDN,0.028531707652588688,-0.03232462173314987,-0.10009593859929644,-0.20866141732283472,0.08508014796547485,-0.048721832698514156,-0.09532344327877085,-0.10521141484355112,0.0,0.0,-0.04588112617309703,0.819553036516703,True,,0.5936520776585923
CG,2026-09-30,40.0,40.2,39.4,39.66,3715931,31.1,,Z6,MKDN,0.033607180872000215,-0.006513026052104354,-0.14782982380747745,-0.2396472392638037,0.06994047619047604,-0.05168246420208478,-0.10102067685805749,-0.17642774872921063,0.0,1.0,-0.011235955056179692,0.862015571108221,True,Financials,0.5940066280084475
POET,2026-09-30,7.76,7.8,7.45,7.48,6949408,45.5,,Z6,ACC-TR,0.062420130504977675,-0.04102564102564099,0.05352112676056353,-0.252,0.32258064516129037,-0.035251829025660264,-0.07878019033596018,-0.0838497095627575,0.0,0.0,0.042735042735042805,0.8266224355266584,True,,0.5943690157338146
NBN,2026-09-30,124.18,124.8,122.75,123.66,120349,35.6,,Z2G,MARKUP,0.030144952546350155,-0.04146965351523135,-0.007942238267148127,-0.11671428571428577,0.14851485148514823,-0.04425657231763247,-0.04718621131196887,0.022395770766366452,1.0,0.0,-0.014755684567005267,0.9986841319032026,True,Materials,0.5947896402450881
GBCI,2026-09-25,44.58,45.12,44.53,44.75,1071382,36.9,T2G,,MKDN,0.020229803883507556,0.001790911126035244,-0.05331076792891909,-0.1801026016855991,0.08216619981325887,-0.016954994303993387,-0.04862512183532819,-0.05503623817453929,0.0,1.0,-0.006791940230926108,1.0745343898005897,True,Financials,0.5949083769047671
CMRE,2026-09-23,14.85,14.85,14.46,14.68,264190,41.6,,Z2G,MARKUP,0.029266661913810544,-0.02458471760797354,-0.06911857958148382,-0.08421709295071744,0.38356164383561614,-0.02963927043735548,-0.03429159251314817,-0.026996173345671948,1.0,0.0,-0.016995241332426914,1.048068225588181,True,,0.5949931212272461
CTOS,2026-09-24,9.52,9.52,9.12,9.23,903638,45.2,,Z2,MARKUP,0.036561397165207614,0.01317233809001106,-0.037539103232533844,-0.24529844644317256,0.14772727272727262,-0.014176319016242389,-0.04427920415616993,0.06405345834140452,1.0,0.0,0.034443168771526755,0.9893148216840655,True,,0.595064889802849
AMZN,2026-09-29,246.71,248.84,245.14,246.67,33689012,41.9,,Z11,MARKUP,0.022714321545366224,-0.03259079143462229,-0.050429225853639736,-0.14112116991643453,0.3360091743119265,-0.02298718975560965,-0.028391104775981835,0.01131269669861834,1.0,0.0,0.0017191977077364307,1.0487844913060738,True,Consumer Discretionary,0.5951029570129718
FA,2026-09-25,19.82,20.03,19.53,19.6,1128324,40.0,,Z2G,MARKUP,0.040988780226129305,-0.054054054054053946,-0.0635451505016722,-0.22067594433399595,0.10771704180064338,-0.0507454762907773,-0.03689494051365905,0.131126345676855,1.0,0.0,-0.02362996480643531,0.834457994868039,True,Technology,0.5952904115374168
MNDY,2026-09-24,86.46,87.67,84.67,86.0,597056,46.0,,Z9,MKDN,0.06037979048688529,-0.04751356739395285,-0.07077255537547267,-0.1568627450980392,0.513677811550152,-0.035735090847779705,-0.02156113023815065,-0.1865618095582654,0.0,0.0,0.05441919191919187,0.9197504975328692,True,,0.5960571732061282
FELE,2026-09-30,97.33,97.33,95.84,95.89,218580,37.7,,Z2,MARKUP,0.019868662866651756,-0.0042575285565938925,-0.025805140709133423,-0.17200587168638293,0.03953712632594055,-0.017093296014799142,-0.04071691124350629,-0.03675880430656164,1.0,1.0,-0.00021032705857615408,0.9212723172567187,True,Industrials,0.5960786473490514
URBN,2026-09-21,75.05,75.67,74.17,74.21,750055,43.2,,Z2,MARKUP,0.03687028027894246,-0.03635891442669803,-0.00040409482758618775,-0.13133559639470926,0.43132285859097763,-0.03582658778566583,-0.024954310629207943,0.017068396702654143,1.0,0.0,0.03243318485523372,0.8483350869332977,True,Consumer Discretionary,0.596296613050105
XEL,2026-09-29,69.29,70.91,68.9,70.69,6568715,35.1,T4,,MKDN,0.019162174696733206,-0.019011934499028604,-0.06605892456070817,-0.145223700120919,0.14091559370529316,-0.029537896856951962,-0.06233926667322609,-0.08571648126055775,0.0,0.0,-0.04008939796060906,1.0164422010315974,True,Utilities,0.5963973638818578
UPS,2026-09-30,94.01,94.51,93.33,93.44,3858100,34.2,,Z2,MKDN,0.02264473582311404,-0.02483823836359833,-0.08981102669004482,-0.21094409728086472,0.06756252332960067,-0.042790783869874116,-0.07855170639138842,-0.09171136153277903,0.0,0.0,-0.02759206197601627,1.1127267956506741,True,Industrials,0.5964563063365866
GPN,2026-09-30,83.4,83.81,81.36,81.67,2374140,35.5,,Z2,MARKUP,0.03036350190873587,-0.02773809523809523,-0.09316011547856984,-0.1482060909470171,0.4183381088825216,-0.053347345766043275,-0.04644316538985194,0.02909097222806567,1.0,0.0,-0.021997836278398797,0.8695673463554221,True,Industrials,0.5964914160524016
ULS,2026-09-30,64.98,66.44,63.73,65.62,1346740,33.4,T2G,,MKDN,0.030045299197949883,0.0036708473539310837,-0.10672474816226507,-0.2990065163978207,0.0804862023653089,-0.035963350318611975,-0.11642542116639176,-0.19227010482901885,0.0,0.0,0.008864967547886682,1.0468633616774592,True,Industrials,0.5965496558090772
ESAB,2026-09-29,68.06,68.69,67.06,67.6,862805,40.0,,Z10,MKDN,0.045128349670237246,-0.012273524254821755,-0.10321040063677367,-0.32325558113925323,0.07900741585852812,-0.0414453106585444,-0.12266319578572482,-0.28131183533102133,0.0,0.0,0.020669443159031298,1.1196615104493282,True,Industrials,0.596783044841754
BEAM,2026-09-29,23.88,24.76,23.88,24.52,1637481,42.2,T6,,MKDN,0.05956772183932972,-0.05437716930196679,-0.16683656133197422,-0.35912179822268686,0.11866581141757526,-0.0362646679322729,-0.08914118860475462,-0.10234802050437852,0.0,0.0,0.021614468460520397,0.8436051583082114,True,Healthcare,0.5971987609694767
APAM,2026-09-30,36.65,36.81,36.01,36.12,1227950,33.8,,Z3,MKDN,0.02647657073718754,0.014037057832678279,-0.1338129496402879,-0.18409758301332746,0.10143329658213832,-0.03894094815693239,-0.0689236948256301,-0.08387281301638783,0.0,1.0,-0.009287925696594423,0.9630525900142357,True,Financials,0.5972350116661597
ALC,2026-09-28,65.01,65.44,64.36,65.26,2320444,36.5,T2G,,MKDN,0.019270570674149713,0.006012024048096309,-0.0937369809748646,-0.1435695538057743,0.10180623973727491,-0.027495600434166656,-0.050621519881041355,-0.10017104279427236,0.0,1.0,-0.00805701890300603,1.0049366423248154,True,,0.5972943704362484
NTR,2026-09-29,70.93,72.36,70.44,71.18,1763815,38.5,T5,,MARKUP,0.030402704293342814,-0.056343629855495125,-0.05759300940023826,-0.13773470623864315,0.3932764140875137,-0.04969493264696312,-0.028008623852002645,0.026982248395519326,1.0,0.0,-0.01866815268877131,0.9580031639982607,True,,0.5974814681719626
ATS,2026-09-21,19.37,19.38,18.97,19.16,176705,38.7,,Z4,ACC-TR,0.03296552036041436,-0.013896037056098764,-0.029381965552178202,-0.33794056668970285,0.07122507122507121,-0.02493654607838658,-0.1239009388436747,-0.27711675069904473,0.0,0.0,0.029875067897881635,0.8184894391345071,True,,0.5975535999431911
PSA,2026-09-25,284.19,288.67,283.32,287.97,730632,33.8,T4,,MARKUP,0.020837942633126112,-0.02814619823833142,-0.0746465295629819,-0.14179704962002682,0.08902929350947793,-0.03346126734678356,-0.06158056841972814,-0.052601911026818216,1.0,0.0,-0.025856140833447894,0.9685182438466126,True,,0.5979009779384276
CI,2026-09-22,276.85,278.47,272.73,273.74,1467505,42.9,,Z6,MKDN,0.023324199418873575,-0.05247490481135331,-0.023925833481904024,-0.10378470403352535,0.2511221356012284,-0.020431094471153766,-0.025966931613871758,-0.033953648749292076,0.0,0.0,0.001028126606448021,1.0417647899379083,True,Financials,0.5982127103882501
AJG,2026-09-21,239.72,240.71,236.58,236.61,1283718,37.6,,Z2,MARKUP,0.02920182138994963,-0.06589024871693638,-0.1031045070315757,-0.13262949521610035,0.31902879728966704,-0.05202728107244858,-0.04873471287488462,-0.03784568407557576,1.0,0.0,-0.015562583222370141,0.9802873198233162,True,Financials,0.5985836236726241
LLYVA,2026-09-23,96.04,96.63,94.0,94.99,63178,44.0,,Z6,MARKUP,0.026862123472122707,-0.004610709420517778,-0.08663461538461548,-0.10437488214218371,0.19314868804664662,-0.012558511722206345,-0.025715793585162627,0.015103370738978272,1.0,1.0,-0.004527813712807305,0.9451788920720332,True,,0.5992523108080045
LOB,2026-09-25,37.54,37.98,37.2,37.48,205336,31.5,,Z5,MARKUP,0.02414780439306604,-0.02013071895424845,-0.06253126563281641,-0.15832023355041558,0.11654135338345856,-0.03207440997598476,-0.05619327750703851,-0.013600598303849742,1.0,0.0,-0.0261124433786305,0.9494732998648443,True,Financials,0.5993388553584029
HRI,2026-09-25,130.51,139.44,130.05,135.36,591116,40.7,T4,,MARKUP,0.055936296733824824,0.0007393168712110931,-0.12912565141864496,-0.23090909090909084,0.16584564860426956,-0.048308270825462074,-0.07867197121916847,-0.03977673409702942,1.0,1.0,-0.04227557411273497,0.7409188710006182,True,,0.5997264335118673
SRRK,2026-09-30,48.42,49.6,48.11,48.32,1285235,40.7,,Z10,MARKUP,0.05144330692401896,-0.030692076228686083,-0.13544462336732865,-0.21761658031088082,0.16157205240174694,-0.04722180399371334,-0.06678245526991988,0.009843707459085582,1.0,0.0,0.03465562336530059,0.7012645006395166,True,Healthcare,0.6004895363668143
WMT,2026-09-30,106.97,107.03,103.92,103.92,28129820,38.9,,Z2,MKDN,0.022056760092767726,-0.059802768479145896,-0.018882175226586084,-0.11999322550597002,0.11104140526976138,-0.03343313042027962,-0.04991457453563086,-0.08602696039226931,0.0,0.0,0.016133763567028447,1.0490658047923553,True,Consumer Discretionary,0.6007576667688669
LII,2026-09-29,369.43,370.43,359.1,360.16,579207,34.2,,Z2,MKDN,0.03088090551077539,-0.03099440378820484,-0.05874973865774613,-0.36370863735137704,0.046059033409017194,-0.03952185097868188,-0.12071847550784554,-0.2448453568653527,0.0,0.0,0.02535549083433275,0.920543970138616,True,Industrials,0.6008794147573384
BC,2026-09-25,66.36,67.55,65.81,67.19,720561,31.9,T2G,,MKDN,0.03544900954505677,-0.005329385640266415,-0.13414948453608244,-0.20654227680680215,0.10674157303370797,-0.04331778259082375,-0.09852056267962106,-0.11056217262759305,0.0,1.0,-0.02398800599700157,1.1027621427725547,True,Industrials,0.6009096092996289
PNRG,2026-09-30,199.78,202.0,197.5,197.5,38978,41.1,,Z2,MARKUP,0.04041257058501356,0.0042202674530940065,-0.09337128167462361,-0.1323639239116109,0.4771820232517786,-0.042999519594513425,-0.03127360588983363,0.005333724889060587,1.0,0.0,0.023793478824322145,0.8315168540885356,True,Energy,0.6010533918920866
PSMT,2026-09-30,171.7,171.7,168.41,169.11,267129,42.0,,Z2,MARKUP,0.02475186983849542,-0.020447173308618893,-0.017088055797733204,-0.1500728753078353,0.10195488721804556,-0.015619172614811272,-0.031048228689715685,0.042704068955316865,1.0,0.0,0.012383528704538627,1.0195216525992596,True,Consumer Discretionary,0.6011234702475522
ENB,2026-09-21,48.59,48.8,48.2,48.2,5205996,34.4,,Z1G,MKDN,0.01778927518745129,0.0008305647840531893,-0.04478795085216014,-0.15586690017513127,0.06019007391763467,-0.025806486564711073,-0.058615445149009404,-0.07108071173093045,0.0,0.0,0.010497585555322209,0.8891698077863184,True,Energy,0.601539572704943
SDRL,2026-09-30,44.8,45.57,44.2,44.67,669505,39.4,,Z10,MARKUP,0.03723633556831566,-0.037906525953047554,-0.09077956442092405,-0.12548942834768984,0.4680497925311205,-0.04211568560207757,-0.03437760911669019,0.04735403092340795,1.0,0.0,-0.035355739851593126,0.9566310866539176,True,Energy,0.6019438069785785
BN,2026-09-25,36.77,37.06,36.48,36.87,3259084,30.1,T1,,MKDN,0.02206838337427192,-0.0170621167688616,-0.11006517016654604,-0.19180184129767652,0.06815761448349314,-0.04163716300695708,-0.08809259534929936,-0.1380296219127667,0.0,1.0,-0.011729405346426636,0.9922097607795227,True,,0.6024285833014121
PCOR,2026-09-23,51.23,52.07,50.56,51.06,1442421,38.3,,Z10,MKDN,0.04528867808514112,-0.017510101981912607,-0.15756475829071104,-0.2119154190461492,0.45515873015873004,-0.06355071927879152,-0.05839153269408459,-0.08504792486136603,0.0,0.0,-0.04440154440154431,0.81682669541102,True,Technology,0.6026504261014628
VERX,2026-09-30,11.18,11.79,11.14,11.78,1719548,43.4,T2G,,MKDN,0.04836163616469438,0.005119453924914641,-0.14822848879248018,-0.18477508650519037,0.2724795640326976,-0.02915884525095125,-0.05801917706750259,-0.2296618707058381,0.0,1.0,-0.06179286335944312,0.9380949540433694,True,Technology,0.6026690775860695
VRDN,2026-09-30,20.27,20.75,20.0,20.59,1404853,40.9,T9,,MARKUP,0.043474455140950906,-0.03919738684087726,-0.10594876248371699,-0.17176186645213187,0.41666666666666674,-0.04445705888209461,-0.04083349790252999,-0.032984094578974776,1.0,0.0,-0.06846081208687438,0.9681980629090323,True,Healthcare,0.6030343568290071
PCRX,2026-09-23,25.0,25.2,24.51,24.63,450692,46.1,,Z3,MARKUP,0.0326008889691095,-0.011240465676435218,-0.03525264394829619,-0.1095444685466378,0.37782340862422986,-0.014555327056382183,-0.01538066157234208,0.01112134998215275,1.0,0.0,0.013953488372093092,0.8480760024819757,True,Healthcare,0.6035183228010739
DVN,2026-09-30,46.79,46.81,45.95,46.04,9640398,41.9,,Z3,MARKUP,0.030499650869396672,-0.04163197335553703,-0.061365953109072335,-0.10947775628626699,0.42828282828282827,-0.035680254747257556,-0.021560023528680694,0.04688808421978918,1.0,0.0,-0.012998266897746857,0.8788442688221175,True,Energy,0.6039622328992192
WINA,2026-09-30,308.3,311.29,298.42,300.19,110549,41.2,,Z3,MKDN,0.03447038109821368,0.030659891505871117,-0.07931298880539794,-0.26763277952621434,0.15511398644485513,-0.01686823222398337,-0.08303614027749617,-0.2051034403594878,0.0,0.0,0.025281199785752495,0.7812859495023997,True,Consumer Discretionary,0.6040789942153887
ENS,2026-09-25,176.95,180.79,176.84,178.89,367610,45.5,T6,,MARKUP,0.030630835021427754,0.004322928362901379,-0.0633050581212693,-0.18715921483097064,0.1980140186915885,-0.005576602476012771,-0.04508152128876608,-0.014259183201612124,1.0,0.0,0.03775486012328111,0.7807726195500718,True,Industrials,0.6049958556369323
USFD,2026-09-29,92.92,94.92,92.36,93.7,1402356,32.9,T11,,MARKUP,0.027924854774579344,-0.005307855626326963,-0.10625715375810763,-0.15903787470831088,0.1653320772491759,-0.028846903258156087,-0.05142894043085389,0.009573666866940833,1.0,0.0,0.017407694866393264,0.8385732899313668,True,,0.6050794447525614
TOST,2026-09-29,30.4,30.56,29.84,30.46,6466345,39.3,T2G,,MARKUP,0.03468327051180578,0.027318718381112994,-0.10648283954238791,-0.18118279569892481,0.27370689655172403,-0.03145142669133283,-0.04136267645782021,-0.033572839997206616,1.0,1.0,-0.02176130567834067,1.0128054245046716,True,Technology,0.6053480270026405
SCI,2026-09-25,77.42,78.62,77.11,77.84,1010129,36.8,T6,,MARKUP,0.021173089465185962,0.0010288065843622185,-0.06744938301186054,-0.14452137597538184,0.1302910052910053,-0.02554086343530959,-0.03420509717450182,-0.0263556197661744,1.0,1.0,-0.005673758865248235,0.9957810138499661,True,Consumer Discretionary,0.605865056616291
MIRM,2026-09-25,89.9,90.81,88.28,89.7,763719,34.8,,Z5,MARKUP,0.04265529536090769,-0.02319503430251546,-0.10075187969924804,-0.30999999999999994,0.04863078375826257,-0.05697235452792404,-0.09922285868371972,-0.05816209672305739,1.0,0.0,-0.04458737599476725,1.0765683445039735,True,Healthcare,0.6059078118540491
SR,2026-09-25,76.68,77.67,76.14,77.21,499449,34.6,T3,,MKDN,0.022732573118466312,-0.025495393159157054,-0.0645747516355708,-0.08789131718842302,0.1257344300822553,-0.034424214051609114,-0.04778422849232511,-0.07062549359776227,0.0,0.0,-0.030804480651731136,1.0051753602823663,True,Utilities,0.6059425736030734
DOX,2026-09-30,57.16,57.97,56.98,57.18,1677796,37.3,T10,,MKDN,0.024676891862559745,-0.020219328307059636,-0.08658146964856228,-0.11197390899207949,0.5078498293515358,-0.03450664784455426,-0.030945147922660565,-0.11378392020004835,0.0,0.0,-0.026487788097695253,0.9801670894821524,True,,0.6061505182206662
KDP,2026-09-30,31.04,31.5,30.06,30.34,12397758,41.6,,Z2,MARKUP,0.027645899369272947,-0.04471032745591941,-0.04860457823769204,-0.08531805848658436,0.3725055432372504,-0.032991803872977066,-0.030027010008155774,0.004274237624826149,1.0,0.0,-0.01603927986906717,0.9800924403385137,True,Consumer Staples,0.6062340506516537
AEP,2026-09-29,117.5,119.58,117.26,119.3,2859383,38.9,T6,,MKDN,0.016445308384335867,-0.008065186663340773,-0.025565629339214357,-0.1513728837672501,0.10850439882697953,-0.013338765971446231,-0.0379300353496701,-0.04605505930173981,0.0,1.0,-0.020560590802282674,0.9704728003665745,True,Utilities,0.6064572036661412
EVER,2026-09-21,23.2,23.52,22.73,22.83,858170,39.4,,Z3,MARKUP,0.04942579935610141,-0.04993757802746579,-0.0954833597464343,-0.1932862190812722,0.18358208955223837,-0.05445401579682807,-0.05341413008800089,0.02477523994385189,1.0,0.0,-0.023560209424083878,1.1709237943651907,True,Technology,0.606484180383706
MRSH,2026-09-30,170.01,171.66,169.28,170.73,3087366,34.9,T2,,MARKUP,0.020892449552572197,0.0020542317173377622,-0.08982833990830585,-0.13985591213663162,0.11167999999999938,-0.028022658333033856,-0.04751221815377393,,0.0,1.0,-0.00410885488000956,1.054886923666335,True,Financials,0.6065615366658353
ASTS,2026-09-29,65.1,65.47,58.58,59.4,16270345,45.5,,Z6,MKDN,0.0701907894915973,-0.06735751295336789,0.0050761421319796,-0.2583343738294419,0.24184683034078416,-0.031982905102648784,-0.08063073186145653,-0.17345486886861727,0.0,0.0,0.04703770197486534,0.9392722876163294,True,Communication Services,0.6071698348460819
C,2026-09-30,130.42,131.2,129.45,129.48,9799230,39.3,,Z2G,MARKUP,0.02469236976919197,-0.01857045402865165,-0.023087369850611106,-0.10257831993346278,0.15428571428571364,-0.02821198914135581,-0.0331341929349952,0.03725851321737861,1.0,0.0,-0.005684000307243364,0.8829386464531437,True,Financials,0.607302502363702
IDA,2026-09-25,127.21,129.97,126.06,129.78,658778,33.6,T4,,SPRING,0.018343276957322966,-0.013679890560875596,-0.05779003920429804,-0.16222322638951647,0.12894280762564989,-0.02606777520216308,-0.05622910645987733,-0.06167607783283646,0.0,0.0,-0.04034713763702813,0.9350340992126159,True,Utilities,0.6073730526015465
GPOR,2026-09-25,156.41,159.25,154.48,154.62,331893,33.4,,Z1G,MKDN,0.03346305608419917,-0.031809643080776384,-0.12212570260602962,-0.156188605108055,0.1597181444509688,-0.06908995175566135,-0.07926395863583291,-0.13076419711990084,0.0,0.0,-0.03037911122269643,1.088680083091324,True,Energy,0.607886891941848
ARVN,2026-09-30,7.55,8.04,7.44,7.74,1061019,36.6,T2G,,MKDN,0.04583597590701836,-0.011494252873563204,-0.16594827586206884,-0.20533880903490764,0.15966386554621845,-0.05740730821393836,-0.09145385582704546,-0.1659528206680828,0.0,0.0,-0.05882352941176472,0.9079348313665779,True,Healthcare,0.6081090206308944
SW,2026-09-29,44.83,45.09,44.14,44.38,3309144,44.0,,Z2G,MARKUP,0.031915580616597945,-0.044564047362755654,-0.05373134328358198,-0.14637430275052898,0.2992633517495396,-0.02402835515441759,-0.028670393102966818,0.012954105049615361,1.0,0.0,0.058513189448441194,0.97341120497406,True,Materials,0.6089419499484413
CUBI,2026-09-28,77.08,77.18,75.76,75.79,217126,37.6,,Z2,MARKUP,0.02251314412001681,-0.03905160390516038,-0.03550521761262393,-0.10180137473334905,0.146123260437377,-0.02822935660069892,-0.0334340800794487,0.013852197983226011,1.0,0.0,-0.0017130056660955573,0.9150055012390242,True,Financials,0.6089888699637953
GLNG,2026-09-28,49.87,49.87,48.48,48.79,1244289,36.7,,Z6,MARKUP,0.026164607623840798,-0.050038940809968846,-0.02982700338039368,-0.12090090090090089,0.18567961165048552,-0.03911934422686525,-0.04256673004186462,0.000787344998477657,1.0,0.0,-0.027482447342026206,1.0115425070966924,True,,0.609190014392192
RHP,2026-09-30,121.2,121.26,119.41,119.53,705924,38.3,,Z1G,MARKUP,0.023852675135415318,-0.010021533874440935,-0.03183217236351854,-0.13043794558417,0.2271551724137929,-0.022347142143412047,-0.03144498636893067,0.05001154192299917,1.0,0.0,0.006575065329174734,0.8816666579897481,True,,0.609527619321757
CSGP,2026-09-25,27.73,28.63,27.6,28.09,6662481,36.7,T3,,MKDN,0.04339491112266157,-0.034376074252320366,-0.10370134014039567,-0.16942637492607926,0.2774274905422446,-0.056789622976543,-0.08117199999359559,-0.3168222055495634,0.0,0.0,-0.05244876693296274,0.8204260039698853,True,Industrials,0.6097337283172135
MOV,2026-09-21,33.21,33.21,32.58,32.97,165649,37.6,,Z2,MARKUP,0.02997769117171558,-0.009314903846153966,-0.05285837403045113,-0.18592592592592594,0.08616504854368941,-0.022671989003656745,-0.05093614638071231,0.09046234484465354,1.0,0.0,0.0055796652200867936,1.0865138402667078,True,,0.6097342428401806
NHI,2026-09-25,67.4,67.4,66.53,66.92,282044,29.3,,Z2,MKDN,0.021091098072452272,-0.012979351032448294,-0.077728776185226,-0.17748279252704025,0.02629804450438305,-0.03600308268872021,-0.06850194462931725,-0.11452298170249142,0.0,0.0,-0.012321852731591476,0.9688693413854754,True,,0.6097427280737657
TFC,2026-09-28,47.55,47.6,47.05,47.09,6435033,33.5,,Z1,MARKUP,0.021472912272635605,-0.038979591836734606,-0.06623041840174493,-0.13150129103651786,0.06184210526315867,-0.03887391812504715,-0.058044008883032516,-0.04092035295053442,1.0,0.0,-0.021410579345088276,0.9461568194659296,True,Financials,0.6097677960246239
IIPR,2026-09-28,55.14,55.45,54.59,55.21,348827,40.5,T5,,MARKUP,0.02053853746148314,-0.016915954415954393,-0.01953471852246491,-0.1555521566228204,0.05746061167747895,-0.01790602134072472,-0.03571517378407696,-0.01638286492806207,1.0,1.0,-0.011050724637681197,1.035984383288288,True,Real Estate,0.6099567666945567
HLNE,2026-09-30,85.87,86.99,84.03,86.86,729412,35.2,T2,,MKDN,0.04006894465141564,0.013535589264877412,-0.15661714729585396,-0.20950127411721875,0.26453674121405757,-0.045987828752541926,-0.0694054075407492,-0.1522451234698351,0.0,1.0,-0.007683995677752464,1.1009745074301938,True,Financials,0.6101006461059073
SKYW,2026-09-30,99.15,99.5,96.59,96.92,287029,44.7,,Z2,MARKUP,0.03039090606600908,-0.023672811524126036,0.03835440325691031,-0.1766904519198097,0.1843137254901962,-0.020713567440237446,-0.024588504533583633,-0.012657649080549116,1.0,0.0,0.03737514767479322,0.9023923836604357,True,Industrials,0.6104671705559362
SMP,2026-09-23,37.37,37.87,36.51,37.31,84384,44.4,,Z2G,MARKUP,0.031104243119974704,-0.005066666666666553,-0.005861977084998582,-0.10613320555821748,0.19307832422586554,-0.01725587811828555,-0.026429135025212713,-0.019377890875220793,1.0,0.0,0.0019310344827585535,1.0664982300645824,True,Industrials,0.6107706096435811
ESI,2026-09-21,33.56,33.72,32.94,33.42,2744095,42.3,,Z11,MARKUP,0.041003746937598645,0.04014939309056964,-0.05352591333899748,-0.3049084858569051,0.11951951951951965,-0.027507764356304976,-0.07990658113803828,-0.054085508806268834,1.0,1.0,-0.011635220125786216,0.9810666460793107,True,Materials,0.6109857416060539
KHC,2026-09-24,23.97,24.0,23.68,23.86,13463732,37.7,,Z10,MARKUP,0.026922398152682506,-0.03517994338859687,-0.03751512706736582,-0.1505873976504094,0.07439824945295401,-0.03107764969859239,-0.0398446544763007,-0.02844398230664058,1.0,1.0,-0.00968421052631585,0.7129177738249987,True,Consumer Staples,0.6110183373657964
MIDD,2026-09-29,106.48,106.9,105.25,105.56,452991,32.5,,Z2G,MKDN,0.0292654894553844,-0.06410142743150993,-0.047636232407073265,-0.2893496701225259,0.029796839729119808,-0.046083368198469254,-0.11232268659305478,-0.21996574470989083,0.0,0.0,0.00949731389102082,0.8427962730874495,True,Industrials,0.6110809563788957
BMRN,2026-09-30,59.9,60.7,59.37,60.0,1797890,34.3,T2G,,MARKUP,0.02644496542943052,-0.03552483523549266,-0.07464528069093157,-0.15469146238377007,0.19026548672566357,-0.04570331083324519,-0.04684557617293206,0.009912544149288882,1.0,0.0,-0.04611886976291002,0.9378695487439164,True,Healthcare,0.6111364721126172
CNX,2026-09-25,33.0,33.3,32.66,32.79,2272964,30.8,,Z1G,MKDN,0.027053053906926458,-0.0030404378230465268,-0.09194129050124622,-0.14094838878700555,0.19097744360902244,-0.0494276397069654,-0.062462691127200154,-0.07627534898314414,0.0,0.0,-0.017335766423357657,1.0548165336557347,True,Energy,0.6112956199749388
AGO,2026-09-29,68.87,69.28,68.29,68.97,435607,30.7,T5,,MKDN,0.02273709007361771,-0.02502120441051736,-0.07670682730923695,-0.20669427191166323,0.04970914859862496,-0.035751602726251,-0.07563721571891535,-0.13389897668896533,0.0,0.0,-0.027587192681532202,1.077329329944694,True,Financials,0.6120068426696444
ADM,2026-09-30,79.19,80.29,79.08,79.38,3134420,37.8,T10,,MARKUP,0.028531391526108108,-0.03371880706025576,-0.0611472501478415,-0.10557746478873242,0.2781201848998458,-0.03808449463395769,-0.032409959103824604,0.058788230805866926,1.0,0.0,0.0038353362311429606,0.8108202749478954,True,Consumer Staples,0.6121821991159075
CUZ,2026-09-30,27.62,27.87,27.42,27.64,1275769,37.2,T9,,MARKUP,0.022236546295577145,-0.021592920353982303,-0.03255162758137908,-0.16115326251896822,0.03978300180831805,-0.027582323708166046,-0.04340411771007002,-0.004945021885126466,1.0,0.0,-0.008676789587852451,1.0766557963816987,True,,0.6122363911225875
ICFI,2026-09-29,82.23,84.07,82.15,83.12,299534,39.6,T3,,MARKUP,0.0273671708187656,-0.005503709021296932,-0.06711560044893372,-0.1312709030100334,0.4147250698974838,-0.026000097513549925,-0.014867915648050789,0.03350568590883096,1.0,1.0,-0.008468424872973612,0.9564558081902266,True,Industrials,0.6122926894645525
CECO,2026-09-30,71.47,71.47,69.38,69.64,536678,44.1,,Z2,MARKUP,0.053276064530070735,-0.07121899173112833,-0.012898653437278473,-0.20511357151010157,0.3618607954545454,-0.037183240017755526,-0.05767114646282878,-0.0019062691048787883,1.0,0.0,0.031366136464991756,0.7491085033962687,True,Industrials,0.6123326475393699
LHX,2026-09-21,246.61,248.18,244.91,246.93,1461600,30.1,T5,,MKDN,0.023637798623320334,-0.008034387177118019,-0.07423236981216963,-0.20058920651364553,0.03383751754249206,-0.03780496542326561,-0.08849675656422429,-0.16298133991954722,0.0,0.0,0.0006128452361497949,1.061886268626055,True,Technology,0.6125074521609453
MO,2026-09-30,68.9,69.08,66.91,67.34,7571646,41.1,,Z4,MARKUP,0.020329384960167923,-0.023350253807106536,-0.03205404628431785,-0.1261354788476512,0.2602739726027398,-0.02060031659741901,-0.023611000887830857,-0.004080184946694043,1.0,0.0,-0.007122718504229186,0.8364790717901958,True,Consumer Staples,0.612572086839697
NSP,2026-09-25,47.73,48.91,47.38,47.83,534372,38.0,T5,,MARKUP,0.04648489017330221,-0.049294374875770264,-0.0768191468828412,-0.14436493738819323,0.4152173913043477,-0.046234557005660815,-0.027318673942216543,0.10247411969994435,1.0,0.0,-0.027622014537902362,0.9721626933454736,True,,0.6126259139598961
AAT,2026-09-28,21.59,21.74,21.45,21.63,874841,38.7,T2G,,MARKUP,0.01719688882668464,-0.015923566878981,-0.03566651805617482,-0.1671159029649596,0.0882352941176467,-0.013566435332658333,-0.037565319578408474,-0.005210204051212641,1.0,1.0,-0.007951356407857713,0.8870390768403079,True,,0.6127593096791648
HUBS,2026-09-25,221.26,223.87,212.36,213.74,869998,42.2,,Z2G,MKDN,0.06543783424650157,-0.011012400518230603,-0.16452331626470706,-0.19343396226415088,0.3588492808005003,-0.06711723381115009,-0.06400794546454114,-0.20577185000244191,0.0,0.0,-0.022576299530821853,0.8497506630253908,True,Technology,0.613072437661749
FNKO,2026-09-30,5.36,5.49,5.3,5.41,1306174,44.1,T9,,MARKUP,0.053189340128330896,0.016917293233082775,-0.1274193548387097,-0.2639455782312925,0.12217194570135767,-0.02717801257074781,-0.04829407101637562,0.07928372862819288,1.0,0.0,0.01343570057581589,0.8401061993841866,True,,0.6131803161456856
ULCC,2026-09-24,5.68,5.92,5.55,5.85,2294671,47.5,T3,,MARKUP,0.051888050538677795,-0.005102040816326592,-0.02010050251256279,-0.2968750000000001,0.15699658703071667,-0.007061396586025337,-0.035895715161308184,0.06240039022635413,1.0,0.0,0.025878003696857554,1.0786385495665127,True,Industrials,0.6132833377151963
HROW,2026-09-25,33.0,33.28,32.58,33.07,372954,34.1,T5,,MKDN,0.04522100011401944,-0.00030229746070131736,-0.14193046185781,-0.3037894736842105,0.07500000000000011,-0.0633734248145601,-0.11462486067128774,-0.14921071341775438,0.0,0.0,0.018808777429467183,0.7956774487149075,True,Healthcare,0.614010191164146
ETR,2026-09-29,97.68,100.03,97.04,99.76,3978745,35.6,T4,,MARKUP,0.020003135181435563,-0.013839462238038669,-0.061612266014485884,-0.14683998973744972,0.141929035482259,-0.02528505439436257,-0.05500304708155224,-0.05053344013218497,1.0,0.0,-0.03963535473642488,0.9584694946078414,True,Utilities,0.6141886996901825
AM,2026-09-25,21.06,21.18,20.75,20.93,2730088,35.3,,Z2G,MARKUP,0.02398662625265504,-0.012269938650306789,-0.07101642254771423,-0.10364025695931489,0.06923076923076908,-0.03236726671830137,-0.04442908038994897,-0.014697742843215122,1.0,0.0,-0.013314312886352875,0.9938148691897825,True,Utilities,0.6151146588838083
VET,2026-09-30,11.37,11.61,11.32,11.39,1270687,37.6,T2G,,MARKUP,0.03742701117114742,-0.02482876712328763,-0.1358118361153262,-0.1716363636363636,0.4847161572052403,-0.05810876159854417,-0.046400108463432566,0.03809168471785496,1.0,0.0,-0.024390243902439157,0.9099912199788139,True,,0.6152829628719252
CTRE,2026-09-28,37.55,37.6,37.05,37.42,2036256,35.6,,Z5,MARKUP,0.02047149156090563,-0.006900212314224996,-0.04125032026646169,-0.14213663457129744,0.08419497784342697,-0.02079782074304004,-0.04278590940100002,-0.027786378416978286,1.0,1.0,-0.014178705189941132,0.8680616715507062,True,,0.6154317528831512
KEY,2026-09-25,20.33,20.67,20.3,20.61,15833409,36.8,T1G,,MARKUP,0.02086047866927741,-0.009610764055742349,-0.06403269754768393,-0.14374740340673042,0.14143920595533502,-0.02838439478414667,-0.0542318253653854,-0.03009423670364686,1.0,1.0,-0.022439024390243922,1.0635407690923142,True,Financials,0.6164693160202448
VIRT,2026-09-21,58.45,59.08,57.81,57.94,766834,39.3,,Z5,MARKUP,0.03830415448398122,-0.033205406307358576,-0.14706315324598862,-0.15735892961023856,0.29049180327868834,-0.043221443401542214,-0.037106712948077214,0.11337479683772278,1.0,1.0,-0.005991189427312804,0.9830763928422293,True,Financials,0.6164823036714997
BANF,2026-09-28,108.27,108.48,107.09,107.29,158299,38.8,,Z1,MKDN,0.019270682638230334,-0.019824593458797612,-0.0294889190411578,-0.11352557217218862,0.055670103092783675,-0.02080435648254897,-0.03506387302086189,-0.051826976493568155,0.0,1.0,-0.006345651362448579,1.0606574148935688,True,Financials,0.6164943851176283
OWL,2026-09-21,10.06,10.1,9.86,10.02,14083808,35.4,,Z11,MKDN,0.040158522422158865,-0.03930968360498566,-0.141388174807198,-0.2153484729835552,0.3834080717488788,-0.06957031246721201,-0.06938382028830581,-0.1380592891789476,0.0,0.0,-0.055393586005830775,0.8490977715477648,True,Financials,0.6168683202166149
FHN,2026-09-25,23.25,23.55,23.22,23.46,4183092,37.3,T2G,,MARKUP,0.019443538790401303,-0.020050125313283207,-0.039312039312039304,-0.11237230419977295,0.1610169491525425,-0.025527413700428103,-0.04560908043901735,-0.028401846929861474,1.0,0.0,-0.02719932001699965,0.9248270602761729,True,Financials,0.6171601081251795
LMND,2026-09-21,48.26,48.41,47.0,47.86,1182895,37.8,,Z10,MKDN,0.04671122593663478,-0.0433739756146313,-0.10324152145400034,-0.4108088144774099,0.04847447961220423,-0.0532986451563352,-0.10735598847454386,-0.17428224744591492,0.0,0.0,-0.021449396084964656,1.0596819772811614,True,Financials,0.6172179954288652
PATK,2026-09-29,69.0,69.38,67.64,69.12,453812,32.2,T2,,MKDN,0.036372827623822615,-0.027300872502110884,-0.1541850220264317,-0.23717029025493874,0.08979246082168592,-0.05317281290304898,-0.12341861432744228,-0.25235848559884866,0.0,1.0,-0.021040327293980088,0.9075005091974173,True,Industrials,0.6173182445002005
FTI,2026-09-25,70.12,71.29,70.0,70.99,2035312,38.1,T3,,MARKUP,0.031156095126635076,-0.014301582893640696,-0.0698375262054507,-0.12032218091697655,0.3771648492623473,-0.03620482324041119,-0.03796194071589365,0.08052935449570042,1.0,1.0,-0.01077861296270044,0.8204955162291878,True,Industrials,0.6174334102626517
LCII,2026-09-29,84.8,85.63,83.68,85.38,253966,32.2,T10,,MKDN,0.03421159260185145,-0.028889899909008254,-0.15154526483156117,-0.23212519111430885,0.0915170714537133,-0.05435798631069544,-0.11523094398264744,-0.1970858528858347,0.0,1.0,-0.026919007875866874,1.0343608158653983,True,Industrials,0.6175398235778676
AGI,2026-09-30,33.43,33.53,32.34,32.39,2943805,39.0,,Z4,MKDN,0.041517379251811926,-0.060887213685126174,-0.0724513172966782,-0.17161125319693094,0.44315352697095434,-0.06483638089195254,-0.06349066310480445,-0.10104964774512315,0.0,0.0,-0.054754194877833395,1.0755371320722564,True,,0.6180070147863321
OXY,2026-09-30,55.1,55.66,54.77,55.32,10167765,37.6,T1G,,MARKUP,0.02701772362044858,-0.03556485355648531,-0.09237079573420837,-0.1325074486435629,0.2899159663865547,-0.04661997133148987,-0.04554088096480402,0.02114709826433625,1.0,0.0,-0.02527589889640447,1.0735145013770395,True,Energy,0.6181654831464342
INGR,2026-09-25,96.34,96.94,95.84,96.72,758131,33.9,T3,,SPRING★,0.019231569817343246,-0.006267337922531535,-0.0655072463768116,-0.10494169905607997,0.08178137651821898,-0.02707817724062267,-0.043269597604451704,-0.10011962609155445,0.0,0.0,-0.011449200618875666,0.9678766074929249,True,Consumer Staples,0.6182605282024766
NVR,2026-09-30,6263.33,6280.0,6142.97,6154.39,33901,44.3,,Z6,MKDN,0.022145004590611157,-0.013973958642081064,-0.019348865964925577,-0.09923848469724539,0.2574957839637314,-0.014815226493957834,-0.022379740548556404,-0.0709475706010454,0.0,0.0,0.014052863727004983,0.7954925613979849,True,,0.6183663501401601
WFC,2026-09-25,82.3,83.1,81.74,82.97,9451237,38.4,T2G,,MARKUP,0.024238922379993637,-0.03657686948444039,-0.02353771919501002,-0.09805413631916504,0.18371040723981916,-0.0345982461455,-0.03647492487386417,-0.015109311373483592,1.0,0.0,-0.030426449448969883,0.8561306588163499,True,Financials,0.6187973030081861
KFRC,2026-09-25,50.88,51.58,50.87,51.56,205072,38.6,T3,,MARKUP,0.03638762158885129,-0.006168080185042446,-0.10980662983425415,-0.16407263294422825,0.15946843853820614,-0.02555878617322005,-0.036192796782196446,0.1419213125711638,1.0,0.0,0.00040290088638195165,0.8586191739672812,True,,0.6188051098649313
AQN,2026-09-21,5.35,5.35,5.22,5.24,3516648,30.2,,Z4,MKDN,0.020372793086724565,-0.020560747663551315,-0.08070175438596494,-0.15347334410339264,0.02061855670103139,-0.04637255419242903,-0.07378670483722194,-0.11201336985176669,0.0,0.0,-0.003816793893129833,0.9945886360836723,True,,0.6189641202787317
IPGP,2026-09-28,77.55,78.39,75.57,77.23,323700,45.8,,Z2G,ACC-TR,0.04290873134683869,-0.006688102893890657,0.009146739840585338,-0.2966302367941712,0.1936122802673931,-0.008267854572858835,-0.07520392045311042,-0.18133750813937421,0.0,0.0,0.07419680161360054,0.8996757255803448,True,Technology,0.6194478262659797
OR,2026-09-30,34.55,34.66,34.12,34.34,932072,42.9,,Z6,MARKUP,0.03485051233264009,-0.04796229553645681,-0.035122225344197844,-0.12241247124968058,0.5867126833477138,-0.036378579336726835,-0.018793558562031576,-0.021171896888321107,0.0,0.0,-0.01935297515886758,0.8092561490321024,True,,0.6194830438934223
QNT,2026-09-30,48.73,49.75,48.0,48.06,1854620,40.8,,Z2,ACC-TR,0.06871056487375718,-0.040909998004390324,0.008392782207301774,-0.3907200811359026,0.04700061842918996,-0.04877678370478267,-0.10203190985898569,,0.0,0.0,0.014396218306832909,0.9739966820120042,True,,0.6196366143214626
JBS,2026-09-21,12.1,12.1,11.88,12.03,4356680,30.4,,Z5,MKDN,0.03046357296233232,-0.0383693045563549,-0.12952243125904495,-0.16167247386759587,0.1375464684014867,-0.05414209006784376,-0.07506852929889929,-0.13139886751459195,0.0,0.0,-0.04424778761061943,0.9531937049567607,True,,0.6201791783723222
TILE,2026-09-30,35.21,35.21,34.4,34.4,836956,41.0,,Z6,MARKUP,0.028692491445970032,-0.015455065827132186,-0.07027027027027033,-0.15061728395061735,0.3503727369542065,-0.023522879274159303,-0.02337450545625086,0.08578853123965824,1.0,0.0,0.022288261515601704,0.8230585202254939,True,Consumer Staples,0.6202762751286178
ELV,2026-09-30,391.91,396.14,383.04,388.82,1298653,38.5,,Z1,MARKUP,0.024973710293940164,-0.02443797671617831,-0.03528185788011118,-0.10870163212910333,0.35271635271635243,-0.03155177743600335,-0.026270647385273627,0.036729110230760975,1.0,0.0,-0.01985670419651997,0.9445199502048015,True,Financials,0.6203865541021726
COUR,2026-09-21,5.04,5.19,4.98,5.16,6536589,38.5,T4,,MKDN,0.04599981151718468,-0.047970479704797064,-0.14,-0.22171945701357465,0.10909090909090896,-0.06419573989473593,-0.0867708959664536,-0.18718061653606533,0.0,0.0,-0.040462427745664775,1.1422248554234766,True,Technology,0.6203944700459962
TFII,2026-09-21,125.38,125.72,122.68,125.49,182163,35.9,T9,,MARKUP,0.032028494898818614,-0.04773106692973139,-0.11220374955783519,-0.2075149984212188,0.07877768432856712,-0.047338955187313236,-0.08162420207767951,-0.02458841287207092,1.0,0.0,-0.030197628458497938,1.1298626732094172,True,,0.620862159206325
CNC,2026-09-25,62.09,63.67,61.73,61.82,3630674,39.5,,Z2,MARKUP,0.03682899923279086,-0.05052987252342189,-0.05372723098117249,-0.11216429699842012,0.39737654320987664,-0.04488790135974696,-0.04148807121274989,0.11321032029238398,1.0,1.0,-0.009060022650056676,0.9131256448818159,True,Financials,0.6210678285644966
QSR,2026-09-28,71.53,71.93,70.89,71.43,3431333,34.9,,Z9,MARKUP,0.02348316804968371,-0.015573318632855493,-0.08727319192435468,-0.12762579384465056,0.11962931760741388,-0.03954734917460112,-0.051674006575781584,-0.03294369067057834,1.0,0.0,-0.02763888888888877,0.8134461669364399,True,Consumer Discretionary,0.6212070778619223
PHG,2026-09-29,24.73,24.77,24.5,24.77,816248,39.9,T5,,MKDN,0.016933907510814673,-0.00800961153384061,-0.06774557771923229,-0.13179109709078163,0.1965811965811962,-0.017048083396533298,-0.04210414429559084,-0.07350213652930915,0.0,1.0,-0.004907975460122782,1.0905944872261235,True,,0.6219510932836532
CPK,2026-09-29,127.21,128.78,126.27,128.15,145718,40.2,T3,,MARKUP,0.023000145849971076,-0.02857792601576703,-0.04036243822075769,-0.09003763402684095,0.29516397998888266,-0.01651123749601835,-0.02144068086237705,-0.007331428655396044,1.0,1.0,-0.012549019607843048,0.9713417910547263,True,Utilities,0.6221185417978817
BA,2026-09-25,197.76,201.4,196.8,198.07,5380370,37.8,T9,,MKDN,0.0277533432494966,-0.0006559031281533345,-0.05631521273047779,-0.17843958687627026,0.07860355536517429,-0.032693887723502235,-0.0638154190363539,-0.08926958270513696,0.0,1.0,-0.005423104471503182,1.2038585581121326,True,Industrials,0.6222394976473876
ZION,2026-09-25,63.06,64.11,62.89,63.83,1237216,35.2,T1G,,MARKUP,0.02236286335543641,-0.021462517246665702,-0.06007951700780445,-0.12967002999727306,0.13858695652173916,-0.03474094408250339,-0.0525080973410601,0.0048868194444620094,1.0,0.0,-0.02853578668329948,1.0256410593685388,True,Financials,0.622317504595631
LOPE,2026-09-28,147.69,147.69,144.44,146.4,251761,42.5,,Z2,MKDN,0.029701144702964873,-0.027565592826303553,-0.03168198954957335,-0.08172865834535537,0.48211446740858493,-0.023185679775219903,-0.02134544046479736,-0.08065435234387897,0.0,0.0,0.042060457398455986,0.9721314139356232,True,,0.6226060432320359
PESI,2026-09-30,15.51,15.8,15.33,15.65,220576,36.5,T9,,MARKUP,0.058138097399273156,-0.008866371120962557,-0.12275784753363228,-0.26594746716697937,0.24701195219123517,-0.0698461424387612,-0.060411259228937086,0.09769480362407723,1.0,1.0,-0.013149243918474718,0.9671492705386504,True,Utilities,0.6229294935479192
HXL,2026-09-25,85.36,86.25,84.27,85.8,863589,28.8,T4,,MARKUP,0.02919522164407818,-0.026659103800340422,-0.09407665505226481,-0.23207732927593305,0.055717407137654794,-0.04611833418169409,-0.08481491598546054,-0.0314283172469354,1.0,0.0,-0.02992978013123071,0.9926902320061923,True,Materials,0.6230506668497102
STAA,2026-09-25,19.91,20.8,19.7,20.51,1309282,39.2,T1G,,MKDN,0.05438247600314968,-0.014889529298751092,-0.08396605627512277,-0.3142761618187897,0.13443830570902401,-0.05802141304145547,-0.12176253525130543,-0.14875438036215127,0.0,1.0,-0.06936980947728377,0.8049237306997864,True,,0.6232547799876337
TRUP,2026-09-21,25.22,25.38,24.69,25.0,242929,37.6,,Z2,MKDN,0.04644129125466509,-0.043977055449330726,-0.1961414790996785,-0.220941103147398,0.1765389082462252,-0.06507262901991762,-0.07288876568947178,-0.14906160379721112,0.0,0.0,0.0077551020408164195,1.080493258938756,True,Financials,0.6238569482826455
FCNCA,2026-09-29,2090.19,2112.42,2051.18,2073.46,54668,41.5,,Z1G,MARKUP,0.02460739221696277,0.00263538377473993,-0.042016263167621526,-0.09704306928537221,0.19763799373492258,-0.02098286151984652,-0.02875072395274403,0.008317987218240397,1.0,1.0,-0.012563045810457307,0.9228684749713341,True,Financials,0.6239274338503322
SBCF,2026-09-28,32.91,33.01,32.54,32.55,703791,37.0,,Z1G,MARKUP,0.020200602353898294,-0.02222889756683699,-0.052953156822810654,-0.10256410256410275,0.18954248366013002,-0.029419825317272275,-0.03377535894883321,0.007527760250573445,1.0,0.0,-0.014015843997562505,0.9136023033943353,True,Financials,0.6241522432586064
KRYS,2026-09-30,336.56,337.03,331.8,332.56,268266,42.3,,Z4,MARKUP,0.0324022382081835,-0.026891002194586733,-0.08597185576077393,-0.1297202522701698,0.4175772529667491,-0.028208954037198142,-0.027093457266392562,0.11365641095629497,1.0,1.0,-3.013954609853986e-05,0.8555842640117387,True,Healthcare,0.6242514630945083
BAH,2026-09-25,73.52,73.86,72.33,72.95,1240822,42.5,,Z2G,MKDN,0.03275005080431738,-0.053457895419748214,-0.025774572649572502,-0.10149033132159124,0.6017399710004835,-0.03509509834945701,-0.01981034680023619,-0.07376619113331928,0.0,0.0,0.01672757942086034,0.9375396781649767,True,Industrials,0.6245404346089294
FERG,2026-09-24,219.78,224.35,218.48,220.17,1342520,42.9,T12,,MKDN,0.02564269676329757,0.0275833099971996,-0.06600772069740801,-0.17797939068100355,0.14431879375336557,-0.011794737090504603,-0.03861142502273296,-0.056095318491121704,0.0,1.0,-0.003242176487172288,1.063283618907335,True,,0.6246666833631288
OVV,2026-09-30,58.99,59.27,57.46,57.82,4435505,34.5,,Z4,MARKUP,0.03140108545592722,-0.031977230872258455,-0.13157104235506156,-0.14353429121611616,0.25346687211093977,-0.059798303916744566,-0.062009612051716734,0.04385224514199293,1.0,0.0,-0.019286567673664545,0.8746430485432416,True,Energy,0.624796325815085
FLR,2026-09-25,50.37,51.04,50.07,50.38,2383376,38.9,T5,,MARKUP,0.03798475309880234,-0.08233151183970844,-0.06876155268022177,-0.1365895458440446,0.31174438687392053,-0.057161782340516276,-0.046357472872384675,0.017415075400864177,1.0,0.0,-0.011451135241855814,0.8876211977170447,True,,0.6248636266694232
HSY,2026-09-25,166.5,167.75,166.04,166.37,989278,32.6,,Z2G,MKDN,0.020536518888943638,-0.020142529006419663,-0.08245091550849326,-0.1264832510763415,0.013513513513514017,-0.03279478867258623,-0.055972703265428136,-0.09678677833891602,0.0,0.0,-0.0038994540764293317,0.7974540707931045,True,Consumer Staples,0.6250647243188152
UAL,2026-09-28,111.99,113.25,108.6,111.51,3998826,48.8,,Z1G,MARKUP,0.037778778288396556,-0.025177025963807997,0.008227848101265867,-0.1925416364952932,0.21678939617083953,0.00021792007565180072,-0.020367626459920185,0.024204159743938414,1.0,0.0,0.03744599135861737,1.0215737181092464,True,Industrials,0.625250682822871
RITM,2026-09-25,9.13,9.31,9.05,9.13,8030949,32.6,,Z7,MKDN,0.02302493525004142,-0.0235294117647058,-0.08791208791208782,-0.127151051625239,0.14743589743589766,-0.05024808671171044,-0.05997334805700283,-0.08737977381159057,0.0,0.0,-0.02896995708154504,1.0688111412647863,True,,0.6257095326741842
CDRE,2026-09-28,26.32,26.6,25.64,26.06,409843,31.1,,Z1,MKDN,0.04364017300784482,-0.021404431092752585,-0.1522446324007808,-0.30264918383730266,0.035805626598465326,-0.06445186652055346,-0.11217019030722819,-0.19377710713337915,0.0,1.0,-0.010038610038609952,0.9907302743714915,True,,0.6257983245020875
OCSL,2026-09-29,11.97,12.23,11.91,12.1,435725,37.7,T4,,MKDN,0.01965237861661137,-0.021827000808407382,-0.08748114630467574,-0.09227306826706683,0.30508474576271144,-0.02665963843755015,-0.030235421483683855,-0.030558818161251722,0.0,0.0,-0.02861815208503682,0.8920315774414186,True,,0.6263003711551117
LKFN,2026-09-29,58.76,58.76,57.62,58.05,129638,36.4,,Z2,MKDN,0.019118917565235614,-0.020253164556962022,-0.017600270773396653,-0.10069713400464753,0.06204906204906201,-0.02554201671934908,-0.03654365989529118,-0.03810802431363003,0.0,0.0,-0.0128490663011821,0.8687928962791832,True,Financials,0.6265316655911519
MDLZ,2026-09-29,58.78,59.66,58.78,59.32,8402596,34.8,T12,,MARKUP,0.020187723180430203,-0.028814669286182037,-0.04430481714193657,-0.1099774943735935,0.16987542468856162,-0.03179391638120044,-0.03687466584926402,-0.025795931537638483,1.0,0.0,-0.02180063238475627,0.9149594224114218,True,Consumer Staples,0.626562204766346
EQIX,2026-09-25,1044.25,1049.11,1005.94,1008.08,1052408,42.0,,Z6,MARKUP,0.027700585701071805,-0.012982943975561545,-0.06351432950903435,-0.091181190386037,0.16709215185703752,-0.02630715971130304,-0.03286982479387923,0.014570606266360198,1.0,0.0,0.018374350823555652,1.081647491529271,True,,0.627099410450702
HWM,2026-09-23,226.0,230.37,224.24,228.78,2414024,35.9,T1,,MARKUP,0.03545293646577557,0.004610723224871549,-0.13354037267080754,-0.262,0.06611475221340692,-0.04593200499524597,-0.10158820771691845,-0.06976610018645946,1.0,0.0,0.0011209254360400323,0.7313635925896776,True,Materials,0.6273179230920621
FLYW,2026-09-24,16.81,17.13,16.67,17.09,1209235,40.2,T3,,MARKUP,0.034918442307932784,-0.036097010716300115,-0.0928874734607219,-0.13380638621388752,0.36077481840193704,-0.035894178737496896,-0.031649609048231775,0.09725221893714187,1.0,1.0,-0.013609467455621083,1.0803895431832453,True,Industrials,0.6273897451917363
OBDC,2026-09-25,10.83,10.86,10.72,10.81,2948566,36.1,,Z10,MKDN,0.018596849502770005,-0.03222918531781549,-0.04166666666666652,-0.09690893901420217,0.14074074074074153,-0.028024265414706706,-0.03223000478724758,-0.0687289650879982,0.0,0.0,-0.023679417122040025,1.0182074993491381,True,,0.6273987511017006
MFA,2026-09-25,8.22,8.23,8.12,8.17,1453465,30.7,,Z10,MKDN,0.020381852007769912,-0.022727272727272707,-0.07787810383747173,-0.16205128205128205,0.03067484662576729,-0.04347826367487706,-0.07540994015368774,-0.12325975460745098,0.0,0.0,-0.028708133971291905,1.0090641135591019,True,,0.6277308436057338
HCI,2026-09-30,177.7,177.7,173.09,173.82,209628,32.3,,Z6,MARKUP,0.02408535158594549,-0.013059277765160138,-0.07473650590865544,-0.12644486883103834,0.08007312614259592,-0.039550673519369695,-0.03868248063961133,0.004759268755956114,1.0,0.0,-0.007340712278488315,0.9204013332774565,True,Financials,0.6278487263856466
JBHT,2026-09-29,226.0,230.14,223.99,229.28,980387,32.0,T2,,MARKUP,0.034879697871094004,-0.03424455583168362,-0.13632425509473767,-0.2351214304777155,0.07128738964290417,-0.06647136386788344,-0.11186522696658052,-0.04676086632743137,1.0,0.0,-0.028173293974648406,0.8815760718264495,True,Industrials,0.6288769060574629
GBDC,2026-09-24,12.44,12.49,12.29,12.41,1658832,37.1,,Z2G,MKDN,0.017091230813981274,-0.025137470542026752,-0.05339435545385196,-0.0780089153046063,0.10256410256410327,-0.02205638114080577,-0.033603698384102265,-0.05603614909578969,0.0,1.0,-0.0024350649350650677,0.9379326204245307,True,,0.6291447242337513
FIVE,2026-09-30,220.93,220.93,215.25,219.57,1081959,38.0,,Z2G,MARKUP,0.0441559465533,-0.03447517699309621,-0.1040884609107231,-0.16791723510686674,0.5118968935888962,-0.05555055590106206,-0.047392745280292026,0.04983085568440182,1.0,1.0,-0.006553745326994931,0.7491950071023155,True,Consumer Discretionary,0.6293206190907872
SPIR,2026-09-28,11.79,12.51,11.71,11.74,469848,43.1,,Z2G,MKDN,0.06527597977905703,-0.018394648829431537,-0.10858010630220194,-0.3725280598610369,0.15719467956469171,-0.0322603900271784,-0.09525583554745298,-0.13686381947033832,0.0,0.0,0.06454545454545468,0.8930009537429744,True,Communication Services,0.6294063515183175
BGSI,2026-09-22,80.08,81.65,79.52,80.85,59303,39.5,T9,,SPRING,0.04627086857953378,-0.07451923076923084,-0.0691918029012204,-0.3004239854633556,0.0368932038834951,-0.06007604205410122,-0.12152318557790709,-0.3098156118892561,0.0,0.0,-0.022975795552279243,0.9256937599091469,True,,0.6295026675194854
MDA,2026-09-29,31.27,31.49,29.62,29.64,2315909,43.8,,Z4,MKDN,0.047291109675610545,-0.053941908713692865,0.025960539979231534,-0.28301886792452835,0.1503267973856209,-0.02822090256203391,-0.05775382777786675,,0.0,0.0,0.07435618425825186,1.0306545707977814,True,,0.6298967750449875
AG,2026-09-30,18.14,18.22,17.67,17.69,9085902,40.1,,Z4,MARKUP,0.054987174420445005,-0.07139107611548556,-0.1092648539778448,-0.20279405137449302,0.4430693069306932,-0.07501517634806498,-0.07327074973310199,-0.032044032288293,1.0,0.0,-0.018404907975460016,1.0199743588908547,True,,0.6303652690765273
PKG,2026-09-30,233.27,233.27,229.26,229.26,582286,39.3,,Z2G,MARKUP,0.022561306175999617,-0.048634741472321386,0.0006110335195530503,-0.11816293561043167,0.17508055853920462,-0.028596186387735756,-0.03548434593541294,0.009538213588139222,1.0,0.0,0.017486241789455015,0.9271182930289198,True,Materials,0.6303964471788986
PR,2026-09-30,21.41,21.42,21.07,21.12,7281182,37.7,,Z3,MARKUP,0.03069659327928769,-0.02583025830258301,-0.1122320302648171,-0.14320486815415812,0.38070175438596526,-0.04922609140484391,-0.039082530828975726,0.08250263294939963,1.0,0.0,-0.020676691729323404,0.8528289465410203,True,Energy,0.6305469345751362
HONA,2026-09-30,155.6,156.89,153.42,154.97,2384713,42.4,,Z3,ACC-TR,0.04116905664776267,-0.051184718055470646,0.004732883817427425,-0.3432083068446704,0.0666205624711849,-0.035150914363033414,-0.09834140866380958,,0.0,0.0,0.01467926804745634,0.6621832519987095,True,,0.6305478377821863
STE,2026-09-30,210.69,212.12,209.49,210.01,560815,38.0,,Z4,MKDN,0.020586650755817136,0.00014287074959518087,-0.08552144567820608,-0.12999710012842292,0.17594537815126027,-0.017808408335082793,-0.039961203666872724,-0.07112135251311802,0.0,0.0,0.01677241650681216,0.7568960398996923,True,,0.6315679069803877
QS,2026-09-21,5.2,5.3,5.07,5.1,12571856,39.7,,Z10,MKDN,0.05420714262771638,-0.019230769230769384,-0.14715719063545163,-0.35196950444726816,0.10645161290322581,-0.048003583457665644,-0.11731880941316519,-0.29412516384610166,0.0,1.0,-0.03162055335968361,0.9845073696733728,True,Industrials,0.6318140468987357
TW,2026-09-29,101.06,101.84,100.01,100.61,1131525,43.2,,Z2,MKDN,0.02563495382482872,0.008722678965309871,-0.06583101207056641,-0.08369763205828773,0.4074790457769179,-0.018005736327565636,-0.024873160658248517,-0.07359076509838158,0.0,0.0,0.0027157513578757175,1.0078828818580876,True,Financials,0.6321126573591261
IMO,2026-09-30,122.64,124.5,122.44,123.05,641826,37.9,T2G,,MARKUP,0.024335651693629837,-0.013627254509018027,-0.0881132355120795,-0.11110308459149032,0.2728132387706853,-0.03127709566731518,-0.0372230017776487,0.03660263708974032,1.0,0.0,-0.027883294269780978,0.8641754045382684,True,Energy,0.6321557072996589
FDX,2026-09-28,285.85,289.8,283.2,289.65,1898298,35.3,T2,,MKDN,0.025729223294943433,-0.020757970181547902,-0.12460710831721478,-0.15230179402382282,0.16682676913224403,-0.04522170778280754,-0.0788063392305528,-0.09320851801202557,0.0,0.0,-0.04127038626609436,1.1058647832546915,True,Industrials,0.6321999378073399
RJF,2026-09-29,161.04,161.76,158.67,159.85,898258,33.7,,Z9,MARKUP,0.02391945226812503,0.0028860028860029363,-0.1028231464331818,-0.12521206151151976,0.15975027543150921,-0.03803423159505703,-0.05247323853412256,-0.01794716998267787,1.0,0.0,0.00019292604501619515,0.9692696839913721,True,Financials,0.6326378450894443
ASH,2026-09-29,67.94,68.54,67.15,68.44,687119,37.4,T4,,MARKUP,0.026502170854798918,-0.01751363766867642,-0.06668484931133234,-0.12536741214057512,0.36422553467271535,-0.02489323421429812,-0.023354733173515663,0.08156250056351722,1.0,1.0,-0.008856088560885489,0.9593180479112584,True,,0.632814314780933
BCPC,2026-09-30,167.66,167.85,164.95,164.96,181061,38.1,,Z6,MARKUP,0.0198769282992363,-0.0194959581550167,-0.04817956263343137,-0.09852997431553634,0.23763213530655405,-0.02217945770732732,-0.02896086413576171,-0.013463180206301106,1.0,0.0,0.006467752760998202,0.850194683886895,True,Materials,0.6328329500609259
CACC,2026-09-28,555.48,555.48,541.61,550.0,89164,33.1,,Z1,MARKUP,0.03159802701851808,-0.025289311854254093,-0.0754593286153743,-0.17770534940047245,0.06593320235756374,-0.04728126496741558,-0.057366130214710376,0.008209890762214567,1.0,0.0,-0.03691519817913469,1.104335438205383,True,Financials,0.6329186227580563
AVNT,2026-09-30,40.95,40.95,40.03,40.25,752069,39.9,,Z2,MARKUP,0.026247130209150253,-0.017573834513058273,-0.05560769591740966,-0.13700686106346482,0.4533789563729682,-0.02698441873026569,-0.020117523810585625,0.05688472826380253,1.0,0.0,0.007804632426988922,1.008582794131556,True,Materials,0.6329577678824692
NOG,2026-09-30,22.96,23.37,22.8,22.88,2227309,38.0,,Z5,MKDN,0.036781196241856474,-0.011235955056179803,-0.1320182094081942,-0.1634369287020111,0.4999999999999998,-0.05641599212589987,-0.04748555469197835,-0.04538779752551725,1.0,1.0,-0.014065934065934038,1.0924331270784626,True,Energy,0.6330477871874752
ACN,2026-09-25,177.12,180.04,175.74,176.11,4959885,44.3,,Z2G,MKDN,0.040636357548701416,-0.02857300457829981,-0.06014515956879063,-0.10889035065526476,0.6841332746220463,-0.037541900915432413,-0.006597363135282253,-0.09578223123108665,0.0,0.0,0.00142458259729894,1.0305933369589748,True,Industrials,0.6340140504219735
LYNX,2026-09-28,12.72,12.92,12.2,12.27,614165,47.0,,Z1G,ACC-TR,0.06419282824082209,-0.07951987996999255,-0.12731152204836427,,,-0.07711101756380734,,,0.0,1.0,-0.0008190008190009923,0.8522632624721553,True,,0.6340617677103098
JAZZ,2026-09-24,235.82,236.52,232.0,236.28,551312,39.9,T9,,MARKUP,0.02657353137833631,-0.03100393700787407,-0.05218821452926303,-0.11299647120654699,0.13480885311871224,-0.0274643643097372,-0.031553142094115305,0.10876128655326633,1.0,1.0,-0.0186864406779661,0.9318456889720946,True,Healthcare,0.6340633833823799
ALK,2026-09-23,41.25,42.06,39.5,39.7,4079768,40.0,,Z2G,MKDN,0.04058445575643675,0.0005040322580645018,-0.08377567505192696,-0.25960462513987315,0.05563093622795119,-0.0406479682903641,-0.08120457260422709,-0.12673967892981808,0.0,0.0,0.015946502057613055,1.2538285733307903,True,Industrials,0.6342545998707412
NNI,2026-09-24,125.71,126.65,124.28,125.03,122440,38.7,,Z6,MKDN,0.018698362552123402,-0.012245220413967473,-0.021521364845828783,-0.10692857142857137,0.10251798561151122,-0.01228089903339702,-0.02541567388234167,-0.036123192096373935,0.0,0.0,0.005420273440660095,1.0080765816625383,True,Financials,0.6343535877313736
SBRA,2026-09-28,19.85,19.96,19.68,19.82,1856367,38.9,,Z9,MARKUP,0.019484524245122807,-0.0025163563160544022,-0.03833090732654043,-0.12955643390425997,0.12721893491124256,-0.017374309728189985,-0.02507306613105653,-0.0032868720266889806,1.0,1.0,-0.00507872016251909,0.9464689561922291,True,,0.6344972657748225
CALM,2026-09-21,72.84,73.2,71.95,72.53,861593,29.3,,Z2G,MKDN,0.029229055756270078,-0.0331911490269261,-0.12403381642512068,-0.23853018372703416,0.024892703862660875,-0.0497129472359914,-0.08583245287220342,-0.12427247333512659,0.0,0.0,-0.012896144875840232,1.0907208140305868,True,,0.6349862338964644
AVY,2026-09-24,172.64,173.35,168.41,169.01,629250,43.5,,Z1,MARKUP,0.024703667658534368,-0.01215734408790703,-0.07305435199912258,-0.10058006492469806,0.43055137089484763,-0.01748033454176756,-0.014178093481223009,-0.010808184406746246,1.0,0.0,0.00503446209169911,0.8942855880929838,True,Materials,0.6352456857148423
SM,2026-09-28,34.5,34.75,33.47,33.55,3683326,41.0,,Z6,MARKUP,0.0449097351888186,-0.03453237410071952,-0.08383397050791919,-0.192733397497594,0.47440944881889735,-0.06377107255839587,-0.032907026652934324,0.12275424347236674,1.0,0.0,-0.029292343387470887,0.8738565390416309,True,Energy,0.636110949602225
GLOB,2026-09-30,34.04,35.4,34.02,34.7,843270,42.0,T2G,,MKDN,0.05020933042821813,0.007256894049346929,-0.1255040322580644,-0.1668667466986794,0.4758672699849173,-0.04150769333122384,-0.057211865740445456,-0.2299110792801573,0.0,1.0,-0.04208998548621201,0.7604804644637626,True,,0.636723432403788
NEXA,2026-09-30,12.52,12.62,12.14,12.19,407078,40.6,,Z4,MARKUP,0.05291896346161136,-0.04616588419405321,-0.07088414634146345,-0.23573667711598745,0.11737089201877934,-0.05657978540236075,-0.08427778276095588,0.0055008465891290825,1.0,1.0,-0.011725293132328174,0.626212121667391,True,,0.6370969991589184
DIOD,2026-09-21,94.43,94.43,90.68,90.73,686601,48.1,,Z4,MARKUP,0.05261380045369942,0.004650647768796423,-0.03519778817524455,-0.17600581236944868,0.45820519988817454,-0.00885070355098272,-0.026107731454161787,0.07845167316468027,1.0,0.0,0.012591815320041944,0.998325696328388,True,Technology,0.6371300337777005
R,2026-09-24,237.23,238.56,235.3,236.25,190212,33.3,,Z9,MARKUP,0.022554402382158924,-0.011175288799598171,-0.05363723762217587,-0.15039378573740425,0.048247610377788,-0.025289916802385126,-0.05069621329897023,0.017793931146971254,1.0,1.0,-0.005479568430889481,1.0271101806330036,True,Consumer Discretionary,0.6371812557286008
SCHW,2026-09-29,98.07,99.13,97.4,99.1,8084898,33.1,T4,,MARKUP,0.02339384484978266,-0.012456402590931726,-0.0976142779093061,-0.13472452632498044,0.09924109748978337,-0.04419071795258711,-0.04969138061994638,0.0010867784205554898,1.0,0.0,-0.019133937562940462,0.9868674657398148,True,Financials,0.637471723806531
ECHO,2026-09-28,89.8,91.72,88.75,89.22,2635899,43.5,,Z2G,MKDN,0.03284852046010064,-0.06438758389261745,0.02740672501151531,-0.14817643689134996,0.3027852650494159,-0.02396974829123233,-0.0250401124245212,,0.0,0.0,0.0532874436268691,0.9144691850717886,True,Communication Services,0.6377227142349935
SBAC,2026-09-22,176.39,179.13,174.23,175.84,710687,37.7,,Z2,MKDN,0.028513445897476362,-0.03986021622802216,-0.04987302101907376,-0.09468156309529929,0.20424058848983132,-0.03689496991678842,-0.04815729819649239,-0.09081484572824594,0.0,0.0,-0.027517302969412905,1.1702203274071095,True,,0.6380771620733017
AR,2026-09-29,33.96,34.21,33.45,33.57,3541771,34.1,,Z2G,MARKUP,0.03516059880277527,-0.024694944799535157,-0.12759875259875253,-0.16492537313432842,0.12992125984251987,-0.07056097440191267,-0.07976032494581031,-0.07511977064466568,1.0,1.0,-0.003277711561382568,1.127300624243052,True,Energy,0.638092326772142
AAL,2026-09-30,13.57,13.59,13.2,13.37,55205391,47.2,,Z2G,MARKUP,0.03541737001893043,0.0014981273408238849,0.03243243243243232,-0.2307249712313003,0.16977225672877821,-0.0044335141563165426,-0.03671499483358087,-0.02865920741184036,1.0,0.0,0.043824701195219085,0.9675004805526498,True,Industrials,0.6381101718301665
CARE,2026-09-25,30.12,30.34,29.89,30.31,184671,40.0,T2G,,MARKUP,0.025313687658542836,-0.015589477102955551,-0.054290171606864224,-0.15945646145313375,0.07852564102564075,-0.019641737156914973,-0.03137456763990221,0.11292690688886253,1.0,0.0,0.002012072434607548,1.0219598314314164,True,Financials,0.6382038760375254
WTFC,2026-09-25,145.42,146.49,144.74,146.11,317288,36.6,T2G,,MARKUP,0.019069359463249527,-0.009558026030368705,-0.04490783108903107,-0.1262408802774787,0.14012219959266903,-0.020724441541669192,-0.04293887652419737,-0.017640688755585998,1.0,1.0,-0.020123626373626413,0.8439768622937104,True,Financials,0.638657140779896
AMRZ,2026-09-28,38.0,38.38,37.49,38.05,3703586,33.9,T10,,MKDN,0.031316455741528054,-0.01399326250323929,-0.14819789567942698,-0.29990800367985293,0.06750572082379859,-0.05082250783649511,-0.13020843863015508,-0.23788061616492795,0.0,1.0,-0.013643659711075617,0.8717970379186603,True,Materials,0.6388013677346901
USB,2026-09-28,59.12,59.33,58.66,58.78,5761030,35.7,,Z9,MARKUP,0.019588173527205682,-0.027465254798146876,-0.05906835280934841,-0.11047215496368035,0.10209102091020895,-0.03151795908014765,-0.04238460116816345,0.022068741640369982,1.0,0.0,-0.014623363373575948,0.9283913512683235,True,Financials,0.6392227807260813
KMI,2026-09-25,31.01,31.27,30.59,30.75,10019728,42.1,,Z2G,MARKUP,0.023204145862478702,-0.03423366834170849,-0.025047558655675317,-0.07546602525556223,0.11929824561403513,-0.019050256474258842,-0.0267546364591863,-0.01308360845844192,1.0,0.0,0.005919105557382398,0.8444252035965217,True,Utilities,0.6397770513524474
VLY,2026-09-25,13.03,13.15,12.99,13.08,5441648,33.9,T2G,,MARKUP,0.022520976590459766,-0.03752759381898452,-0.06236559139784936,-0.1394736842105263,0.12396694214876063,-0.03608406415719545,-0.05975969718503127,-0.008045258348968076,1.0,0.0,-0.038374717832957095,1.0214289807620511,True,Financials,0.6400718436830289
AIN,2026-09-21,61.17,61.17,59.15,59.33,182961,43.3,,Z4,MARKUP,0.038258233042474526,-0.014288087722213016,0.0038917089678509598,-0.2294805194805195,0.22669584245076585,-0.01965468660996439,-0.05844544849492328,-0.04778702424937953,1.0,0.0,0.08070175438596494,1.0027012695568767,True,Consumer Staples,0.6413487351700994
PPL,2026-09-29,32.08,32.62,31.92,32.58,7090790,35.8,T4,,MKDN,0.016755567928258202,-0.009124087591241059,-0.04541459126867875,-0.1208850512682138,0.1869328493647908,-0.022075814698532703,-0.05063708049947557,-0.08611308860636968,0.0,0.0,-0.03810975609756084,0.9913422848648029,True,Utilities,0.6414919287389867
MTRX,2026-09-30,9.55,9.62,9.38,9.57,656649,31.4,T9,,SPRING,0.03597293842924168,-0.021472392638036686,-0.10560747663551395,-0.2604327666151468,0.05337078651685381,-0.05091374761825396,-0.11645216861343921,-0.19755409999512452,0.0,0.0,-0.03298969072164937,1.1263746350962336,True,,0.642131393231882
NTRS,2026-09-28,175.85,176.12,173.6,174.55,832429,37.7,,Z4,MARKUP,0.022066994435772293,-0.024587873707739516,-0.06552813319770856,-0.10843804270099089,0.12991803278688588,-0.027158093653905202,-0.03416801170796613,0.06229847417930778,1.0,0.0,-0.01967738245052053,0.9441465712218363,True,Financials,0.6421985910611471
APD,2026-09-29,277.75,281.06,276.47,279.19,1062173,34.8,T3,,MARKUP,0.019629573818538006,-0.030118807753769294,-0.0978155496671621,-0.11066161246137673,0.07261078483715888,-0.033134925080934186,-0.0486575450393848,-0.03128151922298772,1.0,0.0,-0.010380498979847386,0.8578988299613376,True,Materials,0.642260401448477
PEGA,2026-09-30,33.4,33.77,32.36,33.28,3091309,42.0,,Z11,MKDN,0.043251444067630394,-0.05400795906765199,-0.09269356597600864,-0.1457905544147844,0.5901875901875901,-0.04119230696180343,-0.02947175913945732,-0.14219595348487357,0.0,1.0,-0.050827067669173,0.7913367701490687,True,Technology,0.6425605811974453
PLD,2026-09-29,131.71,133.19,130.71,132.61,4146851,35.3,T3,,MARKUP,0.016086378084870675,-0.024065351780983124,-0.05224413950829032,-0.13524616889468521,0.08392226148409924,-0.02153013575665097,-0.04089735520902871,-0.02501363361034703,1.0,0.0,-0.016034327009936677,0.9345457560087089,True,,0.6427187672868581
FIS,2026-09-25,35.06,35.6,34.91,35.41,6238627,31.3,T1,,MKDN,0.03327825118424551,-0.0058955642897249305,-0.1267570900123305,-0.2464354117897426,0.09318715740015641,-0.05576815975181171,-0.1061635692976659,-0.25587572319285656,0.0,0.0,-0.036870250492541556,0.9761990272382529,True,Industrials,0.6427891276756011
EXC,2026-09-21,41.91,42.23,41.84,41.98,6379070,31.1,T5,,MKDN,0.01775805271803958,-0.017322097378277168,-0.04111466423024224,-0.13514627111660493,0.020895522388058738,-0.03174893538367085,-0.055735533319041686,-0.07665573685610805,0.0,0.0,-0.017840375586854362,0.9121213862619028,True,Utilities,0.6428029440335189
LYV,2026-09-30,171.39,172.92,169.23,169.3,1873921,40.7,,Z2,MARKUP,0.022580615372768807,0.0015973495829142426,-0.04458239277652354,-0.10541611624834868,0.1378565254969749,-0.015937451591222174,-0.030863241872997604,0.016476685258971058,1.0,1.0,-0.0017427884615384137,0.8668630443552944,True,Communication Services,0.6428168024506701
AMPX,2026-09-24,9.51,9.86,9.37,9.69,4707600,46.2,T5,,ACC-TR,0.05797983468754358,0.01572327044025168,-0.04999999999999993,-0.3303386316516932,0.20729684908789384,-0.010289939045308283,-0.09539264955520144,-0.21214711562909605,0.0,0.0,0.05022831050228316,1.0614012402619193,True,Industrials,0.6428894832715596
ITIC,2026-09-30,289.05,291.31,281.72,282.9,71540,40.6,,Z1,MARKUP,0.02701083046853763,-0.027367118201196527,-0.03614868317944875,-0.08609271523178819,0.3354114713216953,-0.03051927433826962,-0.01938612478699686,0.06751961898643066,1.0,1.0,-0.0017009213323881944,0.8764664100358774,True,Financials,0.6429404035304354
CNP,2026-09-30,37.15,37.2,36.79,36.8,5829737,29.6,,Z3,MKDN,0.01712112580446458,-0.009687836383207693,-0.06764631365594131,-0.1869200176756518,0.04836895388076487,-0.032646840442323244,-0.06894258767091888,-0.09752216063630159,0.0,0.0,-0.01808855291576683,0.9696708448797088,True,Utilities,0.6430975884550669
PRK,2026-09-28,181.59,182.62,180.09,181.5,114751,33.1,,Z9,MARKUP,0.021883598659567932,-0.007600196839630313,-0.08388855239248938,-0.15581395348837213,0.07815079801871225,-0.026617260081357452,-0.043356416364147554,0.0122439066982174,1.0,1.0,-0.0038472260942291614,0.8335762087345562,True,Financials,0.6431343570390363
OPCH,2026-09-25,22.82,23.15,22.72,23.07,1168896,42.7,T3,,MKDN,0.029428719093047853,-0.050617283950617264,-0.03794829024186819,-0.07572115384615385,0.5584112149532711,-0.025933181289136686,-0.015986446257720388,-0.09138541967118019,0.0,1.0,-0.014744145706851675,0.8838619721648803,True,Healthcare,0.6435213032116122
KGC,2026-09-21,28.2,28.27,27.43,27.79,5341256,43.7,,Z2,MARKUP,0.04101093071662072,-0.013839602555003605,-0.15170940170940173,-0.1699522102747909,0.4915102770330653,-0.04113095128885458,-0.016568121876126773,0.009724300772749883,1.0,0.0,0.015555555555555545,0.7922193159178034,True,,0.6439339768169355
EXPO,2026-09-29,63.86,65.26,63.55,64.53,783701,36.7,T2,,MKDN,0.02798099601266771,-0.025520990637269647,-0.09125475285171103,-0.1027530589543938,0.4139571768437747,-0.03224407890148906,-0.02878465697518351,-0.02985649663409473,0.0,0.0,-0.04780027401430964,1.029336682399351,True,Industrials,0.6439667375449712
TIGO,2026-09-24,91.67,92.28,90.1,91.0,750685,40.9,,Z2G,MARKUP,0.030013680523869976,-0.049012435991221626,-0.05366056572379363,-0.15056473443479879,0.23263558515699342,-0.03443775531055904,-0.02789800058319558,0.1303197875501172,1.0,0.0,0.010769575947946919,1.0481291835815103,True,,0.6439943455528414
GCMG,2026-09-29,13.13,13.13,12.65,12.8,375343,44.6,,Z4,MARKUP,0.030414681761988253,-0.03250188964474676,-0.07179115300942707,-0.13920645595158032,0.3630769230769235,-0.01753161491868427,-0.014992293039285287,0.051268858625848734,1.0,1.0,-0.002417405318291599,1.1153925089265748,True,Financials,0.6441624919746829
CME,2026-09-30,261.86,264.88,260.49,261.98,1903241,38.5,T5,,MKDN,0.022442090510070678,-0.03257016248153621,-0.0854250305463431,-0.09630907209382533,0.4972087160093648,-0.030321588708467462,-0.026659446058721836,-0.04171659582203646,0.0,0.0,-0.030158849093361306,0.9194544183104453,True,Financials,0.6443605634755647
DASH,2026-09-21,193.85,194.95,188.71,193.83,5059259,36.2,,Z10,MARKUP,0.03713704875802898,-0.04770561069077317,-0.1327128730591972,-0.18841854038437378,0.3771626297577855,-0.05811358525996879,-0.04656748110399056,-0.01005038554559079,1.0,1.0,-0.015853976531942537,1.1295523711371305,True,Industrials,0.6450792994736821
TDW,2026-09-28,85.0,85.39,83.15,83.27,411766,39.8,,Z2,MARKUP,0.039217155892096935,-0.0268785789412177,-0.10095011876484572,-0.18025201811380198,0.4617871840094061,-0.05670944411346068,-0.03883683280025507,0.08291087966366062,1.0,0.0,-0.0202662896194179,0.7511679586601255,True,Industrials,0.6450953690105263
WRB,2026-09-25,67.16,67.28,66.32,66.82,2235139,33.5,,Z2G,MARKUP,0.01940633462613,-0.04529218459779971,-0.02224173251390127,-0.13724983860555207,0.04492362982929017,-0.031580093529596676,-0.03981149526566441,-0.043224226410126576,0.0,0.0,-0.015439429928741144,0.8143109918304667,True,Financials,0.6450995936235514
UDR,2026-09-29,33.84,34.15,33.6,33.95,3096331,29.7,T9,,MKDN,0.0169070421218256,-0.004398826979472137,-0.08119079837618404,-0.19166666666666665,0.06936416184971116,-0.02560341913195119,-0.06358405902391084,-0.08851981131348596,0.0,1.0,-0.009798099762470258,0.9622058164828534,True,,0.6452219608933354
MANU,2026-09-21,19.24,20.51,19.24,20.41,267083,39.4,T4,,MARKUP,0.029503188319353838,0.011397423191278566,-0.14063157894736844,-0.1652351738241309,0.22456813819577764,-0.024245194640319934,-0.05322052477205208,0.029296469295292615,1.0,1.0,-0.03121852970795569,0.8864016734580281,True,,0.6452685034184925
USLM,2026-09-29,112.13,112.31,109.83,110.5,96028,39.4,,Z4,MKDN,0.029637274451513013,-0.02882756196168046,-0.06458985863032252,-0.10199106054449414,0.5313666915608665,-0.02827974419497714,-0.03167815370874283,-0.03872945805619943,0.0,0.0,-0.05357934888672056,0.9117859530495561,True,Materials,0.6456194231776172
AXP,2026-09-29,307.08,307.18,303.97,305.4,3111950,34.2,,Z2,MKDN,0.01950269389010838,0.0010817189497491775,-0.07502195838507442,-0.15900203778157185,0.08682587379408438,-0.032647382610971554,-0.06041113148891797,-0.07255191621967261,0.0,1.0,-0.01691415085062431,1.0996363068203427,True,Financials,0.6459206957611874
CBU,2026-09-29,60.55,60.97,59.51,59.83,225763,32.3,,Z2,MARKUP,0.018307065420037096,-0.02142623487078843,-0.046533864541832726,-0.15862747855435244,0.027586206896551745,-0.033435122294873,-0.052899867169469594,-0.0426965636833998,1.0,0.0,-0.024586133420750667,0.9332232540361443,True,Financials,0.6459796805650515
KTOS,2026-09-25,46.97,47.45,45.31,45.62,3189623,35.8,,Z9,MKDN,0.054169524639690915,-0.038769490096923764,-0.15030731979884526,-0.32011922503725776,0.10537276134943753,-0.05937324214764328,-0.10837277128474077,-0.2549417026378813,0.0,1.0,-0.014515064877941408,1.0981196261892332,True,Industrials,0.6459935629208186
GPK,2026-09-25,9.4,9.44,9.24,9.38,4222658,36.6,,Z10,MKDN,0.0439274131630684,0.007518796992481258,-0.1721094439541041,-0.2336601307189542,0.09493670886075971,-0.05461525186584171,-0.10129926825985502,-0.22693009298659395,0.0,1.0,-0.01943844492440605,1.0701278423508784,True,Materials,0.6461766182708665
PEP,2026-09-29,126.51,128.94,126.42,128.69,8414456,29.6,T6,,SPRING★,0.017740336084713655,-0.019056330512996378,-0.08301268348296997,-0.1365405260332796,0.10035366931918643,-0.032722203587092324,-0.05908681342535804,-0.10198348515926758,0.0,1.0,-0.012189404594467934,0.876366730347099,True,Consumer Staples,0.6462473278321115
ADUS,2026-09-30,113.42,113.42,110.38,110.54,330869,34.6,,Z4,MARKUP,0.026726161385255864,-0.038197163490820474,-0.0350065473592317,-0.10232255968815973,0.32403433476394883,-0.03987122991112835,-0.03292880657345221,0.017194817617515845,1.0,0.0,-0.026116110817010818,1.0016968473839216,True,Healthcare,0.6466499705839523
CHD,2026-09-30,95.44,95.84,94.22,94.22,2383787,38.0,,Z6,MARKUP,0.01792134982347248,-0.01874609456363252,-0.052398672432867444,-0.09673089828396131,0.10549645390070901,-0.019813208732389898,-0.03175892756951315,-0.020924202321788488,1.0,0.0,0.012791572610985735,0.9190621653326212,True,Materials,0.6469083758693486
SA,2026-09-28,28.58,29.27,28.41,28.49,584344,41.3,,Z1G,MARKUP,0.05675209731473666,-0.07858990944372579,-0.12040753318925601,-0.1887813211845102,0.4199475065616797,-0.07244792090880958,-0.06190784978202002,-0.0037864814050743156,1.0,0.0,0.00035211267605639307,0.9014953243765393,True,,0.6469337512473269
SUN,2026-09-29,74.0,74.21,72.61,72.61,595960,40.6,,Z2G,MARKUP,0.028429971347332512,-0.006974835886214503,-0.04510783798001061,-0.09486412365993513,0.387771520514883,-0.04026663125138419,-0.027941358702775143,0.07561988855255075,1.0,0.0,-0.003294440631434359,0.8962978653342042,True,Energy,0.6476981196730698
AIG,2026-09-24,75.9,76.14,74.73,74.82,3168137,42.3,,Z4,MKDN,0.018488621247759383,-0.011363636363636576,-0.027932960893854775,-0.09254093389933304,0.10446009389671206,-0.01190957548258964,-0.020990172475864988,-0.03443079246561631,0.0,1.0,-0.000270453008789695,1.0139734846385433,True,Financials,0.6480848190413383
JOBY,2026-09-30,6.06,6.23,6.03,6.05,20865969,35.7,,Z10,ACC-TR,0.048392276174240925,-0.03200000000000003,-0.09566517189835588,-0.33296582138919517,0.038216560509554166,-0.05637997300813158,-0.14148460104610383,-0.34078366602360033,0.0,0.0,0.00337268128161905,0.8459575563112507,True,Industrials,0.6484251799065841
TBN,2026-09-21,37.68,38.2,36.27,36.52,121179,44.7,,Z2G,MARKUP,0.047382952809849145,-0.027947830715996713,-0.03818804319199354,-0.1292322365283738,0.5249780893952677,-0.04106334598068517,-0.005170967862577314,0.10981404196294098,1.0,0.0,0.003042035398230336,0.9051539583408997,True,Energy,0.6484777191127582
OZK,2026-09-25,46.6,47.05,46.48,46.89,1106144,35.1,T2,,MARKUP,0.018636305880543835,-0.020676691729323293,-0.05157766990291257,-0.12009757928316755,0.12448700410396764,-0.027772358243123962,-0.04748129534755685,-0.039187644280805456,1.0,0.0,-0.029138513513513598,1.012900472421871,True,,0.6484927055939821
OKE,2026-09-28,89.6,89.63,88.28,88.62,3309977,35.3,,Z2,MARKUP,0.027330003314442828,-0.03464052287581687,-0.06479527226677928,-0.11237980769230771,0.31418092909535456,-0.04170891433888324,-0.04091563499167894,0.01290089608425582,1.0,0.0,-0.03719960495994734,0.8035376912139807,True,Utilities,0.6485088849890771
KURA,2026-09-30,10.9,10.95,10.61,10.71,1871402,39.8,,Z3,MARKUP,0.049641483662932334,-0.029891304347825942,-0.16912335143522106,-0.2294964028776978,0.3720472440944883,-0.056528087633180846,-0.04885988643778094,0.06453403080164377,1.0,0.0,-0.04251386321626627,0.9203683009090919,True,Healthcare,0.6489685234793352
HFWA,2026-09-30,27.91,28.02,27.35,27.63,428436,36.3,,Z2,MARKUP,0.01926567965574051,-0.0114490161001789,-0.03256302521008403,-0.11584000000000005,0.0717948717948712,-0.02450682537505433,-0.03655916908016177,0.0048548342944900735,1.0,1.0,-0.007259528130671433,0.9026572499496022,True,Financials,0.649076315032988
KVUE,2026-09-22,17.95,17.99,17.84,17.86,14289929,37.5,,Z5,MARKUP,0.01933661221996402,-0.0033482142857144126,-0.08080288214101905,-0.11276701440635861,0.1401515151515155,-0.0212900526240698,-0.03753839450923424,-0.03383553334450573,1.0,1.0,-0.0062500000000002,0.8223202827632459,True,Materials,0.6494259782783605
TFSL,2026-09-25,16.73,16.86,16.68,16.72,550325,37.8,,Z5,MARKUP,0.01896573127639682,-0.010650887573964485,-0.0664433277498605,-0.14212416623909696,0.07666666666666681,-0.018001472248303618,-0.028931295728925166,0.046046484038778646,1.0,1.0,-0.000606060606060721,0.8912176938467314,True,Financials,0.6496170725005684
PRU,2026-09-29,115.58,116.36,114.42,115.06,1457091,38.1,,Z2G,MARKUP,0.021152432447163444,-0.02209756926738049,-0.02159863945578222,-0.09912308174130913,0.1714659685863877,-0.028321351466069622,-0.02533468855579002,0.03731228838253875,1.0,0.0,-0.007718324516520658,0.9215665153797513,True,Financials,0.6498223520029613
XMAX,2026-09-29,8.75,8.76,8.63,8.65,377641,45.8,,Z1,MARKUP,0.021880146084799285,-0.02480270574971799,-0.035674470457079166,-0.07978723404255317,0.33628318584070843,-0.010852218950874848,-0.009663406515255324,,0.0,0.0,0.02375296912114,0.8416202807872956,True,Materials,0.649845598511243
ALLY,2026-09-25,38.75,38.98,38.19,38.79,2917135,28.4,T2G,,MKDN,0.02475437422185897,-0.03025,-0.09241927936359384,-0.17133091219824825,0.06960556844547576,-0.04950345532868816,-0.0810033852480595,-0.08244724704066697,0.0,0.0,-0.04141566265060259,0.9707289732872233,True,Financials,0.6500101062546059
FTDR,2026-09-30,73.65,74.26,72.52,73.12,570404,36.3,,Z4,MARKUP,0.03465743264521831,-0.01122379986477351,-0.08036724940259088,-0.2173819972171679,0.13463996591393307,-0.0512632129087649,-0.058455048091963335,0.04824605081912425,1.0,1.0,-0.03898768809849518,1.1469062115688708,True,,0.6500902408664945
MKL,2026-09-29,1735.85,1742.98,1726.71,1740.09,57563,33.7,T10,,MKDN,0.01543111389619751,-0.013196397786044867,-0.034843669401134925,-0.15298120591714248,0.07119425480982335,-0.019029414126541022,-0.04169967799391361,-0.08258609579938558,0.0,0.0,-0.017435368891179248,1.0321218545354223,True,Financials,0.6506023688642911
ALLE,2026-09-21,153.09,153.09,151.35,151.36,1527997,41.2,,Z2,MARKUP,0.02271428558292799,-0.025934744835574786,-0.0674634957796808,-0.11418037104231282,0.4869839600315543,-0.023237168905212435,-0.014360763369897667,0.005238528729439862,1.0,0.0,0.0030526245935365015,0.9739856622238834,True,Industrials,0.650697546621607
ROAD,2026-09-21,95.37,96.09,93.5,94.46,784723,35.9,,Z11,MKDN,0.04344492482211467,-0.025281188731813065,-0.15788535258981906,-0.2523349691309167,0.03159173754556476,-0.06260988410316692,-0.10617665066135762,-0.15467720016327913,0.0,0.0,-0.014129059468578675,1.1642649381548102,True,,0.6509495123820563
PLGO,2026-09-30,23.89,23.99,23.59,23.66,670784,40.1,,Z4,MARKUP,0.02092219530297075,-0.010455876202425718,-0.043654001616814764,-0.10174639331814728,0.5118397085610199,-0.020055038179295104,-0.02400046017041857,,0.0,0.0,0.00639931740614319,1.0230260088258296,True,,0.6509698226806164
MMED,2026-09-29,20.31,20.36,19.73,20.04,3344592,42.3,,Z9,MARKUP,0.04783500891208808,-0.05471698113207546,-0.010858835143139345,-0.17969709373720832,0.5488180883864336,-0.04785444987375642,0.003931314520179585,,0.0,0.0,0.04562334217506625,1.066063652740566,True,,0.6511270541805702
TDS,2026-09-30,34.29,34.72,33.49,33.92,2014679,36.1,,Z2,MKDN,0.03169733288161644,-0.06889925885259396,0.008923259964306984,-0.11689664149960932,0.3492753623188409,-0.05053018334682069,-0.053561605747274754,-0.1173883979407142,0.0,0.0,0.02604166666666674,1.0581849289185434,True,Communication Services,0.6513472695033531
SFST,2026-09-28,60.25,60.82,59.75,59.93,63030,38.8,,Z1G,MARKUP,0.023459271261523133,-0.02123142250530785,-0.03742370703501441,-0.07927485020740521,0.2691218130311612,-0.025973889687889717,-0.02892886261729588,0.04679661692353676,1.0,0.0,-0.01393265881572392,0.9273807373225837,True,Financials,0.6514842615309403
CPF,2026-09-28,36.85,37.12,36.33,36.36,158880,37.2,,Z2,MARKUP,0.02187524285289676,-0.017031630170316392,-0.03885804916732749,-0.1129543791168578,0.019067796610168712,-0.0241158901613463,-0.03097231371028686,0.03613451834188108,1.0,0.0,-0.01252382248842887,0.8894903720176889,True,Financials,0.6518710252536462
KBR,2026-09-25,34.51,34.65,33.88,34.54,1402947,34.9,T5,,MKDN,0.030160326350681187,-0.028137310073157007,-0.09557475778999736,-0.11322207958921704,0.35337243401759477,-0.044780142336350304,-0.05220211655657814,-0.09736314454719963,0.0,0.0,-0.04643962848297212,1.1219618606004103,True,,0.6519352443474106
CTSH,2026-09-25,57.11,58.28,57.0,57.33,4465723,42.5,T3,,MKDN,0.03753863630827606,-0.04242525471855685,-0.10084692597239653,-0.12366248853561612,0.6700652528548123,-0.04248010728904672,-0.008088195622547256,-0.04388207908186703,0.0,0.0,-0.01675591639315943,0.8433981767495607,True,Technology,0.6519428416014937
MMM,2026-09-30,169.19,169.5,164.08,164.15,3936086,40.5,,Z2,MARKUP,0.02161146721904725,-0.03611274221961247,-0.03577302631578949,-0.11222282314764742,0.337906828334397,-0.023990614720838188,-0.028928845026749528,0.010279574400128277,1.0,0.0,0.023772384101828248,1.0417574115578638,True,,0.6519801097626841
WM,2026-09-29,205.0,207.23,204.4,207.09,1536629,31.1,T4,,MKDN,0.015810871149975727,-0.0028409090909090606,-0.05403800475059373,-0.16208780093060893,0.06292397660818708,-0.02571935274071413,-0.05186706807704966,-0.0741002595205622,0.0,1.0,-0.009401957933507843,0.8983653695268179,True,Utilities,0.6520200459163749
VG,2026-09-30,12.52,12.84,12.47,12.64,9306800,37.7,T4,,MARKUP,0.05241257486668778,-0.047475508666164234,-0.16346790205162143,-0.22453987730061353,0.1527777777777778,-0.07544269420212979,-0.07874734354372326,-0.0031676069187793754,1.0,0.0,-0.041181041181041156,0.8699518282355236,True,Utilities,0.6520612630061802
KEX,2026-09-30,132.32,132.32,129.99,131.25,461073,38.4,,Z3,MARKUP,0.024885690858675417,0.009304829283297567,-0.0688187300461156,-0.1337777191129884,0.1518828451882843,-0.025858956069937822,-0.04163062219877833,-0.009343418706630024,1.0,1.0,-0.017703201970443172,1.0888930481103625,True,Industrials,0.6522486360714546
AMRC,2026-09-24,22.09,22.09,20.96,21.67,481114,41.7,,Z2G,MKDN,0.06368356771418716,-0.08565400843881843,-0.022111913357400703,-0.3213279047917319,0.24280442804428062,-0.06480598496936263,-0.09484421143386079,-0.17372295938496518,0.0,0.0,0.02896416298478144,0.9825464088900474,True,,0.6522537003729453
NBIX,2026-09-30,138.33,142.91,137.63,141.84,1847009,37.2,T2,,MARKUP,0.029059767744027482,0.01684708581260308,-0.09517734115845866,-0.23791102514506768,0.11102188315599279,-0.03283416795209282,-0.07431498745751441,-0.05461819270126744,1.0,1.0,-0.021604938271604923,1.139598177278856,True,Healthcare,0.6523481963550508
KSS,2026-09-23,18.41,18.55,16.97,17.04,3974872,45.6,,Z4,MARKUP,0.05746888169527748,0.03523693803159156,-0.03619909502262442,-0.1708029197080293,0.2747933884297517,-0.030067289902854566,-0.03817066090466348,0.030642850108349107,1.0,0.0,0.018102372034956238,0.8642434657772116,True,Consumer Discretionary,0.6524507197685473
BEN,2026-09-30,32.36,32.38,31.98,32.12,4526525,37.7,,Z1G,MARKUP,0.0240189744262601,-0.018037297462549784,-0.02960725075528714,-0.11466372657111368,0.08571428571428505,-0.031010335394269894,-0.034679234576848406,0.06541472019264383,1.0,1.0,-0.0024953212726138707,1.0353864482946984,True,Financials,0.652916597010357
CODI,2026-09-29,11.12,11.24,10.95,11.04,625984,44.6,,Z1,MARKUP,0.03231340210584186,-0.02559576345984116,-0.04498269896193785,-0.16679245283018873,0.37746478873239425,-0.01746039198532312,-0.008104434162527485,0.13883720788336817,1.0,0.0,0.007359705611775569,0.844341827276763,True,Materials,0.652918902368481
SENEA,2026-09-23,181.43,182.36,178.85,179.15,106673,42.0,,Z1G,MARKUP,0.03757665886651128,-0.03843057270141159,-0.06022137124272142,-0.14690476190476187,0.40131961963904533,-0.04174242823231655,-0.01881875879510153,0.15525526534851775,1.0,0.0,0.009539399412960003,1.0214827584557165,True,Consumer Staples,0.6531046791188371
CFG,2026-09-25,65.03,65.77,64.69,65.53,3852388,35.3,T1G,,MARKUP,0.023143480786511232,-0.022523866348448718,-0.06625819321744097,-0.13009425195805124,0.14634146341463417,-0.035687145719665914,-0.052139972048607874,0.017264327971320048,1.0,0.0,-0.027566250380749224,1.0865538490849453,True,Financials,0.6532780679345572
AUB,2026-09-25,38.79,39.0,38.56,38.78,1440895,37.2,,Z5,MARKUP,0.01893664742313474,-0.006405329233922674,-0.05020818025961293,-0.10993803075510666,0.13067150635208696,-0.019273972793888206,-0.0373828787601268,0.00364252738758708,1.0,1.0,-0.010400416016640657,0.8740166660879416,True,Financials,0.6536762773822578
AHR,2026-09-25,52.3,52.48,51.9,52.02,2723297,36.9,,Z1,MARKUP,0.02106093986071506,-0.00249280920421846,-0.07896600566572232,-0.11379897785349236,0.09607577807848455,-0.024890167839178745,-0.033201189870276426,0.027136692180410593,1.0,1.0,-0.011939148854226755,0.9182442436144729,True,,0.654380158318748
BKU,2026-09-24,43.51,43.62,43.1,43.39,702651,30.4,,Z10,MARKUP,0.021301922960753478,-0.030391061452513912,-0.06567614125753651,-0.12748843756283923,0.04374057315233776,-0.033015629615069875,-0.054326578514066304,-0.04336890940240867,1.0,0.0,-0.01620634558320022,0.9714762927071963,True,Financials,0.6544447797068096
CDP,2026-09-29,33.64,34.4,33.57,34.28,1638333,38.8,T4,,MARKUP,0.020389281426129592,-0.0017472335468842193,-0.0477777777777777,-0.11876606683804625,0.17939609236234438,-0.013694273919332978,-0.03209681632853567,0.022819618819624132,1.0,0.0,0.007213706041478751,0.9995196413158334,True,,0.6545108748287968
BLCO,2026-09-21,17.0,17.01,16.7,16.8,482801,41.8,,Z3,MARKUP,0.027602911993925457,-0.04436860068259374,-0.02552204176334094,-0.08992416034669559,0.41134751773049644,-0.025488320100724438,-0.011284893122215034,0.03400252734554776,1.0,1.0,-0.010137149672033274,0.9027113590671685,True,,0.6547183340444563
GOOGN,2026-09-23,49.17,49.17,47.99,48.0,1837944,45.1,,Z2G,MKDN,0.019504888516640617,-0.00887879413586623,-0.016191842590694838,-0.09125331313896257,0.2685887708649472,-0.01194644484701668,-0.0186819669137962,,0.0,0.0,0.022586831451097522,0.8507647985627427,True,Technology,0.6547945050894415
HSIC,2026-09-30,84.98,85.33,83.86,83.97,883511,38.1,,Z2,MARKUP,0.020970088154693072,-0.012698412698412653,-0.05140081337550828,-0.08906487307441968,0.1656504065040645,-0.029832456887938785,-0.0301834479533426,0.038738848901844314,1.0,0.0,-0.0034462269756387887,0.9639539712690104,True,Healthcare,0.6548817763696279
OMDA,2026-09-30,19.51,20.92,19.46,20.81,2197354,48.5,T1G,,MARKUP,0.0503433267503981,0.00579990333494429,-0.08887915936952717,-0.1823182711198429,0.3564493758668516,0.0019033382771356244,-0.018891485749998882,0.07652135887269562,1.0,1.0,-0.032625582599689285,0.9215466211867344,True,Healthcare,0.6554212313036071
FIBK,2026-09-29,36.62,36.69,35.92,36.0,1383887,39.7,,Z2,MARKUP,0.01908246156510515,-0.014778325123152691,-0.022004889975550168,-0.11330049261083752,0.01709401709401673,-0.023293287084258596,-0.032445109436953556,0.004680308143309997,1.0,0.0,-0.006637168141592764,0.9728885415887815,True,Financials,0.6556403043370714
FRME,2026-09-29,40.38,40.68,39.85,40.08,353296,37.1,,Z2,MARKUP,0.018005562519044234,-0.014022140221402246,-0.03351820593199906,-0.11581733951025808,0.08376963350785291,-0.02193278227800055,-0.036012621805559974,-0.01576261157396519,1.0,0.0,-0.012391573729863659,1.0042564398856315,True,Financials,0.6560453559328092
EL,2026-09-30,95.49,96.15,92.72,92.77,3463266,43.3,,Z6,MARKUP,0.034843295268713,-0.061317413740767046,-0.07230000000000003,-0.1440302638863259,0.474764468371467,-0.035200992470907244,-0.011838115607539113,0.033066656325252186,1.0,0.0,-0.014623655913978517,1.0735115872031447,True,Materials,0.6562642903082856
ALG,2026-09-30,158.57,158.57,154.71,154.77,187430,31.3,,Z1,MKDN,0.03185951285499636,-0.05994897959183665,-0.056855575868372865,-0.11605460049117589,0.027285782671135527,-0.05273716160614306,-0.058365290674555315,-0.09354255949213364,0.0,0.0,-0.03697227079690246,1.048671315751245,True,Industrials,0.6564058104405198
SJM,2026-09-30,121.0,122.24,118.46,118.91,1192606,39.3,,Z4,MARKUP,0.02404677913673836,-0.02859243525855726,-0.09519099071678583,-0.12495400691735958,0.4029535864978903,-0.02655238749712907,-0.016579444049933167,0.059453863030918264,1.0,0.0,-0.007623355952081856,0.8511501302353215,True,Consumer Staples,0.6564395206299418
RNST,2026-09-29,40.01,40.06,39.13,39.34,737840,33.9,,Z2,MARKUP,0.019862167659595253,-0.010563380281690016,-0.038376924957223,-0.1167489896722047,0.038817005545286686,-0.028330950384145903,-0.04548832318902818,-0.018065536455973863,1.0,1.0,-0.0005108556832693623,0.9853749941457041,True,Financials,0.6567482622110165
ACGL,2026-09-25,95.31,95.9,94.34,94.66,3836761,36.8,,Z2,MARKUP,0.019753642301832183,-0.023015791103313088,-0.04151478331308234,-0.11598804632050808,0.07244212098581022,-0.020749937824620535,-0.029970221256351848,-0.01647526133764987,1.0,1.0,-0.010142630744849557,1.0524195690318285,True,Financials,0.6569742796373729
OMF,2026-09-22,61.19,61.69,58.9,59.08,1226376,35.6,,Z2,MARKUP,0.025663858065953483,-0.03981797497155859,-0.06058196851645736,-0.10957045968349655,0.2893450635386121,-0.04582834894566268,-0.0441655192776681,-0.007918002494282317,1.0,0.0,-0.03252299605781872,1.0770144658294485,True,Financials,0.6574032001874155
AVA,2026-09-30,35.34,35.45,35.02,35.09,808195,29.0,,Z3,MKDN,0.017284449428239534,-0.010155148095909672,-0.06774707757704557,-0.18584686774941994,0.06860465116279109,-0.03040848211144287,-0.06792895649244335,-0.10768446841072199,0.0,0.0,-0.020998864926220273,0.9981101394389486,True,Utilities,0.657477518419971
NTGR,2026-09-24,21.85,22.17,21.52,22.12,282285,50.6,T5,,MKDN,0.036969265759116916,-0.03406113537117894,0.02123730378578026,-0.1446249033255993,0.3368794326241138,0.005930810210745152,-0.013053370326608138,-0.07358016480729401,0.0,0.0,0.04451038575667665,0.9464022168224677,True,Industrials,0.657561559785484
CBL,2026-09-25,52.43,52.45,50.92,51.91,216089,34.9,,Z2,MARKUP,0.027573992196510775,-0.044718439455281644,-0.0551510738987987,-0.14056291390728481,0.10443037974683493,-0.038424023881839076,-0.0413976414863384,0.1122554222905221,1.0,0.0,-0.024707910361999597,0.9611537698798137,True,,0.6576203135436582
NWN,2026-09-30,47.21,47.26,46.65,46.67,259473,31.3,,Z3,MKDN,0.01766422126166864,-0.011856870633072059,-0.05545436146529037,-0.11926778637478774,0.04531722054380726,-0.028252720227716743,-0.04734255143652055,-0.04740576740727365,0.0,0.0,-0.010456679470764008,0.8938299432395438,True,Utilities,0.6576923184495163
MSA,2026-09-30,181.41,181.41,177.84,177.88,266701,38.7,,Z2,MARKUP,0.021455779726410454,-0.027127543207175697,-0.050749773200277404,-0.0950345950345951,0.3820707906053585,-0.02287426360902045,-0.02224160553304566,0.010541673199785384,1.0,0.0,0.01715854495538771,0.8739769761025158,True,,0.657704396995673
HIFS,2026-09-30,294.2,294.2,281.02,282.59,39689,37.0,,Z2,MARKUP,0.03571525877047191,-0.03430953764139022,0.001346515006555471,-0.12214594141219615,0.13753016012283345,-0.0537831477037759,-0.05332861274275558,-0.02676131176917662,1.0,0.0,0.00705966672639291,1.1747432967359448,True,,0.6577682216752002
BLKB,2026-09-29,42.28,42.33,40.82,41.43,380503,37.7,,Z2G,MKDN,0.038506688101801176,-0.016615238547353472,-0.1379525593008739,-0.16370609608397257,0.6385918003565062,-0.054362246360850075,-0.02573968721520714,-0.050833431482083524,0.0,0.0,-0.022509578544061215,0.8228020843178857,True,Technology,0.6579163599949046
BRO,2026-09-30,60.52,61.08,60.36,60.9,1989193,30.5,T2,,MKDN,0.028637171954410415,-0.012965964343598091,-0.15475364330326158,-0.19476398254660843,0.11371841155234662,-0.05575967300836249,-0.08622645961536879,-0.14121509111089747,0.0,0.0,-0.039081582804103565,0.9002934506124448,True,Financials,0.6580966633951687
NOVT,2026-09-29,143.5,144.86,140.61,141.22,190191,47.0,,Z6,MARKUP,0.03854415409333081,-0.020461954636886936,-0.03419504855696898,-0.1993423290622519,0.23080288777072872,-0.0077010015747828175,-0.030468192392006488,0.005192728000994018,1.0,0.0,0.06964108058467922,0.7826521307337491,True,Industrials,0.6581300532688027
NWS,2026-09-29,32.0,32.15,31.2,31.5,1228368,38.9,,Z1,MARKUP,0.025498931161400656,-0.027177269919703595,-0.08456843940714898,-0.1191275167785234,0.3084415584415584,-0.03650370300312278,-0.034041312157055525,0.01115676105795238,1.0,0.0,-0.03351955307262566,0.7527908550730652,True,Materials,0.6582990664805338
FLS,2026-09-30,73.1,74.43,72.45,73.12,1434867,42.4,T5,,MARKUP,0.03144528189937416,-0.05260430163254737,-0.045929018789144016,-0.12273545290941801,0.39964788732394396,-0.024807241156937998,-0.03265173996453585,-0.002470680262883884,1.0,0.0,0.05983031012287898,0.9746104005448728,True,Industrials,0.658474831080701
CLPT,2026-09-21,13.96,14.13,13.71,13.97,373354,45.8,T2G,,MARKUP,0.04725678760418542,0.03789004457652312,-0.09226770630279402,-0.2883341823739174,0.23097826086956538,-0.014321865930511768,-0.039909120944309096,-0.0025615034023889205,1.0,1.0,-0.023308270676691722,0.8371781612912054,True,,0.6591068443340091
EMA,2026-09-23,48.56,48.56,47.88,48.2,454963,31.9,,Z2G,MKDN,0.015132754222585382,-0.01411331560646345,-0.044977214186645464,-0.1313750225265814,0.0420499342969777,-0.02768147034997348,-0.04969534876128534,-0.05296121500883033,0.0,0.0,-0.00807955251709136,0.9414761361938492,True,,0.6594277286499652
HRL,2026-09-30,20.08,20.22,19.76,19.94,4938760,28.7,,Z11,MKDN,0.023923217448085322,0.0010040160642570406,-0.09322419281491579,-0.24555429436246679,0.07417974322396573,-0.039609948537569606,-0.09671716447510326,-0.15135169948373006,0.0,1.0,-0.02116935483870963,1.043521314580825,True,Consumer Staples,0.6599740387814653
CSX,2026-09-30,46.98,47.25,46.5,46.51,11005612,34.5,,Z3,MARKUP,0.019213551629697623,-0.01440983259165074,-0.044969199178644836,-0.13227611940298512,0.09218950064020469,-0.026673161318402694,-0.04224250810437857,0.038067142407369525,1.0,0.0,0.01310329766324525,0.8857041125130479,True,Industrials,0.6600142723280604
EFSC,2026-09-25,61.02,61.41,60.63,60.93,304909,35.9,,Z5,MARKUP,0.01818491692007556,-0.010876623376623429,-0.04047244094488189,-0.11348756001745963,0.1447368421052631,-0.02304042033870557,-0.038888807406357806,0.0006469688909747084,1.0,1.0,-0.017578445868243753,0.9697306687850763,True,Financials,0.6601260027684376
ITRN,2026-09-25,51.88,52.55,51.45,51.69,96705,46.0,,Z2,MARKUP,0.024898353854185172,0.0005807200929153211,-0.004813246053138265,-0.15428664921465973,0.1625222024866784,-0.006751568174141465,-0.029238572479918234,-0.004902439171732387,1.0,0.0,0.03147554129911789,1.021054385539788,True,,0.660302600034373
PFSI,2026-09-25,65.22,66.11,64.95,65.46,412244,28.9,T3,,MKDN,0.027693859953743523,-0.013562386980108587,-0.11047696697920928,-0.25367688975031355,0.038461538461538484,-0.05059854581977741,-0.11073639488541298,-0.2567228232985589,0.0,1.0,-0.007073658311548603,1.0003604783576123,True,Financials,0.6603073019006094
FOXA,2026-09-25,63.6,63.6,62.62,63.07,3645094,41.9,,Z1G,MARKUP,0.026212467289977108,-0.0214119472459271,-0.0617375781017554,-0.11106412966878088,0.5653612796469939,-0.03186529810564198,-0.014960714702293876,0.013813207813323292,1.0,1.0,-0.0049261083743842304,0.921668556182052,True,Communication Services,0.6603701850660824
AZN,2026-09-30,164.47,164.48,161.46,161.47,2225477,44.7,,Z2,MARKUP,0.020562936008657617,-0.011387987509949293,-0.00615498245830004,-0.15672655107583033,0.21171526136065152,-0.016263418314077738,-0.02693330662663318,0.02049154417531307,1.0,0.0,0.030113563863723325,0.8396666535017449,True,,0.6604356875740933
UEC,2026-09-22,10.24,10.43,9.89,10.33,8137251,42.4,T1G,,MKDN,0.06016054603292718,0.014734774066797574,-0.17426059152677853,-0.25144927536231887,0.2918367346938775,-0.04662351030303136,-0.07161884441819233,-0.15339993367795746,0.0,1.0,-0.016393442622950838,1.1180299739327986,True,Materials,0.6607181761690217
PBI,2026-09-25,16.4,16.48,16.21,16.38,854197,38.5,,Z5,MARKUP,0.027425631320969725,-0.027893175074184096,-0.05153445280833824,-0.14105925537493447,0.12662337662337622,-0.028147286751298295,-0.03385983766880862,0.10074191428425139,1.0,0.0,0.009380863039399667,0.7464927174659141,True,Technology,0.6610508665951793
AGM,2026-09-29,216.88,217.52,211.29,212.22,115269,35.7,,Z4,MARKUP,0.025611336210486665,-0.030206096056299425,-0.03492496589358807,-0.14523924601256644,0.3515554756338789,-0.03438557368596651,-0.024363404357784724,0.08745900967397091,1.0,0.0,-0.02302677209044257,1.0017495716565945,True,Financials,0.6615607707165991
MWA,2026-09-28,21.58,21.74,21.35,21.64,1351751,27.7,T2,,MKDN,0.02296198875825255,-0.012323140118667308,-0.11238720262510249,-0.2517289073305671,0.04084321475625852,-0.049398005820742386,-0.0963860334578387,-0.14921672750570703,0.0,0.0,-0.016143911439114422,0.8942958621568798,True,Industrials,0.6615973605440586
VAC,2026-09-24,99.91,102.57,99.42,100.75,328118,44.5,T10,,MARKUP,0.04402743073106615,-0.04038479855224297,-0.12223383864784809,-0.23290695903761227,0.21159793814432976,-0.02616040092206462,-0.023746382348146078,0.1523046664389851,1.0,1.0,-0.014356990123205349,1.1022887427717862,True,Real Estate,0.6619978541710586
HIPO,2026-09-29,30.64,31.09,30.3,30.99,156976,44.3,T2,,MARKUP,0.03272464973098262,-0.012113484220592996,-0.05719501064800725,-0.1115252293577983,0.5031928480204338,-0.01804285896317903,-0.010699035618450203,0.04476953911495296,1.0,1.0,-0.022486772486772444,1.0013787414534365,True,Financials,0.6620068182366442
MS,2026-09-25,197.98,197.98,194.25,196.31,4527274,31.7,,Z6,MARKUP,0.025653682642969248,-0.030950735511896532,-0.08633528809457325,-0.15474703982777183,0.054210526315789535,-0.046969429588749834,-0.06360394801293257,0.008762305925601455,1.0,0.0,-0.030010985718565864,1.0560534326768323,True,Financials,0.6621896994133477
LB,2026-09-30,82.03,83.16,80.66,81.17,243382,43.5,,Z5,MARKUP,0.038377184370505885,-0.011448057483863128,-0.05440354147250703,-0.11473443123568539,0.4477690288713912,-0.030330233651860716,-0.010221061873560644,0.1090717017325229,1.0,0.0,-0.02899082568807343,0.953938862613094,True,,0.6622267035321833
HWKN,2026-09-23,124.45,126.91,122.99,123.99,90590,47.6,,Z2G,MKDN,0.034472972613693344,0.00845872305815365,0.04712439827717252,-0.16454416818273698,0.24536464771322614,-0.0012456168158059278,-0.04077743973182202,-0.12593351191219415,0.0,0.0,0.034209392503231406,1.0228755358409718,True,,0.6622655280776137
WDFC,2026-09-30,203.17,203.4,200.39,201.97,94726,46.9,,Z4,MKDN,0.024009357022592583,0.013193538677636285,-0.050223371737597056,-0.32428905988624956,0.12769978401727863,0.003129571288449373,-0.04158048962847105,-0.07284746790644858,0.0,0.0,0.04212376184897226,0.9139034763866557,True,Materials,0.6623558103149104
APG,2026-09-24,37.49,38.43,37.28,37.83,2333889,40.7,T6,,MKDN,0.030974729950638703,0.022156174007025076,-0.08224163027656484,-0.1583982202447164,0.24093816631130036,-0.0159087773026384,-0.048405945102643066,-0.06459010343090255,0.0,0.0,0.033455158841720456,1.1480097590535867,True,,0.6628173096556665
SMPL,2026-09-22,10.19,10.23,9.98,10.01,1308757,40.8,,Z11,MKDN,0.045705348310818954,0.01831129196337744,-0.0875113947128533,-0.33664678595096087,0.05046728971962609,-0.040250640375673385,-0.08474829082850666,-0.31799797461084633,0.0,0.0,0.002053388090349051,1.111602900681982,True,Consumer Staples,0.66304748157785
PJT,2026-09-25,149.4,151.89,149.4,151.77,303263,32.8,T2G,,MARKUP,0.03512733239993644,0.0019805902158844813,-0.15050934736370758,-0.19081893793985916,0.1562942008486568,-0.05441293427690841,-0.07910468189457964,-0.06584684651294481,1.0,1.0,-0.02753768844221116,1.0790496722767204,True,Financials,0.66336873022079
SBUX,2026-09-29,95.03,95.89,94.34,95.43,6927393,34.5,T2,,MARKUP,0.023015461862776487,0.0033645252865104336,-0.10183529411764702,-0.13645823907338706,0.1504225352112677,-0.026501844673824992,-0.055318669990160885,-0.033067666641725446,1.0,1.0,-0.009186071352275116,1.078901321261115,True,Consumer Discretionary,0.6633936337542478
GIL,2026-09-23,46.67,46.76,45.54,46.19,1065869,33.1,,Z2G,MKDN,0.03523831913992039,-0.0028065630397237085,-0.15387433595896693,-0.21949983102399462,0.04904831625182978,-0.061448464844092276,-0.1090575860971541,-0.1687488607678438,0.0,1.0,-0.005244755244755095,1.1073200881376268,True,,0.663889359627672
CDW,2026-09-25,140.0,141.44,135.33,135.43,1206424,38.9,,Z2,MARKUP,0.044833957462574035,-0.07360284561187491,-0.09089078337920387,-0.1430650468235889,0.49800177619893454,-0.06694238681433495,-0.04876459533140509,-0.023236197311915174,1.0,0.0,0.036534926470588314,0.9332974468370642,True,Consumer Discretionary,0.6641282630935275
YSWY,2026-09-30,19.93,20.36,19.65,20.16,499310,37.6,T2,,MARKUP,0.050044045205884895,0.03014818599897806,-0.1707116412998766,-0.23462414578587698,0.1671159029649594,-0.05035365003297243,-0.08202163750974567,,0.0,1.0,-0.02018633540372672,1.0547640756105745,True,Consumer Staples,0.6641935035951333
ESLT,2026-09-28,715.53,719.0,701.7,704.27,74238,35.4,,Z2G,MARKUP,0.0245808987399066,-0.06183644380503284,-0.006222836823389866,-0.19681815589895657,0.04472489759769694,-0.040838781434336835,-0.06245882394876767,-0.039556559123810064,1.0,0.0,0.007914506097473462,1.1103045469318236,True,,0.6642663536079448
EW,2026-09-25,86.66,87.11,84.92,86.29,3599763,42.8,,Z11,MARKUP,0.02392412667673185,-0.022320416949920707,-0.04068927181767645,-0.10385294423096891,0.339061467283543,-0.01745165013367156,-0.022135933394015206,0.009572708262959972,1.0,0.0,0.0132442429304378,1.0883457367850764,True,,0.6643362350678017
TDY,2026-09-30,607.3,610.42,604.86,606.81,209465,43.1,,Z10,MARKUP,0.01817264897322846,-0.02292891071572334,-0.0060605067894056175,-0.13023349147877938,0.15534070837594063,-0.008668305028639467,-0.026721063760472452,-0.01181621764728713,1.0,0.0,0.02004744958481597,1.0033397804313657,True,Technology,0.664579751159259
TRGP,2026-09-29,274.62,278.15,271.81,273.49,1088844,37.3,,Z2G,MARKUP,0.02737891361994785,-0.03069289385078844,-0.06865315852205,-0.1118724426836396,0.34827847143397656,-0.037305669521252804,-0.028841972094503787,0.09379138071409931,1.0,0.0,-0.03270462633451954,0.9146826277039607,True,Utilities,0.6647318787273296
BLK,2026-09-30,1067.34,1071.92,1057.48,1058.29,551363,42.1,,Z2G,MARKUP,0.02159458935821539,-0.002450772464628881,-0.0618828118074638,-0.10856069476149166,0.3687922421392885,-0.021217978247608293,-0.028232481704850154,-0.009488705667418107,1.0,0.0,0.03541171151691458,0.9114754906712644,True,Financials,0.6647914394082287
GENB,2026-09-30,15.54,15.61,15.0,15.02,733227,43.5,,Z3,MARKUP,0.06881620746681563,-0.09079903147699753,-0.048765041165294454,-0.3374503749448611,0.24852652259332014,-0.05670316872890924,-0.03889780686505773,,0.0,1.0,-0.008819538670284954,0.883450176755201,True,Healthcare,0.6651245729051882
TM,2026-09-30,186.71,186.71,182.91,183.1,291007,37.1,,Z4,MKDN,0.01787244903473396,-0.03813826434124823,-0.07548598838677112,-0.08841979488200746,0.3472987872105838,-0.03927972460589613,-0.03580716386054117,-0.056343485409672156,0.0,0.0,-0.03873239436619724,0.9545164595260677,True,,0.6652751605182462
DCO,2026-09-28,170.71,170.71,167.47,169.04,150540,45.3,,Z2G,MARKUP,0.04039744742347144,0.005651734190017077,-0.04117980714690883,-0.1965397594942725,0.2353920118343194,-0.016225142360301814,-0.029406845197135656,0.13128859304056428,1.0,0.0,0.049836862644744295,0.9283452037921462,True,Industrials,0.6653067910129502
UMBF,2026-09-29,133.4,134.45,130.86,131.84,656906,31.6,,Z2G,MARKUP,0.021496948875760806,-0.01765889277997168,-0.06912377321189012,-0.14009913905557003,0.043633125556544555,-0.03779108136056264,-0.05522126429870666,0.00396682655429248,1.0,0.0,-0.0131221719457012,1.0291250425194534,True,Financials,0.6653237733480549
IART,2026-09-23,15.88,16.26,15.38,15.53,573082,41.4,,Z1G,MARKUP,0.04679576015461038,-0.03300124533001236,-0.07504466944609889,-0.24206930209858468,0.11586452762923331,-0.03412574082932296,-0.062979131606683,0.037622281299177995,1.0,1.0,-0.021052631578947323,1.2592069425042405,True,,0.6653594626585624
KNSL,2026-09-22,360.66,364.0,350.4,351.83,190330,39.2,,Z4,MKDN,0.027727949373095504,-0.047047670639219996,-0.11043968546939398,-0.11729138441467213,0.4113573407202213,-0.03650780944614718,-0.026901222332388897,-0.03673654327230225,0.0,0.0,-0.01683501683501687,1.1459155243116896,True,Financials,0.6656771184005218
SXI,2026-09-29,280.92,280.92,273.18,273.35,184862,44.0,,Z4,MARKUP,0.0332856817741072,0.008150770819502995,-0.05630739487675207,-0.20382722162351086,0.2199308884182368,-0.01033181516318793,-0.04856541822579952,-0.006403844431219219,1.0,0.0,0.04983834082485594,1.1359434570669533,True,Industrials,0.6657127021634566
SHAK,2026-09-29,58.22,58.36,56.76,57.88,2268046,39.8,,Z5,MKDN,0.046289196443670196,-0.0036150800482011025,-0.159820002903179,-0.24250752519303753,0.2371346233017705,-0.04454992434058891,-0.08995289776001403,-0.23855649281721392,0.0,0.0,0.013703636031427102,1.2040144675371982,True,Consumer Discretionary,0.6658604730848872
AMR,2026-09-23,184.83,189.99,180.19,180.4,203651,42.0,,Z9,MARKUP,0.06114222732146161,-0.04797086917515436,-0.16338171868478413,-0.2560824742268041,0.4295425316920817,-0.07514354324127115,-0.0421873369166712,0.004701700542305121,1.0,0.0,0.002790048825854541,0.9854832029841539,True,Materials,0.6660339539841006
FE,2026-09-29,42.85,43.68,42.76,43.64,4135390,32.3,T4,,MKDN,0.01692430503268827,-0.02436843281913692,-0.04840819886611425,-0.13498513379583754,0.12467866323907438,-0.028557356146332258,-0.05281572331944773,-0.06547774589187494,0.0,0.0,-0.04541387024608501,0.9608304928054018,True,Utilities,0.666178804066345
AAON,2026-09-21,77.3,77.75,76.04,76.4,858340,40.9,,Z6,ACC-TR,0.04822551101818517,0.011384696849351394,-0.038267875125881035,-0.4282720945895382,0.04822883751870956,-0.026248825832927203,-0.12670158070237736,-0.213821216043799,0.0,0.0,0.00789115646258498,1.0156478668432336,True,Industrials,0.6662066727589094
MTN,2026-09-25,138.66,139.5,135.19,136.11,1369655,43.3,,Z2,MARKUP,0.0323279636840439,-0.026394849785407737,-0.05877878431643735,-0.15190977631005043,0.2255400254129612,-0.02274575580947158,-0.0355054494275695,-0.032627649762333455,1.0,0.0,0.047903263312921496,1.189674424267656,True,Communication Services,0.6664399426755265
APPF,2026-09-30,197.8,203.4,195.59,200.52,263143,42.8,T2G,,MARKUP,0.03969126854785013,-0.04518832436550635,-0.10990767045454541,-0.15242201369515596,0.554979637171418,-0.03820101128713482,-0.01367928451703937,0.0289907324059111,1.0,0.0,-0.044872114473749836,0.8684493662030949,True,Technology,0.667227271420722
BILL,2026-09-25,44.83,45.82,44.21,44.25,1460056,37.1,,Z2G,MARKUP,0.042352183696210764,-0.0697918856422115,-0.09453652547575198,-0.15874524714828897,0.44444444444444436,-0.06344622933087218,-0.0449543978392728,0.005695072232873688,1.0,0.0,-0.039121930015214024,0.8313316447787652,True,Technology,0.6676407878608586
CURB,2026-09-30,28.03,28.12,27.71,27.83,1854791,31.7,,Z2,MARKUP,0.02114177697901432,-0.011718750000000111,-0.059479553903345805,-0.1343701399688958,0.10187110187110157,-0.03186441420162067,-0.049881862452535564,-0.004076001127360618,1.0,0.0,-0.027392387050871547,0.8617831671777875,True,Real Estate,0.6676722018355354
GO,2026-09-29,11.11,11.23,10.77,10.95,2138498,44.5,,Z4,MARKUP,0.04238129128612031,-0.04699738903394268,-0.08368200836820083,-0.13575374901341752,0.5612244897959182,-0.031939830218948084,0.002594712429406787,0.06033084871384076,1.0,0.0,-0.02357207615593837,0.8649916384540285,True,Consumer Staples,0.6677783927676874
GHC,2026-09-29,1130.81,1140.0,1125.15,1127.83,25404,43.5,,Z2G,MARKUP,0.02444942343529324,-0.01930384424754139,-0.0009389754537644235,-0.10656315601853683,0.22533832421537525,-0.014535491413313673,-0.020289158674219543,0.0030488505195649385,1.0,0.0,0.028749885184164548,0.8194606740382144,True,,0.6680017367113195
AD,2026-09-30,34.08,34.08,33.59,33.72,207891,29.2,,Z3,MKDN,0.025958168147180608,-0.03491700057240976,-0.08667388949079102,-0.13494099538224724,0.10238907849829376,-0.05212284117856458,-0.07790066441124999,-0.23364521582502984,0.0,0.0,-0.03944315545243615,0.9016146888390761,True,Communication Services,0.6680121206215281
CRWV,2026-09-28,86.2,88.22,83.53,85.07,19632838,47.8,,Z2G,MKDN,0.06366541530011682,-0.004213976354910609,0.009972693814555234,-0.2759383777342753,0.43062873199859497,-0.01696507930681368,-0.033718931751883896,-0.10607266582847441,0.0,0.0,0.06720327072952603,0.9247078990437542,True,Technology,0.6681341979721646
ICUI,2026-09-21,154.25,156.8,152.49,155.22,223434,33.6,T2G,,MARKUP,0.029991318200357477,-0.015101522842639548,-0.15106103697221618,-0.19512574539797767,0.2320408163265307,-0.045102985302295506,-0.04949852462645421,0.04562337626244428,1.0,0.0,-0.026691535888860196,1.0446647241441789,True,,0.6687010792399785
VNOM,2026-09-29,40.23,40.48,39.9,40.08,1279970,33.3,,Z2G,MKDN,0.026224363408661168,-0.01692420897718927,-0.10515740120562622,-0.13133940182054626,0.028846153846153792,-0.0564072583352615,-0.07351147607110076,-0.0724362354391832,1.0,0.0,-0.018932874354561147,1.0940333387700274,True,Energy,0.6687732827073651
PTEN,2026-09-30,10.66,11.06,10.51,10.92,8911825,40.5,T1G,,MARKUP,0.044278652890277874,-0.013550135501355087,-0.14620797498045346,-0.18446601941747576,0.42824074074074064,-0.05201794548725469,-0.04431370621582742,0.09031359718189891,1.0,0.0,-0.04735883424408005,0.9037347243915059,True,Energy,0.6687765085749063
CL,2026-09-29,85.84,86.51,85.58,86.46,4482631,41.1,T10,,MARKUP,0.01764136883083308,-0.006777713957495712,-0.03740814963259853,-0.09946880533277791,0.12864963503649596,-0.012257028076265719,-0.029090176193375172,-0.023281979574431677,1.0,1.0,-0.011391375101708734,0.873716191232869,True,Materials,0.6687816345717883
VTR,2026-09-28,86.88,87.87,86.51,87.04,2166006,36.7,T9,,MARKUP,0.019303515956784242,0.00011490290704352368,-0.05195512471408337,-0.14330708661417313,0.08886107634543196,-0.017419052117048972,-0.031249530265095804,0.018680247644786485,1.0,1.0,-0.010745233968804113,0.8409319206350625,True,,0.668903030787118
AMT,2026-09-29,167.25,169.22,166.07,167.35,2841055,37.9,T5,,MKDN,0.0229691142338188,-0.04507845934379462,-0.047524188958451896,-0.07531218919217586,0.26244588744588726,-0.030250292535159318,-0.03565500143585909,-0.06525098068754143,0.0,0.0,-0.03295871426075814,1.0985828008555476,True,,0.668982277126637
GWW,2026-09-25,1260.0,1265.11,1237.47,1243.07,391213,36.6,,Z1G,MARKUP,0.02127068646659792,-0.018585041962403515,-0.059050171072153046,-0.12454310484467335,0.030695023021266758,-0.0290026550661322,-0.04135914291219989,0.018909857668131025,1.0,0.0,-0.010498960498960375,1.0854227006065111,True,,0.6694828131189761
THFF,2026-09-25,75.37,76.05,75.12,75.56,101090,38.0,T2G,,MARKUP,0.02237944633093376,-0.012932723709993432,-0.04955974842767297,-0.10229297849590113,0.151724137931035,-0.019707152838233877,-0.02368589314725278,0.07021221190865035,1.0,1.0,-0.004021986861509563,0.86646153942502,True,Financials,0.669552621048873
ED,2026-09-25,102.61,103.28,102.08,103.1,1921718,35.9,T4,,MARKUP,0.015434582795597618,-0.022099971545101127,-0.0336488893054645,-0.10550060732257516,0.07738998482549284,-0.0225280046240951,-0.037414129370960336,-0.03783314715368713,0.0,0.0,-0.027994667682346153,0.9905837397273587,True,Utilities,0.6698487221163943
CRSP,2026-09-28,53.84,55.63,52.9,54.09,1266712,46.7,T5,,MARKUP,0.05320100085273078,-0.07268986799245658,-0.06288981288981277,-0.1475177304964539,0.46697038724373585,-0.02212074976415168,-0.009720512090956146,0.014056630585077334,1.0,0.0,0.030586401714397082,1.028796698550022,True,Healthcare,0.6703345037842233
INDB,2026-09-28,80.48,80.63,79.35,79.54,359438,36.8,,Z1G,MARKUP,0.019148035151880224,-0.02044334975369455,-0.030709237143553447,-0.09097142857142848,0.024509803921568984,-0.02690648402568474,-0.03587781547591595,0.002693490675563126,1.0,0.0,-0.004392019073911291,0.9313820151282545,True,Financials,0.6703465960804597
FIGS,2026-09-22,13.31,13.38,12.86,12.95,2033388,43.1,,Z6,MARKUP,0.04923721943733932,-0.02484939759036142,-0.1485864562787641,-0.20940170940170943,0.5242718446601942,-0.04616451484539841,-0.018603811607053933,0.08364353690539406,1.0,0.0,0.01666666666666683,0.8108319145383278,True,Consumer Discretionary,0.6705560120601238
HL,2026-09-30,17.25,17.46,16.98,17.03,37128062,39.4,,Z3,MARKUP,0.05487523518912714,-0.0678708264915161,-0.10884353741496589,-0.21484555094513602,0.4108723135271809,-0.07711899599314187,-0.06853665895998362,-0.011646733313524393,1.0,0.0,-0.050596930073905644,0.942286231404262,True,Materials,0.6706423676565434
RBC,2026-09-30,502.81,502.81,495.51,499.23,250312,46.1,,Z2,MKDN,0.025260227368943653,-0.0020589293567344624,0.021567865108760298,-0.1802059214739642,0.2013100436681224,-0.0031592419865353882,-0.04218708285816286,-0.05558811822648735,0.0,0.0,0.048879275611255935,0.8100581786724388,True,Industrials,0.6707208635434956
DOC,2026-09-30,20.24,20.25,19.93,19.97,4680250,36.4,,Z4,MARKUP,0.018671959956717804,-0.02490234375000011,-0.04082612872238234,-0.12984749455337696,0.0132450331125825,-0.023312339416547867,-0.03473710821294074,0.02316200962919468,1.0,0.0,-0.004992511233150365,1.0276600635813695,True,,0.6711653393221354
UNF,2026-09-28,258.45,267.0,256.98,259.44,395620,30.1,T6,,MARKUP,0.026229683563460417,-0.01727272727272733,-0.07960834397616001,-0.15400919555222226,0.08592994000387065,-0.031214098593224104,-0.05312400844501275,0.02752406558803666,1.0,0.0,0.003686274509803855,0.7742339485175469,True,Consumer Discretionary,0.6712749050993897
PFS,2026-09-28,22.82,22.83,22.48,22.53,796018,35.6,,Z1,MARKUP,0.017759578937316386,-0.017444395987788908,-0.04168438962143772,-0.11612397018438592,0.054313099041534106,-0.024413942526842036,-0.03703247559654366,0.010939342402786822,1.0,0.0,-0.014543851917144246,0.9672927411347979,True,Financials,0.6715393265281097
ARMK,2026-09-25,54.32,55.03,54.01,54.92,1230297,36.9,T9,,MARKUP,0.023372896302559305,-0.02710363153232953,-0.06725543478260876,-0.1233838786911412,0.1053240740740745,-0.03376696323252082,-0.03422220827241207,0.08971515460361745,1.0,0.0,-0.034328625067048146,0.9021112098101437,True,Consumer Discretionary,0.6715510131857514
CNOB,2026-09-28,30.89,30.96,30.57,30.6,287235,36.1,,Z1G,MARKUP,0.018818753495448357,-0.029187817258883197,-0.03561298455720141,-0.10369068541300519,0.06842105263157934,-0.026986720504933337,-0.037692528128508984,0.026583600294967757,1.0,0.0,-0.013654096228868706,0.8816068673840781,True,Financials,0.672007092585355
FUBO,2026-09-25,9.83,10.1,9.64,9.64,770596,41.9,,Z3,MKDN,0.06726360598817827,-0.03984063745019906,-0.045544554455445474,-0.23064644852354343,0.3167848699763594,-0.06779171043939969,-0.06295329147508089,-0.40904820922316265,0.0,0.0,-0.02059732234809486,0.8839377529630789,True,Communication Services,0.6723119639454208
FBNC,2026-09-30,62.03,62.42,60.98,61.11,240502,36.8,,Z2G,MARKUP,0.022462954227913074,-0.017839922854387624,-0.018786127167630062,-0.08490566037735847,0.10708661417322828,-0.03256800790297765,-0.03596063271681249,0.026782527564779057,1.0,0.0,-0.00845528455284561,0.8405205756203452,True,Financials,0.6724896402956522
LIVN,2026-09-25,75.44,77.46,75.12,76.63,745307,41.9,T9,,MARKUP,0.029806485324037735,-0.017690039738495145,-0.04248406847432218,-0.10645988805970164,0.21630901287553603,-0.02381808562357679,-0.02801686952310778,0.07325621651914571,1.0,0.0,-0.034774680906486055,1.0878592366470579,True,,0.6726695092267041
EAT,2026-09-29,202.97,204.38,197.78,199.11,1328684,39.0,,Z2,MARKUP,0.046494593355604664,-0.03723224215463461,-0.12862144420131283,-0.21914584885681787,0.35547866205305667,-0.05558050017265559,-0.050467906064325385,0.11112084713497739,1.0,0.0,0.027428571428571358,0.7290199413788384,True,Consumer Discretionary,0.672737475598604
ECL,2026-09-21,272.1,272.11,267.83,269.98,803672,37.5,,Z11,MARKUP,0.019313910460674197,-0.020071866719901132,-0.04136633171182036,-0.08583618325263254,0.2506650901566663,-0.022188105508409217,-0.023725573586642068,-0.010595514814408569,1.0,1.0,-0.002569640995084166,1.0264478200983462,True,Materials,0.6731186695675615
PRI,2026-09-29,274.12,276.34,272.81,275.88,158663,31.0,T3,,MARKUP,0.01953282946368288,0.0008343914384183471,-0.040917782026768545,-0.15705206550965534,0.05636129979805388,-0.033674069837354104,-0.05598520140564278,-0.023262193099959583,1.0,1.0,-0.009584316572880724,0.932400852300937,True,Financials,0.6733361798970933
LW,2026-09-21,46.22,47.45,46.22,47.29,1644568,36.6,T2,,MARKUP,0.03021956375568519,-0.02009946125155404,-0.1190387481371088,-0.150987432675045,0.3575248281130633,-0.04208468239957541,-0.048911010856348414,-0.02888277707353426,1.0,1.0,-0.0224263135412216,1.172173747413735,True,Consumer Staples,0.6736910395696384
EBC,2026-09-25,21.43,21.57,21.33,21.42,2004398,39.5,,Z5,MARKUP,0.02000821471211217,-0.008333333333333304,-0.04417670682730912,-0.09886411442995369,0.14545454545454622,-0.014750116405658709,-0.02631181134233629,0.03559519061588401,1.0,1.0,-0.006616257088846944,0.8661368232958897,True,Financials,0.6737415408783654
COLM,2026-09-30,58.57,59.03,56.88,57.41,765712,48.2,,Z2,MKDN,0.027651594172978116,0.011095456146530402,0.010561520859003526,-0.12217125382263005,0.23099133782483125,-0.003085294391232285,-0.01934784343268725,-0.0310073898816422,0.0,0.0,0.023632066896927872,0.9456171449750586,True,Consumer Discretionary,0.6737870610902401
KNTK,2026-09-29,50.54,52.06,50.54,51.16,1818147,35.8,T5,,MARKUP,0.029120374756239475,-0.023477762931857327,-0.06693416013131503,-0.10119465917076609,0.39495798319327696,-0.03354540618033608,-0.022851642366788716,0.06553417945579088,1.0,0.0,-0.035312082458484495,0.951092513151596,True,Utilities,0.6740151136722645
AB,2026-09-24,35.79,35.84,35.19,35.41,516181,36.3,,Z2G,MKDN,0.01650669486875126,-0.0193852118526725,-0.039077340569877994,-0.07906371911573484,0.06748466257668666,-0.02272415362774427,-0.03147546952818647,-0.06209521672823226,0.0,1.0,-0.0028336639274582076,1.0288873917962147,True,Financials,0.6742372482024851
TCBK,2026-09-30,51.65,52.98,50.86,51.19,275527,31.1,,Z2,MARKUP,0.019565309489235357,-0.004860031104199081,-0.028652751423150047,-0.17047480149084437,0.03041474654377864,-0.032833046376855024,-0.051771226273318094,-0.00726772699948286,1.0,0.0,-0.010120669521214487,0.9601291811916959,True,Financials,0.6745682864138356
IRON,2026-09-29,64.93,66.29,64.05,65.87,783974,30.2,T2G,,MARKUP,0.04302525075878664,-0.038113317757009324,-0.16249205340114437,-0.2123639842161903,0.09710218607015782,-0.061923467750843675,-0.10041802036153502,-0.08201676590943341,1.0,0.0,-0.04136690647482011,0.9733813590242547,True,Healthcare,0.6746118078734431
STGW,2026-09-30,8.2,8.39,8.11,8.14,1406688,40.6,,Z2,MARKUP,0.033543076205258385,-0.04009433962264153,-0.0490654205607477,-0.14764397905759163,0.46183206106870245,-0.032758982193347164,-0.022246737444255205,0.14998070739265446,1.0,0.0,0.0,0.8356587516872225,True,,0.6748390530330067
RDNT,2026-09-30,70.22,70.85,68.94,68.94,621240,39.0,,Z2G,MARKUP,0.03812801994916346,-0.05832536538724209,-0.0871292372881356,-0.13576532531026697,0.5081743869209809,-0.054739955626450176,-0.03396330472650255,0.03373063277787547,1.0,0.0,-0.016267123287671215,0.7627767616300238,True,Healthcare,0.6751731045046719
PEG,2026-09-29,66.45,67.82,66.15,67.68,3752787,30.3,T4,,MKDN,0.01732677803285447,-0.02083333333333326,-0.07704895677076218,-0.1812242922816355,0.09267110841914003,-0.03356873510782066,-0.07373485908229382,-0.13191808836096885,0.0,0.0,-0.03991291727140789,1.0422063847056213,True,Utilities,0.6752194053628265
QXO,2026-09-30,11.84,11.98,11.64,11.69,25398392,39.9,,Z10,MKDN,0.049910116188870084,-0.048045602605863214,-0.09239130434782616,-0.27794935145151334,0.11067193675889302,-0.05438164686438385,-0.12690570829453718,-0.30159744235081054,0.0,0.0,0.037735849056603765,1.1668599676913765,True,,0.6753405477246934
LNG,2026-09-29,266.1,269.81,265.1,267.29,1608845,43.0,T5,,MARKUP,0.027877246192264137,-0.020772274325908446,-0.08365045082107714,-0.1065913496891503,0.3707576953433311,-0.022905086251713613,-0.011596734617149607,0.057387390081099054,1.0,0.0,0.0027992131941292353,0.7658580072547172,True,Utilities,0.6760315755585667
TRNO,2026-09-30,64.74,66.06,64.51,64.55,921437,35.5,,Z1G,MARKUP,0.016675922086814513,-0.022265980006058728,-0.028592927012791702,-0.18229034709906256,0.01908657123381057,-0.02435321759066078,-0.036725664688954995,-0.010016965879486084,1.0,0.0,0.0037342461490588175,1.074458736657715,True,Real Estate,0.6764936408162833
EPR,2026-09-28,56.8,57.19,56.34,56.98,782629,36.1,T2,,MARKUP,0.01903836806739337,-0.007835625979453309,-0.0431570109151973,-0.12297983684777591,0.09921082299887211,-0.020401791928137625,-0.03614206778034723,-0.012048464753673715,1.0,1.0,-0.0023119331317801306,0.7857333348668887,True,,0.6765998772065939
ELE,2026-09-30,19.97,19.97,19.1,19.1,433913,40.1,,Z6,MARKUP,0.05162672871923224,-0.06510034263338216,-0.07055961070559602,-0.1655744866754041,0.5688282138794085,-0.0699945956980399,-0.04058227324686903,0.05601987217957838,1.0,0.0,-0.02051282051282044,0.9196433403619143,True,,0.676603399055562
VRSN,2026-09-30,279.76,286.82,279.76,282.01,759389,41.8,T2,,MARKUP,0.027153515026965863,-0.03842744135297316,-0.022054998786281588,-0.09029032258064518,0.4891403540792113,-0.029035736214177543,-0.018785311351558365,0.028665414220881313,1.0,1.0,-0.013653956422018387,0.8596169354949241,True,Technology,0.6766952163592426
BWA,2026-09-30,60.95,61.7,59.76,60.11,3010529,39.6,,Z2,MARKUP,0.03291834327173653,-0.007266721717588687,-0.05398174378344345,-0.15314173006480702,0.15605590062111782,-0.03907244337408844,-0.06105854320243276,0.015430332195337515,1.0,1.0,-0.022050159905739664,1.2192030162734422,True,Industrials,0.6768988968327365
CP,2026-09-21,87.55,87.92,86.36,86.81,2468539,36.0,,Z2,MARKUP,0.02032420107256265,-0.03297315361479325,-0.10218223187506459,-0.10412796697626425,0.09425493716337496,-0.03510159065401386,-0.04031947906805178,0.012135448432994078,1.0,0.0,-0.019082235347569365,1.029539794065298,True,Industrials,0.6770239495067177
CWT,2026-09-30,46.05,46.63,45.71,46.27,528297,33.5,T2G,,MARKUP,0.01945242925272587,0.004341219882787017,-0.06976276638520307,-0.14028242289111847,0.13911060433295389,-0.025477237526616014,-0.04319173959198974,-0.019453109579975147,1.0,1.0,-0.02107779226423312,0.8488369464837165,True,Utilities,0.6773785239996515
DMC,2026-09-30,30.66,30.82,29.81,29.96,430563,39.4,,Z4,MARKUP,0.02535807857208984,-0.02346805736636237,-0.0678282514001245,-0.09376890502117363,0.44144144144144126,-0.0326103308476805,-0.023277562188018575,,0.0,0.0,-0.015846814130075937,0.6963597052264571,True,,0.6774491745065494
ADIG,2026-09-25,20.74,20.85,19.53,19.55,579874,54.4,,Z6,ACC-TR,0.07422186503724248,-0.05555555555555547,-0.106489945155393,,,-0.06732108738564646,,,0.0,0.0,-0.02496255616575138,0.8679295833999178,True,,0.6774646779351744
BCAX,2026-09-22,22.31,22.91,22.23,22.78,622173,44.1,T9,,MARKUP,0.05359710673414391,0.00485222761358628,-0.033927056827820046,-0.26492416908680216,0.10076670317634193,-0.020678551365253428,-0.056418795238063146,0.05680443245345801,1.0,1.0,-0.017969451931716174,1.205457450575152,True,Healthcare,0.6774802203513789
NAMS,2026-09-29,23.52,24.54,23.26,23.81,1075592,47.7,T2,,MKDN,0.057677085447461904,0.021012006861063304,-0.06037884767166535,-0.3628579074123629,0.17064220183486237,0.008408171693309319,-0.07931811096525654,-0.18994376033276728,0.0,0.0,0.044243577545195034,0.9117985943206885,True,Healthcare,0.6775349441880287
SUNC,2026-09-29,74.95,75.68,73.03,73.08,452344,34.6,,Z2G,MARKUP,0.028851657064839064,-0.03550217764286656,-0.05945945945945952,-0.12479041916167666,0.33841269841269833,-0.05848836996104856,-0.04133269715424004,0.08996859208962893,1.0,0.0,-0.0220942688805571,0.8354303666723221,True,Energy,0.6775521617911313
FSBC,2026-09-25,43.54,43.99,43.49,43.83,115671,35.0,T1G,,MARKUP,0.022781488389062708,-0.014391724758264002,-0.03159522757401678,-0.12793473935535216,0.09436619718309881,-0.025722382729888027,-0.037596592798046724,0.041756351393476,1.0,0.0,-0.022866198777450886,0.8025305122226734,True,Financials,0.6776111385147966
BJRI,2026-09-28,60.07,61.73,59.61,60.02,271255,43.1,,Z2G,MARKUP,0.03872670219095737,-0.01783668793978066,-0.07831695331695332,-0.19544235924932962,0.11796733212341219,-0.023246215363635803,-0.026426524524236994,0.15597585616291343,1.0,0.0,0.024226804123711254,0.7255654810040774,True,Consumer Discretionary,0.6776600171472289
BAC,2026-09-25,56.31,56.74,55.87,56.7,28592210,31.0,T1,,MARKUP,0.021365704547760576,-0.017841676771176096,-0.07307503678273664,-0.13063477460901562,0.10221285563751378,-0.04208648499125989,-0.055372556298407205,0.011556162788070257,1.0,0.0,-0.02535851696397351,0.981859644381764,True,Financials,0.6777095738822446
HWC,2026-09-29,73.07,73.36,71.67,72.2,818664,37.0,,Z2,MARKUP,0.019613702374499574,-0.018621720810112707,-0.030742381527721685,-0.09896418320229616,0.06264775413711603,-0.026952838548448876,-0.03306176608679645,0.027732248292403172,1.0,0.0,-0.019293924466338264,0.9593158469100413,True,Financials,0.6777373254636766
CVCO,2026-09-21,533.8,545.0,528.21,543.39,146012,44.3,T2G,,MARKUP,0.03207736469081318,0.014411858046931902,-0.06722169770835118,-0.12629835675467094,0.26077545642763045,-0.011552141683651707,-0.030397762511771842,-0.00986586844123305,1.0,0.0,0.009443841141793419,1.1377035114287282,True,Materials,0.6777941529298931
TDC,2026-09-29,29.03,29.03,28.02,28.69,1474115,49.0,,Z5,MARKUP,0.03461126603662301,-0.024481468888133295,-0.010689655172413715,-0.23534115138592748,0.2629382303839734,-0.003926572652357407,-0.014575395385883594,-0.005199141403814389,1.0,0.0,0.0456074766355139,0.7317114232078764,True,Technology,0.67786781942619
VICI,2026-09-25,23.26,23.52,23.2,23.51,9229209,29.4,T4,,MKDN,0.0173055010367368,-0.008853288364249479,-0.08769887466045778,-0.14972875226039772,0.07382550335570513,-0.04307558126198885,-0.07781047838028454,-0.14540791013402654,0.0,0.0,-0.02276559865092742,0.9630546538150493,True,,0.6779602258472059
SO,2026-09-29,81.95,83.65,81.69,83.45,9880697,30.0,T4,,SPRING,0.015966190295049577,-0.01996476805637115,-0.05170454545454539,-0.15927866209953656,0.10017074558907253,-0.027674381986324215,-0.06066485380333564,-0.09098968119678064,0.0,0.0,-0.038601859479816425,0.9753590018655194,True,Utilities,0.6780802691100161
ASB,2026-09-28,29.34,29.39,28.94,28.96,1558548,37.2,,Z1,MARKUP,0.01891113696842941,-0.013623978201634857,-0.06338939197930149,-0.10782501540357359,0.09326424870466309,-0.028054384795297205,-0.04021542610663875,0.012016719426588995,1.0,0.0,-0.01886792452830177,0.8049984943354246,True,Financials,0.6781027919526543
CGNT,2026-09-29,8.49,8.58,8.39,8.49,354790,47.6,,Z7,MKDN,0.036027587485124704,-0.016222479721900385,-0.04176072234762973,-0.10537407797681775,0.371069182389937,-0.005657403533276817,-0.020588790280867797,-0.04862291438073829,0.0,0.0,0.03924050632911391,0.7014675645728562,True,,0.6782753640299783
BRX,2026-09-25,27.73,28.09,27.56,28.07,3648058,35.3,T2,,MARKUP,0.01502453521978822,0.0014270424545130833,-0.03572655444864303,-0.14576993304930008,0.11460258780036987,-0.015382676324264821,-0.044932653072382145,-0.04204359516537448,1.0,1.0,-0.01258992805755399,0.9430653731847225,True,,0.6783753479117135
UNP,2026-09-30,275.1,276.97,272.08,272.13,3246035,31.7,,Z4,MARKUP,0.018527214962368907,-0.012339854099371994,-0.063622599958709,-0.13880186081838042,0.08108108108108114,-0.029949576540329037,-0.045409437123916985,0.015899112828998474,1.0,0.0,0.013978975620666523,0.94383934797674,True,Industrials,0.6787474630465236
REG,2026-09-29,73.14,73.48,72.37,72.66,1004071,33.1,,Z1G,MKDN,0.014033710795163308,-0.01183190534475731,-0.02821987428112882,-0.13148458044465694,0.040976460331298946,-0.018570334794303367,-0.04079612654880205,-0.0451215925441516,0.0,1.0,-0.0020735416090683634,0.8984112585589826,True,,0.6788853755668124
EPAC,2026-09-30,35.51,35.51,34.88,34.89,367199,39.8,,Z4,MKDN,0.02514667801543182,-0.03110247153568446,-0.04750204750204756,-0.08184210526315783,0.4007707129094411,-0.023949205450179867,-0.029932862048195785,-0.05458640100505685,0.0,0.0,0.013169446883230851,1.1555278787681693,True,Industrials,0.6789835485500332
GIII,2026-09-22,28.15,28.59,27.9,28.22,733106,34.1,T2G,,MARKUP,0.032990120254186565,0.016570605187319787,-0.16508875739644968,-0.24826851358550883,0.12406015037593987,-0.03614719540995748,-0.09910299613430418,-0.09260887671104645,1.0,0.0,0.013754646840148821,1.0447741039099254,True,Consumer Discretionary,0.6791136165812917
FCFS,2026-09-30,212.82,213.45,209.56,211.23,251429,41.6,,Z2,MARKUP,0.03020255971914362,-0.024206587517900946,-0.02008721469660424,-0.11593353701921072,0.446110777844431,-0.029829897661309834,-0.027561914775150798,0.049195226503446765,1.0,1.0,-0.005552128315854388,0.7351137658813306,True,Consumer Discretionary,0.6793846028643928
ALB,2026-09-25,108.79,112.07,108.3,109.73,1989878,37.1,T9,,MKDN,0.04726524916777628,-0.010639257055270024,-0.19179494733740887,-0.23830348465916973,0.05060840707964598,-0.07486023763337657,-0.133411624148415,-0.20289752669470384,0.0,0.0,0.0028730305838737813,0.9661882748222032,True,Materials,0.6794282245201432
FLEX,2026-09-30,113.71,114.03,109.61,109.99,3264809,46.0,,Z2G,MARKUP,0.04858587114700456,-0.02056990204808551,0.02929066067752184,-0.24358709854893068,0.2284905249401001,-0.01827402551617452,-0.047699144728006404,0.06925636289388537,1.0,0.0,0.06464547677261612,0.830295712321649,True,Technology,0.679571835352327
GWRE,2026-09-21,145.92,150.15,143.86,149.38,991039,41.9,T1G,,MKDN,0.05967385904974157,-0.02366013071895423,-0.21042338389978332,-0.2800616897199866,0.39323378928683295,-0.0677396858016781,-0.06941249499574997,-0.08041611696532558,0.0,0.0,0.019426658905704386,0.8498203442804443,True,Technology,0.6799510144464012
COP,2026-09-30,125.93,126.56,124.95,125.15,6490791,41.0,,Z3,MARKUP,0.02598796966852557,-0.022952611445077653,-0.08106322050077097,-0.11629713317328061,0.5157306674507499,-0.034431895695804626,-0.017432929950784715,0.07445801674917885,1.0,1.0,-0.008114405077528808,0.8900108000654434,True,Energy,0.6807742518498756
LULU,2026-09-21,98.22,102.34,97.94,101.3,5781765,41.3,T1,,MKDN,0.04755027063059833,0.009970089730807485,-0.16329396217064507,-0.21387552382430552,0.17755893763055802,-0.04435192487903328,-0.10451017631418247,-0.30184337474248446,0.0,1.0,-0.0033448311905509565,0.7206715494679062,True,Consumer Discretionary,0.6808023203472089
IR,2026-09-30,76.48,77.04,75.09,75.11,6666249,47.1,,Z2,MKDN,0.026883857770723083,-0.014563106796116498,0.006296891747052502,-0.18162998474613212,0.2000959692898273,-0.0026215891313787765,-0.027909714713095224,-0.0598046741881183,0.0,0.0,0.05131096701437832,1.1085022372711115,True,Industrials,0.6808563582951115
VZ,2026-09-29,46.55,46.91,45.98,45.98,19112134,34.3,,Z2G,MARKUP,0.021727778826486032,-0.01011840688912824,-0.08076769292283104,-0.10994967092528063,0.4496124031007749,-0.044963669548579,-0.04207393347885513,-0.009263393870137415,1.0,0.0,-0.004115226337448652,0.8621166829338228,True,Communication Services,0.6810266399431076
ABCB,2026-09-25,82.24,82.92,82.06,82.29,349009,35.8,T2G,,MARKUP,0.017096563668873226,-0.014491017964071817,-0.0364168618266979,-0.11724951727097177,0.08612040133779278,-0.019393017929292045,-0.037376393987988754,-0.005098367044324537,1.0,1.0,-0.009386809703766819,1.0209778969545085,True,Financials,0.6812195148411775
RS,2026-09-30,388.22,390.13,383.81,384.75,255378,43.7,,Z2,MARKUP,0.025754631769362928,0.0003119881444504369,-0.013739714439517048,-0.11147291118193148,0.16487889273356368,-0.014983780508627698,-0.021059213103144514,0.05865836283835524,1.0,0.0,0.0026835043409627612,0.8209607544951503,True,,0.6814777173472486
DCI,2026-09-25,86.59,87.93,86.59,87.41,483107,41.3,T2,,MARKUP,0.020240692105056156,0.011221656640444166,-0.054106698409263076,-0.12141923811438338,0.15228070175438607,-0.0114613982109244,-0.028042671460833724,-0.013728215969480373,1.0,0.0,0.004458000938526663,0.819744948541086,True,Industrials,0.6815517541942265
KRP,2026-09-30,14.44,14.44,14.25,14.28,801888,38.2,,Z6,MARKUP,0.01842058411849277,-0.009021512838306767,-0.041610738255033586,-0.08753993610223654,0.04861111111111009,-0.024863083082980797,-0.03462851760668517,-0.013824523209403528,1.0,0.0,0.0028149190710766714,1.0081131641966934,True,Energy,0.6817018890064523
ZYME,2026-09-25,26.86,26.88,26.23,26.52,1094737,47.2,,Z2,MARKUP,0.045287306414174285,-0.0018818216033120727,-0.08583247156153062,-0.15379706445437147,0.5091649694501018,-0.021740270113276394,0.0018952132715970293,0.09712731219324766,1.0,0.0,0.020695040999609615,0.9720600007819821,True,Healthcare,0.6818291226061212
MLR,2026-09-30,53.71,53.71,52.25,52.61,61643,37.2,,Z2,MARKUP,0.030223737956228198,-0.029156670972504073,-0.034678899082568826,-0.11876046901172532,0.4520865533230293,-0.03099742225374147,-0.021431509862394726,0.07408432775104856,1.0,0.0,-0.007031546940326816,0.7761148160340791,True,Industrials,0.6818627275461875
SYRE,2026-09-25,88.1,88.1,85.63,85.69,560081,36.0,,Z6,MARKUP,0.051422261707193544,-0.05052631578947375,-0.08460634547591073,-0.22220205137514748,0.10132158590308339,-0.05974678245408516,-0.07523185831051837,0.20432102904235272,1.0,1.0,-0.012738095238095104,0.9129088985807017,True,Healthcare,0.6820059533677636
SPXC,2026-09-30,173.48,173.48,168.11,169.56,501853,27.6,,Z6,MKDN,0.03688053613289922,-0.02327188940092162,-0.11747254463123924,-0.28422474566254374,0.021081709799360124,-0.06420569527785591,-0.12799850852877304,-0.1791352182355651,0.0,0.0,-0.025731671979136506,1.004781083693367,True,Industrials,0.6820216973865829
SWX,2026-09-29,81.53,82.38,81.36,82.24,680342,30.5,T6,,MARKUP,0.018729253795301475,-0.014971852916516926,-0.06894599796218726,-0.12945908754101831,0.09340252038547008,-0.034961901511828763,-0.06075530026150655,-0.056543945573919396,1.0,0.0,-0.02971483345315107,0.937277150784497,True,Utilities,0.6821057805294903
MNTN,2026-09-25,10.79,11.18,10.75,11.01,370281,41.5,T2,,MARKUP,0.05077398008934968,-0.024800708591674048,-0.1261904761904762,-0.1939970717423134,0.5164233576642335,-0.05117667900196343,-0.03185455139578741,-0.0699953291564327,0.0,0.0,-0.052252252252252274,0.6867396378319031,True,,0.682557124932238
CMG,2026-09-22,33.62,33.75,32.57,32.63,12044760,34.9,,Z2,MKDN,0.03638372110091558,-0.06316393913293128,-0.14176749079431883,-0.1652596572013303,0.1522309711286093,-0.0694547513520758,-0.06557848380283349,-0.08622868809707807,0.0,0.0,-0.01897590361445789,1.1449922946551558,True,Consumer Discretionary,0.6827206856750271
MMI,2026-09-29,28.96,29.29,28.58,29.04,200191,34.3,T9,,MARKUP,0.028281795406310626,-0.061105722599418044,-0.08275426405559072,-0.13442622950819672,0.0925553319919519,-0.04866278959966175,-0.057572405100742796,-0.021981347045425315,1.0,0.0,-0.039327731092437035,1.0781326047253503,True,Real Estate,0.6827978516881992
UMH,2026-09-24,15.45,15.52,15.31,15.32,507695,36.6,,Z2,MARKUP,0.01789382205108648,-0.03465658475110267,-0.08043217286914761,-0.08646392367322597,0.16184971098265957,-0.028328820772257846,-0.029777453690244093,-0.017538491374897158,1.0,0.0,-0.008419689119170903,1.0341131517345055,True,,0.6833973376183899
DB,2026-09-30,36.05,36.31,35.87,35.89,1988410,36.0,,Z1,MARKUP,0.021840962527628228,0.0005575689991637045,-0.0932289034866094,-0.1376741950985103,0.260645161290323,-0.047481828921952185,-0.045823345046342,0.013919647468935148,1.0,1.0,-0.01732811626607056,1.0750040822460962,True,,0.6838062567916497
RDW,2026-09-30,10.86,11.35,10.44,10.44,11941984,43.1,,Z2,MARKUP,0.07233370010166376,-0.07364685004436555,0.01754385964912286,-0.2642706131078224,0.4167962674961119,-0.05929555291652433,-0.07282439839218857,-0.07437488786589186,0.0,0.0,0.029585798816567976,0.9914944870373088,True,Industrials,0.6838227369857669
TFX,2026-09-25,120.47,123.05,118.31,122.07,865590,30.6,T9,,MARKUP,0.032596370459036544,-0.019675554127850936,-0.11357199912860372,-0.15813793103448281,0.14087673285874827,-0.05237214099079701,-0.07311602896396774,-0.039519702618485475,1.0,0.0,-0.04596403515845493,1.086718720816845,True,,0.6839882736420276
AURA,2026-09-29,6.13,6.17,6.04,6.15,795446,33.2,T10,,MARKUP,0.05132817533722838,-0.046511627906976716,-0.14345403899721443,-0.2652329749103941,0.08264462809917365,-0.07449549734989691,-0.11886693680632288,-0.0962966769718886,1.0,0.0,-0.04799999999999993,0.9804390703807601,True,Healthcare,0.6840391016185267
VC,2026-09-25,89.99,90.91,89.66,90.46,504208,27.8,T9,,MKDN,0.03320704331557718,-0.04386428495930672,-0.10417904535551603,-0.17418294686872382,0.07736943907156643,-0.06611663346121033,-0.1042347468611119,-0.12213018990651192,0.0,0.0,-0.04523476952831196,0.996750393444272,True,Industrials,0.6840795152787051
TRMB,2026-09-30,57.28,58.13,56.88,57.11,2249754,44.7,,Z2G,MKDN,0.027347389813943267,-0.03725556304787592,-0.03104852392263313,-0.07887096774193547,0.6072289156626507,-0.01609831485881985,-0.010290598019962904,-0.07964457364723543,0.0,1.0,-0.010773578240904302,0.8771365903186807,True,,0.6841219678571326
FAF,2026-09-25,65.99,66.33,65.14,66.27,852934,32.7,T9,,MARKUP,0.029900212649628805,-0.047708004023566675,-0.11106639839034205,-0.17027669963691006,0.07671418873048168,-0.05954183682375758,-0.0709349777177174,-0.025472555449149503,1.0,0.0,-0.05853447029917613,0.9139751657277664,True,Financials,0.6841830166792681
NRG,2026-09-22,104.01,104.91,102.51,102.75,2461421,34.8,,Z2,MKDN,0.04350464556221296,-0.03056892159637692,-0.08078368223295762,-0.31940120553752405,0.028605962933118487,-0.06983052955130287,-0.13283359732529276,-0.25583057020294486,0.0,0.0,-0.03614572434129171,1.109473758444283,True,Utilities,0.6842024174943265
UCB,2026-09-28,34.38,34.38,33.8,33.99,1085171,39.3,,Z4,MARKUP,0.01912216291927108,-0.017346053772766767,-0.03382603752131885,-0.08579881656804733,0.15384615384615516,-0.019517968925809148,-0.027339803441430943,0.0028603795368444818,1.0,0.0,-0.017352941176470682,1.0258788663871672,True,Financials,0.6843447934490616
AU,2026-09-30,95.0,95.39,93.44,93.95,2257910,38.8,,Z3,MARKUP,0.041034013791220056,-0.048511241644723424,-0.13113844446499578,-0.23859307885566094,0.41108221644328863,-0.0658789190590352,-0.05426242867822706,0.023826202956923392,1.0,0.0,-0.0632330443651199,0.8632388892304457,True,,0.6844400915745037
EQBK,2026-09-28,48.36,48.81,48.03,48.03,91446,36.0,,Z2,MARKUP,0.02198057236758553,-0.011931701296029606,-0.03204353083434097,-0.08111727568394878,0.19238095238095201,-0.0222160920615998,-0.027507979835663776,0.021013217147233032,1.0,0.0,-0.01465428276573788,0.9964866041443228,True,Financials,0.6847290556793576
CAC,2026-09-30,56.15,56.52,55.24,55.34,125928,38.4,,Z2,MARKUP,0.02659205102881119,-0.017923691215616655,-0.014776571123375382,-0.08664796170985312,0.37796208530805725,-0.029341980801551593,-0.02105331495091889,0.07758388839632135,1.0,0.0,0.010056683123057297,0.9213455188462786,True,Financials,0.6849536481575956
HTB,2026-09-24,45.21,45.94,44.93,45.73,178884,36.7,T9,,MARKUP,0.021807365228084002,-0.03032230703986427,-0.02223647637374393,-0.12895238095238104,0.10568031704095074,-0.028890663839897468,-0.04130312619297738,-0.0007298347524190563,1.0,0.0,-0.02155923344947741,1.1235752095127096,True,Financials,0.6849605315363372
RTX,2026-09-25,188.07,189.58,187.56,189.4,3667528,29.1,T3,,MARKUP,0.021517918784747618,-0.023711340206185483,-0.1069407770652584,-0.16519746121297596,0.05923694779116499,-0.04034368060617466,-0.05873396183705726,-0.011497577442473483,1.0,0.0,-0.02165498483104933,0.9705548672054183,True,Industrials,0.6851257863229813
PRCT,2026-09-22,18.87,19.2,18.4,18.43,1168148,38.2,,Z2,MKDN,0.05903055953149444,-0.04507772020725398,-0.13270588235294123,-0.23842975206611572,0.23474801061007955,-0.08295098168928872,-0.11086005913784591,-0.29657814096377855,0.0,0.0,-0.0431617264690588,1.0026941843885595,True,,0.6852004740571734
HP,2026-09-23,40.19,40.84,39.23,39.56,1103465,39.5,,Z4,MARKUP,0.04013165204911143,-0.05040806529044639,-0.05988593155893529,-0.17874195557400874,0.5154755205402365,-0.057253400707234725,-0.026860147748279717,0.11756350359507017,1.0,0.0,-0.03965728274173819,0.9386485701204479,True,Energy,0.6852321943123832
GFL,2026-09-28,42.12,42.34,41.38,41.4,2673557,46.8,,Z1,MARKUP,0.028666179897617376,-0.03180542563143118,-0.03338781228111132,-0.07028969234224125,0.5023847376788548,-0.01604516964885272,0.0017379987086025839,9.19146875770771e-05,0.0,0.0,0.0167322834645669,0.943003298699712,True,,0.6854010490222782
J,2026-09-30,137.0,138.69,135.22,135.27,1039878,35.2,,Z2,MARKUP,0.025681325105402667,-0.04145408163265307,-0.07558258730267209,-0.11761252446183956,0.3746097814776277,-0.04181360046745086,-0.03708676800814947,-0.0005617848227865707,1.0,0.0,-0.042377113505029596,1.0548202000545848,True,,0.685550282775519
AIZ,2026-09-30,263.62,264.42,262.0,263.5,309951,31.7,,Z9,MARKUP,0.020786699541994323,-0.01299771509907488,-0.06154284493197515,-0.13305257616634858,0.06605080831408806,-0.03711808010180995,-0.04468180352685969,0.03565679661485199,1.0,0.0,-0.02118071203244698,0.9522170448058805,True,Financials,0.6857819809952973
HYMC,2026-09-25,20.88,21.73,20.41,21.48,1772521,46.2,T4,,MKDN,0.07465985068729362,0.0037383177570093906,-0.17257318952234213,-0.2784682566341955,0.29446808510638306,-0.025287890857231043,-0.07901866785809553,-0.1409371675295158,0.0,0.0,0.030581039755351647,0.8512174552909574,True,Materials,0.6862040767550397
SVM,2026-09-25,11.35,11.4,11.06,11.34,1852034,44.5,,Z5,MARKUP,0.0543637033480731,-0.05025125628140703,-0.1575037147102527,-0.1698389458272328,0.5503875968992248,-0.04392272491158222,-0.02773145958956824,0.07170878459249352,1.0,0.0,0.009124087591240837,0.9436326862895398,True,,0.6862131575275806
HIG,2026-09-29,124.96,126.47,124.81,125.85,1562445,29.9,T10,,MARKUP,0.0183719060978437,-0.022372407364250724,-0.08392779152715102,-0.13836779405723676,0.09086819613135383,-0.04286181369095554,-0.06572978393455953,-0.06774359168374644,0.0,0.0,-0.03701687534022868,1.013587527285233,True,Financials,0.687218705675185
FBK,2026-09-25,53.06,53.47,52.71,52.74,445168,28.1,,Z6,MARKUP,0.020584102583767323,-0.01161919040479753,-0.08485163977095267,-0.15831471433131172,0.0378273520853541,-0.0368262630827314,-0.062402277072744705,-0.04654970663977154,1.0,0.0,-0.012264150943396168,0.9420628562023832,True,Financials,0.6873412796269665
DJT,2026-09-29,9.18,9.44,9.06,9.1,3103779,51.2,,Z3,MKDN,0.04279361998384237,-0.029850746268656803,-0.06857727737973385,-0.13744075829383895,0.45283018867924496,0.007015665287393169,0.007293951591394787,-0.1275136594591908,0.0,0.0,0.04716981132075482,0.8096456556446935,True,Technology,0.6874453179824066
TWFG,2026-09-21,26.73,26.73,25.62,25.72,74915,39.0,,Z2,MARKUP,0.051948811127698176,-0.08567365801635263,-0.11187845303867405,-0.17827476038338663,0.430612244897959,-0.07040089134708882,-0.0475008491010207,0.026274974137416418,1.0,0.0,-0.006976744186046546,0.9350164536897426,True,Financials,0.6875529194344724
MBLY,2026-09-30,7.31,7.67,7.25,7.39,7189979,35.0,T5,,MKDN,0.048543250250951825,-0.02890932982917227,-0.11602870813397126,-0.28599033816425123,0.08923076923076924,-0.07229425905421338,-0.1119580299411943,-0.22098574824378414,0.0,0.0,-0.02684563758389269,1.1869905139973653,True,Technology,0.6876766906308592
FCN,2026-09-30,132.05,135.47,131.04,134.51,888841,34.7,T2,,MKDN,0.0319077204179798,0.007641021799385639,-0.11132399577167029,-0.23137142857142867,0.11748038360941558,-0.04345983273237808,-0.0874228668542848,-0.14833704079871401,0.0,1.0,-0.02617090278301526,1.2083466067094801,True,Industrials,0.6878453927284472
WSBC,2026-09-25,38.47,38.95,38.47,38.66,792673,37.3,T1G,,MARKUP,0.02014907742416658,-0.01803403606807219,-0.044252163164400615,-0.1013482101348212,0.15830115830115699,-0.023904702580365145,-0.02944280059980464,0.043554242055221515,1.0,1.0,-0.02095730918499339,0.8223676718479145,True,Financials,0.6880991999884398
NIC,2026-09-29,167.15,169.75,163.3,163.57,195583,36.2,,Z2,MARKUP,0.022623763098384438,-0.012556595230908574,-0.03407346167473724,-0.09127777777777779,0.16429298067141354,-0.027548404175890995,-0.025965462652015492,0.058217843392762925,1.0,0.0,-0.00614691741220863,1.0118964938403223,True,Financials,0.6883014264055906
BANR,2026-09-23,68.74,69.28,68.02,68.07,200540,35.7,,Z2G,MARKUP,0.019563968308936364,-0.04234665166010132,-0.03185891053904155,-0.09045964724746136,0.24017957351290542,-0.0330318306747851,-0.02858135682763807,0.019625529190635316,1.0,0.0,-0.004536806673496319,1.0059207161763242,True,Financials,0.6883158652204368
SPFI,2026-09-25,42.98,43.25,42.65,43.0,111753,37.5,T9,,MARKUP,0.020404987246259422,-0.020054694621695623,-0.01421366345712971,-0.08393694077545799,0.3206896551724139,-0.021657052818075173,-0.021589026972225644,0.020035388838538948,1.0,1.0,-0.0007029053420806175,0.9316072811589795,True,Financials,0.6884025105029976
FFIN,2026-09-29,32.03,32.19,31.54,31.73,1068229,33.7,,Z2G,MARKUP,0.018967185521172186,-0.017951098731043058,-0.045139933794763665,-0.13116100766703187,0.03815261044176729,-0.03166661245718294,-0.04876872224783324,-0.04333455821480292,1.0,0.0,-0.022318660880347174,1.0798764179678217,True,Financials,0.6884561106400633
OGE,2026-09-23,44.97,45.06,44.48,44.71,1856839,34.1,,Z1G,MARKUP,0.0167442988790911,-0.028254727233210097,-0.026774053112755714,-0.11622850365684922,0.03764320785597442,-0.028404059205221155,-0.04259166507126577,-0.043052701394743265,0.0,0.0,-0.017450850452838673,1.0759118421352263,True,Utilities,0.6887069820068139
CLX,2026-09-30,82.44,82.51,80.84,81.01,2759276,30.5,,Z4,MKDN,0.03147641639082634,-0.03490588515606374,-0.14699378751184577,-0.2596417473953573,0.005948215535339458,-0.06992326698645013,-0.12553605894202313,-0.19918143321051474,0.0,0.0,-0.020239970912616645,0.9127153684385422,True,Materials,0.688941973862392
IBOC,2026-09-28,69.89,70.08,69.35,69.53,374797,38.3,,Z9,MARKUP,0.015422890756915032,-0.008979475484606536,-0.019737769632031665,-0.10881825173032544,0.09100642398286887,-0.014596624892578958,-0.03245352206076235,-0.026928141065289846,1.0,1.0,-0.010232021905173583,0.9070230755138373,True,Financials,0.6891410216791316
MTCH,2026-09-29,39.3,40.14,39.11,40.13,3101153,43.7,T4,,MARKUP,0.03226525816687388,-0.03788060417166139,-0.01279212792127915,-0.10703159768580317,0.4496567505720826,-0.030068644415812584,-0.007200193549829148,0.09206776947814577,1.0,1.0,-0.024931438544004036,0.9320560079577449,True,Technology,0.6894288384189582
HG,2026-09-29,32.99,33.42,32.87,33.35,312723,34.8,T4,,MARKUP,0.022684698952189757,-0.011558980438648558,-0.05147895335608632,-0.1061377646743501,0.14099783080260275,-0.02691485893878076,-0.03168938007097255,0.05508259984936381,1.0,0.0,-0.02678571428571419,0.8532206219429644,True,Financials,0.6897332609034714
MSDL,2026-09-21,14.67,14.76,14.6,14.65,198240,37.4,,Z10,MKDN,0.017325897170425947,-0.004078857919782464,-0.04622395833333326,-0.07454200884396711,0.09230769230769302,-0.019186620840398794,-0.030046499388756476,-0.06416525711764942,0.0,1.0,-0.0013745704467355013,0.8053260026455044,True,,0.6900557697414056
OXLC,2026-09-22,9.04,9.12,8.97,8.99,836449,34.7,,Z2,MKDN,0.020985309919338644,-0.0385026737967914,-0.056663168940188746,-0.08915906788247208,0.42105263157894784,-0.03629355585921323,-0.036100566585993366,-0.17616805474062192,0.0,0.0,-0.02287581699346397,1.079716413406136,True,,0.6904343121509774
BKNG,2026-09-29,163.68,164.18,161.0,162.34,5906498,32.5,,Z1,MKDN,0.038885112963381305,-0.011448057483863128,-0.18458988397207288,-0.25299098104178164,0.11251008878127522,-0.0628464211423212,-0.10871718404303321,-0.13025822822239486,0.0,1.0,-0.03250513730618343,1.0540447784835554,True,Industrials,0.6907681131607828
MLI,2026-09-25,60.09,60.8,59.49,60.52,1287472,39.8,T2G,,ACC-TR,0.026597157732993277,0.0074912601964376435,-0.057027111249610574,-0.14904386951631043,0.3622141997593262,-0.01438653059513384,-0.11322696098996654,-0.34711744591346894,0.0,0.0,0.028882739536492563,0.8678333037000514,True,Materials,0.691021250271518
NI,2026-09-30,39.32,39.55,38.98,39.0,6946742,30.2,,Z9,MKDN,0.016656885643262946,-0.006369426751592355,-0.0478515625,-0.18324607329842935,0.014639639639639924,-0.03113346684279228,-0.06745986025880468,-0.11127140586650441,0.0,0.0,-0.0033333333333334103,1.0840501851309385,True,Utilities,0.6912561319303203
PERI,2026-09-22,8.86,8.92,8.71,8.73,247377,37.9,,Z3,MKDN,0.0336012442693185,-0.03429203539823,-0.10736196319018398,-0.13905325443786987,0.10759493670886071,-0.039792273126919575,-0.05939346136290857,-0.07669312814228335,0.0,0.0,-0.014823261117445696,0.5855110107765567,True,,0.6914171766862448
CSWC,2026-09-30,23.36,23.39,23.07,23.13,603215,36.2,,Z3,MARKUP,0.017495211328986307,-0.0008639308855291628,-0.07331730769230771,-0.10174757281553404,0.12080536912751658,-0.02329605984575922,-0.0356578619444734,-0.009375302870975877,1.0,1.0,-0.010000000000000009,0.8565355458644502,True,,0.6915509330738692
BBDC,2026-09-23,8.77,8.8,8.65,8.66,371932,39.4,,Z2,MARKUP,0.02015751051756303,-0.009153318077803174,-0.08359788359788356,-0.09224318658280917,0.36690647482014405,-0.02560444587978572,-0.02430715439010167,-0.01594942631930696,1.0,0.0,0.0034802784222738303,0.7913919290764994,True,,0.6915733199433893
ALNY,2026-09-21,240.37,247.1,237.97,244.32,1152790,48.7,T9,,MKDN,0.04289567714612093,-0.02268090723628946,0.034290068580137056,-0.3570526315789474,0.25528294637466376,-0.00542524807004896,-0.032235521248477506,-0.18599647288334298,0.0,0.0,0.0630151794964191,0.9584440260955678,True,Healthcare,0.6918190887879095
CCC,2026-09-29,6.55,6.76,6.43,6.58,7530603,44.6,T5,,MARKUP,0.04769788875609879,0.0015220700152207556,-0.11796246648793562,-0.14322916666666663,0.5582329317269077,-0.028532250001537585,-0.0064044224032542285,0.02066179861786699,1.0,0.0,0.03044871794871784,1.04032753034063,True,Technology,0.691857247709611
GRC,2026-09-25,75.04,75.5,74.09,74.21,252343,45.1,,Z4,MARKUP,0.030238288940465093,0.013105802047781445,-0.043439030678009805,-0.16137416657249404,0.22769064359113006,-0.0061407790197893775,-0.03184562996985707,0.06406638234493656,1.0,0.0,0.044428571428571484,0.8415429925939254,True,Industrials,0.6924073927487187
T,2026-09-29,24.72,25.03,24.45,24.48,33272335,39.9,,Z2G,MKDN,0.023447949863835603,-0.024701195219123506,-0.05446118192352256,-0.09097660601559598,0.6117274167987322,-0.034006960810886055,-0.01738622698696224,-0.026252004228722092,0.0,0.0,-0.014112903225806495,0.8553198574346978,True,Communication Services,0.6925393817796055
LPLA,2026-09-21,332.77,335.93,327.28,332.26,387470,37.3,,Z11,MARKUP,0.03033331987232751,-0.03876641786726853,-0.08050366680503673,-0.12332453825857526,0.6046354254779225,-0.040997977268812935,-0.03217763138562835,-0.0058428633710179145,1.0,0.0,-0.03687884768328964,1.010534429257726,True,Financials,0.693204323931784
CNI,2026-09-22,118.44,119.69,117.52,119.52,1056941,39.3,T1,,MARKUP,0.017804617137224123,-0.018477457501847705,-0.06185243328100476,-0.09144811858608903,0.18880647336480072,-0.019563006845014552,-0.027977915921424956,0.040108304514050896,1.0,0.0,-0.024161859376306327,0.8897118914552582,True,,0.6932605385517656
UNM,2026-09-29,90.72,91.0,87.65,88.24,1787507,37.6,,Z2G,MARKUP,0.026778025121032833,-0.05443634804972142,-0.05342201244368161,-0.08814715304329857,0.41814461118690294,-0.047291737002271406,-0.03474150787388519,0.04531657021374591,1.0,0.0,-0.00949259803367597,0.8258411095483085,True,Financials,0.6934845182737062
DSGN,2026-09-29,12.51,12.75,12.02,12.62,655799,41.6,T2G,,MARKUP,0.05764467503097119,-0.04103343465045595,-0.16368455931080195,-0.21712158808933013,0.263157894736842,-0.046004036224845835,-0.0704348549448437,0.06784173913322111,1.0,1.0,-0.025535420098846795,0.7028018377825482,True,Healthcare,0.6934860887458913
SYY,2026-09-30,79.04,79.07,77.96,77.96,4604535,38.4,,Z4,MARKUP,0.02020787106736183,0.01063002333419738,-0.050541955912799974,-0.10028851702250441,0.09948186528497338,-0.020565469734222463,-0.03418828175838118,-0.022290161892501326,1.0,1.0,-0.00038945865247308475,1.0313160136627417,True,,0.6935688138533117
BOT,2026-09-29,26.86,27.25,26.3,26.42,202417,43.9,,Z2,ACC-TR,0.07034082565328441,-0.06577086280056577,0.013425393172228572,-0.28978494623655915,0.2073529411764706,-0.04969965264026299,-0.07394525961475962,,0.0,0.0,0.052000000000000046,1.0906054181554021,True,,0.6936445145680089
HTO,2026-09-28,62.0,62.32,60.92,61.37,300815,37.5,,Z1G,MARKUP,0.02040457816651696,-0.019805142948410848,-0.03430369787568843,-0.08525860784021477,0.18168812589413386,-0.022228727586563912,-0.018822484676491058,0.04833464055745185,1.0,0.0,-0.0113599480688088,0.8739850644738404,True,Utilities,0.6937490246049586
GOOG,2026-09-29,338.54,339.64,335.02,337.32,13986105,46.9,,Z1,MARKUP,0.023562970764552736,-0.02904349327883493,0.0056945231209564184,-0.11652392551268953,0.33517632994620444,-0.008748411379944865,-0.016280828907496048,0.03137285168585402,1.0,0.0,0.022049565457728182,0.9561680541326575,True,Technology,0.6938976214104482
VSEC,2026-09-28,177.08,177.47,172.33,174.65,226524,36.3,,Z2G,MARKUP,0.05110032545398557,-0.030476296214055676,-0.19076081920118615,-0.2953399233407302,0.030720338983050766,-0.07577764080349103,-0.12175617872825761,-0.09892761539110362,1.0,1.0,-0.0019690739561011306,0.8923278790259054,True,Industrials,0.6939509564625559
ESS,2026-09-21,270.86,271.67,268.17,271.39,464492,37.5,T2G,,MARKUP,0.017281782504624456,-0.015740035542015862,-0.0609342560553634,-0.10535684852480642,0.09513023782559482,-0.019674759494578864,-0.033658749889686645,-0.00958533902380232,1.0,1.0,-0.008948049547051307,1.072835210347971,True,,0.6955234187883189
CCEP,2026-09-29,101.4,102.68,101.28,102.29,1258606,45.8,T10,,MARKUP,0.020778667819846428,-0.00019548431238392006,-0.05304573227180143,-0.10011436614762026,0.22426721199727376,-0.007594712349468846,-0.017179649549478704,0.025421862330275102,1.0,1.0,-0.0036231884057971175,0.8656763216830925,True,,0.6956804453111533
LOGI,2026-09-24,101.56,101.57,98.4,99.56,1193429,46.4,,Z2G,MARKUP,0.031838502791754944,-0.02906182952993952,-0.006288052699870206,-0.1104360257326662,0.36615384615384616,-0.019470516535176396,-0.02085612047532881,-0.013838237375743634,1.0,0.0,0.038193711753534476,1.121860515093447,True,Technology,0.6957482687353818
TRIN,2026-09-24,17.59,17.61,17.38,17.49,630130,40.3,,Z2,MARKUP,0.018976960371987976,-0.028872848417546004,-0.06620395088093978,-0.07411328745367929,0.2857142857142849,-0.0226001488328903,-0.020446980462307307,0.042875059345150124,1.0,0.0,-0.0062893081761006275,0.9815483564715531,True,,0.6958053976916329
KYMR,2026-09-30,110.74,115.69,108.03,111.79,1022621,43.1,T1G,,MARKUP,0.045112599680546935,-0.03186974971854151,-0.060982780344393084,-0.12561595619867028,0.433109777620897,-0.029981627665985888,-0.013797541932047186,0.1849397642831343,1.0,1.0,-0.020491431680116134,0.9758620959966136,True,Healthcare,0.6958334374250742
IVT,2026-09-28,30.45,30.8,30.45,30.72,534229,29.6,T3,,MARKUP,0.01802957945594977,-0.0025974025974027093,-0.05622119815668203,-0.17463729177861365,0.07932011331444742,-0.022060180575619426,-0.05467982499272783,-0.04098306808153107,1.0,1.0,-0.011147540983606596,0.845944029853702,True,,0.696532706386077
AMSF,2026-09-29,23.63,23.95,23.34,23.87,404424,28.8,T2,,MKDN,0.02673873705527799,-0.02809446254071657,-0.08333333333333326,-0.33212087297146053,0.05342902711323776,-0.03816384378600546,-0.10689798330524947,-0.25847835803357366,0.0,0.0,-0.03774367482372465,0.8915502896588475,True,Financials,0.6966266410541748
BBIO,2026-09-30,66.14,67.32,65.61,65.8,2822374,31.0,,Z2,MARKUP,0.038524433535810976,0.0013696545426875595,-0.14065560924644116,-0.2956540355384286,0.04955264969029586,-0.055464059324770165,-0.10540618873472551,-0.07321161700923473,1.0,1.0,-0.008320493066255819,1.1030504574145417,True,Healthcare,0.6967654421518495
NNE,2026-09-30,16.09,16.55,15.82,15.85,1465111,41.8,,Z10,MKDN,0.06536331081595678,-0.06819517930629049,-0.09273039496279334,-0.2498816848083294,0.17757009345794378,-0.06001585689978528,-0.11526586516906889,-0.31711461543777286,0.0,0.0,0.04856952761144373,0.82974852540051,True,Utilities,0.6971997183857206
ITW,2026-09-29,271.92,274.44,266.0,267.07,2304279,40.6,,Z1G,MARKUP,0.018452170617882357,-0.012570710245129013,-0.030141264480517127,-0.115427927927928,0.14099087996056128,-0.017658010478905584,-0.025661403664494542,-0.0038663511067748013,1.0,0.0,0.017792232638224492,1.0885423077170842,True,Industrials,0.697289723704165
UGI,2026-09-30,36.35,36.35,35.66,35.67,1733682,32.4,,Z4,MARKUP,0.019842926300609742,-0.02594210813762965,-0.07206035379812681,-0.10824999999999996,0.32972136222910253,-0.035957458772358786,-0.03320980854190114,-0.01835279378120047,1.0,0.0,-0.02247807017543857,0.8261347255261974,True,Utilities,0.6973420131773307
ORC,2026-09-22,6.11,6.15,6.08,6.12,3775707,31.6,T1G,,MKDN,0.019422656678075155,0.0049261083743843415,-0.09333333333333327,-0.12820512820512808,0.15094339622641528,-0.032049398202095625,-0.058792484167563885,-0.10697698186299265,0.0,1.0,-0.018121911037891292,1.0849049773611903,True,,0.6986745554497737
EWBC,2026-09-30,125.63,126.12,123.9,123.93,848366,37.4,,Z2,MARKUP,0.01928942903967146,-0.0044983532813879235,-0.02232565478068793,-0.09849421692005522,0.002210759027266113,-0.025432210552037704,-0.0354228350787783,0.017206374896373777,1.0,0.0,-0.00273663876368313,0.891969704627546,True,Financials,0.698769764014364
UE,2026-09-28,19.92,20.01,19.75,19.91,873631,27.6,,Z5,MKDN,0.01650989474188317,-0.0044999999999999485,-0.06919121084618984,-0.16764214046822745,0.06960556844547576,-0.025167902339725767,-0.05968773711926456,-0.06316487718056507,0.0,1.0,-0.012588116817724093,0.902475822484355,True,Real Estate,0.6987998123875803
ARCO,2026-09-22,7.63,7.67,7.55,7.62,855609,36.8,,Z11,MKDN,0.02593059971020128,-0.020565552699228773,-0.05809641532756482,-0.11805555555555558,0.12820512820512842,-0.030944995325518976,-0.05134862332310697,-0.05689558503134562,0.0,0.0,-0.026075619295958252,1.2247114884866317,True,,0.6991138582578496
OOMA,2026-09-30,21.34,21.34,20.42,20.43,661934,35.6,,Z4,MARKUP,0.04716146057105639,-0.07346938775510203,-0.06627056672760512,-0.21993127147766323,0.1794871794871792,-0.06767551039200237,-0.04730450633871364,0.141969634707666,1.0,0.0,0.02100000000000013,0.8499385641733841,True,Technology,0.6995586585101742
GSBD,2026-09-28,9.5,9.5,9.37,9.46,1065930,41.7,,Z1G,MKDN,0.02174426819956516,-0.03469387755102038,-0.06614017769002956,-0.08863198458574184,0.5445544554455449,-0.02378639677832839,-0.013809114831806912,-0.011928012040519187,1.0,1.0,-0.0010660980810236476,0.9026118625348669,True,,0.6995867170174335
LBTYK,2026-09-25,9.2,9.28,9.03,9.26,1458383,29.9,T3,,SPRING★,0.031042929654412278,-0.040414507772020825,-0.09922178988326846,-0.16425992779783394,0.11219512195121968,-0.0644584714276406,-0.09273862424250612,-0.1428026814598592,0.0,0.0,-0.06230529595015588,1.0207436697193608,True,Communication Services,0.6996055436316156
CVS,2026-09-29,87.2,87.56,86.36,87.1,7116000,35.7,,Z2G,MARKUP,0.025868296216231636,0.0,-0.07251623895218828,-0.21304662088904958,0.09931245225362847,-0.03973968739784617,-0.07373422092108273,-0.021306850083691264,1.0,1.0,-0.025149976926626794,1.1955337119907274,True,Consumer Staples,0.6996255290260119
ROP,2026-09-25,362.32,363.86,357.75,358.56,753402,29.5,,Z2G,MKDN,0.027863658563861124,-0.038042603423297794,-0.1517187536965625,-0.16536312849162016,0.24505844845908603,-0.06053667876715885,-0.06482195506271704,-0.08246602684353821,0.0,0.0,-0.029672624698255934,1.0618942305141275,True,,0.6998560024885169
CNA,2026-09-29,45.1,46.11,45.0,45.99,654144,32.6,T3,,MARKUP,0.021116940440058008,-0.03117758584369068,-0.053119209388511446,-0.17447495961227788,0.09243697478991615,-0.032235772067617074,-0.052767288022212755,-0.0406527051894604,1.0,0.0,-0.04275686024250158,1.1129832592472997,True,Financials,0.6998747223028686
FNF,2026-09-25,40.88,41.52,40.81,41.42,2752255,27.3,T9,,MKDN,0.025652642075872985,-0.025411764705882356,-0.12431289640591958,-0.24416058394160578,0.04360257326661899,-0.055683020584366694,-0.10200183672460739,-0.16549212857632722,0.0,0.0,-0.03568052930056709,0.9853038365785802,True,Financials,0.7001568145542966
BOKF,2026-09-25,131.59,132.38,131.21,131.77,188298,35.8,T1G,,MARKUP,0.01703617737867985,-0.0073822975517889855,-0.04714729915395166,-0.10262871152274577,0.12434631028471899,-0.01934412936289376,-0.0350521179788178,0.009607605926251761,1.0,1.0,-0.010609067317966847,0.8513933069923787,True,Financials,0.7001901913221549
LAD,2026-09-25,310.29,316.88,306.31,316.42,262696,32.6,T2G,,MARKUP,0.03768972759099244,0.0004742783065103673,-0.14720784821043553,-0.28002912466722785,0.1776144336785836,-0.06511534831686083,-0.08215090558622928,-0.017604573545999425,1.0,1.0,-0.03206380729683844,1.084262035885,True,Consumer Discretionary,0.7004650141716672
RSG,2026-09-25,211.92,213.22,211.23,212.1,1057958,36.2,T5,,MARKUP,0.016508350787413806,-0.027376530471866833,-0.032699411684224966,-0.07063359915870648,0.31169940222032394,-0.025737335346270207,-0.02475596627957566,-0.02727376068941567,0.0,0.0,-0.02416150789984306,0.8611626721574221,True,Utilities,0.700899739470164
SEZL,2026-09-21,118.3,119.53,115.91,116.55,742138,41.8,,Z5,DIST-TR,0.055401179854605076,-0.04129308217487859,-0.02149273780538996,-0.40447601042358594,0.049699879951980795,-0.03598532566654633,-0.09771148605547686,0.019987399630476688,1.0,0.0,0.001423360910950855,1.159450622665326,True,Industrials,0.7013739677079204
BULL,2026-09-22,8.28,8.4,8.06,8.09,11296368,43.6,,Z2,MARKUP,0.06365294462942075,-0.06581986143187069,-0.05158264947245017,-0.20608439646712462,0.43699731903485256,-0.058685726693928575,-0.018689080277561776,0.01092898257070929,1.0,1.0,-0.026819923371647514,1.1252755655708444,True,,0.7014737956789661
AXGN,2026-09-30,42.35,43.09,41.74,41.92,1088994,37.9,,Z2G,MARKUP,0.05033670421150236,-0.03231763619575245,-0.1595829991980754,-0.20771120771120766,0.25136239782016384,-0.059826485341777924,-0.06871435002073456,0.09212293267686089,1.0,0.0,0.05350832912670378,0.8165460437553552,True,,0.7018466365880557
MICC,2026-09-29,18.42,18.57,18.34,18.55,598362,39.6,T12,,MARKUP,0.022468446471302538,-0.03985507246376807,-0.09157688540646425,-0.10299806576402315,0.35258358662614,-0.03318105800198179,-0.023571727587668123,0.07410638010398496,1.0,0.0,-0.023948908994145812,0.8359213749273506,True,,0.7021254299462547
GGG,2026-09-30,78.04,78.17,76.79,76.84,1742866,44.4,,Z1,MKDN,0.017674027828669368,-0.0195227765726681,0.00013015749056366488,-0.08849347568208776,0.36726039016115364,-0.01005845067144584,-0.01594111747878213,-0.04400569690061562,0.0,0.0,0.02332089552238803,0.8838523666620812,True,Industrials,0.7021460228722307
KYTX,2026-09-21,7.25,7.26,6.99,7.12,678462,38.6,,Z3,MARKUP,0.05712209989493121,-0.037837837837837895,-0.15439429928741089,-0.3080660835762876,0.07580174927113699,-0.06674141230828512,-0.10208494167934468,-0.08728530130301981,1.0,0.0,-0.04854368932038833,1.1024465189109283,True,Healthcare,0.7022547562616448
UTL,2026-09-30,51.24,51.27,50.55,50.76,173488,35.3,,Z3,MARKUP,0.02252183986396778,-0.0017699115044248481,-0.05316172355903748,-0.11351728955640938,0.267192784667418,-0.02286765598757312,-0.03637871794877934,-0.023712154556914666,1.0,0.0,0.03161810291382516,1.0928324370550682,True,Utilities,0.7028858875512285
BOBS,2026-09-30,14.05,14.07,13.59,13.86,1105035,37.4,,Z10,MARKUP,0.06189084259827263,0.021370670596904784,-0.14969325153374236,-0.2885010266940452,0.13003095975232193,-0.07276222515882635,-0.11520788016037742,,0.0,1.0,-0.03626943005181349,0.9068909553697222,True,Consumer Discretionary,0.7032275749186384
CFR,2026-09-29,155.97,157.54,153.79,154.21,420828,34.1,,Z2G,MARKUP,0.019330344286327673,-0.012423951328850436,-0.04139988810841044,-0.09713114754098362,0.10854379365932341,-0.03045435445624023,-0.03396104691335633,0.038850930511967974,1.0,0.0,-0.014234419081815886,0.8825219003965442,True,Financials,0.7038947951246095
JLL,2026-09-25,324.94,327.03,321.62,321.91,367010,30.7,,Z2,MARKUP,0.030682831037941043,-0.043016826208454595,-0.15007260726072602,-0.1826376193378021,0.09465072372561409,-0.060522725684480916,-0.06909516401102389,-0.009513989122916788,1.0,0.0,-0.032634523415646544,1.0265460632020538,True,Real Estate,0.7040498291744466
GL,2026-09-22,173.21,174.37,168.82,169.43,389800,39.4,,Z2,MARKUP,0.021440260996215064,-0.02227479946909794,-0.021371223935770733,-0.11547898720960581,0.07408957722896647,-0.020672537370272637,-0.024268431239241606,0.06112795728149867,1.0,0.0,0.0069187641655732435,1.0786328213903247,True,Financials,0.7040889405324741
TRMK,2026-09-30,45.26,45.57,44.55,44.83,485784,36.0,,Z2,MARKUP,0.019457934871410402,-0.018822499452834318,-0.007746790615316579,-0.08510204081632655,0.06292134831460695,-0.02800301385937487,-0.032164931235101335,0.01394658452605868,1.0,0.0,-0.007574069948763751,0.8817185579915704,True,Financials,0.7043742735697842
UHAL,2026-09-21,64.33,64.34,63.17,63.43,115969,32.5,,Z4,MARKUP,0.02372444169018754,-0.0009450307134982738,-0.11174905475423602,-0.1703073904512754,0.10638297872340406,-0.036853442038781936,-0.05222072649436704,0.042505811474489175,1.0,1.0,-0.012920721008135239,1.0792708473878188,True,Consumer Discretionary,0.7045243891724003
NSC,2026-09-23,313.0,317.31,313.0,315.01,702456,35.7,T2,,MARKUP,0.018591617969731213,-0.006277602523659387,-0.10314884409520564,-0.12155605131065261,0.13098086124401895,-0.027007021147439136,-0.03943954071737166,0.008745069239770364,1.0,0.0,-0.02540444893832161,1.0387059375304273,True,Industrials,0.7046101875138823
HOMB,2026-09-28,29.17,29.17,28.79,28.86,1202448,36.0,,Z1,MARKUP,0.015739267230139152,-0.025329280648429542,-0.02565833896016212,-0.089589905362776,0.21763085399449017,-0.023615603938526575,-0.02777594429678898,0.002908338393202481,1.0,0.0,-0.013406668958404921,0.9358047490425317,True,Financials,0.7046340656974388
JACK,2026-09-30,13.49,13.65,13.17,13.22,395784,36.5,,Z2,MKDN,0.05818201790472366,-0.017830609212481474,-0.15419065898912343,-0.42646420824295006,0.040975609756097556,-0.06265481167003883,-0.10809921523668675,-0.1430728748614759,0.0,0.0,0.017968749999999867,0.8986550432815555,True,Consumer Discretionary,0.7051820220617107
OHI,2026-09-25,46.2,46.38,45.88,46.28,1374187,42.8,T5,,MARKUP,0.018194252066349153,-0.008144020574367694,-0.00021602937999565253,-0.11662531017369726,0.14545454545454536,-0.010410464004829922,-0.01863427973474252,0.004779503212537728,1.0,0.0,0.014146772767462457,0.8504068908527914,True,,0.7053554420911005
CWST,2026-09-21,88.68,89.28,86.8,87.05,509342,36.2,,Z1G,MKDN,0.030431780886791066,-0.042880703683342514,-0.053907184001738995,-0.1420264143504829,0.08099489795918345,-0.04108312139133907,-0.045297424114455476,-0.057773661961971534,0.0,0.0,-0.017988460233058112,1.256856338799866,True,Utilities,0.7054760438687779
AVPT,2026-09-25,13.15,13.23,12.98,13.0,2852827,46.1,,Z1,MARKUP,0.033754231518875064,-0.014404852160727732,-0.09090909090909094,-0.09596662030598058,0.559105431309904,-0.018225673468593606,0.0019505432750439589,0.033690937407013566,1.0,0.0,0.018239492466296525,0.9449366342723936,True,Technology,0.7057740025955581
NDAQ,2026-09-29,93.05,93.64,91.24,91.85,3049717,42.8,,Z2,MARKUP,0.02364941931040924,-0.02804232804232809,-0.06855288510293078,-0.0903238585718531,0.4856175972927241,-0.02038998271103265,-0.01822316851908168,0.010879471219354508,1.0,0.0,0.037525585626563496,0.9701745644408466,True,Financials,0.7057942894292605
BOOT,2026-09-28,123.24,126.92,122.01,126.16,850412,36.6,T3,,MKDN,0.0462269112556053,0.014718893267916089,-0.18527607361963194,-0.26676740671858656,0.10735122520420062,-0.06419858563234082,-0.13504617804258645,-0.21602986549803682,0.0,0.0,0.011356100795756108,0.9537080920176177,True,Consumer Discretionary,0.7059371044747486
RGLD,2026-09-28,242.67,246.94,239.61,240.32,764928,42.5,,Z1G,MARKUP,0.03212835313938621,-0.03914277717804171,-0.08571428571428585,-0.11461518623586198,0.6344730348960168,-0.04170776079987637,-0.0055167386787590145,0.0472272699441465,1.0,0.0,-0.004776540953646657,0.950323073644079,True,,0.7059859289226997
GRND,2026-09-30,16.41,16.41,15.18,15.43,2044595,47.2,,Z4,UTAD,0.037723490095255184,-0.0006476683937823857,-0.006439150032195751,-0.16594594594594592,0.30227272727272725,-0.014143815197445786,-0.005234478746205418,0.03901158349743583,1.0,0.0,0.03265306122448974,1.132170327007333,True,Technology,0.7063924188769368
AGCO,2026-09-30,116.17,118.36,114.21,114.23,774497,43.8,,Z2,MARKUP,0.03640266703319977,-0.061226166995397735,-0.06613799869195547,-0.1549160316638306,0.4332882273342357,-0.034520053056277145,-0.01699783692286927,-0.0009718922488242132,1.0,0.0,0.05098003128738382,0.7273850900463964,True,Industrials,0.7065784296745288
HNI,2026-09-30,46.7,46.81,45.3,45.32,638861,40.6,,Z2,MARKUP,0.0294353816171401,-0.03901611535199312,-0.04509060261272657,-0.10097202935925409,0.5921474358974361,-0.033800790162135774,-0.012386237990441917,0.0645703017561019,1.0,0.0,0.004880212954747165,0.9286497075580828,True,Materials,0.7068155783427923
EXE,2026-09-25,87.38,88.14,86.4,86.84,2536146,32.2,,Z1,MKDN,0.027658745725398722,-0.007429420505200457,-0.11387755102040809,-0.1328140603155582,0.12269129287598944,-0.0502935638416554,-0.06521333281483754,-0.11298132301058772,0.0,0.0,-0.02290950744558995,1.1766647736266251,True,Energy,0.7070089137931254
CINF,2026-09-25,162.99,163.32,161.17,162.54,409480,29.9,,Z10,MARKUP,0.01791223557423743,-0.03822485207100601,-0.05784836540690941,-0.16564858066834354,0.04072532699167669,-0.033824407750369656,-0.04930307137622436,-0.031062342012023847,1.0,0.0,-0.03744624940277119,0.9418253310406793,True,Financials,0.7072325894824684
LAMR,2026-09-28,143.63,145.17,143.41,145.03,581428,35.4,T4,,MARKUP,0.01644362131439229,-0.007187842278203793,-0.035576539433435306,-0.1280586785306319,0.11654914973040235,-0.016847280333038617,-0.03587012604186479,0.007754888358506573,1.0,1.0,-0.019172413793103416,1.0249402383711108,True,,0.7075675097948645
AX,2026-09-25,89.58,90.5,88.48,88.52,256388,31.1,,Z3,MARKUP,0.02502262599360669,-0.025002753607225592,-0.09079704190632709,-0.16285227917533573,0.08012820512820513,-0.042157177043819494,-0.06357501969870616,-0.03259862939620539,1.0,0.0,-0.03557575085891618,0.7209948234768409,True,Financials,0.7077623221574094
BKSY,2026-09-30,22.1,22.99,21.3,21.31,1128853,41.5,,Z2,MKDN,0.07038117262154152,-0.042247191011235974,-0.0065268065268065945,-0.342080889163322,0.10573042776432597,-0.057608575705503484,-0.12204012661532371,-0.1789284851135432,0.0,0.0,0.06499999999999995,0.8809911027345314,True,Industrials,0.7085294243873985
FBP,2026-09-28,27.18,27.18,26.71,26.76,1080830,35.5,,Z4,MARKUP,0.018586616685629637,-0.025491624180626338,-0.04462691895751514,-0.10441767068273089,0.25000000000000067,-0.027764380033429403,-0.030462703222855936,0.06815302656672406,1.0,0.0,-0.020656584286241175,0.8690926150933962,True,Financials,0.7086375876004675
SPT,2026-09-25,9.7,9.82,9.47,9.54,887400,40.3,,Z2G,MARKUP,0.057181125219920824,-0.06194690265486735,-0.13586956521739135,-0.19561551433389546,0.4923413566739605,-0.07960149630757296,-0.031076615846620248,0.00591447439783388,1.0,0.0,-0.015592515592515399,0.8181772683233951,True,Technology,0.7088105159869585
SSB,2026-09-28,102.22,102.56,101.5,101.69,550793,35.2,,Z2G,MARKUP,0.017230814382091838,-0.013771700126078978,-0.04047933572372153,-0.09367201426024963,0.3153094462540717,-0.022830299250547137,-0.02535221769309126,0.012254549358549971,1.0,0.0,-0.004901960784313708,0.9762722894985858,True,Financials,0.7090132793809086
AMAL,2026-09-23,47.29,47.44,46.53,46.56,135045,39.5,,Z2,MARKUP,0.02377672511397324,-0.0012870012870012104,-0.038413878562577386,-0.09749951540996316,0.29453015427769996,-0.026581510152450583,-0.024675353842452896,0.09820252868785251,1.0,0.0,0.012024486226497544,0.9979209423116203,True,Financials,0.7090864868870781
AAOI,2026-09-30,101.9,104.25,96.41,99.26,5816049,43.9,,Z3,DIST-TR,0.08176176529798874,-0.017811201266574317,-0.039945836154366865,-0.3834399652152307,0.27359378677335844,-0.04254584003510942,-0.11489171559600542,-0.05775113560296141,1.0,1.0,-0.004042553191489273,0.9374562356890273,True,Technology,0.7091713874817428
CSCO,2026-09-29,107.27,107.4,106.06,106.94,11732390,42.4,,Z5,MARKUP,0.024784703836964458,0.004697482149567778,-0.032129604489093966,-0.14249057814128774,0.12029702970297,-0.017382677925154022,-0.034309695986281086,0.06889962919880888,1.0,0.0,0.005262654291455338,1.122411388022625,True,Technology,0.7101716210901823
AA,2026-09-25,42.52,43.18,42.25,42.85,3401413,32.3,T3,,MKDN,0.04285810645710155,-0.0355615575061895,-0.16292244579019333,-0.22161671207992728,0.046875000000000125,-0.08034570423303777,-0.12837592379181428,-0.18152609296501732,0.0,0.0,-0.03933606184629368,0.9914746002496931,True,Materials,0.7106230306832941
ACRS,2026-09-28,5.07,5.46,5.02,5.43,2429161,45.9,T4,,MARKUP,0.06639802829346884,-0.02513464991023351,-0.09650582362728788,-0.17727272727272725,0.2822085889570552,-0.02723854585673202,-0.03139201562175342,0.1961333832365424,1.0,0.0,0.010060362173038184,0.828427797362249,True,Healthcare,0.7107010005851848
REXR,2026-09-30,37.16,37.55,36.2,36.27,2449491,37.2,,Z1,MARKUP,0.02136326250085981,-0.049279161205766586,-0.02131678359417155,-0.08570708343836653,0.4304857621440537,-0.035110636418718366,-0.02438278822915463,-0.016356406870493556,1.0,0.0,-0.009846827133479175,0.8338980537721967,True,,0.7111155938318872
URI,2026-09-29,1044.44,1044.61,973.29,1014.54,1125750,45.1,,Z4,MARKUP,0.031219906011993575,-0.027323976069949407,-0.022601156069364192,-0.1396224494988043,0.22192816635160642,-0.013597184952443775,-0.027414590765727498,0.04355726614798039,1.0,0.0,0.005901320821017242,1.2088486345937108,True,,0.7112641710414618
CRGY,2026-09-28,13.34,13.35,12.94,12.98,5673386,43.7,,Z6,MARKUP,0.03821181398490284,-0.02111613876319751,-0.041358936484490294,-0.16095669036845506,0.6066350710900473,-0.04434571477421945,-0.0021011890892683738,0.12014317494609172,1.0,0.0,-0.009946442234123998,0.8477555011717522,True,Energy,0.7113419995951072
PRM,2026-09-22,31.79,32.2,29.68,29.77,1310550,39.1,,Z2,MARKUP,0.04443958938155992,-0.056717363751584204,-0.029028049575994808,-0.22006811632171863,0.09580193756727667,-0.05690235674274646,-0.07448948004637157,0.012711870330075925,1.0,0.0,0.0006743088334457692,1.2612918715458041,True,Materials,0.7117506782135167
SOBO,2026-09-24,34.57,34.57,34.11,34.32,594985,30.5,,Z2,MARKUP,0.02300658572534559,-0.04053676265026562,-0.09326287978863934,-0.12045105074320872,0.050505050505050476,-0.04396716836405934,-0.05605371244854185,0.006395965441243101,1.0,0.0,-0.03562340966921118,0.8869926699827965,True,,0.7118007033950015
AKR,2026-09-24,19.14,19.26,19.01,19.21,967894,26.9,T9,,SPRING,0.019869079194882996,-0.005178663904712444,-0.08870967741935476,-0.16587060356057315,0.049751243781094356,-0.03184512638180148,-0.06353915124188647,-0.07347752728744517,0.0,0.0,-0.0114404576183047,0.8089723613780898,True,,0.711825932815936
DKL,2026-09-28,54.29,54.29,53.31,53.63,187270,40.5,,Z6,MARKUP,0.025134489166445197,-0.038026905829596336,-0.021171746669100155,-0.1279674796747967,0.27798165137614694,-0.03108439283107156,-0.029386242218249703,0.027978698364006904,1.0,0.0,0.0003762227238526261,0.6687620368369505,True,Energy,0.7119171830988946
STOK,2026-09-22,28.44,29.4,28.24,29.2,527225,45.2,T1,,MARKUP,0.04469078211490991,0.03730017761989335,-0.09653465346534651,-0.13965822038892162,0.2935916542473919,-0.01578346323925539,-0.04045305588550052,-0.019297375221398738,1.0,1.0,-0.005751258087706712,1.1180325510383464,True,Healthcare,0.7128652619925328
AWR,2026-09-30,82.28,82.73,81.97,82.33,318010,34.1,T2G,,MARKUP,0.018320949374804624,-0.010932244113406986,-0.07691445229285798,-0.10237679895333629,0.15633423180592954,-0.030479799976116495,-0.03781972662296029,0.016674837442590684,1.0,0.0,-0.024216006780481858,1.0226196765322657,True,Utilities,0.7130114868230326
GOOGL,2026-09-29,341.95,342.84,338.02,340.92,21028222,47.4,,Z9,MARKUP,0.024077563979434204,-0.029160496639708433,0.004626491822601997,-0.11329588014981273,0.3739580339177928,-0.007872428613518001,-0.013937348774084701,0.03709362975387798,1.0,0.0,0.025263928723988416,0.9353820388259129,True,Technology,0.7131131626342352
AFL,2026-09-25,114.24,114.46,113.02,113.72,1657783,36.6,,Z2,MARKUP,0.016170458822626403,-0.022436172956245115,-0.024532509864470753,-0.1267086469052373,0.04069767441860481,-0.02048219403829299,-0.03494192926246065,-0.014847728036741836,1.0,1.0,-0.005105633802816922,0.7663507304199612,True,Financials,0.7131187436493354
CHH,2026-09-24,101.89,103.04,99.23,100.96,552798,47.8,,Z3,MKDN,0.03138006392548346,0.023519870235198637,-0.08101219734207177,-0.1279260602919582,0.2594999999999999,0.0015464209651052663,-0.028825551671804117,-0.05759471354411838,0.0,0.0,0.003341338623786161,1.1365228347779073,True,Consumer Discretionary,0.713142389463233
OII,2026-09-28,46.66,47.01,45.67,45.84,538335,39.7,,Z6,MARKUP,0.03795456597777923,-0.0019595035924231397,-0.09389207353231865,-0.1550230414746543,0.4650127226463106,-0.04010494425997113,-0.035271427594571025,0.1603723710730569,1.0,0.0,0.0017706949977867037,0.7853166776024663,True,Materials,0.7131800173707777
ASM,2026-09-21,6.43,6.44,6.13,6.18,3239365,40.4,,Z6,MARKUP,0.06385519720293634,-0.008025682182985716,-0.16486486486486496,-0.21772151898734182,0.3745454545454543,-0.08045407600105914,-0.07972817880575245,-0.04423848176004308,1.0,1.0,-0.041118421052631526,0.84102606341575,True,,0.7134326955504968
MUR,2026-09-29,35.85,36.31,35.7,35.95,1716886,45.8,T5,,MARKUP,0.03729304087400928,0.016110797060486126,-0.012904997254255868,-0.1164905382157777,0.4513888888888895,-0.026214152868287988,-0.022727671888287282,0.025828121543745253,1.0,0.0,0.044983722994969,0.9313433851802873,True,Energy,0.7135310236874371
QCRH,2026-09-30,99.04,99.95,97.72,97.88,140718,35.9,,Z2,MARKUP,0.02008276610338034,-0.013007966118785963,-0.011313131313131386,-0.09462584404772922,0.29204152249134935,-0.025219631061520142,-0.02426460290955157,0.05293339675071396,1.0,0.0,0.007318833109988487,0.9054316565815336,True,Financials,0.7136496677926208
TCBI,2026-09-28,95.69,95.8,94.45,94.7,610168,39.5,,Z1,MARKUP,0.017195818039448543,-0.0031578947368420263,-0.039943227899432276,-0.12135832250881429,0.09793103448275874,-0.016520051586496498,-0.033200335547811655,-0.019902887909337252,1.0,1.0,-0.0063911376224967675,1.1059027429245516,True,Financials,0.7138204149097803
STAG,2026-09-25,37.35,37.38,36.69,36.79,3004897,42.5,,Z4,MKDN,0.015644377181971297,-0.021542553191489455,-0.007553277582951212,-0.13658765547993434,0.09062499999999975,-0.01213333360526292,-0.021651891347171937,-0.02677423844666793,0.0,0.0,0.004105090311986803,1.1290428390165141,True,,0.7138858315587168
PGC,2026-09-28,44.84,45.12,44.03,44.12,123042,38.1,,Z1G,MARKUP,0.021082747023376296,-0.023245516936019617,-0.021946353358457182,-0.09590163934426232,0.267605633802817,-0.02323953708914639,-0.026245872953651217,0.09057563563463411,1.0,0.0,-0.004521817770743786,1.0196250226541506,True,Financials,0.7139586991173896
WELL,2026-09-30,233.2,234.44,230.24,230.24,2995841,43.2,,Z4,MARKUP,0.0208688330899976,0.0016096054291556694,-0.04234256717411189,-0.09780564263322877,0.17433013562686114,-0.013362295991068862,-0.013229699477227297,0.06748803804771986,1.0,0.0,0.008245614035087723,0.9350677848363769,True,,0.7142909881182833
REGN,2026-09-28,778.09,780.95,750.0,752.25,1149752,37.7,,Z2G,MARKUP,0.027530904728102885,-0.057531603543104826,-0.05280852189022789,-0.12461889356948364,0.5167854886743073,-0.05039994396060754,-0.027002696585340935,0.05001989283016717,1.0,0.0,-0.025429785464610166,1.0012464960234289,True,Healthcare,0.7143145319841445
EVRG,2026-09-21,79.78,79.88,78.89,79.26,1961452,35.9,,Z2,MARKUP,0.015571288066133893,-0.01978728666831553,-0.020514087988136365,-0.1056194989844279,0.03802672147995934,-0.02328700851140897,-0.03680040479485458,-0.018235637673555183,1.0,0.0,-0.012022542266750036,1.0240920918386354,True,Utilities,0.7143400555193978
DUK,2026-09-29,112.87,114.44,112.4,114.21,5161528,30.7,T4,,SPRING,0.014406704167059243,-0.018055197317513594,-0.04753565173880414,-0.1390124387485866,0.08938271604938212,-0.025133931174406432,-0.0506194698240765,-0.0725337062424074,0.0,0.0,-0.031535412717559885,1.0432304535508445,True,Utilities,0.7147103061300368
AEM,2026-09-30,187.7,187.7,183.23,183.27,1373680,40.4,,Z4,MARKUP,0.03851884076608668,-0.06289308176100616,-0.05267238705675592,-0.18339794145167754,0.5429205996668518,-0.056014513740693106,-0.02895792933768082,0.018273556747203656,1.0,0.0,-0.06004151530877011,1.0086493535331107,True,,0.714887454458829
BALL,2026-09-22,61.24,61.24,59.85,59.97,1801970,38.5,,Z11,MARKUP,0.019974474360076152,-0.017046385838387135,-0.06907792610990382,-0.1122131754256106,0.07673568818513958,-0.021206346149477917,-0.0274131531065146,0.00952108042501032,1.0,0.0,0.006235254465790208,1.1337683883445755,True,Industrials,0.7154715643203797
RLAY,2026-09-28,17.1,17.88,17.05,17.69,1846400,40.3,T3,,MARKUP,0.05147055058543513,-0.027487630566245147,-0.05753862546616928,-0.16831217677480015,0.15165876777251203,-0.048642143541032024,-0.04944959353908873,0.2178105483868129,1.0,0.0,-0.05066815144766146,0.945906427138605,True,Healthcare,0.7158786635565592
FTS,2026-09-23,53.61,53.66,53.12,53.3,904695,35.3,,Z1G,MARKUP,0.014397042823391817,-0.010213556174558991,-0.03214091156709653,-0.10269360269360273,0.028662420382165554,-0.022219682321656054,-0.03821621527687835,-0.03129127939091636,1.0,1.0,-0.002628614344724056,0.9779111589513136,True,,0.7163884398446501
DEA,2026-09-25,22.72,22.92,22.56,22.91,365237,29.4,T1,,MARKUP,0.01851842852248356,-0.020940170940170866,-0.0679414157851912,-0.11748844375963019,0.10294117647058859,-0.030262190548292045,-0.04846261941578023,-0.02928771223121074,1.0,0.0,-0.02083333333333337,1.0070365029121142,True,,0.7166580172968706
FOUR,2026-09-25,38.16,39.24,37.25,38.45,1679835,37.4,T2,,SPRING★,0.06476657875756349,-0.013596716264751008,-0.124943104233045,-0.32990589055420005,0.0596125186289122,-0.07623402949926139,-0.12605453743779216,-0.2608455231714687,0.0,0.0,-0.041184041184041176,0.9881536693655292,True,Industrials,0.7167715986419259
TNET,2026-09-28,64.43,65.38,62.58,63.39,311510,37.6,,Z2G,MARKUP,0.03569166408854299,-0.04905490549054903,-0.09790806887718795,-0.13259441707717567,0.5125754527162978,-0.049887512128021116,-0.023397471501067746,0.10734808475960844,1.0,0.0,-0.03530137197471872,0.8967254468658905,True,Industrials,0.7172161667583125
NP,2026-09-30,27.88,28.29,27.25,27.35,489552,29.7,,Z6,MARKUP,0.04600311691475243,-0.014769452449567733,-0.16360856269113155,-0.22190611664295867,0.08343125734430094,-0.07113705660907499,-0.10139155394951738,-0.03525969729886691,1.0,0.0,0.0048798798798799226,1.0847829428946467,True,Financials,0.7184201898644841
FFBC,2026-09-30,31.52,31.7,31.15,31.32,806579,38.1,,Z2,MARKUP,0.019388648461244273,0.0032030749519538215,-0.021861336664584674,-0.13576158940397354,0.04466019417475735,-0.023917625910024998,-0.037955610147030194,0.023032778281343536,1.0,1.0,-0.003206155819172829,1.08693739453133,True,Financials,0.7187045238807143
TCBX,2026-09-29,43.12,43.51,42.01,42.6,120072,36.3,,Z1,MARKUP,0.02558543241691476,-0.02203856749311295,-0.04484304932735428,-0.08090614886731395,0.5059288537549409,-0.03101528507174689,-0.02445104407819576,0.03348708413695811,1.0,0.0,-0.027095877721167283,0.9713362127532739,True,Financials,0.7189316872780644
IVR,2026-09-25,6.41,6.45,6.35,6.41,2911242,27.9,,Z7,MKDN,0.022304866098228068,-0.006201550387596955,-0.1361185983827493,-0.2192448233861145,0.03225806451612928,-0.05229468862016784,-0.10340971976082958,-0.1674666140794725,0.0,1.0,-0.004702194357366851,0.8372019806687436,True,,0.7192763568037706
TR,2026-09-25,37.65,38.15,37.4,38.04,462007,42.8,T3,,MKDN,0.02194256365799235,0.011702127659574346,-0.06947162426614484,-0.09385421629347301,0.2423076923076921,-0.011587015629804576,-0.026098137667770915,-0.032782338966108826,0.0,0.0,0.010059815116911341,1.1278735912469584,True,Consumer Staples,0.7195652368738878
ORLY,2026-09-25,86.1,86.8,85.56,86.11,4161669,47.4,T5,,MKDN,0.022352898934012655,0.01652697438318973,-0.019583285893202795,-0.0851041223969401,0.3052905464006935,-0.0024098757314495733,-0.018016992092225848,-0.051822727697497184,0.0,1.0,-0.007310642377756471,0.9489655499570062,True,Consumer Discretionary,0.7195836530205771
APP,2026-09-28,322.05,322.74,306.88,308.24,4167102,41.6,,Z6,MKDN,0.05279575252794473,-0.06642032892146477,-0.029959718026183246,-0.43796951352928315,0.04279907547620948,-0.0364086394836608,-0.11724477488201346,-0.28878919126355007,0.0,0.0,0.0244369747899158,0.8948809158502123,True,Technology,0.719825024784569
NG,2026-09-25,7.19,7.26,6.95,7.13,3587755,43.0,,Z6,MKDN,0.06315636013159996,-0.019257221458046758,-0.2182017543859649,-0.27760891590678816,0.4279749478079332,-0.0568115019011044,-0.05503102255361925,-0.09109153758482813,0.0,0.0,0.016152716593245353,0.8047462114292039,True,Materials,0.7199192034209082
BPOP,2026-09-25,160.83,161.06,159.68,160.48,350577,36.5,,Z11,MARKUP,0.018336588071114185,-0.009566129729062567,-0.05460972017673049,-0.10466413746931502,0.11634479510127163,-0.021714390179884524,-0.03373087302385158,0.05863068594588983,1.0,0.0,0.002594772482754193,0.8070307321436296,True,Financials,0.7199506304907313
MSI,2026-09-29,450.23,451.63,445.49,446.12,894803,37.6,,Z2G,MARKUP,0.020187703209353095,-0.023166192248740947,-0.0807335668658562,-0.09847428513691026,0.47753832958078696,-0.03183395158522795,-0.021619383641527823,0.022145300257530254,1.0,0.0,-0.017380947129276292,0.833802002034101,True,Industrials,0.7201583196894276
FULT,2026-09-29,22.97,23.1,22.56,22.65,1871208,35.1,,Z2,MARKUP,0.018362029054146193,-0.016072980017376226,-0.034526854219948944,-0.10225921521997627,0.03370786516853925,-0.028841564083877724,-0.03787835373271409,0.023567651600225892,1.0,0.0,-0.019130434782608785,1.033538537733902,True,Financials,0.7202333576710434
BHRB,2026-09-30,68.69,69.97,68.2,68.6,126488,34.9,,Z10,MARKUP,0.0199367335925186,-0.0034863451481698116,-0.0287413280475719,-0.0863079381992542,0.05813953488371973,-0.021632507505426446,-0.027527178579907163,0.019292565137747797,1.0,0.0,-0.00857682802732962,0.9506711735376624,True,Financials,0.7208450383473692
ENSG,2026-09-30,175.64,175.66,171.59,172.0,317043,43.5,,Z4,MKDN,0.021678878264550464,-0.01971959420950653,-0.006928406466512604,-0.07526881720430112,0.3894461404273879,-0.01564101304698129,-0.01620933840291361,-0.024846136693369214,0.0,0.0,0.025703867535417535,0.7751951271770072,True,Healthcare,0.7209306150417903
PTC,2026-09-29,137.87,138.86,134.31,137.56,1318646,47.5,,Z9,MKDN,0.03562203090106087,-0.01742857142857146,-0.11673301656607171,-0.1373385174965509,0.5393352965923432,-0.009294294140486437,-0.010253820628043253,-0.06238586815835612,0.0,0.0,0.05426295449167906,0.77113420315967,True,Technology,0.7209457572669088
GPRE,2026-09-29,14.74,14.81,14.54,14.71,1725463,43.3,,Z2G,MARKUP,0.04066231604454278,-0.023888520238885214,0.01799307958477514,-0.25101832993890016,0.20611916264090194,-0.0224041428690106,-0.042612325524956085,0.027248297674840716,1.0,0.0,0.08265078183171992,0.7911255476107446,True,Materials,0.7209562033942323
CDNS,2026-09-21,285.73,295.8,283.39,294.9,2344092,44.1,T2G,,MKDN,0.03514312062572113,0.05676198666953325,-0.07560654504419784,-0.24578005115089518,0.18510981090477388,-0.010864558418503978,-0.07386442265691961,-0.10307024808735976,0.0,1.0,-0.018087019057892895,1.053926726266828,True,Technology,0.720986649572346
CAT,2026-09-24,798.87,809.14,794.2,805.25,2197942,46.8,T11,,MARKUP,0.02876747746296267,0.008364952352329702,-0.020293698976798447,-0.22665808731728865,0.12546781783821845,-0.004816419410823891,-0.031687470130457474,0.03858426847953278,1.0,0.0,0.029569997018369598,1.1386398936487163,True,Industrials,0.7210165276065185
HOPE,2026-09-29,13.65,13.7,13.4,13.44,849219,36.5,,Z2,MARKUP,0.018787549583022464,-0.02467343976777936,-0.025380710659898442,-0.07882111034955452,0.2767295597484274,-0.02763420104140979,-0.02517663177145535,0.054970536367136,1.0,0.0,-0.014705882352941124,0.9477576622290345,True,Financials,0.721296769865974
SPG,2026-09-29,203.98,206.19,203.01,204.28,1164755,35.5,T5,,MARKUP,0.014467083604337058,-0.008108764263170642,-0.037867370007535706,-0.14348008385744238,0.10254392866509303,-0.014123214950816254,-0.036470213676375374,-8.609396164382943e-05,1.0,0.0,0.013175625093576837,0.7973232611324272,True,,0.7215691242317671
LIN,2026-09-25,465.75,470.44,465.75,469.89,1618594,46.2,T3,,MKDN,0.016000269295771478,0.020612510860121613,-0.03185330174101175,-0.1428493250638454,0.16700351026486523,-0.0008335664112889551,-0.02489345185188463,-0.031594722832915645,0.0,0.0,0.002377859486118128,0.9732183199105583,True,Materials,0.721881558831124
HAS,2026-09-30,88.26,89.29,87.6,87.68,1290994,41.4,,Z2,MARKUP,0.025170364854457252,0.013407304669440734,-0.05922746781115873,-0.10712830957230135,0.5428074750108651,-0.01814455366218226,-0.02577642270633962,-0.002440571612581377,1.0,1.0,-0.0003512880562061005,0.9907946941821943,True,,0.7221256083563752
MBC,2026-09-30,7.07,7.15,6.84,7.0,5140697,38.4,,Z11,MKDN,0.05694567262362197,-0.029126213592232997,-0.12060301507537685,-0.2662473794549266,0.22324159021406745,-0.048495049899084486,-0.12091948446619172,-0.232239869390098,0.0,0.0,0.08293460925039886,1.0923739189278994,True,Materials,0.7224470463007531
ADP,2026-09-30,261.6,264.32,257.74,258.06,2525061,33.9,,Z1,MARKUP,0.021504231968894054,-0.021313713592232997,-0.08970334050583795,-0.10395833333333337,0.43306192009089195,-0.037234419090351856,-0.027413394011628345,0.022066597866009063,1.0,0.0,-0.018021107174153284,0.8235593375369797,True,Technology,0.7234164133390893
FCF,2026-09-29,20.52,20.6,20.18,20.33,1209447,35.6,,Z2G,MARKUP,0.018105994003985718,-0.019768563162970154,-0.017874396135265758,-0.08997314234556852,0.19277108433734827,-0.028580312817575004,-0.02626705176121047,0.050249021128408344,1.0,0.0,-0.014167073766487515,0.9728981848133235,True,Financials,0.7238766728036959
EPC,2026-09-30,27.73,28.08,26.86,26.98,553039,45.0,,Z2,MARKUP,0.037299503921465554,-0.0036927621861151394,-0.03435934144595565,-0.09916527545909848,0.452029520295203,-0.020279046569819048,-0.011088879556826359,0.10989733329788454,1.0,0.0,0.037065637065637036,0.9596939551311189,True,Materials,0.7238980283871589
BLDR,2026-09-25,58.27,59.99,57.41,59.17,1494294,39.5,T4,,MKDN,0.04545254563258306,0.01806607019958717,-0.1196250557952685,-0.3164279112754159,0.08699999999999998,-0.03882650991223158,-0.11121761860676604,-0.29021887723744144,0.0,0.0,0.008132956152758108,0.6735823940793522,True,Consumer Discretionary,0.7240287246495327
ONB,2026-09-29,25.24,25.39,24.73,24.84,4398832,38.9,,Z2,MARKUP,0.018904125714415684,-0.007590890930882943,-0.028928850664581618,-0.09210526315789469,0.05617977528089838,-0.022153970052337768,-0.0312657222320577,0.014243494819502933,1.0,1.0,-0.004836759371221189,1.0750826627781742,True,Financials,0.7240919685348504
CVBF,2026-09-30,21.75,21.93,21.56,21.61,1502831,37.0,,Z2G,MARKUP,0.018475822713114546,-0.018173557473875612,-0.011888431641518094,-0.07689021785561734,0.02702702702702739,-0.031396417557585266,-0.03173595800569273,0.02079711371937032,1.0,0.0,-0.009646302250803873,0.9744387449390446,True,Financials,0.7242383483531206
AGNC,2026-09-25,9.68,9.7,9.51,9.62,35009762,26.3,,Z10,MKDN,0.021271982064062077,-0.025329280648429542,-0.12065813528336389,-0.15982532751091705,0.056701030927834774,-0.052371836972112784,-0.07944496586535932,-0.08499772915865378,0.0,0.0,-0.02860061287027571,0.9130777539271372,True,,0.7244043269358608
JPM,2026-09-29,337.0,338.75,333.33,334.98,7255289,34.7,,Z2,MARKUP,0.019623051991333434,-0.014764705882352902,-0.059097803494185586,-0.08600272851296042,0.22650306748466303,-0.03344966436670538,-0.035070939774528465,0.027833899890274072,1.0,0.0,-0.01176993774088353,1.0727922339708629,True,Financials,0.7245438983203166
CAH,2026-09-29,218.54,224.01,216.7,223.91,973556,40.4,T6,,MARKUP,0.022824323959482872,0.008421905962889609,-0.0456482823288723,-0.13313975996902827,0.1733173076923078,-0.019443807856986184,-0.026403956442780374,0.04101925028387865,1.0,1.0,-0.020387866732968773,1.1157777651862646,True,,0.7250828084777862
FR,2026-09-25,61.1,61.46,60.98,61.17,723499,41.0,T10,,MARKUP,0.01560069322399048,-0.01019417475728146,-0.019554415771758316,-0.12464224384659406,0.08219178082191797,-0.010272007520750193,-0.021962017830974956,0.005405722009955927,1.0,1.0,-0.00330087473180396,1.0605371930518428,True,,0.7256386844886199
KLAR,2026-09-22,13.9,14.03,13.43,13.67,7659391,33.3,,Z2,ACC-TR,0.043808830184483456,-0.031183557760453562,-0.031183557760453562,-0.381167949298325,0.027713625866050834,-0.05552359682983932,-0.13646812605803127,-0.3373027254622024,0.0,1.0,-0.0029695619896066283,0.808238041354191,True,,0.7256745172782403
TAP,2026-09-30,36.2,36.87,35.89,36.47,3726269,32.8,T2G,,MKDN,0.02814287313163398,-0.004096122337520436,-0.08274647887323938,-0.18044943820224724,0.1057906458797323,-0.03848938513348188,-0.07522491552913235,-0.14451625680847857,0.0,1.0,-0.017155506364139428,0.6024130200281728,True,Consumer Staples,0.7259032377608504
NFG,2026-09-28,79.32,79.42,77.7,77.76,763976,33.1,,Z4,MKDN,0.02023849589060639,-0.027999999999999914,-0.06279378088465704,-0.0850688316272501,0.008230452674897441,-0.034394674238868994,-0.04182683373265972,-0.06022277399250975,0.0,0.0,-0.02091733870967738,1.122457083208292,True,Utilities,0.7259823829493364
CASH,2026-09-25,73.98,74.76,73.52,73.8,173250,25.0,,Z11,MKDN,0.023037646072546693,-0.031114612051989066,-0.0950337216431637,-0.21422487223168662,0.04053409632808747,-0.053913795755088256,-0.0951794453471102,-0.11474948529670226,0.0,0.0,-0.030307058354379968,0.838697437678091,True,,0.726598988995082
L,2026-09-29,104.51,105.99,104.51,105.93,790995,34.7,T6,,MARKUP,0.015142204577139145,0.00018883958077631213,-0.02179333271770245,-0.12461780018180313,0.11761263897015826,-0.014588351903285113,-0.03343653547671677,-0.019185108201641876,1.0,1.0,-0.013667425968109326,0.866590158429626,True,Financials,0.7268241047113405
AMP,2026-09-29,493.45,498.34,492.58,497.32,496705,31.5,T2,,MARKUP,0.02869210871866106,-0.029373304447957604,-0.10086601218564117,-0.13140980857901352,0.20507131537242457,-0.05565568035941504,-0.06384984773752067,-0.013338841963265513,1.0,0.0,-0.04188051323175623,1.1267453145617914,True,Financials,0.726949848394444
SNA,2026-09-25,367.4,371.99,367.14,369.2,196754,31.5,T3,,MARKUP,0.017050421394845455,-0.007926911191723729,-0.06729991915925626,-0.12722802704363856,0.039443155452435846,-0.021351494359167056,-0.04393247284619928,-0.02086188207849493,1.0,0.0,-0.00784016869880233,0.8127431386227173,True,Industrials,0.7269754522425598
TOWN,2026-09-28,36.31,36.39,36.02,36.09,541726,37.7,,Z1,MARKUP,0.01567369470392697,-0.01662125340599452,-0.03580016029922517,-0.07508969759097894,0.3007159904534615,-0.020011496967972886,-0.021370382414263367,0.008141836453083418,1.0,0.0,-0.011010184420588986,0.9547977801818367,True,,0.7270808449601677
CTO,2026-09-28,20.75,20.94,20.44,20.48,305770,38.5,,Z4,MARKUP,0.01789640530792689,0.0073782587309396686,-0.050533147890588825,-0.09819462791721711,0.15209125475285237,-0.01639509081566559,-0.03119134059931561,0.014624020751084377,1.0,1.0,-0.003968253968254065,1.038466173604271,True,,0.7277490565001594
HBNC,2026-09-28,19.29,19.38,19.04,19.04,569856,36.2,,Z4,MARKUP,0.01840067409597193,-0.017036654620547376,-0.026584867075664653,-0.09505703422053235,0.08256880733944942,-0.021917401856654584,-0.029778388435279468,0.02603127449553133,1.0,0.0,-0.01565762004175364,1.0512515820800872,True,Financials,0.727782408610989
KRNY,2026-09-28,9.32,9.35,9.15,9.17,438109,31.9,,Z1G,MARKUP,0.02352896159935527,-0.04279749478079331,-0.06619144602851323,-0.10361681329423267,0.29801324503311216,-0.043084173326820574,-0.038391827430670045,0.07225885729345238,1.0,0.0,-0.03174603174603163,0.9357157611241951,True,Financials,0.7279968887139447
HESM,2026-09-23,39.13,39.69,38.76,38.78,1583964,38.7,,Z2G,MARKUP,0.021464874387599316,-0.02021222839818082,-0.007676560900716445,-0.06418918918918914,0.33665835411471373,-0.024910017156077546,-0.023069110385564362,0.005782275253500169,1.0,0.0,0.004926108374384119,1.0574352125642896,True,Energy,0.7284244582485098
TALO,2026-09-30,16.34,16.59,16.13,16.33,1706339,45.9,,Z10,MARKUP,0.03877752629900667,-0.01388888888888895,-0.05442964678633477,-0.12813667912439952,0.5555555555555551,-0.023892378852464424,0.0027161491514919867,0.14045183000016626,1.0,0.0,0.006883604505631968,0.9596135068902351,True,Energy,0.7288797762394146
RPRX,2026-09-23,58.52,59.02,57.63,57.65,2804338,38.5,,Z4,MARKUP,0.02442515199893122,-0.014024285958611271,-0.07120992427903983,-0.10453557005281144,0.2863202545068927,-0.030029722098938283,-0.02133568494417426,0.1136721764932822,1.0,0.0,-0.002077922077922012,1.0871344060118469,True,Healthcare,0.7292872052154604
IFS,2026-09-30,54.6,55.0,54.0,54.39,341497,42.9,,Z2,MARKUP,0.022053141328548978,-0.016277807921866505,-0.014852381814888571,-0.11388074291300099,0.15066828675577174,-0.014692743184997581,-0.01770544915421035,0.06578625327570742,1.0,0.0,0.01294316263365225,1.1001944460734223,True,,0.7295041167906843
NHP,2026-09-30,16.17,16.47,15.69,16.04,1005494,47.5,,Z2G,MARKUP,0.03395325742559973,-0.008652657601977753,0.0006238303181533844,-0.08132875143184426,0.543408360128617,-0.007548791751546213,0.0041929402085525425,,0.0,0.0,0.0019329896907216426,1.070646754840576,True,,0.7297929747882943
PCAR,2026-09-29,111.71,112.41,110.85,111.8,2805545,24.6,T2G,,MARKUP,0.024185761077507265,-0.01843722563652339,-0.09933134616933859,-0.19706980752657288,0.056071551427588406,-0.04854710282139729,-0.08130462077737644,-0.05630071913248835,1.0,0.0,-0.015460232350312797,0.9947998872326064,True,Industrials,0.7301195943396901
CCI,2026-09-23,71.85,72.47,70.08,70.23,2906904,32.3,,Z2G,MKDN,0.027897184586562537,-0.04083583720294992,-0.07943373967754619,-0.1310319227913882,0.04594594594594643,-0.05104381576654615,-0.07638513486117438,-0.15781898599122834,0.0,0.0,-0.017937219730941756,1.2201971542289176,True,,0.7305677033865194
CCK,2026-09-29,107.24,107.84,106.01,106.35,889903,31.8,,Z1G,MARKUP,0.02264063904405124,-0.030007296607077794,-0.08626170633215913,-0.13473273126678065,0.05317324185248673,-0.04071136091506511,-0.05537374344464974,-0.013211101596476427,1.0,0.0,-0.02659279778393353,1.136320206264382,True,Industrials,0.7308556150833929
ODC,2026-09-25,92.36,92.99,88.15,88.6,250566,46.5,,Z1,UTAD,0.03186010372829028,-0.0031503150315032036,-0.03190559440559437,-0.17196261682242997,0.18799646954986723,-0.008918507148228838,-0.020201929582016387,0.10795998841610377,1.0,0.0,0.045174294522172254,1.0919867045773097,True,,0.7311947539974498
PH,2026-09-30,972.4,972.4,955.42,955.42,679695,45.5,,Z2,MARKUP,0.021999667985613206,-0.016258069830417776,0.003497568507178972,-0.13138898485371941,0.2334376491805016,-0.008955068986701065,-0.015284403594516327,0.031809598242382275,1.0,0.0,0.048287817776851316,0.9719750446736134,True,Industrials,0.7312324100903317
FITB,2026-09-29,51.73,51.85,50.6,50.97,6212921,32.7,,Z2,MARKUP,0.021300003823017194,-0.03392721758908257,-0.05207364701506423,-0.14336134453781513,0.04157303370786489,-0.04045235747123943,-0.059512800841517444,-0.009796479232371813,1.0,0.0,-0.02146586733707212,1.1543280467743633,True,Financials,0.7316298576864102
FCX,2026-09-30,71.65,74.45,69.96,70.0,16683585,45.1,,Z2,MARKUP,0.040047489026426915,-0.03554698263984568,-0.03408306885607837,-0.12761714855433692,0.5775577557755777,-0.02500987891355233,-0.0038225254494087535,0.11685778184160678,1.0,0.0,0.03656170720787921,0.9306109527300069,True,Materials,0.7317270483646886
PAA,2026-09-30,23.97,24.14,23.45,23.72,2134543,33.2,,Z2,MARKUP,0.02218864921570564,-0.029459901800327426,-0.08275328692962103,-0.10117468738158397,0.3010471204188478,-0.04324488577114183,-0.03320811297212822,0.06314146077469363,1.0,0.0,-0.03893442622950816,0.9359727636062245,True,Energy,0.7317410798068867
KWR,2026-09-21,156.06,156.88,153.94,155.42,183122,42.1,,Z11,MARKUP,0.03024047079459279,0.011256425271650716,-0.04662004662004671,-0.11259563777549386,0.48050579557428846,-0.01847693759827651,-0.018132132823431957,0.053383776376508596,1.0,1.0,-0.0036063208969902005,1.0785370456988586,True,,0.7320100258241756
AWK,2026-09-29,127.83,130.52,127.33,129.8,1598963,32.3,T3,,MARKUP,0.020009586479160655,-0.03004035271259886,-0.060985314331187035,-0.08829107255742075,0.16422872340425612,-0.0360738927642309,-0.038549198316709776,-0.02856272983784114,1.0,0.0,-0.04628866751554184,0.8576512784325927,True,Utilities,0.7323416602386582
BOX,2026-09-25,32.42,32.42,31.33,31.39,2073222,35.5,,Z2,MARKUP,0.03426195157290577,-0.06909845788849345,-0.09643062751871045,-0.13621353880022025,0.481675392670157,-0.06283500039070955,-0.03390882849018839,0.05521873151500567,1.0,0.0,-0.030931023816888392,0.9030117505149619,True,Technology,0.7323662107437487
IAG,2026-09-30,18.79,18.8,18.33,18.41,4412016,41.6,,Z2,MARKUP,0.045135312582848516,-0.07440925087983918,-0.04561949196474857,-0.17517921146953408,0.5505747126436782,-0.0587011040633143,-0.02688064597658746,0.07547912624119069,1.0,0.0,-0.04440961337513072,0.9323143297701425,True,,0.7329493541253498
EG,2026-09-30,369.02,370.75,364.69,365.17,442669,40.3,,Z4,MARKUP,0.019257205666941002,-0.01930927059834564,-0.035498269987586206,-0.08951055925399554,0.1122650840751736,-0.01900165382585317,-0.01543098759481798,0.029641075506525283,1.0,0.0,0.007464749792645886,0.7598842671104212,True,Financials,0.733011902603627
NWSA,2026-09-25,28.29,28.6,28.23,28.49,2835224,38.8,T2,,MARKUP,0.024240678898387536,-0.0433176628609806,-0.08656620711766605,-0.10012634238787121,0.4870550161812295,-0.03446272623456015,-0.020635730180188938,0.03814169003037593,1.0,0.0,-0.03508771929824561,1.0271845832822202,True,Materials,0.7330774352193996
TRVI,2026-09-28,14.3,14.57,14.16,14.4,1613733,29.9,T5,,MARKUP,0.04627938155431446,-0.032907991940899994,-0.14234663490172716,-0.287833827893175,0.06430868167202579,-0.07655715214914449,-0.12144087797623249,-0.006731034425838001,1.0,0.0,-0.04043865661411927,0.9482623498308668,True,Healthcare,0.7333199577973659
GNW,2026-09-23,9.72,9.77,9.58,9.63,2708788,36.3,,Z2G,MARKUP,0.026566410989489374,-0.04558969276511393,-0.0233265720081135,-0.09915809167446199,0.33750000000000063,-0.043899275285430917,-0.02980093600435285,0.04693266327479351,1.0,0.0,-0.022448979591836782,1.1169501016405365,True,Financials,0.733564445677837
MAA,2026-09-29,118.1,119.51,117.52,118.43,920453,27.4,T3,,MKDN,0.017915532791397754,-0.0060428031892572065,-0.0808692277842451,-0.179904438750779,0.06344628695025253,-0.031628291667321284,-0.06659660800411416,-0.10290391484967087,0.0,1.0,-0.011103576877436905,1.0999421872854533,True,,0.7336444912757443
CBSH,2026-09-28,56.57,56.57,55.7,55.88,677037,35.4,,Z4,MARKUP,0.01588346345063441,-0.01184792219274966,-0.03721571330117157,-0.08273145108338809,0.10638297872340449,-0.022287375756415373,-0.028681400969625348,0.004049948667219194,1.0,0.0,-0.02228510788822069,0.9308833442574651,True,Financials,0.7337788213195741
STBA,2026-09-30,48.76,48.9,47.84,48.37,340610,36.7,,Z2,MARKUP,0.017790069258754038,-0.014867617107943043,-0.01686991869918708,-0.09588785046728976,0.09363957597173045,-0.024490386034114353,-0.02638654576957311,0.04991357085329251,1.0,0.0,-0.020475020475020478,0.9863329808295235,True,Financials,0.7340451686463505
EME,2026-09-30,761.64,763.71,749.24,754.49,405326,48.1,,Z2G,MARKUP,0.030541067207413473,0.003578079276403301,0.026167970078204705,-0.12758576830128465,0.4370695372685065,-0.0037816104292134334,-0.01959746702529641,-0.0010578048639968696,1.0,0.0,0.010968313760248094,1.024198741519769,True,,0.7346789224549263
ALRM,2026-09-25,53.49,53.79,53.1,53.38,337414,37.7,,Z3,MARKUP,0.0251707745051704,-0.010748702742772398,-0.0732638888888889,-0.08202923473774715,0.5142566191446033,-0.02323672967844359,-0.01366324305495381,0.043962080134650305,1.0,1.0,-0.022138836772983117,0.945958768254778,True,Technology,0.7348640415133343
RLI,2026-09-29,55.61,56.97,55.61,56.48,711818,30.0,T4,,MARKUP,0.02464527669737024,-0.028384655083433796,-0.1101307704427289,-0.15701492537313433,0.15839999999999976,-0.04710068664069511,-0.06458424559044018,-0.06461367759502579,0.0,0.0,-0.060668734918993494,1.0881380975639414,True,Financials,0.735286899989154
RGTI,2026-09-29,16.38,16.43,15.73,15.74,13143910,47.6,,Z2,MKDN,0.06106638834429561,-0.04721549636803868,0.005108556832694733,-0.18698347107438018,0.4189406099518459,-0.014363725152055973,-0.03892328805851086,-0.1392528516647047,0.0,0.0,0.08258154059680778,1.0648424711660265,True,Technology,0.735356289180897
KIM,2026-09-29,22.44,22.55,22.22,22.42,3874914,29.8,,Z1G,MARKUP,0.01504862881663731,-0.0057649667405764715,-0.05440742302825807,-0.1584084084084083,0.07658643326039417,-0.02234027595715815,-0.05218216526326114,-0.042122360991274976,1.0,1.0,-0.013851653261840902,0.8207653524420531,True,,0.7356393496764353
SSYS,2026-09-24,7.98,8.06,7.92,8.02,453697,51.8,T5,,MKDN,0.036379905506297425,0.0024999999999999467,0.012626262626262541,-0.13948497854077258,0.31937172774869077,0.013333927679534785,-0.009805693587448983,-0.09023272184171349,0.0,0.0,0.04993252361673406,0.9460274878484807,True,,0.7356552138592816
PBA,2026-09-28,44.89,45.3,44.57,45.05,701242,31.2,T9,,MARKUP,0.019542823033456874,-0.028885535675792218,-0.06165382212039161,-0.1265994571539356,0.09806629834254064,-0.04026234717752031,-0.05607071243277151,-0.010935964709816282,1.0,0.0,-0.043984476067270406,0.8030563838386809,True,,0.7358405288890161
TTEK,2026-09-30,33.64,33.86,32.91,32.95,2616872,30.3,,Z2G,MARKUP,0.028150568517935903,-0.05587392550143255,-0.0780637940682708,-0.12343708433093903,0.3661202185792352,-0.05725094354837301,-0.04575063751516517,-0.009428770624638982,1.0,0.0,-0.04719166184134349,0.9520584860192877,True,Industrials,0.7358591980228456
FNB,2026-09-25,17.49,17.69,17.49,17.64,4552911,38.6,T2G,,MARKUP,0.018395045943654167,-0.01617401003904062,-0.04597079502433732,-0.09954058192955584,0.15584415584415567,-0.021443476225329827,-0.037719411061611474,-0.005962558159697151,1.0,1.0,-0.01538461538461533,1.1483223107900247,True,Financials,0.7361511103100933
XRAY,2026-09-25,9.52,9.62,9.29,9.4,4894982,34.2,,Z2G,MKDN,0.04617075040717931,-0.01467505241090139,-0.14855072463768104,-0.3490304709141274,0.021359223300971106,-0.08111394730619892,-0.1404450110953661,-0.20131202695493133,0.0,1.0,-0.007478632478632563,1.0515555751433832,True,,0.7363632290643101
CNMD,2026-09-25,45.3,46.51,45.09,45.38,282600,41.0,T9,,MARKUP,0.03417090166036389,-0.0008806693086745865,-0.09817170111287754,-0.15430488259411101,0.6060894386298765,-0.028973050977737724,-0.013806039303919104,0.05000601741296151,1.0,1.0,-0.015524506542470728,1.1034316744815418,True,,0.737052037395091
D,2026-09-21,63.53,64.45,62.77,62.82,5326138,29.7,,Z2G,MARKUP,0.018139617781629837,-0.025442134657151616,-0.05675675675675662,-0.13933415536374838,0.004892367906066262,-0.03642108554024848,-0.0559374106988757,-0.030902004182074783,1.0,0.0,-0.022730811147438912,1.0629520181087055,True,Utilities,0.7376015541015459
PNC,2026-09-30,222.55,224.49,221.1,222.26,2242221,28.4,,Z10,MARKUP,0.020041025173433216,-0.007900727581127587,-0.06412901595856679,-0.14172072907012667,0.05824993584808785,-0.04194992811510012,-0.06634988853565083,-0.022375284781683935,1.0,0.0,-0.0177263797106626,1.0520319358444492,True,Financials,0.7377532054897269
AGRO,2026-09-24,10.9,10.95,10.6,10.63,541335,41.8,,Z2,MARKUP,0.0441178821087465,-0.10143702451394754,-0.04061371841155226,-0.16888193901485526,0.4475703324808186,-0.05496990818112135,-0.03264913397961455,-0.0023241767569414096,1.0,0.0,0.010486177311725298,0.8130709393488282,True,,0.7378318152851069
FUL,2026-09-22,50.59,51.65,50.24,51.07,622144,36.3,T1G,,MKDN,0.030191704905186828,0.0035370406759678286,-0.11933091912398697,-0.20501245330012452,0.15792838874680307,-0.03276602221940972,-0.08005870522708092,-0.12594242432297786,0.0,1.0,-0.03398926654740608,1.2553377940472237,True,Materials,0.7379351104490074
ATO,2026-09-29,156.08,157.99,155.63,157.6,921417,29.5,T4,,MKDN,0.014220167796439797,0.0016524723528663632,-0.05134533196893998,-0.1370530580956031,0.09410061527325352,-0.02295486182647477,-0.051639952203999195,-0.08118935622627665,0.0,1.0,-0.014371105176141374,1.0322551540181883,True,Utilities,0.7380615291911408
NBTB,2026-09-29,50.8,51.11,50.0,50.22,308664,39.5,,Z2G,MARKUP,0.017481484257393206,-0.012389380530973493,-0.023337222870478458,-0.0785321100917431,0.26837606837606837,-0.02102763228216964,-0.019402693887132894,0.053252677086666145,1.0,1.0,-0.0009990009990009652,0.998056816190931,True,Financials,0.738371307097339
PAY,2026-09-21,35.13,35.33,34.47,34.5,592737,42.6,,Z2,MARKUP,0.047164082786738934,-0.06957928802588997,-0.13749999999999996,-0.23857868020304573,0.5508932280847528,-0.04919407916802965,-0.010312913566787651,0.11402768606574898,1.0,0.0,-0.0051948051948051965,0.9138866633319144,True,Industrials,0.7387785375642538
SMBC,2026-09-25,72.33,72.8,71.98,72.26,68723,40.7,,Z5,MARKUP,0.0174205090735856,-0.0031728514277830078,-0.02771797631862205,-0.09516654144753312,0.13242009132420207,-0.00925490663568429,-0.020168359278310177,0.05083864551586936,1.0,1.0,-0.006150405367626677,0.8651940345220226,True,Financials,0.7390339227701458
LEN,2026-09-30,83.94,84.25,81.17,81.59,5391246,48.7,,Z4,MKDN,0.03224247828869451,0.0008586849852798561,-0.014018126888217464,-0.08990518683770221,0.42222222222222217,-0.0011653090609924366,-0.02224383656635376,-0.12537417873335344,0.0,0.0,0.05838837516512552,1.0118274906585774,True,,0.7391356081225515
TVTX,2026-09-30,60.35,60.47,58.83,58.88,1560569,39.0,,Z2,MARKUP,0.04114446110304508,-0.01587832191208416,-0.1039415614061785,-0.14331441873999706,0.3738080101716466,-0.053799118473441654,-0.03844415166401949,0.23089451789629267,1.0,0.0,0.006687242798353976,0.939966526485575,True,Healthcare,0.7393618105279903
NWBI,2026-09-29,15.12,15.2,14.86,14.92,1155675,37.1,,Z2,MARKUP,0.0167596911673999,-0.019066403681788358,-0.02419882275997376,-0.07673267326732669,0.14482758620689598,-0.024774803653245914,-0.02393586252882207,0.049692855348664855,1.0,0.0,-0.013934970139349745,0.8901909782486281,True,Financials,0.7394116267095583
MT,2026-09-25,71.46,71.47,70.08,70.7,1375854,41.7,,Z2,MARKUP,0.028234991729832043,-0.025230938921825374,-0.05265978828889173,-0.11270080321285147,0.5174637291778613,-0.03462104323298809,-0.016663976368912148,0.14538852129323443,1.0,0.0,-0.020134228187919434,0.9358654488145742,True,,0.7394666697380577
FMNB,2026-09-30,15.21,15.32,14.94,15.03,431607,36.8,,Z2,MARKUP,0.018112572653878927,-0.00988142292490124,-0.022121014964216035,-0.08687727825030389,0.4090909090909089,-0.028222664082655613,-0.02592047470914871,0.03208030812720564,1.0,0.0,-0.015810276679841917,0.9141320943483319,True,Financials,0.7395416366573747
FISI,2026-09-29,39.55,39.58,38.79,39.29,98973,37.3,,Z2,MARKUP,0.01944562459440531,-0.025545634920634996,-0.030355380059230108,-0.08564114498487319,0.3260073260073262,-0.026424331203918516,-0.0238339931431919,0.08203514434326165,1.0,0.0,-0.019464105156724032,0.8602762242509607,True,Financials,0.739619517202757
VLTO,2026-09-30,95.98,96.52,94.3,94.32,2517510,42.8,,Z1,MARKUP,0.018574394022366606,-0.016270337922403066,-0.028129829984544052,-0.07755501222493899,0.3852713178294571,-0.017057522905136624,-0.010552781203998496,0.0006710822061608557,1.0,0.0,0.014851485148514865,1.0363751187565116,True,Technology,0.740088946496221
LUNR,2026-09-30,14.65,15.52,14.22,14.24,8932507,43.1,,Z2,MKDN,0.07439869863765533,-0.06561679790026242,-0.03260869565217395,-0.31669865642994244,0.30890052356020953,-0.05701030894193426,-0.1201010595714036,-0.2187424604859305,0.0,0.0,0.054896142433234374,1.0200186775517532,True,Technology,0.7401215536502544
DBX,2026-09-29,31.87,32.72,31.44,32.7,4328620,41.1,T2,,MARKUP,0.03922707785244103,-0.03539823008849541,-0.07075873827791967,-0.14330626146188097,0.4678988326848251,-0.04941322324541719,-0.025135220113904344,0.0962783981689872,1.0,0.0,-0.06097192876546942,1.078792328643821,True,Technology,0.740887300225223
GEF,2026-09-29,81.45,81.96,80.41,80.46,334109,37.1,,Z2G,MARKUP,0.02443871354047579,-0.04882373803050022,-0.02767371601208468,-0.11152826855123688,0.5238095238095236,-0.032100779043226724,-0.02076138643117309,0.08729595286333436,1.0,0.0,0.010683760683760646,0.9266757598614916,True,Industrials,0.7409616349524594
MAIN,2026-09-28,55.0,55.4,54.65,55.07,469168,38.3,T10,,MARKUP,0.015911813438304598,-0.021499644633973025,-0.0594363791631084,-0.07616171783257841,0.4751445086705202,-0.020622913715975022,-0.018768353881381428,-0.01890258511849474,0.0,0.0,-0.02194639323619363,1.0224117410039992,True,,0.7411492423888475
MTB,2026-09-25,218.65,221.78,218.61,221.19,660669,30.3,T4,,MARKUP,0.019888268996873917,-0.026923584532136724,-0.07327802916038217,-0.13580777495604612,0.10273618998451192,-0.040863927536450295,-0.061063957852957595,-0.011866601257125464,1.0,0.0,-0.025483422315940474,0.7385892958201737,True,Financials,0.7423206577252229
MBWM,2026-09-23,59.11,59.15,58.63,58.68,77328,39.5,,Z2G,MARKUP,0.023037736146553713,-0.03088356729975228,-0.027188328912466808,-0.06783161239078639,0.44903225806451574,-0.026433179959427067,-0.01464665968895651,0.07321256002766252,1.0,0.0,0.0023935715506924193,0.9827521936238028,True,Financials,0.7426591867225802
TRP,2026-09-21,61.3,61.52,60.47,60.48,2950556,35.9,,Z2G,MARKUP,0.021099876949096277,-0.011441647597254079,-0.02483069977426644,-0.14696755994358257,0.01044634377967705,-0.026638435248334758,-0.051036468269052615,-0.03279575927089462,1.0,0.0,0.0016564518800730177,1.1931231195928693,True,,0.7427695535818146
CCNE,2026-09-30,33.54,33.85,33.0,33.28,163375,39.2,,Z2,MARKUP,0.020121186448205628,-0.004486987735566772,-0.00418910831837227,-0.07990047000276468,0.1647398843930636,-0.01982396592221458,-0.019435493704305085,0.06770005466889062,1.0,1.0,-0.006921456515197044,0.9133468218827278,True,Financials,0.7430598287638386
HELE,2026-09-30,28.41,28.41,27.29,27.41,317034,45.1,,Z2,MARKUP,0.04707060326891626,-0.07179139857771766,-0.038582953349701854,-0.10336931632319268,0.41911764705882365,-0.02935437100871363,-0.02243439925249413,0.09379105956026756,1.0,0.0,0.03764258555133071,1.0584660076944121,True,Industrials,0.7433536149036277
ABNB,2026-09-21,166.56,167.97,164.7,166.84,3301554,41.4,T2G,,MARKUP,0.028225689600265152,-0.02232639906240841,-0.10923651895355047,-0.13755492375290768,0.5390611467174781,-0.03378858849091415,-0.0047976313807872595,0.13254354442315286,1.0,1.0,-0.006814207320750332,0.9595593610963637,True,,0.7434628323043491
NTB,2026-09-23,58.29,58.74,58.05,58.11,140148,36.7,,Z2G,MARKUP,0.018658780267247203,-0.015585295612400518,-0.004113110539845755,-0.0944366526414212,0.022580645161290405,-0.024497282004500298,-0.028661040078251543,0.04124275010662126,1.0,0.0,0.0013800241504227095,1.025713899841146,True,,0.7437575538940951
HUM,2026-09-23,370.0,377.68,369.13,374.78,798581,40.2,T3,,MARKUP,0.032838575974774645,-0.02583697234352267,-0.03831053860562983,-0.126142510725611,0.28048942678547645,-0.034755194485198815,-0.018489799422477415,0.1806520392770763,1.0,1.0,-0.006379542395693161,1.1129573053541306,True,Financials,0.7438472212218484
FLNG,2026-09-28,30.95,31.25,30.67,30.8,328053,42.8,,Z3,MARKUP,0.024804029301784686,-0.039600873090115396,-0.021601016518424387,-0.07396271797955489,0.45211581291759506,-0.02066490049152636,-0.01386457442771094,0.03829144499845882,1.0,0.0,0.009545753785385136,0.7826504683884312,True,,0.7438558425196866
GKOS,2026-09-29,153.56,159.06,152.39,158.55,638201,39.4,T10,,MARKUP,0.04227044737636429,-0.00819467033654453,-0.11700824237023832,-0.1725811501930905,0.31828488971346114,-0.03891743933754621,-0.04128809334964534,0.13760587338395935,1.0,0.0,-0.050251572327044136,1.1280121744316667,True,,0.7443104163804848
BSM,2026-09-30,14.33,14.39,14.26,14.32,262584,39.3,,Z10,MARKUP,0.017739540448795065,-0.016483516483516536,-0.03892617449664426,-0.05789473684210522,0.413333333333334,-0.022452220881122642,-0.0195976660758157,0.003796242889027246,1.0,0.0,-0.017229496898690577,0.9099236012516071,True,Energy,0.7444895000379014
WSFS,2026-09-28,77.81,77.85,76.36,76.44,271101,35.7,,Z4,MARKUP,0.01751059073125516,-0.017354415734670336,-0.023754789272030674,-0.07836990595611282,0.20343137254901927,-0.02520517746909423,-0.02579622946411808,0.06925978068083638,1.0,1.0,-0.0017029080429658006,0.9085579506144542,True,Financials,0.7446942158940615
STWD,2026-09-22,15.1,15.23,15.04,15.1,3592011,34.7,,Z7,MKDN,0.018559857905248778,-0.006578947368421018,-0.0730509515039901,-0.12158231529959285,0.09130434782608653,-0.027192242915905385,-0.05535666717851606,-0.12095325050673955,0.0,0.0,-0.018457481872115933,1.1972301222969628,True,,0.744788263963002
BMO,2026-09-23,173.55,174.09,170.35,170.37,538788,41.0,,Z2G,MARKUP,0.019025141125975847,-0.012920046349942038,-0.01781390522310622,-0.09000106826193777,0.16831194471865735,-0.022394698523838907,-0.022867503292818947,0.07939390993631545,1.0,0.0,0.02030426449448952,1.0325299708127194,True,Financials,0.7461210446569645
KR,2026-09-23,58.56,59.38,57.56,57.64,6812988,45.3,,Z2,MKDN,0.026531425499709927,-0.05724566568531242,-0.013857998289136031,-0.07849720223820933,0.4154761904761908,-0.020299740484898354,-0.019753051948766642,-0.07934551807914303,0.0,0.0,0.04559491371480484,1.1004475712097066,True,Consumer Staples,0.7466442249287765
ELS,2026-09-25,59.05,59.4,58.7,59.23,1917388,28.3,T5,,MKDN,0.015950630155620715,-0.019370860927152345,-0.07322797684243465,-0.12614340513425792,0.058370044052862786,-0.032955646987301024,-0.05522906872472122,-0.0655908691154744,0.0,0.0,-0.017408771342484086,1.0772777416343733,True,,0.7469535666407502
ICE,2026-09-30,152.27,153.85,151.58,152.03,2786608,42.4,,Z2,MKDN,0.022573919405904294,-0.02763031659737769,-0.0474310776942356,-0.07670351026357336,0.6188895594447797,-0.02023143185002596,-0.010926710694635355,-0.019369647323006167,0.0,0.0,0.0008585391625943739,0.798482047847682,True,Financials,0.7474318605561019
UVSP,2026-09-30,41.23,41.45,40.6,40.98,351356,36.0,,Z2,MARKUP,0.017062196679666713,-0.010383965225790881,-0.0029197080291971655,-0.09675997355080457,0.07966457023060708,-0.023221760994617813,-0.0288035861704099,0.0511510688586303,1.0,1.0,-0.006363191385217792,0.9050954247885817,True,Financials,0.7475704142844226
RY,2026-09-30,199.45,199.82,196.19,196.59,995218,34.2,,Z2G,MARKUP,0.01588238524426133,-0.01433943344196531,-0.033860821702378585,-0.10052159590043919,0.01788109074653579,-0.03184283722429859,-0.03883567589857684,0.048521144521207926,1.0,0.0,-0.0159502432662888,0.9264869412070984,True,,0.7479904328065125
OBE,2026-09-28,10.96,11.04,10.65,10.67,578803,39.1,,Z2,MARKUP,0.05586503054728429,-0.07778738115816775,-0.062390158172232035,-0.21544117647058825,0.4904347826086957,-0.07594184886664523,-0.048123049143312335,0.09928819650730936,1.0,1.0,-0.008555133079847899,0.8049551224072322,True,,0.748180667667413
GLAS,2026-09-22,7.93,8.14,7.92,8.01,1243863,33.2,T3,,ACC-TR,0.05742242317611273,-0.003731343283582045,-0.18927125506072884,,,-0.05811562065107312,-0.15578485256502106,,0.0,0.0,0.014285714285714235,1.0806776807682235,True,,0.7484190248627822
FDUS,2026-09-28,19.12,19.27,19.02,19.13,579225,40.0,T12,,MARKUP,0.014734519833022796,-0.00880829015544049,-0.02893401015228425,-0.07940327237728595,0.11764705882352874,-0.01267541789500215,-0.017960732813716795,-0.011410197313666326,1.0,1.0,-0.00473684210526315,0.8293776356500978,True,,0.7484321552458517
OTTR,2026-09-30,89.89,89.89,88.03,88.04,217079,44.4,,Z4,MARKUP,0.020653082719654423,-0.012450925406618074,-0.01730103806228367,-0.07414028814807017,0.3642921550946803,-0.011660557375451686,-0.018997607332586153,0.002341861686786517,1.0,0.0,0.009118190212373145,0.7777175797799853,True,Utilities,0.748877503509486
MOD,2026-09-29,178.53,186.77,177.38,183.72,1840616,45.6,T9,,MKDN,0.062217368140997285,-0.062461726883037416,0.029647480804797288,-0.2817826426896013,0.15784554270358675,-0.028332768315627033,-0.08067460459579989,-0.1025451487363419,0.0,0.0,0.001330710483684383,1.2633523332488574,True,Industrials,0.7489444606692728
HMN,2026-09-29,44.78,45.58,44.64,45.51,351356,27.8,T3,,MARKUP,0.023634121941660244,-0.03600932005930957,-0.10571821575948126,-0.18088552915766742,0.07967032967032943,-0.052787100049483615,-0.07917094672098901,-0.04687982015086378,1.0,0.0,-0.052832590706556326,0.9923544737505428,True,Financials,0.7495036276881443
ARIS,2026-09-30,18.01,18.01,17.38,17.4,1656534,41.1,,Z4,MKDN,0.052712381171672186,-0.07887771307570157,-0.07790143084260748,-0.18918918918918926,0.5078787878787876,-0.06933598695623078,-0.04737829375236913,-0.08130278944786862,0.0,0.0,-0.03081232492997199,1.1934309057219026,True,,0.7495878554143502
MSEX,2026-09-29,52.5,53.28,52.15,53.2,152753,32.4,T9,,MARKUP,0.02222340541253106,-0.031318281136198056,-0.08275862068965512,-0.11036789297658856,0.1372549019607849,-0.03859171481509183,-0.05182128039240186,-0.029897083863085205,1.0,0.0,-0.03870967741935483,1.1384003278297765,True,Utilities,0.7499831322304639
SIGI,2026-09-29,84.53,85.58,83.98,84.63,439545,27.6,T5,,MARKUP,0.021194083572175552,-0.03478558394160591,-0.07295432139336189,-0.15530492065076362,0.04009870450339246,-0.04039564503460846,-0.06379056606380851,-0.03983552094177878,1.0,0.0,-0.019383465670247513,1.105109710143492,True,Financials,0.7500852764971703
SLM,2026-09-25,23.15,23.75,22.93,23.66,2179902,34.8,T1,,MARKUP,0.03127738296774144,-0.057370517928286846,-0.11617482256257006,-0.1630703926423771,0.13670411985018735,-0.059843444947101254,-0.07113914571520508,-0.06441133518664943,1.0,0.0,-0.07800562927221555,1.0161325378549362,True,Financials,0.7501606422495759
WDC,2026-09-29,463.15,465.9,447.03,453.48,6113954,48.8,,Z5,MARKUP,0.05954440217030355,-0.0239345673697805,0.006503162801021034,-0.24608478802992517,0.23850190348801326,-0.0002944012646978189,-0.03645272414415357,0.13216115357864155,1.0,0.0,0.061210453920220065,0.9568204172631168,True,Technology,0.7503383272951413
CB,2026-09-28,333.84,334.25,329.68,331.37,2692480,35.3,,Z2,MARKUP,0.015025396703418974,-0.017464270888928435,-0.0251529771710991,-0.09439479653466709,0.04664642561413185,-0.020398726169541748,-0.026836334707154408,0.008271753818568595,1.0,0.0,-0.011839462878038498,1.0156974689570037,True,,0.7505050339626307
GPC,2026-09-30,127.88,128.12,125.57,125.74,830463,36.7,,Z6,MARKUP,0.024207954705103566,-0.023454488971730303,-0.0674873924651439,-0.10115090428193574,0.5343863112866075,-0.03443767238528561,-0.026611045684543755,0.022923841738399453,1.0,0.0,-0.0053073510773130606,0.737048048126988,True,,0.7510845823586288
IMVT,2026-09-30,33.62,34.2,33.12,33.78,1433914,29.2,T2G,,MARKUP,0.042321496844268156,-0.02200347423277349,-0.1533834586466165,-0.25627476882430644,0.10254433307632987,-0.07315675355930706,-0.10706263275498973,0.0426850280835267,1.0,1.0,-0.034226190476190466,1.0116382645808215,True,Healthcare,0.7512935162619371
SEPN,2026-09-25,38.34,38.34,37.35,37.77,344295,45.6,,Z2,MARKUP,0.05168147867004901,-0.0237787542000516,-0.06671608598962186,-0.26086105675146765,0.3513381995133821,-0.025225190090798155,-0.005612252150446473,0.21744776041966118,1.0,0.0,0.026936961955012384,1.0822132758108676,True,Healthcare,0.751382957674137
CROX,2026-09-30,123.52,123.52,117.02,117.31,1036875,43.6,,Z6,MARKUP,0.037867927827820044,-0.05865832129674209,0.017609299097848696,-0.16966308040770106,0.26786805131337804,-0.02932316829166426,-0.039027955396815694,0.054447806811963595,1.0,0.0,0.07812787912290386,0.8428928605379069,True,Materials,0.7518794044860174
CGBD,2026-09-24,11.25,11.29,11.03,11.15,380011,43.9,,Z2,MKDN,0.022309216378531463,-0.041272570937231357,-0.015887025595763382,-0.07851239669421484,0.5581395348837214,-0.020683672758781024,-0.005536360861727374,-0.02927419049503066,0.0,0.0,-0.016934046345811193,0.8000860450979106,True,,0.7519483620186501
MYE,2026-09-30,31.34,31.34,30.68,30.77,289318,43.7,,Z2,MARKUP,0.03178445889473184,-0.03330191643103986,-0.013782051282051233,-0.17837116154873167,0.19614921780986747,-0.018386944000708505,-0.015340769444177615,0.1752545262199412,1.0,0.0,0.0528483184625943,1.011421960295708,True,Materials,0.752058539001721
ROOT,2026-09-30,46.49,46.52,45.72,46.11,191475,32.9,,Z10,MKDN,0.04754223832026787,-0.013900769888793851,-0.16315789473684217,-0.3167876722477404,0.04340044742729302,-0.07920427473193381,-0.12615018623934537,-0.25469495017535204,0.0,0.0,-0.0193965517241379,1.0542780473142095,True,Financials,0.7522021350338141
RNR,2026-09-30,324.28,326.0,318.23,318.23,313435,38.9,,Z2G,MARKUP,0.020428265660763244,-0.032147201946472026,-0.03505260923618059,-0.06468963084881263,0.4791765262659727,-0.023900279825036175,-0.01639998120395081,0.04802433492477243,1.0,0.0,-0.0029138989848351837,0.897519800247449,True,Financials,0.7524172742373187
UVV,2026-09-25,42.6,42.81,41.96,42.47,409885,24.4,,Z2G,MKDN,0.02272965488445595,-0.037834164023561434,-0.07593559617058321,-0.2405221745350501,0.03653295128939814,-0.04566637983193078,-0.09216162428000607,-0.16463990638989734,0.0,0.0,-0.04113345521023759,1.0190615569901833,True,,0.7525485777560701
MPLX,2026-09-25,57.86,57.95,56.67,56.8,2129644,35.4,,Z2G,MARKUP,0.01876740353523951,-0.044414535666218,-0.04553856494706776,-0.0680885972108286,0.16161616161616094,-0.03304676181022914,-0.02957515871052019,0.003779739096381851,1.0,0.0,-0.012029288702928853,1.0886292925472527,True,Energy,0.7527645514664673
ORI,2026-09-29,37.83,38.09,37.65,38.05,1407157,25.6,T2,,MKDN,0.018630062751273747,-0.0188241361526561,-0.08818595734483581,-0.1478163493840986,0.0704225352112676,-0.042798923972799274,-0.06573183435286423,-0.06800624208355488,0.0,0.0,-0.02416839916839919,1.042977030292844,True,Financials,0.7531708824533749
POWL,2026-09-28,188.01,188.59,180.29,187.23,426259,48.4,,Z2G,MARKUP,0.04568232240511782,-0.0017594369801664511,0.024738656887964394,-0.28448045247831244,0.2111064010173801,0.003725754494357858,-0.06412056341185723,-0.05520555182021336,1.0,0.0,0.07758053911900054,0.8069789866717365,True,Industrials,0.7534835514367991
CPA,2026-09-28,131.64,133.14,130.0,131.07,224818,48.9,,Z1,MARKUP,0.03107061591611578,-0.044052220844577494,0.012123552123552095,-0.16569064290260982,0.2000614628149967,-0.0017238008744387967,-0.018111928639908292,-0.00041400398065694066,1.0,0.0,0.02400449582530495,1.1814989871281327,True,,0.7534903247725383
USAC,2026-09-25,25.58,25.65,25.25,25.54,323513,39.0,,Z10,MARKUP,0.025866840931738248,-0.04949758094529222,-0.04523364485981307,-0.08557107053347657,0.1309090909090907,-0.03255618817465178,-0.03938381291747606,-0.03206373238541427,1.0,0.0,-0.031538461538461515,0.6584401117867312,True,Utilities,0.7537387535655556
FRPT,2026-09-21,61.44,63.07,61.31,61.37,1218465,31.6,,Z9,MARKUP,0.040443197198149525,-0.037635251685745774,-0.17033932675408947,-0.20433035135485544,0.36732236049779204,-0.06704352329214958,-0.05837592876908937,-0.0324071688158134,1.0,0.0,-0.044500552311819486,1.0900002605558121,True,Consumer Staples,0.7538597210505185
RCL,2026-09-21,250.5,252.15,246.3,250.25,2216659,29.0,,Z11,MKDN,0.030356834076721746,-0.019934205373227876,-0.14297945205479456,-0.25074850299401197,0.05835394648077353,-0.055600559305849506,-0.10513377266245172,-0.12832594932654173,0.0,0.0,-0.030386958930125885,1.1627415374157686,True,Industrials,0.753890441088206
CATY,2026-09-30,59.87,60.27,59.17,59.5,375341,33.7,,Z2,MARKUP,0.017866699833635737,-0.016041012072101846,-0.02025358142598377,-0.08812260536398464,0.054276315789473416,-0.029533379164303875,-0.03423162360080978,0.04199399887290811,1.0,0.0,-0.016946336600764167,0.8605585819410332,True,Financials,0.7540762534957175
INCY,2026-09-30,123.0,124.23,121.03,121.35,1619872,43.5,,Z2G,MARKUP,0.027517622574207232,-0.026396020539152798,-0.02927765778737712,-0.08484162895927605,0.4895644283121595,-0.02341027863634193,-0.005494770803714855,0.12270526911984914,1.0,0.0,0.00883554221888816,0.9497653748775429,True,Industrials,0.7541129624367856
MTG,2026-09-25,28.8,28.86,28.12,28.48,2025685,27.2,,Z2,MARKUP,0.02255130157873296,-0.0407544627820815,-0.08365508365508356,-0.1069300721229226,0.20327102803738337,-0.046678635620866826,-0.04474871959886351,0.005622014767407757,1.0,0.0,-0.029005524861878462,0.9251273684510397,True,Financials,0.7545345778425652
CMCSA,2026-09-30,21.71,22.0,21.69,21.76,34944597,28.3,T1,,MKDN,0.03148611278397093,-0.03503325942350333,-0.1726235741444867,-0.20438756855575868,0.0790774299835256,-0.06932112924973699,-0.10500374456886286,-0.17862401114658488,0.0,0.0,-0.02814344076259645,1.0347342883866093,True,Communication Services,0.7551624924871696
GOOGM,2026-09-29,48.56,48.84,48.35,48.65,1044556,48.2,T12,,MKDN,0.01698877428161461,-0.016575702445926876,0.003920759389187012,-0.08432147562582348,0.34978229317851905,-0.0033757140890209314,-0.008994923566407631,,0.0,0.0,0.02402721667021046,1.0084641102463627,True,Technology,0.7553913460199109
HAFC,2026-09-30,31.16,31.27,30.66,30.9,314463,38.1,,Z2,MARKUP,0.018257867595591108,-0.02153261557948072,0.0012961762799741372,-0.07733651836369071,0.2621082621082615,-0.025156854859285427,-0.02375876669557897,0.03889247311519095,1.0,0.0,0.001306335728282093,1.053291051932454,True,Financials,0.7556047762462978
NCLH,2026-09-30,14.98,15.14,14.63,14.66,24003686,40.5,,Z2,MKDN,0.04208028737140379,0.03385049365303239,-0.04990278677900195,-0.310766337564645,0.1348167539267015,-0.019103112537380285,-0.10193153875680572,-0.2158305366048452,0.0,0.0,0.0249449743213499,1.2142202755191904,True,Industrials,0.755756362597083
AFG,2026-09-29,137.27,138.65,137.27,138.46,487581,35.8,T3,,MARKUP,0.015431688491070102,-0.014309105147006451,-0.02869168712732373,-0.06892609777419134,0.14440734557596124,-0.017682256896166093,-0.020540808800402988,0.011089231538998545,1.0,0.0,-0.01428981760735304,0.9065745135507202,True,Financials,0.7559017173670235
IOT,2026-09-30,38.05,38.95,37.84,38.13,4469499,46.2,T2G,,MARKUP,0.05228516667989864,-0.02430910951893539,-0.023809523809523836,-0.15492021276595735,0.48791208791208823,-0.02149738967053083,-0.006397848371311521,0.060000804561088694,1.0,1.0,-0.007092198581560183,0.6382827144489005,True,Technology,0.755943466585706
PCTY,2026-09-30,142.19,143.47,141.05,142.57,571613,43.9,T9,,MARKUP,0.03142942481000648,-0.007034405906115149,-0.0862068965517242,-0.11955783363181627,0.6237123420796887,-0.01782718370838987,0.005226956710228103,0.06206116618917368,1.0,1.0,-0.00690932402592781,1.0129454212989464,True,Technology,0.756335219104046
RDN,2026-09-23,34.56,34.89,34.5,34.54,808842,35.1,,Z2G,MARKUP,0.020773973453236002,-0.02069747660901622,-0.062177572631007316,-0.15858708891595608,0.03982300884955697,-0.03044935172752883,-0.048489955158821485,-0.03388794369607795,1.0,0.0,0.0014590020426028527,1.2289520085329444,True,Financials,0.7570190162988232
AVBP,2026-09-25,30.16,30.55,28.43,28.45,653152,42.3,,Z4,MARKUP,0.050766579927674735,-0.01557093425605538,-0.08225806451612905,-0.2008426966292135,0.14062499999999978,-0.036371175599163474,-0.05073604017285449,0.024880716530675473,1.0,0.0,0.03372434017595305,1.3091221875391392,True,Healthcare,0.7573776496274238
FLG,2026-09-25,12.45,12.52,12.37,12.37,5876795,27.4,,Z3,MKDN,0.02106296626330393,-0.014342629482071878,-0.08029739776951672,-0.19883419689119175,0.04658385093167659,-0.04111490310024868,-0.07958330968722083,-0.08124867249973311,0.0,0.0,-0.016894609814963713,1.169570456792004,True,Financials,0.7576563883862791
HTH,2026-09-29,38.26,38.45,37.38,37.6,247565,37.4,,Z2,MARKUP,0.01760493686734072,-0.020323084940072955,-0.011826544021024898,-0.06861530839732466,0.08278145695364249,-0.02270810606780793,-0.025250962379522957,0.010935611531205591,1.0,0.0,-0.0074349442379180175,0.7950983014692953,True,Financials,0.7579174484038291
CDE,2026-09-25,18.98,19.37,18.81,19.22,32212096,46.7,T1,,MARKUP,0.05196378963302535,-0.027327935222672184,-0.1346240432237732,-0.14387527839643655,0.6208920187793426,-0.030557774316024577,0.0023158049889207,0.06439224963573897,1.0,0.0,0.014069264069263898,1.0747935642469593,True,Materials,0.7581642556927717
LH,2026-09-29,306.89,309.95,306.58,308.81,613104,41.3,T10,,MARKUP,0.024573810046608826,-0.008762919689285553,-0.07169482354355805,-0.09651843183148046,0.5860208307190361,-0.02344926278529269,-0.011208779524622736,0.0764272478146435,1.0,1.0,-0.0010874579845777665,0.9441427472512355,True,Healthcare,0.7581665161865586
NEE,2026-09-22,79.37,79.81,79.21,79.26,9210325,28.3,,Z2G,MKDN,0.015537186930096035,-0.022326384605895977,-0.0575505350772888,-0.12891526541378162,0.004244482173175837,-0.03451056391434548,-0.059154768555557014,-0.07385517111214979,0.0,0.0,-0.01907120743034063,1.0808592868022027,True,Utilities,0.7586019389802262
Z,2026-09-21,30.0,30.85,29.83,30.65,3245540,40.1,T1G,,MKDN,0.04820736842584319,-0.07625075346594334,-0.145763656633222,-0.18440659925492286,0.15384615384615363,-0.061081219264466635,-0.0902137866855145,-0.2992268655423932,0.0,0.0,-0.04251207729468598,1.1367716376193095,True,Industrials,0.7596134909555101
SFNC,2026-09-30,22.57,22.98,22.48,22.58,1257027,43.7,T9,,MARKUP,0.02030444877184554,-0.013543031891655843,0.01574448942869977,-0.07154605263157898,0.21973094170403512,-0.013760085878416262,-0.01438741085585482,0.04366874356875283,1.0,0.0,0.014440433212996373,0.9740666011481365,True,Financials,0.7596343212358828
LECO,2026-09-21,259.41,260.23,256.13,258.32,380353,41.3,,Z5,MARKUP,0.029884548648573612,0.028098384143914634,-0.0833865587963949,-0.11724703550558724,0.30700868511411816,-0.025112866787354138,-0.03448365128512543,-0.002291804226316141,1.0,0.0,0.026229373614645723,1.1396558980988143,True,Industrials,0.7596787210956438
BKE,2026-09-21,40.88,40.97,40.28,40.79,599606,41.4,,Z5,MKDN,0.027174409692812023,0.01291283834119672,-0.06893403332572479,-0.12561629153269027,0.1872399445214981,-0.019448230374492503,-0.05119691644530189,-0.13509521193075602,0.0,1.0,-0.015230961298376977,1.2627078042191395,True,Consumer Discretionary,0.7601380942481422
BY,2026-09-23,36.9,37.27,36.77,36.88,189665,34.0,,Z2G,MARKUP,0.01766983545151527,-0.019670388091440616,-0.03227499344004192,-0.07869098176367717,0.12500000000000075,-0.02690329610871922,-0.024486488539574358,0.07069435875130714,1.0,0.0,-0.010228802153431915,0.9601280696256695,True,Financials,0.7604559699404211
AEG,2026-09-24,8.76,8.84,8.75,8.81,4613321,35.5,T9,,MARKUP,0.015429655567970341,-0.032930845225027316,-0.04343105320304019,-0.08324661810613931,0.29203539823008884,-0.02593504254864587,-0.025291503383798486,0.04646582288746326,1.0,0.0,-0.021252796420581643,0.8448953928150319,True,,0.7609725664829696
INVX,2026-09-30,27.4,27.78,27.0,27.02,648009,38.2,,Z2G,MARKUP,0.040607085578910324,-0.049261083743842415,-0.1067768595041323,-0.1984574310293682,0.2806451612903225,-0.05798798398045846,-0.05664356185755837,0.03415372501065428,1.0,0.0,0.0,0.5695864826488501,True,Industrials,0.7611474353377495
UBSI,2026-09-29,46.72,46.97,45.94,46.15,1040267,38.9,,Z2,MARKUP,0.016006550319334584,-0.008166774124220955,-0.020793549755994123,-0.06993147924224097,0.24400871459694953,-0.01791783539744607,-0.019538248437502626,0.044840314487302635,1.0,0.0,-0.00820379965457696,0.9664747649874083,True,Financials,0.7614742274162178
V,2026-09-30,364.5,364.6,359.33,359.33,7416572,39.2,,Z2G,MARKUP,0.016182695572578835,-0.006057756140739112,-0.03579574422411258,-0.0680550872733875,0.3623329283110565,-0.023420071830460687,-0.015089063054337548,0.03612746100673325,1.0,0.0,-0.001306281267370868,0.9205841196903325,True,Industrials,0.7618862672243678
BFST,2026-09-30,30.4,30.5,29.95,30.09,202713,35.4,,Z2G,MARKUP,0.01608531807579982,-0.008566721581548697,-0.019230769230769273,-0.07472324723247237,0.205882352941176,-0.02455334129007658,-0.02583362823972013,0.03736802413238638,1.0,0.0,-0.01317957166392103,0.960025090621777,True,Financials,0.7620969550282097
SNEX,2026-09-29,65.9,66.31,64.44,65.25,588487,38.7,,Z4,MKDN,0.04351008291718671,-0.05816974595842961,-0.047167056074766456,-0.48357736446379107,0.03046651856553478,-0.04114548393321105,-0.12692914489682894,-0.21681813151003704,0.0,1.0,-0.0015494267121166638,1.04700574012652,True,Financials,0.762193633472045
NXPI,2026-09-24,232.34,233.25,229.36,230.16,2943591,49.2,,Z2G,MKDN,0.03330234939723149,0.00969510857644229,0.03141384718799012,-0.2277546638035164,0.16588842467436712,0.001780534611046658,-0.03584427759172182,-0.055211034858884456,0.0,0.0,0.037847318379027106,1.1724540561349104,True,Technology,0.762217024601338
WIX,2026-09-30,71.3,73.75,70.21,72.13,628930,44.1,T2G,,MKDN,0.07074381626266703,-0.06080729166666665,-0.18386512785698128,-0.2548553719008265,0.5179757717858539,-0.05655733564639387,-0.012112113213856968,-0.0907986373220857,0.0,1.0,-0.025552187093979994,0.8888482233193485,True,,0.7623277972911825
INMD,2026-09-23,14.43,14.44,14.18,14.19,381835,30.0,,Z2G,MARKUP,0.016125160497505085,-0.026748971193415683,-0.055888223552894245,-0.0944479897894065,0.00671140939597301,-0.03447135077966579,-0.04004281567344303,-0.023252528843532905,1.0,0.0,-0.010467550593161179,0.8493184390718818,True,,0.7628034498342532
FOX,2026-09-30,56.2,56.88,56.09,56.3,1707360,42.6,T9,,MARKUP,0.025193532883400958,-0.011587078651685512,-0.04624767067592761,-0.105355156523121,0.5700389105058364,-0.02416736981525225,-0.01427387476281794,0.007580902374757059,1.0,1.0,-0.014232342999466407,0.7319210709235148,True,Communication Services,0.7637824755485705
CORZ,2026-09-25,18.3,18.43,17.29,17.34,8819662,45.1,,Z4,MKDN,0.06461018533838546,-0.03613118399110604,-0.01589103291713967,-0.2968369829683698,0.19116022099447516,-0.030704279568513293,-0.09572830566490398,-0.11595005350840515,0.0,0.0,0.10762331838565031,0.9192140654911352,True,Financials,0.7637963075194737
FIG,2026-09-21,22.85,22.99,22.23,22.33,10842481,40.6,,Z2,MKDN,0.06505307328621496,-0.06608113759933087,-0.17601476014760153,-0.2847533632286996,0.3830673143650243,-0.0745267239527605,-0.07489891912621027,-0.29334410941814504,0.0,0.0,0.028214616096207124,0.9582235834768411,True,Technology,0.763872404147985
EXK,2026-09-23,10.05,10.14,9.14,9.26,12720936,41.0,,Z1G,MARKUP,0.06840454809862179,-0.02833158447009443,-0.16501352569882777,-0.20515021459227467,0.46651785714285704,-0.09241028012118213,-0.06273470496800815,0.003095683409351624,1.0,0.0,-0.018259935553168627,0.9664211751218703,True,,0.7639485065251496
CSR,2026-09-30,55.06,55.06,54.35,54.4,335162,43.9,,Z1,MKDN,0.02272431388542074,-0.012345679012345623,0.038366100400839764,-0.08278536503119205,0.32831737346101203,-0.017979209895428894,-0.023387836318658706,-0.07853559109243591,0.0,0.0,0.04403846153846147,0.7841946610604803,True,,0.7639931794056972
NWE,2026-09-28,68.69,68.69,65.84,68.06,565021,42.2,,Z9,MARKUP,0.023098493092572718,-0.025347271946154937,-0.032138794084186406,-0.08188317820045854,0.2677925211097709,-0.01804087912702801,-0.027638004738210764,-0.00446441258427932,1.0,1.0,-0.022275022275022316,1.1879182070607834,True,Utilities,0.764064233129164
HON,2026-09-28,211.15,212.81,209.73,211.52,2198668,47.6,T12,,MKDN,0.021285434785308584,0.024409143742735395,-0.02718116175320795,-0.16063492063492057,0.2642675390766997,0.0021672086408417446,-0.026879825818262648,-0.03971466555152803,0.0,0.0,0.0482790130977766,0.840484819574149,True,Industrials,0.7647876492295913
CPRT,2026-09-30,27.23,27.48,27.01,27.28,7849800,31.3,T2G,,MKDN,0.03264764459026634,-0.05474705474705466,-0.15983985217123498,-0.21201617562102826,0.06852791878172625,-0.0716638104222509,-0.09775442251297484,-0.1931183397385381,0.0,0.0,-0.05579096045197751,0.8399477826260208,True,Consumer Discretionary,0.764972591456557
OKLO,2026-09-30,37.29,38.55,36.77,37.02,8160523,42.6,,Z2,MKDN,0.06286854936212763,-0.04636785162287471,-0.03919024137036076,-0.26910167818361297,0.16226183159188698,-0.04601524545466973,-0.11683867732257136,-0.35139112168009545,0.0,0.0,0.0695171611401979,0.7345371610156451,True,Utilities,0.7656247638494528
URGN,2026-09-30,40.72,41.09,40.09,40.63,641378,38.3,,Z11,MARKUP,0.04576274012364356,-0.02402113860196975,-0.06360912652684947,-0.2003542609722495,0.286115007012623,-0.04330602877898382,-0.03489452899489631,0.2583045879304813,1.0,0.0,0.0007552870090634656,1.1069417174042908,True,Healthcare,0.7661421416341256
CENX,2026-09-23,38.89,39.48,38.27,38.82,1099514,32.8,,Z2G,MKDN,0.055869154465329175,-0.02462311557788932,-0.12171945701357467,-0.30117011701170116,0.031828703703703554,-0.08683342229595159,-0.14137729928576448,-0.16034293073961237,0.0,0.0,-0.025216505348955587,1.1414145332145986,True,Materials,0.7665828918693117
LLY,2026-09-30,1186.49,1215.0,1155.27,1157.08,3408497,47.0,,Z6,UTAD,0.02872320964864563,0.005291097229341624,-0.00251724137931042,-0.1048775770703595,0.26119891008174295,-0.007262286502519477,-0.006051988939329789,0.07990173412068424,1.0,0.0,0.03387257587870196,0.9908839761270983,True,Healthcare,0.7670693385481151
WSM,2026-09-21,226.1,228.89,222.77,227.16,1017691,48.4,T2G,,MARKUP,0.03222296793262211,-0.009894085341934367,-0.04385891068271741,-0.10879202793361842,0.31867321867321874,-0.0006070175845336312,-0.004027388682901534,0.08045567272868426,1.0,1.0,-0.008783165599268061,1.1353919205082381,True,Consumer Discretionary,0.7674790216339652
EFC,2026-09-25,12.37,12.41,12.19,12.36,1575402,28.3,,Z2,MKDN,0.016757856255873164,-0.006430868167202619,-0.08916728076639657,-0.10693641618497118,0.10303030303030296,-0.03658400868906797,-0.05857903850790802,-0.06220945581249426,0.0,0.0,-0.013754045307443397,1.0801902395075003,True,Real Estate,0.767744717754183
ARCC,2026-09-28,19.19,19.23,19.03,19.13,3988510,38.4,,Z1,MKDN,0.013670739756323129,-0.015946502057613277,-0.04110275689223064,-0.05437469105289183,0.44444444444444386,-0.017489274790324694,-0.015956511826480946,-0.01788374260056158,0.0,0.0,-0.01302083333333337,0.9521346972678795,True,,0.7679470294879446
HLT,2026-09-21,306.03,309.16,304.11,307.08,2128302,41.9,T2G,,MARKUP,0.020355948300538242,-0.01133290405666465,-0.0598536570431375,-0.10467082628724711,0.16472778036295907,-0.014465847158978251,-0.034598661198445346,-0.014016221568640685,1.0,0.0,0.007033333333333447,1.210260041507932,True,Consumer Discretionary,0.7681592279389233
THG,2026-09-30,217.72,219.49,214.07,214.12,305821,33.4,,Z1,MARKUP,0.020358415687601845,-0.015856965574297832,-0.05223087818696881,-0.09294247225281704,0.32905198776758393,-0.035530012718341775,-0.0313226719379639,0.06196109721140397,1.0,0.0,-0.01581536481081325,0.7661145438073524,True,Financials,0.7692307109755426
CLH,2026-09-30,312.49,313.29,308.47,310.23,419872,42.5,,Z3,MARKUP,0.018854839736555634,-0.009324604821970173,-0.015923869944488467,-0.07653152348633674,0.36674876847290727,-0.01376143920243833,-0.007256283518641604,0.06722942505780916,1.0,0.0,0.0015259740259740973,0.9390572150077896,True,Utilities,0.7692487261220583
PG,2026-09-30,148.9,149.23,145.28,145.28,8581499,46.9,,Z4,MKDN,0.01709906011164395,-0.014315760906438602,-0.006360714041447335,-0.05857957490927934,0.3597733711048166,-0.008053565834646559,-0.006808267097894172,-0.019905419143978698,0.0,0.0,0.022909911180036602,0.95981374011174,True,Materials,0.7695143108236506
EVC,2026-09-23,8.01,8.02,7.79,7.88,846877,37.5,,Z1G,MARKUP,0.05381579460662468,-0.0012674271229403677,-0.03312883435582825,-0.42649199417758377,0.0409165302782324,-0.048454437214894286,-0.11076472263882331,0.12404592418605898,1.0,1.0,-0.023047375160051176,0.973390196590507,True,Communication Services,0.7699977938631072
WHR,2026-09-24,33.05,33.16,32.17,32.98,2093265,35.6,,Z10,MKDN,0.047864216431156625,-0.001513775355737379,-0.17837568510214263,-0.29978768577494697,0.09370988446726554,-0.06556655110464871,-0.12942309268174768,-0.3564045614135146,0.0,1.0,-0.018679950186799466,0.9647620922922383,True,Industrials,0.7707970452079712
GSBC,2026-09-30,77.68,77.9,76.5,77.21,136399,37.5,,Z2,MARKUP,0.01977298362757756,-0.010255095500577016,-0.00987432675044897,-0.06874924617054645,0.2607003891050574,-0.019210477841440143,-0.017128259238409216,0.07197931410849812,1.0,0.0,-0.009580528223718243,1.0029661798217429,True,Financials,0.7709585079710202
FMBH,2026-09-29,49.51,49.73,48.58,48.88,135678,37.8,,Z2,MARKUP,0.017455298511083225,-0.006705954074375131,-0.01768488745980701,-0.08395802098950522,0.2933753943217666,-0.02102117578699958,-0.019222900993139613,0.06911637491150535,1.0,0.0,-0.007153075822603716,1.014856878213596,True,Financials,0.7710270001025851
STTK,2026-09-29,6.43,6.63,6.32,6.54,956828,50.2,T2,,MARKUP,0.05843972092674298,0.006153846153846176,-0.06704707560627676,-0.19754601226993873,0.320675105485232,0.015112263897222977,-0.014443767278564557,0.16073980400441013,1.0,0.0,0.012110726643598468,0.8955784790038878,True,Healthcare,0.771052477535033
WTW,2026-09-25,296.55,298.12,292.05,293.99,586942,29.3,,Z10,MARKUP,0.02633529451642575,-0.05158397315955876,-0.13425407856764227,-0.16363688088532324,0.24106082596648623,-0.06347506822815208,-0.06635389034012695,-0.03335088345423953,1.0,0.0,-0.048790020519167365,1.020780292568726,True,Financials,0.7715191575635495
CNQ,2026-09-30,47.33,47.88,47.02,47.07,4377787,39.1,,Z3,MARKUP,0.025106834274728516,-0.011964735516372782,-0.09148812970469022,-0.10017205123303385,0.5270758122743683,-0.033097304616740875,-0.02263947420241097,0.07301047401981497,1.0,0.0,-0.012717253073336154,0.7581112180675827,True,,0.7716461865149146
CFFN,2026-09-29,8.46,8.52,8.32,8.37,1078398,31.3,,Z2,MARKUP,0.020510302051002304,-0.05209513023782564,-0.027874564459930307,-0.09611231101511886,0.16822429906542025,-0.037838726840070946,-0.03243383162755653,0.058467731855139427,1.0,0.0,-0.017709563164108655,1.02092853131847,True,Financials,0.7718966078161532
LAUR,2026-09-21,36.43,36.52,36.13,36.28,716294,45.5,,Z5,MARKUP,0.0252411389847109,0.012559307842590073,-0.031500266951414835,-0.1133919843597263,0.20954003407155078,-0.008000013739582701,-0.014506817849954223,0.05326323029001623,1.0,0.0,0.00623936471922848,1.1205448240898799,True,,0.7723316027879183
WEC,2026-09-30,103.09,103.31,100.77,100.78,3366058,33.8,,Z4,MKDN,0.016506248383776855,-0.0038548976969456916,-0.05103578154425614,-0.14636625444689144,0.03571428571428574,-0.026909753445418128,-0.05391463993898726,-0.0857199241621115,0.0,0.0,-0.008514851485148522,1.20783675013077,True,Utilities,0.773180165751935
RH,2026-09-22,131.0,134.66,130.2,130.64,808423,35.4,,Z11,MKDN,0.0578025733159666,0.04654329888648556,-0.08860053020789738,-0.3500174138016817,0.08135283363802545,-0.06020147659288033,-0.13262056165895175,-0.18543269860242317,0.0,1.0,-0.0028853089685020317,0.8999658512765838,True,Consumer Discretionary,0.7734806180136196
GT,2026-09-25,5.12,5.15,5.04,5.12,5690503,36.9,T9,,MKDN,0.05047784719968872,0.013861386138613874,-0.16747967479674797,-0.3227513227513227,0.07924528301886792,-0.06920581406997406,-0.13698275653766745,-0.2671385307244827,0.0,1.0,-0.025793650793650813,1.0335193985517883,True,Materials,0.7735060294015056
KOP,2026-09-30,46.34,46.34,45.46,45.59,150737,43.9,,Z6,MARKUP,0.029708600443307347,-0.014483354950280858,-0.007402569126932157,-0.13981132075471692,0.1674157303370789,-0.013175271296713142,-0.01662228776968455,0.1023262645663654,1.0,0.0,0.021802652281411428,0.671248556615774,True,Materials,0.7737628209375268
USAR,2026-09-24,15.48,15.56,15.06,15.38,13905851,41.2,,Z2G,MKDN,0.06997494785442547,-0.01599488163787588,-0.18710359408033828,-0.2915707047443574,0.27904328018223246,-0.06943460529454093,-0.12046382842267811,-0.17130868121010245,0.0,0.0,0.012096774193548265,1.138017432217432,True,Materials,0.7744807102651469
M,2026-09-21,22.02,22.55,21.81,22.19,5882862,47.4,T2G,,MARKUP,0.0400532687267096,-0.017271922054915678,-0.027607361963190136,-0.1654757427604362,0.3548387096774196,-0.005075399215905829,-0.025748055801324443,0.04795498297977341,1.0,0.0,0.08952959028831553,0.990841445437226,True,Consumer Discretionary,0.7753268981490283
COO,2026-09-30,56.62,57.37,56.36,56.53,4894850,35.2,,Z9,MKDN,0.03457048369138953,0.008204030675940777,-0.18403579676674364,-0.27627704519267693,0.2036900369003691,-0.040273047135595985,-0.11776571996078233,-0.18071504001201022,0.0,0.0,0.07096647716134097,0.9395935854587458,True,,0.7768118324652169
GRRR,2026-09-30,13.93,14.28,13.78,13.86,403148,49.5,,Z10,MKDN,0.05650152782759571,-0.014925373134328401,-0.016323633782824754,-0.2619808306709266,0.3985330073349632,-0.00018799989140705353,-0.01825103047619736,-0.04520392488230529,0.0,0.0,0.0853950518754989,0.7595739266714389,True,,0.7769151303348388
SHIP,2026-09-30,16.68,17.12,16.39,16.41,476398,36.0,,Z3,MARKUP,0.03843245567561187,-0.06548974943052388,-0.08883953359244867,-0.1462018730489073,0.4853479853479855,-0.06083248186026391,-0.043036513272109,0.134302305624872,1.0,0.0,-0.04196217494089838,0.9900327912827118,True,,0.7769151870018197
TT,2026-09-21,432.37,434.8,425.09,433.32,1030408,41.2,T2G,,MARKUP,0.0253477588404492,0.017159221614515996,-0.044350836953884865,-0.13162324649298596,0.22756674115018197,-0.015455001649354538,-0.04289542493034393,-0.037950503054470675,1.0,1.0,-0.015388640471886483,1.2188452951448727,True,,0.777025772322599
EE,2026-09-28,33.27,33.27,32.69,32.84,253526,30.8,,Z2,MARKUP,0.0434982804594328,-0.03183962264150941,-0.14834024896265552,-0.19470328592447272,0.01975308641975354,-0.08795977238907271,-0.11106569072003758,-0.061975536736130765,1.0,0.0,-0.018028846153846145,0.7302263182968141,True,Utilities,0.7771740376423719
INVH,2026-09-29,26.45,26.7,26.41,26.57,3441395,24.4,T3,,MKDN,0.01613823822898009,-0.021002210759027307,-0.08819492107069327,-0.1398510844933636,0.07889125799573579,-0.03357108198845615,-0.06481536727425863,-0.07312603476746282,0.0,0.0,-0.023845007451564815,0.9817695333448552,True,Real Estate,0.7774129950772296
CSIQ,2026-09-29,10.57,11.75,10.35,11.55,3593745,42.2,T1,,MKDN,0.06571506159507073,-0.01869158878504662,-0.06326034063260333,-0.3087971274685817,0.18995290423861863,-0.04464717022109521,-0.13593916391767158,-0.2509410342378332,0.0,1.0,-0.06846846846846844,1.1786991041955035,True,,0.7781132085604355
SXC,2026-09-29,9.55,9.59,9.29,9.33,984361,42.3,,Z1,MARKUP,0.036881714797295684,-0.05086469989827058,-0.09680542110358181,-0.1264044943820224,0.5794392523364487,-0.038808916247499714,-0.015349556741551695,0.10887235619213742,1.0,0.0,0.003239740820734305,1.128797586217702,True,Materials,0.7781556881770243
OFG,2026-09-29,51.27,51.45,50.19,50.47,220840,33.6,,Z2,MARKUP,0.018025637602517502,-0.02379110251450689,-0.030355427473583108,-0.07343491830365334,0.3103448275862066,-0.02912491154120478,-0.022606009850095088,0.06629259625657258,1.0,0.0,-0.021446675765256384,0.8812008049650477,True,Financials,0.7789176336523072
SPNT,2026-09-30,24.87,24.93,24.24,24.25,908966,44.9,,Z4,MARKUP,0.02653457856997738,-0.04602675059008665,-0.006554690700532606,-0.08490566037735847,0.45652173913043487,-0.019288645955502615,-0.003688306655556195,0.0651474044536815,1.0,0.0,0.030612244897959107,0.8227606714910377,True,Financials,0.7791210458490664
MIR,2026-09-25,15.78,15.85,15.49,15.59,1933971,47.0,,Z2,MKDN,0.04196860529504904,-0.010786802030456899,0.04983164983164978,-0.1419922949917447,0.3645320197044334,-0.01913482303227987,-0.027765229488954546,-0.1528423037616642,0.0,0.0,0.08854532677442029,0.8913179298586913,True,,0.7792981687900593
APLD,2026-09-29,24.96,25.67,24.43,25.41,15979969,44.9,T9,,MKDN,0.06706465707854382,-0.10967063770147156,0.0,-0.2426229508196721,0.23352165725047092,-0.04145438849054439,-0.0993413739779293,-0.1499472402160139,0.0,0.0,0.04446344591705853,0.9158294760370831,True,Technology,0.7793210979945863
EGP,2026-09-30,201.44,201.44,197.35,197.45,585062,39.0,,Z1G,MARKUP,0.01615376334722505,-0.02541954590325768,-0.013095416604188559,-0.12906356137797192,0.05612903225806389,-0.017508414211029444,-0.023377456072242397,0.005081248464621879,1.0,0.0,0.00837974554187304,1.1616622287999014,True,,0.7793833874666702
AON,2026-09-30,275.78,278.19,273.8,276.77,2300012,27.9,T2,,MKDN,0.02864364235706165,-0.017151988636363802,-0.151792828685259,-0.2761154992938223,0.06839039887045535,-0.06790900488141327,-0.1311940512859041,-0.1722788566172272,0.0,0.0,-0.04324631908386101,0.9289308211308178,True,Financials,0.7798105902543393
CSQR,2026-09-25,17.26,17.72,16.95,17.01,853491,36.6,,Z2G,MKDN,0.06054021308381283,-0.05342237061769606,-0.15204386839481543,,,-0.07071294283596141,-0.1188909543146629,,0.0,0.0,0.019855595667869874,0.6118579811343972,True,,0.7798733597917221
ARLP,2026-09-24,26.24,26.24,25.06,25.2,293006,37.0,,Z6,MARKUP,0.02040217574918382,-0.03669724770642202,-0.037800687285223455,-0.06458797327394217,0.5056818181818176,-0.029850937308611325,-0.022745711188292494,-0.010578610212886308,1.0,0.0,-0.024902723735408583,1.0606077471438946,True,Materials,0.7804994857927536
HAPN,2026-09-22,16.51,16.52,15.96,16.01,1662860,30.3,,Z4,MKDN,0.032544974485748335,-0.02437538086532598,-0.12273972602739713,-0.24658823529411755,0.009451795841209965,-0.05915589148803568,-0.10645458911669703,,0.0,0.0,-0.017846153846153845,1.2443951453569548,True,Financials,0.7805827337962147
UFPT,2026-09-21,280.12,284.16,274.1,281.69,157078,45.7,T2G,,MARKUP,0.031249924774651088,0.01330983128889529,-0.08876524439556177,-0.16834460157656983,0.482717953370226,-0.012122660004635355,0.004607722021724214,0.13372819197839325,1.0,1.0,-0.0013534769726012419,1.006607321489623,True,,0.7806154085035467
STT,2026-09-29,179.47,180.15,176.45,177.78,2209861,34.4,,Z2G,MARKUP,0.02261400786876632,-0.01370319001386966,-0.07106280698087575,-0.09263512478946567,0.1651333946642135,-0.034974773503788636,-0.03161544799011806,0.1165036433333202,1.0,1.0,-0.002882007233273143,1.102671501186654,True,Financials,0.7808308446755016
SPRB,2026-09-30,47.78,49.95,47.76,48.58,61255,40.0,T1G,,MKDN,0.06345291900353223,-0.01679821898401135,-0.12625899280575548,-0.24682170542635662,0.34133223003723623,-0.06062703299098482,-0.06971661808391749,-0.10736704114926321,0.0,0.0,0.034214618973561484,0.5545474334817859,True,Healthcare,0.78085425884549
TRST,2026-09-30,54.37,56.13,53.7,54.29,160658,34.8,,Z2G,MARKUP,0.02431776104053971,-0.022506301764494085,-0.03312555654496885,-0.08417678812415663,0.3958837772397091,-0.035609717285634335,-0.03265032953970437,0.08026807747108422,1.0,0.0,-0.022036059005645536,0.7449659796509336,True,Financials,0.7814977053346358
RMD,2026-09-25,221.08,223.22,220.13,222.0,760792,46.4,T3,,MKDN,0.025724170262910587,-0.013289479532423654,-0.058364438411944275,-0.08415841584158423,0.6091205211726383,-0.011396425924210751,0.003626809537289777,-0.01559845285402739,0.0,0.0,0.019462465245597693,0.7753579851851222,True,,0.781516113978712
PVLA,2026-09-30,141.14,142.96,137.3,137.93,262310,37.5,,Z6,MARKUP,0.04902712114148272,-0.07776143353837917,-0.08382597143806048,-0.14243969161900027,0.4305244842157595,-0.06291482829050266,-0.05831621968620371,0.12371141032375466,1.0,0.0,-0.050812016449431896,0.9612108551524143,True,Healthcare,0.7818067059714152
HTGC,2026-09-30,17.05,17.05,16.77,16.81,1504006,40.2,,Z4,MARKUP,0.018377153896227277,-0.009428403064230984,-0.04867006225240533,-0.06246514221974353,0.521367521367521,-0.021618447350508885,-0.009999893181962038,0.00874407640108843,1.0,0.0,-0.014731879787860946,0.9338984985534987,True,,0.7818111535641781
RLJ,2026-09-23,10.98,11.0,10.8,10.91,1445540,44.4,,Z2G,MARKUP,0.02523669308587935,0.007386888273314796,-0.056228373702422174,-0.15360744763382472,0.13913043478260878,-0.009674752603748171,-0.01839804558223912,0.11445381010056677,1.0,0.0,0.014164305949008638,1.1428494715274253,True,,0.7822263310248093
CNO,2026-09-28,54.75,54.75,53.58,53.64,849989,41.5,,Z4,MARKUP,0.021070145921614457,-0.013970588235294068,-0.031244356149539354,-0.06858829657926724,0.3960244648318044,-0.017268725299267262,-0.006555502222187148,0.10646480663171243,1.0,1.0,-0.006728971962616792,0.8917141433097528,True,Financials,0.7824303996066557
KRG,2026-09-28,24.81,24.93,24.65,24.8,1339576,25.7,,Z5,MARKUP,0.016082491349989986,-0.015873015873015817,-0.0461538461538461,-0.17112299465240643,0.11876075731497436,-0.02745555016678547,-0.05686003528938066,-0.04389067571734273,1.0,0.0,-0.038676236044657086,0.907284713696136,True,,0.7828753439417655
WABC,2026-09-30,58.41,58.71,57.84,58.32,247038,43.3,,Z2,MARKUP,0.020258270335253042,-0.01536383589397261,0.002578648788035043,-0.08316302468165382,0.36948748510131124,-0.016113555405132818,-0.012017867856527809,0.04822008773702402,1.0,0.0,0.005738132498696036,1.0792422861008242,True,Financials,0.7830751178393823
RF,2026-09-25,27.29,27.7,27.2,27.62,10153266,28.9,T1,,MARKUP,0.021258603934851364,-0.03087719298245606,-0.09144736842105261,-0.1493686479827533,0.10018552875695783,-0.046971951161095205,-0.06984980437290889,-0.031629248236434315,1.0,0.0,-0.03526897043106525,1.142521402311345,True,Financials,0.7832085348175387
LVS,2026-09-25,38.79,39.17,38.52,38.99,3886666,25.3,T9,,MKDN,0.027123986647674535,-0.02476238119059515,-0.11867088607594933,-0.22144568690095845,0.07737104825291181,-0.06402638371187674,-0.11547628856870207,-0.21054663356617054,0.0,0.0,-0.042033727661716425,0.8233608956264283,True,Consumer Discretionary,0.7837251745111541
BFC,2026-09-23,150.23,151.54,148.23,148.39,80941,38.7,,Z2G,MARKUP,0.021407538898116134,-0.01428191842699622,-0.030067324661742778,-0.06725752718586975,0.49337121212121143,-0.026303301625554276,-0.02169775896927606,0.0376586237521086,1.0,1.0,-0.0005394106938171328,1.0798974976576667,True,Financials,0.7839201435973774
SHC,2026-09-25,18.44,18.58,18.21,18.34,1247737,44.2,,Z9,MARKUP,0.024851516443513823,-0.02082221035771492,-0.05852156057494873,-0.07326932794340568,0.5101351351351355,-0.01792212894387668,-0.0038013064294879495,0.08239865326630036,1.0,0.0,0.008883953359244856,0.8037726370851779,True,Healthcare,0.7843329232940327
GATX,2026-09-29,180.6,180.88,175.39,175.86,224429,43.3,,Z2G,MARKUP,0.024433386913037522,-0.039068903338615235,0.0053164122791973245,-0.07897768932648996,0.2530955918771676,-0.021336125637281045,-0.017540883848832456,-0.005306222146628459,1.0,0.0,0.018288434742220083,1.1787433415876907,True,Industrials,0.7845000370323568
OGS,2026-09-30,72.49,72.73,71.61,71.87,692641,26.3,,Z3,MKDN,0.019693806014974783,-0.005809932217457514,-0.10564957690393229,-0.1275795095897061,0.08369659982563278,-0.04144877205806696,-0.06992361761008925,-0.09802246275575921,0.0,1.0,-0.01280801893359318,1.1041672779736442,True,Utilities,0.7845842008772612
SLGN,2026-09-22,37.83,37.95,37.25,37.45,1451371,31.8,,Z11,MKDN,0.029002619997976983,-0.02473958333333326,-0.11882352941176466,-0.22463768115942018,0.0474100087796318,-0.04805437998670958,-0.08273092493313883,-0.11613811985363276,0.0,0.0,-0.01835106382978735,1.2836336103869264,True,Industrials,0.7849530892526244
REX,2026-09-29,42.44,44.12,42.16,42.59,242535,47.6,T5,,MARKUP,0.03247728259704241,-0.0375141242937852,0.0367575462512173,-0.11821946169772246,0.3360465116279073,-0.006121696648467845,-0.016091532911701067,0.03821887449288908,1.0,0.0,0.061964735516372604,0.9371213854239604,True,Materials,0.7855614206137477
PECO,2026-09-25,37.2,37.41,36.72,37.39,1172699,34.7,T2G,,MARKUP,0.016771971464693742,0.006189451022605041,-0.04665986741458439,-0.15750337990085628,0.10154241645244204,-0.017949447674628916,-0.04802132025093864,-0.039824427363168935,1.0,1.0,-0.009472259810554884,1.1817238058686719,True,,0.7860417965835307
SKY,2026-09-30,85.85,87.5,85.65,85.7,428421,47.7,,Z2G,MARKUP,0.03284874992941783,0.002808331383103324,0.00023342670401493848,-0.11274459053732266,0.4179583110636026,-0.007575315103147351,-0.004037569398816276,0.046483076825898806,1.0,0.0,0.046031351082358896,0.8159255495188541,True,Materials,0.7861560916745564
INTA,2026-09-28,35.45,35.56,34.58,35.39,288820,39.0,,Z2G,MARKUP,0.044813575417820745,-0.035694822888283406,-0.1858753163100989,-0.2016692984434919,0.5237080447522644,-0.05654597782501969,-0.019880447734617945,0.0626686500107625,1.0,0.0,-0.027285513361462677,0.7572046344188329,True,Technology,0.7862658568993606
CTAS,2026-09-30,198.24,198.24,194.82,195.06,1632245,43.1,,Z2,MARKUP,0.020652286737696205,0.016096265041412705,-0.02756867241637173,-0.1099653221390765,0.4378353160718453,-0.018291448156690038,-0.013248938033624702,0.01270524441674481,1.0,1.0,-0.0010455329604265318,1.077084337920091,True,Consumer Discretionary,0.7865855503532672
LTH,2026-09-30,40.12,40.56,39.8,39.88,2489815,40.5,,Z3,MARKUP,0.035182680622660105,0.005293672800604998,-0.046617260339469224,-0.15562142705907256,0.31372549019607854,-0.023709121216731743,-0.03438996439472175,0.1140740910168141,1.0,0.0,0.07228915662650581,0.7746315534517347,True,Communication Services,0.7869358930162197
SMBK,2026-09-29,49.89,50.78,48.8,49.54,120751,37.7,,Z2,MARKUP,0.02278326176838581,-0.027292362065580167,-0.019980217606330286,-0.08496490579977833,0.5064377682403433,-0.025968607330616233,-0.015494231220706811,0.10563091031157223,1.0,0.0,-0.019095477386934734,0.9697920373126725,True,Financials,0.7879711627846929
RKT,2026-09-25,11.98,12.29,11.89,12.17,31281747,38.7,T1,,MKDN,0.05003625713003468,-0.009764035801464566,-0.1453651685393259,-0.24362958359229336,0.15151515151515138,-0.059330390941065514,-0.09717590062489412,-0.17950259075217356,0.0,0.0,-0.06443719412724302,1.242193807477522,True,Financials,0.7884423944807937
ES,2026-09-30,64.29,64.94,63.97,64.16,3904560,30.5,,Z5,MKDN,0.01913567548307327,-0.011554460021568347,-0.08992907801418448,-0.16207391928953896,0.10397111913357389,-0.039578281653317005,-0.07157789345953414,-0.08142034044864865,0.0,0.0,-0.030902348578491945,1.2098388655743404,True,Utilities,0.7886641727479197
IA,2026-09-24,17.86,18.61,17.84,18.45,147153,19.9,T4,,ACC-TR,0.0519289639737402,0.0027173913043478937,-0.14859252422704206,,,-0.02978919272633407,,,0.0,1.0,-0.015695067264574036,1.0003047779850627,True,,0.7888558408959421
PGR,2026-09-30,209.43,209.93,207.31,207.31,2959159,42.1,,Z1,MKDN,0.021969895003975785,0.020577955004184467,-0.05998911762038628,-0.12737298480447867,0.1734498770827642,-0.021195376016571288,-0.02837252464664408,-0.03993167657613006,0.0,1.0,-0.007996840754269985,1.2224632391751877,True,Financials,0.789100568772238
WY,2026-09-23,21.38,21.46,21.11,21.17,6678696,29.6,,Z1,MKDN,0.024381788544951075,-0.02934433745988063,-0.1334424887433483,-0.1857692307692307,0.0378486055776895,-0.052995067506408144,-0.08912386465195687,-0.12073667593725834,0.0,0.0,-0.033625057577153394,1.1898862415730593,True,,0.789436250281316
EXLS,2026-09-25,34.93,35.33,34.51,34.75,1356088,44.8,,Z1G,MARKUP,0.027824362652738775,-0.011379800853485,-0.08983761131482448,-0.10576428203808541,0.6745843230403801,-0.021340610908902935,0.009932833207851877,0.01955588925651308,1.0,0.0,0.0052432274978153615,1.0114402162262863,True,Industrials,0.7899215487445944
CR,2026-09-30,208.28,208.28,203.93,204.02,353010,48.9,,Z1G,MARKUP,0.025034034663225176,-0.001517153624039591,0.02004899755012257,-0.11488069414316704,0.2632164718976074,0.0004424154065136854,-0.009859599104055539,0.02717551961890252,1.0,0.0,0.03212376644736836,0.8190739912912466,True,Industrials,0.7906585689608459
BLX,2026-09-30,55.52,55.82,54.54,55.02,291669,49.2,,Z3,MARKUP,0.020193779343993426,-0.004162895927601773,0.014754703061600871,-0.10754257907542575,0.23880597014925434,0.000552338548476472,-0.01040874763481503,0.03189583557928022,1.0,0.0,0.023611635814129173,0.9129190218418002,True,,0.7907571684922836
PRSU,2026-09-24,48.38,48.85,48.01,48.44,206569,48.3,T2G,,MARKUP,0.029435126365843983,-0.01102490812576562,-0.03178093144113536,-0.14295824486907294,0.30940170940170914,-0.0021976247944398564,-0.006657093050959073,0.1035757321703259,1.0,0.0,0.0006373486297004405,1.1661816109209955,True,Communication Services,0.7909904758259181
PATH,2026-09-21,13.55,13.79,13.44,13.59,46929189,40.7,T9,,MARKUP,0.06407108745228583,-0.07298772169167811,-0.17083587553386215,-0.27827934147636746,0.41517857142857156,-0.08061659647964659,-0.053352739794687465,0.04420478224662272,1.0,0.0,0.005283018867924483,0.8762711172492476,True,Technology,0.7912428820352816
EBAY,2026-09-29,107.0,107.7,104.8,105.21,3900110,44.4,,Z2G,MARKUP,0.03162640905492156,-0.037243777452415916,0.015932792584009148,-0.10937103191399311,0.2932166301969365,-0.021561464353780924,-0.022300694110734653,0.03235279515035683,1.0,0.0,0.04957436154231343,0.6823060146552065,True,Industrials,0.7912621940755663
BRZE,2026-09-22,26.0,26.23,24.85,25.52,2166049,42.4,,Z5,MARKUP,0.06212982123616481,0.003933910306844979,-0.18829516539440205,-0.27127355796687613,0.34256055363321786,-0.059137611645782906,-0.05682931507092115,-0.009392056901636803,1.0,0.0,0.026946107784431295,0.6933866934839561,True,Technology,0.7918101534625348
BUSE,2026-09-30,29.38,29.74,29.01,29.13,757786,33.6,,Z2,MARKUP,0.017540471807167998,-0.0172064777327936,-0.02575250836120402,-0.0810725552050473,0.24633431085043983,-0.02851867173754119,-0.028428999669645072,0.04833380606221249,1.0,0.0,-0.014940577249575426,1.0835632316132682,True,Financials,0.792192564402979
EGO,2026-09-28,39.54,40.2,38.86,39.44,5509986,42.9,,Z2G,MARKUP,0.05206717951768411,-0.06915270238376214,-0.1328056288478452,-0.18461856522637998,0.5803571428571428,-0.06531161245372907,-0.016821528658815366,0.11408579894852511,1.0,0.0,-0.021158690176322548,0.9939789205934157,True,,0.7923599734430286
GEO,2026-09-28,31.0,31.66,29.6,30.22,2590604,44.5,,Z2G,MARKUP,0.045467395657288204,-0.0009917355371901193,-0.06381660470879813,-0.08838612368024135,0.3712446351931331,-0.029580691522157143,-0.013146415703435443,0.18370641279808209,1.0,1.0,-0.02635090060040024,1.086753307643844,True,,0.7927876389138692
HR,2026-09-28,18.12,18.2,17.96,17.98,5145994,27.0,,Z3,MARKUP,0.01737732929528392,-0.015873015873015817,-0.05318588730911,-0.18421052631578938,0.07305936073059369,-0.030658324223887368,-0.06200801943063183,-0.04701647888851579,1.0,0.0,-0.025923883066740094,1.1244346805880958,True,,0.7931079938744994
RELY,2026-09-29,22.05,22.11,21.16,21.47,3190468,40.7,,Z3,MARKUP,0.049597050676172615,0.008928571428571397,-0.19708302169035152,-0.21870451237263466,0.2449748743718592,-0.04626801429481697,-0.07482198437810827,0.029347534526580343,1.0,1.0,-0.07180218735140287,0.9643603367382213,True,Industrials,0.7931168867995202
MCK,2026-09-28,865.02,871.2,855.64,856.29,550010,41.9,,Z1,MARKUP,0.0247693303517858,-0.0340451453517886,-0.04152721655715874,-0.07920855959997852,0.5215329652484569,-0.02766159350893016,-0.01350875253706163,0.026746899843508087,1.0,0.0,-0.004780459435882567,0.6990301089712807,True,,0.7936735881525251
ROK,2026-09-21,419.31,425.2,413.79,424.89,755308,47.2,T2G,,MARKUP,0.026182419687982482,0.014420436910588474,-0.02788963118879839,-0.1457093453434133,0.19869526758071618,-0.0012122459292718268,-0.025875890201366936,0.010652628278418952,1.0,1.0,-0.012905103823015684,1.187834171151845,True,,0.7941462088845788
PII,2026-09-30,53.1,53.31,52.05,52.15,860127,25.9,,Z4,MKDN,0.04018326774612689,-0.014922553834529673,-0.15037471489084397,-0.33123877917414724,0.021590909090909098,-0.07170298073869297,-0.143723274512356,-0.16535539386083586,0.0,1.0,-0.008267640838300339,0.9768179240892696,True,Industrials,0.7945379969923178
BYD,2026-09-25,71.93,72.31,70.47,71.23,956403,22.6,,Z4,MKDN,0.0243396535007676,-0.02384541592435241,-0.10537553378548103,-0.22076359260474776,0.06183170618317056,-0.05349748268554866,-0.09977779911976548,-0.13579809887846206,0.0,0.0,-0.04194078947368407,1.010527666336526,True,Consumer Discretionary,0.7953247877826544
EIG,2026-09-25,47.72,48.04,47.05,47.3,341591,33.0,,Z2,MARKUP,0.02246156219359507,-0.034102511741882835,-0.03508771929824572,-0.10058946567788563,0.045126353790613666,-0.029954976972347058,-0.03022700849768245,0.024003098155354285,1.0,0.0,-0.01938307628178404,1.1696425982185008,True,Financials,0.795337833720821
TU,2026-09-30,8.19,8.49,8.16,8.39,12152109,29.4,T1,,MKDN,0.025713889936569832,-0.012941176470588123,-0.13056994818652845,-0.2468581687612208,0.08637873754152818,-0.051481617614242525,-0.11582715163878221,-0.2752902978064232,0.0,0.0,-0.03214285714285714,1.1388176724172834,True,,0.7953515038774476
MMYT,2026-09-28,46.75,47.81,45.52,47.39,791247,31.8,T4,,MKDN,0.04373960039506415,-0.012090890139670574,-0.1970518468315825,-0.27092307692307693,0.09599589322381918,-0.05802324441121953,-0.1028931028529908,-0.18996679895719637,0.0,1.0,-0.026726534103057475,1.1748665898557111,True,,0.7956377341394724
NMIH,2026-09-25,41.57,41.67,40.84,41.23,829197,24.5,,Z2,MARKUP,0.02313149456133687,-0.03892773892773893,-0.07968750000000002,-0.11788617886178876,0.15620214395099477,-0.04559592216205066,-0.045164031932707016,0.010112678564921485,1.0,0.0,-0.018740989908697547,1.0242424919383872,True,Financials,0.7961658512334501
NEM,2026-09-30,117.4,117.89,115.31,115.34,5841010,40.5,,Z6,MARKUP,0.03547384255085304,-0.06645082962363413,-0.05944711734485841,-0.14746100968290332,0.5713364847443061,-0.05201966350726417,-0.02284555257822196,0.07926281251358791,1.0,0.0,-0.04475000000000007,0.7618583355330036,True,Materials,0.796522398609997
TD,2026-09-30,119.45,119.48,117.52,117.53,923290,40.5,,Z2,MARKUP,0.016803786778291828,-0.01574407503559161,-0.016485355648535593,-0.06328205945644372,0.2328502415458935,-0.02343508348620993,-0.02005810636001837,0.08196443668040732,1.0,0.0,-0.005500550055005493,0.7995628431903358,True,,0.7967086551242936
MET,2026-09-30,94.84,95.56,94.12,94.16,3008289,40.6,,Z2G,MARKUP,0.019742482559033145,-0.03127572016460911,-0.0027536538868884186,-0.06707619141979604,0.40141467727674546,-0.022896600038978865,-0.010032603896783399,0.08447192733091669,1.0,0.0,0.002236183580023532,1.0209544360280662,True,Financials,0.7967132303780747
NPK,2026-09-25,144.52,145.45,142.61,144.66,88800,45.5,T9,,MARKUP,0.032743765443206424,-0.026383093283079972,-0.05715961676334491,-0.0854144275146993,0.6488172602027555,-0.024036929533923557,0.008077414669726668,0.10516139605454344,1.0,0.0,0.0004209049456331826,0.9522668314213834,True,Industrials,0.7970919819862947
TSLX,2026-09-30,18.36,18.43,18.02,18.02,600330,46.7,,Z4,MKDN,0.020695064987579455,-0.012602739726027434,-0.023306233062330595,-0.06438213914849433,0.5571428571428565,-0.008617770117053447,-0.00503845574023154,-0.04753198778938805,0.0,0.0,0.016421291053227538,1.058204602251068,True,,0.7971171933156806
WEN,2026-09-29,6.4,6.57,6.4,6.54,5270713,34.3,T1,,MKDN,0.045901212874154496,-0.03964757709251099,-0.21204819277108444,-0.2844638949671773,0.07142857142857148,-0.08183221601602564,-0.12744530046797486,-0.17029545561528991,0.0,0.0,-0.039393939393939315,0.8818176049491706,True,Consumer Discretionary,0.7976577107978212
SBLK,2026-09-29,29.15,29.58,28.94,29.2,1596973,40.8,T5,,MARKUP,0.03010263016327423,-0.056237879767291554,-0.054097829608033776,-0.1119221411192215,0.5411471321695759,-0.04121554014350426,-0.01632314970067461,0.12733212355851276,1.0,0.0,-0.016315431679129855,1.088970500618272,True,,0.7976587430658815
RVII,2026-09-25,22.42,22.63,22.11,22.11,116289,59.3,,Z4,MARKUP,0.037261850148034494,-0.03280839895013121,-0.04244261585101783,,,-0.03799662525068581,,,0.0,0.0,0.02837209302325583,0.5921339258878586,True,,0.7978630641329965
REF,2026-09-30,12.26,12.58,11.85,12.04,737537,41.1,,Z2G,MKDN,0.07555199472164763,-0.034482758620689724,-0.15091678420310306,,,-0.1057782436125716,,,0.0,0.0,-0.04126213592233008,0.8422532231626578,True,,0.7979495530642862
PSTL,2026-09-30,23.29,23.33,22.87,22.87,214545,41.1,,Z4,MARKUP,0.025557720534526446,-0.02264957264957257,-0.03664700926705966,-0.07670569236980207,0.3140794223826719,-0.02564430637259396,-0.023636689583265813,0.07125216863740991,1.0,0.0,-0.0026166593981682418,0.6521518047493675,True,,0.7989431644147726
BKH,2026-09-30,70.62,70.77,69.98,70.08,1050869,42.4,,Z3,MARKUP,0.02153721790568284,-0.0060984257552121335,-0.03204419889502774,-0.08678655199374508,0.2760869565217386,-0.014773125357119055,-0.027934755591927707,-0.01700011287520431,1.0,1.0,-0.025256169721460497,1.197993233937174,True,Utilities,0.7989486125365555
DCOM,2026-09-29,39.68,40.0,39.23,39.47,304289,38.9,,Z2,MARKUP,0.019026173890075503,-0.026393685249136656,-0.02301980198019804,-0.05956635692161072,0.43946188340807185,-0.021539957391616404,-0.0186422462068222,0.07224817480715662,1.0,1.0,-0.002796136248093717,0.814143441879356,True,Financials,0.7991552862084883
IBCP,2026-09-28,35.89,35.96,35.56,35.59,165525,38.1,,Z4,MARKUP,0.016827460755704564,-0.008358874338255662,-0.03445469343461738,-0.09301732925586137,0.13301662707838532,-0.020428567255325603,-0.02674945470632084,0.012252742851210918,1.0,0.0,-0.017043867001955815,1.1589229067780746,True,Financials,0.799418075844407
OSCR,2026-09-29,29.73,29.83,28.99,29.77,3796607,43.2,T2G,,MARKUP,0.05727684754430211,-0.02934463645255958,-0.006341789052069502,-0.13660092807424584,0.48298572996706923,-0.035784847498500194,-0.019244670711325407,0.22730501784265367,1.0,1.0,-0.027157098659333023,0.8638213863058012,True,Financials,0.8007966101668891
STZ,2026-09-21,118.23,119.12,116.93,118.39,2629767,30.6,T5,,MKDN,0.027007227741429773,-0.05288000000000004,-0.1273035530001474,-0.20071563597083453,0.04680987495992286,-0.056545436895428236,-0.09113163998007356,-0.16442974934354326,0.0,0.0,-0.027609147609147566,1.2210940877720324,True,Consumer Staples,0.8008907947868441
LILAK,2026-09-30,8.41,8.46,8.11,8.22,1861133,42.3,,Z4,MARKUP,0.03361570552204818,-0.026066350710900354,-0.029515938606847647,-0.07744107744107742,0.6550000000000002,-0.033173189494096755,-0.014602651616036577,0.03687304855666018,1.0,0.0,-0.014580801944107047,1.1250840877091206,True,Communication Services,0.8009168770298019
VSAT,2026-09-29,72.72,72.98,68.22,69.09,1482738,40.7,,Z4,MARKUP,0.05861899369348024,-0.07867715695426047,0.027055150884495394,-0.21843891402714932,0.158238884045336,-0.05507724006994097,-0.05998482130122462,0.12555177066754886,1.0,0.0,0.042003971284557906,0.7706074877841285,True,Communication Services,0.8009543248808971
MGRC,2026-09-24,113.34,113.34,110.87,111.96,140126,45.3,,Z4,MARKUP,0.020583552873237942,0.0034056282487899825,-0.019185282522996117,-0.09578420287514133,0.21196013289036533,-0.004370649206777544,-0.019135570979727845,-0.01788465898464009,1.0,0.0,0.010756642456559717,1.161998639884602,True,,0.802005652862017
PAGP,2026-09-29,26.33,26.53,25.96,26.13,1994624,32.8,,Z2G,MARKUP,0.019542018791614917,-0.027540007443245362,-0.07406094968107724,-0.0895470383275262,0.4118993135011442,-0.03594399474077248,-0.021049229995674823,0.0851991910217289,1.0,0.0,-0.029532710280373853,1.0033806504406773,True,Energy,0.8024407207043025
PEBO,2026-09-29,39.11,39.33,38.53,38.87,242295,41.5,,Z2,MARKUP,0.015900982497033613,0.0007723995880533074,-0.012700025400050774,-0.08087018207614094,0.28301886792452735,-0.01271321193763053,-0.01242176599106215,0.07651205459136312,1.0,1.0,-0.008778724502969126,0.9629897169978512,True,Financials,0.8025212663827628
PHVS,2026-09-22,35.82,36.27,34.9,35.2,587165,43.8,,Z2G,MARKUP,0.055838117837054106,-0.07514450867052025,-0.056553202894666255,-0.18612716763005777,0.3143100511073255,-0.037620069589460625,-0.008280043948954652,0.14499962729530336,1.0,0.0,0.03254437869822491,0.6968778037162114,True,,0.8027205954057273
PNR,2026-09-21,56.28,56.68,55.27,55.78,1739677,26.3,,Z3,MKDN,0.029858653236260798,-0.007119971520113899,-0.13385093167701867,-0.2845048742945099,0.0224768620537681,-0.051360640416019954,-0.1184241413504099,-0.29301575964355964,0.0,0.0,-0.012859439185568866,0.7862393512071303,True,Industrials,0.8027763678939945
ALGM,2026-09-30,36.64,37.05,36.15,36.35,2098707,48.3,,Z2,ACC-TR,0.0478386614139932,0.035317573340928554,0.02480969833662261,-0.37841997264021887,0.14258039519566063,0.007885346175632524,-0.06758611899031852,-0.08630856530266895,0.0,0.0,0.03917967554331203,1.0311351319486401,True,Technology,0.803406689911361
NX,2026-09-24,19.79,19.88,19.11,19.28,367509,43.1,,Z2G,MARKUP,0.05211402104427762,-0.06134371957156759,-0.0272452068617558,-0.17359622803257602,0.483418367346939,-0.052374656919447427,-0.031203339530125773,0.035306772507666784,1.0,0.0,0.09199999999999986,0.9016355723111937,True,Materials,0.8035943608617762
CXW,2026-09-28,32.05,33.18,30.66,31.69,2477698,43.3,,Z2G,MARKUP,0.056248359827980085,-0.022215365627892503,-0.0627033422064478,-0.1329685362517099,0.3962732919254661,-0.050638400026007724,-0.02175666008467836,0.19720288527260066,1.0,0.0,-0.037188780334068694,1.1260619857006091,True,,0.8037053357787185
DCH,2026-09-22,6.06,6.06,5.91,5.91,2188342,41.0,,Z6,MKDN,0.04982012249970233,-0.031147540983606503,-0.0851393188854489,-0.21618037135278512,0.3778625954198474,-0.05494820740098927,-0.04810761467943414,,0.0,0.0,-0.03642384105960261,1.3615381129891184,True,Industrials,0.803919537953408
COLL,2026-09-28,22.62,23.17,22.36,22.63,687041,32.6,T1G,,MKDN,0.04607539430304801,-0.01779513888888895,-0.10729783037475349,-0.4120550792413614,0.05819477434679336,-0.040927098404548,-0.1542095358707779,-0.31414786067740263,0.0,0.0,0.0055427251732103056,0.7468699132880919,True,Healthcare,0.8042046883938815
SSNC,2026-09-28,77.93,78.47,77.12,78.0,1444610,40.9,T5,,MARKUP,0.02153911005753373,-0.029850746268656803,-0.06497242867417885,-0.08192090395480223,0.664416586306654,-0.024808180553977266,-0.005442641133231563,0.02623708550533843,1.0,0.0,-0.02044963800330246,0.9224215334395341,True,Technology,0.8044357161328025
TFIN,2026-09-25,61.3,62.17,61.1,61.45,203342,23.4,T1,,MARKUP,0.03017438900645267,-0.02491272611869244,-0.14557842046718572,-0.2642480842911876,0.04500216356555631,-0.06277101816637554,-0.11631257626733427,-0.08966131503904262,1.0,0.0,-0.02280815270139125,0.9254089302722195,True,Financials,0.8044794770827542
TREE,2026-09-21,25.71,27.0,25.63,26.96,438166,38.7,T1,,MKDN,0.047024001783088014,-0.028818443804034644,-0.12524334847501617,-0.42929720575783237,0.06500691562932227,-0.03901171749970023,-0.14915658162569856,-0.3245162419196176,0.0,1.0,-0.028147584632940204,0.7568752160754584,True,Financials,0.8045557721263236
STVN,2026-09-25,21.26,21.39,20.74,21.13,286239,48.1,,Z2G,MARKUP,0.04133092102172821,-0.026267281105990747,-0.052466367713004614,-0.09118279569892473,0.5470085470085467,-0.012776303848737292,0.016012376281657303,0.07817652311906165,1.0,0.0,0.050658561296859084,0.8552569678868768,True,,0.8045761606961497
MTZ,2026-09-30,211.97,218.51,208.05,213.62,1941798,38.9,T2G,,MKDN,0.05500099799932492,-0.01792938580360426,-0.10145537141414995,-0.4725432098765432,0.050788612240849164,-0.05072086381326901,-0.1708018301498201,-0.25501226891112505,0.0,1.0,-0.015108958837772413,0.9479384020264743,True,,0.8051707535867154
LIFE,2026-09-30,33.91,34.43,33.15,33.57,977129,43.6,,Z2,MARKUP,0.07870315915435777,-0.010026540843408926,-0.040857142857142814,-0.2110458284371327,0.6405124099279424,-0.05949475083896427,0.024792892645977727,,0.0,1.0,-0.031750831569398175,0.8581000814509774,True,Financials,0.80557423313018
AUPH,2026-09-30,16.43,16.44,16.19,16.2,913840,47.3,,Z4,MARKUP,0.026740175951523844,-0.012195121951219523,0.009345794392523255,-0.08988764044943831,0.5348837209302323,-0.012393384278855724,0.0005125214106778131,0.06636494753755917,1.0,0.0,0.019558359621451027,0.9369963762977094,True,Healthcare,0.8055832629544813
GLW,2026-09-28,154.26,155.66,149.26,151.59,7323529,47.6,,Z1G,MARKUP,0.05323989372539783,-0.04648383444458415,0.017519130084575174,-0.26764577998937145,0.40101632608930693,-0.015213806793837437,-0.039129309653606725,0.03580642522537958,1.0,0.0,0.07188509874326754,0.699928112631324,True,Materials,0.8058843701220922
PNW,2026-09-29,90.9,93.43,90.73,93.4,1887897,39.2,T4,,MKDN,0.017916954342027065,0.0025762129669386624,-0.04342482589102825,-0.1597697013314141,0.14983245572044085,-0.012722826015918676,-0.04357154684953435,-0.051120416482972164,0.0,1.0,-0.0281007751937985,1.2533380772546847,True,Utilities,0.805958764632415
GNL,2026-09-25,8.61,8.74,8.55,8.55,3447776,25.7,,Z2G,MARKUP,0.01677010267412268,-0.025085518814139007,-0.06352683461117192,-0.10283315844700935,0.10909090909091003,-0.03590742690799775,-0.04710150398937574,-0.04412055048384744,1.0,0.0,-0.025085518814139007,1.0033823620719573,True,,0.8060851886587826
NOW,2026-09-29,130.83,132.44,128.12,129.94,10065543,45.4,,Z9,MARKUP,0.045770744155208515,-0.05153284671532843,-0.12196770052030548,-0.13141711229946518,0.6614430859307733,-0.038034865400184414,0.012646327833341742,0.02674995103391331,1.0,0.0,0.039957335083688816,0.7925359957653436,True,Technology,0.8061470998358932
GABC,2026-09-30,48.85,49.13,48.15,48.36,143652,38.8,,Z2,MARKUP,0.018598303354686315,-0.005347593582887611,-0.010233319688907061,-0.07409534750143587,0.475609756097561,-0.018055128080873506,-0.014175388274436318,0.06254871812369989,1.0,1.0,-0.0008300477277443097,0.9710314192418845,True,Financials,0.8061747520943263
INDV,2026-09-24,35.71,36.28,35.57,36.0,2221655,51.2,T3,,MARKUP,0.028659657316083758,0.008685906416363132,0.004744627407200719,-0.1404011461318052,0.2776412776412774,0.011829117169658065,-0.016171354960985207,0.045186680587381955,1.0,0.0,0.025192649673977607,1.0544866474648715,True,Healthcare,0.8070519497281003
TTE,2026-09-30,86.12,86.63,85.5,85.5,1892694,36.7,,Z2G,MARKUP,0.01966869388098986,-0.06730664339478565,-0.05368013281682338,-0.08517012625722231,0.4987405541561715,-0.04698996601462235,-0.0338474930887519,0.03825434916788284,1.0,0.0,-0.005813953488372103,1.0367063547086244,True,,0.8074054930257678
AYA,2026-09-28,26.8,27.55,26.32,26.53,1457860,46.1,,Z1G,MARKUP,0.06327964256218835,-0.07496513249651315,-0.05148373257061134,-0.13498532768177374,0.6783216783216783,-0.048466692810510636,0.01893241324755035,,0.0,0.0,0.033372595210051204,0.8296434813363731,True,,0.8081755663721082
HD,2026-09-25,292.69,297.14,291.4,293.2,5969397,31.1,T9,,MKDN,0.02382027688056221,-0.022601506767117918,-0.10775691549252919,-0.18294552041242862,0.0314251991737975,-0.04911627768806659,-0.08573253703584227,-0.13463226410475027,0.0,0.0,-0.024073763621123234,1.2623065424723152,True,Consumer Discretionary,0.8084602028627795
APA,2026-09-30,42.18,42.71,41.35,41.54,5966341,43.8,,Z9,MARKUP,0.03588229266254784,-0.04942791762013743,-0.06230248306997743,-0.12436762225969644,0.59366391184573,-0.0378420735846865,-0.0009429854243331315,0.16847234418620927,1.0,0.0,0.01903114186851207,1.034917440542977,True,Energy,0.8086247615671028
KIDS,2026-09-21,21.9,22.48,21.58,22.35,208083,47.4,T2G,,MARKUP,0.04198077714627624,0.00044762757385852225,-0.1286549707602338,-0.16417352281226616,0.4918981481481483,-0.013662005202785488,0.010725668400713317,0.13049571158463524,1.0,0.0,0.026666666666666616,1.0756223200310562,True,,0.8090739221343575
ABX,2026-09-30,8.03,8.25,8.0,8.06,678683,32.6,T5,,MARKUP,0.05067510319754223,0.03069053708439906,-0.12486427795874055,-0.33333333333333326,0.09843400447427303,-0.07353390335755827,-0.12570269222714747,,0.0,0.0,0.015748031496062964,1.1284435229194716,True,Financials,0.8096723489044773
NMRK,2026-09-25,13.11,13.35,13.02,13.06,2511461,30.1,,Z2,MKDN,0.0388491279426883,-0.0631276901004304,-0.15958815958815953,-0.206079027355623,0.02865329512893974,-0.07809010435721375,-0.11254111671527656,-0.14072955994387282,0.0,0.0,-0.04424778761061943,1.0937970135697748,True,Real Estate,0.8109165951490057
MHK,2026-09-23,119.54,121.69,119.52,119.65,889979,39.7,T12,,MARKUP,0.03594483268075433,-0.06303837118245892,-0.10555430963594237,-0.14718460441910197,0.40626797009775745,-0.053700510600224294,-0.04383626916274297,0.023622078725802353,1.0,0.0,-0.03548785508439689,1.2440942196505542,True,Consumer Staples,0.8115612334584418
PRAX,2026-09-30,284.65,296.27,282.0,291.23,710563,36.2,T1G,,MARKUP,0.05350010500795693,0.03229122359279746,-0.17601290176550466,-0.2583906289788642,0.13132437291327825,-0.05707802440252141,-0.09950687361303345,0.0014903906444740933,1.0,0.0,0.0016310848526586152,1.1315858651450885,True,Healthcare,0.811806974800563
ENOV,2026-09-30,18.51,18.7,18.08,18.27,1942983,37.4,,Z3,MKDN,0.057186710714767705,0.00164473684210531,-0.11008280565026796,-0.42293114339861027,0.06754874651810577,-0.054883103844602266,-0.1545899069548109,-0.24856623278068535,0.0,0.0,0.021965317919075078,0.7358289517710447,True,,0.812338814755729
TECK,2026-09-28,64.1,65.26,64.0,65.16,3286932,45.8,T12,,MARKUP,0.03534703710823332,-0.023966446974236222,-0.06028266512835312,-0.10198456449834625,0.6088794926004226,-0.021687014052628073,-0.004714697697955961,0.12038892363726572,1.0,0.0,0.01410236095705919,1.1113233028665384,True,,0.8123437532789186
CM,2026-09-23,114.05,114.75,111.24,111.45,855541,38.6,,Z2G,MARKUP,0.021158425214783637,-0.013367563739376642,-0.05814248288684187,-0.1074002883229217,0.015418502202643751,-0.031126866318161417,-0.03638119505114357,0.04984947422689068,1.0,1.0,-0.0009878760664571162,1.219226010566461,True,,0.8123547629395745
EQPT,2026-09-25,16.5,17.58,16.26,17.35,4279117,44.8,T9,,MKDN,0.06480526429154881,-0.03771491957848028,-0.051912568306010876,-0.2044933516735441,0.26885245901639365,-0.038590356998718045,-0.07165516174659214,,0.0,1.0,-0.025179856115107757,1.371674626719665,True,,0.8123648786757895
AMCX,2026-09-29,12.05,12.13,11.39,11.54,692381,42.7,,Z2,MARKUP,0.041630810476084947,-0.04470198675496695,-0.08339952343129475,-0.1075019334880124,0.6489898989898988,-0.0389764970956582,-0.009633022571797989,0.17539650563292963,1.0,0.0,0.01969561324977631,0.8783837447077912,True,Communication Services,0.8123666764481702
MDLN,2026-09-30,34.93,35.75,34.48,34.7,9099899,51.8,,Z2G,MKDN,0.037422800329664684,0.011661807580175099,-0.011677584733693958,-0.19189566837447591,0.2803493449781663,0.01416068002622839,-0.016466538826388932,,0.0,0.0,0.07526198793267702,1.0758224772154497,True,,0.8142924172155568
KO,2026-09-30,87.35,87.52,86.07,86.08,15834370,39.5,,Z4,MARKUP,0.01448589717488348,-0.022817572936769226,-0.021818181818181848,-0.06930478970699527,0.4502572898799315,-0.019651469891474593,-0.011341849910507018,0.06127836561308686,1.0,0.0,-0.012052341597796223,0.8942077220093888,True,Consumer Staples,0.8143837052194876
COST,2026-09-21,891.07,899.44,885.5,898.48,2162689,37.9,T6,,MKDN,0.01587328061982343,-0.022232862848374668,-0.051976280414459675,-0.09019290162523408,0.12719255267025992,-0.019265428375298543,-0.038119252264603,-0.0636315250713414,0.0,1.0,-0.0143917723139253,1.2428375265240172,True,Consumer Discretionary,0.8145755928667684
CRVS,2026-09-28,11.66,12.12,11.25,11.87,1206642,37.4,T9,,MARKUP,0.06264244569639348,-0.044283413848631326,-0.16172316384180796,-0.27929568913175473,0.11877394636015313,-0.07998612032596897,-0.1197430583944642,-0.08005068938842164,1.0,0.0,-0.07635467980295563,0.8817071720614862,True,Healthcare,0.815138300459179
EWTX,2026-09-30,39.49,42.12,38.89,40.6,1678338,43.0,T1,,MARKUP,0.05526678896393799,-0.010962241169305664,-0.03905325443786978,-0.16305916305916301,0.3198624247635426,-0.04070233828389469,-0.03661004236963161,0.15758452540361056,1.0,1.0,-0.032898041185334015,1.2410276138490302,True,Healthcare,0.8152593122402787
Q,2026-09-21,121.9,122.54,119.6,121.82,1619803,47.0,,Z5,MARKUP,0.04461204842372873,0.03915380022178616,-0.05477963997517077,-0.2627246868002179,0.18829468960359003,-0.0037534305214282915,-0.056162706847508015,-0.031908412334781255,1.0,1.0,-0.013941586517250526,1.2429779379127277,True,Technology,0.8158204798765648
BBT,2026-09-30,27.79,28.23,27.75,27.99,2057247,28.5,T1,,MARKUP,0.023566004751684543,0.0028663561447508368,-0.07897334649555787,-0.14455990220048898,0.11588785046728929,-0.05116737945841454,-0.07540159031467242,-0.052540891545348356,1.0,1.0,-0.01864467551093585,1.1861346902401952,True,Financials,0.815904682871944
CIEN,2026-09-30,354.92,359.98,340.52,351.82,2656617,47.1,,Z9,MARKUP,0.06151121243245134,-0.011491669242224223,-0.023617239752449115,-0.2756284873067183,0.23102992704922728,-0.010540420599119749,-0.06729554000912086,-0.041325811699097215,1.0,0.0,0.0889922978177149,0.6763198345542828,True,Industrials,0.8163694614818399
GHRS,2026-09-23,28.13,28.13,25.67,25.96,178832,36.9,,Z6,MARKUP,0.048620260189360893,-0.06450450450450451,-0.1023513139695712,-0.17430025445292618,0.14906832298136657,-0.06719258982911724,-0.055579717584558264,0.16972372358848697,1.0,0.0,-0.02985638699924409,1.1622582598598865,True,,0.816632534479944
OCFC,2026-09-25,16.96,17.23,16.93,17.1,995144,27.7,T1,,MKDN,0.023066857088264652,-0.04308897593732508,-0.09475913181577544,-0.1584645669291338,0.09550561797752809,-0.05562143424420163,-0.08230338064955489,-0.08280829587818839,0.0,0.0,-0.05842696629213473,1.133922963800855,True,Financials,0.8166563004379442
TRU,2026-09-25,67.48,70.1,67.03,69.17,1919449,31.5,T4,,MKDN,0.037966125920757654,-0.04500897418196892,-0.18306365891106646,-0.2002543646664353,0.10996916752312443,-0.07959762988323993,-0.10177516059755576,-0.10652298864214471,0.0,0.0,-0.06565374965151927,0.8139298068180787,True,,0.8179256219989247
GPRK,2026-09-30,10.65,10.7,10.4,10.45,665734,43.2,,Z6,MARKUP,0.04342953528533402,-0.05940594059405946,-0.06945681211041865,-0.20411271896420424,0.34313725490196045,-0.04343870886193579,-0.011931278280367108,0.1051384664697339,1.0,0.0,0.09014675052410914,0.8090574439266514,True,,0.818067119988014
STC,2026-09-22,63.27,63.64,62.3,62.89,247483,29.7,,Z10,MKDN,0.028321462865022212,-0.04654335961188594,-0.10067210067210075,-0.14702292147022922,0.051618547681540075,-0.04980051025223908,-0.06365575250741673,-0.07519487680654446,0.0,0.0,-0.03694543206059675,1.2458176670378813,True,Financials,0.8183361569577507
HLF,2026-09-21,11.92,12.03,11.73,11.92,1007988,47.0,,Z7,MKDN,0.04649589455914407,-0.010788381742738662,-0.057707509881422925,-0.11507052709725318,0.49346405228758156,-0.012385544979292895,-0.028180766242560273,-0.06331439022906193,0.0,0.0,0.10566762728146006,0.8951454371227837,True,,0.8187545385925868
FNV,2026-09-28,247.5,251.71,244.56,245.81,788861,40.9,,Z2G,MARKUP,0.033018609919693805,-0.06064659125649652,-0.07645776976254892,-0.10281772392145416,0.6420129622569576,-0.0511236585632282,-0.014158503795996924,0.060535705088875735,1.0,0.0,-0.0387170315632247,0.8043177583311816,True,,0.8187710780029732
CPT,2026-09-28,98.16,98.69,97.0,98.4,1455269,29.4,T2G,,MKDN,0.017887031428582795,-0.004250151791135304,-0.07475317348377986,-0.17869960771221094,0.06588132635253076,-0.03142534692594545,-0.06523996799638843,-0.08463014231936972,0.0,1.0,-0.014143264143264167,1.2319064602922003,True,,0.8189215990888417
DOCS,2026-09-28,26.04,26.71,25.33,26.2,3035534,53.6,T10,,MKDN,0.04347145949536442,-0.023845007451564815,-0.019827908716797626,-0.345,0.31411530815109345,0.00978120012748862,0.05157127028411934,-0.1144231937790321,0.0,0.0,0.05762004175365343,0.917322207733657,True,Technology,0.8191268333346323
RBCAA,2026-09-30,92.22,93.28,91.22,91.7,101907,35.9,,Z2G,MARKUP,0.02015371432559598,-0.01746490946105217,-0.031781226903178084,-0.1029152807669732,0.28581126951799096,-0.026758728901677298,-0.022219055241104457,0.08814351114484409,1.0,0.0,-0.008478260869565268,0.6839724704156926,True,Financials,0.8194196838244577
GNK,2026-09-23,26.72,26.76,26.0,26.44,456519,46.9,,Z2G,MARKUP,0.033957534608255006,-0.03574033552151712,-0.03221083455344065,-0.06966924700914845,0.5619469026548675,-0.02048470438015526,0.0056929703249211094,0.12941382123926481,1.0,0.0,0.02281667977970092,0.991556354604064,True,Industrials,0.8201859864782667
LUMN,2026-09-24,6.05,6.05,5.82,5.86,12707470,35.8,,Z2G,MKDN,0.05884866645830898,-0.095679012345679,-0.0377668308702791,-0.23498694516971275,0.1044776119402985,-0.09070921895997619,-0.11667759873293226,-0.17861542035005606,0.0,0.0,0.030088495575221197,1.103235027021297,True,Communication Services,0.8202652401264005
SFM,2026-09-30,65.57,66.66,64.92,66.35,2396308,37.2,T2G,,MKDN,0.04411745307675828,0.0042379294687453495,-0.1789382502165574,-0.28900557222460355,0.14217557251908375,-0.05560449369207909,-0.11881453725082114,-0.22475648193626796,0.0,1.0,-0.060716454159077005,1.1571379321339652,True,Consumer Staples,0.8205550576116502
MD,2026-09-30,26.14,26.51,25.64,25.73,779502,44.3,,Z4,MARKUP,0.03228144082680933,-0.005027068832173187,-0.027956176803928923,-0.06640058055152387,0.6310483870967744,-0.01742085527920867,-0.012659229592974164,0.09989850917055687,1.0,0.0,0.011914217633042234,0.8424038514420923,True,Healthcare,0.8205664683117161
CCB,2026-09-25,43.75,45.22,43.42,44.82,183836,38.8,T1,,MKDN,0.043489532023892115,-0.025016314988035693,-0.04107830551989733,-0.45863026935620244,0.17778258986574275,-0.03940051661600252,-0.14276410027192998,-0.3755984755650087,0.0,0.0,-0.031236055332440893,0.8165006480199145,True,Financials,0.8208589586806624
VRTX,2026-09-21,506.85,514.1,501.01,510.72,906571,42.9,T3,,MARKUP,0.023620568529626414,-0.016919789801928653,-0.06811422315482152,-0.08840696117804547,0.48000000000000026,-0.02310406617886407,-0.003961558767553108,0.07415370014261913,1.0,1.0,-0.003024695043082004,1.1566137249664055,True,Healthcare,0.8210002559222033
LQDA,2026-09-25,71.6,71.81,67.55,68.43,967527,46.6,,Z3,MARKUP,0.04770691140320358,0.023175837320574377,-0.021589934229339303,-0.2689883559448776,0.18113821138211406,-0.009456669226674097,-0.03891142456863583,0.1984977172859237,1.0,0.0,0.04581609926821506,0.8114615180100584,True,Healthcare,0.821396847032817
TMP,2026-09-30,97.21,97.99,95.64,96.25,140466,43.7,,Z2,MARKUP,0.023854462731782947,-0.004550625711035261,0.0073260073260073,-0.061707935270033154,0.4711779448621555,-0.01692073467657651,-0.008737727407474583,0.09545345928051518,1.0,0.0,0.008967190631923083,0.9054409300015163,True,Financials,0.822624792780864
TRV,2026-09-25,361.68,364.03,359.68,363.04,807568,43.1,T6,,MARKUP,0.019021569988043593,-0.030911323474454022,-0.01703083962851637,-0.089417843437257,0.5136425648021832,-0.015832627402695643,-0.0014524032673702836,0.10905106243117313,1.0,1.0,-0.0015283296746047004,0.881663212328824,True,Financials,0.8231119225453859
MA,2026-09-30,562.26,563.0,551.43,551.47,5035378,37.4,,Z2G,MARKUP,0.016584493411485927,-0.015091441634519143,-0.050989502667355024,-0.08276366781431399,0.4222015791918255,-0.02760624640205489,-0.01975261403725559,0.014834686494089588,1.0,0.0,-0.0030553948510270157,1.1570866355758285,True,Industrials,0.8236537806889033
ADC,2026-09-29,67.1,67.78,66.78,67.65,1665855,24.4,T4,,MKDN,0.015984214894493837,0.00490196078431393,-0.06366782006920413,-0.17298288508557447,0.07516339869281084,-0.026296692858594484,-0.06304296891982197,-0.09274830205441653,0.0,1.0,-0.00967982129560696,1.0953295263756435,True,,0.8239311434881109
LNT,2026-09-21,65.62,65.7,64.76,64.97,3064316,27.8,,Z2,MKDN,0.01676163319469679,-0.029139270771069925,-0.042587680518714977,-0.1756122319502602,0.014946619217081408,-0.03588668826760977,-0.06336197241847086,-0.07187738073253702,0.0,0.0,-0.02966736589751262,1.1922383491828954,True,Utilities,0.8242839346523817
HGV,2026-09-29,36.37,36.68,35.35,35.78,1997868,28.0,,Z3,MKDN,0.039025086065021905,0.005903851560303597,-0.15633105399669878,-0.3295859096870901,0.06236673773987217,-0.05945768258993789,-0.1430402383713698,-0.20061983440098496,0.0,1.0,-0.00972818311874113,1.0983481810802458,True,Consumer Discretionary,0.8242870649304033
PM,2026-09-21,188.0,188.48,185.84,187.48,5695023,46.8,,Z12,MARKUP,0.023867974179478595,-0.03787334496561645,-0.003984487063698694,-0.09761262995764342,0.36624999999999996,-0.010325085447274396,-0.0025938493602086776,0.04588382118322709,1.0,0.0,0.026683608640406753,1.1496686564112997,True,Consumer Staples,0.8243992969223027
TRAX,2026-09-30,36.74,37.31,35.32,35.44,610640,41.1,,Z6,MARKUP,0.08288145568147727,-0.03327877795962897,-0.13917901384503284,-0.28992185934682424,0.5298895386614685,-0.07360517296417779,-0.06477979307154091,,0.0,0.0,-0.054663285432516306,0.9144735084404243,True,Healthcare,0.825478956206461
PFG,2026-09-30,113.83,114.4,111.91,111.96,1233077,42.5,,Z2G,MARKUP,0.022762247623067465,-0.017205056179775302,0.023774689100219515,-0.07608516256808062,0.38120805369127453,-0.021679184324634004,-0.010765913352062895,0.08732473551056641,1.0,0.0,0.030004601932811736,0.8042622500903566,True,Financials,0.8264145010237045
FROG,2026-09-28,86.74,89.22,85.03,88.81,1560534,46.5,T5,,MARKUP,0.05912580322351691,-0.03467391304347822,-0.1005671460401053,-0.1602685325264751,0.4958358120166567,-0.02659506121782884,-0.002329952140597391,0.2216147129189583,1.0,0.0,0.04101371204701265,0.8904963680520294,True,Technology,0.8273402053502728
MRX,2026-09-30,72.0,72.08,69.49,69.76,795595,45.1,,Z1,MARKUP,0.04547236740459824,-0.025562229361642652,-0.039383090057835246,-0.11818986221716588,0.5325000000000003,-0.031810986141703856,-0.0004918027871655406,0.21900340044334543,1.0,0.0,0.0365453460620524,0.8631110511765896,True,,0.8273418987587814
CHE,2026-09-30,512.16,514.5,503.36,505.07,155939,43.9,,Z4,MARKUP,0.025708884280357155,0.0140135316910599,-0.01960517887299329,-0.09323159784560142,0.38602506502719297,-0.011212506037357128,-0.00900280146036292,0.06086243858562912,1.0,1.0,-0.0042511842584720405,1.1329001660442044,True,Healthcare,0.827505196579584
RUN,2026-09-23,8.74,8.77,8.32,8.35,8922251,40.2,,Z2G,MKDN,0.05605118399335797,0.0096735187424426,-0.09140369967355821,-0.4181184668989547,0.025974025974025997,-0.05153464997640189,-0.1407511277533129,-0.32696487505911564,0.0,0.0,0.01587301587301604,1.1217538135258962,True,Industrials,0.8278404290705164
SLF,2026-09-30,78.81,78.83,77.94,77.97,354514,38.2,,Z2G,MARKUP,0.014686713360096942,-0.024887443721860913,-0.00025644313373507366,-0.0759658686892628,0.10098176718092557,-0.022758617394981084,-0.020185035575083443,0.06166622743457584,1.0,0.0,0.008932038834951417,0.7620838044063228,True,,0.8278817178280663
AMBA,2026-09-28,71.59,72.03,68.11,68.68,1213153,49.3,,Z1,MARKUP,0.06433208529543366,-0.0024691358024689913,-0.027608664873283173,-0.24808408145390848,0.317880794701987,0.0023955502869299483,-0.023160891466032396,-0.016409264150191394,1.0,0.0,0.09514796971782524,0.8811134374657424,True,Technology,0.827957479183141
SEDG,2026-09-30,32.0,33.33,31.6,31.87,2754957,42.0,,Z10,MKDN,0.07451114257708902,-0.044377811094452824,-0.019082794706063444,-0.45099052540913,0.08269096005606166,-0.053339228220525614,-0.13515156353921332,-0.21103711448495843,0.0,0.0,0.028084252758274753,0.7904750635775584,True,Technology,0.8284835139729104
FSM,2026-09-28,11.07,11.4,10.93,11.21,4157976,44.9,T12,,MARKUP,0.04430200609256623,-0.04676870748299311,-0.08564437194127239,-0.1336939721792889,0.6553784860557771,-0.04193792709951949,0.010227993416489056,0.12304576687770274,1.0,0.0,-0.030168589174800364,1.0828242164039954,True,,0.828897353572126
SHO,2026-09-23,11.03,11.1,10.95,11.03,1965429,46.3,,Z7,MARKUP,0.018424864342585803,0.0027272727272726893,-0.029049295774647876,-0.07698744769874477,0.4457831325301206,-0.003174404042067591,-0.008740225148113567,0.0545772859623197,1.0,0.0,0.007421150278293043,0.9995271859644802,True,Consumer Discretionary,0.8290346383596744
SEIC,2026-09-30,103.51,104.38,102.65,102.66,598992,36.8,,Z2,MARKUP,0.019820204822987443,-0.02070018124582662,-0.06280810662771596,-0.08461881408827476,0.5177845528455282,-0.0265202732334332,-0.014276628563286375,0.08851543515315341,1.0,0.0,0.011629052922045968,0.7677381813582078,True,Financials,0.8294579738883976
ATEX,2026-09-30,80.23,80.42,77.69,78.5,424305,39.0,,Z2,MARKUP,0.05779688982863059,-0.06525363181709931,-0.12339475153545498,-0.30530973451327437,0.11196911196911184,-0.04870953174239645,-0.07769094465229187,0.19785285871603664,1.0,0.0,0.04774106540795664,0.775298222702344,True,Communication Services,0.8298868614927043
ECPG,2026-09-23,96.91,97.1,93.6,94.47,227364,41.3,,Z2G,MARKUP,0.038828627781593995,-0.05302726543704894,-0.07708089097303639,-0.10011430748714045,0.5280646609788954,-0.03873585664064527,-0.01648819600309659,0.18745125130283347,1.0,0.0,0.008620689655172376,1.1080316203058718,True,Financials,0.8305703027235922
IT,2026-09-24,179.88,181.9,176.04,179.32,854897,47.0,,Z5,MKDN,0.04598396625665167,-0.0451544195953143,-0.07068822553897192,-0.11678077131458409,0.6806734006734005,-0.025066847218034538,0.012966490976425327,-0.049277283092854396,0.0,0.0,0.06041804710559595,1.127493845110898,True,Industrials,0.8306125835855683
AYI,2026-09-28,300.08,314.2,299.49,305.91,638968,41.2,T12,,MARKUP,0.03292557412571094,-0.001794687724335775,-0.08727175080558536,-0.16713857881840455,0.14187866927592999,-0.030686930167957094,-0.055353514270109594,-0.038295458474382316,1.0,0.0,0.012611576954287385,1.3549870961594752,True,Industrials,0.8306830400769281
UBS,2026-09-21,51.47,51.51,50.73,51.06,1371069,37.5,,Z11,MARKUP,0.019178854851584718,-0.03642196640875639,-0.04184650028147863,-0.08788853161843502,0.29613733905579426,-0.03461718638805045,-0.028474420949588852,0.0719091083574177,1.0,0.0,-0.05491384207536465,1.101821988966544,True,,0.8312134365540482
FDXF,2026-09-28,112.79,113.59,110.5,112.3,1557718,28.3,,Z2G,ACC-TR,0.04502492685622433,-0.04506802721088432,-0.15848632446609212,-0.293843928818462,0.03709045950958164,-0.08515135789680761,-0.15080670946025765,,0.0,0.0,-0.047660087908299564,0.9296000529154076,True,,0.8318757507475735
WULF,2026-09-25,16.35,16.39,15.36,15.74,25037594,45.7,,Z4,MARKUP,0.07319510074964339,-0.07466196355085253,-0.045482110369921114,-0.3741550695825049,0.13748854262144825,-0.03810851842736307,-0.09368087291304561,-0.0908649652472191,1.0,0.0,0.0786516853932584,0.9204617721303915,True,Financials,0.8320118842239508
BHVN,2026-09-28,12.82,13.42,12.49,13.27,2046968,45.6,T4,,MARKUP,0.07948560184222124,-0.06680731364275672,-0.13887086307592478,-0.27247807017543857,0.21236133122028528,-0.03881098858847132,-0.04923651644521976,0.02358484171228148,1.0,0.0,0.046940486169321005,0.7400525980423888,True,Healthcare,0.8320558070884807
WDAY,2026-09-22,196.29,197.0,187.72,188.23,1977523,49.6,,Z6,MARKUP,0.04615015353832494,-0.012796979073792403,-0.05483304042179271,-0.17257901446217427,0.6364478192425224,-0.014363715615063888,0.050830729645696904,0.10900927302906305,1.0,0.0,0.00038140903394534575,0.9896097382811231,True,Technology,0.8325537954854797
BNL,2026-09-25,18.89,18.95,18.77,18.91,1263732,22.0,T3,,MARKUP,0.019795480616856168,-0.015104166666666585,-0.10506389020350204,-0.18138528138528143,0.04988662131519248,-0.04759153907886138,-0.07720708279716271,-0.05034278956767324,1.0,0.0,-0.018382352941176405,1.001147870717159,True,,0.8335567974513588
IEX,2026-09-21,224.2,225.24,220.77,222.53,708086,42.4,,Z3,MARKUP,0.020692461746681774,0.0017556495903485736,-0.050599428303255145,-0.08724364232977855,0.24814422057264068,-0.012841311098555575,-0.01627110447418889,0.056339801280676616,1.0,1.0,-0.0006375808361417379,1.187333382401306,True,Industrials,0.8336880134013839
SSRM,2026-09-30,34.43,34.44,33.15,33.32,2232848,41.5,,Z6,MARKUP,0.04605691833278452,-0.0820936639118457,-0.07005302818866865,-0.15517241379310343,0.5992141453831041,-0.0600841847815049,-0.023084886898990464,0.13865110484386411,1.0,0.0,-0.029282576866764276,0.836001380740781,True,,0.8337827615598453
SHLS,2026-09-25,7.55,7.74,7.46,7.47,2622171,48.4,,Z10,MKDN,0.06569336900805005,-0.017105263157894735,0.006738544474393482,-0.3609923011120616,0.1692913385826771,-0.0031462867797653615,-0.06240131740212873,-0.09959217163113676,0.0,0.0,0.09833585476550666,0.8599943777826862,True,Technology,0.834068160453597
DNOW,2026-09-30,15.81,15.89,15.49,15.5,2120644,46.4,,Z2,MARKUP,0.028466240651385807,-0.013367281985996238,-0.023929471032745675,-0.09883720930232553,0.6213808463251671,-0.01663233061861158,0.008016933612738475,0.08281512725416706,1.0,0.0,0.013080444735121155,0.7911224334705574,True,Industrials,0.8347045795176536
ESNT,2026-09-29,63.19,63.79,62.49,63.24,819059,25.6,T5,,MARKUP,0.020313076216375403,-0.037442922374429255,-0.06394316163410307,-0.10132158590308371,0.09517766497461926,-0.045815306585459736,-0.04846132715272178,-0.005620635889524772,1.0,0.0,-0.048713655046430104,0.9571552489321207,True,Financials,0.835569974856478
IMKTA,2026-09-25,84.11,84.47,83.12,83.77,103265,50.1,,Z9,MARKUP,0.021378987864039897,0.012448634276045478,0.01835643082907845,-0.10882978723404257,0.26030368763557443,0.004423855393263398,-0.013699052453524985,0.0039047553347140163,1.0,0.0,0.0238243732069352,0.835687426198981,True,Consumer Staples,0.8357222335525519
SMR,2026-09-24,8.52,8.61,8.31,8.47,33522435,44.3,,Z2G,MKDN,0.07965959080038791,-0.06305309734513254,-0.08629989212513478,-0.2550571679859278,0.3028846153846156,-0.06101568047349326,-0.08990469623979425,-0.3951548469271319,0.0,0.0,0.023631840796020098,1.0893979298615166,True,Industrials,0.835797436467656
HST,2026-09-29,22.68,22.88,22.28,22.44,6103001,50.4,,Z3,MARKUP,0.020060701381458688,0.007181328545780907,0.023255813953488413,-0.12718786464410736,0.2214285714285714,0.004958795752905365,-0.010659025036126035,0.04782622452070506,1.0,0.0,0.02092050209205021,0.8900937558579368,True,,0.836920415855368
PZZA,2026-09-29,20.19,20.5,19.9,20.33,1006137,37.0,T2G,,MKDN,0.04120017019390539,-0.0034313725490195957,-0.1341567291311756,-0.43069168300196026,0.06219512195121948,-0.03912782742257803,-0.15730632132771216,-0.3628034926950683,0.0,1.0,-0.015298317185109656,0.8762881958800784,True,Consumer Discretionary,0.8372491483700998
NHC,2026-09-30,224.21,224.3,219.51,219.51,116839,44.4,,Z2,MARKUP,0.028861514512215566,-0.02383599412994175,0.002466091245376001,-0.08266120606795102,0.4588235294117644,-0.01889712179705716,-0.005751316430134268,0.16268771660346015,1.0,0.0,0.025029185150595268,1.0322305931944569,True,Healthcare,0.8375611221625077
NBHC,2026-09-29,39.71,39.89,39.11,39.23,385704,26.2,,Z2,MARKUP,0.01782128788417018,-0.022670652715495843,-0.049891014773552955,-0.1702622673434857,0.014687882496939707,-0.03722426546973978,-0.0584543967085952,-0.04984638204579983,1.0,0.0,-0.022738630684657757,1.1599014177739715,True,Financials,0.8376249248200692
MAMA,2026-09-25,13.28,13.61,13.12,13.35,1023848,36.3,T10,,MARKUP,0.05680875300677655,0.010598031794095242,-0.16666666666666663,-0.32164634146341464,0.06911764705882337,-0.07510597201034475,-0.14265038024882115,-0.10853324424214572,1.0,0.0,0.012422360248447006,0.7019160801966063,True,Consumer Staples,0.8378022266575628
VELO,2026-09-28,11.1,11.43,10.89,10.97,786539,45.7,,Z1G,ACC-TR,0.07533536606221551,-0.02488888888888885,-0.07582139848357194,-0.3770584894946053,0.2790445168295332,-0.02410313453842805,-0.10869710919529219,-0.13026635485980698,0.0,0.0,0.09657320872274133,0.9503913391204578,True,Industrials,0.8379246991885071
NGVT,2026-09-30,71.42,71.42,69.81,70.75,406178,50.5,,Z2,MARKUP,0.02861108420880721,-0.013937282229965153,0.032695956794628334,-0.10499683744465527,0.3423137876386685,0.002877020133431163,-0.004709328073500774,0.03900486667377079,1.0,0.0,0.05088062622309186,0.9676015704483297,True,Materials,0.8380216948434985
CHCO,2026-09-30,139.78,140.06,138.39,139.12,116220,37.9,,Z2G,MARKUP,0.01736680629765671,-0.0009335727109515135,-0.021934758155230605,-0.06624605678233442,0.49668536460989304,-0.018848493134618227,-0.01473030860856539,0.051672826577105146,1.0,1.0,-0.0006499133448873984,1.0215857255001803,True,Financials,0.8380390002009936
SIBN,2026-09-21,18.19,18.55,17.82,18.45,771146,48.4,T2G,,MARKUP,0.036536765695037075,-0.013368983957219305,-0.07565130260521047,-0.09113300492610843,0.5934065934065932,-0.006603281811318973,0.015836698051050924,0.0997109633865878,1.0,1.0,-0.009449694274596854,1.0757526210614945,True,,0.8400716269590311
WPM,2026-09-25,143.95,144.66,141.9,142.92,1955078,46.1,,Z2,MARKUP,0.0398868090486442,-0.0535726110853586,-0.09538578391037422,-0.1280048810250154,0.6632964211202051,-0.03497111221622373,0.013594142506689888,0.11107476537135152,1.0,0.0,-0.01610775532875086,1.0855022025056122,True,,0.8404148718148672
ICLR,2026-09-23,167.77,169.28,163.41,163.9,1064858,46.6,,Z2,MARKUP,0.039447357247971535,-0.057721053236748254,-0.029660766088449364,-0.12183883411915974,0.36462699077954774,-0.018506719017825968,-0.0028263193981389323,0.07736317269498882,1.0,0.0,0.037587747287811224,1.2270140526947049,True,,0.8410889309324696
PICS,2026-09-22,9.84,9.89,9.36,9.56,193786,39.0,,Z3,MKDN,0.0708029343738484,-0.013415892672858476,-0.12293577981651371,-0.30472727272727274,0.06681514476614715,-0.06910387253220251,-0.1158801133806241,,0.0,0.0,-0.04140786749482406,0.5977198700368472,True,,0.8411932743277191
VOR,2026-09-30,18.54,19.81,18.38,19.08,1069918,37.1,T1,,MARKUP,0.0696422090424437,-0.014971605575632596,-0.15724381625441708,-0.2661538461538462,0.258306538049303,-0.08326273247332505,-0.09207782034361434,0.022911012876588588,1.0,1.0,-0.07252514557967182,0.916206375384549,True,Healthcare,0.8412882171236093
CTS,2026-09-30,59.4,59.51,58.52,58.69,179174,50.3,,Z2,MARKUP,0.026646990711907428,-0.009284267386900802,0.04356330014224752,-0.13678482129724956,0.2824074074074073,0.0026396486369419936,-0.009485086023471312,0.048574320754775524,1.0,0.0,0.052153370888606165,0.8778588343475138,True,Technology,0.8414157730148979
ALKS,2026-09-30,40.94,40.94,39.91,40.52,2527216,28.0,,Z3,MARKUP,0.03600646621272751,-0.0382150486589129,-0.1415254237288135,-0.2619307832422586,0.04515272244355909,-0.07373860840528634,-0.11541232873748652,-0.011849197948222145,1.0,0.0,-0.03371331554693169,1.1578106779835808,True,Healthcare,0.8414502877434233
LBTYA,2026-09-21,9.97,10.09,9.91,9.99,3669507,36.9,T9,,MKDN,0.03043675933833575,-0.057547169811320686,-0.06197183098591552,-0.14542343883661246,0.24778761061946927,-0.04269340861276849,-0.06050112267122154,-0.09892197641086153,0.0,0.0,-0.03522504892367917,1.3422334235917512,True,Communication Services,0.8416937549751904
ASAN,2026-09-28,8.76,8.84,8.29,8.64,8528727,43.4,,Z2G,MKDN,0.07052768460115358,-0.0943396226415093,-0.15210991167811572,-0.1779257849666983,0.5394088669950741,-0.06591659013007312,-0.032145498371665804,-0.06256176220264431,0.0,0.0,0.024721878862793423,0.8577537231195631,True,Technology,0.841814314540019
FSUN,2026-09-29,39.52,39.57,38.5,38.62,347591,42.2,,Z2,MARKUP,0.02203961394464186,-0.018551461245235212,-0.034741314671332235,-0.06579583938074518,0.6690997566909971,-0.022324588342742313,-0.014360708035206726,0.021192805908563095,1.0,0.0,-0.011099638616417162,0.7861517674599096,True,Financials,0.8423648402913845
AEE,2026-09-21,102.03,102.37,101.53,101.83,1852607,28.4,,Z2G,MARKUP,0.016230431979183425,-0.02058286044051172,-0.04051634787524727,-0.13936781609195403,0.017867778439547188,-0.030910683824313723,-0.05063079480667376,-0.052056739879440594,0.0,0.0,-0.021586200250554022,1.20081594529093,True,Utilities,0.8423711662299416
SRCE,2026-09-30,85.12,85.17,84.16,84.5,130106,40.8,,Z2,MARKUP,0.015937138404509554,0.001422137947380886,-0.004711425206124886,-0.07609884102339814,0.3846153846153845,-0.014833925374116763,-0.009340142018589348,0.0941734239573142,1.0,0.0,0.0015470665238603853,0.9656314169010543,True,Financials,0.8427863531888915
GDYN,2026-09-28,7.56,7.74,7.55,7.59,574767,45.5,T12,,MKDN,0.03624675616079137,-0.014285714285714346,-0.04767879548306142,-0.09964412811387902,0.7209302325581396,-0.025717821448406064,0.013943831117338545,0.029217954905915056,1.0,1.0,-0.005298013245033095,0.7291141150649347,True,Technology,0.843045040104658
WSC,2026-09-28,17.9,18.16,17.52,17.87,3113364,30.6,,Z9,MKDN,0.041356949221835575,-0.01270718232044199,-0.14497607655502387,-0.35440751445086704,0.03634577603143428,-0.05906007358252141,-0.15385520298718203,-0.21473127516784207,0.0,1.0,-0.012972363226170347,1.1845721640829716,True,,0.8441830238157932
MAR,2026-09-21,337.51,343.15,337.02,342.66,1166855,48.8,T2,,MARKUP,0.021653047756288252,0.006461845738119143,-0.038525211145093774,-0.10819040678760117,0.3434933670246368,0.004592554114657199,-0.023232535158742795,0.0010425637377617925,1.0,0.0,0.03564862422486059,1.1433788467938861,True,Consumer Discretionary,0.8448189744418025
AER,2026-09-21,143.24,144.39,142.46,143.0,1228616,46.2,,Z11,MARKUP,0.02093234564368924,0.025677808061971064,-0.02248957550071773,-0.09955292487878598,0.2826678765880214,-0.005509556652353198,-0.01856314510613466,0.009691215699396682,1.0,1.0,-0.013986013986013957,1.1177619965137986,True,,0.8453224297271428
UFCS,2026-09-30,53.76,53.76,52.28,52.59,171412,39.6,,Z4,MARKUP,0.029542993680221445,-0.01866019779809669,-0.02880886426592788,-0.07314064152273525,0.5123384253819041,-0.02289740355201475,-0.010007232850780867,0.14614510232364109,1.0,0.0,0.025191891359968466,0.758868556777572,True,Financials,0.846216089345326
DGX,2026-09-29,235.46,237.62,230.97,231.97,1525872,42.0,,Z1,MARKUP,0.024537267386897595,-0.011884477764525392,-0.03466500208073242,-0.06779456678990514,0.6473662207357859,-0.02607921447962247,-0.006086939105456213,0.1009715989369031,1.0,0.0,0.016414363668368237,0.9489463704593092,True,Healthcare,0.8465952005531092
TRNS,2026-09-24,88.25,88.78,85.32,86.13,182496,48.4,,Z2G,MARKUP,0.040592548408251855,0.009967166979361952,-0.039370956948472036,-0.13870000000000005,0.33699808795411074,-0.005811597730477569,-0.012305679712398265,0.051463215958779784,1.0,0.0,0.038533952554286266,1.2362145237935613,True,Technology,0.8474391723381124
GEV,2026-09-28,953.22,967.0,944.86,949.77,1657708,50.0,,Z2G,MARKUP,0.0378507742296303,0.0037517702014329135,0.041494412948362314,-0.20583808552268512,0.24877170496505835,0.005206509919499336,-0.016493056035846387,0.050646692149880046,1.0,0.0,0.06136481428160079,0.7626086359685974,True,Industrials,0.847538434280229
KNF,2026-09-22,57.01,57.19,54.44,55.82,763607,29.9,,Z5,MKDN,0.04143441650199779,-0.013083451202263063,-0.12315425699026072,-0.39952667814113596,0.056642113284226504,-0.058945417989849314,-0.15103081801142537,-0.2588302388817718,0.0,1.0,-0.030396236656414,1.110850067655019,True,Materials,0.8475798389359005
TTMI,2026-09-29,127.98,128.4,120.12,122.8,2217037,49.3,,Z6,MARKUP,0.06490634257601267,-0.03663607123244683,0.03262697611839882,-0.20676958852787286,0.424487594390507,-8.50236469904786e-05,-0.040952424005531674,0.014647617670072721,1.0,0.0,0.0866429288779329,0.9662423811010337,True,Technology,0.8481022644110524
GD,2026-09-21,352.74,355.05,351.41,353.9,926697,33.6,T3,,MARKUP,0.01842503207237847,-0.008155601020150893,-0.07908090244346733,-0.11525000000000007,0.17160826594788783,-0.026422242734650325,-0.0395797255661392,-0.0006202229490368527,1.0,1.0,-0.0067009284761067045,1.2428748631628406,True,Industrials,0.8482791910273997
CACI,2026-09-30,608.04,617.87,602.65,609.11,269170,46.3,T3,,MARKUP,0.028651639272675635,-0.012275410261399666,-0.03232929812855467,-0.10869342542325755,0.699842405140017,-0.016506762646542716,0.015713749662859655,0.09518777692617975,1.0,1.0,-0.0036537380550871745,0.9409830865283404,True,Technology,0.8489262785175743
MCHP,2026-09-21,74.7,75.17,72.74,74.78,9676343,51.1,T2G,,MKDN,0.03784017505513209,0.046166759932848356,-0.017087276550998953,-0.18735057596174742,0.2591319295229911,0.01736636708508188,-0.028646830028209447,-0.03511228349154416,0.0,1.0,-0.024130589070262665,1.1180270571698447,True,Technology,0.8494436790866707
FIX,2026-09-21,1667.72,1667.72,1606.12,1632.59,337001,50.0,,Z3,MARKUP,0.048686911663625924,0.03145691180187016,-0.013904240733022877,-0.1832190153141119,0.2784837559351418,0.007450571343965651,-0.020523684918111296,0.08163025183855366,1.0,0.0,0.04093031287149751,1.1131087946009037,True,,0.8496891402463477
ZG,2026-09-21,30.51,31.35,30.32,31.13,937962,39.7,T1,,MKDN,0.048004611352791875,-0.07981081879988172,-0.1536160957041871,-0.19037711313394023,0.21035598705501604,-0.06477684193312216,-0.09010850846432594,-0.2862032570201496,0.0,0.0,-0.048818897637795344,1.2050231066063855,True,Industrials,0.8502953150611409
OSS,2026-09-30,8.7,8.79,8.37,8.73,724715,35.1,T9,,ACC-TR,0.06185650370461787,-0.04901960784313719,-0.12437311935807427,-0.4152712659075686,0.06906906906906919,-0.0741477513427029,-0.1906336113792777,-0.19753443944494742,0.0,0.0,0.012091898428053138,0.9046857243764076,True,Technology,0.8506386249684286
IDYA,2026-09-25,36.74,36.98,36.16,36.69,487291,40.5,,Z2,MARKUP,0.03819853728578416,-0.044780005206977336,-0.12161838640172384,-0.14034676663542645,0.309111880046136,-0.04042032799952355,-0.023601493128972972,0.08611889863954625,1.0,0.0,-0.04121767241379293,1.2719501677461127,True,Healthcare,0.8512013939890868
LFST,2026-09-25,11.77,12.04,11.76,11.84,7827715,40.5,T3,,MARKUP,0.04181674807067768,-0.058074781225139205,-0.03739837398373991,-0.16265912305516272,0.4334975369458127,-0.046752978486857,-0.0014137708557272477,0.27938312796081677,1.0,0.0,-0.013434089000839644,0.9086696906714594,True,Healthcare,0.8512056494137424
CNXC,2026-09-25,29.08,29.23,26.7,27.08,2705150,45.4,,Z2G,MKDN,0.07461146100587493,-0.028345891639756093,-0.037326697476004256,-0.19976359338061478,0.4999999999999997,-0.05217906591409438,-0.014632225333308546,-0.12115238542584494,0.0,0.0,0.06289808917197437,1.2217242572782654,True,Industrials,0.8513608879626449
GFS,2026-09-28,48.83,49.06,46.64,47.78,3189964,50.8,,Z9,MKDN,0.04524321585801183,-0.016265184270125577,0.0674709562109026,-0.340601711288987,0.18574727812603112,0.017815565845934245,-0.056975133535969724,-0.09788644697208626,0.0,0.0,0.07686832740213534,1.0119935917883243,True,,0.8513716656216327
BXSL,2026-09-28,24.59,24.63,24.23,24.39,2041211,45.7,,Z1,MKDN,0.015928919961566076,-0.022836538461538436,-0.014545454545454528,-0.04427899686520376,0.5978647686832742,-0.010550916869989657,-0.0012875018680580386,-0.022624173066398745,0.0,0.0,0.0012396694214875659,0.9972587422254264,True,,0.8514838451164473
OBK,2026-09-30,52.46,52.88,51.8,52.25,254588,38.5,,Z2G,MARKUP,0.018318474744730466,-0.010604052262829011,-0.008726996774805595,-0.059744466438725885,0.4007220216606497,-0.020670420391479705,-0.01408736131206767,0.09657469433863941,1.0,0.0,-0.012016021361815787,1.0639872871615654,True,Financials,0.8521298910588233
EOLS,2026-09-24,7.96,8.0,7.79,7.86,362956,44.8,,Z2G,MARKUP,0.04741620376711446,-0.01872659176029956,-0.10478359908883816,-0.1557465091299678,0.6243523316062176,-0.035942760341041824,0.009113837408865288,0.14399270594010183,1.0,0.0,0.022397891963109373,0.6972248035807114,True,Healthcare,0.852161328502153
HRMY,2026-09-30,39.3,39.55,38.72,39.26,667688,41.7,,Z2,MARKUP,0.033153494549058256,-0.03013833992094861,-0.04824242424242431,-0.09726373879052663,0.623665480427046,-0.035531160183483346,-0.00365102309411669,0.1014893040639786,1.0,1.0,-0.003859017236943596,0.6754098045323614,True,Healthcare,0.8523503626784291
TTI,2026-09-30,5.82,5.92,5.78,5.87,2220350,30.4,T9,,ACC-TR,0.04655232742890246,-0.0167504187604689,-0.10107197549770297,-0.39233954451345754,0.025706940874036122,-0.07579348414573861,-0.18317103931001633,-0.27950956247745495,0.0,0.0,-0.02037351443123936,0.9075682747091032,True,Energy,0.8528544563755681
MCD,2026-09-30,234.23,234.97,230.88,230.94,5566394,21.5,,Z4,MKDN,0.02071319570821824,-0.0309667673716012,-0.11554517253264918,-0.1799588097436262,0.0011824990145841991,-0.06204436699306293,-0.10259064980479271,-0.17989720413822097,0.0,0.0,-0.013459812844507146,1.005020302280026,True,Consumer Discretionary,0.8535296143524652
NJR,2026-09-29,50.12,51.01,49.99,50.83,679801,29.2,T4,,MARKUP,0.019879724193462487,-0.035849772382397616,-0.047056617922759725,-0.16480446927374304,0.08150183150183155,-0.03345543542982299,-0.05934056008087785,-0.04994364447213562,1.0,0.0,-0.04567169883432065,1.218896689914466,True,Utilities,0.8542227825823275
MDT,2026-09-25,87.61,88.99,87.12,88.64,13249968,40.7,T3,,MARKUP,0.02336376670681211,-0.03788125474872461,-0.014782705346226499,-0.07095692275442822,0.5881995133819953,-0.02606395374001591,-0.008217249034440544,0.0065559403123345295,1.0,0.0,-0.031354236157438264,1.1278755888506096,True,,0.8542753159139129
CAMT,2026-09-28,144.5,145.46,139.23,142.61,288042,47.4,,Z1G,MARKUP,0.05135712325393908,-0.04691572545612499,0.05192889282289603,-0.19891023480507808,0.31812054689004443,-0.016489120576652083,-0.03750180136251502,-0.02834208563655105,1.0,0.0,0.1042112776588151,0.91359994424781,True,,0.8549644971087288
CNNE,2026-09-30,15.64,15.64,15.24,15.34,631674,48.7,,Z2,MARKUP,0.027649370335010345,-0.02849905003166553,-0.006476683937823857,-0.05308641975308637,0.6055045871559636,-0.007568662149114447,0.008375331532585406,0.022092615714986774,1.0,0.0,0.02008032128514059,0.9999500671146526,True,Consumer Discretionary,0.8550708468616012
ADTN,2026-09-25,6.98,7.18,6.88,7.13,1602253,40.7,T1,,ACC-TR,0.04871723323004621,-0.009722222222222299,-0.08472400513478817,-0.4803206997084548,0.04215116279069767,-0.030564319186025868,-0.16591687213030604,-0.3292859565515788,0.0,1.0,-0.017241379310344862,0.8151956770273293,True,Industrials,0.8556995848877053
LADR,2026-09-25,9.13,9.14,8.97,9.08,1517085,25.1,,Z6,MKDN,0.019829506970546064,-0.03711558854718977,-0.07629704984740593,-0.14258734655335215,0.06790123456790091,-0.04396331579747592,-0.06319568974823131,-0.10173407146540647,0.0,0.0,-0.047770700636942554,1.1536353691886245,True,,0.8557390115785242
STDN,2026-09-24,12.8,13.04,12.22,12.25,265818,42.6,,Z2G,MARKUP,0.08911133112125504,-0.019215372297838318,-0.10583941605839409,,,-0.046115548029432074,-0.01048289834563787,,0.0,0.0,0.039451114922812947,0.660101251867125,True,,0.8558666384566246
STLN,2026-09-30,6.51,6.59,6.32,6.32,946919,45.9,,Z2,MARKUP,0.06073801886464584,-0.07331378299120239,0.06397306397306401,,,-0.025732984933987235,,,0.0,0.0,0.09722222222222232,0.8726609847219047,True,,0.8560385546263205
BBW,2026-09-29,25.5,25.73,25.09,25.45,418907,35.7,,Z10,MKDN,0.05716379619273662,-0.03488813045127048,-0.15923356458539806,-0.3666002986560478,0.08109794135995013,-0.07235775336285366,-0.16632226012824003,-0.3419779909969579,0.0,0.0,0.026086956521739202,0.8341173757556329,True,Consumer Discretionary,0.8566839706155525
BAP,2026-09-30,384.49,385.69,378.87,379.87,376071,48.0,,Z2,MARKUP,0.024281900861098146,-0.014297576418080826,0.01973048426930113,-0.0807743496672716,0.315422477440525,-0.006551165790695146,0.00022661538940060844,0.09508954830280003,1.0,0.0,0.039452385524980205,0.831877432530596,True,,0.8566990323812618
CMS,2026-09-21,65.38,65.41,64.42,64.7,2811708,23.1,,Z2,MKDN,0.016956749706020315,-0.03172702783597714,-0.0522923685366925,-0.1796627361480918,0.01937716262975786,-0.041044692386491555,-0.07163368255790337,-0.10636672146991599,0.0,0.0,-0.032442174827275405,1.1284455025981504,True,Utilities,0.8567288155980112
WAY,2026-09-25,24.39,24.73,24.32,24.7,1260743,48.3,T3,,MKDN,0.043816799508857376,-0.03741231488698371,-0.0217821782178218,-0.09457478005865105,0.6386554621848737,-0.015406429554891576,0.016204969734696872,-0.03556362745212238,0.0,0.0,0.05969498910675375,0.7207051817845753,True,Technology,0.8571976647610797
MATX,2026-09-30,226.37,227.06,219.2,219.64,351387,43.5,,Z1,MARKUP,0.03127975063639756,-0.010229372268036663,0.0017331022530329143,-0.088138830074314,0.5518260502427693,-0.027256221851645,0.00015473872035731695,0.1854965612256365,1.0,0.0,0.002067539627842896,0.977845691425358,True,Industrials,0.857703261284364
KFY,2026-09-22,77.11,77.11,75.08,75.86,352189,30.8,,Z2,MARKUP,0.02675530097352603,-0.025436793422405013,-0.10468547149769858,-0.13312764255513665,0.4481288488867832,-0.04916773239685013,-0.047155724865312165,0.03738167719593832,1.0,0.0,-0.020227065118099907,1.2268814128117511,True,,0.8577042497106978
MANH,2026-09-30,200.23,203.14,198.42,198.7,455377,41.4,,Z3,MARKUP,0.03424646539815371,-0.05547368921424167,-0.08098607834975269,-0.12478527066907463,0.6509794258962669,-0.03782265206716362,0.00572716488294156,0.14142275623631106,1.0,0.0,-0.020604190514109444,0.7710997053361729,True,Technology,0.857856202186096
CASY,2026-09-30,602.87,613.16,599.07,608.46,608429,33.0,T1,,MKDN,0.03788509566040896,0.018667023823475404,-0.20660833735379636,-0.3128550294187399,0.10747768935854897,-0.049242821524579816,-0.14702145464047078,-0.15364430780896943,0.0,0.0,0.025143453312467257,0.771365981633836,True,Consumer Discretionary,0.8585586057306425
HBM,2026-09-30,27.22,28.26,26.59,26.68,5609634,48.6,,Z4,MARKUP,0.048529439464633416,-0.004106009705113878,-0.012583271650629113,-0.13432835820895528,0.6276978417266187,-0.008599315531208962,0.0057365061656635685,0.13378239301608952,1.0,0.0,0.02475649350649345,1.0786512722705404,True,,0.858762360084739
HSTM,2026-09-23,29.01,29.11,28.62,28.76,143633,46.8,,Z2,MARKUP,0.026434660877509317,-0.022433718558803495,-0.0038101835815725904,-0.07553841208614587,0.5154639175257735,-0.010852310779569052,0.009536505013213903,0.10266810450960606,1.0,0.0,0.014570007107320482,1.0653860641649775,True,Technology,0.8589669176095108
WASH,2026-09-29,38.4,38.66,37.54,37.94,104664,38.4,,Z2G,MARKUP,0.02089964541147207,-0.024929324081213067,-0.030411449016100267,-0.06413418845584606,0.5555555555555555,-0.02829088764359211,-0.01847910352293125,0.07995295895241217,1.0,0.0,-0.024174681570054535,0.7583677158651745,True,Financials,0.8592084663845436
KRUS,2026-09-29,38.93,39.88,38.72,39.17,206346,42.5,T1G,,MKDN,0.05108776750760301,0.04872824631860784,-0.1421375383267629,-0.32302108537849983,0.2176642946839683,-0.019096768425492794,-0.10675379942192231,-0.2644034378053237,0.0,0.0,0.0682955549013835,0.9532994946447474,True,Consumer Discretionary,0.8597942735416338
ESQ,2026-09-30,118.38,120.06,116.27,116.37,169391,40.9,,Z2,MARKUP,0.028853039288994863,-0.04111733684904417,0.04311581211903914,-0.1357593761604159,0.24989741485432918,-0.030210666261631824,-0.029282779345398913,0.027656657770757542,1.0,0.0,0.05431628581791803,0.6380294377228346,True,Financials,0.8600156361762599
UPBD,2026-09-22,17.3,17.38,16.66,16.78,979709,28.6,,Z6,MKDN,0.035639615115086856,-0.054647887323943545,-0.12467396974439227,-0.2735930735930736,0.018633540372670957,-0.07364861012850832,-0.11042360572524756,-0.1449119487822268,0.0,0.0,-0.05875706214689258,1.1694612585956095,True,,0.8602049138661705
ACT,2026-09-24,48.0,48.41,47.17,47.25,378082,35.6,,Z4,MARKUP,0.02039753691471277,-0.02537128712871284,-0.03982930298719778,-0.06546677215189878,0.5160818713450291,-0.02731234249353942,-0.015365543220167366,0.07346001299697646,1.0,0.0,-0.01839080459770115,1.110609419863705,True,Financials,0.860432352918388
INTU,2026-09-21,301.53,304.81,295.11,304.12,2947067,38.5,T3,,MKDN,0.04533706453524776,-0.10328763084181036,-0.1713351498637602,-0.18462115931149126,0.39527531395450943,-0.06749933181899981,-0.07002032257767243,-0.25742956954007845,0.0,0.0,-0.04741768883150421,0.9783333014715588,True,Technology,0.8612862053099761
BTG,2026-09-30,5.38,5.39,5.21,5.22,21507395,48.0,,Z4,MARKUP,0.04288486963181297,-0.024299065420560706,0.0038461538461538325,-0.11525423728813566,0.708154506437768,-0.022555862944603766,0.024425499524821204,0.10966207862247757,1.0,0.0,0.017751479289940697,0.9692806422091617,True,,0.8614431462983739
BXC,2026-09-21,75.13,76.9,74.2,75.51,210316,45.9,T1G,,MARKUP,0.05272139543845267,-0.042115945705949454,-0.10744680851063815,-0.1949893390191897,0.593916518650089,-0.028050716325289438,0.0224896644740864,0.14576345512440314,1.0,1.0,-0.0008250825082508628,1.1728063428362487,True,,0.8616173851559799
AVTX,2026-09-29,15.16,15.67,14.74,15.58,1331568,37.7,T1,,MARKUP,0.06331555345032405,-0.0563294972743793,-0.1944157187176836,-0.2588011417697431,0.15527950310559008,-0.06990634618053804,-0.11537307731655355,-0.044237448735028884,1.0,1.0,-0.052631578947368474,1.1404953519342216,True,Healthcare,0.861662288007314
DUOT,2026-09-30,9.01,9.14,8.84,8.84,395691,47.9,,Z6,MARKUP,0.05674384422263936,-0.015590200445434355,0.026713124274099886,-0.31098986749805146,0.25698324022346364,-0.011282945603549144,-0.035186229535143165,-0.04286071900723587,0.0,0.0,0.10188679245283017,0.7395564691957889,True,Technology,0.8617211720954848
PCG,2026-09-30,12.2,12.28,12.09,12.25,48273017,30.6,T2G,,MKDN,0.04559186638750466,-0.012892828364222453,-0.12873399715504985,-0.3356832971800434,0.07196401799100455,-0.08421908805680023,-0.17712968517864536,-0.24217342270099074,0.0,0.0,-0.04927302100161557,0.8666050438584169,True,Utilities,0.8619758655036963
DIS,2026-09-23,103.26,104.62,102.7,103.46,8239055,45.3,T5,,MARKUP,0.021606688413579545,-0.03299373773249836,-0.07002247191011246,-0.07517654420309294,0.5660474716202267,-0.017230433100322684,-0.005942531816747976,-0.009731662885947623,0.0,1.0,-0.006020001941935971,1.2127407093564098,True,Communication Services,0.8622684233257577
VCYT,2026-09-21,40.0,41.98,39.4,41.52,1470578,45.1,T1,,MARKUP,0.0524797030504193,0.007522446008250583,-0.01867170881588276,-0.3183385322607124,0.14468460520511697,-0.017159245597228923,-0.0777356610272828,-0.026784723065368055,1.0,1.0,-0.04614617111499131,1.323012685524471,True,Healthcare,0.8626808438970822
JNJ,2026-09-30,267.91,268.48,264.51,264.74,6399632,43.5,,Z2,MARKUP,0.019336829348553103,-0.016458000520117477,-0.023784062834175224,-0.05809940584196105,0.5410342889263634,-0.014541509260123875,0.0008051888943065855,0.10222250485457685,1.0,0.0,0.014692343102654437,0.9367575453685106,True,Healthcare,0.8632819259046942
MATV,2026-09-30,11.83,11.83,11.51,11.59,460736,43.7,,Z6,MARKUP,0.035253940255416144,-0.05695687550854345,-0.03817427385892125,-0.14464944649446498,0.6923076923076922,-0.033228316570414695,0.021055663539727654,0.13444379921738925,1.0,0.0,-0.01707941929974388,0.8104242349482428,True,Materials,0.8639256058519358
BDX,2026-09-30,181.19,182.34,178.91,179.0,1798582,45.7,,Z2G,MARKUP,0.02217343265401648,-0.019285557747096282,-0.04339461308251391,-0.07287512301237886,0.6862176628010707,-0.01607829496000024,0.008397324150969832,0.046362160855426326,1.0,0.0,0.015239726027397316,0.8870851429347755,True,,0.8641878260102673
COHR,2026-09-30,294.66,299.5,282.25,287.81,5344317,47.5,,Z4,MARKUP,0.0701286945179108,-0.042548236859614175,0.05800830790721623,-0.2646089378337635,0.3932860741695471,-0.02184274034093836,-0.044980797324710164,0.03646238079965336,1.0,0.0,0.080470127326151,0.869022507285546,True,Technology,0.8652326763323522
JBGS,2026-09-25,10.41,10.63,10.32,10.53,1051664,29.8,T9,,MKDN,0.036129259608298915,-0.06233303650935007,-0.12975206611570256,-0.32844387755102045,0.03917910447761177,-0.06707262305240047,-0.13394833954755947,-0.2757066712657754,0.0,0.0,-0.06521739130434778,0.9906981697757131,True,,0.865721093737534
DRUG,2026-09-22,60.36,62.45,60.15,60.67,65266,34.3,T9,,MKDN,0.054431840610045586,0.007472600464961898,-0.21238478514864334,-0.3026436781609195,0.10503059143439848,-0.07781655364235351,-0.13645093560583832,-0.14333735421670712,0.0,1.0,-0.02802160702228229,1.0930871375500584,True,,0.8658431354383863
BGC,2026-09-29,11.74,11.75,11.26,11.45,8050669,39.7,,Z1,MARKUP,0.0337299078297931,-0.06682966585167072,-0.0466278101582015,-0.0847322142286171,0.5546218487394954,-0.04174702972793598,-0.02269958562514629,0.05610037955432001,1.0,0.0,-0.028472821397756642,1.191267374413151,True,Financials,0.8659219712814822
SF,2026-09-21,75.95,77.03,75.61,75.72,874924,33.5,,Z3,MARKUP,0.0242973030054781,-0.028857252789534438,-0.06472332015810267,-0.12147580925861468,0.4303590859630032,-0.03862380560369105,-0.043791437964130764,-0.020118301133688288,1.0,0.0,-0.04445303440278314,1.255107621016137,True,Financials,0.8660230195382748
PENN,2026-09-25,15.42,15.9,15.4,15.65,3032911,30.1,T6,,MARKUP,0.04045206029782039,-0.0486322188449847,-0.09694171956145403,-0.29153463105477595,0.11780821917808235,-0.07215909162781231,-0.1258708894070717,-0.10704540399071516,1.0,0.0,-0.08872458410351214,1.0809059298455859,True,Consumer Discretionary,0.8665463854358947
RRBI,2026-09-28,100.61,101.09,99.65,99.77,57603,41.9,,Z1G,MARKUP,0.01872497186286917,-0.01810845389233351,-0.009923588369554426,-0.048631639172308616,0.5282146160962066,-0.01601744184484455,-0.005182377864585086,0.10161606379532939,1.0,1.0,-0.0011045285671251737,0.930901725160251,True,Financials,0.8667022296226244
SLDE,2026-09-30,22.58,22.82,22.31,22.31,905432,39.5,,Z2,MARKUP,0.03487504361457991,-0.028310104529616797,-0.04207814512666386,-0.16598130841121506,0.41114058355437644,-0.05539968192573008,-0.020588933522579844,0.11311346700295788,1.0,0.0,-0.018477782666080134,0.558473125378464,True,Financials,0.8669911131120933
USAS,2026-09-21,5.16,5.21,4.95,5.02,3094160,49.2,,Z12,MKDN,0.06217768675740864,0.043659043659043606,-0.06864564007421148,-0.1462585034013606,0.6340425531914893,-0.01100433710009563,-0.003185151606205472,-0.031192991482055343,0.0,1.0,-0.03640256959314769,0.9602155159369942,True,,0.8674856268701719
NATL,2026-09-28,46.06,46.11,45.29,45.75,1481587,45.6,,Z1,MARKUP,0.012814337989989865,-0.007161458333333259,-0.011024643320363126,-0.05082987551867224,0.3431635388739946,-0.006270296576969425,-0.005647624108639282,0.057627178790787825,1.0,0.0,0.00022084805653710404,0.8804137936273654,True,Technology,0.8675520161885645
PTGX,2026-09-29,143.45,144.09,138.88,140.97,508014,44.7,,Z4,MARKUP,0.03761150938381216,-0.028262218239470616,-0.045888324873096464,-0.12337541197686708,0.4409692871231333,-0.018760486258752374,-0.0021532091004392573,0.22462249978388216,1.0,1.0,-0.04514383366562236,1.0923890553508597,True,Healthcare,0.8683072403341532
IE,2026-09-21,9.65,9.96,9.47,9.85,1644525,46.8,T1G,,MKDN,0.06913948394970593,0.019668737060041463,-0.12599822537710736,-0.21262989608313354,0.42795698924731174,-0.02305328924213379,-0.045821459099386175,-0.15050610376585383,0.0,1.0,-0.08986415882967602,1.0906256611212723,True,Materials,0.8683734027634405
WYNN,2026-09-25,80.88,81.8,80.09,81.12,2422125,26.1,T1,,MKDN,0.031465628462496564,-0.006856023506366382,-0.13342591603461162,-0.25741486634932254,0.1261653200745806,-0.06495720376894831,-0.12182765850918087,-0.19778161375626357,0.0,0.0,-0.05331695331695341,1.149686768290022,True,Consumer Discretionary,0.8689373671842087
COKE,2026-09-25,189.0,190.6,184.44,190.29,424345,47.9,T2,,MARKUP,0.031651362005476934,-0.00931903373594345,-0.02214799588900307,-0.05797029702970302,0.666381766381766,-0.009150791596443164,0.0007137901462137552,0.07225084855513586,1.0,1.0,-0.00016262806960487541,0.8266978511269505,True,Consumer Staples,0.8690442864354629
PMT,2026-09-25,8.47,8.49,8.24,8.33,1845478,27.0,,Z2,MKDN,0.027077279794387624,-0.05340909090909096,-0.10718113612004287,-0.2673702726473175,0.028753993610223606,-0.07400510210867872,-0.11227529055516139,-0.21831672423078397,0.0,0.0,-0.06363636363636371,1.0668993646737317,True,,0.8696384510886882
AEIS,2026-09-21,267.5,270.59,261.45,262.74,729123,43.0,,Z5,MARKUP,0.056957978953326445,0.03298604285433471,-0.08078228317531388,-0.30241079014443495,0.1358773992868523,-0.039006960533147894,-0.09625312628793758,-0.0835223799186614,1.0,1.0,-0.03359122128365044,1.3022813852287753,True,Technology,0.8698560231091671
INVA,2026-09-22,21.17,21.39,20.96,20.98,931643,47.7,,Z6,MKDN,0.020976262283895437,0.006717850287907945,-0.002377555872563053,-0.11588706278971761,0.22096317280453284,-0.0032556992166373755,-0.013814840218018043,-0.023548545833456558,0.0,0.0,0.019559902200489088,1.2384999542141415,True,Healthcare,0.8705634202688606
RCI,2026-09-21,35.06,35.18,34.33,34.41,1032765,36.7,,Z1,MKDN,0.025291851361893436,-0.061118690313779034,-0.05128205128205143,-0.0966132843265951,0.45156482861400826,-0.04197415125129722,-0.03697847203233773,-0.03475163974545559,1.0,0.0,-0.03648610721302281,1.2430399148463378,True,,0.8705879439076936
CIM,2026-09-23,11.15,11.15,10.75,10.75,1601170,32.3,,Z4,MKDN,0.02104657689605098,-0.012855831037649312,-0.07407407407407407,-0.20311341734618238,0.0,-0.042864538460945734,-0.08512354880430606,-0.14953062414883012,0.0,0.0,-0.008302583025830201,1.328762378766031,True,,0.8713101568044603
NBBK,2026-09-30,22.27,22.34,22.03,22.12,269636,39.6,,Z2,MARKUP,0.020582120980206675,-0.012058954890576179,0.003629764065335772,-0.05752023860247113,0.5754716981132082,-0.01944690270674687,-0.010436994292413515,0.047568487847471363,1.0,0.0,0.03281762775433683,1.0072103729963635,True,Financials,0.8716269236666409
PLUS,2026-09-28,89.58,90.23,87.87,89.41,148718,47.1,,Z2G,MARKUP,0.02924768719962372,-0.030785907859078643,0.024404216315307092,-0.08895455471775016,0.5229508196721309,-0.01189502991506064,0.002486609286499686,0.05496353896256423,1.0,0.0,0.03473857748469156,0.7367729891783095,True,,0.8717485386031915
AN,2026-09-25,162.94,169.05,162.01,166.98,466561,27.1,T1,,MKDN,0.04450656211068614,-0.007784182066670642,-0.1598490566037737,-0.29188753657605704,0.06810181424316274,-0.1006471103692731,-0.14155249480320875,-0.15881913422657956,0.0,0.0,-0.030529781502544262,0.8636488259019867,True,Consumer Discretionary,0.872223635348176
EPRT,2026-09-28,26.56,26.61,26.19,26.4,2010141,19.7,,Z3,MKDN,0.020696615169970043,-0.013452914798206428,-0.1307211063549556,-0.21381774865991665,0.02841677943166406,-0.055005216759030806,-0.09920040283207066,-0.13894754683764698,0.0,0.0,-0.010578012844729812,0.9077438902168509,True,,0.8723655990104745
WING,2026-09-28,99.81,102.94,97.11,101.8,1657360,41.2,T2G,,MKDN,0.059377820341360035,-0.051523339234137766,-0.10371544285965839,-0.4335948366994936,0.07126683351209634,-0.04092395603148036,-0.13266745791398316,-0.4068666110350859,0.0,1.0,-0.0430440427444323,1.0411350711950875,True,Consumer Discretionary,0.8725777971992121
DAN,2026-09-25,27.79,27.79,26.96,27.14,1595128,33.3,,Z2,MARKUP,0.039813269596742716,-0.0895672593089567,-0.09713905522288746,-0.15975232198142408,0.3298701298701299,-0.08555507641875393,-0.08896139316998586,-0.0654422503682005,1.0,0.0,-0.07226428079834812,0.9974625422328158,True,Industrials,0.8729887424629513
ITT,2026-09-30,202.9,207.24,201.68,201.82,933584,46.8,,Z2G,MARKUP,0.030668698979818918,-0.04774936302727184,0.03891691547410692,-0.1237408822507815,0.412128712871287,-0.014775964465164937,-0.008347443909386798,0.03288182199952794,1.0,0.0,0.04703561416260005,1.17750638454781,True,Industrials,0.8739146078097899
TRIP,2026-09-21,8.92,9.0,8.73,8.8,4375929,29.9,,Z6,MKDN,0.04610794951444636,-0.04658721560130008,-0.11999999999999988,-0.4187582562747688,0.057949479940564715,-0.06823503607971815,-0.16763682290642534,-0.2686263199654033,0.0,0.0,0.038049940546967864,0.9597140595000306,True,Technology,0.8741016735815174
CBC,2026-09-30,31.59,31.9,31.19,31.25,1373927,40.9,,Z2G,MARKUP,0.02369010155596752,-0.003825310806503057,-0.008880431335236305,-0.07599053814311063,0.3427109974424552,-0.02031350768586493,-0.01590022267974678,0.09388772897524111,1.0,0.0,0.0090585571012618,0.6549992006265702,True,Financials,0.8742453029238781
STRL,2026-09-30,505.52,506.67,490.39,491.78,546440,44.9,,Z2,DIST-TR,0.053572744003753524,-0.03949218750000005,0.07822845867134398,-0.33359531681933985,0.1610550708833151,-0.023428126883290212,-0.0901198912506056,-0.07849281524375273,1.0,0.0,0.09106451903176471,0.7738132280268513,True,,0.8749770452903621
TTC,2026-09-21,93.61,94.0,92.84,93.39,843089,43.7,,Z3,MARKUP,0.025735471179610135,-0.002350176263219761,-0.060840707964601726,-0.07351190476190472,0.29829545454545503,-0.013276055341241322,-0.019030026954629964,0.02043463054694894,1.0,0.0,0.0008788311545644412,1.2746434326114569,True,Industrials,0.8760273084895343
OSK,2026-09-30,131.8,131.8,127.83,128.82,719105,28.5,,Z2,MARKUP,0.035805064411981655,-0.04922872536718592,-0.1277085590465873,-0.1982823002240479,0.0301369863013697,-0.08304739766192804,-0.11146242723224009,-0.09762622751623407,1.0,0.0,-0.05072033268973708,1.1668246627114256,True,Industrials,0.8763106186996659
SAIC,2026-09-30,128.46,130.28,127.15,127.56,348949,45.8,,Z2,MARKUP,0.02900022587124233,-0.04061371841155237,0.006152389966871841,-0.1058460675732511,0.5372356726938401,-0.01842962181091834,0.014849977294921324,0.13972637379776853,1.0,0.0,0.0362673186634066,0.8228468525698088,True,Technology,0.8763331491120876
BCE,2026-09-24,21.64,21.75,21.3,21.3,3628354,24.8,,Z2,MKDN,0.021148517294721496,-0.0439856373429085,-0.09323116219667937,-0.11027568922305764,0.14006514657980446,-0.056539206970285805,-0.06621417512399219,-0.08966677988347749,0.0,0.0,-0.0439856373429085,1.1449773741501579,True,,0.8768509643146407
LWLG,2026-09-29,5.07,5.25,5.0,5.17,5611490,44.0,T9,,ACC-TR,0.06939411003069788,-0.06340579710144922,-0.047882136279926324,-0.3786057692307693,0.1486486486486486,-0.03213991488194634,-0.1544997579768287,-0.24044811577707992,0.0,0.0,0.06926406926406936,1.1315246882201573,True,Materials,0.8771643800877423
NLY,2026-09-25,20.66,20.71,20.3,20.61,14954277,25.5,,Z10,MARKUP,0.019265661483376703,-0.02090261282660344,-0.10624457935819598,-0.13801756587202008,0.08587257617728498,-0.05023940013079198,-0.07260830334221846,-0.06934300638555502,1.0,0.0,-0.03517110266159684,1.1595155632432856,True,,0.878108443586139
BXMT,2026-09-25,12.44,12.61,12.38,12.5,1811857,26.5,T9,,MKDN,0.027096902336361976,-0.05802562170308967,-0.09485879797248375,-0.2897727272727273,0.03591682419659725,-0.06441179615003301,-0.13060439021171732,-0.2616030922788434,0.0,0.0,-0.06030534351145034,1.0360981046954505,True,,0.8783884839541515
MSGE,2026-09-25,79.37,80.3,77.97,79.09,518262,50.6,,Z3,MARKUP,0.03224354743756095,0.0008858516831182772,0.01202815099168264,-0.125207388563212,0.35277301315037185,0.0011564151813312495,0.012604132784570732,0.16301180308219343,1.0,0.0,0.03185558800106181,0.915295920067726,True,Communication Services,0.8784911039532465
PNTG,2026-09-30,40.77,40.77,38.87,39.0,248729,46.9,,Z6,MARKUP,0.036560598568791396,-0.016393442622950838,0.03338632750397452,-0.08750584932147876,0.4015999999999997,-0.01689999340362569,-0.0003882261167644785,0.11830717150777215,1.0,0.0,0.06522334886270209,0.8569432654954414,True,Healthcare,0.8787595537750078
CPAY,2026-09-30,392.42,394.1,386.23,388.6,802701,38.6,,Z2G,MARKUP,0.02080454466972403,-0.016600870533454826,-0.040043477186828325,-0.09090909090909083,0.5487167576355827,-0.028045279497728948,-0.014918650921485699,0.09034544371733211,1.0,1.0,-0.005049073907107293,1.1716751857156187,True,Industrials,0.8791968292536145
AVO,2026-09-23,12.68,12.76,12.51,12.7,635870,48.0,T9,,MARKUP,0.035077539061052355,0.01844426623897344,-0.025326170376055224,-0.10689170182841079,0.4062499999999996,-0.006586049757158596,-0.005804282219290524,0.0021441080317781136,1.0,0.0,0.0008203445447088065,1.245770640202319,True,,0.8806961801827198
TNGX,2026-09-21,21.9,22.74,21.63,22.33,2555505,40.3,T9,,MARKUP,0.06402630468561082,-0.09005704971475148,-0.06490787269681741,-0.3340292275574114,0.058823529411764636,-0.05537345745843958,-0.10153163996579251,0.06938837515165663,1.0,1.0,-0.00046210720887251977,1.220075887758032,True,Healthcare,0.8813446901193688
PGY,2026-09-22,21.35,21.6,20.64,20.77,1863148,48.7,,Z4,MARKUP,0.05646874082141751,-0.012832699619771848,-0.04812098991750691,-0.12288851351351349,0.6380597014925372,-0.016213222531914817,0.029703673014377374,0.10922715759491353,1.0,0.0,0.03427109974424547,1.0882912098944688,True,Financials,0.8814357799757048
RACE,2026-09-28,404.34,407.51,394.61,398.0,700102,41.1,,Z1G,MARKUP,0.022226806671812437,-0.04356811573306418,-0.053597755267037694,-0.0895573601738533,0.5156501299022642,-0.030092153277505695,-0.01275591599375292,0.0260153557216809,1.0,0.0,-0.015493238860336267,1.2376388726127225,True,,0.8814673672377717
DTE,2026-09-29,120.24,122.91,119.68,122.39,3029555,24.2,T4,,SPRING,0.018788888048055223,-0.024081014273183876,-0.09761852097618517,-0.21418940609951842,0.0751316883836982,-0.04663124131343899,-0.090687659806587,-0.12557141995807142,0.0,0.0,-0.043554703108766746,1.1824497058999062,True,Utilities,0.8815432400331049
DRH,2026-09-23,12.21,12.31,12.12,12.24,4343014,46.7,T5,,MARKUP,0.022755469968529,-0.0024449877750610804,-0.04895104895104885,-0.11240029006526464,0.30180180180180194,-0.005295875767254432,-0.0038973219944409276,0.11311710470216285,1.0,0.0,0.021097046413502074,1.190657362003433,True,,0.8816132768347804
CWH,2026-09-22,5.6,5.76,5.5,5.7,2305574,40.9,T9,,MKDN,0.05945054216455589,-0.01041666666666663,-0.11214953271028039,-0.2980295566502462,0.11678832116788335,-0.05945604415306571,-0.1020092981285079,-0.32236508165366407,0.0,1.0,-0.04440497335701599,1.3087485110601598,True,Consumer Discretionary,0.88227764143806
NVTS,2026-09-28,12.1,12.18,11.6,11.73,20243431,48.2,,Z1,ACC-TR,0.0647765113647922,-0.035361842105263164,0.02088772845953013,-0.27233250620347393,0.343796711509716,-0.005242999536840265,-0.07583515208580849,-0.09824662553590136,0.0,0.0,0.11295034079844202,1.0435000656292244,True,Technology,0.8826927644252196
IDCC,2026-09-29,327.11,332.72,322.39,324.3,155368,46.3,,Z2G,MARKUP,0.03216814159345941,-0.02834372003835084,-0.03202698265826931,-0.08825100508870076,0.6924056834884862,-0.018597175043844505,0.0045643331811831,0.04366388796254883,1.0,0.0,0.01626580083850815,0.6907223135012494,True,,0.8828772995928907
UVE,2026-09-29,42.21,42.53,41.65,42.24,125571,40.5,T5,,MARKUP,0.023669931260496286,-0.01835928422031141,-0.017217310376919426,-0.06445182724252485,0.6600467289719628,-0.021967194152576752,-0.011541107774869719,0.11147267836674057,1.0,0.0,-0.020000000000000018,1.0095011952955115,True,Financials,0.8833448644085768
APPN,2026-09-30,35.45,35.99,35.17,35.27,1083511,45.7,,Z3,MARKUP,0.05542963302593253,-0.07086406743940987,-0.12676405050755135,-0.19950068088969586,0.602622061482821,-0.038406562141636735,0.019540781237664895,0.17974769766901288,1.0,0.0,0.0021033653846154188,0.8253791878069866,True,Technology,0.8838243159502303
WAFD,2026-09-25,30.96,31.52,30.88,31.35,1669859,25.0,T2G,,MARKUP,0.024030179511780533,-0.03210867551713492,-0.13349917081260365,-0.20612813370473537,0.09050279329608961,-0.057590977451963954,-0.10108023578377745,-0.08707967649600334,1.0,0.0,-0.04859813084112152,1.1464190432889234,True,Financials,0.8847605346413632
SB,2026-09-29,8.18,8.47,8.15,8.3,2134066,47.2,T6,,MARKUP,0.039191312572728364,-0.021226415094339535,-0.03823870220162229,-0.10848549946294306,0.6392857142857145,-0.020452137371628987,0.017243481413236283,0.21145769594732933,1.0,1.0,-0.007453416149068359,0.9666837015483161,True,,0.8857595424048594
FLO,2026-09-21,5.9,6.07,5.84,5.96,7905021,29.5,T3,,MKDN,0.043123154915945004,-0.00666666666666671,-0.1424460431654676,-0.3310886644219978,0.03908794788273619,-0.07140602497009707,-0.14399739316924987,-0.32635750774587247,0.0,1.0,-0.01848739495798324,1.1468634648804403,True,Consumer Staples,0.8859247857306518
MMSI,2026-09-21,85.88,86.23,84.99,85.49,379902,42.7,,Z5,MARKUP,0.02420173792379874,-0.0175821650195358,-0.058272747301167716,-0.07337957944938234,0.7177990829512294,-0.0188396451617151,0.014803401352437184,0.081407879001679,1.0,1.0,-0.012560159643150492,0.8916916109651405,True,,0.8862521853665358
ERAS,2026-09-30,14.37,15.12,14.11,14.66,5286370,40.6,T2G,,MARKUP,0.0711674531169984,0.05089605734767022,-0.1252983293556087,-0.3212962962962963,0.1389578163771713,-0.04604096881093056,-0.09753356205535313,0.08399011169197035,1.0,1.0,-0.028694404591104727,0.9107271130668322,True,Healthcare,0.8866645999928234
GOLD,2026-09-24,43.24,44.03,42.91,43.48,342304,45.0,T5,,MARKUP,0.05237581706595547,-0.072327714956262,-0.044185535282479815,-0.13196246755839502,0.4946483180428132,-0.038660927942733014,-0.020321872464973745,0.034601751316513774,1.0,0.0,0.10051948051948045,0.9064223174294662,True,,0.8873516549493494
ZUMZ,2026-09-28,13.18,14.53,13.07,14.14,785948,38.3,T4,,MKDN,0.055511873654545824,0.020202020202020332,-0.2222222222222222,-0.31591678761490083,0.14078947368421055,-0.060644830575644515,-0.16084254154806632,-0.2823414162012463,0.0,0.0,0.0,0.9381650822324749,True,Consumer Discretionary,0.8875335552314149
LNTH,2026-09-22,100.28,100.4,99.98,100.0,1519804,41.8,,Z2,DIST-TR,0.007404233405760529,-0.007247096197756431,-0.007936507936507908,-0.10602538887895585,0.09118773946360138,-0.006300065171497171,-0.008171565659244928,0.11158289487531725,1.0,0.0,0.00010003000900282721,0.9144239659303993,True,Healthcare,0.8877919703081625
AUR,2026-09-25,6.13,6.16,5.99,6.04,31895699,43.6,,Z2,MARKUP,0.05985898626811198,-0.04278922345483349,0.06151142355008776,-0.16689655172413798,0.34594594594594585,-0.03807095149788331,-0.04059783774194825,0.02952385740681196,1.0,0.0,0.06666666666666665,1.2135231243583855,True,Technology,0.8881655695889152
FMC,2026-09-25,9.61,9.76,9.46,9.58,3891576,35.2,,Z2,MKDN,0.06220111911116876,-0.05054509415262631,-0.10131332082551592,-0.28826151560178315,0.029999999999999805,-0.10898393237230053,-0.13949145724747625,-0.36487477257042233,0.0,0.0,-0.025746652935118464,1.0088791042349965,True,Materials,0.8883272821766518
ARR,2026-09-23,14.95,14.98,14.57,14.6,3384309,26.1,,Z1,MKDN,0.019611033279066385,-0.014179608372721142,-0.1097560975609756,-0.17233560090702948,0.00977198697068383,-0.056893396711445554,-0.08969574216504972,-0.12307566153227867,0.0,0.0,-0.010862186014935493,1.2296368766602566,True,,0.8888674683393161
CVE,2026-09-30,31.19,31.61,31.05,31.08,4167946,44.4,,Z5,MARKUP,0.029642817724085602,0.0,-0.0618774524600062,-0.0901639344262295,0.6350710900473935,-0.020672044538557866,0.0024537413305036893,0.17568904622995518,1.0,0.0,0.013607699966810438,0.8572272081614305,True,,0.8892566792869115
MFC,2026-09-30,43.38,43.38,42.56,42.59,1180521,40.4,,Z2G,MARKUP,0.016631934299851745,-0.023165137614678866,0.01067869008068345,-0.06044562100154416,0.3842696629213489,-0.022452256049334207,-0.013456005975947871,0.0739385948939495,1.0,0.0,0.015509424958243923,0.7185771242840666,True,,0.8892600520974757
HAWK,2026-09-25,16.06,16.47,15.86,16.1,901930,35.3,T2G,,MKDN,0.0635852153119355,-0.010448678549477508,-0.21348314606741559,-0.3737845196421625,0.06335282651072145,-0.06665079975803656,-0.17324521026503803,,0.0,1.0,-0.016549968173138252,0.8838326739297845,True,Technology,0.8895776146266722
PRAA,2026-09-29,19.75,19.91,18.27,19.44,635774,47.9,,Z2G,MARKUP,0.049726541639484666,-0.055393586005830775,0.032943676939426236,-0.09539320614239166,0.6434782608695656,-0.01910886391747002,0.013729324662695053,0.1046797689565,1.0,0.0,0.0005476451259582849,1.0395741829946532,True,Financials,0.890092933338806
BLMN,2026-09-29,8.49,8.59,8.04,8.06,3594457,37.0,,Z5,MARKUP,0.06211250495315889,-0.057309941520467866,-0.21747572815533978,-0.3618368962787015,0.08048289738430589,-0.07084176300094958,-0.10794311161164971,-0.00998809432250658,1.0,1.0,-0.025284450063211117,1.073273850021152,True,Consumer Discretionary,0.8910400485671932
TSSI,2026-09-21,8.52,8.99,8.52,8.77,763866,48.7,T1,,MKDN,0.06051185991727251,0.037869822485207205,0.0022857142857142243,-0.3169781931464175,0.2203065134099616,0.009835895130457795,-0.07870484274991008,-0.23994667038780426,0.0,0.0,0.06430446194225703,0.7442746422422523,True,Industrials,0.8917615670543448
HRB,2026-09-30,40.35,41.09,40.14,40.85,2013177,28.0,T2,,MARKUP,0.03810379562965997,-0.039727315467794955,-0.1977611940298507,-0.3037327424578149,0.1477761836441895,-0.0770550582086712,-0.09278255509513966,-0.03866615993734135,1.0,0.0,-0.05592734225621421,1.033876435086641,True,Consumer Discretionary,0.8921674125833132
HAYW,2026-09-25,12.55,12.78,12.49,12.63,8251114,32.2,T9,,MKDN,0.027895491281461397,-0.02771362586605075,-0.11368421052631572,-0.2674013921113688,0.04554865424430657,-0.045513797173171056,-0.0956003450272942,-0.14127283825790482,0.0,0.0,-0.017418844022169533,1.362162664253147,True,Industrials,0.8923964364441912
IFF,2026-09-30,85.68,85.72,83.47,83.48,1912329,44.6,,Z6,MARKUP,0.0213695879492964,-0.02601796756504482,-0.026812776871065536,-0.06527824431754559,0.6610465116279072,-0.015772678456096978,0.0010287135308635342,0.07669176544699519,1.0,0.0,0.010532687651331862,1.051152909688953,True,Materials,0.892492033833393
COCO,2026-09-23,59.66,61.3,57.52,57.98,873870,48.0,,Z3,MARKUP,0.0459732111774623,0.02856129146709252,-0.08793456032719837,-0.2751593949243656,0.25059584610146407,0.006242949268611797,-0.05777607813557151,-0.03424782013297556,1.0,0.0,0.09008297115764519,1.1373936433055434,True,Consumer Staples,0.8933160969056835
MBIN,2026-09-30,49.72,49.72,48.51,48.96,192788,29.0,,Z2,MARKUP,0.027660033734347736,-0.046914541561222434,-0.05373018940858143,-0.1390891506945665,0.265552460538533,-0.05553624285467329,-0.05634396128734809,0.05145808168724786,1.0,0.0,-0.04695481335952845,0.6236584545607122,True,Financials,0.8943211738583998
ROST,2026-09-21,226.7,233.27,226.11,231.25,2227520,49.1,T1,,MARKUP,0.023765534496008652,0.005259954790471255,-0.032588688085676054,-0.10019455252918286,0.495888801879405,0.002069878722884555,-0.006487040718157866,0.0790294422619322,1.0,1.0,-0.002604049746329551,1.1381939961487637,True,Consumer Discretionary,0.8956017686650691
SGML,2026-09-29,9.62,9.76,9.42,9.71,1148918,42.9,T2G,,MKDN,0.06692483246330112,-0.08223062381852542,-0.23180379746835444,-0.2627182991647683,0.20823798627002296,-0.049194227877782715,-0.11725915866948855,-0.18316845483389965,0.0,0.0,0.03750000000000009,0.7757575421108611,True,,0.8958597839659319
OSBC,2026-09-23,24.66,25.12,24.42,24.55,460859,37.0,,Z2,MARKUP,0.019594985495624287,-0.01721377101681343,-0.02540690750297736,-0.05758157389635321,0.5652173913043478,-0.022835079661032043,-0.008553838393094537,0.10416332791269944,1.0,1.0,-0.003671970624234966,1.0758632798862915,True,Financials,0.8968183617477354
EFX,2026-09-22,160.44,162.53,157.85,159.78,1530429,33.0,,Z11,MKDN,0.03811144439738566,-0.04369164472109177,-0.17905769922416892,-0.192622536634664,0.12987902305409718,-0.06641311628129687,-0.08636690266240221,-0.14801110847561094,0.0,0.0,-0.05303030303030298,1.2746985865348588,True,,0.8972131864805426
LIND,2026-09-23,26.91,27.26,26.32,27.23,603611,45.6,T5,,MARKUP,0.048688659497757907,-0.006929248723559489,-0.14209199747952106,-0.22199999999999998,0.273152478952292,-0.014108696563088219,-0.025553385279197705,0.19396603624407116,1.0,0.0,0.08268202385849444,1.0711374470735084,True,Industrials,0.8977904522489966
PUMP,2026-09-21,10.4,10.4,9.98,10.16,3154257,37.1,,Z2G,MKDN,0.05672937844427329,-0.0323809523809524,-0.10326566637246248,-0.3271523178807947,0.03515624999999995,-0.0758919903760189,-0.13226317939042287,-0.15065608724922896,0.0,0.0,-0.03106796116504862,1.3355879088233356,True,Materials,0.8981186057451196
VSNT,2026-09-25,33.26,33.96,32.76,32.8,1322712,28.2,,Z1,MKDN,0.03779611441121979,-0.06765207504263793,-0.16919959473150958,-0.22568460812086877,0.02149437052200551,-0.093334990881626,-0.12029367981204553,,0.0,0.0,-0.05508843142939979,0.9501656985350457,True,Communication Services,0.8981238931553459
EPD,2026-09-23,38.06,38.2,37.48,37.57,2818413,38.9,,Z2,MARKUP,0.01598636437168805,-0.013651877133105894,-0.018291089626339296,-0.05341395817586292,0.3516819571865443,-0.025198232214425076,-0.021383838655885667,0.02308270726555972,1.0,0.0,-0.012384716732542933,1.2068353532347924,True,Utilities,0.8991275649376845
NPO,2026-09-21,295.16,298.66,291.89,296.19,170388,45.5,T1G,,MARKUP,0.03597490608564959,0.04314291751778554,-0.05246489011164779,-0.2283101453806472,0.15333333333333338,-0.007006670053805397,-0.043946346548483506,0.024196738829690645,1.0,1.0,-0.010064625489988432,1.280490485381949,True,Materials,0.8992598829740199
DY,2026-09-30,270.44,273.57,265.09,269.08,730221,30.0,,Z5,MKDN,0.04829376936811601,-0.04221541966256148,-0.06341802993386714,-0.4020444444444444,0.02157806500459688,-0.07657234199677276,-0.1947261911502195,-0.2673675593266621,0.0,0.0,-0.03638676844783728,0.9223185979804539,True,,0.8994397954906891
GAP,2026-09-21,20.84,21.27,20.55,21.25,4342138,51.8,T1G,,MKDN,0.03844016560097778,0.015774378585085902,0.0732323232323231,-0.1763565891472868,0.4083224967490247,0.008764716890192759,0.013136254846129347,-0.04968635442099634,0.0,0.0,0.016393442622950838,0.7270209265342301,True,Consumer Discretionary,0.8996594921831123
SFD,2026-09-28,19.04,19.3,18.82,19.14,1980697,21.4,T2,,MKDN,0.024968666792831357,-0.03625377643504524,-0.12762078395624432,-0.30475844533236474,0.03784403669724791,-0.05850589524180527,-0.1316638391658953,-0.20073860057682846,0.0,0.0,-0.040795512493625785,0.8635070217866443,True,Consumer Staples,0.8999698525135859
AGX,2026-09-30,379.75,384.29,370.92,377.95,358307,38.4,,Z3,ACC-TR,0.0576058958254652,0.00948183760683774,-0.06621371216800498,-0.4645462917050365,0.06599823397043328,-0.048130885346059804,-0.18622252049936516,-0.23421011422573046,0.0,1.0,-0.02121554887301036,0.7552638380566515,True,,0.8999895721886381
QURE,2026-09-23,45.17,45.41,42.62,42.76,1173487,41.5,,Z1,MARKUP,0.04683400582195003,0.006354436337961733,-0.1623898139079334,-0.1732405259087394,0.45299145299145277,-0.048406634232435075,-0.02229821660055109,0.26495074354103565,1.0,0.0,0.022798176145908178,0.9921945990516057,True,Healthcare,0.9009858421077597
SUNB,2026-09-21,74.37,74.4,72.37,72.85,3354384,48.2,,Z6,MKDN,0.0404465400049103,-0.0028743498494389064,-0.05241935483870974,-0.1451537197840883,0.39213759213759175,-0.002437071241305988,-0.019542872918423604,,0.0,0.0,0.09172190534915958,0.6214071349372349,True,,0.9011385250761873
VCTR,2026-09-24,106.18,106.99,104.67,106.1,423508,43.4,,Z9,MARKUP,0.03544897226678762,0.01803876415275374,-0.12052387267904519,-0.14123836503439902,0.556092597303485,-0.024539053369096897,-0.0022756826406978847,0.19843808784105899,1.0,0.0,0.014990138067061176,1.0631546172181825,True,Financials,0.9014799089800704
PWR,2026-09-23,643.44,645.51,630.8,634.9,795345,50.1,,Z4,MARKUP,0.0358623208781958,0.025222839426430665,0.05154195236675618,-0.12403421633554079,0.4732833372392782,0.004266073617926747,-0.012253799151151767,0.058554034330021265,1.0,0.0,0.02315984503958224,1.007513139298992,True,,0.9016739221846696
SXT,2026-09-29,128.57,129.57,127.69,128.72,357934,45.7,T10,,MARKUP,0.021840993527253636,-0.015977371760568793,-0.0460945605454276,-0.07275608701916148,0.6771099744245525,-0.009594478139280826,0.0039024722731828554,0.10836827359537438,1.0,0.0,0.01627962652621484,0.9297261789066068,True,Materials,0.9019873062634027
SHAZ,2026-09-30,54.45,55.13,52.9,54.6,1251650,46.4,T1,,MKDN,0.08726328681216397,-0.05421791096483619,0.037234042553191404,-0.3544573185150154,0.3403740374037404,-0.030581676698806737,-0.0681269874905589,,0.0,0.0,0.06371645154681427,0.8291837140311333,True,Technology,0.9021054597404119
JOE,2026-09-25,64.86,65.75,64.43,65.3,176687,49.5,T3,,MARKUP,0.024290605070728888,0.022869674185463484,-0.03843322043881603,-0.0725749183354637,0.5669491525423729,-0.00028177541602836254,-0.00020770698199801263,0.032641379051602026,1.0,0.0,0.011731135066582077,0.8746224374190228,True,Real Estate,0.902693881230393
QNST,2026-09-21,17.63,17.73,17.25,17.26,1197304,38.1,,Z2,MARKUP,0.04419517586516597,-0.06601731601731597,-0.16294859359844804,-0.2256617317182592,0.4417314095449503,-0.06109600542076021,-0.031151331688363038,0.12310866440514445,1.0,0.0,-0.016533637400227952,1.2304468625752378,True,Industrials,0.9033032815978517
ASC,2026-09-23,17.83,17.86,17.2,17.61,459115,43.9,,Z2,MARKUP,0.035222657347605976,-0.0760755508919202,-0.021122846025569686,-0.09086215797625197,0.6834532374100717,-0.03245089296481252,-0.002440349405249509,0.1165594542847026,1.0,0.0,0.03552077062010839,0.940551094825351,True,,0.9034346705297459
PAG,2026-09-28,209.71,210.99,207.22,207.22,459620,34.5,,Z4,MARKUP,0.015761982206316447,-0.023284313725490224,-0.04511312842726134,-0.08713656387665203,0.6103230890464932,-0.026933864514854133,-0.013174411715604295,0.10922259659076095,1.0,0.0,-0.01968857967722082,1.0137530766031084,True,Consumer Discretionary,0.9035672033609277
ALL,2026-09-21,250.0,251.5,241.53,242.86,2354224,35.4,,Z2,MARKUP,0.022822065904804265,-0.060430207366140576,-0.04321790174526252,-0.12394488132169401,0.216240875912409,-0.046906473241220215,-0.04016217425885704,0.05002865580236726,1.0,0.0,-0.03515359725162792,1.2731524365528344,True,Financials,0.9052208469044056
BURL,2026-09-25,250.01,256.65,247.65,254.69,1449478,40.3,T5,,MKDN,0.03936725088131255,0.07409750337381915,-0.12175862068965515,-0.3268046414505854,0.18378663850013208,-0.021109944582997753,-0.11856868295481204,-0.15971376917050384,0.0,0.0,0.04399382852104927,0.9083744427008914,True,Consumer Discretionary,0.9058984823695106
FRT,2026-09-29,109.29,110.08,108.48,109.39,1021316,24.7,T5,,MARKUP,0.015251242744897829,-0.009686764439616136,-0.05722657933293118,-0.1467904219639654,0.046122655854029214,-0.0289106324320777,-0.05490237919717955,-0.03005268720533205,1.0,1.0,-0.00722979774869581,1.1780339132159565,True,,0.9059957708063398
MEOH,2026-09-25,58.56,59.68,58.14,58.85,723091,48.3,T12,,MARKUP,0.035467886289902974,-0.03477119895030334,0.008914795131150344,-0.0904173106646059,0.7204968944099378,-0.0149409218213431,0.011926141541466873,0.10947727737640567,1.0,0.0,0.020921985815602895,0.8487958415064821,True,,0.9060426659341195
IVZ,2026-09-30,30.41,30.54,30.14,30.16,4125495,40.4,,Z1,MARKUP,0.029081411907306932,-0.018867924528301883,-0.05720537668021253,-0.10398098633392738,0.5084269662921351,-0.02817204256525463,-0.02278877015430336,0.08848987580704892,1.0,0.0,0.0020304568527917954,1.2935859502773235,True,Financials,0.9060435343658568
FIGR,2026-09-24,34.24,34.51,31.96,32.66,5292676,44.6,,Z2G,MKDN,0.07873494149463553,-0.03114802729160504,-0.11920172599784251,-0.2130120481927712,0.49166187464059785,-0.06479456400540251,-0.03584061029592023,-0.05554557965021911,0.0,1.0,-0.007453416149068359,1.3054112864384284,True,Financials,0.9074920135974973
CLF,2026-09-28,11.74,11.78,11.0,11.22,26450805,41.8,,Z2G,MARKUP,0.05542161756649974,-0.07042253521126762,-0.03442340791738374,-0.14416475972540033,0.5573770491803282,-0.07167436550630102,-0.04906143847511235,-0.0010747648284343825,1.0,0.0,-0.019607843137254943,1.2919517784759753,True,Materials,0.9078562841721274
NRIX,2026-09-28,22.86,23.69,22.41,23.67,2006233,38.8,T3,,MARKUP,0.0445304562188112,-0.06847697756788662,-0.09690957649751997,-0.16153028692879912,0.34857142857142875,-0.05144444191302022,-0.03737851310160356,0.1792247133738587,1.0,0.0,-0.07663782447466005,1.1262156060162642,True,Healthcare,0.9092249375832119
BCAL,2026-09-30,21.47,21.51,21.16,21.35,189483,44.7,,Z2,MARKUP,0.019526754479552606,-0.007899628252788005,0.0123281175912755,-0.04730031236055332,0.5225225225225228,-0.010365455775643961,0.00032307069976478253,0.08013479595548012,1.0,0.0,0.007619047619047636,0.8204701974881371,True,Financials,0.9096559852128823
AESI,2026-09-22,12.94,13.05,11.91,12.0,3945214,40.0,,Z2G,MKDN,0.06681089879244484,-0.11958914159941314,0.008403361344537785,-0.30151338766006985,0.3219895287958116,-0.08826325231876064,-0.09693215193279325,-0.10597491729679132,0.0,0.0,0.011894647408666081,0.9332763633302351,True,Energy,0.9106406993814985
JXN,2026-09-30,131.62,132.41,129.11,129.32,521395,43.2,,Z6,MARKUP,0.030339892240871615,-0.003160410082478915,-0.02605814128633832,-0.08218594748048269,0.6552545400416787,-0.024698008328859822,-0.0038406432346468344,0.11170763231227676,1.0,0.0,0.03718641606840367,0.7390849155493989,True,Financials,0.9124427055989024
RDWR,2026-09-29,29.46,29.49,28.79,29.25,360066,51.2,,Z9,MARKUP,0.038913460551781826,-0.013157894736842146,0.012811634349030543,-0.1079597438243367,0.632780082987552,0.0012889672497025106,0.013281605353071324,0.06346731045932086,1.0,0.0,0.040905770635500494,1.0658940422558156,True,,0.9128294372981752
NESR,2026-09-28,32.52,32.52,29.75,29.81,2350861,34.1,,Z2,MARKUP,0.04860192182918765,-0.07993827160493827,-0.1344367015098722,-0.19301570113697886,0.43277645186953057,-0.08705056521164267,-0.06160114412556039,0.18459685890513167,1.0,0.0,-0.03252032520325199,0.9817260058698194,True,Materials,0.9136272583744526
TSAT,2026-09-29,48.08,48.3,44.96,45.81,110079,46.2,,Z6,MARKUP,0.06650152552783849,-0.06107808977249429,0.055529953917050845,-0.25560610984725374,0.4259124087591242,-0.03757785041692063,-0.02033923034245011,0.10832820033148027,1.0,0.0,0.07740234843038585,0.9707242267989707,True,,0.9139752957071086
GDDY,2026-09-30,94.46,96.64,93.87,95.51,1712252,47.6,T2G,,MKDN,0.05217937109198891,-0.009026769039219618,-0.05012431626056679,-0.1344811961939283,0.6016107382550339,-0.020670112312194622,-0.0035501979774498205,-0.05201344474517067,0.0,0.0,0.0026200873362447474,1.3532497994041452,True,Technology,0.9146137172750903
XE,2026-09-24,16.25,16.25,15.65,15.72,5567186,43.8,,Z1,MKDN,0.08702934917364964,-0.03735456215554178,-0.13910186199342833,-0.3447269695706544,0.2271028037383179,-0.05804564216086294,-0.12261655168837937,,0.0,0.0,0.07821229050279332,1.0045793552872706,True,Industrials,0.9147514576325934
SHOO,2026-09-21,42.32,42.91,41.84,42.83,1277677,47.4,T2G,,MARKUP,0.033742943412518725,0.011572980632970964,-0.07052951388888884,-0.1382293762575454,0.3994755244755243,-0.004810144837422703,-0.018655869371261624,0.05821908148765731,1.0,1.0,-0.02463768115942022,1.2964123704658086,True,Materials,0.9164077091342238
BMY,2026-09-25,61.75,62.91,61.4,62.86,10672799,44.5,T2G,,MARKUP,0.021349447592156193,-0.0031715826197272756,-0.06109036594473494,-0.0842074592074592,0.527391659852821,-0.012406521787009073,-0.008063783938689673,0.06830520201650025,1.0,1.0,-0.025727608940343982,1.1936928627681245,True,Healthcare,0.9167353496644746
AMH,2026-09-29,30.52,30.75,30.37,30.68,3172698,27.2,T3,,MKDN,0.01598470437262164,-0.019181585677749413,-0.07867867867867862,-0.1251782149985743,0.07383966244725765,-0.02852911716367934,-0.0532995320474976,-0.05596935764068067,0.0,0.0,-0.01844660194174763,1.263446769938145,True,,0.9172483675045995
PK,2026-09-23,15.14,15.22,14.95,15.07,2172604,47.2,,Z2G,MARKUP,0.025579158535153183,0.012768817204301008,-0.06802721088435382,-0.06975308641975297,0.5551181102362207,-0.008810366803887804,0.00715427158481341,0.14698001621197454,1.0,0.0,0.014363885088919393,0.9200657394941095,True,Consumer Discretionary,0.9174367890198822
ET,2026-09-29,19.94,20.01,19.77,19.91,10278983,27.8,,Z2G,MARKUP,0.01730793864200331,-0.02401960784313717,-0.07438400743840079,-0.08836996336996339,0.19917012448132795,-0.04132222070546265,-0.03870126537793095,0.019968922357317842,1.0,0.0,-0.030882352941176472,1.1935419921803772,True,Utilities,0.9176476921259171
LEU,2026-09-24,148.75,150.0,144.9,147.32,537970,41.2,,Z2G,MKDN,0.07166461666616329,-0.01688355021688359,-0.21483771251931993,-0.2936663949753081,0.15772827282728272,-0.07778746322119601,-0.12575933084160207,-0.23362802936818228,0.0,0.0,0.059845417740154616,1.0582771527502697,True,Materials,0.918177744645939
SGHC,2026-09-21,12.5,12.68,12.31,12.52,3550439,32.7,T5,,MARKUP,0.03456136243242433,-0.09863210943124556,-0.05935386927122466,-0.210592686002522,0.05915492957746454,-0.06712207708473761,-0.07743334539227509,-0.007997763357880938,1.0,0.0,-0.036776212832550725,1.223967582111556,True,,0.9186392125787004
ARWR,2026-09-30,66.8,66.8,65.09,65.45,1742746,31.7,,Z4,MARKUP,0.053450261664148756,-0.022550776583034504,-0.20896785109983074,-0.3145879149649178,0.04634920634920639,-0.09449689669652661,-0.15396922036864147,-0.059182957697268335,1.0,1.0,-0.007906976744186056,0.809873659828452,True,Healthcare,0.9189545630556515
GNRC,2026-09-24,195.1,199.5,193.96,198.05,870521,50.6,T5,,MKDN,0.053735617781808596,-0.044298605414273884,-0.04147710773400437,-0.3156767216060261,0.21349862258953173,0.012299793683021809,-0.034578608000578215,-0.04890730005545829,0.0,0.0,0.11953823953823961,1.0424781947644428,True,Industrials,0.919683034947269
GTE,2026-09-28,9.82,10.0,9.65,9.65,533458,46.2,,Z10,MARKUP,0.05000183092200152,-0.026236125126135157,-0.022289766970617908,-0.16232638888888884,0.6666666666666667,-0.03729168772960634,0.026176544313090355,0.25330919044536304,1.0,0.0,0.014877789585547418,0.9427073449553329,True,Energy,0.9208745936420205
SCL,2026-09-29,63.57,64.47,62.17,62.19,145696,47.3,,Z2G,MARKUP,0.026653269431740595,-0.03401677539608572,-0.006708193579300414,-0.06831460674157308,0.6246913580246911,-0.011660926094143598,0.007478550723591049,0.10294203410407876,1.0,0.0,0.03668500917125228,0.80384206500968,True,Materials,0.9213538870105697
DRI,2026-09-28,200.77,202.39,195.19,197.02,1494178,35.4,,Z2,MARKUP,0.02883792947204,-0.06762576309687185,-0.08630524509576587,-0.1424965181058495,0.15575038679731873,-0.06043148248281882,-0.06386616487962193,-0.04044336530329806,1.0,0.0,-0.05109382596013612,1.3068012856917839,True,Consumer Discretionary,0.9224384501476987
UHS,2026-09-30,175.86,175.97,173.73,174.26,613503,49.2,,Z2,MKDN,0.030805986044277485,-0.03930756932576218,0.02055636896046842,-0.06342040202085353,0.7298534798534796,-0.008518817631600561,0.015945867963238047,-0.012552566020592848,0.0,0.0,0.04386228444391027,0.892638038350698,True,Healthcare,0.9228167929429679
CTBI,2026-09-29,75.16,75.66,73.62,74.5,133661,38.4,,Z2G,MARKUP,0.01871428986115789,-0.007857237981089393,-0.021410744778668,-0.06781781781781782,0.4184549356223179,-0.019001980853587508,-0.014735226008013136,0.0866849660373612,1.0,1.0,-0.010749798441279212,1.2042069581100667,True,Financials,0.9236523121265808
AEVA,2026-09-25,15.68,15.97,15.12,15.35,992444,44.7,,Z3,ACC-TR,0.07663405097138291,0.03716216216216206,-0.06345332519829172,-0.46253501400560226,0.12225913621262459,-0.02614655835327484,-0.11466362991563106,-0.14093611699379816,0.0,0.0,0.044604316546762446,0.8990585150275214,True,Industrials,0.9236687817172718
AADX,2026-09-30,12.0,12.46,11.7,12.03,2310687,34.5,T9,,ACC-TR,0.06530971955701187,-0.05200945626477538,-0.04143426294820729,-0.48960543063215956,0.053322395406070436,-0.06475346974133045,-0.18522942602538284,,0.0,0.0,0.028119507908611396,0.9041838927465098,True,,0.9243272231043033
ADMA,2026-09-25,9.55,9.62,9.23,9.38,3566528,50.4,,Z2,MKDN,0.03632793075805192,0.029637760702524885,-0.010548523206751037,-0.09371980676328495,0.5570776255707767,0.0001735800777498131,0.0065482614883514145,-0.1771467452647475,0.0,0.0,0.06557377049180335,1.009470762635363,True,Healthcare,0.9257543607980514
UI,2026-09-24,563.35,575.0,560.0,563.11,135951,46.8,,Z2G,MKDN,0.04451981877983432,-0.055881563946080126,-0.05645107238605884,-0.10232743503905617,0.49484536082474245,-0.018138037874660062,-0.024057889307632974,-0.09424051413789669,0.0,0.0,0.1194850368830338,0.8104777770271606,True,Industrials,0.9260342686510437
DEI,2026-09-21,10.35,10.45,10.27,10.41,1707365,31.2,T2G,,MKDN,0.027727677089557094,-0.015137180700094621,-0.11704834605597958,-0.1967592592592593,0.08928571428571426,-0.0474541200261529,-0.08347434400738951,-0.11008767518208751,0.0,0.0,-0.034220532319391594,1.3686506164391203,True,,0.926761402584745
DCTH,2026-09-25,16.09,16.15,15.56,15.6,262282,44.3,,Z4,MARKUP,0.032219609013356285,-0.03165735567970207,-0.0482001220256254,-0.10447761194029859,0.6925675675675673,-0.03001131472141816,0.017777786411543595,0.20993530240216352,1.0,0.0,-0.010204081632653073,0.8364134927265926,True,,0.9268332230779575
NNN,2026-09-30,41.44,41.49,40.95,41.09,1835121,19.7,,Z4,MKDN,0.016635320692857027,-0.005806919912896058,-0.09173297966401406,-0.17819999999999991,0.02409638554216932,-0.03434891451994582,-0.07004911305380035,-0.07327852956001502,0.0,1.0,-0.002197265625000111,1.1257334890325454,True,,0.9268373714259055
MSM,2026-09-25,120.73,122.0,120.33,121.22,578363,50.8,T9,,MARKUP,0.024720480435767276,-0.008100810081008047,-0.0064748791082698265,-0.07082630691399672,0.3727087576374741,0.002029840630061619,0.007973566152353895,0.12006692706842648,1.0,0.0,0.03404475935366791,1.0730323508787611,True,,0.9270162413956029
GRPN,2026-09-29,19.62,20.16,19.54,19.99,976233,48.6,T3,,MARKUP,0.05880922072761285,-0.06062030075187985,0.04223149113660063,-0.33143812709030107,0.18570254724732937,-0.004229515911106985,-0.03480055564259421,-0.006928257809943217,1.0,0.0,0.10208685843203602,0.8529653190325602,True,,0.9279352880670828
KNSA,2026-09-30,76.55,76.55,73.76,74.61,650611,43.6,,Z4,MARKUP,0.03392519325467607,-0.019321766561514186,-0.05890514631685173,-0.1004340487099108,0.6359265734265734,-0.02631615575832802,0.003818027252516343,0.2614304734352746,1.0,1.0,-0.009534040553242806,0.9861320840165955,True,Healthcare,0.9292068639155691
BSP,2026-09-21,38.65,38.99,36.91,38.81,1875926,44.3,T9,,ACC-TR,0.0728765804035287,-0.054567600487210544,-0.06142684401451026,,,-0.025765121991537798,-0.02468038666248651,,0.0,1.0,-0.010455764075066987,1.408977504167932,True,,0.9292967730254905
BWFG,2026-09-30,65.48,65.7,64.75,64.8,111032,41.0,,Z2,MARKUP,0.021874213212234473,-0.010082493125572856,-0.010082493125572856,-0.06883172869665188,0.6467551622418874,-0.021055316034485627,-0.003245836755801368,0.14945958529802872,1.0,0.0,0.025823827629911422,0.9507677502493413,True,Financials,0.9298543843031224
AVAV,2026-09-22,164.1,164.1,153.53,156.15,1368613,50.0,,Z6,MKDN,0.05961015108959449,-0.005350659277660985,0.053643724696356365,-0.24866477409421162,0.2566168009205984,0.004408804964970203,-0.018873857053380072,-0.19159491423666808,0.0,0.0,0.0917504157327742,0.7064632313575165,True,Industrials,0.9301577375770739
AUGO,2026-09-30,80.7,81.56,78.61,78.68,517069,43.1,,Z3,MARKUP,0.056730088331386784,-0.07804077806421372,-0.004680581910183279,-0.15841266445609148,0.6740757042253523,-0.05752900920764725,-0.008622871487663608,0.14967727737642167,1.0,1.0,-0.02023158162616112,0.7516622869294779,True,,0.9305427854288597
GEL,2026-09-29,13.95,13.97,13.75,13.82,332486,25.6,,Z2G,MKDN,0.03017708630578878,-0.05601092896174864,-0.15318627450980393,-0.17096580683863238,0.02397260273972611,-0.0757399013832949,-0.0952578370190974,-0.12646880741345046,0.0,0.0,-0.049100968188105165,0.6873138487947832,True,Energy,0.9312350874605776
CRS,2026-09-24,391.21,402.52,386.5,400.85,656010,25.4,T4,,MARKUP,0.042390219855022865,-0.014408300754837455,-0.1712838536282819,-0.3596543075767983,0.0599189945300431,-0.08164167790416688,-0.160042200317292,-0.09650376104582525,1.0,1.0,-0.021518987341772156,1.0116293128321021,True,Materials,0.9315296674050197
SNPS,2026-09-21,387.33,404.06,385.92,401.85,1668908,50.8,T1G,,MKDN,0.036747360643464455,0.05353538001730329,0.01000326739889923,-0.13576928039915692,0.3836766572293274,0.012088848408145614,-0.017162225446012203,-0.08805846203756795,0.0,1.0,-0.04501633126119475,1.0592463306832811,True,Technology,0.9324564543532792
FRSH,2026-09-21,12.27,12.46,12.15,12.45,3072785,49.7,T9,,MARKUP,0.03916327085339055,-0.015031645569620333,-0.04083204930662565,-0.11007862759113662,0.6751054852320674,-0.008082243933657307,0.037592301610964496,0.13447351523162343,1.0,0.0,0.03846153846153855,1.012974152433836,True,Technology,0.93267616269299
ALRS,2026-09-29,32.06,32.3,31.42,31.77,135421,36.6,,Z2,MARKUP,0.021934999979820426,-0.013354037267080843,-0.03434650455927046,-0.07645348837209298,0.5303571428571429,-0.024469108980910592,-0.019895217684456568,0.10697012892467783,1.0,0.0,-0.014738162433364677,1.2083691405260082,True,Financials,0.9334608198911892
CHYM,2026-09-30,26.64,26.97,26.36,26.64,5189529,35.1,,Z7,MARKUP,0.049460778077567664,0.006802721088435382,-0.1585596967782691,-0.25063291139240496,0.41840731070496096,-0.09153026248088236,-0.06992181605106162,0.05935625785098453,1.0,1.0,-0.01444866920152088,0.6090035712789589,True,Financials,0.9335550257179348
MRP,2026-09-25,27.0,27.27,26.82,27.19,1862111,30.2,T6,,MKDN,0.027561465006551725,-0.058191894700381,-0.10852459016393434,-0.15480261112838045,0.08791208791208797,-0.06130411717939166,-0.07276536586455795,-0.07928554448588299,0.0,0.0,-0.060499472388322206,1.2819514441079667,True,Real Estate,0.933658655423603
UUUU,2026-09-22,12.31,12.33,11.91,12.14,8355723,39.0,,Z6,MKDN,0.0633313561469272,0.02360876897133224,-0.18413978494623662,-0.26424242424242417,0.24956970740103288,-0.07496922950982099,-0.11928887135215893,-0.21994725761424128,0.0,1.0,-0.01964133219470543,1.2448505322184809,True,Materials,0.9341098246983848
CLDX,2026-09-30,31.71,32.76,31.45,32.41,2502508,32.8,T2G,,MARKUP,0.05881640792334413,0.04145244215938293,-0.17405708460754343,-0.2820115197164378,0.13753387533875322,-0.08392972679488808,-0.12154513210237705,-0.021570544655293955,1.0,1.0,-0.00032905561039819897,1.0921012852996157,True,Healthcare,0.9349285687186134
DKS,2026-09-29,136.0,136.54,133.6,134.7,2787107,41.8,,Z5,MKDN,0.04462423087747911,0.00567418246976259,-0.002960769800148033,-0.4173119349396548,0.13105746712304076,-0.016131106995433075,-0.1534410219280966,-0.30161538788627695,0.0,0.0,0.08206408655846853,0.7522130979513818,True,Consumer Discretionary,0.9375130698425181
ROIV,2026-09-29,37.03,37.34,35.75,36.5,6587919,45.1,,Z3,MARKUP,0.03964696056140025,-0.04500261643118786,0.05369515011547343,-0.14117647058823535,0.40179461615154544,-0.0300869569315938,-0.001233378562710774,0.2067991687145534,1.0,0.0,0.05533951540532467,0.7716192710195819,True,Healthcare,0.9377436302236045
SYM,2026-09-28,42.77,43.25,41.87,42.0,900371,48.2,,Z2G,MKDN,0.0436029667551594,-0.04458598726114649,0.053159478435305774,-0.12935323383084585,0.409090909090909,-0.016851421786342802,-0.016917301202237556,-0.11535565333872355,0.0,0.0,0.11119957537154979,0.8008813914253679,True,Industrials,0.9380843074755119
ABM,2026-09-30,48.66,48.7,47.94,48.1,477041,45.0,,Z2,MARKUP,0.024285619961713786,-0.03199839001811222,0.036414565826330625,-0.062195359719243504,0.5569444444444445,-0.017235363561704742,0.0029457325556085934,0.05758497104359872,1.0,0.0,0.047410967882892674,0.7788896851186458,True,,0.9381174792272967
NTCT,2026-09-29,39.49,39.68,38.41,39.0,536554,52.0,,Z4,MARKUP,0.024820670553540643,-0.0035769034236076136,0.004378058202420876,-0.13869257950530034,0.2919954904171366,0.006158020672863973,0.0008464057813153403,0.09509697780798732,1.0,0.0,0.054929964295523215,0.7279237779256403,True,Technology,0.9385384139615759
MKSI,2026-09-28,259.56,259.69,251.19,258.38,1089634,46.7,,Z2G,DIST-TR,0.04640144898857597,0.005682702786859561,0.010243978730059444,-0.32989262928575136,0.19042769857433803,-0.004571119765760301,-0.07273602515183719,-0.01709775718574935,1.0,0.0,0.09949225247308058,1.1934260957115088,True,,0.9396863240768422
OCTV,2026-09-28,18.37,18.69,18.15,18.58,1972595,48.4,T5,,MARKUP,0.04427482840529536,-0.03279541905257688,-0.06397984886649888,-0.09718172983479112,0.6131528046421663,-0.013076568702509728,0.00290848790839604,,0.0,0.0,0.0651408450704225,0.5797041112093557,True,Technology,0.9397725910971885
OPFI,2026-09-25,6.25,6.32,6.2,6.28,541109,31.3,T1,,MKDN,0.047911695730814025,-0.038284839203675314,-0.12167832167832171,-0.38370951913640816,0.020050125313283228,-0.09562973722454826,-0.17094318564101407,-0.28682382426164743,0.0,0.0,-0.050535987748851485,0.8523315434916627,True,Financials,0.9427702072405013
PLAB,2026-09-24,29.95,30.06,29.38,29.81,575194,52.3,,Z1G,MKDN,0.04255512542906204,0.04559803577692034,-0.014545454545454639,-0.21366394091268792,0.2622950819672131,0.018381417794728794,-0.018118263769608012,-0.08230701536131624,0.0,0.0,0.058299294467137,0.6846722537668476,True,Technology,0.9433804036465613
LFUS,2026-09-30,429.41,434.0,420.86,423.74,181895,52.6,,Z2,MARKUP,0.033445416640710914,0.0031011055086049844,0.03626714925044627,-0.11035061935754775,0.45797669382283196,0.010952366970842453,0.003890106451245545,0.0983351686010343,1.0,0.0,0.04804174874011924,0.887915662928947,True,Industrials,0.9441694459886639
ORKA,2026-09-30,83.33,86.51,82.27,83.29,1535622,35.4,,Z11,MARKUP,0.059270925307915265,-0.07373220640569389,-0.09575507545326234,-0.2789993074792243,0.07385057471264389,-0.07834201110815076,-0.08919263010839362,0.211757107799881,1.0,0.0,-0.04576470588235293,1.1301933774215485,True,Healthcare,0.9442100797820713
TARS,2026-09-23,77.18,77.61,74.2,74.29,674306,46.4,,Z2,MARKUP,0.042040325015761944,-0.043147861926841724,0.03974807557732696,-0.1883535452856986,0.5419766206163658,-0.03682595635560981,0.023310064951504117,0.11265724136880051,1.0,0.0,0.06808694400460635,0.727346392599869,True,Healthcare,0.9443238796097307
EXPD,2026-09-30,188.29,188.31,184.32,184.64,1159523,45.0,,Z4,MARKUP,0.020889422036465675,-0.01802903791948096,-0.016302610548748042,-0.05113315175497213,0.6829190567240274,-0.017327843209590355,0.004553809664324282,0.12922148985718618,1.0,1.0,-0.0050463942699006115,0.9469238182274571,True,Industrials,0.9451807434352151
LTBR,2026-09-25,6.88,6.97,6.71,6.85,661955,42.3,,Z5,MKDN,0.05704967301634493,0.05061349693251538,-0.1605392156862746,-0.2916235780765254,0.15568862275449089,-0.03613828417161913,-0.12143678241409361,-0.36400558567792696,0.0,0.0,0.03001579778830954,0.7185300344827334,True,Materials,0.9452964543326058
SKT,2026-09-29,34.77,35.08,34.68,34.86,942501,20.7,T2,,MARKUP,0.017414964294488883,-0.020786516853932624,-0.07557677008750996,-0.1801505174035749,0.040100250626566435,-0.032715886568954966,-0.06555247917294338,-0.04715064235108468,1.0,0.0,-0.024569330697542968,1.1689098733514014,True,,0.9453604308449609
ZD,2026-09-28,56.38,56.71,55.55,55.68,555122,46.5,,Z2G,MARKUP,0.02905371436752372,-0.031146685227074977,-0.0025080616266571765,-0.0793650793650793,0.5238095238095241,-0.01682494150240288,0.013552247823269692,0.18613691828746393,1.0,0.0,0.016654465592972123,0.728615786280449,True,Communication Services,0.9463541759153746
DNTH,2026-09-30,88.19,90.71,87.58,88.05,1030794,29.1,,Z11,MARKUP,0.05509320965813653,-0.05768407534246578,-0.1741699493528419,-0.25305395317271806,0.10042219541616401,-0.0948619695068813,-0.12500796656839097,0.06503956639796993,1.0,0.0,-0.05635999108932954,0.887691376491897,True,Healthcare,0.9465999216602354
TBCH,2026-09-23,12.75,13.0,12.7,12.77,296647,53.0,T5,,MKDN,0.03838307027122761,0.015103338632750374,-0.006225680933852118,-0.10196905766526032,0.4081632653061223,0.015062216239040804,0.015570911839808188,0.01037719295521855,0.0,0.0,0.05777400169923541,0.7275810723121802,True,Industrials,0.946626826233739
APLE,2026-09-21,15.65,15.7,15.49,15.68,1717573,45.9,T2G,,MARKUP,0.02006110125622655,0.012919896640826822,-0.05938812237552504,-0.09259259259259267,0.24882629107981183,-0.004024148134732952,-0.013323893747051119,0.08331848466771863,1.0,0.0,0.0033003300330032292,1.245070385952679,True,,0.9470050066990838
AXON,2026-09-23,459.56,460.98,448.17,450.61,776022,37.0,,Z2,MKDN,0.0572497962977086,-0.03802143375603095,-0.2652219287088673,-0.3224622972017983,0.0700316551754045,-0.09011469407115369,-0.13370172526632962,-0.1542424842213762,0.0,0.0,0.02131381485061934,0.9114004051364761,True,Industrials,0.9471943306811635
COMP,2026-09-30,9.04,9.34,8.87,8.88,17522776,29.6,,Z2,MARKUP,0.056763037693839676,-0.03056768558951961,-0.14036786060019357,-0.34705882352941164,0.0021141649048629094,-0.108385183729245,-0.1593535166950697,-0.10567704763645469,1.0,0.0,-0.019889502762431066,1.0840059835092686,True,Real Estate,0.9475999981435694
PEN,2026-09-29,318.73,318.98,318.14,318.86,189852,44.3,T12,,MARKUP,0.0057553698389925505,-0.0016594132565201924,-0.013122872175796996,-0.029640900791235603,0.24554608830364136,-0.00280129540441576,-0.005946097949173557,0.010957335947438862,1.0,0.0,0.004230198566783638,0.8183259890760193,True,,0.948422975081889
PEB,2026-09-22,18.44,18.7,18.09,18.26,1676065,52.1,,Z5,UTAD,0.028566855145129067,0.003848268279274425,-0.0032751091703056012,-0.08379327646763668,0.33730158730158794,0.008588463714053196,0.010288469064094974,0.17206549395098136,1.0,0.0,0.004595060310166543,1.0469819922477388,True,,0.9484697480073309
NVMI,2026-09-25,367.85,372.0,365.44,368.23,341106,49.8,T2G,,ACC-TR,0.04179939884401357,0.03403442756451658,-0.007252237679283957,-0.2753375054118943,0.216497731981856,0.011867041725023952,-0.05355000210210037,-0.10797043409419049,0.0,0.0,0.06933276693873847,0.5993238105417766,True,,0.9487341404346363
AI,2026-09-29,10.38,10.74,10.23,10.34,3583506,47.5,,Z2G,MKDN,0.046331459060677586,-0.047004608294930805,-0.044362292051756014,-0.09138840070298782,0.7002881844380401,-0.020223084811630265,0.009504115144766567,-0.09244817247681714,0.0,0.0,0.07594936708860756,0.6625378241750941,True,Technology,0.9488381304152987
CRUS,2026-09-24,119.54,119.59,117.67,118.8,454515,50.1,,Z1G,MKDN,0.032353129083893865,-0.013043117055744902,0.07667210440456773,-0.2218510512870897,0.2702003878474466,0.0069425857747278386,-0.04097091185233748,-0.11364830805087411,0.0,0.0,0.10737812911725952,0.8624077318660283,True,Technology,0.9502593635850732
MFIC,2026-09-28,8.83,8.84,8.72,8.76,894498,28.7,,Z1G,MKDN,0.020833162261161463,-0.03311258278145701,-0.08939708939708935,-0.13694581280788187,0.027972027972027382,-0.04174512434644506,-0.07450418504915868,-0.16483062462932474,0.0,0.0,-0.027870680044593032,1.3337794367311036,True,,0.9507960440895405
HRTG,2026-09-30,33.34,33.45,32.91,33.15,432811,46.1,,Z9,MARKUP,0.028163012074856813,0.002419110976715988,-0.01690391459074736,-0.09178082191780823,0.6898148148148147,-0.01701274855562862,0.021961824800587726,0.16139850503875963,1.0,0.0,0.0015285845307244639,0.9698396905746121,True,Financials,0.9510397147621926
ONON,2026-09-29,30.04,30.26,29.5,29.55,8455886,51.1,,Z4,MKDN,0.04040729307478156,0.005444028581150118,0.03684210526315801,-0.24674993627326014,0.247863247863248,0.0171724801339439,-0.044076485719991676,-0.20518510787198052,0.0,0.0,0.11077389984825503,0.9989362346103162,True,,0.9524018929773489
ENR,2026-09-30,21.99,22.03,21.36,21.39,937972,48.9,,Z2,MARKUP,0.03775389891453658,-0.02772727272727271,0.029850746268656803,-0.07362494586401036,0.58128078817734,-0.007810352507143126,0.003168266142734799,0.024520244802807678,1.0,0.0,0.0815189873417721,0.8478030563805218,True,Industrials,0.9536623176166179
SHOP,2026-09-21,128.79,138.03,126.39,137.92,16606963,51.3,T1G,,MARKUP,0.0445274041129216,0.030099335275225902,-0.07591289782244559,-0.13186882356643803,0.5618071533152057,0.013016720275107696,0.023340440082070257,0.06395851239093964,1.0,0.0,0.01902765459969369,1.1096905650397764,True,Technology,0.9545605622801097
AIT,2026-09-21,318.02,324.39,314.44,320.39,299011,42.0,T11,,MARKUP,0.025302641512495727,0.003696626045549989,-0.06214507347345011,-0.14517075773746002,0.15982087708461964,-0.015456713940496192,-0.029744226581295385,0.0484781760040045,1.0,1.0,-0.008257900587581468,1.3737276895341894,True,,0.9554657012180936
CASS,2026-09-21,54.84,55.63,54.79,55.09,90915,44.3,T1,,MARKUP,0.02392391631243457,-0.010596264367816022,-0.023226950354609865,-0.07613617306724796,0.4983425414364644,-0.010513844106477155,0.0019890667336524004,0.11117766192302958,1.0,0.0,0.04663312693498467,1.1769638434951197,True,Industrials,0.9576147459834204
ACAD,2026-09-21,27.43,27.43,26.34,26.39,1351976,37.3,,Z6,MARKUP,0.0320667311134694,-0.0410610465116279,-0.10542372881355933,-0.147609819121447,0.3209509658246657,-0.050804028994048456,-0.03277656774708804,0.06088215046458845,1.0,0.0,-0.028044280442804492,1.3778619457607812,True,Healthcare,0.957616680333616
RCBC,2026-09-28,51.24,51.25,50.26,50.58,61442,46.6,,Z3,MARKUP,0.025931186826619844,-0.03858582018627643,-0.005700805976017298,-0.07835276967930038,0.6455070074196205,-0.015539456017080955,0.02201436365814602,0.13529629957289435,1.0,0.0,0.045369406867846074,0.9016023483706516,True,,0.9576967208902841
OPY,2026-09-22,118.39,119.03,111.05,112.94,180988,42.9,,Z1,MARKUP,0.04393655018018629,-0.05639568886289581,-0.024107837207292926,-0.1027963139497935,0.4556163230963399,-0.04038528045263379,-0.01940534951325923,0.12822911293236228,1.0,1.0,-0.005855855855855907,1.3312088521194618,True,Financials,0.9584018358446434
CLBK,2026-09-25,11.3,11.38,11.22,11.33,2380046,38.2,T2G,,ACC-TR,0.023787218139795625,-0.021588946459412783,-0.034923339011925014,-0.5613627564847077,0.053524804177545716,-0.018409441146443828,-0.11420013894107428,-0.27398215816000526,0.0,0.0,-0.015004413062665534,1.0009326724747258,True,Financials,0.9598280619156987
STM,2026-09-25,51.8,52.09,51.22,51.93,10089072,51.1,T2G,,DIST-TR,0.034690024091931,0.034874451972897624,0.011492014024152564,-0.29221752759983655,0.17027863777089774,0.014762098297553594,-0.030843151579393435,0.06073463298660342,1.0,0.0,0.06669471912476332,1.0932027070907964,True,,0.9610435651384011
CGAU,2026-09-30,22.22,22.27,21.77,21.78,1111219,46.4,,Z4,MARKUP,0.03946298440907962,-0.03670942061034932,0.0,-0.11174551386623155,0.7181069958847738,-0.02656640895241713,0.021674170630363587,0.22127873966377565,1.0,1.0,-0.021435228331780132,0.8967748642064587,True,,0.9612393372741241
AMTB,2026-09-30,29.16,29.53,28.59,28.67,459373,44.9,,Z2,MARKUP,0.02661310785572048,-0.0006971070059254014,0.008441786844882282,-0.0630718954248366,0.6728813559322036,-0.01749910956336409,0.006091716756801091,0.15469135396656042,1.0,0.0,0.010247349823321539,0.9824252025741708,True,Financials,0.9615608336187607
NEU,2026-09-21,895.15,897.76,882.03,884.98,118821,48.1,,Z2,MARKUP,0.027294026846143623,0.005065188752101157,-0.055860200140824046,-0.09848623759753883,0.622269974604415,-0.007260831884048691,0.017983915192208988,0.13781354849954996,1.0,0.0,0.03805958508812979,1.0696866341748885,True,Materials,0.9624027061537264
ON,2026-09-24,72.5,73.3,71.79,73.15,10430666,48.0,T12,,MKDN,0.04767484689284626,0.07101024890190355,-0.0009560229445505497,-0.28731488698363206,0.199511400651466,0.0016690659190365942,-0.07062886607860186,-0.07207596299230046,0.0,0.0,0.03601823708206697,1.1805817081630883,True,Technology,0.9624819991781598
HMC,2026-09-30,32.1,32.18,31.6,31.6,658162,46.3,,Z2,MARKUP,0.01901760776294784,-0.01710730948678063,-0.013424914142990962,-0.05530642750373693,0.6890756302521007,-0.016576068995833526,0.011013153509970453,0.07592218481261659,1.0,0.0,0.017713365539452575,1.0497252820667085,True,,0.962533716817934
INBX,2026-09-30,105.67,106.94,100.08,100.08,389479,42.8,,Z6,MARKUP,0.07325157373951036,-0.0024917771354530105,-0.19717631958928283,-0.23608884817952824,0.4219772005232667,-0.0559772274248852,-0.03736275020569024,0.13064882589669313,1.0,0.0,0.04351063829787227,0.7070174525723423,True,Healthcare,0.9637555056382399
PCT,2026-09-22,5.74,5.74,5.51,5.59,2858197,34.9,,Z2,MKDN,0.06241589534395648,0.0017921146953405742,-0.15431164901664152,-0.33133971291866027,0.06418918918918905,-0.07786670555808317,-0.15806413645147854,-0.3139314147788118,0.0,1.0,-0.018181818181818077,1.219740311431933,True,Materials,0.9637939884464841
HNST,2026-09-30,5.27,5.27,5.11,5.13,1354199,44.8,,Z6,MARKUP,0.04281671641171917,-0.009652509652509633,-0.08880994671403197,-0.14642262895174707,0.6378600823045267,-0.03344041645837248,0.024577002846768004,0.262891706720338,1.0,0.0,-0.013513513513513375,0.7613451136274156,True,Consumer Discretionary,0.964345311967
TEL,2026-09-30,212.75,214.17,210.67,211.08,1677479,52.2,,Z2,MKDN,0.026720918397634075,-0.015439152945566414,0.0148076923076923,-0.04906068387619944,0.6564668769716091,0.00503436092057874,0.012365846256548352,0.007523345515313196,0.0,0.0,0.04474026623961569,0.8832089527722906,True,,0.9655326557959134
PARR,2026-09-29,76.37,79.08,75.83,78.31,747566,46.8,T4,,MARKUP,0.05400513658856965,-0.01011250158007837,-0.020145145145145094,-0.10727314181486547,0.6714385474860336,-0.020247161541968484,0.013200059106703854,0.26301906755954585,1.0,0.0,0.01810699588477349,0.9495020543369096,True,Energy,0.9677859583237148
PRKS,2026-09-30,32.39,32.82,31.97,32.4,649722,24.4,T9,,MKDN,0.04784669293360527,-0.012496190185919076,-0.16322314049586784,-0.352,0.04243743199129476,-0.08942022808324435,-0.17105851775991265,-0.19835763858393674,0.0,1.0,-0.021052631578947212,0.809809821889748,True,Communication Services,0.9696824570910656
XOM,2026-09-21,160.96,161.95,157.94,158.3,15745952,44.6,,Z1G,MARKUP,0.024244080741435785,-0.04107099588078511,-0.041245230452425674,-0.06684744164112222,0.6694841154182459,-0.024773450998259783,-0.001212049109858948,0.08336850251263761,1.0,0.0,0.01686840072109197,1.2062089865405978,True,,0.9698277666463807
MEI,2026-09-22,13.41,13.95,13.41,13.52,578075,41.6,T9,,MARKUP,0.07971218171781441,0.026575550493545874,-0.03635067712045614,-0.3366045142296369,0.10091743119266051,-0.06953977992635163,-0.0889764118245363,0.14429739862324054,1.0,1.0,-0.015220700152207112,0.7001265082298732,True,Technology,0.9703761235783849
ROG,2026-09-21,132.08,132.08,129.52,129.85,192023,49.2,,Z10,MARKUP,0.03854002133402977,-0.01628787878787885,0.026076649545634156,-0.22366375702499097,0.2905366963777735,-0.0011708940430863457,-0.014814798412507768,0.07325759911168706,1.0,0.0,0.035180882841022276,1.3468055155398166,True,Materials,0.9708473462607613
MAX,2026-09-21,10.65,11.34,10.43,10.79,713541,32.3,T1G,,MARKUP,0.05471725886205625,-0.06982758620689655,-0.16615146831530148,-0.26598639455782314,0.1213483146067414,-0.07912193276058244,-0.10563970848703108,-0.04232425159962361,1.0,0.0,-0.08400357462019659,1.149550394789766,True,Industrials,0.9718433191533836
CAKE,2026-09-21,97.5,100.04,96.97,99.47,1118249,44.2,T2G,,MARKUP,0.03691339215009534,-0.05419796519920128,-0.12229771463866579,-0.16030727671787937,0.5570328901329601,-0.032159469222364456,0.0036642110483087187,0.27659320775145635,1.0,0.0,-0.05023106288929069,1.0129872121802481,True,Consumer Discretionary,0.971993981022119
AHRT,2026-09-29,5.92,6.03,5.87,6.02,1308755,37.1,T2G,,MARKUP,0.025632247857072705,-0.02746365105008086,-0.07098765432098775,-0.16272600834492357,0.16428571428571392,-0.0346086279299993,-0.07013282055125569,,0.0,0.0,-0.06310679611650483,1.4069306908267272,True,Real Estate,0.9720076584973464
CRCL,2026-09-30,85.72,86.95,82.11,82.17,8712894,44.6,,Z2,MKDN,0.07500110240244232,-0.10412123855211508,-0.08169423334823422,-0.2043958171959721,0.535431338028169,-0.06836158040880935,-0.03094132250872894,-0.07999806667030085,0.0,0.0,0.049194991055456105,0.6890380766437061,True,Financials,0.972040168286485
PBAM,2026-09-25,86.52,86.75,85.8,86.25,110353,38.9,,Z10,MARKUP,0.018834321285288315,-0.031769196228109586,-0.023216308040770017,-0.06341622325985452,0.6932773109243696,-0.023899353470981044,0.004790531359761152,0.15323154381751602,1.0,0.0,-0.019558503946013994,0.8643077838776877,True,,0.9731976015314177
GLBE,2026-09-28,39.55,40.37,38.42,39.28,1705934,51.3,,Z2G,MARKUP,0.039109963627465105,-0.010330057949105464,-0.016770963704630826,-0.1070697885883155,0.5345849802371543,0.004069743722419528,0.020682143745171855,0.09033638912693931,1.0,0.0,0.081644144144144,1.0179709755558384,True,,0.9732766856238445
PMTS,2026-09-24,24.3,24.38,24.0,24.3,148373,42.6,,Z7,MARKUP,0.05146307078336294,0.00496277915632759,-0.14466737064413937,-0.22239999999999993,0.4608223429014741,-0.04826813229090421,-0.019309288134357505,0.20099543104821804,1.0,0.0,0.08630136986301373,0.7742815450456827,True,Materials,0.9733252844082425
KOD,2026-09-22,32.71,34.45,32.46,33.8,1038343,39.0,T1,,MARKUP,0.05530111908889749,0.024552894816610937,-0.09188608275120913,-0.27885641135054406,0.14742335290280484,-0.03379136442163966,-0.0887347454609454,0.03446144041163368,1.0,1.0,-0.023831631073971016,1.396953122275946,True,Healthcare,0.9736006618161209
PL,2026-09-30,16.47,17.11,16.39,16.39,10282724,36.4,,Z10,ACC-TR,0.06352849862295216,0.0006105006105006083,-0.14901349948078924,-0.4350224060668735,0.058911260253542194,-0.06514960328137542,-0.1964659644810811,-0.30769780826223014,0.0,0.0,0.03205128205128216,0.8892493248400182,True,Industrials,0.9740069752416904
AMN,2026-09-23,34.78,34.78,33.66,33.91,347510,48.9,,Z4,MARKUP,0.03752937180526318,-0.028923253150057393,0.0,-0.08893068242880176,0.5304964539007087,-0.006370977289358981,0.012808623421590726,0.22813662125192358,1.0,0.0,0.05088979082110501,0.9947948363202473,True,,0.9743772542931547
AGL,2026-09-21,89.1,90.3,85.53,88.03,290948,42.8,,Z2G,MARKUP,0.0701391817832442,-0.047088114310456786,-0.0885276454752536,-0.33831930246542385,0.10747570890343054,-0.03445351949936537,-0.05447966706985252,0.2759378443235214,1.0,0.0,0.024573296211112483,1.2084144428250163,True,Healthcare,0.9746368666507991
NVGS,2026-09-29,22.67,23.14,22.53,22.99,336020,49.7,T3,,MARKUP,0.03085964177376413,-0.024193548387096753,0.03980099502487566,-0.09772370486656212,0.5808080808080806,-0.009350504828983919,0.02070457613546517,0.11370759934291508,1.0,0.0,0.053788587464920656,0.8248872514339456,True,,0.9752333810811314
PLPC,2026-09-30,421.36,421.6,406.02,407.2,84046,47.5,,Z2,MARKUP,0.04710249096336586,-0.046994944766897584,0.04786412763767367,-0.19316808337791513,0.5697895062000794,-0.01691837261014628,0.006874269581956138,0.20977935756406674,1.0,0.0,0.05698591622627758,1.0781281185578881,True,,0.9814575202858061
TGT,2026-09-29,157.55,158.47,154.67,156.43,3746002,48.5,,Z1,MARKUP,0.02533506192329498,-0.016287259464218384,-0.02766036797613125,-0.0838653001464128,0.6776226924808646,-0.00833055740844979,0.019610781377867648,0.18577382257738573,1.0,0.0,0.0026701400195376923,1.0064721706883017,True,Consumer Discretionary,0.9816052834097198
IDT,2026-09-25,67.85,68.54,67.27,67.46,219508,44.8,,Z3,MARKUP,0.028122332382518527,-0.03407789232531511,-0.020188816267247667,-0.06461453133666129,0.6704384724186698,-0.016215797823133316,0.01435320253404715,0.13713061917142455,1.0,0.0,0.006534954407295013,1.1629362185073848,True,Communication Services,0.9822664303200721
SOLV,2026-09-30,89.4,89.42,88.13,88.15,689738,47.2,,Z4,MARKUP,0.02188505936976504,-0.0024895326468258316,-0.030786146234194622,-0.06382752761257426,0.6902061855670106,-0.009202005819647141,0.013146386550840994,0.10406212722938757,1.0,0.0,0.018375130012712404,0.7816012024435963,True,,0.9837177293490729
EMR,2026-09-21,151.08,152.25,149.69,151.72,2103765,50.7,T2G,,MARKUP,0.024614719878815153,0.023061362103843575,-0.035228284369833385,-0.08794709948902912,0.5539634146341462,0.004951356827647357,0.008187817242683693,0.0570559753384674,1.0,1.0,-0.01264957264957256,1.1337191647576315,True,Industrials,0.9846562087502119
GLXY,2026-09-30,23.7,24.27,22.66,22.74,4755918,44.6,,Z2,MKDN,0.07258282154218035,-0.11826289259402878,-0.0294494238156211,-0.17846820809248565,0.47780126849894283,-0.056323463089024584,-0.057219560359258015,-0.09147942930034114,0.0,0.0,0.04858861638130496,0.6891079987432536,True,Financials,0.9852224241104476
OLMA,2026-09-30,8.59,8.86,8.42,8.64,1542813,31.1,T1,,MKDN,0.06130862857097705,-0.021517553793884425,-0.18181818181818177,-0.31537242472266236,0.05687203791469201,-0.096604554109332,-0.17033736015345535,-0.3279802359587459,0.0,0.0,-0.0344827586206895,1.0149800417073598,True,Healthcare,0.9855195836875372
NIQ,2026-09-30,17.46,17.55,17.01,17.01,1752092,44.3,,Z4,MARKUP,0.035596686651658396,-0.03952569169960474,-0.09134615384615374,-0.1361097003555104,0.7167019027484144,-0.04139294599893284,0.04472328147607674,0.22111768764144468,1.0,0.0,-0.027999999999999914,1.0070758834722353,True,Technology,0.9857170590483487
MRK,2026-09-30,148.94,149.27,145.26,145.31,10227005,48.1,,Z1,MARKUP,0.024971381669844105,-0.018706104808211887,-0.03036167089283337,-0.07398674483813394,0.6841675734494018,-0.012413141142372464,0.024011010613614214,0.18053219003722942,1.0,0.0,0.02065767284991571,0.9195206542052465,True,Healthcare,0.9863574759493626
CWBC,2026-09-30,26.29,26.34,25.82,26.04,198546,49.2,,Z2,MARKUP,0.02234538227567218,0.024390243902438824,0.012048192771084265,-0.07561235356762519,0.3999999999999994,-0.0028521640725351904,0.0020558276111335427,0.06262534001310205,1.0,1.0,-0.00827097282394651,1.159060598863657,True,Financials,0.986670788281713
SPTX,2026-09-25,22.2,22.44,21.45,21.52,192796,44.3,,Z5,MARKUP,0.08739213213799218,0.006077606358111165,-0.18019047619047623,-0.24171952078928827,0.3460438512869399,-0.04568482244693162,-0.03911584769160681,,0.0,1.0,-0.05545023696682472,0.6504688352321117,True,Healthcare,0.9871282714050545
SSMR,2026-09-25,15.17,15.72,15.01,15.35,238525,41.2,T3,,MKDN,0.07764799554866807,-0.10651920838183937,-0.18394471026049974,-0.21723610402855686,0.4,-0.06974171708240906,-0.05951119381959058,,0.0,0.0,-0.02790395846852689,0.7342372033701565,True,,0.987485405530222
POR,2026-09-23,47.22,47.45,46.67,46.92,1633721,34.6,,Z1,MKDN,0.01736918750100928,-0.020663744520976746,-0.058020477815699634,-0.132396449704142,0.03373819163292849,-0.02812213197245006,-0.04802363526403486,-0.05121326775885804,0.0,0.0,-0.01290186125211501,1.4010968533778827,True,Utilities,0.9883110961654441
PB,2026-09-30,67.25,67.89,65.88,66.21,1172675,21.9,,Z2,MARKUP,0.018923362636496476,-0.015757395570090704,-0.06350777934936358,-0.1272080147640391,0.033066132264528876,-0.045309753861525914,-0.06613713923314546,-0.0613525967513282,1.0,0.0,-0.01978872191638148,1.23851124953244,True,Financials,0.989876057432139
CGON,2026-09-30,70.34,73.16,69.23,70.89,1330927,44.9,T2,,MARKUP,0.04817295173994403,-0.033669574700109006,-0.06551542314790404,-0.1244905520563171,0.32620320855614954,-0.02634956211044981,-0.027350159577966937,0.11816747284900897,1.0,1.0,-0.05699999999999994,1.3719025413163335,True,Healthcare,0.9910783092336269
CVX,2026-09-30,205.09,206.83,204.21,204.21,6375501,47.4,,Z3,MARKUP,0.02034005787374169,-0.0063257262420319815,-0.032409381663113024,-0.06231058866746253,0.6934718771176871,-0.010737646574572324,0.011761371544035448,0.09740857532066993,1.0,0.0,0.024668890910929164,0.7737862668367632,True,Energy,0.9917685160607782
EQH,2026-09-30,52.13,53.0,51.23,51.27,2696740,45.2,,Z2G,MARKUP,0.026045425816689227,-0.01913143294432751,0.03869529983792552,-0.06883399927351974,0.6088751289989683,-0.021384261546514405,0.007758474066690058,0.08160938992982447,1.0,0.0,0.0515188834154352,0.7359281265777782,True,Financials,0.9926808997487836
TNDM,2026-09-30,16.63,16.68,16.0,16.31,2198743,38.6,,Z3,MKDN,0.06794808053967558,-0.004273504273504258,-0.23355263157894746,-0.34260378879484077,0.16992187499999986,-0.07063768842963913,-0.11707967361333882,-0.125646931773172,0.0,1.0,-0.06553245116572148,1.1392565501701073,True,,0.9928931413221277
LPTH,2026-09-29,10.08,10.18,9.88,10.02,1720918,45.5,,Z10,DIST-TR,0.0736302522002266,-0.012807881773399088,-0.003976143141153132,-0.3581037796284433,0.19102749638205502,-0.02253850216800246,-0.10312976143752717,-0.10547609445400685,0.0,0.0,0.09770114942528751,0.6021322686702476,True,Technology,0.9940213649708752
ELVN,2026-09-29,46.01,46.87,45.41,46.51,1256235,29.7,T2,,MARKUP,0.046797730531285935,-0.03486200456526245,-0.1965797201589221,-0.25369062901155326,0.12892561983471054,-0.08421366183969381,-0.116979644490663,0.0883674763291793,1.0,0.0,-0.07400419287211746,0.7768807715381484,True,Healthcare,0.9940281924549783
THC,2026-09-30,257.58,260.46,255.53,255.56,580158,46.2,,Z1,MARKUP,0.03112677877067244,-0.0034316019341755766,-0.0386698766175142,-0.09712065006182657,0.7334690711654062,-0.01656398690447436,0.01632416043572449,0.16639136378454844,1.0,1.0,-0.0183424716973688,0.7279542032967916,True,Healthcare,0.9946952414586256
AHCO,2026-09-25,5.58,5.67,5.52,5.64,1354243,39.6,T9,,MKDN,0.05357571923528945,-0.012259194395796924,-0.02758620689655178,-0.5179487179487179,0.06625577812018486,-0.04331172975186126,-0.17760513031376912,-0.3687891936068741,0.0,0.0,0.02985074626865658,0.7815597401190469,True,Healthcare,0.9984772039978236
FAST,2026-09-21,48.94,49.7,48.52,49.65,4471345,51.8,T4,,MARKUP,0.02097375731763357,0.0042475728155340065,-0.031408505657432695,-0.06161406161406158,0.631638418079096,0.0038551364705705637,0.013430307515389872,0.06685819759582734,1.0,0.0,0.018258132214060918,1.055645792016124,True,Consumer Discretionary,0.998600714023879
QUBT,2026-09-30,8.54,8.83,8.44,8.45,5593507,48.8,,Z2,MKDN,0.04962162915355998,-0.07346491228070173,0.06962025316455689,-0.13422131147540994,0.46747967479674774,-0.010003439733167863,-0.01444550202536743,-0.13190828030133195,0.0,0.0,0.10615989515072077,0.9938959012890536,True,Technology,0.9992421605629203
DXCM,2026-09-28,86.87,87.34,85.27,86.68,3401110,48.9,,Z10,MARKUP,0.02619129642695631,-0.02792418974991584,-0.045584672979519736,-0.06382978723404253,0.7413566739606129,-0.007565480398241897,0.023260180073244374,0.13542933636523014,1.0,0.0,0.03621339166362847,0.9093186285371875,True,,0.9995590666551427
ARI,2026-09-21,6.41,6.49,6.4,6.43,1920565,25.7,T3,,ACC-TR,0.018382027579956654,-0.021308980213089912,-0.07215007215007219,-0.4040778498609824,0.015801354401805738,-0.03836183145864025,-0.12217585286063315,-0.29298514616815086,0.0,0.0,-0.02752293577981646,1.1914315852961979,True,,0.9998389890608913
CHMG,2026-09-29,81.65,82.03,79.4,81.34,130091,43.7,,Z2G,MARKUP,0.02371903406250921,-0.0076857386848846465,0.0033304551622055367,-0.05418604651162784,0.658608058608059,-0.01445141074322065,0.0037099876663977405,0.16222284331919656,1.0,1.0,-0.004638335213739353,1.0908844454101292,True,Financials,0.9999124716783743
CXM,2026-09-23,5.4,5.47,5.32,5.43,1770359,36.2,T9,,MKDN,0.053625810776878106,-0.028622540250447304,-0.2730923694779117,-0.3442028985507246,0.1203703703703703,-0.08663969946730643,-0.11743758940733984,-0.13534813573533833,0.0,1.0,-0.013232514177693777,0.7189355498332348,True,Technology,1.000019271726519
ACNB,2026-09-21,64.55,64.75,63.55,63.85,57720,46.2,,Z9,MARKUP,0.024933329014784154,-0.017541160178488946,-0.009309542280837912,-0.05547337278106501,0.6093750000000006,-0.011290435073990968,0.00994109439711588,0.1402185078138629,1.0,0.0,0.010248198558847177,1.1702078550294042,True,Financials,1.0007747352061327
DKNG,2026-09-25,20.83,22.12,20.35,22.02,20468508,40.0,T6,,SPRING,0.05352673365507534,0.012413793103448256,-0.09083402146985964,-0.19985465116279066,0.23291492329149213,-0.04629435723273112,-0.0800857172942222,-0.17184719118466085,0.0,1.0,-0.06307550644567206,1.4330266297697192,True,Communication Services,1.0013881514848804
AVLN,2026-09-22,31.94,33.18,31.0,32.45,233278,42.5,T2G,,MARKUP,0.07046407567420292,-0.053383897316219286,-0.13902892013796753,-0.19218322130943488,0.49443352979698774,-0.05350434335259924,-0.03341850229176058,,0.0,0.0,-0.04970849953973622,1.373557625235881,True,Healthcare,1.002658987163081
CRBG,2026-09-30,33.73,33.99,33.12,33.12,8239058,44.0,,Z1,MARKUP,0.025168463628961586,-0.022720566538802056,0.02953061858874717,-0.07070707070707083,0.5827814569536418,-0.024273989139425245,0.002926803698087621,0.07882996370888162,1.0,0.0,0.04347826086956519,1.2031811530345542,True,Financials,1.002717725317282
MGEE,2026-09-29,68.82,69.33,68.18,69.24,366959,24.2,T3,,MKDN,0.022488887243321855,-0.04759284731774427,-0.10876560689921488,-0.1882766705744432,0.07113938692886006,-0.05887372261144008,-0.09390917205504212,-0.12455641256676742,0.0,0.0,-0.05933609958506214,1.2685542555482223,True,Utilities,1.0029880894428178
FBRT,2026-09-25,7.32,7.38,6.83,6.97,3271786,28.2,,Z2,MKDN,0.03831145058586592,-0.06693440428380193,-0.16825775656324593,-0.20160366552119136,0.0736842105263156,-0.09978206170076986,-0.12390960884925284,-0.20393340795500803,0.0,0.0,-0.0757780784844384,0.7991196025307121,True,,1.0035593188934098
LASR,2026-09-30,39.55,39.55,38.45,38.95,1078093,37.4,,Z2,ACC-TR,0.05619965400075743,-0.049536359199609414,-0.03397817460317454,-0.513732833957553,0.03787701660042096,-0.052770078654123864,-0.18563430068473474,-0.26215233944099103,0.0,0.0,0.030002678810608252,0.7113278558545357,True,Technology,1.0043199232180284
PLNT,2026-09-21,49.54,49.54,46.75,47.05,2782491,32.6,,Z2,MKDN,0.037805084245262736,-0.0803362001563721,-0.13191881918819193,-0.18031358885017423,0.02816901408450678,-0.06974606644395376,-0.09517551883083875,-0.2964090793310048,0.0,0.0,-0.037075180226570525,1.3172883079996898,True,Communication Services,1.004975029835103
MBX,2026-09-28,52.86,58.49,52.59,57.54,438894,42.7,T4,,MARKUP,0.06021665640877045,-0.05579258286839517,-0.08666666666666667,-0.20787444933920707,0.2568897637795275,-0.04658319721735538,-0.041632724047330316,0.2723350201311361,1.0,0.0,-0.10395615687617743,0.9188927862255125,True,Healthcare,1.0049769715524104
SU,2026-09-21,68.61,68.89,67.17,67.24,4441295,48.9,,Z1G,MARKUP,0.027351433889328994,-0.021536670547147918,-0.017246419175679706,-0.06688870385789625,0.743207245604688,-0.012326274049806574,0.01803222498026469,0.13278208575625827,1.0,0.0,0.04042750929368033,0.8434872841668888,True,,1.0050957168988472
SAH,2026-09-25,62.61,65.43,62.29,64.95,358305,33.0,T1G,,MARKUP,0.0499409954553963,0.020263901979264975,-0.18085508891411273,-0.42860913169701764,0.0691631639281621,-0.08594030958864807,-0.15914990932046713,-0.15102877976697981,1.0,1.0,-0.024650127226463203,1.0591872764864234,True,Consumer Discretionary,1.0070223489306132
BRBR,2026-09-22,9.19,9.3,8.91,8.99,2543982,31.8,,Z11,MKDN,0.054806827105965024,-0.01748633879781425,-0.17142857142857137,-0.37088873337998596,0.03107861060329067,-0.07332788417933667,-0.15089078884234786,-0.4899915082401519,0.0,1.0,-0.003389830508474523,0.953674613050749,True,Consumer Staples,1.0074736382663432
MSGS,2026-09-23,395.79,398.27,390.78,394.8,233076,49.9,,Z2G,MARKUP,0.023923225077276136,0.0024884464984002985,-0.029832407725954635,-0.10053994942245914,0.29482262703739204,-0.0005944652613394386,0.006629620864775143,0.1502048457101437,1.0,0.0,0.03576458084230105,1.224496212506404,True,Communication Services,1.0075362678429747
MGNI,2026-09-28,23.55,23.76,23.09,23.4,2125450,46.3,,Z2G,MARKUP,0.04207464441652285,-0.07546424338206248,-0.012658227848101333,-0.12816691505216105,0.6223929747530185,-0.026116807424880872,0.028922977653916826,0.248308101698542,1.0,0.0,0.028966131907308235,0.8593024779870623,True,Technology,1.0079528581013513
FICO,2026-09-21,964.19,967.99,921.02,924.52,487513,34.1,,Z2,MKDN,0.05318315519109819,-0.07686470294558168,-0.21161110968985308,-0.3443911017820547,0.07525182321914804,-0.0928757791333179,-0.1466540980497678,-0.256986196581398,0.0,0.0,0.04070056497175134,1.0528313202592632,True,Industrials,1.0088614034773977
MAN,2026-09-30,55.51,57.1,55.22,55.58,1017078,41.1,T12,,MARKUP,0.03859686550547968,-0.03120097611992334,-0.09168164732799478,-0.12993112085159686,0.6958592891168924,-0.033572824608578355,0.010604883271235321,0.2946945083729866,1.0,0.0,0.0018188432157149048,1.096630994737308,True,,1.0096607348386553
LFTO,2026-09-25,15.95,16.19,15.8,15.91,300455,33.6,,Z2,ACC-TR,0.06759500459369303,-0.029286150091519247,-0.1460010735373054,-0.39962264150943394,0.01762523191094615,-0.10158266639367552,-0.2001853639158604,,0.0,0.0,-0.0278293135435993,0.8062250021757803,True,,1.0110698852202773
RGA,2026-09-30,251.74,253.95,246.11,246.24,397306,48.8,,Z1G,MARKUP,0.02023485546227369,-0.002066869300911822,-0.005974487324398425,-0.044878010938287805,0.6185295087372242,-0.005878371293212559,0.014085936647871167,0.10554284082062115,1.0,0.0,0.013728084684088593,1.0816117228584032,True,Financials,1.011334282494611
BNS,2026-09-30,92.44,92.58,90.82,90.84,1968213,44.0,,Z1,MARKUP,0.017167786288163414,-0.015284552845528432,-0.0038381401469458343,-0.051180279924796235,0.5746527777777783,-0.01896992401654085,0.0006953578372106417,0.1187390803257713,1.0,0.0,-0.0002201673271687854,1.1850468797362153,True,Financials,1.0129814170393012
AVAH,2026-09-30,12.29,12.69,12.21,12.41,5800100,42.3,T12,,MARKUP,0.04220115532004253,-0.029710711493354136,-0.0780089153046063,-0.15635622025832774,0.6134453781512604,-0.048420620562848016,0.021654806988968822,0.31350234776187524,1.0,0.0,-0.047281323877068515,1.026315311206,True,Healthcare,1.014054622453064
TBBK,2026-09-25,50.34,51.15,50.23,50.58,425585,28.1,T2G,,MKDN,0.03869181054072967,0.006967947441767874,-0.23871161950632147,-0.30731306491372223,0.08817553839902485,-0.07625793560941019,-0.14999941625856872,-0.17143079214847368,0.0,0.0,0.013220409006403644,0.7318128237295249,True,Financials,1.0141443789865014
WAB,2026-09-21,284.19,285.03,280.57,283.38,781862,48.5,,Z5,MARKUP,0.021304397743943538,0.017814812154299142,-0.04768625869543297,-0.07585442212366289,0.5621234939759036,-0.0007298846494369071,0.0003266170615119357,0.08953163836559752,1.0,1.0,-0.00629686248817074,1.1880042868245853,True,Industrials,1.01511582248116
SMG,2026-09-22,52.39,53.32,52.2,52.68,1149213,29.2,T1,,MKDN,0.03614834192866109,-0.060795150650739926,-0.13198220464656452,-0.3007698433766923,0.06479570780024763,-0.06983307080131196,-0.1217370743618138,-0.14723140313003857,0.0,0.0,-0.07576853526220606,1.2793414614235434,True,Materials,1.0151967506295916
TSHA,2026-09-22,5.11,5.21,5.08,5.16,2305666,38.9,T1G,,MARKUP,0.05322732427980499,0.01976284584980248,-0.13567839195979892,-0.2752808988764045,0.11711711711711703,-0.04058790688044134,-0.09049243976444044,-0.036549441729003096,1.0,0.0,0.012244897959183598,1.4391794744672375,True,Healthcare,1.0154605372925865
GRMN,2026-09-21,276.24,280.57,272.7,280.31,566867,49.7,T2G,,MARKUP,0.023952635016946704,-0.000249661174120841,-0.04931321010683409,-0.10808832887870679,0.6039869433434369,9.848880094809331e-05,0.014093575052539942,0.11798836039244942,1.0,0.0,0.01089511585388614,1.211831508554158,True,Technology,1.01669697077542
PFBC,2026-09-30,106.18,106.45,104.5,104.73,148242,46.8,,Z2G,MARKUP,0.021952545734171658,-0.010113421550094426,0.029388637703951392,-0.05075682044774765,0.4814814814814819,-0.01100892405285181,-0.0006892281737310713,0.05814580491194565,1.0,0.0,0.034039184642786546,1.2205802924257003,True,,1.0173104095170877
RAMP,2026-09-25,37.5,37.56,37.49,37.5,1422131,42.3,,Z7,DIST-TR,0.004326859852106066,-0.004248539564524645,-0.0066225165562914245,-0.01909495160868424,0.14117647058823324,-0.0038334350953969087,0.001518588201281812,0.10497485209273427,1.0,0.0,-0.0034602076124568004,0.9950204889357271,True,Technology,1.0178199023173446
CRM,2026-09-29,227.27,228.98,223.43,225.31,13507709,44.0,,Z9,MARKUP,0.03969394691193786,-0.03416495198902603,-0.125145608449173,-0.16013717523390603,0.6202263083451204,-0.04469575536507109,0.02027936953943632,0.08380865168334872,1.0,0.0,0.11173661724051276,0.8611658533448732,True,Technology,1.0178210611245235
EROC,2026-09-25,12.2,13.3,12.03,12.6,2279075,49.9,T1G,,MKDN,0.08998742948303637,-0.03743315508021394,-0.04761904761904767,-0.2901408450704226,0.4193912063134159,0.005869570344506636,-0.026038635794733644,,0.0,0.0,0.09710550887021463,0.7906386065379357,True,,1.0188246734516906
JMKE,2026-09-30,16.93,17.41,16.45,16.82,4529792,34.6,,Z2,MKDN,0.06475333540679454,-0.07582417582417578,-0.17629774730656222,,,-0.11906363225652183,,,0.0,0.0,-0.07062146892655363,1.0722037062669212,True,,1.0190074301599403
BVS,2026-09-21,13.04,13.47,12.76,13.31,473128,48.8,T2G,,MARKUP,0.041938558180668384,0.011398176291793405,-0.07440890125173849,-0.16236626809314036,0.6096822995461423,-0.0070297685874409765,0.02446896147671196,0.2620368346958848,1.0,1.0,-0.04489164086687303,1.022895393181844,True,,1.019595124278747
JBL,2026-09-29,323.35,323.9,314.65,318.84,1591518,55.2,,Z6,MARKUP,0.038234972178016934,0.03191145057932543,0.044486667103452726,-0.15420325224818965,0.36239991225183676,0.026010497951423073,0.0038406992773962756,0.06312551438399949,1.0,0.0,0.026377912347326227,1.0851711123352092,True,Technology,1.0211606764651415
GSL,2026-09-30,44.61,45.03,44.04,44.14,300189,46.6,,Z5,MARKUP,0.0226430004564325,-0.008980691513246541,-0.007643884892086228,-0.05217951470904014,0.692793931731985,-0.011234706428558172,0.008479237525441441,0.11494123218854213,1.0,1.0,-0.018161180476730876,1.131728863465192,True,,1.021191280098437
ABUS,2026-09-21,5.03,5.07,4.99,5.0,4562674,50.2,,Z2,DIST-TR,0.023729805884200178,-0.025341130604288442,-0.040307101727447225,-0.0825688073394496,0.6249999999999999,-0.007308379304686974,0.025022434439676555,0.1055122065204468,1.0,0.0,0.07559395248380141,0.8936478388851432,True,Healthcare,1.0215810933261005
JCI,2026-09-24,144.15,146.45,143.57,145.36,2924666,53.1,T5,,MARKUP,0.02384949483271184,0.03048348220615349,0.007136423473983244,-0.07449382401629945,0.4501879699248126,0.011421006422875468,0.009879741345502069,0.06759243499427692,1.0,0.0,0.03468846663720737,0.9651384344173682,True,Industrials,1.0221753475214899
MCS,2026-09-21,28.06,28.06,27.64,27.78,214585,49.0,,Z11,MARKUP,0.028580322640664863,0.005428881650380024,-0.060534325329726024,-0.14312152991980265,0.570767807585569,-0.004620302875878446,0.026658726048150116,0.2674179487294175,1.0,0.0,0.02111613876319751,1.034474815599253,True,,1.0226345034454014
ACLS,2026-09-21,112.5,113.74,110.08,113.15,291019,45.2,T2G,,DIST-TR,0.05285843761713671,0.07444687114234161,-0.10954591957188942,-0.4082112970711297,0.11847752428281014,-0.011078799845139597,-0.09401562784439199,-0.05497950131275908,1.0,1.0,-0.021819914244878613,1.1486110766662014,True,Industrials,1.0232352337347386
MNRO,2026-09-21,12.34,13.05,12.18,12.9,1291658,51.3,T1G,,MKDN,0.051625628705591696,0.0031104199066873672,0.027888446215139417,-0.28729281767955805,0.2613636363636363,0.022195628618024266,-0.03799937954150945,-0.17978843885339169,0.0,0.0,0.04166666666666674,1.374948529741171,True,,1.0235047586524852
CZR,2026-09-30,29.62,29.67,29.6,29.65,2559164,48.9,T2,,DIST-TR,0.0036902241176988444,0.001350894967916183,-0.0006740815638693887,-0.025632599408478507,0.20408163265306042,7.88294571827386e-05,0.00126428083366803,0.0627650995443334,1.0,0.0,0.0016949152542373724,0.8907771207108948,True,Consumer Discretionary,1.024331346403671
MH,2026-09-25,13.41,13.8,12.65,12.73,621591,48.1,,Z2G,MKDN,0.04778836482559352,-0.010108864696733999,-0.03924528301886787,-0.10225669957686878,0.7216890595009597,-0.023611685377668223,0.020351608117171294,-0.0050665649116731215,0.0,0.0,0.05504587155963314,1.2992331317740018,True,Materials,1.0271279494096988
IRDM,2026-09-29,48.57,48.69,47.84,47.94,841035,50.7,,Z4,DIST-TR,0.02179099595025462,-0.014594039054470764,0.020434227330779153,-0.08424068767908321,0.45823095823095783,0.001304600765272168,0.007895680168811259,0.21129353737661916,1.0,0.0,0.042720139494333065,0.87228738623987,True,Communication Services,1.027984599194611
CHEF,2026-09-23,108.52,109.69,107.78,108.89,465864,48.2,T9,,MARKUP,0.03591966011728959,-0.007202771699489463,-0.025854356772231135,-0.07445813854653638,0.6844380403458212,-0.011404478106112004,0.022357919538703808,0.254339160315455,1.0,0.0,0.02220324508966698,0.8966948204057621,True,,1.029318267095942
UMAC,2026-09-28,23.6,24.63,23.34,23.96,1971537,50.1,T5,,MARKUP,0.07905524334430182,-0.011958762886597918,-0.0008340283569641116,-0.31405668479816773,0.4271540469973891,0.0033185526618333405,0.014723237584562732,0.23737120865902805,1.0,0.0,0.0370370370370372,0.8708833930677428,True,Industrials,1.0295705153400194
GENI,2026-09-29,6.25,6.34,6.12,6.17,8621257,42.3,,Z10,MKDN,0.07091881181364264,0.014802631578947345,-0.16846361185983827,-0.2817229336437719,0.22186495176848864,-0.056414771814166875,-0.09173812550588456,-0.13603135386984022,0.0,0.0,0.025547445255474477,1.3971574589392863,True,,1.029610940786369
ELF,2026-09-21,97.5,98.87,95.02,97.79,1766791,50.8,T2G,,MARKUP,0.04568905891609116,0.010644894584538989,-0.040710221699038596,-0.111323155216285,0.7313007238429481,-0.004737079986737114,0.05994031399221145,0.15434900850237,1.0,0.0,0.02260013425822338,0.9644179153787751,True,Materials,1.0309632519425536
MGTX,2026-09-22,13.16,13.24,12.18,12.35,1439344,37.2,,Z2,MARKUP,0.0507232486282,-0.0321316614420063,-0.1672285906945381,-0.19543973941368076,0.26289926289926296,-0.06576577824288787,-0.04721520679716429,0.15817740453172102,1.0,0.0,-0.025600000000000067,1.3687650588932967,True,Healthcare,1.031111227013622
FCPT,2026-09-25,22.03,22.41,21.86,22.2,1734749,17.9,T3,,MKDN,0.01953380421011532,-0.018567639257294544,-0.11834789515488486,-0.17349218168279967,0.06799999999999998,-0.05223859279435683,-0.08523203790482314,-0.10667135429231789,0.0,0.0,-0.02410714285714277,1.2218347963767422,True,,1.0333034857540375
ADT,2026-09-30,6.13,6.2,6.08,6.08,7121824,19.3,,Z2G,MKDN,0.027472777585987315,-0.04100946372239744,-0.175033921302578,-0.2361809045226131,0.005291005291005179,-0.09207616275835262,-0.12596189861502483,-0.1634484304523982,0.0,0.0,-0.039556962025316444,0.9635264514002975,True,Industrials,1.0337343198641442
AII,2026-09-28,25.19,25.37,24.88,24.98,115964,47.6,,Z2,MARKUP,0.03599632769610372,-0.03402938901778807,-0.050911854103343424,-0.07481481481481478,0.7873684210526316,-0.020866317841757298,0.04227590749910681,0.19796879483557217,1.0,0.0,-0.02065951529598742,0.8382183429035542,True,Financials,1.0346584944569204
CADL,2026-09-30,11.02,11.24,10.37,10.44,1268825,40.4,,Z2,MARKUP,0.07196066653284569,-0.07528786536758192,-0.18754863813229572,-0.25428571428571434,0.26446280991735527,-0.08233096233942494,-0.0664437931988775,0.19456384422599382,1.0,0.0,0.051724137931034475,0.7786691471401342,True,Healthcare,1.0375452788913402
AIP,2026-09-28,23.54,23.7,22.54,23.12,659671,46.7,,Z2G,DIST-TR,0.06117063257311077,-0.04304635761589404,0.050431621990004505,-0.3869000265181649,0.17524024872809504,-0.008146124382246156,-0.0971978829380743,-0.056624688170511694,1.0,0.0,0.12587412587412583,0.8582736572846341,True,Technology,1.0386317584676992
LUV,2026-09-30,42.12,42.24,41.44,41.64,4838741,52.3,,Z2,MARKUP,0.03123680283745947,0.014619883040935644,0.10509554140127397,-0.16935966487133458,0.3235059760956176,0.012027506983208536,-0.010578944497579679,-0.005766210239115277,1.0,0.0,0.07637040979244292,0.9147796356277847,True,Industrials,1.0388925776539528
SCCO,2026-09-21,198.1,198.98,193.28,198.06,1060533,50.6,,Z11,MARKUP,0.04113815350328165,0.05155295991505171,-0.08305555555555555,-0.10290787208986318,0.6180870734577241,0.0016227243821858028,0.01860842941596097,0.13080390533749475,1.0,0.0,0.01591280653950955,0.9008611040875744,True,Materials,1.039544332728138
BLZE,2026-09-29,13.55,13.66,13.03,13.38,980965,45.2,,Z3,MARKUP,0.06751766648763287,-0.06433566433566429,-0.05307855626326963,-0.44226761150479355,0.1844734819369716,-0.02840506795057829,-0.0416372362338816,0.2935496252541123,1.0,0.0,0.053497942386831365,0.8701928229232515,True,Technology,1.0398714525219879
SPSC,2026-09-28,80.09,81.28,78.88,81.01,301615,52.9,T5,,MARKUP,0.038070674731146135,-0.00783833435394976,-0.04604333490343848,-0.0942531305903398,0.744468020612307,0.0019611176236833394,0.05776604725283008,0.07817493276833498,1.0,0.0,0.0265486725663715,0.7543509058701486,True,Technology,1.0424463229044492
GRDN,2026-09-30,41.23,41.89,40.54,40.78,540209,44.2,,Z5,MARKUP,0.042506418033386444,-0.057327785483125226,0.04913815281708267,-0.15621767018415056,0.3925985518905875,-0.03336666513711639,-0.012036125370485706,0.1010030514717355,1.0,0.0,0.11671309192200563,0.7691475861298747,True,Consumer Staples,1.043311716668386
NVEC,2026-09-21,102.08,104.5,98.61,103.94,131051,51.0,T1G,,MARKUP,0.04817005737270953,0.06868188361093974,-0.05414505414505422,-0.2300740740740741,0.4016567135426699,0.01640871475454908,-0.00022455281303279673,0.14556840088897616,1.0,0.0,0.018268720127456284,1.0186803836991734,True,Technology,1.0437497490576182
REPL,2026-09-28,12.15,12.76,12.07,12.56,1966632,42.0,T3,,MARKUP,0.06686294191514403,-0.02408702408702401,-0.18967741935483873,-0.23086344151867721,0.6741573033707867,-0.0582637282585291,-0.021288445847097326,0.2745955271779499,1.0,1.0,-0.02661290322580645,0.9869544435569334,True,Healthcare,1.04443638302239
KLIC,2026-09-21,85.47,85.47,82.65,84.08,756953,48.4,,Z5,DIST-TR,0.0474722573304988,0.058275645059785885,-0.019475218658892124,-0.3808541973490428,0.1408637873754153,0.00705839688805554,-0.05727123818031765,0.03213493336191675,1.0,0.0,0.035846560846561015,1.234984165441014,True,Technology,1.0449473572885826
RVMD,2026-09-23,193.3,196.71,189.05,190.74,2124857,36.5,,Z4,MARKUP,0.03880441306649545,-0.026439363005308136,-0.09764405336361048,-0.1496589541259863,0.3051128130821778,-0.04839220757195961,-0.028547575107180756,0.27935037258206163,1.0,0.0,-0.02789544374418851,1.318147343402428,True,Healthcare,1.0451996298437498
PTRN,2026-09-23,20.22,20.37,19.26,19.36,1654983,39.9,,Z1G,MARKUP,0.05161274886891666,-0.014256619144602856,-0.09532710280373824,-0.3503355704697987,0.02793296089385481,-0.04340178000947725,-0.08100452703073713,0.040699591332081786,1.0,0.0,0.010493179433368471,1.4762210937628477,True,Consumer Discretionary,1.048594031713328
SBH,2026-09-30,16.43,16.79,16.3,16.42,1258870,51.1,,Z2G,MARKUP,0.034138990695681375,-0.019701492537313348,0.0030543677458767515,-0.05031810294968175,0.7363636363636371,-0.0007405898560487456,0.025522977701948335,0.11303820846460244,1.0,0.0,0.05433376455368699,0.9056530980709063,True,Consumer Discretionary,1.0486590397012956
NXRT,2026-09-28,19.79,20.02,19.41,19.84,1443722,26.2,T9,,SPRING★,0.03734219493105569,-0.07159569489939177,-0.15753715498938436,-0.3267729894808279,0.0427435387673956,-0.09104375430772815,-0.15870110188295938,-0.2635704895732489,0.0,0.0,-0.06050338818973866,1.0541351723132537,True,,1.0498315321898024
ALM,2026-09-22,14.49,14.49,13.86,14.35,6203722,42.4,,Z1G,MARKUP,0.08420547386932349,0.022079772079772075,-0.21498905908096289,-0.26221079691516713,0.41446613088404133,-0.07949634661114902,-0.09458657083027955,-0.02090281038537134,1.0,1.0,-0.05424696645253391,1.0009284418167559,True,,1.0507225535745983
VIR,2026-09-29,10.49,10.85,10.34,10.65,1573684,50.6,T4,,MARKUP,0.05049966788371064,-0.07391304347826089,-0.026508226691042025,-0.1080402010050251,0.6228070175438599,-0.005520694794035275,0.03365007652623486,0.1872742516534478,1.0,0.0,0.03610832497492478,0.7261872300065947,True,Healthcare,1.0524867433075196
BOH,2026-09-30,69.3,69.7,68.51,68.92,472347,23.4,,Z2,MARKUP,0.02168694697099097,-0.020187659937446756,-0.08326682628358617,-0.2014830263005446,0.023582257158899587,-0.057085434361660026,-0.09139261278242405,-0.08923725368348301,1.0,0.0,-0.022963913849664785,1.3527681701988636,True,Financials,1.0526405593332817
VECO,2026-09-21,44.74,44.81,43.35,44.22,603511,46.6,,Z5,DIST-TR,0.05563387305894777,0.08117359413202929,-0.07605516088591724,-0.4212041884816754,0.12148512148512136,-0.002819969860675897,-0.08495264623148824,-0.02474745742052975,1.0,1.0,-0.011188463451019315,1.1086081413013054,True,Industrials,1.0547075559769707
AME,2026-09-21,239.79,242.32,237.76,241.23,1351428,53.2,T2G,,MARKUP,0.021417801862060614,0.03244168628290178,0.007013149655604067,-0.07631337111349379,0.4248196248196244,0.013433754797071984,0.009187331734898274,0.06411208020703185,1.0,0.0,0.0017857920641142222,1.10587041208777,True,,1.0556405095213965
EHC,2026-09-30,123.47,123.47,121.36,121.49,893983,49.5,,Z1,MARKUP,0.022984147726408725,-0.005891498240733206,-0.004588283490372769,-0.04713725490196086,0.7194211017740427,-0.005317500842601297,0.018781714620114798,0.07815076296444667,1.0,0.0,0.02180685358255463,1.13330231190217,True,Healthcare,1.0572713987888944
AMGN,2026-09-21,385.71,394.5,381.9,393.16,2889013,44.8,T2G,,MARKUP,0.025911434031043342,0.03056356487549161,-0.10509184439942632,-0.12050645370556778,0.42125053717232536,-0.017208271112006734,-0.010221229714803659,0.08386229498550102,1.0,1.0,-0.006104682025692809,1.3382928672741767,True,Healthcare,1.0589652759457626
PAYC,2026-09-30,218.19,221.29,216.71,217.65,545022,46.8,,Z9,MARKUP,0.03348255242700652,-0.018179357632623572,-0.08531204034461015,-0.11156012735733523,0.7568505338078293,-0.01853195870662261,0.048567425352949556,0.23439878972064632,1.0,1.0,-0.005850690381465018,0.7730606545029804,True,Technology,1.0603159909650075
STNG,2026-09-25,80.62,82.31,80.0,81.49,548730,48.3,T3,,MARKUP,0.03283670161505942,-0.06505277650298302,0.052298553719008156,-0.09515878303353331,0.5392473118279568,-0.013092621165563978,0.011558736795870272,0.1120893170868531,1.0,0.0,0.08122719286390057,1.0538254031319985,True,,1.0620372670516176
SCHL,2026-09-22,35.31,35.44,34.8,35.24,380701,31.9,,Z11,MARKUP,0.035701049685214904,0.0054208273894438275,-0.12555831265508677,-0.26690243395048885,0.0796269727403156,-0.038656836169431386,-0.09788605054064026,-0.05652240438687817,1.0,1.0,-0.008713331397037338,1.4649899478975927,True,Materials,1.0623962237734845
PRG,2026-09-21,35.95,36.11,34.63,34.86,495446,28.5,,Z6,MARKUP,0.03736051923111537,-0.0674157303370787,-0.1008511735878257,-0.2696417347580138,0.017557251908396715,-0.07401324617118943,-0.11363646796912374,-0.04760030744125299,1.0,0.0,-0.05304894722450093,1.3573607285340106,True,,1.0624048553745564
IONQ,2026-09-21,40.43,40.93,39.83,40.51,14289390,52.2,T9,,MKDN,0.06421634137129428,0.08026666666666671,-0.09696834596522519,-0.2613056163384392,0.37776812852800684,0.030860424030924483,-0.016074502483256592,-0.08581889221250893,0.0,0.0,0.03028571428571425,0.9414768631857209,True,Technology,1.0627603211255119
PHAT,2026-09-29,7.34,7.45,7.18,7.36,657260,37.2,T2,,MKDN,0.06255410185322338,-0.05154639175257725,-0.23092998955067923,-0.4177215189873418,0.07853403141361259,-0.07473547573769113,-0.16592080595769698,-0.29364293271776,0.0,1.0,-0.05471956224350194,0.9718607912504473,True,Healthcare,1.0648232746826094
LBRX,2026-09-22,43.4,43.4,41.21,42.69,244402,41.8,,Z3,MARKUP,0.050519435488506,-0.008131970260223054,-0.11449906658369635,-0.14892344497607657,0.6408653846153847,-0.046961802888491055,-6.9596928222726e-05,0.3186569874521439,1.0,1.0,-0.030352941176470583,1.163069244543135,True,Healthcare,1.0671535873672353
AMG,2026-09-30,369.42,375.63,365.09,365.61,324165,52.4,,Z1,MARKUP,0.03002553083344409,-0.0015293442936341606,0.01347193347193354,-0.06950524279751602,0.5786144113562721,0.006862346189419055,0.01701757709005358,0.13539450546301834,1.0,0.0,0.04798893694647943,1.1165001408933657,True,Financials,1.0685393666128076
DX,2026-09-30,11.49,11.53,11.13,11.14,6541844,17.6,,Z4,MKDN,0.022709290264797705,-0.05029838022165389,-0.12558869701726838,-0.18027961736571008,0.008097165991903379,-0.07097176634066793,-0.10571028820817763,-0.1382274330782709,0.0,0.0,-0.05038428693424435,1.1540396115017748,True,,1.0692219438578263
SMWB,2026-09-25,7.5,7.74,7.42,7.58,565902,39.0,T3,,MARKUP,0.06208563831936877,-0.07897934386391259,-0.17519042437431986,-0.20210526315789468,0.4591549295774648,-0.08366730655940136,-0.02952397167463583,0.19295933041522217,1.0,0.0,-0.07477820025348536,1.0372244074219674,True,,1.0736110596470767
HSHP,2026-09-29,17.2,17.57,17.15,17.24,429789,45.5,T5,,MARKUP,0.035577788298418005,-0.04961411245865499,0.029868578255675127,-0.11815856777493616,0.5583173996175904,-0.030310221321867004,0.01763566410186157,0.226160285736819,1.0,0.0,0.08475648323845664,0.8225891011172018,True,,1.0759867608475033
FLY,2026-09-29,24.68,25.17,22.61,22.86,3046921,51.1,,Z4,MKDN,0.07365302396015318,-0.020565552699228773,0.08238636363636354,-0.18936170212765957,0.49094375595805523,0.01459430110349147,-0.028793291226366646,-0.21478092085287337,0.0,0.0,0.09151329243353801,1.121058323818755,True,Industrials,1.076296563573424
ROKU,2026-09-29,152.67,152.82,151.6,152.14,1136937,43.0,,Z4,MARKUP,0.012161070054919915,-0.013679092382495983,-0.03052316319378079,-0.048470823691287745,0.6323529411764703,-0.01260230329725065,0.0073458251136060415,0.18702277285617375,1.0,1.0,-0.0026971909742780076,0.7422960615568001,True,Communication Services,1.0770644730473464
SFL,2026-09-28,12.95,13.05,12.71,12.83,1020936,50.9,,Z11,MARKUP,0.029451241021932518,-0.048925129725722716,0.03718674211802764,-0.08226037195994285,0.6704871060171919,-0.004418478300285966,0.02963681476397162,0.15863350947255528,1.0,0.0,0.04882154882154888,0.9984897091842633,True,,1.0772215820839637
TRLV,2026-09-30,10.86,11.17,10.21,10.9,8369895,43.6,T12,,MARKUP,0.07423186822576953,-0.13078149920255178,-0.07155025553662686,-0.15699922660479504,0.6027397260273973,-0.06751593080009666,-0.010151926963197333,,0.0,1.0,-0.04668534080298781,1.0467100659818949,True,Healthcare,1.0782842171743534
TENB,2026-09-28,32.69,34.92,32.49,34.47,3488494,47.9,T3,,MARKUP,0.0646647737405881,-0.0477900552486189,-0.0849482346694983,-0.21067094114953067,0.4310451453308595,-0.019066129505104557,-0.003163764657438839,0.1516274081073099,1.0,0.0,0.08408408408408419,0.5479550679865514,True,Technology,1.0789156344440303
FRHC,2026-09-30,171.58,172.05,166.69,167.3,88824,50.5,,Z2,MARKUP,0.03593352484742632,-0.03143634574190923,-0.02658986443241984,-0.06011235955056171,0.7183469334035276,-0.005614097315481237,0.027958921975985485,0.10120901784674552,1.0,0.0,0.03772645209487635,1.2228002911588995,True,Financials,1.079004078089845
GTY,2026-09-29,28.35,28.63,28.23,28.5,764922,14.5,T3,,MKDN,0.02226247461326532,-0.032258064516129004,-0.12091301665638499,-0.22617431441759428,0.042528735632184025,-0.061082842285711036,-0.10422475274120846,-0.10738291105319187,0.0,0.0,-0.03993174061433458,1.1591755627292872,True,Real Estate,1.0814885007725858
DK,2026-09-29,66.46,68.98,65.81,68.73,1685576,44.8,T6,,MARKUP,0.05997118990158093,-0.06285792200709028,-0.07546408393866022,-0.16458004132733672,0.5609597924773024,-0.04360085473349007,0.008217490785350723,0.3229502705698606,1.0,1.0,-0.007566585956416461,1.20590778556648,True,Energy,1.0818041222144452
PRGO,2026-09-23,14.22,14.46,13.76,13.84,1455768,52.6,,Z1,MKDN,0.040878100825108094,0.02215657311669128,-0.04419889502762431,-0.07671781187458304,0.7779922779922779,0.0011411859582104444,0.05930429740475507,0.019850417819766486,0.0,1.0,-0.0030326004548899554,1.1380042699274442,True,Healthcare,1.0829974211402615
DIN,2026-09-25,29.11,29.32,28.1,28.17,604463,35.0,,Z4,MARKUP,0.04565666795731519,0.009315657470440719,-0.15506898620275944,-0.2433521353746977,0.13714285714285732,-0.054028850858366506,-0.11114723667789739,-0.09659580028672188,1.0,0.0,0.0433969322858212,1.4543609602261998,True,Consumer Discretionary,1.083352656068788
LXFR,2026-09-21,17.21,17.27,17.21,17.24,176182,54.4,T4,,DIST-TR,0.005366489876045593,-0.0011587485515645035,0.0023255813953488857,-0.07807486631016047,0.4490566037735843,0.0018697372736580231,0.008115485401304356,0.10544296690507293,1.0,0.0,0.005854800936768267,1.0527994709157307,True,Materials,1.084663088587909
CTRN,2026-09-30,50.73,51.89,48.92,51.56,278745,30.6,T2G,,MARKUP,0.05651894084069811,0.019778481012658222,-0.24031236186827765,-0.3382107560005133,0.10404624277456656,-0.09520053066941125,-0.15258825368562212,-0.03199782411997276,1.0,1.0,-0.038461538461538436,0.8770923414947078,True,Consumer Discretionary,1.085627492089989
DSGX,2026-09-28,77.45,79.35,75.57,78.85,797446,51.8,T3,,MKDN,0.037258645522949926,-0.006801864214636688,-0.036416961994378605,-0.04597701149425304,0.7762073027090689,0.004663939687398644,0.0231831930007953,0.007506125235093641,0.0,0.0,0.07115520907158035,0.7196345800018135,True,,1.087485510927724
LAND,2026-09-30,9.54,9.56,9.27,9.46,720936,55.2,,Z3,MKDN,0.025205014872891025,-0.007345225603357708,-0.010460251046025104,-0.05305305305305297,0.7439613526570051,0.006182851704873427,0.03221356762158223,0.008431699650020441,0.0,0.0,0.059428571428571386,0.8571608819181544,True,,1.0886594812580657
BROS,2026-09-30,38.88,39.69,38.18,38.56,5221281,26.3,,Z5,MKDN,0.04261187950721928,0.003382773874577305,-0.16735046426257827,-0.4481179333047087,0.035725284878349355,-0.07546920734826024,-0.1964894038561954,-0.30399675024397843,0.0,1.0,-0.008483563096500557,0.8786183841575927,True,Consumer Discretionary,1.0888917232279118
AKAM,2026-09-24,116.74,118.0,110.31,110.41,6875438,49.2,,Z1G,MARKUP,0.05171141394431789,0.03109824430332453,0.021747177493984804,-0.15762569619287403,0.3181518151815182,-0.001589550043136878,-0.025732500352185217,0.004677855648509199,1.0,0.0,0.018259402599980268,1.4116033544754103,True,Industrials,1.0891485060905532
CON,2026-09-30,35.39,35.42,34.39,34.42,1088578,47.6,,Z2,MARKUP,0.02682943699572145,-0.010635240011497515,0.015638831513720808,-0.06238082266412415,0.6587183308494785,-0.012475954359409402,0.02156779730173386,0.2217098474248056,1.0,0.0,0.03001200480192079,0.7576117180558755,True,Healthcare,1.0901411795196743
HUBG,2026-09-22,32.18,33.19,31.86,32.06,1185021,26.7,,Z10,MKDN,0.053522819224915336,-0.04155455904334826,-0.20268589903009193,-0.3789228981015109,0.03216229589312233,-0.10277307537386537,-0.1847094789806274,-0.21496660272817625,0.0,0.0,0.003820439350525451,1.0762422761696073,True,Industrials,1.0904700555242426
MCHPP,2026-09-30,66.94,67.1,66.57,66.59,77461,55.9,,Z2G,MKDN,0.027610530382645306,0.02905269664657717,0.07628899304994352,-0.12885923600209304,0.4066265060240965,0.028000084477399545,0.006531615468539975,-0.01037673647737225,0.0,0.0,0.052807486631015976,1.0038431975403537,True,Technology,1.0909574708309284
LINC,2026-09-21,25.23,25.36,23.78,25.18,938031,34.0,,Z9,ACC-TR,0.05966733952426556,0.008410092110532563,-0.020995334370139895,-0.5530706425275116,0.04299754299754295,-0.041498277244731985,-0.20274172585880346,-0.27805840039158913,0.0,1.0,-0.010403662089055299,0.8154806080294182,True,,1.0933873220913477
IHS,2026-09-30,8.39,8.42,8.34,8.36,1219177,43.1,,Z2,MARKUP,0.005780552552326743,-0.0071258907363420665,-0.004761904761904856,-0.018779342723004744,0.6097560975609754,-0.00561114442201649,-0.0005610989355662177,0.04433266099976563,1.0,0.0,0.0012004801920768582,0.7110956336114007,True,,1.0935804396396842
VIAV,2026-09-21,35.89,36.48,34.97,36.2,4458412,47.7,T1G,,MARKUP,0.06347353157816396,0.07037256061502073,-0.06940874035989708,-0.2673547864804694,0.2661111111111113,-0.008061405502023944,-0.06291087467873901,0.02440724663870486,1.0,0.0,0.015243902439024293,1.3211428411734882,True,Technology,1.0940272894186773
SVC,2026-09-30,6.37,6.45,6.28,6.44,1235817,34.1,T9,,MARKUP,0.03728397848264332,-0.016793893129770865,-0.1603650586701434,-0.286031042128603,0.05839416058394167,-0.055360769345002114,-0.05318529497260993,0.4226461913437247,1.0,1.0,-0.020280811232449292,0.8529274603948115,True,,1.094027455052579
NKTR,2026-09-30,59.96,62.4,58.91,60.55,1209894,38.0,T1,,MARKUP,0.05932305738593771,0.05012140131807152,-0.15609756097560978,-0.22122186495176854,0.20148560817084477,-0.06687153520910805,-0.11214890270140665,-0.05471096991438207,1.0,1.0,-0.012473647224174322,1.3736724523138002,True,Healthcare,1.094245140399386
CBLL,2026-09-25,23.87,23.88,23.38,23.69,270577,50.6,,Z3,MARKUP,0.035937363742920586,-0.027903159622486684,0.013692768506632369,-0.07569254779555201,0.799379524301965,-0.009693937008148468,0.04753950496334802,0.18991894012899202,1.0,0.0,0.00957771005659569,0.8345526645568159,True,,1.0946291183293235
IONS,2026-09-29,45.53,46.46,45.39,45.89,3885743,34.9,T2,,MKDN,0.04899896735950324,0.0030601092896174187,-0.23972829688535457,-0.4709476596725847,0.06585867825291568,-0.06924690803948574,-0.1660601652050162,-0.28312534809204504,0.0,1.0,-0.02692307692307705,1.0203651122432371,True,Healthcare,1.095277821208476
MGM,2026-09-21,38.25,38.78,37.52,38.73,2460876,29.7,T1,,MARKUP,0.02311447098087827,-0.027617373838815018,-0.11454046639231841,-0.23382789317507424,0.09425287356321817,-0.04366932517134514,-0.08424299911579458,-0.04323499957228538,1.0,0.0,-0.05087319665907364,1.4372282588444363,True,Consumer Discretionary,1.0961522743527277
SWBI,2026-09-21,13.64,13.84,13.56,13.81,492102,56.0,T2,,MARKUP,0.03188289574580755,0.04621212121212137,-0.020567375886524797,-0.13579474342928655,0.4421593830334191,0.03136903247617262,-0.0022143158871501534,0.03789582144676751,1.0,0.0,0.06699751861042191,0.9498557173425084,True,Industrials,1.0965170347093511
DXPE,2026-09-29,191.87,191.92,182.0,182.56,245154,45.5,,Z2,MARKUP,0.034387539790784884,-0.03839873584408737,-0.027539551483513502,-0.12230769230769234,0.5819227608874281,-0.024120454895730004,0.0013410487028917562,0.16252635795228643,1.0,0.0,0.02616147947677039,1.3804948352623316,True,,1.0966996645115374
REZI,2026-09-30,18.18,18.35,17.73,18.15,2010263,31.5,,Z10,ACC-TR,0.04261513295628625,-0.028372591006424086,-0.0566528066528067,-0.5241216570529628,0.02057814796668291,-0.049546595026832785,-0.1871773761088137,-0.3767203949174204,0.0,0.0,-0.024752475247524663,0.7164309022064752,True,,1.097422911033341
TRTX,2026-09-22,7.26,7.31,7.18,7.19,630030,23.8,,Z6,MKDN,0.020069694574865696,-0.019099590723055893,-0.08056265984654731,-0.18665158371040713,0.006024096385542575,-0.042801377778112104,-0.08052012997313707,-0.13555434252034448,0.0,0.0,-0.015089163237311465,1.4178837180034896,True,,1.097934198489268
UHT,2026-09-30,38.28,38.41,37.36,37.39,305924,26.1,,Z2,MKDN,0.023515268563189997,-0.02630208333333328,-0.09048893213330089,-0.1818380743982495,0.003597122302158408,-0.05481621710898099,-0.08063972186193413,-0.09002533425737846,0.0,0.0,-0.023267973856209156,1.4452148348473128,True,,1.0996200328998789
ERO,2026-09-21,34.66,34.95,33.63,34.7,1397978,50.7,T2G,,MARKUP,0.054874459942962826,0.030285035629453727,-0.11973617453069507,-0.15013470487386715,0.657541899441341,-0.0011928883469034535,0.047061696060576086,0.2118794695369839,1.0,1.0,-0.0333027803238618,0.8334335182781447,True,,1.10118545966747
PWP,2026-09-28,14.23,14.68,13.94,14.64,1559772,47.8,T2,,MKDN,0.05628208701526708,0.0884758364312268,-0.13780918727915192,-0.25722983257229837,0.2948539638386649,0.005416602671961757,-0.05400064770943558,-0.15312215751820202,0.0,0.0,0.02316293929712465,1.2197722847798789,True,Financials,1.1035963350641467
RPD,2026-09-28,11.13,11.98,11.13,11.8,980392,48.8,T3,,MKDN,0.07727318573616537,-0.053728949478748955,-0.11211437170805105,-0.20216362407031774,0.5106382978723406,-0.0218946625967833,0.030779691477774707,0.05071067967197185,1.0,0.0,0.09980237154150218,0.6835002359009049,True,Technology,1.105912510633451
MLTX,2026-09-23,13.41,13.69,12.23,12.9,2003349,35.7,,Z3,MKDN,0.058720723337806625,0.035313001605136396,-0.1709511568123393,-0.39379699248120303,0.10851063829787229,-0.06360782283305888,-0.16720467778841064,-0.32632354727130053,0.0,0.0,0.017676767676767513,1.2449367690314361,True,Healthcare,1.1065792230871088
EGBN,2026-09-30,27.98,28.2,27.5,27.79,340521,46.7,,Z2,MARKUP,0.022209037931760472,-0.00962223806129725,0.036553524804177506,-0.04600068657741163,0.7367387033398821,-0.008924590029700696,-0.002890899675814129,0.075277545514429,1.0,0.0,0.03695324283559587,1.1867445661921951,True,Financials,1.10689151709312
DE,2026-09-30,675.11,685.56,668.57,671.55,1735392,49.8,,Z2G,MARKUP,0.024657189991585546,-0.05346169025201564,-0.006700390486333085,-0.06886941571226546,0.6569040547074665,-0.010161565522686766,0.027914240881468766,0.13168246198625533,1.0,0.0,0.08321316893763875,0.9059735682085054,True,Industrials,1.1074586834103066
NMM,2026-09-23,89.07,89.1,87.25,87.94,146111,47.8,,Z2,MARKUP,0.026401108296138735,-0.04960553334053819,-0.03213735417125252,-0.07431578947368422,0.7301223241590212,-0.019751115874054093,0.03251627983574901,0.22763741386476388,1.0,0.0,0.05006619328439044,0.8172055424573581,True,,1.110124026486783
ALMU,2026-09-28,13.09,13.47,12.65,12.76,266276,43.3,,Z2G,ACC-TR,0.07612557818622127,-0.06245407788390889,-0.028919330289193357,-0.35620585267406657,0.19221967963386724,-0.04902908116825777,-0.14249215385796266,-0.25471102219413944,0.0,0.0,0.12364620938628157,0.7030318204738687,True,Technology,1.11077169699948
RUM,2026-09-30,7.98,8.32,7.55,7.56,5018031,42.4,,Z2,MARKUP,0.08047871548973912,-0.08585247883917779,-0.11371629542790151,-0.2867924528301887,0.4074074074074074,-0.08309903094518489,-0.045477294433501014,0.04352961897693275,1.0,0.0,0.08011444921316158,0.6449762852415338,True,Technology,1.1115768413916163
DAL,2026-09-30,84.85,85.14,83.13,83.46,6557500,53.4,,Z2G,MARKUP,0.028380444238097127,0.02091743119266054,0.0926944226237234,-0.12156615093148104,0.39274447949526786,0.01517379081047987,0.009095306749995036,0.09644606362810038,1.0,0.0,0.06211343597841812,0.931071762026417,True,Industrials,1.115559258300677
INIO,2026-09-29,18.23,18.92,18.07,18.38,6100272,39.1,T9,,ACC-TR,0.08072141952253972,-0.05791901588928772,-0.09009900990099007,-0.4987728388328334,0.048387096774193526,-0.0847461583085033,-0.2050934684975022,,0.0,0.0,0.03438395415472795,1.0320503803295777,True,,1.1156553537407365
SCSC,2026-09-29,57.77,58.13,57.09,57.85,198652,54.2,T3,,MARKUP,0.03179742043543791,0.0017316017316018062,0.013312313890348593,-0.13372267145852046,0.48589522164651716,0.008811773485640995,0.0396342780691874,0.19467650688526295,1.0,0.0,0.047805059523809534,0.6990131191558517,True,,1.1159029873250705
OI,2026-09-25,6.01,6.09,5.79,5.86,3820268,29.5,,Z10,MKDN,0.04929252699395861,-0.034596375617792385,-0.18723994452149784,-0.4215202369200395,0.016129032258064578,-0.08844160069870843,-0.17899838154402126,-0.3914824835624514,0.0,0.0,-0.04612850082372322,0.961831931501361,True,Materials,1.1163515263789312
O,2026-09-30,55.01,55.03,54.23,54.3,8892330,13.7,,Z2G,MKDN,0.015740149228459552,-0.023556914224060477,-0.11505867014341598,-0.19136262099776635,0.0054179566563467675,-0.05521773867131741,-0.0925091459516908,-0.11127809579979497,0.0,0.0,-0.018816717930161153,1.1780018931265164,True,,1.1199435696584472
RKLB,2026-09-29,73.47,74.25,69.4,69.7,19684741,50.9,,Z6,MKDN,0.056144216044051024,-0.03167546540705757,0.09042553191489366,-0.23187128058188222,0.35341118623232953,0.011165315976043644,-0.03501128229405337,-0.07360779106337023,0.0,0.0,0.13898529168732443,0.9744379776409458,True,Industrials,1.1212832652741553
GSAT,2026-09-28,82.61,82.65,82.29,82.34,609887,51.0,,Z1G,MARKUP,0.008304631895943666,-0.008429672447013536,0.007093933463796498,-0.029581614614024643,0.6132511556240381,2.095368981147594e-05,0.006092437718566268,0.14233587223332966,1.0,0.0,0.011478647247593177,1.0023274188975906,True,Communication Services,1.1214270481275403
DFH,2026-09-25,11.13,11.5,10.92,11.3,1075715,37.1,T9,,MKDN,0.06589314181248962,-0.004405286343612258,-0.21363952679192755,-0.3345111896348645,0.07037643207855997,-0.09279768666845423,-0.16540895077156892,-0.2933532493988512,0.0,1.0,-0.034635879218472554,1.2488996570695392,True,,1.1219657296639816
ONT,2026-09-23,16.95,17.07,16.15,17.02,556857,46.0,T9,,MKDN,0.061059185103684875,-0.02909298345693101,0.06374999999999997,-0.2701543739279588,0.40789473684210525,-0.028032657275390838,-0.04585261793026851,,0.0,0.0,0.12230715774843626,1.2983608220512817,True,Industrials,1.1235651772134094
GCT,2026-09-29,52.67,53.11,49.43,50.41,619584,46.2,,Z2,MARKUP,0.05201036784373596,-0.05101656626506024,0.03873892437667403,-0.10414074995557143,0.7513788714467541,-0.03030025123504032,0.030291469769215595,0.2207489438470136,1.0,0.0,0.0743316670289067,0.9022821087741799,True,Consumer Discretionary,1.1289088968827934
PLXS,2026-09-21,251.82,252.94,247.68,252.36,237037,53.5,T1G,,MARKUP,0.03368904314141267,0.053123565496807634,0.05088698259348723,-0.16178961703258377,0.3146193893344592,0.021568008569572195,0.0004025125394819806,0.10085744069923064,1.0,0.0,0.015277658570079788,1.1658876412210801,True,Technology,1.1294714731315145
HHH,2026-09-23,65.58,66.16,63.72,63.75,576911,48.9,,Z1G,MKDN,0.029554062228209426,0.0267353841198259,-0.04850746268656714,-0.1560762509928515,0.23689320388349488,0.0007119411910494478,-0.02054033392031296,-0.07167190325614392,0.0,1.0,-0.0026556016597509835,1.4893618503837052,True,,1.1304949217691194
CFFI,2026-09-23,93.05,93.96,91.39,91.39,43277,49.3,,Z1,MARKUP,0.028525338378477916,-0.03637705609447495,0.021802325581395277,-0.05851447409086219,0.7245392822502427,-0.012384098158425894,0.03096184771820165,0.14947867502074264,1.0,0.0,0.07669651272384548,0.8776700631800496,True,Financials,1.1306591451317138
SNOW,2026-09-28,320.01,333.72,316.63,328.12,4526752,50.1,T12,,MARKUP,0.046496723173017396,-0.03320663543416125,0.0003658536585366967,-0.1467651341793218,0.5709942231681362,-0.008490207460700616,0.047358436808818016,0.3040214354774211,1.0,0.0,0.04192306426667547,0.6905431170338076,True,Technology,1.1322477913815634
SLS,2026-09-29,11.5,11.64,11.37,11.51,3267200,43.5,T11,,MARKUP,0.0775819302450411,-0.04242928452579031,-0.13718140929535239,-0.26547543075941293,0.3580246913580247,-0.050313626249674726,-0.04605299871281621,0.3517989577009113,1.0,0.0,0.029684601113172615,0.6385080814873173,True,Healthcare,1.1324486609876283
ORIC,2026-09-21,12.98,13.01,12.5,12.67,835962,49.0,,Z6,MARKUP,0.0514171261681201,0.0015810276679841806,-0.1077464788732394,-0.13692098092643046,0.6284658040665435,-0.00810628054412632,0.026233111654233587,0.14446283846270247,1.0,0.0,0.007588532883642474,1.368179885495283,True,Healthcare,1.1324577866591663
ABBV,2026-09-30,264.6,265.36,261.59,261.59,4388560,51.6,,Z2,MARKUP,0.019917187831504722,-0.013165836728534774,0.00615408284934027,-0.02895430416867739,0.7233061369279882,-0.0010404122554988904,0.020210162368303086,0.11035239267985086,1.0,0.0,0.05977225756777549,0.9080980489895147,True,Healthcare,1.1339888425354274
TTD,2026-09-25,12.55,12.77,12.49,12.6,14519865,33.2,T5,,MKDN,0.050352874732244444,-0.09482758620689657,-0.06110283159463492,-0.3865628042843232,0.013664596273291857,-0.08738067601541133,-0.1676686945253344,-0.4964752812180667,0.0,0.0,-0.037008481110254454,0.8697144229744973,True,Technology,1.134947579756618
ZBIO,2026-09-23,33.09,33.09,29.53,29.63,525138,40.4,,Z4,MARKUP,0.060350379061707926,-0.08323019801980203,-0.1225940183594908,-0.1298091042584434,0.5044843049327355,-0.06978006214657573,-0.03206067636548515,0.14649300170008406,1.0,0.0,0.0010169491525424679,1.379323856220634,True,Healthcare,1.1361076656329192
ACHV,2026-09-25,7.9,7.96,7.51,7.54,1422947,47.6,,Z4,MARKUP,0.054723071517157613,-0.05513784461152882,-0.0782396088019559,-0.12731481481481488,0.6180555555555555,-0.025188367175660864,0.03235202581370289,0.31847992681923865,1.0,0.0,0.07132667617689026,0.7978294008882729,True,Healthcare,1.1365158780643958
GILD,2026-09-30,150.88,151.28,148.98,149.05,5357263,53.4,,Z1,MARKUP,0.023451574069658972,-0.015326682962277793,-0.0058030949839913415,-0.033398184176394174,0.8063181647235811,0.0014127718349541407,0.03441623153278739,0.1035931449702765,1.0,0.0,0.03553938715544991,0.8816740137807809,True,Healthcare,1.1367889969667795
EXEL,2026-09-23,58.22,58.66,56.26,56.73,1431533,50.8,,Z4,MARKUP,0.030082905120507233,-0.0008805917576611977,0.00017630465444273824,-0.05006697923643677,0.6933333333333331,-0.0025458015300962034,0.02177402521441474,0.13476389138185896,1.0,0.0,0.05951035781544256,1.1541279285677624,True,Healthcare,1.1369859127628783
ALOY,2026-09-30,8.13,8.49,8.08,8.17,1845194,39.6,T9,,ACC-TR,0.08713632528653198,-0.05767012687427908,-0.18136272545090182,-0.4677524429967427,0.1572769953051643,-0.0933337583767887,-0.18186389676097248,,0.0,0.0,0.007566204287515754,0.9006580730644638,True,Materials,1.1384665536401628
HCA,2026-09-30,430.25,434.07,425.96,426.74,1238145,52.4,,Z1,MKDN,0.02939872250580387,-0.022314882697947236,0.03181972048938553,-0.043955551572721574,0.7875933744722312,0.00216922550943055,0.02130121478966096,-0.0006555089037115769,0.0,0.0,0.06060606060606055,0.6924633793191564,True,Healthcare,1.138767100500224
NAVN,2026-09-29,20.12,20.77,19.9,20.69,3242131,36.8,T2G,,MARKUP,0.06253235574322512,-0.01288167938931295,-0.288024776324845,-0.3299870466321243,0.16269515201314713,-0.0783330135581084,-0.14130315787229508,-0.013287487336690051,1.0,1.0,-0.04735234215885942,0.6889823846293319,True,Technology,1.1398044748933684
MNPR,2026-09-22,96.6,97.37,94.0,96.63,136009,33.6,T9,,MARKUP,0.05764774802276617,-0.07380427489696162,-0.1322737068965517,-0.22584521711264216,0.26817237798546206,-0.0936868215498815,-0.08163921637958593,0.17313309076607752,1.0,0.0,-0.07743645107468844,1.268251223976808,True,Healthcare,1.1401176883044968
ROL,2026-09-22,32.77,33.1,32.63,32.86,6338812,29.7,T1G,,MKDN,0.026737460736018476,-0.026946994373704625,-0.11808910359634994,-0.29119930974978425,0.06767955801104975,-0.05030007686123361,-0.12315243073621229,-0.30498618526903,0.0,0.0,-0.05540740740740746,1.4323087400763426,True,,1.1434602770560565
VITL,2026-09-30,9.24,9.42,9.05,9.28,2018809,36.0,T5,,MKDN,0.0665926824428938,-0.0999030067895248,-0.0910871694417239,-0.3395017793594307,0.07558139534883697,-0.10275606688548833,-0.14905015145121536,-0.4399342494038434,0.0,0.0,-0.06124604012671597,0.9831334638478995,True,Consumer Staples,1.1445430144048743
TNXP,2026-09-21,10.97,11.08,10.52,10.72,524988,30.5,,Z2,MKDN,0.06376484551042594,-0.08610400682011932,-0.14581673306772913,-0.2606896551724137,0.2588235294117648,-0.11523327651322812,-0.12419877639034838,-0.3010468033259822,0.0,0.0,-0.09232096635030196,1.013587134974149,True,Healthcare,1.1451767899985947
IBTA,2026-09-30,39.8,40.33,38.0,39.4,162256,50.2,,Z10,MARKUP,0.04766032846540424,-0.043921378306236436,0.05715052320901526,-0.0927930002302556,0.7942827973455844,-0.0130011065568153,0.04659530191507577,0.17803979895417066,1.0,0.0,0.05584884690191716,0.9526358397524266,True,,1.145534350827293
NTNX,2026-09-25,68.48,69.51,67.96,68.03,1772629,53.9,,Z2G,MARKUP,0.029722627648126998,-0.025358166189111686,-0.025916380297823616,-0.08586401504971786,0.7334167709637046,0.0014724844077835808,0.05981464326108865,0.1976715783105505,1.0,0.0,0.04861111111111116,0.9125052624445135,True,Technology,1.1465556903399898
KODK,2026-09-25,9.55,9.64,9.38,9.51,476484,52.8,,Z10,MARKUP,0.03283052870294232,-0.004188481675392763,0.004223864836325086,-0.0775945683802135,0.7183098591549294,0.007534856913884447,0.017051773377178447,0.06257189164491428,1.0,0.0,0.07692307692307687,0.68846231603933,True,,1.146645437688267
VKTX,2026-09-21,29.57,30.7,28.41,30.11,5086726,38.5,T1,,MKDN,0.05075555176348741,-0.045036473200126936,-0.11153732664502802,-0.2963309184388876,0.11883252258512862,-0.053798420507673694,-0.08834741116385225,-0.08538183246323916,1.0,0.0,-0.09525326537113732,1.4654147327410958,True,Healthcare,1.1476449275521834
GLUE,2026-09-22,12.35,12.73,12.21,12.6,1212987,33.4,T2G,,ACC-TR,0.062139195732319574,-0.03002309468822173,-0.08563134978229314,-0.500396510705789,0.043939393939393945,-0.08238461027314814,-0.19905504136414187,-0.23589023798747033,0.0,0.0,-0.06604506604506599,1.1647025593500602,True,Healthcare,1.1477528179717
BWLP,2026-09-25,24.19,24.45,23.95,24.23,246228,49.1,T9,,MARKUP,0.03179380052963103,-0.05572876071706934,-0.007374027038099085,-0.08462410275783905,0.7314148681055158,-0.013963120024511388,0.0347604774257293,0.23940837153089545,1.0,0.0,0.04402789886660852,0.7328955235846746,True,,1.1483026685423048
TXRH,2026-09-22,166.35,168.83,165.24,166.12,1263883,21.2,,Z10,MARKUP,0.029457249731529973,-0.02098066949552102,-0.19080325393345998,-0.23199260286638934,0.021832358674464022,-0.0803822458755904,-0.11560503092537144,-0.09223883021906631,1.0,0.0,-0.01855817273376159,1.3095683166456025,True,Consumer Discretionary,1.1493312928356332
MTSI,2026-09-28,287.38,287.38,274.48,278.56,1064332,52.1,,Z6,MARKUP,0.05131623911160669,-0.001970549245817077,0.05009989821691119,-0.18640107482913715,0.44193774046869533,0.01902501011929658,-0.008491795000855507,0.04906856632331813,1.0,0.0,0.13067096719433025,0.8513923343032954,True,Technology,1.1499891795271613
CAR,2026-09-30,106.79,108.93,105.31,106.67,336755,30.4,,Z9,ACC-TR,0.05369083052926893,0.009463423866755027,-0.2418621179815209,-0.37619883040935675,0.06497093023255812,-0.09060422680308611,-0.1956356349677325,-0.3001520854545098,0.0,1.0,-0.026202953787517913,0.8606372402997541,True,Consumer Discretionary,1.1510177619807134
XNCR,2026-09-25,24.1,24.29,23.3,23.8,1169672,45.0,,Z2,MARKUP,0.05102343511164286,-0.03721682847896435,-0.17590027700831024,-0.2224763149297615,0.5804066543438079,-0.03713005499470934,0.03274958564961428,0.39779889379189215,1.0,1.0,-0.0025684931506848585,0.8040757844931953,True,Healthcare,1.1524427354392077
ANGO,2026-09-25,15.32,15.65,15.15,15.49,635493,51.9,T1,,MARKUP,0.031821723968168965,0.0032383419689119286,-0.018377693282636165,-0.049109883364026996,0.7989949748743721,0.0017254422343198073,0.03254665263348633,0.19618256896768327,1.0,0.0,0.010101010101010166,1.074903237493016,True,,1.1526501845374075
MSBI,2026-09-29,33.13,33.24,32.13,32.39,139385,42.2,,Z2G,MARKUP,0.023680559247394085,-0.01490267639902687,-0.012198841110094505,-0.07720797720797723,0.5160714285714285,-0.02155698089237823,-0.006020910207161667,0.16992963017049356,1.0,0.0,0.0021834061135370675,1.3960988293474705,True,Financials,1.1551320394776017
PBLS,2026-09-30,31.95,32.86,31.2,32.29,547140,39.7,T9,,MARKUP,0.08989397316224715,-0.030621435004503206,-0.18191031162908533,-0.23987758945386062,0.36550435865504355,-0.09107544960433278,-0.09133903506284202,,0.0,0.0,-0.10257966616084979,0.7082067782915689,True,,1.155201149509027
DAC,2026-09-28,154.52,155.23,152.9,153.28,81712,49.8,,Z2,MARKUP,0.02179090455899457,-0.039659169224986024,0.017255110167241794,-0.06330970422879478,0.747686312713103,-0.009997930035707037,0.033797536439155396,0.20748478983648022,1.0,0.0,0.027210884353741527,1.0815206519564782,True,,1.1559079319209062
CBRL,2026-09-22,45.5,46.75,45.14,45.48,1448757,34.0,,Z10,MARKUP,0.05036425917639007,0.0073089700996678,-0.21613236814891423,-0.2452704945237305,0.15008625646923515,-0.08378349202768198,-0.10684994809919757,0.02963956934689671,1.0,1.0,-0.04712158257390542,1.3763825072145612,True,Consumer Discretionary,1.157088112907252
FLUT,2026-09-25,80.41,83.74,78.9,83.23,3030510,31.8,T3,,SPRING,0.05300921096025663,-0.07067887449754351,-0.1239869487422377,-0.28996758232383546,0.1129958246346555,-0.10508226143279398,-0.146882625359133,-0.3543616969610166,0.0,0.0,-0.11685695097380788,0.9575640342470254,True,Technology,1.1582967884295992
ULTA,2026-09-23,563.1,563.1,543.21,543.81,328804,52.1,,Z6,MARKUP,0.03147595214911629,0.025050893463017365,0.012266855292059065,-0.04332911125184735,0.8027074655559108,0.002785461845402404,0.028468064216393252,0.024497888570529147,0.0,0.0,0.06659377795447763,0.8397974474516438,True,Consumer Discretionary,1.1606908212824236
TGTX,2026-09-30,56.41,56.98,55.36,55.78,1908215,51.6,,Z4,MARKUP,0.04097676460635499,-0.003928571428571392,-0.005526831877340044,-0.0593591905564923,0.7473079684134963,-0.00047919556980668965,0.03342864943621815,0.2423923979026248,1.0,0.0,0.051429668009978835,0.8224844709909311,True,Healthcare,1.1622245024223286
AAPL,2026-09-29,336.96,337.08,328.7,329.4,38446225,50.9,,Z2G,MARKUP,0.02135978997935398,-0.030463576158940464,0.039608647625059,-0.0461574100886083,0.6484340538156153,-0.00469725636752627,0.021655781045909483,0.12485018224507627,1.0,0.0,0.0664806463125791,0.742564315888762,True,Technology,1.1623466784825227
RGNX,2026-09-22,8.03,8.25,7.9,8.15,1195241,39.6,T9,,MKDN,0.07292364893058753,0.02515723270440251,0.012422360248447228,-0.48677581863979846,0.061893203883495215,-0.07015461815561297,-0.13451240749004267,-0.16908701494580192,0.0,1.0,-0.016731016731016735,1.3236259309343272,True,Healthcare,1.1643195413490655
CBRS,2026-09-29,200.85,214.0,194.21,194.95,9420650,47.3,,Z2,ACC-TR,0.07065819773705552,-0.08219951979661977,0.05813069908814583,-0.2660844031171178,0.3156467854376452,-0.020156768886163356,-0.04452210768155762,,0.0,0.0,0.1476585655008893,0.8984955575489133,True,Technology,1.1649005390557767
MIAX,2026-09-30,33.74,34.24,33.49,33.5,1287066,25.0,,Z2G,MKDN,0.04668619108863972,-0.06659236556143777,-0.20446449774400377,-0.2947368421052632,0.0007137758743753042,-0.11377536614569628,-0.16919434790533683,-0.19466639739801894,0.0,0.0,-0.06530840078146793,0.8495983053899957,True,Financials,1.165301680885968
DJCO,2026-09-30,658.54,662.88,646.22,646.22,48279,51.4,,Z2,MARKUP,0.03666408241431615,-0.019987867758568312,0.05035433326831806,-0.06683032490974727,0.7063638094029568,-0.005121457011330155,0.03569804699455936,0.16284045590127683,1.0,0.0,0.08007329825328235,0.9184073087078506,True,Materials,1.1661319955676404
INFQ,2026-09-30,13.88,14.28,13.46,13.47,5362072,51.2,,Z2,MKDN,0.06639355429312553,-0.026030368763557465,0.061465721040189214,-0.1055776892430279,0.7480190174326466,-0.0037018577096219474,0.037750754361199235,,0.0,0.0,0.10327868852459021,0.8152405861363976,True,Technology,1.166805306713113
LIME,2026-09-30,28.42,29.09,28.0,28.17,535077,33.7,,Z2G,MARKUP,0.0769831921231531,-0.015034965034965042,-0.2955738934733684,-0.36525461919783686,0.20461236506378808,-0.09846043493268852,-0.12880026951935342,,0.0,0.0,0.011231884057971042,0.8434799728065788,True,,1.1675559038301688
TXNM,2026-09-28,58.47,58.51,58.16,58.27,1994720,54.1,,Z9,MKDN,0.006362310743210803,-0.0051220761481987065,0.010929909784871628,-0.011031907671418817,0.7547169811320759,0.00188052675576178,0.005672048024138565,0.004111062503169505,0.0,0.0,0.017872787804450674,1.0237336619216328,True,Utilities,1.1677912443001917
BTDR,2026-09-25,12.2,12.21,11.22,11.51,10518159,48.8,,Z2,MKDN,0.08194165141437743,-0.11256746337702395,0.015887025595763493,-0.2738170347003155,0.4143049932523617,-0.023277430875992544,-0.022533941813573044,-0.08224938189075692,0.0,0.0,0.11420059582919562,0.9465144438301542,True,,1.168636300030509
CLB,2026-09-21,11.19,11.25,10.84,10.94,661078,29.3,,Z2G,MKDN,0.04476448972539454,-0.10474631751227503,-0.12619808306709268,-0.15455950540958274,0.36507936507936517,-0.08499518592589816,-0.09469128306914021,-0.18353077127122752,0.0,0.0,-0.055749128919860724,1.3518644470006949,True,Materials,1.1688460952847588
PFE,2026-09-21,27.65,27.92,27.53,27.74,28771849,53.4,T2,,MARKUP,0.01803858217853086,0.0007215007215006786,-0.011756323477021824,-0.05032523108524489,0.7370304114490157,0.0013871167194599021,0.02574580187863651,0.06134687416871065,1.0,0.0,0.026365348399246757,1.1911106263240605,True,Healthcare,1.1694063580154144
ASO,2026-09-24,48.46,49.05,47.79,48.13,748108,49.4,,Z2,MKDN,0.04282885531132814,-0.03119967793880829,0.10516647531572909,-0.15383263009845283,0.4111709286675639,-0.00868614073832974,-0.002716082401393649,-0.04028599100313035,0.0,0.0,0.13731556401713463,0.7762397155037883,True,Consumer Discretionary,1.1694531236631416
WLTH,2026-09-28,10.14,10.34,9.98,10.0,1563664,52.4,,Z2G,MARKUP,0.04513776698749354,-0.005964214711729698,0.08108108108108114,-0.09747292418772568,0.5627530364372471,0.005323342185863611,0.027181965208459724,,0.0,0.0,0.10250569476082005,0.6831859097934555,True,Financials,1.1710483484608532
VTRS,2026-09-23,17.25,17.59,16.99,17.12,6876444,57.6,,Z3,UTAD,0.02411692223251328,0.005875440658049458,0.02392344497607679,-0.06905927134312129,0.5115384615384619,0.016850980152958606,0.026031879509930134,0.139412936291752,1.0,0.0,0.05506883604505619,1.061278082982897,True,Healthcare,1.1717736311958886
FUN,2026-09-24,12.39,12.57,12.06,12.4,2001996,32.4,T5,,MKDN,0.05916214791095118,-0.008792965627497984,-0.231246125232486,-0.42698706099815154,0.04149377593360999,-0.09254530963169039,-0.20198853187069166,-0.3321129256313905,0.0,1.0,-0.021207177814029365,0.9938861950151572,True,Communication Services,1.1720237259660862
AOSL,2026-09-28,27.83,27.89,26.61,27.36,392880,51.4,,Z1,ACC-TR,0.05312296520549641,0.04149219642177382,0.11084043848964686,-0.31923364020900724,0.23812351543942986,0.025874764742806144,-0.055444485818982425,-0.10144120160030057,0.0,0.0,0.10364025695931467,0.8325085833951513,True,Technology,1.1723899432900897
IMMX,2026-09-28,10.82,11.84,10.7,11.47,995931,42.9,T3,,MARKUP,0.07365391434357678,-0.08019246190858054,-0.17718794835007168,-0.24039735099337745,0.500687757909216,-0.06355613152827788,-0.026033372540247512,0.2507824413205977,1.0,0.0,-0.08936170212765959,0.9088573759711207,True,Healthcare,1.1725139085417706
ANDG,2026-09-25,54.02,55.51,52.89,52.96,568524,49.7,,Z6,MARKUP,0.040604100407702536,-0.03691580287324969,-0.06364922206506363,-0.08087469628601174,0.7853523721787197,-0.013151308495010783,0.05059069212416145,,0.0,0.0,0.04714285714285715,1.372913642928092,True,Industrials,1.1729804187472985
HURN,2026-09-29,156.13,159.01,155.46,156.36,159966,53.3,T5,,MARKUP,0.03251953956055087,-0.009502090459901136,-0.022077678403902512,-0.0956622325043377,0.7778673113080851,0.002309183312014129,0.055170085513241984,0.13073933796536852,1.0,0.0,0.07808599167822483,0.829940172873343,True,Industrials,1.1739930182044767
RMIX,2026-09-21,13.49,13.71,13.04,13.48,282306,29.4,,Z11,MARKUP,0.06833587683659194,0.015060240963855609,-0.23147092360319266,-0.40903112669881625,0.060422960725075504,-0.10171815741670187,-0.18569553318519372,,0.0,1.0,-0.005405405405405239,0.8600399011754363,True,Materials,1.1747661281128228
U,2026-09-28,40.69,40.92,39.48,39.86,10282188,41.6,,Z1G,MARKUP,0.050684440961178946,-0.07752834991900026,-0.07965827753405685,-0.17746595130004128,0.5831313620940378,-0.05502064305991339,-0.002851575812290341,0.17354317775296435,1.0,0.0,-0.028592739930382804,1.4248814480573684,True,Technology,1.1769066794217216
BW,2026-09-22,7.3,7.59,7.17,7.34,4005973,44.1,T5,,ACC-TR,0.08422428216652546,0.05157593123209159,-0.045513654096228984,-0.4986338797814208,0.08406524466750312,-0.02943684756802334,-0.18312886669176376,-0.28532035069139894,0.0,1.0,-0.011851851851851891,1.0063677313719157,True,Industrials,1.1781094672502126
MEC,2026-09-25,16.87,17.46,16.61,17.16,583669,30.1,T9,,MKDN,0.06569115681873722,-0.0023255813953487747,-0.15634218289085544,-0.519327731092437,0.030334728033472893,-0.07676906013197526,-0.21231199685034863,-0.24726592381191081,0.0,1.0,-0.014268727705113116,1.0688733243547983,True,Industrials,1.1785225986599401
NDSN,2026-09-21,313.18,315.99,310.5,314.35,310551,51.1,T1G,,MARKUP,0.020030988797757984,0.01959067172650908,-0.05384661690344328,-0.07304199103562159,0.5783112019067079,0.0012448435941554425,0.0163364498848122,0.10762910279872329,1.0,0.0,0.010233725075927458,1.310591839904377,True,Industrials,1.1802106257977942
QGEN,2026-09-22,44.43,44.47,43.62,43.69,1445746,53.3,,Z1G,MARKUP,0.02713458742116736,0.02848399246704325,0.04571565342269013,-0.040412914561827495,0.7653061224489792,0.01109692858480904,0.032102471861776616,0.034548434203325984,1.0,0.0,0.02752293577981657,0.9445158187213418,True,,1.1827189613023528
THRM,2026-09-22,36.76,37.08,36.2,36.72,329494,37.1,,Z11,MARKUP,0.037560395945339706,-0.0357142857142857,-0.06920152091254761,-0.24053774560496388,0.24036577400391895,-0.045553040021473645,-0.05058197883377269,0.03333529494347931,1.0,0.0,-0.05455508474576254,1.5624258555839714,True,Industrials,1.1828370240248947
SN,2026-09-23,169.29,170.58,165.3,168.49,1003783,46.2,,Z2,MARKUP,0.038273217841355345,-0.012831028825872948,-0.08329706202393905,-0.13390562352215474,0.5053171287504751,-0.01568985579397386,0.006607357859282459,0.21425783843759638,1.0,0.0,0.04477421820266225,1.422320906667663,True,Industrials,1.183154641971748
KMX,2026-09-21,57.58,58.8,57.09,57.86,3035328,41.7,T9,,MARKUP,0.03240263659328741,-0.06208461663154474,-0.06872686302913256,-0.1136642156862745,0.5336266499057196,-0.03467159747282855,-0.006524937526773744,0.12046576465550607,1.0,1.0,-0.014497816593886381,1.4785890376153312,True,Consumer Discretionary,1.183547040006647
AKTS,2026-09-30,19.83,19.87,19.23,19.47,277271,29.8,,Z3,MARKUP,0.06199291966578545,-0.012677484787018245,-0.25086571758368603,-0.34089370345294523,0.048204158790169954,-0.10731610308169248,-0.15802764193304386,,0.0,0.0,-0.03609557702084398,0.65190749615223,True,Healthcare,1.1868595820586032
DC,2026-09-30,6.29,6.33,6.03,6.09,1228814,49.4,,Z6,MARKUP,0.051768918521417615,-0.08283132530120485,0.048192771084337505,-0.13,0.6915254237288135,-0.016775001304460302,0.036288789364050666,0.13221065019636846,1.0,0.0,0.09636363636363643,0.8620739526306329,True,Materials,1.1883131769338864
MAZE,2026-09-30,27.21,28.02,26.95,27.18,518011,54.3,,Z5,MKDN,0.06793035696222788,-0.03239587041651837,0.024500565397662877,-0.18865671641791049,0.45281385281385284,0.03864239486897425,0.013727494938740925,-0.0571120823499538,0.0,0.0,0.13166287015945333,0.9483854130954538,True,Healthcare,1.1889481945053335
AAMI,2026-09-30,92.61,93.69,90.99,91.71,459966,50.5,,Z2,MARKUP,0.03439692823844579,0.002185553491421688,0.018095026642984013,-0.0691230207064556,0.6845761926817968,-0.002562078271613477,0.0276065404635093,0.26559312146221714,1.0,0.0,0.044509345794392585,0.733121136630603,True,Financials,1.1901971119178758
TK,2026-09-23,13.78,13.8,13.25,13.52,498327,50.4,,Z2,MARKUP,0.03724385220813979,-0.06045865184155674,0.011976047904191711,-0.09444072337575349,0.7251461988304093,-0.014782203333610466,0.043711253279133944,0.16223064063592796,1.0,0.0,0.09143327841845128,1.072330519603562,True,,1.1905815344461268
CBIO,2026-09-30,14.89,15.0,14.23,14.59,289531,36.6,,Z4,MARKUP,0.09336154200201584,0.028188865398167673,-0.18627997769102067,-0.3466188983430363,0.12935883014623178,-0.10455803576709044,-0.13726565043643768,-0.1033120031492869,1.0,1.0,-0.01897810218978102,0.7498455748403426,True,Healthcare,1.194288490532716
PAYX,2026-09-30,99.32,100.88,98.45,98.5,3426601,19.6,,Z4,MARKUP,0.03158906432631955,-0.05732605991003914,-0.21601400827761863,-0.23034849195186746,0.016677785190126748,-0.10691319117148301,-0.1301903064658101,-0.11287462675589277,1.0,0.0,-0.05084745762711862,1.0678743683724101,True,Industrials,1.1947105527001078
FPI,2026-09-24,10.84,10.86,10.54,10.7,736113,56.4,,Z2,MKDN,0.019954286476025342,-0.022831050228310557,0.032818532818532864,-0.030797101449275388,0.814207650273224,0.005083354167012555,0.03266182958592734,0.018425575251547643,0.0,0.0,0.057171514543630675,0.9478705510929164,True,,1.1967986462738702
IOSP,2026-09-30,97.16,97.24,95.09,95.32,226956,54.5,,Z2,MARKUP,0.02237257090047639,-0.013250517598343725,0.029262498650253654,-0.051353503184713434,0.7547528517110261,0.0046176902766881245,0.03498773564354485,0.12416217678687214,1.0,0.0,0.04494505494505496,1.0811881876329308,True,Materials,1.196828510896092
KN,2026-09-21,35.98,36.31,35.42,36.01,590769,52.4,T1G,,MARKUP,0.03475459246041274,0.040450736781276975,0.08073229291716677,-0.1472886573525929,0.3823237338629594,0.015526689554982154,0.0032737877511113123,0.1286540052562395,1.0,0.0,0.066542288557214,1.162771912379255,True,Industrials,1.1993595418219891
GBTG,2026-09-24,9.46,9.48,9.46,9.47,4764977,56.3,T9,,DIST-TR,0.002646477206594396,0.0010570824524311906,0.0010570824524311906,-0.009414225941422605,0.5,0.0006401471154311444,0.009108109200140158,0.13156692135531056,1.0,0.0,0.0021186440677967155,0.9984972551439202,True,Industrials,1.2033289972001182
OXM,2026-09-22,28.58,29.28,28.05,28.11,412073,25.5,,Z11,MKDN,0.05709128298262693,-0.05225893459204323,-0.23112691466083157,-0.34168618266978923,0.017508417508417373,-0.11758943117039333,-0.19117047437751744,-0.2691461596168585,0.0,0.0,-0.012411347517730431,0.8894473466566599,True,Consumer Discretionary,1.2034606419561555
TBPH,2026-09-21,17.03,17.07,17.03,17.05,667296,57.1,T1,,DIST-TR,0.0033098359203706878,0.0011743981209628718,0.0023515579071133885,-0.038895152198421545,0.2659574468085113,0.0014902509026857302,0.0056257517901963094,0.035109127541099516,1.0,0.0,0.005910165484633412,1.2371748068497777,True,Healthcare,1.2035146938172196
ICHR,2026-09-25,57.62,58.16,56.0,57.94,381186,49.1,T1G,,DIST-TR,0.06037869958319335,0.057299270072992625,-0.0194618378744289,-0.48825295884119413,0.1283506780195522,0.01753902997226575,-0.08127238826123873,0.0032498513194896272,1.0,0.0,0.09738955823293183,0.9085693209530329,True,Technology,1.204447909759213
BIO,2026-09-30,377.61,380.88,374.02,377.71,228587,53.1,T12,,MARKUP,0.025630603756511605,-0.0030880489864865135,-0.008531079378412465,-0.0467405294904476,0.8381684725620409,0.0005433068660538609,0.04448466539929097,0.19332738032972308,1.0,0.0,0.020565552699228773,1.0302718921321679,True,Technology,1.2067487281361022
REPX,2026-09-29,39.67,40.25,39.41,39.79,217415,46.2,T5,,MARKUP,0.03556249320362774,-0.010199004975124493,0.01947220087112478,-0.12182741116751272,0.581183611532625,-0.028522962383095818,0.017301101930743856,0.15035762258549767,1.0,0.0,0.07501363884342616,0.48503419633851286,True,Energy,1.207240645866782
GEN,2026-09-21,29.53,29.53,28.82,29.15,5539108,46.5,,Z10,MARKUP,0.030441552209443678,-0.07195160776822673,0.0076045627376426506,-0.07898894154818326,0.6940024479804161,-0.02444576427373002,0.01755192161884045,0.11430064638515325,1.0,0.0,0.06701221769714905,1.2983320051869969,True,Technology,1.208084126958713
ANF,2026-09-30,134.22,138.0,133.23,134.69,1112061,52.1,T2G,,MARKUP,0.04239902888758807,0.018449905482041506,-0.04257890247369922,-0.13226388352016494,0.707466514676546,-0.0024924742078762385,0.07840639527907856,0.3054255502661005,1.0,0.0,0.0072942260442259155,0.8486206970158258,True,Consumer Discretionary,1.2103599470582067
MEDP,2026-09-28,616.16,621.62,608.05,615.94,242079,56.3,,Z2G,MARKUP,0.02531699048511253,-0.01323293816084592,0.02545575626404739,-0.09139991149137028,0.6208774398825189,0.010656238892882586,0.04697534965292105,0.1708497230050161,1.0,0.0,0.05264524617408761,1.137307334708908,True,Industrials,1.211745893945485
LGND,2026-09-21,283.67,290.51,282.45,290.07,237465,53.9,T1,,MARKUP,0.030418924682577512,0.03356493853554254,0.013203395158754905,-0.11193093102286988,0.34550662370211255,0.01653343415032338,0.018616049071102037,0.19138302114366823,1.0,1.0,-0.017525399129172836,1.280185837362177,True,Healthcare,1.2120576231762659
INNV,2026-09-30,8.95,8.95,8.72,8.8,807589,28.5,,Z9,MARKUP,0.06371116830538347,-0.022222222222222143,-0.18744228993536471,-0.30214115781126083,0.09501187648456068,-0.1151550881173764,-0.14683776244469982,-0.0024801952465439703,1.0,0.0,-0.058295964125560484,1.2854375149341688,True,Healthcare,1.2134215129843136
NVT,2026-09-30,162.03,162.63,159.11,160.37,1493245,52.9,,Z2,MARKUP,0.038995616900460814,-0.015228738102548323,0.08873048200950429,-0.09589581689029203,0.6334841628959278,0.012376798192317962,0.01734721424459451,0.1337947697008659,1.0,0.0,0.0929311183707513,0.8182422426953047,True,Industrials,1.2156847554363404
ASYS,2026-09-21,14.55,15.24,14.29,14.98,311085,50.5,T1G,,DIST-TR,0.05834382194315578,0.10066127847171202,0.02392344497607657,-0.3655230834392207,0.15968841285296986,0.019702744417441576,-0.0426385373295769,0.005104880983351601,1.0,1.0,-0.016949152542372947,1.0541682816945368,True,Industrials,1.2173490116313783
CLYM,2026-09-22,13.75,14.29,13.63,14.21,930126,47.2,T1,,MARKUP,0.07400015007013223,0.021567217828900143,-0.13353658536585356,-0.22476813966175657,0.4088952654232427,-0.024320040620704142,0.002776094110632954,0.3975217975118255,1.0,0.0,0.03437738731856377,1.1413180382700177,True,Healthcare,1.2185756977506585
GMRS,2026-09-25,10.71,11.14,10.7,11.06,645628,36.5,T4,,MKDN,0.07036688052044882,-0.11731843575418988,-0.12012728719172627,-0.30788485607008764,0.08719851576994445,-0.09541257949185189,-0.13146406986985826,,0.0,0.0,-0.11528822055137855,0.8100445101602439,True,Industrials,1.2196235282139976
OGN,2026-09-21,13.7,13.76,13.67,13.68,3116480,49.9,,Z6,DIST-TR,0.0030201131561802637,0.00219780219780219,-0.005090909090909146,-0.00797679477882518,0.6666666666666666,-0.0007091691503445796,0.009876180020356617,0.17956901234177192,1.0,0.0,0.0014673514306675628,0.917296968245555,True,Healthcare,1.2203078417803381
KELYA,2026-09-21,16.18,16.46,16.17,16.28,235637,51.7,T1,,MARKUP,0.02873269525958618,0.0030807147258165024,-0.04739613809245169,-0.08281690140845066,0.7566225165562915,-0.00035677839999126437,0.04677188953153566,0.27316722287680806,1.0,0.0,0.010841836734693855,1.144814229818916,True,,1.2216795001956315
TYRA,2026-09-30,22.19,22.45,21.7,21.87,1034685,39.4,,Z3,MKDN,0.07884768916349245,-0.05854498493327587,-0.13557312252964426,-0.35142348754448394,0.21314741035856583,-0.08357572977735117,-0.15544328257731554,-0.19516893207730268,0.0,0.0,0.12540192926045024,0.6630176287775327,True,Healthcare,1.2225281113048532
APPS,2026-09-24,11.33,11.37,10.38,10.88,4268289,47.5,,Z2G,MARKUP,0.0784968638731998,-0.007299270072992692,0.0036900369003691758,-0.29074315514993476,0.40533333333333343,-0.03396339693888928,0.010656520956062732,0.36887964548296837,1.0,0.0,0.06461538461538474,1.149729799385375,True,,1.2232876419560441
FCEL,2026-09-30,17.01,17.2,16.4,16.42,4093637,45.5,,Z2,DIST-TR,0.08710219613269145,-0.0442374854481955,-0.03864168618266961,-0.36108949416342406,0.21819713563605744,-0.033236257361640154,-0.09235402634408019,0.0736386353594245,1.0,0.0,0.1388286334056399,0.7073430196353995,True,Industrials,1.2249191378901627
TECX,2026-09-22,26.83,27.58,26.21,26.5,188604,34.4,,Z2,MARKUP,0.07112873341798615,-0.0705015783935462,-0.27337537702221004,-0.3296230710852517,0.021771771771771708,-0.10658043874709866,-0.14501660763502677,-0.06895662378310996,1.0,0.0,-0.06225402504472266,0.9767923543222056,True,Healthcare,1.2257031690872944
TXN,2026-09-21,267.67,271.77,262.22,270.87,7905181,54.5,T2G,,MARKUP,0.033072920854028666,0.028281831296029125,0.02462551066727192,-0.14102238853301186,0.33834250855527476,0.025207587729972003,0.0006695145047073137,0.07851386320448484,1.0,0.0,0.036150405029621746,1.3764191840273932,True,Technology,1.2265926270003473
AMLX,2026-09-30,29.47,29.62,28.64,29.1,1306898,41.5,,Z2,MARKUP,0.05618658165726422,-0.049330284220842846,-0.1393078970718722,-0.2926592124453087,0.5109666937449229,-0.06886051167652696,0.008615933201695958,0.4411980368833064,1.0,0.0,-0.061906321650835205,0.8428210649980741,True,Healthcare,1.2270176801056576
ENVA,2026-09-25,172.47,174.82,171.05,173.48,220760,28.3,T2G,,MARKUP,0.04953269041311227,-0.007097069597069683,-0.2689422671723557,-0.35135539353150125,0.06905092133940954,-0.11985105099332982,-0.188353420188501,-0.06892270045489479,1.0,1.0,-0.00798331843908251,0.8748925205939732,True,Financials,1.2274547369475404
NTST,2026-09-30,17.91,17.99,17.68,17.68,1589197,20.7,,Z2G,MKDN,0.02294630640866142,-0.03756124115405557,-0.13502935420743645,-0.21317311971517572,0.0,-0.060095728108355506,-0.10179435353158106,-0.10408599105686311,0.0,0.0,-0.015041782729804942,1.460660423127399,True,,1.2289608631594275
QDEL,2026-09-28,10.94,11.1,10.68,10.83,760160,35.8,,Z9,MKDN,0.06874655668738719,-0.0027624309392264568,-0.2652645861601085,-0.4308985811875986,0.05855338691159584,-0.08404182480535782,-0.18588198786783405,-0.3784954056829788,0.0,1.0,-0.0038610038610037423,0.8550688179939564,True,Healthcare,1.2301318719569003
STRO,2026-09-29,16.05,16.27,15.73,16.1,202399,32.5,T2G,,ACC-TR,0.07260417264921001,-0.0018598884066954868,-0.20454545454545436,-0.5172413793103448,0.07008086253369276,-0.06904183815723819,-0.2061585724374988,-0.25269879553936747,0.0,0.0,0.010135135135135087,0.7371373357448993,True,Healthcare,1.2337683392715098
PAYO,2026-09-28,7.16,7.17,7.13,7.14,2598759,53.4,,Z9,DIST-TR,0.005244399597738505,0.00421940928270037,0.00421940928270037,-0.006954102920723293,0.7058823529411737,0.0012810286371018886,0.01645917387861129,0.12337368736067855,1.0,0.0,0.004237288135593209,1.0236451808437395,True,Industrials,1.2358326886811672
ZBRA,2026-09-21,351.94,353.58,346.44,350.84,484011,53.1,,Z11,MARKUP,0.031223765080271068,-0.0027571700633866048,-0.047949852107134205,-0.0916293400305519,0.7594644192210968,0.004824661725775448,0.059658232586335735,0.23524033667505617,1.0,0.0,0.006747919143876402,1.2010817875968223,True,Industrials,1.236282772218562
ESTC,2026-09-28,85.66,88.69,84.62,87.94,1914139,53.1,T5,,MARKUP,0.04741804766160651,-0.019730241890536182,-0.1198078270443399,-0.18574074074074076,0.6138594802694899,0.005135841589507972,0.08425607012484715,0.24615425714755212,1.0,0.0,0.07399416169564654,0.6992828170212964,True,Technology,1.2374218688409306
ANRO,2026-09-21,30.64,30.81,29.8,30.63,357799,42.0,,Z10,MARKUP,0.06078089391890758,-0.03314393939393945,-0.10647607934655778,-0.18276414087513337,0.4802731411229135,-0.052896904360719366,-0.00900487823717111,0.31312130089601076,1.0,0.0,-0.041184041184041065,1.417797170825484,True,Healthcare,1.238945721912753
HELP,2026-09-30,12.7,12.9,12.21,12.29,823225,48.6,,Z4,MARKUP,0.07319812343716056,-0.05606758832565284,0.059482758620689635,-0.1887788778877889,0.6941176470588234,-0.03211928998760827,0.078626425884196,,0.0,0.0,0.07371225577264662,0.5740405552163648,True,,1.2389565378647847
ETN,2026-09-30,434.0,434.75,428.0,429.71,1862171,53.6,,Z2,MARKUP,0.031200864864110604,-0.02062631051144137,0.09981827954237166,-0.10102510460251046,0.5971805138471803,0.011999943642549749,0.024830537356820503,0.08572827017891327,1.0,0.0,0.101515190893261,0.8600591197760601,True,Industrials,1.2397192225291078
CMBT,2026-09-30,19.09,19.3,18.86,18.93,1926273,52.0,,Z3,MARKUP,0.026723673181857414,-0.012004175365344483,0.03612479474548436,-0.09077809798270897,0.6865671641791045,-0.00599752341401949,0.048643401561061284,0.2680151380832019,1.0,0.0,0.06678082191780832,1.0048857818605108,True,,1.242364769152151
BHE,2026-09-21,76.57,77.41,75.2,77.16,484706,55.0,T2G,,MARKUP,0.03758177616465743,0.06795847750865036,0.06222466960352424,-0.2315506423662982,0.267947103274559,0.03381239213885512,0.003761229768761698,0.11174624062752514,1.0,0.0,0.04967225054624902,1.104975681661455,True,Technology,1.2423981667044963
NVDA,2026-09-25,225.13,226.94,223.13,225.07,89850443,55.2,,Z5,MARKUP,0.026088030492680065,0.012597291582309822,-0.01276427756820775,-0.041276196967115375,0.783463687150838,0.016132041415144238,0.03652476123531345,0.1174035996780296,1.0,0.0,0.06677925211097713,0.8664346205709862,True,Technology,1.2442150791004318
ATEC,2026-09-24,10.03,10.05,9.83,9.92,1664558,51.7,,Z2G,MKDN,0.04471389099566564,-0.035019455252918275,0.05307855626326963,-0.10063463281958296,0.6324503311258279,0.0007474810478051985,0.03166643639999167,-0.09879200452152748,0.0,0.0,0.14302325581395348,0.794586278648031,True,,1.2473017566245834
QLYS,2026-09-28,168.79,175.63,168.06,173.83,604887,48.8,T3,,MARKUP,0.05340322282323815,-0.03977241341214155,-0.07067628976209572,-0.13749131686017657,0.6071732350439469,-0.015800366936142063,0.033230404599624785,0.24651539840261072,1.0,0.0,0.12693623013478184,0.7468528622713625,True,Technology,1.2484028295709657
ODTX,2026-09-28,20.02,21.65,19.71,21.47,212721,44.9,T2,,MARKUP,0.09762421980190666,-0.06895056374674757,-0.11863711001642041,-0.2609294320137694,0.45663082437275976,-0.060681795663470206,-0.031474416485473555,,0.0,0.0,-0.13581952117863716,0.841629362652166,True,Healthcare,1.2485096900763473
EMBC,2026-09-21,5.24,5.34,5.13,5.3,930265,57.1,T2,,MKDN,0.050842672044047334,0.011450381679389166,0.01338432122370925,-0.10321489001692052,0.7852112676056338,0.0314646214724732,0.10458517656391852,-0.21054326163772685,0.0,0.0,0.050000000000000044,0.9688364730457791,True,,1.2486228883267523
PRCH,2026-09-30,16.68,16.98,16.15,16.66,1381991,52.2,,Z10,MARKUP,0.051230287375866324,0.003010234798314304,-0.040322580645161255,-0.09308655416439848,0.7492668621700879,0.00476390493296619,0.049259021345174236,0.29663056313570024,1.0,0.0,0.02711426726920596,1.1878205606770893,True,Technology,1.2520439667535206
HPQ,2026-09-29,31.3,31.35,30.6,30.73,11346444,46.0,,Z1,MARKUP,0.04791927107452383,-0.04088639200998745,0.02365089940039966,-0.15180789401048844,0.5946941783345617,-0.036219343500294654,0.019237683639493186,0.1924171575016307,1.0,0.0,0.1447811447811449,0.8054397772464236,True,Technology,1.2531309306884368
DBRG,2026-09-21,15.88,15.92,15.88,15.92,2607286,52.4,T4,,MARKUP,0.0024865376248681677,0.0006285355122563896,-0.0006277463904582614,-0.004377736085053208,0.7741935483870962,0.0006659261615307166,0.0028773571244595786,0.058015664787572696,1.0,1.0,-0.0025188916876575096,1.1142867097518192,True,Financials,1.2539893982146415
DOCU,2026-09-28,65.89,67.45,63.92,66.98,3264518,53.0,T5,,MARKUP,0.04203523004882299,-0.023187983082980756,0.04656250000000006,-0.09559816365109364,0.7582792762034825,0.00046057771820207094,0.07452200399321907,0.15094004877067335,1.0,0.0,0.08837050910948419,0.86474175964554,True,Technology,1.2542709140863553
EFOR,2026-09-24,33.49,33.98,31.99,32.43,552144,54.6,,Z4,MARKUP,0.053010532619952234,-0.015183723048891595,0.031160572337042947,-0.05781522370714709,0.8864155251141551,0.011023077118349267,0.09985490173519551,,0.0,0.0,0.06159542241669458,1.0431749545137197,True,,1.2553573885731575
CHTR,2026-09-30,112.05,112.93,110.0,110.9,2400525,29.0,,Z5,MKDN,0.05558289480308224,-0.04896664093988501,-0.2413981804500991,-0.30989421281891716,0.01852581789515199,-0.12726318370037237,-0.1900792519725386,-0.37473085744404,0.0,0.0,-0.023879272081668956,0.9514150817275662,True,Communication Services,1.2557371866993898
RSI,2026-09-30,19.86,20.45,19.43,20.33,4353150,27.8,T2G,,MARKUP,0.0587832367788338,-0.011186770428015635,-0.21048543689320398,-0.41123660584998556,0.0797148412184055,-0.10768767583081684,-0.18852564411748718,-0.16116198351180389,1.0,1.0,-0.04116465863453811,1.2250662616665753,True,Communication Services,1.2559219894331741
WYFI,2026-09-30,18.78,19.05,17.88,18.01,1197390,42.4,,Z2,ACC-TR,0.0874848911900937,-0.05459317585301837,0.029142857142857137,-0.5580368098159509,0.05799502899751459,-0.06808952195673545,-0.16737943754651297,-0.20011737370428118,0.0,0.0,0.07645996387718235,0.8708209760408692,True,Financials,1.2596015345572997
BKKT,2026-09-30,8.4,8.6,7.77,7.81,1192868,46.5,,Z6,MKDN,0.08742655893839639,-0.11350737797956878,0.07575757575757569,-0.2022471910112359,0.3571428571428571,-0.052974770524403136,-0.04129295494903906,-0.21286337923573173,0.0,0.0,0.11158798283261784,0.8535819933846159,True,Financials,1.2608451506324785
FRVO,2026-09-24,18.49,18.54,16.16,16.71,14294682,46.5,,Z11,MKDN,0.09284158070420676,0.0030012004801920344,0.08225388601036276,-0.45957309184993533,0.12928921568627458,-0.01249611399612549,-0.16205423235327443,,0.0,0.0,0.09452054794520559,0.8688047319652619,True,Utilities,1.2615986260239314
DD,2026-09-30,130.48,131.17,129.75,129.89,776779,45.8,,Z2,MARKUP,0.020506171375814636,-0.007564180929095388,-0.016804178336235154,-0.13070539419087135,0.266341096919609,-0.0077652515577234515,0.012663105257221918,0.45152679445230404,1.0,0.0,0.05162866449511383,0.7348221933412998,True,Materials,1.2618633152433893
HE,2026-09-30,9.04,9.08,8.92,8.94,2720445,17.3,,Z9,MKDN,0.03192031106069658,-0.030368763557483858,-0.1931407942238268,-0.3686440677966102,0.03333333333333328,-0.09590172200279812,-0.18779300640656849,-0.2897063423804974,0.0,0.0,-0.04885993485342033,1.0212314226809132,True,Utilities,1.263626761304605
PSX,2026-09-29,250.0,252.95,248.51,252.25,2190057,50.8,T5,,MARKUP,0.032866532123633524,-0.017641560869226525,0.022994565658204236,-0.08974451501154734,0.7543461082576056,-0.011081632009432796,0.05635385164922213,0.3138893957198594,1.0,0.0,0.06405480625133797,0.9530052562313766,True,Energy,1.2655552227150726
RDVT,2026-09-22,75.64,76.12,72.44,73.41,193983,50.5,,Z2,MARKUP,0.038903009839982856,-0.03674058522503609,0.046173578452330055,-0.08568937601195681,0.6811862835959218,-0.00985506099003819,0.048225689138671646,0.2702416030649273,1.0,0.0,0.0917859834212511,1.001874220070356,True,Technology,1.266199886998702
ARQT,2026-09-30,27.0,27.39,26.41,26.43,2391392,54.0,,Z2,MARKUP,0.048179862437044335,0.0018953752843062777,0.11284210526315785,-0.11427613941018766,0.49406528189910964,0.021221407774275836,0.03164886059535399,0.08481686269049948,1.0,0.0,0.09047619047619038,0.7113138247209716,True,Healthcare,1.2662570170347722
CRL,2026-09-23,283.85,291.09,276.64,277.33,1594218,50.0,,Z1,MARKUP,0.03461287398633499,0.01433744193701747,-0.06823679612955247,-0.08565494048992783,0.7110443777110441,-0.007683004190056852,0.0462639461711416,0.2884154895218549,1.0,0.0,0.026677142964043776,1.245156641946752,True,Industrials,1.266393212439398
AMKR,2026-09-30,54.43,54.74,52.23,52.38,4535672,51.3,,Z2,ACC-TR,0.051269014220683445,-0.017629407351837934,0.14541876230045925,-0.2889914483507533,0.3134472750725574,0.014960935410852194,-0.031885133860073744,-0.03134866408690151,1.0,0.0,0.13796909492273723,0.8192905603890699,True,Technology,1.2667521112631164
GOOD,2026-09-30,12.72,12.73,12.52,12.62,1386209,45.1,,Z5,MARKUP,0.01703423322101667,0.003977724741447863,-0.02848344880677456,-0.049698795180722954,0.43589743589743574,-0.006276798073107215,-0.010126257500238212,0.00606278384268677,1.0,1.0,-0.013545816733067761,1.503897194978375,True,Real Estate,1.267025407202501
RUSHB,2026-09-30,55.06,55.06,53.56,53.91,102583,36.0,,Z6,MKDN,0.043247090504024636,-0.016599781101787725,0.08997169429842278,-0.3386898920510304,0.16282595512431772,-0.050775196463172745,-0.1475749428609775,-0.17509349627021575,0.0,0.0,0.1034198599093532,0.43357315806931546,True,Consumer Discretionary,1.267932063226029
AMAT,2026-09-21,455.94,468.51,452.65,464.24,9483901,49.7,T2G,,MARKUP,0.04696839662652422,0.09436364064967839,-0.05703607409814748,-0.37236875904119404,0.16068381277425653,0.017743835862741086,-0.03958293558400272,0.09605679638822351,1.0,1.0,-0.019280266920877143,1.2524460824288386,True,Technology,1.2682980903376773
PDFS,2026-09-21,45.4,47.1,45.1,46.71,515467,52.3,T1G,,MARKUP,0.05964981012114086,0.09110021023125436,0.02322015334063532,-0.34844469242572185,0.20521794463888016,0.03368976282841074,-0.012099670937289586,0.09426762944537637,1.0,0.0,0.021361152508693415,1.0981891001196231,True,Technology,1.2683801996223734
TGB,2026-09-25,9.04,9.04,8.45,8.61,7181293,50.8,,Z4,MARKUP,0.0543983661406096,-0.003472222222222321,-0.11053719008264462,-0.12321792260692477,0.6756032171581767,-0.0006036954444189613,0.03790357169066172,0.20835228107820236,1.0,0.0,0.10993377483443711,1.1708330924642563,True,,1.2691058600499927
NSIT,2026-09-29,156.6,157.26,154.04,155.64,232515,51.4,,Z2,MARKUP,0.03755743004078126,-0.0039040000000001296,-0.008788689338937838,-0.07632047477744819,0.7795680493657865,-0.005105620152158541,0.05893416364090287,0.3129378072521469,1.0,0.0,0.06015141087405351,0.853727929005745,True,Consumer Discretionary,1.27344794086342
KMTS,2026-09-23,26.03,26.06,25.14,25.51,222755,52.2,,Z9,MARKUP,0.053699589308741115,0.059385382059800707,-0.052377414561664226,-0.11699550017307025,0.6018845700824501,0.016589926266872723,0.023328461496973985,0.08713310010010944,1.0,0.0,0.09647495361781089,1.13367261153718,True,,1.2739935908966016
CNK,2026-09-23,35.71,36.54,35.68,35.79,1861551,52.6,T5,,MARKUP,0.029902646381077477,0.051719071407581474,-0.04304812834224603,-0.08183683940482289,0.6956106870229009,0.009583179339009096,0.025714804299949323,0.1433655857878411,1.0,0.0,0.004747774480712064,1.255440936441109,True,,1.2752381106364301
MSFT,2026-09-24,495.07,498.9,491.22,497.93,16642295,54.4,T5,,MARKUP,0.022052564282919122,0.0003616273229531952,0.003142816850333352,-0.03833674533585685,0.8625631793948627,0.00528235836100821,0.04761128685283156,0.1130109865685367,1.0,0.0,0.026267945583349217,1.1705358578732266,True,Technology,1.2809588996491934
ARW,2026-09-21,222.84,223.87,217.11,219.1,409387,55.5,,Z3,MARKUP,0.03559066944251711,0.02454991816693952,0.039127341712117625,-0.04921020656136088,0.7205519960571708,0.02419271848777904,0.03553222052551108,0.1936432458622468,1.0,0.0,0.03971191357407222,1.0580424823324146,True,,1.2844146769188616
ACA,2026-09-29,146.55,146.64,146.0,146.0,1005116,56.4,,Z4,DIST-TR,0.0031253196825481665,-0.004092769440654842,0.004817618719889838,-0.00558507015392995,0.6639344262295107,0.0009757249487931663,0.01260407423273957,0.13540212483677783,1.0,0.0,0.006896551724137945,1.1111322558377212,True,Industrials,1.2857619958227449
KRMN,2026-09-25,34.76,35.77,33.35,35.69,4870723,36.8,T2,,MKDN,0.07510572533378142,-0.0016783216783217147,-0.24736398144242944,-0.439981170563314,0.11068823342848066,-0.07022215390333064,-0.20073277190460503,-0.3975745339020188,0.0,1.0,-0.052662547808178806,1.0476534572592586,True,Industrials,1.286906767691188
CTNM,2026-09-28,12.38,13.36,11.95,12.73,532342,33.6,T4,,MARKUP,0.07829172820314591,-0.06051660516605173,-0.25337243401759535,-0.28442945474985937,0.20813771517996876,-0.09396485511475894,-0.12714974130978807,-0.04477144003882527,1.0,0.0,-0.11353032659409013,1.0549417415914546,True,Healthcare,1.2880794447828103
TEAM,2026-09-29,177.73,179.5,168.05,175.96,4584183,47.7,,Z2G,MARKUP,0.05294084499586887,-0.06726742645109995,-0.09378379770304357,-0.12019999999999997,0.7996666666666667,-0.039962135862071535,0.08689151531472206,0.34734034984811246,1.0,0.0,0.0440482107355864,0.865118022380077,True,Technology,1.2886967871463548
AES,2026-09-23,14.82,14.84,14.8,14.81,10759045,54.5,,Z6,MARKUP,0.0030807049273909965,0.0,0.005431093007467691,-0.0047043010752688685,0.8,0.000774474703323369,0.0032389422262679712,0.02876512053117386,1.0,0.0,0.006802721088435382,1.1677613728823975,True,Utilities,1.2950597177078829
DMRA,2026-09-30,20.78,21.85,20.31,21.28,563011,32.6,T1G,,MKDN,0.08164614317166749,0.041095890410958846,-0.24378109452736318,-0.39008311837202636,0.12193548387096778,-0.10546418124491563,-0.1842772550137034,,0.0,1.0,-0.02855711422845697,0.9212793435886178,True,Healthcare,1.2986667173191158
BBY,2026-09-30,90.15,90.55,87.42,88.24,2647871,47.1,,Z6,MARKUP,0.03495838210715686,-0.028193832599119006,0.0678930170640204,-0.08588003729410554,0.5867397806580257,-0.019387788403734785,0.014920877879230021,0.14366038711054285,1.0,0.0,0.1397653194263364,0.7611690313157728,True,Consumer Discretionary,1.3008401984573206
UCTT,2026-09-21,72.83,73.62,70.74,73.05,603926,49.0,T2G,,DIST-TR,0.06785339343318633,0.10031631269769536,-0.04422347245845881,-0.49348218000277355,0.12717684571989205,0.01424339651998241,-0.07371630351356828,0.03360079566828067,1.0,0.0,0.03334396936821937,0.9549077885630732,True,Technology,1.302489105943762
SNX,2026-09-30,259.47,261.36,254.97,256.85,800809,46.3,,Z6,MARKUP,0.04268974817675992,-0.10781895863003221,0.02171924101992939,-0.14030859858754208,0.35248687055916017,-0.02335150344202941,-0.008020928504069214,0.14851090410006362,1.0,1.0,-0.016749605534652212,1.486887672209109,True,,1.304665772641365
SLAB,2026-09-29,221.12,221.58,221.03,221.17,453313,59.1,T9,,MARKUP,0.004824933977522156,-0.003604090642879698,0.009678155672220745,-0.0059328509146479025,0.7956656346749195,0.003479979561306523,0.008526015093826445,0.1024912120545729,1.0,0.0,0.017982294356326145,0.9343586044412564,True,Technology,1.305391857820051
INSW,2026-09-23,104.0,104.24,99.45,101.96,601816,48.9,,Z2,MARKUP,0.04053030791462283,-0.06783689888462241,0.029379101463907098,-0.09881562665723886,0.7064846416382251,-0.018759572765942756,0.03719771630859059,0.2721298330457189,1.0,0.0,0.06774747691646987,1.255794756981539,True,Industrials,1.3064274134377216
SAFE,2026-09-25,12.4,12.49,12.21,12.26,550412,19.0,,Z2,MKDN,0.03279777012880064,-0.06697108066971091,-0.20130293159609125,-0.2974212034383954,0.009541984732824227,-0.11330891836362456,-0.16519139595856114,-0.1859947325345963,0.0,0.0,-0.06436781609195397,1.1525343370980767,True,,1.3081766972812516
KREF,2026-09-30,6.36,6.38,6.18,6.21,1358144,31.1,,Z1,MKDN,0.03800824899783101,0.024752475247524774,-0.16644295302013423,-0.21491782553729455,0.15422885572139286,-0.07919786595281852,-0.11639692337567464,-0.15063953188755586,0.0,1.0,-0.026402640264026278,1.5615572973426661,True,,1.3100661593520482
PI,2026-09-29,179.0,180.9,175.6,176.45,214551,53.7,,Z3,MARKUP,0.041860336912778434,-0.02916093535075659,0.012218907755851216,-0.05469838208507449,0.8357728808106802,0.006382746380656057,0.058048762342086446,0.17739783617502303,1.0,0.0,0.09836901121304797,0.9281783617847063,True,Technology,1.3105984293046509
LMB,2026-09-30,48.46,49.87,47.19,48.93,363082,45.5,T1,,MKDN,0.05213678116685428,-0.042840375586854385,0.09243134628265248,-0.38522427440633245,0.21081081081081074,-0.01871349368128139,-0.0948724011877643,-0.3341326178978895,0.0,0.0,0.15832106038291593,0.7045373492046987,True,,1.310612287619625
GTLB,2026-09-29,46.0,47.1,45.51,46.71,4200401,51.7,T2,,MARKUP,0.0442445322187731,-0.043219991806636604,0.00365277180919632,-0.15913591359135904,0.6560311284046694,-0.009539167515757896,0.08448962927070558,0.2845821199424996,1.0,0.0,0.10164424514200299,0.7840907099074006,True,Technology,1.3110272559697567
FTH,2026-09-30,28.49,30.18,27.66,29.74,356522,42.6,T2G,,MARKUP,0.09414807496320066,-0.0573692551505548,-0.13822080556360472,-0.2942572377788325,0.3480546792849631,-0.07713256777022204,-0.04614855128747286,,0.0,0.0,-0.1518825781748565,0.7640651776820795,True,Healthcare,1.311920620774258
HOOD,2026-09-30,122.61,123.49,111.95,112.5,35057253,49.3,,Z6,MARKUP,0.05633547797479587,-0.08312958435207829,0.08685151193121432,-0.11235600441849447,0.6692986530422667,-0.019619775419278285,0.03683302349280848,0.13698020931862676,1.0,0.0,0.1119388160508541,0.7840112336860791,True,Financials,1.3138440413252863
CPRI,2026-09-30,14.82,14.82,14.09,14.12,3483912,45.9,,Z6,MKDN,0.05057211817941364,-0.08489954633830199,0.1039874902267397,-0.2638164754953076,0.25368731563421815,-0.024040957012461672,-0.05636820628444128,-0.2021792716968801,0.0,0.0,0.1362903225806451,0.5266405079842303,True,Materials,1.3140524442541406
TSEM,2026-09-28,226.51,228.65,218.15,226.04,1830480,52.1,,Z9,MARKUP,0.06064245488482685,-0.033273458215721474,0.08667852507091012,-0.18655534763207138,0.4414395000538735,0.023771629346713175,0.007064635654422169,0.1641310417481776,1.0,0.0,0.13980582524271834,0.9098508727427462,True,,1.3141916356101875
METC,2026-09-22,9.51,10.2,9.2,9.7,2728212,38.6,T2G,,MKDN,0.09260528945609055,-0.03386454183266929,-0.21962992759452937,-0.36142198815009874,0.1719457013574659,-0.11824134236977946,-0.16808429985452733,-0.3294008422935333,0.0,0.0,-0.0678824721377913,0.981829521838634,True,Materials,1.31453911365994
DRTS,2026-09-23,15.09,15.25,14.31,14.52,727043,49.9,,Z2G,MARKUP,0.04632001670045756,-0.034574468085106336,-0.01224489795918371,-0.08043065231158963,0.7370600414078675,-0.013110379900834968,0.050794649183004914,0.4357094168267237,1.0,0.0,0.0483516483516484,0.9165162511717048,True,,1.315665627900361
DDS,2026-09-23,658.74,658.74,643.43,645.66,295459,55.6,,Z3,MARKUP,0.035504811001220396,-0.002826298475652189,0.013117840891260002,-0.029447576099210893,0.8792157346322212,0.014590381455120038,0.045801174051851135,0.09533855232877331,1.0,0.0,0.06783482796013551,1.1477524625230728,True,Consumer Discretionary,1.3169775263734955
DGII,2026-09-21,72.86,73.43,71.61,72.74,241741,51.7,,Z10,MARKUP,0.03593967271245637,0.09137284321080252,-0.028968095047390174,-0.16236757254721335,0.4773906597479612,0.013516572016265771,0.013972257215724149,0.19980387993925341,1.0,0.0,0.0003022974607014284,1.1881274262595598,True,Technology,1.3173475213276244
VEEV,2026-09-22,265.8,265.8,259.34,260.91,1818906,54.1,,Z3,MARKUP,0.03344596723911935,-0.021416247843372482,0.05010866940352576,-0.11926140966783683,0.7141354478517681,2.147115579864689e-05,0.08364082909746151,0.2007217936699046,1.0,0.0,0.07927007910266615,1.1376359971042136,True,Technology,1.3220419909119705
BOW,2026-09-30,33.78,33.83,33.77,33.77,174121,59.9,,Z6,DIST-TR,0.005870466205802323,-0.002068557919621794,0.0047604879500149355,-0.03706871970345016,0.8018292682926833,0.0023639914756719005,0.027854685006187818,0.13217270861866415,1.0,0.0,0.004176610978520179,0.8205208493197459,True,Financials,1.3228126329202623
BATRK,2026-09-21,51.15,52.43,51.0,52.22,544037,58.5,T2G,,MARKUP,0.024004364054134333,0.04628330995792429,0.005584440593106033,-0.04113110539845766,0.660091047040971,0.028477341641794718,0.026948208589267164,0.09397952782515717,1.0,0.0,0.009840098400983877,1.156890239695201,True,Communication Services,1.3243958464465468
NMAX,2026-09-30,10.95,11.23,10.8,10.81,796939,53.5,,Z6,MKDN,0.0493416045704421,-0.008256880733944927,0.0404234841193456,-0.10734929810074312,0.7180043383947942,0.006474565247097663,0.07064402034583739,0.1637670905741253,1.0,0.0,0.05123152709359591,0.5389863961228768,True,Communication Services,1.3248978236225553
SGMT,2026-09-23,11.23,11.26,10.15,10.42,1115900,50.1,,Z4,MARKUP,0.05779346695633172,-0.003824091778202754,0.01263362487852282,-0.08995633187772922,0.791919191919192,-0.018516884405743728,0.07215894404225609,0.345921305151657,1.0,0.0,0.0201005025125629,1.1600985518704965,True,Healthcare,1.3253191198558731
FRMI,2026-09-21,5.16,5.21,5.02,5.06,15200992,44.4,,Z11,ACC-TR,0.07895745430633282,0.001980198019801982,-0.14527027027027029,-0.4960159362549801,0.10108303249097468,-0.039814743950262965,-0.1290645768161367,-0.48116190779057666,0.0,0.0,0.040000000000000036,1.3416028644784501,True,,1.3266095692922508
IMNM,2026-09-21,24.63,25.25,24.19,25.07,1180490,46.5,T1G,,MARKUP,0.04753867296232888,0.02118126272912413,-0.12096774193548387,-0.1660013306719893,0.5340802987861811,-0.016978678463279606,-0.0018635281395870118,0.1492133530392128,1.0,1.0,-0.042622950819672045,1.5419458423045707,True,Healthcare,1.326651924301977
RCAT,2026-09-30,6.5,6.7,6.41,6.46,7711211,31.9,,Z10,ACC-TR,0.07018902664440162,-0.019726858877086473,-0.21696969696969692,-0.45068027210884354,0.01669758812615953,-0.11579410279307234,-0.21459904550293818,-0.3429498276420212,0.0,0.0,-0.030441400304414,0.7712341870727601,True,Technology,1.327877256402781
LTC,2026-09-30,43.2,43.2,42.76,42.87,673347,56.5,,Z4,MARKUP,0.019570577282594308,0.007757404795486478,0.035507246376811574,-0.016743119266055095,0.8758503401360538,0.009197029550122915,0.03517103768778718,0.09847542513124585,1.0,0.0,0.05675877520537709,0.9533481482581634,True,,1.3284932191878984
CNH,2026-09-30,13.05,13.26,12.85,12.85,12016353,48.9,,Z2G,MARKUP,0.038125052676894866,-0.06545454545454543,0.028000000000000025,-0.1113416320885201,0.6365688487584649,-0.02041598021815294,0.04043905467050313,0.12823317880609575,1.0,0.0,0.13315696649029984,0.6617391683709489,True,Industrials,1.3293252865726162
PENG,2026-09-24,52.46,54.27,51.31,53.08,1579690,51.0,T5,,DIST-TR,0.06221278942131516,0.010085632730732597,0.02352487466255293,-0.4093033607834409,0.20475675675675672,0.016312034656039476,-0.00908854588933028,0.22224377426477027,1.0,0.0,0.1247259973695749,1.1740143691603218,True,Technology,1.3330890330148346
FRNM,2026-09-30,15.88,16.26,15.58,15.75,518520,55.1,,Z2G,DIST-TR,0.05900651873532807,0.0031847133757962887,0.032786885245901676,,,0.012587658530045953,0.08550171991124111,,0.0,0.0,0.11046511627906974,0.5012633698632049,True,,1.3353185863776325
PAR,2026-09-30,13.61,13.95,13.41,13.76,962526,26.9,T1,,MKDN,0.060183774650972355,-0.06267029972752047,-0.25941872981700753,-0.3140578265204387,0.07759882869692525,-0.12331231273531074,-0.17398119581039817,-0.373699311747952,0.0,0.0,-0.05499999999999994,1.0377823368826786,True,Technology,1.3410386762019626
TECH,2026-09-29,72.36,72.5,72.36,72.38,3385176,55.6,T5,,DIST-TR,0.002878121147589073,-0.0023432115782219265,0.0009680542110357404,-0.004264685651396372,0.8590909090909082,3.456991998374015e-05,0.020305967176753814,0.14112313756554506,1.0,0.0,0.0038845726970033745,1.032447173288827,True,Healthcare,1.3429836707366234
BNY,2026-09-29,148.65,148.79,146.28,146.98,4216973,27.0,,Z2,MARKUP,0.020354262331719112,-0.021242591729373372,-0.08866567460317465,-0.11372407139411489,0.0357873210633941,-0.04668510048756458,-0.03305357221393734,0.5375700498896021,1.0,0.0,-0.01746372917786132,0.9570985147589202,True,Financials,1.3451536543597256
HOS,2026-09-30,8.09,8.09,7.63,7.69,5242651,4.6,,Z6,ACC-TR,0.06952148348285714,-0.07904191616766454,,,,-0.10733466191967456,,,0.0,0.0,,0.9878745421762011,True,,1.3457038868655087
ADI,2026-09-24,381.21,384.34,377.4,382.61,2372117,56.6,T5,,MARKUP,0.02925616116549197,0.05503929408520625,0.029074771382463727,-0.04512216426663995,0.6568608844182959,0.025499910364557676,0.019427566989981937,0.08690374917677124,1.0,0.0,0.0434482758620689,1.1778091557167374,True,Technology,1.346414744682115
STUB,2026-09-30,5.34,5.73,5.28,5.58,10453419,35.9,T2G,,MKDN,0.05874128464896475,0.05084745762711873,-0.09415584415584421,-0.5887988209285189,0.04425837320574164,-0.05411373163940325,-0.19781089960969378,-0.44077570238830033,0.0,1.0,-0.015122873345935761,1.0706598476572566,True,Communication Services,1.3516603920770092
COIN,2026-09-30,195.5,198.66,184.29,186.41,8405684,51.7,,Z2,MKDN,0.06045895311094886,-0.05915308131025088,0.054235946159936654,-0.10521768348293581,0.6833285177694306,0.0007540824815961411,0.047921627992579596,-0.042872361045590224,0.0,0.0,0.14338007196922686,0.7166764003996036,True,Financials,1.3523580852753225
AMPL,2026-09-28,13.04,13.44,12.66,13.3,972239,53.7,T5,,MARKUP,0.05157202207775292,-0.009679821295606739,-0.0699300699300699,-0.09891598915989153,0.7986206896551725,0.007065083787328952,0.0988057635980959,0.32793426697877504,1.0,0.0,0.05941422594142276,0.897060435030268,True,Technology,1.353566446128123
BZH,2026-09-30,33.38,33.4,33.35,33.35,902894,60.8,,Z2,DIST-TR,0.004177808883196317,0.0,0.004518072289156683,-0.03445280833815856,0.6835106382978727,0.0017802611619739395,0.02594799218994548,0.19888101050770612,1.0,0.0,0.00664050709326891,1.0734143229792132,True,,1.3547091346756042
MNST,2026-09-25,42.49,43.16,42.11,43.11,8976269,24.8,T3,,ACC-TR,0.03239015093261642,-0.03578617758890634,-0.07687366167023557,-0.5703607733705403,0.01717327837884252,-0.0653157899375214,-0.25263858880950196,-0.40241532870247754,0.0,1.0,-0.0018961839298411443,0.9503125639575907,True,Consumer Staples,1.3551637625194597
RUSHA,2026-09-30,46.3,46.47,45.33,45.81,870828,18.5,,Z2,MKDN,0.039847314612308685,-0.0464196502914237,-0.060307692307692284,-0.45209903121636164,0.01253918495297816,-0.11415243830429156,-0.244868151963627,-0.2963931031915308,0.0,0.0,-0.04367088607594938,0.930121755158343,True,Consumer Discretionary,1.3557044764442152
IBRX,2026-09-25,8.76,8.84,8.41,8.44,5807317,53.2,,Z4,MARKUP,0.06094425857227458,-0.004716981132075526,0.004761904761904745,-0.12083333333333335,0.606779661016949,0.01585871990391774,0.04981413467125262,0.2258762216942738,1.0,0.0,0.1072386058981234,1.2195517155261772,True,Healthcare,1.3565158293566022
ADAM,2026-09-30,8.02,8.04,7.77,7.78,1052498,13.4,,Z6,MARKUP,0.030082643277312596,-0.07710557532621587,-0.19042663891779388,-0.24903474903474898,0.0038610038610041217,-0.10697584916689862,-0.14198283891034558,-0.09806357894236284,1.0,0.0,-0.0771971496437055,0.9995396579074939,True,,1.35685520017988
MTRN,2026-09-23,249.2,256.0,249.2,254.73,152982,54.0,T3,,MARKUP,0.04213384029343734,0.025854778301316772,0.0956129032258064,-0.16366800183859742,0.5705177909881968,0.021844622103070588,0.031242964603682477,0.25165859338168506,1.0,0.0,0.09628513166060815,0.8933900215346532,True,Industrials,1.3572928403472324
ACMR,2026-09-29,78.71,78.75,74.83,75.61,692544,51.2,,Z6,MARKUP,0.06496596199439515,-0.0025065963060685315,0.038313650096127416,-0.3051828707958095,0.27867072111207647,0.01804761766678964,-0.016375916244089517,0.12313661656804498,1.0,0.0,0.15323351385791661,1.2160573886658146,True,Industrials,1.3573863650145288
HGTY,2026-09-30,13.55,13.61,13.38,13.46,447257,50.7,,Z4,MARKUP,0.031153143889559344,-0.017518248175182327,0.025914634146341653,-0.050105857445306934,0.7568493150684935,-0.005105157736707833,0.02981226986585006,0.12225284906116474,1.0,0.0,0.09741881765195659,0.5452708649841873,True,Financials,1.3578065188213864
JBIO,2026-09-22,16.92,17.16,16.6,16.76,643920,30.4,,Z10,MARKUP,0.07105213147384032,-0.035673187571921616,-0.21425222691045465,-0.3295999999999999,0.06787330316742098,-0.10569033460403665,-0.15683964825684305,-0.0671485545275462,1.0,0.0,-0.05052878965922436,1.4283196630268744,True,Healthcare,1.3603903332977547
TEVA,2026-09-28,38.36,39.11,38.3,38.88,4306548,55.5,T5,,MARKUP,0.031564200665021434,-0.029455816275586577,0.06695938529088918,-0.04682520225545472,0.829311885612154,0.013523013304962861,0.05580192745598933,0.1626945094097556,1.0,0.0,0.08130999435347253,1.0262943532030087,True,,1.363747763454914
TPB,2026-09-30,60.48,60.48,58.6,58.7,516931,22.2,,Z6,MKDN,0.05120937794879122,-0.02975206611570247,-0.2447246525990735,-0.3615401348705677,0.0038957147138148807,-0.12381606318177507,-0.2084650393263079,-0.3198013656140378,0.0,1.0,-0.0008529512111906667,1.123294182699187,True,Consumer Staples,1.3697084173161977
QCOM,2026-09-29,189.48,190.03,182.23,184.1,10013009,51.8,,Z2,MARKUP,0.049074644980382894,-0.07146819992938924,0.07989206945096194,-0.10565946077240707,0.6545425667090217,-0.0007837713268857849,0.03014835804784033,0.06756369601820356,1.0,0.0,0.14552426452099554,0.8516060523652556,True,Industrials,1.3699239231365181
ONTO,2026-09-21,272.0,277.14,268.27,275.98,817997,51.0,T2G,,MARKUP,0.06264010424084834,0.10334625994482871,-0.05914839941362959,-0.28587693422346416,0.35538829569986596,0.024574013971668807,-0.012392718909390088,0.11839822810835243,1.0,1.0,-0.01820338705718738,1.284037978141514,True,,1.3741947683197648
PSNL,2026-09-30,16.42,16.59,16.26,16.28,984128,52.6,,Z3,DIST-TR,0.03293762120315448,-0.004281345565749217,-0.04572098475967157,-0.13816834303864478,0.6458616010854819,-0.0004951199133231832,0.06167705253236866,0.4230544239756746,1.0,0.0,0.0056568196103079504,0.6083573075546218,True,Healthcare,1.3750889630668073
LRCX,2026-09-28,313.5,316.31,305.5,314.47,9090073,55.8,T10,,MARKUP,0.04604862111616424,0.04032684927881447,0.04163630341172597,-0.14996621165022295,0.5355378819589789,0.042511503205179935,0.024969069443441683,0.16509543321249698,1.0,0.0,0.11572521385235701,0.9387005050787501,True,Industrials,1.3751351587306844
GDOT,2026-09-28,12.21,12.52,12.19,12.31,496612,26.4,T3,,MARKUP,0.022544673184927786,-0.06387832699619767,-0.07721139430284851,-0.10342316096139836,0.3395348837209304,-0.05457956777836781,-0.0629032759812187,-0.026841182363474547,1.0,0.0,-0.10923076923076924,1.4671773986805847,True,Financials,1.3756642867510023
FDMT,2026-09-25,14.78,14.82,14.03,14.47,1018002,51.9,,Z2,MARKUP,0.0688967083937908,-0.04927726675427069,-0.02951039570757874,-0.1453041937389249,0.673740053050398,-0.00019227946113931083,0.07354626217565285,0.33790008185694664,1.0,0.0,0.04791344667697062,1.2738170644225082,True,Healthcare,1.376861252614153
EFXT,2026-09-21,22.65,22.73,22.2,22.43,369005,54.6,,Z1,MARKUP,0.03698651036293724,0.012184115523465655,0.10275319567354968,-0.11762391817466566,0.5130293159609117,0.018759883710594893,0.01200239407729442,0.08833879241687925,1.0,0.0,0.12655601659751015,0.6950650425996602,True,,1.3785936691363418
EIKN,2026-09-30,7.95,8.16,7.71,8.04,585751,36.9,T2G,,MKDN,0.09296567252199925,-0.011070110701107194,-0.26102941176470607,-0.44589937973811167,0.07173601147776171,-0.1029918491009254,-0.16963390350015317,,0.0,1.0,-0.05276381909547734,0.7204685043307855,True,Healthcare,1.3841692330319486
LXP,2026-09-25,60.92,61.01,60.87,60.88,1113615,60.6,,Z1,DIST-TR,0.0030706357965481256,0.0011511264594639137,-0.0029479200786112214,-0.011848725856192122,0.8964539007092203,0.0013356731099478658,0.01821142202859316,0.12458421309058076,1.0,0.0,0.002473206924979321,0.900211846756585,True,,1.3864209456216212
FET,2026-09-29,81.56,84.75,79.47,80.47,128677,51.4,,Z2G,MARKUP,0.041573372106617594,-0.00592958616429895,-0.018299377821154095,-0.0795012582932968,0.8290282902829027,-0.008042767311081334,0.06441374366235841,0.38115995937622404,1.0,0.0,0.0701589011580932,0.7755086510139289,True,Industrials,1.3924275563850084
INN,2026-09-29,5.83,5.96,5.76,5.91,4356629,53.3,T2G,,MARKUP,0.02930433262950285,0.035026269702276736,0.010256410256410442,-0.17573221757322177,0.23636363636363666,0.020127515468058244,-0.009891865326376426,0.04699426574297383,1.0,0.0,0.0126811594202898,1.5714040135569871,True,,1.393854721102406
IMXI,2026-09-30,11.68,11.72,11.45,11.58,463768,35.9,,Z6,MKDN,0.04306122786259267,0.013123359580052618,-0.19639139486467727,-0.22593582887700536,0.2652173913043479,-0.07320116767427132,-0.12104034487332682,-0.1762275607680983,0.0,1.0,-0.0896309314586996,1.569147215235028,True,Industrials,1.3984793678589396
NEWP,2026-09-30,6.41,6.47,6.22,6.28,476517,50.2,,Z2,MARKUP,0.06218829221965788,-0.038284839203675314,-0.03533026113671267,-0.16710875331564978,0.6777493606138109,-0.006431891302673187,0.04531952118909244,0.31052810968943145,1.0,0.0,0.1346863468634687,0.7306287713166211,True,,1.3991181903241043
ETON,2026-09-23,56.96,56.97,54.24,55.61,436114,48.6,,Z9,MARKUP,0.05164495540618523,-0.013132209405501416,-0.11800158604282307,-0.1621214404098238,0.656997131016895,-0.021499275495491355,0.06286550300548921,0.5505967911986775,1.0,1.0,-0.009791243303159058,1.0391887541808227,True,Healthcare,1.4012266202639068
AVTR,2026-09-30,15.16,15.36,15.05,15.05,7378761,53.8,,Z1G,MARKUP,0.029418601317360158,0.019647696476964738,0.059859154929577496,-0.06230529595015577,0.8420221169036335,0.002232673030605703,0.07386233509299966,0.2777410701439331,1.0,0.0,0.03382663847780121,0.8364741029536986,True,Technology,1.4033858956563237
MDB,2026-09-25,417.6,432.86,409.18,410.44,1381120,53.7,,Z2G,MARKUP,0.05223729891031575,0.07008030034414436,-0.06840982341458979,-0.13244557176072713,0.6544040593458715,0.024743971320162483,0.060386008082889964,0.1990647799100851,1.0,0.0,0.07028889328174848,0.7031806824217871,True,Technology,1.405117855390635
ANET,2026-09-29,207.1,207.48,201.35,202.86,4553486,55.8,,Z6,MARKUP,0.03640113177349307,-0.01135532920707627,0.03663958301395076,-0.055982130392293605,0.7927648578811374,0.017688500559149833,0.05956558617827512,0.23642553606068373,1.0,0.0,0.09648590500358578,0.8360706321215309,True,Technology,1.406248875596099
SANM,2026-09-21,201.29,210.18,194.74,209.47,772166,55.7,T2G,,MARKUP,0.051671565470796356,0.06850642725974287,0.10895230028058656,-0.17793650170715436,0.5093073593073593,0.04872158606054433,0.03196546032443037,0.12212073405406865,1.0,0.0,0.04734806629834254,1.0793869189100311,True,Technology,1.4089013939217725
HNGE,2026-09-28,93.98,94.16,91.76,92.45,1276561,52.5,,Z9,MARKUP,0.04487464185471757,-0.021175224986765495,0.05838580423583295,-0.043554727912269775,0.8333333333333335,0.0029143201160453103,0.057228646727705,0.36818743753665273,1.0,0.0,0.04664723032069973,0.815382676274872,True,Technology,1.409408509859275
SLDB,2026-09-23,8.89,8.91,8.0,8.02,1088232,37.8,,Z1,MARKUP,0.06476965514451842,-0.0802752293577983,-0.1890798786653186,-0.2995633187772926,0.0973684210526314,-0.1095936882463806,-0.10726205254822474,0.03638266195068951,1.0,0.0,-0.019607843137254943,1.5483840333258334,True,Healthcare,1.4101745890103372
SOPH,2026-09-23,8.0,8.18,7.93,8.08,563015,52.9,T3,,MARKUP,0.05411510098194213,0.013801756587201952,-0.06589595375722546,-0.10022271714922049,0.7766749379652604,0.004915810040523327,0.08388950712993881,0.3864652606577137,1.0,0.0,0.05179282868525892,1.0887325166217463,True,,1.4108350403472343
CLMT,2026-09-30,53.49,54.5,52.3,52.38,2186788,47.3,,Z3,MARKUP,0.045497511575304815,-0.03677822728944469,0.016692546583850998,-0.12510439285117747,0.6623083859332735,-0.02828110985500476,0.049532682332622535,0.4092602309971618,1.0,0.0,0.12245790509512355,0.9811453988399182,True,Energy,1.4165888194901144
LQDT,2026-09-23,42.6,43.14,42.31,42.72,142882,55.4,T5,,MARKUP,0.028209265949851976,-0.010423905489923668,-0.009276437847866359,-0.03107280562485837,0.822768434670116,0.00966737783734728,0.03851614645988044,0.19182648791053558,1.0,0.0,0.09353078721745911,1.2145084957304184,True,Industrials,1.4167065564755212
LITE,2026-09-28,947.8,950.97,881.23,921.32,4453996,52.0,,Z4,MARKUP,0.06748058341813183,-0.034751542708671646,0.02940782122905028,-0.10269196306829242,0.7558807186516022,0.008417110326154775,0.044186180389107044,0.2787030495635392,1.0,0.0,0.12334442362359299,0.8827113862584925,True,Industrials,1.4192231735869791
BLLN,2026-09-21,106.61,107.21,103.62,103.86,412703,51.8,,Z2,MARKUP,0.05564465600064471,0.030152747470739927,0.09291802588656206,-0.3096250997075246,0.25448143405889895,0.01934312530034199,-0.0032486336446149178,0.031283490304188755,1.0,0.0,0.15359254206457496,1.1920400296650495,True,Healthcare,1.421652774715206
WAT,2026-09-23,428.17,430.0,420.0,420.57,743536,56.7,,Z4,MARKUP,0.026129073863035996,0.004610166252627668,0.014791043335585341,-0.028908540949918016,0.8575492092388214,0.013334201070980267,0.04539727379237357,0.1412940533483944,1.0,0.0,0.06883827458964253,1.2366614050749487,True,Technology,1.4226665489234884
STRZ,2026-09-21,24.85,26.82,24.41,26.49,639870,50.4,T1G,,MARKUP,0.06386362806043554,-0.06263269639065827,-0.03532410779315376,-0.18692449355432783,0.3643006263048016,0.005814478657125033,0.010143013519179123,0.2366665024114165,1.0,1.0,-0.028955954323001687,1.584652942563134,True,Communication Services,1.4229725936372377
RAPP,2026-09-21,40.7,42.18,39.11,39.66,616978,30.5,,Z2,MARKUP,0.055556864405066325,-0.09863636363636374,-0.177860696517413,-0.25070848290194603,0.09109589041095878,-0.10377675693415045,-0.10005919213421965,0.09225638680387704,1.0,0.0,-0.08300117233294257,1.4407685604791278,True,Healthcare,1.424209784370812
CORT,2026-09-29,115.92,120.51,113.16,114.74,964447,51.9,,Z2,MARKUP,0.04724749031340443,-0.023489361702127676,0.01226290251433615,-0.09210318088305114,0.7195180722891567,0.003542532721040992,0.055559909519117934,0.38212319402134276,1.0,0.0,0.03168591224018491,0.5343734507535566,True,Healthcare,1.4266769367587246
UTI,2026-09-24,20.43,20.97,20.33,20.67,1213704,34.4,T2G,,ACC-TR,0.06529789988776515,-0.00720461095100855,-0.06555153707052441,-0.5973899493572263,0.0361407919547455,-0.051119135002600236,-0.22217210879286198,-0.34970050493481686,0.0,0.0,0.0025614754098362003,1.3788478923238539,True,,1.4284748630678616
ENTG,2026-09-21,144.5,144.52,140.15,143.14,3468288,54.0,,Z5,MARKUP,0.047899675413634886,0.1137566137566135,-0.0036196575247111618,-0.21498299879346283,0.4803128728622562,0.03741596113595724,0.02324295421497946,0.1127603362196472,1.0,0.0,0.006757831133725523,1.144563069431325,True,Materials,1.4309160985322935
MLAB,2026-09-30,132.47,132.7,129.26,129.94,127592,55.8,,Z2,MARKUP,0.0369329220705001,-0.023080971355537105,0.035626046066788764,-0.0628876388287899,0.8207973695026716,0.011499750727490099,0.07944592999908284,0.2620051472144911,1.0,0.0,0.08557991097673634,1.0722062792977638,True,,1.4313102670147708
APMD,2026-09-29,21.48,24.29,21.48,23.9,669701,44.3,T2,,DIST-TR,0.11953810214293151,-0.06311250490003928,-0.08952380952380956,,,-0.05342456175445698,,,0.0,1.0,-0.143598615916955,0.8763697534884752,True,,1.4344745646305364
IMAX,2026-09-23,53.73,54.76,52.97,53.3,716768,57.2,,Z2,MARKUP,0.033694661194972546,0.023622047244094446,-0.011131725417439675,-0.040849379161418065,0.878414568826995,0.01886974988903578,0.07245730587326049,0.2735784290555636,1.0,0.0,0.021786927843294057,1.0986529612721563,True,,1.4366906402401851
ARCT,2026-09-29,14.45,14.47,13.26,13.7,435606,49.2,,Z9,MARKUP,0.09692659586244665,-0.04728789986091808,-0.07181571815718157,-0.23719376391982194,0.6581059390048153,-0.04020109612907108,0.11028383423982335,0.3757157931127444,1.0,0.0,0.010670731707317138,0.9783495389474107,True,Healthcare,1.4367342414220527
RBLX,2026-09-30,41.21,42.87,40.75,42.37,15727856,43.7,T1,,MKDN,0.05889582669285391,-0.13512961828944692,0.041799852471108734,-0.2707401032702238,0.35053674649050354,-0.0606316935195641,-0.05457209238734384,-0.26912644168701483,0.0,0.0,0.09220048244438472,1.4651297826188887,True,Technology,1.437731421907934
WGS,2026-09-28,87.33,89.32,84.9,85.93,437031,47.9,,Z2G,MARKUP,0.06838475156719614,-0.12163957886128995,-0.004633383528321433,-0.18301958547252328,0.5907738095238095,-0.03585923045932626,0.0440081569346642,0.0691230335361237,1.0,0.0,0.023525064663135753,1.5030075931663802,True,Healthcare,1.4413826465029642
NCI,2026-09-21,13.77,13.85,13.58,13.63,729271,58.5,,Z9,MKDN,0.06352884142788531,0.054953560371516996,0.049268668206312594,-0.10564304461942253,0.6843137254901962,0.04194372939259772,0.07207451366820772,-0.08263598486418333,0.0,0.0,0.09012875536480669,1.0659509358238128,True,,1.4419004261357609
INOD,2026-09-21,58.24,61.5,57.31,61.05,1762789,57.3,T2G,,ACC-TR,0.05144265607224752,0.10517740767559736,-0.04921351814359132,-0.23149546827794565,0.3305424099017109,0.06792746219183843,-0.0033140402952634984,-0.02050409546406562,0.0,0.0,0.026938618433711703,1.2353318604499945,True,Technology,1.4440276485980785
HAE,2026-09-30,105.42,105.78,103.54,105.3,508904,57.1,,Z9,MARKUP,0.024907398385094863,-0.01422954502902074,0.03285924472780777,-0.046627433227704906,0.866718426501035,0.0037115962008360537,0.07426378305037251,0.3232539714987632,1.0,0.0,0.0299413110514275,0.8035589968655372,True,,1.445140621251648
FIVN,2026-09-30,34.2,34.53,33.34,34.01,2626824,51.2,,Z10,MARKUP,0.05715582658921751,-0.0973991507430998,-0.0005877167205408096,-0.14975000000000005,0.6886694386694385,-0.0064770514552834335,0.07125064985217144,0.33551068087105973,1.0,0.0,0.10764119601328903,0.8527905668329934,True,Technology,1.445951331157001
PBF,2026-09-23,72.29,74.76,68.4,70.47,4083063,46.4,,Z4,MARKUP,0.065243028969994,-0.07190833662583973,0.05953991880920162,-0.14695557438566764,0.6779840848806367,-0.038992629509792875,0.03230499240274454,0.39044122848822527,1.0,0.0,0.06958561376075068,1.2765357845316434,True,Energy,1.447115945604589
TNK,2026-09-25,93.8,95.49,93.0,94.07,330036,52.3,T11,,MARKUP,0.03685327078211844,-0.06787554498612769,0.06655328798185933,-0.08811554866227223,0.7523160762942779,-0.007139105368388021,0.06156846329435739,0.254303017465048,1.0,0.0,0.11695835847917935,0.8113186309946167,True,,1.4473915606520997
DV,2026-09-22,13.45,13.47,13.37,13.4,2540537,63.1,,Z6,DIST-TR,0.00825151234609123,-0.007407407407407418,0.007518796992481258,-0.01831501831501836,0.9242424242424243,0.005746356082907855,0.0532997341444017,0.1459258276237121,1.0,0.0,0.007535795026375247,0.9710699821845337,True,Technology,1.4478159750726962
TRMD,2026-09-23,34.83,35.16,33.96,34.42,2541868,52.2,,Z2,MARKUP,0.04046727083135627,-0.059562841530054644,0.09374006990784878,-0.11128324296411041,0.6737320211960639,-0.00513425244826704,0.05595287686571049,0.2054412755084487,1.0,0.0,0.13464751085867022,1.0528596514446917,True,,1.4482921289182862
CVLT,2026-09-29,147.39,149.49,143.96,146.35,501587,56.1,,Z9,MARKUP,0.04010221913794629,-0.00040980807321910895,0.06420884235020341,-0.05476974746496166,0.7946731234866824,0.023823582820098332,0.05667207749947778,0.12719556835180357,1.0,0.0,0.12081976328540778,0.9865824948081792,True,Technology,1.4488514939628072
OLLI,2026-09-21,77.08,80.34,76.56,79.71,1900327,59.4,T1G,,MKDN,0.04438929678859202,0.03492599324850687,0.047850663862232246,-0.025550122249388796,0.9028358902835889,0.061344857837267286,0.06273440902417105,-0.0960983660653526,0.0,0.0,0.04498714652956304,0.935454085062911,True,Consumer Discretionary,1.449144207335315
BRVE,2026-09-29,21.0,22.51,20.37,22.34,719348,40.6,T2,,MKDN,0.11218565419026197,-0.0537907666243117,-0.12392156862745096,,,-0.10429997912511291,,,0.0,0.0,-0.1456642460486971,0.8799680210732747,True,,1.4492530509584174
CCOI,2026-09-22,9.34,9.62,9.15,9.31,1476040,44.4,,Z5,MKDN,0.08278213208870044,0.007575757575757569,-0.018967334035827177,-0.36580381471389645,0.12254901960784316,-0.02506246678150803,-0.14302538845194435,-0.49226994370062427,0.0,1.0,-0.0046511627906975495,1.5628923853176808,True,Communication Services,1.452490881203355
BRKR,2026-09-23,60.7,62.59,59.37,59.67,2498596,53.1,,Z2G,MARKUP,0.047625699422569716,-0.01648261084555791,0.04960422163588385,-0.08621745788667678,0.6622675464907021,0.01837117195922322,0.035872016243290394,0.1862609824821282,1.0,0.0,0.15192083818393476,1.0591718590953743,True,Technology,1.4532144119808013
BIIB,2026-09-21,216.14,221.92,214.59,219.07,928528,54.9,T1,,MARKUP,0.02624862003060065,0.007867132867132698,0.010563705138850521,-0.029805137289636963,0.8307769675634896,0.012382360595535546,0.03358765036299505,0.13881119080339022,1.0,0.0,0.028513630671418877,1.4034890781778142,True,Healthcare,1.453639337693759
TH,2026-09-29,19.33,19.75,19.21,19.28,1433751,49.3,,Z2,MARKUP,0.05101820492780769,-0.09013685700802265,0.04103671706263512,-0.11397058823529416,0.6770833333333334,-0.020696623663222335,0.035747713797685154,0.2961591746822143,1.0,0.0,0.13413173652694632,0.7897221473866105,True,Consumer Discretionary,1.4582731289641024
ISRG,2026-09-23,400.88,404.44,396.05,398.3,1686146,62.0,,Z2G,MKDN,0.028366271396486273,0.04187920165319525,0.07115963855421703,-0.10260454217736115,0.6049275613776354,0.042977546193915916,0.03856047286570008,-0.08068774293863779,0.0,0.0,0.09566980448950035,1.1624369383885973,True,,1.4592989701654513
FLXS,2026-09-30,86.05,86.6,84.5,84.65,55949,55.7,,Z2G,MARKUP,0.039439785217292425,-0.006805115569635034,0.0685432971471851,-0.0660856134157104,0.735190097259063,0.012797851821704898,0.06673751947349515,0.34341666206733445,1.0,0.0,0.08148530170190815,0.847521534210954,True,Materials,1.4619990761374575
LPG,2026-09-25,53.73,54.56,52.59,53.43,556304,52.1,,Z9,MARKUP,0.038163992042694356,-0.08116938950988817,0.08421266233766223,-0.10905452726363185,0.7299752270850537,-0.00693089082472631,0.06597242179903695,0.3180920844114936,1.0,0.0,0.0966315789473684,1.0003276773330003,True,Industrials,1.4636739315883198
TTAN,2026-09-23,62.16,62.75,59.93,61.65,1994891,37.5,,Z5,MKDN,0.07745412230609872,0.050792568604056454,-0.32894307173179493,-0.4011656143759107,0.17317317317317313,-0.10467461943745582,-0.18131375006439865,-0.2203638381091535,0.0,1.0,-0.014869888475836368,0.9876885125158857,True,Technology,1.465123986301155
IQV,2026-09-30,269.96,273.16,267.61,268.85,1527483,58.2,,Z2,MARKUP,0.025990114835376874,0.0036959605764206316,0.0406425391910199,-0.030821917808218968,0.8928571428571433,0.011237389307306334,0.07369811077591648,0.2644215718097618,1.0,0.0,0.053221399437690664,0.8989148906909238,True,Industrials,1.469350296091503
AMBQ,2026-09-29,69.45,69.45,63.31,64.81,597593,50.2,,Z2,MARKUP,0.06174887137991456,-0.08782547501759319,0.11147316069284852,-0.2694995491433724,0.29364844903988196,-0.0030911429823728964,-0.0036381932239843984,0.16608814485575896,1.0,0.0,0.1538181155458358,0.6617891881271454,True,Technology,1.4733441109351793
MPC,2026-09-28,396.0,398.33,387.07,389.44,2669064,53.6,,Z3,MARKUP,0.037153293100288816,-0.032158655996818886,0.055879402434726,-0.09659459961028116,0.7543652666352053,-0.002907816991809087,0.07848418603508756,0.39619243847807706,1.0,0.0,0.08953893059510443,0.9887536185547857,True,Energy,1.482036753464632
INSP,2026-09-30,73.09,73.25,68.5,69.36,1002283,53.1,,Z1,MKDN,0.048726884436317015,0.004344048653344812,0.12743823146944067,-0.11979695431472082,0.7072868217054264,0.001349648408146109,0.089431683361749,0.05641274834059273,0.0,0.0,0.13549999999999995,0.7984832574802766,True,,1.4820650201697716
BRUN,2026-09-30,16.84,17.1,15.92,16.5,1698444,45.5,,Z3,ACC-TR,0.08982323565339417,-0.0006056935190794643,-0.019024970273483932,-0.48501872659176026,0.1627155172413793,-0.0254143528585955,-0.13579748052420448,,0.0,0.0,0.17210682492581597,0.6911606282649138,True,Technology,1.4825809388255364
MPWR,2026-09-29,1372.05,1374.32,1347.85,1355.99,450043,58.7,,Z11,MARKUP,0.039770439997357465,-0.017839811099361058,0.06958675469525222,-0.13532626370192768,0.5114415949168931,0.05290894821582537,0.038740275311297534,0.07987059912328776,1.0,0.0,0.14840849157281077,0.7911879983781592,True,Technology,1.4831597050464007
SHOE,2026-09-30,13.1,13.13,12.54,12.79,1459740,40.5,,Z2,MKDN,0.04865706803202164,-0.024408848207475242,-0.003894080996884819,-0.21098087600246773,0.43094841930116456,-0.0386334880062813,-0.09140557538786087,,0.0,0.0,0.22941176470588243,0.755327507758721,True,Consumer Discretionary,1.48501710875899
HALO,2026-09-30,111.54,112.45,110.35,110.4,3559817,54.9,,Z2G,MARKUP,0.027146105538373967,-0.018143009605122606,0.024879316747122182,-0.055118110236220486,0.8500582072176951,0.0033996896768468954,0.08102032943574944,0.3397330242080019,1.0,0.0,0.06649270319899481,1.1119086448264548,True,Healthcare,1.4874313664367165
RIGL,2026-09-30,49.27,49.7,47.8,48.15,252210,57.3,,Z2,MARKUP,0.03477737056646097,0.00041554124246823143,0.013684210526315743,-0.0350701402805611,0.8824714573539288,0.019587144173833115,0.08074044138265912,0.2835247745481406,1.0,0.0,0.07354956601187745,0.8237947750425473,True,Healthcare,1.4881186822117902
LSCC,2026-09-28,127.69,127.7,122.25,124.03,1416605,56.2,,Z9,MARKUP,0.046134834849903925,0.0579153872398499,0.08417832167832162,-0.13386871508379883,0.5132046724225497,0.04884693288404507,0.02443031096515269,0.11647993171220028,1.0,0.0,0.12213446349450985,0.9151003197568869,True,Technology,1.4894723736649276
VRNS,2026-09-25,47.95,47.95,46.21,46.25,1617785,51.6,,Z2,MARKUP,0.040578971371017736,-0.027544154751892425,0.03282715497990174,-0.06641098102543397,0.6890359168241966,-0.002095375890447282,0.04766186965169639,0.1869368225797512,1.0,0.0,0.15872617853560667,0.7133311823391095,True,Technology,1.490098441728576
USPH,2026-09-23,83.24,83.96,81.86,82.65,133199,62.6,,Z2,MARKUP,0.03111343303879023,-0.008873965703321662,0.06893429901707204,-0.030612244897959218,0.8482558139534885,0.02495981680587711,0.05835738162479576,0.07804733414016707,1.0,0.0,0.06451190787751893,1.2155022442741492,True,Healthcare,1.4909741202589386
CSTL,2026-09-29,35.72,36.24,34.24,34.88,318617,56.8,,Z1G,MARKUP,0.04380961604752677,0.0008608321377332473,0.056009688162276694,-0.053459972862957894,0.8630993745656707,0.014615470965446242,0.0954669103956527,0.24678744508324768,1.0,0.0,0.0782442748091603,1.0643873096676932,True,Healthcare,1.4924400158821338
VISN,2026-09-30,6.03,6.04,5.92,5.98,5950907,26.4,,Z10,ACC-TR,0.05409676953207344,-0.0728682170542635,-0.03858520900321538,-0.5295043273013376,0.008836524300441899,-0.12273980202320589,-0.3027944259383589,,0.0,0.0,-0.013333333333333308,0.7722175037618955,True,Industrials,1.4924876241638618
ASMB,2026-09-28,23.35,23.86,23.05,23.61,117453,28.3,T5,,MARKUP,0.06501730981450471,-0.07193396226415105,-0.3070149691810977,-0.3620643069440691,0.04011461318051567,-0.1397599371594852,-0.17485814629691387,-0.1503554070848515,1.0,0.0,-0.07168747482883597,0.9214519738553456,True,Healthcare,1.4926015252226603
TEN,2026-09-28,47.37,47.38,45.83,46.31,451564,51.1,,Z11,MARKUP,0.03912325891936036,-0.09053417124901808,0.08913452492944485,-0.13985884101040125,0.5549645390070922,-0.011567492114533784,0.05046684130815504,0.24353479319826943,1.0,0.0,0.1444277861069463,1.0229584566464966,True,,1.4930585910291818
ALMR,2026-09-29,32.43,33.59,32.18,32.65,1090521,55.1,T3,,MARKUP,0.06501524912865617,-0.017158338350391378,0.06908971840209555,-0.15282823040996374,0.6130091984231274,0.027716628264287557,0.08232738438858433,,0.0,0.0,0.16256880733944956,1.0697748120877106,True,Technology,1.4933919598051437
MARA,2026-09-30,12.31,12.35,11.3,11.33,41020710,45.4,,Z2,MKDN,0.07547291094200177,-0.15131086142322092,0.10752688172043001,-0.2137404580152672,0.462478184991274,-0.05665423524726354,-0.03599612605348235,-0.056104439929371974,0.0,0.0,0.13113113113113117,0.7492528622027188,True,Financials,1.4988596342000833
RNW,2026-09-23,6.85,6.85,6.84,6.84,933526,63.1,,Z6,DIST-TR,0.006478538985631195,-0.0014598540145984717,0.004405286343612369,-0.005813953488372103,0.9611650485436893,0.005068770261332345,0.0339326173327843,0.0913484589183291,1.0,0.0,0.007374631268436627,0.671839434120283,True,,1.4989838913791718
NVCT,2026-09-23,23.0,23.0,20.94,21.07,169190,44.0,,Z4,MARKUP,0.07564590474889756,-0.03657978966620945,-0.18617226728466585,-0.18774094063222824,0.4039167686658507,-0.06160066462687186,-0.00531387477250822,0.4155862850209837,1.0,1.0,-0.04761904761904767,1.4542864897938528,True,Healthcare,1.5011505911921443
AZTA,2026-09-21,33.53,33.97,33.1,33.75,718182,59.7,T1G,,MARKUP,0.03782436969851014,0.05337078651685401,-0.09759358288770048,-0.09975993598292887,0.7183734939759034,0.04168614973755713,0.09509915719296957,0.19213282472309268,1.0,0.0,0.07726045883940613,0.9877273998025433,True,Industrials,1.5044436521379618
EBS,2026-09-30,6.88,6.88,6.56,6.6,759695,53.3,,Z1,MKDN,0.05037992302110398,-0.010494752623688153,0.06109324758842449,-0.2114695340501792,0.5586034912718204,0.0136168113479882,0.010896346623296305,-0.15082024599192267,0.0,0.0,0.19272727272727264,0.6568007016974291,True,Healthcare,1.5065698229865243
MQ,2026-09-21,15.57,15.76,15.53,15.59,692848,44.0,T9,,MARKUP,0.03248800112959142,-0.05971049457177313,-0.04706601466992666,-0.16586409844836814,0.7892590074779061,-0.030985800040568723,0.03458194577415363,0.6140370679551199,1.0,0.0,0.005844155844155763,1.0699780127421037,True,Technology,1.50751226969787
KARD,2026-09-30,14.81,14.87,14.16,14.75,487834,30.7,,Z11,ACC-TR,0.09020288364478116,0.015840220385674897,-0.24744897959183676,-0.4071543408360129,0.08984725965858043,-0.12730457909361315,-0.2211028073759197,,0.0,1.0,-0.034410112359550604,0.6717221018927612,True,,1.515505091457968
IOND,2026-09-25,84.69,84.88,79.59,81.98,537849,62.9,,Z2,DIST-TR,0.06019941699409477,-0.03257021477460453,0.13829491807831173,,,0.021432994774089886,,,0.0,0.0,0.17911111111111122,0.941159109507816,True,,1.515537797062572
CIFR,2026-09-30,16.77,16.91,15.81,15.82,29006916,43.2,,Z2,MARKUP,0.09228957370900531,-0.137874659400545,0.08281998631074616,-0.41058122205663183,0.12954186413902058,-0.07777540707026198,-0.11893781515782664,-0.10534325209311146,1.0,0.0,0.11495063469675615,0.7966234160709142,True,Financials,1.5157911689701717
WST,2026-09-30,375.35,376.19,370.13,370.76,470871,60.2,,Z1G,MARKUP,0.022667719575262462,-0.013595125974406042,0.09481765834932832,-0.039481865284974105,0.7490531862341511,0.021371224334558736,0.049497609219400385,0.18388565158895553,1.0,0.0,0.10409952106991183,0.8998698817735249,True,,1.5162722119348768
DSGR,2026-09-30,34.94,34.97,34.9,34.9,134415,64.5,,Z2G,DIST-TR,0.003088087272240556,-0.0014306151645209209,0.0057636887608067955,-0.004279600570613384,0.9822485207100593,0.0018042152036930048,0.027903622206013168,0.13870572980632034,1.0,0.0,0.007796708056598156,1.0581953647690707,True,,1.5178542350945203
VCX,2026-09-30,29.53,29.89,29.51,29.62,221168,36.1,T10,,ACC-TR,0.07555692204008362,-0.03202614379084967,-0.13492990654205606,-0.5849215246636772,0.03357258624681638,-0.08476979514807159,-0.3281315776058221,,0.0,0.0,-0.05023600809170592,0.9792666588953594,True,,1.5187804526999291
SFBS,2026-09-28,41.05,41.49,40.65,41.02,580086,19.3,,Z2G,ACC-TR,0.03707252712532026,-0.02146946564885488,-0.05046296296296293,-0.5545178105994787,0.010273308780771491,-0.08755146886941356,-0.2828833592565563,-0.42976790429940637,0.0,0.0,0.0014818473697209011,1.026173829547859,True,Financials,1.5204898452720814
TBBB,2026-09-22,52.01,52.07,50.23,51.38,591974,60.1,,Z1,MARKUP,0.03139081238640322,0.01161645993305771,0.011019283746556585,-0.03020007550018866,0.8899587345254474,0.02437581178554038,0.08995300264402983,0.29438602078935094,1.0,0.0,0.04223886808156463,0.874112237926748,True,,1.5206737096433878
BTGO,2026-09-28,7.29,7.49,7.1,7.26,1021452,51.1,,Z2G,MKDN,0.0806893041309966,-0.07633587786259544,0.058309037900874605,-0.13053892215568863,0.7054054054054054,-0.011890807178518314,0.06432201522327419,,0.0,0.0,0.1470113085621969,0.6098398057466976,True,Financials,1.5214378349919753
AFYA,2026-09-28,12.21,12.67,12.03,12.04,794846,23.7,,Z2G,MKDN,0.0401210797139308,-0.11143911439114407,-0.1747772446881426,-0.22572347266881043,0.0028409090909090294,-0.11516007170128706,-0.13424378967795447,-0.168275449534251,0.0,0.0,-0.09887640449438206,1.4001138495619139,True,,1.521588407927132
ALIT,2026-09-21,11.59,12.06,11.56,11.91,378195,39.5,T3,,MARKUP,0.07340394963304134,-0.037186742118027416,-0.16244725738396626,-0.49704391891891886,0.49179620034542315,-0.08704604484285283,-0.0838379319301088,0.5481263301798232,1.0,1.0,-0.023648648648648574,1.0606328231036042,True,Industrials,1.5229559606909748
IREN,2026-09-30,42.15,42.4,40.6,40.88,25944550,44.2,,Z2,MKDN,0.06780713096673141,-0.13113708820403813,0.11026615969581766,-0.17196678144622235,0.5846379647749513,-0.05795185553131432,-0.05319416188000614,-0.05389941973698775,0.0,0.0,0.1663315139327779,0.8741964979091343,True,Financials,1.5234637432750922
FLGT,2026-09-23,21.52,21.63,21.12,21.27,190333,60.2,,Z12,MARKUP,0.030107494130736163,-0.01664355062413314,0.06616541353383454,-0.030095759233926156,0.8877551020408163,0.027923513378630416,0.06525339424277621,0.06766233259427423,1.0,0.0,0.1081223628691983,1.0793055946663825,True,Healthcare,1.5268640864958727
DINO,2026-09-29,104.16,106.55,103.36,105.59,1979735,52.5,T5,,MARKUP,0.04294948630532984,-0.01031024463398622,0.039169373093199455,-0.10811723963172559,0.7210113339145597,-0.005704815379425687,0.0714909963666277,0.3911788610901976,1.0,0.0,0.12716130444298535,0.9902353544814839,True,Energy,1.5286198107803897
NEO,2026-09-30,18.76,18.96,18.28,18.36,2473562,51.5,,Z2,MARKUP,0.045775893597389566,0.0,0.05214899713467047,-0.08428927680798015,0.7585714285714283,-0.008320017014978531,0.07386824536992065,0.4053760870228884,1.0,0.0,0.10253317249698446,1.0980600538446166,True,Industrials,1.532226027685278
DDOG,2026-09-21,229.73,245.31,226.83,245.05,2925620,57.0,T4,,MARKUP,0.05066698528129115,0.06520321669202356,0.04002206943383424,-0.16285187209620122,0.46725525257040673,0.060238826146540525,0.04695381880843552,0.24453864856579588,1.0,0.0,0.10244046447549682,0.9636308712458052,True,Technology,1.5338557483595923
NGNE,2026-09-21,32.09,32.84,31.21,32.57,325534,37.8,T4,,MARKUP,0.06917065204009003,-0.07497869923317246,-0.1568728967123998,-0.2540082455336692,0.1674174174174175,-0.08102013147911735,-0.07776625092864498,0.11006005089626636,1.0,0.0,-0.10057636887608079,1.613907685732602,True,Healthcare,1.537686377203838
BLSH,2026-09-30,36.86,37.37,34.73,34.89,730624,50.2,,Z6,MKDN,0.06778341889778322,-0.13014210919970082,0.05535390199637025,-0.15866891728960686,0.6854684512428298,-0.024389912166520533,0.06923345285748228,-0.02501271944433947,0.0,0.0,0.1203225806451611,0.571512522842782,True,,1.538222404535541
RSKD,2026-09-21,6.35,6.42,6.23,6.35,770749,56.4,,Z7,MARKUP,0.04016764803011623,0.009538950715421324,0.07627118644067776,-0.09025787965616061,0.7042253521126758,0.027707800255047932,0.08475412177693942,0.230757959357353,1.0,0.0,0.050086355785837755,0.5063301737292133,True,,1.5386779097951488
DSP,2026-09-25,12.34,12.73,12.11,12.19,409193,47.8,,Z4,MARKUP,0.06908272046484479,0.026094276094275948,-0.03864353312302837,-0.17635135135135138,0.5066162570888467,-0.020472904671428926,-0.01750061902252198,0.032568214237973514,1.0,0.0,0.21661409043112512,1.0197540599474342,True,Technology,1.5416416648841909
VSTM,2026-09-28,7.59,7.78,7.39,7.77,1260637,54.9,T3,,MARKUP,0.05717073662987151,-0.027534418022528206,0.0761772853185596,-0.10069444444444453,0.7995391705069123,0.01608724335716749,0.10660582724958378,0.223671518279825,1.0,0.0,0.11631419939577037,0.7485864420126266,True,Healthcare,1.5497594731854452
PLSE,2026-09-30,51.18,51.27,49.17,49.92,604608,49.2,,Z2,MARKUP,0.07116692290605368,-0.039630627164293886,-0.04165866769053561,-0.15246179966044138,0.7355712603062428,-0.024236242319891965,0.08149756436845257,0.5861681716095157,1.0,0.0,0.0406296532652628,0.8257419280576213,True,,1.5504996190145965
FRO,2026-09-28,48.59,48.81,47.6,48.1,3354502,54.3,,Z5,MARKUP,0.03807531067880888,-0.03433045573178073,0.08848155691332882,-0.12402112547805488,0.6454971369078606,0.00426505555957335,0.07605897925676075,0.3151448646360038,1.0,0.0,0.13386783284742476,1.0840644832550101,True,,1.5517244854039018
PAYS,2026-09-28,12.57,12.78,12.3,12.72,573207,52.3,T3,,MARKUP,0.04951019172570087,0.0071258907363420665,-0.013188518231186941,-0.11850311850311845,0.7315541601255888,0.004185221325376798,0.07946900347026342,0.5150906837526132,1.0,0.0,0.07834507042253525,0.7978277909871588,True,Industrials,1.5521064027902471
CRML,2026-09-30,7.43,7.7,7.25,7.26,4216570,49.2,,Z2,MKDN,0.09188975155592838,-0.059585492227979264,0.049132947976878505,-0.24688796680497926,0.4734513274336282,-0.01952920928969304,-0.023943310790627836,-0.13849988157404614,0.0,0.0,0.19636963696369647,0.7068725581174811,True,,1.5533170791562163
TVA,2026-09-21,10.58,10.58,10.56,10.56,25412,57.0,,Z9,DIST-TR,0.0018724458003111422,0.0009478672985780978,0.00189753320683117,-0.004712535344014945,0.8076923076923116,0.000822348764569103,0.0020256026557723406,0.004968888546463823,1.0,0.0,0.0028517110266161882,0.3780700497683256,True,,1.5546216960007853
PANW,2026-09-25,387.94,388.25,373.78,374.74,4880580,54.4,,Z2G,MARKUP,0.04744007849381632,0.030694757687441676,-0.02118323103042974,-0.06051945447252305,0.7327872481735666,0.021792744561057953,0.06746007565113232,0.3596767148629507,1.0,0.0,0.11263573851084341,0.8052799175976866,True,Technology,1.5561831964524184
SITM,2026-09-29,672.81,672.81,646.0,651.43,346497,56.4,,Z6,UTAD,0.0599030389149843,0.02794609606766385,0.1521170103639773,-0.14583360650363864,0.633710973521275,0.05277681260578282,0.06091334922731817,0.22380353094548044,1.0,0.0,0.07912555259181886,0.8449755955665637,True,Technology,1.5571048774950358
FFIV,2026-09-29,435.58,441.95,428.93,438.07,663627,58.1,T9,,MARKUP,0.03169862319106161,-0.033662012220678106,0.07599538231031855,-0.05179653679653684,0.7482907331439991,0.024983112279079345,0.06164392646567807,0.20999363169131424,1.0,0.0,0.13368574071626793,0.9591379662663548,True,Technology,1.5600427010473883
DHT,2026-09-23,21.35,21.5,20.64,21.28,3744218,53.4,,Z2G,MARKUP,0.037566487215296235,-0.07638888888888884,0.11006781429316637,-0.09677419354838701,0.6842105263157897,-0.0002285280237854792,0.06156381494033614,0.21944067418587299,1.0,0.0,0.1309589041095891,1.1602713649039074,True,,1.560141130730388
S,2026-09-25,23.83,24.23,22.3,22.38,10464229,52.7,,Z1G,MARKUP,0.051572826242968474,-0.005775211017325699,-0.014531043593130843,-0.08278688524590161,0.7194444444444444,0.005169179140307234,0.06846799399304082,0.24816822437759756,1.0,0.0,0.1693759832197168,0.8341285731651211,True,Technology,1.5606976441026261
DHR,2026-09-30,223.86,226.11,219.69,221.55,5239836,60.5,,Z2G,MARKUP,0.025857136511541912,-4.5134500812338274e-05,0.070651911274344,-0.029906296523338205,0.8909468305923681,0.024198505644506874,0.060648607884779215,0.10210606857345872,1.0,0.0,0.10000502285398571,1.1570242953245011,True,,1.5653795469107865
CRVL,2026-09-21,70.88,72.0,70.58,71.83,170440,62.7,T2G,,MARKUP,0.028389641944623876,-0.0048489886395124415,0.023948681397006233,-0.016027397260274023,0.9193659545141281,0.03525497205976147,0.07823565814653133,0.08616123361737094,1.0,0.0,0.07242555831265518,1.2167561604763972,True,Financials,1.5683492362103297
AVT,2026-09-21,97.0,98.4,95.05,95.48,1390251,56.5,,Z3,MARKUP,0.03843545673285278,0.034004764998917025,0.07716606498194944,-0.04519999999999991,0.7725213890286867,0.028511004406419183,0.050423015710098884,0.22767914879769835,1.0,0.0,0.06290926099158112,1.2984395523942893,True,,1.5691954478244423
RAL,2026-09-21,68.81,69.37,67.96,68.91,1216157,58.9,T2G,,MARKUP,0.03543344541233304,0.05771297006907128,0.08332023266781952,-0.07329209252286184,0.6140226628895181,0.04356978520982269,0.048151616607931436,0.18255431392068378,1.0,0.0,0.0722111553784861,1.2196580806118278,True,,1.5732273118725606
GSHD,2026-09-30,43.99,45.84,43.09,45.36,670925,30.7,T4,,MKDN,0.07081324694730438,0.04227941176470584,-0.33732651570489414,-0.3904864283794679,0.07363723302518335,-0.13424186968783003,-0.19446646132376744,-0.22303987577885176,0.0,1.0,-0.007835906890988786,1.0424710446706271,True,Financials,1.5734824629051802
HAFN,2026-09-24,8.47,8.92,8.41,8.92,9683476,50.2,T5,,MARKUP,0.037533195367376204,-0.08230452674897126,0.14800514800514808,-0.11857707509881421,0.6685082872928177,-0.018219401383867573,0.04784759748684975,0.18092687982671807,1.0,0.0,0.08796895213454081,1.401349545976105,True,,1.5799331002913222
NTAP,2026-09-22,197.73,198.98,190.89,192.91,2287303,53.0,,Z2G,MARKUP,0.04186973766029061,0.015689991049333996,0.03237718077705232,-0.07725055008131643,0.7212152597963059,0.008714217574048666,0.05079610783377375,0.3046892098678684,1.0,0.0,0.1560869565217391,0.9952099606966274,True,Technology,1.5848853043188975
BETA,2026-09-29,23.23,23.92,22.07,22.44,2247302,51.9,,Z2,MKDN,0.07281837934373865,-0.03608247422680411,0.11641791044776117,-0.1816192560175055,0.5464480874316939,0.011201665655301563,0.04966152194364315,0.025228232320742672,0.0,0.0,0.1585301837270341,0.5304471358005407,True,Industrials,1.5859196401160591
NUTX,2026-09-24,201.01,205.99,198.25,204.59,136826,55.5,T3,,MARKUP,0.052197362310681415,-0.04539940276222465,0.04425275622703162,-0.08779204565721421,0.7656789241937404,0.019150864507441634,0.09833613473186342,0.33464569305720593,1.0,0.0,0.12291135655621632,1.0006141595544167,True,Industrials,1.5863046949586896
KEYS,2026-09-21,341.63,342.97,335.43,342.03,764745,57.8,T2G,,MARKUP,0.03230903312299041,0.08594742189484372,0.08192832062758981,-0.06653748533064063,0.6653856711501503,0.04241938313230231,0.04140688030881945,0.1564815364459038,1.0,0.0,0.014958448753462417,1.197081010963305,True,,1.5874827455202403
IESC,2026-09-30,331.99,331.99,318.0,321.08,229557,35.0,,Z6,ACC-TR,0.07233624747013821,0.004222312576236176,0.06816594031737577,-0.6067653794809617,0.05215328397329198,-0.07710608692010901,-0.27970942368143226,-0.37144590276662015,0.0,0.0,0.052004628684228615,0.6506609661672087,True,,1.6032897503713242
SUPX,2026-09-29,6.9,7.41,6.86,7.06,357309,44.6,T2,,MKDN,0.11921822836576115,-0.06613756613756616,-0.23922413793103448,-0.374113475177305,0.255731922398589,-0.07568023317944883,-0.09724643777150144,-0.415755481478268,0.0,1.0,-0.013215859030836996,0.5222513939492104,True,,1.6062073245808144
NBIS,2026-09-23,235.16,236.57,226.39,226.61,10998613,52.3,,Z1,MARKUP,0.07317169077423663,0.08234226488990792,0.02090372572870214,-0.22019958706125264,0.5580801104972375,0.019492109723510564,0.03829925921681565,0.29783693212010554,1.0,0.0,0.07623203285420943,1.3062433356401504,True,,1.607412704841581
BLSM,2026-09-30,21.24,21.24,18.41,18.64,362159,41.9,,Z1,MARKUP,0.11100689767584646,-0.16562220232766334,-0.018430753027909308,,,-0.13354572710084622,,,0.0,0.0,0.046617396247868204,1.0250252867230174,True,,1.6074550210587015
SUJA,2026-09-23,8.23,8.55,7.99,8.07,229732,40.6,,Z3,MKDN,0.08840162060305663,-0.11318681318681312,-0.135048231511254,-0.3235540653813914,0.39116719242902215,-0.08240255436899602,-0.1317571524176625,,0.0,0.0,0.19571865443425085,0.9795628510595679,True,Consumer Staples,1.6098397787800232
MCHB,2026-09-25,15.11,15.3,15.11,15.17,417574,36.1,T2G,,ACC-TR,0.01997356502569343,-0.014935064935064912,-0.057763975155279645,-0.12715765247410815,0.11244979919678696,-0.02038419601475705,-0.08385565719087518,-0.9939970717134035,0.0,1.0,-0.011944260119442607,0.8201253252648044,True,Financials,1.610207680149115
HTFL,2026-09-23,49.66,50.7,46.78,47.39,2099246,54.1,,Z2G,MARKUP,0.053717834575526265,-0.018840579710144856,-0.05011024253357388,-0.09249329758713132,0.8296296296296297,-0.00392700379346822,0.13194590060419342,0.412043611257523,1.0,0.0,0.050527734111834643,1.3021212452017914,True,,1.618428143364412
TER,2026-09-24,383.08,388.54,376.02,387.7,1332836,55.4,T5,,MARKUP,0.054144956342198805,0.09789595899527082,0.06774993114844396,-0.1638269421558901,0.5447134979621193,0.04824180824588553,0.04770014488063068,0.20343682780061845,1.0,0.0,0.09499999999999997,1.0474872486858708,True,Technology,1.6242400060164848
CBZ,2026-09-30,54.69,54.77,54.66,54.69,815200,69.0,,Z7,DIST-TR,0.0045281637671334305,0.0005488474204171645,0.00514611284690325,-0.015481548154815505,0.9572989076464747,0.003441998824587511,0.058636605313098666,0.20084693466415904,1.0,0.0,0.004779411764705754,0.7834392753783167,True,Industrials,1.6257966137804893
PDEX,2026-09-30,70.44,70.44,68.1,69.0,60480,51.8,,Z2,MARKUP,0.05211720043806642,-0.04086738949124269,0.12377850162866455,-0.10389610389610393,0.6666666666666666,0.00011579579030418508,0.044181888868875197,0.2219196072094407,1.0,0.0,0.1733287388008269,0.759022701544496,True,,1.6323976528316877
PLTR,2026-09-29,187.34,188.63,184.81,186.97,14736134,60.4,,Z9,MARKUP,0.03483667016595512,0.01070328125844644,0.003165575705547763,-0.03960345181836866,0.899596301601771,0.03579958498762714,0.10788946106564712,0.20969177972579534,1.0,0.0,0.11175934366453966,0.8538733839469561,True,Technology,1.6354461502742845
MRVI,2026-09-23,7.42,7.48,7.13,7.37,1549775,54.3,,Z9,MARKUP,0.057061532999672704,0.07748538011695905,-0.1811111111111111,-0.21762208067940547,0.4887780548628429,0.03002771554214201,0.07784668700979558,0.43325960988454737,1.0,0.0,0.05238828967642517,0.737495384988981,True,Healthcare,1.6364298998308426
QVCG,2026-09-29,14.86,15.0,14.02,14.32,194057,17.0,,Z11,ACC-TR,0.09362321198116227,-0.09880427942101955,-0.18590108015918128,,,-0.08180769989087666,,,0.0,0.0,-0.09403973509933772,0.42036795535874055,True,,1.63848509608859
BB,2026-09-21,8.2,8.54,8.12,8.53,14476364,57.9,T1G,,MARKUP,0.04639730763079016,0.10064516129032253,0.06094527363184077,-0.3723325974981605,0.17455138662316466,0.06545463128952744,0.029618981090588914,0.24001528383042214,1.0,0.0,0.014745308310992078,1.2004203479312268,True,Technology,1.6387162546988476
ARHS,2026-09-21,8.6,8.79,8.27,8.73,1736058,54.9,T2G,,MKDN,0.05527090923521956,0.07512315270935965,-0.06929637526652455,-0.15160349854227395,0.5170278637770901,0.05511719046601349,0.04965003152388503,0.04435509956622208,0.0,1.0,-0.10279187817258884,1.4486618364184216,True,Consumer Discretionary,1.6435841726588631
BETR,2026-09-22,12.52,13.2,12.05,13.14,443149,45.1,T2G,,ACC-TR,0.094356483541585,0.028974158183242116,0.12020460358056262,-0.5914179104477612,0.09643705463182904,-0.012238077991599372,-0.20267251270895403,-0.48768619830244975,0.0,0.0,0.06480648064806482,0.8311405617177868,True,Financials,1.6499758367292212
BWIN,2026-09-24,31.87,31.91,31.7,31.84,4397280,57.7,,Z2,DIST-TR,0.02696866476765864,-0.0034428794992175105,0.04702400526142725,-0.02629969418960254,0.8930348258706464,0.021538104114157353,0.07649343010649368,0.19156347597357448,1.0,0.0,0.14275414563806788,0.9279194640993709,True,Financials,1.6511560451840537
STX,2026-09-21,894.27,914.82,861.96,877.33,4194512,55.0,,Z5,MARKUP,0.059653337521874156,0.08910682142635484,0.03215294117647072,-0.13477450467953334,0.5661587301587303,0.0480259448116076,0.04318040796599365,0.3261495335301541,1.0,1.0,-0.006771269907795419,1.3010398770365135,True,Technology,1.6526721043560213
CLSK,2026-09-30,13.66,13.7,12.87,12.88,13845908,46.4,,Z6,MARKUP,0.06899451157463746,-0.1092669432918395,0.16455696202531644,-0.20000000000000007,0.3958724202626643,-0.0408918105624706,-0.03230992042040781,-0.006101352063342835,1.0,0.0,0.19498607242339827,0.8464708850179552,True,Financials,1.6546394529867772
DYN,2026-09-30,16.05,16.8,15.92,16.11,4456456,24.1,T5,,MARKUP,0.06455818737243563,-0.007393715341959428,-0.3581673306772909,-0.4098901098901099,0.04113110539845747,-0.12944892664262653,-0.22703405532609866,-0.18726441765346924,1.0,0.0,-0.03399258343634115,0.7446696723313069,True,Healthcare,1.6603093454557165
SMCI,2026-09-29,42.6,42.69,40.85,41.02,25468570,56.4,,Z2,MARKUP,0.055954944772613396,-0.012518054886855978,0.10032188841201717,-0.06261425959780609,0.8655544651619237,0.03530966888350462,0.11320981559090537,0.18276500897379178,1.0,0.0,0.12697963800904977,0.9454723836065453,True,Technology,1.6610756616395235
OUST,2026-09-21,36.51,38.54,35.99,38.12,2937430,53.5,T1G,,DIST-TR,0.06718347869161612,0.13927077106993413,-0.007808433107756474,-0.4024141715002352,0.22141340612678184,0.05251467246832697,0.007287649400788743,0.1548599636622019,1.0,1.0,-0.013161922252831304,1.1209142757086206,True,Industrials,1.6612253799674552
PLAY,2026-09-22,6.9,7.23,6.88,7.12,2951979,35.6,T2G,,MKDN,0.08069977078483927,0.03790087463556846,-0.31669865642994244,-0.40418410041841,0.12181818181818183,-0.11755948884775136,-0.2278487546522071,-0.44130990268396453,0.0,1.0,-0.0444444444444444,1.1287437020997373,True,Consumer Discretionary,1.670122055455991
HUT,2026-09-30,93.37,93.71,85.73,86.1,7180349,43.3,,Z2,MARKUP,0.08767756398536136,-0.1596720671481554,0.10996519272914784,-0.2847649111148032,0.23940536942533822,-0.08208248962723441,-0.08416658572045255,0.06533750533300542,1.0,0.0,0.1383614393838799,0.7459395846725403,True,Financials,1.6702925968858207
ARX,2026-09-29,19.77,19.79,19.72,19.73,4385496,69.2,,Z2,DIST-TR,0.009852347334050182,-0.003031834259727084,0.0,-0.008542713567839089,0.9813800657174153,0.011792822545038772,0.09663857507360096,0.22088444611887526,1.0,0.0,0.009226037929267017,0.9961910942439078,True,Financials,1.6714621835566714
SAFT,2026-09-30,103.6,103.67,103.55,103.58,161773,71.3,,Z9,DIST-TR,0.00312872094140604,0.000676263162979307,0.004071345482745237,-0.0028879476318829367,0.9909283338373148,0.0030092108931827344,0.04518782164368185,0.21066654480089286,1.0,0.0,0.0036875303250849534,1.017373119635917,True,Financials,1.6718729936320418
BFLY,2026-09-21,8.0,8.16,7.83,8.14,4188204,52.7,T1,,MARKUP,0.06994139023794872,0.0985155195681513,-0.14764397905759163,-0.1900497512437811,0.4837837837837839,0.03292819848680173,0.04755405682250857,0.4046549434481004,1.0,1.0,-0.005665722379603388,1.246621999654159,True,,1.6756813078416086
FTNT,2026-09-25,177.3,177.78,172.83,173.46,2507461,57.6,,Z1G,MARKUP,0.03906468009064423,0.0213141780499293,0.003935640699155085,-0.04361250482439216,0.7896276595744681,0.02939008748752925,0.07617979950166398,0.34248745935005465,1.0,0.0,0.12924114671163567,0.7523284143901469,True,Technology,1.678717073299359
ATKR,2026-09-23,94.55,94.56,94.49,94.51,340107,71.3,,Z11,DIST-TR,0.005697397580775193,-0.00010579771476926236,0.009506515701773077,-0.0014791336502905095,0.9948434622467771,0.009061764539012307,0.055637603455964246,0.21538544938994564,1.0,0.0,0.009525848228620237,0.9734912492316241,True,Industrials,1.6790421006581289
ZS,2026-09-25,206.0,207.99,192.74,193.05,6708190,53.6,,Z1G,MKDN,0.05328471060628432,-0.021590390755663602,0.030699412706887363,-0.11024565608148584,0.696985051938181,0.010208393294124374,0.09077726727596658,0.06317707778927306,0.0,0.0,0.2106783919597992,0.8812275503055288,True,Technology,1.6806640905487347
GIC,2026-09-24,41.55,41.75,41.1,41.23,107033,65.7,,Z2G,MARKUP,0.022410258911658164,0.020039584364176077,0.04459082847732443,-0.027594339622641573,0.8894139886578448,0.02983745885738487,0.07522066463568411,0.20432819984095407,1.0,0.0,0.03713389121338895,1.2870940761702236,True,,1.6822567958156442
CRDO,2026-09-28,206.12,208.1,189.44,192.67,9056268,49.6,,Z1,MARKUP,0.07342615174495426,0.028835371388903575,-0.17220193340494094,-0.3268935159306876,0.31750547045951855,0.015428117021978327,-0.05004698127414409,0.046242782723275866,1.0,0.0,0.2281748692503689,0.8498230887268786,True,Technology,1.6868223715117145
KRNT,2026-09-29,16.08,16.66,15.84,16.55,540670,59.3,T2G,,MARKUP,0.03430075727160418,0.07817589576547235,-0.017220902612826605,-0.14470284237726105,0.43887775551102215,0.046162761830786936,0.03501607099166071,0.03982578412287907,1.0,1.0,-0.012751677852348986,1.5933059134126606,True,,1.6897453562694482
CRBP,2026-09-23,7.83,7.98,7.66,7.74,787805,35.7,,Z9,MKDN,0.08356550717111867,0.06611570247933884,-0.31564986737400536,-0.3327586206896551,0.2675521821631879,-0.10862494102734244,-0.15893028134386844,-0.17369434544665352,0.0,0.0,0.11058451816745651,0.5959710948327064,True,Healthcare,1.7023873218503398
VLO,2026-09-29,381.57,389.4,379.57,387.72,2650917,58.1,T12,,MARKUP,0.03855556785352069,0.028053242827597247,0.08024072216649958,-0.07474226804123707,0.8016968469038875,0.017206655402626003,0.09824841441066234,0.4207314919224674,1.0,0.0,0.08943283582089556,1.0460394620314117,True,Energy,1.7080246778524768
CGEM,2026-09-21,21.45,21.79,20.98,21.35,763868,55.0,,Z11,MARKUP,0.04870151579225825,0.04656862745098045,-0.015221402214022017,-0.07934454506252697,0.7440890125173854,0.013146923986276482,0.07219341698175707,0.3574031355157341,1.0,0.0,0.06104808211777413,1.4627541348183175,True,Healthcare,1.7081779078041024
EVMN,2026-09-22,9.45,9.87,9.39,9.6,573819,31.7,T9,,ACC-TR,0.07665374736948462,-0.03903903903903905,-0.2977322604242868,-0.47540983606557385,0.04395604395604399,-0.13245408770525546,-0.2552604568426269,-0.4577079993396427,0.0,0.0,-0.061224489795918546,1.0290736751594856,True,Healthcare,1.7109701412796652
ITGR,2026-09-24,126.3,126.42,126.16,126.17,816563,72.9,,Z2G,DIST-TR,0.0045228755316553395,-0.001266524182696127,0.007828101286045275,-0.004968454258675092,0.9827774740295244,0.0060880464350490104,0.060354874529289004,0.2310091794941589,1.0,0.0,0.010573534123678341,0.9132286146479001,True,,1.7112696869608686
MKTX,2026-09-30,163.94,164.12,163.77,163.92,837422,78.1,,Z9,ACC-TR,0.0037330747549770343,0.001282756093091253,0.007808177067322397,-0.001705237515225333,0.9946462715105162,0.006148841635156721,0.048058113081104414,0.041358930977202446,0.0,0.0,0.006709343838483317,0.9963578506563829,True,Financials,1.7128916161327625
SONO,2026-09-21,15.77,16.45,15.76,16.36,1628329,57.7,T1G,,MARKUP,0.04268899249851341,0.05006418485237485,0.03348073278584951,-0.07045454545454555,0.725663716814159,0.05288997237836224,0.06434436927837073,0.09493549300479365,1.0,0.0,0.06619718309859168,1.497997360722499,True,Industrials,1.7129477538407045
BBNX,2026-09-30,19.22,19.52,18.45,18.98,1456385,45.8,,Z2G,MARKUP,0.07503114057719033,-0.14465975664713837,-0.004719454640797038,-0.19439728353140906,0.577100646352724,-0.05586574246755971,0.01691171023407967,0.12265387238272574,1.0,0.0,0.1895551257253385,0.7257682011798727,True,,1.7161328234367599
QTTB,2026-09-22,10.6,10.99,10.53,10.57,384916,28.4,,Z11,DIST-TR,0.07379650087143831,-0.05371530886302589,-0.35391198044009775,-0.5515485787017396,0.020346646571213232,-0.12999004743949327,-0.1929444758512181,0.10316295767859684,1.0,1.0,-0.014354066985645786,0.8774407230103491,True,Healthcare,1.7202439621465868
SMMT,2026-09-29,18.91,19.09,16.15,16.39,27339981,52.4,,Z11,MKDN,0.06953014019660628,-0.04264018691588789,0.2033773861967696,-0.14143530644316393,0.6153846153846154,0.006517581002472239,0.04937762846650018,-0.005518504153535497,0.0,0.0,0.16321839080459766,1.2679822763620083,True,Healthcare,1.7212389446972634
BLFS,2026-09-21,36.7,37.36,36.53,37.18,406597,64.5,T1,,MARKUP,0.025410418428870513,0.04939316963025675,0.0021563342318058343,-0.02414698162729667,0.9199999999999998,0.036763494457430435,0.0992737584181913,0.33415794781610586,1.0,0.0,0.03286794648051172,0.9421806736122548,True,,1.7307487342028827
CDNL,2026-09-30,27.91,31.25,26.72,30.6,1215391,39.0,T1,,SPRING,0.08732767236121813,0.06694560669456062,-0.1502360455429047,-0.6051103368176538,0.07642308449871978,-0.06034002799903182,-0.2596937300468676,-0.3071904087529612,0.0,1.0,-0.06508047585724286,1.2875468951165778,True,,1.7332068328364096
GH,2026-09-25,178.5,179.97,174.5,177.25,1578578,59.4,,Z5,MARKUP,0.044534910821550464,-0.011874233470844042,0.05180394018514112,-0.034112582420576465,0.8532239155920283,0.03648946436177991,0.0907361499658712,0.3944987972400229,1.0,0.0,0.1071428571428572,1.1084469310424145,True,Healthcare,1.7337033908941242
UTZ,2026-09-30,14.25,14.27,14.25,14.25,3994902,72.0,,Z7,DIST-TR,0.003938602179827892,0.0014054813773716202,0.0028149190710766714,-0.005582693649685999,0.9888268156424581,0.004102431928060923,0.06794231830297282,0.2879719067696145,1.0,0.0,0.0035260930888576514,0.923386753626913,True,Consumer Staples,1.7443304823602555
XP,2026-09-29,20.19,20.54,19.96,20.27,6871963,59.9,T2,,MARKUP,0.0364844956487289,-0.04431871758604433,0.11190345584201866,-0.06026889197960128,0.7981366459627328,0.02385339605715009,0.08810264835412074,0.12013345928316688,1.0,0.0,0.16903073286052006,0.834175621248352,True,,1.7454313799020718
RGEN,2026-09-21,176.89,182.25,176.22,180.71,857639,63.1,T4,,MARKUP,0.03599333837869127,0.07565476190476206,-0.0023187765693147844,-0.042494568960949386,0.8657291143478991,0.05065275385056567,0.1101242690916222,0.25328758848519883,1.0,0.0,0.044247238426213364,1.0454709485520752,True,Healthcare,1.7465823022095208
OSPN,2026-09-25,17.74,17.88,17.57,17.81,515260,61.6,T9,,MARKUP,0.03251251851793699,0.01713306681896043,0.08201701093560132,-0.03625541125541132,0.8404761904761902,0.03738674763393157,0.09062089514305716,0.23366018061674287,1.0,0.0,0.13213811420982746,0.9904833822585651,True,Technology,1.747413769851265
SPCX,2026-09-28,148.49,150.8,145.36,145.47,83453775,50.0,,Z1,MARKUP,0.044995885601579404,-0.042015146526177105,0.028056537102473467,-0.133591423466349,0.6443634057396543,-0.012431796545094853,0.06006696796608102,0.6950393418963163,1.0,0.0,0.09211119459053352,0.7263097645700363,True,,1.7533682849590175
OPRT,2026-09-30,8.23,8.26,7.99,8.14,785964,55.9,,Z2,MARKUP,0.0411518980272487,-0.04009433962264153,0.14165497896213197,-0.06004618937644335,0.8475073313782993,0.013892532178538364,0.09572558075322357,0.3011933458113458,1.0,0.0,0.12853107344632764,1.153347285145919,True,Financials,1.7592397161207383
KLAC,2026-09-28,186.71,190.7,182.7,189.17,8705976,48.3,T6,,ACC-TR,0.04803598668928048,0.028265478067076133,0.07764612054232645,-0.23564588468220948,0.28529411764705875,0.028776260229566475,-0.314168705128528,-0.7656628539383242,0.0,0.0,0.08324793537886555,0.8714180532449023,True,Technology,1.7629178279154327
SMTI,2026-09-29,35.16,35.16,35.04,35.09,85414,68.6,,Z3,DIST-TR,0.008067337243192476,-0.005385487528344557,0.006020642201834958,-0.007074136955291466,0.979740680713128,0.006700969382925637,0.06912890497041602,0.28922030051781134,1.0,0.0,0.01893939393939381,0.5776267536858767,True,,1.7691686044012265
NAT,2026-09-23,7.73,7.76,7.36,7.62,4926365,57.6,,Z2,MARKUP,0.03939289847893051,-0.04630788485607007,0.10434782608695659,-0.08523409363745493,0.75,0.01950518948129587,0.0954554144213271,0.3465158795720027,1.0,0.0,0.14820592823712953,1.1078184656534542,True,,1.7697061481947765
KLRA,2026-09-23,12.76,13.22,12.56,13.13,1631808,36.8,T2,,MKDN,0.08060358506441773,0.03385826771653555,-0.260281690140845,-0.44878253568429893,0.10767946577629389,-0.09254053003817786,-0.2041291340541248,,0.0,1.0,-0.05052125100240579,1.6160928646106558,True,Healthcare,1.771392919141057
RIOT,2026-09-30,21.78,21.8,20.11,20.15,12903256,43.3,,Z2,MARKUP,0.07462897149415228,-0.18388011340623744,0.13265879707700945,-0.20638046474990157,0.34499999999999975,-0.07827376547766307,-0.06623129731147603,0.020311308307545906,1.0,0.0,0.15641173087981586,0.9465242162435659,True,Financials,1.771438799117097
CAPR,2026-09-29,8.74,8.97,8.5,8.57,2366555,46.2,,Z3,ACC-TR,0.09598843949463493,-0.08244111349036398,-0.13521695257315836,-0.640670859538784,0.2685495452369555,-0.02292145743779972,-0.21030754614988745,-0.5144800215471579,0.0,0.0,0.12413793103448278,0.7942786864785235,True,Healthcare,1.7719513824373418
VIA,2026-09-29,29.08,29.44,28.49,29.25,534097,62.7,T2,,MARKUP,0.045611623886707475,0.031018681706027396,0.047261009667024734,-0.04847104749512032,0.8945506015569711,0.05030520679351835,0.15275333409047875,0.17970102004527178,1.0,0.0,0.10229067930489721,0.94192009543507,True,Technology,1.7729546958064666
SG,2026-09-21,7.29,7.62,7.23,7.48,5617327,60.8,T2G,,MKDN,0.0583941186032061,0.03172413793103446,0.07010014306151646,-0.21180189673340355,0.5523385300668152,0.08933244098826054,0.09071330891221896,0.014673180839790412,0.0,0.0,0.16578483245149922,1.0618946632577753,True,Consumer Discretionary,1.774212375334553
SAIL,2026-09-30,20.75,21.08,20.36,20.36,5621954,54.3,,Z4,MARKUP,0.05805530044797093,-0.04904250350303596,0.05876235049401979,-0.08658591296545537,0.7799315849486887,0.01595638840284952,0.08607995638924781,0.1938890258547712,1.0,0.0,0.20336943441636568,0.8713965160240745,True,Technology,1.7846577483040482
LTGO,2026-09-29,17.33,18.5,17.3,18.1,955219,38.6,T2,,DIST-TR,0.09818301216660756,-0.13064361191162344,-0.1780199818346957,,,-0.1171217699674093,,,0.0,0.0,-0.19090454772613696,1.1061952411902791,True,,1.7851225152567751
RGR,2026-09-29,42.21,42.5,41.95,42.18,136141,67.7,,Z10,MARKUP,0.023104599708252974,0.005722460658083017,0.11087700816434021,-0.017470300489168422,0.8801916932907348,0.04940007326838547,0.07626682454094103,0.09473012637621858,1.0,0.0,0.12354690456880246,1.000397902454941,True,Industrials,1.8031541764146661
FLNC,2026-09-30,7.97,8.04,7.66,7.68,5266767,33.5,,Z4,ACC-TR,0.08323368515042255,0.01319261213720302,-0.26295585412667943,-0.5521865889212828,0.06607495069033531,-0.11758409558537775,-0.30403422146557413,-0.4743059047749576,0.0,0.0,0.032810271041369576,0.7794685375845787,True,Industrials,1.808354379220069
FTRE,2026-09-29,19.89,20.39,19.42,19.74,1170629,56.0,,Z9,MARKUP,0.052717522619143115,-0.03377386196769461,0.07457811649428403,-0.07713884992987385,0.68984962406015,0.025542647425031095,0.06688099540937276,0.30028723129807466,1.0,0.0,0.19788425637834473,0.7761862512740433,True,Healthcare,1.8217424930074722
PRE,2026-09-22,24.0,24.0,22.78,22.9,240686,48.9,,Z2G,MARKUP,0.0697422602493912,-0.0077989601386481144,0.04949587534372135,-0.15932452276064613,0.616946160635481,-0.025479422180968436,0.04002396089849869,0.2260449022514408,1.0,0.0,0.2385057471264369,0.7052602428047829,True,,1.8434447421323537
MRAM,2026-09-21,15.94,17.38,15.63,17.17,1318686,55.6,T2G,,DIST-TR,0.06912825173547799,0.16564833672776658,0.003506721215663422,-0.2965997541990987,0.3726169844020799,0.07354860936911689,0.00969853292937084,0.07337616239538214,1.0,1.0,-0.04638472032742158,1.0975681375002462,True,Technology,1.8440287548126164
WLFC,2026-09-25,53.08,54.82,52.78,54.33,158989,34.0,T9,,ACC-TR,0.045096402549857195,0.00018409425625920406,-0.014153511159499255,-0.7779004169732646,0.011429165151436415,-0.0345101827560883,-0.29887708548951464,-0.5902843828909599,0.0,0.0,0.010166890466142275,0.751302196029094,True,,1.8490983089125792
CNXN,2026-09-21,87.43,87.94,85.43,85.9,171591,61.8,,Z3,MARKUP,0.027897512313325133,0.001749271137026387,0.10227126908764284,-0.02773061686474232,0.8669201520912554,0.025703810713393782,0.062488884743045814,0.20235860607029332,1.0,0.0,0.10380577427821525,1.4663635077719395,True,,1.852969817357159
MAAS,2026-09-30,15.92,16.86,15.51,16.34,76885,50.9,T3,,MARKUP,0.11150216013634137,0.08499335989375822,0.0006123698714024517,-0.292334343871806,0.3902439024390244,0.01647724909562842,0.019033526513705157,0.3726006777540858,1.0,1.0,-0.12645348837209303,1.0723248113448198,True,,1.8532518455224003
DT,2026-09-29,57.39,58.05,56.76,57.53,3868436,65.3,T10,,MARKUP,0.03147230593194644,0.005769230769230749,0.053856017585638405,-0.031644504292206665,0.9011046817464494,0.04386973392817328,0.1193279814518764,0.2568658734799594,1.0,0.0,0.13551020408163272,1.024399647621297,True,Technology,1.856912810424487
XERS,2026-09-23,8.74,9.2,8.46,8.66,2042955,58.4,,Z2,UTAD,0.046649703307600814,0.11311053984575836,-0.009153318077803174,-0.05869565217391293,0.7488372093023259,0.04667627546063691,0.061895821273602714,0.1779998763333237,1.0,0.0,0.03783783783783767,1.440954804321681,True,Healthcare,1.8594150092595807
ITG,2026-09-25,10.45,10.72,10.25,10.48,141688,31.3,T2G,,ACC-TR,0.09115272467901897,-0.1715415019762846,-0.18570318570318567,-0.4161559888579387,0.0520304568527919,-0.12526011299597906,-0.1866555028821415,,0.0,0.0,-0.12889273356401387,0.7317533159703481,True,,1.8633059698292396
HZO,2026-09-30,52.35,52.36,52.28,52.3,773622,72.2,,Z10,DIST-TR,0.005987641040542091,-0.0022892025944296623,0.003453568687643793,-0.004946727549467345,0.988154897494305,0.007789530883452356,0.08499470808488674,0.41052146567883185,1.0,0.0,0.003072196620583778,0.7988668681613572,True,Consumer Discretionary,1.8640959198565525
PUBM,2026-09-23,17.78,17.78,17.25,17.45,745749,60.8,,Z2,MARKUP,0.04080971779046774,0.035608308605341144,0.05438066465256797,-0.0906722251172487,0.7507163323782232,0.03319756073146429,0.11047107686156155,0.41949948273839643,1.0,0.0,0.09271099744245515,1.3448295984969878,True,Technology,1.8706129540859033
SNDK,2026-09-29,1744.07,1749.78,1693.0,1729.76,5945427,54.2,,Z11,MARKUP,0.06253097597562439,-0.08334746481261657,0.10407863662475259,-0.11412021981061049,0.7665234702430846,0.026238590626898706,0.07266113317697065,0.4412974874123743,1.0,0.0,0.1556202589839859,0.7396090193145214,True,Technology,1.8736523166561363
AMPH,2026-09-30,26.73,26.79,25.77,25.81,509360,63.2,,Z2,MARKUP,0.03739331339846274,0.034054487179487,0.12412891986062702,-0.07158273381294966,0.7871657754010694,0.04949013494434862,0.12681758797693177,0.1539344481769227,1.0,0.0,0.14498141263940534,1.029367911762349,True,Healthcare,1.8796301073975157
CERT,2026-09-23,8.82,9.12,8.59,8.64,2585971,58.5,,Z9,UTAD,0.04233545751994216,0.0627306273062731,0.06142506142506132,-0.05263157894736825,0.8327526132404185,0.04897890365503055,0.10250561068908426,0.12703482284024048,1.0,0.0,0.11627906976744184,1.3896638860559343,True,Technology,1.879731720860552
SBET,2026-09-30,9.73,9.84,9.26,9.28,6169558,55.9,,Z2,MKDN,0.06126682549849016,-0.05402650356778804,0.13865030674846612,-0.10683349374398476,0.7877629063097512,0.025642229214463574,0.14664418203290386,-0.05771524012076268,0.0,0.0,0.18565941101152372,0.683254044177537,True,Financials,1.8805471875194157
SENS,2026-09-28,9.85,10.29,9.8,9.84,566639,61.1,,Z2G,MARKUP,0.050153386525665596,0.006134969325153339,0.05466237942122176,-0.06106870229007644,0.8875219683655535,0.04435643929558686,0.16866006991398108,0.32241123184482956,1.0,0.0,0.12662721893491136,1.0032634852479159,True,,1.8839724677407927
SATL,2026-09-29,6.17,6.24,5.57,5.6,6165779,53.6,,Z6,MARKUP,0.08172968337077832,-0.024390243902439157,0.1498973305954825,-0.13178294573643423,0.7318611987381702,0.03235335813652762,0.05931459893107571,0.11065507399463437,1.0,0.0,0.20000000000000018,1.131928634171637,True,Industrials,1.8841318229806818
BWMN,2026-09-30,42.6,42.65,42.6,42.64,504828,80.7,T1,,DIST-TR,0.006036483173913796,0.001879699248120259,0.0009389671361501595,-0.011361001623000244,0.9728682170542634,0.011409553762081748,0.08504097339165151,0.22970456770714143,1.0,0.0,0.0037744751120547537,1.1005563791600852,True,Industrials,1.887844020822671
MANE,2026-09-29,115.34,118.94,112.03,117.82,481703,63.5,T2G,,MARKUP,0.05167600708151553,-0.002708650753343589,0.1972360532466213,-0.092295839753467,0.6674993061337771,0.07457628474437628,0.10032619997078274,,0.0,0.0,0.15908614546216726,0.8305167697040309,True,Healthcare,1.8967613087043182
CRSR,2026-09-30,13.58,13.72,13.38,13.5,1027214,59.5,,Z10,MARKUP,0.04301355922377389,-0.0014792899408283544,0.16179001721170394,-0.0987983978638185,0.7654516640253566,0.02878860217714352,0.11091857105774738,0.42424128857054755,1.0,0.0,0.13368055555555558,0.868748180179568,True,Technology,1.897275074800787
CLS,2026-09-21,341.45,348.0,333.1,344.4,2002252,57.4,T2G,,MARKUP,0.056696213107711065,0.0895975702353835,0.1613555892766818,-0.0912688989155388,0.6711664606901794,0.06631862130721289,0.05218736409311098,0.08480772295798222,1.0,0.0,0.14536157779401027,0.8923093377958584,True,Technology,1.8973526226565778
ABSI,2026-09-28,9.57,9.67,9.25,9.49,3252748,52.7,,Z2G,MARKUP,0.07908321655480967,-0.033604887983706755,0.08955223880596996,-0.2091666666666666,0.527306967984934,0.020963070035884934,0.06599041327001998,0.44667937822351944,1.0,0.0,0.18741976893453138,1.179186795969576,True,Industrials,1.9018916127972627
OMER,2026-09-30,19.25,19.4,19.02,19.04,1365766,54.5,,Z2,MARKUP,0.04717923979706189,-0.08196721311475408,0.015466666666666518,-0.10357815442561202,0.8184818481848185,0.008995621895428574,0.12244961375241115,0.49006980097894726,1.0,0.0,0.1515151515151516,0.681831395329339,True,Healthcare,1.9030829948567152
MTD,2026-09-30,1535.12,1554.83,1510.38,1510.95,153802,65.1,,Z2G,UTAD,0.02756080777411668,0.012470348580082335,0.098106049594465,-0.028221734852041602,0.8701506229100704,0.047291463599924866,0.0856392344173047,0.14499599495866677,1.0,0.0,0.1670996012790653,0.8156617975853331,True,Technology,1.9059248868146248
EDRY,2026-09-30,53.14,56.0,50.11,51.53,122384,46.7,,Z6,MARKUP,0.10497365651166188,0.0037008180755746523,-0.005020274184205364,-0.29478582181469815,0.5841698841698842,-0.06905558611996876,0.07751418083816031,0.7367705413170469,1.0,1.0,-0.021555367709213957,0.7918339428168785,True,,1.909009086230705
TMO,2026-09-30,675.95,683.63,671.63,675.05,2323546,70.1,,Z1G,UTAD,0.02271300334176602,0.0146550428378176,0.12414654454621132,-0.012550648742741033,0.9545044806193327,0.038957683448819,0.10007980167421393,0.2339357291874582,1.0,0.0,0.10277058605964817,0.9007654281826954,True,,1.9108741811026646
CYRX,2026-09-29,17.38,17.55,17.06,17.32,931691,63.4,,Z9,MARKUP,0.03430072982810247,-0.014228799089356814,0.08250000000000002,-0.036707452725250334,0.819672131147541,0.034106984139119056,0.0765528270621092,0.3144092342086635,1.0,0.0,0.16518163125428376,1.2151018321088423,True,Healthcare,1.9163458845129913
ATTO,2026-09-30,18.19,18.34,16.79,17.14,769561,30.1,,Z4,MKDN,0.12746067516190387,-0.07451403887688979,-0.22862286228622852,,,-0.15380902501284754,,,0.0,0.0,-0.08931506849315063,1.3993125452115887,True,,1.9186563712430356
BMNR,2026-09-30,27.32,27.95,26.22,26.43,28620902,56.2,,Z2,MARKUP,0.0618983445001487,-0.03750910415149311,0.13093709884467253,-0.08419958419958418,0.8353658536585366,0.02845707445380552,0.14449137539832768,0.1591842924194371,1.0,0.0,0.18321299638989164,0.7462813975057763,True,Financials,1.925670614192515
MG,2026-09-30,21.3,21.3,20.99,21.06,365851,62.7,,Z2G,MARKUP,0.03096466204457077,0.005730659025787732,0.13469827586206895,-0.03261368856224167,0.8987161198288158,0.035196777414095104,0.10139715116898373,0.2853546584838422,1.0,0.0,0.1458447991194276,0.7558414135441739,True,Industrials,1.9308666095401474
RNG,2026-09-30,73.99,76.35,73.99,74.7,1465799,56.4,T3,,MARKUP,0.04399963175308878,-0.057175312381673615,0.05553200508690126,-0.08791208791208793,0.8393215800044632,0.01375878877879666,0.12572929319011616,0.5494212366623692,1.0,0.0,0.1474603174603175,0.968592398637723,True,Technology,1.9376867906644364
VREX,2026-09-30,18.46,18.48,18.45,18.45,872049,77.6,,Z12,DIST-TR,0.005547480537722355,0.0,-0.0010828370330264736,-0.009661835748792202,0.9791183294663574,0.008273070496074508,0.09926049684510452,0.3818434769499599,1.0,0.0,-0.0010840108401083404,0.7835656214177632,True,Technology,1.943326241945837
XNDU,2026-09-21,7.57,7.61,7.34,7.37,2227340,26.4,,Z2,ACC-TR,0.07708665675198816,-0.08104738154613456,-0.3269406392694063,-0.4104,0.00773694390715668,-0.17081107429925702,-0.27427647659357934,,0.0,0.0,-0.0860349127182044,1.1960767359703566,True,,1.9458019291372914
DNA,2026-09-21,8.05,8.13,7.67,7.98,1653358,60.8,,Z5,MKDN,0.060809526917047385,0.1383737517831669,0.07837837837837847,-0.2836624775583483,0.3233404710920772,0.09377375904634455,0.052234959738172604,-0.04331387790296215,0.0,0.0,0.0680061823802165,1.3192197366411702,True,Healthcare,1.9459054508780258
RARE,2026-09-29,14.46,15.5,14.11,15.32,5884652,37.4,T2G,,MKDN,0.0808501438557219,-0.01920614596670933,-0.39230464101547,-0.5810773858353842,0.10864093959731543,-0.0712441042910612,-0.25059383092049703,-0.3872356483330608,0.0,0.0,0.10840534171249017,0.6704537124897118,True,Healthcare,1.9479474421264777
MTW,2026-09-30,22.45,22.54,21.46,21.46,697029,55.7,,Z6,MARKUP,0.042479551303692006,-0.04537366548042698,0.13185654008438807,-0.0738023305999137,0.8462230215827338,0.00851259385378289,0.1128755045849077,0.4147738683573545,1.0,0.0,0.1313400961025093,1.3576282455755777,True,Industrials,1.9503019956747862
AEHR,2026-09-24,94.8,99.92,93.11,97.42,1702715,53.5,T3,,MARKUP,0.08916096088900383,0.07586968525676419,0.0691395961369623,-0.3390773405698779,0.4055661274976213,0.046344079147714545,0.046509470793280716,0.33967155496641444,1.0,0.0,0.17405361713592882,0.747829774693138,True,Technology,1.955276307650035
PD,2026-09-28,14.04,14.6,13.88,14.48,1362069,60.0,T3,,MARKUP,0.04064038945145092,0.0013831258644536604,0.04699927693420114,-0.0378737541528239,0.912442396313364,0.031240869286940587,0.13717009194046215,0.3111067407411494,1.0,0.0,0.1812765957446809,0.9816623646210706,True,Technology,1.964932693201154
PGEN,2026-09-23,7.95,8.01,7.19,7.44,5563948,56.5,,Z4,MARKUP,0.052308140845243156,0.0013458950201885589,0.0219780219780219,-0.07462686567164167,0.8142414860681119,0.027667326447550877,0.11510388956164275,0.4651908289278075,1.0,0.0,0.09938837920489307,1.5236304838396888,True,Healthcare,1.9733594094473257
BIOA,2026-09-22,8.2,8.53,8.11,8.46,1067365,35.3,T2G,,ACC-TR,0.07904050068239422,0.03422982885085579,-0.09808102345415781,-0.6739884393063583,0.04582651391162034,-0.0776949810657871,-0.2961750939423664,-0.415276889822655,0.0,1.0,-0.049875311720698146,1.5327833077314836,True,Healthcare,1.9763981033760634
MU,2026-09-29,1076.69,1082.66,1057.7,1065.08,19642427,59.7,,Z11,MARKUP,0.044059399955192896,-0.028353525032842053,0.11092799849801294,-0.039360704235514965,0.8823212166972276,0.04879227711325562,0.09898722595388443,0.4789728816334071,1.0,0.0,0.1433636162198093,0.8605116152567519,True,Technology,1.9781246216399129
XMTR,2026-09-30,104.88,105.34,102.65,102.85,699557,60.6,,Z4,MARKUP,0.04975892642195531,-0.02056946957432637,0.12835984640702125,-0.047067543778374965,0.8138512275558809,0.059606274682169724,0.10729300622035765,0.353657301913312,1.0,0.0,0.15855421686746984,1.0974066596270198,True,Industrials,1.9790565582600474
COAG,2026-09-25,35.7,36.1,34.73,34.74,266533,27.6,,Z2G,MARKUP,0.09463836976762052,-0.1565914056809904,-0.2980400080824409,-0.37315048718874055,0.2009273570324576,-0.14875545023575154,-0.1784852822259173,,0.0,0.0,-0.12322763598865694,0.7450535440256402,True,Healthcare,1.990259578791158
WBD,2026-09-30,30.85,30.97,30.79,30.95,95646662,75.4,T4,,MARKUP,0.012338828793896825,0.006176853055916753,0.09286723163841804,-0.0006457862447529772,0.9965034965034966,0.04537570540428093,0.08466555850410096,0.18407185902596646,1.0,0.0,0.1070656092285509,1.0800746792950873,True,Communication Services,1.9933234840773153
NEOG,2026-09-30,12.58,13.11,12.51,12.8,6886850,53.9,T3,,MARKUP,0.04214193695484927,-0.056742815033161365,0.09965635738831624,-0.1023842917251051,0.7197696737044147,0.0016253559623575775,0.07499247483638594,0.2954201297464516,1.0,0.0,0.10026385224274414,1.7447477496013994,True,Healthcare,1.9948350969801274
RMBS,2026-09-28,104.19,104.57,99.34,102.12,1814162,60.5,,Z2G,MKDN,0.05301153332937269,0.053217821782178376,0.19076492537313428,-0.16514061478090247,0.5226843100189038,0.08223392109386407,0.05472070601327306,-0.005392007795231302,0.0,0.0,0.19612499999999988,0.9969851803007613,True,Technology,1.9994429044995123
FORM,2026-09-21,123.0,123.78,118.49,119.31,1289885,57.4,,Z5,MARKUP,0.061017196567449146,0.1590246745677093,0.045112123335669274,-0.255568727771885,0.4744001026562299,0.08241924052515803,0.05655862038880066,0.16620805978135578,1.0,0.0,0.09060293318848456,1.1358259118368141,True,Technology,1.9995199487252153
A,2026-09-21,157.87,162.89,157.08,161.94,2710343,69.0,T2G,,MARKUP,0.026446018773031807,0.10313351498637591,0.01849056603773591,-0.011053435114503851,0.953290322580645,0.06798175773172765,0.10714101738463744,0.20798407052415668,1.0,0.0,0.04070796460176984,1.1377283745036457,True,Technology,2.0178268558643695
NVAX,2026-09-30,10.85,11.1,10.54,10.81,4565494,66.6,,Z3,MARKUP,0.05363093643677356,0.024644549763033208,0.06818181818181834,-0.027002700270026936,0.9242424242424245,0.06494057732413316,0.13678176312199763,0.2243131975985173,1.0,0.0,0.15410573678290196,0.7901402031627155,True,Healthcare,2.0204464829877113
AMRX,2026-09-25,20.0,20.0,19.33,19.77,2884821,63.8,,Z3,MARKUP,0.04155294979919901,0.05665419561731677,0.09772348695169342,-0.06657223796033995,0.7019027484143763,0.0696552848586276,0.1094293567952167,0.3141691862037821,1.0,0.0,0.1310386473429952,1.290009147221167,True,Healthcare,2.0319613431357815
PURR,2026-09-29,12.47,12.49,11.83,11.92,14615190,50.7,,Z2,MARKUP,0.0925034059208865,-0.1455197132616487,-0.02693877551020407,-0.19241192411924124,0.6830357142857142,-0.02624228851994903,0.11797574296571067,0.5641076446388007,1.0,0.0,0.13422818791946312,0.8766893880727724,True,Financials,2.036749609278941
ELMT,2026-09-29,18.9,19.75,18.85,19.15,430511,51.4,T9,,MARKUP,0.09772200758061121,-0.08021133525456303,0.16697135892748305,-0.23491809828206167,0.5314741035856572,-0.00173605804433552,0.05811974718885238,,0.0,0.0,0.19674267100977216,0.3713460960156815,True,Industrials,2.043144865297177
DFDV,2026-09-30,5.82,5.85,5.36,5.37,2083348,52.3,,Z2,MKDN,0.10167499520197346,-0.06932409012131702,0.04069767441860472,-0.19490254872563717,0.6926713947990544,-0.005407252444073141,0.1480228519019402,-0.03001785063546758,0.0,0.0,0.2407407407407407,0.878588696348464,True,Financials,2.0540043561390244
APH,2026-09-29,86.08,86.22,83.71,84.34,10622719,29.2,,Z3,MKDN,0.06127470630033111,0.01810719459198462,-0.4680542415641754,-0.521692281517609,0.07631288281956027,-0.11087865739908387,-0.29169357035701826,-0.3713377311993349,0.0,0.0,0.04313265572061509,1.02475958073743,True,Technology,2.0659398317055064
CEVA,2026-09-21,31.46,32.55,31.05,32.25,561632,59.9,T2G,,DIST-TR,0.05360662843027138,0.1609071274298055,0.152197213290461,-0.3303571428571428,0.30554343081623747,0.10615319583159089,0.022224146513226684,0.058125477026693684,1.0,0.0,0.06455445544554461,0.961974805234887,True,Technology,2.0660290194425612
MPLT,2026-09-28,10.39,10.59,10.15,10.45,251082,29.3,T5,,ACC-TR,0.09140137887395895,-0.041284403669724856,-0.1706349206349207,-0.7415285678951273,0.04308969039259495,-0.12151077917651942,-0.323626169433495,-0.4900089461783109,0.0,0.0,-0.03615604186489052,0.6558440042823251,True,Healthcare,2.073788064969978
QRVO,2026-09-30,116.56,118.63,113.47,114.48,4473766,56.9,,Z2G,MARKUP,0.03717646124686468,-0.04272932519441419,0.187551867219917,-0.05458749690312992,0.8335012594458439,0.01837723145969883,0.09236632482340679,0.22218160304908285,1.0,0.0,0.2151424287856072,1.1100416761772807,True,Technology,2.077683883927143
ANGX,2026-09-22,5.25,5.25,4.94,5.1,3275987,56.7,,Z2,MKDN,0.06561511954528762,-0.032258064516129004,0.12334801762114522,-0.11304347826086958,0.7450980392156861,0.03479582719556795,0.1334232352095015,0.07761421113929057,0.0,0.0,0.1560975609756099,1.6445486575326576,True,Communication Services,2.0887344237840946
ALVO,2026-09-30,5.95,5.97,5.76,5.8,1135559,62.0,,Z2,MARKUP,0.05038174948720361,-0.0017211703958691649,0.10687022900763354,-0.05996758508914102,0.8817891373801916,0.052499197521980845,0.18485391770806525,0.20484369756296505,1.0,0.0,0.18619246861924688,0.9640444606421463,True,,2.08983698236983
KRT,2026-09-30,53.45,53.5,52.16,52.55,177077,65.5,,Z6,MARKUP,0.0317066783431734,-0.009425070688030113,0.10748155953635385,-0.03860226856933768,0.9031221303948577,0.03660713409878702,0.1245696683333064,0.4634150428476409,1.0,0.0,0.15095174856131033,1.1043119294726644,True,Materials,2.091525555175734
ADPT,2026-09-23,27.74,28.35,27.6,27.89,1079869,65.9,T10,,MARKUP,0.04287182008190794,0.007950849295265572,0.062476190476190574,-0.030924252953439924,0.9012208657047724,0.06026912624108549,0.1398778916107124,0.4495740359743514,1.0,0.0,0.13599660008499792,1.2055650957066213,True,Healthcare,2.107858503397447
PRLB,2026-09-23,89.39,89.98,87.55,89.13,176481,64.5,,Z9,MARKUP,0.03261309080163351,0.07075925036040376,0.14858247422680404,-0.041612903225806464,0.8240109140518415,0.06416278692815713,0.09209971124333438,0.2724010569654023,1.0,0.0,0.09725130890052336,1.4197924345378041,True,Industrials,2.1251868719708065
DPRO,2026-09-25,5.62,5.62,5.29,5.35,783673,50.5,,Z3,MKDN,0.06813795788133702,-0.04804270462633464,0.22425629290617843,-0.17944785276073616,0.572992700729927,-0.010774306027953928,0.029228221546449662,-0.04057647336607939,0.0,0.0,0.23696682464454977,0.37150016269850195,True,,2.130167176153526
BAND,2026-09-21,50.51,54.93,49.84,54.31,666191,55.9,T1,,MARKUP,0.07816043956745845,0.1090463549111702,0.14288720538720545,-0.31322711178553364,0.4355059252506837,0.08196984574679012,0.05844667009668414,0.34861496902570277,1.0,0.0,0.16402116402116396,0.9618316220847756,True,Technology,2.1517783326816
CUE,2026-09-28,30.86,32.07,27.01,27.45,237523,45.1,,Z2G,MARKUP,0.1650501223877209,-0.029006013441811085,-0.015423242467718756,-0.39670329670329674,0.21316477768090672,-0.10111060528193105,-0.06524973817221069,0.15055386497900836,1.0,0.0,0.12987588652482263,1.2603780132198283,True,Healthcare,2.1658576473299522
ATRC,2026-09-30,58.01,58.6,56.15,56.2,1111185,57.8,,Z2G,MARKUP,0.03875254480975537,-0.06255212677231026,0.14881439084219128,-0.08914100486223664,0.8154981549815499,0.007213734450636,0.13740716721264357,0.4500477244526522,1.0,0.0,0.20467710791675597,0.7574872325514042,True,,2.171355401446821
FTK,2026-09-29,28.74,29.37,28.01,28.5,267708,51.8,,Z10,MARKUP,0.06337569644290066,-0.07647440051847054,0.20151770657672863,-0.28157297706075124,0.3862637362637363,0.00569981310874601,0.046973486541920906,0.2818698127804071,1.0,0.0,0.2645598194130927,0.7682533984910039,True,Materials,2.172194115531274
SIG,2026-09-21,101.3,101.42,97.86,98.63,951189,58.9,,Z6,MARKUP,0.04339568900415652,-0.021042183622828836,0.2121174880176968,-0.05842482100238666,0.762237762237762,0.04756663740988043,0.08370438585764117,0.11442581303993515,1.0,0.0,0.23857739526642185,1.0051003560955754,True,Consumer Discretionary,2.1722799478763855
MOVE,2026-09-23,10.78,11.71,10.69,11.42,207347,48.5,T4,,MKDN,0.11984278485943933,0.04578754578754585,0.22927879440258359,-0.49244444444444446,0.21474131821403256,-0.00842592307766421,-0.08303468154218074,-0.07273327938958563,1.0,0.0,0.19308700834326564,0.5915685286738777,True,Technology,2.181687962352433
XENE,2026-09-30,37.38,37.53,36.71,37.19,2466583,18.6,,Z3,MARKUP,0.06474305619823316,0.017231947483588472,-0.38016666666666665,-0.4881640517478668,0.030609456135556098,-0.2003474560278642,-0.30655197414519175,-0.294920916738139,1.0,0.0,0.0,1.1003275923048716,True,Healthcare,2.2079158016015503
FPS,2026-09-28,38.55,39.0,36.47,36.59,8025855,52.6,,Z1,MKDN,0.06626410944529976,-0.030728476821191952,0.20361842105263173,-0.24228618761648368,0.42392909896602676,0.02519290270430008,-0.002601834128746483,,0.0,0.0,0.30343102215868467,0.7388329248326349,True,Industrials,2.228293401110623
MRVL,2026-09-24,254.1,261.98,252.19,258.95,13390050,62.0,T5,,MARKUP,0.053187082034226764,0.0755524173450739,0.05646444453510657,-0.11470085470085478,0.7411265432098765,0.08712065562222238,0.13292056020423937,0.45380513576885106,1.0,0.0,0.1761539228391984,0.8574738279358185,True,Technology,2.235717873237292
CRWD,2026-09-25,259.53,259.86,251.54,252.13,7633483,58.3,,Z2G,ACC-TR,0.051220460328505676,0.06092993898590349,0.10602737322337252,-0.04449160571493538,0.8691630446896244,0.06963168974871703,-0.023381792754306963,-0.3389668148437842,0.0,0.0,0.27372544692120937,0.8430873082842741,True,Technology,2.2826523363455746
GEMI,2026-09-30,5.46,5.55,5.12,5.16,2188582,53.6,,Z6,MKDN,0.08544149350389225,-0.08348134991119005,0.24038461538461542,-0.16774193548387095,0.6312056737588653,0.019475882692622903,0.08684098354761116,-0.34575661128194635,0.0,0.0,0.25798525798525795,0.7007213533468699,True,Financials,2.3028516351949815
RBRK,2026-09-25,112.9,114.0,109.18,109.55,3254654,60.0,,Z2G,MARKUP,0.052038381400350296,0.026614187986130577,0.023640441039058047,-0.05657940062004829,0.86539643515673,0.06278112758039667,0.16026902870327087,0.3800769329115752,1.0,0.0,0.2357192818838889,0.8002154019517134,True,Technology,2.3056114652296817
FSLY,2026-09-29,25.0,25.54,24.42,25.48,4046780,52.8,T2G,,MARKUP,0.09841939285556672,-0.02300613496932502,0.11803422553751641,-0.1867219917012447,0.5611402850712679,0.025736789733387777,0.07464586215662883,0.2900327800964786,1.0,0.0,0.21659919028340058,1.6133144930013632,True,Technology,2.30583837451662
ABTC,2026-09-30,9.05,9.18,8.42,8.48,867616,49.2,,Z6,MARKUP,0.08873980601482628,-0.1442986881937437,0.09987029831387817,-0.23257918552036205,0.5807504078303426,-0.03743535609973925,0.11635632793718731,0.7468848326916455,1.0,0.0,0.1271753681392236,0.5810914779104074,True,Financials,2.3087773535054557
IBEX,2026-09-21,40.36,41.06,40.05,40.55,142025,63.1,T9,,MARKUP,0.04054922174863961,0.0014818473697209011,0.10913566739606106,-0.03245048914340254,0.892997639653816,0.04345696918436848,0.10094223639842248,0.2048338688116076,1.0,0.0,0.22187500000000004,1.5048531437546953,True,Technology,2.313845201592781
RVTY,2026-09-23,142.4,145.0,140.08,142.11,2244102,66.5,,Z1G,MARKUP,0.03138019736305945,-0.024840458381939046,0.13833707145145802,-0.0495585874799358,0.8428753180661579,0.06004177172677516,0.14099271990434836,0.31859886235543566,1.0,0.0,0.21502298551478893,1.245366728522632,True,Technology,2.323857762967857
LTRX,2026-09-22,6.13,6.38,6.02,6.25,1092198,63.2,T2,,MARKUP,0.058671921202528524,0.17260787992495308,0.08885017421602792,-0.11598302687411599,0.616822429906542,0.11136085830746012,0.09670077511219977,0.10833099688453762,1.0,0.0,0.059642147117296096,1.3544776469080129,True,Technology,2.3314521394475203
ARQQ,2026-09-23,23.3,23.55,22.02,22.54,237305,56.1,,Z2,MKDN,0.0832132665321244,0.1856917411888479,0.10381978452497531,-0.27243382827630735,0.45758354755784053,0.08167522093967072,0.10329922181085349,0.08020403186428027,0.0,0.0,0.14561294337274422,1.0661783645763305,True,,2.3401311861015412
SILC,2026-09-23,48.9,49.6,47.61,48.58,141308,60.0,,Z9,MARKUP,0.06740251664219936,0.1435969868173259,0.1221991221991221,-0.08253068932955632,0.7693931398416884,0.09059929243252718,0.1214910963799789,0.41284265738633574,1.0,0.0,0.11514522821576767,0.9515725400921622,True,,2.3486952097741614
ECO,2026-09-25,78.01,79.71,76.38,77.9,655535,59.2,,Z9,MARKUP,0.04256259588167231,-0.08298999411418473,0.17425384383479048,-0.1077768869545298,0.7415545179895634,0.025515258587342604,0.13235346881829702,0.44619152704842446,1.0,0.0,0.22067851373182568,1.3251631971749716,True,,2.354686266299713
EPRX,2026-09-29,8.16,8.46,8.08,8.3,645107,58.4,T2,,MARKUP,0.049948224275596614,-0.03263403263403253,0.2848297213622293,-0.053591790193842526,0.8459016393442627,0.03546043532060206,0.10669552282312811,0.19668693628823863,1.0,0.0,0.23854660347551349,1.1179099666109737,True,,2.369063054279944
MSTR,2026-09-30,160.89,163.53,152.02,153.09,17543773,59.0,,Z2,MKDN,0.05846229964308886,-0.05616522811344016,0.22589686098654727,-0.1057304749109177,0.7792144425469627,0.050666754122976165,0.16604055937711637,-0.015590953729883505,0.0,0.0,0.2577149003061141,0.7297017018012152,True,Financials,2.3746357592812113
NHIC,2026-09-21,9.69,10.09,8.5,8.64,321565,3.9,,Z6,MKDN,0.039924790724098005,-0.18796992481203012,-0.18644067796610153,-0.21597096188747722,0.05555555555555579,-0.13858345962540708,-0.16915842737904963,-0.17627960675415022,0.0,0.0,-0.19659735349716445,1.340948598131114,True,,2.3777176835037324
NTSK,2026-09-29,17.82,17.92,16.95,17.27,5794862,57.5,,Z9,MARKUP,0.054802300704941194,-0.0690026954177898,0.12802090137165245,-0.08913502109704652,0.7992874109263657,0.02753741252762998,0.13452815411721564,0.20367768257779884,1.0,0.0,0.2899543378995433,0.7429223028772827,True,Technology,2.3836921354561573
NET,2026-09-25,360.8,364.0,344.27,349.02,3170235,62.2,,Z4,MARKUP,0.0512156958439812,0.07855377008652642,0.1323362424163772,-0.0501047818632121,0.8567649575974479,0.07260090593889212,0.15721494683785275,0.40429424858231156,1.0,0.0,0.195135536576309,1.0274558550589996,True,Technology,2.3863311987600215
ALNT,2026-09-29,115.56,117.53,110.03,112.1,207331,62.0,,Z6,UTAD,0.049047845628203315,0.03738663705348877,0.19242633762365702,-0.05536361338164664,0.8369322412509306,0.07549839314812834,0.13524414171920762,0.3987192264033885,1.0,0.0,0.22170524601605224,1.0692218132984785,True,Technology,2.4322171461455913
CTKB,2026-09-21,5.32,5.32,5.2,5.28,1254764,68.7,,Z3,MARKUP,0.042049243145661115,0.0931677018633541,0.09771309771309777,-0.007518796992481258,0.96875,0.09020027656871599,0.13288381685680295,0.19238858068713682,1.0,0.0,0.11188811188811187,1.5908767926150498,True,Technology,2.443741914349997
WBTN,2026-09-21,10.51,11.12,10.4,11.11,509768,61.8,T2G,,MKDN,0.050020007526936736,-0.0062611806797853164,0.26249999999999973,-0.08859721082854799,0.7511520737327189,0.08102578453874343,0.09387137357422803,0.0030181539992164552,0.0,0.0,0.27137546468401474,0.992705396728511,True,Materials,2.450143272646818
DOCN,2026-09-30,134.85,138.59,133.32,133.39,1438475,53.1,,Z2G,MARKUP,0.06745311021574035,-0.05537851426952778,0.22466030113845004,-0.12145162352631245,0.6319361277445105,0.014500273764416649,0.03695228214448787,0.2374688261745599,1.0,0.0,0.30738228644450993,0.6326391462820208,True,Technology,2.4592350336023907
AXTI,2026-09-23,78.41,78.76,72.91,72.98,5332403,54.7,,Z4,MARKUP,0.09456526516636894,0.13499222395023347,0.08198665678280204,-0.2537069229982616,0.593678349164756,0.07363105192609809,0.07079030688536725,0.2609506373924313,1.0,0.0,0.23521607278241108,1.1691765913751706,True,Technology,2.4697151634782686
ALHC,2026-09-30,7.92,8.18,7.77,8.16,8787122,25.1,T1,,MKDN,0.08864170853618807,0.03816793893129766,-0.39955849889624717,-0.6650246305418719,0.04649793996468512,-0.16954537845726758,-0.35403864527605,-0.5047127432779259,0.0,1.0,-0.03407601572739183,0.8799512986395182,True,Financials,2.4727347325836995
DELL,2026-09-29,550.73,551.39,536.58,539.59,5701996,53.6,,Z2,MARKUP,0.055811131118822084,-0.01699701231509132,0.183285454266354,-0.09390270524424438,0.7636816971643495,0.011194490756600173,0.10309846044961724,0.6051342044485852,1.0,0.0,0.2573182583137785,0.6629731034299575,True,Technology,2.4755902539277748
GME,2026-09-21,22.78,23.11,22.52,22.76,9783714,75.5,,Z10,MKDN,0.029169035707753862,0.052728954671600325,0.24986271279516759,-0.015144958892254312,0.9342105263157898,0.1030813790751246,0.1162928294468828,0.031072816421415572,0.0,0.0,0.18774592467678475,0.9615162347204802,True,Consumer Discretionary,2.501317877268116
CDNA,2026-09-23,56.25,57.16,54.0,54.31,1907359,64.5,,Z1,MARKUP,0.04134389827095969,0.014192343604108482,0.06909448818897657,-0.04986004198740368,0.904490616621984,0.05032874782697472,0.18078273708461623,0.7522348634692633,1.0,0.0,0.1718508713876019,1.1786518994240334,True,Healthcare,2.502787531950897
META,2026-09-30,730.26,738.25,721.3,725.18,19265081,61.0,,Z9,MARKUP,0.037332458985759855,-0.025426689961026816,0.2534656203546859,-0.07006745146315829,0.7860024282301332,0.05035321809650384,0.12200013445233804,0.1437923854625176,1.0,0.0,0.28248516453875205,1.0849330957297136,True,Technology,2.512688474149975
VICR,2026-09-21,230.25,232.74,223.28,223.9,1048391,58.6,,Z5,MARKUP,0.0695897726136296,0.21203919233475887,0.1164854891792162,-0.41486998562655164,0.2443714598505403,0.11553038132343674,0.038752036277309054,0.11118259661336882,1.0,0.0,0.024339360222531248,1.4441447421020785,True,Technology,2.516951236187014
PSIX,2026-09-28,45.69,46.6,44.97,45.54,264968,62.1,,Z2G,MKDN,0.05284011429348523,-0.008059246351557303,0.25523704520396917,-0.05753311258278149,0.8793402777777777,0.06277990279946866,0.1242169951786476,-0.09617295087177369,0.0,0.0,0.28670320161522933,0.8796717932233625,True,Industrials,2.5337584481828315
RDAC,2026-09-25,5.36,5.68,5.36,5.56,6060,47.6,T3,,ACC-TR,0.1370749986838655,-0.014184397163120588,0.07961165048543672,-0.7504488330341114,0.05961754780652416,-0.017795814943970423,-0.059635817451226925,-0.20888168188250877,0.0,0.0,0.11111111111111116,0.0073166226656636735,True,,2.5356921779076194
HPE,2026-09-22,61.75,63.0,60.45,61.03,16784661,59.1,,Z2,MARKUP,0.05811030129268367,0.09216177523264135,0.16402822811367535,-0.044315690573128674,0.8777009507346587,0.06983620842589855,0.1463303461690153,0.5445092045634448,1.0,0.0,0.20393873085339176,0.8293099653654166,True,Technology,2.5498184371643644
SEI,2026-09-22,67.94,68.17,64.86,65.67,2106309,55.9,,Z2G,MARKUP,0.06563052040950049,0.06572541382667962,0.22678871660750977,-0.19085756530310494,0.5975578072226553,0.05269868898915564,0.0683341012227674,0.11601165366107336,1.0,0.0,0.3072578958376908,1.1428094379090787,True,Industrials,2.5535959191072823
AGEN,2026-09-25,8.57,8.68,8.4,8.54,672397,62.5,,Z5,MARKUP,0.06098333020973672,0.0878980891719745,0.0934699103713188,-0.0350282485875707,0.946086956521739,0.08943587926895535,0.20588894091964782,0.6479553439647989,1.0,0.0,0.14114114114114096,0.9286826862317847,True,Healthcare,2.568074159131703
HQ,2026-09-23,16.4,16.47,14.81,14.87,218413,48.7,,Z4,MARKUP,0.14346889408083036,0.09660766961651901,-0.2327141382868937,-0.5337096268422703,0.22495446265938066,-0.007919729445617696,-0.055647449259123016,,0.0,0.0,0.27391742195367574,1.027675021931662,True,,2.600687066416708
JILL,2026-09-28,24.67,25.0,24.16,24.22,211701,69.1,,Z3,MARKUP,0.043201890125972545,0.01127348643006254,0.22323232323232323,-0.031200000000000006,0.921608040201005,0.05877234498987538,0.17503446694445657,0.42262740018121114,1.0,0.0,0.2363439697133587,0.8446823621320265,True,Consumer Discretionary,2.615519976869631
BE,2026-09-30,296.06,300.46,276.9,276.98,15227141,55.5,,Z3,MARKUP,0.07752477857942787,0.0065045968240124985,0.2965407480222817,-0.08390937655035557,0.8250586126051579,0.04783950824052896,0.10988651390926951,0.3426851704245495,1.0,0.0,0.2724050632911392,1.0088961024500975,True,Industrials,2.615929656419143
SCTX,2026-09-29,21.53,23.75,21.29,23.03,671398,38.9,T2,,MARKUP,0.1625140989085966,-0.17955112219451363,-0.24590700720366732,,,-0.141962429275324,,,0.0,0.0,-0.1916,1.2154089200529872,True,,2.623578200546293
VOGX,2026-09-23,26.42,27.9,26.0,26.86,53379,50.8,T3,,MARKUP,0.13026973422552876,-0.19556753519017678,-0.14811290834126234,,,-0.08838534042336077,,,0.0,0.0,0.2757158006362672,1.4348154041431582,True,,2.649170320868102
OBX,2026-09-29,13.28,15.38,12.8,14.58,378583,26.5,T2,,ACC-TR,0.17569627538437663,-0.14235294117647057,-0.16733295259851522,,,-0.12578007539719815,,,0.0,0.0,-0.21699935608499676,0.7777044044019321,True,,2.6527132672239486
SWKS,2026-09-30,87.73,89.71,84.43,85.48,6070328,55.8,,Z2G,MARKUP,0.052708870235317125,-0.06528157463094586,0.2680611185284083,-0.07887931034482754,0.8041733547351526,0.019226681183320604,0.11318415380569458,0.23272482517867443,1.0,0.0,0.3096013649759579,0.5772975067379478,True,Technology,2.669979144578879
ABCL,2026-09-25,12.74,12.93,12.29,12.7,3381029,65.1,,Z5,MARKUP,0.055717358114437364,0.005542359461599311,0.024193548387096753,-0.036418816388467445,0.9414634146341463,0.07685587099767588,0.24062179386690952,0.8821799242404598,1.0,0.0,0.14147286821705407,0.9792402359319688,True,Healthcare,2.6770745571065695
ODD,2026-09-29,17.79,18.18,17.08,17.9,934313,56.3,T9,,MKDN,0.07230056263930881,-0.04685835995740162,0.24305555555555536,-0.11210317460317465,0.7303102625298328,0.04287215950284118,0.12231447565754539,-0.2123077107631346,0.0,0.0,0.31485758275596587,0.42229699807920607,True,,2.6863748535297467
TITN,2026-09-30,23.51,23.68,22.99,23.08,188114,53.1,,Z2,MARKUP,0.04939725324196179,-0.04706853839801817,0.12366114897760472,-0.14200743494423795,0.6302032913843174,-0.0002084449349474271,0.0636036217671696,0.16646341226343053,1.0,0.0,0.3874471937235968,0.5806301601169644,True,Consumer Discretionary,2.7307374330846135
TWLO,2026-09-25,286.68,298.45,273.52,275.8,4264953,62.5,,Z1,MARKUP,0.050040477568076426,0.13106955380577423,0.14278611088091497,-0.09499589827727639,0.7685851318944845,0.08882949116930039,0.18053591969248384,0.4885597427908486,1.0,0.0,0.13137772834700412,1.6598002033204882,True,Technology,2.7637092326368116
COHU,2026-09-21,59.91,61.44,58.08,60.62,1387180,61.5,T2G,,MARKUP,0.06194130514276621,0.21312787672603561,0.11495309913555274,-0.18739946380697048,0.6050847457627119,0.13673693069149317,0.14650264427694193,0.3787905875239541,1.0,0.0,0.11254911023804004,1.2799369611595492,True,Technology,2.8043705765661824
NTRA,2026-09-21,371.92,373.07,363.96,370.64,1981710,74.6,,Z5,MARKUP,0.031883261346859496,0.08440855496064814,0.11628467307171042,-0.006513522931353433,0.9805662188099807,0.0950724870872881,0.19147598603659088,0.4819316968201819,1.0,0.0,0.09863813229571994,1.7003781176545585,True,Healthcare,2.810098294742287
ALAB,2026-09-28,356.32,367.68,342.0,351.31,4079354,59.9,,Z2G,MARKUP,0.06627436014492172,0.031020719610260095,0.21363180985939811,-0.22584839136183343,0.5100626224962952,0.09894781173878187,0.12210061862276134,0.35998382513259486,1.0,0.0,0.33137270487242665,0.9405988858413493,True,Technology,2.8151528405782518
INTC,2026-09-29,116.7,118.75,113.97,115.93,88479146,58.4,,Z2,MARKUP,0.05428035920388781,-0.06402389794929753,0.29516255167020455,-0.09031701192718133,0.7478641840087624,0.052063875739055465,0.1079070272811784,0.3772448059245279,1.0,0.0,0.33095877612986113,0.9309866761202448,True,Technology,2.8437986998688576
CVI,2026-09-29,49.95,51.92,49.92,50.57,1014068,64.4,T5,,MARKUP,0.0496407137297101,-0.029925187032418976,0.2080745341614907,-0.08371081717702478,0.8307692307692308,0.03398082762319743,0.1701862883415437,0.45262565830671275,1.0,0.0,0.33333333333333326,0.9087279721942497,True,Energy,2.8632358577847214
CAI,2026-09-30,31.4,32.04,30.6,30.63,2928866,64.3,,Z2G,MARKUP,0.0474855474594008,-0.03222748815165877,0.23607748184019361,-0.06871389480085133,0.8728908886389201,0.056008712762419366,0.2081849777581739,0.3547541264311085,1.0,0.0,0.31896551724137945,0.7498238483135776,True,Healthcare,2.893501539772691
SWMR,2026-09-23,22.71,23.4,22.53,22.74,491361,32.9,T9,,MKDN,0.15599962772354242,-0.09438470728793313,-0.41437033221735775,-0.5584466019417476,0.041333333333333284,-0.2360020621952218,-0.3458132991555414,,0.0,0.0,0.02372093023255828,0.9166948811940224,True,Technology,2.9015200182598053
IRD,2026-09-28,4.75,5.14,4.62,5.05,1161733,54.8,T4,,MARKUP,0.08869949062807538,-0.03256704980842906,0.3685636856368564,-0.2857142857142858,0.5247058823529411,0.023402033750138163,0.11594977443549115,0.3217966998109394,1.0,0.0,0.3105413105413106,0.3217267255988603,True,Healthcare,2.9922880734313217
SMTC,2026-09-30,181.69,183.18,175.29,178.35,2322678,59.5,,Z4,MARKUP,0.06288562798224391,0.0532687651331718,0.3483783170787025,-0.06446705832983635,0.859607036783185,0.07312207190036046,0.17076439411252764,0.4750281203423421,1.0,0.0,0.3022510614435632,0.7943807817800097,True,Technology,3.066809817242559
FWDI,2026-09-30,8.37,8.5,7.76,7.8,1982506,59.8,,Z6,MARKUP,0.0748617804705162,-0.032258064516129115,0.2560386473429952,-0.1095890410958904,0.8076152304609217,0.07262632840285588,0.2560379021608441,0.35840047222617755,1.0,0.0,0.3495652173913044,0.827396094739072,True,Financials,3.1205259563976426
TEM,2026-09-23,76.47,78.97,75.88,76.59,5375412,65.3,T5,,MARKUP,0.059817222649697,0.09461197656138354,0.11436054124836303,-0.06403519491628984,0.8723818801753532,0.11582331987695049,0.23504212207931374,0.3069307544579871,1.0,0.0,0.3247582557927384,1.2943342146393726,True,Technology,3.131838511684766
BYND,2026-09-30,8.25,8.37,8.07,8.26,873573,39.9,T9,,MARKUP,0.10241444408985349,-0.17647058823529405,-0.3365461847389558,-0.4660633484162896,0.5215660252156602,-0.16431038225476435,-0.00019753469363381626,1.0750948052871419,1.0,0.0,-0.17737003058103973,1.2387100672656022,True,Consumer Staples,3.1408081400468295
ILMN,2026-09-25,272.16,276.97,267.66,270.0,5031658,73.7,,Z9,MARKUP,0.042520740395221746,0.12678407478507636,0.18582282928543203,-0.028602266594711212,0.9197537094983346,0.15493163066583526,0.26283554658012065,0.6138654900796747,1.0,0.0,0.1727913604319784,0.8398713129266336,True,Technology,3.1471712695830396
AMD,2026-09-29,616.74,624.13,605.25,607.57,16467259,65.5,,Z2,MARKUP,0.0410630361928809,-0.02597111114673667,0.2907248470428281,-0.04918622848200305,0.8537935525887336,0.08373225636832715,0.1626733942006895,0.5118639493076669,1.0,0.0,0.35316685584563,0.8828533348375944,True,Technology,3.1798870046713272
QMCO,2026-09-22,26.05,26.49,24.65,25.65,1100680,63.8,,Z1,MARKUP,0.07019649285979493,0.10275150472914851,0.18970315398886828,-0.07733812949640295,0.8852721451440766,0.09069702079631159,0.2881182929708441,0.9686523752466467,1.0,0.0,0.1606690319310693,1.221193920340731,True,Technology,3.2066278096284977
CABO,2026-09-22,18.28,18.39,16.7,17.06,333560,32.4,,Z4,MKDN,0.15853736751334793,-0.08427267847557707,-0.25273762593079285,-0.7122132253711202,0.01193540837818858,-0.23337701088572105,-0.4360688745698499,-0.7438191232064888,0.0,0.0,-0.09463894967177244,1.1983703603372693,True,Communication Services,3.2597839652477134
PS,2026-09-29,58.85,59.0,52.93,53.56,333768,63.2,,Z1,MARKUP,0.07036610501813932,0.04242896068509139,0.24790307548928237,-0.1064397731064397,0.769591910436981,0.1378215679961441,0.272546172523648,,0.0,0.0,0.3507838745800673,0.49688656193209146,True,Financials,3.2948861344657234
TWST,2026-09-23,164.35,166.35,157.41,158.5,2133953,64.6,,Z2G,MARKUP,0.06219675673134832,0.10784930453624098,0.04675736362435612,-0.07125278331184814,0.8649938936382814,0.10329685320789728,0.25628404569473706,0.9156763917938429,1.0,0.0,0.2480239620600715,1.4774888049226642,True,Healthcare,3.3350427667100764
ALMS,2026-09-30,7.35,7.55,7.15,7.39,1402845,22.4,T2G,,ACC-TR,0.13121959449797685,-0.006720430107526987,-0.21964097148891248,-0.764274322169059,0.022838499184339296,-0.2636455480042226,-0.5282909421679111,-0.6083898157775074,0.0,1.0,-0.06566347469220235,0.49715609213446804,True,Healthcare,3.3517822212097856
P,2026-09-25,122.88,128.36,122.3,126.0,6302777,71.1,T2G,,MARKUP,0.05567664544170462,0.20990973689264458,0.2696493349455866,-0.04116886081728932,0.9176058483094731,0.18848596755750013,0.28894858908890475,,0.0,0.0,0.16465863453815266,0.954528734928817,True,Technology,3.3757389222054006
TXG,2026-09-23,80.37,81.93,74.75,75.62,3476542,64.6,,Z1,MARKUP,0.05880346679145273,0.040451293340671324,0.16841779975278137,-0.08538945331398162,0.851555929352397,0.08091753362658616,0.2593157121779699,1.0111743476216124,1.0,0.0,0.2925817049974062,1.1682683028189194,True,Technology,3.380456859008799
OKTA,2026-09-25,204.0,205.0,195.04,195.19,3992089,62.1,,Z1G,MARKUP,0.0507967838044057,0.07029664966825688,0.12885316060378238,-0.0814588235294118,0.796113074204947,0.07371700330754027,0.20206180049382017,0.5898952341769723,1.0,0.0,0.4149686520376177,1.1304903562262734,True,Technology,3.4229357126770013
FEIM,2026-09-28,87.45,88.67,81.58,82.49,345111,57.0,,Z1,MARKUP,0.06343773414203673,-0.07314606741573038,0.36437313926563,-0.08099376114082002,0.8206709422792302,0.04562140187306474,0.13243487902987616,0.38576080393779844,1.0,0.0,0.4317304317304318,0.9640959634964498,True,Technology,3.4615606457976713
ASST,2026-09-30,30.44,30.54,28.96,29.41,4527066,68.2,,Z11,MARKUP,0.061865229712284364,0.014487754398068375,0.2254166666666666,-0.07949921752738653,0.8789899952358267,0.07446805471449691,0.2978608730989709,0.1493687988007668,0.0,0.0,0.41249380267724334,0.6049597946966832,True,Financials,3.4678190068209616
MXL,2026-09-23,86.57,87.4,81.56,84.32,2091715,61.3,,Z9,MARKUP,0.07218036650897172,0.21306286865199242,0.2706449668474984,-0.34279033515198765,0.3922896227718667,0.14565096070695827,0.1564868525438492,0.48186738791959116,1.0,0.0,0.29429644198104765,1.321289957071516,True,Technology,3.5156189533841857
REAX,2026-09-30,16.84,16.91,16.25,16.36,511747,53.1,,Z3,MARKUP,0.09840552636346112,0.0812954395241241,-0.09463198671831774,-0.4329289428076257,0.5421554252199413,-0.0008208060564779407,0.2987223421016234,1.585373307867366,1.0,1.0,-0.0461538461538461,0.9067793880063084,True,,3.5302327057136806
NUAI,2026-09-30,6.86,7.01,6.63,6.72,7830529,57.9,,Z2,MARKUP,0.09185955068101269,-0.0386266094420602,0.3855670103092783,-0.1536523929471033,0.7102137767220901,0.06364791467798359,0.16677386246866943,0.40957578442171205,1.0,0.0,0.4229074889867841,0.9673572635771918,True,Energy,3.533015109452882
EAF,2026-09-30,8.5,8.9,8.25,8.27,469070,49.3,,Z2G,MKDN,0.11505702506138644,-0.2720070422535211,0.16315049226441625,-0.3044575273338941,0.4668630338733431,-0.04289675566994988,0.04125958848274358,-0.06514084747739013,0.0,0.0,0.44483362521891423,0.9664418191749596,True,Industrials,3.5883646430673863
SDOT,2026-09-22,11.35,12.0,11.28,11.78,72640,45.1,T2G,,DIST-TR,0.18747592725888232,0.007698887938408783,-0.49136442141623493,-0.8888679245283019,0.03660531697341513,-0.0723998776786392,-0.15024974281413128,0.10354777614227051,1.0,0.0,0.3390243902439025,0.4172917422849932,True,Consumer Discretionary,3.831012951285948
IOVA,2026-09-23,10.69,10.85,10.12,10.19,15916029,69.0,,Z3,MARKUP,0.05717373357028378,0.03242147922998995,0.20734597156398116,-0.07194899817850642,0.8905817174515235,0.11824932097550844,0.3398727065522926,1.0668818150321684,1.0,0.0,0.3671766342141862,1.3783068374922574,True,Healthcare,3.994715264154143
SION,2026-09-30,5.19,5.34,5.02,5.26,1157751,28.4,T1G,,SPRING,0.18254958750781672,-0.04537205081669693,-0.18575851393188858,-0.9043114426050574,0.024529042386185244,-0.2512512217331838,-0.645123875404689,-0.8145430816611364,0.0,0.0,-0.0563909774436091,0.7195577253444412,True,Healthcare,4.032534305509803
VEEE,2026-09-30,13.08,13.22,12.13,12.13,84715,51.3,,Z1G,MKDN,0.16129974627760377,-0.05086071987480423,0.2904255319148936,-0.7814020544242206,0.15428125609518237,0.014187101014040637,0.04195721342895786,-0.5031355910211384,0.0,0.0,0.4400479616306954,0.04976210921230208,True,Industrials,4.063784788325099
PRTH,2026-09-29,7.77,7.8,7.76,7.79,1629729,78.7,T4,,MARKUP,0.03262486195957712,-0.0012820512820512775,0.46704331450094183,-0.0063775510204081565,0.9817518248175183,0.15045371207013503,0.22898876395557322,0.2569557714952313,1.0,0.0,0.49518304431599214,0.9344381022501753,True,Industrials,4.304699621531084
XPON,2026-09-22,4.85,5.49,4.6,5.3,358672,52.7,T2,,MARKUP,0.15721770862112683,0.06854838709677424,-0.14516129032258074,-0.5504664970313825,0.43516100957354226,0.027892070946263114,0.2392233899138989,1.3999624522620082,1.0,0.0,0.3411764705882352,0.03992458560015358,True,Industrials,4.366378807004403
SDGR,2026-09-25,29.6,29.74,27.69,28.85,1370001,69.5,,Z4,MARKUP,0.06080416512731937,-0.005858028945554761,0.4135227829495347,-0.08673630895853113,0.8386336866902239,0.15778668630252368,0.3626088263759859,0.6550579568140136,1.0,0.0,0.4863123993558778,1.095340752000152,True,Healthcare,4.437800194123885
ACVA,2026-09-29,10.43,10.45,10.43,10.44,22440379,77.3,T12,,DIST-TR,0.02695700534849493,-0.000956937799043045,0.4850640113798008,-0.005714285714285783,0.9846153846153844,0.09064521425659167,0.2266705158788025,0.3296357585816043,1.0,0.0,0.5772727272727274,0.7119820994740619,True,Industrials,4.636071018056175
MRNA,2026-09-30,186.55,196.83,184.58,192.57,20623184,68.3,T12,,MARKUP,0.07032864162343849,0.05743781231124023,0.24826602709535228,-0.07817137386309247,0.8954813108038914,0.14904907611407148,0.4522723190114697,1.4732612294116478,1.0,0.0,0.38357109986194193,1.053891587112681,True,Healthcare,4.681331982428868
DBGI,2026-09-24,5.76,6.38,4.61,5.13,943836,44.3,,Z3,MKDN,0.2985659146325383,0.16063348416289602,-0.32321899736147763,-0.8341416100872939,0.1540983606557377,-0.10858654763164077,-0.23935909927345134,-0.1820808464506155,1.0,0.0,0.22611464968152872,0.43528531997020126,True,Consumer Discretionary,4.718631302132398
BEAG,2026-09-30,10.68,10.7,10.68,10.68,741500,42.0,,Z7,MARKUP,0.008424342900347543,-0.003731343283582156,-0.005586592178770999,-0.03870387038703871,0.1568627450980394,-0.006157202960759833,-0.004369926553767112,0.004166356680531447,1.0,0.0,0.007547169811320753,3.832054914523427,True,,4.906573901043525
AOUT,2026-09-22,17.0,17.0,16.43,16.68,104949,75.3,,Z6,MARKUP,0.049262523162838454,0.09019607843137245,0.47872340425531923,-0.018823529411764683,0.9559228650137741,0.15863559750345657,0.26994736353324944,0.5104457632203703,1.0,0.0,0.5677618069815193,0.3746613424805772,True,,4.919060562449589
CHPT,2026-09-28,8.78,9.2,8.65,8.74,1035955,54.7,,Z2G,MKDN,0.07852860177082667,-0.07120085015940492,0.5691202872531418,-0.1847014925373135,0.648936170212766,0.017508791235572252,0.1560101043690556,0.1833918121227558,1.0,0.0,0.6666666666666665,0.29893958839312645,True,Industrials,5.00172338518352
BIAF,2026-09-30,6.56,7.0,6.56,6.56,108252,48.9,,Z7,MARKUP,0.25522927248535776,-0.17380352644836283,-0.004552352048558417,-0.6776412776412777,0.31118881118881114,-0.10183453122514663,0.20239564883331118,0.9001892358422563,1.0,0.0,0.4385964912280702,0.03223247254938557,True,Industrials,5.097900883218672
DFNS,2026-09-24,7.85,7.93,7.51,7.87,212939,38.8,T5,,DIST-TR,0.329722235571847,-0.0012690355329948444,-0.3375420875420876,-0.9135164835164835,0.08608179419525067,-0.27889907941402103,-0.4260531615721804,,0.0,0.0,0.00805369127516764,0.5208871218412272,True,Industrials,5.1723796305583125
PSQL,2026-09-30,6.25,6.46,6.1,6.36,1294425,8.0,T9,,ACC-TR,0.34845270180734206,-0.14859437751004012,-0.5912596401028278,,,-0.28202371206113763,,,0.0,0.0,,0.8484802856149236,True,,5.345806066602755
XHLD,2026-09-21,9.81,10.54,9.65,10.46,2874528,63.0,T2,,MARKUP,0.13235256960137626,0.17264573991031407,0.3655352480417755,-0.3220998055735579,0.6612133605998638,0.15027248205816957,0.5603629447706138,1.661824791648543,1.0,0.0,0.4128595600676819,1.4093821242875133,True,Industrials,5.575106089383546
CLRO,2026-09-28,5.83,6.0,4.19,5.1,28252183,53.5,,Z11,MKDN,0.14012231667508818,0.1434977578475336,-0.04850746268656725,-0.6909090909090909,0.1337386018237082,0.11286430782430701,0.020895283107314366,0.01641117539539927,0.0,1.0,-0.1691542288557213,3.9612704539019497,True,Industrials,5.705029848791931
GRAL,2026-09-22,106.75,112.58,104.0,108.52,3260377,81.3,T2,,MARKUP,0.05990798393484696,0.42996442219001185,0.4170801775920605,-0.036063243915437915,0.9216518718641451,0.30686924515156,0.4123568140707645,0.573397873230362,1.0,0.0,0.08983972945155116,2.266809928429303,True,Healthcare,5.706961749201075
RDIB,2026-09-21,15.43,16.05,14.58,15.5,125241,55.4,T5,,MARKUP,0.15736026459054012,-0.1585233441910967,0.7222222222222223,-0.35416666666666663,0.46841776110068795,0.053860377928817815,0.22878788547248452,0.3808612763739754,1.0,0.0,0.6727898966704935,0.07965912165138762,True,,5.789541793526603
AEHL,2026-09-21,8.26,9.25,6.75,6.92,300822,51.4,,Z2G,MKDN,0.3398006296970418,0.14003294892915963,0.10191082802547768,-0.5878499106611078,0.40254237288135597,-0.013327712946786585,0.3698507492232397,0.3196688155208436,0.0,0.0,0.644295302013423,0.525753104378593,True,,6.451970287632467
VNCE,2026-09-30,9.94,10.33,9.61,10.07,234293,59.3,T5,,MARKUP,0.11227667351946596,-0.09360936093609351,0.5492307692307692,-0.22478829869130101,0.6386138613861386,0.10391585942937409,0.3003395921002563,0.8903085637745425,1.0,0.0,0.9572301425661913,0.6836156800161433,True,Consumer Discretionary,6.906401645187241
XRPN,2026-09-30,13.86,16.99,13.75,16.4,2732727,99.3,T2G,,MARKUP,0.05688743283577211,0.5515610217596971,0.5604186489058038,-0.03529411764705892,0.9089529590288313,0.4500897911971735,0.513566992270402,0.5631177325119265,1.0,0.0,0.006679389312977069,2.65023653937627,True,,7.3114494023584475
BNC,2026-09-28,5.9,5.96,5.55,5.63,1002796,60.2,,Z2G,MKDN,0.09103097134199535,-0.14307458143074592,0.8704318936877078,-0.1887608069164266,0.7188841201716738,0.10442417760484735,0.3816487012527956,0.15686819851626366,0.0,0.0,1.018181818181818,0.20480774339111948,True,,7.628205240787498
SRZN,2026-09-25,34.72,37.83,28.55,29.54,1929574,65.6,,Z4,MKDN,0.1076766920820602,0.784894259818731,0.2303206997084546,-0.21913825006608512,0.6177962194559705,0.3789324972640806,0.3422714580963002,0.33428644317510603,0.0,1.0,-0.017650639074862973,3.313563545989617,True,Healthcare,8.14639582830614
SECZ,2026-09-22,12.96,13.52,12.17,13.0,6307436,74.4,T10,,MKDN,0.08225328270956246,0.6311166875784191,1.047244094488189,,,0.4683801975227555,0.5492709179271673,,0.0,0.0,0.4261036468330135,2.6266112553218917,True,,8.601927413069548
INLF,2026-09-25,6.25,6.87,4.57,5.1,49375686,67.3,,Z5,MKDN,0.123440507854654,0.8959107806691449,0.25,-0.4853683148335015,0.5136501516683518,0.47001242847244296,0.39723047338402573,-0.09902333955626264,0.0,1.0,-0.007547169811320753,3.951354214552001,True,,9.58140748212615
USDE,2026-09-29,16.1,16.4,14.04,15.32,4182449,69.5,,Z2,MARKUP,0.11702462976823935,0.13146233382570172,0.7271702367531006,-0.12457142857142856,0.8651824366110079,0.41537049982138874,1.0271970612751558,,0.0,0.0,1.2961608775137115,0.9155385501733047,True,,10.23331490435718
APUS,2026-09-29,6.17,6.17,4.63,5.02,768442,59.3,,Z1G,MKDN,0.2431521336432929,1.7135135135135133,0.29381443298969057,-0.450765864332604,0.5169988276670573,0.39312820895081124,0.427144620856875,-0.37170729938942326,0.0,0.0,0.15231788079470188,3.9169913108583714,True,Healthcare,14.72465356479846
TJGC,2026-09-22,17.58,17.67,15.68,16.9,77547,85.4,,Z4,MARKUP,0.0873460431762563,0.5377616014558688,1.7704918032786883,-0.11887382690302406,0.8574999999999999,0.4861088943137355,1.035656704371907,,0.0,0.0,1.904109589041096,1.15911074188858,True,,15.305467425883807
GRML,2026-09-30,10.67,11.06,10.02,10.62,3962036,59.7,,Z11,MARKUP,0.2225605292307699,-0.05093833780160861,1.2838709677419353,-0.41680395387149927,0.5795013850415511,0.30217469817149967,1.0966612130233035,,0.0,0.0,2.404255319148936,0.729991919672756,True,,16.709027883960417
GLND,2026-09-30,4.58,5.45,4.5,5.13,21367430,73.9,T2,,MKDN,0.13720042529745421,0.7628865979381443,2.6906474820143886,-0.23318385650224216,0.7214285714285714,0.7020589882633119,1.0822868637232554,,0.0,0.0,1.9266055045871555,2.080994565825184,True,Energy,18.069933289685654
MSGY,2026-09-30,4.93,6.96,4.79,5.66,11925465,62.5,T2G,,MARKUP,0.24363346568107444,1.7881773399014782,2.10989010989011,-0.5043782837127846,0.48525469168900803,0.8552273026953654,1.5983602147112208,1.8989391716896553,1.0,0.0,0.11560693641618491,3.9810115776063664,True,,19.280038936929053
AEMD,2026-09-28,6.15,6.46,5.95,6.38,142103,74.0,T3,,MKDN,0.11846847361111862,0.009493670886075778,1.5622489959839356,-0.32842105263157895,0.6521739130434782,0.4400994447164239,1.0217509721583875,0.6278982245787594,0.0,0.0,3.2198581560283692,0.05860688466238345,True,,21.614327406556246
SVRN,2026-09-30,72.11,74.74,43.03,49.98,715279,69.5,,Z4,UTAD,0.15827566480427863,0.5354838709677421,4.403243243243243,-0.3312817768263313,0.6403253922138292,0.6239044986697371,1.5814666398633723,2.34643250358859,1.0,0.0,2.927250308261406,1.5018424119976856,True,,26.152422930312056
ARTL,2026-09-24,4.87,5.35,4.51,5.17,1053380,56.3,T10,,MKDN,0.28173934767802566,0.3022670025188916,6.281690140845071,-0.6713286713286714,0.3057199211045365,0.16449699193865608,0.5996941854532503,0.0328058549463035,0.0,0.0,6.4230769230769225,3.4010471354549883,True,Healthcare,46.224004435052706
TNMG,2026-09-24,4.36,5.04,4.17,5.01,1155390,78.0,T2,,MKDN,0.14445552838198977,0.8624535315985129,7.637931034482758,-0.29436619718309853,0.6921944035346097,0.739440849884752,1.7899365147973572,1.0394253434146492,0.0,0.0,8.297297297297296,3.6322187270464856,True,,59.54891791545549
JAGX,2026-09-24,7.03,7.72,6.02,7.06,2073449,52.9,T5,,MKDN,0.6533834400543332,1.567272727272727,6.67391304347826,-0.8300024078979051,0.16598112751028307,0.42189896747568945,1.201002578900101,-0.5906312934612004,0.0,0.0,11.399999999999999,3.0306014487400583,True,Healthcare,76.39577271759475
VRME,2026-09-30,8.13,9.24,7.7,8.98,101903,94.9,T4,,MARKUP,0.0914182272311345,6.808695652173914,13.03125,-0.04569606801275239,0.9512471655328798,2.9646963593741384,5.565346311530883,8.657622418000233,1.0,0.0,0.3728813559322035,0.4688451884064795,True,,76.92820970997532
NCT,2026-09-21,6.08,6.37,5.61,5.7,62061,60.5,,Z2G,MKDN,0.20519476409437606,10.4,0.383495145631068,-0.38841201716738194,0.6004415011037527,0.7890942452648373,0.7889578814729525,-0.4830341148797137,0.0,0.0,0.03846153846153855,0.6823371321155801,True,,77.85590991565071
WCT,2026-09-28,8.11,8.2,7.85,7.94,1096129,82.8,,Z5,MKDN,0.08462554458867515,0.02187902187902191,6.28440366972477,-0.05476190476190479,0.9426433915211971,0.2823719591456473,0.9545027064663434,0.7270305235656864,0.0,0.0,17.763157894736842,1.7357578405010696,True,,112.50421884998966
WHLR,2026-09-23,5.21,8.71,4.75,5.44,92825695,90.9,T1G,,MKDN,0.13677295845282178,13.31578947368421,13.702702702702704,-0.3754305396096441,0.6152941176470589,4.303988313555493,5.061496872373698,-0.8360066764775493,0.0,1.0,-0.34375,2.2401171840781324,True,,116.53304399439014
IPDN,2026-09-23,6.92,7.7,4.7,5.42,26215065,90.9,,Z5,MKDN,0.1192806610075008,0.7712418300653594,40.69230769230769,-0.2961038961038961,0.7,1.5044803823266841,3.367933211536413,3.7371790338141313,1.0,0.0,30.099999999999998,0.2743500629216337,True,Technology,236.85170455346784
DCX,2026-09-28,6.21,7.45,5.73,6.17,112828,91.6,,Z2G,MKDN,0.10201343620538438,50.41666666666667,7.337837837837839,-0.17181208053691277,0.827027027027027,5.632332251815482,5.53075344448021,1.3211563141363896,0.0,1.0,-0.5454545454545454,2.945992912350665,True,,378.6512184354152
